frame_index,face_detected,yaw,pitch,roll,left_eye_valid,right_eye_valid,left_eye_aspect_ratio,right_eye_aspect_ratio,left_pupil_rel_x,left_pupil_rel_y,right_pupil_rel_x,right_pupil_rel_y
0,1.0,0.0,0.0,0.0,1.0,1.0,0.1708446552,0.1445183498,0.5299144715,0.4599993862,0.5540069194,0.5301213093
1,1.0,0.0,0.0,0.0,1.0,1.0,0.1617982625,0.1430234739,0.5295110584,0.4791666667,0.5586207027,0.5421686747
2,1.0,0.0,0.0,0.0,1.0,1.0,0.1614744642,0.1383309282,0.5238095327,0.4736840895,0.5501730091,0.5125000683
3,1.0,0.0,0.0,0.0,1.0,1.0,0.166290873,0.1417890817,0.5297113565,0.4795922035,0.5536333524,0.524389851
4,1.0,0.0,0.0,0.0,1.0,1.0,0.1625802001,0.138811241,0.5291096638,0.4842108198,0.5555555981,0.5250008968
5,1.0,0.0,0.0,0.0,1.0,1.0,0.1545528672,0.1275511333,0.4639175896,0.4333325247,0.4860141167,0.4109610346
6,1.0,0.0,0.0,0.0,1.0,1.0,0.1513785027,0.1327928098,0.473321886,0.4318186887,0.4930071342,0.3815789096
7,1.0,0.0,0.0,0.0,1.0,1.0,0.1487061255,0.1324346528,0.4688581882,0.4767438021,0.4876325361,0.4266663172
8,1.0,0.0,0.0,0.0,1.0,1.0,0.1506007354,0.1310457619,0.4743150123,0.4659096522,0.496503292,0.4399981455
9,1.0,0.0,0.0,0.0,1.0,1.0,0.1538934221,0.1284491147,0.4740484736,0.4606735789,0.4964790557,0.4383550591
10,1.0,0.0,0.0,0.0,1.0,1.0,0.1516393862,0.1319684859,0.4775861566,0.3977262142,0.492957832,0.3733318377
11,1.0,0.0,0.0,0.0,1.0,1.0,0.1499164853,0.1262452306,0.4810345301,0.4942532499,0.4947370443,0.4583314311
12,1.0,0.0,0.0,0.0,1.0,1.0,0.1520521285,0.1345400007,0.4666666792,0.4494379524,0.486014205,0.4285722446
13,1.0,0.0,0.0,0.0,1.0,1.0,0.1560022077,0.1327927678,0.4768439649,0.4615399346,0.4965033501,0.4210509722
14,1.0,0.0,0.0,0.0,1.0,1.0,0.1517923783,0.1340715073,0.477815804,0.4382022197,0.4982579322,0.41558493
15,1.0,0.0,0.0,0.0,1.0,1.0,0.1513784366,0.1332589067,0.4733218253,0.4431813398,0.4912279294,0.3947371439
16,1.0,0.0,0.0,0.0,1.0,1.0,0.1545528072,0.1315056222,0.4725085907,0.4777783448,0.4912279222,0.4533342276
17,1.0,0.0,0.0,0.0,1.0,1.0,0.1588856564,0.1305890279,0.4803418753,0.494623706,0.4947736533,0.4666684009
18,1.0,0.0,0.0,0.0,1.0,1.0,0.1517924338,0.1327930438,0.4795221674,0.4606736308,0.4965033168,0.4210521756
19,1.0,0.0,0.0,0.0,1.0,1.0,0.1561094239,0.1336060365,0.4787775574,0.4891301235,0.4965281005,0.4935077525
20,1.0,0.0,0.0,0.0,1.0,1.0,0.1549389992,0.1340715932,0.4787052957,0.472527948,0.494773632,0.4545457128
21,1.0,0.0,0.0,0.0,1.0,1.0,0.1523119693,0.1350124519,0.4828767641,0.4719099462,0.4982456626,0.4285706148
22,1.0,0.0,0.0,0.0,1.0,1.0,0.1520519907,0.1350122969,0.476923106,0.4494393456,0.4982455121,0.4025961359
23,1.0,0.0,0.0,0.0,1.0,1.0,0.1540237022,0.1332588397,0.4777397678,0.4222228722,0.4947366599,0.3815779219
24,1.0,0.0,0.0,0.0,1.0,1.0,0.1537605252,0.1302090791,0.4752136554,0.4666674704,0.4894364543,0.432431085
25,1.0,0.0,0.0,0.0,1.0,1.0,0.1520517068,0.1319686633,0.4769231835,0.460675679,0.4894368152,0.4533322814
26,1.0,0.0,0.0,0.0,1.0,1.0,0.1488892089,0.1302093453,0.4708903739,0.4712640191,0.485915542,0.4189179951
27,1.0,0.0,0.0,0.0,1.0,1.0,0.1691361728,0.1358126776,0.4871795301,0.4848477524,0.5017424071,0.5000013945
28,1.0,0.0,0.0,0.0,1.0,1.0,0.1605942737,0.1310457162,0.4974358946,0.4893614041,0.5139860958,0.5066668617
29,1.0,0.0,0.0,0.0,1.0,1.0,0.165140107,0.1319685641,0.4836488848,0.5,0.5035211658,0.5199987265
30,1.0,0.0,0.0,0.0,1.0,1.0,0.1645736552,0.1315056546,0.4888506879,0.5,0.5122807031,0.5466664334
31,1.0,0.0,0.0,0.0,1.0,1.0,0.1645734061,0.1350123145,0.4888507469,0.5,0.5087719499,0.5194808497
32,1.0,0.0,0.0,0.0,1.0,1.0,0.1614745632,0.1354877897,0.4778912727,0.5052638613,0.5035209816,0.5194817009
33,1.0,0.0,0.0,0.0,1.0,1.0,0.1625807778,0.1372473478,0.4589041363,0.515788657,0.4823942587,0.5128207979
34,1.0,0.0,0.0,0.0,1.0,1.0,0.1688478504,0.1425261758,0.462457277,0.5050517279,0.4929580489,0.5308635997
35,1.0,0.0,0.0,0.0,1.0,1.0,0.172258723,0.146561477,0.4573378626,0.5247528986,0.4840989642,0.5301209521
36,1.0,0.0,0.0,0.0,1.0,1.0,0.1680021987,0.1359662874,0.4665523473,0.5408168201,0.4946995929,0.5584426851
37,1.0,0.0,0.0,0.0,1.0,1.0,0.1742619346,0.1420257815,0.4717948589,0.5392149134,0.5017544702,0.5679002409
38,1.0,0.0,0.0,0.0,1.0,1.0,0.1790807659,0.1432765303,0.4795221131,0.5523812488,0.5104895265,0.5853672147
39,1.0,0.0,0.0,0.0,1.0,1.0,0.1872888764,0.1520133311,0.4804088731,0.5454532907,0.510489317,0.5977018658
40,1.0,0.0,0.0,0.0,1.0,1.0,0.1906942925,0.1555074057,0.4838160621,0.5446429439,0.5139858544,0.5955041335
41,1.0,0.0,0.0,0.0,1.0,1.0,0.1917435557,0.1607495132,0.477079777,0.548671941,0.5104895421,0.5978252199
42,1.0,0.0,0.0,0.0,1.0,1.0,0.1992129991,0.168308723,0.4746622222,0.5423741043,0.513889073,0.5773201445
43,1.0,0.0,0.0,0.0,1.0,1.0,0.196168256,0.1665734261,0.4771573967,0.5344828893,0.5104168216,0.5937494992
44,1.0,0.0,0.0,0.0,1.0,1.0,0.1795605786,0.1542999236,0.4559322847,0.5377366599,0.4877193396,0.5454554418
45,1.0,0.0,0.0,0.0,1.0,1.0,0.1832591189,0.1577131251,0.4278437592,0.5370355887,0.4539009379,0.5617973427
46,1.0,0.0,0.0,0.0,1.0,1.0,0.183570752,0.1571561859,0.43877553,0.5370383787,0.4628975536,0.5617974235
47,1.0,0.0,0.0,0.0,1.0,1.0,0.1860215362,0.1578067078,0.4297799816,0.5545450232,0.4561401435,0.5777784222
48,1.0,0.0,0.0,0.0,1.0,1.0,0.1894033709,0.1624969369,0.4382402209,0.5267850025,0.4615386664,0.5483862659
49,1.0,0.0,0.0,0.0,1.0,1.0,0.1811068674,0.1607495148,0.4244965896,0.5462970267,0.4510489123,0.5652181139
50,1.0,0.0,0.0,0.0,1.0,1.0,0.1843301007,0.1618811293,0.426395921,0.5412835112,0.4507043326,0.5652180049
51,1.0,0.0,0.0,0.0,1.0,1.0,0.1884470115,0.1607491814,0.4292930526,0.5624986657,0.4580421878,0.5760866483
52,1.0,0.0,0.0,0.0,1.0,1.0,0.1809480292,0.1548430836,0.4247039048,0.5420571015,0.4471831269,0.5681810311
53,1.0,0.0,0.0,0.0,1.0,1.0,0.1821808676,0.1566026974,0.4293014725,0.5327101859,0.4542253441,0.5505621256
54,1.0,0.0,0.0,0.0,1.0,1.0,0.1818711205,0.1548427958,0.4268706668,0.5327097469,0.4507041659,0.5454538694
55,1.0,0.0,0.0,0.0,1.0,1.0,0.1798657738,0.1530834637,0.4295416312,0.5377355767,0.4471828995,0.5517235315
56,1.0,0.0,0.0,0.0,1.0,1.0,0.1719655625,0.144795268,0.4156728175,0.5445538189,0.4346289023,0.5243904049
57,1.0,0.0,0.0,0.0,1.0,1.0,0.1693970498,0.1453090064,0.4033897829,0.540000131,0.4255320795,0.512196161
58,1.0,0.0,0.0,0.0,1.0,1.0,0.1767718127,0.1483271838,0.4064626206,0.538461216,0.431095458,0.5119046383
59,1.0,0.0,0.0,0.0,1.0,1.0,0.1662908082,0.1422692426,0.4125636035,0.5204084369,0.4306052095,0.5249989734
60,1.0,0.0,0.0,0.0,1.0,1.0,0.1761729238,0.1483269152,0.4067796331,0.5384620188,0.4275617051,0.5238079286
61,1.0,0.0,0.0,0.0,1.0,1.0,0.1781687187,0.1523972708,0.4091679784,0.5428585043,0.4290779431,0.5465120691
62,1.0,0.0,0.0,0.0,1.0,1.0,0.168273341,0.145308947,0.4132652741,0.5353522485,0.4326240233,0.5243884005
63,1.0,0.0,0.0,0.0,1.0,1.0,0.1691363757,0.1488530232,0.4136752339,0.5353535132,0.4290780918,0.5238109976
64,1.0,0.0,0.0,0.0,1.0,1.0,0.1696843794,0.1430296268,0.4091680614,0.5400010466,0.4310955465,0.5061709785
65,1.0,0.0,0.0,0.0,1.0,1.0,0.1733722887,0.1495641512,0.4166666201,0.5392159178,0.4330987666,0.5294117647
66,1.0,0.0,0.0,0.0,1.0,1.0,0.1828038657,0.1589218074,0.4188034045,0.5514012438,0.434628913,0.5000012054
67,1.0,0.0,0.0,0.0,1.0,1.0,0.1859027134,0.1601219916,0.4180886675,0.5412838891,0.436619675,0.5054946901
68,1.0,0.0,0.0,0.0,1.0,1.0,0.1773755791,0.1630668709,0.4163822656,0.5480781927,0.4385965784,0.5161286542
69,1.0,0.0,0.0,0.0,1.0,1.0,0.1843794271,0.1642440247,0.4155172085,0.5607486106,0.4335663329,0.5319137155
70,1.0,0.0,0.0,0.0,1.0,1.0,0.186859782,0.1642440266,0.4288164247,0.5596324123,0.4510490719,0.5212768147
71,1.0,0.0,0.0,0.0,1.0,1.0,0.1744787927,0.1579874737,0.4338982865,0.5631082424,0.4604811113,0.5217385089
72,1.0,0.0,0.0,0.0,1.0,1.0,0.1806424507,0.1654365048,0.4374999824,0.5514020435,0.4607510198,0.5257730073
73,1.0,0.0,0.0,0.0,1.0,1.0,0.1860213103,0.1711372884,0.4280879306,0.5636356426,0.4520546769,0.5399996947
74,1.0,0.0,0.0,0.0,1.0,1.0,0.1867646903,0.1660146978,0.4309764074,0.558558811,0.4630874334,0.535353558
75,1.0,0.0,0.0,0.0,1.0,1.0,0.1881304284,0.1632087526,0.431932859,0.5624988884,0.4680136586,0.5257719962
76,1.0,0.0,0.0,0.0,1.0,1.0,0.1843300095,0.1643151933,0.4196277868,0.5412853017,0.4406779533,0.5051539777
77,1.0,0.0,0.0,0.0,1.0,1.0,0.192135663,0.1632421878,0.4283306064,0.5526319378,0.4633333074,0.5306130312
78,1.0,0.0,0.0,0.0,1.0,1.0,0.1894915979,0.1609841838,0.416107285,0.5486733145,0.4463086773,0.5104161845
79,1.0,0.0,0.0,0.0,1.0,1.0,0.1855151428,0.1537603709,0.3846154428,0.567566962,0.4247493118,0.5000012289
80,1.0,0.0,0.0,0.0,1.0,1.0,0.1918123136,0.1593072528,0.3838383083,0.5964920247,0.4261744346,0.5473694934
81,1.0,0.0,0.0,0.0,1.0,1.0,0.1971919611,0.1682563212,0.3861719628,0.5726498001,0.4276095171,0.5199992884
82,1.0,0.0,0.0,0.0,1.0,1.0,0.2086373772,0.1732365805,0.392255884,0.5887108398,0.4333333457,0.538461208
83,1.0,0.0,0.0,0.0,1.0,1.0,0.2099665784,0.172661346,0.3949580037,0.5840006739,0.4385381862,0.5384615385
84,1.0,0.0,0.0,0.0,1.0,1.0,0.2234049796,0.1824637434,0.4352941831,0.5939841633,0.4868420527,0.5945954551
85,1.0,0.0,0.0,0.0,1.0,1.0,0.2298543884,0.1959039257,0.4480409798,0.5925928335,0.4983389419,0.5677980604
86,1.0,0.0,0.0,0.0,1.0,1.0,0.2485833991,0.2189413226,0.4446336502,0.5958912084,0.4916388959,0.5725191094
87,1.0,0.0,0.0,0.0,1.0,1.0,0.2443455027,0.2134572547,0.4397283717,0.5972224544,0.4966886962,0.5736434635
88,1.0,0.0,0.0,0.0,1.0,1.0,0.2481722416,0.2174866323,0.4594593685,0.5850344135,0.5116280182,0.5725200653
89,1.0,0.0,0.0,0.0,1.0,1.0,0.2519743531,0.2224670603,0.4551608252,0.5906030936,0.5083055482,0.5671640564
90,1.0,0.0,0.0,0.0,1.0,1.0,0.2477534559,0.2184212066,0.4553119192,0.5986397524,0.5099337385,0.5681827694
91,1.0,0.0,0.0,0.0,1.0,1.0,0.2269916958,0.1959037544,0.4813558997,0.6194028613,0.5448504088,0.6271186121
92,1.0,0.0,0.0,0.0,1.0,1.0,0.2486090739,0.231778248,0.4991652553,0.6442949446,0.5690789437,0.6028366058
93,1.0,0.0,0.0,0.0,1.0,1.0,0.3056544319,0.2909769998,0.4870550622,0.6190476753,0.5696203157,0.5923910867
94,1.0,0.0,0.0,0.0,1.0,1.0,0.3203337186,0.3083722639,0.4919871533,0.6150004753,0.5727850165,0.5846146798
95,1.0,0.0,0.0,0.0,1.0,1.0,0.3203339729,0.3067907373,0.4871793584,0.6150002295,0.5759491564,0.5979379896
96,1.0,0.0,0.0,0.0,1.0,1.0,0.2876682262,0.2718353491,0.4835526969,0.6285713919,0.566775224,0.6167656849
97,1.0,0.0,0.0,0.0,1.0,1.0,0.237325634,0.212002873,0.4682273411,0.6197186591,0.5387205574,0.6587306854
98,1.0,0.0,0.0,0.0,1.0,1.0,0.1760675675,0.1340715444,0.4542315176,0.637254633,0.5226479217,0.6623361741
99,1.0,0.0,0.0,0.0,1.0,1.0,0.1745601322,0.1332590334,0.4469177835,0.6274507305,0.5228069736,0.6842115765
100,1.0,0.0,0.0,0.0,1.0,1.0,0.2397310603,0.2178714709,0.4476351048,0.6338031614,0.5363321812,0.6746021081
101,1.0,0.0,0.0,0.0,1.0,1.0,0.2948108667,0.2905354135,0.4732577072,0.6373620436,0.5714285714,0.611427636
102,1.0,0.0,0.0,0.0,1.0,1.0,0.3106153451,0.31211791,0.4589371408,0.6269430786,0.5581394943,0.6063820978
103,1.0,0.0,0.0,0.0,1.0,1.0,0.3284105521,0.3358783525,0.4565560032,0.6105769769,0.5606558469,0.6000004131
104,1.0,0.0,0.0,0.0,1.0,1.0,0.3209655089,0.322667781,0.4531000829,0.6188111351,0.552980222,0.6051276678
105,1.0,0.0,0.0,0.0,1.0,1.0,0.3207883335,0.33091902,0.4532257811,0.6130649564,0.5551837966,0.5959593075
106,1.0,0.0,0.0,0.0,1.0,1.0,0.31807776,0.3269987946,0.4539580514,0.6243656708,0.5570471445,0.6
107,1.0,0.0,0.0,0.0,1.0,1.0,0.3141101086,0.3226677403,0.4460316943,0.6212124349,0.5529802391,0.6
108,1.0,0.0,0.0,0.0,1.0,1.0,0.3065583021,0.3168165153,0.4475743975,0.6173464,0.5588237048,0.6030933173
109,1.0,0.0,0.0,0.0,1.0,1.0,0.3045916406,0.3121178618,0.4412698661,0.6354167431,0.5448505805,0.6117022587
110,1.0,0.0,0.0,0.0,1.0,1.0,0.3056931592,0.3131583928,0.4469096066,0.6113982174,0.5433334541,0.6117013696
111,1.0,0.0,0.0,0.0,1.0,1.0,0.3023789637,0.315260339,0.45382168,0.6263161628,0.5536912242,0.6223398051
112,1.0,0.0,0.0,0.0,1.0,1.0,0.2901603773,0.2937549274,0.4677419433,0.6388891998,0.5743243841,0.6379309946
113,1.0,0.0,0.0,0.0,1.0,1.0,0.2995123175,0.3085525374,0.4759616107,0.6256686,0.57718124,0.6250001378
114,1.0,0.0,0.0,0.0,1.0,1.0,0.2939535229,0.3025068758,0.4753577462,0.6270267435,0.5785951395,0.6243088967
115,1.0,0.0,0.0,0.0,1.0,1.0,0.2932970669,0.2984910635,0.4720892389,0.6250001363,0.5771810996,0.6292135718
116,1.0,0.0,0.0,0.0,1.0,1.0,0.2998324515,0.3054770289,0.4841269619,0.6190475174,0.5880397147,0.624999726
117,1.0,0.0,0.0,0.0,1.0,1.0,0.3082540829,0.3133564979,0.481717076,0.6134016467,0.584158608,0.6157895749
118,1.0,0.0,0.0,0.0,1.0,1.0,0.3114318118,0.3199532562,0.4833068231,0.6224492532,0.5775576282,0.6082467461
119,1.0,0.0,0.0,0.0,1.0,1.0,0.2987025834,0.3025068496,0.4798061397,0.6216220908,0.5852843426,0.6187844507
120,1.0,0.0,0.0,0.0,1.0,1.0,0.3022311206,0.3044656657,0.4752000946,0.6243389992,0.5827812511,0.6195647688
121,1.0,0.0,0.0,0.0,1.0,1.0,0.3118259954,0.3139694819,0.4815999298,0.620512943,0.5855264318,0.6020940633
122,1.0,0.0,0.0,0.0,1.0,1.0,0.3078849954,0.3086513212,0.4707740425,0.6205128636,0.5784312054,0.6137565106
123,1.0,0.0,0.0,0.0,1.0,1.0,0.316358697,0.3174122817,0.4771653314,0.6218903536,0.5863193405,0.5999997888
124,1.0,0.0,0.0,0.0,1.0,1.0,0.3080090733,0.3123258118,0.4805401147,0.6237109288,0.5855262938,0.6105266657
125,1.0,0.0,0.0,0.0,1.0,1.0,0.3128402475,0.3218542677,0.4777595133,0.6263158654,0.5796613059,0.610526511
126,1.0,0.0,0.0,0.0,1.0,1.0,0.2607240973,0.2578559655,0.3780717459,0.7826086368,0.447999994,0.6899222111
127,1.0,0.0,0.0,0.0,1.0,1.0,0.3424530868,0.3273367317,0.4152700004,0.6467392931,0.531007677,0.5976333228
128,1.0,0.0,0.0,0.0,1.0,1.0,0.3118558703,0.2852883937,0.4755639043,0.6566259648,0.5895524603,0.6405232194
129,1.0,0.0,0.0,0.0,1.0,1.0,0.2863365063,0.2803777917,0.4288320724,0.6687896942,0.5419846505,0.6054418824
130,1.0,0.0,0.0,0.0,1.0,1.0,0.2876622407,0.2891104553,0.4557195556,0.6730769456,0.5708810622,0.5894043348
131,1.0,0.0,0.0,0.0,1.0,1.0,0.2972794146,0.2979820363,0.4908759862,0.6564413804,0.603703725,0.6086958004
132,1.0,0.0,0.0,0.0,1.0,1.0,0.3003992131,0.2971315675,0.4971644596,0.6352202395,0.5945946133,0.5714284047
133,1.0,0.0,0.0,0.0,1.0,1.0,0.3120786199,0.299436138,0.5019763962,0.6265821582,0.5992065394,0.5562915085
134,1.0,0.0,0.0,0.0,1.0,1.0,0.3151394174,0.3281748822,0.4972973563,0.6228566117,0.5671641502,0.5852272783
135,1.0,0.0,0.0,0.0,1.0,1.0,0.2993252687,0.3068462625,0.4906937639,0.627118357,0.5719298211,0.6114284491
136,1.0,0.0,0.0,0.0,1.0,1.0,0.3093895912,0.3018116544,0.4829821289,0.6282722671,0.5841583595,0.622950339
137,1.0,0.0,0.0,0.0,1.0,1.0,0.3165728624,0.312325504,0.4875621991,0.612565168,0.5912160329,0.5945951852
138,1.0,0.0,0.0,0.0,1.0,1.0,0.3093115469,0.3055724791,0.4891847769,0.6182798405,0.5878378106,0.5966853686
139,1.0,0.0,0.0,0.0,1.0,1.0,0.3048298811,0.293754741,0.4899999691,0.6284152227,0.5912163363,0.61494284
140,1.0,0.0,0.0,0.0,1.0,1.0,0.3121236768,0.3034606485,0.4919094888,0.6113986513,0.5907590967,0.6032612607
141,1.0,0.0,0.0,0.0,1.0,1.0,0.3132580505,0.3021964282,0.469320098,0.5925929822,0.5675676492,0.5865920981
142,1.0,0.0,0.0,0.0,1.0,1.0,0.3113013665,0.2991641196,0.4622951064,0.5947366613,0.5585283164,0.5754186549
143,1.0,0.0,0.0,0.0,1.0,1.0,0.3144866021,0.3028611516,0.4645799291,0.5968587825,0.5521884745,0.5833334267
144,1.0,0.0,0.0,0.0,1.0,1.0,0.3081474835,0.2938559059,0.4665579756,0.5978838672,0.5581394266,0.581921179
145,1.0,0.0,0.0,0.0,1.0,1.0,0.3080248166,0.2958215275,0.4557376785,0.5904256907,0.5484950606,0.581921179
146,1.0,0.0,0.0,0.0,1.0,1.0,0.3111936051,0.3001681158,0.4546951553,0.5925926321,0.5436242133,0.5698327106
147,1.0,0.0,0.0,0.0,1.0,1.0,0.3018116149,0.2877181091,0.4603960292,0.5901635156,0.5454545455,0.5847952521
148,1.0,0.0,0.0,0.0,1.0,1.0,0.2954013489,0.2776227552,0.4696223151,0.5722229759,0.5555555178,0.5757573163
149,1.0,0.0,0.0,0.0,1.0,1.0,0.3045301177,0.2898382497,0.4570502661,0.590425152,0.5466667601,0.5804602004
150,1.0,0.0,0.0,0.0,1.0,1.0,0.2983652899,0.2833987573,0.4730832374,0.5846993877,0.5536914208,0.5739647148
151,1.0,0.0,0.0,0.0,1.0,1.0,0.2944346779,0.2750145593,0.4713584338,0.5888886022,0.5503355409,0.5914638425
152,1.0,0.0,0.0,0.0,1.0,1.0,0.2818098612,0.253236686,0.4606557782,0.5872097059,0.5405405682,0.6066663879
153,1.0,0.0,0.0,0.0,1.0,1.0,0.2431975878,0.2097803576,0.4766665761,0.595890467,0.5494882793,0.6341462231
154,1.0,0.0,0.0,0.0,1.0,1.0,0.2077204708,0.1741187461,0.4821124203,0.6065578371,0.5470384314,0.6400008056
155,1.0,0.0,0.0,0.0,1.0,1.0,0.2151340842,0.181559465,0.4864406081,0.5984255866,0.5536333248,0.6380958635
156,1.0,0.0,0.0,0.0,1.0,1.0,0.2566134501,0.2220981199,0.484797252,0.6249995012,0.5659721577,0.6640632157
157,1.0,0.0,0.0,0.0,1.0,1.0,0.2886899708,0.2670922723,0.4831080687,0.614035108,0.5689656816,0.6258063858
158,1.0,0.0,0.0,0.0,1.0,1.0,0.3048299639,0.2855548395,0.4700000382,0.617486321,0.5612244034,0.6071429418
159,1.0,0.0,0.0,0.0,1.0,1.0,0.3062538564,0.285075632,0.4695221933,0.6129035381,0.5637583037,0.5999995292
160,1.0,0.0,0.0,0.0,1.0,1.0,0.3124278611,0.3001680511,0.4664484452,0.6125660264,0.5637583893,0.6033520543
161,1.0,0.0,0.0,0.0,1.0,1.0,0.3091565002,0.2915036075,0.4729951568,0.6137563547,0.566666555,0.6000002299
162,1.0,0.0,0.0,0.0,1.0,1.0,0.3129402019,0.2948352264,0.4704917919,0.6073297313,0.5700000983,0.6045196116
163,1.0,0.0,0.0,0.0,1.0,1.0,0.3130388191,0.2998324751,0.4681891824,0.6145831704,0.5699998399,0.5944447597
164,1.0,0.0,0.0,0.0,1.0,1.0,0.3086511656,0.2961310947,0.4705882891,0.6190473624,0.5757574511,0.6022724379
165,1.0,0.0,0.0,0.0,1.0,1.0,0.3134540695,0.2961309316,0.4729063418,0.6125655558,0.5690235118,0.6079542388
166,1.0,0.0,0.0,0.0,1.0,1.0,0.3133562006,0.302552201,0.4752474908,0.6052634108,0.571428867,0.6011242871
167,1.0,0.0,0.0,0.0,1.0,1.0,0.312528979,0.2924791736,0.4690553344,0.6145836039,0.5719064504,0.6057140577
168,1.0,0.0,0.0,0.0,1.0,1.0,0.3175647611,0.3048298395,0.4677418934,0.6091368474,0.570000027,0.6010932646
169,1.0,0.0,0.0,0.0,1.0,1.0,0.3179301849,0.2994961994,0.4714519126,0.6102556278,0.5690235369,0.5955049153
170,1.0,0.0,0.0,0.0,1.0,1.0,0.3107921092,0.2981389397,0.4811784483,0.6105265509,0.5728815752,0.6022722707
171,1.0,0.0,0.0,0.0,1.0,1.0,0.2990066365,0.283855313,0.4826446288,0.6132599643,0.5680273171,0.6047902816
172,1.0,0.0,0.0,0.0,1.0,1.0,0.2929960126,0.2836254583,0.4967426572,0.6111113582,0.5810810719,0.619047846
173,1.0,0.0,0.0,0.0,1.0,1.0,0.2944343988,0.2892223015,0.4975449254,0.6111112961,0.5753423861,0.6153847063
174,1.0,0.0,0.0,0.0,1.0,1.0,0.3006452236,0.2981387978,0.4910568808,0.5999995686,0.5728813433,0.6079546807
175,1.0,0.0,0.0,0.0,1.0,1.0,0.2908343269,0.291083401,0.4790997201,0.6132591583,0.569023569,0.6184970766
176,1.0,0.0,0.0,0.0,1.0,1.0,0.2947073625,0.2994960406,0.4807691169,0.5978261229,0.558922482,0.6067410103
177,1.0,0.0,0.0,0.0,1.0,1.0,0.2798437317,0.2870018442,0.491199982,0.5942857207,0.5709458959,0.6117646924
178,1.0,0.0,0.0,0.0,1.0,1.0,0.2841864129,0.2879751815,0.4968051089,0.6011234897,0.5830510037,0.629411055
179,1.0,0.0,0.0,0.0,1.0,1.0,0.2809414994,0.2889541978,0.5008076932,0.6091959889,0.5850339406,0.6235298624
180,1.0,0.0,0.0,0.0,1.0,1.0,0.2809414653,0.2916458603,0.495961193,0.6091950953,0.5802046276,0.6198826401
181,1.0,0.0,0.0,0.0,1.0,1.0,0.2806876411,0.2998328042,0.501623441,0.6069360989,0.5827585125,0.6206898512
182,1.0,0.0,0.0,0.0,1.0,1.0,0.2830134241,0.2998325519,0.493527531,0.6114283162,0.5827586838,0.6321836036
183,1.0,0.0,0.0,0.0,1.0,1.0,0.2853221404,0.3012256391,0.4991843235,0.6057144485,0.5783972476,0.6242781564
184,1.0,0.0,0.0,0.0,1.0,1.0,0.2727233473,0.2935421978,0.4918300775,0.6047900654,0.5734264915,0.6369052024
185,1.0,0.0,0.0,0.0,1.0,1.0,0.285086679,0.3022787856,0.5016393817,0.5977009418,0.5839161259,0.6184978711
186,1.0,0.0,0.0,0.0,1.0,1.0,0.2865067166,0.3112144991,0.5016666463,0.6046518594,0.5800712722,0.6171430318
187,1.0,0.0,0.0,0.0,1.0,1.0,0.2789140897,0.2994779473,0.5232558349,0.6130945684,0.5992905079,0.6390536198
188,1.0,0.0,0.0,0.0,1.0,1.0,0.2803108407,0.3030223773,0.5208681626,0.6249994056,0.6063831067,0.6374266069
189,1.0,0.0,0.0,0.0,1.0,1.0,0.2772538398,0.3047942717,0.5265780292,0.6227543731,0.6063829714,0.6395343346
190,1.0,0.0,0.0,0.0,1.0,1.0,0.2884294477,0.3112141784,0.5201342049,0.6220927634,0.6049822875,0.6285714286
191,1.0,0.0,0.0,0.0,1.0,1.0,0.2819795013,0.3030218704,0.5208680619,0.6213014563,0.5957446809,0.625731354
192,1.0,0.0,0.0,0.0,1.0,1.0,0.2784515184,0.3030224083,0.5174129596,0.619047007,0.5992906334,0.6374272966
193,1.0,0.0,0.0,0.0,1.0,1.0,0.2839324608,0.3025992325,0.5227272307,0.6114282865,0.6055362325,0.6285716228
194,1.0,0.0,0.0,0.0,1.0,1.0,0.2832558739,0.3039539715,0.5040257825,0.6136355904,0.5979381761,0.6384179644
195,1.0,0.0,0.0,0.0,1.0,1.0,0.2846411595,0.3091059269,0.459200034,0.6179767324,0.5498282413,0.6222225186
196,1.0,0.0,0.0,0.0,1.0,1.0,0.2873792747,0.315974676,0.4536740959,0.6222224666,0.5429554281,0.6250002689
197,1.0,0.0,0.0,0.0,1.0,1.0,0.2876206086,0.3140605953,0.4614148368,0.6256984554,0.5520833442,0.6243095391
198,1.0,0.0,0.0,0.0,1.0,1.0,0.2837126146,0.3101717329,0.4596774793,0.6136363636,0.5586206519,0.6277777778
199,1.0,0.0,0.0,0.0,1.0,1.0,0.2850973966,0.309758601,0.4567307719,0.6235954867,0.5513697495,0.6408839901
200,1.0,0.0,0.0,0.0,1.0,1.0,0.2855549026,0.3080470586,0.454253727,0.6235962706,0.5513697529,0.6333331463
201,1.0,0.0,0.0,0.0,1.0,1.0,0.2917726792,0.320026724,0.4596775024,0.6132598621,0.5547947203,0.6203210936
202,1.0,0.0,0.0,0.0,1.0,1.0,0.2917030819,0.3167725069,0.4513557611,0.6229514553,0.5491526103,0.631015885
203,1.0,0.0,0.0,0.0,1.0,1.0,0.2955423867,0.3152603143,0.4689984236,0.6182803203,0.5671142061,0.6170209122
204,1.0,0.0,0.0,0.0,1.0,1.0,0.2890147288,0.293754833,0.5088853388,0.6201117812,0.6081081622,0.6436786047
205,1.0,0.0,0.0,0.0,1.0,1.0,0.288331688,0.2964446001,0.4943274036,0.6235951731,0.5966099127,0.6285714935
206,1.0,0.0,0.0,0.0,1.0,1.0,0.2913681029,0.2991525788,0.5097719781,0.6145245496,0.608843718,0.6306821844
207,1.0,0.0,0.0,0.0,1.0,1.0,0.2993420529,0.3046246866,0.5090016176,0.6174867519,0.6095890528,0.623595455
208,1.0,0.0,0.0,0.0,1.0,1.0,0.2975310855,0.2977787902,0.518092136,0.6187843669,0.6095887574,0.6206899697
209,1.0,0.0,0.0,0.0,1.0,1.0,0.3019657869,0.3063354614,0.5221674033,0.6195646598,0.6164384833,0.6256986938
210,1.0,0.0,0.0,0.0,1.0,1.0,0.2903221528,0.2925193369,0.5208680994,0.6206899292,0.6132406302,0.6369046569
211,1.0,0.0,0.0,0.0,1.0,1.0,0.2917112168,0.2991410159,0.5140962451,0.6136369504,0.6124565512,0.6300575328
212,1.0,0.0,0.0,0.0,1.0,1.0,0.2970428083,0.302913301,0.5041051289,0.6187846528,0.5993150826,0.6327682848
213,1.0,0.0,0.0,0.0,1.0,1.0,0.2954018026,0.3005194122,0.5073891496,0.6166667961,0.6082475676,0.6342853296
214,1.0,0.0,0.0,0.0,1.0,1.0,0.3011347743,0.3069958185,0.5065146585,0.6162158826,0.6040955964,0.62777844
215,1.0,0.0,0.0,0.0,1.0,1.0,0.2986841285,0.3001734769,0.5073892524,0.6208791813,0.6109212243,0.6306816501
216,1.0,0.0,0.0,0.0,1.0,1.0,0.3004855984,0.3059516919,0.5081698633,0.6195657563,0.6054422365,0.6277779124
217,1.0,0.0,0.0,0.0,1.0,1.0,0.302462938,0.305290312,0.5131578734,0.6141306851,0.6109214833,0.6201116949
218,1.0,0.0,0.0,0.0,1.0,1.0,0.2970427211,0.2950571249,0.5188834726,0.6132598237,0.6143346533,0.6300577287
219,1.0,0.0,0.0,0.0,1.0,1.0,0.2993418933,0.3097587851,0.5040915627,0.6120214728,0.6061642475,0.6298338968
220,1.0,0.0,0.0,0.0,1.0,1.0,0.296608384,0.305951522,0.4354839252,0.6032607493,0.5340136384,0.6000002261
221,1.0,0.0,0.0,0.0,1.0,1.0,0.2979104067,0.3025517979,0.3766025258,0.6075275769,0.4659864151,0.584269974
222,1.0,0.0,0.0,0.0,1.0,1.0,0.2837125056,0.2877700643,0.3629031762,0.6022720105,0.4551724562,0.5928142575
223,1.0,0.0,0.0,0.0,1.0,1.0,0.2821005838,0.2949739464,0.3596774156,0.5942862228,0.4513889466,0.5882351559
224,1.0,0.0,0.0,0.0,1.0,1.0,0.2887634023,0.2953677335,0.3563403082,0.5999995565,0.4501718637,0.5872087492
225,1.0,0.0,0.0,0.0,1.0,1.0,0.286247964,0.2956826773,0.3608413679,0.6045197996,0.4567473556,0.5964912075
226,1.0,0.0,0.0,0.0,1.0,1.0,0.2869366603,0.2956826311,0.3645161509,0.6067409961,0.4567472979,0.5906435943
227,1.0,0.0,0.0,0.0,1.0,1.0,0.2853248576,0.297084994,0.3500000162,0.6045195115,0.4432989655,0.595375059
228,1.0,0.0,0.0,0.0,1.0,1.0,0.2940480635,0.3046245189,0.3472668719,0.6229514505,0.4452054582,0.6011229477
229,1.0,0.0,0.0,0.0,1.0,1.0,0.3036277695,0.3163216549,0.3401898467,0.6197916284,0.441077538,0.5957445442
230,1.0,0.0,0.0,0.0,1.0,1.0,0.2931280744,0.3071375559,0.3416536432,0.6170211405,0.4485051348,0.5945944482
231,1.0,0.0,0.0,0.0,1.0,1.0,0.3133975752,0.321012869,0.346333926,0.6218907437,0.4569537881,0.5876284231
232,1.0,0.0,0.0,0.0,1.0,1.0,0.3064435843,0.3193580206,0.3431907299,0.624365451,0.4503311413,0.585492771
233,1.0,0.0,0.0,0.0,1.0,1.0,0.3044142655,0.3189010643,0.3473193609,0.6122448347,0.4539474933,0.5773194046
234,1.0,0.0,0.0,0.0,1.0,1.0,0.3063060106,0.3187588779,0.3538704591,0.6134015468,0.461794107,0.5677088538
235,1.0,0.0,0.0,0.0,1.0,1.0,0.3173582285,0.3238322727,0.3570299604,0.6169150979,0.4736844028,0.5736044409
236,1.0,0.0,0.0,0.0,1.0,1.0,0.2986282037,0.3028107737,0.3574297079,0.6236556711,0.4602650256,0.5792348233
237,1.0,0.0,0.0,0.0,1.0,1.0,0.3107922847,0.3142057203,0.3518821917,0.6105265059,0.4615386691,0.5638294903
238,1.0,0.0,0.0,0.0,1.0,1.0,0.3090219575,0.3123255999,0.360455609,0.6210527554,0.4671053906,0.5631575176
239,1.0,0.0,0.0,0.0,1.0,1.0,0.3094096055,0.3084087005,0.3611793628,0.6137562586,0.4719470793,0.5614969748
240,1.0,0.0,0.0,0.0,1.0,1.0,0.3106819998,0.3100578093,0.3536184392,0.60846562,0.4587458937,0.5691493631
241,1.0,0.0,0.0,0.0,1.0,1.0,0.3181159647,0.3168165115,0.356849909,0.6030925122,0.4673203096,0.5567017927
242,1.0,0.0,0.0,0.0,1.0,1.0,0.3187100082,0.3206679236,0.3622240649,0.6102560094,0.4723125493,0.5685283779
243,1.0,0.0,0.0,0.0,1.0,1.0,0.3191630766,0.3092733085,0.3629629604,0.6134024514,0.4723128481,0.5631577517
244,1.0,0.0,0.0,0.0,1.0,1.0,0.31699637,0.31252895,0.3656531843,0.6113994944,0.4723128198,0.5729160614
245,1.0,0.0,0.0,0.0,1.0,1.0,0.3167362407,0.3040371817,0.3678160594,0.6113988843,0.4757279633,0.5744675492
246,1.0,0.0,0.0,0.0,1.0,1.0,0.3156995693,0.3052957893,0.3600654587,0.6113986335,0.4694536222,0.5684219649
247,1.0,0.0,0.0,0.0,1.0,1.0,0.3153539918,0.3098918038,0.3623665187,0.6145827493,0.4740260664,0.5706805299
248,1.0,0.0,0.0,0.0,1.0,1.0,0.3143209814,0.3092736025,0.3660933756,0.6093752722,0.4723129414,0.568421227
249,1.0,0.0,0.0,0.0,1.0,1.0,0.3175182503,0.3119175637,0.3744856829,0.6010362,0.4803920677,0.5654452824
250,1.0,0.0,0.0,0.0,1.0,1.0,0.3149263664,0.3072714797,0.368163326,0.6113987259,0.4692556902,0.5578946496
251,1.0,0.0,0.0,0.0,1.0,1.0,0.3153577725,0.3020822411,0.3543688719,0.6102564671,0.4598070303,0.5638301988
252,1.0,0.0,0.0,0.0,1.0,1.0,0.3230194083,0.3119275031,0.3583999881,0.5990102315,0.4681528863,0.5510205734
253,1.0,0.0,0.0,0.0,1.0,1.0,0.3213639295,0.315528859,0.3617363464,0.5950001812,0.471153855,0.5532995956
254,1.0,0.0,0.0,0.0,1.0,1.0,0.3083898835,0.2924412683,0.397415136,0.5968589568,0.504823023,0.5714282574
255,1.0,0.0,0.0,0.0,1.0,1.0,0.2999136073,0.2821004307,0.3933494943,0.6108110745,0.5000001617,0.5771427523
256,1.0,0.0,0.0,0.0,1.0,1.0,0.2941445133,0.2797789825,0.3869918506,0.6077352961,0.498381984,0.5722545764
257,1.0,0.0,0.0,0.0,1.0,1.0,0.2973950136,0.2813962926,0.3821139192,0.6120216072,0.4886730451,0.5804599056
258,1.0,0.0,0.0,0.0,1.0,1.0,0.3014447493,0.290834472,0.3983871247,0.6042785053,0.5080384489,0.5745854921
259,1.0,0.0,0.0,0.0,1.0,1.0,0.2979107477,0.2866988244,0.3878205051,0.6129032953,0.4967947679,0.5865914217
260,1.0,0.0,0.0,0.0,1.0,1.0,0.2929958892,0.2881128162,0.3925082215,0.6111108641,0.5016285977,0.5819205975
261,1.0,0.0,0.0,0.0,1.0,1.0,0.2957698182,0.2871773216,0.3934958411,0.6098899617,0.5,0.5819207097
262,1.0,0.0,0.0,0.0,1.0,1.0,0.2825045421,0.2772537454,0.3278553196,0.616278445,0.4285713819,0.5808378087
263,1.0,0.0,0.0,0.0,1.0,1.0,0.2640967461,0.2515488905,0.2749793739,0.6124997686,0.3682433108,0.5771816616
264,1.0,0.0,0.0,0.0,1.0,1.0,0.2477816317,0.2285412212,0.2595673801,0.6107377597,0.3447099628,0.5746272059
265,1.0,0.0,0.0,0.0,1.0,1.0,0.2494447019,0.232978109,0.2595674131,0.6199993568,0.3513514155,0.5869560151
266,1.0,0.0,0.0,0.0,1.0,1.0,0.251107688,0.2355587304,0.2529118135,0.6225168562,0.3501684276,0.5785712292
267,1.0,0.0,0.0,0.0,1.0,1.0,0.2661745937,0.2371555108,0.2491409426,0.6193553684,0.3457624983,0.5571435763
268,1.0,0.0,0.0,0.0,1.0,1.0,0.266999062,0.2176486087,0.2202166021,0.6351354687,0.3066204797,0.5600002461
269,1.0,0.0,0.0,0.0,1.0,1.0,0.2593250893,0.2027335121,0.204545424,0.6496343799,0.2918149058,0.6140350877
270,1.0,0.0,0.0,0.0,1.0,1.0,0.2913430257,0.2226829915,0.212355241,0.6423847634,0.3087716896,0.5826770431
271,1.0,0.0,0.0,0.0,1.0,1.0,0.2973706338,0.2351629749,0.2039408496,0.649007144,0.3114185428,0.5882347711
272,1.0,0.0,0.0,0.0,1.0,1.0,0.3190138317,0.2524189517,0.2080807669,0.6645570621,0.3174060617,0.6216216216
273,1.0,0.0,0.0,0.0,1.0,1.0,0.3345071535,0.2591771703,0.1795918475,0.6585360539,0.2949153557,0.6078432645
274,1.0,0.0,0.0,0.0,1.0,1.0,0.3546735139,0.2690805573,0.1917948473,0.6589592431,0.3043476411,0.5900619834
275,1.0,-0.7853981853,0.0,0.0,1.0,1.0,0.3660806717,0.272125146,0.1768991582,0.6420456093,0.2838284296,0.6060604226
276,1.0,-0.7853981853,0.0,0.0,1.0,1.0,0.3708619688,0.2746808816,0.1823898821,0.6553678022,0.2947019596,0.6084342683
277,1.0,-0.7853981853,0.0,0.0,1.0,1.0,0.3628547539,0.2675275818,0.1772822744,0.660818554,0.2828282729,0.6226411406
278,1.0,-0.7853981853,0.0,0.0,1.0,1.0,0.3727470445,0.2797071627,0.1766630292,0.6608185857,0.2798633623,0.6036588581
279,1.0,-0.7853981853,0.0,0.0,1.0,1.0,0.3967081449,0.2965752008,0.1721491901,0.6519340776,0.2761577796,0.6127166601
280,1.0,-0.7853981853,0.0,0.0,1.0,1.0,0.390990528,0.2970849583,0.1824176126,0.6460677786,0.281786793,0.6242781984
281,1.0,-0.7853981853,0.0,0.0,1.0,1.0,0.4113388895,0.3081900153,0.1657397086,0.6432431394,0.2648085001,0.6214687564
282,1.0,-0.7853981853,0.0,0.0,1.0,1.0,0.4011137077,0.3029669286,0.1761427652,0.6500001057,0.2787457035,0.6149425413
283,1.0,-0.7853981853,0.0,0.0,1.0,1.0,0.4069314592,0.2963863938,0.1912750678,0.6373620053,0.2862068827,0.6104650245
284,1.0,-0.7853981853,0.0,0.0,1.0,1.0,0.4113383966,0.3177712704,0.1835373003,0.6540544789,0.2888889761,0.6129034581
285,1.0,-0.7853981853,0.0,0.0,1.0,1.0,0.4158749685,0.3137184499,0.1845638389,0.6397846959,0.2864496034,0.6065576945
286,1.0,-0.7853981853,0.0,0.0,1.0,1.0,0.4162489517,0.3137182494,0.1837416736,0.6417110476,0.2864495326,0.6120218868
287,1.0,-0.7853981853,0.0,0.0,1.0,1.0,0.4127160222,0.3159745118,0.1841516768,0.6486484167,0.2852234309,0.6086955115
288,1.0,-0.7853981853,0.0,0.0,1.0,1.0,0.4202323501,0.3172288543,0.1802001654,0.6507941966,0.2832765718,0.6075276718
289,1.0,-0.7853981853,0.0,0.0,1.0,1.0,0.4245417878,0.3178495455,0.207964509,0.6406249374,0.3027209549,0.60962574
290,1.0,-0.7853981853,0.0,0.0,1.0,1.0,0.4190854364,0.3143004065,0.2667397346,0.6335080244,0.3743759391,0.6137566847
291,1.0,-0.7853981853,0.0,0.0,1.0,1.0,0.4410580912,0.3375599323,0.2869566135,0.6453203573,0.397351087,0.612745
292,1.0,-0.7853981853,0.0,0.0,1.0,1.0,0.4399661174,0.3511108126,0.2761904466,0.6490380587,0.3921569944,0.6046515229
293,1.0,-0.7853981853,0.0,0.0,1.0,1.0,0.4404675247,0.350936882,0.2864638417,0.6380957668,0.4012944852,0.5990783286
294,1.0,-0.7853981853,0.0,0.0,1.0,1.0,0.4304016626,0.3453487865,0.2898549788,0.6490379399,0.4108277946,0.6036862208
295,1.0,-0.7853981853,0.0,0.0,1.0,1.0,0.41455289,0.3363202308,0.3018481071,0.6386137791,0.425396887,0.6037734092
296,1.0,-0.7853981853,0.0,0.0,1.0,1.0,0.4092363167,0.3304605483,0.2860082842,0.6532665252,0.4161287984,0.6048781256
297,1.0,0.0,0.0,0.0,1.0,1.0,0.4082228385,0.3428507359,0.2736418688,0.6551721461,0.4110032929,0.6037738303
298,1.0,0.0,0.0,0.0,1.0,1.0,0.3977779926,0.3288486059,0.2780000725,0.6582909687,0.4129032153,0.5980390607
299,1.0,0.0,0.0,0.0,1.0,1.0,0.3897823106,0.3165434451,0.2659999872,0.6564102564,0.4051449386,0.6040609137
300,1.0,0.0,0.0,0.0,1.0,1.0,0.4021425312,0.3368726051,0.2800787979,0.6519613004,0.4121406915,0.6066345974
301,1.0,0.0,0.0,0.0,1.0,1.0,0.3878428506,0.3228718127,0.2756219424,0.6512824634,0.4220780831,0.5879395248
302,1.0,0.0,0.0,0.0,1.0,1.0,0.3888405297,0.322188363,0.2786220009,0.6614577798,0.4210527889,0.6071429308
303,1.0,0.0,0.0,0.0,1.0,1.0,0.4009615923,0.3363816023,0.2905137152,0.6403938814,0.4304206798,0.6009618919
304,1.0,0.0,0.0,0.0,1.0,1.0,0.3978075001,0.3304606065,0.2827587355,0.643564317,0.4354837087,0.5999996072
305,1.0,0.0,0.0,0.0,1.0,1.0,0.3879607699,0.3228716363,0.2866995114,0.6446702446,0.4253248453,0.5979906097
306,1.0,0.0,0.0,0.0,1.0,1.0,0.3923948271,0.3282957363,0.2827988659,0.6386141838,0.4239482232,0.596059349
307,1.0,0.0,0.0,0.0,1.0,1.0,0.3955116949,0.3347644182,0.276430592,0.6421566024,0.4174755227,0.6038651875
308,1.0,0.0,0.0,0.0,1.0,1.0,0.3920138158,0.3309840605,0.2776698972,0.6386138317,0.4253245043,0.6029412928
309,1.0,0.0,0.0,0.0,1.0,1.0,0.3974612159,0.3363816589,0.2722008174,0.640777234,0.4142393957,0.6009613866
310,1.0,0.0,0.0,0.0,1.0,1.0,0.3947698849,0.3390389217,0.2716763365,0.6536583731,0.4147911355,0.6113742533
311,1.0,0.0,0.0,0.0,1.0,1.0,0.3905420467,0.3352758293,0.2800769164,0.6453201193,0.4185303177,0.6047616731
312,1.0,0.0,0.0,0.0,1.0,1.0,0.3931595378,0.3406455762,0.3047711088,0.6485144179,0.4437298027,0.6037733496
313,1.0,0.0,0.0,0.0,1.0,1.0,0.3880762364,0.3293979758,0.3053657778,0.6482409673,0.4405142242,0.60487777
314,1.0,0.0,0.0,0.0,1.0,1.0,0.4001669546,0.3422526513,0.3027344103,0.6439029455,0.4405144534,0.6056340078
315,1.0,0.0,0.0,0.0,1.0,1.0,0.4044205065,0.3437570204,0.3030009359,0.636363908,0.4394903509,0.601851834
316,1.0,0.0,0.0,0.0,1.0,1.0,0.4051790993,0.3459606706,0.2992278862,0.6333332683,0.4358972676,0.6064810512
317,1.0,0.0,0.0,0.0,1.0,1.0,0.4009389891,0.3379521336,0.2965116065,0.6425121975,0.4326922506,0.6018954662
318,1.0,0.0,0.0,0.0,1.0,1.0,0.4001631653,0.3422528958,0.2978724675,0.6376815025,0.4340834725,0.5962442254
319,1.0,0.0,0.0,0.0,1.0,1.0,0.3861919343,0.3272365512,0.3009709114,0.6331651991,0.4451612965,0.5960590406
320,1.0,0.0,0.0,0.0,1.0,1.0,0.3863226715,0.3251390152,0.3019230662,0.6467667579,0.4391028158,0.6059116613
321,1.0,0.0,0.0,0.0,1.0,1.0,0.3770751769,0.3185920499,0.2974014487,0.6479598039,0.4433658766,0.6040610928
322,1.0,0.0,0.0,0.0,1.0,1.0,0.3889928916,0.3250613065,0.3025048139,0.6336633764,0.4433656776,0.5920397656
323,1.0,0.0,0.0,0.0,1.0,1.0,0.3519436322,0.2890543818,0.3307394409,0.6574578599,0.4607841674,0.5988703292
324,1.0,0.0,0.0,0.0,1.0,1.0,0.3255831506,0.2432853028,0.4333662006,0.6303032171,0.5493421174,0.5945951148
325,1.0,0.0,0.0,0.0,1.0,1.0,0.2733004784,0.1720352052,0.5249501755,0.6131385328,0.6196722581,0.6476197186
326,1.0,0.0,0.0,0.0,1.0,1.0,0.2121831736,0.1073224732,0.539682527,0.6261681892,0.6275166473,0.7187485281
327,1.0,0.0,0.0,0.0,1.0,1.0,0.2261789417,0.1361365638,0.5899419349,0.6153854173,0.654485135,0.7195134044
328,1.0,0.0,0.0,0.0,1.0,1.0,0.2254382794,0.1529757778,0.6466165032,0.5749992359,0.7006801402,0.6777769225
329,1.0,0.0,0.0,0.0,1.0,1.0,0.2564940995,0.1802270074,0.6814159557,0.5655179149,0.7311475001,0.6545451052
330,1.0,0.0,0.0,0.0,1.0,1.0,0.2520795084,0.1936634038,0.682060374,0.549295566,0.723183503,0.6517856807
331,1.0,0.0,0.0,0.0,1.0,1.0,0.2529130645,0.2187393781,0.6788831377,0.5655166594,0.7153024711,0.6260168598
332,1.0,0.0,0.0,0.0,1.0,1.0,0.2603589387,0.2543707653,0.6756301581,0.5741932046,0.7148014744,0.6382979043
333,1.0,0.0,0.0,0.0,1.0,1.0,0.2605100004,0.279041254,0.6606558352,0.5723275056,0.7080291453,0.633987122
334,1.0,0.0,0.0,0.0,1.0,1.0,0.2523180258,0.2896109551,0.6540984089,0.5714277707,0.700757486,0.6470586576
335,1.0,0.7853981853,0.0,0.0,1.0,1.0,0.2735994202,0.3095284083,0.6618357137,0.5941178525,0.7164179717,0.650602681
336,1.0,0.7853981853,0.0,0.0,1.0,1.0,0.2853244325,0.3453669225,0.654838766,0.5875709079,0.7181467605,0.6536314011
337,1.0,0.7853981853,0.0,0.0,1.0,1.0,0.282309639,0.3423285916,0.6298700037,0.5862065497,0.7007873541,0.6436780308
338,1.0,0.7853981853,0.0,0.0,1.0,1.0,0.2803714315,0.3445656462,0.6386138786,0.6000002539,0.7056450929,0.6491235156
339,1.0,0.7853981853,0.0,0.0,1.0,1.0,0.2977059244,0.364715392,0.6399345965,0.5879127653,0.7096774606,0.6353596265
340,1.0,0.7853981853,0.0,0.0,1.0,1.0,0.2855547548,0.3520303904,0.63798701,0.5909085968,0.7044534779,0.6379311187
341,1.0,0.7853981853,0.0,0.0,1.0,1.0,0.2895276142,0.3589831896,0.6301145328,0.5988693828,0.7061220707,0.6420458439
342,1.0,0.7853981853,0.0,0.0,1.0,1.0,0.2906874971,0.3665988316,0.637254888,0.5955054666,0.7131149846,0.6424581958
343,1.0,0.7853981853,0.0,0.0,1.0,1.0,0.2949172866,0.3660507806,0.6360656148,0.5833341349,0.7078186113,0.6348316451
344,1.0,0.7853981853,0.0,0.0,1.0,1.0,0.2917111186,0.3679950407,0.6301824345,0.5852270586,0.6987446501,0.6363641888
345,1.0,0.7853981853,0.0,0.0,1.0,1.0,0.2917108579,0.3695417646,0.6169153243,0.5852276829,0.6806721473,0.6363636364
346,1.0,0.7853981853,0.0,0.0,1.0,1.0,0.2834238473,0.3590428512,0.6069651915,0.5906434689,0.6764706142,0.6432755149
347,1.0,0.7853981853,0.0,0.0,1.0,1.0,0.2980215879,0.3685440322,0.6144976147,0.5801106676,0.6833334823,0.627118274
348,1.0,0.7853981853,0.0,0.0,1.0,1.0,0.2962514732,0.378449502,0.6140064886,0.5824173115,0.6861927004,0.6298343585
349,1.0,0.7853981853,0.0,0.0,1.0,1.0,0.2799096186,0.3542327442,0.6144975113,0.5823524573,0.683543965,0.6309522742
350,1.0,0.7853981853,0.0,0.0,1.0,1.0,0.2834484157,0.3626663659,0.6065574143,0.583815036,0.6835444289,0.6395352728
351,1.0,0.7853981853,0.0,0.0,1.0,1.0,0.2862640504,0.3694514298,0.610927142,0.5722551524,0.6837604175,0.6416193071
352,1.0,0.7853981853,0.0,0.0,1.0,1.0,0.2805740845,0.3624583476,0.6096345678,0.5739651265,0.6824033342,0.639052936
353,1.0,0.7853981853,0.0,0.0,1.0,1.0,0.2841224074,0.3612702282,0.5969899244,0.5823525408,0.6709956316,0.6347305012
354,1.0,0.7853981853,0.0,0.0,1.0,1.0,0.2843531372,0.3594481662,0.6010100622,0.58579889,0.6666665133,0.6341466224
355,1.0,0.7853981853,0.0,0.0,1.0,1.0,0.2788358956,0.3616402812,0.6033613342,0.5843380123,0.6666668201,0.6363629422
356,1.0,0.7853981853,0.0,0.0,1.0,1.0,0.2881726278,0.37048261,0.6049999775,0.5722543494,0.6724138795,0.6162793702
357,1.0,0.7853981853,0.0,0.0,1.0,1.0,0.2891785886,0.3736851927,0.5956007081,0.5730992223,0.6592919209,0.6272193738
358,1.0,0.7853981853,0.0,0.0,1.0,1.0,0.2843528617,0.3606679828,0.6094276226,0.5798811399,0.6782608656,0.6445783898
359,1.0,0.7853981853,0.0,0.0,1.0,1.0,0.2991528448,0.3704069969,0.6207481993,0.5738634766,0.6754384022,0.633135416
360,1.0,0.7853981853,0.0,0.0,1.0,1.0,0.3016863701,0.3715314744,0.620573372,0.5810061808,0.678260921,0.6374274301
361,1.0,0.7853981853,0.0,0.0,1.0,1.0,0.2915739741,0.3628413516,0.6172007102,0.5722543562,0.6869564703,0.634730614
362,1.0,0.7853981853,0.0,0.0,1.0,1.0,0.2855550933,0.3547799335,0.6168067578,0.5882352941,0.6839828393,0.6402444033
363,1.0,0.7853981853,0.0,0.0,1.0,1.0,0.2821952356,0.3526174184,0.6168067419,0.5773814871,0.6796535776,0.6441721184
364,1.0,0.7853981853,0.0,0.0,1.0,1.0,0.2872348405,0.3650136711,0.6184873334,0.5906434104,0.6869563365,0.648809509
365,1.0,0.7853981853,0.0,0.0,1.0,1.0,0.2828931249,0.3504531003,0.6169491938,0.5868262942,0.6839825256,0.641976066
366,1.0,0.7853981853,0.0,0.0,1.0,1.0,0.2948351829,0.3710374568,0.6266667603,0.5762715498,0.699570571,0.6416186662
367,1.0,0.7853981853,0.0,0.0,1.0,1.0,0.2879188805,0.3615001794,0.6092716103,0.5804603417,0.6808512791,0.647058599
368,1.0,0.7853981853,0.0,0.0,1.0,1.0,0.2938557213,0.3663208304,0.6212625135,0.5819214163,0.6906778532,0.647399286
369,1.0,0.7853981853,0.0,0.0,1.0,1.0,0.2812997906,0.3521236781,0.6192053158,0.5823525955,0.6919829824,0.6526941306
370,1.0,0.7853981853,0.0,0.0,1.0,1.0,0.2890950107,0.3548435324,0.6214876236,0.5885714567,0.6848737541,0.6568047413
371,1.0,0.7853981853,0.0,0.0,1.0,1.0,0.2862640666,0.3479069012,0.6175495627,0.5838157194,0.6835439361,0.6606060685
372,1.0,0.7853981853,0.0,0.0,1.0,1.0,0.2940505104,0.3569435459,0.6280991801,0.5898872752,0.6974792298,0.6470589718
373,1.0,0.7853981853,0.0,0.0,1.0,1.0,0.2770729895,0.3449958412,0.6237623975,0.5892857604,0.6861922617,0.6545449284
374,1.0,0.7853981853,0.0,0.0,1.0,1.0,0.2829547642,0.3485448913,0.6258277998,0.5964913164,0.6890755315,0.6566258888
375,1.0,0.7853981853,0.0,0.0,1.0,1.0,0.2785327282,0.3393935459,0.6163934016,0.5941174623,0.6833331406,0.6564413962
376,1.0,0.7853981853,0.0,0.0,1.0,1.0,0.2832025575,0.3435579995,0.6260295784,0.5930237933,0.6958335943,0.6606056581
377,1.0,0.7853981853,0.0,0.0,1.0,1.0,0.2701642316,0.3296478757,0.6268656006,0.5950919365,0.6974793257,0.6560508777
378,1.0,0.7853981853,0.0,0.0,1.0,1.0,0.2544336342,0.3197366944,0.5657237904,0.5882351297,0.622881402,0.649006585
379,1.0,0.7853981853,0.0,0.0,1.0,1.0,0.216627812,0.2897539527,0.487684752,0.5757581061,0.5294117388,0.6376806301
380,1.0,0.7853981853,0.0,0.0,1.0,1.0,0.1345719073,0.1969850646,0.4712644112,0.5609748286,0.4979254054,0.6315793111
381,1.0,0.7853981853,0.0,0.0,1.0,1.0,0.08980030456,0.1596620332,0.4492513472,0.5370379598,0.4647304197,0.6233754888
382,1.0,0.0,0.0,0.0,1.0,1.0,0.1054687896,0.1447603728,0.4003350701,0.6031752131,0.4246032543,0.5753419289
383,1.0,0.0,0.0,0.0,1.0,1.0,0.1253479823,0.1665734735,0.3076923357,0.6666666667,0.3563217767,0.5862071559
384,1.0,0.0,0.0,0.0,1.0,1.0,0.1645529819,0.1852895956,0.2668977588,0.6631571465,0.3333335966,0.5757578987
385,1.0,0.0,0.0,0.0,1.0,1.0,0.1847561455,0.192063229,0.2359153614,0.6666666667,0.3060500253,0.6018525947
386,1.0,0.0,0.0,0.0,1.0,1.0,0.2439439607,0.2116875823,0.2167577572,0.6492537786,0.302083364,0.6229507342
387,1.0,0.0,0.0,0.0,1.0,1.0,0.2661237496,0.2164283035,0.2090730854,0.6740742809,0.3028171038,0.6260173535
388,1.0,-0.7853981853,0.0,0.0,1.0,1.0,0.3247433034,0.2644568674,0.2068618641,0.6583849711,0.3195874993,0.6168831419
389,1.0,-0.7853981853,0.0,0.0,1.0,1.0,0.3506447953,0.2831183178,0.2079832039,0.6526944666,0.3003413894,0.6144577146
390,1.0,-0.7853981853,0.0,0.0,1.0,1.0,0.3759855082,0.2947510311,0.2114770981,0.6327688547,0.3084744637,0.5977011102
391,1.0,-0.7853981853,0.0,0.0,1.0,1.0,0.3822654192,0.3038843931,0.2104700515,0.6480440506,0.3108108966,0.6111106226
392,1.0,-0.7853981853,0.0,0.0,1.0,1.0,0.386172908,0.302395491,0.2052690251,0.6420456031,0.3025639974,0.6158196944
393,1.0,-0.7853981853,0.0,0.0,1.0,1.0,0.3901329449,0.3055286977,0.1995613799,0.6460673288,0.29879109,0.6158195608
394,1.0,-0.7853981853,0.0,0.0,1.0,1.0,0.3872416392,0.3012254088,0.2004479292,0.653179022,0.296167291,0.6242770867
395,1.0,-0.7853981853,0.0,0.0,1.0,1.0,0.4060935867,0.3157052117,0.2065463507,0.6333331514,0.2984292458,0.5966855386
396,1.0,-0.7853981853,0.0,0.0,1.0,1.0,0.414734494,0.3255624444,0.2063492239,0.6338799676,0.3029770412,0.6021505039
397,1.0,-0.7853981853,0.0,0.0,1.0,1.0,0.4253439324,0.3278869955,0.1976743337,0.6284147848,0.2912280569,0.5882350472
398,1.0,-0.7853981853,0.0,0.0,1.0,1.0,0.4253436108,0.3313846612,0.2034882497,0.6338801108,0.294532435,0.6010646099
399,1.0,-0.7853981853,0.0,0.0,1.0,1.0,0.4298423717,0.3331474622,0.2032902846,0.6284155721,0.2980599936,0.6031745202
400,1.0,-0.7853981853,0.0,0.0,1.0,1.0,0.4321911495,0.3296406867,0.2079905715,0.6141306944,0.2947365951,0.5851064282
401,1.0,-0.7853981853,0.0,0.0,1.0,1.0,0.436162437,0.3331470114,0.2053676465,0.6256687645,0.2947368494,0.5947370494
402,1.0,-0.7853981853,0.0,0.0,1.0,1.0,0.4268329084,0.3355015362,0.1925319856,0.6338797292,0.2862192412,0.5894738671
403,1.0,-0.7853981853,0.0,0.0,1.0,1.0,0.4200886166,0.3331473686,0.1939953677,0.6318681497,0.2874780691,0.5978838842
404,1.0,-0.7853981853,0.0,0.0,1.0,1.0,0.4103823056,0.3266382703,0.1891580699,0.6404487389,0.2824157985,0.6032602323
405,1.0,-0.7853981853,0.0,0.0,1.0,1.0,0.415676966,0.3243805337,0.2011365142,0.6284155065,0.2947366966,0.6054053017
406,1.0,-0.7853981853,0.0,0.0,1.0,1.0,0.4137174892,0.3285120455,0.2013497226,0.6304345013,0.2973912564,0.6190481189
407,1.0,-0.7853981853,0.0,0.0,1.0,1.0,0.4068918228,0.3187128547,0.2080088812,0.6393441713,0.3032927912,0.6195650614
408,1.0,-0.7853981853,0.0,0.0,1.0,1.0,0.4059541199,0.3182387741,0.2064018301,0.6358694316,0.3080896727,0.616216768
409,1.0,-0.7853981853,0.0,0.0,1.0,1.0,0.3935853029,0.3065878568,0.2057522963,0.6460680836,0.306758917,0.6214695082
410,1.0,-0.7853981853,0.0,0.0,1.0,1.0,0.4077102631,0.3166037982,0.2083791877,0.6378380483,0.3116438311,0.6108110212
411,1.0,-0.7853981853,0.0,0.0,1.0,1.0,0.3922836207,0.3046246459,0.2094818272,0.6404491674,0.3082191827,0.612359649
412,1.0,-0.7853981853,0.0,0.0,1.0,1.0,0.3980174747,0.3069957261,0.2079207621,0.6408841159,0.3071674209,0.6111109897
413,1.0,-0.7853981853,0.0,0.0,1.0,1.0,0.3913740961,0.3051469722,0.2079646453,0.6327686272,0.3138938231,0.6011237909
414,1.0,-0.7853981853,0.0,0.0,1.0,1.0,0.3984558635,0.311580444,0.2015418397,0.6408842543,0.3083474076,0.6065577121
415,1.0,-0.7853981853,0.0,0.0,1.0,1.0,0.4126442403,0.3251193704,0.198668087,0.6397842537,0.297762621,0.6084656085
416,1.0,-0.7853981853,0.0,0.0,1.0,1.0,0.4028758772,0.3165186338,0.2137319904,0.6428572188,0.3149739717,0.6141308119
417,1.0,-0.7853981853,0.0,0.0,1.0,1.0,0.3962542575,0.3047700804,0.2048457503,0.6388885254,0.3117545653,0.6089390559
418,1.0,-0.7853981853,0.0,0.0,1.0,1.0,0.4024302104,0.313817785,0.2002212168,0.6428577603,0.3105802506,0.6250001336
419,1.0,-0.7853981853,0.0,0.0,1.0,1.0,0.399330518,0.3067251353,0.1874998308,0.6424576778,0.2965517746,0.617978179
420,1.0,-0.7853981853,0.0,0.0,1.0,1.0,0.3980079698,0.3158856583,0.1891593921,0.6499996027,0.2987908332,0.6229510943
421,1.0,-0.7853981853,0.0,0.0,1.0,1.0,0.3926772808,0.3027568591,0.1886792698,0.6497174768,0.2977623254,0.6306818749
422,1.0,-0.7853981853,0.0,0.0,1.0,1.0,0.4055386815,0.314257656,0.1962306106,0.6393441068,0.3092782242,0.6174862697
423,1.0,-0.7853981853,0.0,0.0,1.0,1.0,0.4055067955,0.3149857466,0.1984564396,0.6467391852,0.3049405991,0.6162159029
424,1.0,-0.7853981853,0.0,0.0,1.0,1.0,0.4006572462,0.3098779654,0.1982378457,0.6538465343,0.31175474,0.6208787525
425,1.0,-0.7853981853,0.0,0.0,1.0,1.0,0.388854075,0.2969481979,0.1879781587,0.6460671576,0.2971137182,0.6228570126
426,1.0,-0.7853981853,0.0,0.0,1.0,1.0,0.388005989,0.2949447925,0.201744931,0.6573033898,0.3086004602,0.6228568867
427,1.0,-0.7853981853,0.0,0.0,1.0,1.0,0.3838205058,0.2994962069,0.2006470917,0.6516854062,0.3063974545,0.6123594538
428,1.0,-0.7853981853,0.0,0.0,1.0,1.0,0.3805362071,0.2946425676,0.2042780268,0.6460669138,0.3165828734,0.6193184846
429,1.0,-0.7853981853,0.0,0.0,1.0,1.0,0.3825818953,0.2981385442,0.1946237017,0.6460675826,0.3050846348,0.6249995666
430,1.0,-0.7853981853,0.0,0.0,1.0,1.0,0.3933971933,0.3064954328,0.2063829752,0.6378378781,0.310000059,0.6086957451
431,1.0,-0.7853981853,0.0,0.0,1.0,1.0,0.381857211,0.2951372781,0.2198505215,0.6536315219,0.3221476116,0.6249998617
432,1.0,-0.7853981853,0.0,0.0,1.0,1.0,0.3746551728,0.2911490524,0.2123510739,0.6473989444,0.3151617358,0.6315791324
433,1.0,-0.7853981853,0.0,0.0,1.0,1.0,0.3821711484,0.2964445924,0.197637005,0.6404495767,0.3016951673,0.6228571233
434,1.0,-0.7853981853,0.0,0.0,1.0,1.0,0.3727823128,0.2882349689,0.2015005796,0.6551719694,0.3037541713,0.6272183424
435,1.0,-0.7853981853,0.0,0.0,1.0,1.0,0.3715874958,0.2855548586,0.1955128918,0.6494244932,0.2959182075,0.6250004472
436,1.0,-0.7853981853,0.0,0.0,1.0,1.0,0.3759856015,0.287001813,0.2061635513,0.6497174291,0.3074326324,0.6235292699
437,1.0,-0.7853981853,0.0,0.0,1.0,1.0,0.3726731646,0.2910835351,0.2065678333,0.6420456978,0.3030304796,0.6242768646
438,1.0,-0.7853981853,0.0,0.0,1.0,1.0,0.3717373218,0.2836253388,0.2072263811,0.6457137617,0.3074323861,0.6190475067
439,1.0,-0.7853981853,0.0,0.0,1.0,1.0,0.3586665631,0.2778109118,0.2025183994,0.6432745631,0.2983052335,0.6219513812
440,1.0,-0.7853981853,0.0,0.0,1.0,1.0,0.3817166132,0.2916403178,0.271047268,0.6290328226,0.3803277869,0.6011233708
441,1.0,-0.7853981853,0.0,0.0,1.0,1.0,0.3872079754,0.2936671612,0.3387424449,0.6125656107,0.4512988934,0.5966844802
442,1.0,-0.7853981853,0.0,0.0,1.0,1.0,0.3668965529,0.2786905336,0.4262788601,0.628414625,0.528846271,0.6034485408
443,1.0,0.0,0.0,0.0,1.0,1.0,0.3600350737,0.2714141523,0.4921260742,0.6284156727,0.5878595779,0.6058827403
444,1.0,0.0,0.0,0.0,1.0,1.0,0.3724512958,0.3001469187,0.4943821308,0.6180902718,0.5943394668,0.5968590363
445,1.0,0.0,0.0,0.0,1.0,1.0,0.3810024679,0.3158613189,0.4788212595,0.6183571805,0.5880504467,0.5970152882
446,1.0,0.0,0.0,0.0,1.0,1.0,0.3801560994,0.3264427444,0.4653812477,0.6129034844,0.5851392449,0.597156867
447,1.0,0.0,0.0,0.0,1.0,1.0,0.3629644595,0.3248188208,0.4733218469,0.6066353319,0.5843748065,0.5913457537
448,1.0,0.0,0.0,0.0,1.0,1.0,0.3547504805,0.3174329539,0.5051195621,0.6105773101,0.6163522743,0.5990096505
449,1.0,0.0,0.0,0.0,1.0,1.0,0.3617508427,0.330536491,0.5134680494,0.6,0.6206897614,0.5971559169
450,1.0,0.0,0.0,0.0,1.0,1.0,0.3591216313,0.339554129,0.5118644669,0.5990567273,0.6153846943,0.5849056224
451,1.0,0.0,0.0,0.0,1.0,1.0,0.3480045363,0.3380949249,0.5111491296,0.6009853036,0.6138614137,0.5902437066
452,1.0,0.0,0.0,0.0,1.0,1.0,0.3455699119,0.3364459178,0.5084746822,0.5931364312,0.6171617026,0.5833330787
453,1.0,0.0,0.0,0.0,1.0,1.0,0.3458332737,0.3369453403,0.496688696,0.6076550967,0.5993485762,0.5845412818
454,1.0,0.0,0.0,0.0,1.0,1.0,0.3326039274,0.3396795579,0.5073409995,0.6029413742,0.6078431508,0.5913457686
455,1.0,0.0,0.0,0.0,1.0,1.0,0.3228715919,0.3331472934,0.5048700494,0.6180907753,0.6105610213,0.5940593014
456,1.0,0.0,0.0,0.0,1.0,1.0,0.3192438821,0.3336952315,0.5008026259,0.6180906069,0.6019735483,0.5862071476
457,1.0,0.0,0.0,0.0,1.0,1.0,0.3218815315,0.333700662,0.4943638805,0.6099992455,0.5980068214,0.5870651694
458,1.0,0.0,0.0,0.0,1.0,1.0,0.3176397678,0.3331469928,0.4959872483,0.6161611053,0.600000071,0.5950005114
459,1.0,0.0,0.0,0.0,1.0,1.0,0.2947284002,0.2872546577,0.5864909139,0.5865920825,0.6632653739,0.6035502599
460,1.0,0.0,0.0,0.0,1.0,1.0,0.2927986194,0.2811989842,0.6448444798,0.5754189085,0.7084746079,0.6204823812
461,1.0,0.0,0.0,0.0,1.0,1.0,0.283229382,0.2770561114,0.6644951562,0.5632178436,0.7244897922,0.6257671829
462,1.0,0.0,0.0,0.0,1.0,1.0,0.2680247581,0.2714744165,0.6558965443,0.5722885089,0.7058822655,0.6433118576
463,1.0,0.0,0.0,0.0,1.0,1.0,0.2757632545,0.2963860838,0.6586921538,0.5664742024,0.7034483748,0.63953396
464,1.0,0.0,0.0,0.0,1.0,1.0,0.2800982567,0.3230341113,0.6528661742,0.5795450262,0.7071428462,0.6353592989
465,1.0,0.0,0.0,0.0,1.0,1.0,0.2696906419,0.3125524564,0.6555555709,0.5764704228,0.6981819316,0.651162585
466,1.0,0.0,0.0,0.0,1.0,1.0,0.2611293602,0.3059885119,0.640746562,0.5892851974,0.7028985217,0.6568045015
467,1.0,0.0,0.0,0.0,1.0,1.0,0.2770886714,0.3306422673,0.6458333154,0.5895956491,0.6992481872,0.6420452043
468,1.0,0.7853981853,0.0,0.0,1.0,1.0,0.274325248,0.3318758282,0.6420546202,0.5906436818,0.6870230457,0.643678947
469,1.0,0.7853981853,0.0,0.0,1.0,1.0,0.2783458701,0.3331475827,0.6400650704,0.5847953071,0.6862747218,0.6470591907
470,1.0,0.7853981853,0.0,0.0,1.0,1.0,0.2589313707,0.3152999109,0.6320131487,0.5796182974,0.6825396825,0.6415088822
471,1.0,0.7853981853,0.0,0.0,1.0,1.0,0.2121992202,0.2804755593,0.541328961,0.5954202044,0.5968380073,0.6338031941
472,1.0,0.7853981853,0.0,0.0,1.0,1.0,0.2065618319,0.2739782206,0.457869589,0.6076913682,0.5096524765,0.6197185828
473,1.0,0.7853981853,0.0,0.0,1.0,1.0,0.2188216826,0.2788706528,0.4580745716,0.5957455016,0.5056180279,0.610738598
474,1.0,0.0,0.0,0.0,1.0,1.0,0.2256805915,0.2798435253,0.4500767919,0.5918365237,0.5054546043,0.6103902694
475,1.0,0.0,0.0,0.0,1.0,1.0,0.228974508,0.2750263584,0.4582043698,0.5945943613,0.5107911742,0.6078427826
476,1.0,0.0,0.0,0.0,1.0,1.0,0.2040330784,0.2291139621,0.4465709764,0.5859367036,0.5018051377,0.6141723663
477,1.0,0.0,0.0,0.0,1.0,1.0,0.1524851555,0.1800464975,0.4510779909,0.597826439,0.4926468863,0.6020426556
478,1.0,0.0,0.0,0.0,1.0,1.0,0.1696225461,0.1828689579,0.452579121,0.5980383035,0.5072464709,0.6039597345
479,1.0,0.0,0.0,0.0,1.0,1.0,0.2081481601,0.2220982696,0.4396693388,0.6190464386,0.5089605775,0.6290322852
480,1.0,0.0,0.0,0.0,1.0,1.0,0.2542863096,0.2610226542,0.4363929026,0.6265829291,0.5326461253,0.6381570548
481,1.0,0.0,0.0,0.0,1.0,1.0,0.2866862135,0.3049144951,0.4342313223,0.6132601166,0.5254237228,0.6000004661
482,1.0,0.0,0.0,0.0,1.0,1.0,0.2932118072,0.3114927497,0.4290219867,0.6182793175,0.5266665177,0.598930737
483,1.0,0.0,0.0,0.0,1.0,1.0,0.2878392134,0.301178792,0.4351999344,0.6166673898,0.5286194564,0.6033520066
484,1.0,0.0,0.0,0.0,1.0,1.0,0.3108312943,0.3154384854,0.4417862499,0.6153844554,0.5415280916,0.589473437
485,1.0,0.0,0.0,0.0,1.0,1.0,0.307271754,0.3085526669,0.4336569886,0.6052639893,0.526845489,0.5978265716
486,1.0,0.0,0.0,0.0,1.0,1.0,0.2857881895,0.2814129251,0.3627450797,0.6285717856,0.4505117822,0.6121212194
487,1.0,0.0,0.0,0.0,1.0,1.0,0.2802022112,0.2806651291,0.2844336023,0.6220929291,0.3835616998,0.5853656169
488,1.0,0.0,0.0,0.0,1.0,1.0,0.2802922255,0.2824510569,0.2708333741,0.634284664,0.3678929686,0.5857979042
489,1.0,0.0,0.0,0.0,1.0,1.0,0.2897888123,0.2862810973,0.276771057,0.6193174687,0.3762712215,0.5739638134
490,1.0,0.0,0.0,0.0,1.0,1.0,0.3022704251,0.2925998634,0.2715447278,0.6344087915,0.3782893393,0.5617974488
491,1.0,0.0,0.0,0.0,1.0,1.0,0.313038986,0.307645837,0.2822185959,0.614582823,0.3876223867,0.5502646929
492,1.0,0.0,0.0,0.0,1.0,1.0,0.3326011384,0.3241001164,0.2836065096,0.6157637483,0.402555842,0.5615769591
493,1.0,0.0,0.0,0.0,1.0,1.0,0.3391846108,0.3305119327,0.2734761244,0.6165039551,0.3924051385,0.5598081734
494,1.0,0.0,0.0,0.0,1.0,1.0,0.3479228745,0.3299745081,0.282008396,0.6298075006,0.3999998747,0.5673083313
495,1.0,0.0,0.0,0.0,1.0,1.0,0.3556298851,0.3304607552,0.2708150461,0.6354677609,0.3935483748,0.5853657133
496,1.0,0.0,0.0,0.0,1.0,1.0,0.3647599781,0.3364786919,0.2755474253,0.6300001158,0.3966664556,0.5841580376
497,1.0,0.0,0.0,0.0,1.0,1.0,0.3833735219,0.3404880214,0.2576334962,0.6268659532,0.3796611509,0.5920392989
498,1.0,0.0,0.0,0.0,1.0,1.0,0.3910445944,0.3524522445,0.2649572911,0.6407769848,0.3907284228,0.6009394015
499,1.0,0.0,0.0,0.0,1.0,1.0,0.3883547977,0.341312669,0.2628572018,0.6421570793,0.3954249819,0.6028709363
500,1.0,0.0,0.0,0.0,1.0,1.0,0.403814882,0.3641499523,0.267217668,0.6318180917,0.4037853893,0.5800868737
501,1.0,0.0,0.0,0.0,1.0,1.0,0.4128532024,0.3708123242,0.2803738051,0.6334846173,0.4171975657,0.5879829976
502,1.0,0.0,0.0,0.0,1.0,1.0,0.4144718245,0.3731889272,0.278039646,0.6409088526,0.4070512571,0.5922745104
503,1.0,0.0,0.0,0.0,1.0,1.0,0.4046025066,0.3656105374,0.2794800586,0.6467890912,0.415335514,0.5938860162
504,1.0,0.0,0.0,0.0,1.0,1.0,0.4102675792,0.3688035848,0.2839737618,0.6484021279,0.4217253435,0.6017314262
505,1.0,0.0,0.0,0.0,1.0,1.0,0.4053807713,0.3603754598,0.2803737569,0.649769941,0.4134615958,0.5955559845
506,1.0,0.0,0.0,0.0,1.0,1.0,0.4158876484,0.3676295038,0.2783505783,0.6486486239,0.4140127244,0.6060601526
507,1.0,0.0,0.0,0.0,1.0,1.0,0.4039096174,0.3647480305,0.2819548049,0.6465121082,0.4147910989,0.6079296419
508,1.0,0.0,0.0,0.0,1.0,1.0,0.4046474918,0.3635789745,0.2764761259,0.6481482712,0.4166666667,0.603524627
509,1.0,0.0,0.0,0.0,1.0,1.0,0.4009006035,0.3599275678,0.2802248456,0.6495331133,0.4115755901,0.6071424815
510,1.0,0.0,0.0,0.0,1.0,1.0,0.387731051,0.3439637379,0.2806026736,0.6407767478,0.4090910465,0.5943397516
511,1.0,0.0,0.0,0.0,1.0,1.0,0.3842552062,0.3407934886,0.2765152498,0.6403942137,0.4131145681,0.6009613479
512,1.0,0.0,0.0,0.0,1.0,1.0,0.3944916699,0.3434563312,0.2766761888,0.6411481716,0.4169382543,0.5971566816
513,1.0,0.0,0.0,0.0,1.0,1.0,0.3812791585,0.3309628094,0.2747874261,0.6435642105,0.4131146218,0.6089115091
514,1.0,0.0,0.0,0.0,1.0,1.0,0.3823624685,0.3353391345,0.2670454446,0.6435641751,0.4046055032,0.6029405245
515,1.0,0.0,0.0,0.0,1.0,1.0,0.3814521419,0.3353178802,0.2703460637,0.6372544893,0.4071661975,0.6067962418
516,1.0,0.0,0.0,0.0,1.0,1.0,0.3851232736,0.3435581464,0.2650375361,0.6390249213,0.4013156481,0.5980867044
517,1.0,0.0,0.0,0.0,1.0,1.0,0.3799377554,0.3353390672,0.2640448868,0.6453201532,0.4013156831,0.6078429442
518,1.0,0.0,0.0,0.0,1.0,1.0,0.3695414753,0.3249818086,0.277310915,0.6363639113,0.4150328097,0.6030151157
519,1.0,0.0,0.0,0.0,1.0,1.0,0.3778607021,0.3254761574,0.2627599341,0.6450001872,0.4078946756,0.6060611326
520,1.0,0.0,0.0,0.0,1.0,1.0,0.361198371,0.3090379349,0.2923366729,0.6387431938,0.4243419658,0.5957445889
521,1.0,0.0,0.0,0.0,1.0,1.0,0.3396071617,0.2850972693,0.3758079319,0.6358703667,0.5032051168,0.5842694712
522,1.0,0.0,0.0,0.0,1.0,1.0,0.3514910783,0.3026263617,0.4493781943,0.6111118049,0.5652174469,0.5743590719
523,1.0,0.0,0.0,0.0,1.0,1.0,0.3521163865,0.3095756459,0.453736559,0.6212126914,0.5691824493,0.5786798564
524,1.0,0.0,0.0,0.0,1.0,1.0,0.3499787582,0.3215868419,0.4494773667,0.6218900348,0.5583597194,0.5735291045
525,1.0,0.0,0.0,0.0,1.0,1.0,0.3394986334,0.3081347234,0.4419410086,0.6020409126,0.5463260001,0.5647664479
526,1.0,0.0,0.0,0.0,1.0,1.0,0.3404877944,0.325696598,0.4610168407,0.6069654641,0.5591055065,0.5588235877
527,1.0,0.0,0.0,0.0,1.0,1.0,0.313618086,0.301471078,0.4706895732,0.6208795259,0.5770492513,0.5815220093
528,1.0,0.0,0.0,0.0,1.0,1.0,0.3044771793,0.2850866411,0.537005175,0.6101699822,0.6327867135,0.6034486008
529,1.0,0.0,0.0,0.0,1.0,1.0,0.3008526017,0.2935651227,0.549319688,0.6158193538,0.6402639535,0.612359518
530,1.0,0.0,0.0,0.0,1.0,1.0,0.291294564,0.2827369073,0.5343382773,0.6206895319,0.6249999574,0.6220922383
531,1.0,0.0,0.0,0.0,1.0,1.0,0.2999981598,0.2998324958,0.5406302476,0.6077342466,0.6199999236,0.616666879
532,1.0,0.0,0.0,0.0,1.0,1.0,0.2991858205,0.3117070581,0.5355987215,0.5999993117,0.6270626947,0.6137569227
533,1.0,0.0,0.0,0.0,1.0,1.0,0.2998325351,0.3139692269,0.5301586579,0.6031750561,0.6217105788,0.623036933
534,1.0,0.0,0.0,0.0,1.0,1.0,0.3007871796,0.3110844831,0.5286623603,0.5925931835,0.622516469,0.6223402305
535,1.0,0.0,0.0,0.0,1.0,1.0,0.2893953896,0.30547754,0.5174050296,0.595628428,0.6146178803,0.6304349085
536,1.0,0.0,0.0,0.0,1.0,1.0,0.2830697191,0.3011558981,0.5205695789,0.5977658362,0.6158938404,0.6373628596
537,1.0,0.0,0.0,0.0,1.0,1.0,0.2893955548,0.3018448825,0.4651899319,0.6010930163,0.5604024475,0.6222216212
538,1.0,0.0,0.0,0.0,1.0,1.0,0.3111468464,0.3201603489,0.3600629441,0.5909088452,0.4542371369,0.5978831903
539,1.0,0.0,0.0,0.0,1.0,1.0,0.288658679,0.3005079386,0.3074534496,0.6075260116,0.4054055015,0.6067409618
540,1.0,0.0,0.0,0.0,1.0,1.0,0.2965376898,0.3032206294,0.302982746,0.603174252,0.3966102403,0.6089387236
541,1.0,0.0,0.0,0.0,1.0,1.0,0.2991958012,0.3066082837,0.3136941705,0.611702092,0.4101696,0.6022095794
542,1.0,0.0,0.0,0.0,1.0,1.0,0.306049206,0.3116903374,0.320574215,0.6041672079,0.4169492516,0.6032610108
543,1.0,0.0,0.0,0.0,1.0,1.0,0.3049415227,0.3048298732,0.30670923,0.5916235293,0.4166667247,0.6010933455
544,1.0,0.0,0.0,0.0,1.0,1.0,0.3138346669,0.3114925785,0.3204508233,0.5948719049,0.4299999199,0.6042782124
545,1.0,0.0,0.0,0.0,1.0,1.0,0.2980213052,0.288690085,0.3031301784,0.6132600678,0.408783946,0.6081871984
546,1.0,0.0,0.0,0.0,1.0,1.0,0.2811988288,0.2716252845,0.271186525,0.6084345946,0.3728224188,0.6089742342
547,1.0,0.0,0.0,0.0,1.0,1.0,0.2988984653,0.2875105155,0.2710280647,0.6022725183,0.3801370219,0.5952378085
548,1.0,0.0,0.0,0.0,1.0,1.0,0.3081754719,0.2924788715,0.2708687378,0.6077343871,0.381270816,0.5828575124
549,1.0,0.0,0.0,0.0,1.0,1.0,0.3172291261,0.2985129039,0.2730375553,0.6182799812,0.3894390606,0.5856357431
550,1.0,0.0,0.0,0.0,1.0,1.0,0.3268396261,0.2949964349,0.2805507758,0.6263160413,0.3935486444,0.5956285037
551,1.0,0.0,0.0,0.0,1.0,1.0,0.3372456501,0.3004752839,0.275922735,0.6197915664,0.4019291109,0.5721920965
552,1.0,0.0,0.0,0.0,1.0,1.0,0.3390646152,0.2963091132,0.2717584234,0.6282721534,0.4006410796,0.5783781327
553,1.0,0.0,0.0,0.0,1.0,1.0,0.3461348724,0.3004754589,0.2710789166,0.6387443219,0.4051445959,0.577539834
554,1.0,0.0,0.0,0.0,1.0,1.0,0.3582560158,0.3202094876,0.2738970493,0.6358971862,0.4045307723,0.5858591913
555,1.0,0.0,0.0,0.0,1.0,1.0,0.3592461586,0.3127285704,0.2682027693,0.6358978854,0.4032258805,0.587629266
556,1.0,0.0,0.0,0.0,1.0,1.0,0.3514318662,0.3086510175,0.2706977969,0.6455029499,0.4052288592,0.5978836261
557,1.0,0.0,0.0,0.0,1.0,1.0,0.3514315702,0.3086511245,0.2706976192,0.6402116516,0.4019605895,0.5820106899
558,1.0,0.0,0.0,0.0,1.0,1.0,0.3546104976,0.3094299584,0.2754434746,0.6421056161,0.4039733726,0.5935826056
559,1.0,0.0,0.0,0.0,1.0,1.0,0.3595776741,0.3123257614,0.2656827128,0.6358980514,0.3947368421,0.5894744219
560,1.0,0.0,0.0,0.0,1.0,1.0,0.3602746388,0.3119172341,0.2625800713,0.6345179568,0.3954248625,0.591623453
561,1.0,0.0,0.0,0.0,1.0,1.0,0.3534945902,0.3076458426,0.2652689513,0.6288655832,0.3941367694,0.5873011351
562,1.0,0.0,0.0,0.0,1.0,1.0,0.3528511018,0.302762693,0.2647861711,0.628866232,0.3908795128,0.5913978136
563,1.0,0.0,0.0,0.0,1.0,1.0,0.3510324725,0.3119174159,0.2757052981,0.621761748,0.4019607441,0.5811513447
564,1.0,0.0,0.0,0.0,1.0,1.0,0.3609349765,0.3178553006,0.2703941787,0.6243660068,0.3967212684,0.5773192598
565,1.0,0.0,0.0,0.0,1.0,1.0,0.340355465,0.3011787916,0.2436499257,0.6353589043,0.36026944,0.5921790122
566,1.0,0.0,0.0,0.0,1.0,1.0,0.3393978325,0.2931696257,0.2307693038,0.6408845835,0.353333403,0.602272675
567,1.0,0.0,0.0,0.0,1.0,1.0,0.3498521685,0.2984907775,0.2336802605,0.6432427936,0.348993284,0.6067413399
568,1.0,0.0,0.0,0.0,1.0,1.0,0.3581491694,0.3080247289,0.2439024878,0.6335080481,0.3737704296,0.5957446809
569,1.0,0.0,0.0,0.0,1.0,1.0,0.3475485202,0.2905355206,0.2315080958,0.6519337764,0.3521593705,0.5999997668
570,1.0,0.0,0.0,0.0,1.0,1.0,0.3686702933,0.3117069022,0.2372718435,0.6510419146,0.3597358973,0.5978831998
571,1.0,0.0,0.0,0.0,1.0,1.0,0.3423831284,0.2920667096,0.2099010025,0.6589595716,0.3310808582,0.5953757429
572,1.0,0.0,0.0,0.0,1.0,1.0,0.3247429807,0.2668576153,0.1927345684,0.6832290123,0.3095238175,0.6178343628
573,1.0,0.0,0.0,0.0,1.0,1.0,0.3297545404,0.2667429837,0.1914459451,0.679012059,0.3108106249,0.6075950204
574,1.0,-0.7853981853,0.0,0.0,1.0,1.0,0.3671416602,0.2737745649,0.1908162826,0.65,0.3036303183,0.6084342081
575,1.0,-0.7853981853,0.0,0.0,1.0,1.0,0.381643605,0.2888748566,0.1940927695,0.657458375,0.3023257155,0.6091952493
576,1.0,-0.7853981853,0.0,0.0,1.0,1.0,0.3937843186,0.3018449619,0.1980728095,0.6467388686,0.3020134184,0.6055555069
577,1.0,-0.7853981853,0.0,0.0,1.0,1.0,0.4066620015,0.3114927255,0.1991389042,0.634919846,0.3033331421,0.6096261162
578,1.0,-0.7853981853,0.0,0.0,1.0,1.0,0.3889133442,0.2986445908,0.2021739874,0.6368722319,0.303904774,0.6136362101
579,1.0,-0.7853981853,0.0,0.0,1.0,1.0,0.3798093927,0.3030675735,0.1932682597,0.6400004087,0.2879045881,0.6179773024
580,1.0,-0.7853981853,0.0,0.0,1.0,1.0,0.387297046,0.3016864381,0.192680358,0.6500002672,0.3018547123,0.6201120501
581,1.0,-0.7853981853,0.0,0.0,1.0,1.0,0.4027761184,0.3153499344,0.2047159281,0.6436169936,0.3055089877,0.6137568325
582,1.0,-0.7853981853,0.0,0.0,1.0,1.0,0.3925620977,0.3062539909,0.2048832556,0.6486478322,0.3179570754,0.6075264086
583,1.0,-0.7853981853,0.0,0.0,1.0,1.0,0.3963305235,0.3058491409,0.2036637538,0.6358697052,0.3076923077,0.6174865747
584,1.0,-0.7853981853,0.0,0.0,1.0,1.0,0.4014943082,0.3129564998,0.2094521909,0.6470593044,0.3164980556,0.6129024967
585,1.0,-0.7853981853,0.0,0.0,1.0,1.0,0.3950532585,0.3190789682,0.1976370485,0.6521746602,0.3040540518,0.6190478182
586,1.0,-0.7853981853,0.0,0.0,1.0,1.0,0.3912251306,0.311906369,0.1967914283,0.6502727735,0.3087247077,0.6236558326
587,1.0,-0.7853981853,0.0,0.0,1.0,1.0,0.3866760936,0.3057501308,0.2050739497,0.6557374043,0.3190788396,0.6182791192
588,1.0,-0.7853981853,0.0,0.0,1.0,1.0,0.3749246028,0.2855548107,0.2068594764,0.6514284371,0.3089703169,0.6104656328
589,1.0,-0.7853981853,0.0,0.0,1.0,1.0,0.3870853219,0.2788767357,0.278306881,0.6393447599,0.3806452562,0.6069361908
590,1.0,-0.7853981853,0.0,0.0,1.0,1.0,0.3214834033,0.2042051763,0.3544857463,0.632653601,0.4485050188,0.6097565601
591,1.0,-0.7853981853,0.0,0.0,1.0,1.0,0.2791137989,0.1528751885,0.4156820164,0.6384621562,0.5098682474,0.6451606071
592,1.0,-0.7853981853,0.0,0.0,1.0,1.0,0.2773878283,0.1610939909,0.44703386,0.6259537397,0.5493420245,0.6428568486
593,1.0,0.0,0.0,0.0,1.0,1.0,0.2843688705,0.1943359824,0.5036343263,0.6423358414,0.5980390805,0.6386549795
594,1.0,0.0,0.0,0.0,1.0,1.0,0.3034020619,0.2281682708,0.5456349848,0.6405229735,0.6430867791,0.6408443797
595,1.0,0.0,0.0,0.0,1.0,1.0,0.3225212925,0.2631758502,0.534709263,0.6511627074,0.6394985042,0.6190469785
596,1.0,0.0,0.0,0.0,1.0,1.0,0.3331472894,0.2812893954,0.5189189293,0.6378372376,0.6289309121,0.6089379381
597,1.0,0.0,0.0,0.0,1.0,1.0,0.3366179428,0.2967094808,0.5104167713,0.6237107703,0.6218750251,0.6157899134
598,1.0,0.0,0.0,0.0,1.0,1.0,0.3263132957,0.3030056365,0.5094017228,0.6282727237,0.6190475214,0.6125652147
599,1.0,0.0,0.0,0.0,1.0,1.0,0.3475596038,0.3289303135,0.5124792694,0.6076552885,0.6170884347,0.5913457973
600,1.0,0.0,0.0,0.0,1.0,1.0,0.3331475455,0.3260474132,0.5,0.6161610455,0.6032787319,0.5979901747
601,1.0,0.0,0.0,0.0,1.0,1.0,0.3194264021,0.3233489756,0.5090609449,0.623711422,0.6111109808,0.585858858
602,1.0,0.0,0.0,0.0,1.0,1.0,0.3048867215,0.3160487789,0.4926589982,0.6256682944,0.5894041446,0.6020950625
603,1.0,0.0,0.0,0.0,1.0,1.0,0.311722764,0.3231529326,0.4951768857,0.6134026855,0.590000007,0.5979382334
604,1.0,0.0,0.0,0.0,1.0,1.0,0.2985552901,0.3163215789,0.4856229411,0.6096256985,0.5757575437,0.6063830737
605,1.0,0.0,0.0,0.0,1.0,1.0,0.3055617483,0.3184661587,0.4824840401,0.6197913091,0.5694914617,0.6223405913
606,1.0,0.0,0.0,0.0,1.0,1.0,0.3061781899,0.321248981,0.4777777418,0.6165800185,0.5646258503,0.6137573232
607,1.0,0.0,0.0,0.0,1.0,1.0,0.3053412844,0.3297478083,0.4803150401,0.6134024751,0.5646257167,0.6134013918
608,1.0,0.0,0.0,0.0,1.0,1.0,0.2917624038,0.3192197273,0.4782609057,0.611701679,0.5785952914,0.6282729914
609,1.0,0.0,0.0,0.0,1.0,1.0,0.2951480139,0.3241431239,0.4765625226,0.6084657272,0.5709460548,0.6302086899
610,1.0,0.0,0.0,0.0,1.0,1.0,0.2993647784,0.3264170552,0.4758190278,0.6041658122,0.5757575975,0.618557063
611,1.0,0.0,0.0,0.0,1.0,1.0,0.29951728,0.3246487571,0.4810725363,0.6,0.5714286734,0.6178008284
612,1.0,0.0,0.0,0.0,1.0,1.0,0.3078850923,0.3308731732,0.4755133932,0.6051282106,0.5665530166,0.6185568232
613,1.0,0.0,0.0,0.0,1.0,1.0,0.3028612717,0.3291267206,0.4848484874,0.6157893171,0.5724139448,0.6178009553
614,1.0,0.0,0.0,0.0,1.0,1.0,0.3030051489,0.3268723823,0.487301505,0.612565531,0.571917666,0.6178007662
615,1.0,0.0,0.0,0.0,1.0,1.0,0.295542506,0.3206400514,0.4801272058,0.6075266016,0.5699658439,0.6170220233
616,1.0,0.0,0.0,0.0,1.0,1.0,0.3039706459,0.3263483938,0.4888534367,0.6020940777,0.5748298655,0.6093756682
617,1.0,0.0,0.0,0.0,1.0,1.0,0.3033450183,0.3206399433,0.4856230261,0.6105268308,0.569966011,0.6170221182
618,1.0,0.0,0.0,0.0,1.0,1.0,0.3017485261,0.3195495919,0.4808306374,0.6031743953,0.5714285714,0.622340052
619,1.0,0.0,0.0,0.0,1.0,1.0,0.307764479,0.3218539289,0.4809523409,0.6134026639,0.5728814991,0.6210527457
620,1.0,0.0,0.0,0.0,1.0,1.0,0.3059189201,0.3212491982,0.4775641501,0.607329586,0.5646259924,0.624338018
621,1.0,0.0,0.0,0.0,1.0,1.0,0.2999931304,0.3144502872,0.4815408628,0.6149735464,0.5680271217,0.6216209397
622,1.0,0.0,0.0,0.0,1.0,1.0,0.299512351,0.3116904923,0.4791666324,0.6203209438,0.5661018083,0.6304348798
623,1.0,0.0,0.0,0.0,1.0,1.0,0.3001519745,0.3184662432,0.4824281347,0.6117014258,0.5661017393,0.6223400688
624,1.0,0.0,0.0,0.0,1.0,1.0,0.2951803383,0.3116904372,0.4831461083,0.6141307519,0.5728813275,0.6304343436
625,1.0,0.0,0.0,0.0,1.0,1.0,0.3054292664,0.3129565338,0.4815999659,0.6178006707,0.5690234483,0.6182796114
626,1.0,0.0,0.0,0.0,1.0,1.0,0.3093511225,0.3213694309,0.4825397138,0.6153845338,0.5757575547,0.6230360367
627,1.0,0.0,0.0,0.0,1.0,1.0,0.303005261,0.3184664343,0.4793651354,0.6178011093,0.5694913775,0.6276599593
628,1.0,0.0,0.0,0.0,1.0,1.0,0.3056931653,0.3219677746,0.480190173,0.6165802438,0.5671140986,0.6093749153
629,1.0,0.0,0.0,0.0,1.0,1.0,0.3054294953,0.3207667763,0.475200027,0.6125655293,0.5641891015,0.605263896
630,1.0,0.0,0.0,0.0,1.0,1.0,0.2956549263,0.308302045,0.4790996454,0.6195646923,0.5694913687,0.6208793206
631,1.0,0.0,0.0,0.0,1.0,1.0,0.2924411756,0.3093510521,0.4807073626,0.6098897188,0.571428871,0.6208794251
632,1.0,0.0,0.0,0.0,1.0,1.0,0.2948908648,0.3106373946,0.4832535933,0.616215744,0.5810811385,0.6195650314
633,1.0,0.0,0.0,0.0,1.0,1.0,0.293575876,0.3106371542,0.4879614372,0.6120218271,0.5810810103,0.6304353933
634,1.0,0.0,0.0,0.0,1.0,1.0,0.2853269067,0.3045437914,0.4816586956,0.6201124398,0.5824914787,0.6298335491
635,1.0,0.0,0.0,0.0,1.0,1.0,0.287379516,0.3055726486,0.4792331756,0.6111108529,0.5743241645,0.6243102604
636,1.0,0.0,0.0,0.0,1.0,1.0,0.2816897942,0.3005075497,0.477706964,0.6101691313,0.5743243696,0.6235951626
637,1.0,0.0,0.0,0.0,1.0,1.0,0.2812420471,0.3055726118,0.480127186,0.6214691967,0.5777029091,0.6298343252
638,1.0,0.0,0.0,0.0,1.0,1.0,0.2866861941,0.3041779713,0.4817748685,0.6132602977,0.5785954609,0.6208797117
639,1.0,0.0,0.0,0.0,1.0,1.0,0.264275215,0.2811986769,0.4791666315,0.6181814702,0.5796610109,0.6445780382
640,1.0,0.0,0.0,0.0,1.0,1.0,0.1889492169,0.2030666972,0.4494196208,0.6052618559,0.5265018111,0.6086960471
641,1.0,0.0,0.0,0.0,1.0,1.0,0.106770734,0.1832310043,0.5236427014,0.3770496288,0.5444443286,0.3939380531
642,1.0,0.0,0.0,0.0,1.0,1.0,0.1096948583,0.1788669227,0.5226481353,0.380952538,0.5461253368,0.4020617673
643,1.0,0.0,0.0,0.0,1.0,1.0,0.1085978182,0.1833507314,0.4923599452,0.4843757636,0.5395683912,0.4411753883
644,1.0,0.0,0.0,0.0,1.0,1.0,0.1723748699,0.1812367642,0.4643449791,0.5961528857,0.5352112264,0.5922334797
645,1.0,0.0,0.0,0.0,1.0,1.0,0.224630138,0.2343520215,0.477198663,0.6086955864,0.5586206599,0.6397056904
646,1.0,0.0,0.0,0.0,1.0,1.0,0.2619898164,0.2721082209,0.4805824935,0.6172843755,0.5787671741,0.6352205179
647,1.0,0.0,0.0,0.0,1.0,1.0,0.2841864958,0.3008354548,0.487220407,0.6067412822,0.5852844893,0.6166668799
648,1.0,0.0,0.0,0.0,1.0,1.0,0.2809932719,0.3045436703,0.4904153998,0.613636282,0.5925926583,0.6243092507
649,1.0,0.0,0.0,0.0,1.0,1.0,0.2887277446,0.3071376156,0.4841269413,0.6153839074,0.5880397689,0.6216210098
650,1.0,0.0,0.0,0.0,1.0,1.0,0.2939535983,0.3142056719,0.4896660371,0.6054053687,0.5886285857,0.6276595863
651,1.0,0.0,0.0,0.0,1.0,1.0,0.2894382798,0.3106372498,0.4784000238,0.6077348576,0.5777027408,0.6304340675
652,1.0,0.0,0.0,0.0,1.0,1.0,0.2936670413,0.3121126022,0.4902598569,0.6022103728,0.5836179412,0.6229507822
653,1.0,0.0,0.0,0.0,1.0,1.0,0.2880837056,0.3087014979,0.5136876962,0.6145254092,0.6075085214,0.6353586917
654,1.0,0.0,0.0,0.0,1.0,1.0,0.295834917,0.3201602721,0.508799926,0.6000006895,0.6033899721,0.6402115152
655,1.0,0.0,0.0,0.0,1.0,1.0,0.297773387,0.3219675634,0.5103010937,0.6170216637,0.604027055,0.6406246694
656,1.0,0.0,0.0,0.0,1.0,1.0,0.2991961135,0.3195496591,0.5127388683,0.6010639199,0.6020409342,0.6382977282
657,1.0,0.0,0.0,0.0,1.0,1.0,0.3031481074,0.3258313021,0.5071089847,0.5989581762,0.597972858,0.6269432989
658,1.0,0.0,0.0,0.0,1.0,1.0,0.2988835985,0.3207668042,0.5031645036,0.5978842941,0.5912163385,0.6315784723
659,1.0,0.0,0.0,0.0,1.0,1.0,0.2996758246,0.3247346434,0.5133437742,0.6073298072,0.6060604511,0.6424867961
660,1.0,0.0,0.0,0.0,1.0,1.0,0.3006194612,0.3207670535,0.5039370006,0.6020940485,0.5945946625,0.6421049332
661,1.0,0.0,0.0,0.0,1.0,1.0,0.2933997727,0.320766829,0.5070643842,0.5989304018,0.5979726548,0.6315785921
662,1.0,0.0,0.0,0.0,1.0,1.0,0.2877894745,0.3173902328,0.5039124028,0.6141307311,0.5912162454,0.6542557177
663,1.0,0.0,0.0,0.0,1.0,1.0,0.2951474343,0.3218541083,0.4703125515,0.597883991,0.5559320856,0.6315794261
664,1.0,0.0,0.0,0.0,1.0,1.0,0.2943238061,0.31784977,0.4708661564,0.598930383,0.5510203709,0.6363635319
665,1.0,0.0,0.0,0.0,1.0,1.0,0.2936747427,0.3083022537,0.4755133959,0.6075271101,0.5559322169,0.6428576456
666,1.0,0.0,0.0,0.0,1.0,1.0,0.2948914249,0.3125402073,0.4720892963,0.6162159044,0.5498281006,0.6428570591
667,1.0,0.0,0.0,0.0,1.0,1.0,0.2866862584,0.3063359527,0.4770205338,0.6132595502,0.5582191844,0.6480448608
668,1.0,0.0,0.0,0.0,1.0,1.0,0.2724310697,0.291933188,0.4738509822,0.633721138,0.5498283463,0.6411767273
669,1.0,0.0,0.0,0.0,1.0,1.0,0.2498603667,0.2644571262,0.4872612338,0.6496820321,0.5670103093,0.6558436687
670,1.0,0.0,0.0,0.0,1.0,1.0,0.2275152406,0.2376293762,0.4829268318,0.6285717378,0.545454683,0.6470581681
671,1.0,0.0,0.0,0.0,1.0,1.0,0.2220983287,0.2332029523,0.4869281868,0.6397062915,0.5508774178,0.6541348738
672,1.0,0.0,0.0,0.0,1.0,1.0,0.2244648812,0.2340243661,0.4754098565,0.6350366466,0.5422534136,0.6541353996
673,1.0,0.0,0.0,0.0,1.0,1.0,0.19754446,0.2041870692,0.47068671,0.6271195033,0.5304660582,0.640350532
674,1.0,0.0,0.0,0.0,1.0,1.0,0.1186947191,0.1665736553,0.4853700928,0.3913061273,0.5037038347,0.3777776169
675,1.0,0.0,0.0,0.0,1.0,1.0,0.1338385827,0.1776784779,0.4956522562,0.3376627697,0.5074073855,0.281249861
676,1.0,0.0,0.0,0.0,1.0,1.0,0.1227381807,0.1665735596,0.5070176166,0.4285705552,0.5280901036,0.3820220937
677,1.0,0.0,0.0,0.0,1.0,1.0,0.1697163699,0.1726979223,0.4682676349,0.6060605394,0.5183821441,0.6063819686
678,1.0,0.0,0.0,0.0,1.0,1.0,0.2249967528,0.2298369553,0.4714519837,0.6231886801,0.5505226375,0.6439398187
679,1.0,0.0,0.0,0.0,1.0,1.0,0.2554482125,0.2584176216,0.4664537594,0.631249805,0.5582192671,0.6490062513
680,1.0,0.0,0.0,0.0,1.0,1.0,0.284201372,0.2961309011,0.464455044,0.6277782217,0.5589223577,0.6363637489
681,1.0,0.0,0.0,0.0,1.0,1.0,0.2909767546,0.3001677883,0.4572784688,0.6358690663,0.5570469262,0.6368712515
682,1.0,0.0,0.0,0.0,1.0,1.0,0.2744498094,0.2906541881,0.4666666781,0.6358378541,0.5612242311,0.6491226296
683,1.0,0.0,0.0,0.0,1.0,1.0,0.2764751004,0.2886900447,0.4642289069,0.63218301,0.5608108453,0.6374263545
684,1.0,0.0,0.0,0.0,1.0,1.0,0.2796531881,0.2937549778,0.4769476184,0.6193189225,0.5743240975,0.6379306448
685,1.0,0.0,0.0,0.0,1.0,1.0,0.2728634853,0.2870016992,0.4793651707,0.6337207393,0.5810810018,0.6352946439
686,1.0,0.0,0.0,0.0,1.0,1.0,0.2722886886,0.2850759854,0.4740157486,0.6416185405,0.5671140098,0.6411757133
687,1.0,0.0,0.0,0.0,1.0,1.0,0.2699916598,0.2802487969,0.4644550714,0.6432744899,0.5608106795,0.6445787782
688,1.0,0.0,0.0,0.0,1.0,1.0,0.2719999302,0.2843529265,0.4731011891,0.6279066258,0.5690235641,0.6331361931
689,1.0,0.0,0.0,0.0,1.0,1.0,0.2669414074,0.2811987926,0.4642289013,0.6488101525,0.5593219345,0.6445788944
690,1.0,0.0,0.0,0.0,1.0,1.0,0.270549466,0.2787560367,0.4649682426,0.6352939085,0.5578232441,0.6463410139
691,1.0,0.0,0.0,0.0,1.0,1.0,0.266095367,0.2793055851,0.4690966294,0.6369053454,0.5622898176,0.6445780223
692,1.0,0.0,0.0,0.0,1.0,1.0,0.2644195053,0.2740944632,0.4551180243,0.6369048077,0.5551841222,0.6524395606
693,1.0,0.0,0.0,0.0,1.0,1.0,0.2715701378,0.2843527968,0.4581358477,0.6395352188,0.5589224429,0.6508878909
694,1.0,0.0,0.0,0.0,1.0,1.0,0.2732847214,0.2857935007,0.4546875111,0.6342850646,0.5551839175,0.6491232286
695,1.0,0.0,0.0,0.0,1.0,1.0,0.2694419287,0.2824508074,0.4608150465,0.6337209521,0.5618730218,0.639053813
696,1.0,0.0,0.0,0.0,1.0,1.0,0.2681808142,0.2838945341,0.4555381881,0.6220933072,0.5614617715,0.6432754651
697,1.0,0.0,0.0,0.0,1.0,1.0,0.2830971318,0.298166761,0.4538341288,0.6187844845,0.5599997281,0.6312851173
698,1.0,0.0,0.0,0.0,1.0,1.0,0.2826545491,0.2938557522,0.4578125573,0.6187847423,0.5614617462,0.632768694
699,1.0,0.0,0.0,0.0,1.0,1.0,0.2826547845,0.2988366691,0.4609374206,0.6187840287,0.5614619223,0.6333338077
700,1.0,0.0,0.0,0.0,1.0,1.0,0.2790954724,0.2928825801,0.4508580341,0.6145246815,0.556291412,0.6327685476
701,1.0,0.0,0.0,0.0,1.0,1.0,0.2790952791,0.2945374044,0.4617784421,0.6145248337,0.5662250868,0.6348317494
702,1.0,0.0,0.0,0.0,1.0,1.0,0.2725751724,0.2898383229,0.4592476682,0.6206886161,0.5666664241,0.626436291
703,1.0,0.0,0.0,0.0,1.0,1.0,0.2754369239,0.288172153,0.4645668434,0.6171421229,0.5633333537,0.6300580419
704,1.0,0.0,0.0,0.0,1.0,1.0,0.279279156,0.2915036725,0.4552590065,0.6179768351,0.5566667468,0.6285717097
705,1.0,0.0,0.0,0.0,1.0,1.0,0.2698651972,0.2848410582,0.4599685431,0.6220930742,0.5700001292,0.6374275122
706,1.0,0.0,0.0,0.0,1.0,1.0,0.2698647842,0.2848409973,0.4615383889,0.6220926458,0.5666668855,0.6432752507
707,1.0,0.0,0.0,0.0,1.0,1.0,0.2616835116,0.2750144131,0.4652997051,0.632529349,0.5671138777,0.6463418147
708,1.0,0.0,0.0,0.0,1.0,1.0,0.2719999164,0.2833988,0.4588607344,0.6220935135,0.5604025778,0.6449698766
709,1.0,0.0,0.0,0.0,1.0,1.0,0.2691411618,0.2791079868,0.4566928974,0.625730737,0.5551836859,0.6526952116
710,1.0,0.0,0.0,0.0,1.0,1.0,0.2585305304,0.2734958786,0.4589904634,0.6158543035,0.5574324176,0.6543209711
711,1.0,0.0,0.0,0.0,1.0,1.0,0.2651580903,0.2774367336,0.4568288133,0.627218761,0.5585282338,0.6385547967
712,1.0,0.0,0.0,0.0,1.0,1.0,0.259348848,0.2742579076,0.4588607245,0.6402439263,0.5589226086,0.6503069094
713,1.0,0.0,0.0,0.0,1.0,1.0,0.2589390992,0.2724232262,0.4628751174,0.6280493533,0.5652174386,0.6503067893
714,1.0,0.0,0.0,0.0,1.0,1.0,0.2702893261,0.2857933069,0.4622642358,0.6162789665,0.5618727853,0.6374264305
715,1.0,0.0,0.0,0.0,1.0,1.0,0.268295988,0.2865066408,0.4646781896,0.6257314901,0.5700000865,0.6337203961
716,1.0,0.0,0.0,0.0,1.0,1.0,0.2670382201,0.2829546908,0.4671875291,0.6198829817,0.5728476074,0.6315789474
717,1.0,0.0,0.0,0.0,1.0,1.0,0.2862177311,0.3041063653,0.462848352,0.6108108817,0.5657897598,0.63783749
718,1.0,0.0,0.0,0.0,1.0,1.0,0.2724334522,0.2855549846,0.4610591166,0.6285719195,0.5614616293,0.6453493382
719,1.0,0.0,0.0,0.0,1.0,1.0,0.2779697715,0.2855545868,0.4624999675,0.6235962319,0.5647842085,0.6395347238
720,1.0,0.0,0.0,0.0,1.0,1.0,0.2833307442,0.2952148834,0.4641744063,0.631868467,0.5643562473,0.6312848958
721,1.0,0.0,0.0,0.0,1.0,1.0,0.2715704617,0.2833986673,0.4597156101,0.6279070639,0.5604028683,0.6331355907
722,1.0,0.0,0.0,0.0,1.0,1.0,0.2671463619,0.2748465615,0.4575471104,0.6352941926,0.5533334055,0.6363642334
723,1.0,0.0,0.0,0.0,1.0,1.0,0.2746069787,0.2809878211,0.4680510976,0.6279066292,0.5656566676,0.6287426686
724,1.0,0.0,0.0,0.0,1.0,1.0,0.2734472719,0.2809876926,0.4640000159,0.6374279067,0.5622895035,0.6347305234
725,1.0,0.0,0.0,0.0,1.0,1.0,0.2684584643,0.2762964696,0.4579289097,0.6325299905,0.5563138521,0.6358028225
726,1.0,0.0,0.0,0.0,1.0,1.0,0.2664100379,0.2693412477,0.4636509655,0.6303027735,0.5593220826,0.6477988511
727,1.0,0.0,0.0,0.0,1.0,1.0,0.2659803417,0.2736564746,0.4629032553,0.6303028104,0.5612242784,0.6273299268
728,1.0,0.0,0.0,0.0,1.0,1.0,0.2690804393,0.2783680434,0.4551282582,0.6369052883,0.5604026058,0.6265058678
729,1.0,0.0,0.0,0.0,1.0,1.0,0.2653525389,0.2718074783,0.4594594824,0.6347303399,0.5641891575,0.6273286491
730,1.0,0.0,0.0,0.0,1.0,1.0,0.2657750524,0.2725749821,0.4601910653,0.6407180331,0.5622895647,0.6358014412
731,1.0,0.0,0.0,0.0,1.0,1.0,0.2690805905,0.2744229027,0.4583334053,0.6249996793,0.5593220215,0.6296300731
732,1.0,0.0,0.0,0.0,1.0,1.0,0.2654519005,0.2742575033,0.4608001126,0.6385536437,0.5622894317,0.6441723013
733,1.0,0.0,0.0,0.0,1.0,1.0,0.264699909,0.2736566995,0.4670947025,0.6303031315,0.568027293,0.627329544
734,1.0,0.0,0.0,0.0,1.0,1.0,0.2646997252,0.2744232455,0.4638845215,0.6424246608,0.5661018035,0.6358031324
735,1.0,0.0,0.0,0.0,1.0,1.0,0.2686499137,0.2811987723,0.4592000202,0.6369045935,0.5593220525,0.6325298932
736,1.0,0.0,0.0,0.0,1.0,1.0,0.2682207629,0.2795051721,0.4632587968,0.6369045813,0.5627118778,0.6303031863
737,1.0,0.0,0.0,0.0,1.0,1.0,0.2625919991,0.2718079858,0.4601910431,0.6242420704,0.5608106496,0.6273286144
738,1.0,0.0,0.0,0.0,1.0,1.0,0.2622536425,0.2708923166,0.4624001017,0.6463416076,0.5622896087,0.6397513616
739,1.0,0.0,0.0,0.0,1.0,1.0,0.2582288798,0.2650546043,0.4561403059,0.6419748837,0.5574325291,0.6369433887
740,1.0,0.0,0.0,0.0,1.0,1.0,0.259823127,0.2693408701,0.4593300916,0.638037399,0.5559323142,0.6415095358
741,1.0,0.0,0.0,0.0,1.0,1.0,0.2506586064,0.2583590331,0.4568689327,0.6369436188,0.5544219791,0.6447374759
742,1.0,0.0,0.0,0.0,1.0,1.0,0.2502589317,0.2583590816,0.4625199883,0.6242038217,0.5612244935,0.6447368421
743,1.0,0.0,0.0,0.0,1.0,1.0,0.2518528007,0.256613481,0.4545454389,0.6329123257,0.5540540442,0.6447366367
744,1.0,0.0,0.0,0.0,1.0,1.0,0.2434537725,0.2456257035,0.4599359506,0.6447368421,0.5559321972,0.6482753774
745,1.0,0.0,0.0,0.0,1.0,1.0,0.2490621869,0.2507074189,0.4600638555,0.6346159419,0.559322176,0.64864857
746,1.0,0.0,0.0,0.0,1.0,1.0,0.2494608082,0.2498605997,0.4639999494,0.6346146726,0.5608106742,0.6554053175
747,1.0,0.0,0.0,0.0,1.0,1.0,0.246239609,0.2430613406,0.463768048,0.6339870571,0.5612246506,0.6573431424
748,1.0,0.0,0.0,0.0,1.0,1.0,0.2482587529,0.2473194057,0.4631409924,0.6322580822,0.5661018514,0.6506859703
749,1.0,0.0,0.0,0.0,1.0,1.0,0.2578689765,0.2591771256,0.461538508,0.6397511369,0.5627118954,0.6535949462
750,1.0,0.0,0.0,0.0,1.0,1.0,0.2614168855,0.2591143341,0.4545454391,0.64024395,0.5521884204,0.642856648
751,1.0,0.0,0.0,0.0,1.0,1.0,0.2622535391,0.2650547943,0.4544000644,0.6280486457,0.5472974311,0.6433116694
752,1.0,0.0,0.0,0.0,1.0,1.0,0.2650279226,0.2658445191,0.458466477,0.6265063989,0.5521885461,0.6392399892
753,1.0,0.0,0.0,0.0,1.0,1.0,0.2546966474,0.2609465039,0.4693548565,0.6392400569,0.5631399996,0.6601320185
754,1.0,0.0,0.0,0.0,1.0,1.0,0.2458435275,0.2481609456,0.4646301769,0.6405223386,0.5544215995,0.6506845246
755,1.0,0.0,0.0,0.0,1.0,1.0,0.2542860802,0.2584173642,0.4653783304,0.6392408857,0.5513698189,0.6556286482
756,1.0,0.0,0.0,0.0,1.0,1.0,0.2361143671,0.2507193825,0.4595468767,0.6506854478,0.5498283302,0.6643840577
757,1.0,0.0,0.0,0.0,1.0,1.0,0.2392802756,0.252472285,0.4609121138,0.646258901,0.543554106,0.6482756066
758,1.0,0.0,0.0,0.0,1.0,1.0,0.2200757974,0.2402169483,0.4718542395,0.6315789474,0.5473686314,0.649635048
759,1.0,0.0,0.0,0.0,1.0,1.0,0.1948911556,0.2086554012,0.4683332667,0.6410256875,0.5368419645,0.6386563749
760,1.0,0.0,0.0,0.0,1.0,1.0,0.1724330332,0.197022321,0.4589614764,0.6310680827,0.5161290944,0.618182209
761,1.0,0.0,0.0,0.0,1.0,1.0,0.1782337155,0.2023958898,0.4666666667,0.6448606249,0.5268816538,0.6194686203
762,1.0,0.0,0.0,0.0,1.0,1.0,0.2025447119,0.2336823521,0.4684385657,0.6393443204,0.5215825813,0.6153852554
763,1.0,0.0,0.0,0.0,1.0,1.0,0.2248743435,0.2597113192,0.4716667807,0.6666677543,0.548387364,0.620689498
764,1.0,0.0,0.0,0.0,1.0,1.0,0.2560553124,0.2802010058,0.4710744187,0.6387091346,0.5464285784,0.6496813259
765,1.0,0.0,0.0,0.0,1.0,1.0,0.2795185297,0.3019515783,0.4682927023,0.6337208101,0.5512365773,0.6432751879
766,1.0,0.0,0.0,0.0,1.0,1.0,0.2823101065,0.3005314457,0.4642856418,0.6264367313,0.5454546146,0.6453489328
767,1.0,0.0,0.0,0.0,1.0,1.0,0.2818526136,0.2994839701,0.4700161977,0.6321842115,0.5540071823,0.6511626132
768,1.0,0.0,0.0,0.0,1.0,1.0,0.2707845155,0.2903305675,0.4827584938,0.6363631541,0.5669015128,0.6484852665
769,1.0,0.0,0.0,0.0,1.0,1.0,0.2679426333,0.2878253883,0.4736841258,0.6319022335,0.5547703126,0.6564412839
770,1.0,0.0,0.0,0.0,1.0,1.0,0.2785330267,0.2910654214,0.477049129,0.6294123346,0.5684213526,0.644577875
771,1.0,0.0,0.0,0.0,1.0,1.0,0.2752562157,0.2890372235,0.4836065508,0.6309514797,0.5679444584,0.6506017571
772,1.0,0.0,0.0,0.0,1.0,1.0,0.2743564903,0.287295937,0.4771241924,0.6369050747,0.564460016,0.6606065714
773,1.0,0.0,0.0,0.0,1.0,1.0,0.2658615888,0.2785901898,0.4761905987,0.6419756546,0.5714285177,0.6624998311
774,1.0,0.0,0.0,0.0,1.0,1.0,0.2653242104,0.2810929585,0.4739413468,0.631902276,0.559027616,0.6419761405
775,1.0,0.0,0.0,0.0,1.0,1.0,0.266518142,0.2757082697,0.4813008158,0.6341466341,0.5689656796,0.6437499317
776,1.0,0.0,0.0,0.0,1.0,1.0,0.2680250502,0.2781951465,0.4717286386,0.6325299943,0.5601376558,0.6543212692
777,1.0,0.0,0.0,0.0,1.0,1.0,0.2563502805,0.268946861,0.4707791972,0.6329114624,0.5590278752,0.6516128123
778,1.0,0.0,0.0,0.0,1.0,1.0,0.2555575647,0.2670922516,0.4739412674,0.6369435466,0.5620689784,0.6645166257
779,1.0,0.0,0.0,0.0,1.0,1.0,0.261217701,0.2688153217,0.4707792547,0.6397509594,0.5620691805,0.6474367164
780,1.0,0.0,0.0,0.0,1.0,1.0,0.2583370654,0.2705385012,0.4701129779,0.6374988488,0.5586206459,0.6496817133
781,1.0,0.0,0.0,0.0,1.0,1.0,0.2583373068,0.2705382813,0.4717285867,0.6312501869,0.558620488,0.6560505054
782,1.0,0.0,0.0,0.0,1.0,1.0,0.2543440264,0.2655857331,0.466557858,0.6217947916,0.559440676,0.6513157519
783,1.0,0.0,0.0,0.0,1.0,1.0,0.2583372218,0.2678916122,0.4733441121,0.6250005056,0.5670100381,0.6538458879
784,1.0,0.0,0.0,0.0,1.0,1.0,0.25351699,0.267211732,0.4747968035,0.6282056954,0.5625001403,0.6493513041
785,1.0,0.0,0.0,0.0,1.0,1.0,0.2498602091,0.2620063041,0.4754901366,0.6274506243,0.5625001391,0.6556301141
786,1.0,0.0,0.0,0.0,1.0,1.0,0.2580259186,0.2662873599,0.4722222247,0.6329107402,0.5605533794,0.6493498544
787,1.0,0.0,0.0,0.0,1.0,1.0,0.2547597678,0.2576416022,0.4803920663,0.6282055493,0.5674738888,0.6577188516
788,1.0,0.0,0.0,0.0,1.0,1.0,0.2684584855,0.2686855837,0.4773462831,0.6204816299,0.5616437799,0.6496814849
789,1.0,0.0,0.0,0.0,1.0,1.0,0.2675924389,0.2745909692,0.4741934921,0.614458141,0.5699660317,0.6459634901
790,1.0,0.0,0.0,0.0,1.0,1.0,0.2712541605,0.2745908527,0.4668821358,0.6071431787,0.5563138636,0.6397510943
791,1.0,0.0,0.0,0.0,1.0,1.0,0.2667320954,0.2728849181,0.4710610854,0.6204814844,0.5631398467,0.6312493694
792,1.0,0.0,0.0,0.0,1.0,1.0,0.273159323,0.283855205,0.4710610768,0.6117650341,0.5714285714,0.6347300132
793,1.0,0.0,0.0,0.0,1.0,1.0,0.2675923548,0.2770563135,0.4661290576,0.6265057897,0.5646256362,0.644171998
794,1.0,0.0,0.0,0.0,1.0,1.0,0.2682206986,0.2802488694,0.4664537669,0.6130947347,0.5709459226,0.6385540137
795,1.0,0.0,0.0,0.0,1.0,1.0,0.2717081884,0.2815095323,0.4753577315,0.625731269,0.5833334841,0.6449708401
796,1.0,0.0,0.0,0.0,1.0,1.0,0.2685305709,0.278368188,0.4689984258,0.6153852098,0.5738254458,0.6325295518
797,1.0,0.0,0.0,0.0,1.0,1.0,0.2765749345,0.2895731491,0.4685533532,0.613636876,0.5761588196,0.6285712486
798,1.0,0.0,0.0,0.0,1.0,1.0,0.2696906066,0.2789140398,0.471428542,0.6176480695,0.5780731876,0.6369052142
799,1.0,0.0,0.0,0.0,1.0,1.0,0.2684123531,0.276512246,0.4612954417,0.6117644047,0.56666686,0.638554517
800,1.0,0.0,0.0,0.0,1.0,1.0,0.2566347993,0.2641624687,0.4736843286,0.6211176364,0.572390284,0.6369426049
801,1.0,0.0,0.0,0.0,1.0,1.0,0.2630111603,0.2744228763,0.4720893867,0.6121216245,0.5728812952,0.6358022799
802,1.0,0.0,0.0,0.0,1.0,1.0,0.2699911942,0.2748462308,0.4581358802,0.6140350437,0.5699999357,0.6303027151
803,1.0,0.0,0.0,0.0,1.0,1.0,0.2605858285,0.2615205871,0.462639202,0.6219516832,0.5600000287,0.6433114215
804,1.0,0.0,0.0,0.0,1.0,1.0,0.2613437603,0.2648519277,0.4516640388,0.6303028021,0.5533332643,0.6540882622
805,1.0,0.0,0.0,0.0,1.0,1.0,0.2594705432,0.2548912469,0.4615384812,0.6234562317,0.5604027623,0.6381575913
806,1.0,0.0,0.0,0.0,1.0,1.0,0.2598868437,0.2616784873,0.4574637973,0.629629773,0.5608108346,0.6322586995
807,1.0,0.0,0.0,0.0,1.0,1.0,0.2546964881,0.2549596511,0.4661290192,0.6265824044,0.5646257461,0.6466671698
808,1.0,0.0,0.0,0.0,1.0,1.0,0.2544032211,0.2550300518,0.4677686633,0.6233770003,0.5655172172,0.6418910387
809,1.0,0.0,0.0,0.0,1.0,1.0,0.2452719126,0.2454769137,0.4791318792,0.6054430653,0.5649124013,0.6357151312
810,1.0,0.0,0.0,0.0,1.0,1.0,0.2381221334,0.2384633285,0.4731543913,0.5985907474,0.5578948788,0.617646675
811,1.0,0.0,0.0,0.0,1.0,1.0,0.2423398289,0.2376296553,0.4732441879,0.6137931981,0.5664335324,0.632353178
812,1.0,0.0,0.0,0.0,1.0,1.0,0.2444197478,0.2446184524,0.4706868115,0.6027401734,0.5524476981,0.6214286931
813,1.0,0.0,0.0,0.0,1.0,1.0,0.2460684756,0.2480886414,0.4671163329,0.6095883887,0.5531913246,0.6214288147
814,1.0,0.0,0.0,0.0,1.0,1.0,0.2431528621,0.2454460574,0.4664429494,0.6068969082,0.5477031691,0.6187049237
815,1.0,0.0,0.0,0.0,1.0,1.0,0.2431975472,0.245476859,0.4666666778,0.6095893141,0.5543858699,0.6285720428
816,1.0,0.0,0.0,0.0,1.0,1.0,0.2395358431,0.2455076067,0.4743801034,0.6137931129,0.5540070107,0.624113246
817,1.0,0.0,0.0,0.0,1.0,1.0,0.2319239514,0.2419141474,0.4724540589,0.6043171904,0.5512369932,0.6204384905
818,1.0,0.0,0.0,0.0,1.0,1.0,0.2327008023,0.2463165814,0.4706868195,0.604316317,0.54964547,0.6258998968
819,1.0,0.0,0.0,0.0,1.0,1.0,0.2279132481,0.2355829109,0.4662162599,0.6148151747,0.5428570719,0.6287877419
820,1.0,0.0,0.0,0.0,1.0,1.0,0.2262249598,0.2329658281,0.486486514,0.604478049,0.5551599666,0.6335870944
821,1.0,0.0,0.0,0.0,1.0,1.0,0.2296016181,0.2382184398,0.4881755797,0.6102928822,0.5591397032,0.6315791074
822,1.0,0.0,0.0,0.0,1.0,1.0,0.2330914006,0.2454143311,0.4781878184,0.604316944,0.5516014145,0.6376818594
823,1.0,0.0,0.0,0.0,1.0,1.0,0.224127614,0.2340240988,0.478405319,0.6074077092,0.5598591158,0.624060991
824,1.0,0.0,0.0,0.0,1.0,1.0,0.2278261914,0.2419144017,0.4858569218,0.5985390616,0.5583040342,0.6131380463
825,1.0,0.0,0.0,0.0,1.0,1.0,0.2219129204,0.2374562842,0.475792965,0.6240601053,0.5531914367,0.6343273137
826,1.0,0.0,0.0,0.0,1.0,1.0,0.2230299791,0.2436362574,0.4798657978,0.6165406312,0.5516014068,0.6277378313
827,1.0,0.0,0.0,0.0,1.0,1.0,0.2211605735,0.2390751952,0.4797297807,0.6030532676,0.5503595291,0.609022069
828,1.0,0.0,0.0,0.0,1.0,1.0,0.2183654614,0.2408728975,0.4722688431,0.6076930657,0.5431654534,0.6343290828
829,1.0,0.0,0.0,0.0,1.0,1.0,0.2171962058,0.2345257749,0.471986334,0.6093736571,0.5415160553,0.6384611005
830,1.0,0.0,0.0,0.0,1.0,1.0,0.2273772918,0.2382179467,0.4719863951,0.6044773472,0.5448028826,0.6315794961
831,1.0,0.0,0.0,0.0,1.0,1.0,0.226449291,0.2320131074,0.477001601,0.5939841144,0.5464285488,0.6307702352
832,1.0,0.0,0.0,0.0,1.0,1.0,0.2305109982,0.2330853495,0.4730640323,0.6058384598,0.5512367202,0.6212121675
833,1.0,0.0,0.0,0.0,1.0,1.0,0.2318031888,0.2348511962,0.4689075395,0.6086957155,0.5441696314,0.6315785495
834,1.0,0.0,0.0,0.0,1.0,1.0,0.2327009769,0.2357837395,0.4706867039,0.611510979,0.5492958545,0.6268659857
835,1.0,0.0,0.0,0.0,1.0,1.0,0.2411300403,0.2455076387,0.469217913,0.6068971817,0.5505227504,0.6241127181
836,1.0,0.0,0.0,0.0,1.0,1.0,0.2465289836,0.2533548695,0.4683333494,0.6148641794,0.5489510316,0.6275859463
837,1.0,0.0,0.0,0.0,1.0,1.0,0.2447957599,0.2525091621,0.4797296594,0.6206901362,0.5618373056,0.6363642793
838,1.0,0.0,0.0,0.0,1.0,1.0,0.2490136504,0.2516198426,0.4677966531,0.6190479486,0.5528167501,0.6293707488
839,1.0,0.0,0.0,0.0,1.0,1.0,0.2545586085,0.2560408147,0.4871794695,0.6174494368,0.5653711471,0.6275862261
840,1.0,0.0,0.0,0.0,1.0,1.0,0.2455674356,0.247192959,0.4776632098,0.6223767715,0.5516012783,0.6474817893
841,1.0,0.0,0.0,0.0,1.0,1.0,0.2464378053,0.2419142295,0.4845889554,0.6319445965,0.5618373759,0.6277372893
842,1.0,0.0,0.0,0.0,1.0,1.0,0.2511419981,0.2419143004,0.4769231469,0.619047619,0.5583037479,0.635037074
843,1.0,0.0,0.0,0.0,1.0,1.0,0.2515717119,0.2489774903,0.470890308,0.6122453156,0.5547704019,0.6382983263
844,1.0,0.0,0.0,0.0,1.0,1.0,0.245145844,0.2401482542,0.4699827526,0.6293711815,0.5512366975,0.6323524615
845,1.0,0.0,0.0,0.0,1.0,1.0,0.2524187985,0.2463413423,0.4880546547,0.6148656601,0.5669014469,0.6357139793
846,1.0,0.0,0.0,0.0,1.0,1.0,0.2511418366,0.2454458826,0.4905982697,0.6122448703,0.5724382606,0.6402872857
847,1.0,0.0,0.0,0.0,1.0,1.0,0.2442699445,0.2410003608,0.4767642343,0.6267607219,0.5531915722,0.6323523146
848,1.0,0.0,0.0,0.0,1.0,1.0,0.2477103034,0.2471932102,0.4733218982,0.6319452901,0.548042586,0.6402881453
849,1.0,0.0,0.0,0.0,1.0,1.0,0.2464379465,0.2445445928,0.4828767211,0.6180553246,0.5673757862,0.652173913
850,1.0,0.0,0.0,0.0,1.0,1.0,0.2494332687,0.2534042605,0.4752137009,0.6232875022,0.5567375572,0.6503498951
851,1.0,0.0,0.0,0.0,1.0,1.0,0.2630111006,0.2666354431,0.4787775817,0.6322578384,0.5618372687,0.6556290332
852,1.0,0.0,0.0,0.0,1.0,1.0,0.2621208909,0.2682712105,0.4754652332,0.625806782,0.5578946599,0.6405221043
853,1.0,0.0,0.0,0.0,1.0,1.0,0.2599898772,0.2692158425,0.4780405007,0.6233762867,0.5563381048,0.6339879769
854,1.0,0.0,0.0,0.0,1.0,1.0,0.2595515327,0.2655858322,0.4671164356,0.623376405,0.552447438,0.6315790164
855,1.0,0.0,0.0,0.0,1.0,1.0,0.2599218986,0.2778171258,0.4714765655,0.6258066191,0.5559439195,0.6352195449
856,1.0,0.0,0.0,0.0,1.0,1.0,0.2599219363,0.2735316435,0.4731543472,0.6322572712,0.5543860291,0.6346149147
857,1.0,0.0,0.0,0.0,1.0,1.0,0.2611604823,0.2708275146,0.479061877,0.6217950119,0.5629371499,0.6322582732
858,1.0,0.0,0.0,0.0,1.0,1.0,0.2586791804,0.2692159039,0.477310886,0.6298700462,0.5563381732,0.6339870468
859,1.0,0.0,0.0,0.0,1.0,1.0,0.2607241122,0.2770382299,0.4749163136,0.634614984,0.557894958,0.6392410514
860,1.0,0.0,0.0,0.0,1.0,1.0,0.2652940865,0.2793581305,0.4674458439,0.6163528956,0.5520833662,0.6273292159
861,1.0,0.0,0.0,0.0,1.0,1.0,0.2680623508,0.2828283181,0.4701987428,0.6358025919,0.5520834279,0.6380368932
862,1.0,0.0,0.0,0.0,1.0,1.0,0.255247093,0.2725747819,0.4676617084,0.6233768921,0.5524475208,0.6282050791
863,1.0,0.0,0.0,0.0,1.0,1.0,0.2535897729,0.2797732806,0.4709785214,0.6274509546,0.5528167557,0.6352204437
864,1.0,0.0,0.0,0.0,1.0,1.0,0.2490410658,0.2689471114,0.4721311066,0.6315789474,0.5555554778,0.6451612064
865,1.0,0.0,0.0,0.0,1.0,1.0,0.2502667016,0.2732039317,0.4666666998,0.6168824285,0.5467127197,0.626581927
866,1.0,0.0,0.0,0.0,1.0,1.0,0.251905122,0.277816919,0.4631751042,0.6363635158,0.548951039,0.6477987341
867,1.0,0.0,0.0,0.0,1.0,1.0,0.2461919386,0.2785901753,0.4730832443,0.6357618906,0.557491272,0.6312504971
868,1.0,0.0,0.0,0.0,1.0,1.0,0.2392104147,0.2744944555,0.4704918257,0.6438358859,0.5528168773,0.6410256073
869,1.0,0.0,0.0,0.0,1.0,1.0,0.2412448369,0.2789962287,0.4745484347,0.6326532267,0.5583038696,0.626582366
870,1.0,0.0,0.0,0.0,1.0,1.0,0.2375723925,0.276441194,0.4721310748,0.6206895116,0.5531916032,0.6346151365
871,1.0,0.0,0.0,0.0,1.0,1.0,0.2338070318,0.2774250078,0.4744645833,0.6126753107,0.5516013759,0.6153851163
872,1.0,0.0,0.0,0.0,1.0,1.0,0.2323904465,0.2799856782,0.468292671,0.6223777339,0.5531912784,0.6202527163
873,1.0,0.0,0.0,0.0,1.0,1.0,0.2266272395,0.2829959978,0.4584012713,0.6187045559,0.5340500945,0.6139240093
874,1.0,0.0,0.0,0.0,1.0,1.0,0.2286307086,0.2915034924,0.4624183198,0.6071420213,0.5362319217,0.6149068481
875,1.0,0.0,0.0,0.0,1.0,1.0,0.2318964807,0.2991033494,0.4640522075,0.6126757201,0.5364962136,0.6219510973
876,1.0,0.0,0.0,0.0,1.0,1.0,0.2371834279,0.3016497073,0.4648117881,0.6068972535,0.5345454721,0.6265060538
877,1.0,0.0,0.0,0.0,1.0,1.0,0.2306406037,0.2980154692,0.4713583611,0.6028362423,0.5454548542,0.6158530177
878,1.0,0.0,0.0,0.0,1.0,1.0,0.2364966016,0.2983945593,0.4700161953,0.6027390633,0.5467624932,0.614457575
879,1.0,0.0,0.0,0.0,1.0,1.0,0.2409077119,0.3041779849,0.4674266972,0.5945945196,0.5434781881,0.6071424643
880,1.0,0.0,0.0,0.0,1.0,1.0,0.2462392004,0.3073822197,0.46698878,0.5882355307,0.546762712,0.6081865943
881,1.0,0.0,0.0,0.0,1.0,1.0,0.2458434661,0.3098631216,0.4678456968,0.5817004496,0.5483871449,0.606936785
882,1.0,0.0,0.0,0.0,1.0,1.0,0.2558958563,0.3158951782,0.4653783779,0.5849053164,0.5464286216,0.6158194139
883,1.0,0.0,0.0,0.0,1.0,1.0,0.2510674397,0.3163702654,0.4637681872,0.5769225155,0.5431656042,0.6136366042
884,1.0,0.0,0.0,0.0,1.0,1.0,0.250261622,0.318818219,0.4638844696,0.5705129303,0.5483872511,0.6067410024
885,1.0,0.0,0.0,0.0,1.0,1.0,0.2494583183,0.3193161017,0.4653783737,0.5677422348,0.5451261758,0.5988704368
886,1.0,0.0,0.0,0.0,1.0,1.0,0.2462394782,0.3139039779,0.470209275,0.568627451,0.5523466897,0.5977018646
887,1.0,0.0,0.0,0.0,1.0,1.0,0.2494555821,0.3228122318,0.4667747425,0.5649350995,0.5474454983,0.5988701939
888,1.0,0.0,0.0,0.0,1.0,1.0,0.262333255,0.336768678,0.4573269056,0.570552124,0.5398549629,0.5967738896
889,1.0,0.0,0.0,0.0,1.0,1.0,0.2614913794,0.3313369421,0.4638844259,0.5766867346,0.5434784158,0.6065578038
890,1.0,0.0,0.0,0.0,1.0,1.0,0.253063525,0.323455839,0.4599357996,0.5822781474,0.5381817989,0.6123592285
891,1.0,0.0,0.0,0.0,1.0,1.0,0.2510523812,0.3211202699,0.4705882836,0.5886071724,0.5487364729,0.6011227861
892,1.0,0.0,0.0,0.0,1.0,1.0,0.2636757712,0.3295647291,0.4660347271,0.5688615904,0.5519711885,0.5978257358
893,1.0,0.0,0.0,0.0,1.0,1.0,0.2490569939,0.3276559164,0.4662379151,0.5677417616,0.5457876536,0.5921784058
894,1.0,0.0,0.0,0.0,1.0,1.0,0.2086926391,0.289801206,0.4551387217,0.5781249493,0.524163338,0.5961537438
895,1.0,0.0,0.0,0.0,1.0,1.0,0.1406499109,0.2680495656,0.4817879677,0.599999019,0.5210729774,0.5928566536
896,1.0,0.0,0.0,0.0,1.0,1.0,0.1160969133,0.254684199,0.4696968605,0.6086951318,0.5057915181,0.5984842087
897,1.0,0.0,0.0,0.0,1.0,1.0,0.1149360568,0.2555823355,0.476666589,0.6521752182,0.5152672525,0.5895521235
898,1.0,0.0,0.0,0.0,1.0,1.0,0.1178743143,0.2584763242,0.4667774,0.6338010582,0.505747072,0.6000003054
899,1.0,0.0,0.0,0.0,1.0,1.0,0.1198015197,0.2517533658,0.4597701749,0.6301380025,0.5075756441,0.6165412592
900,1.0,0.0,0.0,0.0,1.0,1.0,0.199240292,0.2868767489,0.4586709537,0.5691048256,0.5259258974,0.6
901,1.0,0.0,0.0,0.0,1.0,1.0,0.2570450729,0.3259047814,0.4616613408,0.5652176723,0.5434780725,0.5999995376
902,1.0,0.0,0.0,0.0,1.0,1.0,0.2759295618,0.34287423,0.4590690635,0.5639539306,0.5328469144,0.5957440463
903,1.0,0.0,0.0,0.0,1.0,1.0,0.2830419158,0.3409649149,0.4592000406,0.5762707892,0.5379061953,0.6137562131
904,1.0,0.0,0.0,0.0,1.0,1.0,0.2762033625,0.3391608115,0.4568690506,0.5549138246,0.5379062106,0.6063828134
905,1.0,0.0,0.0,0.0,1.0,1.0,0.2773568487,0.3427687046,0.456140348,0.5689651502,0.5415162401,0.6052629299
906,1.0,0.0,0.0,0.0,1.0,1.0,0.2862402091,0.3458212599,0.4607999851,0.5754191451,0.5362316637,0.6125651342
907,1.0,0.0,0.0,0.0,1.0,1.0,0.2947070056,0.3517889156,0.4567307084,0.5760874443,0.5379062273,0.6102563505
908,1.0,0.0,0.0,0.0,1.0,1.0,0.2953621957,0.3510581162,0.4664536203,0.5783781534,0.5448026349,0.5969389434
909,1.0,0.0,0.0,0.0,1.0,1.0,0.2931054974,0.3528496113,0.4599359337,0.573770455,0.534050381,0.6040609878
910,1.0,0.0,0.0,0.0,1.0,1.0,0.2910376058,0.3462351861,0.460799964,0.5769228574,0.5392854336,0.6082474337
911,1.0,0.0,0.0,0.0,1.0,1.0,0.2816897744,0.3426658142,0.4649682315,0.5762706712,0.5392857631,0.5989583726
912,1.0,0.0,0.0,0.0,1.0,1.0,0.2762034424,0.3343328436,0.4568690085,0.5780345011,0.540925462,0.6063833559
913,1.0,0.0,0.0,0.0,1.0,1.0,0.2631812969,0.3217627776,0.4604200296,0.5889563937,0.535971203,0.6145251268
914,1.0,0.0,0.0,0.0,1.0,1.0,0.2486417449,0.3034020033,0.4569105051,0.575163496,0.5464286414,0.6176470947
915,1.0,0.0,0.0,0.0,1.0,1.0,0.2576557632,0.3073820683,0.4515598003,0.5859870871,0.5359710077,0.6315793875
916,1.0,0.0,0.0,0.0,1.0,1.0,0.2514935463,0.3051866569,0.4575163791,0.6038968008,0.5428569036,0.61988302
917,1.0,0.0,0.0,0.0,1.0,1.0,0.2311411159,0.2880954327,0.467426733,0.6267605735,0.5551601592,0.6234567823
918,1.0,0.0,0.0,0.0,1.0,1.0,0.2478486201,0.29457237,0.463768104,0.6103901128,0.5473686069,0.6249996943
919,1.0,0.0,0.0,0.0,1.0,1.0,0.2449928528,0.2917948529,0.4675325162,0.6026487007,0.5524474973,0.6227550575
920,1.0,0.0,0.0,0.0,1.0,1.0,0.2426298122,0.2904953676,0.4694534442,0.6026481737,0.5501729844,0.625
921,1.0,0.0,0.0,0.0,1.0,1.0,0.2462393762,0.2939536007,0.4766504998,0.5947706995,0.5605535658,0.6176465983
922,1.0,0.0,0.0,0.0,1.0,1.0,0.2442365425,0.2887660956,0.4678456921,0.6052629053,0.5501728695,0.6227545209
923,1.0,0.0,0.0,0.0,1.0,1.0,0.2365828194,0.2801204915,0.4718196259,0.6122451817,0.5570936849,0.6296304708
924,1.0,0.0,0.0,0.0,1.0,1.0,0.2401882823,0.2870366799,0.4790322023,0.610737762,0.5640137457,0.6204826398
925,1.0,0.0,0.0,0.0,1.0,1.0,0.2418004797,0.2835786833,0.4758063657,0.6133335155,0.5605536295,0.628049291
926,1.0,0.0,0.0,0.0,1.0,1.0,0.254727893,0.291503869,0.4740259383,0.6114651015,0.5555554367,0.6309527885
927,1.0,0.0,0.0,0.0,1.0,1.0,0.2526952683,0.2949743134,0.4764991435,0.6025636515,0.5659723435,0.6235298197
928,1.0,0.0,0.0,0.0,1.0,1.0,0.2494555781,0.2890371423,0.4700161398,0.6103897669,0.5505228357,0.6325294247
929,1.0,0.0,0.0,0.0,1.0,1.0,0.2534935439,0.2929400839,0.4701130276,0.6050954343,0.5551721881,0.617647586
930,1.0,0.0,0.0,0.0,1.0,1.0,0.2486416125,0.2942608644,0.4715446607,0.6078432986,0.5505228237,0.6272188247
931,1.0,0.0,0.0,0.0,1.0,1.0,0.2442002915,0.2880337488,0.4708737641,0.6092708644,0.552083293,0.6204822076
932,1.0,0.0,0.0,0.0,1.0,1.0,0.2534701303,0.2946628931,0.4719101439,0.6202537419,0.5517243214,0.6315787573
933,1.0,0.0,0.0,0.0,1.0,1.0,0.2470528677,0.2939535891,0.473515335,0.6038964274,0.5501730476,0.6176477764
934,1.0,0.0,0.0,0.0,1.0,1.0,0.2522552817,0.2936505246,0.4744409261,0.6012660673,0.5567011174,0.6140356514
935,1.0,0.0,0.0,0.0,1.0,1.0,0.245869206,0.2929399398,0.4728434589,0.5974032429,0.5586206749,0.6117649492
936,1.0,0.0,0.0,0.0,1.0,1.0,0.2474653982,0.2946633695,0.4680512039,0.6064511635,0.5551724441,0.6140351295
937,1.0,0.0,0.0,0.0,1.0,1.0,0.2506639154,0.2956823718,0.4758842077,0.6025639494,0.5605536493,0.619882963
938,1.0,0.0,0.0,0.0,1.0,1.0,0.2494605691,0.2991408338,0.4704001032,0.6025645263,0.5570932566,0.6242780079
939,1.0,0.0,0.0,0.0,1.0,1.0,0.2486576054,0.2939534753,0.4686997282,0.6064508079,0.55363305,0.6235296852
940,1.0,0.0,0.0,0.0,1.0,1.0,0.2482585987,0.2912170446,0.4711538156,0.6000002624,0.5586206027,0.6213012483
941,1.0,0.0,0.0,0.0,1.0,1.0,0.2558570598,0.3005195527,0.4768000382,0.5937506459,0.5532645353,0.6171422564
942,1.0,0.0,0.0,0.0,1.0,1.0,0.2526589142,0.2960674523,0.4752000122,0.5949366592,0.5616439954,0.6184973031
943,1.0,0.0,0.0,0.0,1.0,1.0,0.2554844438,0.2946629915,0.4453375521,0.6037740719,0.524137953,0.6081871556
944,1.0,0.0,0.0,0.0,1.0,1.0,0.2539035186,0.2935422597,0.4077669639,0.6114643648,0.4895103725,0.6130952237
945,1.0,0.0,0.0,0.0,1.0,1.0,0.2510754979,0.2890372547,0.4116694302,0.6064512559,0.4982577344,0.6204814387
946,1.0,0.0,0.0,0.0,1.0,1.0,0.2385764835,0.2801206244,0.4032258145,0.6081073195,0.4878893829,0.6111104059
947,1.0,0.0,0.0,0.0,1.0,1.0,0.2307652647,0.2698840725,0.414634261,0.6197189659,0.4947736709,0.6258060731
948,1.0,0.0,0.0,0.0,1.0,1.0,0.2396035824,0.281532965,0.4137931433,0.6232881436,0.4929579461,0.6187493628
949,1.0,0.0,0.0,0.0,1.0,1.0,0.2334222513,0.2762542824,0.4210527279,0.6197183299,0.496478951,0.6114650503
950,1.0,0.0,0.0,0.0,1.0,1.0,0.2412446303,0.2743220677,0.3957306921,0.6258510169,0.4755245202,0.6050952035
951,1.0,0.0,0.0,0.0,1.0,1.0,0.2344782961,0.2685332271,0.3843593988,0.6241131944,0.4590746435,0.6092713046
952,1.0,0.0,0.0,0.0,1.0,1.0,0.2469979918,0.2758879291,0.3862520355,0.6158943287,0.4652778115,0.6100630668
953,1.0,0.0,0.0,0.0,1.0,1.0,0.2374910955,0.2654764267,0.38943888,0.6388888889,0.4722221435,0.5947715035
954,1.0,0.0,0.0,0.0,1.0,1.0,0.240729317,0.263838626,0.3853819811,0.6275863638,0.465034824,0.615894736
955,1.0,0.0,0.0,0.0,1.0,1.0,0.244863351,0.2700245423,0.3966666706,0.6258508654,0.4701754349,0.6038958817
956,1.0,0.0,0.0,0.0,1.0,1.0,0.2465291131,0.2646602647,0.381666658,0.6351354652,0.4634147792,0.6118419836
957,1.0,0.0,0.0,0.0,1.0,1.0,0.2502831009,0.2639368695,0.3891708926,0.6418917366,0.4753520606,0.6200006935
958,1.0,0.0,0.0,0.0,1.0,1.0,0.2439716045,0.2586585929,0.3838383167,0.6275860643,0.4718308447,0.6122447592
959,1.0,0.0,0.0,0.0,1.0,1.0,0.2460424239,0.2560409019,0.3955857032,0.6344836524,0.4805653876,0.6206896552
960,1.0,0.0,0.0,0.0,1.0,1.0,0.2545266057,0.2595724189,0.3904924031,0.6266671058,0.47349838,0.6258508157
961,1.0,0.0,0.0,0.0,1.0,1.0,0.2473195182,0.2516199585,0.3881356405,0.6369860651,0.4718311557,0.6153838568
962,1.0,0.0,0.0,0.0,1.0,1.0,0.2447613319,0.24544604,0.3877552004,0.6319447864,0.4699645973,0.6115116513
963,1.0,0.0,0.0,0.0,1.0,1.0,0.2468810365,0.2445815131,0.3986370323,0.6344825681,0.4823944109,0.6187042689
964,1.0,0.0,0.0,0.0,1.0,1.0,0.2420793585,0.2322644861,0.4290656941,0.614285979,0.5105633654,0.6212124648
965,1.0,0.0,0.0,0.0,1.0,1.0,0.2417173854,0.2340243899,0.4288164115,0.6170217679,0.5140845625,0.624060507
966,1.0,0.0,0.0,0.0,1.0,1.0,0.2515834273,0.2428218232,0.4327586894,0.6232883533,0.5176058365,0.6304355461
967,1.0,0.0,0.0,0.0,1.0,1.0,0.2472664132,0.2374558139,0.4342560262,0.6293713035,0.5212766108,0.6343290481
968,1.0,0.0,0.0,0.0,1.0,1.0,0.252472366,0.2471927543,0.4285713787,0.6275851577,0.5124552305,0.6187053577
969,1.0,0.0,0.0,0.0,1.0,1.0,0.257196761,0.246341506,0.4248704758,0.6241603983,0.5140846,0.6285706841
970,1.0,0.0,0.0,0.0,1.0,1.0,0.2619224913,0.2437237338,0.4224137191,0.6315791565,0.5087720722,0.6330939523
971,1.0,0.0,0.0,0.0,1.0,1.0,0.2571966465,0.2454460205,0.423143336,0.6308720322,0.508833921,0.6330927479
972,1.0,0.0,0.0,0.0,1.0,1.0,0.2559124204,0.2454460992,0.423875448,0.6283777735,0.5053003446,0.6259001118
973,1.0,0.0,0.0,0.0,1.0,1.0,0.2589225881,0.2481134121,0.428324609,0.6266667021,0.5139861651,0.6338026388
974,1.0,0.0,0.0,0.0,1.0,1.0,0.2670922666,0.2533796851,0.4224137704,0.6387094399,0.5070422877,0.6388898759
975,1.0,0.0,0.0,0.0,1.0,1.0,0.2576417803,0.2454458773,0.4273357616,0.6442953654,0.5088339423,0.6402883418
976,1.0,0.0,0.0,0.0,1.0,1.0,0.2584762549,0.2463411924,0.4258620009,0.6466665454,0.5105634866,0.6428581373
977,1.0,0.0,0.0,0.0,1.0,1.0,0.2515835991,0.2419145449,0.4224138588,0.6369852359,0.5088341116,0.627736391
978,1.0,0.0,0.0,0.0,1.0,1.0,0.2576415627,0.2445816524,0.4273356389,0.6375844298,0.5070421205,0.6258989616
979,1.0,0.0,0.0,0.0,1.0,1.0,0.2498603217,0.2356837698,0.4305554721,0.6319444254,0.5177305363,0.6315787907
980,1.0,0.0,0.0,0.0,1.0,1.0,0.2584763986,0.243723688,0.4224137601,0.6333343646,0.5087718367,0.6258992284
981,1.0,0.0,0.0,0.0,1.0,1.0,0.2584763199,0.2463659062,0.4258620432,0.6266675981,0.5104896902,0.6312053899
982,1.0,0.0,0.0,0.0,1.0,1.0,0.2601994457,0.2489839206,0.4224137364,0.6225156048,0.5052631134,0.6267608822
983,1.0,0.0,0.0,0.0,1.0,1.0,0.2524543179,0.2436800253,0.4290658045,0.6301377054,0.5123675292,0.6304353708
984,1.0,0.0,0.0,0.0,1.0,1.0,0.2533066899,0.2454458682,0.4327586176,0.6190478146,0.5123676368,0.6258994576
985,1.0,0.0,0.0,0.0,1.0,1.0,0.2559126065,0.2445817051,0.4204151875,0.6216215492,0.5105633016,0.625899568
986,1.0,0.0,0.0,0.0,1.0,1.0,0.259305283,0.2480884339,0.4261167854,0.6225165304,0.5070921418,0.6214276589
987,1.0,0.0,0.0,0.0,1.0,1.0,0.2593056178,0.2507434521,0.4243985936,0.6291384296,0.5088341041,0.6267607796
988,1.0,0.0,0.0,0.0,1.0,1.0,0.2571965036,0.2454463435,0.4300518752,0.6174494724,0.51943461,0.6474813945
989,1.0,0.0,0.0,0.0,1.0,1.0,0.2575880243,0.2489776285,0.4295532829,0.6266659194,0.5159011412,0.6241131631
990,1.0,0.0,0.0,0.0,1.0,1.0,0.2528708,0.2428223132,0.43201386,0.6190473574,0.5176054324,0.6231877271
991,1.0,0.0,0.0,0.0,1.0,1.0,0.2584172555,0.2533796979,0.41952057,0.6291387498,0.5070420808,0.6250006912
992,1.0,0.0,0.0,0.0,1.0,1.0,0.2571461239,0.2498604651,0.4339622642,0.6199996559,0.5211265343,0.6267614986
993,1.0,0.0,0.0,0.0,1.0,1.0,0.2550296887,0.2542747101,0.4293103696,0.6081078179,0.515900894,0.6180559196
994,1.0,0.0,0.0,0.0,1.0,1.0,0.2575353217,0.2481133358,0.4232082223,0.6158938199,0.5139861904,0.6338028965
995,1.0,0.0,0.0,0.0,1.0,1.0,0.2554316393,0.248100844,0.4288163688,0.6241608537,0.514084444,0.6312060323
996,1.0,0.0,0.0,0.0,1.0,1.0,0.2494305927,0.2427722081,0.4320136883,0.6275868438,0.5177305844,0.6350358148
997,1.0,0.0,0.0,0.0,1.0,1.0,0.255829968,0.2533797216,0.4215017466,0.626666347,0.5105633766,0.6319448491
998,1.0,0.0,0.0,0.0,1.0,1.0,0.2605745914,0.2533798202,0.4253858868,0.611841881,0.5105635272,0.625000865
999,1.0,0.0,0.0,0.0,1.0,1.0,0.2545586343,0.2516199906,0.4256410134,0.624160211,0.5140846232,0.6293704147
1000,1.0,0.0,0.0,0.0,1.0,1.0,0.2498605039,0.2420793499,0.4155405297,0.6351356843,0.501730099,0.6214280191
1001,1.0,0.0,0.0,0.0,1.0,1.0,0.2490133963,0.2446188695,0.4237287143,0.6394561587,0.5069929734,0.6214279593
1002,1.0,0.0,0.0,0.0,1.0,1.0,0.2515602407,0.2472305705,0.4251701656,0.6283787684,0.5087721488,0.609929784
1003,1.0,0.0,0.0,0.0,1.0,1.0,0.2557495493,0.2498603728,0.424242391,0.631578878,0.5138886474,0.624999826
1004,1.0,0.0,0.0,0.0,1.0,1.0,0.25699926,0.2515836211,0.4268906783,0.6274510315,0.5137929066,0.6164373265
1005,1.0,0.0,0.0,0.0,1.0,1.0,0.2612369021,0.2542137105,0.4249577563,0.6322579724,0.508710893,0.6164383184
1006,1.0,0.0,0.0,0.0,1.0,1.0,0.2569991716,0.2524542434,0.4268908699,0.6274508779,0.5086502785,0.6232878589
1007,1.0,0.0,0.0,0.0,1.0,1.0,0.2511417547,0.2411846718,0.4615385134,0.6258502124,0.5451387084,0.6330933721
1008,1.0,0.0,0.0,0.0,1.0,1.0,0.2554320281,0.2472486484,0.4682676269,0.6107380904,0.5540070315,0.62676152
1009,1.0,0.0,0.0,0.0,1.0,1.0,0.255029985,0.2446183675,0.468965499,0.6081076914,0.5489511338,0.6285713071
1010,1.0,0.0,0.0,0.0,1.0,1.0,0.2485659567,0.2333192098,0.4715026014,0.6180553046,0.5505226979,0.6343272994
1011,1.0,0.0,0.0,0.0,1.0,1.0,0.2159073242,0.1963816464,0.4494772682,0.612903639,0.5228069479,0.6249995569
1012,1.0,0.0,0.0,0.0,1.0,1.0,0.1706794161,0.134676469,0.4542253779,0.5670107148,0.5106383282,0.5657892303
1013,1.0,0.0,0.0,0.0,1.0,1.0,0.15554848,0.1384121612,0.472271825,0.5172406125,0.5071942121,0.4545470534
1014,1.0,0.0,0.0,0.0,1.0,1.0,0.163029529,0.1382205084,0.4609929351,0.4782613354,0.4999998253,0.4358962045
1015,1.0,0.0,0.0,0.0,1.0,1.0,0.1612575005,0.139706914,0.4698581593,0.4835168657,0.5053764088,0.4358967856
1016,1.0,0.0,0.0,0.0,1.0,1.0,0.1639015708,0.137915794,0.4563280106,0.4891316683,0.4910396792,0.4155847542
1017,1.0,0.0,0.0,0.0,1.0,1.0,0.1597686098,0.1369342277,0.4547069309,0.5444439563,0.5053382021,0.5064940733
1018,1.0,0.0,0.0,0.0,1.0,1.0,0.1578067112,0.1337281279,0.452631632,0.5777791491,0.5140847553,0.5131581351
1019,1.0,0.0,0.0,0.0,1.0,1.0,0.1579012991,0.1253778856,0.463195717,0.613635283,0.5197132156,0.5999994307
1020,1.0,0.0,0.0,0.0,1.0,1.0,0.1785341977,0.1478048031,0.4483362467,0.5882340412,0.5176057806,0.5833323536
1021,1.0,0.0,0.0,0.0,1.0,1.0,0.2182489369,0.1928748811,0.4627382968,0.6031738777,0.5368422006,0.6181808991
1022,1.0,0.0,0.0,0.0,1.0,1.0,0.2597516995,0.2377146485,0.4629948047,0.6225168994,0.5486111909,0.6423357344
1023,1.0,0.0,0.0,0.0,1.0,1.0,0.2906541869,0.2789540619,0.4642858287,0.6198832852,0.5547947601,0.6134972238
1024,1.0,0.0,0.0,0.0,1.0,1.0,0.2957531925,0.2943561425,0.4625850161,0.6321842771,0.5547947848,0.6046512167
1025,1.0,0.0,0.0,0.0,1.0,1.0,0.3025521275,0.2970847247,0.4727891624,0.6235958951,0.5567010829,0.612716979
1026,1.0,0.0,0.0,0.0,1.0,1.0,0.3066083076,0.3039542225,0.4661018228,0.624308983,0.5567012222,0.6101696257
1027,1.0,0.0,0.0,0.0,1.0,1.0,0.2988197835,0.2977790716,0.4594593591,0.6158190368,0.5582190703,0.6149423505
1028,1.0,0.0,0.0,0.0,1.0,1.0,0.2937550332,0.2936505112,0.4577701937,0.6206899343,0.5429553312,0.619882511
1029,1.0,0.0,0.0,0.0,1.0,1.0,0.283855031,0.2772423728,0.4387754625,0.6287425078,0.5376712329,0.6296291261
1030,1.0,0.0,0.0,0.0,1.0,1.0,0.2850702187,0.2783913361,0.451612939,0.6190470491,0.5397924417,0.6149060178
1031,1.0,0.0,0.0,0.0,1.0,1.0,0.2811991155,0.2749328617,0.4508475047,0.6144578749,0.5432525736,0.6163528344
1032,1.0,0.0,0.0,0.0,1.0,1.0,0.2804556211,0.2732037762,0.4489795918,0.6181819511,0.5397922781,0.6265815054
1033,1.0,0.0,0.0,0.0,1.0,1.0,0.2855545552,0.2789538767,0.4453781869,0.6176471987,0.5342464948,0.6196314529
1034,1.0,0.0,0.0,0.0,1.0,1.0,0.2802491413,0.2711798127,0.4493242732,0.6204823205,0.542662144,0.6289303182
1035,1.0,0.0,0.0,0.0,1.0,1.0,0.2824142206,0.2721082794,0.4534685898,0.6167666191,0.5479451581,0.616351722
1036,1.0,0.0,0.0,0.0,1.0,1.0,0.2824142441,0.2696090247,0.4500846508,0.6227547722,0.5395188422,0.6242036014
1037,1.0,0.0,0.0,0.0,1.0,1.0,0.2853136488,0.2730435959,0.4527026785,0.6094673708,0.539518861,0.6226412938
1038,1.0,0.0,0.0,0.0,1.0,1.0,0.2831468877,0.2721082182,0.4418213221,0.6249997017,0.5342466082,0.6163529465
1039,1.0,0.0,0.0,0.0,1.0,1.0,0.2785604826,0.2678918257,0.444256883,0.6121208226,0.53264616,0.6153844143
1040,1.0,0.0,0.0,0.0,1.0,1.0,0.2567057719,0.2463656732,0.4452054124,0.6266670087,0.5209790284,0.6382982696
1041,1.0,0.0,0.0,0.0,1.0,1.0,0.2368921305,0.213915758,0.4480968581,0.6058391466,0.5263157895,0.6311473643
1042,1.0,0.0,0.0,0.0,1.0,1.0,0.2146568611,0.1897895801,0.4467354287,0.592,0.5226482854,0.6330275229
1043,1.0,0.0,0.0,0.0,1.0,1.0,0.1831436965,0.1636407857,0.4712041831,0.5904768343,0.5316902166,0.6344091949
1044,1.0,0.0,0.0,0.0,1.0,1.0,0.178847255,0.1536244683,0.4701754032,0.5784310459,0.5265019476,0.6206889421
1045,1.0,0.0,0.0,0.0,1.0,1.0,0.1908656145,0.1659909811,0.4722222271,0.5818166816,0.5384615656,0.6210526986
1046,1.0,0.0,0.0,0.0,1.0,1.0,0.2289319683,0.2085043155,0.4683760894,0.5895529905,0.5413793021,0.6280986855
1047,1.0,0.0,0.0,0.0,1.0,1.0,0.2383677771,0.22132991,0.4633730498,0.6071433249,0.5397925996,0.6249992042
1048,1.0,0.0,0.0,0.0,1.0,1.0,0.244795689,0.234351982,0.4493243949,0.6068965422,0.5344827168,0.62500037
1049,1.0,0.0,0.0,0.0,1.0,1.0,0.2645088766,0.2490075665,0.452261258,0.6075953422,0.542662208,0.6301365684
1050,1.0,0.0,0.0,0.0,1.0,1.0,0.2607239707,0.2481494202,0.4448161271,0.6217951858,0.5342464811,0.6206891291
1051,1.0,0.0,0.0,0.0,1.0,1.0,0.2627485258,0.2541239921,0.454243012,0.6265817722,0.5426621406,0.6308722122
1052,1.0,0.0,0.0,0.0,1.0,1.0,0.2602885125,0.2541242761,0.4557595956,0.6153850168,0.5358361787,0.6308730883
1053,1.0,0.0,0.0,0.0,1.0,1.0,0.2650546386,0.2568011074,0.4611486465,0.6178343214,0.5486111912,0.6283789209
1054,1.0,0.0,0.0,0.0,1.0,1.0,0.2636255638,0.253282926,0.460767987,0.6329117316,0.5479452622,0.6486490536
1055,1.0,0.0,0.0,0.0,1.0,1.0,0.2620385182,0.2550299557,0.4621849201,0.6025641677,0.5448276098,0.6283782969
1056,1.0,0.0,0.0,0.0,1.0,1.0,0.2222894919,0.2126473359,0.4620689855,0.5968997121,0.531914834,0.6416665019
1057,1.0,0.0,0.0,0.0,1.0,1.0,0.1438045799,0.1369604898,0.4892085657,0.5374991553,0.5111110952,0.5810806227
1058,1.0,0.0,0.0,0.0,1.0,1.0,0.1394152176,0.1560467201,0.4891304475,0.4935069953,0.509293505,0.4761922754
1059,1.0,0.0,0.0,0.0,1.0,1.0,0.1369340808,0.1548949999,0.4750888665,0.5324671281,0.5129152243,0.5119055548
1060,1.0,0.0,0.0,0.0,1.0,1.0,0.1810836906,0.1743628947,0.4512195619,0.5865381414,0.5143885524,0.5773196093
1061,1.0,0.0,0.0,0.0,1.0,1.0,0.225736191,0.2213052106,0.4637931785,0.6106863818,0.5321429834,0.6290312954
1062,1.0,0.0,0.0,0.0,1.0,1.0,0.249019323,0.247248796,0.4528620134,0.6148646892,0.536585426,0.6338016924
1063,1.0,0.0,0.0,0.0,1.0,1.0,0.2639723726,0.2670920258,0.4518272464,0.6226408859,0.541379356,0.6322581991
1064,1.0,0.0,0.0,0.0,1.0,1.0,0.2597886794,0.2652629294,0.4437085497,0.6114651264,0.5308219876,0.6258063149
1065,1.0,0.0,0.0,0.0,1.0,1.0,0.2672926029,0.2714745764,0.4534884023,0.6149066067,0.5397922729,0.6305733139
1066,1.0,0.0,0.0,0.0,1.0,1.0,0.2681835991,0.2785898857,0.4500000973,0.6149057042,0.5331012868,0.6250001586
1067,1.0,0.0,0.0,0.0,1.0,1.0,0.2699836865,0.2768489135,0.4496644509,0.6211176882,0.5365852044,0.63521916
1068,1.0,0.0,0.0,0.0,1.0,1.0,0.271514928,0.280331198,0.449999962,0.6196321918,0.5400698303,0.639751631
1069,1.0,0.0,0.0,0.0,1.0,1.0,0.2746810759,0.2853075386,0.4503310976,0.6265061853,0.5363320386,0.6303027633
1070,1.0,0.0,0.0,0.0,1.0,1.0,0.2713715743,0.2803309346,0.4519867286,0.6341465512,0.5365853231,0.6273291304
1071,1.0,0.0,0.0,0.0,1.0,1.0,0.2656323998,0.2760694045,0.4468438787,0.6312501089,0.5349650921,0.6265820711
1072,1.0,0.0,0.0,0.0,1.0,1.0,0.2656323114,0.2768490393,0.4501660947,0.6187496814,0.5365855517,0.6289304871
1073,1.0,0.0,0.0,0.0,1.0,1.0,0.2677375527,0.281311624,0.4525791237,0.621118192,0.5384615113,0.6335407317
1074,1.0,0.0,0.0,0.0,1.0,1.0,0.2721250957,0.2828280715,0.4636962921,0.6181818625,0.5451388489,0.6257667804
1075,1.0,0.0,0.0,0.0,1.0,1.0,0.2697169761,0.2793579833,0.4652318527,0.6319014726,0.5451389748,0.6397522913
1076,1.0,0.0,0.0,0.0,1.0,1.0,0.274356765,0.2857991377,0.4575162967,0.6369047619,0.5445204626,0.6407181218
1077,1.0,0.0,0.0,0.0,1.0,1.0,0.2749699526,0.280120604,0.4612850584,0.6167673144,0.55017295,0.6172840584
1078,1.0,0.0,0.0,0.0,1.0,1.0,0.2716768536,0.2870369885,0.456342704,0.6181819742,0.5432527694,0.6265069197
1079,1.0,0.0,0.0,0.0,1.0,1.0,0.2758791059,0.2835790354,0.46115704,0.6287433839,0.5432524864,0.6402443529
1080,1.0,0.0,0.0,0.0,1.0,1.0,0.2749700436,0.2828281585,0.4563426919,0.6227546872,0.5416666813,0.6319027937
1081,1.0,0.0,0.0,0.0,1.0,1.0,0.2694002952,0.282298556,0.4592344822,0.6234565495,0.5403507291,0.6459627786
1082,1.0,0.0,0.0,0.0,1.0,1.0,0.2619569458,0.2743220652,0.4624373412,0.630573037,0.5454546728,0.630573037
1083,1.0,0.0,0.0,0.0,1.0,1.0,0.2715149987,0.2813112454,0.4633333885,0.619631744,0.5419581786,0.6211178968
1084,1.0,0.0,0.0,0.0,1.0,1.0,0.2565679423,0.2647647571,0.4630873331,0.6274504065,0.5368419888,0.6357612413
1085,1.0,0.0,0.0,0.0,1.0,1.0,0.255356626,0.2648695782,0.4585449309,0.6225162692,0.5406361043,0.6333329806
1086,1.0,0.0,0.0,0.0,1.0,1.0,0.2524012556,0.259572272,0.4627118106,0.6308724276,0.5441693031,0.6394555156
1087,1.0,0.0,0.0,0.0,1.0,1.0,0.2456257841,0.2587206801,0.4644068195,0.6413797816,0.5354609095,0.6369865152
1088,1.0,0.0,0.0,0.0,1.0,1.0,0.2515600442,0.263198042,0.462584965,0.628377525,0.5373666475,0.635135934
1089,1.0,0.0,0.0,0.0,1.0,1.0,0.2451458942,0.2516451154,0.4631217563,0.629371231,0.5392855195,0.6382967046
1090,1.0,0.0,0.0,0.0,1.0,1.0,0.2447265095,0.261502824,0.4589042208,0.6433567421,0.5304658254,0.6369864245
1091,1.0,0.0,0.0,0.0,1.0,1.0,0.2490076457,0.2605687832,0.4590443769,0.6369854225,0.5357143611,0.6301376709
1092,1.0,0.0,0.0,0.0,1.0,1.0,0.2502835697,0.2604927699,0.4619289774,0.635134882,0.5354611821,0.6258508534
1093,1.0,0.0,0.0,0.0,1.0,1.0,0.2540952713,0.2666353252,0.4661017463,0.6333334217,0.544169811,0.6291394478
1094,1.0,0.0,0.0,0.0,1.0,1.0,0.2455967673,0.2587207667,0.4658702479,0.6388889654,0.5390070747,0.6301372282
1095,1.0,0.0,0.0,0.0,1.0,1.0,0.2455967329,0.2596415,0.4590443542,0.6388891208,0.5373665924,0.6301359145
1096,1.0,0.0,0.0,0.0,1.0,1.0,0.2408910309,0.2597117746,0.4495725502,0.6312048604,0.530465764,0.6206895602
1097,1.0,0.0,0.0,0.0,1.0,1.0,0.2395921214,0.2596414425,0.4606165009,0.6357142139,0.5373665989,0.6232874827
1098,1.0,0.0,0.0,0.0,1.0,1.0,0.2336579695,0.2579205773,0.455631296,0.6423355848,0.5268818286,0.6388898947
1099,1.0,0.0,0.0,0.0,1.0,1.0,0.2325848273,0.2605686826,0.4536256718,0.6449280856,0.525000009,0.6301369674
1100,1.0,0.0,0.0,0.0,1.0,1.0,0.2365346231,0.2648697973,0.4533333886,0.6408446654,0.522968004,0.626667251
1101,1.0,0.0,0.0,0.0,1.0,1.0,0.2486175015,0.2736988802,0.4527362837,0.6399997331,0.533568701,0.6322578562
1102,1.0,0.0,0.0,0.0,1.0,1.0,0.2477955471,0.278791414,0.4528925797,0.633333242,0.5333335015,0.6289311021
1103,1.0,0.0,0.0,0.0,1.0,1.0,0.2572335935,0.287558856,0.4459015774,0.6178340286,0.5298244145,0.628049243
1104,1.0,0.0,0.0,0.0,1.0,1.0,0.2502667741,0.2803313139,0.4504065424,0.6363642313,0.5261323333,0.633540777
1105,1.0,0.0,0.0,0.0,1.0,1.0,0.2555573467,0.2862984204,0.4576547122,0.6242036901,0.5416667839,0.6363639713
1106,1.0,0.0,0.0,0.0,1.0,1.0,0.2445958406,0.2803313739,0.4586709574,0.655629652,0.5331011287,0.6459624401
1107,1.0,0.0,0.0,0.0,1.0,1.0,0.2527135036,0.2858053114,0.4584013831,0.6322574098,0.5298244113,0.6380372197
1108,1.0,0.0,0.0,0.0,1.0,1.0,0.238503229,0.2735316867,0.4529221426,0.632652974,0.5298244055,0.6410255034
1109,1.0,0.0,0.0,0.0,1.0,1.0,0.25265894,0.2870369132,0.4480000189,0.6265818302,0.5328719382,0.6445778259
1110,1.0,0.0,0.0,0.0,1.0,1.0,0.2406948959,0.2808773838,0.4577353053,0.6291384972,0.5379310077,0.6380371726
1111,1.0,0.0,0.0,0.0,1.0,1.0,0.2474503182,0.2862984469,0.461414747,0.6233767954,0.5416667994,0.6363637488
1112,1.0,0.0,0.0,0.0,1.0,1.0,0.2490570406,0.2907785095,0.4630225792,0.6193536701,0.5470384295,0.6347297233
1113,1.0,0.0,0.0,0.0,1.0,1.0,0.2518788008,0.2915037772,0.4604200183,0.6217951776,0.5416668908,0.6428565276
1114,1.0,0.0,0.0,0.0,1.0,1.0,0.2603725014,0.296001845,0.4579287153,0.6211180203,0.5400697198,0.62941125
1115,1.0,0.0,0.0,0.0,1.0,1.0,0.2641262883,0.2980791551,0.4551386452,0.6111111111,0.5403509262,0.6294121111
1116,1.0,0.0,0.0,0.0,1.0,1.0,0.2482164512,0.2952088854,0.4539473295,0.6092713721,0.5338079921,0.6204825088
1117,1.0,0.0,0.0,0.0,1.0,1.0,0.140332501,0.2024890589,0.4691780728,0.6463400127,0.5130110951,0.6422018698
1118,1.0,0.0,0.0,0.0,1.0,1.0,0.08760732597,0.2278422337,0.527728095,0.3265290832,0.5325670214,0.378150886
1119,1.0,0.0,0.0,0.0,1.0,1.0,0.09888470484,0.2394099364,0.5106006913,0.3035695077,0.5285170457,0.3492066109
1120,1.0,0.0,0.0,0.0,1.0,1.0,0.09276785469,0.2432606129,0.5008756583,0.3207541323,0.5358489324,0.3953479859
1121,1.0,0.0,0.0,0.0,1.0,1.0,0.1001167786,0.2114924042,0.476683973,0.5862067751,0.5093632157,0.5309725877
1122,1.0,0.0,0.0,0.0,1.0,1.0,0.1369792973,0.2039305273,0.4551607667,0.6543218269,0.5110292465,0.6306306968
1123,1.0,0.0,0.0,0.0,1.0,1.0,0.1998884595,0.2544368823,0.4554622603,0.6386554338,0.5311355581,0.6187049944
1124,1.0,0.0,0.0,0.0,1.0,1.0,0.2523345254,0.3016173132,0.4537953661,0.6143789368,0.5392857962,0.6213013038
1125,1.0,0.0,0.0,0.0,1.0,1.0,0.2610854778,0.3030799249,0.4559068803,0.6242032256,0.537905975,0.6309519761
1126,1.0,0.0,0.0,0.0,1.0,1.0,0.271090217,0.3125464544,0.4607841986,0.6084334556,0.5477030526,0.6214684546
1127,1.0,0.0,0.0,0.0,1.0,1.0,0.258448105,0.2977061021,0.454991904,0.6265819419,0.5496452203,0.6309524518
1128,1.0,0.0,0.0,0.0,1.0,1.0,0.2617196747,0.3012500781,0.4566283857,0.6250009389,0.5460993361,0.6294113003
1129,1.0,0.0,0.0,0.0,1.0,1.0,0.2592353509,0.2994782113,0.4567701014,0.6163525958,0.5460993906,0.6213015471
1130,1.0,0.0,0.0,0.0,1.0,1.0,0.26292497,0.3012500194,0.4575163426,0.6211184925,0.5496452452,0.6294122094
1131,1.0,0.0,0.0,0.0,1.0,1.0,0.2617196462,0.3019512152,0.4599018821,0.624999685,0.551236885,0.6315793196
1132,1.0,0.0,0.0,0.0,1.0,1.0,0.2706484455,0.3072486851,0.4469821251,0.6084334088,0.5406360105,0.6321843533
1133,1.0,0.0,0.0,0.0,1.0,1.0,0.2667374332,0.3094359479,0.4629324331,0.592592177,0.5444837544,0.620689415
1134,1.0,0.0,0.0,0.0,1.0,1.0,0.2704758921,0.3094358522,0.4587458647,0.5975610802,0.5480425774,0.6206889779
1135,1.0,0.0,0.0,0.0,1.0,1.0,0.2737744482,0.3147708738,0.4636964234,0.6084336178,0.5444838658,0.6271184509
1136,1.0,0.0,0.0,0.0,1.0,1.0,0.2676191798,0.3098628327,0.4545455303,0.6111122867,0.5376344125,0.6242769109
1137,1.0,0.0,0.0,0.0,1.0,1.0,0.268384054,0.3076573082,0.4563426633,0.6012270247,0.5409253577,0.618496644
1138,1.0,0.0,0.0,0.0,1.0,1.0,0.2666269271,0.308338213,0.4599018266,0.6073623666,0.5425529246,0.6264366681
1139,1.0,0.0,0.0,0.0,1.0,1.0,0.2682624877,0.3083383529,0.4615385376,0.6036589788,0.546099344,0.6321843875
1140,1.0,0.0,0.0,0.0,1.0,1.0,0.2703410621,0.3118824466,0.4655737429,0.6060606809,0.5460995827,0.6306814893
1141,1.0,0.0,0.0,0.0,1.0,1.0,0.2662985576,0.3058791658,0.4523026324,0.6049392287,0.5409251169,0.6337202592
1142,1.0,0.0,0.0,0.0,1.0,1.0,0.2679423766,0.3058788147,0.4539473208,0.6073622529,0.5409251515,0.627907141
1143,1.0,0.0,0.0,0.0,1.0,1.0,0.2675023356,0.3083383349,0.4548440503,0.6073620847,0.5425531725,0.626437288
1144,1.0,0.0,0.0,0.0,1.0,1.0,0.2620685844,0.3001859006,0.4592832735,0.6211177574,0.547703159,0.6352947553
1145,1.0,0.0,0.0,0.0,1.0,1.0,0.2571855125,0.3019513466,0.4674268166,0.613923258,0.5512367606,0.6315789474
1146,1.0,0.0,0.0,0.0,1.0,1.0,0.2543438493,0.2977057914,0.4681892486,0.6153851142,0.5496453557,0.6369051991
1147,1.0,0.0,0.0,0.0,1.0,1.0,0.254343831,0.2994779154,0.4649266608,0.6217946887,0.54255318,0.6272186868
1148,1.0,0.0,0.0,0.0,1.0,1.0,0.2506745403,0.2959340176,0.460911996,0.6233773183,0.5460994651,0.6347313461
1149,1.0,0.0,0.0,0.0,1.0,1.0,0.2482275076,0.2952088488,0.4624183094,0.6184215091,0.544483955,0.638554732
1150,1.0,0.0,0.0,0.0,1.0,1.0,0.2379623752,0.2883696256,0.4663382366,0.6275857348,0.5519714393,0.6335402789
1151,1.0,0.0,0.0,0.0,1.0,1.0,0.2404549349,0.2906175615,0.4615384615,0.619047619,0.5460992526,0.6219517015
1152,1.0,0.0,0.0,0.0,1.0,1.0,0.2367955599,0.287339506,0.4591503489,0.6275870422,0.5428572053,0.6335400024
1153,1.0,0.0,0.0,0.0,1.0,1.0,0.2376521713,0.2880950446,0.4543973379,0.6095892421,0.5338077917,0.6234562848
1154,1.0,0.0,0.0,0.0,1.0,1.0,0.2373472332,0.2870738469,0.4555733807,0.6258504255,0.5354612775,0.6296293017
1155,1.0,0.0,0.0,0.0,1.0,1.0,0.2338435053,0.2878252467,0.4535255377,0.6232882485,0.5335688408,0.6196326789
1156,1.0,0.0,0.0,0.0,1.0,1.0,0.2370469423,0.2888455828,0.4519230593,0.6148650453,0.5354611302,0.6196324891
1157,1.0,0.0,0.0,0.0,1.0,1.0,0.2438829524,0.2973692658,0.4529505161,0.6143784875,0.5352112625,0.6153837729
1158,1.0,0.0,0.0,0.0,1.0,1.0,0.2361140926,0.2952086628,0.4579288665,0.6095890118,0.5373664559,0.6084339613
1159,1.0,0.0,0.0,0.0,1.0,1.0,0.2418520906,0.2998326982,0.4471154023,0.5960267502,0.5285714442,0.613094296
1160,1.0,0.0,0.0,0.0,1.0,1.0,0.2381921929,0.2962631054,0.4573268244,0.594593843,0.5321429647,0.6204825401
1161,1.0,0.0,0.0,0.0,1.0,1.0,0.2394161411,0.2980478377,0.4565916582,0.5906032511,0.5357140662,0.622754847
1162,1.0,0.0,0.0,0.0,1.0,1.0,0.2450246706,0.299832294,0.4596774332,0.5986833128,0.535714195,0.6250001513
1163,1.0,0.0,0.0,0.0,1.0,1.0,0.2413564776,0.3001920934,0.4570501478,0.5906041475,0.5395684306,0.6167660164
1164,1.0,0.0,0.0,0.0,1.0,1.0,0.2393482306,0.3019896634,0.4579287562,0.587837866,0.5359712855,0.6130950268
1165,1.0,0.0,0.0,0.0,1.0,1.0,0.2373472049,0.2991162053,0.4604200975,0.585034042,0.537634377,0.6107783697
1166,1.0,0.0,0.0,0.0,1.0,1.0,0.2369645558,0.2991161337,0.45806447,0.5918373358,0.5376344761,0.6107782731
1167,1.0,0.0,0.0,0.0,1.0,1.0,0.2397361745,0.2973248514,0.4619125184,0.6081086156,0.5376343372,0.6204819576
1168,1.0,0.0,0.0,0.0,1.0,1.0,0.2325033557,0.2901605767,0.4458803805,0.6041676055,0.5232972868,0.6234565508
1169,1.0,0.0,0.0,0.0,1.0,1.0,0.2289046586,0.2827603574,0.4564515782,0.6197177704,0.5409251756,0.6163527391
1170,1.0,0.0,0.0,0.0,1.0,1.0,0.2311412703,0.2792032772,0.4560260684,0.6056340317,0.5444838265,0.6178344715
1171,1.0,0.0,0.0,0.0,1.0,1.0,0.1942902783,0.2507624618,0.4514003201,0.6440685874,0.53068589,0.6115106858
1172,1.0,0.0,0.0,0.0,1.0,1.0,0.1415876485,0.2204651955,0.4749999826,0.6235302787,0.5294119678,0.6166665797
1173,1.0,0.0,0.0,0.0,1.0,1.0,0.1131441832,0.220850377,0.4837049689,0.5454545455,0.5205995939,0.5169479511
1174,1.0,0.0,0.0,0.0,1.0,1.0,0.1040375192,0.218161462,0.4744026922,0.5737720338,0.5111938174,0.4957263011
1175,1.0,0.0,0.0,0.0,1.0,1.0,0.1047523751,0.2254376633,0.484536144,0.5573771041,0.5263158906,0.5
1176,1.0,0.0,0.0,0.0,1.0,1.0,0.1131442296,0.2189788082,0.4802743983,0.6060604207,0.5280899343,0.555555939
1177,1.0,0.0,0.0,0.0,1.0,1.0,0.1264050734,0.2031834983,0.4671164043,0.6399981581,0.5201466618,0.6216212754
1178,1.0,0.0,0.0,0.0,1.0,1.0,0.1581608961,0.2178269795,0.464646367,0.6276576117,0.527472564,0.596637744
1179,1.0,0.0,0.0,0.0,1.0,1.0,0.1929039335,0.2498603465,0.4608984774,0.6379309446,0.5326085093,0.6014486087
1180,1.0,0.0,0.0,0.0,1.0,1.0,0.2008925687,0.2535079422,0.4673366859,0.6416662926,0.5401459642,0.6258996523
1181,1.0,0.0,0.0,0.0,1.0,1.0,0.2333134062,0.2796272809,0.4635761562,0.6312061417,0.5415162139,0.6322585865
1182,1.0,0.0,0.0,0.0,1.0,1.0,0.2436860446,0.2926939545,0.4645798509,0.6216218049,0.5464284473,0.6280487656
1183,1.0,0.0,0.0,0.0,1.0,1.0,0.2461678872,0.2916521406,0.46469627,0.6266671406,0.5516011302,0.6280482392
1184,1.0,0.0,0.0,0.0,1.0,1.0,0.2469976906,0.2923898195,0.4664483914,0.6225168234,0.5496452127,0.6242425063
1185,1.0,0.0,0.0,0.0,1.0,1.0,0.2461921762,0.2952087435,0.4649265684,0.6158938972,0.5480425735,0.6325298552
1186,1.0,0.0,0.0,0.0,1.0,1.0,0.2396037743,0.2916521889,0.4564860252,0.6095893624,0.5409251942,0.6219507851
1187,1.0,0.0,0.0,0.0,1.0,1.0,0.2429312329,0.2944782743,0.4632951978,0.6107383282,0.546428693,0.6242421112
1188,1.0,0.0,0.0,0.0,1.0,1.0,0.2347792009,0.2891242693,0.4600325748,0.6111118968,0.5428571532,0.6234567203
1189,1.0,0.0,0.0,0.0,1.0,1.0,0.2298881653,0.2837697531,0.458401255,0.6170217086,0.5392858094,0.6226413638
1190,1.0,0.0,0.0,0.0,1.0,1.0,0.2268468325,0.2768238891,0.4555920537,0.6304341992,0.5359714878,0.6168831603
1191,1.0,0.0,0.0,0.0,1.0,1.0,0.2261030557,0.2748463713,0.4524589758,0.6304349078,0.535714349,0.6233766401
1192,1.0,0.0,0.0,0.0,1.0,1.0,0.2252032452,0.2758317185,0.4605262526,0.6423358538,0.5412186722,0.6168834801
1193,1.0,0.0,0.0,0.0,1.0,1.0,0.2230159973,0.2750261862,0.4611570342,0.6444442439,0.543165486,0.6274515008
1194,1.0,0.0,0.0,0.0,1.0,1.0,0.2306404109,0.2847870333,0.4566285341,0.6382982394,0.5376343227,0.6352201017
1195,1.0,0.0,0.0,0.0,1.0,1.0,0.226474516,0.2794138458,0.4630541622,0.6376813539,0.5448029004,0.6217957172
1196,1.0,0.0,0.0,0.0,1.0,1.0,0.2177001541,0.2704585141,0.465346585,0.636362646,0.5448031654,0.6225162229
1197,1.0,0.0,0.0,0.0,1.0,1.0,0.2195497036,0.2740403736,0.4590163742,0.6343275589,0.5412187578,0.6339870069
1198,1.0,0.0,0.0,0.0,1.0,1.0,0.2091089427,0.2642409279,0.4645799386,0.637796697,0.5431654438,0.6258506622
1199,1.0,0.0,0.0,0.0,1.0,1.0,0.2074003707,0.2624435056,0.4607843662,0.6377957075,0.539568287,0.6232882095
1200,1.0,0.0,0.0,0.0,1.0,1.0,0.2031654928,0.2624431039,0.4622951417,0.6451614511,0.5395683187,0.6301371796
1201,1.0,0.0,0.0,0.0,1.0,1.0,0.1985644899,0.2579785834,0.4569536066,0.658334467,0.5379061172,0.62937033
1202,1.0,0.0,0.0,0.0,1.0,1.0,0.200216638,0.2589133854,0.4581281188,0.6475406379,0.5362319165,0.6223777029
1203,1.0,0.0,0.0,0.0,1.0,1.0,0.2054316353,0.2642408305,0.4584013561,0.642857611,0.5359711509,0.6258502255
1204,1.0,0.0,0.0,0.0,1.0,1.0,0.198236654,0.2561744961,0.4611569792,0.649999739,0.5379061385,0.6338033967
1205,1.0,0.0,0.0,0.0,1.0,1.0,0.2025445737,0.2607236837,0.456810682,0.6475413565,0.5326084165,0.6319451779
1206,1.0,0.0,0.0,0.0,1.0,1.0,0.1925833499,0.2544036158,0.4617940968,0.6551717952,0.5381818141,0.621428943
1207,1.0,0.0,0.0,0.0,1.0,1.0,0.1985645901,0.2571027961,0.4602649152,0.6333335599,0.5362318466,0.6197179863
1208,1.0,0.0,0.0,0.0,1.0,1.0,0.2002195216,0.2616718219,0.4586093853,0.6446270095,0.5309092815,0.625
1209,1.0,0.0,0.0,0.0,1.0,1.0,0.2051400758,0.2606460602,0.461412178,0.6399990755,0.5359713271,0.6137927207
1210,1.0,0.0,0.0,0.0,1.0,1.0,0.2021895741,0.2588484503,0.4555920691,0.6422774138,0.5287771386,0.6249998192
1211,1.0,0.0,0.0,0.0,1.0,1.0,0.2005459249,0.2570510681,0.4605263931,0.6475408444,0.5323742669,0.6223783825
1212,1.0,0.0,0.0,0.0,1.0,1.0,0.208764808,0.2632936098,0.4555920637,0.6377947781,0.5340502664,0.6190485522
1213,1.0,0.0,0.0,0.0,1.0,1.0,0.2062077848,0.2597827614,0.4608984657,0.653226123,0.5415161927,0.6319447769
1214,1.0,0.0,0.0,0.0,1.0,1.0,0.2031924181,0.2642411295,0.459504184,0.6504059455,0.5323740261,0.6258498728
1215,1.0,0.0,0.0,0.0,1.0,1.0,0.2166276649,0.2712770756,0.4597701909,0.6287883584,0.5357141298,0.6249993295
1216,1.0,0.0,0.0,0.0,1.0,1.0,0.2230026091,0.2728974228,0.4543973768,0.6204380432,0.5390071281,0.6363635159
1217,1.0,0.0,0.0,0.0,1.0,1.0,0.2255740538,0.2748468132,0.4596375732,0.6350366612,0.5428571429,0.6298705213
1218,1.0,0.0,0.0,0.0,1.0,1.0,0.2293799802,0.2802007898,0.4557376542,0.6285715945,0.5392857246,0.6305725724
1219,1.0,0.0,0.0,0.0,1.0,1.0,0.2539037748,0.297369493,0.45307439,0.5987260316,0.5422534577,0.6153848949
1220,1.0,0.0,0.0,0.0,1.0,1.0,0.2502641717,0.2977060411,0.4507270138,0.6000002711,0.5390069813,0.6190473808
1221,1.0,0.0,0.0,0.0,1.0,1.0,0.2462157851,0.3012503688,0.4586709588,0.5921044048,0.5390071285,0.6176464155
1222,1.0,0.0,0.0,0.0,1.0,1.0,0.2470164072,0.2973692169,0.4585365352,0.6118423085,0.5492955774,0.6213018823
1223,1.0,0.0,0.0,0.0,1.0,1.0,0.2547276893,0.3008883142,0.4545454846,0.611465687,0.5422533394,0.6315787593
1224,1.0,0.0,0.0,0.0,1.0,1.0,0.2453623657,0.2916521528,0.4533552316,0.6133332421,0.5373664636,0.6280492309
1225,1.0,0.0,0.0,0.0,1.0,1.0,0.2329276819,0.28299613,0.4561984093,0.6241133416,0.5412188361,0.6202530991
1226,1.0,0.0,0.0,0.0,1.0,1.0,0.2266944005,0.2786212233,0.4619205221,0.6277364219,0.5467628195,0.6193544141
1227,1.0,0.0,0.0,0.0,1.0,1.0,0.2217302817,0.2778229959,0.4619204792,0.6268662793,0.5379062109,0.6168830998
1228,1.0,0.0,0.0,0.0,1.0,1.0,0.2091855689,0.2661556933,0.4634550447,0.6428565636,0.5398549961,0.6190481486
1229,1.0,0.0,0.0,0.0,1.0,1.0,0.2208070393,0.2733979678,0.4534883711,0.6315785483,0.5326088862,0.6291385155
1230,1.0,0.0,0.0,0.0,1.0,1.0,0.2208072257,0.2706068685,0.453488387,0.6315789474,0.5342957613,0.6199994521
1231,1.0,0.0,0.0,0.0,1.0,1.0,0.221730264,0.2752086893,0.4536423359,0.6268650335,0.5289853247,0.6184201139
1232,1.0,0.0,0.0,0.0,1.0,1.0,0.2254130465,0.2760191684,0.4610282023,0.6397061249,0.5379063391,0.6209145709
1233,1.0,0.0,0.0,0.0,1.0,1.0,0.2245003602,0.2742151774,0.4642261925,0.6222213594,0.537906405,0.6118412763
1234,1.0,0.0,0.0,0.0,1.0,1.0,0.2213637988,0.2722492519,0.4512397242,0.6343285605,0.534050358,0.618420546
1235,1.0,0.0,0.0,0.0,1.0,1.0,0.220440821,0.270607011,0.4543946734,0.6390979524,0.5342961061,0.6200002999
1236,1.0,0.0,0.0,0.0,1.0,1.0,0.2197119274,0.2686670616,0.4545454086,0.6315790281,0.5376346717,0.6066660505
1237,1.0,0.0,0.0,0.0,1.0,1.0,0.220998594,0.2714311359,0.4603960912,0.6343274048,0.5395684428,0.6158950051
1238,1.0,0.0,0.0,0.0,1.0,1.0,0.2197118121,0.2696335802,0.4578512767,0.6315797474,0.5395684159,0.6266661455
1239,1.0,0.0,0.0,0.0,1.0,1.0,0.2200757475,0.2696336037,0.458609258,0.6390977098,0.535971194,0.6333329711
1240,1.0,0.0,0.0,0.0,1.0,1.0,0.2200760509,0.2696338155,0.460264946,0.6315785481,0.5395683114,0.6333329746
1241,1.0,0.0,0.0,0.0,1.0,1.0,0.2177000633,0.2704579802,0.4587458046,0.6363630788,0.5376345489,0.6291388154
1242,1.0,0.0,0.0,0.0,1.0,1.0,0.2187832469,0.2686671999,0.4560529842,0.6439388169,0.5340503281,0.6333340174
1243,1.0,0.0,0.0,0.0,1.0,1.0,0.2184208198,0.264240987,0.4602648194,0.6363636364,0.5395681397,0.6190486096
1244,1.0,0.0,0.0,0.0,1.0,1.0,0.2222812709,0.2730620244,0.4612849774,0.6370364761,0.5392856571,0.6274504724
1245,1.0,0.0,0.0,0.0,1.0,1.0,0.2222811024,0.2766313693,0.4612849263,0.6296306746,0.5321426093,0.6322583399
1246,1.0,0.0,0.0,0.0,1.0,1.0,0.2257331813,0.2748465754,0.4697217325,0.6231886813,0.5428571531,0.6298700448
1247,1.0,0.0,0.0,0.0,1.0,1.0,0.2242969141,0.2730616513,0.4636963844,0.6250001878,0.5464285701,0.6209155652
1248,1.0,0.0,0.0,0.0,1.0,1.0,0.2189880381,0.2704584362,0.4678748179,0.6315799808,0.5448030776,0.6158935199
1249,1.0,0.0,0.0,0.0,1.0,1.0,0.2279720622,0.2784162756,0.4595041478,0.6304343665,0.5392857777,0.6217950638
1250,1.0,0.0,0.0,0.0,1.0,1.0,0.239603553,0.2853019526,0.4581280698,0.6301368525,0.5390070051,0.6149074455
1251,1.0,0.0,0.0,0.0,1.0,1.0,0.2350663253,0.285301798,0.4605263556,0.6223777625,0.5390071128,0.6273297059
1252,1.0,0.0,0.0,0.0,1.0,1.0,0.2255741534,0.2764416251,0.4596375922,0.635036098,0.5390068687,0.6282052777
1253,1.0,0.0,0.0,0.0,1.0,1.0,0.2336356198,0.2813114077,0.4691558506,0.6180566584,0.5489509439,0.6149068479
1254,1.0,0.0,0.0,0.0,1.0,1.0,0.2328794442,0.2768487246,0.4563106358,0.6249996408,0.5365854098,0.6163517757
1255,1.0,0.0,0.0,0.0,1.0,1.0,0.2347790302,0.2795642457,0.4681893178,0.6319441486,0.5489512688,0.6187496326
1256,1.0,0.0,0.0,0.0,1.0,1.0,0.2266273694,0.2690807322,0.4551386341,0.6330928273,0.5314686438,0.6233762099
1257,1.0,0.0,0.0,0.0,1.0,1.0,0.210755418,0.2595724845,0.4612850459,0.6562491994,0.5335688394,0.6326530328
1258,1.0,0.0,0.0,0.0,1.0,1.0,0.2087650345,0.2587208071,0.4671053227,0.6377952373,0.5354610628,0.6369868619
1259,1.0,0.0,0.0,0.0,1.0,1.0,0.2201054491,0.2673334991,0.4600326222,0.6370375682,0.5419581539,0.6274510596
1260,1.0,0.0,0.0,0.0,1.0,1.0,0.212752423,0.2595723949,0.4669966966,0.6356593455,0.5477029182,0.6326520375
1261,1.0,0.0,0.0,0.0,1.0,1.0,0.2179113552,0.271932978,0.4655737243,0.6315792693,0.5406359523,0.6298702328
1262,1.0,0.0,0.0,0.0,1.0,1.0,0.192903906,0.2329661152,0.4575707559,0.6206905609,0.5195729062,0.61068694
1263,1.0,0.0,0.0,0.0,1.0,1.0,0.1395771922,0.1862429797,0.4741378661,0.5925919489,0.5166051291,0.6039614015
1264,1.0,0.0,0.0,0.0,1.0,1.0,0.1247167047,0.1830479529,0.4820512852,0.5616423862,0.5091574764,0.5399996341
1265,1.0,0.0,0.0,0.0,1.0,1.0,0.1238697276,0.1944367543,0.4787776604,0.5753429226,0.5090907683,0.4859815565
1266,1.0,0.0,0.0,0.0,1.0,1.0,0.1168838802,0.199164052,0.4881356515,0.579712309,0.5144928384,0.4818170966
1267,1.0,0.0,0.0,0.0,1.0,1.0,0.1289601098,0.1835336568,0.4753820269,0.5921043158,0.5127272098,0.5445537998
1268,1.0,0.0,0.0,0.0,1.0,1.0,0.1410976906,0.1905409136,0.4487395259,0.619048908,0.5107911851,0.6132065537
1269,1.0,0.0,0.0,0.0,1.0,1.0,0.1765678663,0.2248743945,0.4683332828,0.6132074737,0.5321427295,0.6031741611
1270,1.0,0.0,0.0,0.0,1.0,1.0,0.2139328682,0.2585966333,0.4656862823,0.6335883112,0.545454578,0.6148653883
1271,1.0,0.0,0.0,0.0,1.0,1.0,0.2302635217,0.2733664979,0.454248275,0.6382976505,0.5296168521,0.6242036342
1272,1.0,0.0,0.0,0.0,1.0,1.0,0.2360243901,0.2768490674,0.4560259823,0.634483236,0.5400695323,0.6226411448
1273,1.0,0.0,0.0,0.0,1.0,1.0,0.2322761476,0.2751078478,0.4549919019,0.6267609804,0.540069664,0.6329116389
1274,1.0,0.0,0.0,0.0,1.0,1.0,0.2392800436,0.2793578357,0.4576547695,0.6258500757,0.545138809,0.6149072732
1275,1.0,0.0,0.0,0.0,1.0,1.0,0.233529897,0.2758878326,0.4558823653,0.6293701357,0.545138951,0.616351753
1276,1.0,0.0,0.0,0.0,1.0,1.0,0.2377315115,0.2776226926,0.4514562705,0.6258501678,0.5312501234,0.6250006465
1277,1.0,0.0,0.0,0.0,1.0,1.0,0.2356405016,0.2768488397,0.4520325007,0.6344833464,0.5365852282,0.6289307535
1278,1.0,0.0,0.0,0.0,1.0,1.0,0.2384291854,0.2830587286,0.449346436,0.6164384147,0.5349651124,0.623456703
1279,1.0,0.0,0.0,0.0,1.0,1.0,0.1998882463,0.2418579636,0.4699999983,0.6249991737,0.5409251376,0.6176476164
1280,1.0,0.0,0.0,0.0,1.0,1.0,0.1754875053,0.2167248454,0.4665551341,0.6380948476,0.5376345192,0.6115701919
1281,1.0,0.0,0.0,0.0,1.0,1.0,0.1757813587,0.2159505609,0.4740368059,0.619048449,0.5428571118,0.6115705396
1282,1.0,0.0,0.0,0.0,1.0,1.0,0.2087652317,0.2489837967,0.4654604024,0.6377944527,0.5403510329,0.6267601005
1283,1.0,0.0,0.0,0.0,1.0,1.0,0.2307655222,0.2708275383,0.4552844438,0.6408455056,0.5279719182,0.6258060255
1284,1.0,0.0,0.0,0.0,1.0,1.0,0.2429309603,0.2828281508,0.4600326346,0.6375840528,0.545138991,0.6319026594
1285,1.0,0.0,0.0,0.0,1.0,1.0,0.2514832114,0.2887658839,0.4529221224,0.632257333,0.5328720824,0.6227546615
1286,1.0,0.0,0.0,0.0,1.0,1.0,0.245024587,0.2826007692,0.4612902728,0.6381576617,0.548275739,0.6341468957
1287,1.0,0.0,0.0,0.0,1.0,1.0,0.236582891,0.2791544809,0.4541062649,0.6462591088,0.5413793301,0.6296290125
1288,1.0,0.0,0.0,0.0,1.0,1.0,0.2289042709,0.2705384982,0.4645160693,0.6408453784,0.5413790988,0.6242041911
1289,1.0,0.0,0.0,0.0,1.0,1.0,0.2310105205,0.2747607469,0.4670947827,0.6458326962,0.5429555486,0.6250004692
1290,1.0,0.0,0.0,0.0,1.0,1.0,0.2256805435,0.2741525836,0.459677466,0.6571425315,0.5416668253,0.6392408339
1291,1.0,0.0,0.0,0.0,1.0,1.0,0.2391009172,0.2840880425,0.4641147881,0.6466665835,0.5479451519,0.6325299922
1292,1.0,0.0,0.0,0.0,1.0,1.0,0.244696557,0.2811990147,0.472178075,0.6363638884,0.5457627253,0.6325307944
1293,1.0,0.0,0.0,0.0,1.0,1.0,0.2356280298,0.2814130027,0.4683544772,0.6442959867,0.5426622839,0.6303030446
1294,1.0,0.0,0.0,0.0,1.0,1.0,0.2313821323,0.2713260882,0.4726687327,0.6527774697,0.5429550022,0.6329124162
1295,1.0,0.0,0.0,0.0,1.0,1.0,0.1985862824,0.2358823576,0.4788273594,0.6475397469,0.541957877,0.6296296857
1296,1.0,0.0,0.0,0.0,1.0,1.0,0.1881110424,0.2261897151,0.4779051363,0.6434781803,0.5368420108,0.6279076303
1297,1.0,0.0,0.0,0.0,1.0,1.0,0.2121992554,0.2481254974,0.4797406386,0.6412213132,0.5486113024,0.6433565923
1298,1.0,0.0,0.0,0.0,1.0,1.0,0.2359131268,0.2730435711,0.4625198752,0.6486485328,0.5429553165,0.6415094841
1299,1.0,0.0,0.0,0.0,1.0,1.0,0.2534469423,0.2909332976,0.4673046339,0.6352196759,0.5513700228,0.6294116088
1300,1.0,0.0,0.0,0.0,1.0,1.0,0.2718608941,0.3035218077,0.4685534698,0.6300583653,0.5536914365,0.6353593134
1301,1.0,0.0,0.0,0.0,1.0,1.0,0.273149074,0.3079088059,0.4723538823,0.6242770259,0.5656567058,0.6393441487
1302,1.0,0.0,0.0,0.0,1.0,1.0,0.2660954338,0.2978135239,0.4690967018,0.6428580423,0.5521883448,0.6440682626
1303,1.0,0.0,0.0,0.0,1.0,1.0,0.2672558245,0.2988196958,0.4667720547,0.6390541009,0.5540538073,0.6384179843
1304,1.0,0.0,0.0,0.0,1.0,1.0,0.2693869838,0.3025522816,0.4673045954,0.6390531942,0.5578232263,0.6404498049
1305,1.0,0.0,0.0,0.0,1.0,1.0,0.2721409355,0.3025519785,0.463375855,0.6315794103,0.5510202144,0.6460677955
1306,1.0,0.0,0.0,0.0,1.0,1.0,0.2702492882,0.301879313,0.4591999682,0.6331362436,0.5426621854,0.6327679068
1307,1.0,0.0,0.0,0.0,1.0,1.0,0.2631810579,0.2970850122,0.4571889811,0.6441723388,0.5463917297,0.6358387192
1308,1.0,0.0,0.0,0.0,1.0,1.0,0.2579202402,0.2970847091,0.4596773591,0.6375004665,0.5532643758,0.6300575683
1309,1.0,0.0,0.0,0.0,1.0,1.0,0.2655519624,0.2977788749,0.4621577346,0.642423928,0.5582190125,0.6321838939
1310,1.0,0.0,0.0,0.0,1.0,1.0,0.265980508,0.2988022184,0.4677419133,0.6424239451,0.5601373137,0.6321834858
1311,1.0,0.0,0.0,0.0,1.0,1.0,0.2607942366,0.2974115312,0.4651539408,0.6397518913,0.5501728631,0.6220927845
1312,1.0,0.0,0.0,0.0,1.0,1.0,0.262495966,0.2987843496,0.4551386663,0.6335405118,0.5349650959,0.631579796
1313,1.0,0.0,0.0,0.0,1.0,1.0,0.262925067,0.2984444241,0.4673201591,0.6459632819,0.5520834869,0.6395354294
1314,1.0,0.0,0.0,0.0,1.0,1.0,0.2661910609,0.2984444699,0.4640522284,0.6319023785,0.545138876,0.6279073229
1315,1.0,0.0,0.0,0.0,1.0,1.0,0.2560145801,0.28830046,0.4614122612,0.6410255366,0.54545431,0.6363635197
1316,1.0,0.0,0.0,0.0,1.0,1.0,0.2727236758,0.304708002,0.4640522989,0.6227546132,0.5365856101,0.6342855682
1317,1.0,0.0,0.0,0.0,1.0,1.0,0.2827690761,0.3118946824,0.4634146341,0.6091949152,0.544827697,0.6298345653
1318,1.0,0.0,0.0,0.0,1.0,1.0,0.2697682425,0.2998326051,0.4569105261,0.6265060858,0.534482727,0.6264377582
1319,1.0,0.0,0.0,0.0,1.0,1.0,0.2650908272,0.2987844424,0.4678747326,0.6397517595,0.5454545782,0.6315784399
1320,1.0,0.0,0.0,0.0,1.0,1.0,0.2676191982,0.3050929624,0.4776859708,0.6296289877,0.5438595893,0.6321841506
1321,1.0,0.0,0.0,0.0,1.0,1.0,0.2686314319,0.3019516206,0.4757931001,0.6335395048,0.544169847,0.6257307965
1322,1.0,0.0,0.0,0.0,1.0,1.0,0.2727264215,0.2991284052,0.479201335,0.6341459032,0.5492958059,0.6176476051
1323,1.0,0.0,0.0,0.0,1.0,1.0,0.2704758617,0.3026479398,0.4735973955,0.6341467195,0.5457744484,0.6279066331
1324,1.0,0.0,0.0,0.0,1.0,1.0,0.2701643745,0.3019514597,0.4693199661,0.6503065238,0.5406359599,0.625730615
1325,1.0,0.0,0.0,0.0,1.0,1.0,0.2680620464,0.2980788634,0.465231727,0.6543214847,0.5333331612,0.6411770093
1326,1.0,0.0,0.0,0.0,1.0,1.0,0.2701643335,0.2966541519,0.4693199963,0.6441707805,0.5441698497,0.6309525464
1327,1.0,0.0,0.0,0.0,1.0,1.0,0.2791826799,0.3050927957,0.4743801644,0.6390538354,0.5473685125,0.6379310558
1328,1.0,0.0,0.0,0.0,1.0,1.0,0.2725750456,0.3026479627,0.4710744092,0.6363641044,0.5422535001,0.6337210092
1329,1.0,0.0,0.0,0.0,1.0,1.0,0.2766164701,0.3022786466,0.4794069549,0.630953056,0.5454543773,0.6300574781
1330,1.0,0.0,0.0,0.0,1.0,1.0,0.2746809754,0.3033396348,0.4735099509,0.6325302688,0.5438597881,0.6300580694
1331,1.0,0.0,0.0,0.0,1.0,1.0,0.2783679433,0.3054831568,0.4697985898,0.6265062412,0.5406361864,0.6184965602
1332,1.0,0.0,0.0,0.0,1.0,1.0,0.2816762491,0.3080717812,0.4719864085,0.6325299685,0.5376343965,0.6337212064
1333,1.0,0.0,0.0,0.0,1.0,1.0,0.2752336943,0.304883984,0.4767642599,0.624999511,0.5415164045,0.6390526408
1334,1.0,0.0,0.0,0.0,1.0,1.0,0.2767683842,0.3005569569,0.4735042021,0.635801843,0.5398552237,0.6325293538
1335,1.0,0.0,0.0,0.0,1.0,1.0,0.2693412434,0.2965972059,0.4745761844,0.6352205052,0.5359712756,0.6303033214
1336,1.0,0.0,0.0,0.0,1.0,1.0,0.2710350654,0.2983945987,0.481355893,0.6312505333,0.5395682416,0.6265058668
1337,1.0,0.0,0.0,0.0,1.0,1.0,0.265827516,0.2936318182,0.4766838611,0.6363646189,0.5364963711,0.6273284942
1338,1.0,0.0,0.0,0.0,1.0,1.0,0.2593706186,0.2855547068,0.4792388185,0.6266662516,0.5421247229,0.6217951596
1339,1.0,0.0,0.0,0.0,1.0,1.0,0.2628289757,0.288929678,0.4809689488,0.6381583811,0.5490910674,0.628930826
1340,1.0,0.0,0.0,0.0,1.0,1.0,0.2624622659,0.2910463123,0.4730435841,0.6225174439,0.5384616853,0.6163531008
1341,1.0,0.0,0.0,0.0,1.0,1.0,0.2598899991,0.2847674206,0.4799301235,0.6308717318,0.5441178525,0.612903885
1342,1.0,0.0,0.0,0.0,1.0,1.0,0.2603440891,0.2858182875,0.4877621518,0.6241609794,0.5498155224,0.6258063731
1343,1.0,0.0,0.0,0.0,1.0,1.0,0.2595040989,0.287943388,0.4859649657,0.6351345218,0.5464685537,0.6258068535
1344,1.0,0.0,0.0,0.0,1.0,1.0,0.2591145816,0.2901003581,0.4797177673,0.6530614287,0.5430710609,0.6258068627
1345,1.0,0.0,0.0,0.0,1.0,1.0,0.2555890159,0.2882285729,0.4779542073,0.6482761019,0.539325772,0.6233763045
1346,1.0,0.0,0.0,0.0,1.0,1.0,0.254274722,0.2847467327,0.4893992459,0.6250007248,0.5509433487,0.6092717795
1347,1.0,0.0,0.0,0.0,1.0,1.0,0.2572995024,0.2860854207,0.4886164917,0.6394557438,0.5576208006,0.6168827042
1348,1.0,0.0,0.0,0.0,1.0,1.0,0.2722557452,0.2987264031,0.4815465387,0.6387090122,0.5535054936,0.6296297739
1349,1.0,0.0,0.0,0.0,1.0,1.0,0.2719326941,0.2990897002,0.4805654897,0.6363643747,0.5501857541,0.6211180205
1350,1.0,0.0,0.0,0.0,1.0,1.0,0.2727350142,0.3002054686,0.480633916,0.638709302,0.5559700471,0.6273288608
1351,1.0,0.0,0.0,0.0,1.0,1.0,0.2735314091,0.3009473066,0.4807016621,0.6282043644,0.5501857452,0.6234566694
1352,1.0,0.0,0.0,0.0,1.0,1.0,0.2730524839,0.3020700667,0.4868650751,0.6346157172,0.5559702835,0.6234568692
1353,1.0,0.0,0.0,0.0,1.0,1.0,0.2704989494,0.298340966,0.4833040071,0.6298696285,0.5485075269,0.6249993594
1354,1.0,0.0,0.0,0.0,1.0,1.0,0.2760695771,0.2998328937,0.4807692254,0.6329122947,0.5518519145,0.6296297268
1355,1.0,0.0,0.0,0.0,1.0,1.0,0.2762543445,0.2979819366,0.4841549692,0.6369421292,0.5555555123,0.6211174283
1356,1.0,0.0,0.0,0.0,1.0,1.0,0.2658089517,0.2930693192,0.485815703,0.64,0.5563908987,0.6346153846
1357,1.0,0.0,0.0,0.0,1.0,1.0,0.2680563508,0.2957148662,0.4866785333,0.6291395216,0.5505615151,0.620253695
1358,1.0,0.0,0.0,0.0,1.0,1.0,0.2701670612,0.2946116395,0.4876324618,0.6405231298,0.5485075525,0.6012650098
1359,1.0,0.0,0.0,0.0,1.0,1.0,0.2703117677,0.2968267323,0.4857650819,0.6381584401,0.5488719237,0.6139247126
1360,1.0,0.0,0.0,0.0,1.0,1.0,0.2733822648,0.2964761956,0.4866785303,0.6363628944,0.552239115,0.6226408134
1361,1.0,0.0,0.0,0.0,1.0,1.0,0.2741830026,0.296826701,0.4920352436,0.6322577542,0.5563909072,0.6139250211
1362,1.0,0.0,0.0,0.0,1.0,1.0,0.2761379646,0.3024627519,0.4919787026,0.6322582905,0.5488721215,0.6211180205
1363,1.0,0.0,0.0,0.0,1.0,1.0,0.2736987991,0.3013296123,0.484099003,0.632257585,0.5468163406,0.6211183165
1364,1.0,0.0,0.0,0.0,1.0,1.0,0.2694925679,0.2922893891,0.4839285844,0.629139517,0.5471698714,0.6193544962
1365,1.0,0.0,0.0,0.0,1.0,1.0,0.2690120337,0.2960612462,0.4866311068,0.6423836659,0.5509436119,0.6178337635
1366,1.0,0.0,0.0,0.0,1.0,1.0,0.2677078842,0.2960611009,0.4839285054,0.6400002802,0.5509433065,0.6242037875
1367,1.0,0.0,0.0,0.0,1.0,1.0,0.270167395,0.3005839861,0.4823321521,0.633987309,0.5488721717,0.6187495383
1368,1.0,0.0,0.0,0.0,1.0,1.0,0.2703115397,0.2987055007,0.4857650998,0.6315787305,0.5526316099,0.6163521682
1369,1.0,0.0,0.0,0.0,1.0,1.0,0.2681866452,0.2941753528,0.4847943053,0.6266665938,0.5509436792,0.6025642542
1370,1.0,0.0,0.0,0.0,1.0,1.0,0.2709438027,0.2904036822,0.4847396202,0.6423844993,0.5509435268,0.616882584
1371,1.0,0.0,0.0,0.0,1.0,1.0,0.2683184725,0.2933963594,0.4864865657,0.6308720158,0.5492424622,0.6064515536
1372,1.0,0.0,0.0,0.0,1.0,1.0,0.2796272989,0.3021130175,0.4801444202,0.625806765,0.5513309984,0.6037735125
1373,1.0,0.0,0.0,0.0,1.0,1.0,0.2748464175,0.3017183476,0.480357184,0.629869527,0.5433963164,0.612500259
1374,1.0,0.0,0.0,0.0,1.0,1.0,0.2824898709,0.3047541631,0.4812163989,0.620253231,0.5492425894,0.6149076487
1375,1.0,0.0,0.0,0.0,1.0,1.0,0.278707302,0.3024628566,0.4760213548,0.6242036887,0.5451126011,0.6149067533
1376,1.0,0.0,0.0,0.0,1.0,1.0,0.2768235254,0.3028614521,0.4730215538,0.6168834991,0.5492425247,0.5874998391
1377,1.0,0.0,0.0,0.0,1.0,1.0,0.2785326894,0.3029197966,0.4717668384,0.6078436832,0.5366796561,0.5987252094
1378,1.0,0.0,0.0,0.0,1.0,1.0,0.2748921326,0.3029196923,0.4681239126,0.6158936199,0.532818589,0.598727164
1379,1.0,0.0,0.0,0.0,1.0,1.0,0.2806403945,0.3025131197,0.4746376861,0.6064511418,0.5440610492,0.6012653208
1380,1.0,0.0,0.0,0.0,1.0,1.0,0.2832353007,0.3063423826,0.4873646803,0.611464565,0.5440614333,0.5999992237
1381,1.0,0.0,0.0,0.0,1.0,1.0,0.2829958987,0.2990751067,0.4784946369,0.6202531482,0.5416665701,0.607594446
1382,1.0,0.0,0.0,0.0,1.0,1.0,0.286326478,0.3097131737,0.4774774725,0.6226418025,0.5323194318,0.595092133
1383,1.0,0.0,0.0,0.0,1.0,1.0,0.2878538488,0.3054899757,0.4776386657,0.6211175596,0.5358489685,0.6049380602
1384,1.0,0.0,0.0,0.0,1.0,1.0,0.2837699255,0.3024627722,0.4839284609,0.622641412,0.5488722819,0.6086964283
1385,1.0,0.0,0.0,0.0,1.0,1.0,0.279414021,0.3028611068,0.4838709852,0.6217944984,0.5454547539,0.6062501656
1386,1.0,0.0,0.0,0.0,1.0,1.0,0.2802006123,0.3059130612,0.4857142497,0.6178345834,0.543726405,0.6024839577
1387,1.0,0.0,0.0,0.0,1.0,1.0,0.2814312169,0.3040130308,0.4909747345,0.628203929,0.5475285098,0.6062500633
1388,1.0,0.0,0.0,0.0,1.0,1.0,0.2808651332,0.3044279856,0.4890510343,0.6298690201,0.5440612374,0.6100627522
1389,1.0,0.0,0.0,0.0,1.0,1.0,0.2803537399,0.2998324842,0.5009106912,0.6168834619,0.5538461302,0.6089742196
1390,1.0,0.0,0.0,0.0,1.0,1.0,0.2826887079,0.3005981588,0.4835766764,0.619355669,0.5440613997,0.5987265606
1391,1.0,0.0,0.0,0.0,1.0,1.0,0.2811497801,0.2967692062,0.4900181332,0.6129030543,0.5478927762,0.6064520588
1392,1.0,0.0,0.0,0.0,1.0,1.0,0.2813785626,0.3009901639,0.4771481773,0.616883722,0.5444017778,0.5961538462
1393,1.0,0.0,0.0,0.0,1.0,1.0,0.2777244061,0.2952020673,0.4899452526,0.6184207577,0.5444013548,0.6013074122
1394,1.0,0.0,0.0,0.0,1.0,1.0,0.2772174006,0.2940666514,0.4835766643,0.6184210526,0.5499997869,0.6078433957
1395,1.0,0.0,0.0,0.0,1.0,1.0,0.2757083062,0.2963458757,0.4918329965,0.6250003402,0.5542633454,0.6078434554
1396,1.0,0.0,0.0,0.0,1.0,1.0,0.2822165345,0.3113648136,0.4838130618,0.6178341373,0.5461539166,0.6049378481
1397,1.0,0.0,0.0,0.0,1.0,1.0,0.2750260045,0.3063420408,0.487410138,0.6143788744,0.5478924747,0.5999997433
1398,1.0,0.0,0.0,0.0,1.0,1.0,0.2715871952,0.2990606077,0.4855071323,0.6200003272,0.5405406685,0.6064511872
1399,1.0,0.0,0.0,0.0,1.0,1.0,0.2852952284,0.3106372384,0.478181819,0.6114651258,0.5366797378,0.5962736627
1400,1.0,0.0,0.0,0.0,1.0,1.0,0.2780265507,0.3060304321,0.4709091429,0.6143800847,0.5348837118,0.6012660975
1401,1.0,0.0,0.0,0.0,1.0,1.0,0.2829304193,0.3155101889,0.4871324342,0.6168825523,0.5490192991,0.5962739277
1402,1.0,0.0,0.0,0.0,1.0,1.0,0.271408,0.3037519484,0.4752293592,0.6148642696,0.5411766491,0.5935483617
1403,1.0,0.0,0.0,0.0,1.0,1.0,0.2704159105,0.301387862,0.4753199178,0.6148645566,0.5447469165,0.5935489078
1404,1.0,0.0,0.0,0.0,1.0,1.0,0.2839943986,0.3155101071,0.4663023911,0.6089737311,0.529412066,0.5900615224
1405,1.0,0.0,0.0,0.0,1.0,1.0,0.2699225033,0.2994438478,0.4671532498,0.6148646255,0.5330740597,0.5909090909
1406,1.0,0.0,0.0,0.0,1.0,1.0,0.2699226218,0.29475716,0.4726277617,0.6148649762,0.5351561137,0.5894038042
1407,1.0,0.0,0.0,0.0,1.0,1.0,0.2767124063,0.303332535,0.4754097752,0.6184206643,0.5408557503,0.5897442936
1408,1.0,0.0,0.0,0.0,1.0,1.0,0.2689406995,0.2994437412,0.4854545702,0.6148646135,0.5408559432,0.5974026662
1409,1.0,0.0,0.0,0.0,1.0,1.0,0.2767128083,0.3002198308,0.4754098361,0.6184210703,0.5387597898,0.5935481656
1410,1.0,0.0,0.0,0.0,1.0,1.0,0.2783255638,0.3048491915,0.4792043198,0.610390098,0.5366794862,0.5949368526
1411,1.0,0.0,0.0,0.0,1.0,1.0,0.2768238315,0.3005984855,0.4856115171,0.6103886204,0.5402296856,0.6050954495
1412,1.0,0.0,0.0,0.0,1.0,1.0,0.2771262457,0.3025128612,0.4865831937,0.6193543037,0.5402299973,0.6075948877
1413,1.0,0.0,0.0,0.0,1.0,1.0,0.2797011834,0.3040128672,0.4884135606,0.6178339273,0.5437262257,0.6124998448
1414,1.0,0.0,0.0,0.0,1.0,1.0,0.2751568946,0.3047539905,0.4831261041,0.6129028894,0.545454754,0.6086958704
1415,1.0,0.0,0.0,0.0,1.0,1.0,0.276932565,0.3059131196,0.4866784743,0.608974989,0.5437262608,0.6211174919
1416,1.0,0.0,0.0,0.0,1.0,1.0,0.2761381853,0.3051731297,0.4919786371,0.6258067743,0.5458016787,0.612499037
1417,1.0,0.0,0.0,0.0,1.0,1.0,0.2804828192,0.3028608313,0.4920071792,0.6075947074,0.5492426119,0.6000005111
1418,1.0,0.0,0.0,0.0,1.0,1.0,0.2730618825,0.300212452,0.4874999574,0.6209159339,0.5361216149,0.613923785
1419,1.0,0.0,0.0,0.0,1.0,1.0,0.2707934037,0.3005984311,0.4830658553,0.6184216134,0.5325668196,0.611464114
1420,1.0,0.0,0.0,0.0,1.0,1.0,0.2797012645,0.3051731902,0.484848493,0.605096134,0.5419847037,0.6062489136
1421,1.0,0.0,0.0,0.0,1.0,1.0,0.2804190036,0.3063422649,0.4802157456,0.6217952572,0.5363985289,0.6124996258
1422,1.0,0.0,0.0,0.0,1.0,1.0,0.2688027987,0.2982827276,0.4837545556,0.6107375555,0.5310075939,0.6038959833
1423,1.0,0.0,0.0,0.0,1.0,1.0,0.2724108334,0.300990308,0.4927797135,0.6291386776,0.5444018236,0.6153849184
1424,1.0,0.0,0.0,0.0,1.0,1.0,0.2697768475,0.3040934314,0.4764492897,0.6241603598,0.531007755,0.6050957393
1425,1.0,0.0,0.0,0.0,1.0,1.0,0.2715871833,0.304517608,0.4855071479,0.6200001601,0.5351561798,0.5897440174
1426,1.0,0.0,0.0,0.0,1.0,1.0,0.2710962368,0.3033324591,0.4755878164,0.6266667777,0.5291828967,0.6025642736
1427,1.0,0.0,0.0,0.0,1.0,1.0,0.2701194309,0.3040935536,0.4882882242,0.6133335125,0.5387598579,0.5859878336
1428,1.0,0.0,0.0,0.0,1.0,1.0,0.2689406302,0.3033328002,0.4763637105,0.6283789561,0.5291830848,0.5961538462
1429,1.0,0.0,0.0,0.0,1.0,1.0,0.2666387909,0.2955548824,0.4773139799,0.6258512706,0.5291829193,0.6052627711
1430,1.0,0.0,0.0,0.0,1.0,1.0,0.2680984563,0.3057115278,0.4817517956,0.6190486126,0.5372548171,0.5897436906
1431,1.0,0.0,0.0,0.0,1.0,1.0,0.2714308392,0.3052771376,0.4766187588,0.6225169503,0.5330740721,0.5987254519
1432,1.0,0.0,0.0,0.0,1.0,1.0,0.2669991568,0.3002198411,0.4927797884,0.6283778769,0.5465114975,0.6064518872
1433,1.0,0.0,0.0,0.0,1.0,1.0,0.2745325105,0.3025132674,0.4937163372,0.6143787879,0.5555554685,0.6139240179
1434,1.0,0.0,0.0,0.0,1.0,1.0,0.2774251973,0.3051732251,0.4839857796,0.6282049917,0.5496182329,0.6062499919
1435,1.0,0.0,0.0,0.0,1.0,1.0,0.2746692488,0.2983125946,0.4964539825,0.6129024092,0.5551330023,0.6050959017
1436,1.0,0.0,0.0,0.0,1.0,1.0,0.266635326,0.2933966609,0.489399207,0.6225176244,0.5454543324,0.6129034406
1437,1.0,0.0,0.0,0.0,1.0,1.0,0.2820292464,0.2987055759,0.4885360833,0.6249995137,0.548871905,0.6037738065
1438,1.0,0.0,0.0,0.0,1.0,1.0,0.2680561175,0.2933967029,0.4955594134,0.622517539,0.5492425581,0.6064522692
1439,1.0,0.0,0.0,0.0,1.0,1.0,0.2693528622,0.2904038909,0.4964538196,0.6249996603,0.5471699436,0.6103901504
1440,1.0,0.0,0.0,0.0,1.0,1.0,0.2772306358,0.2960610123,0.4893992955,0.6178335867,0.5433961061,0.6178343786
1441,1.0,0.0,0.0,0.0,1.0,1.0,0.281532814,0.2930695697,0.4859153735,0.6249996635,0.5413533165,0.6089738988
1442,1.0,0.0,0.0,0.0,1.0,1.0,0.2820293398,0.2975870057,0.4850087525,0.6187495108,0.5393259085,0.603774006
1443,1.0,0.0,0.0,0.0,1.0,1.0,0.2858084307,0.2979470464,0.4831260703,0.6211191073,0.5396226459,0.6012663041
1444,1.0,0.0,0.0,0.0,1.0,1.0,0.2797013428,0.2933970021,0.4919786052,0.6178342782,0.5492422681,0.6129031403
1445,1.0,0.0,0.0,0.0,1.0,1.0,0.2774251099,0.3002127063,0.4875444866,0.6153840103,0.5437264086,0.5949368235
1446,1.0,0.0,0.0,0.0,1.0,1.0,0.27772089,0.2990756096,0.4902655056,0.6178343783,0.5492422953,0.6139248773
1447,1.0,0.0,0.0,0.0,1.0,1.0,0.2855547643,0.3009682793,0.496428636,0.6187499446,0.5530303059,0.6163521852
1448,1.0,0.0,0.0,0.0,1.0,1.0,0.2875836623,0.3036042656,0.4884546817,0.6172831776,0.5509432129,0.6086957617
1449,1.0,0.0,0.0,0.0,1.0,1.0,0.2709437755,0.2956363459,0.497307037,0.6291388219,0.5534351279,0.6064520127
1450,1.0,0.0,0.0,0.0,1.0,1.0,0.2742150346,0.2959884764,0.4963898884,0.6249996701,0.5576921594,0.6103891705
1451,1.0,0.0,0.0,0.0,1.0,1.0,0.2786215535,0.3005985349,0.4982013712,0.619354576,0.5555554689,0.611465026
1452,1.0,0.0,0.0,0.0,1.0,1.0,0.2835039689,0.306342396,0.4865350192,0.6202529179,0.5517240702,0.6062496792
1453,1.0,0.0,0.0,0.0,1.0,1.0,0.2786214125,0.3025129253,0.489208568,0.6258065277,0.5517240977,0.6075948879
1454,1.0,0.0,0.0,0.0,1.0,1.0,0.2781211585,0.3005983144,0.4991023685,0.6193547046,0.5555556412,0.6050958845
1455,1.0,0.0,0.0,0.0,1.0,1.0,0.2771259626,0.2971826112,0.4955278322,0.619354644,0.5492424228,0.5987269232
1456,1.0,0.0,0.0,0.0,1.0,1.0,0.2832640945,0.3085397734,0.4777183117,0.6289304054,0.5454545806,0.6012277168
1457,1.0,0.0,0.0,0.0,1.0,1.0,0.2784158401,0.3032657352,0.4964284523,0.6217948035,0.5572518328,0.6037744471
1458,1.0,0.0,0.0,0.0,1.0,1.0,0.274846571,0.3013584684,0.4946428554,0.6298704985,0.557252009,0.6075944806
1459,1.0,0.0,0.0,0.0,1.0,1.0,0.2771263822,0.2994513674,0.4883721449,0.6258066942,0.5534353054,0.5923559786
1460,1.0,0.0,0.0,0.0,1.0,1.0,0.2766314641,0.3032656718,0.4964286314,0.6129032686,0.5534352867,0.5974835932
1461,1.0,0.0,0.0,0.0,1.0,1.0,0.2794136032,0.301358524,0.4928315266,0.6346153846,0.5572518052,0.6075944173
1462,1.0,0.0,0.0,0.0,1.0,1.0,0.2819853306,0.3013583262,0.5035714013,0.60759584,0.5572520872,0.60759584
1463,1.0,0.0,0.0,0.0,1.0,1.0,0.2784160506,0.2983125436,0.4875001098,0.6217939127,0.551330734,0.6050955167
1464,1.0,0.0,0.0,0.0,1.0,1.0,0.2797735027,0.3024627949,0.4876759892,0.6226415576,0.5563910033,0.6211180908
1465,1.0,0.0,0.0,0.0,1.0,1.0,0.2771416924,0.2998326762,0.4731370465,0.637499665,0.5333332578,0.611110481
1466,1.0,0.0,0.0,0.0,1.0,1.0,0.274322147,0.2953741379,0.4720280363,0.6305735865,0.5353158715,0.6100622998
1467,1.0,0.0,0.0,0.0,1.0,1.0,0.2700727018,0.2954557505,0.4836489425,0.6305739103,0.5437955578,0.6111107525
1468,1.0,0.0,0.0,0.0,1.0,1.0,0.2643572424,0.2896935121,0.470989731,0.6322580471,0.5326085639,0.6187500082
1469,1.0,0.0,0.0,0.0,1.0,1.0,0.2689527714,0.289590705,0.4651162648,0.6358020999,0.5265018049,0.6097558469
1470,1.0,0.0,0.0,0.0,1.0,1.0,0.2617976748,0.2832923927,0.4645799212,0.6226414097,0.5352112676,0.6273291277
1471,1.0,0.0,0.0,0.0,1.0,1.0,0.2621483541,0.2822984753,0.472131178,0.6249995122,0.5438595275,0.6397514002
1472,1.0,0.0,0.0,0.0,1.0,1.0,0.2474029331,0.2700245361,0.4672131293,0.6291389375,0.5438595415,0.636363272
1473,1.0,0.0,0.0,0.0,1.0,1.0,0.246192222,0.2690805783,0.4698206352,0.6357610984,0.5454544796,0.6363631468
1474,1.0,0.0,0.0,0.0,1.0,1.0,0.2514724826,0.2689471877,0.4629032588,0.6282051452,0.5416665771,0.6322578926
1475,1.0,0.0,0.0,0.0,1.0,1.0,0.253903668,0.2768485663,0.4514563748,0.6178347491,0.5296169354,0.6352206317
1476,1.0,0.0,0.0,0.0,1.0,1.0,0.2531053379,0.2785899077,0.4464286322,0.6217942497,0.526132321,0.625
1477,1.0,0.0,0.0,0.0,1.0,1.0,0.2543149237,0.2768489585,0.450567292,0.6242038547,0.5296165182,0.6163517659
1478,1.0,0.0,0.0,0.0,1.0,1.0,0.2534933261,0.2803312064,0.453958012,0.6178336557,0.5331012117,0.6211175938
1479,1.0,0.0,0.0,0.0,1.0,1.0,0.2547278746,0.2803311138,0.4496753766,0.6242038795,0.5331010972,0.621118767
1480,1.0,0.0,0.0,0.0,1.0,1.0,0.2502670134,0.2752849374,0.4439024086,0.6298702491,0.5228070287,0.6369424949
1481,1.0,0.0,0.0,0.0,1.0,1.0,0.2543150325,0.2803311825,0.4505672299,0.624203954,0.5331012135,0.6335403805
1482,1.0,0.0,0.0,0.0,1.0,1.0,0.2523020215,0.2760693442,0.4527687718,0.6193543289,0.5279720729,0.6265828835
1483,1.0,0.0,0.0,0.0,1.0,1.0,0.2595951516,0.2803311002,0.4512986774,0.6250006367,0.5261323918,0.639751144
1484,1.0,0.0,0.0,0.0,1.0,1.0,0.2514723622,0.2776226512,0.4451612998,0.6410261757,0.527777964,0.6312510325
1485,1.0,0.0,0.0,0.0,1.0,1.0,0.2522707279,0.2766622618,0.4485530474,0.6242038051,0.5294120559,0.625
1486,1.0,0.0,0.0,0.0,1.0,1.0,0.2559349957,0.2793579166,0.4457050892,0.6265825731,0.5277777384,0.6335405382
1487,1.0,0.0,0.0,0.0,1.0,1.0,0.2466154741,0.2690806291,0.4610388946,0.618420014,0.5454543839,0.6233757487
1488,1.0,0.0,0.0,0.0,1.0,1.0,0.2531053329,0.2751074194,0.4626622865,0.6217948801,0.5400697844,0.6392408782
1489,1.0,0.0,0.0,0.0,1.0,1.0,0.2576048371,0.2785898366,0.4535073088,0.6265825168,0.5296169052,0.6312500155
1490,1.0,0.0,0.0,0.0,1.0,1.0,0.2567670171,0.2751075408,0.4552845256,0.6265821495,0.5365852462,0.6329107475
1491,1.0,0.0,0.0,0.0,1.0,1.0,0.2608659316,0.2783916685,0.4584012983,0.6187491864,0.543252606,0.6397516776
1492,1.0,0.0,0.0,0.0,1.0,1.0,0.2539296367,0.2716254648,0.4560259806,0.628204613,0.5365851855,0.6410254748
1493,1.0,0.0,0.0,0.0,1.0,1.0,0.2612177513,0.274932756,0.4626624667,0.6211188963,0.5397924645,0.6352205233
1494,1.0,0.0,0.0,0.0,1.0,1.0,0.2636964911,0.2793577808,0.4641693945,0.617284888,0.5416667833,0.6397519184
1495,1.0,0.0,0.0,0.0,1.0,1.0,0.2603724368,0.2774312846,0.45954686,0.6273293322,0.5379310321,0.6273293322
1496,1.0,0.0,0.0,0.0,1.0,1.0,0.2636067957,0.282600662,0.4579287815,0.6196324511,0.5482757633,0.634145829
1497,1.0,0.0,0.0,0.0,1.0,1.0,0.2643684848,0.2808773326,0.4564515912,0.6219522512,0.5379309771,0.6441716656
1498,1.0,0.0,0.0,0.0,1.0,1.0,0.2433706321,0.2585364339,0.4496753461,0.6133328452,0.5381945707,0.6375832513
1499,1.0,0.0,0.0,0.0,1.0,1.0,0.2025446196,0.216960611,0.4601328383,0.5983602806,0.5338076727,0.631146496
1500,1.0,0.0,0.0,0.0,1.0,1.0,0.1140184837,0.1721884222,0.5044563954,0.5312504939,0.5355803059,0.46739238
1501,1.0,0.0,0.0,0.0,1.0,1.0,0.1220558791,0.1716024045,0.4849558,0.4637662554,0.5018868254,0.3736266897
1502,1.0,0.0,0.0,0.0,1.0,1.0,0.127814809,0.1796749798,0.4955595245,0.3749993026,0.5168538101,0.3437493462
1503,1.0,0.0,0.0,0.0,1.0,1.0,0.1222721245,0.1759316203,0.4911347664,0.4202886786,0.5056180648,0.3510646984
1504,1.0,0.0,0.0,0.0,1.0,1.0,0.1224894017,0.167192948,0.4955595395,0.4782617573,0.5204460841,0.411110962
1505,1.0,0.0,0.0,0.0,1.0,1.0,0.1602555201,0.1623643338,0.4672414571,0.5806440515,0.5234655646,0.588887852
1506,1.0,0.0,0.0,0.0,1.0,1.0,0.2098829026,0.2199474813,0.4633333461,0.6111112872,0.542253385,0.6239998978
1507,1.0,0.0,0.0,0.0,1.0,1.0,0.2551420837,0.2722617003,0.4455285107,0.6178348078,0.5379308095,0.6202534907
1508,1.0,0.0,0.0,0.0,1.0,1.0,0.2655521299,0.2831184083,0.4492752762,0.6181826773,0.5392493797,0.6204816224
1509,1.0,0.0,0.0,0.0,1.0,1.0,0.2664099681,0.285064133,0.4507269832,0.6303034977,0.5360826602,0.6325295634
1510,1.0,0.0,0.0,0.0,1.0,1.0,0.2575547633,0.2739850106,0.4473257826,0.6226409798,0.531034449,0.6163519605
1511,1.0,0.0,0.0,0.0,1.0,1.0,0.2619898424,0.2696088342,0.448220132,0.6234568446,0.5429553084,0.6305729748
1512,1.0,0.0,0.0,0.0,1.0,1.0,0.2640340087,0.272108236,0.4473256808,0.6196315503,0.5376711603,0.6289305285
1513,1.0,0.0,0.0,0.0,1.0,1.0,0.258755105,0.2669741508,0.4498380959,0.6250003149,0.5376712955,0.6282047803
1514,1.0,0.0,0.0,0.0,1.0,1.0,0.2579728542,0.2567057376,0.4415585089,0.6226418945,0.5410959308,0.6466663061
1515,1.0,0.0,0.0,0.0,1.0,1.0,0.2735994113,0.2787559713,0.4492753976,0.6117648736,0.5476191457,0.6219512045
1516,1.0,0.0,0.0,0.0,1.0,1.0,0.2655521823,0.2721082935,0.4412238245,0.6242427085,0.5342463271,0.6226409537
1517,1.0,0.0,0.0,0.0,1.0,1.0,0.2668414882,0.2713263436,0.4498381528,0.6121213978,0.5360825351,0.6265823028
1518,1.0,0.0,0.0,0.0,1.0,1.0,0.2612178298,0.2680166983,0.4464285758,0.6273295364,0.5328720838,0.6387093486
1519,1.0,0.0,0.0,0.0,1.0,1.0,0.2641265842,0.2705384384,0.4518759554,0.6234566505,0.5379311748,0.6305734301
1520,1.0,0.0,0.0,0.0,1.0,1.0,0.263607081,0.2713263631,0.4466019127,0.6134967779,0.5395188046,0.6265815956
1521,1.0,0.0,0.0,0.0,1.0,1.0,0.2575546955,0.2627400315,0.4521880067,0.6163525144,0.5395188668,0.6339867633
1522,1.0,0.0,0.0,0.0,1.0,1.0,0.255934727,0.2575880903,0.4554295696,0.6265826666,0.5532645367,0.63999989
1523,1.0,0.0,0.0,0.0,1.0,1.0,0.2591745667,0.2706821396,0.4521879886,0.625,0.5381944849,0.641025641
1524,1.0,0.0,0.0,0.0,1.0,1.0,0.2567225346,0.2653690356,0.4555735243,0.6226422364,0.5448277027,0.6363633953
1525,1.0,0.0,0.0,0.0,1.0,1.0,0.2559347677,0.2680166432,0.4440842857,0.6329119392,0.5328720169,0.6322573242
1526,1.0,0.0,0.0,0.0,1.0,1.0,0.2494525753,0.2594371052,0.4420880976,0.6209151458,0.5261323214,0.644295045
1527,1.0,0.0,0.0,0.0,1.0,1.0,0.2583923037,0.2662873073,0.4601626871,0.6163518785,0.546712771,0.6363631547
1528,1.0,0.0,0.0,0.0,1.0,1.0,0.2534933549,0.2610997861,0.4458804974,0.6178345939,0.5363319231,0.6291389025
1529,1.0,0.0,0.0,0.0,1.0,1.0,0.257554915,0.263645905,0.4424634193,0.6163512363,0.5344827707,0.6339862768
1530,1.0,0.0,0.0,0.0,1.0,1.0,0.2624143385,0.2706820701,0.4521879595,0.6234561277,0.5486111286,0.6217941574
1531,1.0,0.0,0.0,0.0,1.0,1.0,0.2514829475,0.2602710113,0.4464285292,0.6322572519,0.5347222538,0.6333336017
1532,1.0,0.0,0.0,0.0,1.0,1.0,0.2587551564,0.2688154285,0.4563105824,0.6249996827,0.5482757619,0.6346159103
1533,1.0,0.0,0.0,0.0,1.0,1.0,0.2535169674,0.2662872378,0.4536585796,0.6153843121,0.5467128494,0.6363639994
1534,1.0,0.0,0.0,0.0,1.0,1.0,0.2075254624,0.2111495814,0.461793992,0.6080008693,0.5492955486,0.633333277
1535,1.0,0.0,0.0,0.0,1.0,1.0,0.1222724119,0.1559282205,0.5070922897,0.5217387446,0.5413534354,0.5421691784
1536,1.0,0.0,0.0,0.0,1.0,1.0,0.1200742276,0.1808690092,0.5106007523,0.5147059261,0.5559703378,0.4948469081
1537,1.0,0.0,0.0,0.0,1.0,1.0,0.129524591,0.1616745819,0.5218913767,0.5675670505,0.5661763203,0.6136363114
1538,1.0,0.0,0.0,0.0,1.0,1.0,0.2068383369,0.2191757128,0.4602648769,0.6319999739,0.5473686359,0.6239998562
1539,1.0,0.0,0.0,0.0,1.0,1.0,0.2466364744,0.2670919935,0.4596774691,0.6143791468,0.5482758965,0.6258064861
1540,1.0,0.0,0.0,0.0,1.0,1.0,0.2717081879,0.2872543283,0.4578696614,0.6257312108,0.5578230348,0.6272197432
1541,1.0,0.0,0.0,0.0,1.0,1.0,0.2738855146,0.2882348884,0.4567307616,0.619883818,0.5529010118,0.6272199203
1542,1.0,0.0,0.0,0.0,1.0,1.0,0.2740150667,0.294053566,0.4532487687,0.6242774495,0.5476190822,0.6358382573
1543,1.0,0.0,0.0,0.0,1.0,1.0,0.2783254001,0.2954430837,0.4462025653,0.6250004482,0.5472973453,0.6285714629
1544,1.0,0.0,0.0,0.0,1.0,1.0,0.2721410363,0.2906540327,0.4442673886,0.6257306995,0.5442177065,0.6257306995
1545,1.0,0.0,0.0,0.0,1.0,1.0,0.2776224841,0.2937548978,0.4539683293,0.6285711233,0.5574323921,0.6379303345
1546,1.0,0.0,0.0,0.0,1.0,1.0,0.276036279,0.2930569218,0.4507936869,0.626437008,0.5559321306,0.6300574704
1547,1.0,0.0,0.0,0.0,1.0,1.0,0.277712424,0.2926447063,0.4571889364,0.6220930441,0.558218941,0.6374276027
1548,1.0,0.0,0.0,0.0,1.0,1.0,0.2768180159,0.2926448043,0.4508856214,0.6337203664,0.5445204335,0.631579636
1549,1.0,0.0,0.0,0.0,1.0,1.0,0.2848651177,0.3005194154,0.4508857316,0.6214689068,0.5498281994,0.6171427227
1550,1.0,0.0,0.0,0.0,1.0,1.0,0.2703406772,0.2865530885,0.4508196962,0.6242424092,0.545454578,0.6341465243
1551,1.0,0.0,0.0,0.0,1.0,1.0,0.2650908189,0.2840515319,0.4497527807,0.6273290906,0.5438595616,0.6296291184
1552,1.0,0.0,0.0,0.0,1.0,1.0,0.2773494253,0.2935424543,0.4482759711,0.6213018177,0.5489510824,0.6190475041
1553,1.0,0.0,0.0,0.0,1.0,1.0,0.2724255476,0.2875586509,0.4466337416,0.6325308242,0.5473686373,0.6402440827
1554,1.0,0.0,0.0,0.0,1.0,1.0,0.2722787802,0.2920902773,0.4420879933,0.6227549607,0.5352113325,0.6385542754
1555,1.0,0.0,0.0,0.0,1.0,1.0,0.2679425536,0.2875588732,0.4457237023,0.6257661132,0.5333335452,0.6341457425
1556,1.0,0.0,0.0,0.0,1.0,1.0,0.2698981911,0.2830588371,0.4533552154,0.6242427709,0.5489507815,0.6296296755
1557,1.0,0.0,0.0,0.0,1.0,1.0,0.2698985992,0.2893119531,0.4435352178,0.6181811706,0.5403509084,0.6303036258
1558,1.0,0.0,0.0,0.0,1.0,1.0,0.2739090177,0.2900477179,0.4437193802,0.6190466283,0.5419581224,0.6325311427
1559,1.0,0.0,0.0,0.0,1.0,1.0,0.2734628998,0.2917950229,0.4462541348,0.6249993939,0.5454546425,0.6287432889
1560,1.0,0.0,0.0,0.0,1.0,1.0,0.2743568651,0.2910654374,0.4526143991,0.6249993953,0.5438594366,0.6325302827
1561,1.0,0.0,0.0,0.0,1.0,1.0,0.268702586,0.2865530245,0.4475410742,0.6341466438,0.5419580469,0.640244167
1562,1.0,0.0,0.0,0.0,1.0,1.0,0.2653239959,0.281311604,0.4462541676,0.631901117,0.5419580157,0.6335401202
1563,1.0,0.0,0.0,0.0,1.0,1.0,0.2539566507,0.2744945517,0.4524589395,0.6258062302,0.5422536327,0.6410256746
1564,1.0,0.0,0.0,0.0,1.0,1.0,0.2572331929,0.2770383651,0.4524589227,0.624204515,0.5438597555,0.6392408079
1565,1.0,0.0,0.0,0.0,1.0,1.0,0.259659041,0.276069596,0.4558824078,0.628931269,0.5489509513,0.6392408388
1566,1.0,0.0,0.0,0.0,1.0,1.0,0.2539036965,0.2793582158,0.441747627,0.6369430205,0.5381942956,0.6211179564
1567,1.0,0.0,0.0,0.0,1.0,1.0,0.2603724593,0.2810928048,0.4433656561,0.6273291846,0.5381943023,0.6296293013
1568,1.0,0.0,0.0,0.0,1.0,1.0,0.2567224425,0.2732036913,0.444264908,0.6289303131,0.5397922398,0.6329110298
1569,1.0,0.0,0.0,0.0,1.0,1.0,0.2543150497,0.2758876315,0.448946456,0.6369432842,0.5347221594,0.6289313455
1570,1.0,0.0,0.0,0.0,1.0,1.0,0.2433703397,0.2716253821,0.4431817965,0.6333332426,0.5296165118,0.6346153343
1571,1.0,0.0,0.0,0.0,1.0,1.0,0.2405163217,0.2664014864,0.4373983707,0.6418917697,0.5261326152,0.6339869896
1572,1.0,0.0,0.0,0.0,1.0,1.0,0.2498606631,0.2722619138,0.4322581306,0.625806554,0.5241381431,0.6075943453
1573,1.0,0.0,0.0,0.0,1.0,1.0,0.2433706868,0.2743226243,0.4285715231,0.6400001632,0.513985852,0.6305733063
1574,1.0,0.0,0.0,0.0,1.0,1.0,0.2555204627,0.2774311141,0.4417476126,0.6265827135,0.5379311855,0.6273287973
1575,1.0,0.0,0.0,0.0,1.0,1.0,0.2474186817,0.2662870045,0.4381106976,0.6381574738,0.5328718244,0.6363632775
1576,1.0,0.0,0.0,0.0,1.0,1.0,0.2482163854,0.2725748397,0.4490132124,0.6357617309,0.5384616468,0.6346160308
1577,1.0,0.0,0.0,0.0,1.0,1.0,0.2589313136,0.2708279506,0.4537953011,0.6242039297,0.5384617036,0.6322579025
1578,1.0,0.0,0.0,0.0,1.0,1.0,0.2579725023,0.2747605087,0.4464285859,0.6226416046,0.5360825239,0.6312496399
1579,1.0,0.0,0.0,0.0,1.0,1.0,0.2583921136,0.2774311725,0.4390243558,0.622641024,0.5275861668,0.6273287191
1580,1.0,0.0,0.0,0.0,1.0,1.0,0.261642463,0.2810928115,0.4471543753,0.6149066839,0.5416668715,0.6358028625
1581,1.0,0.0,0.0,0.0,1.0,1.0,0.266841238,0.2816298793,0.4498383093,0.6242428228,0.5395187819,0.6280487348
1582,1.0,0.0,0.0,0.0,1.0,1.0,0.2685796224,0.2853078121,0.4495113197,0.6303023776,0.5397925562,0.6303036155
1583,1.0,0.0,0.0,0.0,1.0,1.0,0.2721332632,0.2884986197,0.4489464851,0.6190475032,0.5429552059,0.625000152
1584,1.0,0.0,0.0,0.0,1.0,1.0,0.275819986,0.2894935975,0.4464286275,0.6176473055,0.5379310514,0.625
1585,1.0,0.0,0.0,0.0,1.0,1.0,0.2690176886,0.2870370142,0.446981998,0.6242420208,0.5363321008,0.626505906
1586,1.0,0.0,0.0,0.0,1.0,1.0,0.2669519704,0.2870369884,0.4495114613,0.6219518521,0.5397925814,0.6325294736
1587,1.0,0.0,0.0,0.0,1.0,1.0,0.2657567451,0.2862982953,0.4584013961,0.6196324461,0.5486110007,0.6363644219
1588,1.0,0.0,0.0,0.0,1.0,1.0,0.2396705014,0.2585362949,0.4486133529,0.6258512837,0.5416665207,0.6241599736
1589,1.0,0.0,0.0,0.0,1.0,1.0,0.1511183893,0.1714372813,0.4518899441,0.613635645,0.518248027,0.6170206468
1590,1.0,0.0,0.0,0.0,1.0,1.0,0.1136132358,0.1953795642,0.4902308414,0.4687487459,0.5225565724,0.4038461173
1591,1.0,0.0,0.0,0.0,1.0,1.0,0.1204998482,0.2085300559,0.4893617097,0.3235291504,0.5225562843,0.3603604421
1592,1.0,0.0,0.0,0.0,1.0,1.0,0.1174784465,0.19691609,0.4789473967,0.4029854383,0.5130109918,0.3773587812
1593,1.0,0.0,0.0,0.0,1.0,1.0,0.1139712341,0.1957862751,0.4736842198,0.4923062139,0.5223882784,0.4571433506
1594,1.0,0.0,0.0,0.0,1.0,1.0,0.1395771582,0.1647429167,0.4396551131,0.5802466702,0.5018314148,0.566667554
1595,1.0,0.0,0.0,0.0,1.0,1.0,0.1911682607,0.2062903781,0.4714765429,0.6052639039,0.5409253168,0.6206887545
1596,1.0,0.0,0.0,0.0,1.0,1.0,0.2396036097,0.256849376,0.4597701591,0.6301374448,0.5454546101,0.6394556221
1597,1.0,0.0,0.0,0.0,1.0,1.0,0.2636066616,0.2860469218,0.4546925588,0.6196321775,0.5413793793,0.6265062752
1598,1.0,0.0,0.0,0.0,1.0,1.0,0.2645581008,0.2862983242,0.462418281,0.6172842728,0.5486112494,0.6242426387
1599,1.0,0.0,0.0,0.0,1.0,1.0,0.2734627627,0.2877704403,0.4674267345,0.6190477928,0.5551725413,0.628742134
1600,1.0,0.0,0.0,0.0,1.0,1.0,0.2700758132,0.2877700962,0.4579287595,0.6227546451,0.5517241866,0.6407182693
1601,1.0,0.0,0.0,0.0,1.0,1.0,0.2765446601,0.2892219726,0.4514563147,0.6198829426,0.5445204445,0.6272177632
1602,1.0,0.0,0.0,0.0,1.0,1.0,0.2728686292,0.2833470908,0.4571889758,0.6153839678,0.5463916806,0.6303031945
1603,1.0,0.0,0.0,0.0,1.0,1.0,0.2823462492,0.2984681828,0.4526485507,0.6136362041,0.5494882763,0.6171422924
1604,1.0,0.0,0.0,0.0,1.0,1.0,0.2809414708,0.2899404964,0.4555734499,0.6206891254,0.5494880498,0.6235293833
1605,1.0,0.0,0.0,0.0,1.0,1.0,0.2743566824,0.2862985443,0.4558823542,0.619047619,0.5451388777,0.6242433037
1606,1.0,0.0,0.0,0.0,1.0,1.0,0.2743564463,0.2853077931,0.4558823206,0.6249995383,0.5501730698,0.6363640923
1607,1.0,0.0,0.0,0.0,1.0,1.0,0.2759895971,0.2826005546,0.4640523144,0.6213012758,0.5482757618,0.6280491016
1608,1.0,0.0,0.0,0.0,1.0,1.0,0.2731592414,0.2909332953,0.4614148037,0.617646881,0.5513700208,0.6294121132
1609,1.0,0.0,0.0,0.0,1.0,1.0,0.27155249,0.2892220427,0.463022392,0.6272185524,0.5513700853,0.6390528647
1610,1.0,0.0,0.0,0.0,1.0,1.0,0.2623333513,0.2877705903,0.4508856224,0.6134972481,0.5448274963,0.6167659758
1611,1.0,0.0,0.0,0.0,1.0,1.0,0.2644625435,0.2904951027,0.4642857529,0.619631501,0.5605537092,0.6250001524
1612,1.0,0.0,0.0,0.0,1.0,1.0,0.2632678119,0.2925195302,0.4585365882,0.6172837492,0.5505226641,0.6309531156
1613,1.0,0.0,0.0,0.0,1.0,1.0,0.2737529721,0.2981093464,0.4586709443,0.6094670707,0.5517243678,0.6300588101
1614,1.0,0.0,0.0,0.0,1.0,1.0,0.2612919924,0.2917948059,0.460784422,0.6187507369,0.5559441392,0.6347309297
1615,1.0,0.0,0.0,0.0,1.0,1.0,0.2645581979,0.2952894722,0.4607842316,0.6172833981,0.5559439876,0.6272189422
1616,1.0,0.0,0.0,0.0,1.0,1.0,0.2645579765,0.2970369163,0.4607842288,0.604939088,0.5489510477,0.6235291694
1617,1.0,0.0,0.0,0.0,1.0,1.0,0.2596587797,0.2966541298,0.4575163773,0.6100627871,0.5406360643,0.6369046305
1618,1.0,0.0,0.0,0.0,1.0,1.0,0.2609380944,0.2903308647,0.4581280606,0.610062966,0.5457747417,0.6303026619
1619,1.0,0.0,0.0,0.0,1.0,1.0,0.2576051125,0.2893121927,0.4600325617,0.6139241808,0.5473686085,0.624242081
1620,1.0,0.0,0.0,0.0,1.0,1.0,0.2551767626,0.2832928096,0.464811764,0.6153851184,0.5528169962,0.6335404356
1621,1.0,0.0,0.0,0.0,1.0,1.0,0.25231781,0.2850519922,0.4672130596,0.6233763118,0.5563381019,0.6358018435
1622,1.0,0.0,0.0,0.0,1.0,1.0,0.2596589384,0.2913566197,0.4591503927,0.6163524212,0.5477030312,0.642424545
1623,1.0,0.0,0.0,0.0,1.0,1.0,0.2535409734,0.2850519538,0.4680850691,0.6258058225,0.55281689,0.6358025625
1624,1.0,0.0,0.0,0.0,1.0,1.0,0.2636964264,0.2910656117,0.4592833101,0.6111106903,0.5438597372,0.6325303654
1625,1.0,0.0,0.0,0.0,1.0,1.0,0.2625793248,0.2895910082,0.4663382628,0.6062506078,0.5512369535,0.6341455802
1626,1.0,0.0,0.0,0.0,1.0,1.0,0.2543733881,0.2797734347,0.4614121921,0.6129037716,0.5528167852,0.6415099127
1627,1.0,0.0,0.0,0.0,1.0,1.0,0.2453025944,0.2784160779,0.4643450217,0.6283776193,0.5464287963,0.6410257743
1628,1.0,0.0,0.0,0.0,1.0,1.0,0.2515042821,0.2797730699,0.4621709873,0.6209153034,0.5563378914,0.6352200368
1629,1.0,0.0,0.0,0.0,1.0,1.0,0.2510913633,0.2825276302,0.4614121667,0.6143788555,0.5512367968,0.631249653
1630,1.0,0.0,0.0,0.0,1.0,1.0,0.2518918596,0.2830587279,0.46178861,0.6064509516,0.5559439034,0.6296294409
1631,1.0,0.0,0.0,0.0,1.0,1.0,0.256350228,0.2838135273,0.4594155944,0.6012665015,0.5540071619,0.6380369097
1632,1.0,0.0,0.0,0.0,1.0,1.0,0.2603722967,0.2952896845,0.4611650437,0.6086962654,0.5524477114,0.6331364705
1633,1.0,0.0,0.0,0.0,1.0,1.0,0.2555577378,0.2893120914,0.4641693339,0.6114650098,0.5578947861,0.6303028796
1634,1.0,0.0,0.0,0.0,1.0,1.0,0.2624140554,0.2963257925,0.4716369923,0.5987654087,0.557894752,0.6213021627
1635,1.0,0.0,0.0,0.0,1.0,1.0,0.2623333696,0.2952897751,0.460547531,0.607361854,0.5489511072,0.627218594
1636,1.0,0.0,0.0,0.0,1.0,1.0,0.2631808579,0.2963259073,0.4588044432,0.6012265191,0.5508775059,0.6331364567
1637,1.0,0.0,0.0,0.0,1.0,1.0,0.2531056399,0.2903310901,0.4642856608,0.6089740724,0.5528171111,0.6303027064
1638,1.0,0.0,0.0,0.0,1.0,1.0,0.2494579914,0.2840516982,0.4637681088,0.6193553688,0.5614036035,0.6296295357
1639,1.0,0.0,0.0,0.0,1.0,1.0,0.2583369923,0.2935421094,0.4717285484,0.6,0.562937118,0.6309531069
1640,1.0,0.0,0.0,0.0,1.0,1.0,0.2527136,0.2868115595,0.4665579832,0.6129025036,0.5669015539,0.6319025012
1641,1.0,0.0,0.0,0.0,1.0,1.0,0.2636068821,0.2970367658,0.4708738013,0.5950920477,0.562937108,0.6176471653
1642,1.0,0.0,0.0,0.0,1.0,1.0,0.2599516685,0.2942607224,0.4717286162,0.6086959307,0.5679443923,0.639052785
1643,1.0,0.0,0.0,0.0,1.0,1.0,0.2673875185,0.2977432103,0.466557852,0.6036587485,0.5574910966,0.6257309872
1644,1.0,0.0,0.0,0.0,1.0,1.0,0.2685796135,0.2998322934,0.4706840962,0.6121215041,0.5649123008,0.6374267751
1645,1.0,0.0,0.0,0.0,1.0,1.0,0.2677074919,0.3005313759,0.4675324481,0.6121221472,0.5594405218,0.6279067824
1646,1.0,0.0,0.0,0.0,1.0,1.0,0.2678242844,0.2970367576,0.4640523424,0.5975605937,0.5594405544,0.6294121557
1647,1.0,0.0,0.0,0.0,1.0,1.0,0.2672737533,0.302966767,0.4700162913,0.600000249,0.5644597434,0.6321840845
1648,1.0,0.0,0.0,0.0,1.0,1.0,0.2721332492,0.3012252385,0.4683955363,0.595238532,0.5609755836,0.6358389808
1649,1.0,0.0,0.0,0.0,1.0,1.0,0.2746433402,0.3053847141,0.4666666998,0.6035504456,0.5590278698,0.6250001447
1650,1.0,0.0,0.0,0.0,1.0,1.0,0.2758200001,0.3064492203,0.4642857262,0.6000004842,0.5574911856,0.6249995615
1651,1.0,0.0,0.0,0.0,1.0,1.0,0.2644626647,0.2970369722,0.4659091342,0.6012275016,0.5559439998,0.6294111848
1652,1.0,0.0,0.0,0.0,1.0,1.0,0.2745179288,0.2977429019,0.4605263103,0.6047905802,0.5505226766,0.6374272637
1653,1.0,0.0,0.0,0.0,1.0,1.0,0.2649912262,0.2942607702,0.4648118148,0.5987652301,0.5609753673,0.6331362232
1654,1.0,0.0,0.0,0.0,1.0,1.0,0.2745176744,0.2970369649,0.458881498,0.6047900888,0.5559440309,0.6352946845
1655,1.0,0.0,0.0,0.0,1.0,1.0,0.2667373731,0.2956095742,0.4645798223,0.5987657265,0.5598590667,0.6309520207
1656,1.0,0.0,0.0,0.0,1.0,1.0,0.2712299979,0.2980790405,0.4703947789,0.6060605685,0.5614036346,0.6294120691
1657,1.0,0.0,0.0,0.0,1.0,1.0,0.27762279,0.3001795667,0.4705882745,0.6058821763,0.5624999336,0.6242779205
1658,1.0,0.0,0.0,0.0,1.0,1.0,0.2881126184,0.3123257946,0.4625406786,0.5932203785,0.5520833035,0.6222217636
1659,1.0,0.0,0.0,0.0,1.0,1.0,0.2823097864,0.3088553078,0.4659089884,0.5977011086,0.5590276463,0.6348309084
1660,1.0,0.0,0.0,0.0,1.0,1.0,0.277712478,0.3095156875,0.4652664737,0.6104661655,0.5570935129,0.6312855469
1661,1.0,0.0,0.0,0.0,1.0,1.0,0.2728683186,0.3071200843,0.4701130878,0.6153841446,0.5590277304,0.6384180065
1662,1.0,0.0,0.0,0.0,1.0,1.0,0.2712540905,0.3032789612,0.4652665143,0.6130949145,0.5551726371,0.6420460644
1663,1.0,0.0,0.0,0.0,1.0,1.0,0.2807420435,0.311245021,0.4558587366,0.6057144724,0.5397925024,0.6333339383
1664,1.0,0.0,0.0,0.0,1.0,1.0,0.2799738786,0.3064491896,0.4657980784,0.598836825,0.5470383842,0.6249997116
1665,1.0,0.0,0.0,0.0,1.0,1.0,0.2721332351,0.3008702384,0.466774733,0.6011907103,0.5501728942,0.6264372114
1666,1.0,0.0,0.0,0.0,1.0,1.0,0.2721331512,0.3015557939,0.4651539752,0.6071432517,0.5517240522,0.6285716979
1667,1.0,0.0,0.0,0.0,1.0,1.0,0.2774424402,0.298802308,0.4691558288,0.6081874238,0.560137373,0.6321845622
1668,1.0,0.0,0.0,0.0,1.0,1.0,0.2718351726,0.2977432958,0.4706839731,0.6107783844,0.5540070444,0.6315787582
1669,1.0,0.0,0.0,0.0,1.0,1.0,0.2764414224,0.3008702037,0.4746316887,0.5976333237,0.5536330959,0.6264368157
1670,1.0,0.0,0.0,0.0,1.0,1.0,0.2771700587,0.3025993639,0.4584012081,0.605882346,0.5467126904,0.6228573473
1671,1.0,0.0,0.0,0.0,1.0,1.0,0.2853220104,0.3060574736,0.4681893365,0.6000002304,0.5605536429,0.6158189774
1672,1.0,0.0,0.0,0.0,1.0,1.0,0.2736177488,0.2977432604,0.4721311144,0.6047904772,0.564459961,0.6257301157
1673,1.0,0.0,0.0,0.0,1.0,1.0,0.2719793472,0.2949739339,0.4672130415,0.6024099099,0.5555556757,0.629411197
1674,1.0,0.0,0.0,0.0,1.0,1.0,0.265967236,0.2917951502,0.4661157338,0.6086960819,0.5524476983,0.634730489
1675,1.0,0.0,0.0,0.0,1.0,1.0,0.1795197632,0.2060893256,0.4628670516,0.61538417,0.5255475495,0.6017692827
1676,1.0,0.0,0.0,0.0,1.0,1.0,0.1054865139,0.2128088157,0.4901609291,0.4745760422,0.5171103079,0.3928572064
1677,1.0,0.0,0.0,0.0,1.0,1.0,0.1104553171,0.2206317303,0.4830659331,0.4032264276,0.5169811236,0.3931614193
1678,1.0,0.0,0.0,0.0,1.0,1.0,0.1036988619,0.2160448036,0.5026834527,0.3965502539,0.5375938704,0.3913044226
1679,1.0,0.0,0.0,0.0,1.0,1.0,0.1220958172,0.1832309063,0.4607328919,0.5857143264,0.5148147287,0.5252514466
1680,1.0,0.0,0.0,0.0,1.0,1.0,0.1677145476,0.1858166684,0.4640410706,0.6224501353,0.5342962238,0.6116509899
1681,1.0,0.0,0.0,0.0,1.0,1.0,0.223755788,0.2489836589,0.4676616381,0.6296295745,0.5578946107,0.6056333442
1682,1.0,0.0,0.0,0.0,1.0,1.0,0.2514832714,0.2772426756,0.472402634,0.6064511436,0.561643629,0.6296297702
1683,1.0,0.0,0.0,0.0,1.0,1.0,0.2707848926,0.2946632264,0.4712643043,0.6,0.5551725362,0.6257313919
1684,1.0,0.0,0.0,0.0,1.0,1.0,0.2795187113,0.2947506299,0.4699186178,0.5930232001,0.5627118715,0.6149424947
1685,1.0,0.0,0.0,0.0,1.0,1.0,0.2786125207,0.2947508299,0.4862236226,0.5930235185,0.576271433,0.6321832866
1686,1.0,0.0,0.0,0.0,1.0,1.0,0.2792559192,0.2947508144,0.4771242936,0.6023384447,0.5627117231,0.6206899804
1687,1.0,0.0,0.0,0.0,1.0,1.0,0.2813486292,0.2957533275,0.4729951896,0.5930226496,0.5612243979,0.6206895744
1688,1.0,0.0,0.0,0.0,1.0,1.0,0.2836912496,0.3011785223,0.4763458294,0.5919539031,0.5690235416,0.6201116626
1689,1.0,0.0,0.0,0.0,1.0,1.0,0.28532223,0.2994959273,0.4747145524,0.5885708963,0.5656564756,0.6179774766
1690,1.0,0.0,0.0,0.0,1.0,1.0,0.2895272554,0.3021963266,0.4729951471,0.5932211798,0.5641893511,0.6145248083
1691,1.0,0.0,0.0,0.0,1.0,1.0,0.2939536612,0.3021958444,0.4803922138,0.5888881867,0.5709459494,0.6201119411
1692,1.0,0.0,0.0,0.0,1.0,1.0,0.2778052436,0.2906542578,0.4819079305,0.5976330646,0.5714288194,0.6257310151
1693,1.0,0.0,0.0,0.0,1.0,1.0,0.2902666972,0.2964446848,0.4867986276,0.5965908893,0.569491413,0.617143403
1694,1.0,0.0,0.0,0.0,1.0,1.0,0.2848493686,0.2964444111,0.4777595881,0.5953753645,0.5661015588,0.6228568266
1695,1.0,0.0,0.0,0.0,1.0,1.0,0.2733234261,0.2862810126,0.474464536,0.5903620811,0.566101585,0.6213018535
1696,1.0,0.0,0.0,0.0,1.0,1.0,0.2832026404,0.290378387,0.4728171183,0.598837894,0.5608106745,0.6337199169
1697,1.0,0.0,0.0,0.0,1.0,1.0,0.2839138597,0.2937548898,0.4696223591,0.5895955433,0.5608108245,0.6321832852
1698,1.0,0.0,0.0,0.0,1.0,1.0,0.2791829685,0.288954125,0.476033153,0.6035500408,0.5680273396,0.6294120448
1699,1.0,0.0,0.0,0.0,1.0,1.0,0.2824869666,0.2984681032,0.4809917113,0.596492066,0.5699660902,0.6228572162
1700,1.0,0.0,0.0,0.0,1.0,1.0,0.2740668533,0.2879748537,0.4729064447,0.6047913021,0.5661016937,0.6235296653
1701,1.0,0.0,0.0,0.0,1.0,1.0,0.2791830696,0.2967627119,0.4760331145,0.5917160889,0.5665528192,0.6206897746
1702,1.0,0.0,0.0,0.0,1.0,1.0,0.2822726516,0.2998324993,0.4761905595,0.5988365297,0.5728813944,0.6271184496
1703,1.0,0.0,0.0,0.0,1.0,1.0,0.2813485027,0.2998324685,0.4811784494,0.5872093162,0.5694915595,0.6158191436
1704,1.0,0.0,0.0,0.0,1.0,1.0,0.284393911,0.2988196543,0.4813008392,0.5942860826,0.5709459003,0.6384183671
1705,1.0,0.0,0.0,0.0,1.0,1.0,0.2797128504,0.2981383732,0.4795416751,0.5906428543,0.5728812547,0.6250004367
1706,1.0,0.0,0.0,0.0,1.0,1.0,0.2721335898,0.2971311291,0.4732577743,0.5952378041,0.5641890884,0.6250002918
1707,1.0,0.0,0.0,0.0,1.0,1.0,0.2758197586,0.2971315463,0.4724025621,0.5999997591,0.5608109906,0.613635597
1708,1.0,0.0,0.0,0.0,1.0,1.0,0.2725751456,0.2937550921,0.4691557992,0.595237774,0.5675678214,0.6206897368
1709,1.0,0.0,0.0,0.0,1.0,1.0,0.2823097122,0.3021960608,0.4724026285,0.5862075478,0.5540540259,0.6201121549
1710,1.0,0.0,0.0,0.0,1.0,1.0,0.2722788041,0.2957533092,0.4714519162,0.5808382943,0.5646259395,0.6149421469
1711,1.0,0.0,0.0,0.0,1.0,1.0,0.2767184267,0.2991525599,0.4739413954,0.5882354346,0.5612244405,0.6136362064
1712,1.0,0.0,0.0,0.0,1.0,1.0,0.274197683,0.3015265212,0.4788960647,0.5917162761,0.5694915406,0.6179773479
1713,1.0,0.0,0.0,0.0,1.0,1.0,0.2768945636,0.3025520291,0.4803278417,0.5917162241,0.5680272471,0.6123596399
1714,1.0,0.0,0.0,0.0,1.0,1.0,0.273310046,0.3005079,0.4805826213,0.5857993551,0.5743244764,0.6123592463
1715,1.0,0.0,0.0,0.0,1.0,1.0,0.2708167283,0.2994960148,0.4790323001,0.5833325369,0.565656535,0.6067414843
1716,1.0,0.0,0.0,0.0,1.0,1.0,0.2706482743,0.2991524792,0.4812397697,0.596385881,0.5680272907,0.6193180835
1717,1.0,0.0,0.0,0.0,1.0,1.0,0.264126466,0.2920666645,0.4845025121,0.5987650933,0.5743242984,0.6184966746
1718,1.0,0.0,0.0,0.0,1.0,1.0,0.2490302888,0.2755312549,0.4784053367,0.5999997318,0.5753424469,0.6024845962
1719,1.0,0.0,0.0,0.0,1.0,1.0,0.2560555308,0.2855546956,0.4760330207,0.5935487749,0.5680272504,0.6071426811
1720,1.0,0.0,0.0,0.0,1.0,1.0,0.2494476984,0.2719569639,0.4727272463,0.5761591489,0.5714286718,0.6249998386
1721,1.0,0.0,0.0,0.0,1.0,1.0,0.1922701213,0.2324284652,0.3992740449,0.566038101,0.4302325245,0.5583328412
1722,1.0,0.0,0.0,0.0,1.0,1.0,0.1959337682,0.1558064698,0.456834459,0.577981238,0.4866918775,0.7073161382
1723,1.0,0.0,0.0,0.0,1.0,1.0,0.262177577,0.2936102839,0.5193662306,0.5973144441,0.5330739057,0.6092710856
1724,1.0,0.0,0.0,0.0,1.0,1.0,0.1621200223,0.1721885944,0.5240642134,0.5714276322,0.5056179775,0.6086963119
1725,1.0,0.0,0.0,0.0,1.0,1.0,0.1013077721,0.1609978713,0.5302143233,0.5384621163,0.523012267,0.5324660831
1726,1.0,0.0,0.0,0.0,1.0,1.0,0.1037878346,0.2098827498,0.530769156,0.2037028016,0.5040000162,0.2666664097
1727,1.0,0.0,0.0,0.0,1.0,1.0,0.133137335,0.1546304015,0.5,0.3287672778,0.4603775386,0.2317072865
1728,1.0,0.0,0.0,0.0,1.0,1.0,0.1342261116,0.1525867167,0.4845734848,0.3243250242,0.4427479986,0.3
1729,1.0,0.0,0.0,0.0,1.0,1.0,0.1553903801,0.1443636581,0.4787985969,0.4090911225,0.4481483152,0.4871798267
1730,1.0,0.0,0.0,0.0,1.0,1.0,0.1541787468,0.1633702221,0.5099817591,0.4117655537,0.4846154148,0.4588229642
1731,1.0,0.0,0.0,0.0,1.0,1.0,0.1371074359,0.1564010365,0.5090252971,0.4210544058,0.4770990157,0.4146350256
1732,1.0,0.0,0.0,0.0,1.0,1.0,0.1063235875,0.1834182661,0.5141844228,0.3999993363,0.4794005579,0.2959171235
1733,1.0,0.0,0.0,0.0,1.0,1.0,0.1114551318,0.1854433439,0.5137111412,0.3934406065,0.4843750602,0.3473692743
1734,1.0,0.0,0.0,0.0,1.0,1.0,0.1179898276,0.1623642209,0.5347222532,0.3970600583,0.4945849751,0.3444461362
1735,1.0,0.0,0.0,0.0,1.0,1.0,0.08282637088,0.2114203679,0.5064457266,0.3333304872,0.453846009,0.2000003493
1736,1.0,0.0,0.0,0.0,1.0,1.0,0.08204372732,0.2376719953,0.501865644,0.4772766816,0.4512196497,0.3418799504
1737,1.0,0.0,0.0,0.0,1.0,1.0,0.08933565635,0.1979662642,0.486033421,0.3958337447,0.430769298,0.2718457501
1738,1.0,0.0,0.0,0.0,1.0,1.0,0.09119019851,0.2330786532,0.5091241636,0.5,0.4813433116,0.2960010314
1739,1.0,0.0,0.0,0.0,1.0,1.0,0.0668773417,0.2653559109,0.4851301514,0.4444450431,0.4418605088,0.3357669917
1740,1.0,0.0,0.0,0.0,1.0,1.0,0.07518741291,0.2734324412,0.5174312256,0.3902396615,0.49056608,0.3103444037
1741,1.0,0.0,0.0,0.0,1.0,1.0,0.07787845277,0.2489244933,0.5046381707,0.2380945418,0.4906367988,0.2556384613
1742,1.0,0.0,0.0,0.0,1.0,1.0,0.09237019452,0.2128777207,0.5064694332,0.2800011447,0.5018051673,0.1949148725
1743,1.0,0.0,0.0,0.0,1.0,1.0,0.08390836506,0.2094418697,0.5167910975,0.4888861696,0.5441177374,0.2982444942
1744,1.0,0.0,0.0,0.0,1.0,1.0,0.09660018556,0.1860276774,0.5297397677,0.5,0.5437956891,0.3823531162
1745,1.0,0.0,0.0,0.0,1.0,1.0,0.0879660536,0.1776788119,0.5262173403,0.4893621851,0.548148037,0.3437502779
1746,1.0,0.0,0.0,0.0,1.0,1.0,0.1030729552,0.1826938355,0.5193370419,0.4642867945,0.5376343719,0.3235290455
1747,1.0,0.0,0.0,0.0,1.0,1.0,0.1067544446,0.1798996548,0.5267034706,0.3448275862,0.5418181463,0.2525252525
1748,1.0,0.0,0.0,0.0,1.0,1.0,0.109030162,0.1840125326,0.5200000605,0.5,0.5451264364,0.3529417761
1749,1.0,0.0,0.0,0.0,1.0,1.0,0.1309003486,0.1749023735,0.5115044196,0.5540536735,0.5464285449,0.4795919886
1750,1.0,0.0,0.0,0.0,1.0,1.0,0.1787908639,0.1991640139,0.4704830311,0.6200012937,0.532608671,0.6000011381
1751,1.0,0.0,0.0,0.0,1.0,1.0,0.2578660401,0.2697453673,0.489038687,0.6013063372,0.5709341279,0.6282050592
1752,1.0,0.0,0.0,0.0,1.0,1.0,0.2793780529,0.2843240515,0.4808652498,0.5952379176,0.5758621509,0.6303035828
1753,1.0,0.0,0.0,0.0,1.0,1.0,0.2958872863,0.2998324732,0.4884869534,0.5777780105,0.5762711684,0.621468853
1754,1.0,0.0,0.0,0.0,1.0,1.0,0.291843744,0.2964447877,0.4779771698,0.581005136,0.5728811613,0.6228575049
1755,1.0,0.0,0.0,0.0,1.0,1.0,0.2077204195,0.236616669,0.4752980582,0.6311474583,0.5477030804,0.6044778633
1756,1.0,0.0,0.0,0.0,1.0,1.0,0.1052043074,0.192619412,0.4894736129,0.5500011866,0.5236365854,0.4245280665
1757,1.0,0.0,0.0,0.0,1.0,1.0,0.1225233527,0.1894247926,0.4833625294,0.5857161045,0.5306860043,0.5619041227
1758,1.0,0.0,0.0,0.0,1.0,1.0,0.2086378133,0.2489774885,0.4730639716,0.6129041497,0.5512366044,0.60283627
1759,1.0,0.0,0.0,0.0,1.0,1.0,0.2733235208,0.295367694,0.4695223214,0.5843378337,0.5567010235,0.610465074
1760,1.0,0.0,0.0,0.0,1.0,1.0,0.3082693962,0.3150781043,0.4626623378,0.5684211344,0.5525424298,0.6182798198
1761,1.0,0.0,0.0,0.0,1.0,1.0,0.3190401248,0.3263486273,0.4609121482,0.5765306871,0.5544216868,0.6145833222
1762,1.0,0.0,0.0,0.0,1.0,1.0,0.2951042928,0.3125400642,0.4649266541,0.5745850982,0.5567010456,0.6153846154
1763,1.0,0.0,0.0,0.0,1.0,1.0,0.3052480752,0.3114700593,0.4679802354,0.5752687515,0.5582191224,0.6208795638
1764,1.0,0.0,0.0,0.0,1.0,1.0,0.2975312914,0.3108231226,0.4621711501,0.5690611583,0.5498282019,0.618783685
1765,1.0,0.0,0.0,0.0,1.0,1.0,0.2942438627,0.3118947273,0.4654605823,0.5698325562,0.5551723099,0.6187845555
1766,1.0,0.0,0.0,0.0,1.0,1.0,0.2908946013,0.3097584329,0.4617886006,0.5810057815,0.5479450981,0.6298338539
1767,1.0,0.0,0.0,0.0,1.0,1.0,0.2967350996,0.3076511159,0.4535074595,0.5824175447,0.5408161747,0.6243092905
1768,1.0,0.0,0.0,0.0,1.0,1.0,0.2969120976,0.3069959297,0.4561688286,0.5847002569,0.5460752204,0.622222349
1769,1.0,0.0,0.0,0.0,1.0,1.0,0.2927167058,0.3049144832,0.4563105737,0.5966850706,0.5525422758,0.6333332215
1770,1.0,0.0,0.0,0.0,1.0,1.0,0.2922438758,0.3015264984,0.4571890124,0.596684471,0.5457627451,0.6404489947
1771,1.0,0.0,0.0,0.0,1.0,1.0,0.2647954457,0.2806650092,0.462035459,0.6158529669,0.5479454113,0.6341467145
1772,1.0,0.0,0.0,0.0,1.0,1.0,0.1597045561,0.1798997705,0.4587629061,0.6129040792,0.5199998957,0.5858575399
1773,1.0,0.0,0.0,0.0,1.0,1.0,0.09053573654,0.1957861456,0.4955595033,0.5294119991,0.5298506614,0.4095239017
1774,1.0,0.0,0.0,0.0,1.0,1.0,0.09228291721,0.1973068509,0.4756097852,0.5471699613,0.5092252127,0.3831772941
1775,1.0,0.0,0.0,0.0,1.0,1.0,0.08285551208,0.2149533846,0.4905008246,0.5208331539,0.5294116977,0.4102560026
1776,1.0,0.0,0.0,0.0,1.0,1.0,0.08615852227,0.2167906237,0.4862069332,0.5599996653,0.5220586201,0.4661007935
1777,1.0,0.0,0.0,0.0,1.0,1.0,0.1314611026,0.2123355867,0.4553118554,0.6538470906,0.5164837288,0.6379303129
1778,1.0,0.0,0.0,0.0,1.0,1.0,0.2199101697,0.2648699097,0.4548439056,0.5895516578,0.5406361296,0.6066657671
1779,1.0,0.0,0.0,0.0,1.0,1.0,0.2778001446,0.3164322092,0.4536742092,0.5632177053,0.5467126647,0.6174856242
1780,1.0,0.0,0.0,0.0,1.0,1.0,0.3009413762,0.3411064239,0.4484945423,0.5631577661,0.5460749452,0.6250003959
1781,1.0,0.0,0.0,0.0,1.0,1.0,0.3076431836,0.3394655813,0.4545454089,0.5595846176,0.551724113,0.6142133117
1782,1.0,0.0,0.0,0.0,1.0,1.0,0.2998326429,0.3331472241,0.4444444352,0.5714282547,0.5463917526,0.6288659794
1783,1.0,0.0,0.0,0.0,1.0,1.0,0.3034874318,0.3376952282,0.4531001396,0.5759160202,0.5563141407,0.6262623003
1784,1.0,0.0,0.0,0.0,1.0,1.0,0.3067905494,0.3438759063,0.4509493811,0.5618553985,0.5491525172,0.6206898324
1785,1.0,0.0,0.0,0.0,1.0,1.0,0.3073993882,0.3404876543,0.4511041756,0.5641023385,0.5457626749,0.6218909825
1786,1.0,0.0,0.0,0.0,1.0,1.0,0.3022314153,0.3388519173,0.4592000962,0.5555553101,0.5513699266,0.6212116099
1787,1.0,0.0,0.0,0.0,1.0,1.0,0.3080143593,0.3434508382,0.4590690645,0.5624992575,0.5498280673,0.625
1788,1.0,0.0,0.0,0.0,1.0,1.0,0.3119275721,0.3404878191,0.4585986786,0.5612249282,0.5559321804,0.6268654216
1789,1.0,0.0,0.0,0.0,1.0,1.0,0.3066648091,0.3404878205,0.4562797793,0.5595850758,0.5525421743,0.6218904227
1790,1.0,0.0,0.0,0.0,1.0,1.0,0.3003093098,0.3370999015,0.4531001247,0.5608461548,0.5525424513,0.6130656664
1791,1.0,0.0,0.0,0.0,1.0,1.0,0.3049414626,0.337100069,0.4488818219,0.5602092798,0.5525424841,0.6281411821
1792,1.0,0.0,0.0,0.0,1.0,1.0,0.3123258165,0.3444020671,0.4471152723,0.5487179654,0.5540541409,0.6225486335
1793,1.0,0.0,0.0,0.0,1.0,1.0,0.3044551153,0.3303523337,0.449760776,0.5602091365,0.5503356791,0.6243656877
1794,1.0,0.0,0.0,0.0,1.0,1.0,0.2811934487,0.3189346675,0.4517683894,0.565713469,0.5494880971,0.6203208854
1795,1.0,0.0,0.0,0.0,1.0,1.0,0.1972799582,0.2620067652,0.4649266494,0.595041668,0.5486108291,0.5960267675
1796,1.0,0.0,0.0,0.0,1.0,1.0,0.1053833038,0.2206797704,0.4523809314,0.5806462393,0.4963504643,0.5206618504
1797,1.0,0.0,0.0,0.0,1.0,1.0,0.08624624921,0.2552922898,0.4636209238,0.549018966,0.5144926332,0.4255320409
1798,1.0,0.0,0.0,0.0,1.0,1.0,0.09116542102,0.2389967628,0.4577702377,0.5740740022,0.5108694785,0.48484887
1799,1.0,0.0,0.0,0.0,1.0,1.0,0.1486773032,0.2313195886,0.4512396103,0.6444442911,0.5229681565,0.5877864888
1800,1.0,0.0,0.0,0.0,1.0,1.0,0.2425830978,0.2919331936,0.4676376483,0.5733328719,0.5463915541,0.6058830068
1801,1.0,0.0,0.0,0.0,1.0,1.0,0.2791375979,0.3144502354,0.4542536474,0.5689651672,0.5476190224,0.6216213788
1802,1.0,0.0,0.0,0.0,1.0,1.0,0.3038305572,0.3359609895,0.4511999597,0.5578948762,0.5472972806,0.6130655912
1803,1.0,0.0,0.0,0.0,1.0,1.0,0.3022312443,0.3308962144,0.4544000297,0.5555558023,0.5506756086,0.6122445264
1804,1.0,0.0,0.0,0.0,1.0,1.0,0.3102267866,0.3404877166,0.4576000367,0.5618555821,0.5559321226,0.6218902501
1805,1.0,0.0,0.0,0.0,1.0,1.0,0.3130207805,0.3415601406,0.4546899677,0.5532998714,0.5521884758,0.6157637154
1806,1.0,0.0,0.0,0.0,1.0,1.0,0.3063061109,0.3359329564,0.4565560031,0.5618554082,0.5618730047,0.616915724
1807,1.0,0.0,0.0,0.0,1.0,1.0,0.3125240656,0.3404138174,0.4555556077,0.5583759395,0.560402757,0.6108372268
1808,1.0,0.0,0.0,0.0,1.0,1.0,0.3077649498,0.3353833524,0.4571428928,0.5567011312,0.5570471003,0.6100002517
1809,1.0,0.0,0.0,0.0,1.0,1.0,0.3088608241,0.337060243,0.4516640576,0.5589741651,0.5570469396,0.6119404549
1810,1.0,0.0,0.0,0.0,1.0,1.0,0.3052090836,0.3325904558,0.4556961919,0.5544037249,0.5618727442,0.6130649742
1811,1.0,0.0,0.0,0.0,1.0,1.0,0.3063057784,0.3381952653,0.4486572475,0.5618553718,0.552188604,0.6169155721
1812,1.0,0.0,0.0,0.0,1.0,1.0,0.306790647,0.3353833101,0.4541139747,0.5618563367,0.5570470012,0.6200001687
1813,1.0,0.0,0.0,0.0,1.0,1.0,0.3063060004,0.3365124315,0.4486572088,0.5567015967,0.5555554775,0.6200002714
1814,1.0,0.0,0.0,0.0,1.0,1.0,0.3110427735,0.3387369923,0.4533964765,0.5583753814,0.5536912363,0.6188123064
1815,1.0,0.0,0.0,0.0,1.0,1.0,0.3168577115,0.3442894794,0.4558359178,0.5572141391,0.5618730488,0.6213588953
1816,1.0,0.0,0.0,0.0,1.0,1.0,0.3115348429,0.3392754148,0.4636076248,0.5583758579,0.5652174067,0.6206895474
1817,1.0,0.0,0.0,0.0,1.0,1.0,0.3055617838,0.3342728842,0.4617834473,0.5572915686,0.5608105997,0.6212122026
1818,1.0,0.0,0.0,0.0,1.0,1.0,0.3125238285,0.3415600917,0.4634920937,0.5583759571,0.5589225459,0.6206905767
1819,1.0,0.0,0.0,0.0,1.0,1.0,0.3120285675,0.3444019632,0.4580032553,0.5482226368,0.5540542614,0.617646876
1820,1.0,0.0,0.0,0.0,1.0,1.0,0.3077644629,0.3348299012,0.4634920638,0.5567014961,0.5622895068,0.6180896155
1821,1.0,0.0,0.0,0.0,1.0,1.0,0.3105521126,0.3387372077,0.4637222733,0.5634521985,0.5637586184,0.6188114799
1822,1.0,0.0,0.0,0.0,1.0,1.0,0.3061781884,0.3348299514,0.4650794026,0.5595850054,0.5589224634,0.6180902872
1823,1.0,0.0,0.0,0.0,1.0,1.0,0.3092372469,0.3365121432,0.4609250694,0.5567007532,0.5656566118,0.6149999321
1824,1.0,0.0,0.0,0.0,1.0,1.0,0.3039703457,0.3314647059,0.4681529452,0.5549731085,0.5690233764,0.6192891292
1825,1.0,0.0,0.0,0.0,1.0,1.0,0.3028614132,0.3314645796,0.4673046149,0.5526315501,0.5656564594,0.6142133967
1826,1.0,0.0,0.0,0.0,1.0,1.0,0.2964851762,0.3280996092,0.4641148157,0.5645156563,0.5622895967,0.6256406066
1827,1.0,0.0,0.0,0.0,1.0,1.0,0.2964851869,0.3292082266,0.4609250543,0.559139397,0.5641888531,0.620512815
1828,1.0,0.0,0.0,0.0,1.0,1.0,0.3055618982,0.3359611164,0.4601910285,0.5520838142,0.5540541199,0.6231149324
1829,1.0,0.0,0.0,0.0,1.0,1.0,0.3041092865,0.3331472651,0.4643423138,0.5520835149,0.5690236449,0.6111108176
1830,1.0,0.0,0.0,0.0,1.0,1.0,0.3034869104,0.3359611455,0.4610492522,0.5549737814,0.5608107432,0.6130651663
1831,1.0,0.0,0.0,0.0,1.0,1.0,0.3065380531,0.3342726474,0.4648562459,0.5572909849,0.5574324551,0.6212116244
1832,1.0,0.0,0.0,0.0,1.0,1.0,0.3161986844,0.3398774206,0.4658188,0.5577892009,0.5622895,0.6188119537
1833,1.0,0.0,0.0,0.0,1.0,1.0,0.3003095384,0.3297823164,0.4642290357,0.5608466023,0.565656598,0.6224491228
1834,1.0,0.0,0.0,0.0,1.0,1.0,0.2950732713,0.3230518238,0.4555555771,0.5591400308,0.5589227384,0.6145838179
1835,1.0,0.0,0.0,0.0,1.0,1.0,0.2987202278,0.3280994672,0.4610493245,0.563829988,0.5622895493,0.6153845331
1836,1.0,0.0,0.0,0.0,1.0,1.0,0.3083720297,0.3353831594,0.4604430389,0.5589744475,0.5604028231,0.6199999579
1837,1.0,0.0,0.0,0.0,1.0,1.0,0.3041092299,0.3303525853,0.4595880438,0.5572913364,0.5570470248,0.6192893617
1838,1.0,0.0,0.0,0.0,1.0,1.0,0.3120284113,0.3404141037,0.462757599,0.5532995675,0.5604027256,0.6157634154
1839,1.0,0.0,0.0,0.0,1.0,1.0,0.312028857,0.3376042646,0.4611727151,0.5583757,0.5618731074,0.6237626877
1840,1.0,0.0,0.0,0.0,1.0,1.0,0.3009411601,0.3286754205,0.4532487425,0.5631584728,0.5570468342,0.6071427431
1841,1.0,0.0,0.0,0.0,1.0,1.0,0.3063060487,0.3353832469,0.4533964571,0.5515469433,0.5570467319,0.6199993645
1842,1.0,0.0,0.0,0.0,1.0,1.0,0.3168574846,0.3392754547,0.4558359356,0.5572140499,0.5618726667,0.6108380703
1843,1.0,0.0,0.0,0.0,1.0,1.0,0.3088610137,0.3348299402,0.4595878863,0.5641028401,0.5622894624,0.6231148836
1844,1.0,0.0,0.0,0.0,1.0,1.0,0.3141103506,0.3381948981,0.4507936454,0.5555547186,0.5555556352,0.6169156971
1845,1.0,0.0,0.0,0.0,1.0,1.0,0.3116370063,0.3376039714,0.447244065,0.5555554373,0.5518396662,0.6138616443
1846,1.0,0.0,0.0,0.0,1.0,1.0,0.3189371354,0.3426180856,0.4518167279,0.5544555487,0.5551839935,0.6195122001
1847,1.0,0.0,0.0,0.0,1.0,1.0,0.3099533514,0.337060185,0.4493669919,0.5663266186,0.5536911456,0.6268658442
1848,1.0,0.0,0.0,0.0,1.0,1.0,0.3098429151,0.3393372965,0.4531001362,0.5589737917,0.557432344,0.6268652984
1849,1.0,0.0,0.0,0.0,1.0,1.0,0.3086277356,0.335405993,0.460799946,0.5595848188,0.5627120025,0.6161608653
1850,1.0,0.0,0.0,0.0,1.0,1.0,0.3076432315,0.3371001184,0.4593302002,0.5595861951,0.5627119859,0.6130653742
1851,1.0,0.0,0.0,0.0,1.0,1.0,0.2985553457,0.3314477765,0.4584664377,0.5614969564,0.5578230931,0.625640905
1852,1.0,0.0,0.0,0.0,1.0,1.0,0.3086274659,0.33654654,0.4640000575,0.5699482146,0.5680271952,0.6313132754
1853,1.0,0.0,0.0,0.0,1.0,1.0,0.3092372631,0.3359609977,0.4561402683,0.5618558352,0.5540541108,0.6180904
1854,1.0,0.0,0.0,0.0,1.0,1.0,0.3039702291,0.3325845338,0.4458597536,0.5602091942,0.5506756541,0.6142133384
1855,1.0,0.0,0.0,0.0,1.0,1.0,0.2947071998,0.3218540798,0.4519230145,0.5706522599,0.5559323037,0.6210529311
1856,1.0,0.0,0.0,0.0,1.0,1.0,0.272133537,0.3073882495,0.4521880689,0.577380945,0.5463919961,0.6201114391
1857,1.0,0.0,0.0,0.0,1.0,1.0,0.2620685383,0.3008698664,0.4592832973,0.5714276438,0.5501728778,0.6264369335
1858,1.0,0.0,0.0,0.0,1.0,1.0,0.2400620493,0.2853077324,0.4607842674,0.5850349212,0.5501727979,0.6181817727
1859,1.0,0.0,0.0,0.0,1.0,1.0,0.2310184727,0.2722616812,0.4590164046,0.5815609709,0.544827628,0.6075951357
1860,1.0,0.0,0.0,0.0,1.0,1.0,0.2215514297,0.2680163607,0.4646962259,0.5925928226,0.546712735,0.6129025714
1861,1.0,0.0,0.0,0.0,1.0,1.0,0.2126471213,0.2593705451,0.4615385009,0.592307939,0.5467127803,0.6066667315
1862,1.0,0.0,0.0,0.0,1.0,1.0,0.2061041037,0.2576959358,0.4599018294,0.5873021443,0.5470382649,0.6081075313
1863,1.0,0.0,0.0,0.0,1.0,1.0,0.2068383971,0.2559544763,0.4635761073,0.5920004018,0.5470385586,0.5986389522
1864,1.0,0.0,0.0,0.0,1.0,1.0,0.2078049242,0.2559546236,0.4686468376,0.5952379775,0.5470382179,0.5986396095
1865,1.0,0.0,0.0,0.0,1.0,1.0,0.2054771249,0.2576957103,0.473684264,0.5919997497,0.5574914616,0.6013509472
1866,1.0,0.0,0.0,0.0,1.0,1.0,0.2080804658,0.253330948,0.4655737374,0.5905522551,0.5451387279,0.5958898822
1867,1.0,0.0,0.0,0.0,1.0,1.0,0.2028569743,0.2516078883,0.4669966881,0.6016268114,0.5524475271,0.5972214421
1868,1.0,0.0,0.0,0.0,1.0,1.0,0.2015266632,0.2489959753,0.4606557009,0.5853664286,0.5432526497,0.5972223021
1869,1.0,0.0,0.0,0.0,1.0,1.0,0.1824638576,0.2384635053,0.467105387,0.5945952977,0.5438597824,0.5955875997
1870,1.0,0.0,0.0,0.0,1.0,1.0,0.17870834,0.2340244158,0.4652317125,0.6018510247,0.5457746622,0.5939848083
1871,1.0,0.0,0.0,0.0,1.0,1.0,0.1698718835,0.2261894736,0.4719472459,0.6019411503,0.5473683909,0.5891458866
1872,1.0,0.0,0.0,0.0,1.0,1.0,0.146340958,0.21973529,0.4825291091,0.6250012,0.5531916247,0.6129031159
1873,1.0,0.0,0.0,0.0,1.0,1.0,0.1284760967,0.2161916654,0.4924873789,0.636364126,0.5673759777,0.6229501231
1874,1.0,0.0,0.0,0.0,1.0,1.0,0.1073226009,0.2248743617,0.4882550062,0.6875,0.5571426675,0.5952380952
1875,1.0,0.0,0.0,0.0,1.0,1.0,0.1201332263,0.2134041467,0.4724540464,0.6388883277,0.5409251065,0.5833329004
1876,1.0,0.0,0.0,0.0,1.0,1.0,0.1230592239,0.2136616168,0.4742096249,0.6351347998,0.5477031904,0.5950409879
1877,1.0,0.0,0.0,0.0,1.0,1.0,0.1205938355,0.2191759659,0.4793389031,0.6301373364,0.5543860529,0.5839999071
1878,1.0,0.0,0.0,0.0,1.0,1.0,0.1112338227,0.220724959,0.4700996839,0.6567150318,0.5406361511,0.5680004646
1879,1.0,0.0,0.0,0.0,1.0,1.0,0.1084537138,0.2250514799,0.4741234351,0.6615395954,0.5460993929,0.5669291855
1880,1.0,0.0,0.0,0.0,1.0,1.0,0.1143640618,0.2197355381,0.4709783962,0.6376811594,0.5460992332,0.564516129
1881,1.0,0.0,0.0,0.0,1.0,1.0,0.1132701793,0.220517596,0.4733332613,0.6176474094,0.5444837536,0.5967736927
1882,1.0,0.0,0.0,0.0,1.0,1.0,0.1044948726,0.2273099061,0.485666125,0.6451606519,0.5487364088,0.5793650922
1883,1.0,0.0,0.0,0.0,1.0,1.0,0.1134591252,0.2185159272,0.4691151371,0.617645994,0.5340504216,0.5901635209
1884,1.0,0.0,0.0,0.0,1.0,1.0,0.1080478906,0.2198773418,0.4797297363,0.625,0.5418182313,0.5785135051
1885,1.0,0.0,0.0,0.0,1.0,1.0,0.1078655228,0.2164856422,0.4806071233,0.6249991953,0.5379062365,0.5833331903
1886,1.0,0.0,0.0,0.0,1.0,1.0,0.1188616576,0.2095604091,0.4706867275,0.6056335163,0.534050162,0.5897430471
1887,1.0,0.0,0.0,0.0,1.0,1.0,0.1101219844,0.2157071735,0.475792933,0.6363644868,0.543165445,0.5916666953
1888,1.0,0.0,0.0,0.0,1.0,1.0,0.1106765094,0.2121119073,0.4681207975,0.6060620286,0.5251798908,0.5847455105
1889,1.0,0.0,0.0,0.0,1.0,1.0,0.1073228384,0.2175043724,0.4697985873,0.6093759171,0.5323742654,0.5537192078
1890,1.0,0.0,0.0,0.0,1.0,1.0,0.1084536003,0.2167250004,0.4641069022,0.6307705986,0.5304658862,0.5537194594
1891,1.0,0.0,0.0,0.0,1.0,1.0,0.09622998218,0.2218976277,0.4763513813,0.6140361639,0.5379063194,0.5691049161
1892,1.0,0.0,0.0,0.0,1.0,1.0,0.09438225337,0.2281333176,0.4704891394,0.6250009321,0.5326086998,0.5396835128
1893,1.0,0.0,0.0,0.0,1.0,1.0,0.09623024789,0.2253288219,0.4679053478,0.6315793273,0.5272725913,0.5564513587
1894,1.0,0.0,0.0,0.0,1.0,1.0,0.1117906667,0.2157069113,0.4707846167,0.6119424089,0.5323743431,0.574999528
1895,1.0,0.0,0.0,0.0,1.0,1.0,0.1051163581,0.2238894715,0.4724541407,0.6349211577,0.5340499887,0.5519992697
1896,1.0,0.0,0.0,0.0,1.0,1.0,0.1089994741,0.222897176,0.4765100706,0.6153848593,0.539568172,0.5645162631
1897,1.0,0.0,0.0,0.0,1.0,1.0,0.09927110294,0.2281332457,0.4764309346,0.6101693726,0.5398550752,0.5476193215
1898,1.0,0.0,0.0,0.0,1.0,1.0,0.1139859009,0.218739122,0.4628098607,0.6666646611,0.530248795,0.5853657302
1899,1.0,0.0,0.0,0.0,1.0,1.0,0.112148755,0.2205176134,0.4603960561,0.6323537495,0.5373668385,0.5725811313
1900,1.0,0.0,0.0,0.0,1.0,1.0,0.1141746555,0.2222958495,0.4635761527,0.6231890166,0.5338076754,0.5840007444
1901,1.0,0.0,0.0,0.0,1.0,1.0,0.108453716,0.22289726,0.4791319321,0.58461683,0.5395683848,0.5483883148
1902,1.0,0.0,0.0,0.0,1.0,1.0,0.1130818017,0.2195201176,0.475873616,0.6176467938,0.5428572678,0.5853668663
1903,1.0,0.0,0.0,0.0,1.0,1.0,0.1108625526,0.2095605399,0.4789916097,0.6363619416,0.5412186024,0.5811970456
1904,1.0,0.0,0.0,0.0,1.0,1.0,0.1058231359,0.2167246203,0.480672262,0.6190473101,0.544802954,0.5702487576
1905,1.0,0.0,0.0,0.0,1.0,1.0,0.1002784444,0.2220981822,0.4816054037,0.6166666096,0.5448027249,0.5645157281
1906,1.0,0.0,0.0,0.0,1.0,1.0,0.105292424,0.2238896258,0.4749164307,0.6190463768,0.5412186565,0.5600001315
1907,1.0,0.0,0.0,0.0,1.0,1.0,0.1011239874,0.2190806255,0.4806071725,0.5833361864,0.5434782609,0.5537186435
1908,1.0,0.0,0.0,0.0,1.0,1.0,0.1103064689,0.2213048282,0.4799331297,0.5909080856,0.546428509,0.5322574949
1909,1.0,0.0,0.0,0.0,1.0,1.0,0.1132700433,0.215182236,0.4766666316,0.6029385989,0.5444839494,0.5454537735
1910,1.0,0.0,0.0,0.0,1.0,1.0,0.104494737,0.2123812568,0.4940977454,0.580645905,0.5571427062,0.5378158326
1911,1.0,0.0,0.0,0.0,1.0,1.0,0.09994424875,0.2172698021,0.493220328,0.593220046,0.5543479144,0.5416676581
1912,1.0,0.0,0.0,0.0,1.0,1.0,0.1093662823,0.2220982446,0.5033670763,0.5846155815,0.562723993,0.5322579022
1913,1.0,0.0,0.0,0.0,1.0,1.0,0.09742430431,0.2220982247,0.4974789673,0.6206910216,0.555555805,0.5403223089
1914,1.0,0.0,0.0,0.0,1.0,1.0,0.09791815563,0.2228971512,0.5033784995,0.5689653316,0.5611510307,0.5241936567
1915,1.0,0.0,0.0,0.0,1.0,1.0,0.09162946934,0.2235115472,0.4906622211,0.5925908982,0.5454548175,0.5284554615
1916,1.0,0.0,0.0,0.0,1.0,1.0,0.09960649868,0.229113791,0.4915540036,0.5593229208,0.5523467406,0.5275594762
1917,1.0,0.0,0.0,0.0,1.0,1.0,0.1012948327,0.2136486608,0.4881757537,0.6000006822,0.5434782045,0.5593220633
1918,1.0,0.0,0.0,0.0,1.0,1.0,0.09742456828,0.223701628,0.4907563039,0.620692517,0.5451263429,0.5483879134
1919,1.0,0.0,0.0,0.0,1.0,1.0,0.09824995512,0.224512506,0.4932203837,0.6034496301,0.5434782527,0.5322580915
1920,1.0,0.0,0.0,0.0,1.0,1.0,0.1078654982,0.2110734484,0.4907250911,0.5937508096,0.5451265117,0.5726502994
1921,1.0,0.0,0.0,0.0,1.0,1.0,0.1012950444,0.2200933966,0.4847973407,0.6166660936,0.5415165048,0.5491805219
1922,1.0,0.0,0.0,0.0,1.0,1.0,0.1056459505,0.217735577,0.4832214881,0.5873033491,0.5500001468,0.5409839106
1923,1.0,0.0,0.0,0.0,1.0,1.0,0.1058231531,0.2128773872,0.4873949107,0.5714309433,0.5487362904,0.5508482239
1924,1.0,0.0,0.0,0.0,1.0,1.0,0.09960631285,0.2190807299,0.4932432308,0.5593238838,0.5471015746,0.5206605186
1925,1.0,0.0,0.0,0.0,1.0,1.0,0.09927122787,0.2193021598,0.4915825519,0.5932214186,0.5431655041,0.5573773297
1926,1.0,0.0,0.0,0.0,1.0,1.0,0.102636373,0.2146813919,0.4949495322,0.5901633169,0.5451263334,0.5546206834
1927,1.0,0.0,0.0,0.0,1.0,1.0,0.09910416554,0.2245122068,0.4941176249,0.5762688477,0.5471011729,0.532258038
1928,1.0,0.0,0.0,0.0,1.0,1.0,0.09791828433,0.2162431729,0.4915540636,0.5689658888,0.5418182479,0.5210078297
1929,1.0,0.0,0.0,0.0,1.0,1.0,0.09623032916,0.2180601713,0.4898647833,0.5789454479,0.5345453625,0.5333341422
1930,1.0,0.0,0.0,0.0,1.0,1.0,0.09301034298,0.2216943607,0.489001721,0.5818187342,0.5381817561,0.5163934005
1931,1.0,0.0,0.0,0.0,1.0,1.0,0.08808640988,0.2235112533,0.5000000878,0.5769262963,0.545454477,0.5040644789
1932,1.0,0.0,0.0,0.0,1.0,1.0,0.08300466022,0.2269795593,0.4898306259,0.5714291768,0.531135772,0.4919354028
1933,1.0,0.0,0.0,0.0,1.0,1.0,0.08029701664,0.2343014176,0.5042734438,0.5319181746,0.5494507619,0.4687494944
1934,1.0,0.0,0.0,0.0,1.0,1.0,0.07634647791,0.2340700135,0.5138888416,0.5227270594,0.5501859221,0.4285702578
1935,1.0,0.0,0.0,0.0,1.0,1.0,0.07371511896,0.236999908,0.5111493449,0.5581407811,0.551470608,0.457363334
1936,1.0,0.0,0.0,0.0,1.0,1.0,0.07885812457,0.2324706574,0.511149289,0.5434793419,0.5494508716,0.4488190524
1937,1.0,0.0,0.0,0.0,1.0,1.0,0.08513137589,0.2243272768,0.4991482956,0.5799991658,0.5437954733,0.471544357
1938,1.0,0.0,0.0,0.0,1.0,1.0,0.09428681256,0.2216941354,0.5145798001,0.5272719651,0.5490909991,0.4344252437
1939,1.0,0.0,0.0,0.0,1.0,1.0,0.08414542599,0.2251488114,0.510309239,0.5510206666,0.5494506035,0.4471553465
1940,1.0,0.0,0.0,0.0,1.0,1.0,0.08758001671,0.2214882204,0.5017181066,0.5098052044,0.5421247127,0.4380170274
1941,1.0,0.0,0.0,0.0,1.0,1.0,0.07474059437,0.224966696,0.502608667,0.5116274566,0.5313652924,0.4098356459
1942,1.0,0.0,0.0,0.0,1.0,1.0,0.0778114027,0.2303545386,0.5017302171,0.5111110073,0.5315984259,0.4274198472
1943,1.0,0.0,0.0,0.0,1.0,1.0,0.06778827859,0.2304983821,0.5043479166,0.4358983943,0.5313655645,0.3679987605
1944,1.0,0.0,0.0,0.0,1.0,1.0,0.07967822352,0.2247816171,0.4991334504,0.4782622353,0.5241633307,0.3884291176
1945,1.0,0.0,0.0,0.0,1.0,1.0,0.07849017693,0.2322123685,0.4886561052,0.4666675951,0.5130110904,0.3679995722
1946,1.0,0.0,0.0,0.0,1.0,1.0,0.07890326335,0.2237559478,0.5052630755,0.5111108035,0.5261191921,0.3583331747
1947,1.0,0.0,0.0,0.0,1.0,1.0,0.08487460382,0.2360307257,0.4991334497,0.3469413867,0.5239851204,0.3281256378
1948,1.0,0.0,0.0,0.0,1.0,1.0,0.08372289153,0.2312140598,0.502617846,0.3125013941,0.5149254983,0.3064514736
1949,1.0,0.0,0.0,0.0,1.0,1.0,0.07918110471,0.23383161,0.5000000467,0.3333333333,0.5132073721,0.3306451613
1950,1.0,0.0,0.0,0.0,1.0,1.0,0.08667720967,0.2366103163,0.4991150158,0.2653076196,0.5151516001,0.3040001624
1951,1.0,0.0,0.0,0.0,1.0,1.0,0.08637128079,0.2394888312,0.5044092432,0.2653071812,0.5169809708,0.3149599601
1952,1.0,0.0,0.0,0.0,1.0,1.0,0.09021532486,0.2367098659,0.5008849373,0.2745090104,0.5150376727,0.3095228735
1953,1.0,0.0,0.0,0.0,1.0,1.0,0.09247504762,0.2413101671,0.5017793894,0.3076910611,0.517110257,0.3070861701
1954,1.0,0.0,0.0,0.0,1.0,1.0,0.08876024845,0.2310736941,0.4866786431,0.3199996555,0.5037594137,0.3089421786
1955,1.0,0.0,0.0,0.0,1.0,1.0,0.09569128777,0.2247816972,0.4946809029,0.3148137996,0.5130113554,0.3140498901
1956,1.0,0.0,0.0,0.0,1.0,1.0,0.09552176639,0.2173506404,0.4884956472,0.3888882412,0.5130113234,0.3076920317
1957,1.0,0.0,0.0,0.0,1.0,1.0,0.09117702106,0.2239489715,0.4912281833,0.4038468434,0.5185183765,0.3388433855
1958,1.0,0.0,0.0,0.0,1.0,1.0,0.09133726418,0.2194347633,0.5114235274,0.5000020213,0.5498155067,0.4369756806
1959,1.0,0.0,0.0,0.0,1.0,1.0,0.1639844421,0.2149534762,0.4594127412,0.6315783564,0.5367648096,0.60683809
1960,1.0,0.0,0.0,0.0,1.0,1.0,0.2656322937,0.3019513965,0.4617939252,0.574999329,0.5512368121,0.6140347132
1961,1.0,0.0,0.0,0.0,1.0,1.0,0.3078923309,0.3371406335,0.4693549106,0.5445026237,0.5684931177,0.6040604459
1962,1.0,0.0,0.0,0.0,1.0,1.0,0.3009590646,0.3419144442,0.4557165452,0.5508023163,0.547368354,0.6051285311
1963,1.0,0.0,0.0,0.0,1.0,1.0,0.1231949876,0.2210303047,0.5190971401,0.5352129209,0.5499998152,0.4869557299
1964,1.0,0.0,0.0,0.0,1.0,1.0,0.07890329524,0.2449612026,0.498245749,0.5333333333,0.5098041107,0.36
1965,1.0,0.0,0.0,0.0,1.0,1.0,0.08561651151,0.2382389432,0.5139859625,0.5714273424,0.5387597516,0.4146347315
1966,1.0,0.0,0.0,0.0,1.0,1.0,0.09871005656,0.2155284545,0.4991181327,0.6071448738,0.5305344877,0.4424785695
1967,1.0,0.0,0.0,0.0,1.0,1.0,0.09603197212,0.2096206571,0.5195729645,0.4444453158,0.5393257447,0.3392850053
1968,1.0,0.0,0.0,0.0,1.0,1.0,0.103016698,0.2002624872,0.5081374808,0.4385964281,0.516854131,0.3177565972
1969,1.0,0.0,0.0,0.0,1.0,1.0,0.1106460896,0.1953793662,0.5081669088,0.4426226141,0.5187970485,0.3461542323
1970,1.0,0.0,0.0,0.0,1.0,1.0,0.110847385,0.1855026496,0.5054544734,0.5081968873,0.5227275561,0.3673462529
1971,1.0,0.0,0.0,0.0,1.0,1.0,0.1430296669,0.1803504095,0.4169611573,0.6419763849,0.4736841695,0.5937502704
1972,1.0,0.0,0.0,0.0,1.0,1.0,0.2498604676,0.2742150179,0.4336734985,0.6122451347,0.5126355193,0.6315793903
1973,1.0,0.0,0.0,0.0,1.0,1.0,0.2996651568,0.3132053591,0.4505863135,0.5698325933,0.5422532935,0.6235961186
1974,1.0,0.0,0.0,0.0,1.0,1.0,0.3124279039,0.3279955332,0.4664483168,0.5706800966,0.5567008727,0.6178009217
1975,1.0,0.0,0.0,0.0,1.0,1.0,0.330962889,0.3515275917,0.4606557904,0.5643563721,0.5551723509,0.6029415036
1976,1.0,0.0,0.0,0.0,1.0,1.0,0.3101716608,0.3285363472,0.4646961974,0.5661366218,0.5536331468,0.6157901086
1977,1.0,0.0,0.0,0.0,1.0,1.0,0.162741088,0.1932005624,0.4619469803,0.5978262579,0.5167285403,0.5673074439
1978,1.0,0.0,0.0,0.0,1.0,1.0,0.1172632309,0.1885738922,0.4927798087,0.5538462028,0.5207546654,0.4500003104
1979,1.0,0.0,0.0,0.0,1.0,1.0,0.1828247104,0.2186279591,0.4529616725,0.6380955767,0.5257351036,0.5882350891
1980,1.0,0.0,0.0,0.0,1.0,1.0,0.2659529783,0.2809818636,0.4644067258,0.5987256301,0.5480428275,0.6265823725
1981,1.0,0.0,0.0,0.0,1.0,1.0,0.303816969,0.3123257823,0.4534882953,0.5846992953,0.55555576,0.6277779938
1982,1.0,0.0,0.0,0.0,1.0,1.0,0.3071454306,0.3233493019,0.4552845285,0.5873022975,0.5536331142,0.6363628985
1983,1.0,0.0,0.0,0.0,1.0,1.0,0.3213067184,0.3354288411,0.4523425411,0.5829139043,0.5479450087,0.6275504265
1984,1.0,0.0,0.0,0.0,1.0,1.0,0.321420311,0.3354056963,0.4511999227,0.5721393088,0.5491527546,0.6262630429
1985,1.0,0.0,0.0,0.0,1.0,1.0,0.3267407009,0.3387936371,0.4519229931,0.573529381,0.549152497,0.6200005123
1986,1.0,0.0,0.0,0.0,1.0,1.0,0.3187321447,0.3325844664,0.4439103085,0.5778891689,0.5439188918,0.6345181785
1987,1.0,0.0,0.0,0.0,1.0,1.0,0.3320829713,0.3427141553,0.4520766687,0.5673080383,0.5439188323,0.620689074
1988,1.0,0.0,0.0,0.0,1.0,1.0,0.3191763977,0.3314476501,0.4677419177,0.575757801,0.5646258601,0.6256414403
1989,1.0,0.0,0.0,0.0,1.0,1.0,0.3196925474,0.3297475361,0.4668820909,0.5808080591,0.5646260545,0.6288654708
1990,1.0,0.0,0.0,0.0,1.0,1.0,0.3288277742,0.3399463419,0.4667746161,0.5714279809,0.5578229667,0.6250003933
1991,1.0,0.0,0.0,0.0,1.0,1.0,0.3315223281,0.3439858144,0.4634146216,0.5735289539,0.5582193803,0.6268655302
1992,1.0,0.0,0.0,0.0,1.0,1.0,0.329881165,0.3382988147,0.4624183982,0.5643565289,0.5532645986,0.6192897868
1993,1.0,0.0,0.0,0.0,1.0,1.0,0.3315220368,0.3417336521,0.4552845237,0.568627996,0.5498281638,0.6231152862
1994,1.0,0.0,0.0,0.0,1.0,1.0,0.3255139761,0.3360191136,0.4664484648,0.5728646177,0.5586206548,0.6256418296
1995,1.0,0.0,0.0,0.0,1.0,1.0,0.3255509769,0.3360190999,0.4576547114,0.5750006307,0.5551722139,0.6307690649
1996,1.0,0.0,0.0,0.0,1.0,1.0,0.3276860682,0.3371817347,0.4459016632,0.575000313,0.5432524753,0.6205131443
1997,1.0,0.0,0.0,0.0,1.0,1.0,0.3212494353,0.330849603,0.4448051152,0.5757578971,0.5448274614,0.6302083162
1998,1.0,0.0,0.0,0.0,1.0,1.0,0.3212490801,0.3302949299,0.433441627,0.5656562626,0.5342466698,0.6217622447
1999,1.0,0.0,0.0,0.0,1.0,1.0,0.3190399145,0.3297129896,0.4381108143,0.5765302163,0.5395189016,0.6354167125
2000,1.0,0.0,0.0,0.0,1.0,1.0,0.3233967957,0.3274621296,0.443902382,0.5929647346,0.5460749457,0.6458336275
2001,1.0,0.0,0.0,0.0,1.0,1.0,0.3239681321,0.3286302171,0.4440843713,0.5900000841,0.5457628349,0.6391752912
2002,1.0,0.0,0.0,0.0,1.0,1.0,0.3222955336,0.3240510919,0.4462540951,0.5858588371,0.5460751188,0.6421053427
2003,1.0,0.0,0.0,0.0,1.0,1.0,0.3190401125,0.3223455978,0.4462540838,0.5816324258,0.5494880679,0.6455027444
2004,1.0,0.0,0.0,0.0,1.0,1.0,0.3255879474,0.3359900349,0.4457050629,0.5870644168,0.5494878689,0.6395936057
2005,1.0,0.0,0.0,0.0,1.0,1.0,0.3174889454,0.3240509234,0.4457049032,0.5816332423,0.5460748554,0.6368420165
2006,1.0,0.0,0.0,0.0,1.0,1.0,0.3234442034,0.3269361817,0.4385112872,0.5849998459,0.5389831826,0.6424872577
2007,1.0,0.0,0.0,0.0,1.0,1.0,0.3174888071,0.322345681,0.4359805867,0.591836625,0.5392489321,0.6455025511
2008,1.0,0.0,0.0,0.0,1.0,1.0,0.3055204013,0.314257367,0.443902514,0.5957452043,0.5395187912,0.650273607
2009,1.0,0.0,0.0,0.0,1.0,1.0,0.2955866598,0.3039538273,0.4460784022,0.596684516,0.5395190672,0.6440686857
2010,1.0,0.0,0.0,0.0,1.0,1.0,0.2770728916,0.2897685379,0.4504950707,0.6011908005,0.5416664712,0.658682948
2011,1.0,0.0,0.0,0.0,1.0,1.0,0.2733235257,0.2877704552,0.4563427016,0.6084337124,0.548275662,0.6467061202
2012,1.0,0.0,0.0,0.0,1.0,1.0,0.2606519611,0.2751078281,0.4584717673,0.6178336921,0.5505226593,0.6518993124
2013,1.0,0.0,0.0,0.0,1.0,1.0,0.2602890117,0.2743226768,0.459098589,0.6153837903,0.5524476905,0.6496812571
2014,1.0,0.0,0.0,0.0,1.0,1.0,0.2615208665,0.2751075048,0.4633333928,0.6050949169,0.5540070153,0.639240098
2015,1.0,0.0,0.0,0.0,1.0,1.0,0.2662987748,0.2783910406,0.4572368914,0.6111102545,0.5467130369,0.6521745314
2016,1.0,0.0,0.0,0.0,1.0,1.0,0.26387928,0.2810931137,0.4603960887,0.5999997411,0.5486110886,0.6543213034
2017,1.0,0.0,0.0,0.0,1.0,1.0,0.265632454,0.2793577758,0.4568106143,0.6124997723,0.5451389855,0.652173913
2018,1.0,0.0,0.0,0.0,1.0,1.0,0.2630982814,0.2785902883,0.4602648843,0.6100629346,0.5505225004,0.6437497459
2019,1.0,0.0,0.0,0.0,1.0,1.0,0.2630980539,0.2793580658,0.4652317795,0.6100638402,0.5555555957,0.6459622028
2020,1.0,0.0,0.0,0.0,1.0,1.0,0.2671773972,0.2828282202,0.4603961139,0.6049379992,0.5486108324,0.6503072313
2021,1.0,0.0,0.0,0.0,1.0,1.0,0.2626633961,0.2766620451,0.4595041162,0.6037736835,0.5536331894,0.6437495296
2022,1.0,0.0,0.0,0.0,1.0,1.0,0.2701641105,0.2810931641,0.4660033583,0.6073616997,0.5555556349,0.6419753714
2023,1.0,0.0,0.0,0.0,1.0,1.0,0.2680623219,0.2810927729,0.4619205082,0.6049388719,0.5520834495,0.6419761143
2024,1.0,0.0,0.0,0.0,1.0,1.0,0.2630978819,0.2795641136,0.4586091949,0.6100632746,0.552447738,0.6437503767
2025,1.0,0.0,0.0,0.0,1.0,1.0,0.263534351,0.2795643777,0.4593698901,0.603772966,0.5489511866,0.637500603
2026,1.0,0.0,0.0,0.0,1.0,1.0,0.2704762463,0.2838135971,0.4587459679,0.6036585211,0.550522807,0.6564424611
2027,1.0,0.0,0.0,0.0,1.0,1.0,0.2638790603,0.2813113496,0.4636963524,0.6062504264,0.5559438982,0.6521730061
2028,1.0,0.0,0.0,0.0,1.0,1.0,0.2671774405,0.2810929363,0.4587458633,0.6049385411,0.5520832581,0.6481485286
2029,1.0,0.0,0.0,0.0,1.0,1.0,0.2692711074,0.2838136333,0.4611569696,0.6012270648,0.5505223319,0.6441717634
2030,1.0,0.0,0.0,0.0,1.0,1.0,0.2728741577,0.2880335059,0.4572369145,0.6024097138,0.5520834796,0.6566265964
2031,1.0,0.0,0.0,0.0,1.0,1.0,0.277072969,0.2904951388,0.4636964253,0.5952374745,0.5536331593,0.6428577636
2032,1.0,0.0,0.0,0.0,1.0,1.0,0.2806316719,0.2949744965,0.4597700257,0.5964912708,0.5520834649,0.6411759667
2033,1.0,0.0,0.0,0.0,1.0,1.0,0.3004855223,0.3118945969,0.4624182045,0.581521395,0.551724039,0.6298341652
2034,1.0,0.0,0.0,0.0,1.0,1.0,0.3026130528,0.3136180795,0.4615385733,0.5837842782,0.5517238772,0.6318674823
2035,1.0,0.0,0.0,0.0,1.0,1.0,0.3076457908,0.3159747575,0.4625407334,0.5820101306,0.5498282919,0.6358691613
2036,1.0,0.0,0.0,0.0,1.0,1.0,0.3048867331,0.3142575524,0.4632953415,0.5721918849,0.5498281438,0.6338798319
2037,1.0,0.0,0.0,0.0,1.0,1.0,0.3055207686,0.3148925031,0.4585366442,0.5851062208,0.5513700082,0.646738701
2038,1.0,0.0,0.0,0.0,1.0,1.0,0.2990202223,0.3118949502,0.4617885013,0.5869560066,0.5517241749,0.6408841047
2039,1.0,0.0,0.0,0.0,1.0,1.0,0.3082692166,0.3194093649,0.4545454393,0.5789473684,0.5463918625,0.6397849642
2040,1.0,0.0,0.0,0.0,1.0,1.0,0.3043902931,0.3131811532,0.4592834074,0.5721925683,0.5513697453,0.6338801322
2041,1.0,0.0,0.0,0.0,1.0,1.0,0.3078928095,0.3161497673,0.4629031612,0.581151628,0.5510206596,0.6344082078
2042,1.0,0.0,0.0,0.0,1.0,1.0,0.3061499747,0.310406834,0.4489465937,0.587300957,0.5426620493,0.6483509938
2043,1.0,0.0,0.0,0.0,1.0,1.0,0.3050244819,0.311469804,0.4545453463,0.5797870976,0.5445204705,0.63736265
2044,1.0,0.0,0.0,0.0,1.0,1.0,0.2978792065,0.3069958704,0.4560261463,0.5846993348,0.5426619698,0.6388885981
2045,1.0,0.0,0.0,0.0,1.0,1.0,0.2995068594,0.309105471,0.4576546746,0.576086907,0.5463916116,0.6333336827
2046,1.0,0.0,0.0,0.0,1.0,1.0,0.3011349351,0.3073886942,0.4592833626,0.5783780845,0.5498284557,0.6368713449
2047,1.0,0.0,0.0,0.0,1.0,1.0,0.2995067062,0.3108227714,0.459283433,0.5815222443,0.5498280416,0.6408847577
2048,1.0,0.0,0.0,0.0,1.0,1.0,0.2944344526,0.3012015414,0.4582651985,0.5888889919,0.5513697958,0.6420459193
2049,1.0,0.0,0.0,0.0,1.0,1.0,0.2981940708,0.3029129756,0.4606556883,0.5824174047,0.547945378,0.6440681591
2050,1.0,0.0,0.0,0.0,1.0,1.0,0.2972195608,0.306725074,0.4607843983,0.5879126562,0.5482759801,0.6460679834
2051,1.0,0.0,0.0,0.0,1.0,1.0,0.2855549387,0.2984447084,0.4630542309,0.591953604,0.548611071,0.6511625657
2052,1.0,0.0,0.0,0.0,1.0,1.0,0.2806312686,0.2929398587,0.454844022,0.5906434176,0.5379312007,0.6411766728
2053,1.0,0.0,0.0,0.0,1.0,1.0,0.2613672369,0.2776226662,0.457236887,0.6037737081,0.5416665916,0.6375004706
2054,1.0,0.0,0.0,0.0,1.0,1.0,0.2235813556,0.2463657059,0.4691151624,0.6119407125,0.5489510389,0.6382978412
2055,1.0,0.0,0.0,0.0,1.0,1.0,0.1998884317,0.2302284208,0.4576270914,0.6186439014,0.5285713963,0.6356586236
2056,1.0,0.0,0.0,0.0,1.0,1.0,0.1829488354,0.214933726,0.4508473628,0.6481480057,0.5197132803,0.6250010819
2057,1.0,0.0,0.0,0.0,1.0,1.0,0.1750722649,0.2105967831,0.4489796457,0.6213590475,0.5142858199,0.627118525
2058,1.0,0.0,0.0,0.0,1.0,1.0,0.1586144593,0.1984453487,0.4590443836,0.6559142451,0.5234655743,0.5999996188
2059,1.0,0.0,0.0,0.0,1.0,1.0,0.1405733677,0.1738157065,0.4596912787,0.6219518003,0.5181161605,0.5937505352
2060,1.0,0.0,0.0,0.0,1.0,1.0,0.1191044648,0.161674439,0.4525043429,0.6666676734,0.5036766465,0.6136377629
2061,1.0,0.0,0.0,0.0,1.0,1.0,0.1141230145,0.1604941495,0.4636677465,0.6818167531,0.5145986492,0.602272513
2062,1.0,0.0,0.0,0.0,1.0,1.0,0.1179898275,0.1580001163,0.4618054113,0.6323524939,0.5110292511,0.5930224728
2063,1.0,0.0,0.0,0.0,1.0,1.0,0.1123941397,0.161082182,0.4723183835,0.646152852,0.5238093408,0.5681816555
2064,1.0,0.0,0.0,0.0,1.0,1.0,0.1106647552,0.1647432996,0.4775086021,0.6406229081,0.5311354401,0.5555552975
2065,1.0,0.0,0.0,0.0,1.0,1.0,0.1108565811,0.1579998898,0.4714037101,0.6249979656,0.5183826456,0.5697678362
2066,1.0,0.0,0.0,0.0,1.0,1.0,0.115056072,0.1653620259,0.4707902905,0.6268638113,0.5236362353,0.5384622444
2067,1.0,0.0,0.0,0.0,1.0,1.0,0.1009887661,0.1684244806,0.466899037,0.6206906444,0.5148148704,0.5164831398
2068,1.0,0.0,0.0,0.0,1.0,1.0,0.1093141447,0.1641150378,0.4722221195,0.6349203207,0.5166051038,0.5393274697
2069,1.0,0.0,0.0,0.0,1.0,1.0,0.1073924203,0.164743091,0.4748699311,0.612903662,0.5238095238,0.5222229985
2070,1.0,0.0,0.0,0.0,1.0,1.0,0.1081870348,0.1689963675,0.4828179187,0.6190447616,0.530909213,0.5161288866
2071,1.0,0.0,0.0,0.0,1.0,1.0,0.1023734502,0.1684040075,0.4791666836,0.6101691932,0.5238096868,0.4891303612
2072,1.0,0.0,0.0,0.0,1.0,1.0,0.1033907536,0.1757259849,0.4844828271,0.6166675837,0.5274725524,0.5
2073,1.0,0.0,0.0,0.0,1.0,1.0,0.105113622,0.1702346366,0.4793103373,0.622950425,0.5238096335,0.4946237529
2074,1.0,0.0,0.0,0.0,1.0,1.0,0.09750673062,0.1721260821,0.4756097705,0.624998606,0.5185184757,0.4731195552
2075,1.0,0.0,0.0,0.0,1.0,1.0,0.09054177666,0.1721260237,0.4790939934,0.5961547668,0.5185183479,0.4623667668
2076,1.0,0.0,0.0,0.0,1.0,1.0,0.09085825276,0.1746237571,0.4702797506,0.6153858457,0.5092935726,0.4787239455
2077,1.0,0.0,0.0,0.0,1.0,1.0,0.08490848951,0.1778036438,0.4849558268,0.645832082,0.5168536598,0.4526319897
2078,1.0,0.0,0.0,0.0,1.0,1.0,0.08942360722,0.1778032381,0.48421051,0.5882331386,0.5131086652,0.452631694
2079,1.0,0.0,0.0,0.0,1.0,1.0,0.0997692889,0.1734103067,0.4851139506,0.5964909738,0.5111939982,0.4516136913
2080,1.0,0.0,0.0,0.0,1.0,1.0,0.08926696468,0.179004776,0.486865171,0.5882355341,0.5111939329,0.4479161023
2081,1.0,0.0,0.0,0.0,1.0,1.0,0.09133734464,0.1740603476,0.4885764309,0.5769233806,0.5131087351,0.4408592893
2082,1.0,0.0,0.0,0.0,1.0,1.0,0.08828987383,0.1778033964,0.4823322316,0.5799986829,0.5056180208,0.4210539998
2083,1.0,0.0,0.0,0.0,1.0,1.0,0.09182141663,0.1784718995,0.4858658052,0.5769238342,0.5112784414,0.4210516105
2084,1.0,0.0,0.0,0.0,1.0,1.0,0.0878243411,0.1808687544,0.4868189107,0.56,0.5111941643,0.4226797939
2085,1.0,0.0,0.0,0.0,1.0,1.0,0.08813413435,0.1765931278,0.4867723948,0.5799999182,0.5075188129,0.4468083256
2086,1.0,0.0,0.0,0.0,1.0,1.0,0.08683099441,0.1815465849,0.4840425081,0.5918365634,0.5056178478,0.43299039
2087,1.0,0.0,0.0,0.0,1.0,1.0,0.08490837435,0.1796750354,0.4920354545,0.5208353903,0.509363241,0.3854171586
2088,1.0,0.0,0.0,0.0,1.0,1.0,0.08891820122,0.1859862435,0.4928825533,0.5000020672,0.5112781838,0.3636367433
2089,1.0,0.0,0.0,0.0,1.0,1.0,0.08891845442,0.1796749721,0.4875444639,0.4999979537,0.5093631381,0.3750005329
2090,1.0,0.0,0.0,0.0,1.0,1.0,0.09053546386,0.1834182607,0.4884547495,0.4705891781,0.5056179045,0.3673469388
2091,1.0,0.0,0.0,0.0,1.0,1.0,0.0915106714,0.1881078609,0.4811489023,0.4509809448,0.494296753,0.3434344901
2092,1.0,0.0,0.0,0.0,1.0,1.0,0.09167551284,0.1791454751,0.4946042229,0.4705879976,0.5094337716,0.3263154926
2093,1.0,0.0,0.0,0.0,1.0,1.0,0.09886566411,0.1904598717,0.4982014311,0.381818114,0.5132074596,0.2970285167
2094,1.0,0.0,0.0,0.0,1.0,1.0,0.09958856607,0.2021343605,0.498220601,0.3571417946,0.5168537224,0.2777770279
2095,1.0,0.0,0.0,0.0,1.0,1.0,0.1017613984,0.2059917777,0.4927272236,0.25,0.5000001997,0.2685178362
2096,1.0,0.0,0.0,0.0,1.0,1.0,0.1050137629,0.1983625863,0.4945651693,0.3103461745,0.5,0.2307693831
2097,1.0,0.0,0.0,0.0,1.0,1.0,0.1028307136,0.2002696645,0.4963899309,0.2982475481,0.5,0.2476176797
2098,1.0,0.0,0.0,0.0,1.0,1.0,0.09672016332,0.203308478,0.4946237208,0.3703685493,0.5019012145,0.2616820646
2099,1.0,0.0,0.0,0.0,1.0,1.0,0.09149823378,0.2059915151,0.4982394239,0.4038457585,0.5152668767,0.3240730293
2100,1.0,0.0,0.0,0.0,1.0,1.0,0.1473753104,0.1998886408,0.484745759,0.6321829805,0.537036986,0.6018521619
2101,1.0,0.0,0.0,0.0,1.0,1.0,0.2364092718,0.2802007626,0.4959216735,0.5862075622,0.5714284067,0.6178342202
2102,1.0,0.0,0.0,0.0,1.0,1.0,0.2976045077,0.3244715766,0.4713376449,0.5668441579,0.5659722143,0.6203211327
2103,1.0,0.0,0.0,0.0,1.0,1.0,0.3305116407,0.3486024918,0.4905063115,0.5550230019,0.5841925359,0.6108367232
2104,1.0,0.0,0.0,0.0,1.0,1.0,0.3453483612,0.354750556,0.493630596,0.5576039029,0.5904438626,0.6153845335
2105,1.0,0.0,0.0,0.0,1.0,1.0,0.3015972093,0.321126494,0.4895666678,0.5531914642,0.5773194146,0.6149727093
2106,1.0,0.0,0.0,0.0,1.0,1.0,0.09750652477,0.2055455899,0.5017420563,0.5535707539,0.5094338945,0.4036690303
2107,1.0,0.0,0.0,0.0,1.0,1.0,0.09182136414,0.2058774797,0.5194346696,0.5192297261,0.5355804179,0.363636005
2108,1.0,0.0,0.0,0.0,1.0,1.0,0.2005568473,0.2410629191,0.4682274859,0.5833328845,0.5528168987,0.605839439
2109,1.0,0.0,0.0,0.0,1.0,1.0,0.2841708008,0.2984680929,0.466882005,0.5738641552,0.5597269837,0.6171433259
2110,1.0,0.0,0.0,0.0,1.0,1.0,0.3192437298,0.3275197791,0.4574638293,0.5678396866,0.5540541885,0.6237119666
2111,1.0,0.0,0.0,0.0,1.0,1.0,0.3192437103,0.3320181544,0.4590689704,0.5678394905,0.5593218975,0.612244718
2112,1.0,0.0,0.0,0.0,1.0,1.0,0.3154435066,0.327520011,0.4750402619,0.5714292091,0.5743244191,0.6134023292
2113,1.0,0.0,0.0,0.0,1.0,1.0,0.3073941085,0.3186143081,0.5740130916,0.5508011406,0.6577182062,0.5947363976
2114,1.0,0.0,0.0,0.0,1.0,1.0,0.2817664607,0.2954434622,0.6202322116,0.570589154,0.6891891355,0.6114290399
2115,1.0,0.0,0.0,0.0,1.0,1.0,0.2808347841,0.300852528,0.6264464199,0.5647064769,0.7006803001,0.6045204912
2116,1.0,0.0,0.0,0.0,1.0,1.0,0.2812997785,0.3036497445,0.6258278003,0.5705875066,0.6979166274,0.6000004962
2117,1.0,0.0,0.0,0.0,1.0,1.0,0.2422889227,0.2732286878,0.6262626439,0.5694444444,0.6870502187,0.6249992826
2118,1.0,0.0,0.0,0.0,1.0,1.0,0.1017287326,0.1822509368,0.5196428173,0.4912298114,0.5333332196,0.3763441112
2119,1.0,0.0,0.0,0.0,1.0,1.0,0.110271444,0.1933789797,0.4973730504,0.3492082826,0.5095786738,0.2772278899
2120,1.0,0.0,0.0,0.0,1.0,1.0,0.1090938359,0.1778034373,0.4841549801,0.4032261468,0.5056176703,0.3052648494
2121,1.0,0.0,0.0,0.0,1.0,1.0,0.1116493796,0.1690784869,0.5009009538,0.483871944,0.5187969218,0.3666677477
2122,1.0,0.0,0.0,0.0,1.0,1.0,0.1201515595,0.1634774499,0.475409892,0.4393949915,0.4944238048,0.3409093599
2123,1.0,0.0,0.0,0.0,1.0,1.0,0.1263031519,0.1623180931,0.4816849604,0.3333353815,0.4999998067,0.258426324
2124,1.0,0.0,0.0,0.0,1.0,1.0,0.1385546284,0.1563874065,0.4861368135,0.3466662558,0.5107912311,0.2528736742
2125,1.0,0.0,0.0,0.0,1.0,1.0,0.1281815168,0.1285512232,0.5037174934,0.5362326239,0.5181159937,0.4084493889
2126,1.0,0.0,0.0,0.0,1.0,1.0,0.1614343492,0.1323302866,0.4156079049,0.606740977,0.4947737223,0.5657883591
2127,1.0,0.0,0.0,0.0,1.0,1.0,0.2476647268,0.2196760025,0.4376097684,0.6170214989,0.5268455251,0.6183208437
2128,1.0,0.0,0.0,0.0,1.0,1.0,0.305146715,0.2843805583,0.4425386258,0.5955049051,0.5394736566,0.5895958812
2129,1.0,0.0,0.0,0.0,1.0,1.0,0.3449849265,0.3234440458,0.439932209,0.5784313006,0.5372169774,0.5749991978
2130,1.0,0.0,0.0,0.0,1.0,1.0,0.3482903623,0.3304606091,0.4393939187,0.5748795398,0.5419355963,0.5658539362
2131,1.0,0.0,0.0,0.0,1.0,1.0,0.3530366741,0.3320829043,0.4378108727,0.5727705579,0.5399359435,0.5721162136
2132,1.0,0.0,0.0,0.0,1.0,1.0,0.3375819843,0.3224006432,0.4409317801,0.5763548006,0.5419355626,0.5799994158
2133,1.0,0.0,0.0,0.0,1.0,1.0,0.3174699849,0.3001570407,0.4705882729,0.5978831534,0.5714284706,0.6000002351
2134,1.0,0.0,0.0,0.0,1.0,1.0,0.339184545,0.3219354625,0.4777594649,0.606796224,0.589743447,0.5870655476
2135,1.0,0.0,0.0,0.0,1.0,1.0,0.3391548782,0.3304606639,0.4770491071,0.5990342373,0.5838710175,0.5804882496
2136,1.0,0.0,0.0,0.0,1.0,1.0,0.3342503911,0.3288065506,0.475165634,0.6039601534,0.586318901,0.5891082463
2137,1.0,0.0,0.0,0.0,1.0,1.0,0.3265502181,0.3287637682,0.4818482099,0.606061163,0.578947461,0.5899996575
2138,1.0,0.0,0.0,0.0,1.0,1.0,0.31377816,0.3123253745,0.4584718253,0.6084648345,0.5540541123,0.6108106306
2139,1.0,0.0,0.0,0.0,1.0,1.0,0.2072655956,0.1784715999,0.4604569512,0.6271181269,0.5357141642,0.6600002118
2140,1.0,0.0,0.0,0.0,1.0,1.0,0.1265114438,0.1244657384,0.4810125548,0.5142859658,0.5167287182,0.4477626125
2141,1.0,0.0,0.0,0.0,1.0,1.0,0.2009368534,0.1773204712,0.4650350709,0.6086952575,0.537634493,0.6363624861
2142,1.0,0.0,0.0,0.0,1.0,1.0,0.2747199324,0.2751075614,0.467116262,0.6196319018,0.5609757185,0.6265822785
2143,1.0,0.0,0.0,0.0,1.0,1.0,0.3173352168,0.3235483694,0.4844516068,0.6030930197,0.5796609572,0.5968588527
2144,1.0,0.0,0.0,0.0,1.0,1.0,0.3298973782,0.3359611214,0.4780487471,0.5862069689,0.5810810762,0.5879387735
2145,1.0,0.0,0.0,0.0,1.0,1.0,0.334229176,0.3410257173,0.4918831582,0.5873789028,0.5844596485,0.5891092554
2146,1.0,0.0,0.0,0.0,1.0,1.0,0.3396795624,0.3477788489,0.5310458181,0.591346374,0.6250000914,0.5922337238
2147,1.0,0.0,0.0,0.0,1.0,1.0,0.3309629191,0.3387937955,0.5295083055,0.6039599811,0.616948993,0.6049996418
2148,1.0,0.0,0.0,0.0,1.0,1.0,0.3374952053,0.352345946,0.5334420782,0.599033314,0.6305087622,0.5961541023
2149,1.0,0.0,0.0,0.0,1.0,1.0,0.3320620813,0.3489576446,0.532573248,0.5980389806,0.6237287855,0.5970866168
2150,1.0,0.0,0.0,0.0,1.0,1.0,0.3277390622,0.3433456204,0.5340908844,0.5940588708,0.6292517564,0.5891079299
2151,1.0,0.0,0.0,0.0,1.0,1.0,0.3202722461,0.3398775154,0.5330113628,0.5979894672,0.6329966059,0.5990100926
2152,1.0,0.0,0.0,0.0,1.0,1.0,0.3107239568,0.3269984489,0.5320513741,0.5979381212,0.6308721409,0.6102563074
2153,1.0,0.0,0.0,0.0,1.0,1.0,0.3226545505,0.3420019726,0.5196851356,0.595121909,0.6179402397,0.6067955678
2154,1.0,0.0,0.0,0.0,1.0,1.0,0.3231635338,0.3375598853,0.5094638028,0.5853656172,0.6059603702,0.612744355
2155,1.0,0.0,0.0,0.0,1.0,1.0,0.3258710266,0.3426180669,0.4492979226,0.5885173212,0.5518396487,0.6195123696
2156,1.0,0.0,0.0,0.0,1.0,1.0,0.315041421,0.3264843581,0.4503106071,0.5812813557,0.5499999816,0.617347002
2157,1.0,0.0,0.0,0.0,1.0,1.0,0.3242701733,0.3359330936,0.4561127759,0.5797100049,0.5551840434,0.611940084
2158,1.0,0.0,0.0,0.0,1.0,1.0,0.3147848025,0.3308961281,0.4566929306,0.5800006003,0.55743235,0.6122448517
2159,1.0,0.0,0.0,0.0,1.0,1.0,0.3231161177,0.3398774858,0.4564184479,0.58823542,0.558922706,0.6089105328
2160,1.0,0.0,0.0,0.0,1.0,1.0,0.3193764883,0.3370998491,0.4562798046,0.5920401984,0.55254249,0.6080395819
2161,1.0,0.0,0.0,0.0,1.0,1.0,0.312425231,0.3252422339,0.4577352867,0.5918372365,0.5593222163,0.6145831194
2162,1.0,0.0,0.0,0.0,1.0,1.0,0.2615206018,0.2638386482,0.463333389,0.6305721518,0.5454546493,0.6556294546
2163,1.0,0.0,0.0,0.0,1.0,1.0,0.1796553778,0.1782095419,0.4572425953,0.6116494595,0.5073528588,0.6082478854
2164,1.0,0.0,0.0,0.0,1.0,1.0,0.1964123192,0.1846793214,0.4504348026,0.61061913,0.5072465529,0.6274521455
2165,1.0,0.0,0.0,0.0,1.0,1.0,0.2613144141,0.2419700568,0.4685908218,0.6233771185,0.536842144,0.6449267985
2166,1.0,0.0,0.0,0.0,1.0,1.0,0.3144867134,0.3087013879,0.4629323282,0.6230371628,0.5392490042,0.6132592591
2167,1.0,0.0,0.0,0.0,1.0,1.0,0.3260476362,0.325756879,0.4639344371,0.6130651759,0.5494881067,0.612565147
2168,1.0,0.0,0.0,0.0,1.0,1.0,0.3320511403,0.3297478987,0.4523026411,0.6138617457,0.5442175698,0.6134024459
2169,1.0,0.0,0.0,0.0,1.0,1.0,0.3292670231,0.3285359644,0.4475873299,0.6212113527,0.5363321042,0.6052631579
2170,1.0,0.0,0.0,0.0,1.0,1.0,0.3276039436,0.3268071343,0.4542428767,0.6040612125,0.5432523385,0.6137564055
2171,1.0,0.0,0.0,0.0,1.0,1.0,0.3192888728,0.3187873404,0.4792013248,0.6041670941,0.5620689031,0.6216214618
2172,1.0,0.0,0.0,0.0,1.0,1.0,0.3292670985,0.3320064211,0.50582363,0.6111114803,0.592465801,0.6082480287
2173,1.0,0.0,0.0,0.0,1.0,1.0,0.3320352155,0.3320064963,0.5075124446,0.6130650446,0.5958904033,0.6082482025
2174,1.0,0.0,0.0,0.0,1.0,1.0,0.3281749894,0.3320066189,0.5074626397,0.6111117798,0.599315052,0.6185570004
2175,1.0,0.0,0.0,0.0,1.0,1.0,0.3314895626,0.3308735056,0.502487547,0.6200001303,0.5938568766,0.6134017502
2176,1.0,0.0,0.0,0.0,1.0,1.0,0.3249009794,0.3331473841,0.501650193,0.6142133785,0.595238237,0.6173468647
2177,1.0,0.0,0.0,0.0,1.0,1.0,0.3220794263,0.3320062613,0.5033223652,0.6082477427,0.5993149084,0.6082473084
2178,1.0,0.0,0.0,0.0,1.0,1.0,0.3336927078,0.3399463433,0.4631750655,0.5980395581,0.5646258528,0.5999997841
2179,1.0,0.0,0.0,0.0,1.0,1.0,0.328271908,0.3308961183,0.4585365355,0.6089109701,0.5641892284,0.6122450098
2180,1.0,0.0,0.0,0.0,1.0,1.0,0.3326009873,0.337695351,0.4540983549,0.6009857497,0.5563139756,0.6060597158
2181,1.0,0.0,0.0,0.0,1.0,1.0,0.3304344077,0.3365123507,0.4576546146,0.6157627617,0.5589227607,0.614999544
2182,1.0,0.0,0.0,0.0,1.0,1.0,0.3336846311,0.3404140166,0.4629031659,0.6038655025,0.5671141601,0.6009855225
2183,1.0,0.0,0.0,0.0,1.0,1.0,0.3315222416,0.3342727495,0.4552845385,0.6029410827,0.5574325177,0.6111117801
2184,1.0,0.0,0.0,0.0,1.0,1.0,0.330421045,0.3354058084,0.4566285842,0.6089110223,0.5559319808,0.6060604094
2185,1.0,0.0,0.0,0.0,1.0,1.0,0.3174125355,0.3241434382,0.4560261242,0.6051287353,0.560810973,0.6041664364
2186,1.0,0.0,0.0,0.0,1.0,1.0,0.2750142322,0.2785898214,0.4546980973,0.6219504766,0.5470383894,0.6250006505
2187,1.0,0.0,0.0,0.0,1.0,1.0,0.1490076679,0.1282299251,0.4799998917,0.5609757932,0.5207547784,0.6323524522
2188,1.0,0.0,0.0,0.0,1.0,1.0,0.1446079366,0.1463061853,0.489011023,0.3924043644,0.5019012412,0.3246754298
2189,1.0,0.0,0.0,0.0,1.0,1.0,0.1388621685,0.1457516723,0.4826324912,0.5263147763,0.4962120073,0.4545437273
2190,1.0,0.0,0.0,0.0,1.0,1.0,0.1578064995,0.1390199902,0.4664247237,0.5632169924,0.5000001949,0.5135124523
2191,1.0,0.0,0.0,0.0,1.0,1.0,0.2135250058,0.183911866,0.4649911043,0.5966392376,0.5241636741,0.6161613218
2192,1.0,0.0,0.0,0.0,1.0,1.0,0.2720996176,0.2489582398,0.4764398632,0.5961536656,0.5487364907,0.637680764
2193,1.0,0.0,0.0,0.0,1.0,1.0,0.3115806159,0.2991287654,0.4923339506,0.5956293627,0.5704224587,0.6117645291
2194,1.0,0.0,0.0,0.0,1.0,1.0,0.3197545169,0.3197515643,0.4790618909,0.6125651215,0.5629369988,0.6120216686
2195,1.0,0.0,0.0,0.0,1.0,1.0,0.3347884886,0.3411061417,0.4745483857,0.6225482352,0.5665528347,0.6050005642
2196,1.0,0.0,0.0,0.0,1.0,1.0,0.3155262465,0.3187872873,0.4809917993,0.6230367584,0.5724135696,0.6216221064
2197,1.0,0.0,0.0,0.0,1.0,1.0,0.2358824815,0.2188559329,0.4790209385,0.5925925334,0.5401459021,0.650000809
2198,1.0,0.0,0.0,0.0,1.0,1.0,0.1812275241,0.1678308497,0.4542189886,0.6138620605,0.4943396058,0.617977311
2199,1.0,0.0,0.0,0.0,1.0,1.0,0.2205426947,0.2123356347,0.4676007907,0.6190469577,0.531135603,0.6293098083
2200,1.0,0.0,0.0,0.0,1.0,1.0,0.2855548704,0.2805451071,0.4823529368,0.6176463663,0.5543861346,0.6375007644
2201,1.0,0.0,0.0,0.0,1.0,1.0,0.3108632867,0.3157957472,0.4782609578,0.6182792634,0.555555513,0.6318692055
2202,1.0,0.0,0.0,0.0,1.0,1.0,0.3204821762,0.3302655964,0.4677686589,0.6185565833,0.5605534874,0.6282715833
2203,1.0,0.0,0.0,0.0,1.0,1.0,0.3288065026,0.3365469398,0.4609121129,0.613861537,0.5612244173,0.6212122222
2204,1.0,0.0,0.0,0.0,1.0,1.0,0.3288485343,0.3433455571,0.4677418821,0.6127452582,0.5646259094,0.6138609833
2205,1.0,0.0,0.0,0.0,1.0,1.0,0.3309943956,0.338195384,0.4701130839,0.6146342798,0.5690237215,0.6169154062
2206,1.0,0.0,0.0,0.0,1.0,1.0,0.3352862469,0.3460903382,0.4333867545,0.607655419,0.5337839011,0.6146346968
2207,1.0,0.0,0.0,0.0,1.0,1.0,0.3255880495,0.3331470752,0.4440842779,0.621891139,0.5408162348,0.6122442151
2208,1.0,0.0,0.0,0.0,1.0,1.0,0.3304474137,0.3382466008,0.435980589,0.6176466512,0.5374150565,0.6130659142
2209,1.0,0.0,0.0,0.0,1.0,1.0,0.3223482417,0.3291676219,0.4327390141,0.6130651668,0.5290104866,0.6113988056
2210,1.0,0.0,0.0,0.0,1.0,1.0,0.3239682859,0.329747804,0.4278768256,0.6100002504,0.5238097529,0.6082469136
2211,1.0,0.0,0.0,0.0,1.0,1.0,0.3251005118,0.3325845743,0.433172232,0.6089112297,0.5337838035,0.6091367499
2212,1.0,0.0,0.0,0.0,1.0,1.0,0.3278166405,0.3320293399,0.4416000244,0.6048779639,0.5436241091,0.6010098279
2213,1.0,0.0,0.0,0.0,1.0,1.0,0.3218267207,0.326416945,0.4595469308,0.6130652736,0.5555555163,0.6030926383
2214,1.0,0.0,0.0,0.0,1.0,1.0,0.3185923006,0.3286756503,0.4530744445,0.6142127961,0.5570467364,0.6071429708
2215,1.0,0.0,0.0,0.0,1.0,1.0,0.3288487074,0.334830125,0.4564515542,0.6029410395,0.5589225374,0.5929648721
2216,1.0,0.0,0.0,0.0,1.0,1.0,0.3260473488,0.3331470464,0.4491803831,0.6130651379,0.551020221,0.5969387377
2217,1.0,0.0,0.0,0.0,1.0,1.0,0.3216596036,0.3308734909,0.4614121297,0.6122450718,0.5597267596,0.5979383661
2218,1.0,0.0,0.0,0.0,1.0,1.0,0.3238778649,0.3348469187,0.4615383707,0.6111116322,0.564625805,0.5939093154
2219,1.0,0.0,0.0,0.0,1.0,1.0,0.318004485,0.3269362112,0.4512986006,0.6122442058,0.555932096,0.6010366598
2220,1.0,0.0,0.0,0.0,1.0,1.0,0.314759542,0.3190788158,0.4058441138,0.6134018813,0.5135134383,0.5978830559
2221,1.0,0.0,0.0,0.0,1.0,1.0,0.3164628629,0.3230517846,0.4022617827,0.6173465563,0.5117846988,0.5937502426
2222,1.0,0.0,0.0,0.0,1.0,1.0,0.3191765121,0.3259049154,0.4096774377,0.6111111111,0.51839475,0.5999997842
2223,1.0,0.0,0.0,0.0,1.0,1.0,0.3250609052,0.3320292392,0.4061488529,0.6119404405,0.5167786048,0.6010096296
2224,1.0,0.0,0.0,0.0,1.0,1.0,0.3224007163,0.3297820029,0.4048387617,0.609999777,0.5151517317,0.5918368232
2225,1.0,0.0,0.0,0.0,1.0,1.0,0.3169749434,0.3247344838,0.4045307742,0.6122449629,0.5151514304,0.5906735863
2226,1.0,0.0,0.0,0.0,1.0,1.0,0.3203340281,0.3286754496,0.3669872065,0.6199999154,0.4697986887,0.5918361623
2227,1.0,0.0,0.0,0.0,1.0,1.0,0.3224523062,0.326417073,0.3643660018,0.6119409248,0.4680133306,0.5876290901
2228,1.0,0.0,0.0,0.0,1.0,1.0,0.3230198089,0.330896356,0.3647999924,0.6138615935,0.4695944438,0.586734771
2229,1.0,0.0,0.0,0.0,1.0,1.0,0.3225038046,0.3308963296,0.3610223594,0.6138610964,0.4662163342,0.5918364709
2230,1.0,0.0,0.0,0.0,1.0,1.0,0.3085094241,0.315974571,0.3295819037,0.6145841859,0.422680405,0.5869562742
2231,1.0,0.0,0.0,0.0,1.0,1.0,0.3139273227,0.3183156953,0.3205127244,0.6122454897,0.4143837948,0.5967737008
2232,1.0,0.0,0.0,0.0,1.0,1.0,0.3201465305,0.3268071079,0.3138212219,0.6142133123,0.4083046816,0.5873014808
2233,1.0,0.0,0.0,0.0,1.0,1.0,0.3157844812,0.3175309938,0.3110749873,0.6185567778,0.3993057656,0.5956286494
2234,1.0,0.0,0.0,0.0,1.0,1.0,0.3136459931,0.3205106206,0.3203252792,0.6113981237,0.4172412951,0.5860222815
2235,1.0,0.0,0.0,0.0,1.0,1.0,0.3185213224,0.3200267253,0.3268291773,0.6020408489,0.4143835494,0.588234769
2236,1.0,0.0,0.0,0.0,1.0,1.0,0.2782632689,0.2744945204,0.2751236473,0.6213017322,0.3591547977,0.5897432534
2237,1.0,0.0,0.0,0.0,1.0,1.0,0.263718558,0.2570504727,0.2336134597,0.6178342099,0.3165468484,0.5944053105
2238,1.0,0.0,0.0,0.0,1.0,1.0,0.2766164363,0.2672120273,0.2438221075,0.6011901987,0.3402777931,0.5909084661
2239,1.0,0.0,0.0,0.0,1.0,1.0,0.2767942533,0.2645579641,0.250414552,0.6167667563,0.3529412844,0.5882358654
2240,1.0,0.0,0.0,0.0,1.0,1.0,0.2783048933,0.2718079579,0.2514332928,0.6117644519,0.3547296774,0.5776395942
2241,1.0,0.0,0.0,0.0,1.0,1.0,0.2728739259,0.2600588293,0.2549342303,0.6144579236,0.3503401103,0.5751642132
2242,1.0,0.0,0.0,0.0,1.0,1.0,0.2742921525,0.2581891429,0.2933443679,0.6107779232,0.3966666596,0.5806446288
2243,1.0,0.0,0.0,0.0,1.0,1.0,0.2325850432,0.2019077409,0.3844857401,0.637681009,0.4814815452,0.6333332197
2244,1.0,0.0,0.0,0.0,1.0,1.0,0.1496489522,0.1130112558,0.4652406006,0.5714285714,0.5159011915,0.562498766
2245,1.0,0.0,0.0,0.0,1.0,1.0,0.1353966516,0.1024165422,0.4723707195,0.5131588254,0.5159011478,0.4827592353
2246,1.0,0.0,0.0,0.0,1.0,1.0,0.1386609712,0.1056758674,0.472071965,0.5194800762,0.5089604761,0.5423746235
2247,1.0,0.0,0.0,0.0,1.0,1.0,0.1407156115,0.1182136268,0.4819494559,0.4871789031,0.5197130551,0.4545479017
2248,1.0,0.0,0.0,0.0,1.0,1.0,0.1404621887,0.1177910995,0.4900900328,0.4743572775,0.524999871,0.4545454545
2249,1.0,0.0,0.0,0.0,1.0,1.0,0.1407156895,0.1204364589,0.4927797254,0.4615402899,0.53237413,0.4179108149
2250,1.0,0.0,0.0,0.0,1.0,1.0,0.1491171752,0.1253715831,0.4849023179,0.4047606737,0.5194344341,0.39436591
2251,1.0,0.0,0.0,0.0,1.0,1.0,0.1422627695,0.1231452875,0.4846846207,0.4430374126,0.521428653,0.4057982284
2252,1.0,0.0,0.0,0.0,1.0,1.0,0.1448468174,0.1191505468,0.4891303944,0.4374993586,0.5266904057,0.4179116365
2253,1.0,0.0,0.0,0.0,1.0,1.0,0.1471348931,0.1217958179,0.481149032,0.439024515,0.5232972528,0.4264693185
2254,1.0,0.0,0.0,0.0,1.0,1.0,0.1427776773,0.1231456006,0.4719709495,0.4810130199,0.5107143485,0.4202902861
2255,1.0,0.0,0.0,0.0,1.0,1.0,0.1502781101,0.1276266738,0.4873188186,0.3855424121,0.5179859097,0.3661948961
2256,1.0,0.0,0.0,0.0,1.0,1.0,0.1518139894,0.1226752305,0.4810126856,0.3690493277,0.5126353912,0.3382374519
2257,1.0,0.0,0.0,0.0,1.0,1.0,0.152365253,0.1280871714,0.4863883596,0.3452394218,0.519855765,0.3098594025
2258,1.0,0.0,0.0,0.0,1.0,1.0,0.1512666111,0.1280874061,0.4738739491,0.3928565215,0.5126351126,0.3802814002
2259,1.0,0.0,0.0,0.0,1.0,1.0,0.1481992139,0.1226753292,0.4846293153,0.3536571852,0.5234657806,0.3529406405
2260,1.0,0.0,0.0,0.0,1.0,1.0,0.138911371,0.1208710918,0.4747292375,0.4025981367,0.5090255745,0.3731341898
2261,1.0,0.0,0.0,0.0,1.0,1.0,0.1399215155,0.1253844389,0.4872728414,0.3506486466,0.5199999241,0.3333343416
2262,1.0,0.0,0.0,0.0,1.0,1.0,0.1448465599,0.1249303045,0.4836956402,0.375,0.5217391464,0.3333323559
2263,1.0,0.0,0.0,0.0,1.0,1.0,0.1359534232,0.1217033514,0.4816176858,0.3783791334,0.5129151854,0.3333354214
2264,1.0,0.0,0.0,0.0,1.0,1.0,0.1336249771,0.1226421663,0.4853480392,0.410958046,0.5128203372,0.3432827949
2265,1.0,0.0,0.0,0.0,1.0,1.0,0.1354552994,0.1286043538,0.4890109224,0.378378076,0.5073529216,0.342856298
2266,1.0,0.0,0.0,0.0,1.0,1.0,0.1378541884,0.1336249682,0.4827586465,0.3815788403,0.5054944682,0.3424670298
2267,1.0,0.0,0.0,0.0,1.0,1.0,0.1373552468,0.1381044623,0.4864375223,0.4210533569,0.5236364591,0.3947373498
2268,1.0,0.0,0.0,0.0,1.0,1.0,0.1396680104,0.1367846328,0.484573501,0.3636375829,0.5182482852,0.2800009914
2269,1.0,0.0,0.0,0.0,1.0,1.0,0.1278991401,0.13276722,0.4881169402,0.4142836006,0.5202953608,0.3611117504
2270,1.0,0.0,0.0,0.0,1.0,1.0,0.1299639745,0.1332590755,0.483516503,0.4225337113,0.5185185746,0.3611113476
2271,1.0,0.0,0.0,0.0,1.0,1.0,0.1292540325,0.1359533871,0.4899818862,0.4084525841,0.5183823237,0.3648660687
2272,1.0,0.0,0.0,0.0,1.0,1.0,0.1276658625,0.1364549962,0.4762773232,0.400000589,0.5129150562,0.3378373484
2273,1.0,0.0,0.0,0.0,1.0,1.0,0.1290189663,0.1346111264,0.4727272966,0.4366218466,0.5092250529,0.3835617987
2274,1.0,0.0,0.0,0.0,1.0,1.0,0.1305985577,0.1359535836,0.4791287816,0.444446033,0.5110293714,0.3648632483
2275,1.0,0.0,0.0,0.0,1.0,1.0,0.1290190375,0.1382992242,0.4781817647,0.380281773,0.512915203,0.3199997772
2276,1.0,0.0,0.0,0.0,1.0,1.0,0.1287847921,0.1327673482,0.4791289018,0.4084528138,0.5129151887,0.361111272
2277,1.0,0.0,0.0,0.0,1.0,1.0,0.1228674517,0.1356120103,0.4954128091,0.3731354848,0.5241633365,0.301368733
2278,1.0,0.0,0.0,0.0,1.0,1.0,0.1242451191,0.1361179687,0.4808044763,0.4411761155,0.5149253703,0.3698642076
2279,1.0,0.0,0.0,0.0,1.0,1.0,0.1251569683,0.1425130207,0.4754990269,0.4202921765,0.5111110774,0.3246759806
2280,1.0,0.0,0.0,0.0,1.0,1.0,0.1210331059,0.1403710729,0.4844035584,0.3939400609,0.5168540984,0.3333333333
2281,1.0,0.0,0.0,0.0,1.0,1.0,0.1244726126,0.1403709115,0.4835163794,0.3970585997,0.5131084953,0.3333314936
2282,1.0,0.0,0.0,0.0,1.0,1.0,0.1240181921,0.1435766295,0.4854014629,0.3970593095,0.5149256062,0.3506491094
2283,1.0,0.0,0.0,0.0,1.0,1.0,0.1199328456,0.1417117204,0.4781819243,0.4545451711,0.5074626522,0.3552640487
2284,1.0,0.0,0.0,0.0,1.0,1.0,0.119715127,0.145440999,0.4827586558,0.4242412987,0.507462732,0.3461532418
2285,1.0,0.0,0.0,0.0,1.0,1.0,0.1199329312,0.1435766301,0.4781816937,0.4242404116,0.5111941431,0.350649245
2286,1.0,0.0,0.0,0.0,1.0,1.0,0.1162988192,0.1425132039,0.4890908763,0.4375010161,0.5185185898,0.3506486136
2287,1.0,0.0,0.0,0.0,1.0,1.0,0.1130758948,0.1467579663,0.4854014458,0.4354853503,0.516728786,0.3417722194
2288,1.0,0.0,0.0,0.0,1.0,1.0,0.114066769,0.1430425119,0.4818839799,0.523807286,0.5092936482,0.4025980803
2289,1.0,0.0,0.0,0.0,1.0,1.0,0.1116592504,0.1470874675,0.4890110961,0.3934421761,0.5132075383,0.3205137087
2290,1.0,0.0,0.0,0.0,1.0,1.0,0.108634733,0.1497293074,0.4746377825,0.4166681069,0.501872742,0.2875005185
2291,1.0,0.0,0.0,0.0,1.0,1.0,0.1046347495,0.1536178759,0.4945847673,0.4310331496,0.5148149451,0.3253003988
2292,1.0,0.0,0.0,0.0,1.0,1.0,0.1090303157,0.156516192,0.4818181984,0.3833348574,0.4981131144,0.3252997038
2293,1.0,0.0,0.0,0.0,1.0,1.0,0.1026451972,0.1566288202,0.4936938057,0.4210536081,0.5111939989,0.3452382151
2294,1.0,0.0,0.0,0.0,1.0,1.0,0.09976610437,0.1603583062,0.4901961772,0.4285714286,0.5111942354,0.3255813953
2295,1.0,0.0,0.0,0.0,1.0,1.0,0.1033904656,0.1609586758,0.4918330408,0.3157914668,0.5093633942,0.220929357
2296,1.0,0.0,0.0,0.0,1.0,1.0,0.1082426102,0.1765934874,0.4891697312,0.2500008923,0.5037591444,0.2127674117
2297,1.0,0.0,0.0,0.0,1.0,1.0,0.1012095408,0.1829164931,0.4792044027,0.3035720475,0.4981129129,0.2268041925
2298,1.0,0.0,0.0,0.0,1.0,1.0,0.1013925796,0.171007157,0.4836957171,0.3214280244,0.5095059203,0.2666668255
2299,1.0,0.0,0.0,0.0,1.0,1.0,0.1613682368,0.1830479716,0.4531249308,0.6236565421,0.505494641,0.6
2300,1.0,0.0,0.0,0.0,1.0,1.0,0.2536149007,0.2629192772,0.4841403261,0.5986836122,0.5574912202,0.6291396694
2301,1.0,0.0,0.0,0.0,1.0,1.0,0.3315302472,0.3370600577,0.4822006385,0.5707319893,0.5671138511,0.6119401491
2302,1.0,0.0,0.0,0.0,1.0,1.0,0.3535002109,0.3564674317,0.4710611274,0.5590906359,0.5633333248,0.6074770301
2303,1.0,0.0,0.0,0.0,1.0,1.0,0.3643127766,0.3743724559,0.462903281,0.5707965864,0.5585284877,0.5982146402
2304,1.0,0.0,0.0,0.0,1.0,1.0,0.3616719604,0.3664618456,0.4588045001,0.5714285714,0.5566665185,0.6045456505
2305,1.0,0.0,0.0,0.0,1.0,1.0,0.3649011512,0.3706540974,0.4652665152,0.5752212736,0.5562912575,0.6026782983
2306,1.0,0.0,0.0,0.0,1.0,1.0,0.3546404783,0.3626737313,0.4612903279,0.5772722616,0.5618728043,0.5944700231
2307,1.0,0.0,0.0,0.0,1.0,1.0,0.3606399427,0.3731248248,0.4724919088,0.5784759033,0.5733334146,0.5892860918
2308,1.0,0.0,0.0,0.0,1.0,1.0,0.3641757367,0.3731248969,0.4754902208,0.5874440335,0.5733333864,0.6026780824
2309,1.0,0.0,0.0,0.0,1.0,1.0,0.3646170281,0.3710304638,0.4706840066,0.5803569707,0.5652173599,0.5990988538
2310,1.0,0.0,0.0,0.0,1.0,1.0,0.3654914665,0.3747905591,0.4724918924,0.5796463322,0.5666664345,0.6
2311,1.0,0.0,0.0,0.0,1.0,1.0,0.3591492387,0.3660163453,0.4699188047,0.5837108148,0.5685619428,0.598173282
2312,1.0,0.0,0.0,0.0,1.0,1.0,0.3581062367,0.3643447533,0.4674266442,0.5818179811,0.5652175839,0.5963301916
2313,1.0,0.0,0.0,0.0,1.0,1.0,0.3597339582,0.3655676385,0.465798088,0.5791851883,0.5671141149,0.6009179615
2314,1.0,0.0,0.0,0.0,1.0,1.0,0.3526487361,0.3626735397,0.4813007878,0.5898616646,0.5819397142,0.5944701372
2315,1.0,0.0,0.0,0.0,1.0,1.0,0.3549573041,0.3655674806,0.4828151255,0.5898620765,0.5771811391,0.6009177489
2316,1.0,0.0,0.0,0.0,1.0,1.0,0.3544818836,0.3588598712,0.4844005535,0.587962913,0.5805371022,0.6028038585
2317,1.0,0.0,0.0,0.0,1.0,1.0,0.3484143257,0.3526457526,0.4795418173,0.5915497451,0.5785951964,0.6113749196
2318,1.0,0.0,0.0,0.0,1.0,1.0,0.2701193714,0.2672119056,0.4932432351,0.5999991787,0.5798612734,0.6493507971
2319,1.0,0.0,0.0,0.0,1.0,1.0,0.1162987239,0.1441142196,0.5054546372,0.5937488706,0.53183501,0.4805207218
2320,1.0,0.0,0.0,0.0,1.0,1.0,0.111851162,0.1473057078,0.4891696558,0.5806452712,0.5223879127,0.4683556155
2321,1.0,0.0,0.0,0.0,1.0,1.0,0.1936091307,0.1995288325,0.467713759,0.6396392114,0.5359712899,0.6576577262
2322,1.0,0.0,0.0,0.0,1.0,1.0,0.2536400409,0.2524542414,0.4773109333,0.6158944437,0.5605536267,0.664383253
2323,1.0,0.0,0.0,0.0,1.0,1.0,0.3080247251,0.3089492083,0.4803278649,0.5904254637,0.570945936,0.639345008
2324,1.0,0.0,0.0,0.0,1.0,1.0,0.330434404,0.3370599281,0.4657981109,0.5812809982,0.5637583818,0.616915335
2325,1.0,0.0,0.0,0.0,1.0,1.0,0.3390964995,0.3409468197,0.4594154659,0.5885160756,0.561872758,0.6274504588
2326,1.0,0.0,0.0,0.0,1.0,1.0,0.3390675473,0.3414759158,0.45718901,0.5952386354,0.5633332744,0.6243906561
2327,1.0,0.0,0.0,0.0,1.0,1.0,0.337473979,0.3409466697,0.4577923127,0.5913461238,0.5618730537,0.6176464971
2328,1.0,0.0,0.0,0.0,1.0,1.0,0.3369455761,0.3414759265,0.4804559654,0.5893723048,0.5833333936,0.6146340947
2329,1.0,0.0,0.0,0.0,1.0,1.0,0.3293054761,0.3325899905,0.5172980601,0.5949997748,0.6086953489,0.6231159329
2330,1.0,0.0,0.0,0.0,1.0,1.0,0.3309626492,0.3392751452,0.5180327823,0.5891089891,0.6120400339,0.6108379959
2331,1.0,0.0,0.0,0.0,1.0,1.0,0.3374741248,0.3413935071,0.519480506,0.5913460995,0.6138615293,0.6086959216
2332,1.0,0.0,0.0,0.0,1.0,1.0,0.3347882442,0.338144473,0.5221675941,0.5931377345,0.6133333577,0.6206892826
2333,1.0,0.0,0.0,0.0,1.0,1.0,0.337494959,0.346472921,0.5187602968,0.5942029735,0.6166667023,0.6153852487
2334,1.0,0.0,0.0,0.0,1.0,1.0,0.3315063329,0.3376042101,0.5188833921,0.5940595422,0.6120400047,0.613861774
2335,1.0,0.0,0.0,0.0,1.0,1.0,0.3385995544,0.3459607352,0.5171850362,0.5942024656,0.6120402184,0.6086951596
2336,1.0,0.0,0.0,0.0,1.0,1.0,0.2265169982,0.2149149834,0.5138407573,0.6488551839,0.5874126624,0.6910567567
2337,1.0,0.0,0.0,0.0,1.0,1.0,0.1358812442,0.1438310246,0.4704829203,0.6052629412,0.5166050298,0.5384613328
2338,1.0,0.0,0.0,0.0,1.0,1.0,0.1349158256,0.1341165094,0.4671402622,0.6184218187,0.5220588605,0.6027409913
2339,1.0,0.0,0.0,0.0,1.0,1.0,0.214288451,0.2083643187,0.4682676488,0.6479997966,0.5441696206,0.6694906126
2340,1.0,0.0,0.0,0.0,1.0,1.0,0.264411641,0.2601288036,0.4775374468,0.6289301401,0.5616437503,0.6578943662
2341,1.0,0.0,0.0,0.0,1.0,1.0,0.2967349738,0.3021961295,0.4763459019,0.6098907348,0.5675675773,0.6312856155
2342,1.0,0.0,0.0,0.0,1.0,1.0,0.3125287296,0.3163216142,0.4690553496,0.6093748765,0.5656566209,0.6223398061
2343,1.0,0.0,0.0,0.0,1.0,1.0,0.3233489343,0.3286753602,0.4673201839,0.595959124,0.5637585781,0.612245458
2344,1.0,0.0,0.0,0.0,1.0,1.0,0.314063792,0.3213695161,0.4664484825,0.6093744543,0.5589223065,0.6230369516
2345,1.0,0.0,0.0,0.0,1.0,1.0,0.1960374761,0.1880673213,0.4728546004,0.6517855284,0.5448030579,0.6571430301
2346,1.0,0.0,0.0,0.0,1.0,1.0,0.1120868245,0.1383842825,0.4934580184,0.43333401,0.5076924157,0.3888873226
2347,1.0,0.0,0.0,0.0,1.0,1.0,0.1051076488,0.1438591822,0.474169805,0.5614045874,0.5113635166,0.4473685638
2348,1.0,0.0,0.0,0.0,1.0,1.0,0.1878258437,0.1856107774,0.4534482317,0.6513762552,0.5285712917,0.6538444861
2349,1.0,0.0,0.0,0.0,1.0,1.0,0.2469207442,0.2412448828,0.45714287,0.6462586028,0.5482760215,0.6642849913
2350,1.0,0.0,0.0,0.0,1.0,1.0,0.2988528157,0.3025521572,0.4607842634,0.6120218515,0.5544217136,0.623594856
2351,1.0,0.0,0.0,0.0,1.0,1.0,0.3342236817,0.3342611267,0.4555734671,0.5990332531,0.5518394552,0.6099995324
2352,1.0,0.0,0.0,0.0,1.0,1.0,0.3374527274,0.3426180192,0.452342388,0.5933015736,0.5585283871,0.6
2353,1.0,0.0,0.0,0.0,1.0,1.0,0.3304477089,0.3331474339,0.453808722,0.5931367624,0.5500000539,0.6149993798
2354,1.0,0.0,0.0,0.0,1.0,1.0,0.3288275276,0.3359329426,0.453808836,0.5911332972,0.5551839489,0.606965057
2355,1.0,0.0,0.0,0.0,1.0,1.0,0.3239680552,0.3275761818,0.4635332659,0.605000163,0.5618728538,0.6224490362
2356,1.0,0.0,0.0,0.0,1.0,1.0,0.3277391665,0.3348130491,0.4821429449,0.5990102881,0.5799997982,0.6119401539
2357,1.0,0.0,0.0,0.0,1.0,1.0,0.321771605,0.3303524598,0.484552802,0.6060611103,0.5805369919,0.6142140865
2358,1.0,0.0,0.0,0.0,1.0,1.0,0.3228213299,0.3309189233,0.4845024545,0.6010096209,0.5819399432,0.6161615831
2359,1.0,0.0,0.0,0.0,1.0,1.0,0.3309838549,0.3409469602,0.4902597801,0.5931374884,0.5819396194,0.6078426805
2360,1.0,0.0,0.0,0.0,1.0,1.0,0.330434524,0.3353608537,0.4885993423,0.6059116065,0.5847176637,0.6089114178
2361,1.0,0.0,0.0,0.0,1.0,1.0,0.3298971409,0.3331473515,0.489430936,0.600985784,0.5866664999,0.6049998498
2362,1.0,0.0,0.0,0.0,1.0,1.0,0.3260821244,0.3314814106,0.4926590428,0.6099997423,0.5933334359,0.6231155453
2363,1.0,0.0,0.0,0.0,1.0,1.0,0.3260820136,0.3353834363,0.482871099,0.6000002172,0.5805368443,0.6199994787
2364,1.0,0.0,0.0,0.0,1.0,1.0,0.3336897931,0.3364786599,0.469055468,0.6048787145,0.5700000145,0.613861046
2365,1.0,0.0,0.0,0.0,1.0,1.0,0.3288276911,0.3331472904,0.4602917322,0.6108368486,0.5599999422,0.6200003472
2366,1.0,0.0,0.0,0.0,1.0,1.0,0.326646792,0.3275761719,0.4569105476,0.601990558,0.5618730998,0.6173463485
2367,1.0,0.0,0.0,0.0,1.0,1.0,0.3261167956,0.3309188489,0.4626623367,0.606964893,0.5685621708,0.6212115027
2368,1.0,0.0,0.0,0.0,1.0,1.0,0.3298808461,0.333147204,0.4656862585,0.613861513,0.5622894707,0.6161611321
2369,1.0,0.0,0.0,0.0,1.0,1.0,0.3315141673,0.3365127142,0.4656862567,0.6108379708,0.5656565472,0.6199999566
2370,1.0,0.0,0.0,0.0,1.0,1.0,0.3260820981,0.3320293733,0.4600326223,0.6099996993,0.5637583868,0.6212123184
2371,1.0,0.0,0.0,0.0,1.0,1.0,0.183967979,0.1835339973,0.4725663211,0.6634607233,0.5454546495,0.6534647703
2372,1.0,0.0,0.0,0.0,1.0,1.0,0.1102191,0.1364620635,0.4747664264,0.4067807973,0.4961537384,0.3380275083
2373,1.0,0.0,0.0,0.0,1.0,1.0,0.1122760511,0.1463061508,0.4788213843,0.4262279718,0.5095056518,0.3246758412
2374,1.0,0.0,0.0,0.0,1.0,1.0,0.1055876679,0.137982899,0.4699453562,0.637930351,0.5223880248,0.472972095
2375,1.0,0.0,0.0,0.0,1.0,1.0,0.1785341269,0.1695800896,0.4763572726,0.6470594257,0.5523464806,0.6595741845
2376,1.0,0.0,0.0,0.0,1.0,1.0,0.2498603405,0.2351629592,0.4642856373,0.6462586306,0.5536331345,0.6544119134
2377,1.0,0.0,0.0,0.0,1.0,1.0,0.2855549297,0.2899405896,0.4700997926,0.6279065115,0.5631398278,0.6352936562
2378,1.0,0.0,0.0,0.0,1.0,1.0,0.3075205014,0.3106371785,0.4680851289,0.6063830032,0.564189241,0.6250001468
2379,1.0,0.0,0.0,0.0,1.0,1.0,0.2998323563,0.3021961754,0.4704918764,0.6174868452,0.5574323994,0.6312848961
2380,1.0,0.0,0.0,0.0,1.0,1.0,0.2954015575,0.2998326177,0.4729063592,0.6222224344,0.5661017985,0.6271180269
2381,1.0,0.0,0.0,0.0,1.0,1.0,0.3014711179,0.3042519572,0.4688524429,0.6195655218,0.5646258007,0.6256994098
2382,1.0,0.0,0.0,0.0,1.0,1.0,0.3026134892,0.3076513702,0.4648118536,0.6162165396,0.5612244566,0.6243101524
2383,1.0,0.0,0.0,0.0,1.0,1.0,0.2988526703,0.2994960432,0.4689542272,0.6120220963,0.5690236436,0.629213524
2384,1.0,0.0,0.0,0.0,1.0,1.0,0.3047479368,0.30765133,0.4655737134,0.6182797543,0.5612246262,0.629833683
2385,1.0,0.0,0.0,0.0,1.0,1.0,0.2937604414,0.2940533844,0.461412104,0.6256977315,0.5578232415,0.6416181223
2386,1.0,0.0,0.0,0.0,1.0,1.0,0.287891866,0.287974902,0.4713583979,0.6193180987,0.5627118176,0.6352936426
2387,1.0,0.0,0.0,0.0,1.0,1.0,0.2855548557,0.2836254778,0.4696222763,0.6206902932,0.5641892271,0.6369044882
2388,1.0,0.0,0.0,0.0,1.0,1.0,0.2839138754,0.284586932,0.4679802745,0.6242776673,0.5627118457,0.6309524272
2389,1.0,0.0,0.0,0.0,1.0,1.0,0.2853192007,0.2889543417,0.4719471493,0.6242779785,0.5646259181,0.6352933821
2390,1.0,0.0,0.0,0.0,1.0,1.0,0.2869687179,0.2872544269,0.468646896,0.6206899106,0.5646258553,0.6449694889
2391,1.0,0.0,0.0,0.0,1.0,1.0,0.2848492733,0.2889541959,0.4662272961,0.6184967674,0.5646258281,0.6294120011
2392,1.0,0.0,0.0,0.0,1.0,1.0,0.2824870237,0.282155519,0.4809916455,0.6374273589,0.5714285189,0.6385546876
2393,1.0,0.0,0.0,0.0,1.0,1.0,0.2855549523,0.2823765805,0.4684385606,0.6279068902,0.5650684456,0.6363626954
2394,1.0,0.0,0.0,0.0,1.0,1.0,0.2767941653,0.2797075507,0.4776119443,0.6347307946,0.5699658615,0.6341457309
2395,1.0,0.0,0.0,0.0,1.0,1.0,0.2817666302,0.2814125903,0.4759536564,0.623529471,0.566552896,0.6363635185
2396,1.0,0.0,0.0,0.0,1.0,1.0,0.2836699105,0.2855549864,0.4702969943,0.6279070347,0.5646258206,0.6369041928
2397,1.0,0.0,0.0,0.0,1.0,1.0,0.2998326795,0.3015263974,0.473770507,0.6229498254,0.5661015834,0.6292131328
2398,1.0,0.0,0.0,0.0,1.0,1.0,0.3047478712,0.3055723365,0.4672131002,0.6290316946,0.5675675972,0.6353594731
2399,1.0,0.0,0.0,0.0,1.0,1.0,0.3092737254,0.3135831739,0.4739413425,0.6210532433,0.5704697036,0.6256682015
2400,1.0,0.0,0.0,0.0,1.0,1.0,0.2995069012,0.3045439666,0.465797966,0.6195649346,0.5589228265,0.6243095451
2401,1.0,0.0,0.0,0.0,1.0,1.0,0.2983652081,0.3045440067,0.4698206363,0.6174856015,0.5622896715,0.6298344393
2402,1.0,0.0,0.0,0.0,1.0,1.0,0.3004860574,0.3045439107,0.4673202666,0.6195652047,0.562289414,0.6243090387
2403,1.0,0.0,0.0,0.0,1.0,1.0,0.2801088211,0.2797069263,0.4643448813,0.627219565,0.5631401213,0.6402446512
2404,1.0,0.0,0.0,0.0,1.0,1.0,0.2775311317,0.2797073671,0.4694215245,0.625000324,0.5597270651,0.6341461795
2405,1.0,0.0,0.0,0.0,1.0,1.0,0.2794491933,0.2811991182,0.4703946252,0.6352933034,0.5593222734,0.6445774127
2406,1.0,0.0,0.0,0.0,1.0,1.0,0.2869685235,0.2862807299,0.4735972935,0.6321837389,0.5661016618,0.6449709971
2407,1.0,0.0,0.0,0.0,1.0,1.0,0.2867250564,0.2877182733,0.4688524312,0.6342854537,0.5656565253,0.6432748833
2408,1.0,0.0,0.0,0.0,1.0,1.0,0.2782628631,0.279505024,0.4678749054,0.6213025333,0.5559324048,0.6363637557
2409,1.0,0.0,0.0,0.0,1.0,1.0,0.2198083426,0.2111497519,0.4621993947,0.656250725,0.5492957694,0.6833336279
2410,1.0,0.0,0.0,0.0,1.0,1.0,0.165991485,0.1635779987,0.4615384044,0.6631579183,0.535971392,0.6593407107
2411,1.0,0.0,0.0,0.0,1.0,1.0,0.1645318072,0.1653752944,0.4605953171,0.6702129366,0.5323738918,0.6630433001
2412,1.0,0.0,0.0,0.0,1.0,1.0,0.2219102346,0.2134222808,0.4677966216,0.6488555853,0.5520833144,0.6910573266
2413,1.0,0.0,0.0,0.0,1.0,1.0,0.2745176315,0.272729194,0.4720394551,0.6167669838,0.5593218919,0.645962874
2414,1.0,0.0,0.0,0.0,1.0,1.0,0.2957700652,0.2958211952,0.4731708451,0.6153841643,0.5719063509,0.6497172075
2415,1.0,0.0,0.0,0.0,1.0,1.0,0.300156938,0.3075204994,0.4788961347,0.6108106321,0.5785954203,0.6304346019
2416,1.0,0.0,0.0,0.0,1.0,1.0,0.3034022799,0.3058492106,0.4659090671,0.6042777977,0.5652172192,0.6229504724
2417,1.0,0.0,0.0,0.0,1.0,1.0,0.3050244602,0.3142058389,0.4756494223,0.6063825374,0.5719065204,0.6329793241
2418,1.0,0.0,0.0,0.0,1.0,1.0,0.3066468522,0.3125343594,0.4756493066,0.6084648083,0.5752505638,0.6310155474
2419,1.0,0.0,0.0,0.0,1.0,1.0,0.31100944,0.3175484534,0.4716369635,0.6041657979,0.5719062723,0.6210521041
2420,1.0,0.0,0.0,0.0,1.0,1.0,0.3158690992,0.3208911586,0.4781200036,0.594871425,0.5685620253,0.625
2421,1.0,0.0,0.0,0.0,1.0,1.0,0.3136460637,0.320291246,0.4764227562,0.6010363221,0.5738253855,0.6230359796
2422,1.0,0.0,0.0,0.0,1.0,1.0,0.3169753868,0.3204193649,0.4757281503,0.6122446064,0.5747508591,0.6269428895
2423,1.0,0.0,0.0,0.0,1.0,1.0,0.3146692085,0.319686656,0.4698205482,0.6113987191,0.565656503,0.6315790676
2424,1.0,0.0,0.0,0.0,1.0,1.0,0.3189711564,0.3186142611,0.4746316832,0.6051285278,0.5671139668,0.6315793647
2425,1.0,0.0,0.0,0.0,1.0,1.0,0.3260819453,0.3309188143,0.4714518006,0.6099994497,0.5719063746,0.6212127853
2426,1.0,0.0,0.0,0.0,1.0,1.0,0.3150949805,0.3212491533,0.4696222654,0.6041666436,0.5680271912,0.6190485299
2427,1.0,0.0,0.0,0.0,1.0,1.0,0.3123254464,0.3184663222,0.4638157364,0.6105265626,0.5593218938,0.6276591543
2428,1.0,0.0,0.0,0.0,1.0,1.0,0.3135505259,0.3180042862,0.4722222414,0.6041666667,0.5622896462,0.6243382391
2429,1.0,0.0,0.0,0.0,1.0,1.0,0.3119172121,0.3157020605,0.4656862853,0.602093764,0.5574322463,0.6256687992
2430,1.0,0.0,0.0,0.0,1.0,1.0,0.313550512,0.3207669498,0.4640522967,0.6093754193,0.5574324496,0.6263163663
2431,1.0,0.0,0.0,0.0,1.0,1.0,0.3162169663,0.3180044179,0.4606558011,0.5958544867,0.5555555556,0.619047135
2432,1.0,0.0,0.0,0.0,1.0,1.0,0.321190796,0.3219678041,0.4632953075,0.6040606428,0.5637584569,0.6249994413
2433,1.0,0.0,0.0,0.0,1.0,1.0,0.3162996397,0.3247344071,0.4649266159,0.5979381443,0.5622892556,0.6269430052
2434,1.0,0.0,0.0,0.0,1.0,1.0,0.3162998946,0.318614255,0.4616639244,0.6082478329,0.5637583796,0.6210529999
2435,1.0,0.0,0.0,0.0,1.0,1.0,0.3162997991,0.3192198266,0.4665578342,0.5979381671,0.565217298,0.6178008477
2436,1.0,0.0,0.0,0.0,1.0,1.0,0.3136459911,0.3152602226,0.4650407274,0.6062185857,0.5604024496,0.627659796
2437,1.0,0.0,0.0,0.0,1.0,1.0,0.310395811,0.3196865457,0.4585365112,0.6125649145,0.5589227129,0.6263162835
2438,1.0,0.0,0.0,0.0,1.0,1.0,0.3162996133,0.3219677877,0.4698206103,0.6082474681,0.5604027916,0.6250001391
2439,1.0,0.0,0.0,0.0,1.0,1.0,0.3217717417,0.3269984278,0.4666666667,0.5959589971,0.5604025635,0.6256408427
2440,1.0,0.0,0.0,0.0,1.0,1.0,0.3190400625,0.3236447763,0.4674268049,0.6020402987,0.5637584321,0.6217617262
2441,1.0,0.0,0.0,0.0,1.0,1.0,0.3217716711,0.3242335305,0.4666666198,0.6060606391,0.56521714,0.6185572638
2442,1.0,0.0,0.0,0.0,1.0,1.0,0.3152712168,0.3225621799,0.4780487682,0.597938565,0.5719064502,0.6217615547
2443,1.0,0.0,0.0,0.0,1.0,1.0,0.3157847836,0.3202910172,0.4755701136,0.6030924369,0.5637586227,0.6125653864
2444,1.0,0.0,0.0,0.0,1.0,1.0,0.313136799,0.3186139396,0.4724025631,0.6062179572,0.5671141533,0.6263153903
2445,1.0,0.0,0.0,0.0,1.0,1.0,0.3158689051,0.3169368654,0.4683954608,0.6051289027,0.5604028351,0.6349203956
2446,1.0,0.0,0.0,0.0,1.0,1.0,0.3098918162,0.313583131,0.4740260277,0.6020937172,0.5671140324,0.625668928
2447,1.0,0.0,0.0,0.0,1.0,1.0,0.3115145656,0.3125344233,0.4659090771,0.6041666434,0.5585284257,0.6363630114
2448,1.0,0.0,0.0,0.0,1.0,1.0,0.3147591897,0.3158768378,0.472402648,0.6082468176,0.5652172508,0.6296296296
2449,1.0,0.0,0.0,0.0,1.0,1.0,0.3092736138,0.3089488292,0.4641694506,0.6052629514,0.5608109882,0.6338798768
2450,1.0,0.0,0.0,0.0,1.0,1.0,0.3060183835,0.3089490406,0.4723125945,0.60106397,0.5675677544,0.6338793438
2451,1.0,0.0,0.0,0.0,1.0,1.0,0.3092736815,0.3095912824,0.4674267664,0.6052630697,0.565656627,0.6358691327
2452,1.0,0.0,0.0,0.0,1.0,1.0,0.3066469404,0.3068755935,0.4610390037,0.6084659028,0.5604028411,0.6284143717
2453,1.0,0.0,0.0,0.0,1.0,1.0,0.3105064236,0.3119063041,0.4627831992,0.5989582689,0.5604026153,0.6236555395
2454,1.0,0.0,0.0,0.0,1.0,1.0,0.3082692029,0.3079085462,0.4577921528,0.6052637154,0.5555555952,0.633879307
2455,1.0,0.0,0.0,0.0,1.0,1.0,0.30524826,0.3097585328,0.4581280271,0.6236552374,0.5513700104,0.6298340689
2456,1.0,0.0,0.0,0.0,1.0,1.0,0.3096631669,0.3106373603,0.4639343816,0.6137566138,0.557432784,0.6358695652
2457,1.0,0.0,0.0,0.0,1.0,1.0,0.3081476006,0.310637089,0.4681891516,0.6137573067,0.5574325823,0.6413045017
2458,1.0,0.0,0.0,0.0,1.0,1.0,0.3052482965,0.3066084482,0.4729063583,0.6075268315,0.5627118794,0.6298346716
2459,1.0,0.0,0.0,0.0,1.0,1.0,0.3037521022,0.3049142199,0.4624182581,0.6129033018,0.5559323532,0.638888483
2460,1.0,0.0,0.0,0.0,1.0,1.0,0.3060180759,0.3038844891,0.4706840464,0.6117024708,0.5608106823,0.6277772831
2461,1.0,0.0,0.0,0.0,1.0,1.0,0.3034019635,0.3018452787,0.4691557619,0.6149732744,0.5604025785,0.6388881536
2462,1.0,0.0,0.0,0.0,1.0,1.0,0.3103958556,0.3075208316,0.4699186423,0.6125653087,0.5551839235,0.6304350637
2463,1.0,0.0,0.0,0.0,1.0,1.0,0.307769669,0.3064956597,0.4732576991,0.6157896455,0.5633331525,0.6413040337
2464,1.0,0.0,0.0,0.0,1.0,1.0,0.3055204609,0.3031643002,0.4829268689,0.6223403313,0.573333289,0.6428566201
2465,1.0,0.0,0.0,0.0,1.0,1.0,0.3038955081,0.2994960678,0.4747966588,0.6203211013,0.5656564795,0.6516858799
2466,1.0,0.0,0.0,0.0,1.0,1.0,0.3022701301,0.3055725792,0.4747966455,0.6290319927,0.5641892802,0.6408843381
2467,1.0,0.0,0.0,0.0,1.0,1.0,0.3046074402,0.3099964385,0.4711697881,0.6162161907,0.5627118782,0.6557376463
2468,1.0,0.0,0.0,0.0,1.0,1.0,0.3009966877,0.3063358963,0.4742096878,0.6187846239,0.5582193666,0.6592180819
2469,1.0,0.0,0.0,0.0,1.0,1.0,0.302810728,0.3052903795,0.4768211902,0.6120224086,0.5631399841,0.6592182882
2470,1.0,0.0,0.0,0.0,1.0,1.0,0.3093115908,0.3069956456,0.4758736603,0.6075273755,0.5563140121,0.6555556757
2471,1.0,0.0,0.0,0.0,1.0,1.0,0.3030134467,0.3077864854,0.4706868401,0.6132597419,0.5501731006,0.6629218037
2472,1.0,0.0,0.0,0.0,1.0,1.0,0.3045435707,0.308190148,0.4781144983,0.6187843059,0.5540068479,0.6553677772
2473,1.0,0.0,0.0,0.0,1.0,1.0,0.3090709503,0.3175313568,0.4756302392,0.6250001475,0.5590278157,0.6502732046
2474,1.0,0.0,0.0,0.0,1.0,1.0,0.3073913882,0.3134138552,0.4823528754,0.6120214603,0.5574911249,0.6499998767
2475,1.0,0.0,0.0,0.0,1.0,1.0,0.3102295811,0.315154977,0.4697985181,0.6108110314,0.550522724,0.6574585701
2476,1.0,0.0,0.0,0.0,1.0,1.0,0.3124306022,0.3214986792,0.4773109923,0.6129029258,0.5524476528,0.6413044117
2477,1.0,0.0,0.0,0.0,1.0,1.0,0.3038846285,0.3075205285,0.4729730549,0.6222218898,0.5454544742,0.6534085475
2478,1.0,0.0,0.0,0.0,1.0,1.0,0.3084281898,0.311672484,0.4806070649,0.6174857542,0.5540069808,0.6480444775
2479,1.0,0.0,0.0,0.0,1.0,1.0,0.3067427539,0.3162568581,0.4822933407,0.6263736396,0.555944226,0.6464088331
2480,1.0,0.0,0.0,0.0,1.0,1.0,0.3010166157,0.3103528786,0.4771573501,0.6292134417,0.5508769451,0.655367742
2481,1.0,0.0,0.0,0.0,1.0,1.0,0.3038845018,0.3138601028,0.4797297253,0.627777867,0.5543857774,0.6480443039
2482,1.0,0.0,0.0,0.0,1.0,1.0,0.3090711995,0.318637564,0.4806722506,0.6141299839,0.5540070196,0.6338800985
2483,1.0,0.0,0.0,0.0,1.0,1.0,0.3057115934,0.3036499516,0.4907563366,0.6318681386,0.5659721041,0.6514282223
2484,1.0,0.0,0.0,0.0,1.0,1.0,0.3062262711,0.3105905335,0.4781144273,0.6208793233,0.5555557223,0.6480445375
2485,1.0,0.0,0.0,0.0,1.0,1.0,0.3110506985,0.3123254652,0.4880952567,0.6120226685,0.5590277864,0.6500002835
2486,1.0,0.0,0.0,0.0,1.0,1.0,0.3091056368,0.3075205645,0.4845360791,0.6277774973,0.5559440571,0.6363638319
2487,1.0,0.0,0.0,0.0,1.0,1.0,0.3115808996,0.3227362771,0.4701873198,0.6284151865,0.5555556607,0.645161858
2488,1.0,0.0,0.0,0.0,1.0,1.0,0.3303803653,0.3308733928,0.4651163578,0.5628144778,0.5426622458,0.5979380865
2489,1.0,0.0,0.0,0.0,1.0,1.0,0.3125402235,0.3116725111,0.481099593,0.6153850528,0.5505226973,0.6312850454
2490,1.0,0.0,0.0,0.0,1.0,1.0,0.3083199737,0.307520642,0.4956672128,0.6179769936,0.5804197529,0.6306817056
2491,1.0,0.0,0.0,0.0,1.0,1.0,0.304976655,0.3095284434,0.4852942308,0.6084333608,0.5597013568,0.614458299
2492,1.0,0.0,0.0,0.0,1.0,1.0,0.3146719824,0.3180044379,0.4686940375,0.6079548301,0.5600001909,0.6057140836
2493,1.0,0.0,0.0,0.0,1.0,1.0,0.3254413282,0.3295261272,0.476868279,0.5956280942,0.5579711358,0.6098904801
2494,1.0,0.0,0.0,0.0,1.0,1.0,0.3236120326,0.3224006131,0.4847942752,0.585634744,0.5663083587,0.5888887392
2495,1.0,0.0,0.0,0.0,1.0,1.0,0.3319637092,0.3337423814,0.4902309831,0.572192042,0.5714283737,0.5882357211
2496,1.0,0.0,0.0,0.0,1.0,1.0,0.3360342359,0.3331473643,0.4870017751,0.567010468,0.5649123955,0.5736838487
2497,1.0,0.0,0.0,0.0,1.0,1.0,0.3251196268,0.3244717998,0.4939758264,0.5820104307,0.5763890595,0.5775401389
2498,1.0,0.0,0.0,0.0,1.0,1.0,0.3314475341,0.325160874,0.4897959379,0.5897431453,0.5753424437,0.5947372062
2499,1.0,0.0,0.0,0.0,1.0,1.0,0.3268072438,0.3198907556,0.4844290999,0.5873011589,0.5674738812,0.594594567
2500,1.0,0.0,0.0,0.0,1.0,1.0,0.3372242017,0.323246143,0.4615384739,0.5803105152,0.5559439064,0.6054057442
2501,1.0,0.0,0.0,0.0,1.0,1.0,0.3437232584,0.3378898716,0.4744267169,0.5846155252,0.548042849,0.5947363336
2502,1.0,0.0,0.0,0.0,1.0,1.0,0.3378896497,0.3272194775,0.4822064357,0.5947365997,0.5587186973,0.5923913905
2503,1.0,0.0,0.0,0.0,1.0,1.0,0.3386088476,0.3264600468,0.4717667432,0.5913982382,0.5474452629,0.6145246967
2504,1.0,0.0,0.0,0.0,1.0,1.0,0.3416273879,0.3222839683,0.4781818672,0.5957449455,0.5507247746,0.6067409484
2505,1.0,0.0,0.0,0.0,1.0,1.0,0.3264232685,0.3200461683,0.4733945403,0.5786514492,0.5318350051,0.6023397682
2506,1.0,0.0,0.0,0.0,1.0,1.0,0.347469652,0.3262326859,0.4691589675,0.5645159267,0.5245281243,0.5838149089
2507,1.0,0.0,0.0,0.0,1.0,1.0,0.3306563434,0.3149185988,0.4672897287,0.5706219512,0.5283017658,0.5868258598
2508,1.0,0.0,0.0,0.0,1.0,1.0,0.3518906466,0.3349980502,0.4591651829,0.5515457551,0.5296296503,0.5635364967
2509,1.0,0.0,0.0,0.0,1.0,1.0,0.3398838466,0.3244458887,0.4650734977,0.562162037,0.5335820429,0.5689653697
2510,1.0,0.0,0.0,0.0,1.0,1.0,0.3398467102,0.3263104688,0.4643509796,0.5591392116,0.5373131773,0.565713704
2511,1.0,0.0,0.0,0.0,1.0,1.0,0.3356060794,0.3219177514,0.4630996467,0.5604399171,0.5280899187,0.5755810085
2512,1.0,0.0,0.0,0.0,1.0,1.0,0.3460313657,0.3312756588,0.4511971465,0.553190992,0.5205991932,0.5649715761
2513,1.0,0.0,0.0,0.0,1.0,1.0,0.3374738003,0.3230134968,0.4545454699,0.5604396928,0.5209127151,0.5529409868
2514,1.0,0.0,0.0,0.0,1.0,1.0,0.3343654341,0.3244454482,0.4552102787,0.5628417961,0.5298508829,0.5689659858
2515,1.0,0.0,0.0,0.0,1.0,1.0,0.3368285677,0.328118619,0.4585634628,0.5683063632,0.5245283662,0.58045921
2516,1.0,0.0,0.0,0.0,1.0,1.0,0.348896097,0.3343854752,0.4563636107,0.5677080619,0.516728617,0.5611110718
2517,1.0,0.0,0.0,0.0,1.0,1.0,0.3276256983,0.3200459957,0.4714547543,0.5617975027,0.5205993052,0.5614035457
2518,1.0,0.0,0.0,0.0,1.0,1.0,0.3343786767,0.3262331441,0.4639556849,0.5635354813,0.5169812915,0.5606939375
2519,1.0,0.0,0.0,0.0,1.0,1.0,0.3393280541,0.3356903909,0.4656771777,0.5628417884,0.5305342426,0.5624996731
2520,1.0,0.0,0.0,0.0,1.0,1.0,0.337449906,0.3325137094,0.4649446375,0.568306054,0.5171102349,0.5542855024
2521,1.0,0.0,0.0,0.0,1.0,1.0,0.3511049374,0.3350405081,0.4665426661,0.5661373261,0.5227273041,0.5593215623
2522,1.0,0.0,0.0,0.0,1.0,1.0,0.3381013641,0.3268135458,0.4702601754,0.565934421,0.5285171862,0.5523251297
2523,1.0,0.0,0.0,0.0,1.0,1.0,0.3465956825,0.3356616491,0.4660549842,0.5661373011,0.5283019969,0.5505620966
2524,1.0,0.0,0.0,0.0,1.0,1.0,0.3473105369,0.3356335842,0.4658040629,0.5691490971,0.5298508459,0.5499994902
2525,1.0,0.0,0.0,0.0,1.0,1.0,0.3442521244,0.3325211815,0.4685186483,0.5645164622,0.533834695,0.5423723732
2526,1.0,0.0,0.0,0.0,1.0,1.0,0.3385497068,0.3343719264,0.4828829497,0.5744678784,0.5404412024,0.560439009
2527,1.0,0.0,0.0,0.0,1.0,1.0,0.3349482924,0.3368488234,0.4666667098,0.5913975589,0.525925798,0.5659338763
2528,1.0,0.0,0.0,0.0,1.0,1.0,0.3379408308,0.3356060317,0.476618596,0.5957445383,0.5313654606,0.5659347993
2529,1.0,0.0,0.0,0.0,1.0,1.0,0.3427171804,0.3337552478,0.4739676461,0.5811516043,0.5291972513,0.5628411086
2530,1.0,0.0,0.0,0.0,1.0,1.0,0.3385202984,0.3349777601,0.4731183103,0.5925926999,0.5347983438,0.5683058146
2531,1.0,0.0,0.0,0.0,1.0,1.0,0.3444504268,0.342299642,0.4642857732,0.5906742455,0.5311355398,0.5668445442
2532,1.0,0.0,0.0,0.0,1.0,1.0,0.3473240304,0.3470791099,0.4680852116,0.5867350233,0.5309090577,0.5654452813
2533,1.0,0.0,0.0,0.0,1.0,1.0,0.354411717,0.3530635755,0.476950331,0.5850000899,0.5471014163,0.5589747466
2534,1.0,0.0,0.0,0.0,1.0,1.0,0.3566913607,0.3523211259,0.4734982495,0.5891087663,0.5395684643,0.5612249957
2535,1.0,0.0,0.0,0.0,1.0,1.0,0.3490959927,0.3470788308,0.4734043446,0.5786807474,0.5418182576,0.5602097985
2536,1.0,0.0,0.0,0.0,1.0,1.0,0.3524348656,0.351058338,0.4666666462,0.587064603,0.5412186706,0.571428189
2537,1.0,0.0,0.0,0.0,1.0,1.0,0.3647088601,0.3574516917,0.4719298121,0.5817305912,0.5409252715,0.5572141664
2538,1.0,0.0,0.0,0.0,1.0,1.0,0.3407988526,0.34220021,0.4664310697,0.5803111172,0.539855123,0.5608466995
2539,1.0,0.0,0.0,0.0,1.0,1.0,0.3443903434,0.3416275686,0.4653641339,0.5773193589,0.5381820102,0.5638296756
2540,1.0,0.0,0.0,0.0,1.0,1.0,0.3468544272,0.3435580081,0.4615385235,0.5824744949,0.5220588187,0.5721921373
2541,1.0,0.0,0.0,0.0,1.0,1.0,0.3457530244,0.3392941369,0.4576576978,0.5833328558,0.5202950096,0.5760869998
2542,1.0,0.0,0.0,0.0,1.0,1.0,0.334371851,0.3337759281,0.4705881854,0.565933598,0.5245283426,0.5593213095
2543,1.0,0.0,0.0,0.0,1.0,1.0,0.3498978798,0.3414122755,0.4674115928,0.5691494493,0.5152672772,0.5586592349
2544,1.0,0.0,0.0,0.0,1.0,1.0,0.3468212982,0.3433198135,0.4664179491,0.5698922015,0.515267215,0.5611108657
2545,1.0,0.0,0.0,0.0,1.0,1.0,0.3506487201,0.342014207,0.4634146382,0.5668447159,0.5171104658,0.5666667327
2546,1.0,0.0,0.0,0.0,1.0,1.0,0.3350297409,0.3356905321,0.4670432879,0.5730342034,0.5229006815,0.5681821177
2547,1.0,0.0,0.0,0.0,1.0,1.0,0.3456013303,0.3420145564,0.4747663323,0.5729736736,0.5323193343,0.5611111225
2548,1.0,0.0,0.0,0.0,1.0,1.0,0.337498208,0.3344139023,0.4701492047,0.5690606135,0.5247150117,0.5681818415
2549,1.0,0.0,0.0,0.0,1.0,1.0,0.3331471264,0.3287140806,0.4700373744,0.5617982535,0.5247147547,0.5664736572
2550,1.0,0.0,0.0,0.0,1.0,1.0,0.3300395975,0.3287137446,0.4720149062,0.5762712217,0.5247144967,0.5664739516
2551,1.0,0.0,0.0,0.0,1.0,1.0,0.328788591,0.3268135944,0.4728972325,0.5795450669,0.5285171313,0.5697677616
2552,1.0,0.0,0.0,0.0,1.0,1.0,0.3287884759,0.3242464152,0.463551391,0.5738637335,0.5229009208,0.5705883069
2553,1.0,0.0,0.0,0.0,1.0,1.0,0.334399637,0.3274032728,0.4680450317,0.5730341304,0.5210729783,0.5614033562
2554,1.0,0.0,0.0,0.0,1.0,1.0,0.3337687386,0.3318759698,0.4645521768,0.5698326475,0.5190839801,0.5747121367
2555,1.0,0.0,0.0,0.0,1.0,1.0,0.333147356,0.3325066463,0.4764594171,0.5706214689,0.5307693139,0.5664739884
2556,1.0,0.0,0.0,0.0,1.0,1.0,0.3350086749,0.3306139614,0.4692736761,0.566666905,0.5323194952,0.5574715801
2557,1.0,0.0,0.0,0.0,1.0,1.0,0.3325279949,0.3255755709,0.4665428651,0.553071981,0.5265151451,0.5697674539
2558,1.0,0.0,0.0,0.0,1.0,1.0,0.3331474486,0.3356617876,0.465930113,0.5690611968,0.5245284226,0.5561798156
2559,1.0,0.0,0.0,0.0,1.0,1.0,0.3282026126,0.321249223,0.4638218723,0.5706218363,0.533834811,0.5730992653
2560,1.0,0.0,0.0,0.0,1.0,1.0,0.3232947279,0.3212492343,0.4658040396,0.5657143212,0.5300752059,0.5614036946
2561,1.0,0.0,0.0,0.0,1.0,1.0,0.3203339385,0.3169872033,0.4633698172,0.5771430688,0.522388307,0.570588671
2562,1.0,0.0,0.0,0.0,1.0,1.0,0.3148424538,0.3020701191,0.4615384872,0.5813959398,0.5261194385,0.5679010264
2563,1.0,0.0,0.0,0.0,1.0,1.0,0.3137994578,0.2998324519,0.4500907246,0.5780353228,0.5185183588,0.5679008112
2564,1.0,0.0,0.0,0.0,1.0,1.0,0.3152359825,0.3027506843,0.4623655896,0.5738632888,0.5364962775,0.560240944
2565,1.0,0.0,0.0,0.0,1.0,1.0,0.3169401018,0.3020294397,0.4648647731,0.5795460992,0.5311354505,0.5696963856
2566,1.0,0.0,0.0,0.0,1.0,1.0,0.3061352475,0.2965375712,0.4594594684,0.5647060611,0.5384615644,0.555554923
2567,1.0,0.0,0.0,0.0,1.0,1.0,0.3072424525,0.2976277855,0.4683544179,0.588235608,0.5441176961,0.5555553067
2568,1.0,0.0,0.0,0.0,1.0,1.0,0.3120999072,0.3075206147,0.4657039955,0.5722546601,0.5494504178,0.5535707727
2569,1.0,0.0,0.0,0.0,1.0,1.0,0.320541887,0.3118698404,0.4666667448,0.5674150846,0.5437957232,0.5614036042
2570,1.0,0.0,0.0,0.0,1.0,1.0,0.3105410511,0.3023672691,0.4642856234,0.5747127441,0.5471013944,0.5628747967
2571,1.0,0.0,0.0,0.0,1.0,1.0,0.3135502032,0.3066877712,0.4634581358,0.5795451729,0.5415162863,0.5647055411
2572,1.0,0.0,0.0,0.0,1.0,1.0,0.3105407843,0.3023674437,0.4678572137,0.5804600067,0.5507246228,0.55688641
2573,1.0,0.0,0.0,0.0,1.0,1.0,0.3010797371,0.295124856,0.4652406535,0.591715836,0.5434782308,0.57055163
2574,1.0,0.0,0.0,0.0,1.0,1.0,0.3037175307,0.2940594046,0.46819791,0.5813947595,0.5523465482,0.5582821373
2575,1.0,0.0,0.0,0.0,1.0,1.0,0.2911342343,0.2816606813,0.4635878466,0.5792681688,0.5490906901,0.5677421589
2576,1.0,0.0,0.0,0.0,1.0,1.0,0.2911342757,0.2834782733,0.4653641353,0.6036582155,0.5454543284,0.5833330325
2577,1.0,0.0,0.0,0.0,1.0,1.0,0.2772303879,0.2679660919,0.4699646237,0.6050957151,0.5434784074,0.5743247407
2578,1.0,0.0,0.0,0.0,1.0,1.0,0.2744947415,0.2597114128,0.4771125804,0.5897429764,0.5555557041,0.558620876
2579,1.0,0.0,0.0,0.0,1.0,1.0,0.2449786051,0.2263229744,0.4742451857,0.6304352468,0.547101297,0.5920006954
2580,1.0,0.0,0.0,0.0,1.0,1.0,0.2164856544,0.1998885137,0.4638989738,0.6333334873,0.5370372334,0.6111113963
2581,1.0,0.0,0.0,0.0,1.0,1.0,0.237616913,0.2276506261,0.4573503623,0.6030540197,0.5407409369,0.5853663694
2582,1.0,0.0,0.0,0.0,1.0,1.0,0.2362316322,0.2247815182,0.4599999144,0.6153849499,0.5427510244,0.603305296
2583,1.0,0.0,0.0,0.0,1.0,1.0,0.2548306103,0.2461857936,0.464737851,0.5886523618,0.5441177018,0.5746267323
2584,1.0,0.0,0.0,0.0,1.0,1.0,0.240872519,0.2351627697,0.4694244931,0.60447827,0.5477940983,0.58593693
2585,1.0,0.0,0.0,0.0,1.0,1.0,0.2589134176,0.2424573388,0.4673913285,0.6013988785,0.5444445221,0.5877855771
2586,1.0,0.0,0.0,0.0,1.0,1.0,0.2589134108,0.2397185788,0.4637680136,0.6013989271,0.5461253706,0.5692315124
2587,1.0,0.0,0.0,0.0,1.0,1.0,0.2530003234,0.2369998778,0.4649909609,0.5886529628,0.5514706161,0.5736432645
2588,1.0,0.0,0.0,0.0,1.0,1.0,0.2348416227,0.2227221783,0.460837823,0.620154579,0.539325718,0.5966373724
2589,1.0,0.0,0.0,0.0,1.0,1.0,0.250317255,0.233951786,0.4734917601,0.6131380004,0.5468165103,0.5839995293
2590,1.0,0.0,0.0,0.0,1.0,1.0,0.2516842545,0.2433099943,0.4726277529,0.6014494928,0.5505617621,0.5846156965
2591,1.0,0.0,0.0,0.0,1.0,1.0,0.2480497194,0.2368079822,0.461956461,0.6131383427,0.5373137404,0.5905510441
2592,1.0,0.0,0.0,0.0,1.0,1.0,0.2650849133,0.2498606072,0.462365595,0.6013514796,0.5437956441,0.5766420465
2593,1.0,0.0,0.0,0.0,1.0,1.0,0.2632935619,0.2462128777,0.4641576908,0.5918369388,0.5437955128,0.5851854775
2594,1.0,0.0,0.0,0.0,1.0,1.0,0.2557130724,0.2416232194,0.4612611738,0.6197187051,0.545787556,0.590909483
2595,1.0,0.0,0.0,0.0,1.0,1.0,0.2480626896,0.2379624875,0.4658273947,0.6231887714,0.5494506821,0.5923072803
2596,1.0,0.0,0.0,0.0,1.0,1.0,0.2570507063,0.2498604858,0.4604317948,0.6083923575,0.5401460078,0.5912417319
2597,1.0,0.0,0.0,0.0,1.0,1.0,0.2672303029,0.2507624212,0.4581105,0.593332578,0.5379061036,0.568344543
2598,1.0,0.0,0.0,0.0,1.0,1.0,0.2631040012,0.2516581823,0.4575970643,0.6040270677,0.5431652347,0.5857142277
2599,1.0,0.0,0.0,0.0,1.0,1.0,0.2688762564,0.2525662465,0.4637168037,0.592105567,0.5415161733,0.5785713155
2600,1.0,0.0,0.0,0.0,1.0,1.0,0.2604927398,0.2480498951,0.4609928562,0.6054425571,0.5398550418,0.576642893
2601,1.0,0.0,0.0,0.0,1.0,1.0,0.2680564626,0.2507626646,0.4582594257,0.5960267516,0.5379062787,0.5827341216
2602,1.0,0.0,0.0,0.0,1.0,1.0,0.2489712041,0.2362316127,0.4661921456,0.6142856549,0.5381819323,0.5846154535
2603,1.0,0.0,0.0,0.0,1.0,1.0,0.2345258955,0.2204652055,0.4602888073,0.6153843924,0.5441175198,0.5916664834
2604,1.0,0.0,0.0,0.0,1.0,1.0,0.2445063571,0.234301355,0.4589284913,0.6204378555,0.5421244408,0.6093752076
2605,1.0,0.0,0.0,0.0,1.0,1.0,0.2458520754,0.231622712,0.4581105862,0.6304345725,0.5437957358,0.5826772953
2606,1.0,0.0,0.0,0.0,1.0,1.0,0.2525471747,0.2443888986,0.4623655878,0.6099289374,0.5474451537,0.5895518235
2607,1.0,0.0,0.0,0.0,1.0,1.0,0.2604181267,0.2462652477,0.4542253043,0.5945942891,0.5395684078,0.5620443206
2608,1.0,0.0,0.0,0.0,1.0,1.0,0.2587208775,0.2471349231,0.452127606,0.5958895842,0.5272726396,0.573528838
2609,1.0,0.0,0.0,0.0,1.0,1.0,0.2533796967,0.2389969556,0.4595069295,0.6180548913,0.5398550114,0.5757577894
2610,1.0,0.0,0.0,0.0,1.0,1.0,0.2661652634,0.2525663852,0.4532628064,0.6092721139,0.5234654818,0.5714287547
2611,1.0,0.0,0.0,0.0,1.0,1.0,0.2400794742,0.2316223538,0.4679715314,0.6222218006,0.5401458661,0.5905506026
2612,1.0,0.0,0.0,0.0,1.0,1.0,0.2354801239,0.2249668215,0.4550359326,0.6488539959,0.5276752817,0.6065571323
2613,1.0,0.0,0.0,0.0,1.0,1.0,0.2572993426,0.2435916313,0.4640981443,0.6190474974,0.5340501105,0.566176704
2614,1.0,0.0,0.0,0.0,1.0,1.0,0.2459361337,0.2348513095,0.4642233759,0.6241139004,0.5371024597,0.5864668511
2615,1.0,0.0,0.0,0.0,1.0,1.0,0.2507431611,0.2391521484,0.4734982801,0.6197185464,0.5428569651,0.5895522592
2616,1.0,0.0,0.0,0.0,1.0,1.0,0.2653385116,0.2516452152,0.4637167335,0.5866660879,0.546428651,0.5673760412
2617,1.0,0.0,0.0,0.0,1.0,1.0,0.2336128102,0.2222954937,0.474516704,0.6390978376,0.5444840356,0.6080006452
2618,1.0,0.0,0.0,0.0,1.0,1.0,0.2139156549,0.2048325089,0.4614035085,0.6311472199,0.53356897,0.6120684465
2619,1.0,0.0,0.0,0.0,1.0,1.0,0.2269097156,0.2166621281,0.4748699523,0.6183210366,0.5489511148,0.6129027505
2620,1.0,0.0,0.0,0.0,1.0,1.0,0.2481253911,0.2296964649,0.4826390001,0.6223780971,0.5543858279,0.5954192262
2621,1.0,0.0,0.0,0.0,1.0,1.0,0.2326284795,0.2211308776,0.4758619681,0.644444941,0.5609755137,0.6299216806
2622,1.0,0.0,0.0,0.0,1.0,1.0,0.242447594,0.2171931706,0.4851657598,0.6330936891,0.5759715454,0.6260172701
2623,1.0,0.0,0.0,0.0,1.0,1.0,0.2603280012,0.236999969,0.5063751818,0.6013988767,0.5882354158,0.6356586441
2624,1.0,0.0,0.0,0.0,1.0,1.0,0.2484899216,0.2229237146,0.4954295773,0.5955882933,0.5873605874,0.6500002234
2625,1.0,0.0,0.0,0.0,1.0,1.0,0.2628163028,0.2508178504,0.479629643,0.5985907323,0.5632185263,0.6106871296
2626,1.0,0.0,0.0,0.0,1.0,1.0,0.2452505042,0.2201835982,0.4483395112,0.6315788073,0.5402299552,0.6347827827
2627,1.0,0.0,0.0,0.0,1.0,1.0,0.2339117052,0.2227016292,0.4804964324,0.6136365589,0.5543476476,0.5934954353
2628,1.0,0.0,0.0,0.0,1.0,1.0,0.2458234965,0.2343013297,0.4937163464,0.6496348683,0.5531137548,0.6562495131
2629,1.0,0.0,0.0,0.0,1.0,1.0,0.2391403497,0.2256264908,0.4587458654,0.6551718404,0.5317726243,0.6666666667
2630,1.0,0.0,0.0,0.0,1.0,1.0,0.2338070896,0.2105848131,0.4579900408,0.6338029855,0.5451503898,0.6746022824
2631,1.0,0.0,0.0,0.0,1.0,1.0,0.2382774054,0.2224785764,0.4486755361,0.618056658,0.5376713817,0.6461533201
2632,1.0,0.0,0.0,0.0,1.0,1.0,0.2506852313,0.237069131,0.4521452128,0.6315792361,0.5426619825,0.6330943021
2633,1.0,0.0,0.0,0.0,1.0,1.0,0.2477954708,0.22683561,0.4512397089,0.6333334258,0.5494880364,0.6541362327
2634,1.0,0.0,0.0,0.0,1.0,1.0,0.2478092871,0.228541362,0.4482757797,0.6225172034,0.5392491843,0.6417911374
2635,1.0,0.0,0.0,0.0,1.0,1.0,0.2560147773,0.2405439001,0.4499178599,0.6282045616,0.5389828313,0.6408451119
2636,1.0,0.0,0.0,0.0,1.0,1.0,0.2490413508,0.2387746128,0.4442622766,0.6249993127,0.5358360753,0.6357135182
2637,1.0,0.0,0.0,0.0,1.0,1.0,0.2519050444,0.2371555308,0.4468085574,0.61688269,0.5389829702,0.6357145598
2638,1.0,0.0,0.0,0.0,1.0,1.0,0.2547921839,0.2395922085,0.447368357,0.6129034384,0.537671246,0.6285710533
2639,1.0,0.0,0.0,0.0,1.0,1.0,0.2543736905,0.2370688795,0.453202041,0.6064510389,0.5460751571,0.6258994644
2640,1.0,0.0,0.0,0.0,1.0,1.0,0.255142017,0.2379621789,0.4471545258,0.598725619,0.5408163959,0.6214284962
2641,1.0,0.0,0.0,0.0,1.0,1.0,0.2486415568,0.2328631554,0.4487804337,0.6143791119,0.5476188522,0.6350370893
2642,1.0,0.0,0.0,0.0,1.0,1.0,0.2571382173,0.2473193037,0.4530744088,0.6163527873,0.5491524309,0.6301367122
2643,1.0,0.0,0.0,0.0,1.0,1.0,0.2518786394,0.2414192366,0.4539580689,0.6217944155,0.5540540784,0.6293703161
2644,1.0,0.0,0.0,0.0,1.0,1.0,0.252695232,0.2431076495,0.4667747724,0.6217943203,0.5608109007,0.6319445266
2645,1.0,0.0,0.0,0.0,1.0,1.0,0.2442003891,0.2320735568,0.4595469837,0.6225165845,0.559322114,0.6350367936
2646,1.0,0.0,0.0,0.0,1.0,1.0,0.2582290097,0.2515370425,0.4497607751,0.6296292961,0.546979847,0.6333333797
2647,1.0,0.0,0.0,0.0,1.0,1.0,0.2566785455,0.2473536401,0.4526484357,0.6124988506,0.551839499,0.628377889
2648,1.0,0.0,0.0,0.0,1.0,1.0,0.2598871532,0.2523674929,0.4526483584,0.6234568391,0.5518395451,0.6357616082
2649,1.0,0.0,0.0,0.0,1.0,1.0,0.2634314308,0.2557098868,0.4488819009,0.6181813242,0.5484951957,0.6339863719
2650,1.0,0.0,0.0,0.0,1.0,1.0,0.2602380591,0.2531918856,0.4456868658,0.6319026773,0.5433332633,0.6381580705
2651,1.0,0.0,0.0,0.0,1.0,1.0,0.259470739,0.2582446957,0.4471152692,0.6296295803,0.5503355608,0.6233769872
2652,1.0,0.0,0.0,0.0,1.0,1.0,0.2581758065,0.2573314216,0.4500793328,0.6257662628,0.548172597,0.6387100901
2653,1.0,0.0,0.0,0.0,1.0,1.0,0.2566348632,0.25656797,0.4497608423,0.6397515853,0.5536911862,0.6405230829
2654,1.0,0.0,0.0,0.0,1.0,1.0,0.2594092407,0.2599222044,0.4522292636,0.6196320305,0.5503357436,0.6258057669
2655,1.0,0.0,0.0,0.0,1.0,1.0,0.2554484188,0.2532143353,0.463258805,0.6187494486,0.5570470762,0.6291389509
2656,1.0,0.0,0.0,0.0,1.0,1.0,0.2601722109,0.2581890811,0.4555556194,0.6280491211,0.5500000532,0.6451623101
2657,1.0,0.0,0.0,0.0,1.0,1.0,0.2640930274,0.2606516192,0.4525316987,0.6287435329,0.5481727515,0.6369424817
2658,1.0,0.0,0.0,0.0,1.0,1.0,0.2550408697,0.248194846,0.451355752,0.6250006675,0.5433334816,0.6442949653
2659,1.0,0.0,0.0,0.0,1.0,1.0,0.2494631055,0.2390689975,0.4546900168,0.624204454,0.5548172641,0.6458337904
2660,1.0,0.0,0.0,0.0,1.0,1.0,0.2518403673,0.2457098414,0.4548336253,0.6226407881,0.5581395915,0.6351352308
2661,1.0,0.0,0.0,0.0,1.0,1.0,0.2554131721,0.2490246218,0.447618971,0.6211174963,0.5484948398,0.6308721139
2662,1.0,0.0,0.0,0.0,1.0,1.0,0.2518400799,0.2481946482,0.4484944939,0.6226413831,0.5466668274,0.6442950719
2663,1.0,0.0,0.0,0.0,1.0,1.0,0.2554128624,0.2481945687,0.4444445102,0.6149063553,0.5500001243,0.6308729825
2664,1.0,0.0,0.0,0.0,1.0,1.0,0.2482790061,0.2423395208,0.4509493362,0.6178343088,0.5451506499,0.6344824257
2665,1.0,0.0,0.0,0.0,1.0,1.0,0.2510445164,0.2457096728,0.4454976549,0.6163522684,0.5448504094,0.6486483386
2666,1.0,0.0,0.0,0.0,1.0,1.0,0.2553776402,0.2548576034,0.4479494897,0.6234576718,0.5433332457,0.6470585809
2667,1.0,0.0,0.0,0.0,1.0,1.0,0.2617584825,0.2599218564,0.4492063436,0.6181812332,0.5402687133,0.63870981
2668,1.0,0.0,0.0,0.0,1.0,1.0,0.2613437496,0.2623949602,0.443740124,0.6181829528,0.5451505916,0.6178347256
2669,1.0,0.0,0.0,0.0,1.0,1.0,0.2490573316,0.2397310577,0.4517685074,0.6129035752,0.5472971321,0.6408460279
2670,1.0,0.0,0.0,0.0,1.0,1.0,0.2595325941,0.2524184326,0.4451612171,0.6086953063,0.5426620216,0.6283790216
2671,1.0,0.0,0.0,0.0,1.0,1.0,0.2579203959,0.2524015936,0.4532257643,0.6187510719,0.5491525973,0.6510068519
2672,1.0,0.0,0.0,0.0,1.0,1.0,0.2586981091,0.2473368893,0.4517684382,0.6211185557,0.5521886777,0.6326536075
2673,1.0,0.0,0.0,0.0,1.0,1.0,0.2635185189,0.254925371,0.4485531256,0.6219514811,0.5472972548,0.6291380747
2674,1.0,0.0,0.0,0.0,1.0,1.0,0.26037244,0.2540952191,0.4546926294,0.621118776,0.5559319976,0.6333343056
2675,1.0,0.0,0.0,0.0,1.0,1.0,0.266409955,0.2608710008,0.4474959273,0.6181815641,0.5525423717,0.6233772243
2676,1.0,0.0,0.0,0.0,1.0,1.0,0.2647956365,0.2583589564,0.4507269536,0.6280478622,0.5544219391,0.618420298
2677,1.0,0.0,0.0,0.0,1.0,1.0,0.2649912078,0.2567059522,0.4549917156,0.6296292518,0.5513700773,0.6333325987
2678,1.0,0.0,0.0,0.0,1.0,1.0,0.2648927215,0.2549595667,0.4471544933,0.6196317009,0.5510204652,0.6200005202
2679,1.0,0.0,0.0,0.0,1.0,1.0,0.2636964872,0.2541244953,0.4462541489,0.6172836884,0.5460750618,0.6241614021
2680,1.0,0.0,0.0,0.0,1.0,1.0,0.2657570285,0.2584171638,0.4469820724,0.6134967782,0.5479453593,0.6291395853
2681,1.0,0.0,0.0,0.0,1.0,1.0,0.2713929577,0.2617588445,0.4471544621,0.6167668258,0.5510204152,0.6233770883
2682,1.0,0.0,0.0,0.0,1.0,1.0,0.2688933176,0.260058815,0.4424635343,0.6144582995,0.5442176847,0.6209150593
2683,1.0,0.0,0.0,0.0,1.0,1.0,0.2713929923,0.2643573481,0.4471544593,0.6227541076,0.5494879026,0.6258066998
2684,1.0,0.0,0.0,0.0,1.0,1.0,0.2730180424,0.2668574758,0.4487805041,0.6309524684,0.5476191558,0.6178340028
2685,1.0,0.0,0.0,0.0,1.0,1.0,0.2712538726,0.2676473362,0.4426494084,0.6190480267,0.5457624712,0.6075942784
2686,1.0,0.0,0.0,0.0,1.0,1.0,0.2697678427,0.266063048,0.4504065401,0.6265057581,0.5494877714,0.6282045593
2687,1.0,0.0,0.0,0.0,1.0,1.0,0.2749274426,0.2685574345,0.4482200086,0.6235284723,0.547619031,0.6202525713
2688,1.0,0.0,0.0,0.0,1.0,1.0,0.2705135673,0.2643574615,0.4473257392,0.6167670711,0.5494880989,0.6129033968
2689,1.0,0.0,0.0,0.0,1.0,1.0,0.2753731758,0.2702573803,0.4489465278,0.6235288419,0.5476193475,0.6163529748
2690,1.0,0.0,0.0,0.0,1.0,1.0,0.2700754242,0.2651578971,0.4417475059,0.6167662253,0.5442175217,0.6089748795
2691,1.0,0.0,0.0,0.0,1.0,1.0,0.2693300915,0.2643575607,0.4448051319,0.6265059045,0.54266214,0.6193546244
2692,1.0,0.0,0.0,0.0,1.0,1.0,0.2632677599,0.2558299042,0.4455284968,0.6296302784,0.5494880263,0.626666
2693,1.0,0.0,0.0,0.0,1.0,1.0,0.265653898,0.2574834877,0.444084221,0.6158532381,0.5457628858,0.6052637522
2694,1.0,0.0,0.0,0.0,1.0,1.0,0.2640342349,0.254124663,0.4505673106,0.6319023302,0.5529010996,0.6308723459
2695,1.0,0.0,0.0,0.0,1.0,1.0,0.2746431637,0.2710351654,0.445528453,0.6272194351,0.5423728521,0.6250001595
2696,1.0,0.0,0.0,0.0,1.0,1.0,0.2702074822,0.2703969889,0.4478826427,0.6204822531,0.5410957526,0.6139246891
2697,1.0,0.0,0.0,0.0,1.0,1.0,0.2709526924,0.2659531895,0.4431817993,0.6347306857,0.5389832378,0.6242044362
2698,1.0,0.0,0.0,0.0,1.0,1.0,0.2730182257,0.2677688289,0.448780401,0.625,0.5494879696,0.6369422719
2699,1.0,0.0,0.0,0.0,1.0,1.0,0.2708163127,0.2684310118,0.4596774274,0.6190471498,0.5574324631,0.6163525778
2700,1.0,0.0,0.0,0.0,1.0,1.0,0.2793270871,0.2693412034,0.4523425361,0.6242765249,0.5491524231,0.6163517745
2701,1.0,0.0,0.0,0.0,1.0,1.0,0.2777121752,0.2727287241,0.4474959944,0.6279077088,0.5525424316,0.621118786
2702,1.0,0.0,0.0,0.0,1.0,1.0,0.281601686,0.2823764421,0.4413681608,0.6300576552,0.5342466699,0.6121209306
2703,1.0,0.0,0.0,0.0,1.0,1.0,0.2813964828,0.2795049858,0.4433657359,0.6264362027,0.5457626332,0.6121209753
2704,1.0,0.0,0.0,0.0,1.0,1.0,0.2797790788,0.2795050734,0.4498381351,0.6242773684,0.5491526193,0.6181820643
2705,1.0,0.0,0.0,0.0,1.0,1.0,0.2811438078,0.274590707,0.4536584726,0.6242776411,0.5426619459,0.6086952105
2706,1.0,0.0,0.0,0.0,1.0,1.0,0.2760979721,0.2719572563,0.4523425693,0.6374265388,0.5476188336,0.6249993643
2707,1.0,0.0,0.0,0.0,1.0,1.0,0.281396001,0.2753566067,0.4579287453,0.6264373387,0.5544217711,0.6172841055
2708,1.0,0.0,0.0,0.0,1.0,1.0,0.275373154,0.2668576305,0.4554294305,0.6294112187,0.5544218743,0.6178336199
2709,1.0,0.0,0.0,0.0,1.0,1.0,0.2828006287,0.2770564694,0.4533762496,0.624999565,0.5442177178,0.6134973244
2710,1.0,0.0,0.0,0.0,1.0,1.0,0.2765445641,0.2702573543,0.44498376,0.6315783858,0.5408161894,0.6100635025
2711,1.0,0.0,0.0,0.0,1.0,1.0,0.2832556401,0.2795049235,0.4508856961,0.6079542996,0.5457626934,0.5939391657
2712,1.0,0.0,0.0,0.0,1.0,1.0,0.2830132612,0.2787560143,0.4579287017,0.6114288797,0.5510204794,0.6097555481
2713,1.0,0.0,0.0,0.0,1.0,1.0,0.2772646505,0.270257079,0.45161293,0.6220937066,0.5476189892,0.6100633908
2714,1.0,0.0,0.0,0.0,1.0,1.0,0.2804884656,0.2770559175,0.4532258957,0.6321840688,0.5544216796,0.6134972912
2715,1.0,0.0,0.0,0.0,1.0,1.0,0.2811437993,0.2728851962,0.4520324661,0.6300572216,0.5529011216,0.6062500567
2716,1.0,0.0,0.0,0.0,1.0,1.0,0.2813961084,0.273656749,0.4466019569,0.6206895343,0.5476189982,0.608695762
2717,1.0,0.0,0.0,0.0,1.0,1.0,0.2802323612,0.2780018567,0.453808797,0.6242772448,0.5494879986,0.6134968632
2718,1.0,0.0,0.0,0.0,1.0,1.0,0.2802326546,0.2702572157,0.4538087695,0.6300575507,0.5510202451,0.616351433
2719,1.0,0.0,0.0,0.0,1.0,1.0,0.2871773313,0.27781101,0.4561689018,0.6271187225,0.5525422976,0.6097557929
2720,1.0,0.0,0.0,0.0,1.0,1.0,0.2894382036,0.2853134666,0.4496000347,0.6298350256,0.5472971567,0.6213025737
2721,1.0,0.0,0.0,0.0,1.0,1.0,0.2873795966,0.287001828,0.4504793099,0.6222224464,0.5540539528,0.6058827719
2722,1.0,0.0,0.0,0.0,1.0,1.0,0.2896935815,0.2879748398,0.4508856613,0.6277772342,0.5491525029,0.6058825771
2723,1.0,0.0,0.0,0.0,1.0,1.0,0.2935760061,0.2903782318,0.4542535871,0.6338790056,0.5506757321,0.6162794601
2724,1.0,0.0,0.0,0.0,1.0,1.0,0.2937657649,0.2901064203,0.4488817604,0.6358702395,0.5503357685,0.6011566712
2725,1.0,0.0,0.0,0.0,1.0,1.0,0.2917030579,0.2910832627,0.4513557181,0.6229503853,0.5521884343,0.6069364837
2726,1.0,0.0,0.0,0.0,1.0,1.0,0.3001519334,0.2961309669,0.4536740701,0.6223407059,0.5589223706,0.6079548787
2727,1.0,0.0,0.0,0.0,1.0,1.0,0.2948910496,0.2934604513,0.4529505408,0.6216218618,0.5570471672,0.6057141113
2728,1.0,0.0,0.0,0.0,1.0,1.0,0.2993498071,0.2988199032,0.4557166334,0.6182801268,0.557432575,0.5988698733
2729,1.0,0.0,0.0,0.0,1.0,1.0,0.3004750898,0.2998324608,0.4549838311,0.625668408,0.5559322022,0.5988703586
2730,1.0,0.0,0.0,0.0,1.0,1.0,0.296608647,0.2923538428,0.4548386456,0.6304342776,0.5510201681,0.6046506123
2731,1.0,0.0,0.0,0.0,1.0,1.0,0.2869365636,0.2814130146,0.4548386816,0.6292133544,0.5529010666,0.6060608683
2732,1.0,0.0,0.0,0.0,1.0,1.0,0.273018121,0.2635513629,0.4504065005,0.6250006152,0.5479452346,0.6168826811
2733,1.0,0.0,0.0,0.0,1.0,1.0,0.2706481323,0.2549943816,0.4681892313,0.6144573629,0.5616437478,0.6174489893
2734,1.0,0.0,0.0,0.0,1.0,1.0,0.2799739863,0.266063223,0.457654705,0.6279075823,0.5494880949,0.6217946961
2735,1.0,0.0,0.0,0.0,1.0,1.0,0.2834719,0.2736566087,0.4586709028,0.6228578396,0.5578229671,0.6149060169
2736,1.0,0.0,0.0,0.0,1.0,1.0,0.2790652387,0.2677685921,0.4529221065,0.6220929885,0.5563136965,0.6114649181
2737,1.0,0.0,0.0,0.0,1.0,1.0,0.2834721873,0.2719569437,0.4489465454,0.6228573425,0.5544220067,0.6187510587
2738,1.0,0.0,0.0,0.0,1.0,1.0,0.2832557155,0.2804556852,0.4492753835,0.6306820334,0.5476190067,0.6181828424
2739,1.0,0.0,0.0,0.0,1.0,1.0,0.2654257802,0.249001765,0.4918033144,0.6172842626,0.5876290218,0.6275868105
2740,1.0,0.0,0.0,0.0,1.0,1.0,0.2540389966,0.2196006422,0.5535117611,0.598684936,0.6366779172,0.6614164119
2741,1.0,0.0,0.0,0.0,1.0,1.0,0.1781536768,0.1354554529,0.5739750934,0.5399999194,0.608058708,0.662163303
2742,1.0,0.0,0.0,0.0,1.0,1.0,0.1321726465,0.1433163436,0.516304274,0.4383572395,0.5358489245,0.3947359528
2743,1.0,0.0,0.0,0.0,1.0,1.0,0.1453407854,0.1473058262,0.5062836516,0.3703712796,0.5261193559,0.3164564927
2744,1.0,0.0,0.0,0.0,1.0,1.0,0.1468207096,0.1530511239,0.4955752032,0.3614446175,0.5202954174,0.3012030417
2745,1.0,0.0,0.0,0.0,1.0,1.0,0.1342007545,0.1475193184,0.4840989578,0.4342099783,0.5276753979,0.3999995055
2746,1.0,0.0,0.0,0.0,1.0,1.0,0.129980285,0.1427775804,0.4639718592,0.527025686,0.5201463804,0.4871794872
2747,1.0,0.0,0.0,0.0,1.0,1.0,0.1789018588,0.1522448649,0.4784854311,0.5769224819,0.5483871084,0.6352935888
2748,1.0,0.0,0.0,0.0,1.0,1.0,0.2440108016,0.2236512952,0.4498328006,0.6164390855,0.5384614835,0.6484371379
2749,1.0,0.0,0.0,0.0,1.0,1.0,0.28023218,0.2721084554,0.4538087624,0.601156723,0.5513699905,0.6037737034
2750,1.0,0.0,0.0,0.0,1.0,1.0,0.2935761811,0.2968141439,0.4365971387,0.6284148222,0.5402683124,0.5988703554
2751,1.0,0.0,0.0,0.0,1.0,1.0,0.2958347584,0.2951371059,0.4447999662,0.605405639,0.5436243041,0.6022729655
2752,1.0,0.0,0.0,0.0,1.0,1.0,0.2980792528,0.300835333,0.4370016184,0.6203208437,0.5418059468,0.5999997688
2753,1.0,0.0,0.0,0.0,1.0,1.0,0.2950735464,0.2991641381,0.4412698628,0.61290266,0.5418060451,0.6033519235
2754,1.0,0.0,0.0,0.0,1.0,1.0,0.3023790347,0.308552349,0.4458598512,0.6105262586,0.5503357796,0.5923914507
2755,1.0,0.0,0.0,0.0,1.0,1.0,0.3007873999,0.3085524842,0.4490445878,0.6190472087,0.546979978,0.6032604306
2756,1.0,0.0,0.0,0.0,1.0,1.0,0.3044550753,0.3119065184,0.444976061,0.6178013385,0.550335812,0.6021508685
2757,1.0,0.0,0.0,0.0,1.0,1.0,0.3038302436,0.3106375815,0.4495999214,0.6157895579,0.5439189282,0.5978254165
2758,1.0,0.0,0.0,0.0,1.0,1.0,0.2976044746,0.3011784737,0.4490446458,0.6203209087,0.5521886806,0.6033518202
2759,1.0,0.0,0.0,0.0,1.0,1.0,0.3020824109,0.304914397,0.4421221895,0.6170212304,0.5423727701,0.6000006798
2760,1.0,0.0,0.0,0.0,1.0,1.0,0.289693079,0.2947508414,0.4524959327,0.6277783754,0.5593219921,0.6149425494
2761,1.0,0.0,0.0,0.0,1.0,1.0,0.2880836458,0.287974762,0.4637680859,0.6256988712,0.562711759,0.6117654196
2762,1.0,0.0,0.0,0.0,1.0,1.0,0.2938585213,0.294053457,0.4604201366,0.6263733013,0.5646260754,0.618497525
2763,1.0,0.0,0.0,0.0,1.0,1.0,0.2880839351,0.2870021277,0.4573268568,0.6256984564,0.5574325741,0.6235295795
2764,1.0,0.0,0.0,0.0,1.0,1.0,0.2874001858,0.2889541837,0.4555734754,0.6235957798,0.5578231795,0.6176472735
2765,1.0,0.0,0.0,0.0,1.0,1.0,0.2880837459,0.288954359,0.4589372236,0.6201121475,0.5544216692,0.6176471297
2766,1.0,0.0,0.0,0.0,1.0,1.0,0.2896929894,0.294053166,0.4557165939,0.627778379,0.5578230166,0.618497276
2767,1.0,0.0,0.0,0.0,1.0,1.0,0.2869363841,0.2906538296,0.4661290682,0.6179778407,0.5680273982,0.6081869157
2768,1.0,0.0,0.0,0.0,1.0,1.0,0.2844070179,0.2862810466,0.4614147429,0.6214695425,0.5627118247,0.6153850928
2769,1.0,0.0,0.0,0.0,1.0,1.0,0.2885149695,0.2937549858,0.4641148325,0.6187848142,0.5675675676,0.6149416981
2770,1.0,0.0,0.0,0.0,1.0,1.0,0.2866986683,0.2937549866,0.4631411069,0.6256984143,0.5641891609,0.6149430199
2771,1.0,0.0,0.0,0.0,1.0,1.0,0.2880555026,0.2994959885,0.4665605657,0.6187846322,0.5690235383,0.606740599
2772,1.0,0.0,0.0,0.0,1.0,1.0,0.2928301602,0.3011786084,0.4649681894,0.624999856,0.565656436,0.6089390832
2773,1.0,0.0,0.0,0.0,1.0,1.0,0.289901946,0.2988195004,0.4663461893,0.6187846326,0.5709460498,0.6101697922
2774,1.0,0.0,0.0,0.0,1.0,1.0,0.2876208231,0.2957534924,0.4726687825,0.6201114283,0.5714286719,0.6149423579
2775,1.0,0.0,0.0,0.0,1.0,1.0,0.2855547537,0.2930568451,0.4703049195,0.6179771842,0.569491529,0.6069364582
2776,1.0,0.0,0.0,0.0,1.0,1.0,0.2841862024,0.2886901711,0.4712460466,0.6179773319,0.5709459022,0.6081867518
2777,1.0,0.0,0.0,0.0,1.0,1.0,0.2855546728,0.2930570304,0.4622794208,0.6235951418,0.5627118897,0.6184970258
2778,1.0,0.0,0.0,0.0,1.0,1.0,0.2832555538,0.2879747428,0.4637682145,0.6250007408,0.5661016853,0.6117643594
2779,1.0,0.0,0.0,0.0,1.0,1.0,0.2839504619,0.2903782425,0.462279246,0.6214688868,0.5641891904,0.6162792102
2780,1.0,0.0,0.0,0.0,1.0,1.0,0.2853246876,0.2940534125,0.4693548906,0.6214687807,0.5680270211,0.6127164299
2781,1.0,0.0,0.0,0.0,1.0,1.0,0.2793269243,0.2875106739,0.4604200635,0.6300578861,0.5616435311,0.6190478528
2782,1.0,0.0,0.0,0.0,1.0,1.0,0.2781616331,0.2831181804,0.4676374854,0.616278944,0.5631398367,0.6204817852
2783,1.0,0.0,0.0,0.0,1.0,1.0,0.2864743843,0.2957533692,0.4669886886,0.623595624,0.5680274229,0.6149417371
2784,1.0,0.0,0.0,0.0,1.0,1.0,0.2848650888,0.2950571504,0.4637681318,0.6214693198,0.5631399974,0.6127173211
2785,1.0,0.0,0.0,0.0,1.0,1.0,0.2818521933,0.2943561509,0.4667747734,0.6264368503,0.5650684919,0.6162791119
2786,1.0,0.0,0.0,0.0,1.0,1.0,0.2811936127,0.29235397,0.4742765491,0.6171426872,0.5680269341,0.6220936072
2787,1.0,0.0,0.0,0.0,1.0,1.0,0.2811936001,0.291362809,0.4758841869,0.6228576967,0.5694915373,0.6162783147
2788,1.0,0.0,0.0,0.0,1.0,1.0,0.2757629991,0.2886902521,0.4657096504,0.6358376723,0.5608108396,0.6140348071
2789,1.0,0.0,0.0,0.0,1.0,1.0,0.2782444901,0.2906541661,0.4640000374,0.6321839771,0.5612244572,0.6257314589
2790,1.0,0.0,0.0,0.0,1.0,1.0,0.2741690123,0.2845866295,0.4625199785,0.627907378,0.5593218878,0.6190477392
2791,1.0,0.0,0.0,0.0,1.0,1.0,0.2706821405,0.2828930095,0.4647436272,0.6272197968,0.5661015751,0.616766138
2792,1.0,0.0,0.0,0.0,1.0,1.0,0.273885624,0.2870018742,0.5080127759,0.6198834718,0.6047297429,0.6352948006
2793,1.0,0.0,0.0,0.0,1.0,1.0,0.2652242502,0.2761168987,0.5080906605,0.6219507509,0.6033898848,0.6380362484
2794,1.0,0.0,0.0,0.0,1.0,1.0,0.2713930873,0.2770559479,0.5512193857,0.6167662638,0.6462586272,0.6503065746
2795,1.0,0.0,0.0,0.0,1.0,1.0,0.2698985092,0.2642591962,0.5957447045,0.6000002537,0.6779661918,0.6538463603
2796,1.0,0.0,0.0,0.0,1.0,1.0,0.2625790138,0.2583592269,0.6042693186,0.5874994893,0.6870750859,0.6447373532
2797,1.0,0.0,0.0,0.0,1.0,1.0,0.2687022077,0.270257583,0.6016393336,0.591464093,0.6836736003,0.6477983274
2798,1.0,0.0,0.0,0.0,1.0,1.0,0.2670640522,0.2668575896,0.6049179401,0.5889565701,0.6870748812,0.6433118447
2799,1.0,0.0,0.0,0.0,1.0,1.0,0.2571854577,0.257483617,0.5830619569,0.601265982,0.6677965946,0.6578945558
2800,1.0,0.0,0.0,0.0,1.0,1.0,0.2563503283,0.2600589491,0.5665584732,0.588606982,0.6530611591,0.6535952906
2801,1.0,0.0,0.0,0.0,1.0,1.0,0.2534935762,0.2616778174,0.5654280796,0.6050955673,0.6486487654,0.6451618226
2802,1.0,0.0,0.0,0.0,1.0,1.0,0.258337344,0.2675274069,0.5654281519,0.6124997516,0.6498316222,0.6477975518
2803,1.0,0.0,0.0,0.0,1.0,1.0,0.2603723267,0.2675271818,0.5647248667,0.6086959368,0.6531986078,0.6477990674
2804,1.0,0.0,0.0,0.0,1.0,1.0,0.257138045,0.2624799352,0.5614886985,0.5974846218,0.6464647224,0.6410259907
2805,1.0,0.0,0.0,0.0,1.0,1.0,0.2562672203,0.2573814467,0.56089744,0.6062500659,0.6488295364,0.6558449562
2806,1.0,0.0,0.0,0.0,1.0,1.0,0.2368806327,0.2294639124,0.5746753216,0.6027395278,0.6598640458,0.6814814351
2807,1.0,0.0,0.0,0.0,1.0,1.0,0.2290045352,0.2257361218,0.5630115068,0.5857141158,0.6482760872,0.6641225862
2808,1.0,0.0,0.0,0.0,1.0,1.0,0.2147561946,0.2124250474,0.5504132149,0.592306851,0.6306622403,0.663934356
2809,1.0,0.0,0.0,0.0,1.0,1.0,0.2008845598,0.2069022358,0.5166113557,0.6198339009,0.5929825252,0.6525431636
2810,1.0,0.0,0.0,0.0,1.0,1.0,0.1872916478,0.192472252,0.5008292523,0.6017701942,0.5759715778,0.6697252531
2811,1.0,0.0,0.0,0.0,1.0,1.0,0.1785312362,0.1854090397,0.5141904045,0.5981306199,0.5901061914,0.6666659967
2812,1.0,0.0,0.0,0.0,1.0,1.0,0.1809620807,0.1913824,0.4950166666,0.6055045516,0.56737586,0.6481489077
2813,1.0,0.0,0.0,0.0,1.0,1.0,0.1596447184,0.1707232788,0.4825291819,0.5937506943,0.5516015099,0.6249994445
2814,1.0,0.0,0.0,0.0,1.0,1.0,0.162116829,0.1695481719,0.4916387818,0.6185569031,0.557143078,0.6631585969
2815,1.0,0.0,0.0,0.0,1.0,1.0,0.1487464365,0.1624092333,0.4882942245,0.6179773405,0.5499998106,0.6593401467
2816,1.0,0.0,0.0,0.0,1.0,1.0,0.1449191218,0.1659724898,0.4666666784,0.6551727491,0.5270759486,0.6413035732
2817,1.0,0.0,0.0,0.0,1.0,1.0,0.1382027479,0.1604942006,0.465430051,0.6219499546,0.5182478836,0.6250012081
2818,1.0,0.0,0.0,0.0,1.0,1.0,0.1343786266,0.1502784125,0.4806723245,0.599999465,0.5362319795,0.6265060552
2819,1.0,0.0,0.0,0.0,1.0,1.0,0.132476307,0.1599104708,0.4681208229,0.6329130763,0.5199996726,0.6249996954
2820,1.0,0.0,0.0,0.0,1.0,1.0,0.1319060662,0.1574209844,0.4720811567,0.6153848266,0.5201464039,0.6046515681
2821,1.0,0.0,0.0,0.0,1.0,1.0,0.1320330238,0.1557101114,0.4648829324,0.6202535414,0.5217391641,0.5930223307
2822,1.0,0.0,0.0,0.0,1.0,1.0,0.129711155,0.159331192,0.4608985516,0.6538466807,0.5181160976,0.6136377435
2823,1.0,0.0,0.0,0.0,1.0,1.0,0.1339284814,0.1647429842,0.4740368996,0.6375002374,0.5274724576,0.6000004822
2824,1.0,0.0,0.0,0.0,1.0,1.0,0.1198654249,0.1550228203,0.4729730226,0.6338028169,0.529196827,0.5882352941
2825,1.0,0.0,0.0,0.0,1.0,1.0,0.118267467,0.1586705404,0.45333337,0.647887197,0.5072993396,0.5977010085
2826,1.0,0.0,0.0,0.0,1.0,1.0,0.1099388003,0.1586706485,0.4599999277,0.6515150518,0.5109486276,0.5632167843
2827,1.0,0.0,0.0,0.0,1.0,1.0,0.1149359535,0.1684039118,0.4533333117,0.6231904511,0.5054945534,0.5543465733
2828,1.0,0.0,0.0,0.0,1.0,1.0,0.107322631,0.1653486188,0.4647650971,0.6093758502,0.5073528353,0.5222234583
2829,1.0,0.0,0.0,0.0,1.0,1.0,0.11179065,0.1616741992,0.4507512746,0.6119406299,0.503676472,0.5227267239
2830,1.0,0.0,0.0,0.0,1.0,1.0,0.1215988469,0.1604942832,0.456666649,0.5890408937,0.5036498301,0.5795451763
2831,1.0,0.0,0.0,0.0,1.0,1.0,0.1245150994,0.164742956,0.4518272902,0.6266663255,0.5091573519,0.6000009477
2832,1.0,0.0,0.0,0.0,1.0,1.0,0.1920112533,0.2284437743,0.4679803222,0.6239319444,0.5428572323,0.6171868307
2833,1.0,0.0,0.0,0.0,1.0,1.0,0.2502694019,0.2709756157,0.4828150401,0.5882352941,0.5669013114,0.6233760363
2834,1.0,0.0,0.0,0.0,1.0,1.0,0.2664101163,0.2887658989,0.4733441051,0.6,0.5570932486,0.6347300243
2835,1.0,0.0,0.0,0.0,1.0,1.0,0.2763730274,0.2967093354,0.4871382637,0.575581043,0.5625,0.6257308349
2836,1.0,0.0,0.0,0.0,1.0,1.0,0.2160509191,0.243591427,0.4801979919,0.59541995,0.5519714364,0.63235406
2837,1.0,0.0,0.0,0.0,1.0,1.0,0.1568406382,0.1908025296,0.4691152264,0.6063833714,0.5272725911,0.6
2838,1.0,0.0,0.0,0.0,1.0,1.0,0.2002168532,0.2320132931,0.4614121796,0.6229504718,0.5357143132,0.6307691797
2839,1.0,0.0,0.0,0.0,1.0,1.0,0.2612176887,0.2815330822,0.4675325818,0.583850756,0.5492957961,0.6312493985
2840,1.0,0.0,0.0,0.0,1.0,1.0,0.3072770285,0.3274619702,0.4548336413,0.5824747082,0.5460752139,0.6250002877
2841,1.0,0.0,0.0,0.0,1.0,1.0,0.3220950787,0.3467451108,0.4644549352,0.5735289755,0.554421875,0.6176473497
2842,1.0,0.0,0.0,0.0,1.0,1.0,0.334193464,0.3528433965,0.4631083258,0.5680749941,0.5540542071,0.6124395873
2843,1.0,0.0,0.0,0.0,1.0,1.0,0.3394331612,0.3545319679,0.4591195369,0.5648152,0.5506755407,0.6095238791
2844,1.0,0.0,0.0,0.0,1.0,1.0,0.3357377133,0.3555061593,0.4556765986,0.5740741691,0.5503356553,0.6084907633
2845,1.0,0.0,0.0,0.0,1.0,1.0,0.3393452766,0.3593311818,0.4527130904,0.5662098406,0.5484950358,0.6046508243
2846,1.0,0.0,0.0,0.0,1.0,1.0,0.342444417,0.3581331536,0.4325581579,0.5701361514,0.5266667505,0.6139537767
2847,1.0,0.0,0.0,0.0,1.0,1.0,0.3414239423,0.3593313412,0.4363354686,0.5681820258,0.5351170157,0.6139538217
2848,1.0,0.0,0.0,0.0,1.0,1.0,0.3439436009,0.3614650492,0.4398148701,0.5650224571,0.5399998526,0.6082954478
2849,1.0,0.0,0.0,0.0,1.0,1.0,0.350034902,0.3702249917,0.4393240743,0.5657887616,0.5415280697,0.6008965497
2850,1.0,0.0,0.0,0.0,1.0,1.0,0.3464936245,0.3664624103,0.4437596586,0.5688889689,0.5433334596,0.6045456127
2851,1.0,0.0,0.0,0.0,1.0,1.0,0.3449538473,0.3631305601,0.439137247,0.5714288572,0.5433333396,0.6009180583
2852,1.0,0.0,0.0,0.0,1.0,1.0,0.347564761,0.3664617568,0.4404946478,0.5599996078,0.5466665736,0.6045459924
2853,1.0,0.0,0.0,0.0,1.0,1.0,0.3469646071,0.363584672,0.4377880495,0.5707967513,0.5415280528,0.6027396978
2854,1.0,0.0,0.0,0.0,1.0,1.0,0.3455435507,0.3643448679,0.4403101079,0.5650227893,0.5384615098,0.6055046435
2855,1.0,0.0,0.0,0.0,1.0,1.0,0.3434613826,0.3626740386,0.436532594,0.576576677,0.5351171738,0.612902791
2856,1.0,0.0,0.0,0.0,1.0,1.0,0.3481026531,0.3689214752,0.4458205112,0.5777778662,0.5436240326,0.6090908259
2857,1.0,0.0,0.0,0.0,1.0,1.0,0.34548623,0.3655680094,0.4429012554,0.5714285714,0.5402684113,0.6055042778
2858,1.0,0.0,0.0,0.0,1.0,1.0,0.335737739,0.3562201406,0.4432347321,0.5740739429,0.54391898,0.6161138668
2859,1.0,0.0,0.0,0.0,1.0,1.0,0.3341885057,0.3504754945,0.4515624204,0.5654198125,0.5436239831,0.6124402014
2860,1.0,0.0,0.0,0.0,1.0,1.0,0.3336669971,0.3521523059,0.4477379342,0.5794397922,0.5436241511,0.6095241699
2861,1.0,0.0,0.0,0.0,1.0,1.0,0.3294864322,0.3444021457,0.4505494917,0.571428719,0.5472971786,0.6127455514
2862,1.0,0.0,0.0,0.0,1.0,1.0,0.3326267994,0.3487983406,0.4515625157,0.5774647742,0.5503355581,0.6105766442
2863,1.0,0.0,0.0,0.0,1.0,1.0,0.3310455489,0.3444022514,0.4495268449,0.5809528853,0.5439191676,0.6176472512
2864,1.0,0.0,0.0,0.0,1.0,1.0,0.3216952225,0.3393375712,0.4515625274,0.5776700383,0.5439189555,0.6169159535
2865,1.0,0.0,0.0,0.0,1.0,1.0,0.3252527159,0.3438757651,0.4470774064,0.5776699559,0.5423727588,0.6157642119
2866,1.0,0.0,0.0,0.0,1.0,1.0,0.2199100295,0.2471738376,0.4597702077,0.6119403948,0.5340502236,0.6304342378
2867,1.0,0.0,0.0,0.0,1.0,1.0,0.0927318555,0.1733349041,0.5017182636,0.5370372645,0.5313652821,0.3510626039
2868,1.0,0.0,0.0,0.0,1.0,1.0,0.09380406761,0.1671859383,0.4948805326,0.5636344736,0.529411836,0.3846153846
2869,1.0,0.0,0.0,0.0,1.0,1.0,0.1542651747,0.1761607288,0.4433497835,0.6382979215,0.5071941141,0.6122443106
2870,1.0,0.0,0.0,0.0,1.0,1.0,0.2211881098,0.2427721738,0.4540983177,0.6074070754,0.5283689043,0.6277371457
2871,1.0,0.0,0.0,0.0,1.0,1.0,0.2754871392,0.2877704695,0.461538394,0.5988373947,0.5517242422,0.6407183426
2872,1.0,0.0,0.0,0.0,1.0,1.0,0.3084890668,0.3224550409,0.4488189359,0.6020402995,0.5506757046,0.6282723602
2873,1.0,0.0,0.0,0.0,1.0,1.0,0.3163586814,0.3325843887,0.4503937524,0.5920399897,0.550675503,0.624365791
2874,1.0,0.0,0.0,0.0,1.0,1.0,0.325290238,0.3432426201,0.4606917476,0.5845408555,0.5555555971,0.6127445163
2875,1.0,0.0,0.0,0.0,1.0,1.0,0.3231636613,0.3376491131,0.4542587014,0.5804879569,0.5472972294,0.6199998678
2876,1.0,0.0,0.0,0.0,1.0,1.0,0.3116367706,0.3286300855,0.4614172265,0.5909086843,0.5559321487,0.6134021207
2877,1.0,0.0,0.0,0.0,1.0,1.0,0.320010678,0.331464935,0.457413167,0.5812803735,0.5555554726,0.6192890885
2878,1.0,0.0,0.0,0.0,1.0,1.0,0.3168576877,0.3280995984,0.4511041228,0.5870648782,0.5454545791,0.6153846154
2879,1.0,0.0,0.0,0.0,1.0,1.0,0.3172830769,0.3286301398,0.4492062284,0.5849998447,0.5491528315,0.6185570193
2880,1.0,0.0,0.0,0.0,1.0,1.0,0.2339117891,0.2472302404,0.4631750448,0.6153845002,0.5403509338,0.6382991002
2881,1.0,0.0,0.0,0.0,1.0,1.0,0.08880065802,0.1815463511,0.5087107875,0.5294107786,0.5355806367,0.350513942
2882,1.0,0.0,0.0,0.0,1.0,1.0,0.08929724025,0.1808688917,0.4828178568,0.4807687566,0.514925385,0.360825469
2883,1.0,0.0,0.0,0.0,1.0,1.0,0.1668489586,0.1920636318,0.4479337995,0.6336620678,0.5160141524,0.6203702401
2884,1.0,0.0,0.0,0.0,1.0,1.0,0.2295136135,0.2507373673,0.4592834258,0.624113245,0.5403508718,0.6293706187
2885,1.0,0.0,0.0,0.0,1.0,1.0,0.2766453208,0.2857991783,0.4511999341,0.6127166683,0.5410958419,0.6407188755
2886,1.0,0.0,0.0,0.0,1.0,1.0,0.3115346587,0.3246486302,0.4446202011,0.5888327751,0.5408165164,0.6178012392
2887,1.0,0.0,0.0,0.0,1.0,1.0,0.3263482359,0.3348299309,0.442700162,0.5865382085,0.5420875694,0.6080402231
2888,1.0,0.0,0.0,0.0,1.0,1.0,0.3305241914,0.3415598951,0.448818947,0.5857136992,0.5521886148,0.6206896927
2889,1.0,0.0,0.0,0.0,1.0,1.0,0.3310651576,0.3409468564,0.4406250343,0.5943390319,0.5418060955,0.6078424355
2890,1.0,0.0,0.0,0.0,1.0,1.0,0.3242286685,0.3331470884,0.4409449703,0.5922329584,0.5387207979,0.6161613049
2891,1.0,0.0,0.0,0.0,1.0,1.0,0.33262439,0.3404138112,0.4411303827,0.5849056604,0.5402682472,0.6009855491
2892,1.0,0.0,0.0,0.0,1.0,1.0,0.3190043216,0.3292082406,0.4418239558,0.5911335674,0.5439190411,0.6153840116
2893,1.0,0.0,0.0,0.0,1.0,1.0,0.3263485964,0.3353831321,0.4489797023,0.5961535425,0.5469797869,0.6150007061
2894,1.0,0.0,0.0,0.0,1.0,1.0,0.3242284441,0.3331474695,0.4409449641,0.5922330511,0.5420874588,0.6111116034
2895,1.0,0.0,0.0,0.0,1.0,1.0,0.3294864033,0.3404137929,0.4489795936,0.5904759807,0.5469797195,0.6059122439
2896,1.0,0.0,0.0,0.0,1.0,1.0,0.3321031001,0.3420909285,0.4451411167,0.5896224295,0.5436238668,0.6078432011
2897,1.0,0.0,0.0,0.0,1.0,1.0,0.3321029543,0.342617996,0.4451411546,0.5990560984,0.5451502099,0.6146343178
2898,1.0,0.0,0.0,0.0,1.0,1.0,0.3279175912,0.3376039481,0.4427001536,0.5933009903,0.5418061473,0.6138605739
2899,1.0,0.0,0.0,0.0,1.0,1.0,0.329468821,0.3415602175,0.4479494642,0.5885171377,0.5488213626,0.6108375979
2900,1.0,0.0,0.0,0.0,1.0,1.0,0.3258022581,0.3359610175,0.4519684058,0.5893718834,0.5506759996,0.6130651439
2901,1.0,0.0,0.0,0.0,1.0,1.0,0.3215319004,0.328629984,0.45007924,0.5911334657,0.5525425542,0.6185559618
2902,1.0,0.0,0.0,0.0,1.0,1.0,0.3263163579,0.3376492391,0.4574133306,0.5942031888,0.554054298,0.6099996509
2903,1.0,0.0,0.0,0.0,1.0,1.0,0.3189371171,0.3275198006,0.450236992,0.589108576,0.5472972602,0.6185565166
2904,1.0,0.0,0.0,0.0,1.0,1.0,0.3173582201,0.3258315352,0.4486572336,0.5920389452,0.5472974511,0.6165805152
2905,1.0,0.0,0.0,0.0,1.0,1.0,0.318503311,0.3264169391,0.4395604658,0.5960594085,0.5353536203,0.6185562046
2906,1.0,0.0,0.0,0.0,1.0,1.0,0.3084891237,0.3180039294,0.4409449097,0.5918366435,0.5420877419,0.619047619
2907,1.0,0.0,0.0,0.0,1.0,1.0,0.3147850327,0.3258314746,0.4377953136,0.5849996028,0.5371621646,0.6113985664
2908,1.0,0.0,0.0,0.0,1.0,1.0,0.3100630196,0.3207666779,0.440944969,0.5939092575,0.5371624227,0.6263155097
2909,1.0,0.0,0.0,0.0,1.0,1.0,0.3141102684,0.3190786921,0.4444443673,0.5858593116,0.5439189763,0.6190470676
2910,1.0,0.0,0.0,0.0,1.0,1.0,0.3084890692,0.3167720621,0.4377951696,0.6020407359,0.5389831129,0.6363636364
2911,1.0,0.0,0.0,0.0,1.0,1.0,0.3168576194,0.3258313015,0.4447949998,0.5920395395,0.5405405908,0.616580175
2912,1.0,0.0,0.0,0.0,1.0,1.0,0.311738246,0.3196870221,0.4435736317,0.5929641036,0.5420877087,0.6263149747
2913,1.0,0.0,0.0,0.0,1.0,1.0,0.3094639569,0.3212490841,0.4407582296,0.6020411831,0.5374150449,0.6243383593
2914,1.0,0.0,0.0,0.0,1.0,1.0,0.3094637014,0.320160116,0.4423381554,0.5969388098,0.5423729129,0.6243383415
2915,1.0,0.0,0.0,0.0,1.0,1.0,0.3063057751,0.3212489291,0.4423380936,0.5979383263,0.5374149437,0.6243389659
2916,1.0,0.0,0.0,0.0,1.0,1.0,0.3073995244,0.3201599132,0.4416403019,0.5999993247,0.5322032978,0.6296291995
2917,1.0,0.0,0.0,0.0,1.0,1.0,0.3004652387,0.3144504667,0.443038034,0.5999990755,0.5408164674,0.6324319705
2918,1.0,0.0,0.0,0.0,1.0,1.0,0.3047270861,0.3150781385,0.443917863,0.6010358555,0.5389830395,0.6290322772
2919,1.0,0.0,0.0,0.0,1.0,1.0,0.3023789354,0.3104067613,0.4458598197,0.6105255737,0.535836157,0.6373620408
2920,1.0,0.0,0.0,0.0,1.0,1.0,0.2988836789,0.3066084243,0.4398734612,0.6031751137,0.5322032751,0.6298335318
2921,1.0,0.0,0.0,0.0,1.0,1.0,0.3092372373,0.3166040372,0.4497608113,0.5927830286,0.5445205416,0.6324318389
2922,1.0,0.0,0.0,0.0,1.0,1.0,0.3072767334,0.3172290543,0.4532488154,0.6030927893,0.5426620908,0.6290318256
2923,1.0,0.0,0.0,0.0,1.0,1.0,0.3063062749,0.3123259292,0.4407582534,0.5979382617,0.5337839047,0.6270269109
2924,1.0,0.0,0.0,0.0,1.0,1.0,0.2966598281,0.3059516018,0.4428570872,0.5935820008,0.5374149104,0.6277776564
2925,1.0,0.0,0.0,0.0,1.0,1.0,0.2977736889,0.3076512278,0.4453248068,0.6010638605,0.5374150939,0.6243089223
2926,1.0,0.0,0.0,0.0,1.0,1.0,0.300941198,0.3161502518,0.4532487939,0.5999997681,0.5476191189,0.6344079399
2927,1.0,0.0,0.0,0.0,1.0,1.0,0.3072766218,0.3240511192,0.4500793123,0.5876291348,0.5460750431,0.6315794958
2928,1.0,0.0,0.0,0.0,1.0,1.0,0.3052093921,0.3144505603,0.4430380663,0.6010362577,0.5374149912,0.6270267085
2929,1.0,0.0,0.0,0.0,1.0,1.0,0.3099535023,0.32234581,0.447784828,0.591836529,0.5426623537,0.6243391343
2930,1.0,0.0,0.0,0.0,1.0,1.0,0.309350957,0.3189343783,0.4476190938,0.6,0.5460749061,0.6310153685
2931,1.0,0.0,0.0,0.0,1.0,1.0,0.3041092025,0.313817952,0.4516640193,0.5989581023,0.5460750459,0.6304346536
2932,1.0,0.0,0.0,0.0,1.0,1.0,0.2988838734,0.3076512699,0.4477847482,0.5978835672,0.5442178848,0.6353596512
2933,1.0,0.0,0.0,0.0,1.0,1.0,0.2839682385,0.2933518391,0.4460316774,0.6089382201,0.5392490793,0.6337209155
2934,1.0,0.0,0.0,0.0,1.0,1.0,0.2796527692,0.2848239451,0.4467407708,0.6136371716,0.539249192,0.646706788
2935,1.0,0.0,0.0,0.0,1.0,1.0,0.2642757575,0.2730434007,0.4535256522,0.6181811636,0.546391698,0.6477982983
2936,1.0,0.0,0.0,0.0,1.0,1.0,0.256308399,0.2619227669,0.4499999738,0.6226412783,0.5448273213,0.6447364487
2937,1.0,0.0,0.0,0.0,1.0,1.0,0.2450244573,0.2550660189,0.4580646064,0.6315782714,0.5486109752,0.6598636645
2938,1.0,0.0,0.0,0.0,1.0,1.0,0.233257135,0.2446549835,0.4586709884,0.6388898561,0.5486112792,0.6595739417
2939,1.0,0.0,0.0,0.0,1.0,1.0,0.2325036904,0.2489957432,0.4539579507,0.6388893935,0.5397923902,0.6458327972
2940,1.0,0.0,0.0,0.0,1.0,1.0,0.2336357761,0.2498604671,0.4594155449,0.6388891794,0.5451390457,0.6458325551
2941,1.0,0.0,0.0,0.0,1.0,1.0,0.2217358584,0.2411242687,0.4584013374,0.6544117414,0.541957883,0.6449268924
2942,1.0,0.0,0.0,0.0,1.0,1.0,0.2087652215,0.2234669571,0.4572369301,0.6614172826,0.5422533095,0.6535440576
2943,1.0,0.0,0.0,0.0,1.0,1.0,0.2189881413,0.2322644599,0.4497528412,0.6390976838,0.5281690698,0.6363631938
2944,1.0,0.0,0.0,0.0,1.0,1.0,0.2031922338,0.217963322,0.4512396849,0.6504060666,0.5248224267,0.6504060666
2945,1.0,0.0,0.0,0.0,1.0,1.0,0.1869816402,0.2027337804,0.4486755726,0.6637174219,0.5231318254,0.6315792459
2946,1.0,0.0,0.0,0.0,1.0,1.0,0.1751086105,0.1945343197,0.4479338181,0.650942603,0.5249999224,0.6330276144
2947,1.0,0.0,0.0,0.0,1.0,1.0,0.1489958216,0.1671725676,0.4371859315,0.6741571124,0.5107913026,0.6344097012
2948,1.0,0.0,0.0,0.0,1.0,1.0,0.1461368071,0.1659722123,0.4403360691,0.678161572,0.5126355581,0.6304340216
2949,1.0,0.0,0.0,0.0,1.0,1.0,0.1410977285,0.1605599319,0.4521007862,0.6547605004,0.5126353875,0.6067414099
2950,1.0,0.0,0.0,0.0,1.0,1.0,0.1164887947,0.1377909724,0.4459459313,0.637681832,0.4963235164,0.5999994308
2951,1.0,0.0,0.0,0.0,1.0,1.0,0.1219656856,0.1495513534,0.4711863548,0.6249996263,0.5182483643,0.5487801997
2952,1.0,0.0,0.0,0.0,1.0,1.0,0.1053835721,0.1477277887,0.4642856426,0.5967720717,0.5072992301,0.4938270623
2953,1.0,0.0,0.0,0.0,1.0,1.0,0.09892085319,0.1519297112,0.4726961883,0.5689658388,0.5091575353,0.4337357562
2954,1.0,0.0,0.0,0.0,1.0,1.0,0.1025069961,0.1598372795,0.4683761826,0.5166648032,0.4999998012,0.390806113
2955,1.0,0.0,0.0,0.0,1.0,1.0,0.1021573682,0.1543254499,0.4701874467,0.533333808,0.5,0.4166656071
2956,1.0,0.0,0.0,0.0,1.0,1.0,0.1028583045,0.1573198277,0.4699828589,0.5333330935,0.4962960004,0.3999994922
2957,1.0,0.0,0.0,0.0,1.0,1.0,0.1048484416,0.1586703436,0.4754652341,0.5322599279,0.5072995793,0.4137926733
2958,1.0,0.0,0.0,0.0,1.0,1.0,0.1082307607,0.1561628626,0.4788493246,0.5156254189,0.5110292799,0.4470586157
2959,1.0,0.0,0.0,0.0,1.0,1.0,0.1014660134,0.1641420739,0.4788493871,0.4833338135,0.5109489655,0.3666672268
2960,1.0,0.0,0.0,0.0,1.0,1.0,0.1072656953,0.1598371934,0.4718909616,0.4603188257,0.5000001991,0.3563227555
2961,1.0,0.0,0.0,0.0,1.0,1.0,0.109153776,0.1665737529,0.4812286797,0.4218764299,0.5054942219,0.3186813187
2962,1.0,0.0,0.0,0.0,1.0,1.0,0.104671253,0.1689966943,0.4763513163,0.4032258625,0.5090908877,0.3118283807
2963,1.0,0.0,0.0,0.0,1.0,1.0,0.1093405629,0.1726974018,0.4923076254,0.4062486258,0.5147057712,0.3191482011
2964,1.0,0.0,0.0,0.0,1.0,1.0,0.1116214959,0.1708603672,0.4965636451,0.353848046,0.518382512,0.2795713164
2965,1.0,0.0,0.0,0.0,1.0,1.0,0.1078166695,0.1720651107,0.4948629946,0.3809520524,0.5238094101,0.297873226
2966,1.0,0.0,0.0,0.0,1.0,1.0,0.111239264,0.1733350338,0.477739812,0.3846148825,0.505534924,0.287235123
2967,1.0,0.0,0.0,0.0,1.0,1.0,0.1033907617,0.1684244355,0.4793103133,0.4000007146,0.5037037331,0.3076923077
2968,1.0,0.0,0.0,0.0,1.0,1.0,0.1097158714,0.1714911547,0.4802743883,0.3906253676,0.5129148321,0.3010742244
2969,1.0,0.0,0.0,0.0,1.0,1.0,0.1075788074,0.1671927636,0.4774304858,0.3387097904,0.5018585442,0.2555562791
2970,1.0,0.0,0.0,0.0,1.0,1.0,0.1057430194,0.1708606941,0.4692833775,0.4354854909,0.5,0.3118275598
2971,1.0,0.0,0.0,0.0,1.0,1.0,0.1070215679,0.1721259733,0.4697754821,0.3709671761,0.5,0.2795700182
2972,1.0,0.0,0.0,0.0,1.0,1.0,0.1080015438,0.1671861078,0.473413374,0.3650795269,0.5000001967,0.3076941176
2973,1.0,0.0,0.0,0.0,1.0,1.0,0.1121822081,0.1671860014,0.4625849547,0.3939389019,0.4926470241,0.3296688545
2974,1.0,0.0,0.0,0.0,1.0,1.0,0.1091541164,0.1714910263,0.4761092609,0.4218755198,0.5055350713,0.3118281047
2975,1.0,0.0,0.0,0.0,1.0,1.0,0.1102950191,0.1702347996,0.4601018305,0.4000013212,0.4908424865,0.3440854009
2976,1.0,0.0,0.0,0.0,1.0,1.0,0.1104823823,0.1696134552,0.4676870998,0.3846143675,0.5000001959,0.3225804216
2977,1.0,0.0,0.0,0.0,1.0,1.0,0.1095278926,0.1696469533,0.4743150597,0.40624937,0.5018447946,0.3369577158
2978,1.0,0.0,0.0,0.0,1.0,1.0,0.1129506756,0.1678031784,0.4743150824,0.3939401683,0.5018451146,0.3296696423
2979,1.0,0.0,0.0,0.0,1.0,1.0,0.1093404387,0.167802795,0.4615384615,0.4375004179,0.4944648267,0.3296713374
2980,1.0,0.0,0.0,0.0,1.0,1.0,0.1112389925,0.1678030088,0.4623287924,0.4307676701,0.4944651125,0.3296713828
2981,1.0,0.0,0.0,0.0,1.0,1.0,0.1089683417,0.1671858856,0.4633729948,0.3906239004,0.4963235671,0.3186819144
2982,1.0,0.0,0.0,0.0,1.0,1.0,0.1119919598,0.1629127253,0.4550084766,0.4242440013,0.4908424736,0.3820212794
2983,1.0,0.0,0.0,0.0,1.0,1.0,0.1121824182,0.1702345953,0.4744897466,0.3636360652,0.5054945665,0.3010751436
2984,1.0,0.0,0.0,0.0,1.0,1.0,0.1121823418,0.1684041596,0.4676870793,0.4090909091,0.5018314008,0.3260872108
2985,1.0,0.0,0.0,0.0,1.0,1.0,0.1101079977,0.1696133864,0.4694915984,0.384615132,0.5036497999,0.2903226547
2986,1.0,0.0,0.0,0.0,1.0,1.0,0.108047714,0.1671796878,0.4695946016,0.4375002085,0.4981815303,0.3586967623
2987,1.0,0.0,0.0,0.0,1.0,1.0,0.1076321852,0.1678031469,0.4752137353,0.3809530172,0.5055350783,0.3186818269
2988,1.0,0.0,0.0,0.0,1.0,1.0,0.1066529855,0.1671931269,0.468158335,0.3709673574,0.4981413398,0.299998827
2989,1.0,0.0,0.0,0.0,1.0,1.0,0.1091538667,0.1684241941,0.4658702062,0.3906239474,0.4962962254,0.3076928544
2990,1.0,0.0,0.0,0.0,1.0,1.0,0.1062872753,0.1678027807,0.4699827883,0.3709668433,0.5018449994,0.3076928552
2991,1.0,0.0,0.0,0.0,1.0,1.0,0.107632169,0.1653489681,0.4700853614,0.3650804524,0.5,0.3111127627
2992,1.0,0.0,0.0,0.0,1.0,1.0,0.1053835332,0.1714911154,0.4574829537,0.4193540519,0.4870850737,0.3440879198
2993,1.0,0.0,0.0,0.0,1.0,1.0,0.1070211723,0.1622227025,0.466321207,0.4032246467,0.4962685267,0.3448275021
2994,1.0,0.0,0.0,0.0,1.0,1.0,0.1047525364,0.1696469284,0.472508592,0.3770499972,0.5018449239,0.3043464923
2995,1.0,0.0,0.0,0.0,1.0,1.0,0.1098864103,0.1634425265,0.4729494112,0.3650792041,0.4962405143,0.298851925
2996,1.0,0.0,0.0,0.0,1.0,1.0,0.1147182935,0.1715460182,0.4747825896,0.3333322507,0.5000001999,0.2826079865
2997,1.0,0.0,0.0,0.0,1.0,1.0,0.1095041818,0.1671995634,0.4713043542,0.3492068286,0.4887217866,0.292135045
2998,1.0,0.0,0.0,0.0,1.0,1.0,0.113374729,0.1690784983,0.4729494441,0.3538474841,0.496240629,0.2888884085
2999,1.0,0.0,0.0,0.0,1.0,1.0,0.1172726556,0.1690788408,0.4693519954,0.3134334477,0.4887218851,0.2555562598
3000,1.0,0.0,0.0,0.0,1.0,1.0,0.1159282159,0.1741451553,0.476274138,0.3030302055,0.4924244952,0.2608703681
3001,1.0,0.0,0.0,0.0,1.0,1.0,0.1159281676,0.1722524253,0.4780317765,0.2727266893,0.4962121288,0.2417587533
3002,1.0,0.0,0.0,0.0,1.0,1.0,0.1110491216,0.1703593002,0.4708994186,0.2857114043,0.4886362725,0.2555557647
3003,1.0,0.0,0.0,0.0,1.0,1.0,0.1145745913,0.1716600412,0.4779540689,0.2461545149,0.4885494886,0.2333338163
3004,1.0,0.0,0.0,0.0,1.0,1.0,0.1147768842,0.1748074771,0.4681978887,0.2769238845,0.4790872676,0.2282605672
3005,1.0,0.0,0.0,0.0,1.0,1.0,0.1165428561,0.1799764355,0.4752649478,0.2878769908,0.4865903111,0.2659586527
3006,1.0,0.0,0.0,0.0,1.0,1.0,0.1126133821,0.1831037965,0.4647886852,0.2812487606,0.4809159043,0.2708342055
3007,1.0,0.0,0.0,0.0,1.0,1.0,0.1096734181,0.1697526278,0.4920353805,0.4032285884,0.5114503372,0.3483136424
3008,1.0,0.0,0.0,0.0,1.0,1.0,0.1506954384,0.1596852169,0.47660309,0.5977020842,0.5263158988,0.6235296872
3009,1.0,0.0,0.0,0.0,1.0,1.0,0.2498605549,0.2560406823,0.4899999411,0.6066661775,0.5583038533,0.6482760651
3010,1.0,0.0,0.0,0.0,1.0,1.0,0.3126292122,0.3256802609,0.4862236691,0.5699491385,0.5689654372,0.5820112354
3011,1.0,0.0,0.0,0.0,1.0,1.0,0.3374529025,0.3610998631,0.4927302716,0.5645937457,0.5719176544,0.5781987599
3012,1.0,0.0,0.0,0.0,1.0,1.0,0.3428037235,0.36466152,0.4975846267,0.5774647005,0.5844593465,0.592592707
3013,1.0,0.0,0.0,0.0,1.0,1.0,0.2981667083,0.3092679738,0.4999999537,0.5921787016,0.5804193931,0.5988696168
3014,1.0,0.0,0.0,0.0,1.0,1.0,0.1357043097,0.1463061759,0.5082568363,0.4459444022,0.5133077894,0.3766237687
3015,1.0,0.0,0.0,0.0,1.0,1.0,0.1448732734,0.1457516377,0.5082567627,0.4303787526,0.5075758742,0.4025965365
3016,1.0,0.0,0.0,0.0,1.0,1.0,0.2127955955,0.1987938356,0.4624782547,0.606558223,0.5255477545,0.6422026388
3017,1.0,0.0,0.0,0.0,1.0,1.0,0.2886178161,0.3043285123,0.4719472304,0.6000007626,0.5605535973,0.5852277323
3018,1.0,0.0,0.0,0.0,1.0,1.0,0.3320514585,0.3510149841,0.4769737623,0.5891086849,0.5570933087,0.5763538699
3019,1.0,0.0,0.0,0.0,1.0,1.0,0.3511110181,0.3696565322,0.473856169,0.590698143,0.5650684621,0.5601848156
3020,1.0,0.0,0.0,0.0,1.0,1.0,0.3489855672,0.3632784437,0.4819671579,0.5915494418,0.569965707,0.5680757844
3021,1.0,0.0,0.0,0.0,1.0,1.0,0.3489079402,0.3632785345,0.4763457825,0.5887851343,0.5665527817,0.5680754809
3022,1.0,0.0,0.0,0.0,1.0,1.0,0.3470728251,0.3600682986,0.4742765324,0.5833334198,0.5690233874,0.5794397516
3023,1.0,0.0,0.0,0.0,1.0,1.0,0.3592243337,0.3789829668,0.4632587733,0.5866668006,0.5570469748,0.5619472832
3024,1.0,0.0,0.0,0.0,1.0,1.0,0.347907329,0.3660164335,0.4604431223,0.5863632434,0.5618728198,0.570776709
3025,1.0,0.0,0.0,0.0,1.0,1.0,0.3384688453,0.3543172813,0.4872203656,0.5896229096,0.5752507276,0.584906296
3026,1.0,0.0,0.0,0.0,1.0,1.0,0.3400657973,0.3608152631,0.4840255782,0.5821591327,0.576271277,0.5680756736
3027,1.0,0.0,0.0,0.0,1.0,1.0,0.2019243838,0.1988137835,0.4906620495,0.5966391802,0.5483871347,0.6396393026
3028,1.0,0.0,0.0,0.0,1.0,1.0,0.1214113602,0.1578064791,0.4894366047,0.4492740677,0.4962405269,0.3333324598
3029,1.0,0.0,0.0,0.0,1.0,1.0,0.1110492915,0.1647227713,0.5017360848,0.4531256832,0.5185182381,0.3595500998
3030,1.0,0.0,0.0,0.0,1.0,1.0,0.1483811401,0.1537602623,0.4692832448,0.5862068117,0.5201466063,0.5833333333
3031,1.0,0.0,0.0,0.0,1.0,1.0,0.2285870251,0.232140178,0.4791317963,0.6350362726,0.5638298331,0.6564874032
3032,1.0,0.0,0.0,0.0,1.0,1.0,0.2977406109,0.3093510133,0.4718195888,0.6054052569,0.5646260624,0.6098902366
3033,1.0,0.0,0.0,0.0,1.0,1.0,0.3230677783,0.3415599011,0.4777069721,0.5960586098,0.572390483,0.6059120852
3034,1.0,0.0,0.0,0.0,1.0,1.0,0.3384435366,0.3559885874,0.472178046,0.5868546781,0.5752507206,0.591549194
3035,1.0,0.0,0.0,0.0,1.0,1.0,0.3404693071,0.3586037171,0.4803768103,0.589861471,0.581395392,0.5925925543
3036,1.0,0.0,0.0,0.0,1.0,1.0,0.3498832236,0.3689994244,0.4803766955,0.5829596859,0.5794703664,0.5784759163
3037,1.0,0.0,0.0,0.0,1.0,1.0,0.344689503,0.359535295,0.4708661811,0.5936076187,0.5742573526,0.5917433454
3038,1.0,0.0,0.0,0.0,1.0,1.0,0.3400326946,0.3564672593,0.476947508,0.5841113551,0.5833332409,0.5887852793
3039,1.0,0.0,0.0,0.0,1.0,1.0,0.3390106847,0.3538292258,0.4735999608,0.5849051135,0.5704698258,0.5924178256
3040,1.0,0.0,0.0,0.0,1.0,1.0,0.3256968166,0.3431419079,0.4936101965,0.6029408725,0.5866666815,0.6165046557
3041,1.0,0.0,0.0,0.0,1.0,1.0,0.3315297926,0.3460904945,0.5048544466,0.6048781377,0.5979730896,0.6000002145
3042,1.0,0.0,0.0,0.0,1.0,1.0,0.3331474244,0.3411064216,0.4999999557,0.6078426572,0.5972698331,0.6100000977
3043,1.0,0.0,0.0,0.0,1.0,1.0,0.3211320279,0.3297478692,0.4983605946,0.6173466623,0.591836652,0.6030932846
3044,1.0,0.0,0.0,0.0,1.0,1.0,0.3199532659,0.33087322,0.4950496265,0.6082479729,0.5904437475,0.6030929898
3045,1.0,0.0,0.0,0.0,1.0,1.0,0.3194263124,0.329168003,0.5090608931,0.6288664063,0.6006826836,0.601036421
3046,1.0,0.0,0.0,0.0,1.0,1.0,0.3287421061,0.3376953264,0.5090909285,0.6130658265,0.6075086952,0.5909090909
3047,1.0,0.0,0.0,0.0,1.0,1.0,0.3242781875,0.3337177641,0.5024958487,0.6307684739,0.602739881,0.6
3048,1.0,0.0,0.0,0.0,1.0,1.0,0.3176263233,0.3291265847,0.4725457999,0.6230364201,0.5724137804,0.596858721
3049,1.0,0.0,0.0,0.0,1.0,1.0,0.3210728076,0.3342843448,0.4645798203,0.6102557031,0.5699655809,0.5816326975
3050,1.0,0.0,0.0,0.0,1.0,1.0,0.32494179,0.3376950628,0.4646962801,0.6212117608,0.5665529496,0.5909097298
3051,1.0,0.0,0.0,0.0,1.0,1.0,0.31733502,0.3285835732,0.4631751553,0.6030934754,0.5582191946,0.5937495055
3052,1.0,0.0,0.0,0.0,1.0,1.0,0.3183041503,0.325679848,0.4504950627,0.621761687,0.5448274681,0.6084653122
3053,1.0,0.0,0.0,0.0,1.0,1.0,0.2469406162,0.2357837095,0.4590986253,0.6216216997,0.5387324686,0.6417910686
3054,1.0,0.0,0.0,0.0,1.0,1.0,0.1260398116,0.1131443017,0.4600355835,0.5915507593,0.4981133275,0.5500001757
3055,1.0,0.0,0.0,0.0,1.0,1.0,0.1615261826,0.1527921687,0.4208753868,0.6249991458,0.478417433,0.6235291091
3056,1.0,0.0,0.0,0.0,1.0,1.0,0.2343967575,0.232508988,0.4169381368,0.6388888889,0.4965276345,0.6343291723
3057,1.0,0.0,0.0,0.0,1.0,1.0,0.3009415059,0.3106372878,0.4136292226,0.6052633428,0.5033785294,0.6141300734
3058,1.0,0.0,0.0,0.0,1.0,1.0,0.3146098057,0.3213690866,0.4069951721,0.5909087369,0.5084174061,0.6020943254
3059,1.0,0.0,0.0,0.0,1.0,1.0,0.3205162092,0.3269359015,0.4012638149,0.5960588796,0.5050849908,0.6010361049
3060,1.0,0.0,0.0,0.0,1.0,1.0,0.3252898092,0.3309189967,0.4009434525,0.603865212,0.5050168393,0.6111119757
3061,1.0,0.0,0.0,0.0,1.0,1.0,0.3331472907,0.3415601601,0.3710691596,0.5943392119,0.4713805,0.6009855096
3062,1.0,0.0,0.0,0.0,1.0,1.0,0.3331473708,0.3387368706,0.3646322846,0.591548892,0.4697987068,0.6039602036
3063,1.0,0.0,0.0,0.0,1.0,1.0,0.333147221,0.339810243,0.3693271843,0.5962440737,0.4766665987,0.5980385435
3064,1.0,0.0,0.0,0.0,1.0,1.0,0.3279173481,0.329247488,0.3673469086,0.6028714122,0.4749164511,0.6091371644
3065,1.0,0.0,0.0,0.0,1.0,1.0,0.3373312572,0.3482903675,0.386185244,0.5953488562,0.4882154373,0.5942031747
3066,1.0,0.0,0.0,0.0,1.0,1.0,0.3315529534,0.3421817252,0.4370016569,0.5913459672,0.5423726934,0.6039602142
3067,1.0,0.0,0.0,0.0,1.0,1.0,0.3267097713,0.335989767,0.4412238137,0.5911329681,0.5392492603,0.598984498
3068,1.0,0.0,0.0,0.0,1.0,1.0,0.3266468531,0.3342844818,0.4308942581,0.6019894142,0.5324232281,0.6020403819
3069,1.0,0.0,0.0,0.0,1.0,1.0,0.3168964724,0.3246484719,0.4341463712,0.6051279512,0.5408163563,0.6073297135
3070,1.0,0.0,0.0,0.0,1.0,1.0,0.3077698142,0.3195493598,0.4392220413,0.6052635428,0.5374147411,0.5851062862
3071,1.0,0.0,0.0,0.0,1.0,1.0,0.3115141356,0.3218542111,0.4366883135,0.6093750348,0.542373041,0.5894733051
3072,1.0,0.0,0.0,0.0,1.0,1.0,0.3212491605,0.3320180712,0.4318182425,0.6060603784,0.532203463,0.5867346552
3073,1.0,0.0,0.0,0.0,1.0,1.0,0.3320619311,0.3422744932,0.4006514033,0.607843199,0.4965753048,0.5799995287
3074,1.0,0.0,0.0,0.0,1.0,1.0,0.3298971538,0.3405632071,0.3918699187,0.600984812,0.4828767123,0.5829149281
3075,1.0,0.0,0.0,0.0,1.0,1.0,0.3315222968,0.3405629641,0.4016259502,0.6029408407,0.4931508189,0.5778893243
3076,1.0,0.0,0.0,0.0,1.0,1.0,0.3315222021,0.3411062891,0.4016260592,0.602941511,0.4982934343,0.5749996045
3077,1.0,0.0,0.0,0.0,1.0,1.0,0.3298811963,0.3400162627,0.3921568542,0.603960636,0.4845360109,0.5808081514
3078,1.0,0.0,0.0,0.0,1.0,1.0,0.3293617526,0.3382464123,0.4025973014,0.6009854238,0.5034014321,0.5778893987
3079,1.0,0.0,0.0,0.0,1.0,1.0,0.3282720241,0.3371404881,0.4016259983,0.5990098541,0.500000182,0.5837560054
3080,1.0,0.0,0.0,0.0,1.0,1.0,0.3228715425,0.3269358881,0.4188312585,0.6130649024,0.5186443584,0.595855726
3081,1.0,0.0,0.0,0.0,1.0,1.0,0.3195603827,0.3280480563,0.4469821634,0.6122444258,0.5442175248,0.5906735461
3082,1.0,0.0,0.0,0.0,1.0,1.0,0.3190402436,0.3308730609,0.4478828192,0.6071430511,0.5460751993,0.5876286737
3083,1.0,0.0,0.0,0.0,1.0,1.0,0.3174121979,0.3280479396,0.4495114001,0.6153845301,0.5442176296,0.6062171814
3084,1.0,0.0,0.0,0.0,1.0,1.0,0.3238781913,0.3320064267,0.4451718626,0.6111104455,0.5445203925,0.6030930242
3085,1.0,0.0,0.0,0.0,1.0,1.0,0.3168960756,0.3257563831,0.4471544857,0.6102560956,0.5460750443,0.6020949378
3086,1.0,0.0,0.0,0.0,1.0,1.0,0.3228214819,0.3263482583,0.43882547,0.6060603113,0.5374147705,0.5937505225
3087,1.0,0.0,0.0,0.0,1.0,1.0,0.3174119604,0.3263485415,0.444625327,0.610256733,0.5442175158,0.5989586547
3088,1.0,0.0,0.0,0.0,1.0,1.0,0.3174887354,0.3264167413,0.4602917085,0.612244335,0.5589224438,0.5927837407
3089,1.0,0.0,0.0,0.0,1.0,1.0,0.3185213504,0.3280478135,0.4682927442,0.6122455288,0.5680270858,0.6010361184
3090,1.0,0.0,0.0,0.0,1.0,1.0,0.3180041601,0.3286302075,0.4610389599,0.6122452314,0.559321801,0.5927832045
3091,1.0,0.0,0.0,0.0,1.0,1.0,0.3202722913,0.3331471226,0.4669886968,0.6130658293,0.5656565547,0.6010099918
3092,1.0,0.0,0.0,0.0,1.0,1.0,0.3170529138,0.3259052508,0.4685990389,0.6091372638,0.5719065728,0.589743475
3093,1.0,0.0,0.0,0.0,1.0,1.0,0.3158689813,0.3303528445,0.4732577217,0.6051282779,0.5805367665,0.5837564769
3094,1.0,0.0,0.0,0.0,1.0,1.0,0.3142490179,0.3236448032,0.4732577408,0.6134019643,0.580536858,0.5958547657
3095,1.0,0.0,0.0,0.0,1.0,1.0,0.3228716139,0.3292076972,0.4659090503,0.6030147769,0.5641890237,0.5897437875
3096,1.0,0.0,0.0,0.0,1.0,1.0,0.3153577143,0.3219679932,0.4676375892,0.6205125218,0.5637582541,0.6041661927
3097,1.0,0.0,0.0,0.0,1.0,1.0,0.3202093703,0.3280998,0.4773463638,0.6161618002,0.5757574567,0.6000004353
3098,1.0,0.0,0.0,0.0,1.0,1.0,0.3233489882,0.3303238203,0.4771241108,0.6111107551,0.5762711864,0.6000004338
3099,1.0,0.0,0.0,0.0,1.0,1.0,0.3189007833,0.3251609549,0.4753289632,0.6082470657,0.5719176596,0.6052631279
3100,1.0,0.0,0.0,0.0,1.0,1.0,0.324408871,0.3348468221,0.4737703666,0.6161612554,0.5782312578,0.5888323382
3101,1.0,0.0,0.0,0.0,1.0,1.0,0.3101715429,0.3138179073,0.4778326349,0.619047839,0.5733788307,0.6086947754
3102,1.0,0.0,0.0,0.0,1.0,1.0,0.314063775,0.3252422282,0.4779050648,0.6145833685,0.5830510174,0.5937498242
3103,1.0,0.0,0.0,0.0,1.0,1.0,0.3134538323,0.3240513054,0.4794746163,0.6230367145,0.5802047605,0.605263968
3104,1.0,0.0,0.0,0.0,1.0,1.0,0.3162167347,0.3246484972,0.4786885362,0.6113992781,0.5748300072,0.5968588408
3105,1.0,0.0,0.0,0.0,1.0,1.0,0.3189707839,0.3263482985,0.4779050553,0.6256415832,0.5782313601,0.5989587794
3106,1.0,0.0,0.0,0.0,1.0,1.0,0.3195606241,0.3275199048,0.4698205351,0.617346098,0.5743243607,0.5927838778
3107,1.0,0.0,0.0,0.0,1.0,1.0,0.3255137542,0.3331472282,0.4795417412,0.6030150699,0.5782311448,0.591837118
3108,1.0,0.0,0.0,0.0,1.0,1.0,0.3222422543,0.3314475177,0.4828151415,0.6091378191,0.5850340881,0.5948712925
3109,1.0,0.0,0.0,0.0,1.0,1.0,0.3189709211,0.3246488253,0.471358459,0.6256406431,0.5714286241,0.6020941278
3110,1.0,0.0,0.0,0.0,1.0,1.0,0.3206066934,0.3269360352,0.469721823,0.6071431333,0.5661016439,0.5958550153
3111,1.0,0.0,0.0,0.0,1.0,1.0,0.3205448577,0.3257566048,0.4720394969,0.6153848739,0.5733787786,0.6020937438
3112,1.0,0.0,0.0,0.0,1.0,1.0,0.3211907695,0.3314477622,0.4747144492,0.6040605684,0.5748301057,0.5948716812
3113,1.0,0.0,0.0,0.0,1.0,1.0,0.3287852204,0.3365469821,0.4729950819,0.6069655434,0.5680270921,0.5909089916
3114,1.0,0.0,0.0,0.0,1.0,1.0,0.3222422572,0.3331473708,0.4828150605,0.6040611952,0.5714285714,0.5918363934
3115,1.0,0.0,0.0,0.0,1.0,1.0,0.3244091963,0.3342843725,0.4786884505,0.6111112325,0.5733788711,0.6020398366
3116,1.0,0.0,0.0,0.0,1.0,1.0,0.3200185066,0.3280478141,0.4712643082,0.6153841163,0.5646259918,0.6062172033
3117,1.0,0.0,0.0,0.0,1.0,1.0,0.318901053,0.3257565832,0.4736842664,0.6185567468,0.5733789861,0.6020938221
3118,1.0,0.0,0.0,0.0,1.0,1.0,0.3189010526,0.3212491544,0.4638158846,0.6082471243,0.5578232915,0.5925931427
3119,1.0,0.0,0.0,0.0,1.0,1.0,0.3173351352,0.3274624993,0.4680851083,0.6082474914,0.5631398903,0.5937496142
3120,1.0,0.0,0.0,0.0,1.0,1.0,0.3178555063,0.3246486825,0.4672130873,0.6030924464,0.5680272668,0.5968592047
3121,1.0,0.0,0.0,0.0,1.0,1.0,0.3217155549,0.3274622722,0.455882297,0.6091368325,0.5563139251,0.5989584097
3122,1.0,0.0,0.0,0.0,1.0,1.0,0.3184497902,0.3269361096,0.459150382,0.6102561166,0.5593220092,0.595854905
3123,1.0,0.0,0.0,0.0,1.0,1.0,0.3239233787,0.3320180465,0.4527688355,0.6180903145,0.552542512,0.6020409982
3124,1.0,0.0,0.0,0.0,1.0,1.0,0.3184497402,0.325756618,0.4591503874,0.6102566611,0.5563141143,0.6020943834
3125,1.0,0.0,0.0,0.0,1.0,1.0,0.3255511459,0.3320179308,0.4625407922,0.609999677,0.5627120585,0.5867352263
3126,1.0,0.0,0.0,0.0,1.0,1.0,0.3238780093,0.3292077108,0.4697218511,0.6060606724,0.5675676269,0.5897436182
3127,1.0,0.0,0.0,0.0,1.0,1.0,0.3271789491,0.3325846818,0.4657980623,0.6119403146,0.5641892708,0.5888323476
3128,1.0,0.0,0.0,0.0,1.0,1.0,0.3222956305,0.3286300424,0.4674267287,0.6060603089,0.5627119871,0.5927834134
3129,1.0,0.0,0.0,0.0,1.0,1.0,0.3293616333,0.3381950577,0.4626624253,0.6108367235,0.5622894745,0.5870641094
3130,1.0,0.0,0.0,0.0,1.0,1.0,0.3249818852,0.3308960699,0.4656862484,0.6080393658,0.5641893108,0.5867351754
3131,1.0,0.0,0.0,0.0,1.0,1.0,0.3239232495,0.3325845812,0.4674266973,0.6080409178,0.5709456629,0.5939078142
3132,1.0,0.0,0.0,0.0,1.0,1.0,0.3211321568,0.3297481281,0.4737703648,0.6122447181,0.574829907,0.5927832069
3133,1.0,0.0,0.0,0.0,1.0,1.0,0.3363976785,0.3427142524,0.4585365503,0.5990341385,0.5574324189,0.5862068233
3134,1.0,0.0,0.0,0.0,1.0,1.0,0.3206067926,0.3263482867,0.4697218455,0.6122451225,0.5680273081,0.5989575084
3135,1.0,0.0,0.0,0.0,1.0,1.0,0.3211908471,0.3314474596,0.4698205154,0.6142126044,0.5714285192,0.5948711098
3136,1.0,0.0,0.0,0.0,1.0,1.0,0.3211321504,0.3297478696,0.4721311721,0.6071429761,0.5714285714,0.5979381096
3137,1.0,0.0,0.0,0.0,1.0,1.0,0.320146664,0.3286302292,0.4650406968,0.6091368989,0.5627119244,0.5979375316
3138,1.0,0.0,0.0,0.0,1.0,1.0,0.3178552094,0.3263483349,0.4655737925,0.6134023197,0.5646257157,0.5989577951
3139,1.0,0.0,0.0,0.0,1.0,1.0,0.3150948659,0.3201602369,0.4712644861,0.6145825473,0.572881341,0.6031745124
3140,1.0,0.0,0.0,0.0,1.0,1.0,0.3101714823,0.3189345448,0.4696223084,0.6084651817,0.5665528635,0.5989307944
3141,1.0,0.0,0.0,0.0,1.0,1.0,0.304249047,0.3127505421,0.468085112,0.6182800936,0.5646256433,0.6032607549
3142,1.0,0.0,0.0,0.0,1.0,1.0,0.3014711083,0.3032203972,0.4622951236,0.6195653954,0.5593219165,0.6089385005
3143,1.0,0.0,0.0,0.0,1.0,1.0,0.2900022982,0.2947505626,0.4672131074,0.6271185188,0.5694914879,0.6091949559
3144,1.0,0.0,0.0,0.0,1.0,1.0,0.2944343919,0.2981388122,0.4664484171,0.633332977,0.5694912246,0.6250001518
3145,1.0,0.0,0.0,0.0,1.0,1.0,0.2911629442,0.2940532429,0.4713583843,0.6292127152,0.5714286242,0.6127159936
3146,1.0,0.0,0.0,0.0,1.0,1.0,0.2923203111,0.2981386355,0.4640523295,0.6256988079,0.5627117541,0.6193176602
3147,1.0,0.0,0.0,0.0,1.0,1.0,0.2900018725,0.2947507549,0.4590162791,0.632768795,0.5593222752,0.6264362975
3148,1.0,0.0,0.0,0.0,1.0,1.0,0.2946238703,0.2988197972,0.4576546732,0.6243095839,0.5608110108,0.6101688698
3149,1.0,0.0,0.0,0.0,1.0,1.0,0.2927988417,0.2981385725,0.4648116669,0.6256981209,0.5627119142,0.6079551898
3150,1.0,0.0,0.0,0.0,1.0,1.0,0.2932787276,0.2981386048,0.4622950299,0.6312848355,0.5627119411,0.6136369202
3151,1.0,0.0,0.0,0.0,1.0,1.0,0.2900021842,0.2957528409,0.4704917711,0.6327688365,0.571428412,0.6149427383
3152,1.0,0.0,0.0,0.0,1.0,1.0,0.2972195313,0.3032205363,0.4624182525,0.6263740319,0.5661015257,0.608938277
3153,1.0,0.0,0.0,0.0,1.0,1.0,0.2822725644,0.2872546475,0.4663382317,0.6337207632,0.5680272891,0.6153847132
3154,1.0,0.0,0.0,0.0,1.0,1.0,0.2789901986,0.2840881506,0.466338245,0.6294125088,0.5684933926,0.6265062763
3155,1.0,0.0,0.0,0.0,1.0,1.0,0.2745177449,0.2797072926,0.4687499419,0.6287423914,0.5665529487,0.6341466298
3156,1.0,0.0,0.0,0.0,1.0,1.0,0.264411736,0.2627399683,0.4692179692,0.6477982457,0.5635738653,0.6405220161
3157,1.0,0.0,0.0,0.0,1.0,1.0,0.2697170222,0.2721084109,0.4652317873,0.6441717791,0.5650683855,0.641509434
3158,1.0,0.0,0.0,0.0,1.0,1.0,0.2618769634,0.2619228984,0.4676616413,0.6455689698,0.562068949,0.6381569515
3159,1.0,0.0,0.0,0.0,1.0,1.0,0.2607237016,0.2541833711,0.4665551533,0.6474362925,0.5605534453,0.6394563756
3160,1.0,0.0,0.0,0.0,1.0,1.0,0.261160785,0.2602711978,0.4673366589,0.6282044366,0.5624999532,0.63333271
3161,1.0,0.0,0.0,0.0,1.0,1.0,0.2523675285,0.2420793592,0.4581940502,0.6423835215,0.5536331138,0.6500003838
3162,1.0,0.0,0.0,0.0,1.0,1.0,0.2303797806,0.2093899964,0.4694914361,0.6249994091,0.5598591908,0.6554617763
3163,1.0,0.0,0.0,0.0,1.0,1.0,0.2281518868,0.2076303868,0.4616694592,0.6194023546,0.5492958382,0.6525432934
3164,1.0,0.0,0.0,0.0,1.0,1.0,0.2238068211,0.2002429609,0.4632478651,0.618319824,0.5460995251,0.6548665014
3165,1.0,0.0,0.0,0.0,1.0,1.0,0.2180911467,0.1920636087,0.4484536092,0.637795783,0.5302488952,0.6574076952
3166,1.0,0.0,0.0,0.0,1.0,1.0,0.2080748521,0.1825220572,0.4300342283,0.6147552764,0.5177304857,0.6504845299
3167,1.0,0.0,0.0,0.0,1.0,1.0,0.1892231309,0.1606244518,0.4371772746,0.6090898875,0.5142857252,0.6555550556
3168,1.0,0.0,0.0,0.0,1.0,1.0,0.188898208,0.1533442007,0.4278350252,0.6090907507,0.4981947531,0.6705874986
3169,1.0,0.0,0.0,0.0,1.0,1.0,0.1845657848,0.156952302,0.4390243703,0.603773771,0.5090253865,0.6436770833
3170,1.0,0.0,0.0,0.0,1.0,1.0,0.1738922318,0.1422563087,0.4604568657,0.585858759,0.5182480594,0.6410275233
3171,1.0,0.0,0.0,0.0,1.0,1.0,0.1654008309,0.1336249035,0.4542252562,0.5638290166,0.5091576247,0.6164381965
3172,1.0,0.0,0.0,0.0,1.0,1.0,0.1639294221,0.1322790318,0.4585536829,0.5698924,0.5073528586,0.6111104605
3173,1.0,0.0,0.0,0.0,1.0,1.0,0.1501845058,0.1170347572,0.4686940328,0.547620043,0.5130110254,0.5873009627
3174,1.0,0.0,0.0,0.0,1.0,1.0,0.1476652888,0.1160400704,0.4792793076,0.5365871554,0.5168537014,0.5806435422
3175,1.0,0.0,0.0,0.0,1.0,1.0,0.1404621741,0.1145975353,0.475675584,0.5384621546,0.5075189632,0.5409846139
3176,1.0,0.0,0.0,0.0,1.0,1.0,0.1373552639,0.1183551875,0.4792042773,0.5,0.5187970774,0.4920636488
3177,1.0,0.0,0.0,0.0,1.0,1.0,0.1391628512,0.1179115738,0.482820949,0.4805182189,0.5168541773,0.444444078
3178,1.0,0.0,0.0,0.0,1.0,1.0,0.1344704639,0.1164763548,0.4854545004,0.5135130605,0.5187971443,0.467741344
3179,1.0,0.0,0.0,0.0,1.0,1.0,0.137355348,0.1253982885,0.47197114,0.5263153511,0.5056179021,0.4626872723
3180,1.0,0.0,0.0,0.0,1.0,1.0,0.1422632031,0.124458584,0.4630630452,0.4430375413,0.5056601508,0.4090893329
3181,1.0,0.0,0.0,0.0,1.0,1.0,0.1399580483,0.1230653001,0.4739675532,0.499998648,0.5074627159,0.5000015979
3182,1.0,0.0,0.0,0.0,1.0,1.0,0.1404620746,0.1216549331,0.4702703081,0.4743589398,0.5093632944,0.4615372172
3183,1.0,0.0,0.0,0.0,1.0,1.0,0.1358810355,0.1226079134,0.4669050881,0.552630706,0.5055763155,0.5000015915
3184,1.0,0.0,0.0,0.0,1.0,1.0,0.1374232209,0.1263233507,0.4678570425,0.5194815816,0.5092936774,0.470589688
3185,1.0,0.0,0.0,0.0,1.0,1.0,0.1363689079,0.1216546962,0.461400351,0.5394733588,0.4981274272,0.4923069509
3186,1.0,0.0,0.0,0.0,1.0,1.0,0.138411745,0.117911474,0.4640287665,0.5194803779,0.501872515,0.4920646556
3187,1.0,0.0,0.0,0.0,1.0,1.0,0.1409928704,0.1230654017,0.4660714502,0.4936703812,0.4962688701,0.5
3188,1.0,0.0,0.0,0.0,1.0,1.0,0.1435462552,0.1193361218,0.4775584011,0.4374996746,0.5149254137,0.4062484745
3189,1.0,0.0,0.0,0.0,1.0,1.0,0.1409928273,0.1221540118,0.4767856643,0.4683543968,0.5074073931,0.4242438655
3190,1.0,0.0,0.0,0.0,1.0,1.0,0.1445623589,0.1226080652,0.4803571801,0.456790284,0.5130111001,0.409090619
3191,1.0,0.0,0.0,0.0,1.0,1.0,0.1460859965,0.1295570802,0.4759358129,0.4512208253,0.5074075472,0.4142848991
3192,1.0,0.0,0.0,0.0,1.0,1.0,0.1437917049,0.1249300562,0.4706927003,0.506173321,0.5037313154,0.4626852067
3193,1.0,0.0,0.0,0.0,1.0,1.0,0.1448205437,0.1267949866,0.4758497509,0.4444450142,0.5111939778,0.4117632686
3194,1.0,0.0,0.0,0.0,1.0,1.0,0.1391628478,0.1239908406,0.4755877072,0.4285710426,0.5112782366,0.3787879743
3195,1.0,0.0,0.0,0.0,1.0,1.0,0.139116633,0.1230373354,0.4853479522,0.4605255541,0.5075758507,0.3846153846
3196,1.0,0.0,0.0,0.0,1.0,1.0,0.1399218065,0.1230374909,0.4836363685,0.4805209902,0.5037880967,0.3999993595
3197,1.0,0.0,0.0,0.0,1.0,1.0,0.1508248865,0.1301161386,0.4818182342,0.3734959093,0.5056605506,0.3478255624
3198,1.0,0.0,0.0,0.0,1.0,1.0,0.1479975701,0.1263660065,0.4753199289,0.382715421,0.4942530051,0.3484846592
3199,1.0,0.0,0.0,0.0,1.0,1.0,0.1503749426,0.1268230645,0.4917432365,0.3658543308,0.5075757811,0.3432825294
3200,1.0,0.0,0.0,0.0,1.0,1.0,0.1443636408,0.1258839808,0.4888889234,0.346154156,0.4961831848,0.2727269842
3201,1.0,0.0,0.0,0.0,1.0,1.0,0.1448731929,0.1206223084,0.4788990418,0.3544313498,0.4904213671,0.3174582662
3202,1.0,0.0,0.0,0.0,1.0,1.0,0.1398852433,0.1197051612,0.4880294906,0.3552643446,0.5019012502,0.3492067679
3203,1.0,0.0,0.0,0.0,1.0,1.0,0.1417258951,0.1239764908,0.4825045935,0.35064984,0.5038169508,0.3230755497
3204,1.0,0.0,0.0,0.0,1.0,1.0,0.1422562838,0.1263445701,0.4817518234,0.3589761334,0.5018869786,0.3283601051
3205,1.0,0.0,0.0,0.0,1.0,1.0,0.145903826,0.1287161702,0.4854015339,0.3250011199,0.5075758936,0.279413953
3206,1.0,0.0,0.0,0.0,1.0,1.0,0.1438047679,0.129141192,0.4874100849,0.362501534,0.5093632388,0.3333323243
3207,1.0,0.0,0.0,0.0,1.0,1.0,0.148467771,0.1320015831,0.4873188726,0.3536577291,0.5056604962,0.2857151381
3208,1.0,0.0,0.0,0.0,1.0,1.0,0.146923244,0.1320015307,0.4845735551,0.3580226804,0.5018867686,0.3142842611
3209,1.0,0.0,0.0,0.0,1.0,1.0,0.1427776414,0.1301953286,0.4798535982,0.320512786,0.490421402,0.2647072453
3210,1.0,0.0,0.0,0.0,1.0,1.0,0.1454064902,0.1301954803,0.4806630388,0.303796092,0.4942529612,0.2352935739
3211,1.0,0.0,0.0,0.0,1.0,1.0,0.1475189385,0.1345401361,0.4797047974,0.3250005292,0.4923080053,0.2571416476
3212,1.0,0.0,0.0,0.0,1.0,1.0,0.1485412003,0.1326180664,0.4788990005,0.3086423567,0.49230768,0.2608694338
3213,1.0,0.0,0.0,0.0,1.0,1.0,0.1459038874,0.1326183427,0.4653285047,0.3124978257,0.4769231402,0.2898540832
3214,1.0,0.0,0.0,0.0,1.0,1.0,0.1348167142,0.1518384941,0.4424460459,0.4533323077,0.4615385247,0.3924062273
3215,1.0,0.0,0.0,0.0,1.0,1.0,0.2076544853,0.1988138554,0.5152027717,0.5772362325,0.5842293977,0.6396384036
3216,1.0,0.0,0.0,0.0,1.0,1.0,0.2748057176,0.3034017752,0.5106383772,0.583333223,0.5785716298,0.5999997384
3217,1.0,0.0,0.0,0.0,1.0,1.0,0.3138873907,0.3619883156,0.4906249629,0.5671638473,0.5618372314,0.5853664384
3218,1.0,0.0,0.0,0.0,1.0,1.0,0.313887157,0.3627868514,0.4890625553,0.5522389726,0.5622776738,0.5882352294
3219,1.0,0.0,0.0,0.0,1.0,1.0,0.248269156,0.3016834537,0.490445912,0.5641029598,0.5518515398,0.6134969819
3220,1.0,0.0,0.0,0.0,1.0,1.0,0.08357086077,0.2107255435,0.4999999535,0.4693894804,0.5020079601,0.3714277409
3221,1.0,0.0,0.0,0.0,1.0,1.0,0.09677414648,0.2298715407,0.5058430864,0.5689650623,0.5319998846,0.4695652505
3222,1.0,0.0,0.0,0.0,1.0,1.0,0.1703967785,0.2402507962,0.5475410389,0.5769231588,0.5961538052,0.6159998725
3223,1.0,0.0,0.0,0.0,1.0,1.0,0.2478869698,0.3031396655,0.5671405629,0.5732478604,0.6286765632,0.6242419927
3224,1.0,0.0,0.0,0.0,1.0,1.0,0.2965377146,0.3441301767,0.5557300803,0.5714284071,0.6336997955,0.6276594883
3225,1.0,0.0,0.0,0.0,1.0,1.0,0.328969715,0.3734179176,0.5532916333,0.5619051851,0.6263735216,0.6029413173
3226,1.0,0.0,0.0,0.0,1.0,1.0,0.327965988,0.3775263607,0.5381027522,0.5639811312,0.6094887421,0.6038646679
3227,1.0,0.0,0.0,0.0,1.0,1.0,0.318640048,0.3707019407,0.5225506382,0.5658534754,0.5999998401,0.6078431795
3228,1.0,0.0,0.0,0.0,1.0,1.0,0.3165934695,0.3662214755,0.5263974688,0.5588232451,0.6101082176,0.6108378319
3229,1.0,0.0,0.0,0.0,1.0,1.0,0.2270730745,0.2901003989,0.528000104,0.5633803462,0.591760403,0.6064519378
3230,1.0,0.0,0.0,0.0,1.0,1.0,0.07755826739,0.218886106,0.4991182085,0.3863633035,0.4958677466,0.3773582994
3231,1.0,0.0,0.0,0.0,1.0,1.0,0.09633173688,0.2067115561,0.5094663978,0.5892876589,0.530120266,0.4660199102
3232,1.0,0.0,0.0,0.0,1.0,1.0,0.1871917074,0.2470103242,0.5016286459,0.5913047882,0.5551331188,0.6153844877
3233,1.0,0.0,0.0,0.0,1.0,1.0,0.2593488183,0.3114206266,0.4968354205,0.5792686773,0.5652172873,0.6162788615
3234,1.0,0.0,0.0,0.0,1.0,1.0,0.2978058136,0.3420079017,0.4945398087,0.5811516126,0.5709219802,0.6165805023
3235,1.0,0.0,0.0,0.0,1.0,1.0,0.3136707558,0.3643798599,0.4938461793,0.5784314911,0.5763887565,0.6047623013
3236,1.0,0.0,0.0,0.0,1.0,1.0,0.3075204891,0.3539691581,0.4861538375,0.5849998055,0.5625000241,0.6225484909
3237,1.0,0.0,0.0,0.0,1.0,1.0,0.309904572,0.3529495852,0.4821705744,0.5850000882,0.5594407804,0.6188122325
3238,1.0,0.0,0.0,0.0,1.0,1.0,0.305730175,0.3499787421,0.4782607878,0.5786800668,0.5609757782,0.606965005
3239,1.0,0.0,0.0,0.0,1.0,1.0,0.3126143316,0.3532513401,0.4791987243,0.5812808148,0.5620689042,0.609756176
3240,1.0,0.0,0.0,0.0,1.0,1.0,0.3091689067,0.3520370024,0.4808576178,0.584158722,0.5670103436,0.6097561488
3241,1.0,0.0,0.0,0.0,1.0,1.0,0.3068052243,0.3470286336,0.4899225309,0.5858580799,0.5694446941,0.6099993058
3242,1.0,0.0,0.0,0.0,1.0,1.0,0.309424834,0.3470282189,0.50309595,0.5900001972,0.5902776273,0.6149998302
3243,1.0,0.0,0.0,0.0,1.0,1.0,0.3009239886,0.338911042,0.519500824,0.5958545048,0.6020762727,0.6173467278
3244,1.0,0.0,0.0,0.0,1.0,1.0,0.2673666099,0.3054832961,0.51433124,0.619047557,0.5936393889,0.6358374264
3245,1.0,0.0,0.0,0.0,1.0,1.0,0.1200018352,0.1544939215,0.4922812774,0.5714290155,0.511450765,0.5679018978
3246,1.0,0.0,0.0,0.0,1.0,1.0,0.103860374,0.1697166702,0.4770018103,0.524591266,0.5056605325,0.4000014388
3247,1.0,0.0,0.0,0.0,1.0,1.0,0.1732366179,0.1998886353,0.4333333126,0.6153850892,0.4962962729,0.5925923729
3248,1.0,0.0,0.0,0.0,1.0,1.0,0.2253643459,0.2462910222,0.4297385497,0.6159421077,0.5035714668,0.6304338049
3249,1.0,0.0,0.0,0.0,1.0,1.0,0.2769154404,0.294974106,0.4331211085,0.6034484053,0.5277779771,0.6294106501
3250,1.0,0.0,0.0,0.0,1.0,1.0,0.2891076731,0.3066083134,0.4307931838,0.6021503728,0.528813655,0.6187845505
3251,1.0,0.0,0.0,0.0,1.0,1.0,0.29952229,0.3207666292,0.425465888,0.6010355927,0.5202705008,0.6157894737
3252,1.0,0.0,0.0,0.0,1.0,1.0,0.2975082769,0.31968649,0.4310077532,0.5885425236,0.5252523846,0.6105259537
3253,1.0,0.0,0.0,0.0,1.0,1.0,0.2944091037,0.3125343862,0.4325581293,0.6,0.5284280949,0.6096256873
3254,1.0,0.0,0.0,0.0,1.0,1.0,0.2900093419,0.3072606483,0.4383775677,0.5967736564,0.530405601,0.626374361
3255,1.0,0.0,0.0,0.0,1.0,1.0,0.2895580748,0.3028613975,0.4283489515,0.5913974949,0.5218856547,0.6222224115
3256,1.0,0.0,0.0,0.0,1.0,1.0,0.2900098023,0.307260797,0.4399374962,0.5913982698,0.5337839447,0.620878449
3257,1.0,0.0,0.0,0.0,1.0,1.0,0.2842161293,0.3055727617,0.4484374493,0.6043952327,0.5472971243,0.6353587604
3258,1.0,0.0,0.0,0.0,1.0,1.0,0.28577809,0.3028611501,0.4500000043,0.5956283171,0.5454544784,0.6277773853
3259,1.0,0.0,0.0,0.0,1.0,1.0,0.2889011118,0.3079091521,0.4468751156,0.6,0.542087432,0.6338792274
3260,1.0,0.0,0.0,0.0,1.0,1.0,0.2942282213,0.3112738908,0.4517133935,0.5925932797,0.5420872528,0.6216222299
3261,1.0,0.0,0.0,0.0,1.0,1.0,0.2984335741,0.3169367448,0.446345303,0.5989580669,0.5436241169,0.619048114
3262,1.0,0.0,0.0,0.0,1.0,1.0,0.3066820037,0.3292079059,0.4454828347,0.5939093068,0.5405404389,0.6205126565
3263,1.0,0.0,0.0,0.0,1.0,1.0,0.2988984854,0.3158772823,0.4517133845,0.5937507815,0.5484950626,0.624337769
3264,1.0,0.0,0.0,0.0,1.0,1.0,0.3040425084,0.3230517946,0.44773798,0.6000006781,0.5454545117,0.6145826638
3265,1.0,0.0,0.0,0.0,1.0,1.0,0.3004553572,0.3224551181,0.4517133136,0.5906738818,0.5472970743,0.6178006436
3266,1.0,0.0,0.0,0.0,1.0,1.0,0.3056017568,0.3253217406,0.4461778261,0.5816324465,0.546979872,0.6185569118
3267,1.0,0.0,0.0,0.0,1.0,1.0,0.303568545,0.3202907773,0.448598033,0.5948723356,0.5503353219,0.6230366852
3268,1.0,0.0,0.0,0.0,1.0,1.0,0.2979704655,0.3142057145,0.4503105488,0.5989585626,0.5484949578,0.6276592801
3269,1.0,0.0,0.0,0.0,1.0,1.0,0.3013941932,0.3213692861,0.4500000589,0.5906739452,0.5488218282,0.6230367732
3270,1.0,0.0,0.0,0.0,1.0,1.0,0.302955689,0.3202910171,0.456250046,0.5927833888,0.5536912074,0.6125655771
3271,1.0,0.0,0.0,0.0,1.0,1.0,0.2875751928,0.3066083592,0.4544025013,0.5956288716,0.5457627094,0.624309992
3272,1.0,0.0,0.0,0.0,1.0,1.0,0.2981067041,0.316321935,0.4536891749,0.6000004555,0.5555555556,0.617021497
3273,1.0,0.0,0.0,0.0,1.0,1.0,0.2949684317,0.3140139029,0.4599685639,0.601063947,0.5608105794,0.6182789835
3274,1.0,0.0,0.0,0.0,1.0,1.0,0.2884825951,0.3093508614,0.4542587602,0.6010928831,0.5578231974,0.6208796148
3275,1.0,0.0,0.0,0.0,1.0,1.0,0.2896022673,0.3066082715,0.4535433142,0.592392082,0.5491526198,0.6243095052
3276,1.0,0.0,0.0,0.0,1.0,1.0,0.2916352357,0.308949467,0.4558359756,0.5945938898,0.5574324937,0.6174859656
3277,1.0,0.0,0.0,0.0,1.0,1.0,0.286003797,0.3059514746,0.4544024047,0.598901664,0.5578232878,0.6222216848
3278,1.0,0.0,0.0,0.0,1.0,1.0,0.2909171941,0.3119066002,0.4632237716,0.5967747452,0.5604025821,0.6182792529
3279,1.0,0.0,0.0,0.0,1.0,1.0,0.2878139306,0.3066083986,0.4588607834,0.5934062753,0.5525421737,0.6243093588
3280,1.0,0.0,0.0,0.0,1.0,1.0,0.2891464868,0.3123257117,0.4528301552,0.6032608886,0.5540540786,0.627027617
3281,1.0,0.0,0.0,0.0,1.0,1.0,0.292939818,0.3157024095,0.4592476996,0.6042775163,0.5574325188,0.6149735193
3282,1.0,0.0,0.0,0.0,1.0,1.0,0.2926715073,0.3163217345,0.4579440031,0.6117026406,0.5555554739,0.6276594138
3283,1.0,0.0,0.0,0.0,1.0,1.0,0.2886930245,0.3106371321,0.4615384549,0.6032608437,0.5608106632,0.625000149
3284,1.0,0.0,0.0,0.0,1.0,1.0,0.2891463898,0.3106373146,0.4528302617,0.603261484,0.557432626,0.625
3285,1.0,0.0,0.0,0.0,1.0,1.0,0.2871235977,0.3072608726,0.4521192731,0.6010930144,0.547297345,0.6263733209
3286,1.0,0.0,0.0,0.0,1.0,1.0,0.2880012099,0.3129565242,0.4517134492,0.6,0.5521884443,0.6182802087
3287,1.0,0.0,0.0,0.0,1.0,1.0,0.2848803046,0.3076513624,0.4582675871,0.6077340179,0.5578230986,0.6298345238
3288,1.0,0.0,0.0,0.0,1.0,1.0,0.2902618438,0.3112740487,0.4568288481,0.599999525,0.5555556377,0.6162168837
3289,1.0,0.0,0.0,0.0,1.0,1.0,0.2837730327,0.3068755362,0.457098336,0.6043958308,0.5536914588,0.6284152149
3290,1.0,0.0,0.0,0.0,1.0,1.0,0.2833062681,0.3055723532,0.4645668886,0.6055551314,0.5608109352,0.6187848833
3291,1.0,0.0,0.0,0.0,1.0,1.0,0.282416761,0.302196094,0.4615384946,0.5999992692,0.5574324324,0.631284752
3292,1.0,0.0,0.0,0.0,1.0,1.0,0.2806547972,0.3021959679,0.4555381941,0.6055560203,0.5472972948,0.6201110684
3293,1.0,0.0,0.0,0.0,1.0,1.0,0.2909174314,0.3085523691,0.4569639447,0.6075268561,0.5469798583,0.6250007524
3294,1.0,0.0,0.0,0.0,1.0,1.0,0.292481511,0.3146387914,0.4553990085,0.6096263862,0.5589225365,0.6256687451
3295,1.0,0.0,0.0,0.0,1.0,1.0,0.2945061165,0.3135834368,0.4576802992,0.5957444824,0.5503355088,0.6256679665
3296,1.0,0.0,0.0,0.0,1.0,1.0,0.2940452618,0.3146392038,0.4538340862,0.6010636491,0.5555554732,0.6203209186
3297,1.0,0.0,0.0,0.0,1.0,1.0,0.2940455268,0.3196866233,0.456963994,0.601064686,0.5555555966,0.6157892672
3298,1.0,0.0,0.0,0.0,1.0,1.0,0.2942283307,0.3180043016,0.4548287479,0.608465689,0.5521884644,0.6190475075
3299,1.0,0.0,0.0,0.0,1.0,1.0,0.296246472,0.3186140648,0.4555381708,0.6052629429,0.5536910281,0.6105263526
3300,1.0,0.0,0.0,0.0,1.0,1.0,0.302483169,0.3225624017,0.4508580802,0.5979380506,0.5484949993,0.6165801451
3301,1.0,0.0,0.0,0.0,1.0,1.0,0.2968792917,0.3196865859,0.4556764949,0.6020937498,0.552188492,0.6105266466
3302,1.0,0.0,0.0,0.0,1.0,1.0,0.3066822696,0.3259050731,0.4517134565,0.5888319994,0.548495286,0.6153851365
3303,1.0,0.0,0.0,0.0,1.0,1.0,0.2993650531,0.3219681799,0.4555382689,0.5937504607,0.5503354014,0.6145837704
3304,1.0,0.0,0.0,0.0,1.0,1.0,0.303842757,0.3220793162,0.452160529,0.5939086912,0.5481727935,0.6185562956
3305,1.0,0.0,0.0,0.0,1.0,1.0,0.3046509359,0.3269986346,0.4556764585,0.5969379565,0.546979872,0.6153841784
3306,1.0,0.0,0.0,0.0,1.0,1.0,0.3030965304,0.3225624713,0.45878685,0.5948724202,0.5518394575,0.6113998031
3307,1.0,0.0,0.0,0.0,1.0,1.0,0.3068054674,0.3275763138,0.455813866,0.5959599753,0.5484949955,0.607143415
3308,1.0,0.0,0.0,0.0,1.0,1.0,0.3052562003,0.3264843909,0.4589147014,0.5888326285,0.5533331946,0.6071430968
3309,1.0,0.0,0.0,0.0,1.0,1.0,0.3056014823,0.3242336966,0.4555381676,0.5918376788,0.5484949672,0.608246694
3310,1.0,0.0,0.0,0.0,1.0,1.0,0.3046508776,0.3242335109,0.45567652,0.6020407936,0.5518393111,0.6134024739
3311,1.0,0.0,0.0,0.0,1.0,1.0,0.3150415997,0.3342617312,0.4518633712,0.5960590864,0.5484948224,0.6100001771
3312,1.0,0.0,0.0,0.0,1.0,1.0,0.3185719803,0.3392755001,0.457812449,0.588234842,0.5518395125,0.6009850749
3313,1.0,0.0,0.0,0.0,1.0,1.0,0.3206349315,0.3414763154,0.4569639664,0.5951221179,0.5499999635,0.6097555508
3314,1.0,0.0,0.0,0.0,1.0,1.0,0.3228488066,0.3436617135,0.4544049188,0.5933012977,0.5514953422,0.6086950908
3315,1.0,0.0,0.0,0.0,1.0,1.0,0.3165932516,0.338681526,0.4565218437,0.5980395669,0.5514949067,0.6176475697
3316,1.0,0.0,0.0,0.0,1.0,1.0,0.3118382558,0.3342614252,0.4586583248,0.6000002203,0.5518395067,0.6149997302
3317,1.0,0.0,0.0,0.0,1.0,1.0,0.3086052025,0.3320295687,0.4608150968,0.6091364663,0.553691231,0.6212125047
3318,1.0,0.0,0.0,0.0,1.0,1.0,0.3097956599,0.3348132096,0.4610590964,0.5979896774,0.5600000733,0.606965561
3319,1.0,0.0,0.0,0.0,1.0,1.0,0.3090895958,0.3297821128,0.4615384748,0.6040605343,0.5589227282,0.6122451039
3320,1.0,0.0,0.0,0.0,1.0,1.0,0.3148712159,0.3370601721,0.4623823677,0.6119401668,0.5604028866,0.6119401668
3321,1.0,0.0,0.0,0.0,1.0,1.0,0.3158615682,0.3387371082,0.4654088621,0.6019898101,0.563758367,0.6089109127
3322,1.0,0.0,0.0,0.0,1.0,1.0,0.318004355,0.3370601938,0.4639497292,0.5960585839,0.5604029092,0.6069654603
3323,1.0,0.0,0.0,0.0,1.0,1.0,0.3210805961,0.3415601477,0.4645669708,0.5931371143,0.5555557987,0.6059117246
3324,1.0,0.0,0.0,0.0,1.0,1.0,0.3185034787,0.3387370796,0.4631084056,0.5911331383,0.5604029061,0.5990106178
3325,1.0,0.0,0.0,0.0,1.0,1.0,0.3161985067,0.3342729501,0.457869546,0.6030155873,0.5540540038,0.6111106165
3326,1.0,0.0,0.0,0.0,1.0,1.0,0.3215318995,0.3415599399,0.4643422766,0.5911333881,0.5589227055,0.6059110746
3327,1.0,0.0,0.0,0.0,1.0,1.0,0.3172073966,0.3342845968,0.4609250983,0.5979897895,0.5563141282,0.6122443056
3328,1.0,0.0,0.0,0.0,1.0,1.0,0.3198213206,0.3376955777,0.46080005,0.5999993391,0.5563139073,0.6111109875
3329,1.0,0.0,0.0,0.0,1.0,1.0,0.3183640691,0.3376490486,0.4595879076,0.6019902009,0.5574325083,0.609999673
3330,1.0,0.0,0.0,0.0,1.0,1.0,0.3145207206,0.33314751,0.4568690402,0.6091368478,0.5544219466,0.6122453524
3331,1.0,0.0,0.0,0.0,1.0,1.0,0.3124251452,0.332578897,0.4561403056,0.6020409963,0.552900839,0.6153841892
3332,1.0,0.0,0.0,0.0,1.0,1.0,0.3108311993,0.3348470468,0.4577352808,0.6,0.5544215917,0.6091361488
3333,1.0,0.0,0.0,0.0,1.0,1.0,0.3156133259,0.3348473203,0.4593302076,0.6010102011,0.5510203477,0.6142128272
3334,1.0,0.0,0.0,0.0,1.0,1.0,0.3122250037,0.3348647892,0.4541062386,0.6030925769,0.5532645118,0.6051283017
3335,1.0,0.0,0.0,0.0,1.0,1.0,0.3080142928,0.3297129397,0.4590690007,0.6093751248,0.5567012714,0.6145836543
3336,1.0,0.0,0.0,0.0,1.0,1.0,0.305787158,0.3262780738,0.4573268412,0.6157895102,0.5567010387,0.6157895102
3337,1.0,0.0,0.0,0.0,1.0,1.0,0.3075203959,0.3240509268,0.4519230569,0.609374612,0.549487912,0.6157891255
3338,1.0,0.0,0.0,0.0,1.0,1.0,0.3041779735,0.3189348214,0.4589371575,0.6084660045,0.5563139146,0.6096253822
3339,1.0,0.0,0.0,0.0,1.0,1.0,0.3062804539,0.3251607962,0.4612903473,0.6052637632,0.5547944924,0.6105266063
3340,1.0,0.0,0.0,0.0,1.0,1.0,0.3041780268,0.3211265715,0.4605474524,0.5978842629,0.5532647068,0.6042776549
3341,1.0,0.0,0.0,0.0,1.0,1.0,0.3012903861,0.3194092081,0.4635332298,0.6021505753,0.5532647241,0.612903452
3342,1.0,0.0,0.0,0.0,1.0,1.0,0.3004753642,0.3211262481,0.4533761616,0.6149725991,0.5498281838,0.6310164765
3343,1.0,0.0,0.0,0.0,1.0,1.0,0.3017482248,0.3206398498,0.4632587535,0.6084659463,0.5563140082,0.6063832348
3344,1.0,0.0,0.0,0.0,1.0,1.0,0.2980790567,0.3189348294,0.4593301175,0.6096263756,0.5563140639,0.6203208556
3345,1.0,0.0,0.0,0.0,1.0,1.0,0.3023789413,0.3201604918,0.4585987128,0.6105257472,0.562711744,0.6031749149
3346,1.0,0.0,0.0,0.0,1.0,1.0,0.3018981963,0.3218542098,0.4626391877,0.6105257154,0.5593220837,0.6157902842
3347,1.0,0.0,0.0,0.0,1.0,1.0,0.297433668,0.3161501857,0.4544000555,0.612902696,0.5578231293,0.6182792672
3348,1.0,0.0,0.0,0.0,1.0,1.0,0.3038301495,0.324050967,0.462399909,0.6157896696,0.559727056,0.6210531184
3349,1.0,0.0,0.0,0.0,1.0,1.0,0.2951803795,0.3131812483,0.4526484746,0.6141305056,0.55479438,0.6229504877
3350,1.0,0.0,0.0,0.0,1.0,1.0,0.2894382084,0.3104069231,0.4544000337,0.6243096191,0.5563141904,0.6208801766
3351,1.0,0.0,0.0,0.0,1.0,1.0,0.2937654333,0.3133843907,0.4584665269,0.614130808,0.5593220339,0.616215847
3352,1.0,0.0,0.0,0.0,1.0,1.0,0.2947072979,0.3104069021,0.4551282568,0.6141312814,0.5529010061,0.626374102
3353,1.0,0.0,0.0,0.0,1.0,1.0,0.2953620241,0.3110508592,0.4568690699,0.6216214937,0.5544216978,0.6284146797
3354,1.0,0.0,0.0,0.0,1.0,1.0,0.2921692267,0.3110509542,0.4552716629,0.6174862801,0.5612245504,0.62295037
3355,1.0,0.0,0.0,0.0,1.0,1.0,0.2899022555,0.3042518142,0.4535256587,0.6187843513,0.5544215891,0.6312850993
3356,1.0,0.0,0.0,0.0,1.0,1.0,0.2903675346,0.305951645,0.4590690997,0.6243098305,0.5578233431,0.6222226251
3357,1.0,0.0,0.0,0.0,1.0,1.0,0.2931055707,0.311050905,0.4551280722,0.6174864294,0.5578231242,0.6174864294
3358,1.0,0.0,0.0,0.0,1.0,1.0,0.293105629,0.3093510825,0.4567307872,0.6284160471,0.5612245765,0.6208798625
3359,1.0,0.0,0.0,0.0,1.0,1.0,0.2996731766,0.3167720998,0.4513556885,0.6117018868,0.5525423227,0.6149734743
3360,1.0,0.0,0.0,0.0,1.0,1.0,0.3102268223,0.3246485569,0.4559999777,0.6082466474,0.5510203628,0.6125655226
3361,1.0,0.0,0.0,0.0,1.0,1.0,0.3064097535,0.3234496413,0.4574639982,0.6073302043,0.5582190122,0.6137561963
3362,1.0,0.0,0.0,0.0,1.0,1.0,0.3065379019,0.3240513761,0.4568690311,0.6093753876,0.5494879563,0.6157891199
3363,1.0,0.0,0.0,0.0,1.0,1.0,0.306538149,0.3251606834,0.453674188,0.6093741637,0.5547943847,0.6157891527
3364,1.0,0.0,0.0,0.0,1.0,1.0,0.3076431914,0.323548066,0.4497606872,0.6062181969,0.552542363,0.6178007508
3365,1.0,0.0,0.0,0.0,1.0,1.0,0.3076430335,0.3263481054,0.4497608339,0.6062177281,0.5510201351,0.6145839027
3366,1.0,0.0,0.0,0.0,1.0,1.0,0.3038301509,0.3195494936,0.4543999955,0.6157890519,0.554421775,0.6170213505
3367,1.0,0.0,0.0,0.0,1.0,1.0,0.3044555044,0.3190784657,0.4513556145,0.6178014335,0.5540540541,0.6190481654
3368,1.0,0.0,0.0,0.0,1.0,1.0,0.3007874167,0.3167723132,0.4474522774,0.6137567889,0.5491526043,0.6149733731
3369,1.0,0.0,0.0,0.0,1.0,1.0,0.2958346176,0.3144504604,0.4512000201,0.6216208563,0.55102034,0.6216213027
3370,1.0,0.0,0.0,0.0,1.0,1.0,0.2960131721,0.3161500496,0.4538217609,0.6236560901,0.5578232526,0.6182786953
3371,1.0,0.0,0.0,0.0,1.0,1.0,0.293953668,0.3116907189,0.4546900486,0.62162159,0.5559322493,0.6195653451
3372,1.0,0.0,0.0,0.0,1.0,1.0,0.2964851838,0.3167724479,0.4577353426,0.6182793428,0.55932199,0.6149727815
3373,1.0,0.0,0.0,0.0,1.0,1.0,0.3004650145,0.3190788437,0.4525317382,0.6157898226,0.5540539252,0.6084653106
3374,1.0,0.0,0.0,0.0,1.0,1.0,0.2903138847,0.3055726691,0.4523809872,0.6229502557,0.5574325649,0.6243099025
3375,1.0,0.0,0.0,0.0,1.0,1.0,0.2793966597,0.297452934,0.4552715676,0.6285720332,0.5544219299,0.6285720332
3376,1.0,0.0,0.0,0.0,1.0,1.0,0.2706819548,0.2857992771,0.4615385015,0.6331354429,0.5582190779,0.6347304458
3377,1.0,0.0,0.0,0.0,1.0,1.0,0.2630953114,0.2755313537,0.4606741241,0.646341995,0.5547946856,0.6335407571
3378,1.0,0.0,0.0,0.0,1.0,1.0,0.2642755494,0.2806654474,0.4647436502,0.6363636364,0.5582190369,0.6341466319
3379,1.0,0.0,0.0,0.0,1.0,1.0,0.2677930344,0.2831184911,0.4609249899,0.6309517964,0.5529010176,0.6325307665
3380,1.0,0.0,0.0,0.0,1.0,1.0,0.2658771015,0.28215536,0.4599358229,0.6445781478,0.5578231217,0.6325304592
3381,1.0,0.0,0.0,0.0,1.0,1.0,0.2778003572,0.2916461187,0.4552715636,0.632184335,0.5494878502,0.6198836009
3382,1.0,0.0,0.0,0.0,1.0,1.0,0.2715528566,0.2875108434,0.454983983,0.6390534517,0.5479454239,0.6249998388
3383,1.0,0.0,0.0,0.0,1.0,1.0,0.2825896878,0.2964447293,0.4600639447,0.6271177884,0.555932306,0.622857698
3384,1.0,0.0,0.0,0.0,1.0,1.0,0.2866987931,0.3035847441,0.463141062,0.620111988,0.5597269461,0.6123604573
3385,1.0,0.0,0.0,0.0,1.0,1.0,0.2862403853,0.299152965,0.4608001003,0.6201119886,0.5544216773,0.619318042
3386,1.0,0.0,0.0,0.0,1.0,1.0,0.2821002836,0.2957532053,0.458064524,0.6342856859,0.5578231644,0.6206886645
3387,1.0,0.0,0.0,0.0,1.0,1.0,0.2883005481,0.3025520818,0.4567308596,0.6277770499,0.5544214522,0.6292127593
3388,1.0,0.0,0.0,0.0,1.0,1.0,0.2860140951,0.302236772,0.4598071424,0.6235951184,0.5532644561,0.6193175453
3389,1.0,0.0,0.0,0.0,1.0,1.0,0.2871590902,0.3063358492,0.45906899,0.6145243414,0.5547946128,0.6201118478
3390,1.0,0.0,0.0,0.0,1.0,1.0,0.2883005857,0.3042516065,0.4583333659,0.6222221419,0.5578231167,0.6145252073
3391,1.0,0.0,0.0,0.0,1.0,1.0,0.2862399392,0.3052900727,0.459199936,0.6201115818,0.5563139181,0.614525167
3392,1.0,0.0,0.0,0.0,1.0,1.0,0.2903675571,0.3087013226,0.4606742045,0.6187849703,0.5563139576,0.6132596952
3393,1.0,0.0,0.0,0.0,1.0,1.0,0.2887631133,0.304251699,0.4574638616,0.6222220112,0.55102046,0.6145251663
3394,1.0,0.0,0.0,0.0,1.0,1.0,0.2811935351,0.2994903855,0.4469453359,0.6342853677,0.547945175,0.6171430552
3395,1.0,0.0,0.0,0.0,1.0,1.0,0.2974340835,0.3076510763,0.4496000558,0.6129027361,0.5476189158,0.6132601392
3396,1.0,0.0,0.0,0.0,1.0,1.0,0.2892273451,0.3018791615,0.4517684819,0.6277775965,0.5426619198,0.6214690446
3397,1.0,0.0,0.0,0.0,1.0,1.0,0.28762083,0.3001738272,0.4517686145,0.6201118187,0.5460751551,0.6079551331
3398,1.0,0.0,0.0,0.0,1.0,1.0,0.2913027885,0.3069961757,0.4541062155,0.6243090294,0.5494879238,0.6166660463
3399,1.0,0.0,0.0,0.0,1.0,1.0,0.2910372964,0.309758562,0.454399976,0.6208795442,0.5513696645,0.6187840563
3400,1.0,0.0,0.0,0.0,1.0,1.0,0.2958347687,0.3089491358,0.4480000014,0.6216212364,0.5439188926,0.6229510362
3401,1.0,0.0,0.0,0.0,1.0,1.0,0.2905726464,0.3093511372,0.455271605,0.6208790222,0.5510204006,0.6153849839
3402,1.0,0.0,0.0,0.0,1.0,1.0,0.2942357095,0.3110508526,0.4512000247,0.6250002931,0.5510203633,0.6229511288
3403,1.0,0.0,0.0,0.0,1.0,1.0,0.2991960682,0.3133843831,0.4506370295,0.622340444,0.5491525687,0.6162161653
3404,1.0,0.0,0.0,0.0,1.0,1.0,0.2932970043,0.312325548,0.4561403234,0.6141309775,0.5540542287,0.6054059039
3405,1.0,0.0,0.0,0.0,1.0,1.0,0.2948912153,0.3116902994,0.457735303,0.6216211387,0.5559320553,0.6086956522
3406,1.0,0.0,0.0,0.0,1.0,1.0,0.3030053559,0.3201604108,0.4507936331,0.612565842,0.5525423905,0.6137557599
3407,1.0,0.0,0.0,0.0,1.0,1.0,0.2941394196,0.3142057707,0.4525316303,0.6129032636,0.5518393149,0.6117027201
3408,1.0,0.0,0.0,0.0,1.0,1.0,0.2932970661,0.313384283,0.4561403432,0.619566019,0.5525422749,0.616215775
3409,1.0,0.0,0.0,0.0,1.0,1.0,0.2934867012,0.3140137111,0.4603174023,0.6162160368,0.5574322135,0.6075266725
3410,1.0,0.0,0.0,0.0,1.0,1.0,0.2953623028,0.3133841325,0.460063886,0.6216219095,0.5559323404,0.6108113225
3411,1.0,0.0,0.0,0.0,1.0,1.0,0.2964850181,0.315078157,0.4545454859,0.61290285,0.5525425122,0.6075266625
3412,1.0,0.0,0.0,0.0,1.0,1.0,0.293674995,0.3135835592,0.4533965917,0.6129024565,0.5570468725,0.6096260426
3413,1.0,0.0,0.0,0.0,1.0,1.0,0.2953622958,0.3133844732,0.4536740891,0.6162167263,0.5559319778,0.6216207289
3414,1.0,0.0,0.0,0.0,1.0,1.0,0.289646991,0.3049141404,0.4570063341,0.6208792519,0.5559322532,0.6166666265
3415,1.0,0.0,0.0,0.0,1.0,1.0,0.2875977198,0.3032205326,0.4546899686,0.624309005,0.5525423239,0.6201112812
3416,1.0,0.0,0.0,0.0,1.0,1.0,0.2839686526,0.3032203762,0.4571428397,0.6201118692,0.5559322906,0.6201114022
3417,1.0,0.0,0.0,0.0,1.0,1.0,0.2832812339,0.301879119,0.4570063231,0.6292135798,0.5494879184,0.6158194884
3418,1.0,0.0,0.0,0.0,1.0,1.0,0.2787666068,0.2954431946,0.4595878774,0.625,0.5540541801,0.6228572511
3419,1.0,0.0,0.0,0.0,1.0,1.0,0.2703803336,0.2884985979,0.4669886569,0.6190473741,0.5601375603,0.6250004823
3420,1.0,0.0,0.0,0.0,1.0,1.0,0.2746068781,0.2906542704,0.4616613898,0.6220932739,0.554421717,0.6198824518
3421,1.0,0.0,0.0,0.0,1.0,1.0,0.2732972014,0.2906538869,0.4594594878,0.6395353591,0.551020271,0.6315784063
3422,1.0,0.0,0.0,0.0,1.0,1.0,0.2731593016,0.2872544798,0.4678455737,0.6235295458,0.564626139,0.6272191309
3423,1.0,0.0,0.0,0.0,1.0,1.0,0.2777999629,0.2967628016,0.4600639212,0.6321842698,0.5631397698,0.6206899156
3424,1.0,0.0,0.0,0.0,1.0,1.0,0.272141296,0.2906539379,0.4601911921,0.6315786786,0.5612242475,0.6315782082
3425,1.0,0.0,0.0,0.0,1.0,1.0,0.2734473792,0.2899405096,0.4591999803,0.637426501,0.5529009181,0.6294109037
3426,1.0,0.0,0.0,0.0,1.0,1.0,0.2754871445,0.2933515358,0.4567308279,0.6220933199,0.556314241,0.6279066801
3427,1.0,0.0,0.0,0.0,1.0,1.0,0.2782446817,0.2974528312,0.4671999628,0.6264369244,0.5612243398,0.6228577004
3428,1.0,0.0,0.0,0.0,1.0,1.0,0.2782448781,0.2950572327,0.4591999792,0.6379304235,0.5529010752,0.6242774199
3429,1.0,0.0,0.0,0.0,1.0,1.0,0.2727208217,0.2875107397,0.4606741396,0.6352938311,0.5547946176,0.6369043759
3430,1.0,0.0,0.0,0.0,1.0,1.0,0.278951355,0.2957533234,0.4577352648,0.6171431086,0.5578231038,0.6091962161
3431,1.0,0.0,0.0,0.0,1.0,1.0,0.2768181511,0.2953678563,0.4605475409,0.6279059514,0.5601374212,0.6279072111
3432,1.0,0.0,0.0,0.0,1.0,1.0,0.2763731275,0.2926445299,0.4598069982,0.6279065328,0.5616438818,0.6257313236
3433,1.0,0.0,0.0,0.0,1.0,1.0,0.2795864775,0.2933513464,0.4581992902,0.626436326,0.5563139417,0.6279071516
3434,1.0,0.0,0.0,0.0,1.0,1.0,0.2860137977,0.3022368091,0.4598070656,0.6123596657,0.5567008447,0.6193178146
3435,1.0,0.0,0.0,0.0,1.0,1.0,0.2793268796,0.2953678652,0.463651104,0.624278231,0.5498284215,0.627907006
3436,1.0,0.0,0.0,0.0,1.0,1.0,0.2703803073,0.2806652558,0.4557165898,0.6369046304,0.5547945078,0.6402436833
3437,1.0,0.0,0.0,0.0,1.0,1.0,0.2623336197,0.2738197534,0.4541063091,0.6380370235,0.5479452464,0.6375001877
3438,1.0,0.0,0.0,0.0,1.0,1.0,0.2607241324,0.2686855925,0.4557164965,0.6419745506,0.5513699986,0.643312444
3439,1.0,0.0,0.0,0.0,1.0,1.0,0.2692044269,0.2867812663,0.4661290889,0.6287419502,0.5635739086,0.6227543131
3440,1.0,0.0,0.0,0.0,1.0,1.0,0.2623334419,0.2764780728,0.4589372107,0.6441707846,0.5532644744,0.6397507005
3441,1.0,0.0,0.0,0.0,1.0,1.0,0.2603049754,0.2703970808,0.4598070969,0.63580237,0.5547944392,0.632910906
3442,1.0,0.0,0.0,0.0,1.0,1.0,0.2679082094,0.2789536435,0.4590690029,0.628742735,0.5616438459,0.6319014776
3443,1.0,0.0,0.0,0.0,1.0,1.0,0.2643686179,0.2764777359,0.462903249,0.628048635,0.56357405,0.6397521316
3444,1.0,0.0,0.0,0.0,1.0,1.0,0.2615663092,0.2764780826,0.4652664806,0.6296293791,0.5601374532,0.6335396201
3445,1.0,0.0,0.0,0.0,1.0,1.0,0.2664098765,0.2799123622,0.4636510781,0.6242430629,0.5601375032,0.6380369734
3446,1.0,0.0,0.0,0.0,1.0,1.0,0.2731595271,0.2848237031,0.4646302375,0.6176476919,0.5665525778,0.6227541823
3447,1.0,0.0,0.0,0.0,1.0,1.0,0.2747660411,0.2899404941,0.4646303269,0.619883152,0.5631398209,0.6235304904
3448,1.0,0.0,0.0,0.0,1.0,1.0,0.2727210752,0.2882346041,0.4654894788,0.6235294419,0.5665528554,0.627218813
3449,1.0,0.0,0.0,0.0,1.0,1.0,0.2715525495,0.2877701352,0.461414681,0.621301655,0.5620687208,0.6167660978
3450,1.0,0.0,0.0,0.0,1.0,1.0,0.2756522362,0.2929399443,0.4596774384,0.6315787471,0.555172455,0.6294119974
3451,1.0,0.0,0.0,0.0,1.0,1.0,0.2800368823,0.2926446516,0.4653783506,0.6206903043,0.5616438817,0.6257309643
3452,1.0,0.0,0.0,0.0,1.0,1.0,0.2759296308,0.2926450947,0.4622792243,0.6220931615,0.5650685752,0.6257311561
3453,1.0,0.0,0.0,0.0,1.0,1.0,0.2837330885,0.2974530838,0.4513557161,0.6179773771,0.5544218102,0.6171427222
3454,1.0,0.0,0.0,0.0,1.0,1.0,0.2798436404,0.2940537599,0.4399998887,0.6285706474,0.5442177072,0.6300574765
3455,1.0,0.0,0.0,0.0,1.0,1.0,0.2892277966,0.301879428,0.44051448,0.6277774064,0.5426621461,0.6384178047
3456,1.0,0.0,0.0,0.0,1.0,1.0,0.2899019898,0.3018792007,0.4423077544,0.6243092991,0.5460748899,0.6327683268
3457,1.0,0.0,0.0,0.0,1.0,1.0,0.2947070762,0.3087010862,0.4423076438,0.6141306976,0.5460750348,0.6298342409
3458,1.0,0.0,0.0,0.0,1.0,1.0,0.2931056759,0.3076512343,0.4455127893,0.6229512116,0.5476189591,0.6298338869
3459,1.0,0.0,0.0,0.0,1.0,1.0,0.286013759,0.3018792817,0.4517684529,0.6292135785,0.5563140095,0.6327680239
3460,1.0,0.0,0.0,0.0,1.0,1.0,0.2899020156,0.3059519696,0.4599359142,0.6187842606,0.5578231691,0.6222222222
3461,1.0,0.0,0.0,0.0,1.0,1.0,0.2937657665,0.3106375215,0.4632588408,0.6195649862,0.5641891681,0.6195649862
3462,1.0,0.0,0.0,0.0,1.0,1.0,0.294235564,0.3161501887,0.4607999364,0.6304345278,0.5646259376,0.6182796759
3463,1.0,0.0,0.0,0.0,1.0,1.0,0.2995122025,0.3206402807,0.4615385347,0.6256689619,0.5631398349,0.6223405417
3464,1.0,0.0,0.0,0.0,1.0,1.0,0.303830399,0.3280480812,0.4703999519,0.6105259037,0.5680275094,0.6062176929
3465,1.0,0.0,0.0,0.0,1.0,1.0,0.3080143112,0.3297477539,0.4670947095,0.5989581619,0.5646259864,0.6134022529
3466,1.0,0.0,0.0,0.0,1.0,1.0,0.3032014334,0.3263484175,0.4686998937,0.6084660167,0.5646257018,0.6145828373
3467,1.0,0.0,0.0,0.0,1.0,1.0,0.3022312712,0.3207669965,0.4656000197,0.6137563167,0.5641893769,0.6210521276
3468,1.0,0.0,0.0,0.0,1.0,1.0,0.2972617347,0.3172287861,0.4646302472,0.6108103899,0.5631399668,0.6236553297
3469,1.0,0.0,0.0,0.0,1.0,1.0,0.3011138621,0.3206399807,0.4663461029,0.6117014829,0.5665527431,0.6170211783
3470,1.0,0.0,0.0,0.0,1.0,1.0,0.2949966312,0.3148924582,0.4693549206,0.6120219031,0.5684932166,0.6141302815
3471,1.0,0.0,0.0,0.0,1.0,1.0,0.2901604777,0.310407212,0.4645160408,0.6222216586,0.5665529909,0.6208784383
3472,1.0,0.0,0.0,0.0,1.0,1.0,0.2945217312,0.3138180922,0.4734299171,0.6174856511,0.5699657767,0.6195655768
3473,1.0,0.0,0.0,0.0,1.0,1.0,0.2963086422,0.3133843549,0.4663460708,0.6216212732,0.5661017323,0.6270274388
3474,1.0,0.0,0.0,0.0,1.0,1.0,0.2926368716,0.3116904043,0.4703999988,0.6174860882,0.572881613,0.6195646326
3475,1.0,0.0,0.0,0.0,1.0,1.0,0.2931056708,0.310637402,0.4743589666,0.6174859574,0.5777027533,0.6195659975
3476,1.0,0.0,0.0,0.0,1.0,1.0,0.2960127773,0.3106373111,0.4729298248,0.6182801309,0.5777028318,0.61413018
3477,1.0,0.0,0.0,0.0,1.0,1.0,0.2955424048,0.3173900374,0.4721780712,0.6182786995,0.5743244612,0.6223404564
3478,1.0,0.0,0.0,0.0,1.0,1.0,0.2889760427,0.3083023228,0.4648562698,0.6298342875,0.5728810997,0.6208796492
3479,1.0,0.0,0.0,0.0,1.0,1.0,0.2934871851,0.3123255099,0.4666667009,0.6270271469,0.5709459607,0.6270278786
3480,1.0,0.0,0.0,0.0,1.0,1.0,0.2917031364,0.3123255612,0.4720894113,0.622949931,0.5743245481,0.6162165769
3481,1.0,0.0,0.0,0.0,1.0,1.0,0.2917032316,0.3106374706,0.4688994084,0.6229507412,0.5709456687,0.625
3482,1.0,0.0,0.0,0.0,1.0,1.0,0.2912388164,0.3116904281,0.472930015,0.6284157146,0.576271118,0.6141304092
3483,1.0,0.0,0.0,0.0,1.0,1.0,0.2934869594,0.3157023657,0.4698413076,0.6216223772,0.5743245357,0.6096251693
3484,1.0,0.0,0.0,0.0,1.0,1.0,0.2944216325,0.3129567283,0.4761146885,0.6270275605,0.5757575536,0.6129031127
3485,1.0,0.0,0.0,0.0,1.0,1.0,0.2939535015,0.3167721828,0.4721780094,0.6162157552,0.5762712919,0.6042777844
3486,1.0,0.0,0.0,0.0,1.0,1.0,0.2966596274,0.3184661991,0.4730158703,0.6149731371,0.5762709545,0.6117028876
3487,1.0,0.0,0.0,0.0,1.0,1.0,0.2960130716,0.315702285,0.4761145945,0.6182787215,0.5743244792,0.6096252864
3488,1.0,0.0,0.0,0.0,1.0,1.0,0.294235448,0.3133842059,0.4768000978,0.6195653199,0.5796610879,0.6162160198
3489,1.0,0.0,0.0,0.0,1.0,1.0,0.2944213851,0.3140138565,0.4745223478,0.6162164983,0.5777024887,0.6182789166
3490,1.0,0.0,0.0,0.0,1.0,1.0,0.2971314457,0.3173902627,0.4721781159,0.6149736622,0.5777028586,0.6117028453
3491,1.0,0.0,0.0,0.0,1.0,1.0,0.2968326842,0.3135831122,0.4770932878,0.6223402263,0.5771811684,0.6096256873
3492,1.0,0.0,0.0,0.0,1.0,1.0,0.2944217565,0.3123254109,0.4745222294,0.6108108299,0.5743242098,0.6162154383
3493,1.0,0.0,0.0,0.0,1.0,1.0,0.2955423768,0.3140137069,0.4785374357,0.6075263996,0.5743244195,0.6075263996
3494,1.0,0.0,0.0,0.0,1.0,1.0,0.2853270651,0.3021960857,0.4752790223,0.620112078,0.5777029445,0.620112078
3495,1.0,0.0,0.0,0.0,1.0,1.0,0.2899023562,0.3087015637,0.4695512506,0.6298341669,0.5699657013,0.6243092311
3496,1.0,0.0,0.0,0.0,1.0,1.0,0.292169243,0.3099964996,0.4696486712,0.633879558,0.5728814431,0.6174868053
3497,1.0,0.0,0.0,0.0,1.0,1.0,0.2942355214,0.3110507605,0.4688000771,0.6195655759,0.5680272823,0.6284162585
3498,1.0,0.0,0.0,0.0,1.0,1.0,0.2778002791,0.2937546993,0.4760382488,0.6321838793,0.5743243566,0.6264365588
3499,1.0,0.0,0.0,0.0,1.0,1.0,0.2807954454,0.2978133899,0.4730159198,0.6271189191,0.5757576321,0.6271189191
3500,1.0,0.0,0.0,0.0,1.0,1.0,0.2686501841,0.2804557141,0.4624000297,0.6309520393,0.5510203398,0.6242418447
3501,1.0,0.0,0.0,0.0,1.0,1.0,0.2730103512,0.2875103895,0.4600639519,0.6140350655,0.5445204476,0.6071427189
3502,1.0,0.0,0.0,0.0,1.0,1.0,0.2734473342,0.2865295968,0.4543999855,0.6140346407,0.5460748431,0.6190474338
3503,1.0,0.0,0.0,0.0,1.0,1.0,0.2718481368,0.28994044,0.4607999842,0.6176475507,0.5460750026,0.6176462643
3504,1.0,0.0,0.0,0.0,1.0,1.0,0.2805451212,0.298138647,0.4593300574,0.6136363636,0.559321885,0.6136363636
3505,1.0,0.0,0.0,0.0,1.0,1.0,0.2816899799,0.2991524979,0.4522292685,0.6101693249,0.5442178556,0.6136368131
3506,1.0,0.0,0.0,0.0,1.0,1.0,0.2912386871,0.3099964391,0.4601911707,0.6174868251,0.5491523042,0.6065565211
3507,1.0,0.0,0.0,0.0,1.0,1.0,0.2921692608,0.3076511071,0.4600639634,0.6065569274,0.5510203627,0.6077344869
3508,1.0,0.0,0.0,0.0,1.0,1.0,0.288763497,0.3035849962,0.4606742222,0.6055558722,0.5563141431,0.6123598123
3509,1.0,0.0,0.0,0.0,1.0,1.0,0.2864639733,0.3021960195,0.4601910678,0.616666969,0.5540539001,0.6145245011
3510,1.0,0.0,0.0,0.0,1.0,1.0,0.2932973882,0.3099963869,0.4625198689,0.6086960163,0.5593219581,0.6174873313
3511,1.0,0.0,0.0,0.0,1.0,1.0,0.3061782943,0.3230517428,0.4634921673,0.606216522,0.5656565657,0.5989589371
3512,1.0,0.0,0.0,0.0,1.0,1.0,0.3098427476,0.3264171865,0.4610492951,0.6102561853,0.5622894169,0.6082475509
3513,1.0,0.0,0.0,0.0,1.0,1.0,0.3023788944,0.3167722686,0.4633758147,0.6157902909,0.5593219783,0.6149733175
3514,1.0,0.0,0.0,0.0,1.0,1.0,0.3061781511,0.3207670203,0.4603174631,0.6062184192,0.5540539346,0.6105261344
3515,1.0,0.0,0.0,0.0,1.0,1.0,0.3045918892,0.3213693852,0.4603173259,0.619792095,0.5622895976,0.6125654633
3516,1.0,0.0,0.0,0.0,1.0,1.0,0.3050760418,0.3196867819,0.4626391037,0.6093752818,0.5622895243,0.6052635176
3517,1.0,0.0,0.0,0.0,1.0,1.0,0.3039705721,0.3190787688,0.4617834794,0.6020942408,0.5574324261,0.6031746032
3518,1.0,0.0,0.0,0.0,1.0,1.0,0.3041089238,0.319686911,0.4595879149,0.609374644,0.5555555965,0.6052631579
3519,1.0,0.0,0.0,0.0,1.0,1.0,0.3045916306,0.321369074,0.463492132,0.6145835492,0.5589224988,0.6073296066
3520,1.0,0.0,0.0,0.0,1.0,1.0,0.2998324066,0.319078427,0.4730158898,0.6084656927,0.5675675087,0.6084656927
3521,1.0,0.0,0.0,0.0,1.0,1.0,0.3003092893,0.320766703,0.4721780296,0.6084661491,0.5675675473,0.6052629427
3522,1.0,0.0,0.0,0.0,1.0,1.0,0.3012672337,0.3157019426,0.4736841925,0.6031750544,0.5675675676,0.6096252014
3523,1.0,0.0,0.0,0.0,1.0,1.0,0.2990330447,0.3201601823,0.4704000935,0.6149734079,0.5694916286,0.6031744169
3524,1.0,0.0,0.0,0.0,1.0,1.0,0.3071536046,0.3235478663,0.4665605522,0.6165804103,0.566101885,0.6178013396
3525,1.0,0.0,0.0,0.0,1.0,1.0,0.3038303767,0.3201600919,0.4655999843,0.6263157955,0.559322172,0.6190479495
3526,1.0,0.0,0.0,0.0,1.0,1.0,0.3044551648,0.3218540339,0.4657096114,0.6230367098,0.5593219641,0.6157892227
3527,1.0,0.0,0.0,0.0,1.0,1.0,0.3012673795,0.3201604758,0.4609250637,0.6243391916,0.5525424892,0.6243391916
3528,1.0,0.0,0.0,0.0,1.0,1.0,0.2995119033,0.311050564,0.4711538201,0.6256687985,0.5612244444,0.6229506438
3529,1.0,0.0,0.0,0.0,1.0,1.0,0.3075206342,0.3240512064,0.4663462671,0.6250010005,0.5529010469,0.6263156253
3530,1.0,0.0,0.0,0.0,1.0,1.0,0.3020822218,0.3161503129,0.475884368,0.6276594006,0.5612243984,0.6236560028
3531,1.0,0.0,0.0,0.0,1.0,1.0,0.2961308245,0.3104070616,0.470209283,0.6304345501,0.5563138481,0.615385447
3532,1.0,0.0,0.0,0.0,1.0,1.0,0.304530192,0.317064243,0.4797406348,0.6223402151,0.5586205207,0.6195646358
3533,1.0,0.0,0.0,0.0,1.0,1.0,0.3110093551,0.3250780184,0.4473258199,0.625,0.5363322801,0.6170214242
3534,1.0,0.0,0.0,0.0,1.0,1.0,0.3071455406,0.3210011141,0.4439024486,0.6190473988,0.5277779253,0.6162161971
3535,1.0,0.0,0.0,0.0,1.0,1.0,0.3043904399,0.3157958893,0.4446254736,0.6310154597,0.5312499279,0.6263736799
3536,1.0,0.0,0.0,0.0,1.0,1.0,0.3060179159,0.317531051,0.4446253524,0.6276596735,0.5312498459,0.6120218253
3537,1.0,0.0,0.0,0.0,1.0,1.0,0.3092737371,0.321001037,0.4397395202,0.63684121,0.5243058489,0.6108113723
3538,1.0,0.0,0.0,0.0,1.0,1.0,0.2950260725,0.3064493772,0.4958540782,0.6404495635,0.5818815224,0.6420448708
3539,1.0,0.0,0.0,0.0,1.0,1.0,0.3014979967,0.3180043498,0.5383333043,0.6353592026,0.6223773612,0.6428578277
3540,1.0,0.0,0.0,0.0,1.0,1.0,0.2946429601,0.3085996926,0.5343384747,0.6477275716,0.6175441553,0.6534087991
3541,1.0,0.0,0.0,0.0,1.0,1.0,0.3038168169,0.3210012373,0.5465115425,0.6393446985,0.6284722302,0.637837618
3542,1.0,0.0,0.0,0.0,1.0,1.0,0.3077752217,0.3216197372,0.5397351208,0.6344086022,0.6262976665,0.6344086022
3543,1.0,0.0,0.0,0.0,1.0,1.0,0.316572889,0.3319947581,0.5439469164,0.623036997,0.626297731,0.6354164131
3544,1.0,0.0,0.0,0.0,1.0,1.0,0.3109743467,0.3239571008,0.5391014488,0.6363635294,0.6241379964,0.6436172205
3545,1.0,0.0,0.0,0.0,1.0,1.0,0.3106818318,0.3244716826,0.4917762754,0.6296301481,0.5833334608,0.6310154123
3546,1.0,0.0,0.0,0.0,1.0,1.0,0.3244092453,0.3354526085,0.4852460212,0.6161619196,0.5709343931,0.6185560221
3547,1.0,0.0,0.0,0.0,1.0,1.0,0.3194260617,0.3366173817,0.4827018248,0.6185568067,0.5659721716,0.6237109056
3548,1.0,0.0,0.0,0.0,1.0,1.0,0.3336955911,0.3458277241,0.4901315593,0.6157637067,0.57093454,0.6200007689
3549,1.0,0.0,0.0,0.0,1.0,1.0,0.3364621695,0.3482376322,0.4892206151,0.6157642371,0.5714285166,0.6100007939
3550,1.0,0.0,0.0,0.0,1.0,1.0,0.3276315852,0.3412726645,0.4884106353,0.6161613013,0.5714284618,0.6071427768
3551,1.0,0.0,0.0,0.0,1.0,1.0,0.3314978563,0.3459608893,0.4768977589,0.6268658024,0.5594404842,0.6060612459
3552,1.0,0.0,0.0,0.0,1.0,1.0,0.3214285519,0.3349194529,0.4673366605,0.614582374,0.5496455698,0.5978838362
3553,1.0,0.0,0.0,0.0,1.0,1.0,0.3241432073,0.3373115102,0.4729729679,0.6145839216,0.5464286053,0.6031743802
3554,1.0,0.0,0.0,0.0,1.0,1.0,0.3230004972,0.3373564257,0.468697161,0.6178007718,0.5415163521,0.6042779
3555,1.0,0.0,0.0,0.0,1.0,1.0,0.3235484511,0.3343458635,0.4644067803,0.6125657281,0.5395682601,0.5967734695
3556,1.0,0.0,0.0,0.0,1.0,1.0,0.3240975975,0.3367686209,0.4685908062,0.6073300688,0.5398550412,0.5967744944
3557,1.0,0.0,0.0,0.0,1.0,1.0,0.3211879025,0.3325416691,0.4649571797,0.6010637375,0.5345452778,0.5956283244
3558,1.0,0.0,0.0,0.0,1.0,1.0,0.319479773,0.3343587228,0.4717948509,0.6042781492,0.5418182147,0.6032609272
3559,1.0,0.0,0.0,0.0,1.0,1.0,0.3263483166,0.3427690053,0.4744898122,0.6093742647,0.5523465578,0.6000002264
3560,1.0,0.0,0.0,0.0,1.0,1.0,0.3246053584,0.3385788247,0.4752137364,0.6000002305,0.5471011821,0.5935825433
3561,1.0,0.0,0.0,0.0,1.0,1.0,0.3165186062,0.3270901959,0.4784853136,0.6086959601,0.5454547607,0.5944438277
3562,1.0,0.0,0.0,0.0,1.0,1.0,0.3142575117,0.3301073737,0.4725086516,0.6120226658,0.5401458096,0.6132599592
3563,1.0,0.0,0.0,0.0,1.0,1.0,0.3176922637,0.3313168727,0.4759450614,0.605404958,0.5421245913,0.6077350305
3564,1.0,0.0,0.0,0.0,1.0,1.0,0.3176920724,0.3319313508,0.4725085539,0.6054054487,0.5437957248,0.5989009966
3565,1.0,0.0,0.0,0.0,1.0,1.0,0.3193380611,0.3319317195,0.4732296747,0.6054063514,0.5401461578,0.5989011445
3566,1.0,0.0,0.0,0.0,1.0,1.0,0.3180040465,0.3263861505,0.475524579,0.6043956691,0.5498155886,0.5932208525
3567,1.0,0.0,0.0,0.0,1.0,1.0,0.309931149,0.3183406515,0.473867618,0.5955056994,0.5481484015,0.6104649201
3568,1.0,0.0,0.0,0.0,1.0,1.0,0.3169805533,0.324541819,0.4714038889,0.6010931331,0.5498156601,0.5909093124
3569,1.0,0.0,0.0,0.0,1.0,1.0,0.3180829218,0.3294457045,0.4626087073,0.5956284347,0.5407408119,0.595506615
3570,1.0,0.0,0.0,0.0,1.0,1.0,0.3167246681,0.3281753541,0.4665492732,0.5944443475,0.5373131823,0.5909094153
3571,1.0,0.0,0.0,0.0,1.0,1.0,0.3197514838,0.3312963053,0.4650350544,0.595628819,0.5333331509,0.5977646247
3572,1.0,0.0,0.0,0.0,1.0,1.0,0.3168106779,0.3238934845,0.4728546284,0.5966853492,0.5407406092,0.5999995014
3573,1.0,0.0,0.0,0.0,1.0,1.0,0.3173667839,0.3257441357,0.4684211153,0.5856348749,0.5370369551,0.5965902426
3574,1.0,0.0,0.0,0.0,1.0,1.0,0.3184063169,0.3232393105,0.4654868236,0.5833337354,0.5390334842,0.5919542596
3575,1.0,0.0,0.0,0.0,1.0,1.0,0.316810879,0.3306702083,0.464098046,0.6022107248,0.5353159968,0.5955061646
3576,1.0,0.0,0.0,0.0,1.0,1.0,0.3226822101,0.3319180361,0.4642233847,0.5891886679,0.5350555062,0.6000002332
3577,1.0,0.0,0.0,0.0,1.0,1.0,0.3180043347,0.3294454061,0.4650350154,0.5934067613,0.5333330957,0.5898876472
3578,1.0,0.0,0.0,0.0,1.0,1.0,0.3162570214,0.3226979394,0.459790203,0.5911601435,0.5350552109,0.6
3579,1.0,0.0,0.0,0.0,1.0,1.0,0.3186376617,0.3337623181,0.4494772741,0.5901645523,0.5239851225,0.5911602473
3580,1.0,0.0,0.0,0.0,1.0,1.0,0.3145098414,0.3275949316,0.4405594837,0.6000004617,0.5111108633,0.6045195353
3581,1.0,0.0,0.0,0.0,1.0,1.0,0.3225711136,0.3312965643,0.4585537716,0.6010923598,0.5333333591,0.5921784124
3582,1.0,0.0,0.0,0.0,1.0,1.0,0.316077998,0.3225809665,0.4558304607,0.6033512684,0.5223881132,0.6011561622
3583,1.0,0.0,0.0,0.0,1.0,1.0,0.329041741,0.3405504663,0.463028285,0.5935825421,0.5296298175,0.5815215096
3584,1.0,0.0,0.0,0.0,1.0,1.0,0.3231936636,0.3343718271,0.4604569121,0.6032608251,0.5294117879,0.593406918
3585,1.0,0.0,0.0,0.0,1.0,1.0,0.3267068497,0.3337620133,0.4569420661,0.6021510114,0.5276754297,0.5966855126
3586,1.0,0.0,0.0,0.0,1.0,1.0,0.331976392,0.3362092237,0.4534270937,0.6031737686,0.5257352184,0.5846993841
3587,1.0,0.0,0.0,0.0,1.0,1.0,0.3302351263,0.3349780167,0.4580419162,0.6031744086,0.5274722775,0.5956282266
3588,1.0,0.0,0.0,0.0,1.0,1.0,0.3384078034,0.3435582681,0.4561403268,0.6113993003,0.5257351007,0.6096248617
3589,1.0,0.0,0.0,0.0,1.0,1.0,0.3361112795,0.3442519826,0.4572954284,0.6084655847,0.5259257308,0.5913987828
3590,1.0,0.0,0.0,0.0,1.0,1.0,0.3349195923,0.3429818686,0.4609927972,0.5978835029,0.5276753619,0.5913985973
3591,1.0,0.0,0.0,0.0,1.0,1.0,0.3343266823,0.3461028336,0.4637167152,0.6031746383,0.5296296397,0.5828883172
3592,1.0,0.0,0.0,0.0,1.0,1.0,0.331970234,0.3380463568,0.4664310532,0.6063836842,0.5330880466,0.5815220566
3593,1.0,0.0,0.0,0.0,1.0,1.0,0.3307887494,0.338046689,0.4548671812,0.6042781051,0.5294116734,0.5923910797
3594,1.0,0.0,0.0,0.0,1.0,1.0,0.3296218671,0.3411380714,0.4514991545,0.5935829837,0.5239851699,0.5783781085
3595,1.0,0.0,0.0,0.0,1.0,1.0,0.3266727678,0.3343718016,0.4611307467,0.599999772,0.5294118787,0.5879123426
3596,1.0,0.0,0.0,0.0,1.0,1.0,0.3225148766,0.3362436153,0.4574467745,0.5824185049,0.531598543,0.5801104657
3597,1.0,0.0,0.0,0.0,1.0,1.0,0.3278314225,0.3374981319,0.4539008269,0.589189605,0.5261194132,0.5856359468
3598,1.0,0.0,0.0,0.0,1.0,1.0,0.3271877205,0.335633463,0.4686940029,0.5901637615,0.5335819463,0.5722221229
3599,1.0,0.0,0.0,0.0,1.0,1.0,0.3289978879,0.3381011528,0.4715302476,0.5837838207,0.5353162167,0.5714292335
3600,1.0,0.0,0.0,0.0,1.0,1.0,0.328997863,0.3430919082,0.4644127547,0.5837833699,0.5298508404,0.5760866193
3601,1.0,0.0,0.0,0.0,1.0,1.0,0.3337456406,0.3443772598,0.4560143365,0.5860212607,0.5280898355,0.576086371
3602,1.0,0.0,0.0,0.0,1.0,1.0,0.3307507376,0.3381570215,0.4586331214,0.5923910992,0.5263156646,0.5833329435
3603,1.0,0.0,0.0,0.0,1.0,1.0,0.3307375422,0.3419146637,0.4575045853,0.5901640467,0.5263159753,0.5714292271
3604,1.0,0.0,0.0,0.0,1.0,1.0,0.3252727498,0.3350402784,0.4636362737,0.5921782744,0.5265153001,0.5706221905
3605,1.0,0.0,0.0,0.0,1.0,1.0,0.327715842,0.3382142516,0.4637680294,0.5911600037,0.5247150952,0.5730334964
3606,1.0,0.0,0.0,0.0,1.0,1.0,0.3295259485,0.3420142802,0.4583332027,0.5824168472,0.5247146696,0.5666665112
3607,1.0,0.0,0.0,0.0,1.0,1.0,0.3210547323,0.3325141657,0.4664246883,0.5932204993,0.5323192041,0.5714284006
3608,1.0,0.0,0.0,0.0,1.0,1.0,0.3215117255,0.3274033007,0.468749967,0.594285448,0.5325671372,0.5789473041
3609,1.0,0.0,0.0,0.0,1.0,1.0,0.3154203304,0.3242465007,0.4733944488,0.5930236107,0.5343512551,0.582352854
3610,1.0,0.0,0.0,0.0,1.0,1.0,0.3257849032,0.3318759266,0.4788213383,0.5932194024,0.5343512026,0.5804592752
3611,1.0,0.0,0.0,0.0,1.0,1.0,0.3182581222,0.3312104441,0.47858466,0.5964910992,0.5348837775,0.5789478193
3612,1.0,0.0,0.0,0.0,1.0,1.0,0.3257026789,0.338958025,0.4711358134,0.5999995334,0.5310076401,0.5714284048
3613,1.0,0.0,0.0,0.0,1.0,1.0,0.3293828637,0.3337976024,0.4670433461,0.5999992978,0.5312500125,0.573099121
3614,1.0,0.0,0.0,0.0,1.0,1.0,0.3331470684,0.3429454999,0.4756553857,0.5955055922,0.5372548926,0.5599997668
3615,1.0,0.0,0.0,0.0,1.0,1.0,0.3281186044,0.3344588355,0.4773585242,0.6034488231,0.5354331976,0.5647065335
3616,1.0,0.0,0.0,0.0,1.0,1.0,0.321181812,0.3370668669,0.4896029488,0.594117993,0.5529412423,0.5639531504
3617,1.0,0.0,0.0,0.0,1.0,1.0,0.3224010006,0.3351070484,0.4800759701,0.5941178862,0.5411767237,0.5672512882
3618,1.0,0.0,0.0,0.0,1.0,1.0,0.3142186153,0.3253086981,0.4829545247,0.6084337054,0.5411764893,0.5843370541
3619,1.0,0.0,0.0,0.0,1.0,1.0,0.3169872979,0.324818445,0.4925373364,0.6000002429,0.5538463797,0.573964685
3620,1.0,0.0,0.0,0.0,1.0,1.0,0.3184222943,0.3217898231,0.4990792088,0.6069359978,0.5606059546,0.5823531685
3621,1.0,0.0,0.0,0.0,1.0,1.0,0.3168043424,0.3190526978,0.490566085,0.619047735,0.5538461357,0.5722890082
3622,1.0,0.0,0.0,0.0,1.0,1.0,0.3141103009,0.3181816554,0.4838094573,0.6060599324,0.5507815188,0.5766873543
3623,1.0,0.0,0.0,0.0,1.0,1.0,0.3148144481,0.3130543519,0.4800759266,0.6024091285,0.5447469526,0.5714287496
3624,1.0,0.0,0.0,0.0,1.0,1.0,0.3112708336,0.309442521,0.497185758,0.5963855199,0.5615383525,0.5714283897
3625,1.0,0.0,0.0,0.0,1.0,1.0,0.3161115606,0.3164253038,0.4962120781,0.5928144376,0.5598457743,0.5670732931
3626,1.0,0.0,0.0,0.0,1.0,1.0,0.3198970971,0.321525817,0.4924242293,0.5917160972,0.5503877402,0.5722889945
3627,1.0,0.0,0.0,0.0,1.0,1.0,0.3200460298,0.3183550037,0.4850188115,0.5964919411,0.5521235064,0.5818189026
3628,1.0,0.0,0.0,0.0,1.0,1.0,0.3225813356,0.3197447185,0.4869403081,0.6011556721,0.5478925579,0.5808382572
3629,1.0,0.0,0.0,0.0,1.0,1.0,0.3115144824,0.305912733,0.4860854075,0.5892853239,0.5513306024,0.5838502468
3630,1.0,0.0,0.0,0.0,1.0,1.0,0.3018952644,0.2910249653,0.4878049851,0.5900623865,0.5440610564,0.5986850823
3631,1.0,0.0,0.0,0.0,1.0,1.0,0.2895579389,0.2746554991,0.4728972443,0.6064515962,0.5343511977,0.6180561952
3632,1.0,0.0,0.0,0.0,1.0,1.0,0.2747991627,0.251782391,0.4670433469,0.6232872736,0.5307690902,0.6183207432
3633,1.0,0.0,0.0,0.0,1.0,1.0,0.2657691957,0.2440942322,0.4606741226,0.6267608908,0.5269231639,0.6141726272
3634,1.0,0.0,0.0,0.0,1.0,1.0,0.2706819468,0.2537343659,0.4564393978,0.6223781458,0.5193800335,0.6030539748
3635,1.0,0.0,0.0,0.0,1.0,1.0,0.254193519,0.2339962426,0.4605010914,0.6212129522,0.5238095808,0.5932204545
3636,1.0,0.0,0.0,0.0,1.0,1.0,0.2580449745,0.2379620766,0.4643544759,0.6194033444,0.5198410699,0.5916662886
3637,1.0,0.0,0.0,0.0,1.0,1.0,0.2537045127,0.2282190996,0.4596154565,0.6060605126,0.5078741056,0.5862081673
3638,1.0,0.0,0.0,0.0,1.0,1.0,0.2410415715,0.2164779534,0.4568628098,0.6016261612,0.5141702332,0.6074769316
3639,1.0,0.0,0.0,0.0,1.0,1.0,0.2361961153,0.2135906504,0.4355469782,0.5950406386,0.4838706889,0.6037735849
3640,1.0,0.0,0.0,0.0,1.0,1.0,0.2304875773,0.2126911859,0.4214711191,0.6034471266,0.4710745399,0.5728159176
3641,1.0,0.0,0.0,0.0,1.0,1.0,0.2148898597,0.1936418538,0.4198781887,0.6037729457,0.4666664451,0.5698928883
3642,1.0,0.0,0.0,0.0,1.0,1.0,0.2111495508,0.1886915001,0.4346076988,0.5904749285,0.4771786695,0.5714291955
3643,1.0,0.0,0.0,0.0,1.0,1.0,0.2091389906,0.1860889011,0.4386318551,0.6057684486,0.4769875781,0.561798414
3644,1.0,0.0,0.0,0.0,1.0,1.0,0.2083002615,0.1803971512,0.4448897093,0.5769244402,0.4730291602,0.5632187155
3645,1.0,0.0,0.0,0.0,1.0,1.0,0.2026979631,0.1700294937,0.4437752232,0.5841572253,0.4730292334,0.5731718032
3646,1.0,0.0,0.0,0.0,1.0,1.0,0.2039269343,0.1644912647,0.4505049689,0.584157683,0.4833329968,0.5822798407
3647,1.0,0.0,0.0,0.0,1.0,1.0,0.1861310741,0.1568162111,0.459514186,0.5760855696,0.4895398729,0.5600010794
3648,1.0,0.0,0.0,0.0,1.0,1.0,0.1886497165,0.1575885165,0.4618472355,0.5851060396,0.4896265891,0.578946668
3649,1.0,0.0,0.0,0.0,1.0,1.0,0.1829963687,0.1492941307,0.4587524641,0.5934069909,0.4896266463,0.569445516
3650,1.0,0.0,0.0,0.0,1.0,1.0,0.1777663122,0.1509360172,0.4505927893,0.6111103384,0.4897959444,0.5810808144
3651,1.0,0.0,0.0,0.0,1.0,1.0,0.1847218432,0.1579117364,0.4649805288,0.5894723973,0.5080000603,0.5696208409
3652,1.0,0.0,0.0,0.0,1.0,1.0,0.1878649016,0.1562832139,0.4586467135,0.5599995838,0.5096525376,0.5802487533
3653,1.0,0.0,0.0,0.0,1.0,1.0,0.1706364267,0.1411425705,0.4559100254,0.5824158289,0.4961831759,0.6081062519
3654,1.0,0.0,0.0,0.0,1.0,1.0,0.1677764503,0.1351098459,0.4620938471,0.5806433377,0.5037036951,0.6164385535
3655,1.0,0.0,0.0,0.0,1.0,1.0,0.1526676916,0.1267673864,0.4511546043,0.5930239225,0.5073531149,0.6376798086
3656,1.0,0.0,0.0,0.0,1.0,1.0,0.1624967612,0.1321727371,0.445804164,0.5806443386,0.5036229918,0.6027385931
3657,1.0,0.0,0.0,0.0,1.0,1.0,0.158448144,0.125829203,0.4442509199,0.5714299103,0.5,0.5857145033
3658,1.0,0.0,0.0,0.0,1.0,1.0,0.1462177843,0.1227074393,0.4440619396,0.5882348521,0.501779606,0.5797092953
3659,1.0,0.0,0.0,0.0,1.0,1.0,0.1398182895,0.1222338224,0.4594128407,0.5555555556,0.5071941134,0.5588242607
3660,1.0,0.0,0.0,0.0,1.0,1.0,0.1519011881,0.1231455357,0.4559585713,0.568181276,0.5071428652,0.5797089104
3661,1.0,0.0,0.0,0.0,1.0,1.0,0.15481899,0.1315990872,0.4543890465,0.5555552991,0.5124555752,0.58108165
3662,1.0,0.0,0.0,0.0,1.0,1.0,0.1540236199,0.1342005872,0.4640410497,0.5555552968,0.5159008469,0.5921057348
3663,1.0,0.0,0.0,0.0,1.0,1.0,0.1530986352,0.1240443251,0.466437201,0.5280899143,0.5177305363,0.5714285714
3664,1.0,0.0,0.0,0.0,1.0,1.0,0.146514989,0.1284995198,0.4659685691,0.5357138385,0.5214283515,0.5138882396
3665,1.0,0.0,0.0,0.0,1.0,1.0,0.1480010203,0.1307514421,0.4634146831,0.5529411765,0.5089604617,0.5616438356
3666,1.0,0.0,0.0,0.0,1.0,1.0,0.1485183788,0.1294241092,0.4685315033,0.5647062904,0.5143884688,0.5833355269
3667,1.0,0.0,0.0,0.0,1.0,1.0,0.1447469397,0.1325426424,0.4724138356,0.5476198232,0.5197133035,0.5270281801
3668,1.0,0.0,0.0,0.0,1.0,1.0,0.1487060796,0.1280421265,0.4671280207,0.5581386745,0.5160141302,0.5972225496
3669,1.0,0.0,0.0,0.0,1.0,1.0,0.1354304147,0.1351558457,0.4682675036,0.5443030444,0.5124555782,0.5000014055
3670,1.0,0.0,0.0,0.0,1.0,1.0,0.1240687449,0.1240312848,0.4775861485,0.5138881054,0.5179855258,0.4782612737
3671,1.0,0.0,0.0,0.0,1.0,1.0,0.1242914226,0.1267149528,0.4701873815,0.5342462929,0.5178571497,0.4788752865
3672,1.0,0.0,0.0,0.0,1.0,1.0,0.1240802438,0.1244855688,0.4676871512,0.547945369,0.5088966676,0.485714908
3673,1.0,0.0,0.0,0.0,1.0,1.0,0.1245095714,0.1244920725,0.4781144575,0.5405403028,0.5228068947,0.4929585643
3674,1.0,0.0,0.0,0.0,1.0,1.0,0.1268328878,0.1271374328,0.4737732396,0.5333319768,0.5123675347,0.4861104382
3675,1.0,0.0,0.0,0.0,1.0,1.0,0.1266185045,0.1240441463,0.4695946658,0.5599997695,0.5177304666,0.5
3676,1.0,0.0,0.0,0.0,1.0,1.0,0.1266187673,0.1271373079,0.4780405483,0.5466668596,0.5159010763,0.5138881351
3677,1.0,0.0,0.0,0.0,1.0,1.0,0.1384364822,0.1306690233,0.4763512824,0.5609764483,0.5159008923,0.5675671716
3678,1.0,0.0,0.0,0.0,1.0,1.0,0.1358301351,0.1266897165,0.4731544774,0.5432098433,0.5176056473,0.5416672973
3679,1.0,0.0,0.0,0.0,1.0,1.0,0.1240804885,0.1253716928,0.488095248,0.5342471086,0.5265018936,0.4788731961
3680,1.0,0.0,0.0,0.0,1.0,1.0,0.1206809507,0.1284996252,0.4829932577,0.5633798497,0.5250000291,0.5138881328
3681,1.0,0.0,0.0,0.0,1.0,1.0,0.1255665687,0.1258163,0.4770798201,0.5270290906,0.5212763663,0.4788731532
3682,1.0,0.0,0.0,0.0,1.0,1.0,0.124716576,0.1267149805,0.4769230317,0.5479466974,0.5142857033,0.4788749871
3683,1.0,0.0,0.0,0.0,1.0,1.0,0.1390975897,0.1307515233,0.4879725796,0.5308663264,0.5268818487,0.5342444785
3684,1.0,0.0,0.0,0.0,1.0,1.0,0.1305115298,0.1348169924,0.4673540353,0.5263165393,0.5179854603,0.4400011549
3685,1.0,0.0,0.0,0.0,1.0,1.0,0.1353411485,0.1253780367,0.4756944942,0.551282155,0.5268817083,0.5
3686,1.0,0.0,0.0,0.0,1.0,1.0,0.1305891643,0.1258293131,0.4878049941,0.5200005604,0.5251798018,0.4857159154
3687,1.0,0.0,0.0,0.0,1.0,1.0,0.1308170115,0.1276266186,0.4886561666,0.5066680976,0.5287768154,0.45070557
3688,1.0,0.0,0.0,0.0,1.0,1.0,0.1275512909,0.124479193,0.4825174723,0.5068487654,0.5234654737,0.4492763292
3689,1.0,0.0,0.0,0.0,1.0,1.0,0.1295250475,0.129891466,0.476357175,0.4864875616,0.5198556724,0.4305551905
3690,1.0,0.0,0.0,0.0,1.0,1.0,0.1320999328,0.1235869143,0.4765216626,0.5526315789,0.5161290566,0.5217383346
3691,1.0,0.0,0.0,0.0,1.0,1.0,0.1295249863,0.1280873936,0.4781085801,0.5270266811,0.5162456231,0.4647880644
3692,1.0,0.0,0.0,0.0,1.0,1.0,0.1310457057,0.1303620933,0.4825175466,0.5333325872,0.5181156832,0.4722228699
3693,1.0,0.0,0.0,0.0,1.0,1.0,0.140814895,0.1325423395,0.4793815062,0.5243899259,0.5125449209,0.5135133573
3694,1.0,0.0,0.0,0.0,1.0,1.0,0.1355764312,0.1294896924,0.4782608294,0.5384621674,0.5109487863,0.4929553851
3695,1.0,0.0,0.0,0.0,1.0,1.0,0.1465150363,0.1422563495,0.4834206138,0.5238094033,0.507299229,0.4487195911
3696,1.0,0.0,0.0,0.0,1.0,1.0,0.1475449974,0.1495515619,0.4727592224,0.4642861766,0.4890510023,0.3780477456
3697,1.0,0.0,0.0,0.0,1.0,1.0,0.146820586,0.1561626757,0.4867256483,0.3855405502,0.5036766345,0.341174776
3698,1.0,0.0,0.0,0.0,1.0,1.0,0.1548684195,0.1572157181,0.4900900408,0.3720922158,0.4981272676,0.2857146484
3699,1.0,0.0,0.0,0.0,1.0,1.0,0.156106575,0.1559277023,0.4865349774,0.3448261195,0.4924811846,0.2771082757
3700,1.0,0.0,0.0,0.0,1.0,1.0,0.1481315994,0.1566288606,0.4857142911,0.4216875169,0.488805951,0.3333341753
3701,1.0,0.0,0.0,0.0,1.0,1.0,0.1501845181,0.1417119256,0.4847943236,0.4166666667,0.4962686934,0.3421052632
3702,1.0,0.0,0.0,0.0,1.0,1.0,0.1633191523,0.1411852833,0.4777975368,0.5760856289,0.5092934072,0.6052624097
3703,1.0,0.0,0.0,0.0,1.0,1.0,0.2377985515,0.2235116251,0.4620690754,0.6159418484,0.5309090128,0.6422749875
3704,1.0,0.0,0.0,0.0,1.0,1.0,0.2927657985,0.2875584642,0.4764309922,0.5977012216,0.5543858883,0.6036593571
3705,1.0,0.0,0.0,0.0,1.0,1.0,0.3103444464,0.3134135465,0.4691152958,0.6021507134,0.5505224372,0.6000004827
3706,1.0,0.0,0.0,0.0,1.0,1.0,0.3025066398,0.296709317,0.4799330093,0.6022099045,0.5590277274,0.6081877586
3707,1.0,0.0,0.0,0.0,1.0,1.0,0.1618313383,0.1417117001,0.4679716472,0.5384604514,0.4962685046,0.5131573381
3708,1.0,0.0,0.0,0.0,1.0,1.0,0.153624754,0.1388112165,0.4664309706,0.5632174139,0.496296347,0.5199989561
3709,1.0,0.0,0.0,0.0,1.0,1.0,0.2344581648,0.2177356237,0.4691781627,0.5985407477,0.5428570342,0.6147539552
3710,1.0,0.0,0.0,0.0,1.0,1.0,0.2890946706,0.29077857,0.4628100012,0.6171433453,0.5470383223,0.6047909782
3711,1.0,0.0,0.0,0.0,1.0,1.0,0.3102265591,0.3213693499,0.4511999988,0.6134016536,0.5488214835,0.5916222996
3712,1.0,0.0,0.0,0.0,1.0,1.0,0.3268317972,0.3392145029,0.4549762733,0.6038649957,0.552980124,0.5902439913
3713,1.0,0.0,0.0,0.0,1.0,1.0,0.3241857982,0.3359051152,0.4525315932,0.6048782823,0.5496687547,0.5812803331
3714,1.0,0.0,0.0,0.0,1.0,1.0,0.3193765343,0.3265502967,0.4546900866,0.6019904284,0.5511553126,0.5858591575
3715,1.0,0.0,0.0,0.0,1.0,1.0,0.309953366,0.3220793077,0.4256329008,0.6173470225,0.5249170843,0.6030926923
3716,1.0,0.0,0.0,0.0,1.0,1.0,0.3081345991,0.3198215413,0.4297124094,0.6113989354,0.530000007,0.5989584365
3717,1.0,0.0,0.0,0.0,1.0,1.0,0.3129242313,0.3264842846,0.4249202007,0.6122441972,0.5299999264,0.6020410572
3718,1.0,0.0,0.0,0.0,1.0,1.0,0.3188696055,0.3309407559,0.4301586549,0.6069646056,0.5331127273,0.6050000532
3719,1.0,0.0,0.0,0.0,1.0,1.0,0.3145207037,0.3259048414,0.4313099352,0.6091370007,0.538461346,0.5999995613
3720,1.0,0.0,0.0,0.0,1.0,1.0,0.2740405567,0.2828927725,0.4306452209,0.6235292022,0.5288133122,0.6167660173
3721,1.0,0.0,0.0,0.0,1.0,1.0,0.1399925221,0.1377907611,0.4645389767,0.4430382446,0.4963235835,0.3999983154
3722,1.0,0.0,0.0,0.0,1.0,1.0,0.1465611159,0.1401431876,0.4469965833,0.4096380422,0.479704886,0.3684227769
3723,1.0,0.0,0.0,0.0,1.0,1.0,0.1313652527,0.1198595818,0.4529306656,0.5675696399,0.4944648059,0.5384617872
3724,1.0,0.0,0.0,0.0,1.0,1.0,0.2136738279,0.1988136582,0.4258620032,0.6451609575,0.5053761962,0.6396396916
3725,1.0,0.0,0.0,0.0,1.0,1.0,0.2853192795,0.2889540756,0.4372937698,0.6242779827,0.5408161088,0.6000005006
3726,1.0,0.0,0.0,0.0,1.0,1.0,0.306386365,0.3129565303,0.4409835092,0.6203204237,0.548821698,0.6021507372
3727,1.0,0.0,0.0,0.0,1.0,1.0,0.3106814681,0.3190785915,0.4358552715,0.6137571852,0.5439187837,0.5978835303
3728,1.0,0.0,0.0,0.0,1.0,1.0,0.3050246451,0.313583234,0.448051928,0.622340801,0.5570470729,0.6042784046
3729,1.0,0.0,0.0,0.0,1.0,1.0,0.3202720522,0.3287199036,0.4444445122,0.6130652774,0.5581397857,0.5858582765
3730,1.0,0.0,0.0,0.0,1.0,1.0,0.3137407406,0.3208910874,0.4401295595,0.608247366,0.551839366,0.5989580905
3731,1.0,0.0,0.0,0.0,1.0,1.0,0.3197571359,0.3298158175,0.442122117,0.6180912443,0.549999873,0.5959594182
3732,1.0,0.0,0.0,0.0,1.0,1.0,0.3256606306,0.3325955816,0.4398073731,0.6206896183,0.5496688742,0.6019901895
3733,1.0,0.0,0.0,0.0,1.0,1.0,0.2958876351,0.2978138994,0.4391448119,0.6222218242,0.5521885595,0.6101693063
3734,1.0,0.0,0.0,0.0,1.0,1.0,0.1240181773,0.1221540219,0.4689779841,0.5588244351,0.5148148981,0.4696965371
3735,1.0,0.0,0.0,0.0,1.0,1.0,0.1476654007,0.1502783737,0.4792792774,0.3902448946,0.5144928329,0.2771082219
3736,1.0,0.0,0.0,0.0,1.0,1.0,0.1412449091,0.1348167339,0.4740608013,0.4177231144,0.5215826171,0.3599997787
3737,1.0,0.0,0.0,0.0,1.0,1.0,0.1721355481,0.1517008192,0.4340949046,0.5918363433,0.5107145759,0.6117641568
3738,1.0,0.0,0.0,0.0,1.0,1.0,0.2511163402,0.2412443169,0.4405360911,0.6200000564,0.5379309717,0.6285717737
3739,1.0,0.0,0.0,0.0,1.0,1.0,0.2853219565,0.2896687237,0.4502446247,0.6228575167,0.5525422488,0.6140354201
3740,1.0,0.0,0.0,0.0,1.0,1.0,0.276268285,0.2811989053,0.4536586491,0.611764481,0.5525424824,0.6084342224
3741,1.0,0.0,0.0,0.0,1.0,1.0,0.1347152032,0.1188013842,0.475409771,0.5405401613,0.5132075516,0.5079367172
3742,1.0,0.0,0.0,0.0,1.0,1.0,0.1435561573,0.1443638128,0.4963635593,0.4050626547,0.5185186188,0.3589720222
3743,1.0,0.0,0.0,0.0,1.0,1.0,0.148662456,0.1235868546,0.4569892737,0.5421687047,0.5161289487,0.5362310593
3744,1.0,0.0,0.0,0.0,1.0,1.0,0.2325086714,0.2047468143,0.451388802,0.6044777737,0.5486109861,0.6271186441
3745,1.0,0.0,0.0,0.0,1.0,1.0,0.286281007,0.2770562956,0.4593220234,0.6094666771,0.5544217214,0.5889563525
3746,1.0,0.0,0.0,0.0,1.0,1.0,0.3155265252,0.3142060598,0.4462809002,0.6073301229,0.5518392544,0.5851064913
3747,1.0,0.0,0.0,0.0,1.0,1.0,0.3228717044,0.3270597794,0.4464285005,0.6030152206,0.5548172593,0.5888319441
3748,1.0,0.0,0.0,0.0,1.0,1.0,0.3282721497,0.3353607757,0.4471545672,0.5990102873,0.5514952093,0.5841578312
3749,1.0,0.0,0.0,0.0,1.0,1.0,0.3271494254,0.337060313,0.4468085143,0.6000004176,0.5503354107,0.5820898624
3750,1.0,0.0,0.0,0.0,1.0,1.0,0.3131367513,0.3160486614,0.4415585001,0.6010370211,0.5529802929,0.5863874111
3751,1.0,0.0,0.0,0.0,1.0,1.0,0.32991263,0.3304075693,0.4530745309,0.5980399035,0.5657894875,0.5870654009
3752,1.0,0.0,0.0,0.0,1.0,1.0,0.3293616599,0.3292865156,0.4480519735,0.6108373671,0.5596028365,0.5829145517
3753,1.0,0.0,0.0,0.0,1.0,1.0,0.3201463984,0.3210125904,0.4699187243,0.6192896941,0.5728475686,0.6030929576
3754,1.0,0.0,0.0,0.0,1.0,1.0,0.328848653,0.3298813058,0.4629032824,0.6127447985,0.5751633712,0.5891085001
3755,1.0,0.0,0.0,0.0,1.0,1.0,0.3224007324,0.32824782,0.4709678511,0.6099997,0.5784312079,0.5920399867
3756,1.0,0.0,0.0,0.0,1.0,1.0,0.3213639969,0.3239231738,0.4742765396,0.6199993583,0.58631914,0.5929646135
3757,1.0,0.0,0.0,0.0,1.0,1.0,0.3261164988,0.3276859939,0.4724026097,0.6218909736,0.5934425011,0.5900003256
3758,1.0,0.0,0.0,0.0,1.0,1.0,0.3261166522,0.330407365,0.4707791492,0.6218904096,0.5855264615,0.6019900974
3759,1.0,0.0,0.0,0.0,1.0,1.0,0.3277392357,0.3309628713,0.4740259892,0.6188115567,0.5868852941,0.5891089318
3760,1.0,0.0,0.0,0.0,1.0,1.0,0.3218814581,0.3227705402,0.4573269319,0.6100001696,0.5672131318,0.5837562359
3761,1.0,0.0,0.0,0.0,1.0,1.0,0.3229213847,0.3244089215,0.4588045343,0.6100004927,0.5672131757,0.5808090207
3762,1.0,0.0,0.0,0.0,1.0,1.0,0.3170530709,0.318901189,0.4589371655,0.6142128793,0.5690788,0.582473514
3763,1.0,0.0,0.0,0.0,1.0,1.0,0.3224004366,0.3205445978,0.4596773895,0.6000004177,0.5657893743,0.5743594137
3764,1.0,0.0,0.0,0.0,1.0,1.0,0.3168962547,0.3170988525,0.4682925602,0.6051284185,0.5714284195,0.5759163181
3765,1.0,0.0,0.0,0.0,1.0,1.0,0.3147594425,0.3204191944,0.4561688915,0.6237107943,0.56146189,0.5906739691
3766,1.0,0.0,0.0,0.0,1.0,1.0,0.2980214641,0.2971312699,0.4612850085,0.6187846454,0.560810923,0.5909092531
3767,1.0,0.0,0.0,0.0,1.0,1.0,0.2370692,0.2041113132,0.4658703726,0.5899285654,0.542253625,0.6379311864
3768,1.0,0.0,0.0,0.0,1.0,1.0,0.1466088268,0.1102325017,0.4525938973,0.5,0.5073529551,0.4833338479
3769,1.0,0.0,0.0,0.0,1.0,1.0,0.1956948393,0.1540358488,0.4493006388,0.5803579952,0.5232976956,0.6279061427
3770,1.0,0.0,0.0,0.0,1.0,1.0,0.2602886238,0.2446909359,0.4490817844,0.6153838834,0.5482758469,0.6197185623
3771,1.0,0.0,0.0,0.0,1.0,1.0,0.2885827353,0.2910831682,0.4469820809,0.6271190109,0.5521883363,0.6069371274
3772,1.0,0.0,0.0,0.0,1.0,1.0,0.307892558,0.3158771023,0.445161264,0.6230366838,0.561872985,0.5873022592
3773,1.0,0.0,0.0,0.0,1.0,1.0,0.3149366772,0.3248188227,0.4453376052,0.6173475655,0.5566666198,0.594871245
3774,1.0,0.0,0.0,0.0,1.0,1.0,0.3192438083,0.3303801532,0.4382022645,0.6080401417,0.5514948836,0.5879392512
3775,1.0,0.0,0.0,0.0,1.0,1.0,0.3203951091,0.3287637493,0.4401912987,0.6069651952,0.5559209606,0.5899999149
3776,1.0,0.0,0.0,0.0,1.0,1.0,0.3246998529,0.3369829186,0.4358162297,0.6000004185,0.549342031,0.5853653433
3777,1.0,0.0,0.0,0.0,1.0,1.0,0.3220424965,0.330962593,0.4380952867,0.5960589156,0.5540984758,0.5841584579
3778,1.0,0.0,0.0,0.0,1.0,1.0,0.3161173644,0.3259767877,0.4392970684,0.6161619139,0.5562915399,0.5888322645
3779,1.0,0.0,0.0,0.0,1.0,1.0,0.3189707116,0.3303524077,0.482815069,0.6153839428,0.5906038661,0.588832372
3780,1.0,0.0,0.0,0.0,1.0,1.0,0.3239685196,0.3337009009,0.4829822258,0.6099994066,0.5913621157,0.5920399741
3781,1.0,0.0,0.0,0.0,1.0,1.0,0.3245361225,0.342001573,0.4846527079,0.6119394893,0.5946841167,0.5825234763
3782,1.0,0.0,0.0,0.0,1.0,1.0,0.3158691755,0.3303801455,0.4764992381,0.6153848688,0.5880397136,0.582914189
3783,1.0,0.0,0.0,0.0,1.0,1.0,0.3245363126,0.3353612381,0.4733440954,0.6069653572,0.5847177211,0.589108626
3784,1.0,0.0,0.0,0.0,1.0,1.0,0.3299284904,0.3392144865,0.4734299628,0.6048787342,0.5860925551,0.5804871296
3785,1.0,0.0,0.0,0.0,1.0,1.0,0.320788558,0.3320403854,0.4725806087,0.6180907293,0.5847176697,0.5900008496
3786,1.0,0.0,0.0,0.0,1.0,1.0,0.3180775851,0.3320403361,0.4798061973,0.6142137336,0.588039912,0.5900001393
3787,1.0,0.0,0.0,0.0,1.0,1.0,0.3261507271,0.3375599555,0.486268182,0.6138611246,0.5960264714,0.5882357864
3788,1.0,0.0,0.0,0.0,1.0,1.0,0.3239679731,0.3320403067,0.4894651582,0.6150006723,0.5946841688,0.5950004162
3789,1.0,0.0,0.0,0.0,1.0,1.0,0.317564547,0.3303805065,0.4935482844,0.619289909,0.601328844,0.587939387
3790,1.0,0.0,0.0,0.0,1.0,1.0,0.3158687659,0.3264845429,0.4943274373,0.620513198,0.5933332953,0.591836244
3791,1.0,0.0,0.0,0.0,1.0,1.0,0.3244943059,0.3342615835,0.4886363355,0.61,0.5953175221,0.59
3792,1.0,0.0,0.0,0.0,1.0,1.0,0.3218268012,0.3320407041,0.4870549565,0.6130656512,0.5946844669,0.5849993199
3793,1.0,0.0,0.0,0.0,1.0,1.0,0.3240566322,0.3370211067,0.4831461272,0.6138607778,0.588039919,0.5960600688
3794,1.0,0.0,0.0,0.0,1.0,1.0,0.3134248628,0.3226674897,0.4463999478,0.6173470283,0.5596026196,0.5897437875
3795,1.0,0.0,0.0,0.0,1.0,1.0,0.3118258464,0.3248186499,0.4400000748,0.6153852028,0.5566665379,0.6000008727
3796,1.0,0.0,0.0,0.0,1.0,1.0,0.3123256826,0.3243221819,0.4423076109,0.6153847005,0.5562914286,0.5969384497
3797,1.0,0.0,0.0,0.0,1.0,1.0,0.316117319,0.3259770125,0.4504792299,0.6161620449,0.5629140159,0.5989846494
3798,1.0,0.0,0.0,0.0,1.0,1.0,0.3188012161,0.330940972,0.44338113,0.6099996869,0.5562911872,0.5849999298
3799,1.0,0.0,0.0,0.0,1.0,1.0,0.3156968444,0.327631715,0.4444444254,0.6180903922,0.5596026526,0.5909087932
3800,1.0,0.0,0.0,0.0,1.0,1.0,0.3128269953,0.3208911708,0.4398074146,0.6205129841,0.5518395164,0.6041663874
3801,1.0,0.0,0.0,0.0,1.0,1.0,0.3177138482,0.3248185073,0.4456870093,0.6130659363,0.5566665193,0.6000002231
3802,1.0,0.0,0.0,0.0,1.0,1.0,0.3154438406,0.3242336392,0.4428341124,0.6173475202,0.5518395522,0.603092046
3803,1.0,0.0,0.0,0.0,1.0,1.0,0.3117228964,0.3198215362,0.4469452917,0.6185563787,0.5533334777,0.5989577634
3804,1.0,0.0,0.0,0.0,1.0,1.0,0.3213639794,0.3337061588,0.443729962,0.6200005555,0.5570467779,0.5979904946
3805,1.0,0.0,0.0,0.0,1.0,1.0,0.3169752353,0.3241432351,0.4449837993,0.6122444477,0.5574327296,0.5937505631
3806,1.0,0.0,0.0,0.0,1.0,1.0,0.3095043183,0.3173899444,0.4483870117,0.6145834985,0.56081091,0.6010644205
3807,1.0,0.0,0.0,0.0,1.0,1.0,0.310004901,0.3235480309,0.4474958641,0.6093751054,0.5525423927,0.6020949451
3808,1.0,0.0,0.0,0.0,1.0,1.0,0.3123257611,0.3213693495,0.4455127742,0.6102568254,0.5521886282,0.6020945076
3809,1.0,0.0,0.0,0.0,1.0,1.0,0.3065383113,0.3186140369,0.4424919042,0.6093746455,0.5536913524,0.6000002292
3810,1.0,0.0,0.0,0.0,1.0,1.0,0.3049415981,0.3142054863,0.4440894242,0.6178008925,0.5551840835,0.6063830401
3811,1.0,0.0,0.0,0.0,1.0,1.0,0.2544033917,0.2524540784,0.4611570191,0.6168840286,0.5570933955,0.6369861142
3812,1.0,0.0,0.0,0.0,1.0,1.0,0.1706363971,0.1422561937,0.4634145852,0.5714288772,0.5182481752,0.6410265374
3813,1.0,0.0,0.0,0.0,1.0,1.0,0.1665736659,0.1438045668,0.4604810458,0.5979376369,0.5251798373,0.6374988649
3814,1.0,0.0,0.0,0.0,1.0,1.0,0.2049701282,0.1860665549,0.4423728431,0.5867779109,0.517730235,0.638094106
3815,1.0,0.0,0.0,0.0,1.0,1.0,0.2403929438,0.2377143931,0.4497529468,0.6438361658,0.5416667876,0.6423363458
3816,1.0,0.0,0.0,0.0,1.0,1.0,0.2688935018,0.2770562474,0.4554294402,0.6144583242,0.5578228618,0.6073627299
3817,1.0,0.0,0.0,0.0,1.0,1.0,0.2931054222,0.3001680815,0.4631410076,0.6174864477,0.5704699556,0.6033513595
3818,1.0,0.0,0.0,0.0,1.0,1.0,0.3036890111,0.3129567967,0.4565917239,0.6137564996,0.5656564379,0.596774026
3819,1.0,0.0,0.0,0.0,1.0,1.0,0.3028614115,0.310862934,0.4561403032,0.6210527142,0.5652174068,0.6075268879
3820,1.0,0.0,0.0,0.0,1.0,1.0,0.3135190865,0.3242336574,0.4554139769,0.6040606804,0.5618728229,0.6030929382
3821,1.0,0.0,0.0,0.0,1.0,1.0,0.3039706424,0.3186141237,0.4538217097,0.6178012631,0.5604028632,0.6052622484
3822,1.0,0.0,0.0,0.0,1.0,1.0,0.3065382591,0.3186139039,0.4504792904,0.614583345,0.5570472517,0.599999773
3823,1.0,0.0,0.0,0.0,1.0,1.0,0.3098427912,0.3208909387,0.4546900608,0.6153853696,0.5585284281,0.6093747061
3824,1.0,0.0,0.0,0.0,1.0,1.0,0.3146096123,0.3269988294,0.4483306794,0.6111108676,0.557046743,0.5999993323
3825,1.0,0.0,0.0,0.0,1.0,1.0,0.3066647009,0.3175483161,0.4515104228,0.6217621987,0.555184168,0.6052631879
3826,1.0,0.0,0.0,0.0,1.0,1.0,0.3060493674,0.3192198648,0.4545454388,0.6145837452,0.558528627,0.6125658018
3827,1.0,0.0,0.0,0.0,1.0,1.0,0.3054291566,0.3196864898,0.4560000277,0.6125660974,0.5589225908,0.5947372137
3828,1.0,0.0,0.0,0.0,1.0,1.0,0.297433902,0.3173903575,0.45759994,0.6129034157,0.5641892954,0.595744309
3829,1.0,0.0,0.0,0.0,1.0,1.0,0.3080141584,0.3230518442,0.4638843832,0.6145832272,0.569023601,0.6041663129
3830,1.0,0.0,0.0,0.0,1.0,1.0,0.2972616036,0.3123255717,0.4581993976,0.6216217151,0.5675676065,0.6054052558
3831,1.0,0.0,0.0,0.0,1.0,1.0,0.2974339442,0.3146391703,0.4624001013,0.6236552867,0.5622895131,0.6042779818
3832,1.0,0.0,0.0,0.0,1.0,1.0,0.29886864,0.3123253022,0.4581992915,0.6129033756,0.5608106014,0.6000002335
3833,1.0,0.0,0.0,0.0,1.0,1.0,0.3015972954,0.3163216388,0.4670946804,0.6223402249,0.5723904178,0.6010631671
3834,1.0,0.0,0.0,0.0,1.0,1.0,0.3102268489,0.3297820983,0.4607999461,0.6185568286,0.5723906775,0.5918357351
3835,1.0,0.0,0.0,0.0,1.0,1.0,0.304317057,0.3196869498,0.4567306997,0.6210522004,0.562289566,0.605262589
3836,1.0,0.0,0.0,0.0,1.0,1.0,0.3022312359,0.321369447,0.4655999373,0.6190475093,0.5690235061,0.602094963
3837,1.0,0.0,0.0,0.0,1.0,1.0,0.3006319075,0.3169371588,0.4735999686,0.62234108,0.5771810417,0.6031740456
3838,1.0,0.0,0.0,0.0,1.0,1.0,0.2995122446,0.3146391049,0.4711539273,0.6203201663,0.5723905798,0.5989304564
3839,1.0,0.0,0.0,0.0,1.0,1.0,0.3012670345,0.3192197947,0.4657097342,0.6190477294,0.571906166,0.6020934363
3840,1.0,0.0,0.0,0.0,1.0,1.0,0.2990329858,0.318004303,0.4624000894,0.6203206593,0.5723904958,0.6031744771
3841,1.0,0.0,0.0,0.0,1.0,1.0,0.2980791761,0.3196868774,0.4657097458,0.6256691243,0.5757577083,0.5947367701
3842,1.0,0.0,0.0,0.0,1.0,1.0,0.3011139934,0.3135830926,0.4631409589,0.6223406741,0.5704699096,0.6042774498
3843,1.0,0.0,0.0,0.0,1.0,1.0,0.2935760102,0.3112741074,0.4622792871,0.6284157159,0.5723906669,0.6108109671
3844,1.0,0.0,0.0,0.0,1.0,1.0,0.2966085743,0.3140139516,0.4693548567,0.6195649991,0.5743243714,0.5967736847
3845,1.0,0.0,0.0,0.0,1.0,1.0,0.2999930681,0.3123255512,0.4686998821,0.6203204012,0.5743242275,0.6
3846,1.0,0.0,0.0,0.0,1.0,1.0,0.2919718839,0.3099965052,0.4654896021,0.6153848876,0.5694917251,0.5956280691
3847,1.0,0.0,0.0,0.0,1.0,1.0,0.2894821877,0.3049143891,0.4724919769,0.6201120284,0.5728814192,0.6000002399
3848,1.0,0.0,0.0,0.0,1.0,1.0,0.2956547257,0.3184661819,0.4646302366,0.625,0.5694916515,0.5957444129
3849,1.0,0.0,0.0,0.0,1.0,1.0,0.2977401734,0.3106375181,0.4685990497,0.6324321624,0.5709459361,0.5978259981
3850,1.0,0.0,0.0,0.0,1.0,1.0,0.2991857555,0.314013523,0.4692556708,0.6270264691,0.5709459992,0.6021503369
3851,1.0,0.0,0.0,0.0,1.0,1.0,0.2966088883,0.3089489998,0.46290323,0.6141299821,0.5675675282,0.5956286409
3852,1.0,0.0,0.0,0.0,1.0,1.0,0.2982202638,0.3129566291,0.458064535,0.6162160789,0.5622895574,0.5967747308
3853,1.0,0.0,0.0,0.0,1.0,1.0,0.2933847083,0.3055728903,0.4629031273,0.6208794196,0.5675673947,0.6022099383
3854,1.0,0.0,0.0,0.0,1.0,1.0,0.3012904744,0.3178499109,0.4683954456,0.6182805873,0.5680269243,0.5989305979
3855,1.0,0.0,0.0,0.0,1.0,1.0,0.2969123682,0.3116904362,0.464285736,0.6174866323,0.5627119478,0.5978263394
3856,1.0,0.0,0.0,0.0,1.0,1.0,0.2975684669,0.3161500043,0.4563107639,0.6086952046,0.5646258065,0.586021037
3857,1.0,0.0,0.0,0.0,1.0,1.0,0.3035464015,0.3229488,0.4620354726,0.6170213253,0.5612243406,0.5894735889
3858,1.0,0.0,0.0,0.0,1.0,1.0,0.3040375505,0.3157019404,0.4644012348,0.6117025184,0.5641892729,0.5989302344
3859,1.0,0.0,0.0,0.0,1.0,1.0,0.3057873127,0.3241434269,0.4541063995,0.6210519209,0.5608107059,0.5937506611
3860,1.0,0.0,0.0,0.0,1.0,1.0,0.2999957518,0.3138181136,0.4632953611,0.6195652174,0.5631398465,0.5923913043
3861,1.0,0.0,0.0,0.0,1.0,1.0,0.2952895795,0.3110504819,0.4659091174,0.6263736135,0.5680271751,0.5901634379
3862,1.0,0.0,0.0,0.0,1.0,1.0,0.2941445665,0.3131813387,0.4634146172,0.6187844587,0.5650684881,0.5846997276
3863,1.0,0.0,0.0,0.0,1.0,1.0,0.2955864902,0.3069958115,0.4656862608,0.618785271,0.569965989,0.588889154
3864,1.0,0.0,0.0,0.0,1.0,1.0,0.2973949222,0.3083024525,0.4666665746,0.6284158018,0.5694912631,0.5989011246
3865,1.0,0.0,0.0,0.0,1.0,1.0,0.3012902407,0.3150784618,0.4667746735,0.6236561215,0.5694915266,0.5860211818
3866,1.0,0.0,0.0,0.0,1.0,1.0,0.3062808527,0.3180042493,0.4580645315,0.6263155082,0.5656566915,0.5873009299
3867,1.0,0.0,0.0,0.0,1.0,1.0,0.2996703856,0.3150783569,0.4505673022,0.6270274056,0.5593220461,0.5913986845
3868,1.0,0.0,0.0,0.0,1.0,1.0,0.2990197476,0.3123254253,0.4536585737,0.6249995665,0.557432487,0.58918904
3869,1.0,0.0,0.0,0.0,1.0,1.0,0.3034021146,0.3180040716,0.4480520619,0.6203208374,0.5555556348,0.5820104693
3870,1.0,0.0,0.0,0.0,1.0,1.0,0.3008030124,0.315701905,0.4514563693,0.6236555733,0.5608109476,0.5882352279
3871,1.0,0.0,0.0,0.0,1.0,1.0,0.3048869802,0.3167724813,0.4535073338,0.6203207883,0.5627119209,0.5935830897
3872,1.0,0.0,0.0,0.0,1.0,1.0,0.3034019056,0.3140138346,0.4512986628,0.6256685775,0.5574323057,0.5913987263
3873,1.0,0.0,0.0,0.0,1.0,1.0,0.3006448187,0.3116905055,0.4455285196,0.6162165393,0.5525424071,0.5869560947
3874,1.0,0.0,0.0,0.0,1.0,1.0,0.3001568848,0.3138182463,0.4512986672,0.6216215286,0.5563140487,0.5923910599
3875,1.0,0.0,0.0,0.0,1.0,1.0,0.3016262152,0.3150781799,0.4600325715,0.6324320604,0.5593220887,0.5967737703
3876,1.0,0.0,0.0,0.0,1.0,1.0,0.2916405933,0.303584589,0.4622950922,0.6292136297,0.5665528605,0.5955052982
3877,1.0,0.0,0.0,0.0,1.0,1.0,0.2972196952,0.3097584052,0.4624183367,0.620878156,0.5650683539,0.5856359656
3878,1.0,0.0,0.0,0.0,1.0,1.0,0.2960704217,0.3069958279,0.4615385416,0.6187849834,0.5631397614,0.5888889412
3879,1.0,0.0,0.0,0.0,1.0,1.0,0.2937605569,0.3018788355,0.4663383124,0.6368711929,0.5665527478,0.5988700431
3880,1.0,0.0,0.0,0.0,1.0,1.0,0.2967346174,0.3015265965,0.4616640132,0.6208793457,0.5627119072,0.5955053091
3881,1.0,0.0,0.0,0.0,1.0,1.0,0.2965559713,0.3042518052,0.4590163391,0.6298342931,0.5646260202,0.5977644595
3882,1.0,0.0,0.0,0.0,1.0,1.0,0.2978792138,0.3093510708,0.4592833253,0.6338804066,0.5612243786,0.5989003895
3883,1.0,0.0,0.0,0.0,1.0,1.0,0.3026132407,0.3133841282,0.4697216993,0.6324323947,0.5728813658,0.6000002328
3884,1.0,0.0,0.0,0.0,1.0,1.0,0.2831752015,0.281092801,0.5166666899,0.6117638935,0.6041664393,0.6111108954
3885,1.0,0.0,0.0,0.0,1.0,1.0,0.26212111,0.2393768585,0.5516074099,0.5870966785,0.6223778599,0.6131385748
3886,1.0,0.0,0.0,0.0,1.0,1.0,0.2460427404,0.2226825791,0.5551783015,0.5724140505,0.617543697,0.6141736672
3887,1.0,0.0,0.0,0.0,1.0,1.0,0.2455966961,0.2154274484,0.546075192,0.5555561894,0.6113073308,0.6229514544
3888,1.0,0.0,0.0,0.0,1.0,1.0,0.2421854874,0.2108754454,0.5409555522,0.5704230794,0.602836843,0.6386550089
3889,1.0,0.0,0.0,0.0,1.0,1.0,0.2385224089,0.2079259529,0.5411763623,0.5633803438,0.6083917563,0.6302521451
3890,1.0,0.0,0.0,0.0,1.0,1.0,0.2422890434,0.2159075222,0.5471380953,0.5555565065,0.6097560452,0.6129034395
3891,1.0,0.0,0.0,0.0,1.0,1.0,0.2452413632,0.2159072812,0.546218539,0.5616440511,0.6132402509,0.645161073
3892,1.0,0.0,0.0,0.0,1.0,1.0,0.2427457146,0.2230589103,0.552763762,0.5793094401,0.6228376797,0.6511622127
3893,1.0,0.0,0.0,0.0,1.0,1.0,0.2506958832,0.226677245,0.5484950423,0.5733328263,0.6185564841,0.6136357817
3894,1.0,0.0,0.0,0.0,1.0,1.0,0.24328514,0.2283947205,0.5493421891,0.5810810615,0.6185566289,0.6315778435
3895,1.0,0.0,0.0,0.0,1.0,1.0,0.242487746,0.2276125874,0.542623027,0.5810814543,0.6164383309,0.639098912
3896,1.0,0.0,0.0,0.0,1.0,1.0,0.2351628544,0.2200136874,0.5343136667,0.5902776649,0.6109212105,0.6434113644
3897,1.0,0.0,0.0,0.0,1.0,1.0,0.232657014,0.2171199787,0.5377049252,0.5774646616,0.6137929206,0.6428576274
3898,1.0,0.0,0.0,0.0,1.0,1.0,0.2268468983,0.2136738002,0.54111842,0.5869560821,0.6137930754,0.6532250385
3899,1.0,0.0,0.0,0.0,1.0,1.0,0.2339120573,0.2266775993,0.541734828,0.5874129249,0.6151201604,0.6515142851
3900,1.0,0.0,0.0,0.0,1.0,1.0,0.2301347837,0.2188434689,0.531249953,0.607142967,0.6068964519,0.6771647268
3901,1.0,0.0,0.0,0.0,1.0,1.0,0.2454203335,0.2464841515,0.5298868902,0.6052628572,0.6148647336,0.6506843714
3902,1.0,0.0,0.0,0.0,1.0,1.0,0.2558570175,0.2649523256,0.5183999839,0.6187502735,0.6107383166,0.6392407605
3903,1.0,0.0,0.0,0.0,1.0,1.0,0.2798436041,0.2974927748,0.519999888,0.6114286929,0.6153846154,0.6179777629
3904,1.0,0.0,0.0,0.0,1.0,1.0,0.2807421574,0.3001676748,0.5216692963,0.6114286785,0.6140940754,0.620111452
3905,1.0,0.0,0.0,0.0,1.0,1.0,0.2919717062,0.309591246,0.5168538963,0.6098906625,0.6127948054,0.6250002961
3906,1.0,0.0,0.0,0.0,1.0,1.0,0.2963088257,0.3163214523,0.5208333552,0.5999995287,0.6127948338,0.6170211779
3907,1.0,0.0,0.0,0.0,1.0,1.0,0.2966596251,0.3148238923,0.5206349791,0.6149731872,0.6200000218,0.6084657672
3908,1.0,0.0,0.0,0.0,1.0,1.0,0.3014189959,0.324233402,0.5158730152,0.5999997689,0.6153848412,0.6134024061
3909,1.0,0.0,0.0,0.0,1.0,1.0,0.3022313721,0.3192198285,0.520000028,0.6031747873,0.6153846718,0.6020944392
3910,1.0,0.0,0.0,0.0,1.0,1.0,0.3047268964,0.3253993865,0.5197472004,0.6062176401,0.6112954236,0.6071432564
3911,1.0,0.0,0.0,0.0,1.0,1.0,0.307399093,0.3270602439,0.5173501205,0.6051282565,0.6146179114,0.6040613447
3912,1.0,0.0,0.0,0.0,1.0,1.0,0.3072769052,0.3259050708,0.5198099256,0.6082475404,0.6153845015,0.6051281061
3913,1.0,0.0,0.0,0.0,1.0,1.0,0.2998325902,0.3208909856,0.5174602707,0.6031745846,0.6086956039,0.6145836334
3914,1.0,0.0,0.0,0.0,1.0,1.0,0.3018983585,0.3198213845,0.5214626141,0.6052630359,0.6166665994,0.6197917264
3915,1.0,0.0,0.0,0.0,1.0,1.0,0.3045919002,0.3214873592,0.5238096488,0.5989586923,0.6166668381,0.6062175278
3916,1.0,0.0,0.0,0.0,1.0,1.0,0.3093513239,0.3298157517,0.5174603856,0.5999995596,0.6199999642,0.6060608361
3917,1.0,0.0,0.0,0.0,1.0,1.0,0.3172831486,0.3392750639,0.4984127028,0.5950002141,0.5986623215,0.6009850938
3918,1.0,0.0,0.0,0.0,1.0,1.0,0.311534728,0.3342619212,0.4999999132,0.6040605233,0.5986621288,0.6199998024
3919,1.0,0.0,0.0,0.0,1.0,1.0,0.3174328365,0.3408694303,0.5000000869,0.6089111242,0.6026490042,0.6067957412
3920,1.0,0.0,0.0,0.0,1.0,1.0,0.3200103049,0.3425238376,0.5015772094,0.6009848688,0.6026488045,0.6086954698
3921,1.0,0.0,0.0,0.0,1.0,1.0,0.3189370738,0.3381445167,0.4976303211,0.608910918,0.5966667251,0.6157633446
3922,1.0,0.0,0.0,0.0,1.0,1.0,0.316279138,0.3331473083,0.5000000874,0.600000221,0.6,0.6050002873
3923,1.0,0.0,0.0,0.0,1.0,1.0,0.315110441,0.33259026,0.5000001298,0.6010101398,0.5986622499,0.6080398441
3924,1.0,0.0,0.0,0.0,1.0,1.0,0.3088608584,0.3236448537,0.4659270302,0.6051287266,0.5637583,0.6165801689
3925,1.0,0.0,0.0,0.0,1.0,1.0,0.3179324675,0.3342615036,0.4692913925,0.6039603208,0.5685621156,0.6100005702
3926,1.0,0.0,0.0,0.0,1.0,1.0,0.3200106717,0.3348130167,0.4605679455,0.6009851562,0.5633333046,0.6019894712
3927,1.0,0.0,0.0,0.0,1.0,1.0,0.3126216245,0.3253215534,0.4581359141,0.6010093378,0.5604026722,0.6082473175
3928,1.0,0.0,0.0,0.0,1.0,1.0,0.3132108388,0.3309189285,0.4598425737,0.5979903321,0.5652171681,0.6060603374
3929,1.0,0.0,0.0,0.0,1.0,1.0,0.3216415209,0.3342507596,0.4631083132,0.6000002162,0.5662248741,0.6039608306
3930,1.0,0.0,0.0,0.0,1.0,1.0,0.3164376407,0.3359327146,0.4608151041,0.6039602114,0.5618729766,0.6069650151
3931,1.0,0.0,0.0,0.0,1.0,1.0,0.308975687,0.3186139228,0.4116719019,0.6122449432,0.5167787509,0.6052633685
3932,1.0,0.0,0.0,0.0,1.0,1.0,0.3092023313,0.3180042326,0.3531249553,0.6010098382,0.4511783543,0.5978836838
3933,1.0,0.0,0.0,0.0,1.0,1.0,0.3086052312,0.3190785504,0.3432601465,0.5989854043,0.4391891842,0.6031747137
3934,1.0,0.0,0.0,0.0,1.0,1.0,0.3066823286,0.3180045121,0.3411214092,0.6040600791,0.4377104277,0.6031744736
3935,1.0,0.0,0.0,0.0,1.0,1.0,0.3077594936,0.3213690495,0.3452565554,0.6010105451,0.4410776383,0.5863879117
3936,1.0,0.0,0.0,0.0,1.0,1.0,0.3156943019,0.3281499097,0.3513097825,0.600000863,0.4500001473,0.5888328634
3937,1.0,0.0,0.0,0.0,1.0,1.0,0.3009239384,0.3095913729,0.3494540084,0.6062185227,0.4444443215,0.60326063
3938,1.0,0.0,0.0,0.0,1.0,1.0,0.3041781171,0.3142057816,0.3416150014,0.6020408393,0.4414716816,0.5957446309
3939,1.0,0.0,0.0,0.0,1.0,1.0,0.3004553449,0.3129568586,0.3504672465,0.6113986861,0.4444444033,0.5967742317
3940,1.0,0.0,0.0,0.0,1.0,1.0,0.2987375685,0.3099961616,0.348982748,0.6125655472,0.4440676669,0.6010931647
3941,1.0,0.0,0.0,0.0,1.0,1.0,0.3017772154,0.3108632162,0.3431907164,0.6134012944,0.4448160878,0.5967742125
3942,1.0,0.0,0.0,0.0,1.0,1.0,0.2949688327,0.3110509799,0.3516484061,0.6010637251,0.4421768783,0.6010930262
3943,1.0,0.0,0.0,0.0,1.0,1.0,0.3032895794,0.3133844302,0.3474842575,0.6113988696,0.4440679652,0.5999997631
3944,1.0,0.0,0.0,0.0,1.0,1.0,0.3069154294,0.3207671116,0.3527559946,0.6051279798,0.4493241852,0.5947366108
3945,1.0,0.0,0.0,0.0,1.0,1.0,0.3037676527,0.3140138183,0.3480314648,0.6113984447,0.4425675539,0.5967744008
3946,1.0,0.0,0.0,0.0,1.0,1.0,0.3036279073,0.3116903896,0.3496834959,0.6093756185,0.4406777978,0.5978260741
3947,1.0,0.0,0.0,0.0,1.0,1.0,0.2887276238,0.2943560771,0.3523809409,0.6208791997,0.4417807467,0.6104649177
3948,1.0,0.0,0.0,0.0,1.0,1.0,0.2837535271,0.2886898513,0.3517349857,0.6222215488,0.4425674008,0.6081879255
3949,1.0,0.0,0.0,0.0,1.0,1.0,0.2848650907,0.2923538182,0.4138487112,0.610169718,0.5034015072,0.610465596
3950,1.0,0.0,0.0,0.0,1.0,1.0,0.2832813249,0.2884295752,0.4219745653,0.6123596125,0.5100671165,0.6162797482
3951,1.0,0.0,0.0,0.0,1.0,1.0,0.2789512501,0.2860353192,0.4210526135,0.6171425335,0.5084172497,0.6117645866
3952,1.0,0.0,0.0,0.0,1.0,1.0,0.2878393548,0.295442997,0.4287999438,0.6055549728,0.5168916327,0.6114286359
3953,1.0,0.0,0.0,0.0,1.0,1.0,0.287839136,0.2964447417,0.4223999531,0.6166666466,0.5152541078,0.6057146043
3954,1.0,0.0,0.0,0.0,1.0,1.0,0.2917032046,0.3005081835,0.4226475223,0.6120218056,0.5168919794,0.6123599793
3955,1.0,0.0,0.0,0.0,1.0,1.0,0.2985550859,0.3055725785,0.4249200288,0.6042781612,0.5101353209,0.6022104649
3956,1.0,0.0,0.0,0.0,1.0,1.0,0.2937657942,0.3021961854,0.4249200993,0.6141309927,0.5168921172,0.614524999
3957,1.0,0.0,0.0,0.0,1.0,1.0,0.2848730067,0.2934602325,0.4506369403,0.6312851937,0.5469797254,0.6114294424
3958,1.0,0.0,0.0,0.0,1.0,1.0,0.2821006356,0.2903785885,0.4532257447,0.6228575146,0.5506755758,0.6162796321
3959,1.0,0.0,0.0,0.0,1.0,1.0,0.2908344927,0.2978133705,0.4549840034,0.6243090776,0.5488215975,0.6158198739
3960,1.0,0.0,0.0,0.0,1.0,1.0,0.2871590014,0.296130521,0.4574640278,0.6256980493,0.5589225627,0.6193175993
3961,1.0,0.0,0.0,0.0,1.0,1.0,0.2862402275,0.2951370682,0.447999989,0.6201118322,0.5436240622,0.6136361976
3962,1.0,0.0,0.0,0.0,1.0,1.0,0.2850972906,0.2944483674,0.4567308265,0.634831861,0.5521885695,0.6228567644
3963,1.0,0.0,0.0,0.0,1.0,1.0,0.2850972581,0.2910832736,0.4599359497,0.6348306252,0.555555392,0.6184976726
3964,1.0,0.0,0.0,0.0,1.0,1.0,0.2837123842,0.294448427,0.4548386218,0.630681602,0.5589226201,0.6285714638
3965,1.0,0.0,0.0,0.0,1.0,1.0,0.2871590829,0.2951373134,0.460674208,0.6256977498,0.5570470188,0.6136369506
3966,1.0,0.0,0.0,0.0,1.0,1.0,0.2901092802,0.2968137698,0.4561404219,0.6263731171,0.5570471673,0.6101691602
3967,1.0,0.0,0.0,0.0,1.0,1.0,0.2866988973,0.2968140363,0.4631410719,0.6201119559,0.5637584995,0.6045204824
3968,1.0,0.0,0.0,0.0,1.0,1.0,0.2725748417,0.2804555027,0.4594156185,0.6250001591,0.5544216797,0.6121214241
3969,1.0,0.0,0.0,0.0,1.0,1.0,0.2580257214,0.258417609,0.4607843769,0.620252576,0.5513698896,0.6291391013
3970,1.0,0.0,0.0,0.0,1.0,1.0,0.2547597974,0.2481490912,0.4607843528,0.608973761,0.5410958064,0.6344833888
3971,1.0,0.0,0.0,0.0,1.0,1.0,0.2395358607,0.2265171906,0.4611569937,0.5931027222,0.5294117866,0.6259529456
3972,1.0,0.0,0.0,0.0,1.0,1.0,0.2300039574,0.2109546709,0.4602649464,0.5899287148,0.5294118742,0.6229496918
3973,1.0,0.0,0.0,0.0,1.0,1.0,0.2187831005,0.2005797973,0.4610281761,0.5833340109,0.5259514967,0.6293102332
3974,1.0,0.0,0.0,0.0,1.0,1.0,0.2127523309,0.1943355876,0.4636963605,0.5891466972,0.5312500925,0.6250002381
3975,1.0,0.0,0.0,0.0,1.0,1.0,0.2171259529,0.1960713736,0.4593698371,0.587787113,0.5243057636,0.6194691464
3976,1.0,0.0,0.0,0.0,1.0,1.0,0.2048443358,0.1856602722,0.4479338055,0.6048388508,0.5243057595,0.6355155921
3977,1.0,0.0,0.0,0.0,1.0,1.0,0.2045060925,0.1839250509,0.4438944338,0.5967744686,0.5208333104,0.6320761116
3978,1.0,0.0,0.0,0.0,1.0,1.0,0.2051835132,0.1863073213,0.4536423414,0.5967750551,0.5191639614,0.6355137014
3979,1.0,0.0,0.0,0.0,1.0,1.0,0.2015402003,0.1798306696,0.4512396991,0.5983609771,0.5224912883,0.6153836504
3980,1.0,0.0,0.0,0.0,1.0,1.0,0.2041692851,0.1832887133,0.4481053745,0.6048395119,0.5155709964,0.6226403539
3981,1.0,0.0,0.0,0.0,1.0,1.0,0.1979092099,0.1763720955,0.4471946959,0.6,0.5155707983,0.6176459352
3982,1.0,0.0,0.0,0.0,1.0,1.0,0.1982365333,0.1776010647,0.4446281322,0.5916661323,0.5156793738,0.6372546554
3983,1.0,0.0,0.0,0.0,1.0,1.0,0.1958705322,0.1724391148,0.4371860247,0.6068381149,0.5035211443,0.6224479611
3984,1.0,0.0,0.0,0.0,1.0,1.0,0.1941963541,0.1724388554,0.4438860603,0.5862063881,0.5070423436,0.6224491577
3985,1.0,0.0,0.0,0.0,1.0,1.0,0.1766690682,0.1606876253,0.441077446,0.5904768419,0.5053003778,0.6373628739
3986,1.0,0.0,0.0,0.0,1.0,1.0,0.1824772822,0.1606879564,0.445561136,0.5871564927,0.5088340251,0.6153853487
3987,1.0,0.0,0.0,0.0,1.0,1.0,0.1786522301,0.1582745938,0.4485666057,0.5943395453,0.50889665,0.6404480113
3988,1.0,0.0,0.0,0.0,1.0,1.0,0.1534977547,0.1348166077,0.4470989513,0.5999995271,0.507194396,0.6133335603
3989,1.0,0.0,0.0,0.0,1.0,1.0,0.1493224075,0.1320692116,0.4482172736,0.6136365309,0.5071428131,0.6351352534
3990,1.0,0.0,0.0,0.0,1.0,1.0,0.1562150956,0.1382206549,0.4504201205,0.6021504635,0.5177305717,0.641027468
3991,1.0,0.0,0.0,0.0,1.0,1.0,0.1439874182,0.1231453488,0.452542375,0.6000010123,0.5142857143,0.6521740486
3992,1.0,0.0,0.0,0.0,1.0,1.0,0.1393781703,0.117791515,0.4557823104,0.5853668168,0.5142858794,0.6363645284
3993,1.0,0.0,0.0,0.0,1.0,1.0,0.1354305822,0.11406678,0.4511149711,0.5949351955,0.5036234193,0.6031748736
3994,1.0,0.0,0.0,0.0,1.0,1.0,0.1191047439,0.1108472406,0.4594128348,0.5652184745,0.5054544674,0.5081970678
3995,1.0,0.0,0.0,0.0,1.0,1.0,0.125147414,0.1221943934,0.4626087574,0.5555539099,0.5072992545,0.4776108
3996,1.0,0.0,0.0,0.0,1.0,1.0,0.1251473188,0.1208115222,0.4626087508,0.513888806,0.5091576359,0.4696971669
3997,1.0,0.0,0.0,0.0,1.0,1.0,0.1264670305,0.1263029772,0.4727591586,0.4305565381,0.5164834311,0.3623198659
3998,1.0,0.0,0.0,0.0,1.0,1.0,0.1214109329,0.1290792139,0.4683099523,0.5217406084,0.5092250835,0.5
3999,1.0,0.0,0.0,0.0,1.0,1.0,0.1306693717,0.1369608538,0.4752649941,0.4324324324,0.5111111981,0.4324324324
4000,1.0,0.0,0.0,0.0,1.0,1.0,0.1430267444,0.1404323775,0.4816754724,0.3902433989,0.5145984923,0.3636366135
4001,1.0,0.0,0.0,0.0,1.0,1.0,0.1405189077,0.1414650737,0.5008788608,0.4250003317,0.5294116959,0.3636353611
4002,1.0,0.0,0.0,0.0,1.0,1.0,0.1420165352,0.1369604132,0.50266422,0.3749993447,0.522222343,0.3378383357
4003,1.0,0.0,0.0,0.0,1.0,1.0,0.1455669848,0.1351097831,0.4795736749,0.3658540311,0.5000001932,0.3287677892
4004,1.0,0.0,0.0,0.0,1.0,1.0,0.1405187861,0.1322790232,0.4780316411,0.425000988,0.5073529867,0.3750010978
4005,1.0,0.0,0.0,0.0,1.0,1.0,0.1372470894,0.1377906947,0.4876759982,0.3974340243,0.5073528357,0.3199996623
4006,1.0,0.0,0.0,0.0,1.0,1.0,0.1422754527,0.1341162969,0.471001787,0.3950615016,0.4999998047,0.3424681074
4007,1.0,0.0,0.0,0.0,1.0,1.0,0.1417773474,0.1372860634,0.4746060073,0.3950601783,0.5091573686,0.3599982289
4008,1.0,0.0,0.0,0.0,1.0,1.0,0.1392519742,0.1286047813,0.4726630848,0.4050637,0.5073529412,0.3571437251
4009,1.0,0.0,0.0,0.0,1.0,1.0,0.140741381,0.1323890723,0.488413628,0.3797472406,0.5186567384,0.352112258
4010,1.0,0.0,0.0,0.0,1.0,1.0,0.1364483136,0.1351094766,0.4875886893,0.4155834586,0.5148151303,0.3698617124
4011,1.0,0.0,0.0,0.0,1.0,1.0,0.1390069095,0.1346113781,0.4753521802,0.3291160598,0.5055350208,0.3150680961
4012,1.0,0.0,0.0,0.0,1.0,1.0,0.1392522103,0.1341160256,0.4744268311,0.3797480205,0.5000001941,0.3561627577
4013,1.0,0.0,0.0,0.0,1.0,1.0,0.1389117303,0.1371415607,0.4891695613,0.3766233766,0.5075188075,0.3150684932
4014,1.0,0.0,0.0,0.0,1.0,1.0,0.1384119568,0.1366276391,0.4766187855,0.3376631538,0.498127245,0.3013695472
4015,1.0,0.0,0.0,0.0,1.0,1.0,0.1407155712,0.1395447096,0.4837544375,0.3076929307,0.5018868179,0.2567570644
4016,1.0,0.0,0.0,0.0,1.0,1.0,0.1445845116,0.1376587932,0.4792043183,0.3625008553,0.4905661052,0.3424675313
4017,1.0,0.0,0.0,0.0,1.0,1.0,0.1474584015,0.1368058242,0.484517337,0.2592606059,0.4904945048,0.2777776155
4018,1.0,0.0,0.0,0.0,1.0,1.0,0.1493630446,0.1449570721,0.4907749106,0.2592575376,0.4961831878,0.2368422501
4019,1.0,0.0,0.0,0.0,1.0,1.0,0.1477277509,0.1501064101,0.4854013188,0.2469133245,0.4866919607,0.2278482693
4020,1.0,0.0,0.0,0.0,1.0,1.0,0.1490880263,0.1493419936,0.488029457,0.1975314123,0.4904214311,0.1923083182
4021,1.0,0.0,0.0,0.0,1.0,1.0,0.1482691014,0.1463064036,0.4871795761,0.2469129388,0.4980991223,0.2207786174
4022,1.0,0.0,0.0,0.0,1.0,1.0,0.1464384915,0.1525866725,0.4963370935,0.2250019915,0.5038167939,0.1875016595
4023,1.0,0.0,0.0,0.0,1.0,1.0,0.1484675041,0.1470876599,0.48913039,0.2682909814,0.4981130417,0.2307690218
4024,1.0,0.0,0.0,0.0,1.0,1.0,0.1487369238,0.1438590369,0.4936478603,0.2439028243,0.5,0.2368408345
4025,1.0,0.0,0.0,0.0,1.0,1.0,0.1414650116,0.1449572988,0.5000000488,0.2337649064,0.5076333137,0.1973675373
4026,1.0,0.0,0.0,0.0,1.0,1.0,0.1427776357,0.146864742,0.4908423947,0.2307704739,0.503816693,0.2207804255
4027,1.0,0.0,0.0,0.0,1.0,1.0,0.142777142,0.1449573226,0.4963370461,0.243589639,0.5038169453,0.2236831453
4028,1.0,0.0,0.0,0.0,1.0,1.0,0.1419871985,0.1479943033,0.490774886,0.2077924951,0.4923074719,0.1688327849
4029,1.0,0.0,0.0,0.0,1.0,1.0,0.1456753969,0.1466364154,0.4999999025,0.2025325944,0.4980696446,0.1710528879
4030,1.0,0.0,0.0,0.0,1.0,1.0,0.1417254853,0.1493420735,0.4972374883,0.2077925625,0.4980842017,0.1538473982
4031,1.0,0.0,0.0,0.0,1.0,1.0,0.140923321,0.1466364208,0.4990723101,0.2236844706,0.4942086205,0.2105270588
4032,1.0,0.0,0.0,0.0,1.0,1.0,0.1427770343,0.1466359944,0.4990723478,0.2207783981,0.4903474035,0.1842093514
4033,1.0,0.0,0.0,0.0,1.0,1.0,0.1362039352,0.1485654575,0.5009208967,0.1891895755,0.5019306832,0.1688316684
4034,1.0,0.0,0.0,0.0,1.0,1.0,0.1451396269,0.1678598718,0.4999999507,0.1392395782,0.4942087883,0.1724126027
4035,1.0,0.0,0.0,0.0,1.0,1.0,0.1367074521,0.1601424619,0.5046209613,0.1351349788,0.5019304971,0.1445785308
4036,1.0,0.0,0.0,0.0,1.0,1.0,0.1404019923,0.15760436,0.4990758547,0.1447365453,0.5000002059,0.1463416546
4037,1.0,0.0,0.0,0.0,1.0,1.0,0.1417255381,0.1659308195,0.4917128018,0.168829454,0.4864863737,0.1744183122
4038,1.0,0.0,0.0,0.0,1.0,1.0,0.1311649847,0.1562832482,0.5009241833,0.1690143,0.5019304372,0.172839175
4039,1.0,0.0,0.0,0.0,1.0,1.0,0.136454892,0.1633705947,0.5,0.1621603522,0.4923078771,0.1529412063
4040,1.0,0.0,0.0,0.0,1.0,1.0,0.1285510849,0.1476447372,0.4855072266,0.2535216389,0.4962120657,0.2179468792
4041,1.0,0.0,0.0,0.0,1.0,1.0,0.1274332437,0.1392352813,0.4717669307,0.2571436602,0.4923664886,0.2054782624
4042,1.0,0.0,0.0,0.0,1.0,1.0,0.1162143537,0.1306086679,0.4597494541,0.4153844081,0.4848484597,0.3333343908
4043,1.0,0.0,0.0,0.0,1.0,1.0,0.1040709078,0.1235054335,0.4793537241,0.5517245277,0.5095056403,0.4923059854
4044,1.0,0.0,0.0,0.0,1.0,1.0,0.1625389181,0.1567392236,0.4273356804,0.6276601504,0.4944650034,0.6470585173
4045,1.0,0.0,0.0,0.0,1.0,1.0,0.2219099293,0.2246946819,0.4542373148,0.6412213349,0.5359713157,0.6559991541
4046,1.0,0.0,0.0,0.0,1.0,1.0,0.2765121638,0.282527727,0.4749999608,0.6204829722,0.5618375636,0.61875064
4047,1.0,0.0,0.0,0.0,1.0,1.0,0.267077746,0.2693532078,0.4722688972,0.622641741,0.5460990074,0.6315781216
4048,1.0,0.0,0.0,0.0,1.0,1.0,0.1253980336,0.1399996615,0.4999999503,0.4626859524,0.5058365871,0.3749992629
4049,1.0,0.0,0.0,0.0,1.0,1.0,0.1367074107,0.1455127263,0.4879851383,0.3243240901,0.4942530664,0.2499992969
4050,1.0,0.0,0.0,0.0,1.0,1.0,0.1317944574,0.1425056819,0.4853479814,0.4305553487,0.5057035119,0.3866668954
4051,1.0,0.0,0.0,0.0,1.0,1.0,0.1526419711,0.1349057195,0.4636363689,0.595237736,0.5095059263,0.6619734654
4052,1.0,0.0,0.0,0.0,1.0,1.0,0.2329131951,0.2243275615,0.4643477505,0.6268649481,0.5364963576,0.6422768378
4053,1.0,0.0,0.0,0.0,1.0,1.0,0.3003252135,0.3056711916,0.4794744797,0.6120214281,0.5738831537,0.6179773603
4054,1.0,0.0,0.0,0.0,1.0,1.0,0.3184496992,0.3348646145,0.4820262637,0.5999993245,0.5807560746,0.6051275816
4055,1.0,0.0,0.0,0.0,1.0,1.0,0.3443587835,0.3600680655,0.4727563021,0.5860467951,0.5723904176,0.5841124163
4056,1.0,0.0,0.0,0.0,1.0,1.0,0.2998326522,0.3112449195,0.4852459319,0.6010936429,0.5743945037,0.6055551352
4057,1.0,0.0,0.0,0.0,1.0,1.0,0.1154591391,0.1570005593,0.4873646731,0.4687508459,0.4904212431,0.3902441601
4058,1.0,0.0,0.0,0.0,1.0,1.0,0.1157442826,0.1543541205,0.498161764,0.4285704414,0.5019307127,0.3375018707
4059,1.0,0.0,0.0,0.0,1.0,1.0,0.1826746254,0.1690231746,0.474516678,0.5961533623,0.5330881278,0.6521728825
4060,1.0,0.0,0.0,0.0,1.0,1.0,0.2695310871,0.2725747977,0.4690117378,0.6149071764,0.5524475976,0.6217950863
4061,1.0,0.0,0.0,0.0,1.0,1.0,0.3326012336,0.3387939175,0.4770491161,0.5960599159,0.5694915694,0.6000004381
4062,1.0,0.0,0.0,0.0,1.0,1.0,0.3298488263,0.3411063674,0.4686468273,0.5950008742,0.5597271505,0.5949997676
4063,1.0,0.0,0.0,0.0,1.0,1.0,0.3303939705,0.3422745219,0.4611570465,0.6049996354,0.5513697659,0.6049996354
4064,1.0,0.0,0.0,0.0,1.0,1.0,0.3380707474,0.3508314593,0.4646962236,0.5873788634,0.5582190751,0.5902442214
4065,1.0,0.0,0.0,0.0,1.0,1.0,0.3407933022,0.348444986,0.480327847,0.5913458965,0.5714284654,0.5951225901
4066,1.0,0.0,0.0,0.0,1.0,1.0,0.341786438,0.353829251,0.4943274491,0.582938141,0.5872481894,0.5924164872
4067,1.0,0.0,0.0,0.0,1.0,1.0,0.3293431356,0.3433454693,0.4959216895,0.5792078015,0.5850337911,0.5940597095
4068,1.0,0.0,0.0,0.0,1.0,1.0,0.3276859087,0.3387939522,0.5032786305,0.5900000653,0.5898305672,0.5999993467
4069,1.0,0.0,0.0,0.0,1.0,1.0,0.2246134597,0.2038573245,0.5017421811,0.6046507378,0.5703970994,0.6637156057
4070,1.0,0.0,0.0,0.0,1.0,1.0,0.1336249511,0.1468647926,0.4670329864,0.3698626131,0.4885494225,0.3376620496
4071,1.0,0.0,0.0,0.0,1.0,1.0,0.1453732103,0.1590021514,0.4799999923,0.237501652,0.4962121379,0.1904759507
4072,1.0,0.0,0.0,0.0,1.0,1.0,0.1446078329,0.1552164229,0.4835164995,0.2151912328,0.4924243154,0.170732212
4073,1.0,0.0,0.0,0.0,1.0,1.0,0.1467070308,0.1602158462,0.4862385392,0.25,0.4923664292,0.1785714286
4074,1.0,0.0,0.0,0.0,1.0,1.0,0.1427775243,0.1558067501,0.4706958774,0.2820516326,0.48288976,0.2195118779
4075,1.0,0.0,0.0,0.0,1.0,1.0,0.1438175774,0.1558063214,0.4699454899,0.2531638421,0.4942966132,0.2195119424
4076,1.0,0.0,0.0,0.0,1.0,1.0,0.1347152381,0.1495376345,0.4717667921,0.256756024,0.4962122484,0.2151919715
4077,1.0,0.0,0.0,0.0,1.0,1.0,0.1360402664,0.1495378247,0.4773139756,0.3066683836,0.4999998013,0.2405049498
4078,1.0,0.0,0.0,0.0,1.0,1.0,0.1302021554,0.1525863994,0.4733944218,0.2816906857,0.4923664891,0.2249981513
4079,1.0,0.0,0.0,0.0,1.0,1.0,0.1299638639,0.1550857166,0.4652015043,0.2816889202,0.4865900227,0.2222213491
4080,1.0,0.0,0.0,0.0,1.0,1.0,0.1240185346,0.1411424562,0.4635035895,0.455883695,0.4885496027,0.3918900944
4081,1.0,0.0,0.0,0.0,1.0,1.0,0.1730482045,0.1708603631,0.4699647378,0.6122461459,0.5404414627,0.6559147951
4082,1.0,0.0,0.0,0.0,1.0,1.0,0.275476655,0.273531431,0.4689076221,0.609756293,0.5578949309,0.6346154116
4083,1.0,0.0,0.0,0.0,1.0,1.0,0.3270899509,0.3337177913,0.4628099683,0.5858589892,0.554794657,0.6051289097
4084,1.0,0.0,0.0,0.0,1.0,1.0,0.3320405031,0.3337177772,0.471760808,0.6,0.5582192531,0.6000006792
4085,1.0,0.0,0.0,0.0,1.0,1.0,0.2795048429,0.2805448713,0.4728813533,0.606060407,0.5508772063,0.6062500677
4086,1.0,0.0,0.0,0.0,1.0,1.0,0.1340036288,0.1447069271,0.4767225139,0.3888909695,0.4864862269,0.3199985619
4087,1.0,0.0,0.0,0.0,1.0,1.0,0.1200079504,0.1361107458,0.4859287576,0.4843755097,0.5019455932,0.4000017894
4088,1.0,0.0,0.0,0.0,1.0,1.0,0.2234668616,0.2006176879,0.4823944594,0.5905501366,0.5437955884,0.6545452014
4089,1.0,0.0,0.0,0.0,1.0,1.0,0.2912947047,0.2970372861,0.4740369536,0.5977012374,0.5524475091,0.6058827753
4090,1.0,0.0,0.0,0.0,1.0,1.0,0.3210726853,0.3337234813,0.4695222916,0.5948719792,0.5605536162,0.590673728
4091,1.0,0.0,0.0,0.0,1.0,1.0,0.3299128519,0.3462229675,0.4627831088,0.5931362743,0.5529010755,0.5862066705
4092,1.0,0.0,0.0,0.0,1.0,1.0,0.3309837526,0.3467452866,0.4659090106,0.5882359937,0.5612243176,0.5931375623
4093,1.0,0.0,0.0,0.0,1.0,1.0,0.326150805,0.3416459771,0.4717285399,0.5891087971,0.5612244745,0.5920388542
4094,1.0,0.0,0.0,0.0,1.0,1.0,0.3342133843,0.3437678975,0.4592001137,0.5933016275,0.5570471432,0.5999995575
4095,1.0,0.0,0.0,0.0,1.0,1.0,0.3288692676,0.3398778371,0.4622792011,0.6,0.5656567426,0.6089103752
4096,1.0,0.0,0.0,0.0,1.0,1.0,0.3336819399,0.3449250171,0.4638843644,0.5961542209,0.5622893569,0.6097565798
4097,1.0,0.0,0.0,0.0,1.0,1.0,0.3224005591,0.3354059786,0.4661290806,0.5850001116,0.5661017205,0.60606146
4098,1.0,0.0,0.0,0.0,1.0,1.0,0.322452399,0.3331473116,0.4654894774,0.5920398783,0.5622895762,0.611111737
4099,1.0,0.0,0.0,0.0,1.0,1.0,0.3202720708,0.3308962879,0.4702092924,0.5879405507,0.5641891892,0.612244713
4100,1.0,0.0,0.0,0.0,1.0,1.0,0.3272364459,0.3387939836,0.4677419967,0.5911328418,0.5661016628,0.6149995911
4101,1.0,0.0,0.0,0.0,1.0,1.0,0.326709647,0.3370999795,0.4669887362,0.5911328541,0.5627117446,0.6231151742
4102,1.0,0.0,0.0,0.0,1.0,1.0,0.3235371118,0.3376492932,0.4663461616,0.5940588994,0.5675673728,0.6099995731
4103,1.0,0.0,0.0,0.0,1.0,1.0,0.3197572507,0.3342843489,0.4630224684,0.5879391805,0.5631397585,0.6071420357
4104,1.0,0.0,0.0,0.0,1.0,1.0,0.3278172078,0.3410258161,0.4576000007,0.5951223202,0.5574324247,0.6089115134
4105,1.0,0.0,0.0,0.0,1.0,1.0,0.3235372118,0.3370996404,0.4583333221,0.5891087348,0.5593219049,0.6080400876
4106,1.0,0.0,0.0,0.0,1.0,1.0,0.3240564832,0.3382464475,0.4558587769,0.5940594935,0.5544219546,0.6080404548
4107,1.0,0.0,0.0,0.0,1.0,1.0,0.3203341836,0.3342840517,0.4583332847,0.594999703,0.5597270342,0.6071422853
4108,1.0,0.0,0.0,0.0,1.0,1.0,0.320848046,0.3359898655,0.4558587202,0.5950003186,0.5597269768,0.6040609252
4109,1.0,0.0,0.0,0.0,1.0,1.0,0.3288692663,0.3421817087,0.4558587862,0.5902436521,0.5627115572,0.6089106991
4110,1.0,0.0,0.0,0.0,1.0,1.0,0.327293151,0.343875514,0.4552715489,0.5902436999,0.5559318407,0.6108375798
4111,1.0,0.0,0.0,0.0,1.0,1.0,0.3272649397,0.3404877588,0.4526484748,0.5931369229,0.5593219699,0.6069646225
4112,1.0,0.0,0.0,0.0,1.0,1.0,0.3234906686,0.3411065348,0.4605476007,0.5920394034,0.5563140724,0.6099998215
4113,1.0,0.0,0.0,0.0,1.0,1.0,0.3180778751,0.3308732829,0.4636510559,0.5989844833,0.5563138707,0.6082476962
4114,1.0,0.0,0.0,0.0,1.0,1.0,0.3224007515,0.333147435,0.4612902708,0.5900002894,0.5544217944,0.617347101
4115,1.0,0.0,0.0,0.0,1.0,1.0,0.3197572075,0.3320179725,0.4630224944,0.5929644555,0.5559323813,0.6122449213
4116,1.0,0.0,0.0,0.0,1.0,1.0,0.3218814105,0.3354058465,0.4718196901,0.5999995528,0.5661017951,0.6060612905
4117,1.0,0.0,0.0,0.0,1.0,1.0,0.3197570065,0.3337118231,0.4630225418,0.5979906602,0.5593222134,0.6192890927
4118,1.0,0.0,0.0,0.0,1.0,1.0,0.3203953814,0.3359611395,0.4625199142,0.601989632,0.5608108724,0.6130656392
4119,1.0,0.0,0.0,0.0,1.0,1.0,0.3188014771,0.3314644433,0.4625199706,0.600000444,0.5622897359,0.6243662145
4120,1.0,0.0,0.0,0.0,1.0,1.0,0.3151108052,0.3280996025,0.4840764954,0.5909090909,0.5791247976,0.6051277959
4121,1.0,0.0,0.0,0.0,1.0,1.0,0.3135193036,0.3280995979,0.4840764568,0.5939084231,0.5791246636,0.6153840012
4122,1.0,0.0,0.0,0.0,1.0,1.0,0.3182223078,0.3292082143,0.4815999698,0.5879403408,0.5743243449,0.6153848818
4123,1.0,0.0,0.0,0.0,1.0,1.0,0.3048058331,0.3173903,0.4879614921,0.5894731928,0.5777028659,0.6170209001
4124,1.0,0.0,0.0,0.0,1.0,1.0,0.2915711328,0.3001736834,0.4846029466,0.6,0.573378651,0.6193182763
4125,1.0,0.0,0.0,0.0,1.0,1.0,0.269457301,0.2747606193,0.4967320853,0.6181816208,0.5773193973,0.6374995801
4126,1.0,0.0,0.0,0.0,1.0,1.0,0.2592968271,0.2653687265,0.4926109091,0.6202527207,0.5758620242,0.655843698
4127,1.0,0.0,0.0,0.0,1.0,1.0,0.2319239854,0.23670976,0.5008347418,0.6474819576,0.5754385142,0.6666655834
4128,1.0,0.0,0.0,0.0,1.0,1.0,0.2200451819,0.2207248277,0.4941176416,0.6412211285,0.5653708656,0.6719998155
4129,1.0,0.0,0.0,0.0,1.0,1.0,0.2124661662,0.2052424067,0.4982993892,0.6319998041,0.5642856167,0.6869559432
4130,1.0,0.0,0.0,0.0,1.0,1.0,0.2076542162,0.199888218,0.4763513463,0.6178858436,0.5464284871,0.6696432791
4131,1.0,0.0,0.0,0.0,1.0,1.0,0.2116464855,0.2098472616,0.4739496027,0.619046864,0.5516014038,0.6610179057
4132,1.0,0.0,0.0,0.0,1.0,1.0,0.2129682878,0.2073306911,0.4748323202,0.6141729957,0.5460994101,0.6666672955
4133,1.0,0.0,0.0,0.0,1.0,1.0,0.2126118608,0.2073312633,0.4857620535,0.6220462484,0.5567373728,0.6666666667
4134,1.0,0.0,0.0,0.0,1.0,1.0,0.2155986167,0.2083642323,0.4816053351,0.6201539236,0.551236745,0.6694911764
4135,1.0,0.0,0.0,0.0,1.0,1.0,0.2102330662,0.2030667919,0.4724541554,0.619047285,0.544169654,0.6695660194
4136,1.0,0.0,0.0,0.0,1.0,1.0,0.2119016026,0.2076308923,0.4707846988,0.6299212736,0.5457745198,0.6610166937
4137,1.0,0.0,0.0,0.0,1.0,1.0,0.2155989854,0.2091033254,0.4765885444,0.6046518408,0.5460991684,0.6525421822
4138,1.0,0.0,0.0,0.0,1.0,1.0,0.203933509,0.1981036294,0.4671164129,0.6033056067,0.5285712565,0.6396391095
4139,1.0,0.0,0.0,0.0,1.0,1.0,0.1906940888,0.1864901534,0.4667802361,0.6071439711,0.5217390789,0.6407776252
4140,1.0,0.0,0.0,0.0,1.0,1.0,0.1708446395,0.1677893435,0.4632478511,0.6200012294,0.5145984028,0.652173498
4141,1.0,0.0,0.0,0.0,1.0,1.0,0.1550856328,0.152488686,0.4603449081,0.6111111111,0.5110294772,0.6506019299
4142,1.0,0.0,0.0,0.0,1.0,1.0,0.1405467383,0.1364552252,0.4652778323,0.5925921935,0.5018451639,0.635135693
4143,1.0,0.0,0.0,0.0,1.0,1.0,0.1330255322,0.126794714,0.4553414134,0.5789488829,0.4962685609,0.632354029
4144,1.0,0.0,0.0,0.0,1.0,1.0,0.1308170875,0.123065767,0.455497403,0.5866650499,0.4962687094,0.6060616002
4145,1.0,0.0,0.0,0.0,1.0,1.0,0.1174782307,0.1291413442,0.4754385185,0.5522384208,0.5131084764,0.5217400836
4146,1.0,0.0,0.0,0.0,1.0,1.0,0.1079043926,0.1263444415,0.4831858886,0.5409820313,0.5132074885,0.4477605653
4147,1.0,0.0,0.0,0.0,1.0,1.0,0.1024162896,0.1282301522,0.4805653964,0.4999981325,0.5132073838,0.4117637689
4148,1.0,0.0,0.0,0.0,1.0,1.0,0.09976589793,0.13250177,0.4830660224,0.5178561709,0.5151512779,0.399999378
4149,1.0,0.0,0.0,0.0,1.0,1.0,0.09976623503,0.1338877728,0.4973262592,0.4107147719,0.5245281562,0.309859803
4150,1.0,0.0,0.0,0.0,1.0,1.0,0.09815953302,0.134394643,0.4857143245,0.4727277041,0.5075757357,0.3239417637
4151,1.0,0.0,0.0,0.0,1.0,1.0,0.1027795273,0.1362873995,0.4751774205,0.3965543919,0.5037878097,0.3194440222
4152,1.0,0.0,0.0,0.0,1.0,1.0,0.1011869243,0.1352628875,0.4795737236,0.4385958222,0.5075185974,0.3333323271
4153,1.0,0.0,0.0,0.0,1.0,1.0,0.09729053932,0.1306089202,0.4761061378,0.4545454545,0.4962122106,0.3478281196
4154,1.0,0.0,0.0,0.0,1.0,1.0,0.09905961391,0.132501468,0.4761062999,0.4999980508,0.4999997934,0.3857150877
4155,1.0,0.0,0.0,0.0,1.0,1.0,0.1043665806,0.1325019062,0.4814159766,0.4915259193,0.5075759926,0.3714283954
4156,1.0,0.0,0.0,0.0,1.0,1.0,0.1029619051,0.1349055582,0.4760212607,0.4482737842,0.5019011217,0.3661983097
4157,1.0,0.0,0.0,0.0,1.0,1.0,0.1087110526,0.1342532666,0.4719298391,0.4677438555,0.5037314611,0.375
4158,1.0,0.0,0.0,0.0,1.0,1.0,0.1006508229,0.1357733884,0.4752650848,0.4561421074,0.4943396367,0.3888882114
4159,1.0,0.0,0.0,0.0,1.0,1.0,0.1034508373,0.1310131899,0.4719298435,0.4745777748,0.4943822334,0.4
4160,1.0,0.0,0.0,0.0,1.0,1.0,0.1032698654,0.1342529777,0.4728545818,0.5084751344,0.4999997988,0.3749988757
4161,1.0,0.0,0.0,0.0,1.0,1.0,0.1104643417,0.1318964975,0.4754385426,0.476191624,0.5055760374,0.3943668857
4162,1.0,0.0,0.0,0.0,1.0,1.0,0.1071460127,0.1356118771,0.4745166664,0.4918035713,0.5055763465,0.38356099
4163,1.0,0.0,0.0,0.0,1.0,1.0,0.1090943519,0.1323884237,0.4735915225,0.4193556369,0.5037316056,0.3521111543
4164,1.0,0.0,0.0,0.0,1.0,1.0,0.1077135645,0.1323886783,0.4823320683,0.4754080787,0.5111940526,0.3802809118
4165,1.0,0.0,0.0,0.0,1.0,1.0,0.1080958792,0.1352628381,0.4716312101,0.4754110552,0.5000002029,0.3888882222
4166,1.0,0.0,0.0,0.0,1.0,1.0,0.1100631428,0.1390198452,0.4742451223,0.4838725401,0.4999997972,0.3918903151
4167,1.0,0.0,0.0,0.0,1.0,1.0,0.1082878518,0.1333840996,0.4742451155,0.4754116352,0.5000002028,0.3802820757
4168,1.0,0.0,0.0,0.0,1.0,1.0,0.1059478961,0.1366277635,0.4664310342,0.4500028594,0.4981273559,0.369862571
4169,1.0,0.0,0.0,0.0,1.0,1.0,0.1043663043,0.1328843353,0.4778761391,0.4406779661,0.5056178596,0.3521126761
4170,1.0,0.0,0.0,0.0,1.0,1.0,0.1077133446,0.1323884776,0.4752651134,0.442622775,0.5074628747,0.3521124166
4171,1.0,0.0,0.0,0.0,1.0,1.0,0.1045517177,0.1338876535,0.484042571,0.4237304848,0.5094339929,0.3239428499
4172,1.0,0.0,0.0,0.0,1.0,1.0,0.1094794618,0.1366274841,0.4646643465,0.4354847135,0.4943820497,0.356164262
4173,1.0,0.0,0.0,0.0,1.0,1.0,0.1080954692,0.1352630058,0.4769503921,0.4262290412,0.5037592666,0.3750011312
4174,1.0,0.0,0.0,0.0,1.0,1.0,0.1165425039,0.1398471736,0.4646643015,0.3939379019,0.492537229,0.3066668592
4175,1.0,0.0,0.0,0.0,1.0,1.0,0.108902167,0.1314078241,0.4639718661,0.4677418216,0.4925926586,0.3661957942
4176,1.0,0.0,0.0,0.0,1.0,1.0,0.1094795486,0.1300390987,0.4646643372,0.4354850635,0.4944239124,0.3571448618
4177,1.0,0.0,0.0,0.0,1.0,1.0,0.11261314,0.1382992098,0.4718310468,0.3906263871,0.4944652272,0.3066667444
4178,1.0,0.0,0.0,0.0,1.0,1.0,0.1139713931,0.140662004,0.4701754265,0.3846130577,0.4925925761,0.2894746676
4179,1.0,0.0,0.0,0.0,1.0,1.0,0.121144463,0.1371417602,0.4759359607,0.2647038091,0.4962403645,0.2191795132
4180,1.0,0.0,0.0,0.0,1.0,1.0,0.1189390132,0.1398472225,0.4724688309,0.2835840207,0.4925375185,0.2266668208
4181,1.0,0.0,0.0,0.0,1.0,1.0,0.1233879784,0.1462142867,0.4603173828,0.2714280286,0.4814814055,0.2151878488
4182,1.0,0.0,0.0,0.0,1.0,1.0,0.1193630737,0.1473059911,0.4705882468,0.223880597,0.4962688987,0.1772151899
4183,1.0,0.0,0.0,0.0,1.0,1.0,0.1215777951,0.1489734859,0.472271903,0.2205903496,0.4867925394,0.1772166519
4184,1.0,0.0,0.0,0.0,1.0,1.0,0.1282238475,0.1536182319,0.4833041563,0.2191782061,0.4925925353,0.1566266977
4185,1.0,0.0,0.0,0.0,1.0,1.0,0.1231707141,0.1573192943,0.4665492217,0.1714305541,0.4814814512,0.1529401986
4186,1.0,0.0,0.0,0.0,1.0,1.0,0.12493029,0.1446559834,0.4577465203,0.1971824021,0.4774436121,0.1558457474
4187,1.0,0.0,0.0,0.0,1.0,1.0,0.1244856243,0.1414307467,0.473309629,0.185713097,0.4792451049,0.1466675488
4188,1.0,0.0,0.0,0.0,1.0,1.0,0.1253718551,0.1653211298,0.4593639802,0.1126781041,0.473684254,0.1931828676
4189,1.0,0.0,0.0,0.0,1.0,1.0,0.1247105668,0.1566291694,0.4657293182,0.1267588835,0.4776117953,0.1666675283
4190,1.0,0.0,0.0,0.0,1.0,1.0,0.1174785567,0.1504735631,0.477193064,0.1641791045,0.4907063729,0.1358028381
4191,1.0,0.0,0.0,0.0,1.0,1.0,0.1133390094,0.1482686762,0.4673538937,0.1515168623,0.4761902851,0.1975299622
4192,1.0,0.0,0.0,0.0,1.0,1.0,0.1118135312,0.1538996325,0.4784853736,0.107692099,0.4963766207,0.1176462961
4193,1.0,0.0,0.0,0.0,1.0,1.0,0.1225234755,0.1832309497,0.4798598854,0.0571404924,0.477777709,0.1919190782
4194,1.0,0.0,0.0,0.0,1.0,1.0,0.1203517486,0.1738956367,0.4764398648,0.02898642972,0.4835165012,0.1578952235
4195,1.0,0.0,0.0,0.0,1.0,1.0,0.1184007968,0.1635114615,0.4773519164,0.05882526294,0.4705882353,0.1235949153
4196,1.0,0.0,0.0,0.0,1.0,1.0,0.122095576,0.167803038,0.4712041972,0.1428557708,0.4723247888,0.1758230392
4197,1.0,0.0,0.0,0.0,1.0,1.0,0.1189813388,0.1629127237,0.4778910965,0.2285712434,0.4835167984,0.2247178983
4198,1.0,0.0,0.0,0.0,1.0,1.0,0.1201419116,0.1678165921,0.4860627822,0.2028980839,0.4850745898,0.188888203
4199,1.0,0.0,0.0,0.0,1.0,1.0,0.1240565859,0.1772593272,0.482517417,0.169015903,0.4792454405,0.1914879953
4200,1.0,0.0,0.0,0.0,1.0,1.0,0.1221349195,0.1815463366,0.4870911259,0.1971831874,0.4794007334,0.195877336
4201,1.0,0.0,0.0,0.0,1.0,1.0,0.1122178503,0.1850112831,0.4859649271,0.1406240173,0.4770996355,0.1855676045
4202,1.0,0.0,0.0,0.0,1.0,1.0,0.1102713336,0.1952929218,0.5026269254,0.222222613,0.5057470289,0.2156861041
4203,1.0,0.0,0.0,0.0,1.0,1.0,0.09167550813,0.1831644607,0.5179855947,0.509800675,0.5378483875,0.4347829157
4204,1.0,0.0,0.0,0.0,1.0,1.0,0.2045837497,0.2470315107,0.5385905915,0.581967498,0.5886792516,0.6335886707
4205,1.0,0.0,0.0,0.0,1.0,1.0,0.2860091174,0.3252729725,0.5421304759,0.5555556962,0.5963638728,0.6201112625
4206,1.0,0.7853981853,0.0,0.0,1.0,1.0,0.3049940991,0.3421999873,0.5305163811,0.5641021765,0.5905797533,0.613756563
4207,1.0,0.0,0.0,0.0,1.0,1.0,0.2396141252,0.3076638946,0.5063091886,0.5526318918,0.5671640031,0.6121211623
4208,1.0,0.0,0.0,0.0,1.0,1.0,0.07767659026,0.2446337023,0.5129532615,0.4444422682,0.5062761911,0.4615384615
4209,1.0,0.0,0.0,0.0,1.0,1.0,0.1477007326,0.251843289,0.4581280745,0.6222207593,0.4920637452,0.5826778607
4210,1.0,0.7853981853,0.0,0.0,1.0,1.0,0.2394829923,0.323127823,0.4488816939,0.5866667949,0.5112783381,0.5988366451
4211,1.0,0.0,0.0,0.0,1.0,1.0,0.2803506654,0.3572076006,0.4405705168,0.5649722372,0.5148148848,0.606217208
4212,1.0,0.0,0.0,0.0,1.0,1.0,0.3128270548,0.3720549755,0.4590689192,0.5692309522,0.5328466171,0.6078435222
4213,1.0,0.0,0.0,0.0,1.0,1.0,0.3072717697,0.357201166,0.4660193721,0.594736685,0.5415162113,0.6212124588
4214,1.0,0.0,0.0,0.0,1.0,1.0,0.3135194276,0.3519162429,0.4506370019,0.5939079671,0.5422533439,0.6099999171
4215,1.0,0.0,0.0,0.0,1.0,1.0,0.3172072791,0.3458278932,0.4497606725,0.5979897791,0.5397923762,0.6050004224
4216,1.0,0.0,0.0,0.0,1.0,1.0,0.3075207658,0.3302656461,0.4455128982,0.6197919735,0.5294116582,0.6073291367
4217,1.0,0.0,0.0,0.0,1.0,1.0,0.3198849688,0.3325847772,0.4617833981,0.6019899815,0.5540540686,0.5939088425
4218,1.0,0.0,0.0,0.0,1.0,1.0,0.3268318082,0.3325902407,0.469194263,0.5893722483,0.5685620149,0.5829140454
4219,1.0,0.0,0.0,0.0,1.0,1.0,0.3358253795,0.339744559,0.4630225868,0.59808622,0.5676567952,0.577670021
4220,1.0,0.0,0.0,0.0,1.0,1.0,0.3379990704,0.3336954146,0.4692556535,0.5980854656,0.5723683188,0.5812810736
4221,1.0,0.0,0.0,0.0,1.0,1.0,0.326450891,0.3146389089,0.4807369878,0.5897435355,0.5757574812,0.5721921715
4222,1.0,0.0,0.0,0.0,1.0,1.0,0.2290018384,0.1636716246,0.4653642521,0.5736444642,0.5470382921,0.6276592324
4223,1.0,0.0,0.0,0.0,1.0,1.0,0.1720055695,0.1087111543,0.4764492875,0.5368411266,0.5228071932,0.5322577439
4224,1.0,0.0,0.0,0.0,1.0,1.0,0.1960037314,0.134278584,0.4363957301,0.5765773686,0.5238094398,0.5949367089
4225,1.0,0.0,0.0,0.0,1.0,1.0,0.2585967664,0.2160954604,0.4615384615,0.6013520322,0.5608108372,0.6015619743
4226,1.0,0.0,0.0,0.0,1.0,1.0,0.2986450236,0.2767182945,0.4838710254,0.6136364181,0.5895765048,0.5764707924
4227,1.0,0.0,0.0,0.0,1.0,1.0,0.3205756537,0.3104577834,0.4871355631,0.614973567,0.5913622496,0.5775407463
4228,1.0,0.0,0.0,0.0,1.0,1.0,0.3230517787,0.3162168213,0.4814814347,0.5989588862,0.5934425953,0.5699477028
4229,1.0,0.0,0.0,0.0,1.0,1.0,0.3347885855,0.3336900026,0.4794746254,0.6029411141,0.5895764543,0.5756102708
4230,1.0,0.0,0.0,0.0,1.0,1.0,0.3196922524,0.3271200814,0.4878837279,0.6010101451,0.5986840354,0.5829138313
4231,1.0,0.0,0.0,0.0,1.0,1.0,0.3138346086,0.3220795028,0.5152978795,0.6051280918,0.6212624347,0.5927836654
4232,1.0,0.0,0.0,0.0,1.0,1.0,0.3044550899,0.319219943,0.5071769459,0.607329855,0.605351243,0.59685844
4233,1.0,0.0,0.0,0.0,1.0,1.0,0.302525377,0.3246487716,0.5007924614,0.6020938759,0.5850339127,0.6020938759
4234,1.0,0.0,0.0,0.0,1.0,1.0,0.2950734298,0.3222338976,0.5015873159,0.5967745841,0.5827584461,0.6042780933
4235,1.0,0.0,0.0,0.0,1.0,1.0,0.2578177441,0.26814309,0.5015922986,0.5802465006,0.5818814055,0.6233763492
4236,1.0,0.0,0.0,0.0,1.0,1.0,0.1273286859,0.1590020958,0.5130889761,0.424658132,0.5378788305,0.3809527421
4237,1.0,0.0,0.0,0.0,1.0,1.0,0.131736626,0.1564012087,0.5149384745,0.4133340694,0.5229009005,0.3658537817
4238,1.0,0.0,0.0,0.0,1.0,1.0,0.1437552051,0.1616742645,0.4897260916,0.369046968,0.5073528932,0.3409083359
4239,1.0,0.0,0.0,0.0,1.0,1.0,0.1534979191,0.1594093806,0.4846415189,0.4000009396,0.5089605395,0.3483149804
4240,1.0,0.0,0.0,0.0,1.0,1.0,0.1566025452,0.1557102266,0.4894366034,0.3820225721,0.5072464185,0.3372104294
4241,1.0,0.0,0.0,0.0,1.0,1.0,0.1580838421,0.1392081636,0.4885764036,0.4555547073,0.5321428146,0.4230756276
4242,1.0,0.0,0.0,0.0,1.0,1.0,0.2069019788,0.1713329024,0.4719298599,0.5762697556,0.5321430287,0.5937515179
4243,1.0,0.0,0.0,0.0,1.0,1.0,0.2810929881,0.2532371182,0.4901315721,0.6023386407,0.5743243772,0.6133330523
4244,1.0,0.0,0.0,0.0,1.0,1.0,0.3224522388,0.3125345139,0.4895666656,0.6019895854,0.5819397743,0.5989307312
4245,1.0,0.0,0.0,0.0,1.0,1.0,0.3219355958,0.3258316731,0.4967949323,0.6069645741,0.5743244023,0.6062171433
4246,1.0,0.0,0.0,0.0,1.0,1.0,0.3151108593,0.3274619456,0.4824839957,0.6060604399,0.5563138377,0.5885416254
4247,1.0,0.0,0.0,0.0,1.0,1.0,0.3063061829,0.3178496253,0.483412246,0.6030935329,0.557823192,0.5935831855
4248,1.0,0.0,0.0,0.0,1.0,1.0,0.1854634539,0.1764813367,0.4931271925,0.5833339947,0.539033626,0.6315790661
4249,1.0,0.0,0.0,0.0,1.0,1.0,0.1303618417,0.1553438191,0.4799999599,0.5599989932,0.501872693,0.4939768474
4250,1.0,0.0,0.0,0.0,1.0,1.0,0.1830662411,0.1770940587,0.462046305,0.5945947018,0.5263158504,0.6237614913
4251,1.0,0.0,0.0,0.0,1.0,1.0,0.2486573286,0.2447960142,0.4719100766,0.6064516575,0.5574324434,0.6275854832
4252,1.0,0.0,0.0,0.0,1.0,1.0,0.2802921133,0.2750140356,0.4775641618,0.6171420863,0.5637585294,0.6280489161
4253,1.0,0.0,0.0,0.0,1.0,1.0,0.3171306747,0.3220793071,0.4791666358,0.6111103789,0.5681064802,0.5979379941
4254,1.0,0.0,0.0,0.0,1.0,1.0,0.3196922438,0.3204192965,0.4684975633,0.6161618575,0.5681062174,0.6010363676
4255,1.0,0.0,0.0,0.0,1.0,1.0,0.327739165,0.330918905,0.4675325405,0.6188121094,0.5685620581,0.5959602256
4256,1.0,0.0,0.0,0.0,1.0,1.0,0.3266786979,0.3264842049,0.4757281322,0.6188121187,0.570000179,0.6071436249
4257,1.0,0.0,0.0,0.0,1.0,1.0,0.3101161188,0.3163218113,0.4790997114,0.6321243001,0.5791244823,0.6117022623
4258,1.0,0.0,0.0,0.0,1.0,1.0,0.3134249612,0.3163214409,0.4672000747,0.6275510661,0.5622895374,0.6117018791
4259,1.0,0.0,0.0,0.0,1.0,1.0,0.3119274575,0.3258317295,0.4649680748,0.6275514793,0.5641889486,0.6113987421
4260,1.0,0.0,0.0,0.0,1.0,1.0,0.3077643962,0.3263486986,0.4285714037,0.6237114043,0.5340134152,0.6041664524
4261,1.0,0.0,0.0,0.0,1.0,1.0,0.3103361482,0.3268719931,0.4426751912,0.6256417407,0.5376709971,0.6073303822
4262,1.0,0.0,0.0,0.0,1.0,1.0,0.3056930414,0.3285838064,0.4326467033,0.6269430171,0.52397279,0.6093750542
4263,1.0,0.0,0.0,0.0,1.0,1.0,0.3124253131,0.3263482894,0.4370016739,0.637755724,0.5340138032,0.6145836188
4264,1.0,0.0,0.0,0.0,1.0,1.0,0.3139271589,0.3235484261,0.4391024335,0.6275505484,0.5288135142,0.6073300226
4265,1.0,0.0,0.0,0.0,1.0,1.0,0.3144310405,0.321369307,0.4446228479,0.6326534551,0.5387204026,0.6230371677
4266,1.0,0.0,0.0,0.0,1.0,1.0,0.3171305747,0.324734338,0.4342948492,0.6313138608,0.5319865018,0.616580299
4267,1.0,0.0,0.0,0.0,1.0,1.0,0.3235373437,0.3320293539,0.4134615427,0.6237623009,0.5067112007,0.6060609755
4268,1.0,0.0,0.0,0.0,1.0,1.0,0.3310254041,0.3364788661,0.4171974683,0.6105771205,0.5133333722,0.5940598675
4269,1.0,0.0,0.0,0.0,1.0,1.0,0.3226047013,0.3281500217,0.4193038746,0.6225491798,0.5199999408,0.6091370272
4270,1.0,0.0,0.0,0.0,1.0,1.0,0.2778055853,0.2636458341,0.425986943,0.6213013353,0.5103448816,0.6339858455
4271,1.0,0.0,0.0,0.0,1.0,1.0,0.1698516873,0.1467579021,0.4830053936,0.5789466471,0.5167285061,0.5949375086
4272,1.0,0.0,0.0,0.0,1.0,1.0,0.1468206766,0.14383103,0.4601769108,0.5783146976,0.509225294,0.5384621649
4273,1.0,0.0,0.0,0.0,1.0,1.0,0.2217191429,0.196698703,0.4317407003,0.6076928154,0.5106381927,0.6216199502
4274,1.0,0.0,0.0,0.0,1.0,1.0,0.2701644156,0.2524720214,0.4477611233,0.6196316546,0.5331012484,0.6413799857
4275,1.0,0.0,0.0,0.0,1.0,1.0,0.3042491361,0.3012016672,0.4468085292,0.6290323137,0.5376711564,0.6193180024
4276,1.0,0.0,0.0,0.0,1.0,1.0,0.3147595049,0.3138178992,0.4431818721,0.6237116453,0.5358361973,0.6086954512
4277,1.0,0.0,0.0,0.0,1.0,1.0,0.3082695801,0.3148928783,0.4512985986,0.6263153426,0.54452032,0.6141300758
4278,1.0,0.0,0.0,0.0,1.0,1.0,0.3154437346,0.3235481896,0.4573269518,0.6275512969,0.5491527177,0.6125654086
4279,1.0,0.0,0.0,0.0,1.0,1.0,0.3184497426,0.3268723477,0.4934639946,0.6256415623,0.5856166009,0.6230368924
4280,1.0,0.0,0.0,0.0,1.0,1.0,0.3102839456,0.3172288164,0.4918301233,0.6368423355,0.5836177564,0.6236560025
4281,1.0,0.0,0.0,0.0,1.0,1.0,0.3106816243,0.3211267323,0.4950656912,0.629630309,0.5841925422,0.620320899
4282,1.0,0.0,0.0,0.0,1.0,1.0,0.2990064418,0.2956824923,0.4809916517,0.6187846228,0.570934225,0.6198826266
4283,1.0,0.0,0.0,0.0,1.0,1.0,0.2183506693,0.1947444764,0.4973355949,0.5934957785,0.5588235876,0.632074495
4284,1.0,0.0,0.0,0.0,1.0,1.0,0.138356376,0.1495377277,0.4845172604,0.5657899837,0.5113638446,0.4810103657
4285,1.0,0.0,0.0,0.0,1.0,1.0,0.154993563,0.1332591107,0.483065896,0.597699596,0.5370370802,0.6388876738
4286,1.0,0.0,0.0,0.0,1.0,1.0,0.233838107,0.2064061806,0.4835355455,0.6000009618,0.5507245752,0.6315800464
4287,1.0,0.0,0.0,0.0,1.0,1.0,0.2855549898,0.2760698348,0.4773108631,0.6058822843,0.5594403171,0.6202520345
4288,1.0,0.0,0.0,0.0,1.0,1.0,0.3087705714,0.3104066891,0.4764227356,0.6157895532,0.5733786172,0.6208798274
4289,1.0,0.0,0.0,0.0,1.0,1.0,0.3103956949,0.3148926213,0.4682926152,0.6230363369,0.5650684983,0.6195659423
4290,1.0,0.0,0.0,0.0,1.0,1.0,0.3180042569,0.3263484423,0.474026042,0.6122456946,0.5782310524,0.6145835587
4291,1.0,0.0,0.0,0.0,1.0,1.0,0.3197570593,0.3303241016,0.4726687785,0.6130647876,0.5661017632,0.6051278521
4292,1.0,0.0,0.0,0.0,1.0,1.0,0.3100047798,0.319078785,0.4636511036,0.6197922231,0.564189127,0.5978837079
4293,1.0,0.0,0.0,0.0,1.0,1.0,0.3193106161,0.3309187524,0.4297124412,0.6099995901,0.5351170798,0.595959629
4294,1.0,0.0,0.0,0.0,1.0,1.0,0.3246596341,0.334812982,0.426751658,0.602941083,0.5299999496,0.5920396192
4295,1.0,0.0,0.0,0.0,1.0,1.0,0.316117477,0.3303526473,0.4265176042,0.6060603066,0.5302014132,0.5888325657
4296,1.0,0.0,0.0,0.0,1.0,1.0,0.3118260117,0.3219677235,0.4239999296,0.6153842747,0.5302013884,0.5989582806
4297,1.0,0.0,0.0,0.0,1.0,1.0,0.3188696203,0.3242337634,0.4190475972,0.601989986,0.5217390369,0.5979377681
4298,1.0,0.0,0.0,0.0,1.0,1.0,0.315613168,0.3236447865,0.4290271084,0.5959592953,0.5369127138,0.590673756
4299,1.0,0.0,0.0,0.0,1.0,1.0,0.3140192177,0.3230517307,0.429027201,0.5989837907,0.5353534659,0.5989582225
4300,1.0,0.0,0.0,0.0,1.0,1.0,0.3050762174,0.31921981,0.4674086151,0.6145826571,0.5752509526,0.602094883
4301,1.0,0.0,0.0,0.0,1.0,1.0,0.3087449436,0.3208911165,0.4649681944,0.6134023885,0.5685616475,0.6041669241
4302,1.0,0.0,0.0,0.0,1.0,1.0,0.3130204588,0.3225625137,0.4658187287,0.6091368617,0.5719063401,0.6062173276
4303,1.0,0.0,0.0,0.0,1.0,1.0,0.314110319,0.3264844271,0.4698412875,0.6111105746,0.5766666761,0.5969394557
4304,1.0,0.0,0.0,0.0,1.0,1.0,0.3204558806,0.3331469269,0.468253998,0.5990098326,0.5733332188,0.6
4305,1.0,0.0,0.0,0.0,1.0,1.0,0.3214205781,0.3309189127,0.4655999912,0.6019895988,0.5685616644,0.5909090909
4306,1.0,0.0,0.0,0.0,1.0,1.0,0.3156130581,0.3292473658,0.4673046014,0.6161615612,0.5719064653,0.6040604087
4307,1.0,0.0,0.0,0.0,1.0,1.0,0.3118256551,0.3253218406,0.4687999589,0.6102569353,0.5704697821,0.5979376083
4308,1.0,0.0,0.0,0.0,1.0,1.0,0.311222831,0.3253215273,0.4670947122,0.6134020961,0.5704695978,0.5979377788
4309,1.0,0.0,0.0,0.0,1.0,1.0,0.3181501332,0.3280994035,0.4630225482,0.6111116485,0.569023815,0.6000004365
4310,1.0,0.0,0.0,0.0,1.0,1.0,0.3150241813,0.3219675263,0.4432000122,0.6142138504,0.5469799474,0.5989580104
4311,1.0,0.0,0.0,0.0,1.0,1.0,0.3203337655,0.3308960374,0.435897352,0.6099994626,0.5405403836,0.5969390497
4312,1.0,0.0,0.0,0.0,1.0,1.0,0.3234908611,0.3308961924,0.4412238355,0.6119399613,0.5506755536,0.6020402083
4313,1.0,0.0,0.0,0.0,1.0,1.0,0.3122249531,0.3218543017,0.4396135541,0.6185563477,0.5457626294,0.6052626529
4314,1.0,0.0,0.0,0.0,1.0,1.0,0.3207888825,0.3264169386,0.4451614003,0.6030145361,0.5521888341,0.5979379968
4315,1.0,0.0,0.0,0.0,1.0,1.0,0.3160352304,0.3280994977,0.4398073447,0.6192893346,0.5488215864,0.6051285257
4316,1.0,0.0,0.0,0.0,1.0,1.0,0.3035459749,0.3150785478,0.4378029551,0.6170209856,0.5491525584,0.6021498067
4317,1.0,0.0,0.0,0.0,1.0,1.0,0.3101160152,0.3150780762,0.4389068141,0.6113993948,0.5457624734,0.6021509956
4318,1.0,0.0,0.0,0.0,1.0,1.0,0.2846307676,0.2906539033,0.4482200817,0.6306814303,0.5510203709,0.6198837014
4319,1.0,0.0,0.0,0.0,1.0,1.0,0.2746434612,0.2814130251,0.4487805483,0.6390540824,0.549488146,0.618181676
4320,1.0,0.0,0.0,0.0,1.0,1.0,0.272723563,0.2738196796,0.4428105273,0.6227549419,0.5479449956,0.6187497003
4321,1.0,0.0,0.0,0.0,1.0,1.0,0.2671776307,0.2766622862,0.4389438556,0.6296285917,0.5397921431,0.6062493713
4322,1.0,0.0,0.0,0.0,1.0,1.0,0.2745175221,0.2843243239,0.4506579166,0.6287419356,0.5448275273,0.6121206186
4323,1.0,0.0,0.0,0.0,1.0,1.0,0.2931913311,0.3029127381,0.457050309,0.6132588026,0.5547944982,0.6101699173
4324,1.0,0.0,0.0,0.0,1.0,1.0,0.2924411772,0.3025520672,0.4549838677,0.6208793992,0.5544217489,0.6179774469
4325,1.0,0.0,0.0,0.0,1.0,1.0,0.2932970625,0.3062264694,0.4497607701,0.6086956522,0.5521883932,0.5989010402
4326,1.0,0.0,0.0,0.0,1.0,1.0,0.2948910273,0.3112742125,0.4465710459,0.6108114648,0.542087764,0.6054054934
4327,1.0,0.0,0.0,0.0,1.0,1.0,0.291503937,0.300508133,0.4567307755,0.6263731544,0.5574323705,0.6179771992
4328,1.0,0.0,0.0,0.0,1.0,1.0,0.2802919551,0.2967627192,0.4679488089,0.6114291287,0.5631400751,0.6034478691
4329,1.0,0.0,0.0,0.0,1.0,1.0,0.2907467824,0.3255224602,0.4694215578,0.6136366308,0.5774647118,0.5891892738
4330,1.0,0.0,0.0,0.0,1.0,1.0,0.3130389415,0.3256804803,0.4828710377,0.598957643,0.5655170852,0.5820108098
4331,1.0,0.0,0.0,0.0,1.0,1.0,0.2157311771,0.2283949634,0.5261382236,0.6640623585,0.5876288591,0.6766917839
4332,1.0,0.0,0.0,0.0,1.0,1.0,0.2183521288,0.2131917095,0.4473894804,0.5147053272,0.5255972021,0.6319994037
4333,1.0,0.0,0.0,0.0,1.0,1.0,0.2144133496,0.1934404685,0.4307958392,0.5564514721,0.5017922448,0.6574082511
4334,1.0,0.0,0.0,0.0,1.0,1.0,0.2547595053,0.1106395685,0.3832441346,0.3146846768,0.4354243162,0.5666671843
4335,1.0,0.0,0.0,0.0,1.0,1.0,0.244872318,0.125391014,0.4500907631,0.2962959197,0.509225219,0.3676475254
4336,1.0,0.0,0.0,0.0,1.0,1.0,0.1761605882,0.160427185,0.4586330401,0.4183672837,0.5129149006,0.3218383588
4337,1.0,0.0,0.0,0.0,1.0,1.0,0.2181251919,0.1391167577,0.4454383665,0.34426286,0.4981686002,0.25
4338,1.0,0.0,0.0,0.0,1.0,1.0,0.2314884081,0.1287158266,0.4595589044,0.3015875251,0.5075757661,0.1764695652
4339,1.0,0.0,0.0,0.0,1.0,1.0,0.2136736672,0.1262641021,0.4448275374,0.3064513262,0.487544465,0.2394366595
4340,1.0,0.0,0.0,0.0,1.0,1.0,0.1895182208,0.1235672405,0.4615385328,0.3207549852,0.5090907597,0.2941194395
4341,1.0,0.0,0.0,0.0,1.0,1.0,0.1932135411,0.1060561566,0.4745166925,0.3636362075,0.5251798073,0.3220333557
4342,1.0,0.0,0.0,0.0,1.0,1.0,0.1941965721,0.1458261576,0.423785534,0.5775864316,0.48398574,0.6097552545
4343,1.0,0.0,0.0,0.0,1.0,1.0,0.1958704834,0.1760582453,0.467336575,0.5897439243,0.5338076468,0.6363620591
4344,1.0,0.0,0.0,0.0,1.0,1.0,0.2569489417,0.2335650029,0.5053192445,0.5655166515,0.5724637526,0.5736436356
4345,1.0,0.0,0.0,0.0,1.0,1.0,0.2717930164,0.257863026,0.5215146976,0.5632915717,0.5729535219,0.5724141415
4346,1.0,0.0,0.0,0.0,1.0,1.0,0.2923897112,0.2802863919,0.5886524661,0.5272727925,0.6236160508,0.5789468217
4347,1.0,0.0,0.0,0.0,1.0,1.0,0.3045439386,0.2802006832,0.5454544541,0.5082872564,0.5892856255,0.5605086903
4348,1.0,0.0,0.0,0.0,1.0,1.0,0.291574132,0.2732286622,0.5413153516,0.497109308,0.58273373,0.5592102755
4349,1.0,0.0,0.0,0.0,1.0,1.0,0.2917109844,0.2659230249,0.5356551403,0.5056817686,0.5785714565,0.5570468021
4350,1.0,0.0,0.0,0.0,1.0,1.0,0.2862479681,0.2677073805,0.5226535729,0.5028245983,0.5785715073,0.5600004117
4351,1.0,0.0,0.0,0.0,1.0,1.0,0.2682207201,0.2579206949,0.520766812,0.4999993331,0.5806449412,0.5486102142
4352,1.0,0.0,0.0,0.0,1.0,1.0,0.2490723711,0.1991770389,0.4684542654,0.4746842423,0.5231314975,0.5357133133
4353,1.0,0.0,0.0,0.0,1.0,1.0,0.2639722601,0.1425196869,0.4119601444,0.4088056384,0.4873644696,0.4430381854
4354,1.0,0.0,0.0,0.0,1.0,1.0,0.2314316468,0.1062838058,0.4082331789,0.2370369429,0.4701493343,0.2105265137
4355,1.0,0.0,0.0,0.0,1.0,1.0,0.1998882,0.1272351095,0.4491526412,0.4745752896,0.512915366,0.6231882712
4356,1.0,0.0,0.0,0.0,1.0,1.0,0.2324282573,0.1941360846,0.4750830961,0.5499995267,0.557553994,0.6203695371
4357,1.0,0.0,0.0,0.0,1.0,1.0,0.291711295,0.2703119113,0.5140961664,0.5625001577,0.5907470878,0.572369315
4358,1.0,0.0,0.0,0.0,1.0,1.0,0.3029611613,0.2923901077,0.517298186,0.5706516799,0.592198594,0.5636361696
4359,1.0,0.0,0.0,0.0,1.0,1.0,0.2649527214,0.2335653711,0.5067114704,0.5506330075,0.5760870381,0.5968990938
4360,1.0,0.0,0.0,0.0,1.0,1.0,0.187959866,0.1106253233,0.4864376625,0.3653850665,0.5114504172,0.3275859047
4361,1.0,0.0,0.0,0.0,1.0,1.0,0.1722554444,0.1159046483,0.4739676571,0.5104156339,0.5133078595,0.606558116
4362,1.0,0.0,0.0,0.0,1.0,1.0,0.261678349,0.2203068167,0.4864864938,0.541935084,0.562723891,0.6097561822
4363,1.0,0.0,0.0,0.0,1.0,1.0,0.3145787255,0.3053848072,0.4672132019,0.5677087183,0.5590277243,0.5795451682
4364,1.0,0.0,0.0,0.0,1.0,1.0,0.3320778652,0.3492859277,0.4863564507,0.579710071,0.5778544451,0.5693068375
4365,1.0,0.0,0.0,0.0,1.0,1.0,0.3320674275,0.3435580965,0.4781199187,0.5853657777,0.5694444239,0.5707070056
4366,1.0,0.0,0.0,0.0,1.0,1.0,0.3342342592,0.3447553472,0.4845023814,0.6048779977,0.5749128855,0.5707073881
4367,1.0,0.0,0.0,0.0,1.0,1.0,0.3282479666,0.3383525084,0.4901960888,0.5970154392,0.576389053,0.5743593156
4368,1.0,0.0,0.0,0.0,1.0,1.0,0.315094855,0.3040258425,0.477832452,0.5833335185,0.5699299123,0.580460721
4369,1.0,0.0,0.0,0.0,1.0,1.0,0.1876207118,0.137141596,0.5072202791,0.5288463499,0.5488719468,0.6164384358
4370,1.0,0.0,0.0,0.0,1.0,1.0,0.1686670807,0.1235053663,0.4721724054,0.4574463801,0.5095055925,0.4615377148
4371,1.0,0.0,0.0,0.0,1.0,1.0,0.2411847834,0.1984184792,0.4843748937,0.5755391571,0.5551468673,0.6203698364
4372,1.0,0.0,0.0,0.0,1.0,1.0,0.2965011523,0.2738683456,0.4800000612,0.5730331214,0.5622773531,0.6038953842
4373,1.0,0.0,0.0,0.0,1.0,1.0,0.3221886428,0.3145095994,0.4802631269,0.5867343053,0.5594404061,0.58888961
4374,1.0,0.0,0.0,0.0,1.0,1.0,0.3189708437,0.3151551407,0.4648118704,0.6000002246,0.5540067096,0.5911603413
4375,1.0,0.0,0.0,0.0,1.0,1.0,0.3326038264,0.330265334,0.4747145112,0.5931374756,0.5674741139,0.5916235343
4376,1.0,0.0,0.0,0.0,1.0,1.0,0.341312925,0.336019633,0.4771242502,0.6076555819,0.5620688508,0.5948721886
4377,1.0,0.0,0.0,0.0,1.0,1.0,0.3347803196,0.3296767773,0.4754901656,0.604878147,0.5624998822,0.5947367337
4378,1.0,0.0,0.0,0.0,1.0,1.0,0.3369639883,0.3325672255,0.4762683679,0.5970872034,0.5644598825,0.5916229227
4379,1.0,0.0,0.0,0.0,1.0,1.0,0.3407559017,0.330849528,0.468189242,0.5980854202,0.5551723185,0.5989581784
4380,1.0,0.0,0.0,0.0,1.0,1.0,0.3369452641,0.3262783501,0.490228025,0.5990338731,0.5841924151,0.6052633108
4381,1.0,0.0,0.0,0.0,1.0,1.0,0.3446919351,0.3291265198,0.509900872,0.5933013049,0.5931036567,0.6073292961
4382,1.0,0.0,0.0,0.0,1.0,1.0,0.3385464678,0.3308731794,0.494327388,0.6076559894,0.5904436051,0.5979379021
4383,1.0,0.0,0.0,0.0,1.0,1.0,0.3390388625,0.3342842599,0.4871382977,0.6066351698,0.5836177935,0.5918373521
4384,1.0,0.0,0.0,0.0,1.0,1.0,0.3363815946,0.3291678571,0.4870550372,0.6057693535,0.5870305866,0.5854928458
4385,1.0,0.0,0.0,0.0,1.0,1.0,0.3008356526,0.2709755819,0.4983277877,0.5833337275,0.5809860487,0.6103888745
4386,1.0,0.0,0.0,0.0,1.0,1.0,0.1769084699,0.122573159,0.5091240159,0.5360813319,0.5358492316,0.5846135256
4387,1.0,0.0,0.0,0.0,1.0,1.0,0.168996693,0.1268231297,0.5018182634,0.5483867324,0.5303030002,0.5074638567
4388,1.0,0.0,0.0,0.0,1.0,1.0,0.2441914781,0.19952262,0.4799300869,0.5571424717,0.534798487,0.6330271166
4389,1.0,0.0,0.0,0.0,1.0,1.0,0.2857908236,0.2551392278,0.4776860241,0.5780351092,0.5563380443,0.620690428
4390,1.0,0.0,0.0,0.0,1.0,1.0,0.3159524483,0.3015554565,0.482258095,0.6020410777,0.5724136375,0.6057147704
4391,1.0,0.0,0.0,0.0,1.0,1.0,0.3288488022,0.3170643629,0.4758063878,0.5980395934,0.5620690537,0.592391343
4392,1.0,0.0,0.0,0.0,1.0,1.0,0.3310050482,0.3297129876,0.4694533664,0.611649974,0.5670102516,0.6041667844
4393,1.0,0.0,0.0,0.0,1.0,1.0,0.3336819852,0.3285834298,0.468699807,0.6105770279,0.5616437192,0.5937496485
4394,1.0,0.0,0.0,0.0,1.0,1.0,0.3250218199,0.3198909104,0.4764227599,0.6100002517,0.5674740144,0.5999992901
4395,1.0,0.0,0.0,0.0,1.0,1.0,0.325660795,0.3228439536,0.4751204068,0.6108379187,0.5704467938,0.6010635996
4396,1.0,0.0,0.0,0.0,1.0,1.0,0.3304734839,0.3285836851,0.4719100318,0.6067963904,0.5684931078,0.5989580355
4397,1.0,0.0,0.0,0.0,1.0,1.0,0.3196922507,0.3194091883,0.4846526011,0.6010100126,0.5841922263,0.6021503497
4398,1.0,0.0,0.0,0.0,1.0,1.0,0.3224005118,0.3189344304,0.4903225008,0.6049996895,0.5870308435,0.6042772961
4399,1.0,0.0,0.0,0.0,1.0,1.0,0.3234441582,0.322844092,0.4854368787,0.6099995641,0.5841923601,0.6117024237
4400,1.0,0.0,0.0,0.0,1.0,1.0,0.3240128194,0.3257570139,0.4935483817,0.6218909061,0.5938564571,0.6020947345
4401,1.0,0.0,0.0,0.0,1.0,1.0,0.3229216364,0.3268721903,0.4911147123,0.6150003997,0.5856163991,0.6073292448
4402,1.0,0.0,0.0,0.0,1.0,1.0,0.3168963237,0.3142575495,0.494308815,0.6153846154,0.5910652908,0.612021832
4403,1.0,0.0,0.0,0.0,1.0,1.0,0.3038952676,0.2977788863,0.4894308768,0.614973783,0.5821918215,0.6149428009
4404,1.0,0.0,0.0,0.0,1.0,1.0,0.2294370224,0.1871682354,0.5008695409,0.583333467,0.5672729539,0.6504850778
4405,1.0,0.0,0.0,0.0,1.0,1.0,0.184107735,0.1419867914,0.4701754367,0.5619046291,0.5166051931,0.5974041849
4406,1.0,0.0,0.0,0.0,1.0,1.0,0.1967810666,0.1531991273,0.4576857082,0.5964910673,0.5145984776,0.6309532694
4407,1.0,0.0,0.0,0.0,1.0,1.0,0.2401367785,0.2070274696,0.4856176405,0.5915498365,0.5642858052,0.6465516151
4408,1.0,0.0,0.0,0.0,1.0,1.0,0.2839138611,0.2766620388,0.4778324448,0.6127166629,0.5709342663,0.6062496153
4409,1.0,0.0,0.0,0.0,1.0,1.0,0.3085095259,0.3066083788,0.4774919801,0.604167331,0.576271047,0.5966851344
4410,1.0,0.0,0.0,0.0,1.0,1.0,0.3096184161,0.3184664004,0.4783305822,0.6165796781,0.5728812669,0.590425634
4411,1.0,0.0,0.0,0.0,1.0,1.0,0.3090063046,0.3195494455,0.4782609522,0.609374476,0.5782315655,0.5797873676
4412,1.0,0.0,0.0,0.0,1.0,1.0,0.3166231114,0.3253217744,0.4784000847,0.6161614726,0.5771813932,0.587629372
4413,1.0,0.0,0.0,0.0,1.0,1.0,0.3176395965,0.3269359781,0.4735151681,0.6060600824,0.5762712724,0.580311696
4414,1.0,0.0,0.0,0.0,1.0,1.0,0.3176396049,0.3280996468,0.4783307243,0.6161611094,0.5791247663,0.5897442996
4415,1.0,0.0,0.0,0.0,1.0,1.0,0.3111168028,0.3212492884,0.477419432,0.6217616467,0.5748298695,0.5978846654
4416,1.0,0.0,0.0,0.0,1.0,1.0,0.3234905904,0.3308960555,0.484702099,0.6218911116,0.584459376,0.6020409283
4417,1.0,0.0,0.0,0.0,1.0,1.0,0.3188695122,0.3325899362,0.4825396123,0.6218900467,0.5886285852,0.5979902669
4418,1.0,0.0,0.0,0.0,1.0,1.0,0.3194416832,0.3365125627,0.484177269,0.6138616992,0.5824914197,0.5899995103
4419,1.0,0.0,0.0,0.0,1.0,1.0,0.3235829331,0.339877352,0.4800637216,0.6157637447,0.5791247056,0.5891091792
4420,1.0,0.0,0.0,0.0,1.0,1.0,0.3231158267,0.3404139649,0.4801901229,0.6225484464,0.5872481721,0.6009844902
4421,1.0,0.0,0.0,0.0,1.0,1.0,0.3177874177,0.336512341,0.4801272087,0.6250004061,0.5858587184,0.5950004819
4422,1.0,0.0,0.0,0.0,1.0,1.0,0.3188011315,0.3325845397,0.4800638481,0.6149996789,0.5912160002,0.5989850296
4423,1.0,0.0,0.0,0.0,1.0,1.0,0.3161984769,0.3308964438,0.4785373146,0.6231155395,0.5844595152,0.6020407824
4424,1.0,0.0,0.0,0.0,1.0,1.0,0.3165434643,0.3342726072,0.4839228659,0.6243656825,0.5912161575,0.5909085603
4425,1.0,0.0,0.0,0.0,1.0,1.0,0.3107240241,0.3219678799,0.4823717521,0.6237106084,0.5906040073,0.5989580804
4426,1.0,0.0,0.0,0.0,1.0,1.0,0.2990202083,0.3069955527,0.4813009261,0.6304346547,0.5870306676,0.600000481
4427,1.0,0.0,0.0,0.0,1.0,1.0,0.2834482701,0.2816294422,0.4836065247,0.6184967344,0.5807559436,0.6219514445
4428,1.0,0.0,0.0,0.0,1.0,1.0,0.2760521657,0.2594370438,0.5041597279,0.5903622517,0.5818814113,0.6174494913
4429,1.0,0.0,0.0,0.0,1.0,1.0,0.2782629665,0.2714744964,0.5024711555,0.5976330465,0.5882352291,0.6050954636
4430,1.0,0.0,0.0,0.0,1.0,1.0,0.2746809791,0.2654765603,0.5000000444,0.5963846463,0.586805284,0.614379195
4431,1.0,0.0,0.0,0.0,1.0,1.0,0.2686312502,0.2516076086,0.507512553,0.5838512478,0.5874126111,0.6319456924
4432,1.0,0.0,0.0,0.0,1.0,1.0,0.2119503593,0.1756267583,0.4775861579,0.5934968724,0.5398549931,0.6597941026
4433,1.0,0.0,0.0,0.0,1.0,1.0,0.1529397445,0.1179117108,0.4697509375,0.56976796,0.505617879,0.5714300196
4434,1.0,0.0,0.0,0.0,1.0,1.0,0.1772059226,0.1406621906,0.4787234989,0.579999829,0.5333332278,0.644735732
4435,1.0,0.0,0.0,0.0,1.0,1.0,0.2485836696,0.225051402,0.4838160876,0.6164384375,0.5602835518,0.6614169065
4436,1.0,0.0,0.0,0.0,1.0,1.0,0.2886179728,0.2757080758,0.49339927,0.6228573688,0.5827583701,0.625
4437,1.0,0.0,0.0,0.0,1.0,1.0,0.3038951582,0.2994902761,0.491056966,0.6310155901,0.5821918723,0.6171431262
4438,1.0,0.0,0.0,0.0,1.0,1.0,0.3055204696,0.3018794791,0.4861789076,0.6329788652,0.5767920346,0.6158192716
4439,1.0,0.0,0.0,0.0,1.0,1.0,0.2553195994,0.2347445095,0.4873949143,0.611841682,0.5622777121,0.6439391195
4440,1.0,0.0,0.0,0.0,1.0,1.0,0.1779110941,0.1382992284,0.4746945151,0.5784308154,0.5202950875,0.6533342112
4441,1.0,0.0,0.0,0.0,1.0,1.0,0.1788471409,0.1419871716,0.4771928805,0.5686277018,0.5239852976,0.662337589
4442,1.0,0.0,0.0,0.0,1.0,1.0,0.2494361264,0.2213048934,0.4957554284,0.6258504201,0.5750000482,0.6693550916
4443,1.0,0.0,0.0,0.0,1.0,1.0,0.2876929018,0.2708278172,0.4875207576,0.6300574051,0.5699299732,0.638710291
4444,1.0,0.0,0.0,0.0,1.0,1.0,0.307394187,0.3015557426,0.4753289421,0.631015999,0.5586209753,0.6114282147
4445,1.0,0.0,0.0,0.0,1.0,1.0,0.3101717978,0.3129741014,0.4811165095,0.6349210415,0.5674741406,0.6187847588
4446,1.0,0.0,0.0,0.0,1.0,1.0,0.3123257997,0.3118945402,0.4819079523,0.6368424443,0.5655173193,0.6187843436
4447,1.0,0.0,0.0,0.0,1.0,1.0,0.3166546456,0.3181614318,0.4834983001,0.6302088159,0.5674737764,0.6086954965
4448,1.0,0.0,0.0,0.0,1.0,1.0,0.3103440477,0.3132050228,0.4858097015,0.6182794552,0.566901545,0.6123596688
4449,1.0,0.0,0.0,0.0,1.0,1.0,0.3148243037,0.3156133527,0.5050000926,0.6243383037,0.5824562691,0.6111111111
4450,1.0,0.0,0.0,0.0,1.0,1.0,0.3147322472,0.3167244068,0.5142379578,0.6276591896,0.5950704484,0.6222217075
4451,1.0,0.0,0.0,0.0,1.0,1.0,0.3208909548,0.3226264917,0.5183946857,0.6197921675,0.5999998459,0.6141308762
4452,1.0,0.0,0.0,0.0,1.0,1.0,0.3186140424,0.324906777,0.5234900083,0.6263165749,0.6077735293,0.6141299154
4453,1.0,0.0,0.0,0.0,1.0,1.0,0.3242339472,0.3231410495,0.5133778737,0.6185562365,0.5971730508,0.6174859407
4454,1.0,0.0,0.0,0.0,1.0,1.0,0.3230517559,0.3296033674,0.5218855733,0.6197913402,0.5992907636,0.6129029602
4455,1.0,0.0,0.0,0.0,1.0,1.0,0.3236923834,0.330204333,0.5208681647,0.6340203842,0.5971730376,0.6203217131
4456,1.0,0.0,0.0,0.0,1.0,1.0,0.3197543147,0.3249067996,0.5226131228,0.6282726738,0.5971730363,0.614130825
4457,1.0,0.0,0.0,0.0,1.0,1.0,0.3174697797,0.3213751554,0.5193276974,0.6296302244,0.5901058975,0.6098902931
4458,1.0,0.0,0.0,0.0,1.0,1.0,0.3190069467,0.3194645494,0.509337748,0.6223406304,0.582142797,0.6089385954
4459,1.0,0.0,0.0,0.0,1.0,1.0,0.3241887193,0.3325546422,0.4722689097,0.6321241478,0.5551601671,0.6042776329
4460,1.0,0.0,0.0,0.0,1.0,1.0,0.3241885966,0.3307757919,0.4739496351,0.632123962,0.5409254235,0.6021503996
4461,1.0,0.0,0.0,0.0,1.0,1.0,0.3280995756,0.3355267791,0.4696968509,0.6256416699,0.5428573197,0.601063977
4462,1.0,0.0,0.0,0.0,1.0,1.0,0.33482123,0.3485599496,0.4690116514,0.6249998645,0.5480428789,0.6020401841
4463,1.0,0.0,0.0,0.0,1.0,1.0,0.3269676984,0.3396676522,0.4738616142,0.6288657588,0.5480428913,0.6073299687
4464,1.0,0.0,0.0,0.0,1.0,1.0,0.3325873772,0.3485598739,0.4823529024,0.6262631376,0.5587187633,0.5969390932
4465,1.0,0.0,0.0,0.0,1.0,1.0,0.3235480378,0.3266032285,0.4881355945,0.6178005958,0.5535715183,0.6010925339
4466,1.0,0.0,0.0,0.0,1.0,1.0,0.3354059086,0.3498046926,0.4796609798,0.6212124722,0.5500001364,0.5918371213
4467,1.0,0.0,0.0,0.0,1.0,1.0,0.3320178498,0.3469288574,0.4796609332,0.6173466058,0.5503597543,0.5958552715
4468,1.0,0.0,0.0,0.0,1.0,1.0,0.3291882383,0.3433334668,0.477079873,0.6237109515,0.5503593847,0.5968584891
4469,1.0,0.0,0.0,0.0,1.0,1.0,0.3308963996,0.3421029488,0.4797297615,0.6173473591,0.5483871472,0.5968589259
4470,1.0,0.0,0.0,0.0,1.0,1.0,0.3303238502,0.3421026251,0.4694914935,0.6205132957,0.544802757,0.5968585421
4471,1.0,0.0,0.0,0.0,1.0,1.0,0.3286300332,0.3421028321,0.4728813955,0.6134023522,0.5448030063,0.5916233482
4472,1.0,0.0,0.0,0.0,1.0,1.0,0.3303095767,0.3433335201,0.4752980885,0.6082475626,0.5503596753,0.586386863
4473,1.0,0.0,0.0,0.0,1.0,1.0,0.3320121929,0.3481807213,0.4770016698,0.6153840091,0.5487363248,0.5906738463
4474,1.0,0.0,0.0,0.0,1.0,1.0,0.3314475768,0.3481813862,0.4744897816,0.6153847021,0.5487365967,0.5854925231
4475,1.0,0.0,0.0,0.0,1.0,1.0,0.3274621603,0.3458210449,0.47610922,0.6145834164,0.5471015468,0.5863876923
4476,1.0,0.0,0.0,0.0,1.0,1.0,0.3199591456,0.3355788041,0.4853701023,0.6129033392,0.5547446764,0.5815222476
4477,1.0,0.0,0.0,0.0,1.0,1.0,0.3342960087,0.3465213488,0.4775862876,0.6082468886,0.547445174,0.5842103266
4478,1.0,0.0,0.0,0.0,1.0,1.0,0.3291264941,0.3465215275,0.4793102909,0.6125656358,0.5547447311,0.5894741301
4479,1.0,0.0,0.0,0.0,1.0,1.0,0.3221768471,0.3380465173,0.4887349422,0.6129036378,0.5661764998,0.5869570576
4480,1.0,0.0,0.0,0.0,1.0,1.0,0.327373758,0.3509069482,0.4956672184,0.5978842101,0.5624999247,0.5863876983
4481,1.0,0.0,0.0,0.0,1.0,1.0,0.3210013048,0.3380462844,0.4965277224,0.6108109836,0.5698528302,0.5869571168
4482,1.0,0.0,0.0,0.0,1.0,1.0,0.3290845038,0.3465215804,0.4912892401,0.6084652927,0.5656932848,0.5789479091
4483,1.0,0.0,0.0,0.0,1.0,1.0,0.3285122448,0.3472326214,0.4956521237,0.6137566797,0.5698528443,0.5873018751
4484,1.0,0.0,0.0,0.0,1.0,1.0,0.3273431211,0.3404692539,0.5,0.6117020123,0.5714285153,0.5967742494
4485,1.0,0.0,0.0,0.0,1.0,1.0,0.3238610221,0.3343721584,0.4947734948,0.6075266718,0.5735296912,0.5769227514
4486,1.0,0.0,0.0,0.0,1.0,1.0,0.3250358961,0.3355791829,0.4991303744,0.6149733876,0.5729927811,0.5869562104
4487,1.0,0.0,0.0,0.0,1.0,1.0,0.3284877902,0.3361757859,0.4965035138,0.6063822269,0.570909065,0.5837835674
4488,1.0,0.0,0.0,0.0,1.0,1.0,0.3226819391,0.3331470686,0.4904014259,0.6162161911,0.5677655894,0.5934067878
4489,1.0,0.0,0.0,0.0,1.0,1.0,0.3249932355,0.3404691206,0.489510439,0.6075267389,0.5567766447,0.5806451986
4490,1.0,0.0,0.0,0.0,1.0,1.0,0.3190457456,0.3319178971,0.4991182625,0.6132597336,0.5682657494,0.5888897045
4491,1.0,0.0,0.0,0.0,1.0,1.0,0.3083383283,0.320716268,0.4893617911,0.6091952465,0.5671641194,0.5930229369
4492,1.0,0.0,0.0,0.0,1.0,1.0,0.3260591393,0.3418165785,0.4929078744,0.6032610184,0.5687732766,0.5760866588
4493,1.0,0.0,0.0,0.0,1.0,1.0,0.3208085905,0.336849039,0.4991182204,0.604395913,0.5703701543,0.5879118243
4494,1.0,0.0,0.0,0.0,1.0,1.0,0.3119952717,0.3300393343,0.4902998453,0.6158191193,0.5597014624,0.5932207533
4495,1.0,0.0,0.0,0.0,1.0,1.0,0.3180041469,0.3337615417,0.4877621139,0.6043959039,0.5645756839,0.580110201
4496,1.0,0.0,0.0,0.0,1.0,1.0,0.3155207171,0.3319042051,0.492063516,0.603351982,0.5634329549,0.5842692039
4497,1.0,0.0,0.0,0.0,1.0,1.0,0.3177619137,0.3287636083,0.4902309236,0.608938204,0.5601503226,0.5885713158
4498,1.0,0.0,0.0,0.0,1.0,1.0,0.3195373251,0.333147637,0.4902308053,0.6111113755,0.5617978023,0.5898878905
4499,1.0,0.0,0.0,0.0,1.0,1.0,0.3126546402,0.3250973434,0.4833039994,0.6123600415,0.5539031861,0.5942857555
4500,1.0,0.0,0.0,0.0,1.0,1.0,0.3242869267,0.3300393995,0.4822693966,0.6120213186,0.5559701799,0.5932203189
4501,1.0,0.0,0.0,0.0,1.0,1.0,0.3193908757,0.3243473783,0.4793537376,0.5955054847,0.5547167602,0.5872088027
4502,1.0,0.0,0.0,0.0,1.0,1.0,0.3277741436,0.3312757756,0.489247181,0.6120212895,0.5617979885,0.5875697708
4503,1.0,0.0,0.0,0.0,1.0,1.0,0.3271873409,0.3368906849,0.4812164685,0.6065572241,0.5543071775,0.5833330368
4504,1.0,0.0,0.0,0.0,1.0,1.0,0.3241916368,0.3343997101,0.4802867343,0.596685843,0.5526316207,0.5786512125
4505,1.0,0.0,0.0,0.0,1.0,1.0,0.3242398064,0.3300394516,0.4884135045,0.6153850672,0.5634327704,0.5875714336
4506,1.0,0.0,0.0,0.0,1.0,1.0,0.3248186569,0.3312754657,0.4785715222,0.6043954911,0.5543073031,0.5762714858
4507,1.0,0.0,0.0,0.0,1.0,1.0,0.3260212442,0.3374980375,0.4848484255,0.5956292033,0.5597015567,0.5745852326
4508,1.0,0.0,0.0,0.0,1.0,1.0,0.3253581735,0.3312754664,0.4838130269,0.6077354004,0.5580526324,0.5819216517
4509,1.0,0.0,0.0,0.0,1.0,1.0,0.3157083669,0.3219175601,0.4891696681,0.6057144692,0.5617975909,0.5813952644
4510,1.0,0.0,0.0,0.0,1.0,1.0,0.3163700969,0.3193706232,0.480215762,0.6136357944,0.5563908707,0.5882352941
4511,1.0,0.0,0.0,0.0,1.0,1.0,0.3093082757,0.3065201265,0.4901609265,0.6011565258,0.5613383829,0.5939395483
4512,1.0,0.0,0.0,0.0,1.0,1.0,0.3007327714,0.2938433651,0.4828827602,0.6047903889,0.5505618955,0.5923567393
4513,1.0,0.0,0.0,0.0,1.0,1.0,0.3098628819,0.3028046058,0.4982078353,0.5953755129,0.5650556441,0.5950925944
4514,1.0,0.0,0.0,0.0,1.0,1.0,0.2962016037,0.3061534483,0.4971319359,0.6387090314,0.5533596935,0.6129032258
4515,1.0,0.0,0.0,0.0,1.0,1.0,0.2970368478,0.294707186,0.4965034487,0.6117643647,0.5457877236,0.5465835493
4516,0.0,0.0,0.0,0.0,0.0,0.0,0.0,0.0,0.0,0.0,0.0,0.0
4517,0.0,0.0,0.0,0.0,0.0,0.0,0.0,0.0,0.0,0.0,0.0,0.0
4518,0.0,0.0,0.0,0.0,0.0,0.0,0.0,0.0,0.0,0.0,0.0,0.0
4519,0.0,0.0,0.0,0.0,0.0,0.0,0.0,0.0,0.0,0.0,0.0,0.0
4520,0.0,0.0,0.0,0.0,0.0,0.0,0.0,0.0,0.0,0.0,0.0,0.0
4521,1.0,0.0,0.0,0.0,1.0,1.0,0.2406064776,0.1880669159,0.4612794484,0.5384616366,0.5340504111,0.5238096893
4522,1.0,0.0,0.0,0.0,1.0,1.0,0.2219038555,0.1678029969,0.4388112519,0.5354331467,0.4981548995,0.516483854
4523,1.0,0.0,0.0,0.0,1.0,1.0,0.2325976522,0.174807564,0.4436364433,0.5781253098,0.4904941695,0.5652176312
4524,1.0,0.0,0.0,0.0,1.0,1.0,0.2306404271,0.1715459117,0.4525938785,0.5658917714,0.4962687688,0.57608809
4525,1.0,0.0,0.0,0.0,1.0,1.0,0.2267335437,0.172907359,0.4428311026,0.5839998484,0.4866920274,0.5714280402
4526,1.0,0.0,0.0,0.0,1.0,1.0,0.2172701517,0.1640306369,0.4492753623,0.5666666189,0.4770991604,0.581395163
4527,1.0,0.0,0.0,0.0,1.0,1.0,0.2258525959,0.1678165748,0.4644128697,0.5669297248,0.4925372845,0.5555555556
4528,1.0,0.0,0.0,0.0,1.0,1.0,0.2313195679,0.1758274191,0.4664310831,0.55725258,0.4888889455,0.5368427152
4529,1.0,0.0,0.0,0.0,1.0,1.0,0.2232795136,0.1726976297,0.4592198342,0.5555555556,0.4889706035,0.5531913712
4530,1.0,0.0,0.0,0.0,1.0,1.0,0.2134040958,0.1690505238,0.4519573413,0.558332879,0.4869888109,0.560439774
4531,1.0,0.0,0.0,0.0,1.0,1.0,0.2013396119,0.1506791431,0.4555353123,0.5405407995,0.4809160125,0.5316450585
4532,1.0,0.0,0.0,0.0,1.0,1.0,0.212995986,0.1620715555,0.4663023339,0.5299139946,0.5019305695,0.5
4533,1.0,0.0,0.0,0.0,1.0,1.0,0.2079870211,0.1588262514,0.4493555221,0.5398227899,0.4844959259,0.5731716674
4534,1.0,0.0,0.0,0.0,1.0,1.0,0.2135086895,0.1697894153,0.4383057042,0.5431041724,0.478764573,0.5454550752
4535,1.0,0.0,0.0,0.0,1.0,1.0,0.2284438102,0.1848025604,0.455357201,0.5859374249,0.4981130725,0.5510211402
4536,1.0,0.0,0.0,0.0,1.0,1.0,0.2467090502,0.2147089854,0.4486486153,0.5912413863,0.4980989483,0.5663723378
4537,1.0,0.0,0.0,0.0,1.0,1.0,0.2873620983,0.2661348946,0.4593128912,0.5723262792,0.5095787124,0.5251798655
4538,1.0,0.0,0.0,0.0,1.0,1.0,0.30107967,0.2927468889,0.4741533189,0.5857980976,0.5261194079,0.5350312632
4539,1.0,0.0,0.0,0.0,1.0,1.0,0.3289755848,0.3255758247,0.463327276,0.5978262137,0.5189393978,0.5232554998
4540,1.0,0.0,0.0,0.0,1.0,1.0,0.3360956314,0.3325212262,0.4654866554,0.5736837025,0.5187969397,0.4971751071
4541,1.0,0.0,0.0,0.0,1.0,1.0,0.3401979142,0.3269548445,0.4620811406,0.5803104569,0.5204459251,0.5056814631
4542,1.0,0.0,0.0,0.0,1.0,1.0,0.3458273752,0.3380465869,0.4688580965,0.5800001071,0.5220589055,0.5217384135
4543,1.0,0.0,0.0,0.0,1.0,1.0,0.3435582899,0.3331475557,0.4565972782,0.5757579927,0.5148148683,0.5055560881
4544,1.0,0.0,0.0,0.0,1.0,1.0,0.3401240877,0.3294455476,0.4572425527,0.5794870073,0.5185184821,0.5112353519
4545,1.0,0.0,0.0,0.0,1.0,1.0,0.3348912465,0.3250971167,0.4572426071,0.5781250444,0.513011229,0.5142858034
4546,1.0,0.0,0.0,0.0,1.0,1.0,0.335501762,0.3220423303,0.4628975518,0.6,0.5185184445,0.5172416291
4547,1.0,0.0,0.0,0.0,1.0,1.0,0.3343141661,0.3195239908,0.4658493591,0.5863878938,0.5204462375,0.5116283748
4548,1.0,0.0,0.0,0.0,1.0,1.0,0.3400516816,0.331931215,0.4645940947,0.5939089156,0.5255473832,0.521977811
4549,1.0,0.0,0.0,0.0,1.0,1.0,0.3422744604,0.3379931355,0.469178058,0.5799997539,0.527272524,0.5161290323
4550,1.0,0.0,0.0,0.0,1.0,1.0,0.3406016774,0.3361758666,0.4664372336,0.5858582047,0.5236362408,0.5081073567
4551,1.0,0.0,0.0,0.0,1.0,1.0,0.3400163934,0.3331473876,0.4725086275,0.5808076624,0.5289854198,0.516304257
4552,1.0,0.0,0.0,0.0,1.0,1.0,0.3343080565,0.3216383566,0.4721254403,0.5885414922,0.5236361635,0.5141243856
4553,1.0,0.0,0.0,0.0,1.0,1.0,0.3302654789,0.3221643471,0.4757785655,0.5863876349,0.5274724952,0.5227271807
4554,1.0,0.0,0.0,0.0,1.0,1.0,0.3314032315,0.3178372371,0.4764398192,0.6000001832,0.5257350508,0.5144509136
4555,1.0,0.0,0.0,0.0,1.0,1.0,0.3372240639,0.3221643634,0.465034912,0.5906739391,0.5201465032,0.517045297
4556,1.0,0.0,0.0,0.0,1.0,1.0,0.3285121935,0.311869377,0.4765217309,0.5925922198,0.529197139,0.5146202674
4557,1.0,0.0,0.0,0.0,1.0,1.0,0.3325667927,0.3239950824,0.4703832919,0.5916236836,0.5274724846,0.519774034
4558,1.0,0.0,0.0,0.0,1.0,1.0,0.3394984053,0.3301073787,0.4714038169,0.5867346351,0.5218978738,0.5193375892
4559,1.0,0.0,0.0,0.0,1.0,1.0,0.3348913728,0.3185035059,0.4659686687,0.5989578587,0.5164835947,0.5172410991
4560,1.0,0.0,0.0,0.0,1.0,1.0,0.3308133866,0.3104882054,0.472854581,0.5925924875,0.5183824809,0.5029587739
4561,1.0,0.0,0.0,0.0,1.0,1.0,0.3314031893,0.3093512394,0.4624782424,0.5789473684,0.5128205549,0.4970410494
4562,1.0,0.0,0.0,0.0,1.0,1.0,0.3417780967,0.3277157037,0.4628670518,0.575757304,0.5217391304,0.5082867672
4563,1.0,0.0,0.0,0.0,1.0,1.0,0.3435043929,0.3343588631,0.4801382725,0.5879394794,0.5381817184,0.5163041735
4564,1.0,0.0,0.0,0.0,1.0,1.0,0.3394983772,0.3319312754,0.4766031946,0.5867349728,0.5291970803,0.5219778301
4565,1.0,0.0,0.0,0.0,1.0,1.0,0.3436126652,0.3331473668,0.4712042406,0.6040605279,0.531135585,0.5274724172
4566,1.0,0.0,0.0,0.0,1.0,1.0,0.3337328073,0.3221643861,0.4762741574,0.5789476178,0.5311356036,0.5113643223
4567,1.0,0.0,0.0,0.0,1.0,1.0,0.3395652321,0.3258254127,0.4781086241,0.582473988,0.5347984686,0.5168541662
4568,1.0,0.0,0.0,0.0,1.0,1.0,0.3278593133,0.314162596,0.4761904387,0.596774395,0.5330883946,0.5321636755
4569,1.0,0.0,0.0,0.0,1.0,1.0,0.3413155681,0.3289071098,0.4833625084,0.5794871311,0.5309091237,0.5193373198
4570,1.0,0.0,0.0,0.0,1.0,1.0,0.3331473917,0.3209886579,0.4771929362,0.5789477241,0.5291969655,0.522727628
4571,1.0,0.0,0.0,0.0,1.0,1.0,0.3190458235,0.3056901766,0.4779540914,0.5911601566,0.5274723472,0.5269455029
4572,1.0,0.0,0.0,0.0,1.0,1.0,0.329622014,0.3123256447,0.4744268568,0.5935832969,0.5294116854,0.5235295324
4573,1.0,0.0,0.0,0.0,1.0,1.0,0.3296588997,0.3216385066,0.4904014091,0.582010916,0.5454546649,0.5197746403
4574,1.0,0.0,0.0,0.0,1.0,1.0,0.336064401,0.3228126527,0.481611176,0.5885412536,0.5364962251,0.5141239621
4575,1.0,0.0,0.0,0.0,1.0,1.0,0.3436678758,0.3301077332,0.4859649488,0.5867346939,0.543795379,0.5303867403
4576,1.0,0.0,0.0,0.0,1.0,1.0,0.3395989526,0.3258255737,0.4859154637,0.5854919793,0.5384615139,0.5224713641
4577,1.0,0.0,0.0,0.0,1.0,1.0,0.3302200688,0.314369869,0.4745166336,0.5851057822,0.5309091272,0.5260118078
4578,1.0,0.0,0.0,0.0,1.0,1.0,0.3325608744,0.3125528176,0.475352105,0.597884104,0.527272575,0.5232554066
4579,1.0,0.0,0.0,0.0,1.0,1.0,0.3272508544,0.3127883256,0.4761061576,0.5891891194,0.5296295855,0.5384616221
4580,1.0,0.0,0.0,0.0,1.0,1.0,0.3378395957,0.3239948964,0.4823944512,0.5833326354,0.5384616894,0.5310734349
4581,1.0,0.0,0.0,0.0,1.0,1.0,0.350156372,0.3319313871,0.4841549106,0.5778896219,0.5328469202,0.5274727363
4582,1.0,0.0,0.0,0.0,1.0,1.0,0.3471745822,0.3355792911,0.4754386508,0.5858585491,0.5328468041,0.532608685
4583,1.0,0.0,0.0,0.0,1.0,1.0,0.3510151635,0.3409645772,0.4844290134,0.591132913,0.5379063745,0.534391292
4584,1.0,0.0,0.0,0.0,1.0,1.0,0.3510151689,0.3403898759,0.482698985,0.5812808974,0.5326086602,0.5265962338
4585,1.0,0.0,0.0,0.0,1.0,1.0,0.3569432205,0.3422001433,0.484320512,0.5853656602,0.5362319078,0.5238101155
4586,1.0,0.0,0.0,0.0,1.0,1.0,0.3472490157,0.3246361379,0.479717793,0.5786803123,0.5291970603,0.528089843
4587,1.0,0.0,0.0,0.0,1.0,1.0,0.3396331987,0.3270234288,0.4831858657,0.5885414671,0.5404412165,0.5449442449
4588,1.0,0.0,0.0,0.0,1.0,1.0,0.355673404,0.334978007,0.4822063419,0.5850002747,0.5347985126,0.5355191361
4589,1.0,0.0,0.0,0.0,1.0,1.0,0.3401980781,0.3191649995,0.4814813761,0.5854922858,0.5401461931,0.5257137411
4590,1.0,0.0,0.0,0.0,1.0,1.0,0.354188211,0.3325416274,0.4754385182,0.5792085117,0.5309090722,0.5300545072
4591,1.0,0.0,0.0,0.0,1.0,1.0,0.3313752023,0.3123255627,0.4875886386,0.6042781622,0.5404410648,0.5470587365
4592,1.0,0.0,0.0,0.0,1.0,1.0,0.3454860965,0.3264597475,0.4850088153,0.5867343605,0.5364962426,0.5363132878
4593,1.0,0.0,0.0,0.0,1.0,1.0,0.3401608093,0.3209885822,0.4877193251,0.582474151,0.5364962732,0.5454550062
4594,1.0,0.0,0.0,0.0,1.0,1.0,0.3519161405,0.3398837745,0.4823943651,0.5950000615,0.5367645517,0.5405405149
4595,1.0,0.0,0.0,0.0,1.0,1.0,0.3524347741,0.3386384728,0.4877193207,0.5870650335,0.5421246018,0.5297297037
4596,1.0,0.0,0.0,0.0,1.0,1.0,0.3555536967,0.335579063,0.4920354863,0.5920392774,0.5474453217,0.543478702
4597,1.0,0.0,0.0,0.0,1.0,1.0,0.3537847545,0.3386387739,0.4867256261,0.5849998532,0.5384615134,0.5405409303
4598,1.0,0.0,0.0,0.0,1.0,1.0,0.3514912078,0.336808312,0.4884546499,0.5909096229,0.5384614883,0.5489135752
4599,1.0,0.0,0.0,0.0,1.0,1.0,0.3349190899,0.3233488549,0.487588569,0.5820103453,0.5367646535,0.5397728069
4600,1.0,0.0,0.0,0.0,1.0,1.0,0.3266382808,0.3160002206,0.4920071382,0.5978265459,0.5477940294,0.5581395588
4601,1.0,0.0,0.0,0.0,1.0,1.0,0.3044896757,0.2842279254,0.4964158919,0.5999997847,0.5464683901,0.5490198189
4602,1.0,0.0,0.0,0.0,1.0,1.0,0.2883691559,0.2609653903,0.4946235837,0.590062401,0.5370370872,0.5531914342
4603,1.0,0.0,0.0,0.0,1.0,1.0,0.2553319351,0.2319458676,0.483576673,0.6071421242,0.5207547604,0.5447157083
4604,1.0,0.0,0.0,0.0,1.0,1.0,0.2587839666,0.2339519355,0.4571428307,0.6206892024,0.5131088241,0.5679994461
4605,1.0,0.0,0.0,0.0,1.0,1.0,0.2295282348,0.1942313833,0.443037999,0.6141737439,0.4905659748,0.6019424647
4606,1.0,0.0,0.0,0.0,1.0,1.0,0.2190803661,0.1765928546,0.4528985073,0.5867769808,0.4962405689,0.585106604
4607,1.0,0.0,0.0,0.0,1.0,1.0,0.1927762253,0.1458330412,0.462546898,0.5825232106,0.4902724042,0.5733321449
4608,1.0,0.0,0.0,0.0,1.0,1.0,0.1792894156,0.1294099248,0.4828244542,0.5531913274,0.5019919496,0.5846143258
4609,1.0,0.0,0.0,0.0,1.0,1.0,0.167536684,0.1119374754,0.5009633161,0.517240969,0.51599996,0.5714290115
4610,1.0,0.0,0.0,0.0,1.0,1.0,0.1649749538,0.1159350318,0.5028789686,0.4999989606,0.5119999028,0.5344822803
4611,1.0,0.0,0.0,0.0,1.0,1.0,0.1659305828,0.1159354741,0.5019305961,0.488372735,0.5039999212,0.4827595979
4612,1.0,0.0,0.0,0.0,1.0,1.0,0.1626997618,0.1143940209,0.4883720753,0.5238096227,0.4859436879,0.5263174009
4613,1.0,0.0,0.0,0.0,1.0,1.0,0.1614485656,0.1088104187,0.4884615049,0.5,0.4959676252,0.5185193809
4614,1.0,0.0,0.0,0.0,1.0,1.0,0.1685105321,0.1126421966,0.4883720772,0.494252734,0.4959014841,0.5272717377
4615,1.0,0.0,0.0,0.0,1.0,1.0,0.1698270322,0.1101423704,0.5039063265,0.459770467,0.514285766,0.481481847
4616,1.0,0.0,0.0,0.0,1.0,1.0,0.1496170485,0.09292315757,0.5149701025,0.4400000917,0.528925567,0.4444435951
4617,1.0,0.0,0.0,0.0,1.0,1.0,0.1502165297,0.09459741076,0.5210419777,0.4400011378,0.5390948277,0.4565200587
4618,1.0,0.0,0.0,0.0,1.0,1.0,0.1392664193,0.08893351362,0.5348359847,0.3823515832,0.5550846033,0.285714879
4619,1.0,0.0,0.0,0.0,1.0,1.0,0.1388698876,0.1076986087,0.5431579162,0.3636356726,0.5603449301,0.3400004014
4620,1.0,0.0,0.0,0.0,1.0,1.0,0.1418700388,0.1201048131,0.5338983403,0.3134331447,0.5536479864,0.3214273922
4621,1.0,0.0,0.0,0.0,1.0,1.0,0.1430869988,0.112006696,0.5574837538,0.3636372105,0.551724235,0.4230774915
4622,1.0,0.0,0.0,0.0,1.0,1.0,0.1511033612,0.1190824512,0.5766738641,0.3571417335,0.5659574141,0.4285698234
4623,1.0,0.0,0.0,0.0,1.0,1.0,0.1440245908,0.1091092821,0.5676856249,0.3030305902,0.5589517602,0.3799993121
4624,1.0,0.0,0.0,0.0,1.0,1.0,0.1302692752,0.09356453356,0.5491453019,0.2786885246,0.5531912561,0.3181829479
4625,1.0,0.0,0.0,0.0,1.0,1.0,0.1228128027,0.08615881235,0.529661081,0.2586200658,0.5474136327,0.1250010089
4626,0.0,0.0,0.0,0.0,0.0,0.0,0.0,0.0,0.0,0.0,0.0,0.0
4627,0.0,0.0,0.0,0.0,0.0,0.0,0.0,0.0,0.0,0.0,0.0,0.0
4628,0.0,0.0,0.0,0.0,0.0,0.0,0.0,0.0,0.0,0.0,0.0,0.0
4629,0.0,0.0,0.0,0.0,0.0,0.0,0.0,0.0,0.0,0.0,0.0,0.0
4630,0.0,0.0,0.0,0.0,0.0,0.0,0.0,0.0,0.0,0.0,0.0,0.0
4631,0.0,0.0,0.0,0.0,0.0,0.0,0.0,0.0,0.0,0.0,0.0,0.0
4632,0.0,0.0,0.0,0.0,0.0,0.0,0.0,0.0,0.0,0.0,0.0,0.0
4633,0.0,0.0,0.0,0.0,0.0,0.0,0.0,0.0,0.0,0.0,0.0,0.0
4634,0.0,0.0,0.0,0.0,0.0,0.0,0.0,0.0,0.0,0.0,0.0,0.0
4635,0.0,0.0,0.0,0.0,0.0,0.0,0.0,0.0,0.0,0.0,0.0,0.0
4636,0.0,0.0,0.0,0.0,0.0,0.0,0.0,0.0,0.0,0.0,0.0,0.0
4637,0.0,0.0,0.0,0.0,0.0,0.0,0.0,0.0,0.0,0.0,0.0,0.0
4638,0.0,0.0,0.0,0.0,0.0,0.0,0.0,0.0,0.0,0.0,0.0,0.0
4639,0.0,0.0,0.0,0.0,0.0,0.0,0.0,0.0,0.0,0.0,0.0,0.0
4640,0.0,0.0,0.0,0.0,0.0,0.0,0.0,0.0,0.0,0.0,0.0,0.0
4641,1.0,0.0,0.0,0.0,1.0,1.0,0.1256028288,0.1135728842,0.4739677528,0.128570835,0.4810604441,0.06666685678
4642,1.0,0.0,0.0,0.0,1.0,1.0,0.1242829514,0.1090299981,0.4887737202,0.3750003189,0.5054544374,0.2666674831
4643,1.0,0.0,0.0,0.0,1.0,1.0,0.1407157655,0.1230658372,0.47833935,0.2820507446,0.4962686652,0.1818198708
4644,1.0,0.0,0.0,0.0,1.0,1.0,0.1480651681,0.1267675022,0.474426742,0.2261906626,0.5,0.1739112474
4645,1.0,0.0,0.0,0.0,1.0,1.0,0.1468208098,0.1346110685,0.4725662939,0.2168683998,0.4981550056,0.1917796613
4646,1.0,0.0,0.0,0.0,1.0,1.0,0.1483268656,0.1295572537,0.4734981806,0.2023791279,0.50740745,0.1714302021
4647,1.0,0.0,0.0,0.0,1.0,1.0,0.1437919539,0.1272354838,0.4724689852,0.2098759353,0.4981553057,0.1884052386
4648,1.0,0.0,0.0,0.0,1.0,1.0,0.1422690445,0.1314080975,0.4715303165,0.187500168,0.5,0.1830988476
4649,1.0,0.0,0.0,0.0,1.0,1.0,0.147081112,0.140662228,0.4698581236,0.1686731381,0.5000002031,0.1973681551
4650,1.0,0.0,0.0,0.0,1.0,1.0,0.1506249409,0.1406625922,0.4680850439,0.1764712,0.5037037461,0.1973683828
4651,1.0,0.0,0.0,0.0,1.0,1.0,0.1513241143,0.130441932,0.4665492036,0.2325581986,0.4963234498,0.1971836183
4652,1.0,0.0,0.0,0.0,1.0,1.0,0.1450517663,0.1374699999,0.4654867894,0.1951211008,0.4981413642,0.2162178228
4653,1.0,0.0,0.0,0.0,1.0,1.0,0.144795466,0.1258557573,0.4681979215,0.2439019853,0.5000002017,0.1911761407
4654,1.0,0.0,0.0,0.0,1.0,1.0,0.1430295786,0.130923149,0.4734982596,0.234569276,0.4981548378,0.1690132553
4655,1.0,0.0,0.0,0.0,1.0,1.0,0.1478047713,0.1382992642,0.4647887324,0.1785726503,0.4981550071,0.173334748
4656,1.0,0.0,0.0,0.0,1.0,1.0,0.1445401285,0.1263234064,0.469135701,0.2195133694,0.4944240205,0.1764717266
4657,1.0,0.0,0.0,0.0,1.0,1.0,0.1460453891,0.1258558292,0.4700704985,0.2289146793,0.5,0.1911766124
4658,1.0,0.0,0.0,0.0,1.0,1.0,0.1387126893,0.12774836,0.4768683621,0.2179494318,0.5037596684,0.1470587296
4659,1.0,0.0,0.0,0.0,1.0,1.0,0.1382208129,0.1286595025,0.4769503651,0.2051279895,0.5,0.1449247352
4660,1.0,0.0,0.0,0.0,1.0,1.0,0.1394981952,0.1337540448,0.4646643445,0.2151901533,0.4981411162,0.2083316906
4661,1.0,0.0,0.0,0.0,1.0,1.0,0.1422696061,0.1291410416,0.4697509172,0.2000016488,0.4943817821,0.173912905
4662,1.0,0.0,0.0,0.0,1.0,1.0,0.142269381,0.1371414314,0.4697508599,0.1749989185,0.4887216304,0.1643831152
4663,1.0,0.0,0.0,0.0,1.0,1.0,0.1397448194,0.1305242165,0.4725664722,0.2278473069,0.4925375174,0.1714286594
4664,1.0,0.0,0.0,0.0,1.0,1.0,0.1402414305,0.132884809,0.468916569,0.2531630705,0.4981272455,0.1831004746
4665,1.0,0.0,0.0,0.0,1.0,1.0,0.1415141133,0.1300387208,0.469026581,0.25,0.4944236642,0.1714291038
4666,1.0,0.0,0.0,0.0,1.0,1.0,0.1397451904,0.1337544349,0.4707965353,0.2151903309,0.4981411547,0.1805554708
4667,1.0,0.0,0.0,0.0,1.0,1.0,0.1450520155,0.1393276551,0.4707964894,0.1829263156,0.4981415547,0.1600006908
4668,1.0,0.0,0.0,0.0,1.0,1.0,0.1412450322,0.134756192,0.472271836,0.2151900816,0.4906365204,0.1666661653
4669,1.0,0.0,0.0,0.0,1.0,1.0,0.1468209656,0.1361182383,0.4725664168,0.2289156941,0.4925373436,0.1917806592
4670,1.0,0.0,0.0,0.0,1.0,1.0,0.1458260296,0.1300388649,0.4644129664,0.2195140352,0.4907061152,0.1714290223
4671,1.0,0.0,0.0,0.0,1.0,1.0,0.1488532694,0.1323884413,0.4716312429,0.2380952381,0.4962684826,0.1830969804
4672,1.0,0.0,0.0,0.0,1.0,1.0,0.1508927843,0.1318965713,0.4724689555,0.2470590355,0.4907060704,0.1549278413
4673,1.0,0.0,0.0,0.0,1.0,1.0,0.1515398919,0.150291848,0.4783394538,0.1904775541,0.4924811351,0.1874986333
4674,1.0,0.0,0.0,0.0,1.0,1.0,0.1578068354,0.1338876778,0.4863883858,0.2298852016,0.4830189502,0.1830995004
4675,1.0,0.0,0.0,0.0,1.0,1.0,0.1656730928,0.1357731382,0.479279247,0.2173913043,0.4792451792,0.1527762657
4676,1.0,0.0,0.0,0.0,1.0,1.0,0.1565611016,0.134024795,0.4754097905,0.2325598484,0.4674329486,0.1714274152
4677,1.0,0.0,0.0,0.0,1.0,1.0,0.1625708989,0.1297722013,0.4805913849,0.3068188648,0.4806200756,0.2388040064
4678,1.0,0.0,0.0,0.0,1.0,1.0,0.1699607218,0.1292714346,0.4842882505,0.2717397294,0.4826254908,0.1791046249
4679,1.0,0.0,0.0,0.0,1.0,1.0,0.1443438155,0.1140046807,0.4753199194,0.5696213418,0.5019010219,0.5500029222
4680,1.0,0.0,0.0,0.0,1.0,1.0,0.2322283877,0.2059780644,0.5094663625,0.6148153699,0.5698925748,0.6608688336
4681,1.0,0.0,0.0,0.0,1.0,1.0,0.2883963209,0.2865533996,0.5041459623,0.6091953131,0.580419366,0.5914635652
4682,1.0,0.0,0.0,0.0,1.0,1.0,0.3098922167,0.3221196244,0.4886364017,0.6125648985,0.5749131089,0.5891890218
4683,1.0,0.0,0.0,0.0,1.0,1.0,0.3144311253,0.3308258428,0.481541005,0.6122448742,0.567944226,0.5842111079
4684,1.0,0.0,0.0,0.0,1.0,1.0,0.2243643107,0.1995154579,0.4795917063,0.5833329083,0.541044862,0.6355136855
4685,1.0,0.0,0.0,0.0,1.0,1.0,0.1468717011,0.1239464191,0.5197132207,0.4999986342,0.5314961532,0.5555563457
4686,1.0,0.0,0.0,0.0,1.0,1.0,0.2399325259,0.2334463024,0.4718542857,0.6,0.5510947244,0.625
4687,1.0,0.0,0.0,0.0,1.0,1.0,0.2892693941,0.2991285857,0.4796747772,0.6123592122,0.566901749,0.6000008051
4688,1.0,0.0,0.0,0.0,1.0,1.0,0.3110093882,0.3274031796,0.4683954741,0.630208807,0.5586205603,0.5999997613
4689,1.0,0.0,0.0,0.0,1.0,1.0,0.3244518716,0.3366176741,0.4698205087,0.623115966,0.5555555556,0.5927830488
4690,1.0,0.0,0.0,0.0,1.0,1.0,0.3315380208,0.3405631428,0.4621578425,0.62135917,0.5616438728,0.5929641841
4691,1.0,0.0,0.0,0.0,1.0,1.0,0.3240128727,0.3337294177,0.4451612419,0.6169157823,0.531468684,0.5968583713
4692,1.0,0.0,0.0,0.0,1.0,1.0,0.32353714,0.3401609908,0.4471153215,0.6188117656,0.5368419436,0.5927832128
4693,1.0,0.0,0.0,0.0,1.0,1.0,0.3066471748,0.3202436872,0.4642856624,0.6402115713,0.5528167379,0.6098900964
4694,1.0,0.0,0.0,0.0,1.0,1.0,0.3163815419,0.3256802691,0.4740260114,0.6410253448,0.5655170379,0.603175114
4695,1.0,0.0,0.0,0.0,1.0,1.0,0.3222955389,0.3308498816,0.4739414318,0.6313130457,0.5724138356,0.6093752184
4696,1.0,0.0,0.0,0.0,1.0,1.0,0.3188303672,0.3308257678,0.4776859109,0.637305652,0.5714284614,0.6052631273
4697,1.0,0.0,0.0,0.0,1.0,1.0,0.3201464225,0.3291676956,0.479674689,0.6446696996,0.5767920131,0.6062181265
4698,1.0,0.0,0.0,0.0,1.0,1.0,0.3331471015,0.3370999333,0.4715447886,0.629268087,0.5728811562,0.6080400947
4699,1.0,0.0,0.0,0.0,1.0,1.0,0.3304342854,0.3365470306,0.4690554127,0.6305410677,0.5714284641,0.6111106772
4700,1.0,0.0,0.0,0.0,1.0,1.0,0.3347725308,0.3399460464,0.4731706793,0.6310678677,0.5782313638,0.6049994878
4701,1.0,0.0,0.0,0.0,1.0,1.0,0.3249010794,0.3297127323,0.50330036,0.634518427,0.5979379839,0.6145843283
4702,1.0,0.0,0.0,0.0,1.0,1.0,0.3243657561,0.329168,0.5074134993,0.6294416644,0.6075084937,0.6113992852
4703,1.0,0.0,0.0,0.0,1.0,1.0,0.3293241579,0.3365470962,0.5114753452,0.6318411184,0.6122447218,0.6060600316
4704,1.0,0.0,0.0,0.0,1.0,1.0,0.2933686216,0.2970851553,0.5140961346,0.6497178749,0.6116839613,0.6242769384
4705,1.0,0.0,0.0,0.0,1.0,1.0,0.1988506772,0.1617276325,0.4930796624,0.6173912033,0.5563636835,0.6853939896
4706,1.0,0.0,0.0,0.0,1.0,1.0,0.1943837215,0.1533439406,0.4853699607,0.6106201861,0.5523464133,0.6705877716
4707,1.0,0.0,0.0,0.0,1.0,1.0,0.2548574661,0.2350603447,0.4933332668,0.6274511796,0.5888500624,0.6444453947
4708,1.0,0.0,0.0,0.0,1.0,1.0,0.2843805358,0.2860468622,0.4769736222,0.6473989785,0.5793103262,0.6144573604
4709,1.0,0.0,0.0,0.0,1.0,1.0,0.3163817066,0.3246484486,0.4724025611,0.6461540035,0.5748300063,0.6073295756
4710,1.0,0.0,0.0,0.0,1.0,1.0,0.3191087742,0.3258313977,0.4700162662,0.6294418737,0.5810810811,0.6062173024
4711,1.0,0.0,0.0,0.0,1.0,1.0,0.2871956698,0.2814127781,0.4794746307,0.6400004076,0.5767916065,0.624243112
4712,1.0,0.0,0.0,0.0,1.0,1.0,0.143039443,0.1135729454,0.4660550426,0.5641039189,0.5,0.5
4713,1.0,0.0,0.0,0.0,1.0,1.0,0.1508249596,0.1160399131,0.4927272063,0.5180707488,0.5205992524,0.451611799
4714,1.0,0.0,0.0,0.0,1.0,1.0,0.2019778873,0.1562760623,0.4250871844,0.6034489212,0.5018182966,0.6627899638
4715,1.0,0.0,0.0,0.0,1.0,1.0,0.2694004869,0.250731083,0.4209650738,0.6358029068,0.5156792495,0.6250007669
4716,1.0,0.0,0.0,0.0,1.0,1.0,0.3043904087,0.3032205945,0.4185667066,0.6363638505,0.5220340754,0.5921785647
4717,1.0,0.0,0.0,0.0,1.0,1.0,0.331530076,0.3314651291,0.4190938748,0.6341461841,0.5286194649,0.5786802314
4718,1.0,0.0,0.0,0.0,1.0,1.0,0.3293240794,0.3297477767,0.4229509256,0.6368165529,0.5306120844,0.5824742561
4719,1.0,0.0,0.0,0.0,1.0,1.0,0.3326060851,0.3325843881,0.4188310668,0.6341469999,0.5270268705,0.5888324417
4720,1.0,0.0,0.0,0.0,1.0,1.0,0.331015241,0.3337062496,0.4175999251,0.6328498235,0.5302012759,0.5879404542
4721,1.0,0.0,0.0,0.0,1.0,1.0,0.325100262,0.3280998314,0.4170692513,0.6435645542,0.5252524643,0.5897430296
4722,1.0,0.0,0.0,0.0,1.0,1.0,0.3299286296,0.3342725948,0.3993558762,0.6341464997,0.5101353449,0.5858583711
4723,1.0,0.0,0.0,0.0,1.0,1.0,0.3267097838,0.3269360257,0.3768115916,0.6256166322,0.4847457879,0.580311547
4724,1.0,0.0,0.0,0.0,1.0,1.0,0.3342187514,0.3342725255,0.3810289543,0.6201922115,0.4864867263,0.5707071936
4725,1.0,0.0,0.0,0.0,1.0,1.0,0.3267405403,0.3231527155,0.3814102212,0.6176477553,0.4899999488,0.5876286793
4726,1.0,0.0,0.0,0.0,1.0,1.0,0.3267406411,0.3213693183,0.3333333915,0.607842593,0.4410774978,0.5811511997
4727,1.0,0.0,0.0,0.0,1.0,1.0,0.3235375775,0.3180041148,0.323717997,0.6089110023,0.4309761764,0.5608466334
4728,1.0,0.0,0.0,0.0,1.0,1.0,0.327791283,0.3213696032,0.3231511804,0.5980390507,0.4343434854,0.5654451673
4729,1.0,0.0,0.0,0.0,1.0,1.0,0.3262176884,0.3230519469,0.3343999995,0.6078431167,0.4444444844,0.5572918928
4730,1.0,0.0,0.0,0.0,1.0,1.0,0.3202721306,0.3180043178,0.3188405785,0.6030144971,0.4309762592,0.5661377798
4731,1.0,0.0,0.0,0.0,1.0,1.0,0.3304472396,0.3264172441,0.3209075955,0.5980391042,0.4343432229,0.5618552947
4732,1.0,0.0,0.0,0.0,1.0,1.0,0.3037515996,0.3008525558,0.3251633692,0.6075264142,0.431972794,0.5649718941
4733,1.0,0.0,0.0,0.0,1.0,1.0,0.1967544807,0.1547178949,0.3780487088,0.5663709163,0.4519574717,0.609196803
4734,1.0,0.0,0.0,0.0,1.0,1.0,0.1572359067,0.1064389313,0.5117540176,0.3908055897,0.5342961403,0.3220339582
4735,1.0,0.0,0.0,0.0,1.0,1.0,0.1558268553,0.1056757728,0.487455145,0.4482766098,0.5232977131,0.4237282114
4736,1.0,0.0,0.0,0.0,1.0,1.0,0.1926008621,0.1442855534,0.4166666591,0.5945946965,0.5,0.6463401256
4737,1.0,0.0,0.0,0.0,1.0,1.0,0.2805743286,0.2692096954,0.4235880031,0.6272184724,0.5387206932,0.581250213
4738,1.0,0.0,0.0,0.0,1.0,1.0,0.3091562596,0.3034607135,0.4288052022,0.6190478899,0.5445543326,0.5760865247
4739,1.0,0.0,0.0,0.0,1.0,1.0,0.3423409893,0.3369827291,0.4220779592,0.6066354591,0.5427632121,0.56585376
4740,1.0,0.0,0.0,0.0,1.0,1.0,0.3390672415,0.3358779825,0.4281098179,0.604762359,0.5508197809,0.5707322651
4741,1.0,0.0,0.0,0.0,1.0,1.0,0.329343304,0.325977039,0.4241435623,0.6089110326,0.5430464068,0.5786798559
4742,1.0,0.0,0.0,0.0,1.0,1.0,0.3267097699,0.324409159,0.4106280418,0.6256157272,0.5311476042,0.5858583457
4743,1.0,0.0,0.0,0.0,1.0,1.0,0.3191766365,0.3137784103,0.3354838985,0.6111106355,0.4584718029,0.5661379695
4744,1.0,0.0,0.0,0.0,1.0,1.0,0.3185210706,0.3119062616,0.3300812907,0.6020410938,0.4530199999,0.5698927566
4745,1.0,0.0,0.0,0.0,1.0,1.0,0.3223481349,0.3121180685,0.3322527588,0.6080397061,0.4518274176,0.5744685432
4746,1.0,0.0,0.0,0.0,1.0,1.0,0.3218267214,0.3121179206,0.3284789761,0.6130652677,0.4485048815,0.5744681091
4747,1.0,0.0,0.0,0.0,1.0,1.0,0.329398101,0.3226673798,0.3247589372,0.599999792,0.4470199271,0.5743586267
4748,1.0,0.0,0.0,0.0,1.0,1.0,0.3293797598,0.32315284,0.3295637465,0.6029413765,0.4533333997,0.5670106383
4749,1.0,0.0,0.0,0.0,1.0,1.0,0.3261843655,0.3181557559,0.3263666261,0.6059108923,0.4500001414,0.5811514543
4750,1.0,0.0,0.0,0.0,1.0,1.0,0.3259573781,0.3193580394,0.3333333333,0.6029410525,0.4503311942,0.575130336
4751,1.0,0.0,0.0,0.0,1.0,1.0,0.3257321795,0.3156130959,0.3306836183,0.6097565328,0.4473685141,0.5781251226
4752,1.0,0.0,0.0,0.0,1.0,1.0,0.3272929709,0.319358034,0.3306709162,0.6048782743,0.4437089232,0.5751293833
4753,1.0,0.0,0.0,0.0,1.0,1.0,0.3154440097,0.3108634004,0.299516902,0.6071429354,0.4147157683,0.5698916787
4754,1.0,0.0,0.0,0.0,1.0,1.0,0.3176397029,0.3108631368,0.2953451784,0.6010102862,0.40802696,0.5645164994
4755,1.0,0.0,0.0,0.0,1.0,1.0,0.3142490715,0.3066086233,0.2901134937,0.6030935669,0.4033898097,0.5690605126
4756,1.0,0.0,0.0,0.0,1.0,1.0,0.3066470646,0.2981386033,0.3035714317,0.6137567154,0.4203388923,0.5795453856
4757,1.0,0.0,0.0,0.0,1.0,1.0,0.3095045232,0.3025064835,0.3064515976,0.6093746866,0.4180602401,0.5745855309
4758,1.0,0.0,0.0,0.0,1.0,1.0,0.3132336863,0.3112736761,0.3134087312,0.6030926763,0.4343434307,0.5675677537
4759,1.0,0.0,0.0,0.0,1.0,1.0,0.318662805,0.3169373839,0.3188405136,0.6060609661,0.4328860613,0.560845992
4760,1.0,0.0,0.0,0.0,1.0,1.0,0.3213070193,0.3235478092,0.303715654,0.6080398494,0.4203387629,0.5759157607
4761,1.0,0.0,0.0,0.0,1.0,1.0,0.3168964124,0.315078014,0.310569167,0.6102565453,0.4271185962,0.5752685451
4762,1.0,0.0,0.0,0.0,1.0,1.0,0.3207285024,0.3157017536,0.3128038873,0.6111119485,0.4324324519,0.5828880724
4763,1.0,0.0,0.0,0.0,1.0,1.0,0.3131368776,0.3106374763,0.318181842,0.6217610509,0.4324321966,0.58695642
4764,1.0,0.0,0.0,0.0,1.0,1.0,0.3180044536,0.3173904086,0.3165584255,0.6224487459,0.4290539066,0.585106262
4765,1.0,0.0,0.0,0.0,1.0,1.0,0.3196923111,0.3140137142,0.3344103934,0.6161615509,0.4459459411,0.5806458634
4766,1.0,0.0,0.0,0.0,1.0,1.0,0.3272365265,0.3253215135,0.3322580008,0.6108377255,0.4463086147,0.5824742039
4767,1.0,0.0,0.0,0.0,1.0,1.0,0.3320828227,0.3281500665,0.3338658839,0.6153848544,0.4499999641,0.5837563174
4768,1.0,0.0,0.0,0.0,1.0,1.0,0.3379066921,0.3353609974,0.3380953147,0.6150236367,0.4551493186,0.569307425
4769,1.0,0.0,0.0,0.0,1.0,1.0,0.3320829998,0.328720253,0.3514377475,0.6105767557,0.4684384818,0.5757570867
4770,1.0,0.0,0.0,0.0,1.0,1.0,0.3342134001,0.3298157613,0.353600091,0.6172246154,0.4733332714,0.5707070816
4771,1.0,0.0,0.0,0.0,1.0,1.0,0.3390107616,0.3337007228,0.3631999885,0.6084900174,0.4784051879,0.5721392239
4772,1.0,0.0,0.0,0.0,1.0,1.0,0.3283877946,0.3303800638,0.3714286445,0.618357147,0.4850497415,0.5678392231
4773,1.0,0.0,0.0,0.0,1.0,1.0,0.3406098091,0.342617733,0.3807999552,0.6150238597,0.4916388353,0.5756097561
4774,1.0,0.0,0.0,0.0,1.0,1.0,0.327842524,0.3298158235,0.3837579596,0.6213593762,0.5,0.5858582989
4775,1.0,0.0,0.0,0.0,1.0,1.0,0.3363503899,0.3398101411,0.3862178398,0.609523711,0.5,0.5833329782
4776,1.0,0.0,0.0,0.0,1.0,1.0,0.3310153785,0.3359327113,0.4111999978,0.6135263752,0.5284281391,0.5820888527
4777,1.0,0.0,0.0,0.0,1.0,1.0,0.3218268409,0.3236447311,0.40776702,0.618090425,0.5167785186,0.5906732503
4778,1.0,0.0,0.0,0.0,1.0,1.0,0.3045300292,0.3062265654,0.4181524001,0.6223408871,0.5286195347,0.587912075
4779,1.0,0.0,0.0,0.0,1.0,1.0,0.3111164214,0.3202910317,0.4435483678,0.6113991858,0.5436243544,0.5759158816
4780,1.0,0.0,0.0,0.0,1.0,1.0,0.318521287,0.3258316882,0.4504064656,0.6020407284,0.5472971937,0.5699484076
4781,1.0,0.0,0.0,0.0,1.0,1.0,0.3103957464,0.3196869501,0.4406503664,0.6125654685,0.5454546108,0.5842102777
4782,1.0,0.0,0.0,0.0,1.0,1.0,0.3062804676,0.3158772906,0.4548386841,0.6105261026,0.5585283277,0.5767194809
4783,1.0,0.0,0.0,0.0,1.0,1.0,0.3062804065,0.3148242083,0.4548387344,0.6157902965,0.5566666417,0.5820104384
4784,1.0,0.0,0.0,0.0,1.0,1.0,0.3163817167,0.3236450144,0.4496753721,0.6051283448,0.5536912752,0.5751293169
4785,1.0,0.0,0.0,0.0,1.0,1.0,0.3060179502,0.3091917997,0.4543974017,0.6170204625,0.5551839654,0.5783781497
4786,1.0,0.0,0.0,0.0,1.0,1.0,0.2122102404,0.1642190115,0.4657533325,0.5806442339,0.5441696165,0.6451613631
4787,1.0,0.0,0.0,0.0,1.0,1.0,0.1759580096,0.1326534763,0.4806337508,0.5500010363,0.5272727478,0.589042146
4788,1.0,0.0,0.0,0.0,1.0,1.0,0.1891304899,0.1432894165,0.460069423,0.5963289739,0.5340501578,0.6874995103
4789,1.0,0.0,0.0,0.0,1.0,1.0,0.2502802019,0.2255684353,0.4554621626,0.6174494498,0.5520833371,0.630769525
4790,1.0,0.0,0.0,0.0,1.0,1.0,0.2874429608,0.2855548897,0.4528925412,0.6321842997,0.5544217871,0.6071429472
4791,1.0,0.0,0.0,0.0,1.0,1.0,0.306018258,0.3129568279,0.4462541093,0.6223402309,0.5555555958,0.5913981478
4792,1.0,0.0,0.0,0.0,1.0,1.0,0.2988526646,0.307260791,0.4444444158,0.6338803653,0.5540539197,0.5879118784
4793,1.0,0.0,0.0,0.0,1.0,1.0,0.3026131883,0.3089490125,0.4468085032,0.632432008,0.5574323484,0.5956279432
4794,1.0,0.0,0.0,0.0,1.0,1.0,0.3067754736,0.3125345372,0.4474960681,0.6210532092,0.5551838395,0.5935824618
4795,1.0,0.0,0.0,0.0,1.0,1.0,0.3061502456,0.3135834808,0.4489465187,0.6349207958,0.557046908,0.5935829181
4796,1.0,0.0,0.0,0.0,1.0,1.0,0.3097781941,0.3146393228,0.4469820785,0.6210532012,0.5521885121,0.5882351594
4797,1.0,0.0,0.0,0.0,1.0,1.0,0.3174121007,0.3247344815,0.4478827952,0.6153849519,0.5521883746,0.5803101538
4798,1.0,0.0,0.0,0.0,1.0,1.0,0.3125292041,0.324143397,0.447882737,0.6197915445,0.5540541323,0.5781250175
4799,1.0,0.0,0.0,0.0,1.0,1.0,0.3098920025,0.3157021901,0.4480520215,0.6178014294,0.5540539023,0.5935823293
4800,1.0,0.0,0.0,0.0,1.0,1.0,0.303402147,0.3106373337,0.4480519741,0.6256685107,0.557432365,0.5923910693
4801,1.0,0.0,0.0,0.0,1.0,1.0,0.3077695723,0.3146390544,0.4473257591,0.615789956,0.5521883783,0.5882350203
4802,1.0,0.0,0.0,0.0,1.0,1.0,0.3087707211,0.3102294273,0.4455283388,0.6315790073,0.5503353319,0.5999997661
4803,1.0,0.0,0.0,0.0,1.0,1.0,0.3090063008,0.3163218082,0.4444444828,0.6249995806,0.5555554351,0.5851064802
4804,1.0,0.0,0.0,0.0,1.0,1.0,0.311116257,0.3152601593,0.445161338,0.6217621673,0.5536914587,0.5904260927
4805,1.0,0.0,0.0,0.0,1.0,1.0,0.3052954639,0.3091919387,0.4469454613,0.6315791852,0.5551840293,0.5999993038
4806,1.0,0.0,0.0,0.0,1.0,1.0,0.3096181419,0.3158769071,0.4494381693,0.6321251078,0.5551837195,0.5820107865
4807,1.0,0.0,0.0,0.0,1.0,1.0,0.3101162645,0.3158771109,0.44855295,0.6269429355,0.5551838861,0.5820105336
4808,1.0,0.0,0.0,0.0,1.0,1.0,0.3139273229,0.3208911877,0.4487179741,0.6275518032,0.5585284389,0.5833331469
4809,1.0,0.0,0.0,0.0,1.0,1.0,0.3095045806,0.3175485771,0.456451536,0.6302080004,0.5652174374,0.5894738015
4810,1.0,0.0,0.0,0.0,1.0,1.0,0.3080142421,0.3148240839,0.4542535443,0.630208228,0.5599999856,0.5820111074
4811,1.0,0.0,0.0,0.0,1.0,1.0,0.3106156713,0.3192199834,0.44766516,0.6321235052,0.5585283333,0.5863877935
4812,1.0,0.0,0.0,0.0,1.0,1.0,0.3067754689,0.3135835714,0.4442648571,0.626315383,0.5536914427,0.5882357014
4813,1.0,0.0,0.0,0.0,1.0,1.0,0.3106155349,0.3198215737,0.44605478,0.6269434235,0.55666672,0.5833332407
4814,1.0,0.0,0.0,0.0,1.0,1.0,0.3122252449,0.3192196893,0.450885613,0.6288656944,0.558528319,0.5863867759
4815,1.0,0.0,0.0,0.0,1.0,1.0,0.3078927872,0.3169371357,0.4499999431,0.6282718764,0.5570471264,0.5820108859
4816,1.0,0.0,0.0,0.0,1.0,1.0,0.3083901797,0.3169368973,0.449111509,0.6335071587,0.5570470359,0.58730146
4817,1.0,0.0,0.0,0.0,1.0,1.0,0.3055203889,0.3129564327,0.4487804836,0.6329786873,0.5589224506,0.5913974318
4818,1.0,0.0,0.0,0.0,1.0,1.0,0.3110093837,0.3169371794,0.4489463958,0.6250002812,0.5570470625,0.5873020226
4819,1.0,0.0,0.0,0.0,1.0,1.0,0.3111168123,0.3192197035,0.4516129895,0.626942465,0.5585283168,0.5863881445
4820,1.0,0.0,0.0,0.0,1.0,1.0,0.3133296569,0.320419135,0.4501607489,0.6256411897,0.5581394269,0.5854923146
4821,1.0,0.0,0.0,0.0,1.0,1.0,0.3121234778,0.3180039863,0.449838176,0.6269423718,0.5555552774,0.5767199457
4822,1.0,0.0,0.0,0.0,1.0,1.0,0.3181501993,0.3264843925,0.4485529967,0.6262627141,0.5566667611,0.5765309653
4823,1.0,0.0,0.0,0.0,1.0,1.0,0.3176397163,0.3292478729,0.446227986,0.6262625273,0.5518394661,0.5837563118
4824,1.0,0.0,0.0,0.0,1.0,1.0,0.3132338797,0.3202911464,0.4491114965,0.6340207219,0.5536913104,0.5811524011
4825,1.0,0.0,0.0,0.0,1.0,1.0,0.3159523718,0.3242336125,0.4467741524,0.6326530612,0.5551842136,0.5876290927
4826,1.0,0.0,0.0,0.0,1.0,1.0,0.3127284166,0.3192198607,0.4516129172,0.6237113975,0.5585284787,0.5863869201
4827,1.0,0.0,0.0,0.0,1.0,1.0,0.3083900045,0.3169370341,0.4539581024,0.6282720092,0.5570470332,0.5820100332
4828,1.0,0.0,0.0,0.0,1.0,1.0,0.307396803,0.315260053,0.4508856769,0.6282721865,0.5503353117,0.5957448997
4829,1.0,0.0,0.0,0.0,1.0,1.0,0.3069027545,0.3175484652,0.4533762207,0.638743943,0.5551838866,0.5894737792
4830,1.0,0.0,0.0,0.0,1.0,1.0,0.3105060321,0.3192195329,0.459547,0.6302077935,0.5618727827,0.5811522001
4831,1.0,0.0,0.0,0.0,1.0,1.0,0.3088891627,0.3196864783,0.4530743591,0.6282717797,0.555555837,0.578947428
4832,1.0,0.0,0.0,0.0,1.0,1.0,0.3088890174,0.316937269,0.4579287825,0.6282724571,0.5604028016,0.5873007948
4833,1.0,0.0,0.0,0.0,1.0,1.0,0.312123318,0.3192197436,0.4514562493,0.6217620122,0.5551838073,0.5863875454
4834,1.0,0.0,0.0,0.0,1.0,1.0,0.3106156836,0.3202909862,0.4476651189,0.6269421668,0.5536912605,0.5916232447
4835,1.0,0.0,0.0,0.0,1.0,1.0,0.3093895176,0.321369252,0.4505673377,0.6230361399,0.5555554748,0.5863872213
4836,1.0,0.0,0.0,0.0,1.0,1.0,0.3127286108,0.3219679823,0.4532258729,0.6185561887,0.5536910895,0.5781250523
4837,1.0,0.0,0.0,0.0,1.0,1.0,0.3115146052,0.3196868315,0.4464285824,0.6302077538,0.5488215513,0.584210879
4838,1.0,0.0,0.0,0.0,1.0,1.0,0.3127288418,0.3230518232,0.4483870684,0.6237113629,0.5555555955,0.5833324989
4839,1.0,0.0,0.0,0.0,1.0,1.0,0.3056547158,0.3157020847,0.4498382394,0.6243387505,0.5506757858,0.5828879767
4840,1.0,0.0,0.0,0.0,1.0,1.0,0.3050247034,0.3091922728,0.4496753458,0.6276597188,0.5551838966,0.5891888353
4841,1.0,0.0,0.0,0.0,1.0,1.0,0.3001572255,0.3051986005,0.4480518981,0.637837466,0.5536913116,0.5934065934
4842,1.0,0.0,0.0,0.0,1.0,1.0,0.3067751066,0.311906218,0.4507270696,0.6315787686,0.553691366,0.5860220091
4843,1.0,0.0,0.0,0.0,1.0,1.0,0.3006448846,0.304543763,0.4487804166,0.6378382779,0.5521885851,0.5911606019
4844,1.0,0.0,0.0,0.0,1.0,1.0,0.3034022741,0.3025068431,0.456168779,0.6310156974,0.5618729423,0.5911595626
4845,1.0,0.0,0.0,0.0,1.0,1.0,0.3021186293,0.30726109,0.4509804058,0.6324322835,0.5540538409,0.5879123507
4846,1.0,0.0,0.0,0.0,1.0,1.0,0.307769652,0.3119063201,0.4586710247,0.6210525478,0.5637582337,0.5860219486
4847,1.0,0.0,0.0,0.0,1.0,1.0,0.3035463551,0.3129564826,0.4539579962,0.627659343,0.5589223406,0.5806448626
4848,1.0,0.0,0.0,0.0,1.0,1.0,0.3027623285,0.3089491219,0.4560259833,0.6344091066,0.5574324373,0.5901637438
4849,1.0,0.0,0.0,0.0,1.0,1.0,0.3061500545,0.3119063635,0.4602916754,0.6243385105,0.5536911969,0.5860213941
4850,1.0,0.0,0.0,0.0,1.0,1.0,0.3025686129,0.3091917653,0.4492753499,0.6223408664,0.5585282587,0.5891890145
4851,1.0,0.0,0.0,0.0,1.0,1.0,0.3057872428,0.3114925096,0.4524959994,0.6368418065,0.5600000144,0.5828884593
4852,1.0,0.0,0.0,0.0,1.0,1.0,0.3041781369,0.3098272179,0.45088571,0.6296296296,0.556666732,0.5860214374
4853,1.0,0.0,0.0,0.0,1.0,1.0,0.3003169643,0.3058492433,0.449111442,0.6344082676,0.5551839908,0.5956288377
4854,1.0,0.0,0.0,0.0,1.0,1.0,0.3046685962,0.3125343951,0.4516129171,0.6296291294,0.5585285648,0.5935825045
4855,1.0,0.0,0.0,0.0,1.0,1.0,0.2987023165,0.308552467,0.4571889348,0.6324330551,0.5637584252,0.5869572016
4856,1.0,0.0,0.0,0.0,1.0,1.0,0.304530237,0.3112739036,0.450567233,0.6276594298,0.5521883422,0.5891893075
4857,1.0,0.0,0.0,0.0,1.0,1.0,0.3024202879,0.3106372545,0.4563107167,0.6363638449,0.5608108279,0.5923907594
4858,1.0,0.0,0.0,0.0,1.0,1.0,0.3050246604,0.3102293487,0.4577922131,0.6329786025,0.5604026689,0.5891896512
4859,1.0,0.0,0.0,0.0,1.0,1.0,0.3052956852,0.3125340757,0.4533761564,0.6315792448,0.5585283537,0.5935831886
4860,1.0,0.0,0.0,0.0,1.0,1.0,0.3057874572,0.3129565561,0.4492753201,0.6315794197,0.5521884749,0.586021413
4861,1.0,0.0,0.0,0.0,1.0,1.0,0.3036887188,0.3119062983,0.4485530221,0.6296290305,0.5570469995,0.5860213791
4862,1.0,0.0,0.0,0.0,1.0,1.0,0.3075208236,0.3131582719,0.4487180315,0.6250001401,0.5533332856,0.5851069673
4863,1.0,0.0,0.0,0.0,1.0,1.0,0.3020822858,0.3119064698,0.4533761836,0.6329788327,0.5570468881,0.5913979611
4864,1.0,0.0,0.0,0.0,1.0,1.0,0.3095047546,0.3196868439,0.453225749,0.6250007,0.555555435,0.5842106454
4865,1.0,0.0,0.0,0.0,1.0,1.0,0.3055202362,0.3140135961,0.4617885525,0.6329786749,0.5641892454,0.5806452728
4866,1.0,0.0,0.0,0.0,1.0,1.0,0.3017795705,0.3049144483,0.464285705,0.6290322581,0.5593222864,0.6
4867,1.0,0.0,0.0,0.0,1.0,1.0,0.3070181902,0.3110509928,0.4591502757,0.6276595255,0.5578230892,0.5956277885
4868,1.0,0.0,0.0,0.0,1.0,1.0,0.3016258223,0.3093510938,0.461663831,0.6324329507,0.5578230774,0.5879121911
4869,1.0,0.0,0.0,0.0,1.0,1.0,0.3022702869,0.3121123573,0.4585365379,0.6290324972,0.55631395,0.5956278453
4870,1.0,0.0,0.0,0.0,1.0,1.0,0.3050243424,0.3116905276,0.454545312,0.6276598783,0.5559321775,0.5923909681
4871,1.0,0.0,0.0,0.0,1.0,1.0,0.3048870261,0.3112737982,0.4600326777,0.6310156877,0.5622894119,0.5945953452
4872,1.0,0.0,0.0,0.0,1.0,1.0,0.303895458,0.3068756028,0.4569105166,0.620320929,0.560402681,0.5847001556
4873,1.0,0.0,0.0,0.0,1.0,1.0,0.2995070535,0.306226312,0.4592834064,0.6304346047,0.5622895452,0.5879121594
4874,1.0,0.0,0.0,0.0,1.0,1.0,0.2990199805,0.3045437144,0.4569105654,0.6358688641,0.5589224959,0.5966858139
4875,1.0,0.0,0.0,0.0,1.0,1.0,0.2999954235,0.3055727491,0.4600325989,0.6249994133,0.564188901,0.5911596608
4876,1.0,0.0,0.0,0.0,1.0,1.0,0.2983652465,0.3015267231,0.4551387027,0.6284151026,0.5593220892,0.6011238182
4877,1.0,0.0,0.0,0.0,1.0,1.0,0.2990199651,0.3011788611,0.4601626648,0.63043486,0.5622895907,0.5977649068
4878,1.0,0.0,0.0,0.0,1.0,1.0,0.3029101979,0.3048300481,0.4586710458,0.6256683384,0.5633332006,0.5846994214
4879,1.0,0.0,0.0,0.0,1.0,1.0,0.2944349461,0.2991526509,0.4729951525,0.6333337296,0.5680272455,0.5909096988
4880,1.0,0.0,0.0,0.0,1.0,1.0,0.2993417806,0.3005077945,0.4680850584,0.6284156108,0.5709460488,0.5955052565
4881,1.0,0.0,0.0,0.0,1.0,1.0,0.2978793457,0.3011788371,0.4560261517,0.6284147731,0.5622895354,0.5921790668
4882,1.0,0.0,0.0,0.0,1.0,1.0,0.2886177834,0.2845865667,0.447194678,0.62857111,0.5559320739,0.6011909908
4883,1.0,0.0,0.0,0.0,1.0,1.0,0.2843809823,0.2770561475,0.4621710734,0.6242769759,0.5612245345,0.5950921781
4884,1.0,0.0,0.0,0.0,1.0,1.0,0.2761616727,0.2668576541,0.4555921555,0.6369049581,0.5476189873,0.6050957661
4885,1.0,0.0,0.0,0.0,1.0,1.0,0.2754235409,0.2609460693,0.453795356,0.6287428193,0.5529010856,0.6078429469
4886,1.0,0.0,0.0,0.0,1.0,1.0,0.2751365879,0.2610225064,0.459369838,0.6325302826,0.5567009518,0.5986842658
4887,1.0,0.0,0.0,0.0,1.0,1.0,0.2626634665,0.2524364886,0.4578512321,0.6352197393,0.5463917789,0.6190474126
4888,1.0,0.0,0.0,0.0,1.0,1.0,0.2568582458,0.2447262712,0.4530477084,0.6474352716,0.5445206158,0.6223770979
4889,1.0,0.0,0.0,0.0,1.0,1.0,0.254824448,0.2404155954,0.4569536563,0.6298698259,0.5532647737,0.6285716449
4890,1.0,0.0,0.0,0.0,1.0,1.0,0.2552831074,0.2359793971,0.4574291391,0.6339866531,0.5451388255,0.6323531964
4891,1.0,0.0,0.0,0.0,1.0,1.0,0.2527707697,0.2274591154,0.4509151955,0.6249996507,0.5413790605,0.6363637826
4892,1.0,0.0,0.0,0.0,1.0,1.0,0.2498604862,0.2236512158,0.456081104,0.6216210423,0.5419580678,0.6328134294
4893,1.0,0.0,0.0,0.0,1.0,1.0,0.2410119889,0.2159074746,0.4603709201,0.6293712526,0.5470384289,0.645161399
4894,1.0,0.0,0.0,0.0,1.0,1.0,0.2434756965,0.2156688221,0.463373069,0.6223769314,0.5508774037,0.6341470207
4895,1.0,0.0,0.0,0.0,1.0,1.0,0.221145576,0.185408768,0.4528302482,0.6356584978,0.5371025443,0.6761914297
4896,1.0,0.0,0.0,0.0,1.0,1.0,0.2161421675,0.1730481725,0.4584775677,0.6080008605,0.5406358209,0.6530616182
4897,1.0,0.0,0.0,0.0,1.0,1.0,0.2064252585,0.1600529025,0.4509466311,0.6083331114,0.5266905115,0.6888898883
4898,1.0,0.0,0.0,0.0,1.0,1.0,0.2064251938,0.1582746626,0.4423407628,0.6083323356,0.5266904534,0.6966290558
4899,1.0,0.0,0.0,0.0,1.0,1.0,0.1998885735,0.1458258931,0.4431033873,0.6034475897,0.5231317231,0.6951218888
4900,1.0,0.0,0.0,0.0,1.0,1.0,0.2002306423,0.1523971227,0.4434931329,0.6068368675,0.5212768064,0.6744169511
4901,1.0,0.0,0.0,0.0,1.0,1.0,0.205716812,0.1529393882,0.4442538732,0.616667425,0.5195730149,0.697676463
4902,1.0,0.0,0.0,0.0,1.0,1.0,0.2012525525,0.1493825887,0.433447025,0.6186434791,0.5053380158,0.7023796716
4903,1.0,0.0,0.0,0.0,1.0,1.0,0.2002303716,0.1483270838,0.4452054357,0.6068382526,0.5229679168,0.6785704442
4904,1.0,0.0,0.0,0.0,1.0,1.0,0.1930547774,0.1394982727,0.4376068531,0.6106194359,0.5123672245,0.6962036164
4905,1.0,0.0,0.0,0.0,1.0,1.0,0.1906941949,0.1394979147,0.4378195214,0.6160717849,0.5123675669,0.6962035208
4906,1.0,0.0,0.0,0.0,1.0,1.0,0.1923967172,0.1447953646,0.4310052504,0.6017699115,0.5053005815,0.6829268293
4907,1.0,0.0,0.0,0.0,1.0,1.0,0.1920025135,0.1422694133,0.4305317103,0.607143263,0.4982204016,0.6625010938
4908,1.0,0.0,0.0,0.0,1.0,1.0,0.1920027239,0.1422690213,0.4339623357,0.607142387,0.5053381223,0.6625015797
4909,1.0,0.0,0.0,0.0,1.0,1.0,0.1857825292,0.1356385802,0.4354560246,0.5925932412,0.503571371,0.6578932086
4910,1.0,0.0,0.0,0.0,1.0,1.0,0.1892230407,0.1374232371,0.4371772077,0.6,0.5035715956,0.6883127028
4911,1.0,0.0,0.0,0.0,1.0,1.0,0.1749458579,0.1222336569,0.4298092512,0.5841578738,0.4964026549,0.6911781723
4912,1.0,0.0,0.0,0.0,1.0,1.0,0.1809332659,0.1209288877,0.4431034835,0.5809522259,0.5160142957,0.6911755927
4913,1.0,0.0,0.0,0.0,1.0,1.0,0.1765735978,0.1218402154,0.4356775847,0.5728158762,0.5017667978,0.6521755281
4914,1.0,0.0,0.0,0.0,1.0,1.0,0.1784096865,0.1249303572,0.4367416939,0.5728147355,0.4928573102,0.6571413012
4915,1.0,0.0,0.0,0.0,1.0,1.0,0.1712330742,0.1110488705,0.4615384472,0.561224379,0.5197133204,0.6612927041
4916,1.0,0.0,0.0,0.0,1.0,1.0,0.1700804568,0.1122563878,0.4333333762,0.5463921758,0.4818842821,0.61290159
4917,1.0,0.0,0.0,0.0,1.0,1.0,0.1613680853,0.1024607259,0.4375000229,0.5483868044,0.4928058821,0.6842124724
4918,1.0,0.0,0.0,0.0,1.0,1.0,0.1624968066,0.1028306755,0.4388112044,0.5376334968,0.4909748139,0.6666654203
4919,1.0,0.0,0.0,0.0,1.0,1.0,0.1460453948,0.083589931,0.4348591034,0.5180717959,0.4836364717,0.6304332772
4920,1.0,0.0,0.0,0.0,1.0,1.0,0.1578979629,0.1003027185,0.4253472958,0.5384606431,0.480286873,0.6428579535
4921,1.0,0.0,0.0,0.0,1.0,1.0,0.1502657788,0.08839838854,0.4405595323,0.5465107989,0.4837545705,0.6326524448
4922,1.0,0.0,0.0,0.0,1.0,1.0,0.1512201031,0.09200629802,0.4400000594,0.5402300261,0.487364493,0.6274519651
4923,1.0,0.0,0.0,0.0,1.0,1.0,0.1510582614,0.08871868481,0.432337477,0.5116291221,0.481883919,0.5918376259
4924,1.0,0.0,0.0,0.0,1.0,1.0,0.1480011197,0.09313813825,0.4425086655,0.5176455542,0.4910394539,0.5384602772
4925,1.0,0.0,0.0,0.0,1.0,1.0,0.1520129885,0.09741881443,0.4458041126,0.4712653298,0.4873645233,0.5
4926,1.0,0.0,0.0,0.0,1.0,1.0,0.148259284,0.097418282,0.4450261479,0.435292883,0.4873646016,0.4444426964
4927,1.0,0.0,0.0,0.0,1.0,1.0,0.1546964047,0.09886574938,0.4382609279,0.4382024893,0.4820141901,0.4727275545
4928,1.0,0.0,0.0,0.0,1.0,1.0,0.1517477054,0.09527070216,0.4415357845,0.4712656728,0.4820144329,0.4717002536
4929,1.0,0.0,0.0,0.0,1.0,1.0,0.1514832954,0.09347316856,0.4390244062,0.4482744158,0.4892085054,0.4615406842
4930,1.0,0.0,0.0,0.0,1.0,1.0,0.1540294004,0.09085840081,0.4483362962,0.4318171252,0.4836365586,0.4399981051
4931,1.0,0.0,0.0,0.0,1.0,1.0,0.1564343666,0.09167536527,0.4573912058,0.3999985614,0.5071945334,0.411764457
4932,1.0,0.0,0.0,0.0,1.0,1.0,0.1582591933,0.09167545729,0.4526677216,0.4456515331,0.5035972991,0.4509788074
4933,1.0,0.0,0.0,0.0,1.0,1.0,0.1576245091,0.09347307783,0.4454073796,0.3736262422,0.4892085205,0.3269252502
4934,1.0,0.0,0.0,0.0,1.0,1.0,0.1588855503,0.09358740185,0.4581195963,0.3978501998,0.5053004302,0.3584915839
4935,1.0,0.0,0.0,0.0,1.0,1.0,0.1603199047,0.09677683866,0.4607509246,0.3617032667,0.5000001925,0.3090919217
4936,1.0,0.0,0.0,0.0,1.0,1.0,0.1567418347,0.09117708304,0.4586846908,0.3978491293,0.5017544514,0.3846147291
4937,1.0,0.0,0.0,0.0,1.0,1.0,0.160532257,0.09637495109,0.4611398757,0.279570326,0.4964286474,0.2222226761
4938,1.0,0.0,0.0,0.0,1.0,1.0,0.1561629928,0.09492878816,0.4618055359,0.2666678135,0.494623903,0.207547721
4939,1.0,0.0,0.0,0.0,1.0,1.0,0.1555076348,0.09958232718,0.472028079,0.1910117904,0.5,0.1090919253
4940,1.0,0.0,0.0,0.0,1.0,1.0,0.1534854836,0.1087954317,0.4767857277,0.1627903435,0.498155041,0.1694917762
4941,1.0,0.0,0.0,0.0,1.0,1.0,0.1417648161,0.09035545168,0.48404242,0.175,0.5092249735,0.1836734694
4942,1.0,0.0,0.0,0.0,1.0,1.0,0.1527924688,0.1212009694,0.482014526,0.1647073091,0.5,0.2
4943,1.0,0.0,0.0,0.0,1.0,1.0,0.1520889665,0.1150301528,0.4855072365,0.190473998,0.4981131173,0.2459026787
4944,1.0,0.0,0.0,0.0,1.0,1.0,0.1551480989,0.123526574,0.4837545523,0.1627896478,0.4981274739,0.1969692018
4945,1.0,0.0,0.0,0.0,1.0,1.0,0.1502785411,0.1249303744,0.4855072336,0.132529493,0.4962686296,0.1940297063
4946,1.0,0.0,0.0,0.0,1.0,1.0,0.1777589846,0.1478575292,0.47186922,0.153061804,0.4756553617,0.1898738636
4947,1.0,0.0,0.0,0.0,1.0,1.0,0.1702753884,0.149341805,0.494444529,0.1413053574,0.4789272877,0.1794884436
4948,1.0,0.0,0.0,0.0,1.0,1.0,0.183383882,0.1678307361,0.5009173918,0.1299993826,0.4830190921,0.1460668513
4949,1.0,0.0,0.0,0.0,1.0,1.0,0.1732606533,0.1546305177,0.4890510878,0.1263159783,0.4754718633,0.1585358569
4950,1.0,0.0,0.0,0.0,1.0,1.0,0.1754044885,0.1659450412,0.4808044518,0.08333201986,0.4641509372,0.113636252
4951,1.0,0.0,0.0,0.0,1.0,1.0,0.1747657359,0.164702207,0.4918032575,0.09375078335,0.4719100756,0.1363637494
4952,1.0,0.0,0.0,0.0,1.0,1.0,0.1593313088,0.1327671238,0.4782608009,0.204544102,0.4723250603,0.1111114478
4953,1.0,0.0,0.0,0.0,1.0,1.0,0.1584703212,0.1348167669,0.4702702403,0.3068191199,0.4748202094,0.240001174
4954,1.0,0.0,0.0,0.0,1.0,1.0,0.1331373725,0.1337281104,0.4908758483,0.4794523,0.503521228,0.3815774393
4955,1.0,0.0,0.0,0.0,1.0,1.0,0.1159049192,0.1601220927,0.4904942724,0.4590168573,0.5000001898,0.3516497065
4956,1.0,0.0,0.0,0.0,1.0,1.0,0.09875889074,0.1770939955,0.4762844944,0.5799974573,0.4982458161,0.3663365921
4957,1.0,0.0,0.0,0.0,1.0,1.0,0.1064496909,0.2114201245,0.4891518344,0.5740729167,0.4965034682,0.3884302419
4958,1.0,0.0,0.0,0.0,1.0,1.0,0.07395871158,0.2665178282,0.5159999054,0.37837492,0.5370371499,0.3263893257
4959,1.0,0.0,0.0,0.0,1.0,1.0,0.07588336439,0.2823701556,0.5074073698,0.4390265241,0.535315819,0.3881577212
4960,1.0,0.0,0.0,0.0,1.0,1.0,0.1258037409,0.3057116721,0.5052447318,0.624999625,0.5568625276,0.5448716085
4961,1.0,0.7853981853,0.0,0.0,1.0,1.0,0.2946236821,0.3526258865,0.5781758236,0.5745857619,0.6491934385,0.5999997506
4962,1.0,0.7853981853,0.0,0.0,1.0,1.0,0.3987840597,0.4586480222,0.5413906547,0.564315851,0.6118722348,0.5920393691
4963,1.0,0.7853981853,0.0,0.0,1.0,1.0,0.4042110059,0.4825735569,0.5529010116,0.5696208459,0.6274508059,0.5939083747
4964,1.0,0.7853981853,0.0,0.0,1.0,1.0,0.3196097232,0.4415523178,0.5424028253,0.5745862985,0.5873018194,0.5868260499
4965,1.0,0.7853981853,0.0,0.0,1.0,1.0,0.1678454679,0.4599702638,0.5381679561,0.568181158,0.5397723498,0.518518069
4966,1.0,0.7853981853,0.0,0.0,1.0,1.0,0.213167863,0.3656495973,0.5000000911,0.6229507636,0.5560973302,0.6399997218
4967,1.0,0.7853981853,0.0,0.0,1.0,1.0,0.2988684874,0.3660507434,0.501607743,0.5860215812,0.5596708485,0.5955052455
4968,1.0,0.7853981853,0.0,0.0,1.0,1.0,0.3207885351,0.3815696532,0.5161290885,0.5628145507,0.5813953878,0.5939085292
4969,1.0,0.7853981853,0.0,0.0,1.0,1.0,0.3389002915,0.3960749346,0.5039247077,0.5740734599,0.5814813219,0.6028034548
4970,1.0,0.7853981853,0.0,0.0,1.0,1.0,0.3430686614,0.395301426,0.4984325449,0.5662105806,0.5708954137,0.6084907298
4971,1.0,0.7853981853,0.0,0.0,1.0,1.0,0.3476317944,0.4012632718,0.4953415233,0.5669648218,0.5724909044,0.620370399
4972,1.0,0.7853981853,0.0,0.0,1.0,1.0,0.3436071611,0.3971661921,0.5054944848,0.5753426433,0.5783581254,0.6197189017
4973,1.0,0.7853981853,0.0,0.0,1.0,1.0,0.3501921966,0.4034781181,0.4961240759,0.5663715008,0.5666666396,0.6146792411
4974,1.0,0.7853981853,0.0,0.0,1.0,1.0,0.3523773966,0.3923735486,0.499219908,0.5619466731,0.57407393,0.6179239377
4975,1.0,0.7853981853,0.0,0.0,1.0,1.0,0.3465558925,0.3829976284,0.4798762208,0.5669640591,0.5656934396,0.6285713679
4976,1.0,0.7853981853,0.0,0.0,1.0,1.0,0.3560704198,0.3910860988,0.454128515,0.5751077432,0.5289857794,0.6296298945
4977,1.0,0.7853981853,0.0,0.0,1.0,1.0,0.3545420629,0.3892754864,0.4495412468,0.5646553093,0.528985516,0.6325585019
4978,1.0,0.7853981853,0.0,0.0,1.0,1.0,0.3489628824,0.3878699762,0.4532924141,0.5789478815,0.5342962793,0.6372091725
4979,1.0,0.7853981853,0.0,0.0,1.0,1.0,0.3510311672,0.3874646944,0.452454079,0.5764187173,0.5289855721,0.6308413323
4980,1.0,0.7853981853,0.0,0.0,1.0,1.0,0.3510310926,0.3852396659,0.4509202053,0.5633190959,0.5272727788,0.6320753329
4981,1.0,0.7853981853,0.0,0.0,1.0,1.0,0.3540006177,0.3860662303,0.4442748827,0.573275887,0.5234658337,0.6401865836
4982,1.0,0.7853981853,0.0,0.0,1.0,1.0,0.3499573929,0.389674033,0.4495413065,0.5633195334,0.5342958557,0.6250001304
4983,1.0,0.7853981853,0.0,0.0,1.0,1.0,0.3463715228,0.3815071486,0.4580151689,0.5638770415,0.5448027739,0.6291078257
4984,1.0,0.7853981853,0.0,0.0,1.0,1.0,0.3588904193,0.3867098888,0.4636363836,0.569619718,0.5441696266,0.6347028899
4985,1.0,0.0,0.0,0.0,1.0,1.0,0.344423173,0.3730061424,0.4769230823,0.5758933569,0.5607145089,0.6315786629
4986,1.0,0.0,0.0,0.0,1.0,1.0,0.3346826492,0.359727913,0.4746543275,0.5733949903,0.5602837078,0.6403938911
4987,1.0,0.0,0.0,0.0,1.0,1.0,0.3351879612,0.3708174999,0.465543597,0.5707753834,0.5512365204,0.6380952177
4988,1.0,0.0,0.0,0.0,1.0,1.0,0.3285202523,0.3615004441,0.4660495013,0.5680752654,0.5531913712,0.6323530219
4989,1.0,0.0,0.0,0.0,1.0,1.0,0.3398721612,0.3610082956,0.4736024882,0.566210134,0.5516014291,0.6354679208
4990,1.0,0.0,0.0,0.0,1.0,1.0,0.3415020165,0.3622975875,0.478056457,0.5688070885,0.5607141998,0.6354683394
4991,1.0,0.0,0.0,0.0,1.0,1.0,0.3399037603,0.3610081233,0.4773792229,0.5733952026,0.5622777144,0.6354681198
4992,1.0,0.0,0.0,0.0,1.0,1.0,0.3436073118,0.3640823853,0.4709576244,0.5707763564,0.5535714915,0.6274501996
4993,1.0,0.0,0.0,0.0,1.0,1.0,0.3352166348,0.3658670476,0.4487576563,0.5648149569,0.528571637,0.6195126473
4994,1.0,0.0,0.0,0.0,1.0,1.0,0.2789508492,0.3143699724,0.4449760082,0.5600003996,0.5199997776,0.6300576209
4995,1.0,0.0,0.0,0.0,1.0,1.0,0.1066527216,0.1935674575,0.5060240647,0.4838713085,0.5177865562,0.5204088225
4996,1.0,0.0,0.0,0.0,1.0,1.0,0.07274954809,0.2289558176,0.4922010962,0.3571410002,0.501992283,0.3391299724
4997,1.0,0.0,0.0,0.0,1.0,1.0,0.0690464342,0.2152948487,0.4956822036,0.524999728,0.5098814382,0.4220178175
4998,1.0,0.0,0.0,0.0,1.0,1.0,0.13605853,0.1998885256,0.4537813845,0.6172837829,0.4961537941,0.6250005289
4999,1.0,0.0,0.0,0.0,1.0,1.0,0.25150439,0.2879433031,0.4490132053,0.5686266437,0.516728554,0.6258063341
5000,1.0,0.0,0.0,0.0,1.0,1.0,0.3157795969,0.3331471767,0.4454977283,0.5799996643,0.5319148936,0.6436169073
5001,1.0,0.0,0.0,0.0,1.0,1.0,0.3383444349,0.3546968736,0.4414977484,0.5714290124,0.5349650813,0.630542495
5002,1.0,0.0,0.0,0.0,1.0,1.0,0.344581273,0.3604261146,0.4461778407,0.5746602852,0.5435542375,0.6376809584
5003,1.0,0.0,0.0,0.0,1.0,1.0,0.3461406741,0.35868469,0.449297966,0.5765766667,0.5400695907,0.6407762385
5004,1.0,0.0,0.0,0.0,1.0,1.0,0.2912388165,0.3112141273,0.4601910642,0.5737699592,0.5338078571,0.6399998993
5005,1.0,0.0,0.0,0.0,1.0,1.0,0.0763460418,0.2147237112,0.5225695367,0.4545459073,0.5468747727,0.354545201
5006,1.0,0.0,0.0,0.0,1.0,1.0,0.08429024429,0.2208070793,0.4974182939,0.3061248485,0.5077518598,0.2894740423
5007,1.0,0.0,0.0,0.0,1.0,1.0,0.06814354536,0.210512452,0.4930070221,0.4358958511,0.5196852498,0.3738313929
5008,1.0,0.0,0.0,0.0,1.0,1.0,0.1563187512,0.2138957097,0.4276206657,0.6382970759,0.4886363494,0.6460174408
5009,1.0,0.0,0.0,0.0,1.0,1.0,0.2814427374,0.299832264,0.4592000674,0.5795455118,0.5392855152,0.6369054133
5010,1.0,0.0,0.0,0.0,1.0,1.0,0.3174327017,0.3302352457,0.4512578808,0.574257133,0.5419579136,0.6402115597
5011,1.0,0.0,0.0,0.0,1.0,1.0,0.3399677619,0.3552021758,0.4440945148,0.5740734006,0.5365854863,0.6225489724
5012,1.0,0.0,0.0,0.0,1.0,1.0,0.3373310848,0.347556869,0.4474097633,0.5860469513,0.5432526004,0.6417907495
5013,1.0,0.0,0.0,0.0,1.0,1.0,0.3368197029,0.3470282589,0.4503937752,0.5794390231,0.5451387637,0.6299995845
5014,1.0,0.0,0.0,0.0,1.0,1.0,0.3424879279,0.3618669446,0.4454828756,0.5818183636,0.541379126,0.6238098631
5015,1.0,0.0,0.0,0.0,1.0,1.0,0.3451759091,0.3609094636,0.4552589959,0.5727271459,0.5486111481,0.6249998683
5016,1.0,0.0,0.0,0.0,1.0,1.0,0.3230680178,0.3354769916,0.4936304903,0.5665019707,0.5874126887,0.6197923828
5017,1.0,0.0,0.0,0.0,1.0,1.0,0.3241000108,0.3436676402,0.4952076906,0.5714285714,0.5824563001,0.6173473408
5018,1.0,0.0,0.0,0.0,1.0,1.0,0.332082675,0.3435580123,0.498402519,0.5625004762,0.5902777096,0.6161611888
5019,1.0,0.0,0.0,0.0,1.0,1.0,0.3235832351,0.3366174171,0.5055821187,0.56157655,0.5937498424,0.6134017707
5020,1.0,0.0,0.0,0.0,1.0,1.0,0.3342084622,0.3475567467,0.506369442,0.5666662492,0.595155712,0.6268654275
5021,1.0,0.0,0.0,0.0,1.0,1.0,0.3347412526,0.3522336156,0.5039872327,0.5714281149,0.5972222438,0.6206894652
5022,1.0,0.0,0.0,0.0,1.0,1.0,0.3326170275,0.3440988775,0.5031846978,0.5645937876,0.591695541,0.6231155337
5023,1.0,0.0,0.0,0.0,1.0,1.0,0.3234907087,0.3377903791,0.5008051786,0.5721390115,0.5958189909,0.6134025231
5024,1.0,0.0,0.0,0.0,1.0,1.0,0.3299440417,0.3452934104,0.4935896785,0.5776697561,0.5902780084,0.6231159488
5025,1.0,0.0,0.0,0.0,1.0,1.0,0.3299441369,0.3464963916,0.5064103206,0.5776695979,0.5993030316,0.6130654957
5026,1.0,0.0,0.0,0.0,1.0,1.0,0.3224005439,0.3419141866,0.50483874,0.570000155,0.6000000776,0.6102566606
5027,1.0,0.0,0.0,0.0,1.0,1.0,0.3246595239,0.3424660934,0.4649680763,0.5784317193,0.5594405539,0.6173474788
5028,1.0,0.0,0.0,0.0,1.0,1.0,0.3373510582,0.3549742137,0.4305994469,0.57476663,0.5275860226,0.601940773
5029,1.0,0.0,0.0,0.0,1.0,1.0,0.3347115995,0.3501446201,0.4287949217,0.5794390955,0.523809651,0.6019420015
5030,1.0,0.0,0.0,0.0,1.0,1.0,0.3326315182,0.3511551135,0.4318885974,0.5813954479,0.5270270897,0.6105772193
5031,1.0,0.0,0.0,0.0,1.0,1.0,0.3269200876,0.3467453669,0.4283489321,0.5857140228,0.5238096342,0.6078433776
5032,1.0,0.0,0.0,0.0,1.0,1.0,0.3300337592,0.3489577184,0.4267912558,0.5896223031,0.5220341903,0.6067968388
5033,1.0,0.0,0.0,0.0,1.0,1.0,0.3295373568,0.3494673215,0.4210527232,0.5962442307,0.5270268114,0.6135262024
5034,1.0,0.0,0.0,0.0,1.0,1.0,0.3341737793,0.3538290888,0.4298921988,0.5944698949,0.5268456701,0.606635321
5035,1.0,0.0,0.0,0.0,1.0,1.0,0.3310843406,0.3499730068,0.4272445872,0.5981314499,0.5286197617,0.6057692931
5036,1.0,0.0,0.0,0.0,1.0,1.0,0.3352165462,0.3494667078,0.4223602484,0.6018514274,0.5236486486,0.599034037
5037,1.0,0.0,0.0,0.0,1.0,1.0,0.3263164365,0.3416461526,0.4479494389,0.5990338845,0.5442177701,0.6069649075
5038,1.0,0.0,0.0,0.0,1.0,1.0,0.330524047,0.3460905708,0.456692986,0.6047618738,0.5540539036,0.6146342708
5039,1.0,0.0,0.0,0.0,1.0,1.0,0.3357500522,0.3487982525,0.4562498994,0.5953486696,0.5536912726,0.6057697047
5040,1.0,0.0,0.0,0.0,1.0,1.0,0.3295204994,0.3426180493,0.455676462,0.5990568792,0.5551841771,0.5999993291
5041,1.0,0.0,0.0,0.0,1.0,1.0,0.3372728295,0.3509745416,0.4489164859,0.5963298805,0.5451503086,0.5952379656
5042,1.0,0.0,0.0,0.0,1.0,1.0,0.3357497847,0.3476321782,0.4609374615,0.5953487677,0.5551840889,0.6009620372
5043,1.0,0.0,0.0,0.0,1.0,1.0,0.3310750519,0.3454447442,0.4572317388,0.6009391683,0.5536914048,0.5970871958
5044,1.0,0.0,0.0,0.0,1.0,1.0,0.3362752136,0.3516552934,0.4600938879,0.5953487135,0.5555554272,0.598086512
5045,1.0,0.0,0.0,0.0,1.0,1.0,0.329503788,0.3454446293,0.45468753,0.6018952483,0.5503353165,0.597086906
5046,1.0,0.0,0.0,0.0,1.0,1.0,0.3362607084,0.3521524016,0.4579438524,0.5972221783,0.5536914532,0.5952388177
5047,1.0,0.0,0.0,0.0,1.0,1.0,0.3315903708,0.3476319458,0.4532709392,0.5915491297,0.5484947637,0.5913462066
5048,1.0,0.0,0.0,0.0,1.0,1.0,0.3310653613,0.3442891177,0.4593749532,0.5896227278,0.5518395682,0.5970874593
5049,1.0,0.0,0.0,0.0,1.0,1.0,0.3394328136,0.3487985108,0.4622641637,0.5925925534,0.5604025881,0.5961537193
5050,1.0,0.0,0.0,0.0,1.0,1.0,0.3300044691,0.342090936,0.4638365282,0.5952382773,0.5503353742,0.5931367091
5051,1.0,0.0,0.0,0.0,1.0,1.0,0.3315832282,0.3471213828,0.466353665,0.59433947,0.5536913279,0.5942027384
5052,1.0,0.0,0.0,0.0,1.0,1.0,0.3284329214,0.3415603043,0.4654087563,0.5980853472,0.5488214579,0.5960590966
5053,1.0,0.0,0.0,0.0,1.0,1.0,0.3246595557,0.3394010249,0.4665605418,0.5980400607,0.5529009215,0.5829147055
5054,1.0,0.0,0.0,0.0,1.0,1.0,0.3231157161,0.3342728937,0.4690966183,0.602941079,0.557432435,0.5959589749
5055,1.0,0.0,0.0,0.0,1.0,1.0,0.3231157425,0.3370999176,0.4627576313,0.6078435962,0.5491526534,0.5979895478
5056,1.0,0.0,0.0,0.0,1.0,1.0,0.3075207167,0.3166039527,0.4695512547,0.6145830384,0.554794579,0.6054056834
5057,1.0,0.0,0.0,0.0,1.0,1.0,0.2956547365,0.3046241477,0.4710611433,0.6195658297,0.5616437353,0.6235949509
5058,1.0,0.0,0.0,0.0,1.0,1.0,0.2740403053,0.2833471414,0.4677418901,0.6352940709,0.5567010429,0.6242415386
5059,1.0,0.0,0.0,0.0,1.0,1.0,0.2735993279,0.2799123823,0.4685989987,0.6352945394,0.556700931,0.6319014582
5060,1.0,0.0,0.0,0.0,1.0,1.0,0.2643688656,0.2703972469,0.4693547888,0.640243091,0.5513697246,0.6329107075
5061,1.0,0.0,0.0,0.0,1.0,1.0,0.2600174717,0.2654767115,0.473170667,0.6437497165,0.5555553369,0.63398593
5062,1.0,0.0,0.0,0.0,1.0,1.0,0.2523019959,0.2585358711,0.4706840412,0.6516128287,0.5486110032,0.6442958162
5063,1.0,0.0,0.0,0.0,1.0,1.0,0.2588129684,0.264558299,0.4723127054,0.647798858,0.5536332557,0.6339860237
5064,1.0,0.0,0.0,0.0,1.0,1.0,0.2502668615,0.2568010456,0.4699187221,0.6558444697,0.5520831254,0.6418919846
5065,1.0,0.0,0.0,0.0,1.0,1.0,0.2333132447,0.2357838655,0.4751655091,0.6737585725,0.5528169111,0.649254654
5066,1.0,0.0,0.0,0.0,1.0,1.0,0.2092633921,0.2037869263,0.4723617649,0.680001143,0.5425531747,0.6608701054
5067,1.0,0.0,0.0,0.0,1.0,1.0,0.2025669986,0.1920633443,0.4773868453,0.6694219461,0.5444840764,0.6574079253
5068,1.0,0.0,0.0,0.0,1.0,1.0,0.1887649311,0.1767965464,0.4704890518,0.6517853751,0.5415162484,0.6734692479
5069,1.0,0.0,0.0,0.0,1.0,1.0,0.1764720622,0.1545897345,0.4702885784,0.6346148508,0.5251798906,0.6976744787
5070,1.0,0.0,0.0,0.0,1.0,1.0,0.1789539178,0.1545898431,0.4695946074,0.6226424671,0.521582657,0.6744180591
5071,1.0,0.0,0.0,0.0,1.0,1.0,0.1750722302,0.1490077245,0.462585073,0.6213581183,0.5163634814,0.6951221815
5072,1.0,0.0,0.0,0.0,1.0,1.0,0.1657192952,0.1459040303,0.4529914723,0.6082478441,0.5072991792,0.6499991739
5073,1.0,0.0,0.0,0.0,1.0,1.0,0.1671422343,0.1372860743,0.4641637786,0.6020407935,0.5091573038,0.666667639
5074,1.0,0.0,0.0,0.0,1.0,1.0,0.1640110992,0.1391163732,0.4666666667,0.5833335239,0.5054944437,0.6447357401
5075,1.0,0.0,0.0,0.0,1.0,1.0,0.1500868546,0.1203707859,0.4761091978,0.5795456835,0.5109488077,0.6515160675
5076,1.0,0.0,0.0,0.0,1.0,1.0,0.1410777478,0.1158772645,0.4710884202,0.5903621572,0.5108695564,0.6406251632
5077,1.0,0.0,0.0,0.0,1.0,1.0,0.1481931879,0.1175811391,0.4810345287,0.5697677116,0.5220590361,0.6562493506
5078,1.0,0.0,0.0,0.0,1.0,1.0,0.1363657142,0.1025069009,0.4749568811,0.556963301,0.5091576426,0.6607154845
5079,1.0,0.0,0.0,0.0,1.0,1.0,0.1247106587,0.09288510549,0.4833041249,0.5211248879,0.5130112313,0.579998595
5080,1.0,0.0,0.0,0.0,1.0,1.0,0.134071509,0.09186017199,0.4668990344,0.5194786063,0.496323469,0.5800004363
5081,1.0,0.0,0.0,0.0,1.0,1.0,0.1336153848,0.09919565178,0.4563280635,0.3466675907,0.4794008629,0.3018873321
5082,1.0,0.0,0.0,0.0,1.0,1.0,0.1390070012,0.1058886916,0.4559859499,0.3164555228,0.4795539303,0.3333345991
5083,1.0,0.0,0.0,0.0,1.0,1.0,0.1458260558,0.1198594061,0.482206365,0.1829272451,0.501845077,0.1692311765
5084,1.0,0.0,0.0,0.0,1.0,1.0,0.1503585493,0.1032636404,0.4672565534,0.2,0.4870849417,0.1607141473
5085,1.0,0.0,0.0,0.0,1.0,1.0,0.1552703049,0.1267947403,0.4696429002,0.1494244377,0.4813433343,0.1764698465
5086,1.0,0.0,0.0,0.0,1.0,1.0,0.1594094389,0.1044193792,0.4838710178,0.1573050668,0.4962684999,0.1071413371
5087,1.0,0.0,0.0,0.0,1.0,1.0,0.1636096046,0.09219929411,0.4839857026,0.1413057363,0.498154903,0.0599976924
5088,1.0,0.0,0.0,0.0,1.0,1.0,0.1778365184,0.109828783,0.4768684597,0.1300009964,0.4835166622,0.1666672684
5089,1.0,0.0,0.0,0.0,1.0,1.0,0.1695478562,0.1079983169,0.4857141588,0.1157884184,0.4908425503,0.101693796
5090,1.0,0.0,0.0,0.0,1.0,1.0,0.1677635829,0.1021327406,0.4910713757,0.1276596229,0.4927007641,0.08928550968
5091,1.0,0.0,0.0,0.0,1.0,1.0,0.1641682175,0.1010464244,0.4801444085,0.09890063055,0.4816177024,0.1454539756
5092,1.0,0.0,0.0,0.0,1.0,1.0,0.1854817309,0.1161714437,0.4810810665,0.1165037048,0.490774934,0.1428595687
5093,1.0,0.0,0.0,0.0,1.0,1.0,0.1629916041,0.09701508086,0.4874552309,0.1318681059,0.4908423195,0.1320723371
5094,1.0,0.0,0.0,0.0,1.0,1.0,0.165682867,0.1108471521,0.4830659929,0.08602270899,0.4872727574,0.09836205456
5095,1.0,0.0,0.0,0.0,1.0,1.0,0.1641940761,0.08969362088,0.4714286335,0.1413045522,0.4798533117,0.06122521028
5096,1.0,0.0,0.0,0.0,1.0,1.0,0.1668729973,0.1073476789,0.4721724599,0.09677501083,0.4740743149,0.08620842474
5097,1.0,0.0,0.0,0.0,1.0,1.0,0.1645100377,0.1065583613,0.4743362866,0.08602202741,0.4816176122,0.1034496819
5098,1.0,0.0,0.0,0.0,1.0,1.0,0.1633190861,0.1047209844,0.479573648,0.07608736522,0.4926470092,0.07017523896
5099,1.0,0.0,0.0,0.0,1.0,1.0,0.1602709473,0.09509602685,0.4738737697,0.123595343,0.477612018,0.03921188902
5100,1.0,0.0,0.0,0.0,1.0,1.0,0.1612574459,0.1166015035,0.4627659857,0.09890107309,0.466666693,0.06349357126
5101,1.0,0.0,0.0,0.0,1.0,1.0,0.1544429697,0.1207502248,0.4777975932,0.1149416773,0.4832714704,0.1076915959
5102,1.0,0.0,0.0,0.0,1.0,1.0,0.1506251113,0.1091985357,0.4645390164,0.1529391482,0.4777779394,0.0847447255
5103,1.0,0.0,0.0,0.0,1.0,1.0,0.1590019948,0.1126644066,0.4632867073,0.1648344541,0.4763637199,0.0806447076
5104,1.0,0.0,0.0,0.0,1.0,1.0,0.1624966063,0.1167229539,0.4720280023,0.1612888134,0.481751735,0.09374925643
5105,1.0,0.0,0.0,0.0,1.0,1.0,0.151539832,0.1037159872,0.4566788132,0.2380949875,0.4716980188,0.1636361444
5106,1.0,0.0,0.0,0.0,1.0,1.0,0.1697822712,0.1185472329,0.5008755755,0.5670101425,0.5437956443,0.6615386738
5107,1.0,0.0,0.0,0.0,1.0,1.0,0.2602196468,0.2481131624,0.4776118718,0.6114650874,0.5419580599,0.5915483538
5108,1.0,0.0,0.0,0.0,1.0,1.0,0.3086276141,0.3163215383,0.4799998725,0.6062183568,0.5622895029,0.5797864732
5109,1.0,0.0,0.0,0.0,1.0,1.0,0.3209654101,0.3287201078,0.4737679689,0.5990107523,0.5581394372,0.5757575053
5110,1.0,0.0,0.0,0.0,1.0,1.0,0.1858612629,0.1382991553,0.4912281072,0.5566047664,0.523985097,0.6133343055
5111,1.0,0.0,0.0,0.0,1.0,1.0,0.1586703294,0.1159047833,0.5145984775,0.4022990202,0.5095057684,0.3442631003
5112,1.0,0.0,0.0,0.0,1.0,1.0,0.1606243239,0.1249304682,0.4964284822,0.5222233333,0.5261191907,0.5522391972
5113,1.0,0.0,0.0,0.0,1.0,1.0,0.2190555592,0.1869457148,0.4691780528,0.6015618141,0.5323740808,0.6346146104
5114,1.0,0.0,0.0,0.0,1.0,1.0,0.2883635205,0.2877703811,0.4639344728,0.6136374862,0.5482757415,0.5928143153
5115,1.0,0.0,0.0,0.0,1.0,1.0,0.3224007018,0.3337120774,0.4709678371,0.6049996639,0.5559322667,0.5736043619
5116,1.0,0.0,0.0,0.0,1.0,1.0,0.3249819957,0.3337176685,0.4705882035,0.6080404851,0.558219222,0.5641025061
5117,1.0,0.0,0.0,0.0,1.0,1.0,0.3271787232,0.3348469982,0.4625407983,0.6069652726,0.5544219028,0.5685280839
5118,1.0,0.0,0.0,0.0,1.0,1.0,0.3162996325,0.3246486108,0.4763459168,0.6134025683,0.5612243552,0.5706815821
5119,1.0,0.0,0.0,0.0,1.0,1.0,0.1833508345,0.1258556481,0.492805681,0.5784316828,0.5333333333,0.6470590097
5120,1.0,0.0,0.0,0.0,1.0,1.0,0.1690506617,0.1201616219,0.503717491,0.2747261313,0.5114503379,0.2222226013
5121,1.0,0.0,0.0,0.0,1.0,1.0,0.1626146334,0.0991954755,0.4936014665,0.3932589173,0.5168539825,0.3207556388
5122,1.0,0.0,0.0,0.0,1.0,1.0,0.1606875316,0.098485336,0.4699646391,0.5604407155,0.52554755,0.6666692908
5123,1.0,0.0,0.0,0.0,1.0,1.0,0.2369807888,0.1970227898,0.4587629455,0.6014491412,0.5304659129,0.6363632846
5124,1.0,0.0,0.0,0.0,1.0,1.0,0.2860298954,0.2749333587,0.4559067868,0.6162787736,0.5432527629,0.5849059982
5125,1.0,0.0,0.0,0.0,1.0,1.0,0.305750011,0.3021962253,0.4539473236,0.6236556112,0.5506755052,0.5810051167
5126,1.0,0.0,0.0,0.0,1.0,1.0,0.3011350489,0.295821363,0.4592833859,0.6162160318,0.5551840743,0.5932203598
5127,1.0,0.0,0.0,0.0,1.0,1.0,0.2519745355,0.2222897806,0.4636209392,0.6107388827,0.5482759563,0.6279068608
5128,1.0,0.0,0.0,0.0,1.0,1.0,0.1745906678,0.1042583389,0.4866310834,0.5306135385,0.5323739871,0.6551735599
5129,1.0,0.0,0.0,0.0,1.0,1.0,0.1656735334,0.1035786551,0.4810811553,0.3804348827,0.5054544951,0.3684204661
5130,1.0,0.0,0.0,0.0,1.0,1.0,0.1647630392,0.106824419,0.4927536318,0.3406611297,0.5144927336,0.3220348371
5131,1.0,0.0,0.0,0.0,1.0,1.0,0.1798992068,0.1064387369,0.4763636942,0.2727270744,0.5018048291,0.1864391887
5132,1.0,0.0,0.0,0.0,1.0,1.0,0.1868285921,0.1017289119,0.4827587454,0.28155417,0.4964285975,0.1929819918
5133,1.0,0.0,0.0,0.0,1.0,1.0,0.1933227839,0.09561454013,0.4799269152,0.3113212957,0.4945848559,0.2075461651
5134,1.0,0.0,0.0,0.0,1.0,1.0,0.1879599571,0.08987775789,0.477396061,0.3269227199,0.5143885697,0.25999734
5135,1.0,0.0,0.0,0.0,1.0,1.0,0.2130527425,0.1492220608,0.4540727967,0.6016265479,0.5347221279,0.6279060363
5136,1.0,0.0,0.0,0.0,1.0,1.0,0.3014983086,0.2783679661,0.475000108,0.5966853254,0.5604026672,0.5602412122
5137,1.0,0.0,0.0,0.0,1.0,1.0,0.3249818971,0.3143941028,0.4705881867,0.6180908439,0.566225072,0.5684211024
5138,1.0,0.0,0.0,0.0,1.0,1.0,0.3353068697,0.3260474609,0.4651538535,0.6183575297,0.5639345835,0.5628137938
5139,1.0,0.0,0.0,0.0,1.0,1.0,0.337906895,0.3423409882,0.4634919949,0.6244135041,0.5649351078,0.5545028924
5140,1.0,0.0,0.0,0.0,1.0,1.0,0.3209652239,0.3163816387,0.4721779958,0.6287127829,0.5714286759,0.5743592884
5141,1.0,0.0,0.0,0.0,1.0,1.0,0.3161985607,0.3174124231,0.4626390409,0.6281413709,0.5667750155,0.5794867696
5142,1.0,0.0,0.0,0.0,1.0,1.0,0.3107241803,0.3183041067,0.4663461293,0.6288658367,0.5676567925,0.5751297319
5143,1.0,0.0,0.0,0.0,1.0,1.0,0.3091220274,0.3117071026,0.4679487047,0.6269434158,0.5676565575,0.5767192744
5144,1.0,0.0,0.0,0.0,1.0,1.0,0.2987022244,0.2981670812,0.4636509682,0.6216212951,0.5633334326,0.581005468
5145,1.0,0.0,0.0,0.0,1.0,1.0,0.2569991069,0.2273038224,0.4739495343,0.6078435645,0.5520832851,0.6259544963
5146,1.0,0.0,0.0,0.0,1.0,1.0,0.1901205992,0.1330189109,0.4746946037,0.5871560736,0.5395684893,0.7027030216
5147,1.0,0.0,0.0,0.0,1.0,1.0,0.198860053,0.1453091808,0.4768438403,0.5862061801,0.5531917124,0.6463409746
5148,1.0,0.0,0.0,0.0,1.0,1.0,0.2796452547,0.2583017153,0.4569536955,0.6213011578,0.557432484,0.6013082723
5149,1.0,0.0,0.0,0.0,1.0,1.0,0.29366695,0.2915040883,0.452922072,0.6353587118,0.5566666152,0.5771435273
5150,1.0,0.0,0.0,0.0,1.0,1.0,0.3111165244,0.3018119363,0.4564516139,0.6217620118,0.5577560917,0.5792342856
5151,1.0,0.0,0.0,0.0,1.0,1.0,0.2820206043,0.2557893338,0.4554456068,0.619883381,0.5525424554,0.5960260442
5152,1.0,0.0,0.0,0.0,1.0,1.0,0.1566690851,0.09219959885,0.4918919233,0.4597703988,0.52029526,0.5
5153,1.0,0.0,0.0,0.0,1.0,1.0,0.1635777068,0.08698836219,0.478417353,0.4175826509,0.5037037714,0.4255311374
5154,1.0,0.0,0.0,0.0,1.0,1.0,0.1645099417,0.09052919982,0.4884956139,0.4408599394,0.5326087042,0.5400023407
5155,1.0,0.0,0.0,0.0,1.0,1.0,0.1992072682,0.1442853011,0.4207836472,0.5897434944,0.4929579135,0.6463418191
5156,1.0,0.0,0.0,0.0,1.0,1.0,0.2680621971,0.2379623575,0.4470198882,0.6172839,0.5374149122,0.5999996836
5157,1.0,0.0,0.0,0.0,1.0,1.0,0.3016259964,0.2848410441,0.4469821077,0.6270263181,0.5466667013,0.5906429932
5158,1.0,0.0,0.0,0.0,1.0,1.0,0.3251388696,0.3227702851,0.4487179269,0.6256154049,0.5475408717,0.5736044187
5159,1.0,0.0,0.0,0.0,1.0,1.0,0.3251005045,0.3249012229,0.4412239017,0.6287123157,0.5478545925,0.5685282426
5160,1.0,0.0,0.0,0.0,1.0,1.0,0.3218812769,0.3259769233,0.441223892,0.6249997217,0.5430462161,0.5685284695
5161,1.0,0.0,0.0,0.0,1.0,1.0,0.3251391858,0.3337008867,0.4439102513,0.6305413409,0.5448505593,0.5721395497
5162,1.0,0.0,0.0,0.0,1.0,1.0,0.3187319748,0.3216023058,0.4391025826,0.6331657005,0.5445544337,0.5743592773
5163,1.0,0.0,0.0,0.0,1.0,1.0,0.3154437738,0.3139696141,0.4460547817,0.6275518511,0.5493420945,0.5811515105
5164,1.0,0.0,0.0,0.0,1.0,1.0,0.3224524273,0.3276316979,0.4606740832,0.6268654077,0.5629140314,0.5808078768
5165,1.0,0.0,0.0,0.0,1.0,1.0,0.3267095817,0.3254762978,0.4589372083,0.6256153649,0.56249991,0.5757571399
5166,1.0,0.0,0.0,0.0,1.0,1.0,0.3331474594,0.3331471964,0.4599359681,0.6250002643,0.5653592072,0.5735299032
5167,1.0,0.0,0.0,0.0,1.0,1.0,0.322452147,0.3238322872,0.4606741393,0.6268658698,0.5657897285,0.5736041297
5168,1.0,0.0,0.0,0.0,1.0,1.0,0.327791487,0.3287638708,0.4598070935,0.6323523485,0.5657895217,0.5749992778
5169,1.0,0.0,0.0,0.0,1.0,1.0,0.3261843513,0.3265503665,0.4533761786,0.6305415732,0.5577557549,0.57575761
5170,1.0,0.0,0.0,0.0,1.0,1.0,0.3261843559,0.3271202476,0.4614148524,0.6256163787,0.5690787412,0.5728644886
5171,1.0,0.0,0.0,0.0,1.0,1.0,0.3196919432,0.318303832,0.4652664937,0.631313604,0.5709572098,0.5803109223
5172,1.0,0.0,0.0,0.0,1.0,1.0,0.3208479416,0.3172573593,0.4654895424,0.6250002787,0.5723684596,0.5751294379
5173,1.0,0.0,0.0,0.0,1.0,1.0,0.322452244,0.3221885385,0.4670945851,0.6268650785,0.5723683443,0.5765311436
5174,1.0,0.0,0.0,0.0,1.0,1.0,0.321420541,0.3205446788,0.4607999244,0.6268658218,0.5657893182,0.5794870613
5175,1.0,0.0,0.0,0.0,1.0,1.0,0.3225034767,0.3211320155,0.4616612605,0.6237625048,0.5704918608,0.5816325506
5176,1.0,0.0,0.0,0.0,1.0,1.0,0.3272652553,0.3276855954,0.470304939,0.6225495738,0.5737703595,0.5699999216
5177,1.0,0.0,0.0,0.0,1.0,1.0,0.3310152629,0.3304343318,0.4672000725,0.6280195906,0.5732899986,0.5763554962
5178,1.0,0.0,0.0,0.0,1.0,1.0,0.3272651379,0.321132052,0.4654895446,0.632352909,0.5704919471,0.5816327227
5179,1.0,0.0,0.0,0.0,1.0,1.0,0.3230196399,0.3227706871,0.4656000003,0.6287128443,0.5737702847,0.5837565438
5180,1.0,0.0,0.0,0.0,1.0,1.0,0.3219891269,0.3222956197,0.4673047175,0.6287127549,0.5732899083,0.5757574373
5181,1.0,0.0,0.0,0.0,1.0,1.0,0.2981941396,0.2841222972,0.4688524501,0.6208793411,0.5719065373,0.5941165306
5182,1.0,0.0,0.0,0.0,1.0,1.0,0.1936092146,0.1333773872,0.4694589785,0.5855857275,0.5409253637,0.6799998834
5183,1.0,0.0,0.0,0.0,1.0,1.0,0.1650781584,0.1025069365,0.4937164124,0.326087107,0.5164834738,0.2499981048
5184,1.0,0.0,0.0,0.0,1.0,1.0,0.1575209039,0.09773152338,0.5036231507,0.3103462177,0.5313650109,0.264150085
5185,1.0,0.0,0.0,0.0,1.0,1.0,0.1601894227,0.09280532368,0.4651568332,0.5652169854,0.5357143405,0.673079067
5186,1.0,0.0,0.0,0.0,1.0,1.0,0.2033052037,0.1520127023,0.4615384615,0.5966386864,0.5454546152,0.6666666667
5187,1.0,0.0,0.0,0.0,1.0,1.0,0.2796449433,0.2532144295,0.4801323531,0.6272184221,0.5738256307,0.6158935823
5188,1.0,0.0,0.0,0.0,1.0,1.0,0.3082693506,0.2945375211,0.4577922607,0.6263152914,0.5562913542,0.5842688923
5189,1.0,0.0,0.0,0.0,1.0,1.0,0.3171306084,0.314578544,0.4567307443,0.6212120203,0.5606556822,0.5729164878
5190,1.0,0.0,0.0,0.0,1.0,1.0,0.318732117,0.3145786583,0.4583333003,0.6331657235,0.5672130698,0.5781254479
5191,1.0,0.0,0.0,0.0,1.0,1.0,0.3197570635,0.3199533145,0.4581994407,0.6281409276,0.5643565371,0.5721654907
5192,1.0,0.0,0.0,0.0,1.0,1.0,0.3256607996,0.3331472862,0.4590689501,0.6354678677,0.5610559552,0.5742574691
5193,1.0,0.0,0.0,0.0,1.0,1.0,0.3230196848,0.3293243243,0.4623999551,0.6237616621,0.5672129321,0.5721394783
5194,1.0,0.0,0.0,0.0,1.0,1.0,0.3240568205,0.3287638349,0.4590689179,0.6386133957,0.5624997276,0.5849997846
5195,1.0,0.0,0.0,0.0,1.0,1.0,0.3230680444,0.3304344279,0.4570064708,0.6305415027,0.5635180055,0.576354859
5196,1.0,0.0,0.0,0.0,1.0,1.0,0.3256244281,0.3254763765,0.4612903194,0.6336636922,0.5690791906,0.5808082956
5197,1.0,0.0,0.0,0.0,1.0,1.0,0.323490752,0.3205444618,0.4557165641,0.6318406155,0.5625001362,0.5794879408
5198,1.0,0.0,0.0,0.0,1.0,1.0,0.3213639373,0.3232518595,0.4501608396,0.625,0.5544556693,0.5816326761
5199,1.0,0.0,0.0,0.0,1.0,1.0,0.321881366,0.3205446238,0.4492753623,0.6350008189,0.5559210526,0.5794869966
5200,1.0,0.0,0.0,0.0,1.0,1.0,0.3193106625,0.3271198908,0.4520766805,0.6250004195,0.5592105602,0.5728640448
5201,1.0,0.0,0.0,0.0,1.0,1.0,0.31333005,0.3143938594,0.4533762417,0.6307686831,0.5629136398,0.5842102038
5202,1.0,0.0,0.0,0.0,1.0,1.0,0.2465064783,0.2112225344,0.4580536356,0.619047407,0.5498279688,0.6260160727
5203,1.0,0.0,0.0,0.0,1.0,1.0,0.1556649855,0.09085857325,0.4637168174,0.5454549932,0.5090907802,0.5200017338
5204,1.0,0.0,0.0,0.0,1.0,1.0,0.1644879141,0.1017946982,0.4722718504,0.3586970825,0.4962961303,0.3090890835
5205,1.0,0.0,0.0,0.0,1.0,1.0,0.1707231399,0.09737205474,0.4733095786,0.3750008403,0.5,0.3207531089
5206,1.0,0.0,0.0,0.0,1.0,1.0,0.1712328018,0.1064386263,0.4458041518,0.5816330383,0.5018052058,0.7118652196
5207,1.0,0.0,0.0,0.0,1.0,1.0,0.2266078757,0.1852112779,0.4653129889,0.6119412026,0.5524474747,0.6320767212
5208,1.0,0.0,0.0,0.0,1.0,1.0,0.2745180488,0.2523843384,0.453947363,0.6227545863,0.5488215288,0.6066666863
5209,1.0,0.0,0.0,0.0,1.0,1.0,0.2970427096,0.2850758778,0.4548439589,0.6353599943,0.5570469475,0.5882349112
5210,1.0,0.0,0.0,0.0,1.0,1.0,0.3022703337,0.2931693881,0.4569106482,0.6236566989,0.5566666753,0.5909085735
5211,1.0,0.0,0.0,0.0,1.0,1.0,0.3051606935,0.2955160834,0.4523425798,0.624338004,0.5548174456,0.5786513427
5212,1.0,0.0,0.0,0.0,1.0,1.0,0.3095046082,0.3018119327,0.4596775508,0.6249998562,0.5676566875,0.5846992688
5213,1.0,0.0,0.0,0.0,1.0,1.0,0.3088890206,0.3044656735,0.451456413,0.6230364721,0.5562913468,0.5869563111
5214,1.0,0.0,0.0,0.0,1.0,1.0,0.311723062,0.3123255441,0.4469454006,0.6288670626,0.5559209376,0.5789473684
5215,1.0,0.0,0.0,0.0,1.0,1.0,0.3112223691,0.3100576752,0.4558588107,0.6288662167,0.5610563948,0.5851060292
5216,1.0,0.0,0.0,0.0,1.0,1.0,0.3121232786,0.3077753297,0.4595469414,0.6373055166,0.5662253402,0.5967742317
5217,1.0,0.0,0.0,0.0,1.0,1.0,0.3105062689,0.3028111746,0.4595468807,0.6354164131,0.5695364995,0.590163735
5218,1.0,0.0,0.0,0.0,1.0,1.0,0.3116192245,0.3067594861,0.4539579242,0.6321242388,0.5643565047,0.5913979652
5219,1.0,0.0,0.0,0.0,1.0,1.0,0.3110092121,0.307775064,0.4602917547,0.6354172082,0.5662251753,0.5913980033
5220,1.0,0.0,0.0,0.0,1.0,1.0,0.3110094517,0.3121180401,0.4538087523,0.6354161806,0.558139336,0.5904260959
5221,1.0,0.0,0.0,0.0,1.0,1.0,0.3131367757,0.3114928632,0.4610390881,0.6321240764,0.5666666295,0.582887528
5222,1.0,0.0,0.0,0.0,1.0,1.0,0.3056544825,0.3044656741,0.4579287194,0.6349214562,0.5629138391,0.586955734
5223,1.0,0.0,0.0,0.0,1.0,1.0,0.3153578517,0.3106818325,0.4660194253,0.6256418278,0.5723683922,0.5925918072
5224,1.0,0.0,0.0,0.0,1.0,1.0,0.3106154379,0.3106820954,0.4605474658,0.6373062097,0.5690790405,0.5925920229
5225,1.0,0.0,0.0,0.0,1.0,1.0,0.3116193157,0.3150055601,0.4668820257,0.6373048854,0.5742573966,0.5968590177
5226,1.0,0.0,0.0,0.0,1.0,1.0,0.3175644179,0.3205448462,0.4629031528,0.6395940352,0.5690790512,0.5897435897
5227,1.0,0.0,0.0,0.0,1.0,1.0,0.3165432614,0.3221882572,0.4598070607,0.6395941326,0.5723683198,0.5867346185
5228,1.0,0.0,0.0,0.0,1.0,1.0,0.3165435294,0.3113018989,0.4630224667,0.634518689,0.573770582,0.594737121
5229,1.0,0.0,0.0,0.0,1.0,1.0,0.3208480464,0.3222956339,0.4606741371,0.639999551,0.5667752312,0.5909097609
5230,1.0,0.0,0.0,0.0,1.0,1.0,0.3267709875,0.3288066117,0.4609249871,0.634146261,0.5700324322,0.5940592843
5231,1.0,0.0,0.0,0.0,1.0,1.0,0.3224521647,0.3233489153,0.4670946698,0.6368154149,0.5751633173,0.5959593555
5232,1.0,0.0,0.0,0.0,1.0,1.0,0.3170533843,0.319953407,0.4637680318,0.6446706572,0.574257694,0.5927828739
5233,1.0,0.0,0.0,0.0,1.0,1.0,0.323019867,0.3244088333,0.4623999884,0.6386141059,0.5704917568,0.5959600484
5234,1.0,0.0,0.0,0.0,1.0,1.0,0.3176398534,0.318900972,0.4654894903,0.6363640458,0.5756579418,0.5927828832
5235,1.0,0.0,0.0,0.0,1.0,1.0,0.3214202622,0.3227705279,0.4656000808,0.6368155765,0.5704917274,0.5939093974
5236,1.0,0.0,0.0,0.0,1.0,1.0,0.3144311385,0.3139691943,0.4670947376,0.6326529908,0.5723683113,0.5968580761
5237,1.0,0.0,0.0,0.0,1.0,1.0,0.313927376,0.3145781951,0.4567308539,0.6428569793,0.5639342104,0.5989586925
5238,1.0,0.0,0.0,0.0,1.0,1.0,0.3154438155,0.313356202,0.4589372174,0.6377553309,0.5676567105,0.5894736093
5239,1.0,0.0,0.0,0.0,1.0,1.0,0.3171306443,0.3162169677,0.4663461816,0.6313135045,0.5770492734,0.5906733757
5240,1.0,0.0,0.0,0.0,1.0,1.0,0.3123256206,0.3123255859,0.4647435989,0.6307693186,0.5723682307,0.5947365521
5241,1.0,0.0,0.0,0.0,1.0,1.0,0.3122248417,0.3117071933,0.4653783963,0.6443300339,0.5709568663,0.5978832841
5242,1.0,0.0,0.0,0.0,1.0,1.0,0.3155290181,0.3135505229,0.4663461952,0.6395934012,0.5718955909,0.5937494172
5243,1.0,0.0,0.0,0.0,1.0,1.0,0.3115143373,0.3087976968,0.4675324616,0.635417019,0.5780731786,0.596774912
5244,1.0,0.0,0.0,0.0,1.0,1.0,0.3069026365,0.3080244866,0.4565916433,0.643979448,0.5704918093,0.5957449327
5245,1.0,0.0,0.0,0.0,1.0,1.0,0.3095047178,0.3057505427,0.4629033384,0.6406248738,0.572368366,0.5860215566
5246,1.0,0.0,0.0,0.0,1.0,1.0,0.3061497734,0.3028113212,0.4651539139,0.640211827,0.5695362849,0.5846993406
5247,1.0,0.0,0.0,0.0,1.0,1.0,0.3017796704,0.2955162685,0.4659091498,0.6397844541,0.5780731045,0.5955051513
5248,1.0,0.0,0.0,0.0,1.0,1.0,0.3001571463,0.2981668696,0.467532517,0.6378378378,0.5699998919,0.5921787709
5249,1.0,0.0,0.0,0.0,1.0,1.0,0.2952897635,0.2855546653,0.4659090424,0.6483513782,0.5747507244,0.6046514956
5250,1.0,0.0,0.0,0.0,1.0,1.0,0.3025688154,0.304106091,0.4637681495,0.6489363331,0.5690788229,0.5945951121
5251,1.0,0.0,0.0,0.0,1.0,1.0,0.3030567253,0.2985131311,0.4645160397,0.6436166137,0.5709569847,0.5911612831
5252,1.0,0.0,0.0,0.0,1.0,1.0,0.3095045807,0.3090380115,0.4629032245,0.6510418954,0.5723683635,0.5904259086
5253,1.0,0.0,0.0,0.0,1.0,1.0,0.3088889641,0.3090377384,0.4660193798,0.6492144089,0.569078916,0.5904255572
5254,1.0,0.0,0.0,0.0,1.0,1.0,0.3073965905,0.312325549,0.4637680162,0.6492145094,0.5690787979,0.5842112068
5255,1.0,0.0,0.0,0.0,1.0,1.0,0.3020823263,0.3031095484,0.4598070774,0.648935865,0.567213151,0.6000004859
5256,1.0,0.0,0.0,0.0,1.0,1.0,0.3003168409,0.3051102588,0.4652665998,0.639785262,0.5676568433,0.5891889221
5257,1.0,0.0,0.0,0.0,1.0,1.0,0.3003169068,0.3024626719,0.4684975331,0.6451615587,0.5756579975,0.5923908212
5258,1.0,0.0,0.0,0.0,1.0,1.0,0.298534687,0.300162108,0.4675324196,0.6467390584,0.5709570957,0.5989015811
5259,1.0,0.0,0.0,0.0,1.0,1.0,0.2957695331,0.2928827548,0.4682927606,0.6593405122,0.5695365015,0.5988708484
5260,1.0,0.0,0.0,0.0,1.0,1.0,0.3008030142,0.3034608598,0.467637474,0.6505376536,0.5742576133,0.5978260087
5261,1.0,0.0,0.0,0.0,1.0,1.0,0.2931910986,0.2938559788,0.4732577045,0.6629833781,0.5780729858,0.5988696674
5262,1.0,0.0,0.0,0.0,1.0,1.0,0.2929962433,0.294537563,0.4657979747,0.6499992566,0.5728477457,0.5955059981
5263,1.0,0.0,0.0,0.0,1.0,1.0,0.2910995995,0.2928829035,0.4676374813,0.6555557744,0.5728477003,0.5988701626
5264,1.0,0.0,0.0,0.0,1.0,1.0,0.292044858,0.2912282279,0.4675325391,0.6444443345,0.5728475027,0.5965914627
5265,1.0,0.0,0.0,0.0,1.0,1.0,0.2888000223,0.2905353505,0.465909014,0.6516855758,0.5747506932,0.6000002542
5266,1.0,0.0,0.0,0.0,1.0,1.0,0.2954729163,0.2928829641,0.462035476,0.6502735677,0.5695364626,0.598869887
5267,1.0,0.0,0.0,0.0,1.0,1.0,0.2957696436,0.2988365291,0.4682926935,0.6483517423,0.5681063196,0.5888884635
5268,1.0,0.0,0.0,0.0,1.0,1.0,0.2943340689,0.3004966673,0.4644013292,0.6593400811,0.5681065039,0.5966854976
5269,1.0,0.0,0.0,0.0,1.0,1.0,0.2959513904,0.3011562839,0.4660194078,0.6502724711,0.5728477298,0.5879120408
5270,1.0,0.0,0.0,0.0,1.0,1.0,0.2948112016,0.2961921241,0.4602917888,0.6483516484,0.5662252146,0.5921791407
5271,1.0,0.0,0.0,0.0,1.0,1.0,0.2985346693,0.3028109809,0.4610388691,0.6521742281,0.5629140583,0.5956277782
5272,1.0,0.0,0.0,0.0,1.0,1.0,0.2941446782,0.2948353044,0.4617886034,0.646408915,0.5633331915,0.5932206179
5273,1.0,0.0,0.0,0.0,1.0,1.0,0.2952896198,0.2981670753,0.4594154921,0.6483525945,0.5600002794,0.5977648396
5274,1.0,0.0,0.0,0.0,1.0,1.0,0.2899516681,0.2895732319,0.4602918141,0.6536310508,0.5629139218,0.6057142137
5275,1.0,0.0,0.0,0.0,1.0,1.0,0.28509213,0.2888749947,0.4570502399,0.6534089046,0.5647839822,0.5977014426
5276,1.0,0.0,0.0,0.0,1.0,1.0,0.2867115414,0.285554693,0.463533154,0.644068332,0.5681061889,0.5988381693
5277,1.0,0.0,0.0,0.0,1.0,1.0,0.2864848227,0.2848411183,0.4609120694,0.6420454832,0.5699998963,0.6023393561
5278,1.0,0.0,0.0,0.0,1.0,1.0,0.2885827109,0.2865067441,0.4616639303,0.6440671759,0.5699997207,0.6046507699
5279,1.0,0.0,0.0,0.0,1.0,1.0,0.2899514216,0.2921958222,0.4651539465,0.6536315056,0.5681063903,0.6022723991
5280,1.0,0.0,0.0,0.0,1.0,1.0,0.2843938971,0.2848409037,0.4634146915,0.651428063,0.5666664691,0.602339128
5281,1.0,0.0,0.0,0.0,1.0,1.0,0.2855550651,0.2888749259,0.4594155146,0.6477267167,0.5581394496,0.5977012807
5282,1.0,0.0,0.0,0.0,1.0,1.0,0.2892692116,0.2924788087,0.4682926486,0.6460673604,0.571906341,0.5942853136
5283,1.0,0.0,0.0,0.0,1.0,1.0,0.289951501,0.2921955764,0.4667747931,0.6536321609,0.5647840347,0.607954265
5284,1.0,0.0,0.0,0.0,1.0,1.0,0.289054162,0.2841221666,0.4640523171,0.6497174154,0.5719060964,0.60588233
5285,1.0,0.0,0.0,0.0,1.0,1.0,0.2918435653,0.2931696169,0.4698205219,0.6592171882,0.5666668152,0.6022733175
5286,1.0,0.0,0.0,0.0,1.0,1.0,0.2853218922,0.2865066212,0.4649264946,0.6571419149,0.5700000961,0.6046509527
5287,1.0,0.0,0.0,0.0,1.0,1.0,0.2936670438,0.2961922289,0.4642856599,0.651933998,0.5662252018,0.6033520104
5288,1.0,0.0,0.0,0.0,1.0,1.0,0.2876441121,0.287215261,0.4634147247,0.6553672525,0.5647838564,0.6069363944
5289,1.0,0.0,0.0,0.0,1.0,1.0,0.2850921531,0.2855549491,0.4602917882,0.6477268308,0.568106171,0.6046519389
5290,1.0,0.0,0.0,0.0,1.0,1.0,0.284154847,0.2874648396,0.4640522876,0.6436786773,0.5719063345,0.593023286
5291,1.0,0.0,0.0,0.0,1.0,1.0,0.284394156,0.287464931,0.4634146475,0.6514291122,0.5652175214,0.6046507391
5292,1.0,0.0,0.0,0.0,1.0,1.0,0.2836913451,0.282451293,0.4616639844,0.649425184,0.5685618904,0.6035496071
5293,1.0,0.0,0.0,0.0,1.0,1.0,0.2811439297,0.2824509278,0.4650407091,0.6531792805,0.5652175214,0.6035503507
5294,1.0,0.0,0.0,0.0,1.0,1.0,0.2788002699,0.2807795835,0.4681891602,0.6549717919,0.5719062059,0.6071427621
5295,1.0,0.0,0.0,0.0,1.0,1.0,0.2806875174,0.2781776371,0.4594155746,0.6589595227,0.5666665552,0.5988030588
5296,1.0,0.0,0.0,0.0,1.0,1.0,0.2811440059,0.2841225305,0.465040659,0.6589591201,0.5652173751,0.6058821445
5297,1.0,0.0,0.0,0.0,1.0,1.0,0.2818524946,0.2865069856,0.4651539782,0.660919949,0.5700000412,0.6046515278
5298,1.0,0.0,0.0,0.0,1.0,1.0,0.2799739151,0.2850758401,0.4657979992,0.6511629706,0.5671141364,0.6058823453
5299,1.0,0.0,0.0,0.0,1.0,1.0,0.282061097,0.2860355416,0.4698205784,0.6473991484,0.5656564372,0.5941176086
5300,1.0,0.0,0.0,0.0,1.0,1.0,0.2808891011,0.2843531695,0.4607843429,0.6627907871,0.5555555968,0.6035508672
5301,1.0,0.0,0.0,0.0,1.0,1.0,0.2759896603,0.2836251692,0.4624182548,0.6568047646,0.5574321223,0.6130948403
5302,1.0,0.0,0.0,0.0,1.0,1.0,0.2700305539,0.2727290866,0.4629325352,0.6707320544,0.559322053,0.6149070038
5303,1.0,0.0,0.0,0.0,1.0,1.0,0.2703408822,0.2734962042,0.4639343278,0.660606715,0.5641893886,0.6111107292
5304,1.0,0.0,0.0,0.0,1.0,1.0,0.2715340157,0.2770560431,0.4664483392,0.6686754571,0.5612245553,0.6134968488
5305,1.0,0.0,0.0,0.0,1.0,1.0,0.2767185348,0.2809879369,0.4609121203,0.6705882968,0.5555555556,0.6227551206
5306,1.0,0.0,0.0,0.0,1.0,1.0,0.2713932933,0.2725749659,0.4569105859,0.6706582582,0.5555555556,0.6234559381
5307,1.0,0.0,0.0,0.0,1.0,1.0,0.2749271738,0.2800451686,0.4595469449,0.6647058901,0.5604027136,0.6167658401
5308,1.0,0.0,0.0,0.0,1.0,1.0,0.2744832685,0.273180891,0.4652665829,0.6588228062,0.5700000037,0.6097567259
5309,1.0,0.0,0.0,0.0,1.0,1.0,0.2753728442,0.2731807153,0.4651538997,0.6647066309,0.56666658,0.6219515346
5310,1.0,0.0,0.0,0.0,1.0,1.0,0.2760979743,0.2781779472,0.4604199898,0.6608184271,0.5633334829,0.6167668485
5311,1.0,0.0,0.0,0.0,1.0,1.0,0.2744830223,0.272273124,0.4604200581,0.6588240801,0.5681062182,0.6097559623
5312,1.0,0.0,0.0,0.0,1.0,1.0,0.2795867551,0.2827371071,0.4598070862,0.6609202021,0.5625002082,0.6162789328
5313,1.0,0.0,0.0,0.0,1.0,1.0,0.2756523463,0.2770732083,0.4645161063,0.6608186751,0.5709571092,0.6130949518
5314,1.0,0.0,0.0,0.0,1.0,1.0,0.2832555932,0.2820207124,0.4669887925,0.6590905328,0.5709570188,0.6198833629
5315,1.0,0.0,0.0,0.0,1.0,1.0,0.2749272945,0.2688269627,0.4676374801,0.658823654,0.5709569953,0.6196313007
5316,1.0,0.0,0.0,0.0,1.0,1.0,0.274040273,0.2754238716,0.464516136,0.6647065971,0.5742575651,0.6167667891
5317,1.0,0.0,0.0,0.0,1.0,1.0,0.2768178913,0.2761616168,0.4685990477,0.6627901848,0.5690790065,0.6190479985
5318,1.0,0.0,0.0,0.0,1.0,1.0,0.2760979748,0.2779904808,0.4668821543,0.6666657997,0.5728476468,0.6130948993
5319,1.0,0.0,0.0,0.0,1.0,1.0,0.2763728418,0.278722004,0.4678457466,0.6569763944,0.574257187,0.6153840011
5320,1.0,0.0,0.0,0.0,1.0,1.0,0.2832555113,0.2829544725,0.4653783458,0.653409033,0.5629139859,0.6081863833
5321,1.0,0.0,0.0,0.0,1.0,1.0,0.2778938829,0.275765513,0.4747966371,0.6608184241,0.5785952941,0.6181824806
5322,1.0,0.0,0.0,0.0,1.0,1.0,0.2718350365,0.2683063309,0.465798083,0.6586835415,0.5671140184,0.618750883
5323,1.0,0.0,0.0,0.0,1.0,1.0,0.2731696595,0.2718076688,0.4648118401,0.652694715,0.5675676594,0.6086961352
5324,1.0,0.0,0.0,0.0,1.0,1.0,0.2792559654,0.2724230806,0.4738562546,0.6549707526,0.5752510428,0.6012267662
5325,1.0,0.0,0.0,0.0,1.0,1.0,0.2739088763,0.2716601222,0.4584012729,0.6607146667,0.5604026442,0.6049389716
5326,1.0,0.0,0.0,0.0,1.0,1.0,0.2804308336,0.2740944282,0.4649266119,0.639535113,0.5685618603,0.6097565346
5327,1.0,0.0,0.0,0.0,1.0,1.0,0.2790646504,0.276512258,0.4659091032,0.651162459,0.5699999851,0.6024092176
5328,1.0,0.0,0.0,0.0,1.0,1.0,0.2832296596,0.2774372228,0.4625407275,0.6494253386,0.5685617701,0.6084333812
5329,1.0,0.0,0.0,0.0,1.0,1.0,0.2850919986,0.2822342485,0.4700161729,0.6477276053,0.5714283058,0.6058823839
5330,1.0,0.0,0.0,0.0,1.0,1.0,0.2809418457,0.2746810387,0.465266576,0.6379316556,0.5662252821,0.6144576363
5331,1.0,0.0,0.0,0.0,1.0,1.0,0.2841710858,0.2763358305,0.4668820978,0.6420446627,0.5761590186,0.6107790827
5332,1.0,0.0,0.0,0.0,1.0,1.0,0.2841710623,0.2730262828,0.4652665572,0.6477269248,0.5695363402,0.606059905
5333,1.0,0.0,0.0,0.0,1.0,1.0,0.2853242988,0.278722289,0.4693549091,0.6440682662,0.5742572037,0.6094680409
5334,1.0,0.0,0.0,0.0,1.0,1.0,0.2811437606,0.2748463348,0.4650407829,0.6416189555,0.5733335281,0.6121209147
5335,1.0,0.0,0.0,0.0,1.0,1.0,0.2797792134,0.2689528289,0.4741099708,0.6358379332,0.5747509875,0.617283353
5336,1.0,0.0,0.0,0.0,1.0,1.0,0.2799740254,0.2715151037,0.4706840616,0.6511626096,0.573333249,0.6073615011
5337,1.0,0.0,0.0,0.0,1.0,1.0,0.2799736913,0.2731810605,0.4706840032,0.6395344581,0.5733333683,0.6036585867
5338,1.0,0.0,0.0,0.0,1.0,1.0,0.2783463253,0.2724230489,0.4657979851,0.6432748152,0.5652174898,0.6073618441
5339,1.0,0.0,0.0,0.0,1.0,1.0,0.2804308204,0.2750141991,0.4698205514,0.6395349293,0.5738255476,0.5975603907
5340,1.0,0.0,0.0,0.0,1.0,1.0,0.2750907118,0.2690804511,0.4641694484,0.6449711978,0.5685615552,0.6086963774
5341,1.0,0.0,0.0,0.0,1.0,1.0,0.2804307362,0.2731805843,0.4681892524,0.6453488676,0.5733332735,0.5975611259
5342,1.0,0.0,0.0,0.0,1.0,1.0,0.2804305037,0.2724232147,0.4714519543,0.6453494143,0.575250801,0.6073614559
5343,1.0,0.0,0.0,0.0,1.0,1.0,0.2827687232,0.2798436907,0.4682926816,0.6494248896,0.5700000223,0.6071432838
5344,1.0,0.0,0.0,0.0,1.0,1.0,0.2834721251,0.2781779718,0.4700161272,0.651429382,0.5699998797,0.6167665237
5345,1.0,0.0,0.0,0.0,1.0,1.0,0.2797790948,0.2748464038,0.4660193998,0.6473988965,0.5666665543,0.6060607299
5346,1.0,0.0,0.0,0.0,1.0,1.0,0.2848572314,0.2739334959,0.465798014,0.6457151657,0.564784011,0.6121219875
5347,1.0,0.0,0.0,0.0,1.0,1.0,0.2778936885,0.2740945372,0.4634146253,0.65497047,0.5652173588,0.6097554333
5348,1.0,0.0,0.0,0.0,1.0,1.0,0.2860189987,0.279108398,0.4650406336,0.6420455918,0.5618729685,0.5988027322
5349,1.0,0.0,0.0,0.0,1.0,1.0,0.2820609876,0.274846644,0.4714518359,0.6473986573,0.570000093,0.6121205065
5350,1.0,0.0,0.0,0.0,1.0,1.0,0.2850920381,0.2763356305,0.4716370465,0.642046243,0.572847811,0.6107785404
5351,1.0,0.0,0.0,0.0,1.0,1.0,0.2837125697,0.2770729355,0.4693547276,0.6477279644,0.5676567584,0.6011902469
5352,1.0,0.0,0.0,0.0,1.0,1.0,0.2818522583,0.2739334268,0.4716369473,0.6494249131,0.5747509768,0.6181818432
5353,1.0,0.0,0.0,0.0,1.0,1.0,0.2848648869,0.2796452913,0.4718196738,0.649718278,0.5695365145,0.6035494266
5354,1.0,0.0,0.0,0.0,1.0,1.0,0.2867118159,0.2815093879,0.4683955187,0.6440677541,0.5733333826,0.6094679996
5355,1.0,0.0,0.0,0.0,1.0,1.0,0.2784273607,0.2746807997,0.4702093016,0.6473988065,0.5695362595,0.61445814
5356,1.0,0.0,0.0,0.0,1.0,1.0,0.2839506083,0.2754236386,0.4719101409,0.6440679701,0.5709569712,0.6167669786
5357,1.0,0.0,0.0,0.0,1.0,1.0,0.2915713975,0.2838947513,0.4781198323,0.6333331248,0.5780733468,0.6081870806
5358,1.0,0.0,0.0,0.0,1.0,1.0,0.2885150745,0.2857880722,0.4704944927,0.6574590042,0.5718955525,0.5999997422
5359,1.0,0.0,0.0,0.0,1.0,1.0,0.2880557974,0.2857883052,0.4713375664,0.6464079135,0.5751632537,0.6057141452
5360,1.0,0.0,0.0,0.0,1.0,1.0,0.2885152492,0.2906872855,0.4673045741,0.6464095393,0.571895239,0.601123397
5361,1.0,0.0,0.0,0.0,1.0,1.0,0.2839506039,0.2829546304,0.4670946056,0.6440673424,0.5695365872,0.6081874975
5362,1.0,0.0,0.0,0.0,1.0,1.0,0.2825896494,0.2836698693,0.464856191,0.6553682981,0.5676566741,0.6104655635
5363,1.0,0.0,0.0,0.0,1.0,1.0,0.28255639,0.281509088,0.4604200007,0.6514286228,0.556666386,0.6153848199
5364,1.0,0.0,0.0,0.0,1.0,1.0,0.2804887017,0.2789139665,0.4612902679,0.6494252578,0.5581394226,0.6130951192
5365,1.0,0.0,0.0,0.0,1.0,1.0,0.2772642038,0.2748464632,0.4580645185,0.6395346863,0.5599999401,0.6121217155
5366,1.0,0.0,0.0,0.0,1.0,1.0,0.2800369058,0.2846091976,0.4573269023,0.6551725469,0.5629139416,0.6104660396
5367,1.0,0.0,0.0,0.0,1.0,1.0,0.2830417609,0.2827369433,0.4640000838,0.6497175499,0.5657894979,0.6104653435
5368,1.0,0.0,0.0,0.0,1.0,1.0,0.2837126427,0.2879187966,0.4629032525,0.6477264504,0.5662251166,0.603448143
5369,1.0,0.0,0.0,0.0,1.0,1.0,0.2772642974,0.2815093185,0.45,0.6511628209,0.5566666121,0.6213012667
5370,1.0,0.0,0.0,0.0,1.0,1.0,0.2811931838,0.2829544649,0.4565915988,0.6514281615,0.559602638,0.6140354557
5371,1.0,0.0,0.0,0.0,1.0,1.0,0.2832557178,0.2855547175,0.4541062694,0.6477277616,0.561461869,0.6046519758
5372,1.0,0.0,0.0,0.0,1.0,1.0,0.2722787228,0.2759403393,0.4600325737,0.6467064916,0.5589225414,0.6097560317
5373,1.0,0.0,0.0,0.0,1.0,1.0,0.2758202889,0.2766909747,0.4577922418,0.6588236059,0.5570468754,0.6121204409
5374,1.0,0.0,0.0,0.0,1.0,1.0,0.2783462963,0.2817221369,0.456025998,0.6549701497,0.5604028403,0.6190473661
5375,1.0,0.0,0.0,0.0,1.0,1.0,0.2758200025,0.2791083298,0.4626623905,0.6588231907,0.5618728376,0.6167671929
5376,1.0,0.0,0.0,0.0,1.0,1.0,0.2857854971,0.2881724243,0.4620355902,0.6553670037,0.563333404,0.6184971397
5377,1.0,0.0,0.0,0.0,1.0,1.0,0.2741975344,0.2774371287,0.4610390045,0.6508876208,0.5618727837,0.620482195
5378,1.0,0.0,0.0,0.0,1.0,1.0,0.2781616289,0.2848410126,0.4611650205,0.6511623376,0.5633331708,0.6257309942
5379,1.0,0.0,0.0,0.0,1.0,1.0,0.2756524562,0.2815095648,0.461290361,0.65497106,0.56,0.6153848149
5380,1.0,0.0,0.0,0.0,1.0,1.0,0.2784274362,0.2831753204,0.4589372369,0.6589598714,0.5600001627,0.6117653667
5381,1.0,0.0,0.0,0.0,1.0,1.0,0.2725747841,0.2724229798,0.4561689117,0.660714262,0.5551840562,0.6257661322
5382,1.0,0.0,0.0,0.0,1.0,1.0,0.2799740326,0.2800450632,0.4609119631,0.6453491603,0.5570470174,0.6107789054
5383,1.0,0.0,0.0,0.0,1.0,1.0,0.278612936,0.2791083692,0.4635333677,0.6569759392,0.5551840734,0.6107786645
5384,1.0,0.0,0.0,0.0,1.0,1.0,0.2786125984,0.2817215656,0.4586710273,0.651163419,0.5570468703,0.6190481835
5385,1.0,0.0,0.0,0.0,1.0,1.0,0.2746432813,0.2766912121,0.4617886039,0.6568051002,0.5536912651,0.612120754
5386,1.0,0.0,0.0,0.0,1.0,1.0,0.2783459145,0.280044849,0.4625406746,0.654970279,0.557047163,0.6167659152
5387,1.0,0.0,0.0,0.0,1.0,1.0,0.2769926829,0.2783681134,0.4651539994,0.6549707298,0.5637584819,0.6084325891
5388,1.0,0.0,0.0,0.0,1.0,1.0,0.2774426727,0.2785605384,0.4675324875,0.6549712851,0.5574323868,0.6181816956
5389,1.0,0.0,0.0,0.0,1.0,1.0,0.2799741461,0.2800449183,0.4690554476,0.656976925,0.5671139309,0.6167669147
5390,1.0,0.0,0.0,0.0,1.0,1.0,0.279064928,0.2774369215,0.4691558271,0.6627909696,0.5652172939,0.6204815709
5391,1.0,0.0,0.0,0.0,1.0,1.0,0.2827689704,0.2800446861,0.4666666066,0.6551716222,0.5604027108,0.6167663079
5392,1.0,0.0,0.0,0.0,1.0,1.0,0.2741974802,0.2750144386,0.4626622303,0.6568050763,0.5570470399,0.6158541215
5393,1.0,0.0,0.0,0.0,1.0,1.0,0.2730182618,0.2725752447,0.4666667142,0.6607139589,0.5656567784,0.6296298807
5394,1.0,0.0,0.0,0.0,1.0,1.0,0.2706478948,0.269210067,0.4698205214,0.6626504911,0.5589225713,0.6187496662
5395,1.0,0.0,0.0,0.0,1.0,1.0,0.2600840717,0.2515374424,0.4648117291,0.6477991094,0.5604026746,0.6266669418
5396,1.0,0.0,0.0,0.0,1.0,1.0,0.2385978923,0.2207669815,0.5041736032,0.6433564512,0.5890410396,0.6434107609
5397,1.0,0.0,0.0,0.0,1.0,1.0,0.2141663252,0.1845660655,0.5136054817,0.6349205522,0.5888500241,0.679245322
5398,1.0,0.0,0.0,0.0,1.0,1.0,0.1967811246,0.1523972977,0.5233160283,0.6403498454,0.5921985829,0.7209290044
5399,1.0,0.0,0.0,0.0,1.0,1.0,0.1662818854,0.1150437079,0.5394045472,0.6105260747,0.5899279703,0.7656237783
5400,1.0,0.0,0.0,0.0,1.0,1.0,0.1470809369,0.09884558174,0.52304965,0.5903613204,0.5677657588,0.7962970367
5401,1.0,0.0,0.0,0.0,1.0,1.0,0.1361249779,0.0932318047,0.5125446996,0.5789484156,0.5447761825,0.6600005184
5402,1.0,0.0,0.0,0.0,1.0,1.0,0.1289602392,0.09254115708,0.5071684661,0.5555558889,0.5407405275,0.600000864
5403,1.0,0.0,0.0,0.0,1.0,1.0,0.1327928655,0.09741842132,0.4825174576,0.5789478141,0.5306858759,0.6481510171
5404,1.0,0.0,0.0,0.0,1.0,1.0,0.1312752706,0.09812693181,0.4886165179,0.5733348978,0.5381819246,0.6296309545
5405,1.0,0.0,0.0,0.0,1.0,1.0,0.1463029135,0.104337402,0.5026456018,0.5301202949,0.5384615989,0.6315819213
5406,1.0,0.0,0.0,0.0,1.0,1.0,0.1312752888,0.1053954602,0.4728545998,0.5333310481,0.519999782,0.6034492311
5407,1.0,0.0,0.0,0.0,1.0,1.0,0.1311325047,0.1069511308,0.4822694862,0.472973828,0.5129153652,0.4827591268
5408,1.0,0.0,0.0,0.0,1.0,1.0,0.1279986938,0.1157443068,0.4929824818,0.4657536251,0.529411857,0.4761906376
5409,1.0,0.0,0.0,0.0,1.0,1.0,0.127328456,0.1217029894,0.4869109098,0.4246591182,0.5239852796,0.3787875807
5410,1.0,0.0,0.0,0.0,1.0,1.0,0.1236243581,0.120370849,0.480836275,0.4788719089,0.5109488129,0.4545442625
5411,1.0,0.0,0.0,0.0,1.0,1.0,0.1145745342,0.128181426,0.490299807,0.4153860523,0.5167285542,0.3188411262
5412,1.0,0.0,0.0,0.0,1.0,1.0,0.1145744695,0.1403710467,0.4991181409,0.3692307179,0.5280900653,0.2799995378
5413,1.0,0.0,0.0,0.0,1.0,1.0,0.1104647827,0.1417117795,0.4912280635,0.3650806248,0.5223880355,0.2894724798
5414,1.0,0.0,0.0,0.0,1.0,1.0,0.1164566291,0.1628721654,0.4939129634,0.2835814138,0.5185184443,0.25
5415,1.0,0.0,0.0,0.0,1.0,1.0,0.102551552,0.1665734739,0.4956521542,0.3898321925,0.5205994031,0.3258431078
5416,1.0,0.0,0.0,0.0,1.0,1.0,0.09054153942,0.1646809085,0.4912892885,0.3846134503,0.5189394018,0.2873557172
