frame_index,face_detected,yaw,pitch,roll,left_eye_valid,right_eye_valid,left_eye_aspect_ratio,right_eye_aspect_ratio,left_pupil_rel_x,left_pupil_rel_y,right_pupil_rel_x,right_pupil_rel_y
0,1.0,0.0,0.0,0.0,1.0,1.0,0.3334528318,0.2728635658,0.2410632111,0.648351512,0.3619048736,0.610465151
1,1.0,0.0,0.0,0.0,1.0,1.0,0.3418652401,0.2786906601,0.2476636393,0.6502732714,0.3653845787,0.6034479614
2,1.0,0.0,0.0,0.0,1.0,1.0,0.3238308287,0.2555206918,0.2179362684,0.6726193987,0.3300970998,0.6139232886
3,1.0,-0.7853981853,0.0,0.0,1.0,1.0,0.3431215675,0.2621485717,0.2195608194,0.6627905794,0.331147422,0.6249995445
4,1.0,-0.7853981853,0.0,0.0,1.0,1.0,0.3368906616,0.2465288862,0.2042899952,0.6484856898,0.31,0.6283781169
5,1.0,-0.7853981853,0.0,0.0,1.0,1.0,0.3400588657,0.2556712568,0.2022821004,0.6646342192,0.3089700651,0.6168832573
6,1.0,-0.7853981853,0.0,0.0,1.0,1.0,0.3447811492,0.2540669448,0.2084656349,0.6625764904,0.3131312967,0.6092713279
7,1.0,-0.7853981853,0.0,0.0,1.0,1.0,0.3445613864,0.2524013605,0.2034261315,0.6645963999,0.3084745951,0.6174496383
8,1.0,-0.7853981853,0.0,0.0,1.0,1.0,0.3554547953,0.259751741,0.189901278,0.6604933006,0.2943201825,0.6158941477
9,1.0,-0.7853981853,0.0,0.0,1.0,1.0,0.3704921508,0.2673123923,0.1964484361,0.6586826139,0.2981260619,0.6242045508
10,1.0,-0.7853981853,0.0,0.0,1.0,1.0,0.3598430752,0.2702573784,0.187705849,0.6646343162,0.2891156375,0.6226420065
11,1.0,-0.7853981853,0.0,0.0,1.0,1.0,0.3798980443,0.2802486799,0.2011048884,0.6569772769,0.3040539466,0.6204822346
12,1.0,-0.7853981853,0.0,0.0,1.0,1.0,0.3695796293,0.262652075,0.1995491346,0.6585360705,0.2969282705,0.6298696595
13,1.0,-0.7853981853,0.0,0.0,1.0,1.0,0.3894222644,0.2831186417,0.2027027717,0.641618385,0.3003411936,0.6144572299
14,1.0,-0.7853981853,0.0,0.0,1.0,1.0,0.4133288573,0.291018936,0.2451976267,0.6448090755,0.3477535053,0.6171427193
15,1.0,-0.7853981853,0.0,0.0,1.0,1.0,0.4422111914,0.3260471375,0.3173185005,0.641414461,0.4229506861,0.6080402261
16,1.0,-0.7853981853,0.0,0.0,1.0,1.0,0.4484102413,0.332056553,0.3258927095,0.6467664746,0.4402616548,0.6059116343
17,1.0,-0.7853981853,0.0,0.0,1.0,1.0,0.4554979502,0.3445789605,0.3307521453,0.6456312224,0.4477122455,0.6018957926
18,1.0,-0.7853981853,0.0,0.0,1.0,1.0,0.454390951,0.3473469471,0.3224044159,0.6442304531,0.4393441584,0.5990561299
19,1.0,-0.7853981853,0.0,0.0,1.0,1.0,0.4478018316,0.3489080445,0.3170997412,0.637680797,0.4323003172,0.5934574527
20,1.0,-0.7853981853,0.0,0.0,1.0,1.0,0.4451478372,0.3439112629,0.321199182,0.6394233026,0.4345718433,0.6009392728
21,1.0,-0.7853981853,0.0,0.0,1.0,1.0,0.4408676249,0.3444678871,0.3319056683,0.6359221136,0.4466019019,0.5915488176
22,1.0,-0.7853981853,0.0,0.0,1.0,1.0,0.4257473611,0.3369640942,0.2843449903,0.6499996627,0.4042552185,0.5970870017
23,1.0,-0.7853981853,0.0,0.0,1.0,1.0,0.4237462938,0.3358917519,0.2783725587,0.6565657642,0.4036241632,0.6029414253
24,1.0,-0.7853981853,0.0,0.0,1.0,1.0,0.4098657699,0.3298811642,0.2786541876,0.6666663279,0.4084966464,0.6089106531
25,1.0,-0.7853981853,0.0,0.0,1.0,1.0,0.4170330674,0.3293978964,0.2764644558,0.6551720075,0.4083599453,0.6
26,1.0,-0.7853981853,0.0,0.0,1.0,1.0,0.4233890713,0.3454661629,0.2810591412,0.6538457175,0.4115755688,0.6046511415
27,1.0,-0.7853981853,0.0,0.0,1.0,1.0,0.4125949945,0.3379066558,0.2765531094,0.6504857203,0.4063491095,0.5962440122
28,1.0,-0.7853981853,0.0,0.0,1.0,1.0,0.3973681164,0.3187322791,0.2811245733,0.6515153599,0.4102564902,0.6030152915
29,1.0,-0.7853981853,0.0,0.0,1.0,1.0,0.4025393803,0.3257674957,0.2793682699,0.6421565955,0.414556968,0.5970878091
30,1.0,-0.7853981853,0.0,0.0,1.0,1.0,0.392707954,0.3200104683,0.284872185,0.6450000454,0.4132492184,0.6059108601
31,1.0,-0.7853981853,0.0,0.0,1.0,1.0,0.3935122423,0.3210229974,0.2908913195,0.6517406942,0.4145568665,0.6009857794
32,1.0,-0.7853981853,0.0,0.0,1.0,1.0,0.3938978229,0.3214764636,0.2823530036,0.6417904785,0.4140126778,0.6039605141
33,1.0,0.0,0.0,0.0,1.0,1.0,0.383723086,0.3151108492,0.2928501006,0.6428568541,0.4235670567,0.5959597779
34,1.0,0.0,0.0,0.0,1.0,1.0,0.3907442415,0.3177140871,0.2927309536,0.6381911547,0.4217253365,0.5979901297
35,1.0,0.0,0.0,0.0,1.0,1.0,0.3843263248,0.3142900364,0.2888889534,0.6432164197,0.4150943099,0.5949994886
36,1.0,0.0,0.0,0.0,1.0,1.0,0.3863226866,0.3180041401,0.2846152925,0.6517409878,0.4106581434,0.5960595729
37,1.0,0.0,0.0,0.0,1.0,1.0,0.3793357901,0.3071532368,0.2782693928,0.6528495085,0.4076433058,0.6010367674
38,1.0,0.0,0.0,0.0,1.0,1.0,0.368060661,0.295362144,0.28501475,0.6595747418,0.4057508707,0.6108118059
39,1.0,0.0,0.0,0.0,1.0,1.0,0.3669823918,0.2985556523,0.2773437542,0.6595746053,0.4025559827,0.6096254141
40,1.0,0.0,0.0,0.0,1.0,1.0,0.363964213,0.3001519214,0.2755599207,0.6577534833,0.4089455088,0.6170209879
41,1.0,0.0,0.0,0.0,1.0,1.0,0.3609895188,0.2950736102,0.279538937,0.659574123,0.3999999355,0.6021507491
42,1.0,0.0,0.0,0.0,1.0,1.0,0.3629094318,0.2988838383,0.3102786117,0.6666673923,0.4367087105,0.6084662822
43,1.0,0.0,0.0,0.0,1.0,1.0,0.3704496633,0.3061782379,0.2992278755,0.6458332464,0.4349207681,0.5958546265
44,1.0,0.0,0.0,0.0,1.0,1.0,0.3834516219,0.3160228267,0.3048433452,0.6485149099,0.4361370157,0.6009851831
45,1.0,0.0,0.0,0.0,1.0,1.0,0.372192907,0.3144661875,0.3081285858,0.6548216399,0.4267915379,0.599009617
46,1.0,0.0,0.0,0.0,1.0,1.0,0.3671029274,0.3042464584,0.3134616154,0.6596863591,0.4416403476,0.6062182201
47,1.0,0.0,0.0,0.0,1.0,1.0,0.3641376931,0.300475106,0.31201556,0.6489358191,0.4437301383,0.5935834429
48,1.0,0.0,0.0,0.0,1.0,1.0,0.3711661573,0.3049414809,0.3094777346,0.6458330865,0.4376997744,0.591622861
49,1.0,0.0,0.0,0.0,1.0,1.0,0.3661032038,0.3105059563,0.304603367,0.6470590855,0.4336570832,0.5937503728
50,1.0,0.0,0.0,0.0,1.0,1.0,0.3834516101,0.3210231278,0.3029439483,0.6435642984,0.4398732242,0.5960590463
51,1.0,0.0,0.0,0.0,1.0,1.0,0.3653666101,0.3036889596,0.2998066844,0.6560844808,0.430868067,0.6031739078
52,1.0,0.0,0.0,0.0,1.0,1.0,0.3741939643,0.3087446041,0.2932186119,0.653061352,0.4331209881,0.6030929136
53,1.0,0.0,0.0,0.0,1.0,1.0,0.3611511749,0.2937657341,0.3043478517,0.663101802,0.4440893137,0.608696277
54,1.0,0.0,0.0,0.0,1.0,1.0,0.3509196481,0.2876207345,0.3094082781,0.6629840039,0.4437299912,0.6033523126
55,1.0,0.0,0.0,0.0,1.0,1.0,0.3705900636,0.2963641689,0.3045149777,0.6632123751,0.4447948341,0.6117024389
56,1.0,0.0,0.0,0.0,1.0,1.0,0.4001633176,0.33862689,0.3075434523,0.6425118093,0.440789482,0.5825246506
57,0.0,0.0,0.0,0.0,0.0,0.0,0.0,0.0,0.0,0.0,0.0,0.0
58,0.0,0.0,0.0,0.0,0.0,0.0,0.0,0.0,0.0,0.0,0.0,0.0
59,0.0,0.0,0.0,0.0,0.0,0.0,0.0,0.0,0.0,0.0,0.0,0.0
60,0.0,0.0,0.0,0.0,0.0,0.0,0.0,0.0,0.0,0.0,0.0,0.0
61,0.0,0.0,0.0,0.0,0.0,0.0,0.0,0.0,0.0,0.0,0.0,0.0
62,0.0,0.0,0.0,0.0,0.0,0.0,0.0,0.0,0.0,0.0,0.0,0.0
63,0.0,0.0,0.0,0.0,0.0,0.0,0.0,0.0,0.0,0.0,0.0,0.0
64,0.0,0.0,0.0,0.0,0.0,0.0,0.0,0.0,0.0,0.0,0.0,0.0
65,0.0,0.0,0.0,0.0,0.0,0.0,0.0,0.0,0.0,0.0,0.0,0.0
66,0.0,0.0,0.0,0.0,0.0,0.0,0.0,0.0,0.0,0.0,0.0,0.0
67,0.0,0.0,0.0,0.0,0.0,0.0,0.0,0.0,0.0,0.0,0.0,0.0
68,0.0,0.0,0.0,0.0,0.0,0.0,0.0,0.0,0.0,0.0,0.0,0.0
69,0.0,0.0,0.0,0.0,0.0,0.0,0.0,0.0,0.0,0.0,0.0,0.0
70,0.0,0.0,0.0,0.0,0.0,0.0,0.0,0.0,0.0,0.0,0.0,0.0
71,0.0,0.0,0.0,0.0,0.0,0.0,0.0,0.0,0.0,0.0,0.0,0.0
72,0.0,0.0,0.0,0.0,0.0,0.0,0.0,0.0,0.0,0.0,0.0,0.0
73,0.0,0.0,0.0,0.0,0.0,0.0,0.0,0.0,0.0,0.0,0.0,0.0
74,0.0,0.0,0.0,0.0,0.0,0.0,0.0,0.0,0.0,0.0,0.0,0.0
75,0.0,0.0,0.0,0.0,0.0,0.0,0.0,0.0,0.0,0.0,0.0,0.0
76,0.0,0.0,0.0,0.0,0.0,0.0,0.0,0.0,0.0,0.0,0.0,0.0
77,0.0,0.0,0.0,0.0,0.0,0.0,0.0,0.0,0.0,0.0,0.0,0.0
78,0.0,0.0,0.0,0.0,0.0,0.0,0.0,0.0,0.0,0.0,0.0,0.0
79,0.0,0.0,0.0,0.0,0.0,0.0,0.0,0.0,0.0,0.0,0.0,0.0
80,0.0,0.0,0.0,0.0,0.0,0.0,0.0,0.0,0.0,0.0,0.0,0.0
81,0.0,0.0,0.0,0.0,0.0,0.0,0.0,0.0,0.0,0.0,0.0,0.0
82,0.0,0.0,0.0,0.0,0.0,0.0,0.0,0.0,0.0,0.0,0.0,0.0
83,0.0,0.0,0.0,0.0,0.0,0.0,0.0,0.0,0.0,0.0,0.0,0.0
84,0.0,0.0,0.0,0.0,0.0,0.0,0.0,0.0,0.0,0.0,0.0,0.0
85,0.0,0.0,0.0,0.0,0.0,0.0,0.0,0.0,0.0,0.0,0.0,0.0
86,0.0,0.0,0.0,0.0,0.0,0.0,0.0,0.0,0.0,0.0,0.0,0.0
87,0.0,0.0,0.0,0.0,0.0,0.0,0.0,0.0,0.0,0.0,0.0,0.0
88,0.0,0.0,0.0,0.0,0.0,0.0,0.0,0.0,0.0,0.0,0.0,0.0
89,0.0,0.0,0.0,0.0,0.0,0.0,0.0,0.0,0.0,0.0,0.0,0.0
90,0.0,0.0,0.0,0.0,0.0,0.0,0.0,0.0,0.0,0.0,0.0,0.0
91,0.0,0.0,0.0,0.0,0.0,0.0,0.0,0.0,0.0,0.0,0.0,0.0
92,0.0,0.0,0.0,0.0,0.0,0.0,0.0,0.0,0.0,0.0,0.0,0.0
93,0.0,0.0,0.0,0.0,0.0,0.0,0.0,0.0,0.0,0.0,0.0,0.0
94,0.0,0.0,0.0,0.0,0.0,0.0,0.0,0.0,0.0,0.0,0.0,0.0
95,0.0,0.0,0.0,0.0,0.0,0.0,0.0,0.0,0.0,0.0,0.0,0.0
96,0.0,0.0,0.0,0.0,0.0,0.0,0.0,0.0,0.0,0.0,0.0,0.0
97,0.0,0.0,0.0,0.0,0.0,0.0,0.0,0.0,0.0,0.0,0.0,0.0
98,0.0,0.0,0.0,0.0,0.0,0.0,0.0,0.0,0.0,0.0,0.0,0.0
99,0.0,0.0,0.0,0.0,0.0,0.0,0.0,0.0,0.0,0.0,0.0,0.0
100,0.0,0.0,0.0,0.0,0.0,0.0,0.0,0.0,0.0,0.0,0.0,0.0
101,0.0,0.0,0.0,0.0,0.0,0.0,0.0,0.0,0.0,0.0,0.0,0.0
102,0.0,0.0,0.0,0.0,0.0,0.0,0.0,0.0,0.0,0.0,0.0,0.0
103,0.0,0.0,0.0,0.0,0.0,0.0,0.0,0.0,0.0,0.0,0.0,0.0
104,0.0,0.0,0.0,0.0,0.0,0.0,0.0,0.0,0.0,0.0,0.0,0.0
105,0.0,0.0,0.0,0.0,0.0,0.0,0.0,0.0,0.0,0.0,0.0,0.0
106,0.0,0.0,0.0,0.0,0.0,0.0,0.0,0.0,0.0,0.0,0.0,0.0
107,0.0,0.0,0.0,0.0,0.0,0.0,0.0,0.0,0.0,0.0,0.0,0.0
108,0.0,0.0,0.0,0.0,0.0,0.0,0.0,0.0,0.0,0.0,0.0,0.0
109,0.0,0.0,0.0,0.0,0.0,0.0,0.0,0.0,0.0,0.0,0.0,0.0
110,0.0,0.0,0.0,0.0,0.0,0.0,0.0,0.0,0.0,0.0,0.0,0.0
111,0.0,0.0,0.0,0.0,0.0,0.0,0.0,0.0,0.0,0.0,0.0,0.0
112,0.0,0.0,0.0,0.0,0.0,0.0,0.0,0.0,0.0,0.0,0.0,0.0
113,0.0,0.0,0.0,0.0,0.0,0.0,0.0,0.0,0.0,0.0,0.0,0.0
114,0.0,0.0,0.0,0.0,0.0,0.0,0.0,0.0,0.0,0.0,0.0,0.0
115,0.0,0.0,0.0,0.0,0.0,0.0,0.0,0.0,0.0,0.0,0.0,0.0
116,0.0,0.0,0.0,0.0,0.0,0.0,0.0,0.0,0.0,0.0,0.0,0.0
117,0.0,0.0,0.0,0.0,0.0,0.0,0.0,0.0,0.0,0.0,0.0,0.0
118,0.0,0.0,0.0,0.0,0.0,0.0,0.0,0.0,0.0,0.0,0.0,0.0
119,0.0,0.0,0.0,0.0,0.0,0.0,0.0,0.0,0.0,0.0,0.0,0.0
120,0.0,0.0,0.0,0.0,0.0,0.0,0.0,0.0,0.0,0.0,0.0,0.0
121,0.0,0.0,0.0,0.0,0.0,0.0,0.0,0.0,0.0,0.0,0.0,0.0
122,0.0,0.0,0.0,0.0,0.0,0.0,0.0,0.0,0.0,0.0,0.0,0.0
123,0.0,0.0,0.0,0.0,0.0,0.0,0.0,0.0,0.0,0.0,0.0,0.0
124,0.0,0.0,0.0,0.0,0.0,0.0,0.0,0.0,0.0,0.0,0.0,0.0
125,0.0,0.0,0.0,0.0,0.0,0.0,0.0,0.0,0.0,0.0,0.0,0.0
126,0.0,0.0,0.0,0.0,0.0,0.0,0.0,0.0,0.0,0.0,0.0,0.0
127,0.0,0.0,0.0,0.0,0.0,0.0,0.0,0.0,0.0,0.0,0.0,0.0
128,0.0,0.0,0.0,0.0,0.0,0.0,0.0,0.0,0.0,0.0,0.0,0.0
129,0.0,0.0,0.0,0.0,0.0,0.0,0.0,0.0,0.0,0.0,0.0,0.0
130,0.0,0.0,0.0,0.0,0.0,0.0,0.0,0.0,0.0,0.0,0.0,0.0
131,0.0,0.0,0.0,0.0,0.0,0.0,0.0,0.0,0.0,0.0,0.0,0.0
132,0.0,0.0,0.0,0.0,0.0,0.0,0.0,0.0,0.0,0.0,0.0,0.0
133,0.0,0.0,0.0,0.0,0.0,0.0,0.0,0.0,0.0,0.0,0.0,0.0
134,0.0,0.0,0.0,0.0,0.0,0.0,0.0,0.0,0.0,0.0,0.0,0.0
135,0.0,0.0,0.0,0.0,0.0,0.0,0.0,0.0,0.0,0.0,0.0,0.0
136,1.0,-0.7853981853,0.0,-2.61799407,1.0,1.0,0.6263782356,0.6748367515,0.7004610591,0.7647051781,0.7179487689,0.9071727753
137,1.0,-0.7853981853,0.0,-2.61799407,1.0,1.0,0.4241661063,0.532684141,0.6538463147,0.6874996576,0.6728234227,0.8118807757
138,1.0,-0.7853981853,0.0,-2.61799407,1.0,1.0,0.405641622,0.4841741112,0.6173595499,0.638554398,0.6288885876,0.752294054
139,0.0,0.0,0.0,0.0,0.0,0.0,0.0,0.0,0.0,0.0,0.0,0.0
140,0.0,0.0,0.0,0.0,0.0,0.0,0.0,0.0,0.0,0.0,0.0,0.0
141,0.0,0.0,0.0,0.0,0.0,0.0,0.0,0.0,0.0,0.0,0.0,0.0
142,0.0,0.0,0.0,0.0,0.0,0.0,0.0,0.0,0.0,0.0,0.0,0.0
143,0.0,0.0,0.0,0.0,0.0,0.0,0.0,0.0,0.0,0.0,0.0,0.0
144,0.0,0.0,0.0,0.0,0.0,0.0,0.0,0.0,0.0,0.0,0.0,0.0
145,0.0,0.0,0.0,0.0,0.0,0.0,0.0,0.0,0.0,0.0,0.0,0.0
146,1.0,-0.7853981853,0.0,0.0,1.0,1.0,0.3737445225,0.3081099779,0.2939535441,0.6467665429,0.4202455302,0.5870641413
147,1.0,-0.7853981853,0.0,0.0,1.0,1.0,0.3765211403,0.3117525382,0.3010156944,0.637254902,0.4342508962,0.5882352941
148,1.0,-0.7853981853,0.0,0.0,1.0,1.0,0.3701635563,0.3038425321,0.3018518185,0.6450003175,0.4320985665,0.5837562924
149,1.0,-0.7853981853,0.0,0.0,1.0,1.0,0.3737600887,0.3132808164,0.2960586239,0.6470582687,0.4311927655,0.5999993743
150,1.0,0.0,0.0,0.0,1.0,1.0,0.35784723,0.3038425644,0.2947558195,0.6464645808,0.425925975,0.5939081705
151,1.0,0.0,0.0,0.0,1.0,1.0,0.3653873308,0.3121331668,0.2867383093,0.6421566354,0.4276922873,0.5911327553
152,1.0,0.0,0.0,0.0,1.0,1.0,0.3699642192,0.322147385,0.293800477,0.6310682221,0.4371069152,0.5756096195
153,1.0,0.0,0.0,0.0,1.0,1.0,0.3657152695,0.3205758314,0.3040358632,0.6421569519,0.4371067624,0.5980388592
154,1.0,0.0,0.0,0.0,1.0,1.0,0.3664016642,0.3293982381,0.2885662927,0.6386136209,0.4244370455,0.590244131
155,1.0,0.0,0.0,0.0,1.0,1.0,0.3598348506,0.3235373043,0.2799280725,0.6500001553,0.4198717045,0.5891087333
156,1.0,0.0,0.0,0.0,1.0,1.0,0.3577141409,0.3245777109,0.2859712024,0.6482408493,0.4244372733,0.5841582529
157,1.0,0.0,0.0,0.0,1.0,1.0,0.3546698755,0.3227707951,0.2793447864,0.641025148,0.416393681,0.5837563881
158,1.0,0.0,0.0,0.0,1.0,1.0,0.3565575508,0.3212494266,0.2810809826,0.6363634467,0.4188311373,0.5808081546
159,1.0,0.0,0.0,0.0,1.0,1.0,0.3494926325,0.3277391879,0.2863514382,0.6479592215,0.4220778893,0.5841585074
160,1.0,0.0,0.0,0.0,1.0,1.0,0.3546409171,0.3309627399,0.2777777622,0.6414142692,0.4098361441,0.584158774
161,1.0,0.0,0.0,0.0,1.0,1.0,0.3618366178,0.3422525325,0.288224944,0.6407770006,0.4180066601,0.5821595022
162,1.0,0.0,0.0,0.0,1.0,1.0,0.3548933814,0.3460849482,0.2845953113,0.6470586412,0.4110033863,0.5887851296
163,1.0,0.0,0.0,0.0,1.0,1.0,0.356500231,0.3374739639,0.2883762949,0.6417915673,0.4253247158,0.5817307002
164,1.0,0.0,0.0,0.0,1.0,1.0,0.3631128013,0.3422524558,0.2839506266,0.6407767795,0.418006336,0.5821598785
165,1.0,0.0,0.0,0.0,1.0,1.0,0.3736890509,0.3470731309,0.291005303,0.6367917418,0.4180064497,0.5787032716
166,1.0,0.0,0.0,0.0,1.0,1.0,0.3635949393,0.3379521773,0.2919255096,0.6487808504,0.4230769627,0.5829382344
167,1.0,0.0,0.0,0.0,1.0,1.0,0.3656708228,0.3469401603,0.291116998,0.6490379249,0.4171973121,0.5917434524
168,1.0,0.0,0.0,0.0,1.0,1.0,0.359448341,0.3347335416,0.2877192649,0.643902541,0.4222222978,0.5829385475
169,1.0,0.0,0.0,0.0,1.0,1.0,0.3753362299,0.3499625387,0.2943231089,0.6372091774,0.4321768093,0.585585412
170,1.0,0.0,0.0,0.0,1.0,1.0,0.3780723109,0.3515384307,0.2924694063,0.6435185837,0.4290220701,0.5829595233
171,1.0,0.0,0.0,0.0,1.0,1.0,0.3635931353,0.3305114994,0.2899824785,0.6521745916,0.4303799667,0.593301746
172,1.0,0.0,0.0,0.0,1.0,1.0,0.374029236,0.3494883811,0.2967797945,0.6372096658,0.43354439,0.5882351221
173,1.0,0.0,0.0,0.0,1.0,1.0,0.3712716158,0.3421654253,0.2940140373,0.6350711324,0.4267517155,0.5953491814
174,1.0,0.0,0.0,0.0,1.0,1.0,0.3655001174,0.3394927649,0.3000874553,0.6411482822,0.4349206972,0.5841124469
175,1.0,0.0,0.0,0.0,1.0,1.0,0.3573815359,0.3288897669,0.2971078527,0.6372548008,0.4345049351,0.592232256
176,1.0,0.0,0.0,0.0,1.0,1.0,0.3583236372,0.3299437867,0.2987698162,0.6372553325,0.4230769365,0.587378476
177,1.0,0.0,0.0,0.0,1.0,1.0,0.3597990513,0.333679583,0.2921738617,0.6328497618,0.4185302201,0.5980858123
178,1.0,0.0,0.0,0.0,1.0,1.0,0.3483034199,0.3187320655,0.3047210308,0.6256163462,0.4326924827,0.587939482
179,1.0,0.0,0.0,0.0,1.0,1.0,0.3471014308,0.3127284016,0.2949389411,0.6331652815,0.4290323584,0.5927840468
180,1.0,0.0,0.0,0.0,1.0,1.0,0.3282520143,0.2943338772,0.2860846566,0.6421048554,0.4174757711,0.5934069489
181,1.0,0.0,0.0,0.0,1.0,1.0,0.3238609415,0.2883003626,0.3728221923,0.6451614026,0.4903845058,0.5777778044
182,1.0,0.0,0.0,0.0,1.0,1.0,0.307385316,0.2642757137,0.469244326,0.6114280965,0.5608974565,0.5757578467
183,1.0,0.0,0.0,0.0,1.0,1.0,0.310590452,0.2700759947,0.4895834009,0.6033515542,0.5760517458,0.5628736018
184,1.0,0.0,0.0,0.0,1.0,1.0,0.3087012768,0.2724283943,0.4812286041,0.6022106436,0.5645160635,0.5739639675
185,1.0,0.0,0.0,0.0,1.0,1.0,0.2998325038,0.2689527112,0.4862068387,0.5862066566,0.5614618742,0.5740741202
186,1.0,0.0,0.0,0.0,1.0,1.0,0.2962570188,0.2681836035,0.4718909165,0.5977011494,0.5566665439,0.5776397516
187,1.0,0.0,0.0,0.0,1.0,1.0,0.2894463718,0.2616781449,0.4599659758,0.5764711265,0.547297407,0.5806449483
188,1.0,0.0,0.0,0.0,1.0,1.0,0.289493469,0.2635511626,0.460344852,0.58928565,0.5376715366,0.5909088528
189,1.0,0.0,0.0,0.0,1.0,1.0,0.2937550027,0.2650545581,0.4611486968,0.5804591536,0.5472974431,0.5859876892
190,1.0,0.0,0.0,0.0,1.0,1.0,0.2855549182,0.2607971299,0.4571429278,0.6,0.5521886051,0.5935492239
191,1.0,0.0,0.0,0.0,1.0,1.0,0.2792309135,0.2498604695,0.4650766349,0.6036585669,0.5608108201,0.6148642593
192,1.0,0.0,0.0,0.0,1.0,1.0,0.2923538233,0.2650546887,0.4676870934,0.6104660589,0.5641893053,0.6050948477
193,1.0,0.0,0.0,0.0,1.0,1.0,0.289668937,0.2624796078,0.4627118702,0.608187244,0.5589226507,0.6089747453
194,1.0,0.0,0.0,0.0,1.0,1.0,0.3343265335,0.334882209,0.4761062103,0.608465969,0.5451389473,0.5544039178
195,0.0,0.0,0.0,0.0,0.0,0.0,0.0,0.0,0.0,0.0,0.0,0.0
196,0.0,0.0,0.0,0.0,0.0,0.0,0.0,0.0,0.0,0.0,0.0,0.0
197,0.0,0.0,0.0,0.0,0.0,0.0,0.0,0.0,0.0,0.0,0.0,0.0
198,0.0,0.0,0.0,0.0,0.0,0.0,0.0,0.0,0.0,0.0,0.0,0.0
199,0.0,0.0,0.0,0.0,0.0,0.0,0.0,0.0,0.0,0.0,0.0,0.0
200,1.0,0.0,0.0,0.0,1.0,1.0,0.1948596697,0.1336704189,0.4276729779,0.5806443825,0.539094735,0.6615384615
201,0.0,0.0,0.0,0.0,0.0,0.0,0.0,0.0,0.0,0.0,0.0,0.0
202,1.0,0.0,0.0,0.0,1.0,1.0,0.2906176917,0.2979815232,0.5212766573,0.5731707621,0.5888887797,0.5776398618
203,1.0,0.0,0.0,0.0,1.0,1.0,0.2648926833,0.2399320001,0.4829267246,0.5889577593,0.5629138002,0.6137930936
204,1.0,0.0,0.0,0.0,1.0,1.0,0.2543732411,0.2163221762,0.4794746085,0.5806445569,0.5536913966,0.6201553628
205,1.0,0.0,0.0,0.0,1.0,1.0,0.2245002601,0.1893140349,0.4559067453,0.5851844081,0.5358361775,0.6036045232
206,1.0,0.0,0.0,0.0,1.0,1.0,0.1890834645,0.1550859488,0.4712837232,0.5535717604,0.5310345495,0.6000004625
207,1.0,0.0,0.0,0.0,1.0,1.0,0.1934947842,0.1619786564,0.4562289092,0.582608051,0.5206897022,0.617021736
208,1.0,0.0,0.0,0.0,1.0,1.0,0.226383705,0.1933853766,0.4530202039,0.5925926485,0.5410957972,0.619469298
209,1.0,0.0,0.0,0.0,1.0,1.0,0.2627483959,0.2269917987,0.4559069203,0.5949372581,0.5423729798,0.6268654695
210,1.0,0.0,0.0,0.0,1.0,1.0,0.2687023926,0.2356542107,0.4540984391,0.60365931,0.5451504925,0.6241132266
211,1.0,0.0,0.0,0.0,1.0,1.0,0.2624142807,0.2341927233,0.4554294952,0.5864194821,0.5412541685,0.6056337827
212,1.0,0.0,0.0,0.0,1.0,1.0,0.219146832,0.1880305066,0.4568105181,0.590909444,0.5355930072,0.6126115808
213,1.0,0.0,0.0,0.0,1.0,1.0,0.2012299711,0.1660031057,0.444630928,0.5750000849,0.5239724105,0.6185571558
214,1.0,0.0,0.0,0.0,1.0,1.0,0.2563927498,0.222283973,0.4330065131,0.6050955741,0.5217389398,0.6315782287
215,1.0,0.0,0.0,0.0,1.0,1.0,0.2719899129,0.2440879705,0.4283413118,0.6035507028,0.5214522774,0.6216209393
216,1.0,0.0,0.0,0.0,1.0,1.0,0.2759292266,0.2523342899,0.4221508889,0.6046514421,0.5214524364,0.6078426607
217,1.0,0.0,0.0,0.0,1.0,1.0,0.288055733,0.2620685986,0.4251593039,0.6077345461,0.5244299829,0.6149064789
218,1.0,0.0,0.0,0.0,1.0,1.0,0.2816897963,0.2612918372,0.4203821514,0.6101692329,0.5261438396,0.6187502272
219,1.0,0.0,0.0,0.0,1.0,1.0,0.2685306978,0.2490466609,0.4181240608,0.6153846154,0.5211727002,0.6209148993
220,1.0,0.0,0.0,0.0,1.0,1.0,0.2698175797,0.2506743669,0.4217252893,0.6153848997,0.5244300414,0.6298702615
221,1.0,0.0,0.0,0.0,1.0,1.0,0.2697680029,0.2432417085,0.419512239,0.6144574629,0.5231789415,0.6190482769
222,1.0,0.0,0.0,0.0,1.0,1.0,0.2776225543,0.2449289555,0.423202631,0.6117644357,0.5263157184,0.6040265587
223,1.0,0.0,0.0,0.0,1.0,1.0,0.2722786587,0.239140344,0.4241435876,0.6107786789,0.5214519193,0.6275850829
224,1.0,0.0,0.0,0.0,1.0,1.0,0.2374090532,0.1988856412,0.4235880442,0.6013982206,0.5150501787,0.6302511024
225,1.0,0.0,0.0,0.0,1.0,1.0,0.1777936885,0.1483271017,0.3747840734,0.5728161255,0.4558304796,0.5714289157
226,1.0,0.0,0.0,0.0,1.0,1.0,0.1784096984,0.1547176273,0.3396879849,0.6019418221,0.419928708,0.5747121212
227,1.0,0.0,0.0,0.0,1.0,1.0,0.2071382969,0.184294256,0.3039722621,0.6166669786,0.3865247226,0.586537933
228,1.0,0.0,0.0,0.0,1.0,1.0,0.2452413454,0.2280957769,0.2907562286,0.6164373292,0.383275115,0.5954196702
229,1.0,0.0,0.0,0.0,1.0,1.0,0.2548914699,0.2377981807,0.2818791105,0.6381574456,0.3758622056,0.6014483246
230,1.0,0.0,0.0,0.0,1.0,1.0,0.2628348291,0.2515373094,0.281407043,0.6433117835,0.3825503216,0.58666663
231,1.0,0.0,0.0,0.0,1.0,1.0,0.2745535294,0.2607238082,0.286432215,0.6402438434,0.3946489347,0.5833335452
232,1.0,0.0,0.0,0.0,1.0,1.0,0.2848324986,0.2724230734,0.2630690392,0.6390532253,0.3779265284,0.5828220702
233,1.0,0.0,0.0,0.0,1.0,1.0,0.3101715963,0.2857937769,0.2672412976,0.63333273,0.3913043182,0.5964916041
234,1.0,0.0,0.0,0.0,1.0,1.0,0.3266727897,0.2984910194,0.2650177259,0.6216213229,0.389261646,0.6011239246
235,1.0,0.0,0.0,0.0,1.0,1.0,0.3354894103,0.297531231,0.2688927489,0.6282714324,0.4013159384,0.6022096731
236,1.0,0.0,0.0,0.0,1.0,1.0,0.3537846361,0.3119174979,0.2743362505,0.6149996765,0.4084968122,0.5706804681
237,1.0,0.0,0.0,0.0,1.0,1.0,0.3514138077,0.3073994017,0.2724107847,0.6237620465,0.4100947355,0.5948714024
238,1.0,0.0,0.0,0.0,1.0,1.0,0.3566914945,0.2992060952,0.284452243,0.6287130302,0.4231974973,0.6020939657
239,1.0,0.0,0.0,0.0,1.0,1.0,0.3688309333,0.3083721861,0.2781277944,0.6292680888,0.4177216864,0.6051283768
240,1.0,0.0,0.0,0.0,1.0,1.0,0.3735556453,0.3072819503,0.2794250823,0.6250003852,0.4192547943,0.606060508
241,1.0,0.0,0.0,0.0,1.0,1.0,0.3742117137,0.3087448277,0.2659871147,0.6336635196,0.4076431916,0.5979384768
242,1.0,0.0,0.0,0.0,1.0,1.0,0.3234318748,0.2619895411,0.2135466494,0.6627909881,0.3333334436,0.611111041
243,1.0,0.0,0.0,0.0,1.0,1.0,0.3007000775,0.2392109505,0.1851494382,0.6858976622,0.295082011,0.6095888688
244,1.0,-0.7853981853,0.0,0.0,1.0,1.0,0.327019746,0.2579727796,0.2023233353,0.6627217904,0.2987014095,0.6037736847
245,1.0,-0.7853981853,0.0,0.0,1.0,1.0,0.3460390594,0.2597232907,0.1873726464,0.6588233312,0.2927632464,0.6012658556
246,1.0,-0.7853981853,0.0,0.0,1.0,1.0,0.3596316121,0.2742573392,0.1767783204,0.6627902754,0.2828282198,0.6196321369
247,1.0,-0.7853981853,0.0,0.0,1.0,1.0,0.3743939882,0.3021961996,0.1968254099,0.6553675674,0.3074324335,0.6312852688
248,1.0,-0.7853981853,0.0,0.0,1.0,1.0,0.3853271049,0.2897178109,0.1960570211,0.6477265901,0.3070325003,0.6213020056
249,1.0,-0.7853981853,0.0,0.0,1.0,1.0,0.3943988091,0.2838550817,0.1984304058,0.6420453485,0.3027209119,0.6347305874
250,1.0,-0.7853981853,0.0,0.0,1.0,1.0,0.404837003,0.2855548719,0.194476539,0.6477275266,0.2977624226,0.626506595
251,1.0,-0.7853981853,0.0,0.0,1.0,1.0,0.4053683829,0.2947742955,0.1888111666,0.6494253067,0.2914485534,0.6390530086
252,1.0,-0.7853981853,0.0,0.0,1.0,1.0,0.4183710383,0.3022367817,0.1976743144,0.6388890972,0.2955326631,0.625000137
253,1.0,-0.7853981853,0.0,0.0,1.0,1.0,0.4194608713,0.310590291,0.2168816777,0.6368708179,0.3090279409,0.6089385415
254,1.0,-0.7853981853,0.0,0.0,1.0,1.0,0.4271521119,0.3123257742,0.2184179192,0.6298337551,0.3125,0.605555039
255,1.0,-0.7853981853,0.0,0.0,1.0,1.0,0.4122395068,0.3014188356,0.1870504249,0.6337213442,0.2857141412,0.6315795363
256,1.0,-0.7853981853,0.0,0.0,1.0,1.0,0.4226935319,0.2972791456,0.1847133898,0.6204825215,0.2773723217,0.6134977875
257,1.0,-0.7853981853,0.0,0.0,1.0,1.0,0.4453606562,0.3154200845,0.1939712573,0.5999995412,0.2844034007,0.6046506355
258,1.0,-0.7853981853,0.0,0.0,1.0,1.0,0.4518754844,0.3120934257,0.1821808396,0.6,0.2788104171,0.5892859233
259,1.0,-0.7853981853,0.0,0.0,1.0,1.0,0.4598246582,0.3269547201,0.1935046544,0.6058821597,0.2862452747,0.5965907102
260,1.0,-0.7853981853,0.0,0.0,1.0,1.0,0.4656034666,0.3337584704,0.1820615781,0.5862073199,0.2733945882,0.5934066872
261,1.0,-0.7853981853,0.0,0.0,1.0,1.0,0.4739898769,0.3437333151,0.1883467636,0.5885713394,0.2766356052,0.592390573
262,1.0,-0.7853981853,0.0,0.0,1.0,1.0,0.484824081,0.345463009,0.1693766576,0.5921795628,0.2680222172,0.5989308825
263,1.0,-0.7853981853,0.0,0.0,1.0,1.0,0.4772236694,0.3294248465,0.1814460751,0.6114290833,0.2811918673,0.5988697453
264,1.0,-0.7853981853,0.0,0.0,1.0,1.0,0.4674806324,0.3287883495,0.1801075581,0.6034482181,0.2672896918,0.5965916304
265,1.0,-0.7853981853,0.0,0.0,1.0,1.0,0.4556481195,0.3079562824,0.1601085985,0.6190472903,0.251417719,0.619632302
266,1.0,-0.7853981853,0.0,0.0,1.0,1.0,0.4592736869,0.3148423835,0.1684071958,0.6079548076,0.2655678232,0.6046513196
267,1.0,-0.7853981853,0.0,0.0,1.0,1.0,0.4596915335,0.3343718805,0.1757105372,0.6179778075,0.2628677127,0.6098900169
268,1.0,-0.7853981853,0.0,0.0,1.0,1.0,0.433217917,0.2951251082,0.1863117712,0.6257310672,0.2826086651,0.5950913011
269,1.0,-0.7853981853,0.0,0.0,1.0,1.0,0.4173494655,0.298765741,0.1868131971,0.6198825899,0.2900357487,0.6250001422
270,1.0,-0.7853981853,0.0,0.0,1.0,1.0,0.4059859131,0.2986033308,0.1935484645,0.6176471913,0.2934972899,0.6117644806
271,1.0,-0.7853981853,0.0,0.0,1.0,1.0,0.3911378207,0.2837920008,0.1776710439,0.6380370467,0.283950429,0.6335407141
272,1.0,-0.7853981853,0.0,0.0,1.0,1.0,0.3817560278,0.2611780389,0.1981019707,0.639751086,0.2926830002,0.6200002049
273,1.0,-0.7853981853,0.0,0.0,1.0,1.0,0.3698171139,0.2342705198,0.2681499591,0.6202526285,0.3625630607,0.6115106331
274,1.0,-0.7853981853,0.0,0.0,1.0,1.0,0.3218157434,0.184537213,0.4149660329,0.6126766165,0.4869281794,0.5929205675
275,1.0,-0.7853981853,0.0,0.0,1.0,1.0,0.2475891187,0.09860723795,0.5068181681,0.6055048519,0.5551839289,0.6440674577
276,1.0,0.0,0.0,0.0,1.0,1.0,0.2024457804,0.08383474812,0.5181236528,0.6105267187,0.5723684558,0.607844453
277,1.0,0.0,0.0,0.0,1.0,1.0,0.2138803417,0.1228822733,0.5700000466,0.5981304897,0.636065716,0.6666666667
278,1.0,0.0,0.0,0.0,1.0,1.0,0.2342736541,0.1720353076,0.60491499,0.6048389046,0.6590163417,0.6380948108
279,1.0,0.0,0.0,0.0,1.0,1.0,0.2397250587,0.182007224,0.6631393796,0.5882362488,0.7156550084,0.6578952973
280,1.0,0.0,0.0,0.0,1.0,1.0,0.2260221554,0.1846428043,0.6978798675,0.5624995757,0.7389830222,0.6880718951
281,1.0,0.0,0.0,0.0,1.0,1.0,0.2193466645,0.1836428768,0.69026558,0.5564514437,0.7243814171,0.6923070509
282,1.0,0.0,0.0,0.0,1.0,1.0,0.2121055383,0.1959339339,0.6910016577,0.5519991704,0.7230216246,0.7064213274
283,1.0,0.0,0.0,0.0,1.0,1.0,0.2328794414,0.2579203219,0.6747573489,0.5694454285,0.7132615066,0.6458333647
284,1.0,0.0,0.0,0.0,1.0,1.0,0.2442001875,0.268789395,0.6666666076,0.576157979,0.7045455206,0.6830983306
285,1.0,0.0,0.0,0.0,1.0,1.0,0.2502642153,0.2877772285,0.6655896204,0.5806443114,0.7198442685,0.6689185657
286,1.0,0.7853981853,0.0,0.0,1.0,1.0,0.2656325774,0.312070389,0.6428572568,0.5750003338,0.6979590414,0.6535953917
287,1.0,0.7853981853,0.0,0.0,1.0,1.0,0.270299987,0.3144080307,0.6327212233,0.5802472964,0.6874997548,0.6688736672
288,1.0,0.7853981853,0.0,0.0,1.0,1.0,0.2855547906,0.3310389964,0.6395348505,0.5697675972,0.6919830629,0.6624203398
289,1.0,0.7853981853,0.0,0.0,1.0,1.0,0.2920667061,0.3388665846,0.6435811287,0.5722536259,0.6952789163,0.6645565785
290,1.0,0.7853981853,0.0,0.0,1.0,1.0,0.2944482675,0.346127283,0.6245791522,0.5771425183,0.6883118827,0.6562499603
291,1.0,0.7853981853,0.0,0.0,1.0,1.0,0.289668699,0.3426034661,0.6254236907,0.5672518953,0.672489007,0.6369430649
292,1.0,0.7853981853,0.0,0.0,1.0,1.0,0.2809877777,0.3338657604,0.624579069,0.5748508875,0.6810347449,0.6451614199
293,1.0,0.7853981853,0.0,0.0,1.0,1.0,0.2891786771,0.3374738752,0.6277495996,0.57309912,0.6883116479,0.6474362184
294,1.0,0.7853981853,0.0,0.0,1.0,1.0,0.2879747942,0.3396370097,0.6322033617,0.576470848,0.6839829418,0.6369428867
295,1.0,0.7853981853,0.0,0.0,1.0,1.0,0.2886900447,0.3338656413,0.6250001417,0.5730992669,0.681034383,0.6387101933
296,1.0,0.7853981853,0.0,0.0,1.0,1.0,0.2978135302,0.3439636999,0.6329966927,0.5762708084,0.6926406537,0.6352197395
297,1.0,0.7853981853,0.0,0.0,1.0,1.0,0.3035216638,0.3474455916,0.6291946884,0.5745863445,0.6866954774,0.6604936278
298,1.0,0.7853981853,0.0,0.0,1.0,1.0,0.3023521024,0.3446353308,0.6352940423,0.5722217512,0.6939656245,0.6500004511
299,1.0,0.7853981853,0.0,0.0,1.0,1.0,0.3023521202,0.3504533953,0.6403360796,0.5722227236,0.7012987071,0.6481478661
300,1.0,0.7853981853,0.0,0.0,1.0,1.0,0.2981386579,0.3498046857,0.6355932879,0.5738639767,0.6913045255,0.6459632593
301,1.0,0.7853981853,0.0,0.0,1.0,1.0,0.301016284,0.3498042924,0.6362097983,0.5730329576,0.6913043149,0.6397515923
302,1.0,0.7853981853,0.0,0.0,1.0,1.0,0.2938557121,0.3480961086,0.6328904458,0.5706211899,0.6965811873,0.6503069168
303,1.0,0.7853981853,0.0,0.0,1.0,1.0,0.2755934672,0.3239718167,0.6428571733,0.5843378193,0.7033898268,0.6535949381
304,1.0,0.7853981853,0.0,0.0,1.0,1.0,0.244419607,0.2981167952,0.6164153364,0.5753430502,0.6781113625,0.6906475787
305,1.0,0.7853981853,0.0,0.0,1.0,1.0,0.1978589756,0.2628966725,0.5329949423,0.5641022496,0.5782610593,0.65289301
306,1.0,0.7853981853,0.0,0.0,1.0,1.0,0.1314612066,0.1951700839,0.5092747797,0.5512818466,0.5364805663,0.6373635146
307,1.0,0.7853981853,0.0,0.0,1.0,1.0,0.1584873924,0.216478218,0.457928868,0.6122453784,0.506072689,0.644860381
308,1.0,0.7853981853,0.0,0.0,1.0,1.0,0.2347993984,0.2850121499,0.4204019484,0.5789475962,0.4828897544,0.6466662573
309,1.0,0.0,0.0,0.0,1.0,1.0,0.2692563318,0.3111815036,0.4322679622,0.5932197999,0.4981682499,0.629412439
310,1.0,0.0,0.0,0.0,1.0,1.0,0.2805716661,0.3248185933,0.4324735613,0.5891886427,0.4964284199,0.6153844294
311,1.0,0.0,0.0,0.0,1.0,1.0,0.2840194192,0.3213755842,0.4331797409,0.5891895972,0.5017670023,0.6153840621
312,1.0,0.0,0.0,0.0,1.0,1.0,0.2905532656,0.321126399,0.4383561507,0.5863867696,0.5154638556,0.6149735183
313,1.0,0.0,0.0,0.0,1.0,1.0,0.285334379,0.3118947511,0.4367284835,0.5945946898,0.5172413664,0.6187841921
314,1.0,0.0,0.0,0.0,1.0,1.0,0.2739667172,0.2947507693,0.4578867279,0.5810054362,0.5254238168,0.6264375989
315,1.0,0.0,0.0,0.0,1.0,1.0,0.2782270837,0.3005194357,0.4712286402,0.5865925955,0.5360825324,0.6114286715
316,1.0,0.0,0.0,0.0,1.0,1.0,0.2915038035,0.3144502139,0.4645061985,0.5767195889,0.5306121996,0.6000004709
317,1.0,0.0,0.0,0.0,1.0,1.0,0.2853321141,0.3018790246,0.4555381532,0.5737709544,0.5221841876,0.6045192109
318,1.0,0.0,0.0,0.0,1.0,1.0,0.284894925,0.2994961208,0.4560863136,0.589189732,0.5218854488,0.6123588056
319,1.0,0.0,0.0,0.0,1.0,1.0,0.2822138981,0.2937551128,0.4570982419,0.5856357933,0.527027037,0.6034489265
320,1.0,0.0,0.0,0.0,1.0,1.0,0.2781465526,0.2906542922,0.4591194373,0.5932205039,0.5272110823,0.6081865085
321,1.0,0.0,0.0,0.0,1.0,1.0,0.2846511284,0.2967626984,0.4588608351,0.583333135,0.5324232606,0.6091955721
322,1.0,0.0,0.0,0.0,1.0,1.0,0.2877892117,0.2951370258,0.4647887372,0.5869561641,0.5402684685,0.6022725039
323,1.0,0.0,0.0,0.0,1.0,1.0,0.2640931945,0.2693413119,0.4588606396,0.6167662817,0.5288135222,0.6226419951
324,1.0,0.0,0.0,0.0,1.0,1.0,0.2316371039,0.2291824973,0.5024311726,0.6013978868,0.5758620358,0.6466165778
325,1.0,0.0,0.0,0.0,1.0,1.0,0.2055707249,0.1960036379,0.5117056624,0.5853655155,0.5724383448,0.6396403144
326,1.0,0.0,0.0,0.0,1.0,1.0,0.1558452406,0.1430360204,0.5508474554,0.5652176888,0.5869566704,0.6329120984
327,1.0,0.0,0.0,0.0,1.0,1.0,0.1466756775,0.1438310376,0.5802047751,0.5697659513,0.5977857773,0.6666666667
328,1.0,0.0,0.0,0.0,1.0,1.0,0.18050107,0.1793866235,0.6170569765,0.5555551182,0.6483514645,0.6734701845
329,1.0,0.0,0.0,0.0,1.0,1.0,0.2018740103,0.2146948898,0.6473509972,0.5737706639,0.6851852949,0.6810358469
330,1.0,0.0,0.0,0.0,1.0,1.0,0.2090337704,0.2347175318,0.6421568397,0.5625002085,0.6931816758,0.6854827877
331,1.0,0.7853981853,0.0,0.0,1.0,1.0,0.2266948882,0.2677078309,0.6357615655,0.5620430005,0.6984125508,0.6666666667
332,1.0,0.7853981853,0.0,0.0,1.0,1.0,0.2481947585,0.3031094182,0.6333332331,0.5704701432,0.6926227957,0.6689185891
333,1.0,0.7853981853,0.0,0.0,1.0,1.0,0.2527512667,0.3067394454,0.644628112,0.575163676,0.6991868328,0.6622515638
334,1.0,0.7853981853,0.0,0.0,1.0,1.0,0.2557895013,0.3133838981,0.6440678115,0.5761590316,0.6949153065,0.6824327646
335,1.0,0.7853981853,0.0,0.0,1.0,1.0,0.254464296,0.3120620653,0.626465669,0.5657884505,0.687763929,0.6689184564
336,1.0,0.7853981853,0.0,0.0,1.0,1.0,0.2527899859,0.3125914006,0.6264657709,0.5695365676,0.6851062959,0.6598635379
337,1.0,0.7853981853,0.0,0.0,1.0,1.0,0.2574836013,0.3104648689,0.6389830117,0.5789468621,0.6936173313,0.6780822114
338,1.0,0.7853981853,0.0,0.0,1.0,1.0,0.2452721661,0.300252347,0.6293822854,0.5714287758,0.6932773406,0.6783212772
339,1.0,0.7853981853,0.0,0.0,1.0,1.0,0.2544032367,0.3056144517,0.6429751619,0.5779222043,0.7024793279,0.6621615953
340,1.0,0.7853981853,0.0,0.0,1.0,1.0,0.2420905441,0.3002438155,0.6333878144,0.5810802968,0.695473579,0.6712332699
341,1.0,0.7853981853,0.0,0.0,1.0,1.0,0.2240973742,0.2744369592,0.638297843,0.5474456376,0.7049181744,0.6641793277
342,1.0,0.7853981853,0.0,0.0,1.0,1.0,0.2291404843,0.2762686519,0.6260162953,0.5390069746,0.6910569141,0.6691171182
343,1.0,0.7853981853,0.0,0.0,1.0,1.0,0.1779374582,0.2230157468,0.5856905404,0.523364486,0.623966802,0.675925286
344,1.0,0.7853981853,0.0,0.0,1.0,1.0,0.1788821041,0.2214211714,0.5336616774,0.5412845298,0.5772357123,0.642202051
345,1.0,0.7853981853,0.0,0.0,1.0,1.0,0.165491836,0.2058851469,0.4788961596,0.5588245171,0.5320000479,0.621357609
346,1.0,0.0,0.0,0.0,1.0,1.0,0.1992558517,0.2383286015,0.4303797241,0.619047619,0.4769230577,0.645160333
347,1.0,0.0,0.0,0.0,1.0,1.0,0.2460399997,0.2896933572,0.4128440581,0.602484556,0.4673912401,0.6374999149
348,1.0,0.0,0.0,0.0,1.0,1.0,0.2650959964,0.2998325703,0.391768341,0.6091949443,0.4701755106,0.6315781471
349,1.0,0.0,0.0,0.0,1.0,1.0,0.2776229886,0.3001679565,0.3948948976,0.6162159941,0.479865795,0.6368705457
350,1.0,0.0,0.0,0.0,1.0,1.0,0.2722983953,0.2891362287,0.3926940024,0.6145245964,0.4782610726,0.6300576599
351,1.0,0.0,0.0,0.0,1.0,1.0,0.2802174174,0.2937547143,0.4003116151,0.6166673374,0.4898646789,0.6264369224
352,1.0,0.0,0.0,0.0,1.0,1.0,0.2779696627,0.2927656236,0.4078124917,0.6348309379,0.4983165067,0.6206894027
353,1.0,0.0,0.0,0.0,1.0,1.0,0.2904629074,0.3068755356,0.4093750509,0.6129033355,0.5067115505,0.6065573204
354,1.0,0.0,0.0,0.0,1.0,1.0,0.2734176764,0.2822347012,0.3539412337,0.6327680954,0.4451826995,0.6176470588
355,1.0,0.0,0.0,0.0,1.0,1.0,0.2864541525,0.2944482282,0.3165354056,0.6263739923,0.4141415065,0.5999995223
356,1.0,0.0,0.0,0.0,1.0,1.0,0.3062052983,0.317855449,0.3203732178,0.6091372559,0.429508199,0.5979385455
357,1.0,0.0,0.0,0.0,1.0,1.0,0.3182932998,0.3162169548,0.3216561383,0.6049996117,0.4360654149,0.5958554249
358,1.0,0.0,0.0,0.0,1.0,1.0,0.3032562625,0.296501052,0.3164762979,0.612903897,0.4333335709,0.5955053094
359,1.0,0.0,0.0,0.0,1.0,1.0,0.31039568,0.3031093441,0.2991870595,0.60732999,0.422950845,0.583783558
360,1.0,0.0,0.0,0.0,1.0,1.0,0.3260475877,0.3189006488,0.2950819989,0.6030150375,0.421052576,0.582474574
361,1.0,0.0,0.0,0.0,1.0,1.0,0.3353391677,0.3197570542,0.2960527088,0.6176463828,0.4276526143,0.5979893521
362,1.0,0.0,0.0,0.0,1.0,1.0,0.3494317815,0.3245776959,0.2957746377,0.6161136509,0.4308682451,0.5891093391
363,1.0,0.0,0.0,0.0,1.0,1.0,0.3477757127,0.3182935918,0.295774574,0.6238092019,0.4299363589,0.6000002184
364,1.0,0.0,0.0,0.0,1.0,1.0,0.3500961365,0.318869415,0.297748171,0.6142854287,0.4317460162,0.5920402275
365,1.0,0.0,0.0,0.0,1.0,1.0,0.3588601472,0.3236286191,0.2936241991,0.6168226793,0.4253967513,0.598039089
366,1.0,0.0,0.0,0.0,1.0,1.0,0.3626665809,0.3278422386,0.2945147272,0.6139527964,0.4235668557,0.5970875645
367,1.0,0.0,0.0,0.0,1.0,1.0,0.3471833821,0.3098920101,0.2708513729,0.6188116521,0.4058440986,0.60209377
368,1.0,0.0,0.0,0.0,1.0,1.0,0.3567605916,0.3197571834,0.2690009645,0.61722535,0.3987139639,0.6030152297
369,1.0,0.0,0.0,0.0,1.0,1.0,0.3499326026,0.3101162285,0.2690009143,0.6146343796,0.4019290545,0.6010367373
370,1.0,0.0,0.0,0.0,1.0,1.0,0.3525429846,0.3133298333,0.2705478843,0.6213597933,0.4019292462,0.5999993472
371,1.0,0.0,0.0,0.0,1.0,1.0,0.3550533447,0.3169748774,0.2672928949,0.6201928056,0.4012943093,0.602040771
372,1.0,0.0,0.0,0.0,1.0,1.0,0.3566400924,0.3133300591,0.2693289405,0.6142857591,0.4019290925,0.5999997748
373,1.0,0.0,0.0,0.0,1.0,1.0,0.3597311198,0.3171306324,0.2699490447,0.6132077305,0.4038462541,0.5959593525
374,1.0,0.0,0.0,0.0,1.0,1.0,0.3515455388,0.3113279515,0.2693287819,0.6135268456,0.4025558197,0.6
375,1.0,0.0,0.0,0.0,1.0,1.0,0.3406014872,0.2969121115,0.263339145,0.631313527,0.3961037856,0.6120216296
376,1.0,0.0,0.0,0.0,1.0,1.0,0.3374739709,0.2887995062,0.2640692999,0.6256413112,0.396103983,0.6123597013
377,1.0,0.0,0.0,0.0,1.0,1.0,0.336019108,0.2929962057,0.272413685,0.6256411861,0.407166185,0.6055552462
378,1.0,0.0,0.0,0.0,1.0,1.0,0.3451063296,0.3103361326,0.3658120495,0.6089108376,0.4840766035,0.594871726
379,1.0,0.0,0.0,0.0,1.0,1.0,0.3314296853,0.2954324574,0.4484536236,0.6217623119,0.5597484879,0.5904254827
380,1.0,0.0,0.0,0.0,1.0,1.0,0.3325759099,0.2973418278,0.4871354081,0.6237104233,0.5919000923,0.5916230247
381,1.0,0.0,0.0,0.0,1.0,1.0,0.3286302357,0.2998325131,0.4779660201,0.6288656274,0.5874998749,0.5833334261
382,1.0,0.0,0.0,0.0,1.0,1.0,0.3231528118,0.2964182228,0.4750001038,0.6340206646,0.5869564779,0.5863869773
383,1.0,0.0,0.0,0.0,1.0,1.0,0.3342450086,0.3078778549,0.4827018023,0.6108371173,0.5975232673,0.5829142666
384,1.0,0.0,0.0,0.0,1.0,1.0,0.3380950085,0.3168578957,0.4867986261,0.6048782405,0.5930598037,0.5820887276
385,1.0,0.0,0.0,0.0,1.0,1.0,0.3304211496,0.318869333,0.4909983398,0.6039610626,0.5968254349,0.5870647942
386,1.0,0.0,0.0,0.0,1.0,1.0,0.3271493501,0.3155288908,0.4975450323,0.6150001739,0.5993590144,0.5939083904
387,1.0,0.0,0.0,0.0,1.0,1.0,0.3136459389,0.3159525805,0.4959349139,0.6165802437,0.603225775,0.5918363436
388,1.0,0.0,0.0,0.0,1.0,1.0,0.3165729077,0.3160487122,0.4925373724,0.6125656325,0.5960264537,0.5916229117
389,1.0,0.0,0.0,0.0,1.0,1.0,0.295516103,0.3035216252,0.4900332655,0.6179767855,0.5939596169,0.602209855
390,1.0,0.0,0.0,0.0,1.0,1.0,0.289788677,0.292478952,0.4925864501,0.6193183787,0.5919731524,0.6057136333
391,1.0,0.0,0.0,0.0,1.0,1.0,0.3009777395,0.3091918733,0.4779050965,0.6195650073,0.5785953072,0.6054053626
392,1.0,0.0,0.0,0.0,1.0,1.0,0.3075204493,0.3164898505,0.4746317409,0.6170210605,0.5733332297,0.6052637457
393,1.0,0.0,0.0,0.0,1.0,1.0,0.3045299243,0.3148240701,0.4764991735,0.6170214655,0.5766665531,0.608465258
394,1.0,0.0,0.0,0.0,1.0,1.0,0.2958349644,0.3081614972,0.478399938,0.6162157541,0.5733335113,0.6162157541
395,1.0,0.0,0.0,0.0,1.0,1.0,0.2901603007,0.3028609893,0.4709677627,0.6222223779,0.5589227685,0.627778206
396,1.0,0.0,0.0,0.0,1.0,1.0,0.2915037145,0.3008350813,0.467948751,0.6098903522,0.5585284127,0.6277782537
397,1.0,0.0,0.0,0.0,1.0,1.0,0.2938585364,0.3032204734,0.4620355581,0.6098898149,0.5559323777,0.6312857468
398,1.0,0.0,0.0,0.0,1.0,1.0,0.2857830668,0.2984911687,0.4632587763,0.6089384557,0.5604027307,0.6348312883
399,1.0,0.0,0.0,0.0,1.0,1.0,0.2857829435,0.2978136666,0.4712459417,0.6033526427,0.5656565336,0.6271192266
400,1.0,0.0,0.0,0.0,1.0,1.0,0.2920957393,0.3038171618,0.4660348077,0.6054059651,0.5581393788,0.6284156501
401,1.0,0.0,0.0,0.0,1.0,1.0,0.2775335657,0.2886900239,0.4670947697,0.6127162899,0.5641890952,0.6491223734
402,1.0,0.0,0.0,0.0,1.0,1.0,0.2320132532,0.2404157046,0.4642856717,0.6153841637,0.556701239,0.642857357
403,1.0,0.0,0.0,0.0,1.0,1.0,0.1242918189,0.1527922422,0.4872231277,0.534246615,0.5179854776,0.4705869193
404,1.0,0.0,0.0,0.0,1.0,1.0,0.1100932036,0.1610822374,0.466437105,0.5312508291,0.5091576714,0.5227278209
405,1.0,0.0,0.0,0.0,1.0,1.0,0.2058160092,0.2012767812,0.4810542807,0.6000003329,0.5555553951,0.6465514613
406,1.0,0.0,0.0,0.0,1.0,1.0,0.2458173361,0.2439314839,0.4741099416,0.6118421877,0.5694915692,0.6597226609
407,1.0,0.0,0.0,0.0,1.0,1.0,0.2727207456,0.2742575394,0.4670947116,0.6117653106,0.5656567576,0.6380360398
408,1.0,0.0,0.0,0.0,1.0,1.0,0.2610721169,0.2736563824,0.4711538801,0.6319019668,0.5680274232,0.6397522894
409,1.0,0.0,0.0,0.0,1.0,1.0,0.267064263,0.261922552,0.5508197254,0.5889567444,0.6310342153,0.6381583595
410,1.0,0.0,0.0,0.0,1.0,1.0,0.2452411523,0.2295539229,0.6168067088,0.5890410371,0.6855125161,0.684615397
411,1.0,0.0,0.0,0.0,1.0,1.0,0.2464609654,0.2240740042,0.6581633519,0.5793100479,0.7081850415,0.6984131702
412,1.0,0.0,0.0,0.0,1.0,1.0,0.2397988686,0.2328449292,0.6493288705,0.5664339238,0.6953402592,0.6846156935
413,1.0,0.0,0.0,0.0,1.0,1.0,0.2401256448,0.2525281952,0.62662326,0.5810803605,0.6797154159,0.6760558303
414,1.0,0.0,0.0,0.0,1.0,1.0,0.2332570783,0.2462657151,0.6304700148,0.5624996275,0.6762588652,0.6788321397
415,1.0,0.0,0.0,0.0,1.0,1.0,0.239280164,0.2608036379,0.6351791049,0.5714277402,0.686131532,0.6783216992
416,1.0,0.0,0.0,0.0,1.0,1.0,0.2401887544,0.2680984465,0.6387097234,0.5771811497,0.6897813035,0.6734693278
417,1.0,0.0,0.0,0.0,1.0,1.0,0.2278020614,0.2617583962,0.6340288137,0.5774638702,0.6886448446,0.678321752
418,1.0,0.0,0.0,0.0,1.0,1.0,0.220844416,0.2591144258,0.630645155,0.5766419232,0.6851850672,0.6785720321
419,1.0,0.0,0.0,0.0,1.0,1.0,0.2276596943,0.2693665452,0.6219709843,0.581560197,0.6877323405,0.6620698978
420,1.0,0.0,0.0,0.0,1.0,1.0,0.2172698167,0.2563623146,0.6215781136,0.5777774946,0.6840148268,0.6811587655
421,1.0,0.0,0.0,0.0,1.0,1.0,0.2272926998,0.2693664263,0.6209676478,0.5957450398,0.6840149953,0.6551728766
422,1.0,0.0,0.0,0.0,1.0,1.0,0.2327248139,0.272910413,0.623604526,0.6027402112,0.6826568134,0.6689195582
423,1.0,0.0,0.0,0.0,1.0,1.0,0.2247548636,0.2710664798,0.6188196619,0.5957447792,0.6789667601,0.673468242
424,1.0,0.0,0.0,0.0,1.0,1.0,0.2162253694,0.254470265,0.6266025476,0.5999996771,0.6863470607,0.681158619
425,1.0,0.0,0.0,0.0,1.0,1.0,0.218879441,0.2572092122,0.6344606125,0.580882808,0.6875001734,0.6642857693
426,1.0,0.0,0.0,0.0,1.0,1.0,0.2219210214,0.2654194174,0.6277955685,0.6043165692,0.6849817679,0.6758624612
427,1.0,0.0,0.0,0.0,1.0,1.0,0.2245937172,0.2627210111,0.6308187398,0.6000006178,0.6838235908,0.664336119
428,1.0,0.0,0.0,0.0,1.0,1.0,0.2258351533,0.2645583611,0.6266025451,0.5886533956,0.6801471713,0.6666671671
429,1.0,0.0,0.0,0.0,1.0,1.0,0.2290388018,0.270069551,0.6346153282,0.594404603,0.6838234682,0.6734698668
430,1.0,0.0,0.0,0.0,1.0,1.0,0.2219206366,0.2672497672,0.5670926812,0.6115102424,0.6227108702,0.6575351621
431,1.0,0.0,0.0,0.0,1.0,1.0,0.1788638001,0.2198769031,0.481946553,0.6315789474,0.5418181564,0.6446282889
432,1.0,0.0,0.0,0.0,1.0,1.0,0.1883930825,0.2297987612,0.4568690029,0.6355932515,0.5255475723,0.6349219468
433,1.0,0.0,0.0,0.0,1.0,1.0,0.2293021215,0.2631980761,0.460443037,0.6275870145,0.5338076087,0.6418920112
434,1.0,0.0,0.0,0.0,1.0,1.0,0.2494655389,0.2760697775,0.4723539031,0.6265824245,0.5489508825,0.6455699639
435,1.0,0.0,0.0,0.0,1.0,1.0,0.2721486305,0.2909334138,0.4538341567,0.5977010923,0.5445205074,0.6411762462
436,1.0,0.0,0.0,0.0,1.0,1.0,0.2812894306,0.2913627075,0.4591195844,0.6145260481,0.5525423947,0.6395345415
437,1.0,0.0,0.0,0.0,1.0,1.0,0.2830697182,0.2974530449,0.4541138728,0.6145255657,0.5544217144,0.6285716375
438,1.0,0.0,0.0,0.0,1.0,1.0,0.2821390806,0.2984681087,0.4545453933,0.6101691067,0.5460750472,0.6171426154
439,1.0,0.0,0.0,0.0,1.0,1.0,0.2966598964,0.3161503852,0.4539682362,0.6096260418,0.5476192555,0.6075274261
440,1.0,0.0,0.0,0.0,1.0,1.0,0.2971313887,0.3190785917,0.4642289367,0.6096250153,0.5574323302,0.6137559325
441,1.0,0.0,0.0,0.0,1.0,1.0,0.2934869797,0.3150784251,0.4634920977,0.6054053804,0.555932088,0.6129034852
442,1.0,0.0,0.0,0.0,1.0,1.0,0.3042464166,0.3158774417,0.4589904832,0.6010369859,0.5585283469,0.6084653515
443,1.0,0.0,0.0,0.0,1.0,1.0,0.3010936567,0.3114926901,0.4605677454,0.6020947805,0.5533333286,0.6096258582
444,1.0,0.0,0.0,0.0,1.0,1.0,0.2977737202,0.3112739364,0.4500792242,0.6117020614,0.5521883773,0.6216222127
445,1.0,0.0,0.0,0.0,1.0,1.0,0.2982461529,0.3098269963,0.4523809404,0.611702882,0.5566667983,0.6129028588
446,1.0,0.0,0.0,0.0,1.0,1.0,0.2947073534,0.3008355106,0.4535255981,0.6195648545,0.5585282268,0.6277781831
447,1.0,0.0,0.0,0.0,1.0,1.0,0.2848728934,0.2898380885,0.4378981183,0.6256990515,0.5433331098,0.6264370616
448,1.0,0.0,0.0,0.0,1.0,1.0,0.2668335966,0.2708922173,0.3665086092,0.6272188452,0.4612794782,0.6211184984
449,1.0,0.0,0.0,0.0,1.0,1.0,0.2671616894,0.2696086307,0.3140096372,0.6144580306,0.4192438379,0.598725849
450,1.0,0.0,0.0,0.0,1.0,1.0,0.2806876917,0.2770559986,0.3165584447,0.6127170062,0.4217686402,0.6073618145
451,1.0,0.0,0.0,0.0,1.0,1.0,0.2892692307,0.2937546095,0.3252032555,0.6179775682,0.4358108579,0.5919536527
452,1.0,0.0,0.0,0.0,1.0,1.0,0.2806874557,0.282234561,0.3311688221,0.630058461,0.4451828471,0.5941171382
453,1.0,0.0,0.0,0.0,1.0,1.0,0.2885655683,0.2850866368,0.3300891758,0.6292131511,0.4491805799,0.5862067715
454,1.0,0.0,0.0,0.0,1.0,1.0,0.2688267749,0.2556330261,0.2986798541,0.631901691,0.4092408649,0.5870968264
455,1.0,0.0,0.0,0.0,1.0,1.0,0.2397991399,0.2220982947,0.2533557093,0.6503497329,0.3535353715,0.5909082191
456,1.0,0.0,0.0,0.0,1.0,1.0,0.252384373,0.2306404481,0.2373738122,0.6533326168,0.3444814986,0.5869565886
457,1.0,0.0,0.0,0.0,1.0,1.0,0.2708607708,0.2415315289,0.2298456402,0.6518989627,0.3466666995,0.5793108876
458,1.0,0.0,0.0,0.0,1.0,1.0,0.2835668594,0.2473866691,0.2254135259,0.6503067809,0.3465343857,0.5866658229
459,1.0,0.0,0.0,0.0,1.0,1.0,0.2611970968,0.2163221695,0.1996370699,0.6666666667,0.3154363808,0.6201542955
460,1.0,0.0,0.0,0.0,1.0,1.0,0.2737683491,0.2248744148,0.2082550997,0.6780808601,0.3266668622,0.6148146215
461,1.0,0.0,0.0,0.0,1.0,1.0,0.3032657075,0.2449291087,0.2175572716,0.6792442236,0.3322369398,0.6241618127
462,1.0,0.0,0.0,0.0,1.0,1.0,0.3200570342,0.2465942805,0.2023575231,0.6748469419,0.3137253592,0.615894087
463,1.0,0.0,0.0,0.0,1.0,1.0,0.3422610662,0.2506744891,0.204660666,0.6568045456,0.3061889525,0.6168831256
464,1.0,-0.7853981853,0.0,0.0,1.0,1.0,0.3485233704,0.2571853605,0.1938460799,0.6529416852,0.2964171024,0.6139241461
465,1.0,-0.7853981853,0.0,0.0,1.0,1.0,0.3463916805,0.2586977764,0.1906217849,0.6705876483,0.2958199722,0.6273293951
466,1.0,-0.7853981853,0.0,0.0,1.0,1.0,0.340974183,0.2547278015,0.1818182279,0.6706589601,0.288960925,0.6305726125
467,1.0,-0.7853981853,0.0,0.0,1.0,1.0,0.3409740939,0.2563502573,0.1889683417,0.6706588378,0.2922077618,0.6329113759
468,1.0,-0.7853981853,0.0,0.0,1.0,1.0,0.3486184069,0.2547281709,0.1919504589,0.6568055246,0.2954545231,0.6305733711
469,1.0,-0.7853981853,0.0,0.0,1.0,1.0,0.3470992239,0.2555949136,0.1910112668,0.6647065029,0.2950820261,0.6153838294
470,1.0,-0.7853981853,0.0,0.0,1.0,1.0,0.3470991755,0.2506744856,0.1981613677,0.6588242846,0.2964167814,0.6233765397
471,1.0,-0.7853981853,0.0,0.0,1.0,1.0,0.3304277787,0.2449287853,0.1959183066,0.660493302,0.2960528661,0.6174493541
472,1.0,-0.7853981853,0.0,0.0,1.0,1.0,0.3311401634,0.2506745374,0.2038152629,0.6666670735,0.3061890265,0.6168835245
473,1.0,0.0,0.0,0.0,1.0,1.0,0.3284737756,0.2457909143,0.1893787581,0.6646347424,0.2964168843,0.6225169479
474,1.0,0.0,0.0,0.0,1.0,1.0,0.3295082298,0.2401885012,0.1946374375,0.6506013385,0.2967743933,0.6174494368
475,1.0,0.0,0.0,0.0,1.0,1.0,0.333476337,0.2563084564,0.2033563849,0.6568040423,0.3000001624,0.6037742066
476,1.0,0.0,0.0,0.0,1.0,1.0,0.3217047821,0.242629753,0.2051030825,0.6646344367,0.3022505794,0.6026483656
477,1.0,0.0,0.0,0.0,1.0,1.0,0.3220206527,0.2433705788,0.1984282711,0.6707311324,0.3019482084,0.6266664316
478,1.0,0.0,0.0,0.0,1.0,1.0,0.3063123171,0.2261033036,0.1964635214,0.6730765,0.301639226,0.6449284798
479,1.0,0.0,0.0,0.0,1.0,1.0,0.2827499522,0.201500219,0.2770138242,0.6527777187,0.3903226656,0.616001072
480,1.0,0.0,0.0,0.0,1.0,1.0,0.2412442761,0.1343514076,0.3549695455,0.6386556208,0.4590166348,0.6585354921
481,1.0,0.0,0.0,0.0,1.0,1.0,0.2139479616,0.1059013408,0.4128438917,0.6476197419,0.4966888823,0.6562511111
482,1.0,0.0,0.0,0.0,1.0,1.0,0.2547597904,0.1698079756,0.4686274011,0.6384604655,0.5631068349,0.62857255
483,1.0,0.0,0.0,0.0,1.0,1.0,0.3009682584,0.2267104448,0.5,0.6352198558,0.6038340832,0.6197188843
484,1.0,0.0,0.0,0.0,1.0,1.0,0.308539773,0.2571852734,0.5037878758,0.6319026101,0.5993483649,0.5886081717
485,1.0,0.0,0.0,0.0,1.0,1.0,0.3283364468,0.2887279426,0.5000000958,0.6263740883,0.596825293,0.5989009642
486,1.0,0.0,0.0,0.0,1.0,1.0,0.3122163757,0.2832814411,0.4921466665,0.6312844737,0.598726278,0.595505618
487,1.0,0.0,0.0,0.0,1.0,1.0,0.3124337284,0.2899023817,0.4801381207,0.6187844206,0.5833335028,0.5966851023
488,1.0,0.0,0.0,0.0,1.0,1.0,0.3046874165,0.291503898,0.4773868893,0.6263735387,0.5897437858,0.6043957798
489,1.0,0.0,0.0,0.0,1.0,1.0,0.2893559575,0.2799739314,0.4725458516,0.6264376829,0.5765472445,0.6220927134
490,1.0,0.0,0.0,0.0,1.0,1.0,0.2926815785,0.2921957186,0.4725457899,0.619319015,0.5714285225,0.6136365769
491,1.0,0.0,0.0,0.0,1.0,1.0,0.2951042849,0.2978468425,0.4828712088,0.6243101114,0.5794701687,0.6222217548
492,1.0,0.0,0.0,0.0,1.0,1.0,0.3137407282,0.3187588843,0.4692556144,0.5979382898,0.5714286214,0.6145829677
493,1.0,0.0,0.0,0.0,1.0,1.0,0.3046683693,0.3114926156,0.4677420348,0.5978841019,0.5633332578,0.614973274
494,1.0,0.0,0.0,0.0,1.0,1.0,0.3048054706,0.3163218574,0.4703050115,0.6105269829,0.5656566398,0.6329792756
495,1.0,0.0,0.0,0.0,1.0,1.0,0.3024201857,0.3159748552,0.4563106585,0.6149730905,0.5463917819,0.6304346604
496,1.0,0.0,0.0,0.0,1.0,1.0,0.2974340469,0.3097585066,0.4559999496,0.6075268637,0.5547943893,0.6408840285
497,1.0,0.0,0.0,0.0,1.0,1.0,0.2960133018,0.3097587116,0.453821685,0.6182796246,0.5445206441,0.6464095009
498,1.0,0.0,0.0,0.0,1.0,1.0,0.3015695028,0.326872385,0.4581358811,0.607329575,0.5513699666,0.6387428171
499,1.0,0.0,0.0,0.0,1.0,1.0,0.3007875965,0.3189346933,0.4538215849,0.613755838,0.5460750348,0.6417115929
500,1.0,0.0,0.0,0.0,1.0,1.0,0.302379104,0.3138179045,0.45222931,0.6210519601,0.54266229,0.6413042984
501,1.0,0.0,0.0,0.0,1.0,1.0,0.3093510078,0.3201599206,0.4507937172,0.6153846973,0.5457626928,0.6402118554
502,1.0,0.0,0.0,0.0,1.0,1.0,0.3043172852,0.3189346332,0.4599359687,0.6157898599,0.5631400517,0.6310157988
503,1.0,0.0,0.0,0.0,1.0,1.0,0.3012670624,0.3155233746,0.4545455294,0.6190477232,0.5529010263,0.6324322996
504,1.0,0.0,0.0,0.0,1.0,1.0,0.3033450531,0.3189346783,0.4584664711,0.6263153287,0.5563140735,0.6417109341
505,1.0,0.0,0.0,0.0,1.0,1.0,0.2969587312,0.3121124162,0.4520766254,0.6344086981,0.5529011024,0.6502734657
506,1.0,0.0,0.0,0.0,1.0,1.0,0.2846409868,0.3039541538,0.4576000098,0.6348320649,0.5498283125,0.6440673184
507,1.0,0.0,0.0,0.0,1.0,1.0,0.3003089458,0.3178494976,0.4562798328,0.6296299543,0.5510203866,0.6310163033
508,1.0,0.0,0.0,0.0,1.0,1.0,0.3012445856,0.31861382,0.450549537,0.6250002721,0.5503356057,0.6315794683
509,1.0,0.0,0.0,0.0,1.0,1.0,0.3015424244,0.3214872046,0.4510109426,0.6340204596,0.5566664582,0.6269426563
510,1.0,0.0,0.0,0.0,1.0,1.0,0.3047831762,0.323739447,0.4489164198,0.6243651723,0.5481726935,0.6256412032
511,1.0,0.0,0.0,0.0,1.0,1.0,0.3010743683,0.3231527101,0.451863376,0.6288657441,0.5499998069,0.623711553
512,1.0,0.0,0.0,0.0,1.0,1.0,0.3038428209,0.3243223016,0.4475309243,0.6192890487,0.5496690073,0.6224488488
513,1.0,0.0,0.0,0.0,1.0,1.0,0.2990579126,0.3214872249,0.44496129,0.621761501,0.5466666249,0.616580552
514,1.0,0.0,0.0,0.0,1.0,1.0,0.2970477718,0.3170985992,0.4334365428,0.6302076683,0.5315613543,0.6230362989
515,1.0,0.0,0.0,0.0,1.0,1.0,0.3059515586,0.3253220095,0.4348509665,0.620512886,0.5369126091,0.6185560169
516,1.0,0.0,0.0,0.0,1.0,1.0,0.3059518114,0.3253215289,0.4379905539,0.6205126696,0.5369127876,0.6185572206
517,1.0,0.0,0.0,0.0,1.0,1.0,0.300146864,0.3175483922,0.4355345575,0.6282726594,0.5317726772,0.6210530498
518,1.0,0.0,0.0,0.0,1.0,1.0,0.2993572887,0.3152603665,0.4326465982,0.6349206001,0.5335568578,0.6223405018
519,1.0,0.0,0.0,0.0,1.0,1.0,0.3066821359,0.3259770644,0.4345794613,0.6243649751,0.5364237516,0.6142134893
520,1.0,0.0,0.0,0.0,1.0,1.0,0.2982710829,0.3192195002,0.4375000453,0.6125649473,0.5384613793,0.6073298486
521,1.0,0.0,0.0,0.0,1.0,1.0,0.2880279598,0.3064955447,0.4488190084,0.6229503915,0.5499999827,0.6358698046
522,1.0,0.0,0.0,0.0,1.0,1.0,0.2839683933,0.299832347,0.4555556232,0.6312847802,0.5566665987,0.6388886968
523,1.0,0.0,0.0,0.0,1.0,1.0,0.2923645834,0.3025064938,0.4515102979,0.6249998578,0.5551840495,0.6187853101
524,1.0,0.0,0.0,0.0,1.0,1.0,0.2934868616,0.3021566386,0.4539681338,0.6324316803,0.5581395995,0.6263738538
525,1.0,0.0,0.0,0.0,1.0,1.0,0.2957209577,0.3087976908,0.4525317007,0.6310158062,0.5548172632,0.6236556271
526,1.0,0.0,0.0,0.0,1.0,1.0,0.2976392976,0.3041066674,0.4592477521,0.626315801,0.5625001072,0.6216220178
527,1.0,0.0,0.0,0.0,1.0,1.0,0.3026258873,0.3109014883,0.4580745866,0.6307694466,0.5602604993,0.617800401
528,1.0,0.0,0.0,0.0,1.0,1.0,0.3046510499,0.314157163,0.4587869688,0.6275508412,0.5602605177,0.6165799973
529,1.0,0.0,0.0,0.0,1.0,1.0,0.2806544569,0.2916406433,0.4524181705,0.6333340691,0.5606555872,0.629213338
530,1.0,0.0,0.0,0.0,1.0,1.0,0.2844448669,0.2955863817,0.4572317041,0.617486689,0.5620914876,0.6243094498
531,1.0,0.0,0.0,0.0,1.0,1.0,0.2831235882,0.2978793135,0.4520124365,0.6284148468,0.5537458041,0.6284148468
532,1.0,0.0,0.0,0.0,1.0,1.0,0.2884192035,0.3001571056,0.4583333604,0.6203204343,0.558441687,0.6216217446
533,1.0,0.0,0.0,0.0,1.0,1.0,0.2857756583,0.2969121132,0.4497682066,0.6216215599,0.5519479407,0.6338793146
534,1.0,0.0,0.0,0.0,1.0,1.0,0.2915041226,0.3060181347,0.4552469528,0.613756975,0.5537457893,0.6223411556
535,1.0,0.0,0.0,0.0,1.0,1.0,0.284003018,0.2975312926,0.4611801289,0.6120225619,0.5624999784,0.6298338237
536,1.0,0.0,0.0,0.0,1.0,1.0,0.2983642151,0.3145786407,0.4508893391,0.6165803783,0.5540985191,0.6302080836
537,1.0,0.0,0.0,0.0,1.0,1.0,0.2975081987,0.3106817924,0.4527130977,0.6197911355,0.5559208668,0.6190474616
538,1.0,0.0,0.0,0.0,1.0,1.0,0.2665179414,0.2690805701,0.506349192,0.6190473247,0.5919730189,0.6521746984
539,1.0,0.0,0.0,0.0,1.0,1.0,0.2556325329,0.2567532189,0.5874587254,0.6,0.6551725467,0.6510070229
540,1.0,0.0,0.0,0.0,1.0,1.0,0.229601327,0.2285956197,0.6368243401,0.5735295215,0.6843970496,0.6744190072
541,1.0,0.0,0.0,0.0,1.0,1.0,0.2460936999,0.2480757469,0.6482412086,0.5850348368,0.6892854901,0.7050359077
542,1.0,0.0,0.0,0.0,1.0,1.0,0.2430205027,0.2649765307,0.6231883666,0.5960258083,0.6725976454,0.6577186223
543,1.0,0.0,0.0,0.0,1.0,1.0,0.2474346014,0.2832353132,0.622977386,0.5816986461,0.6714804031,0.6560508701
544,1.0,0.0,0.0,0.0,1.0,1.0,0.2498602789,0.2884418697,0.6363635439,0.6168826589,0.6838234532,0.6624205008
545,1.0,0.0,0.0,0.0,1.0,1.0,0.242976156,0.285554562,0.6369530728,0.5866670173,0.6917292353,0.6578944134
546,1.0,0.0,0.0,0.0,1.0,1.0,0.2406948013,0.2823700856,0.6395534841,0.6092719032,0.6951670798,0.6710522002
547,1.0,0.0,0.0,0.0,1.0,1.0,0.2416234001,0.2924292266,0.6326531153,0.6038962108,0.6925925318,0.6772154861
548,1.0,0.0,0.0,0.0,1.0,1.0,0.2392363748,0.289801261,0.6346456883,0.6052631579,0.7026021784,0.6730766839
549,1.0,0.7853981853,0.0,0.0,1.0,1.0,0.2343191166,0.2815591195,0.6363636055,0.5918371193,0.6940298181,0.6556291017
550,1.0,0.7853981853,0.0,0.0,1.0,1.0,0.2419030569,0.2941752733,0.6321656508,0.6118425085,0.690565862,0.6794868412
551,1.0,0.7853981853,0.0,0.0,1.0,1.0,0.242629529,0.2896112098,0.6414790728,0.6026493056,0.7045453629,0.660130455
552,1.0,0.7853981853,0.0,0.0,1.0,1.0,0.2458435098,0.2971825552,0.6414790791,0.5882353742,0.7083335468,0.6624215394
553,1.0,0.7853981853,0.0,0.0,1.0,1.0,0.2453912618,0.2921445996,0.6390244656,0.5894046058,0.7000002008,0.6644738741
554,1.0,0.7853981853,0.0,0.0,1.0,1.0,0.2466155147,0.2910251986,0.6363637134,0.5855257644,0.6973181195,0.6776319134
555,1.0,0.7853981853,0.0,0.0,1.0,1.0,0.2409078094,0.2883005071,0.63843645,0.5743250548,0.7038462052,0.6533332398
556,1.0,0.7853981853,0.0,0.0,1.0,1.0,0.2418005172,0.2918214737,0.6322580394,0.573333085,0.6984733904,0.6535945876
557,1.0,0.7853981853,0.0,0.0,1.0,1.0,0.2357326624,0.286099821,0.6316638998,0.5890410959,0.6946564486,0.6600007041
558,1.0,0.7853981853,0.0,0.0,1.0,1.0,0.2102389208,0.2574898306,0.6310679028,0.5769230769,0.6946565597,0.666666142
559,1.0,0.0,0.0,0.0,1.0,1.0,0.1966899973,0.2348312541,0.5583999507,0.5772347879,0.6015037834,0.6480003404
560,1.0,0.0,0.0,0.0,1.0,1.0,0.1703227949,0.2048666322,0.488745929,0.6037738803,0.5287353263,0.635514218
561,1.0,0.0,0.0,0.0,1.0,1.0,0.1945114736,0.2368081124,0.447784849,0.6016263379,0.4925372487,0.6220479132
562,1.0,0.0,0.0,0.0,1.0,1.0,0.2257306287,0.2697769867,0.4361369558,0.6206889958,0.5036233045,0.6174504426
563,1.0,0.0,0.0,0.0,1.0,1.0,0.2517912346,0.2895907835,0.4327666469,0.6134975816,0.5123677024,0.6341462781
564,1.0,0.0,0.0,0.0,1.0,1.0,0.2655005338,0.2988025131,0.4229007433,0.6264375418,0.5051544869,0.6379309066
565,1.0,0.0,0.0,0.0,1.0,1.0,0.2838111179,0.3133842707,0.4274809648,0.6290323316,0.522033807,0.6324328105
566,1.0,0.0,0.0,0.0,1.0,1.0,0.2948662884,0.3146391153,0.4332298298,0.6210525379,0.528619464,0.6256679233
567,1.0,0.0,0.0,0.0,1.0,1.0,0.2862250692,0.3038843203,0.4397496334,0.622951123,0.537162173,0.6333335685
568,1.0,0.0,0.0,0.0,1.0,1.0,0.2922897842,0.3062263067,0.4418238858,0.6344087619,0.5454545455,0.6318679394
569,1.0,0.0,0.0,0.0,1.0,1.0,0.2844324751,0.3018445979,0.443396126,0.6187849087,0.5469796731,0.611110787
570,1.0,0.0,0.0,0.0,1.0,1.0,0.2954326317,0.3135834701,0.4449686617,0.6276597413,0.5436241042,0.6203213373
571,1.0,0.0,0.0,0.0,1.0,1.0,0.2891466854,0.3014982236,0.4433962116,0.6304352789,0.5433333858,0.635358866
572,1.0,0.0,0.0,0.0,1.0,1.0,0.2884823784,0.297176013,0.4384857737,0.6284154195,0.5415284219,0.6201116468
573,1.0,0.0,0.0,0.0,1.0,1.0,0.2898540737,0.3001681537,0.4564183895,0.6284153254,0.5570471134,0.6256986489
574,1.0,0.0,0.0,0.0,1.0,1.0,0.291114764,0.3051101605,0.4532709995,0.6256681136,0.5610560372,0.6216211931
575,1.0,0.0,0.0,0.0,1.0,1.0,0.2884503533,0.2975314476,0.4477379498,0.6216219334,0.5526313297,0.6298341564
576,1.0,0.0,0.0,0.0,1.0,1.0,0.2893535636,0.3028110864,0.4491393376,0.6270272649,0.5529799387,0.6284150702
577,1.0,0.0,0.0,0.0,1.0,1.0,0.2893533536,0.2975314083,0.4491392905,0.6270276126,0.5559208644,0.6243097271
578,1.0,0.0,0.0,0.0,1.0,1.0,0.2884503775,0.293565439,0.4773790901,0.6270270026,0.5808581462,0.6292132851
579,1.0,0.0,0.0,0.0,1.0,1.0,0.2943238756,0.3011565144,0.4724410365,0.6310158374,0.5794700424,0.6318686038
580,1.0,0.0,0.0,0.0,1.0,1.0,0.2929400918,0.3001624501,0.4717867224,0.6310152747,0.5775576553,0.6208792602
581,1.0,0.0,0.0,0.0,1.0,1.0,0.3001468158,0.3154383832,0.46383654,0.6282727481,0.5681062332,0.6052630703
582,1.0,0.0,0.0,0.0,1.0,1.0,0.2930218094,0.3075207473,0.4643423718,0.6324324572,0.5652172526,0.619565543
583,1.0,0.0,0.0,0.0,1.0,1.0,0.2956097534,0.3110847134,0.4647887144,0.6349208585,0.566225096,0.6170216937
584,1.0,0.0,0.0,0.0,1.0,1.0,0.2913735539,0.3131584438,0.4639497876,0.6290327543,0.566666702,0.6223401437
585,1.0,0.0,0.0,0.0,1.0,1.0,0.2947881175,0.31463886,0.4684541967,0.6256685327,0.5690235076,0.620320963
586,1.0,0.0,0.0,0.0,1.0,1.0,0.2987201991,0.3196868165,0.4626392001,0.6382986063,0.565656747,0.6157892882
587,1.0,0.0,0.0,0.0,1.0,1.0,0.2961896545,0.3140141336,0.4421552594,0.6256684785,0.5439188277,0.6182796943
588,1.0,0.0,0.0,0.0,1.0,1.0,0.2907181525,0.3129564714,0.4433962272,0.6216220121,0.5387204653,0.6182800691
589,1.0,0.0,0.0,0.0,1.0,1.0,0.302483484,0.3214870052,0.4430576678,0.6237108385,0.5433333126,0.6165799098
590,1.0,0.0,0.0,0.0,1.0,1.0,0.2993649064,0.319219517,0.4399376372,0.6145826345,0.5351171466,0.612565364
591,1.0,0.0,0.0,0.0,1.0,1.0,0.2949687481,0.3158773937,0.4458398865,0.6170211571,0.5418057557,0.6137560463
592,1.0,0.0,0.0,0.0,1.0,1.0,0.3020121884,0.3198217033,0.4470404545,0.6082474782,0.5466665368,0.6145832654
593,1.0,0.0,0.0,0.0,1.0,1.0,0.3040425368,0.3220791743,0.4492978834,0.615384203,0.5481728797,0.6134023341
594,1.0,0.0,0.0,0.0,1.0,1.0,0.2949688245,0.3091921115,0.4458398501,0.617021067,0.5451504131,0.6270267325
595,1.0,0.0,0.0,0.0,1.0,1.0,0.3060790799,0.3154382035,0.448437532,0.6122454607,0.548172793,0.6263162386
596,1.0,0.0,0.0,0.0,1.0,1.0,0.2964183549,0.3166549249,0.448757858,0.6282722513,0.5478547605,0.6197916667
597,1.0,0.0,0.0,0.0,1.0,1.0,0.2922899366,0.3064954863,0.4433962689,0.629031725,0.5433334505,0.6304349521
598,1.0,0.0,0.0,0.0,1.0,1.0,0.3018657528,0.3170987182,0.4491392331,0.6165801715,0.5481730541,0.6073301446
599,1.0,0.0,0.0,0.0,1.0,1.0,0.3080042495,0.3181556119,0.4496855772,0.6173469711,0.5500001378,0.6125658304
600,1.0,0.0,0.0,0.0,1.0,1.0,0.3112503636,0.3259767443,0.4491393487,0.6180905989,0.5529802097,0.6040602937
601,1.0,0.0,0.0,0.0,1.0,1.0,0.3007725305,0.3121181873,0.4545454839,0.625000536,0.5514949235,0.617020834
602,1.0,0.0,0.0,0.0,1.0,1.0,0.2988986973,0.3156130757,0.4532709476,0.624999727,0.5526314157,0.6093746076
603,1.0,0.0,0.0,0.0,1.0,1.0,0.2882109444,0.2981942326,0.4465116032,0.6236554224,0.5442620622,0.6263729877
604,1.0,0.0,0.0,0.0,1.0,1.0,0.2770107455,0.284609253,0.4330708547,0.6306816192,0.5364236632,0.6279067268
605,1.0,0.0,0.0,0.0,1.0,1.0,0.2714339931,0.2789139111,0.3940345125,0.6300577754,0.5016611412,0.6249993741
606,1.0,0.0,0.0,0.0,1.0,1.0,0.2781464312,0.2787224897,0.3946541173,0.6271191164,0.5016501762,0.6331358212
607,1.0,0.0,0.0,0.0,1.0,1.0,0.2835408782,0.289312373,0.3902821729,0.6243093093,0.5,0.6193188367
608,1.0,0.0,0.0,0.0,1.0,1.0,0.2842161903,0.2871772692,0.392187435,0.6208793104,0.5032464887,0.615819189
609,1.0,0.0,0.0,0.0,1.0,1.0,0.2873593527,0.289312478,0.3965245346,0.6263738277,0.509868643,0.624999852
610,1.0,0.0,0.0,0.0,1.0,1.0,0.2932118156,0.2949171886,0.3911672366,0.6344085535,0.5081966648,0.61666616
611,1.0,0.0,0.0,0.0,1.0,1.0,0.2900095992,0.2962512191,0.3962558904,0.6236557315,0.5081433057,0.6043959729
612,1.0,0.0,0.0,0.0,1.0,1.0,0.2900095035,0.2985344871,0.3978158442,0.6290320442,0.5064934242,0.6032611427
613,1.0,0.0,0.0,0.0,1.0,1.0,0.2936751074,0.30246237,0.4028435957,0.6290319505,0.5098683421,0.6032607402
614,1.0,0.0,0.0,0.0,1.0,1.0,0.286232554,0.2941501483,0.401898666,0.6243093923,0.5050166718,0.6022727273
615,1.0,0.0,0.0,0.0,1.0,1.0,0.2737325053,0.2774369957,0.4028662265,0.6337214714,0.5050167538,0.6265067182
616,1.0,0.0,0.0,0.0,1.0,1.0,0.2490673354,0.2481834153,0.3746032352,0.6305727017,0.4765100018,0.6216220003
617,1.0,0.0,0.0,0.0,1.0,1.0,0.2372372822,0.2396620211,0.3055333151,0.6554047617,0.4013604048,0.6170212149
618,1.0,0.0,0.0,0.0,1.0,1.0,0.2430642658,0.2558299453,0.275199916,0.6447368057,0.3686007486,0.606666676
619,1.0,0.0,0.0,0.0,1.0,1.0,0.263641918,0.271807505,0.2709831504,0.6242427793,0.3749999566,0.6024838214
620,1.0,0.0,0.0,0.0,1.0,1.0,0.2697681314,0.2675272786,0.279674822,0.6325298264,0.3973064244,0.6163516012
621,1.0,0.0,0.0,0.0,1.0,1.0,0.2839413643,0.2789139642,0.2800646196,0.624999848,0.3920267669,0.6011900517
622,1.0,0.0,0.0,0.0,1.0,1.0,0.2853220042,0.2836700901,0.2920064829,0.6342849656,0.4059406553,0.5988364273
623,1.0,0.0,0.0,0.0,1.0,1.0,0.2980213777,0.2893121689,0.2668863101,0.6132593128,0.3914472974,0.5965908202
624,1.0,0.0,0.0,0.0,1.0,1.0,0.3143005636,0.2991750061,0.2628952323,0.613756697,0.388157835,0.5934071578
625,1.0,0.0,0.0,0.0,1.0,1.0,0.3216978845,0.3014710286,0.2590108651,0.6197915681,0.3836066975,0.5978264531
626,1.0,0.0,0.0,0.0,1.0,1.0,0.3306168848,0.3063864384,0.2590717279,0.6173469769,0.390164031,0.5989298354
627,1.0,0.0,0.0,0.0,1.0,1.0,0.3322908938,0.3001624056,0.2527850118,0.618556926,0.3762375443,0.6043954511
628,1.0,0.0,0.0,0.0,1.0,1.0,0.3300284633,0.2972198636,0.2561701399,0.618556273,0.3921568288,0.5879118064
629,1.0,0.0,0.0,0.0,1.0,1.0,0.3297652604,0.2982207382,0.2724195717,0.6205125155,0.4032258292,0.589189234
630,1.0,0.0,0.0,0.0,1.0,1.0,0.330861639,0.2978789982,0.2641510317,0.6217622787,0.3941366852,0.5901636084
631,1.0,0.0,0.0,0.0,1.0,1.0,0.3368712707,0.3082692128,0.2639725295,0.6275509578,0.3961037533,0.584210266
632,1.0,0.0,0.0,0.0,1.0,1.0,0.3380085988,0.3066470806,0.2618025517,0.6192892497,0.3961041847,0.587301937
633,1.0,0.0,0.0,0.0,1.0,1.0,0.342466042,0.3041066762,0.2552446907,0.6275507992,0.3881577063,0.5945943773
634,1.0,0.0,0.0,0.0,1.0,1.0,0.3331474871,0.2991751995,0.2478185387,0.6387435132,0.3782893622,0.5989006098
635,1.0,0.0,0.0,0.0,1.0,1.0,0.3325607526,0.2955159931,0.2482395032,0.6402114846,0.3820598561,0.6067411818
636,1.0,0.0,0.0,0.0,1.0,1.0,0.3366913861,0.2988363996,0.2517731503,0.631578831,0.3820599571,0.6055552248
637,1.0,0.0,0.0,0.0,1.0,1.0,0.3446349431,0.3034607402,0.2590627696,0.625640812,0.3861386383,0.5978254178
638,1.0,0.0,0.0,0.0,1.0,1.0,0.3355142501,0.2952145374,0.2593251407,0.629628665,0.3927394417,0.6089384673
639,1.0,0.0,0.0,0.0,1.0,1.0,0.3343456809,0.2895734902,0.255395726,0.6344089769,0.3907285776,0.6171426114
640,1.0,0.0,0.0,0.0,1.0,1.0,0.3480199943,0.302762504,0.2607143263,0.6307690041,0.3973939486,0.6021497428
641,1.0,0.0,0.0,0.0,1.0,1.0,0.3239948149,0.2721255143,0.2417581613,0.6384177712,0.3663367376,0.6181824966
642,1.0,0.0,0.0,0.0,1.0,1.0,0.283974565,0.2256265037,0.2103320073,0.6623373249,0.3244147675,0.6370373028
643,1.0,0.0,0.0,0.0,1.0,1.0,0.2636100394,0.2083580767,0.1954459723,0.6978413635,0.3118644577,0.6260172012
644,1.0,0.0,0.0,0.0,1.0,1.0,0.2791738105,0.2204649655,0.2085661386,0.6999998598,0.3333332189,0.6518520018
645,1.0,0.0,0.0,0.0,1.0,1.0,0.3023520916,0.2409658128,0.2026144487,0.6728394587,0.3236246107,0.6174486828
646,1.0,0.0,0.0,0.0,1.0,1.0,0.3206664393,0.2522709011,0.1950048565,0.6826345707,0.3086817118,0.6369427574
647,1.0,0.0,0.0,0.0,1.0,1.0,0.3395419905,0.2649313042,0.1986564414,0.6666663003,0.3047620047,0.6167661392
648,1.0,-0.7853981853,0.0,0.0,1.0,1.0,0.3334741191,0.2595326336,0.2021588691,0.6823532429,0.3032258583,0.6273293768
649,1.0,-0.7853981853,0.0,0.0,1.0,1.0,0.3268365621,0.247434631,0.1984048097,0.6768288488,0.2977346299,0.6209158589
650,1.0,-0.7853981853,0.0,0.0,1.0,1.0,0.3304606499,0.2506742439,0.1985886387,0.6768302048,0.2996740948,0.6298703183
651,1.0,-0.7853981853,0.0,0.0,1.0,1.0,0.3378970972,0.2506743247,0.1965376464,0.6686737679,0.2996744639,0.6233777137
652,1.0,-0.7853981853,0.0,0.0,1.0,1.0,0.34156847,0.2571379871,0.2042466732,0.6686389966,0.3106797196,0.6037737289
653,1.0,-0.7853981853,0.0,0.0,1.0,1.0,0.3359119991,0.2457642392,0.1991700716,0.6913585734,0.2950820478,0.6333330222
654,1.0,-0.7853981853,0.0,0.0,1.0,1.0,0.3341852031,0.2482060851,0.2004152891,0.6708069071,0.3013245798,0.6199993352
655,1.0,-0.7853981853,0.0,0.0,1.0,1.0,0.3276177955,0.2449290336,0.2033194352,0.6708860129,0.3026314938,0.6174495315
656,1.0,-0.7853981853,0.0,0.0,1.0,1.0,0.3362222756,0.2482274898,0.2123077444,0.6829274139,0.3169935018,0.6315790154
657,1.0,-0.7853981853,0.0,0.0,1.0,1.0,0.3256835872,0.2441632535,0.2118127516,0.6812503195,0.315961113,0.6266665603
658,1.0,-0.7853981853,0.0,0.0,1.0,1.0,0.3273502768,0.241695039,0.2036847027,0.6749991045,0.307189466,0.6351350791
659,1.0,-0.7853981853,0.0,0.0,1.0,1.0,0.3263894956,0.2409655939,0.2129817105,0.6770190583,0.3139159649,0.6308726286
660,1.0,-0.7853981853,0.0,0.0,1.0,1.0,0.3162533637,0.2352583031,0.2150102539,0.6858979049,0.3116883158,0.6413790527
661,1.0,-0.7853981853,0.0,0.0,1.0,1.0,0.3185146846,0.2311411642,0.2063329051,0.6794875583,0.302931645,0.6408441362
662,1.0,-0.7853981853,0.0,0.0,1.0,1.0,0.3135899875,0.2311413331,0.2165992549,0.6774184518,0.3192181678,0.6408456769
663,1.0,-0.7853981853,0.0,0.0,1.0,1.0,0.3157214022,0.2310185672,0.2061538424,0.688311182,0.3016392776,0.6524830647
664,1.0,-0.7853981853,0.0,0.0,1.0,1.0,0.334859203,0.2434125392,0.2230216455,0.6748458725,0.3258065136,0.6225170794
665,1.0,-0.7853981853,0.0,0.0,1.0,1.0,0.3195707964,0.2298714418,0.1933123554,0.6732025714,0.2933332305,0.652174484
666,1.0,-0.7853981853,0.0,0.0,1.0,1.0,0.3199873512,0.2349681881,0.1954261954,0.6818181818,0.298013344,0.6408445527
667,1.0,-0.7853981853,0.0,0.0,1.0,1.0,0.3238066313,0.2333133841,0.195223234,0.6730769973,0.2980130031,0.6382980238
668,1.0,-0.7853981853,0.0,0.0,1.0,1.0,0.3222018268,0.2416410663,0.2032853414,0.6687891271,0.3092107126,0.6326536085
669,1.0,-0.7853981853,0.0,0.0,1.0,1.0,0.3178653676,0.2385032165,0.2150865859,0.6858982374,0.3149351543,0.6326537383
670,1.0,-0.7853981853,0.0,0.0,1.0,1.0,0.3283590385,0.2424875079,0.2073921138,0.668749815,0.3049181633,0.6283789519
671,1.0,-0.7853981853,0.0,0.0,1.0,1.0,0.31529427,0.2385766478,0.2416583871,0.6730764482,0.3419354248,0.6216214735
672,1.0,-0.7853981853,0.0,0.0,1.0,1.0,0.3254927725,0.2419030096,0.2527471784,0.6687114633,0.3598726292,0.6184214969
673,1.0,0.0,0.0,0.0,1.0,1.0,0.329572087,0.2435747004,0.2507316495,0.6686390312,0.3584904601,0.6193549
674,1.0,0.0,0.0,0.0,1.0,1.0,0.321181697,0.2428550985,0.2495274268,0.6705882207,0.3707166203,0.6346155146
675,1.0,0.0,0.0,0.0,1.0,1.0,0.3203461822,0.2427664915,0.2614807992,0.6549706896,0.375394484,0.6298701647
676,1.0,0.0,0.0,0.0,1.0,1.0,0.30488222,0.2337404486,0.256434641,0.6750007516,0.3774193614,0.6275863959
677,1.0,0.0,0.0,0.0,1.0,1.0,0.3012019498,0.2239009581,0.3385517465,0.6688308719,0.4675323366,0.6304357287
678,1.0,0.0,0.0,0.0,1.0,1.0,0.2900340036,0.2296453549,0.4411765607,0.6554060713,0.5469257299,0.6267595404
679,1.0,0.0,0.0,0.0,1.0,1.0,0.2994509229,0.2434124456,0.4923665087,0.643312539,0.5935484,0.6158942124
680,1.0,0.0,0.0,0.0,1.0,1.0,0.296826625,0.2531054027,0.5131578513,0.6329123193,0.6136364855,0.6153847173
681,1.0,0.0,0.0,0.0,1.0,1.0,0.296263209,0.2602381029,0.5000000464,0.620482041,0.6038338244,0.5950918914
682,1.0,0.0,0.0,0.0,1.0,1.0,0.2822987489,0.2555206312,0.4964912202,0.6211175828,0.5954693887,0.6075955764
683,1.0,0.0,0.0,0.0,1.0,1.0,0.2358824312,0.210408689,0.4912586935,0.6296288271,0.5756580134,0.656250051
684,1.0,0.0,0.0,0.0,1.0,1.0,0.2052425206,0.1769848248,0.4964285937,0.6000003522,0.5625000439,0.6274507468
685,1.0,0.0,0.0,0.0,1.0,1.0,0.1936632575,0.1837464128,0.5034601831,0.6071435806,0.5704467804,0.6542056615
686,1.0,0.0,0.0,0.0,1.0,1.0,0.2378040665,0.236445409,0.4991679995,0.6223779365,0.5872482277,0.6453906754
687,1.0,0.0,0.0,0.0,1.0,1.0,0.2612920461,0.2624796736,0.5098039233,0.6062498514,0.5959598977,0.6538453721
688,1.0,0.0,0.0,0.0,1.0,1.0,0.2664102079,0.2699836961,0.5008077365,0.618181727,0.5939599003,0.6521739689
689,1.0,0.0,0.0,0.0,1.0,1.0,0.277712399,0.2853135674,0.5024232265,0.6279061899,0.5844592864,0.6331357381
690,1.0,0.0,0.0,0.0,1.0,1.0,0.2725749963,0.2804556686,0.5048700984,0.6309522498,0.5816326352,0.6484849996
691,1.0,0.0,0.0,0.0,1.0,1.0,0.2366228615,0.2420252116,0.495033105,0.6293703381,0.5714287758,0.6402881525
692,1.0,0.0,0.0,0.0,1.0,1.0,0.1740410096,0.1653622791,0.4844827391,0.5841595129,0.5418182988,0.6483511323
693,1.0,0.0,0.0,0.0,1.0,1.0,0.1736680002,0.1665734802,0.4889266757,0.5980403824,0.5483869448,0.6344103565
694,1.0,0.0,0.0,0.0,1.0,1.0,0.2197121126,0.2238333956,0.4793388218,0.6240595086,0.5659720519,0.6511628651
695,1.0,0.0,0.0,0.0,1.0,1.0,0.2514621308,0.2566135811,0.4679486919,0.6305732827,0.5574324445,0.651315698
696,1.0,0.0,0.0,0.0,1.0,1.0,0.2686499911,0.2766912754,0.4784000247,0.6190480315,0.5738253817,0.6424244639
697,1.0,0.0,0.0,0.0,1.0,1.0,0.2787666992,0.2822342189,0.4770206755,0.6249996995,0.5714284209,0.635294469
698,1.0,0.0,0.0,0.0,1.0,1.0,0.2826548458,0.2853190099,0.4749999713,0.6187841911,0.5742576175,0.6300578175
699,1.0,0.0,0.0,0.0,1.0,1.0,0.2815331153,0.28861749,0.4741785099,0.6222218835,0.5676569667,0.6285711529
700,1.0,0.0,0.0,0.0,1.0,1.0,0.287123587,0.2916404362,0.474097369,0.6174867253,0.5672130373,0.6292137778
701,1.0,0.0,0.0,0.0,1.0,1.0,0.2735815209,0.2789138508,0.4778481793,0.6127166712,0.5780732027,0.6369056004
702,1.0,0.0,0.0,0.0,1.0,1.0,0.2812892911,0.2812996927,0.4748427699,0.6201115037,0.5728476958,0.6294116635
703,1.0,0.0,0.0,0.0,1.0,1.0,0.27770993,0.2779905216,0.4788069012,0.615819129,0.576159135,0.6309531507
704,1.0,0.0,0.0,0.0,1.0,1.0,0.2750036392,0.2822343073,0.4827044001,0.6114289442,0.5813954771,0.6352943044
705,1.0,0.0,0.0,0.0,1.0,1.0,0.2804077914,0.281809798,0.4843260317,0.6201121297,0.5803278711,0.6279060574
706,1.0,0.0,0.0,0.0,1.0,1.0,0.2784047009,0.281093168,0.4773082395,0.623595693,0.5789474968,0.6374270964
707,1.0,0.0,0.0,0.0,1.0,1.0,0.2842162087,0.2890539903,0.4578125243,0.6208784518,0.5588236511,0.6271187653
708,1.0,0.0,0.0,0.0,1.0,1.0,0.2810929643,0.2893120822,0.4609375599,0.6222222222,0.5592106302,0.630681515
709,1.0,0.0,0.0,0.0,1.0,1.0,0.289760906,0.2923203119,0.4635658518,0.6203209221,0.5588234989,0.6312847512
710,1.0,0.0,0.0,0.0,1.0,1.0,0.2866496425,0.2899020786,0.4601227745,0.6149729967,0.564102378,0.6298339446
711,1.0,0.0,0.0,0.0,1.0,1.0,0.2771951647,0.2804884576,0.4545455445,0.6166669642,0.5516127172,0.6436781468
712,1.0,0.0,0.0,0.0,1.0,1.0,0.283810882,0.2905723918,0.4534351788,0.6236563329,0.5527155549,0.6373620069
713,1.0,0.0,0.0,0.0,1.0,1.0,0.2929662002,0.2969588248,0.4564885652,0.6197921669,0.5623004871,0.623655865
714,1.0,0.0,0.0,0.0,1.0,1.0,0.2833548618,0.2850974933,0.4637905017,0.5978264569,0.5576923276,0.6179773645
715,1.0,0.0,0.0,0.0,1.0,1.0,0.2899616032,0.2885487586,0.459876433,0.601064446,0.5548385052,0.6201115603
716,1.0,0.0,0.0,0.0,1.0,1.0,0.2739904152,0.2712302186,0.4595015915,0.5965909708,0.5559209975,0.6303032567
717,1.0,0.0,0.0,0.0,1.0,1.0,0.2674561388,0.2638791751,0.4616588563,0.5964909277,0.5544555446,0.6249996733
718,1.0,0.0,0.0,0.0,1.0,1.0,0.2732849588,0.2752561024,0.4499999715,0.6057142721,0.5377048631,0.6369039928
719,1.0,0.0,0.0,0.0,1.0,1.0,0.262353296,0.2688265877,0.4546875039,0.6011909236,0.5445546204,0.6257669979
720,1.0,0.0,0.0,0.0,1.0,1.0,0.2624320146,0.268952816,0.4701258256,0.6167665048,0.5647842984,0.6358024932
721,1.0,0.0,0.0,0.0,1.0,1.0,0.2625117247,0.2715151973,0.4715189957,0.6265062203,0.5700002148,0.6441714034
722,1.0,0.0,0.0,0.0,1.0,1.0,0.2589966254,0.2681835703,0.467408578,0.6319024216,0.5633333379,0.6459625661
723,1.0,0.0,0.0,0.0,1.0,1.0,0.258175777,0.2706128526,0.4611727758,0.6319021708,0.5548172031,0.6503066777
724,1.0,0.0,0.0,0.0,1.0,1.0,0.2609301473,0.2698493174,0.4588608007,0.64242434,0.5566665146,0.6481481248
725,1.0,0.0,0.0,0.0,1.0,1.0,0.2704185991,0.2815092575,0.4636076625,0.6257319471,0.56,0.6449700065
726,1.0,0.0,0.0,0.0,1.0,1.0,0.2593490203,0.2748463716,0.4620253133,0.6341464953,0.5566664679,0.6424242272
727,1.0,0.0,0.0,0.0,1.0,1.0,0.2640930339,0.2774369126,0.4620253433,0.6407195526,0.5585282473,0.6506028881
728,1.0,0.0,0.0,0.0,1.0,1.0,0.2546965207,0.2660630827,0.4645162276,0.6392405063,0.5563140361,0.641025641
729,1.0,0.0,0.0,0.0,1.0,1.0,0.2155657781,0.2180912014,0.4460783932,0.6287881611,0.5326460759,0.6456688085
730,1.0,0.0,0.0,0.0,1.0,1.0,0.1510191795,0.1450800251,0.4685908598,0.5505603134,0.5197135583,0.5802476367
731,1.0,0.0,0.0,0.0,1.0,1.0,0.1317757316,0.1659725525,0.4880136673,0.3896105645,0.5126353223,0.3695641881
732,1.0,0.0,0.0,0.0,1.0,1.0,0.1395772104,0.1725655517,0.4982759281,0.2716055982,0.5179857555,0.239584094
733,1.0,0.0,0.0,0.0,1.0,1.0,0.1511181835,0.180902545,0.5034364484,0.2045455613,0.516129092,0.2079213797
734,1.0,0.0,0.0,0.0,1.0,1.0,0.1496582652,0.1773204925,0.4991395039,0.2413801271,0.5125447936,0.2121217167
735,1.0,0.0,0.0,0.0,1.0,1.0,0.1588857639,0.1891799571,0.483760735,0.2795696332,0.5142858078,0.2924525037
736,1.0,0.0,0.0,0.0,1.0,1.0,0.1306569712,0.1683456276,0.477079858,0.4545442723,0.5248227731,0.4315779488
737,1.0,0.0,0.0,0.0,1.0,1.0,0.1668490046,0.1683089178,0.4462809345,0.6138615688,0.5208334007,0.6288659134
738,1.0,0.0,0.0,0.0,1.0,1.0,0.2402503146,0.2380429255,0.4583333784,0.6133330561,0.547297442,0.6382984998
739,1.0,0.0,0.0,0.0,1.0,1.0,0.2662065819,0.2654257269,0.4532710512,0.6140344549,0.5573770549,0.6419751141
740,1.0,0.0,0.0,0.0,1.0,1.0,0.2774524238,0.2821006128,0.4493865673,0.6243088863,0.5580643437,0.6514283424
741,1.0,0.0,0.0,0.0,1.0,1.0,0.2870902594,0.3034022526,0.451612885,0.6203211856,0.5551946858,0.6310157788
742,1.0,0.0,0.0,0.0,1.0,1.0,0.2844564586,0.2985346448,0.4430768503,0.621622644,0.5487013501,0.6250007203
743,1.0,0.0,0.0,0.0,1.0,1.0,0.2846804039,0.2952897699,0.451761193,0.6182794775,0.5584416034,0.620879063
744,1.0,0.0,0.0,0.0,1.0,1.0,0.2853345388,0.2923203429,0.45370365,0.6216215301,0.5653595529,0.6256982849
745,1.0,0.0,0.0,0.0,1.0,1.0,0.2759767552,0.2827366987,0.4680187214,0.6158184674,0.5657895275,0.6220927077
746,1.0,0.0,0.0,0.0,1.0,1.0,0.2844565867,0.2946237101,0.4599999739,0.616216179,0.563517949,0.6298343318
747,1.0,0.0,0.0,0.0,1.0,1.0,0.2829469762,0.2905727091,0.4642313065,0.6021499185,0.5623004255,0.6263740955
748,1.0,0.0,0.0,0.0,1.0,1.0,0.2836049138,0.2871413811,0.4597874568,0.6149729884,0.5682540143,0.6243086394
749,1.0,0.0,0.0,0.0,1.0,1.0,0.2948428763,0.2995174067,0.4583963899,0.6051278911,0.5678232145,0.615788948
750,1.0,0.0,0.0,0.0,1.0,1.0,0.288592492,0.2950734815,0.4620060436,0.6052628903,0.5650793218,0.612902928
751,1.0,0.0,0.0,0.0,1.0,1.0,0.2877413639,0.2899021277,0.4670751476,0.6010634133,0.5705127983,0.6187841207
752,1.0,0.0,0.0,0.0,1.0,1.0,0.2884192912,0.291099605,0.458333292,0.6042784366,0.563106823,0.622222434
753,1.0,0.0,0.0,0.0,1.0,1.0,0.2897156804,0.2894822476,0.4616564677,0.5978833253,0.5663431225,0.6201119277
754,1.0,0.0,0.0,0.0,1.0,1.0,0.2853344053,0.2855548905,0.4675926516,0.600000467,0.5681819456,0.619318126
755,1.0,0.0,0.0,0.0,1.0,1.0,0.2938633734,0.2966084596,0.4609494246,0.6093752264,0.5580646908,0.619565685
756,1.0,0.0,0.0,0.0,1.0,1.0,0.2864348584,0.2929961228,0.4622496093,0.6075263535,0.563517807,0.6222224611
757,1.0,0.0,0.0,0.0,1.0,1.0,0.2882111683,0.2897406014,0.4713177594,0.5967750353,0.5765471295,0.6179781275
758,1.0,0.0,0.0,0.0,1.0,1.0,0.2910548742,0.2936674234,0.4653313243,0.6084653669,0.5714287178,0.6187842542
759,1.0,0.0,0.0,0.0,1.0,1.0,0.2904096312,0.2939534451,0.4636785009,0.6117015629,0.5653593978,0.6222222222
760,1.0,0.0,0.0,0.0,1.0,1.0,0.2882110759,0.295586673,0.4666666994,0.6075263753,0.5718952874,0.61878435
761,1.0,0.0,0.0,0.0,1.0,1.0,0.2864347283,0.2913682521,0.4684128385,0.6129039199,0.5667753057,0.6256981531
762,1.0,0.0,0.0,0.0,1.0,1.0,0.2871069968,0.2883635558,0.4642856647,0.6108106879,0.563934407,0.6306810103
763,1.0,0.0,0.0,0.0,1.0,1.0,0.2859988369,0.2867252881,0.4618973649,0.6086955515,0.5639345086,0.6285712895
764,1.0,0.0,0.0,0.0,1.0,1.0,0.2851119038,0.2857882533,0.4651162752,0.6086955502,0.565359354,0.6400004437
765,1.0,0.0,0.0,0.0,1.0,1.0,0.2848879021,0.2834480171,0.4641744862,0.6065569778,0.5606555735,0.6300583992
766,1.0,0.0,0.0,0.0,1.0,1.0,0.2789140029,0.280889063,0.4620155298,0.6055560806,0.5620913671,0.6337211315
767,1.0,0.0,0.0,0.0,1.0,1.0,0.2771039592,0.2727236129,0.4672896775,0.61235979,0.5620914808,0.6407177923
768,1.0,0.0,0.0,0.0,1.0,1.0,0.2738411153,0.2750907232,0.4674922722,0.6101690856,0.5602606178,0.6390533138
769,1.0,0.0,0.0,0.0,1.0,1.0,0.2735641747,0.2678242518,0.4696733799,0.6079548195,0.5620914851,0.6280486779
770,1.0,0.0,0.0,0.0,1.0,1.0,0.2698652418,0.2597234632,0.4615385579,0.6046506156,0.5559211171,0.6392403528
771,1.0,0.0,0.0,0.0,1.0,1.0,0.2793470202,0.2743568429,0.4642856548,0.6055560058,0.5653596317,0.6250001596
772,1.0,0.0,0.0,0.0,1.0,1.0,0.2842013233,0.2737745347,0.4723539508,0.6111105203,0.5643563523,0.6265056227
773,1.0,0.0,0.0,0.0,1.0,1.0,0.2941395484,0.2912280592,0.4762657778,0.6075271494,0.5761590488,0.6136372606
774,1.0,0.0,0.0,0.0,1.0,1.0,0.2928298861,0.2881723763,0.4777070011,0.6032611475,0.5733334262,0.6242770934
775,1.0,0.0,0.0,0.0,1.0,1.0,0.2905728239,0.284841103,0.4680511398,0.6098901414,0.5733334169,0.6198825977
776,1.0,0.0,0.0,0.0,1.0,1.0,0.2811933412,0.2716604116,0.479099622,0.6114293195,0.5738254389,0.6234575742
777,1.0,0.0,0.0,0.0,1.0,1.0,0.2352581,0.209780521,0.4659089993,0.6,0.5563142476,0.6422766555
778,1.0,0.0,0.0,0.0,1.0,1.0,0.1609271565,0.1364487551,0.4728814713,0.6000008754,0.5248227133,0.6363631455
779,1.0,0.0,0.0,0.0,1.0,1.0,0.1323300792,0.1308363452,0.4895470584,0.4868409872,0.5236361214,0.4444457304
780,1.0,0.0,0.0,0.0,1.0,1.0,0.1351065784,0.1290190589,0.4748700244,0.4743580834,0.5054543457,0.4366212486
781,1.0,0.0,0.0,0.0,1.0,1.0,0.1351068124,0.1381045814,0.48006933,0.4743585627,0.5090907436,0.421052487
782,1.0,0.0,0.0,0.0,1.0,1.0,0.1321000293,0.134961239,0.4817391317,0.4342090128,0.5072991163,0.3783802789
783,1.0,0.0,0.0,0.0,1.0,1.0,0.1322286884,0.1453736622,0.4828178382,0.4025958468,0.5090906874,0.3750003276
784,1.0,0.0,0.0,0.0,1.0,1.0,0.1314145306,0.1440800905,0.4844291007,0.4210521982,0.5036499016,0.3670888081
785,1.0,0.0,0.0,0.0,1.0,1.0,0.1279562213,0.1464385139,0.4861591628,0.4459459078,0.5054945517,0.4
786,1.0,0.0,0.0,0.0,1.0,1.0,0.1292986753,0.1446081287,0.4965035515,0.4054047326,0.5054943243,0.354430347
787,1.0,0.0,0.0,0.0,1.0,1.0,0.1255935591,0.1591700945,0.5150441336,0.4084520202,0.5222222947,0.360464836
788,1.0,0.0,0.0,0.0,1.0,1.0,0.1332589313,0.1519297935,0.5000000902,0.4342120578,0.5128202907,0.3614448873
789,1.0,0.0,0.0,0.0,1.0,1.0,0.1253593841,0.1466572657,0.4725085156,0.5342451108,0.5036231642,0.4320974506
790,1.0,0.0,0.0,0.0,1.0,1.0,0.1591575558,0.1402092818,0.470890422,0.5591395427,0.5179857036,0.5897433831
791,1.0,0.0,0.0,0.0,1.0,1.0,0.2146454318,0.1932718449,0.4899329201,0.5937495394,0.5644599634,0.6396391973
792,1.0,0.0,0.0,0.0,1.0,1.0,0.2543440106,0.2430149109,0.4845024532,0.6025645201,0.5684930192,0.6408441045
793,1.0,0.0,0.0,0.0,1.0,1.0,0.2791377754,0.2768723521,0.491171752,0.6091955279,0.5777027099,0.6280480973
794,1.0,0.0,0.0,0.0,1.0,1.0,0.2855548995,0.2853138114,0.4847511309,0.6067412923,0.5675676352,0.6153850973
795,1.0,0.0,0.0,0.0,1.0,1.0,0.2802921996,0.2826703909,0.4839744187,0.6228562939,0.5723905688,0.6071431717
796,1.0,0.0,0.0,0.0,1.0,1.0,0.281893998,0.2826703364,0.4823717942,0.6306819209,0.5690237577,0.6249996844
797,1.0,0.0,0.0,0.0,1.0,1.0,0.2839506938,0.2809876951,0.4799357236,0.6158193104,0.5824915585,0.6227547568
798,1.0,0.0,0.0,0.0,1.0,1.0,0.2800370036,0.2776225294,0.4927535837,0.6149426127,0.5892257297,0.6242427277
799,1.0,0.0,0.0,0.0,1.0,1.0,0.272283659,0.2690804107,0.4695513703,0.6176467305,0.5652173913,0.6273295748
800,1.0,0.0,0.0,0.0,1.0,1.0,0.2731591421,0.2667429577,0.4774919168,0.6058819716,0.5709457972,0.6265819728
801,1.0,0.0,0.0,0.0,1.0,1.0,0.274325335,0.2708926932,0.4783305747,0.6081872433,0.5723907478,0.6149062761
802,1.0,0.0,0.0,0.0,1.0,1.0,0.2658770738,0.2573813659,0.4743589394,0.6144582478,0.5719065327,0.6168829735
803,1.0,0.0,0.0,0.0,1.0,1.0,0.2635185609,0.2599899522,0.4758842145,0.6097566662,0.5709456491,0.6298694671
804,1.0,0.0,0.0,0.0,1.0,1.0,0.270380404,0.2641621744,0.4782608027,0.6130947713,0.5791246706,0.6305739121
805,1.0,0.0,0.0,0.0,1.0,1.0,0.2775334074,0.275014145,0.4686998752,0.6127167915,0.5704697146,0.609756161
806,1.0,0.0,0.0,0.0,1.0,1.0,0.2837329037,0.2798441149,0.4720893577,0.6123590546,0.5733334078,0.6190475003
807,1.0,0.0,0.0,0.0,1.0,1.0,0.2809933946,0.2739333265,0.4776358115,0.613636962,0.5780729561,0.618181354
808,1.0,0.0,0.0,0.0,1.0,1.0,0.2811935172,0.2781779469,0.4742764868,0.6114284058,0.5733333897,0.6167663307
809,1.0,0.0,0.0,0.0,1.0,1.0,0.2779796217,0.273933499,0.467845564,0.6069360516,0.5714285217,0.6181818644
810,1.0,0.0,0.0,0.0,1.0,1.0,0.2814427685,0.28057436,0.4688000032,0.6136357355,0.5681061478,0.6213012716
811,1.0,0.0,0.0,0.0,1.0,1.0,0.2731593278,0.2716604527,0.4678456811,0.6176480277,0.5738254894,0.6111108977
812,1.0,0.0,0.0,0.0,1.0,1.0,0.2741689852,0.272273039,0.4673046513,0.6162795598,0.5681062506,0.6280488729
813,1.0,0.0,0.0,0.0,1.0,1.0,0.276645567,0.2748467206,0.4623999329,0.6127170425,0.5633334053,0.6181814265
814,1.0,0.0,0.0,0.0,1.0,1.0,0.2734474228,0.2748465233,0.4607999835,0.6140352599,0.5633334393,0.6121209425
815,1.0,0.0,0.0,0.0,1.0,1.0,0.273885409,0.2748468015,0.4679486546,0.6140348945,0.5700000453,0.6121214965
816,1.0,0.0,0.0,0.0,1.0,1.0,0.2752085453,0.269849377,0.4637680857,0.614035258,0.566666586,0.6111104708
817,1.0,0.0,0.0,0.0,1.0,1.0,0.2684584953,0.2641623386,0.4676374685,0.614458903,0.569023741,0.6114652213
818,1.0,0.0,0.0,0.0,1.0,1.0,0.2709525685,0.2641623655,0.4691557628,0.6167662732,0.5723908669,0.617833914
819,1.0,0.0,0.0,0.0,1.0,1.0,0.27183523,0.2668575011,0.4755700095,0.6107789269,0.5748298948,0.5987261146
820,1.0,0.0,0.0,0.0,1.0,1.0,0.269457257,0.2634584939,0.4722222363,0.6181818639,0.5748301359,0.6064518892
821,1.0,0.0,0.0,0.0,1.0,1.0,0.2693301653,0.2616778848,0.4707792022,0.6144575002,0.5641892436,0.6193548214
822,1.0,0.0,0.0,0.0,1.0,1.0,0.2688938411,0.2667432367,0.4716369082,0.614457546,0.5709460663,0.6202528496
823,1.0,0.0,0.0,0.0,1.0,1.0,0.2672736046,0.2668578275,0.4700161354,0.6121211585,0.5714284702,0.5987263599
824,1.0,0.0,0.0,0.0,1.0,1.0,0.2730182886,0.2693410259,0.4715446472,0.6130959039,0.5728812348,0.6163519205
825,1.0,0.0,0.0,0.0,1.0,1.0,0.2681430731,0.2634582141,0.4731706426,0.6181815636,0.5748301226,0.6258062943
826,1.0,0.0,0.0,0.0,1.0,1.0,0.2725748754,0.272728738,0.4707792904,0.6130949384,0.5694916893,0.6149074767
827,1.0,0.0,0.0,0.0,1.0,1.0,0.2700755369,0.2675273054,0.4773463451,0.6047911249,0.5757575124,0.6163521931
828,1.0,0.0,0.0,0.0,1.0,1.0,0.2731594369,0.2708924602,0.475884238,0.6176469872,0.5757573435,0.6086954844
829,1.0,0.0,0.0,0.0,1.0,1.0,0.2712542411,0.2676471027,0.4765750717,0.6190469062,0.5728815702,0.6139242437
830,1.0,0.0,0.0,0.0,1.0,1.0,0.2712540615,0.2684312968,0.4717286312,0.6130954159,0.5709457182,0.610062215
831,1.0,0.0,0.0,0.0,1.0,1.0,0.2683389437,0.2624796462,0.4646303036,0.6167662555,0.5723905807,0.6217954172
832,1.0,0.0,0.0,0.0,1.0,1.0,0.2684586594,0.2608712326,0.4627832395,0.6144569269,0.5627118429,0.6168832833
833,1.0,0.0,0.0,0.0,1.0,1.0,0.2669519482,0.2617588934,0.4690554191,0.6158534958,0.5714286221,0.6168823873
834,1.0,0.0,0.0,0.0,1.0,1.0,0.2616424908,0.2549947377,0.47804886,0.6086956522,0.5753427437,0.6174502921
835,1.0,0.0,0.0,0.0,1.0,1.0,0.2601510405,0.2498603683,0.4744646128,0.6139242834,0.5689655666,0.6275856147
836,1.0,0.0,0.0,0.0,1.0,1.0,0.257282076,0.2412447786,0.481848143,0.5961543323,0.5793105545,0.6285706662
837,1.0,0.0,0.0,0.0,1.0,1.0,0.2589312944,0.2455672929,0.4801980643,0.6050956915,0.5773196495,0.6293704886
838,1.0,0.0,0.0,0.0,1.0,1.0,0.247795648,0.2359792407,0.4859504334,0.5999994538,0.5798609457,0.6102936082
839,1.0,0.0,0.0,0.0,1.0,1.0,0.2386728899,0.2188435554,0.4842453887,0.5972217049,0.5689655172,0.6377945082
840,1.0,0.0,0.0,0.0,1.0,1.0,0.2068377958,0.182189844,0.4701986513,0.5840001078,0.5520834171,0.6380953336
841,1.0,0.0,0.0,0.0,1.0,1.0,0.1965844752,0.1757638414,0.4694215377,0.5630242835,0.5413793544,0.5980385241
842,1.0,0.0,0.0,0.0,1.0,1.0,0.1651549216,0.1409929403,0.4565587098,0.5670106912,0.5071428491,0.5822775327
843,1.0,0.0,0.0,0.0,1.0,1.0,0.1668573227,0.1422690869,0.4684837881,0.5408160647,0.5195730757,0.5749996071
844,1.0,0.0,0.0,0.0,1.0,1.0,0.1674194646,0.1430298836,0.4670050483,0.5555562727,0.5194347858,0.5925924952
845,1.0,0.0,0.0,0.0,1.0,1.0,0.1595033413,0.1387125364,0.4634975023,0.55319257,0.5088966185,0.5769211323
846,1.0,0.0,0.0,0.0,1.0,1.0,0.1478766088,0.13028431,0.4591836644,0.5287355496,0.507143091,0.5753417226
847,1.0,0.0,0.0,0.0,1.0,1.0,0.1510192464,0.128042437,0.46010187,0.5393243382,0.5088969817,0.5833316092
848,1.0,0.0,0.0,0.0,1.0,1.0,0.186562553,0.1688952393,0.4666667613,0.5714285714,0.5435539798,0.6185551388
849,1.0,0.0,0.0,0.0,1.0,1.0,0.2543734667,0.2395921186,0.4811164962,0.606451892,0.5719178328,0.6214292022
850,1.0,0.0,0.0,0.0,1.0,1.0,0.2839322621,0.289668815,0.4821428181,0.6000004739,0.5762713293,0.5964921003
851,1.0,0.0,0.0,0.0,1.0,1.0,0.2836914651,0.2950569791,0.4730832135,0.6206903226,0.5699659389,0.606936803
852,1.0,0.0,0.0,0.0,1.0,1.0,0.2841709195,0.2930565699,0.4749596426,0.6193179461,0.5762712344,0.6011560275
853,1.0,0.0,0.0,0.0,1.0,1.0,0.288084081,0.2978137293,0.4718196621,0.6256986087,0.5757577237,0.6045202107
854,1.0,0.0,0.0,0.0,1.0,1.0,0.2908342002,0.3011785894,0.4726687995,0.6187840471,0.5723904992,0.5921781403
855,1.0,0.0,0.0,0.0,1.0,1.0,0.292168948,0.2974926309,0.4728434518,0.6174867714,0.5719063283,0.5955052683
856,1.0,0.0,0.0,0.0,1.0,1.0,0.289647256,0.2934604232,0.4745222984,0.626374037,0.5738254424,0.6114278567
857,1.0,0.0,0.0,0.0,1.0,1.0,0.2864743397,0.2923535363,0.4750402487,0.617978175,0.5714285206,0.6046517567
858,1.0,0.0,0.0,0.0,1.0,1.0,0.2843937874,0.2906539621,0.47642281,0.6171429874,0.5714287244,0.608187551
859,1.0,0.0,0.0,0.0,1.0,1.0,0.2774424284,0.2744230883,0.4772726773,0.6140347243,0.5694913124,0.6111107538
860,1.0,0.0,0.0,0.0,1.0,1.0,0.2785328552,0.2840877696,0.4721311934,0.623529718,0.568493289,0.6144581219
861,1.0,0.0,0.0,0.0,1.0,1.0,0.2785331246,0.2780016856,0.4770492355,0.6176467711,0.5733788311,0.6073624092
862,1.0,0.0,0.0,0.0,1.0,1.0,0.2719791933,0.2772423943,0.4770492297,0.6265053089,0.5719176104,0.6172845418
863,1.0,0.0,0.0,0.0,1.0,1.0,0.2745178428,0.2755311553,0.4736841924,0.6227541759,0.5719178597,0.6086953131
864,1.0,0.0,0.0,0.0,1.0,1.0,0.2764413939,0.2797074343,0.479541806,0.6153852798,0.5733788129,0.6158540849
865,1.0,0.0,0.0,0.0,1.0,1.0,0.2731698631,0.2721083501,0.4729950914,0.6167659382,0.5650684992,0.6163522999
866,1.0,0.0,0.0,0.0,1.0,1.0,0.2736175976,0.2721083023,0.481967203,0.6227546937,0.5753424854,0.6100627688
867,1.0,0.0,0.0,0.0,1.0,1.0,0.2731699828,0.2738195852,0.4713583134,0.6167657126,0.5719178735,0.6187503465
868,1.0,0.0,0.0,0.0,1.0,1.0,0.2653241309,0.2626520556,0.4706840426,0.6257657555,0.5665530821,0.6233772793
869,1.0,0.0,0.0,0.0,1.0,1.0,0.2687025387,0.2686855915,0.4721310972,0.6219517551,0.5684932906,0.6242038384
870,1.0,0.0,0.0,0.0,1.0,1.0,0.2661912363,0.2669742937,0.4705882807,0.6257677648,0.5684931679,0.6217946732
871,1.0,0.0,0.0,0.0,1.0,1.0,0.267824142,0.2694741224,0.4771241943,0.6280486473,0.5699658531,0.6329111222
872,1.0,0.0,0.0,0.0,1.0,1.0,0.264126631,0.2617583948,0.4730832414,0.6172837745,0.5714286734,0.6168839494
873,1.0,0.0,0.0,0.0,1.0,1.0,0.2693301704,0.2693411622,0.4626623993,0.6204822316,0.5559323488,0.6163525076
874,1.0,0.0,0.0,0.0,1.0,1.0,0.2661912665,0.2677684368,0.4673203135,0.6196320511,0.5631398491,0.6242040333
875,1.0,0.0,0.0,0.0,1.0,1.0,0.2678241603,0.2703969931,0.4656862835,0.6280487729,0.5616439653,0.6139243298
876,1.0,0.0,0.0,0.0,1.0,1.0,0.2710904457,0.2721080386,0.4656862988,0.6265055831,0.5616439142,0.6163528311
877,1.0,0.0,0.0,0.0,1.0,1.0,0.2706484846,0.2668575539,0.4681892361,0.6204813593,0.5680273076,0.6114648136
878,1.0,0.0,0.0,0.0,1.0,1.0,0.2755395889,0.278001953,0.4796085319,0.6153847116,0.5733788704,0.6134965983
879,1.0,0.0,0.0,0.0,1.0,1.0,0.2682625979,0.2668577932,0.4795417025,0.6158540099,0.5714286224,0.6242045629
880,1.0,0.0,0.0,0.0,1.0,1.0,0.2764411125,0.2755308066,0.4860884019,0.6153849018,0.5787670913,0.6149071317
881,1.0,0.0,0.0,0.0,1.0,1.0,0.2725747958,0.2753566817,0.4788960909,0.6250001561,0.5714286733,0.6234561587
882,1.0,0.0,0.0,0.0,1.0,1.0,0.2725748199,0.2676471704,0.487012987,0.6190475597,0.5830510025,0.6329119624
883,1.0,0.0,0.0,0.0,1.0,1.0,0.2737531166,0.2770561399,0.4748785417,0.6153842296,0.5714284685,0.6196315111
884,1.0,0.0,0.0,0.0,1.0,1.0,0.2588130297,0.2609463725,0.469055374,0.6226415094,0.5597269819,0.6274509804
885,1.0,0.0,0.0,0.0,1.0,1.0,0.2734627996,0.2770560612,0.4706841353,0.6249993764,0.568027177,0.6134975397
886,1.0,0.0,0.0,0.0,1.0,1.0,0.2709529354,0.2738196424,0.4756493998,0.6287417976,0.5650686263,0.6312495278
887,1.0,0.0,0.0,0.0,1.0,1.0,0.2653241241,0.2694742058,0.4674266734,0.6319018485,0.5597267894,0.6139241187
888,1.0,0.0,0.0,0.0,1.0,1.0,0.2778933579,0.2872544446,0.4731707234,0.6257311087,0.5646256397,0.6272189716
889,1.0,0.0,0.0,0.0,1.0,1.0,0.2755392274,0.2840876431,0.474714514,0.6153846154,0.5616439151,0.6265062085
890,1.0,0.0,0.0,0.0,1.0,1.0,0.2685794628,0.2764780153,0.4788274164,0.6242428082,0.5670101945,0.62733012
891,1.0,0.0,0.0,0.0,1.0,1.0,0.2727237779,0.2816296217,0.4689541784,0.6287419018,0.5532647313,0.6158531376
892,1.0,0.0,0.0,0.0,1.0,1.0,0.2658611663,0.2696088896,0.4614121967,0.6358029998,0.5498281873,0.636942127
893,1.0,0.0,0.0,0.0,1.0,1.0,0.2661914542,0.275708035,0.4722222981,0.6257664856,0.5586205232,0.625
894,1.0,0.0,0.0,0.0,1.0,1.0,0.266517761,0.2730433113,0.4666666438,0.6280491804,0.5532647392,0.6226424855
895,1.0,0.0,0.0,0.0,1.0,1.0,0.2660851306,0.2738196982,0.4740259494,0.6280489699,0.561643965,0.6437503399
896,1.0,0.0,0.0,0.0,1.0,1.0,0.2643685621,0.2694742769,0.4709676945,0.6280496562,0.563139928,0.6329115624
897,1.0,0.0,0.0,0.0,1.0,1.0,0.2724282076,0.2855548772,0.474193571,0.6213025076,0.5646258189,0.6309524403
898,1.0,0.0,0.0,0.0,1.0,1.0,0.2595324334,0.2676471334,0.4838710719,0.6335398033,0.5728812458,0.6392412073
899,1.0,0.0,0.0,0.0,1.0,1.0,0.2647954824,0.2736568304,0.4765750793,0.6280482549,0.5646255966,0.6273282565
900,1.0,0.0,0.0,0.0,1.0,1.0,0.2728688653,0.2855549331,0.4717285414,0.6272187739,0.5646259398,0.6428567874
901,1.0,0.0,0.0,0.0,1.0,1.0,0.2679083805,0.2821553873,0.4767255582,0.6287423851,0.5714283644,0.6325303448
902,1.0,0.0,0.0,0.0,1.0,1.0,0.2754873231,0.28628067,0.4823718886,0.6162792707,0.572881334,0.6272196706
903,1.0,0.0,0.0,0.0,1.0,1.0,0.2775335698,0.2879747736,0.4783307275,0.6242763341,0.576271217,0.6294126771
904,1.0,0.0,0.0,0.0,1.0,1.0,0.2698175057,0.2826704248,0.4776357811,0.6272187722,0.5757575865,0.6250009433
905,1.0,0.0,0.0,0.0,1.0,1.0,0.2730103639,0.2853136925,0.4696485873,0.6257300909,0.564189126,0.6331359604
906,1.0,0.0,0.0,0.0,1.0,1.0,0.2743250086,0.2855546353,0.4799358936,0.6257305861,0.5680271284,0.6309528641
907,1.0,0.0,0.0,0.0,1.0,1.0,0.2690804827,0.2819370552,0.4711538412,0.6309524263,0.5641892269,0.6347307148
908,1.0,0.0,0.0,0.0,1.0,1.0,0.2754874213,0.2853139535,0.4743588922,0.6220932866,0.5675675291,0.6272187727
909,1.0,0.0,0.0,0.0,1.0,1.0,0.2657753468,0.2759402103,0.4729298225,0.6227539294,0.5690234263,0.6280479856
910,1.0,0.0,0.0,0.0,1.0,1.0,0.263852924,0.2787557925,0.4783999009,0.6181821198,0.5748299368,0.6219510473
911,1.0,0.0,0.0,0.0,1.0,1.0,0.2730104453,0.2862807784,0.4776357286,0.631578557,0.5694913239,0.6272186463
912,1.0,0.0,0.0,0.0,1.0,1.0,0.2714139355,0.2855550204,0.4744409843,0.6176472055,0.5748299528,0.6190470784
913,1.0,0.0,0.0,0.0,1.0,1.0,0.2725748186,0.2862808521,0.4688995304,0.6315794672,0.5661014985,0.6272185875
914,1.0,0.0,0.0,0.0,1.0,1.0,0.267273828,0.2797074473,0.4748784055,0.6242424553,0.5665529331,0.6341459638
915,1.0,0.0,0.0,0.0,1.0,1.0,0.2571853689,0.2670924276,0.4739414139,0.6329115103,0.5620689868,0.6516128245
916,1.0,0.0,0.0,0.0,1.0,1.0,0.2605103031,0.2680164066,0.4786884799,0.6289307841,0.5709342117,0.638710453
917,1.0,0.0,0.0,0.0,1.0,1.0,0.2539565297,0.2584762886,0.4754099204,0.6322582388,0.5689656417,0.6400010609
918,1.0,0.0,0.0,0.0,1.0,1.0,0.2539565363,0.2593054254,0.4770491729,0.6387087865,0.5704464603,0.6490063158
919,1.0,0.0,0.0,0.0,1.0,1.0,0.255974579,0.261022714,0.4812398461,0.6305726401,0.5704464649,0.6513151496
920,1.0,0.0,0.0,0.0,1.0,1.0,0.2576051455,0.2661741284,0.4763458513,0.6329109061,0.5670104538,0.645162118
921,1.0,0.0,0.0,0.0,1.0,1.0,0.2592354154,0.2661745295,0.4763458507,0.6415090125,0.5670102131,0.6451608555
922,1.0,0.0,0.0,0.0,1.0,1.0,0.2498606824,0.2575882575,0.4756494402,0.6298691653,0.567010268,0.6400005649
923,1.0,0.0,0.0,0.0,1.0,1.0,0.2620686457,0.2652627914,0.467426783,0.6335398371,0.5616438453,0.6451607729
924,1.0,0.0,0.0,0.0,1.0,1.0,0.2514936014,0.2575879155,0.478758114,0.6363627744,0.5704466775,0.6466662402
925,1.0,0.0,0.0,0.0,1.0,1.0,0.2547594349,0.2593053373,0.4705883058,0.6282056449,0.5704467663,0.635760799
926,1.0,0.0,0.0,0.0,1.0,1.0,0.2465943809,0.2575880226,0.4738562208,0.6357620283,0.5670102133,0.6333335187
927,1.0,0.0,0.0,0.0,1.0,1.0,0.2453624006,0.2550661698,0.4746318361,0.6399998874,0.5590279342,0.6530611659
928,1.0,0.0,0.0,0.0,1.0,1.0,0.252302174,0.2635512843,0.4723126238,0.6258062529,0.5684933283,0.6428571429
929,1.0,0.0,0.0,0.0,1.0,1.0,0.2256266344,0.2234664853,0.4732441816,0.6148151672,0.5563379589,0.6535432429
930,1.0,0.0,0.0,0.0,1.0,1.0,0.1285513186,0.1397686723,0.5018114469,0.4788728741,0.5172414469,0.4657528487
931,1.0,0.0,0.0,0.0,1.0,1.0,0.1240317238,0.1691072009,0.4910071482,0.3188413166,0.4942967062,0.2809004396
932,1.0,0.0,0.0,0.0,1.0,1.0,0.1251568468,0.158308228,0.4882032658,0.3333343273,0.4999998038,0.2771069703
933,1.0,0.0,0.0,0.0,1.0,1.0,0.1206530788,0.1596064398,0.49909919,0.3432815927,0.5133080889,0.3214293481
934,1.0,0.0,0.0,0.0,1.0,1.0,0.1293605411,0.1390200034,0.4893615877,0.5342460819,0.5225561553,0.4999986332
935,1.0,0.0,0.0,0.0,1.0,1.0,0.1812545043,0.1791111809,0.4593221452,0.607476183,0.5340501433,0.6299999586
936,1.0,0.0,0.0,0.0,1.0,1.0,0.2427928586,0.2411240041,0.485856814,0.6232882829,0.5734264495,0.6449275471
937,1.0,0.0,0.0,0.0,1.0,1.0,0.2749272902,0.2909336991,0.4757281403,0.6176479066,0.5650684857,0.6235299278
938,1.0,0.0,0.0,0.0,1.0,1.0,0.2880557366,0.3055727024,0.4824840846,0.6187848258,0.5709460971,0.6077347231
939,1.0,0.0,0.0,0.0,1.0,1.0,0.2814428011,0.2991525523,0.4735999583,0.6193182968,0.5646259449,0.6079545928
940,1.0,0.0,0.0,0.0,1.0,1.0,0.2828004159,0.2964447338,0.4774920304,0.6249993967,0.5627116144,0.617142136
941,1.0,0.0,0.0,0.0,1.0,1.0,0.2800369376,0.2896685934,0.4363928783,0.6149432485,0.5389830581,0.6081875358
942,1.0,0.0,0.0,0.0,1.0,1.0,0.2844071631,0.2927660299,0.427652709,0.6214693199,0.5218856074,0.609194911
943,1.0,0.0,0.0,0.0,1.0,1.0,0.2769154134,0.2807796733,0.4235668597,0.6321833922,0.5217389771,0.6249995289
944,1.0,0.0,0.0,0.0,1.0,1.0,0.2724282443,0.2734956291,0.4274193869,0.615384711,0.5304052736,0.6111111832
945,1.0,0.0,0.0,0.0,1.0,1.0,0.2752089112,0.2751844244,0.4251207173,0.6315784292,0.5202701695,0.6257666494
946,1.0,0.0,0.0,0.0,1.0,1.0,0.2799736769,0.2831179573,0.4250814086,0.633720866,0.5187714147,0.6204817207
947,1.0,0.0,0.0,0.0,1.0,1.0,0.2722783194,0.278954097,0.4225121312,0.6347303371,0.5239726846,0.6134972935
948,1.0,0.0,0.0,0.0,1.0,1.0,0.279974104,0.2848238776,0.4283387385,0.6279069202,0.5290101562,0.6047898272
949,1.0,0.0,0.0,0.0,1.0,1.0,0.2827690131,0.2882348204,0.4243902324,0.6264364999,0.5255971389,0.5976328593
950,1.0,0.0,0.0,0.0,1.0,1.0,0.2795190331,0.2848237869,0.4227642518,0.6337204636,0.5221841372,0.6167663471
951,1.0,0.0,0.0,0.0,1.0,1.0,0.2739092907,0.2781952011,0.4371940688,0.6369045848,0.5292097166,0.6172842204
952,1.0,0.0,0.0,0.0,1.0,1.0,0.2746433737,0.2789538474,0.4276422488,0.6213006833,0.5273971793,0.6073621837
953,1.0,0.0,0.0,0.0,1.0,1.0,0.2612920547,0.2644568874,0.4297384969,0.6312492579,0.5292095321,0.6233765177
954,1.0,0.0,0.0,0.0,1.0,1.0,0.2607240471,0.2608712829,0.4347826381,0.6296293895,0.5355930611,0.6233759678
955,1.0,0.0,0.0,0.0,1.0,1.0,0.2555204633,0.2507130938,0.4336570164,0.6202535699,0.5358362658,0.6326531198
956,1.0,0.0,0.0,0.0,1.0,1.0,0.247835641,0.2387745271,0.4392220186,0.6274506794,0.5392490585,0.635713349
957,1.0,0.0,0.0,0.0,1.0,1.0,0.2474346369,0.2362624282,0.4336570837,0.6339861555,0.5306122595,0.6330941783
958,1.0,0.0,0.0,0.0,1.0,1.0,0.2486493716,0.2405436983,0.4378029208,0.6298698407,0.5389830545,0.6338026043
959,1.0,0.0,0.0,0.0,1.0,1.0,0.2482484175,0.2422376598,0.4338709695,0.6298696663,0.5355932398,0.6433567364
960,1.0,0.0,0.0,0.0,1.0,1.0,0.2498604482,0.240543547,0.4354839054,0.6322580998,0.535593128,0.6338030899
961,1.0,0.0,0.0,0.0,1.0,1.0,0.2498605591,0.2404801577,0.4722222078,0.6209152223,0.5699656623,0.6453901666
962,1.0,0.0,0.0,0.0,1.0,1.0,0.2547279029,0.2515601499,0.4772726519,0.6178343425,0.5714287281,0.6418915384
963,1.0,0.0,0.0,0.0,1.0,1.0,0.2478226862,0.2464611687,0.4763458462,0.6249998249,0.5680271678,0.6482756494
964,1.0,0.0,0.0,0.0,1.0,1.0,0.2498605773,0.24223772,0.4756494362,0.6168832947,0.5728814322,0.636362832
965,1.0,0.0,0.0,0.0,1.0,1.0,0.2445959651,0.234562884,0.4813613976,0.622516791,0.5714285195,0.644927525
966,1.0,0.0,0.0,0.0,1.0,1.0,0.2445959831,0.2388497865,0.478119832,0.6291388033,0.5694916447,0.6595738285
967,1.0,0.0,0.0,0.0,1.0,1.0,0.2608659466,0.2541242074,0.4763457947,0.6187504861,0.5733791429,0.6375851183
968,1.0,0.0,0.0,0.0,1.0,1.0,0.2523020607,0.2498603112,0.480455957,0.6258074384,0.5782312901,0.6394565562
969,1.0,0.0,0.0,0.0,1.0,1.0,0.255176406,0.2464379006,0.474631785,0.6217952707,0.5684932991,0.6388889703
970,1.0,0.0,0.0,0.0,1.0,1.0,0.2527139202,0.2532829959,0.4796085538,0.6258070373,0.5753427661,0.6351348858
971,1.0,0.0,0.0,0.0,1.0,1.0,0.2555949463,0.2515715738,0.4885244939,0.6282058129,0.5787672417,0.6394556088
972,1.0,0.0,0.0,0.0,1.0,1.0,0.2502720943,0.2395923264,0.4942339117,0.6249998277,0.5753426082,0.6571440543
973,1.0,0.0,0.0,0.0,1.0,1.0,0.2535651963,0.2507190957,0.4909390667,0.6363640102,0.5773196026,0.6438353392
974,1.0,0.0,0.0,0.0,1.0,1.0,0.2486255635,0.2490018195,0.4892915769,0.6291383146,0.5738831005,0.6344819664
975,1.0,0.0,0.0,0.0,1.0,1.0,0.2560147652,0.2515719929,0.4876847765,0.6217944064,0.5719179139,0.6394556464
976,1.0,0.0,0.0,0.0,1.0,1.0,0.256812158,0.2593053259,0.4828150119,0.6305735135,0.5738833319,0.6357610717
977,1.0,0.0,0.0,0.0,1.0,1.0,0.2506796361,0.2558706795,0.4836066314,0.6274516801,0.5670103836,0.6510061533
978,1.0,0.0,0.0,0.0,1.0,1.0,0.2584482101,0.2601288004,0.4860883264,0.6139229615,0.575342536,0.6381580801
979,1.0,0.0,0.0,0.0,1.0,1.0,0.2571854406,0.2600586054,0.4869707137,0.6202537427,0.5782312729,0.6274515516
980,1.0,0.0,0.0,0.0,1.0,1.0,0.2608657044,0.2677682447,0.4861336863,0.6187500083,0.5733788905,0.6305737759
981,1.0,0.0,0.0,0.0,1.0,1.0,0.2645582367,0.2721082482,0.4852941442,0.6172841912,0.5753425792,0.6352193184
982,1.0,0.0,0.0,0.0,1.0,1.0,0.2608657413,0.2677683935,0.4877651173,0.6187491902,0.5767920108,0.6305729223
983,1.0,0.0,0.0,0.0,1.0,1.0,0.2624962331,0.2660631974,0.482871166,0.6149062674,0.5665528059,0.6282050061
984,1.0,0.0,0.0,0.0,1.0,1.0,0.2632674907,0.2694739301,0.4861789399,0.6172839829,0.5699657839,0.6455701468
985,1.0,0.0,0.0,0.0,1.0,1.0,0.2713929557,0.2770562971,0.4861788466,0.6167666398,0.5748297951,0.6319012493
986,1.0,0.0,0.0,0.0,1.0,1.0,0.2672738622,0.270257131,0.4846028778,0.6121213847,0.571428727,0.641509586
987,1.0,0.0,0.0,0.0,1.0,1.0,0.2660850461,0.2719570026,0.4837662108,0.6280487252,0.5748299037,0.6437509785
988,1.0,0.0,0.0,0.0,1.0,1.0,0.2697679869,0.2770560617,0.4861788142,0.6265068707,0.5782313661,0.6319018165
989,1.0,0.0,0.0,0.0,1.0,1.0,0.2765447301,0.2828927099,0.4627832442,0.6198828815,0.5593220339,0.6167664975
990,1.0,0.0,0.0,0.0,1.0,1.0,0.2716928731,0.2768723593,0.4757282515,0.6249998429,0.5709461651,0.6280486156
991,1.0,0.0,0.0,0.0,1.0,1.0,0.2712541317,0.2802490895,0.4701131969,0.6250003166,0.5675677132,0.6325301514
992,1.0,0.0,0.0,0.0,1.0,1.0,0.2728687557,0.2804555877,0.4846527317,0.6213009899,0.5748297534,0.6303030692
993,1.0,0.0,0.0,0.0,1.0,1.0,0.2693303973,0.2770559863,0.4772728238,0.6265059466,0.5680272059,0.6257671606
994,1.0,0.0,0.0,0.0,1.0,1.0,0.2668413018,0.2719569235,0.4902913243,0.6181823336,0.5782313319,0.6249998339
995,1.0,0.0,0.0,0.0,1.0,1.0,0.2648928276,0.2694740765,0.4829267932,0.6257674051,0.5733790578,0.639239709
996,1.0,0.0,0.0,0.0,1.0,1.0,0.2652239728,0.2676470957,0.4838188293,0.6219515184,0.5762711804,0.6329106975
997,1.0,0.0,0.0,0.0,1.0,1.0,0.2645579623,0.2686853878,0.4869281497,0.6296299195,0.5753424014,0.6305738228
998,1.0,0.0,0.0,0.0,1.0,1.0,0.2702074526,0.2770560775,0.4837132729,0.6265060549,0.5782311847,0.631901984
999,1.0,0.0,0.0,0.0,1.0,1.0,0.2694574092,0.2755310522,0.4885620919,0.6181825395,0.5821920432,0.6273287282
1000,1.0,0.0,0.0,0.0,1.0,1.0,0.2665178284,0.2728849998,0.4845527851,0.634147349,0.5699657261,0.631250306
1001,1.0,0.0,0.0,0.0,1.0,1.0,0.2709526695,0.2789541031,0.4837661951,0.6287419282,0.5719177808,0.6257663592
1002,1.0,0.0,0.0,0.0,1.0,1.0,0.2673873731,0.2772426772,0.486133736,0.6341461517,0.5719180188,0.6358021532
1003,1.0,0.0,0.0,0.0,1.0,1.0,0.2661911459,0.2747608236,0.4836601038,0.6441720717,0.5704467391,0.6437498851
1004,1.0,0.0,0.0,0.0,1.0,1.0,0.2677076027,0.2831182281,0.4870130135,0.6363626946,0.576791595,0.6204818502
1005,1.0,0.0,0.0,0.0,1.0,1.0,0.2725753014,0.2831185085,0.4870129948,0.6369042699,0.5802047292,0.6265057645
1006,1.0,0.0,0.0,0.0,1.0,1.0,0.2665177033,0.2772426263,0.4829267022,0.6341458364,0.568493188,0.6234572592
1007,1.0,0.0,0.0,0.0,1.0,1.0,0.2494501914,0.2515836356,0.4876846886,0.6315794641,0.5724137931,0.6438352764
1008,1.0,0.0,0.0,0.0,1.0,1.0,0.2275955526,0.2126839332,0.4834982484,0.6231885388,0.5674740977,0.6585360412
1009,1.0,0.0,0.0,0.0,1.0,1.0,0.2151119225,0.1978060372,0.4850993159,0.6153838637,0.5624999082,0.6578945902
1010,1.0,0.0,0.0,0.0,1.0,1.0,0.2197119442,0.2074966459,0.4826446806,0.6240612287,0.5605535394,0.666666078
1011,1.0,0.0,0.0,0.0,1.0,1.0,0.217126,0.2057676713,0.4776120325,0.6030523931,0.5570934753,0.6554618391
1012,1.0,0.0,0.0,0.0,1.0,1.0,0.1463030415,0.1235473454,0.490299876,0.5060253875,0.5166051416,0.5970136516
1013,1.0,0.0,0.0,0.0,1.0,1.0,0.1255935733,0.1300389474,0.4920353973,0.4225357845,0.5055760172,0.3999982309
1014,1.0,0.0,0.0,0.0,1.0,1.0,0.1326692086,0.1393273354,0.4796459331,0.3999994414,0.5018586551,0.3733329982
1015,1.0,0.0,0.0,0.0,1.0,1.0,0.128794233,0.13447007,0.4553264228,0.4799991004,0.4945455646,0.4324305842
1016,1.0,0.0,0.0,0.0,1.0,1.0,0.1341765677,0.1263031278,0.4595525448,0.5512825893,0.5018316253,0.5652181648
1017,1.0,0.0,0.0,0.0,1.0,1.0,0.1786523104,0.1707232363,0.4671163216,0.6037738875,0.5373666355,0.6458338867
1018,1.0,0.0,0.0,0.0,1.0,1.0,0.2312759493,0.2203627505,0.4809917893,0.6142855416,0.5694443476,0.6456703932
1019,1.0,0.0,0.0,0.0,1.0,1.0,0.2535408372,0.2532835441,0.476268395,0.6193555321,0.5650685582,0.6351347256
1020,1.0,0.0,0.0,0.0,1.0,1.0,0.2600838721,0.2618400401,0.4746317526,0.6226416589,0.5650683566,0.6209151762
1021,1.0,0.0,0.0,0.0,1.0,1.0,0.2666268149,0.2705387903,0.4697216833,0.6196330067,0.5586208616,0.6242035024
1022,1.0,0.0,0.0,0.0,1.0,1.0,0.2642206273,0.2680166652,0.4761905704,0.6273297021,0.5640137593,0.6258069665
1023,1.0,0.0,0.0,0.0,1.0,1.0,0.2621488626,0.2661744063,0.4704918502,0.6249996695,0.5567008774,0.6322583287
1024,1.0,0.0,0.0,0.0,1.0,1.0,0.262579291,0.2714747794,0.4679803221,0.6312499752,0.5570937004,0.6305736692
1025,1.0,0.0,0.0,0.0,1.0,1.0,0.2637868773,0.2696089687,0.477049127,0.6211175663,0.5635738124,0.6305727111
1026,1.0,0.0,0.0,0.0,1.0,1.0,0.2612919886,0.2688156777,0.4771241469,0.6187497772,0.5620691111,0.6282048157
1027,1.0,0.0,0.0,0.0,1.0,1.0,0.2641267675,0.2711798681,0.4763459076,0.623457127,0.5665529893,0.6226418592
1028,1.0,0.0,0.0,0.0,1.0,1.0,0.2661910952,0.2721083104,0.4787581463,0.6257669834,0.5650684594,0.6226413325
1029,1.0,0.0,0.0,0.0,1.0,1.0,0.2703408672,0.2764780138,0.4819672389,0.6242415472,0.5670101734,0.639751742
1030,1.0,0.0,0.0,0.0,1.0,1.0,0.2675023784,0.2747604734,0.4778324443,0.6319017282,0.5670103395,0.6312503247
1031,1.0,0.0,0.0,0.0,1.0,1.0,0.2681429708,0.2702573553,0.4617886372,0.6181823966,0.5578230467,0.6352204497
1032,1.0,0.0,0.0,0.0,1.0,1.0,0.2665175821,0.2789538188,0.4780488508,0.6341468127,0.5684930913,0.6319013793
1033,1.0,0.0,0.0,0.0,1.0,1.0,0.2739090608,0.2816293531,0.479608439,0.6190478001,0.5704465557,0.6280487726
1034,1.0,0.0,0.0,0.0,1.0,1.0,0.2703407293,0.2730433165,0.481967228,0.6303024138,0.5704468094,0.6415101903
1035,1.0,0.0,0.0,0.0,1.0,1.0,0.2731697132,0.2816299558,0.4713584451,0.6347307814,0.5635738196,0.6341457758
1036,1.0,0.0,0.0,0.0,1.0,1.0,0.271835151,0.2833470055,0.4755699959,0.6287433786,0.5635741437,0.6242421216
1037,1.0,0.0,0.0,0.0,1.0,1.0,0.2727236705,0.2816295142,0.4771241751,0.6227541934,0.567010151,0.6280483769
1038,1.0,0.0,0.0,0.0,1.0,1.0,0.2690179852,0.2772422144,0.4747145283,0.6363630559,0.5650686068,0.6296298223
1039,1.0,0.0,0.0,0.0,1.0,1.0,0.2629250997,0.2686856075,0.4820262034,0.6397513401,0.5719180059,0.6369437851
1040,1.0,0.0,0.0,0.0,1.0,1.0,0.2648925864,0.2755313418,0.4780487671,0.6257672674,0.5684933259,0.6335398691
1041,1.0,0.0,0.0,0.0,1.0,1.0,0.2669518762,0.2755309587,0.4771987133,0.6280484527,0.5650686236,0.6273288605
1042,1.0,0.0,0.0,0.0,1.0,1.0,0.2705136369,0.28045549,0.4764992256,0.6287429462,0.5680272499,0.630302976
1043,1.0,0.0,0.0,0.0,1.0,1.0,0.2778937494,0.291645748,0.4764227757,0.6315797978,0.5699660311,0.6257314521
1044,1.0,0.0,0.0,0.0,1.0,1.0,0.2793269609,0.2940534,0.476575045,0.6242777594,0.5714286226,0.6242777594
1045,1.0,0.0,0.0,0.0,1.0,1.0,0.2797788267,0.2933515674,0.4805824953,0.6358379858,0.5699660211,0.6279064846
1046,1.0,0.0,0.0,0.0,1.0,1.0,0.2733100256,0.2889542253,0.4773463198,0.6272182098,0.568027301,0.6235298402
1047,1.0,0.0,0.0,0.0,1.0,1.0,0.2804307078,0.2933515144,0.4796085639,0.6395357166,0.5699658889,0.6220935976
1048,1.0,0.0,0.0,0.0,1.0,1.0,0.2820610936,0.2967626667,0.4763457929,0.624277407,0.5699659666,0.620689361
1049,1.0,0.0,0.0,0.0,1.0,1.0,0.2776227829,0.2875106962,0.475490161,0.635294901,0.5650684468,0.6249993643
1050,1.0,0.0,0.0,0.0,1.0,1.0,0.2721251739,0.2818495129,0.4719471168,0.6242418866,0.5605534085,0.6257669271
1051,1.0,0.0,0.0,0.0,1.0,1.0,0.2673874659,0.2799123778,0.4747144632,0.6402431888,0.5635740808,0.6257665902
1052,1.0,0.0,0.0,0.0,1.0,1.0,0.2706481227,0.2816294882,0.4779772369,0.6385542783,0.5635737907,0.6280485444
1053,1.0,0.0,0.0,0.0,1.0,1.0,0.2743564698,0.2840877793,0.4754902619,0.6250006361,0.5616440861,0.6204824551
1054,1.0,0.0,0.0,0.0,1.0,1.0,0.2698983153,0.2747602542,0.4762684507,0.62424342,0.5670104358,0.625
1055,1.0,0.0,0.0,0.0,1.0,1.0,0.2774423091,0.2872543957,0.4707792317,0.6374271327,0.5680271324,0.6272191057
1056,1.0,0.0,0.0,0.0,1.0,1.0,0.275539188,0.2797071854,0.4747144854,0.6390528635,0.5665529476,0.6219514075
1057,1.0,0.0,0.0,0.0,1.0,1.0,0.2830134211,0.2947504999,0.4724918668,0.6285705599,0.569491677,0.6149421281
1058,1.0,0.0,0.0,0.0,1.0,1.0,0.2774425172,0.2889541456,0.477272636,0.6257301553,0.5748298287,0.623529516
1059,1.0,0.0,0.0,0.0,1.0,1.0,0.2793271676,0.2913626486,0.4733441065,0.6300582581,0.5661016788,0.6220927604
1060,1.0,0.0,0.0,0.0,1.0,1.0,0.2756524306,0.2862807573,0.4741934779,0.6374274605,0.5661015569,0.6213024228
1061,1.0,0.0,0.0,0.0,1.0,1.0,0.279518842,0.2923539085,0.4731707351,0.6395348837,0.564625912,0.6337203098
1062,1.0,0.0,0.0,0.0,1.0,1.0,0.2744832653,0.2853137946,0.474959686,0.635293823,0.5675675287,0.6213020957
1063,1.0,0.0,0.0,0.0,1.0,1.0,0.2760978357,0.2872544062,0.473344038,0.6315797322,0.5714284166,0.6213013139
1064,1.0,0.0,0.0,0.0,1.0,1.0,0.2786128741,0.2862806695,0.4667747552,0.6279070338,0.5661018258,0.6213013464
1065,1.0,0.0,0.0,0.0,1.0,1.0,0.2765446464,0.2836256052,0.4676375603,0.6257299338,0.564189383,0.625000632
1066,1.0,0.0,0.0,0.0,1.0,1.0,0.2661913597,0.2703971649,0.4689541894,0.6319019359,0.5616439694,0.6329112231
1067,1.0,0.0,0.0,0.0,1.0,1.0,0.2697678318,0.2797074181,0.4715447217,0.6325305126,0.5665530502,0.6341459003
1068,1.0,0.0,0.0,0.0,1.0,1.0,0.2644629528,0.2711798963,0.4707792413,0.6319010141,0.5631399379,0.6352192741
1069,1.0,0.0,0.0,0.0,1.0,1.0,0.2705135893,0.2770563211,0.4732576389,0.6227550047,0.5680274618,0.6257667504
1070,1.0,0.0,0.0,0.0,1.0,1.0,0.2755395101,0.2838552371,0.4730831732,0.6272184982,0.5714285714,0.6227541424
1071,1.0,0.0,0.0,0.0,1.0,1.0,0.2733103987,0.2785609283,0.4741101383,0.6213009936,0.5709458053,0.62424162
1072,1.0,0.0,0.0,0.0,1.0,1.0,0.2688937334,0.2761168407,0.4716369226,0.6204823595,0.5694915913,0.6257662554
1073,1.0,0.0,0.0,0.0,1.0,1.0,0.2588132235,0.266062757,0.4706840482,0.6289304227,0.5665526426,0.6217953257
1074,1.0,0.0,0.0,0.0,1.0,1.0,0.2719792051,0.2780015053,0.4786885355,0.6265063954,0.5733788545,0.6196320463
1075,1.0,0.0,0.0,0.0,1.0,1.0,0.271393355,0.2753564613,0.4764228754,0.6227545217,0.5748297356,0.6234560412
1076,1.0,0.0,0.0,0.0,1.0,1.0,0.2734627737,0.2770560671,0.4804559868,0.6190473196,0.5714285201,0.6073618121
1077,1.0,0.0,0.0,0.0,1.0,1.0,0.2715341523,0.2772424482,0.4746317696,0.6265059623,0.5684930884,0.6111118405
1078,1.0,0.0,0.0,0.0,1.0,1.0,0.2706481739,0.2762958742,0.486133837,0.6204815894,0.5802047153,0.6234565641
1079,1.0,0.0,0.0,0.0,1.0,1.0,0.2613671834,0.2619227033,0.4868420856,0.6100630372,0.5724138109,0.6184209599
1080,1.0,0.0,0.0,0.0,1.0,1.0,0.2661911814,0.2755308764,0.4885620868,0.619632102,0.5787672006,0.6211182504
1081,1.0,0.0,0.0,0.0,1.0,1.0,0.2621484889,0.2652627079,0.4868852621,0.6250003313,0.5787670077,0.6322577997
1082,1.0,0.0,0.0,0.0,1.0,1.0,0.2658612554,0.2713264168,0.4909687891,0.6296292452,0.5773197774,0.6202534003
1083,1.0,0.0,0.0,0.0,1.0,1.0,0.2654252875,0.2728854058,0.4934426618,0.6358030347,0.5802046285,0.6187496162
1084,1.0,0.0,0.0,0.0,1.0,1.0,0.258448167,0.2627396754,0.4811783787,0.6329108815,0.5704466689,0.6339867011
1085,1.0,0.0,0.0,0.0,1.0,1.0,0.2661910678,0.2721083823,0.4869280711,0.6319017295,0.5787670961,0.6289314511
1086,1.0,0.0,0.0,0.0,1.0,1.0,0.2710904823,0.2762963289,0.4836602195,0.626505668,0.5767919132,0.6172838043
1087,1.0,0.0,0.0,0.0,1.0,1.0,0.2694575254,0.275531228,0.4787581668,0.6242430665,0.5719175329,0.6211173785
1088,1.0,0.0,0.0,0.0,1.0,1.0,0.2734628383,0.2797072405,0.4869707779,0.6309527129,0.5802048823,0.6219515362
1089,1.0,0.0,0.0,0.0,1.0,1.0,0.2715342512,0.281629927,0.4828149824,0.626506301,0.5704467904,0.6219516293
1090,1.0,0.0,0.0,0.0,1.0,1.0,0.2719792571,0.2799121535,0.4819671928,0.6325305703,0.5704465445,0.625766966
1091,1.0,0.0,0.0,0.0,1.0,1.0,0.2746432672,0.2831180133,0.4845528519,0.6272190397,0.5699661491,0.6204817104
1092,1.0,0.0,0.0,0.0,1.0,1.0,0.2698984021,0.2772422066,0.4877250841,0.6181822624,0.5787672016,0.6172847914
1093,1.0,0.0,0.0,0.0,1.0,1.0,0.2293527219,0.2174223488,0.480737099,0.6058391245,0.5614036447,0.6451600859
1094,1.0,0.0,0.0,0.0,1.0,1.0,0.181095636,0.1563875352,0.5008546274,0.5566036612,0.550359549,0.6551704122
1095,1.0,0.0,0.0,0.0,1.0,1.0,0.1708889781,0.142519518,0.4939551167,0.5353537474,0.5379061967,0.6202523322
1096,1.0,0.0,0.0,0.0,1.0,1.0,0.1725530452,0.1540358639,0.4837607069,0.5544554047,0.5448030038,0.6511622273
1097,1.0,0.0,0.0,0.0,1.0,1.0,0.1903695857,0.1707231118,0.4863945136,0.5803583112,0.5551604139,0.6354180956
1098,1.0,0.0,0.0,0.0,1.0,1.0,0.2113879905,0.1984707402,0.483925645,0.6,0.5567376795,0.642857414
1099,1.0,0.0,0.0,0.0,1.0,1.0,0.2289690679,0.2116875256,0.4866221153,0.6131381856,0.5624998415,0.6557375647
1100,1.0,0.0,0.0,0.0,1.0,1.0,0.2420396703,0.2343516596,0.4843491683,0.6258511438,0.5724139139,0.6470594648
1101,1.0,0.0,0.0,0.0,1.0,1.0,0.2338069094,0.2213297229,0.4810543685,0.6056338662,0.5674739452,0.6562509886
1102,1.0,0.0,0.0,0.0,1.0,1.0,0.2399976325,0.2318293344,0.488486757,0.6164382366,0.5738831816,0.6518519568
1103,1.0,0.0,0.0,0.0,1.0,1.0,0.2486333675,0.2404152823,0.4762683879,0.6052630473,0.5670102377,0.6357140577
1104,1.0,0.0,0.0,0.0,1.0,1.0,0.2384291973,0.2326288807,0.4754901537,0.6164376804,0.5655172313,0.644444828
1105,1.0,0.0,0.0,0.0,1.0,1.0,0.2560145365,0.2558710476,0.4811166271,0.6153854505,0.5704469365,0.6510058055
1106,1.0,0.0,0.0,0.0,1.0,1.0,0.2617197102,0.2601289138,0.4811782969,0.6250003285,0.5719176086,0.6447363325
1107,1.0,0.0,0.0,0.0,1.0,1.0,0.2543441742,0.2532833796,0.4730831384,0.6282045884,0.5650683727,0.6283785235
1108,1.0,0.0,0.0,0.0,1.0,1.0,0.2583923722,0.2668577921,0.4780487188,0.6289305223,0.5680271356,0.6242047304
1109,1.0,0.0,0.0,0.0,1.0,1.0,0.2531052579,0.2609461666,0.4837662726,0.641025395,0.5699657882,0.6535946434
1110,1.0,0.0,0.0,0.0,1.0,1.0,0.2510751657,0.2592407149,0.4846029478,0.6258071404,0.5699659629,0.6315796171
1111,1.0,0.0,0.0,0.0,1.0,1.0,0.2551420434,0.2635516926,0.4845528736,0.6305732917,0.5753423907,0.6298697431
1112,1.0,0.0,0.0,0.0,1.0,1.0,0.2535168179,0.2626517759,0.4796746893,0.6410265206,0.5665528549,0.6493515519
1113,1.0,0.0,0.0,0.0,1.0,1.0,0.2559348953,0.2635516248,0.4797407438,0.6202536398,0.568493322,0.6363636364
1114,1.0,0.0,0.0,0.0,1.0,1.0,0.2527137927,0.2636455166,0.4845024957,0.6258068064,0.5689654413,0.6339868917
1115,1.0,0.0,0.0,0.0,1.0,1.0,0.2486415303,0.2584175929,0.4926829632,0.627450871,0.5753425908,0.6357619169
1116,1.0,0.0,0.0,0.0,1.0,1.0,0.2514829295,0.2575351623,0.4837661838,0.6258065137,0.5733789388,0.6357615427
1117,1.0,0.0,0.0,0.0,1.0,1.0,0.2530846585,0.2609464535,0.480645119,0.6242032883,0.566552827,0.6405227193
1118,1.0,0.0,0.0,0.0,1.0,1.0,0.2542862282,0.26606303,0.4847021048,0.62658239,0.5733788271,0.6346165729
1119,1.0,0.0,0.0,0.0,1.0,1.0,0.2550410986,0.2641621795,0.4864434028,0.6312501769,0.5757577077,0.6369426139
1120,1.0,0.0,0.0,0.0,1.0,1.0,0.255041055,0.2692100179,0.4880382497,0.625,0.5757575758,0.6437495314
1121,1.0,0.0,0.0,0.0,1.0,1.0,0.2506636988,0.2634582412,0.485530514,0.6282048288,0.5782312801,0.6451616917
1122,1.0,0.0,0.0,0.0,1.0,1.0,0.2486573487,0.260059086,0.4863564182,0.6258065052,0.574829824,0.6470594011
1123,1.0,0.0,0.0,0.0,1.0,1.0,0.2438444313,0.2575355111,0.4831461955,0.631578351,0.5767915658,0.6490058671
1124,1.0,0.0,0.0,0.0,1.0,1.0,0.2348770194,0.2379621541,0.5445705392,0.6068955579,0.6292515537,0.6499999231
1125,1.0,0.0,0.0,0.0,1.0,1.0,0.2281156225,0.2249602304,0.5977011555,0.5899287783,0.6597939927,0.6641214633
1126,1.0,0.0,0.0,0.0,1.0,1.0,0.2211743148,0.2159072741,0.6189683352,0.5714288008,0.6759581985,0.6774179105
1127,1.0,0.0,0.0,0.0,1.0,1.0,0.1807866292,0.1760581144,0.6399317187,0.5566030691,0.6761564658,0.6868688397
1128,1.0,0.0,0.0,0.0,1.0,1.0,0.1807863065,0.1742800079,0.6433446475,0.5566034466,0.6832741691,0.6836732894
1129,1.0,0.0,0.0,0.0,1.0,1.0,0.1784720039,0.1754339299,0.6428572523,0.5523818947,0.6879431345,0.6868677134
1130,1.0,0.0,0.0,0.0,1.0,1.0,0.1772657177,0.1770941311,0.6418920296,0.5523812833,0.6807018508,0.6435637254
1131,1.0,0.0,0.0,0.0,1.0,1.0,0.1805010499,0.178222102,0.6337792529,0.5740739625,0.6748250715,0.6764705257
1132,1.0,0.0,0.0,0.0,1.0,1.0,0.175487356,0.1747274024,0.6371237797,0.5619050785,0.6783216917,0.6700004145
1133,1.0,0.0,0.0,0.0,1.0,1.0,0.1772660614,0.1783455452,0.6402027083,0.5428563752,0.6784451715,0.6732669013
1134,1.0,0.0,0.0,0.0,1.0,1.0,0.163759988,0.1695166543,0.6385134416,0.5360824061,0.6749116981,0.6458319891
1135,1.0,0.0,0.0,0.0,1.0,1.0,0.1759814625,0.1847556774,0.5913621135,0.5377358874,0.6408448117,0.6285720144
1136,1.0,0.0,0.0,0.0,1.0,1.0,0.1839770474,0.1953136122,0.5688225237,0.5675685131,0.6197181334,0.639638484
1137,1.0,0.0,0.0,0.0,1.0,1.0,0.189127721,0.1978063793,0.523654167,0.5862065127,0.5798609905,0.6315792454
1138,1.0,0.0,0.0,0.0,1.0,1.0,0.1799320951,0.1915308632,0.4959083061,0.5909092712,0.5540067423,0.6181814215
1139,1.0,0.0,0.0,0.0,1.0,1.0,0.167919157,0.1863072736,0.4539580135,0.6250010472,0.5156795165,0.616822525
1140,1.0,0.0,0.0,0.0,1.0,1.0,0.1590751723,0.1793423474,0.4549839272,0.6161627861,0.51916383,0.5922322348
1141,1.0,0.0,0.0,0.0,1.0,1.0,0.1652367828,0.1863069981,0.4478330858,0.6019422412,0.5017423906,0.598132404
1142,1.0,0.0,0.0,0.0,1.0,1.0,0.1267584582,0.1486625745,0.4406504263,0.5897430173,0.4874554585,0.5903598658
1143,1.0,0.0,0.0,0.0,1.0,1.0,0.09285339218,0.1548951835,0.4695945396,0.5454534711,0.5018448607,0.4523803997
1144,1.0,0.0,0.0,0.0,1.0,1.0,0.09269692072,0.1610210814,0.4789207352,0.5090891589,0.5,0.448277289
1145,1.0,0.0,0.0,0.0,1.0,1.0,0.08228667224,0.1803500915,0.4939966001,0.3124974968,0.5187971524,0.322915415
1146,1.0,0.0,0.0,0.0,1.0,1.0,0.07714359729,0.1949668467,0.4905660118,0.2888873062,0.5227272452,0.3495133547
1147,1.0,0.0,0.0,0.0,1.0,1.0,0.07089464529,0.1995083893,0.5,0.3414605309,0.5323195165,0.3714270803
1148,1.0,0.0,0.0,0.0,1.0,1.0,0.07004636109,0.1919079697,0.5008546407,0.5365867772,0.5209126145,0.386138783
1149,1.0,0.0,0.0,0.0,1.0,1.0,0.06408889549,0.2018103207,0.5147312319,0.4324318127,0.5384615698,0.380951419
1150,1.0,0.0,0.0,0.0,1.0,1.0,0.06345686414,0.2124801522,0.5061728511,0.3611119322,0.5275591079,0.3703708813
1151,1.0,0.0,0.0,0.0,1.0,1.0,0.0599314289,0.2273236798,0.4902998157,0.3823556881,0.5098040029,0.37069008
1152,1.0,0.0,0.0,0.0,1.0,1.0,0.05241863669,0.2351627511,0.5087412889,0.266664781,0.5254903069,0.35
1153,1.0,0.0,0.0,0.0,1.0,1.0,0.05542834285,0.2440046073,0.5164644913,0.2812545147,0.5351564807,0.36800078
1154,1.0,0.0,0.0,0.0,1.0,1.0,0.06431182137,0.2469211013,0.500869488,0.2702688471,0.5333331354,0.3571428571
1155,1.0,0.0,0.0,0.0,1.0,1.0,0.06353838239,0.2498601472,0.5017181135,0.2972966696,0.5273436353,0.3671875656
1156,1.0,0.0,0.0,0.0,1.0,1.0,0.07028657962,0.2430550389,0.4957117717,0.2682937234,0.5175096466,0.3600006996
1157,1.0,0.0,0.0,0.0,1.0,1.0,0.07163226277,0.2672922484,0.4965870661,0.1666666667,0.5232557752,0.3478253414
1158,1.0,0.0,0.0,0.0,1.0,1.0,0.08455545275,0.2584764051,0.500846037,0.200001729,0.5249041924,0.3407409898
1159,1.0,0.0,0.0,0.0,1.0,1.0,0.07622875343,0.2739787033,0.5016949229,0.1555591653,0.5328184734,0.3450707741
1160,1.0,0.0,0.0,0.0,1.0,1.0,0.08314539918,0.2546838211,0.4974534177,0.2244882574,0.5250965105,0.3560594587
1161,1.0,0.0,0.0,0.0,1.0,1.0,0.1006151858,0.2307872976,0.5016778628,0.5166669101,0.5419847871,0.4628102167
1162,1.0,0.0,0.0,0.0,1.0,1.0,0.1164074059,0.2120027508,0.4775373995,0.5857146843,0.5227269926,0.5446415769
1163,1.0,0.0,0.0,0.0,1.0,1.0,0.1698722026,0.2220983325,0.4801980144,0.5825244385,0.537037181,0.5916680172
1164,1.0,0.0,0.0,0.0,1.0,1.0,0.2188322103,0.2589796695,0.4852941084,0.5671638372,0.5510947081,0.6126758389
1165,1.0,0.0,0.0,0.0,1.0,1.0,0.268024709,0.2947995336,0.4862681646,0.5662654671,0.5503594767,0.615853891
1166,1.0,0.0,0.0,0.0,1.0,1.0,0.2917033898,0.3112141151,0.4784688204,0.5683063013,0.5516013907,0.6228567619
1167,1.0,0.0,0.0,0.0,1.0,1.0,0.3174327825,0.3279419137,0.4858491148,0.5792075741,0.5694446842,0.6296290232
1168,1.0,0.0,0.0,0.0,1.0,1.0,0.340434938,0.3435585432,0.4640624543,0.5733937537,0.5486111876,0.6262627938
1169,1.0,0.0,0.0,0.0,1.0,1.0,0.3512813184,0.3486023895,0.458786908,0.575221826,0.539518726,0.6256159722
1170,1.0,0.0,0.0,0.0,1.0,1.0,0.3576128879,0.3566976495,0.4578125495,0.5764193291,0.5448275889,0.637680956
1171,1.0,0.0,0.0,0.0,1.0,1.0,0.3637160662,0.3554712492,0.4603421789,0.5726499774,0.5429550976,0.6328502415
1172,1.0,0.0,0.0,0.0,1.0,1.0,0.3734348642,0.3662337692,0.4527132487,0.5809127168,0.5410956597,0.635513628
1173,1.0,0.0,0.0,0.0,1.0,1.0,0.3628648239,0.3643799297,0.4538341664,0.5775867568,0.5416666507,0.6380948575
1174,1.0,0.0,0.0,0.0,1.0,1.0,0.3695284863,0.3657750061,0.457098274,0.5780584761,0.5463916513,0.6338021328
1175,1.0,0.0,0.0,0.0,1.0,1.0,0.3667246647,0.3665775955,0.450393765,0.5751072433,0.5432524091,0.6415089825
1176,1.0,0.0,0.0,0.0,1.0,1.0,0.3647251,0.356697594,0.4597156647,0.5757580407,0.5517240063,0.6376814386
1177,1.0,0.0,0.0,0.0,1.0,1.0,0.3641499141,0.3643797928,0.4558359936,0.575756882,0.5520831223,0.6428566182
1178,1.0,0.0,0.0,0.0,1.0,1.0,0.3761680458,0.3674923804,0.4614173308,0.5774059002,0.553264334,0.64018641
1179,1.0,0.0,0.0,0.0,1.0,1.0,0.3667241795,0.3661149351,0.4551180584,0.575107643,0.5486110847,0.6398104364
1180,1.0,0.0,0.0,0.0,1.0,1.0,0.3615673343,0.3591743779,0.462875133,0.5807855481,0.5590279722,0.6376808999
1181,1.0,0.0,0.0,0.0,1.0,1.0,0.3634337992,0.364847957,0.4592476621,0.5775862318,0.5536330377,0.6398101758
1182,1.0,0.0,0.0,0.0,1.0,1.0,0.3702799833,0.3713204334,0.458398676,0.580508451,0.545139114,0.6401860904
1183,1.0,0.0,0.0,0.0,1.0,1.0,0.3706847549,0.3722060742,0.4569640385,0.5822780818,0.544827837,0.6388889172
1184,1.0,0.0,0.0,0.0,1.0,1.0,0.366566246,0.3635898986,0.4545454388,0.5811966377,0.5482759067,0.6492893277
1185,1.0,0.0,0.0,0.0,1.0,1.0,0.3716280445,0.3700352521,0.4604430063,0.5702125528,0.5501730195,0.6308412595
1186,1.0,0.0,0.0,0.0,1.0,1.0,0.3747906057,0.3695851979,0.4636076734,0.573839962,0.5590277225,0.6384977537
1187,1.0,0.0,0.0,0.0,1.0,1.0,0.3720319179,0.3695851963,0.4574132086,0.580508322,0.5416668243,0.6384982675
1188,1.0,0.0,0.0,0.0,1.0,1.0,0.3735934747,0.3673905515,0.4584664719,0.5811964861,0.5505225876,0.6398105824
1189,1.0,0.0,0.0,0.0,1.0,1.0,0.3657266276,0.3686754057,0.4526814426,0.5775861746,0.5419578812,0.6350712464
1190,1.0,0.0,0.0,0.0,1.0,1.0,0.371040724,0.3691319127,0.4549763828,0.5744679281,0.5435542398,0.6367929883
1191,1.0,0.0,0.0,0.0,1.0,1.0,0.3734002681,0.3656495225,0.4626391527,0.5829786313,0.5470385195,0.638095208
1192,1.0,0.0,0.0,0.0,1.0,1.0,0.3694619719,0.3656493113,0.4518168429,0.581197366,0.5435539425,0.638095881
1193,1.0,0.0,0.0,0.0,1.0,1.0,0.3688791726,0.3673907977,0.4542586907,0.5726497235,0.5400698604,0.6350709778
1194,1.0,0.0,0.0,0.0,1.0,1.0,0.3694620078,0.3691321103,0.456556105,0.5769226832,0.5435541232,0.6367927436
1195,1.0,0.0,0.0,0.0,1.0,1.0,0.3589764734,0.3599391424,0.46044311,0.5770924221,0.5524475311,0.6407762055
1196,1.0,0.0,0.0,0.0,1.0,1.0,0.3666213973,0.3647083942,0.4673045551,0.578260612,0.5578949072,0.6346148563
1197,1.0,0.0,0.0,0.0,1.0,1.0,0.3464516527,0.3531598194,0.4584665025,0.5806448657,0.5477031995,0.6399992489
1198,1.0,0.0,0.0,0.0,1.0,1.0,0.2312897571,0.2591837882,0.4831080819,0.5766427403,0.5447761165,0.6115108896
1199,1.0,0.0,0.0,0.0,1.0,1.0,0.07687998617,0.2286176177,0.5187834891,0.3488395062,0.5182186357,0.3362829863
1200,1.0,0.0,0.0,0.0,1.0,1.0,0.0588954639,0.232801647,0.5071427981,0.3636369573,0.5220886279,0.3879298493
1201,1.0,0.0,0.0,0.0,1.0,1.0,0.1750723304,0.2252529429,0.477891203,0.5825240928,0.5227270094,0.6050431346
1202,1.0,0.0,0.0,0.0,1.0,1.0,0.2552473026,0.2790411058,0.4709784976,0.5714287698,0.5437955222,0.6274508708
1203,1.0,0.0,0.0,0.0,1.0,1.0,0.2983887757,0.3096860728,0.4606740767,0.5806444426,0.5457746479,0.6477274276
1204,1.0,0.0,0.0,0.0,1.0,1.0,0.3336769797,0.3384075325,0.4626390595,0.5857143005,0.5543861025,0.6476690814
1205,1.0,0.0,0.0,0.0,1.0,1.0,0.3373709577,0.3343079515,0.4595880136,0.5821591634,0.5505225992,0.6510419622
1206,1.0,0.0,0.0,0.0,1.0,1.0,0.2486173634,0.2753934121,0.4742951152,0.5933331976,0.5510947352,0.6357611302
1207,1.0,0.0,0.0,0.0,1.0,1.0,0.06745790475,0.2181325083,0.5115452142,0.1578917757,0.5158729082,0.3090918279
1208,1.0,0.0,0.0,0.0,1.0,1.0,0.05827131952,0.2223167245,0.5123674168,0.303031099,0.5236218794,0.3451332864
1209,1.0,0.0,0.0,0.0,1.0,1.0,0.1857069287,0.2274847026,0.48141893,0.5999996033,0.5335818558,0.6311467641
1210,1.0,0.0,0.0,0.0,1.0,1.0,0.2560146263,0.2814312318,0.4712643134,0.5769226031,0.5451263552,0.6282043385
1211,1.0,0.0,0.0,0.0,1.0,1.0,0.3038300982,0.3114459375,0.4639999694,0.5842107299,0.5528168821,0.6553663003
1212,1.0,0.0,0.0,0.0,1.0,1.0,0.3299895866,0.3319947458,0.4597156749,0.5837317325,0.5501730561,0.6510418977
1213,1.0,0.0,0.0,0.0,1.0,1.0,0.3368371603,0.3371816919,0.4572785028,0.5868549494,0.5467127767,0.6512828812
1214,1.0,0.0,0.0,0.0,1.0,1.0,0.3326194886,0.3348826932,0.4611727905,0.5809526934,0.5520833253,0.6580311358
1215,1.0,0.0,0.0,0.0,1.0,1.0,0.3236741651,0.3302651584,0.4628751878,0.5804873831,0.550172956,0.6492146415
1216,1.0,0.0,0.0,0.0,1.0,1.0,0.2477954533,0.2724112168,0.4793389059,0.5799999429,0.5559568768,0.6158943028
1217,1.0,0.0,0.0,0.0,1.0,1.0,0.1362102548,0.1980025891,0.4821125509,0.5625014806,0.5207548069,0.5714288579
1218,1.0,0.0,0.0,0.0,1.0,1.0,0.1468775689,0.2013802549,0.4864864323,0.5862061268,0.5335821526,0.6018525549
1219,1.0,0.0,0.0,0.0,1.0,1.0,0.2273689171,0.2570505822,0.4762683894,0.58273431,0.5539567414,0.6223776971
1220,1.0,0.0,0.0,0.0,1.0,1.0,0.2657751461,0.2893122975,0.4633756997,0.586826301,0.5508772221,0.6242421557
1221,1.0,0.0,0.0,0.0,1.0,1.0,0.2816898332,0.299832689,0.4681528475,0.5819214811,0.5578949379,0.6374269676
1222,1.0,0.0,0.0,0.0,1.0,1.0,0.2663039428,0.2860595792,0.4654895448,0.5903611901,0.5512365389,0.6296295793
1223,1.0,0.0,0.0,0.0,1.0,1.0,0.1988938817,0.2389176649,0.4742952145,0.5749991951,0.5437955561,0.6183204106
1224,1.0,0.0,0.0,0.0,1.0,1.0,0.05961583645,0.2061105389,0.519298259,0.4411766583,0.5330740334,0.3867928005
1225,1.0,0.0,0.0,0.0,1.0,1.0,0.07126448876,0.2264362474,0.4834782945,0.07317073171,0.4921874837,0.249999539
1226,1.0,0.0,0.0,0.0,1.0,1.0,0.07621386093,0.2343649318,0.4922010167,0.06818047918,0.4961241835,0.2396700707
1227,1.0,0.0,0.0,0.0,1.0,1.0,0.08721144762,0.2342441625,0.4921467011,0.04000136553,0.4882813362,0.2083336297
1228,1.0,0.0,0.0,0.0,1.0,1.0,0.08576674247,0.2352767898,0.4956216733,0.04081895556,0.4980547942,0.206610589
1229,1.0,0.0,0.0,0.0,1.0,1.0,0.08652400328,0.2459256641,0.5035335369,0.0612244898,0.5,0.2079996424
1230,1.0,0.0,0.0,0.0,1.0,1.0,0.08416351843,0.2333328767,0.4964911905,0.04166648136,0.4941633886,0.2000007116
1231,1.0,0.0,0.0,0.0,1.0,1.0,0.09118337448,0.2438638445,0.5062611664,0.09803563119,0.5039999898,0.2131150958
1232,1.0,0.0,0.0,0.0,1.0,1.0,0.08714023515,0.2342441311,0.5071174401,0.04081561626,0.511718698,0.2166671404
1233,1.0,0.0,0.0,0.0,1.0,1.0,0.08926720585,0.2361961488,0.497373091,0.01960924011,0.4999997914,0.1818189847
1234,1.0,0.0,0.0,0.0,1.0,1.0,0.07581965133,0.2238129552,0.477586208,0.1136348007,0.4942086423,0.2413790534
1235,1.0,0.0,0.0,0.0,1.0,1.0,0.06098280633,0.1972581075,0.4830509164,0.5277750527,0.5187970704,0.3619047419
1236,1.0,0.0,0.0,0.0,1.0,1.0,0.1861704043,0.2273102251,0.4591503773,0.6052628095,0.5270758081,0.6507935965
1237,1.0,0.0,0.0,0.0,1.0,1.0,0.2578689154,0.2805452767,0.4807692495,0.5962732322,0.5614033116,0.6625002418
1238,1.0,0.0,0.0,0.0,1.0,1.0,0.3014193333,0.3084484815,0.4746031496,0.5894732905,0.5655173285,0.6424585372
1239,1.0,0.0,0.0,0.0,1.0,1.0,0.3137046518,0.3217382202,0.4668769024,0.58794023,0.5616437894,0.6436169034
1240,1.0,0.0,0.0,0.0,1.0,1.0,0.2903139836,0.3032791098,0.4746031498,0.5846990541,0.5620687023,0.6420457519
1241,1.0,0.0,0.0,0.0,1.0,1.0,0.05660540023,0.1991074875,0.5079644975,0.3750033695,0.523437398,0.3431376695
1242,1.0,0.0,0.0,0.0,1.0,1.0,0.061154541,0.1983326473,0.4947552655,0.3714271622,0.5136183081,0.3529425454
1243,1.0,0.0,0.0,0.0,1.0,1.0,0.1142220026,0.1634776048,0.4890756032,0.6323545398,0.5353160917,0.602271492
1244,1.0,0.0,0.0,0.0,1.0,1.0,0.2106667476,0.2409368289,0.4787581954,0.5968986876,0.5535716301,0.6518519715
1245,1.0,0.0,0.0,0.0,1.0,1.0,0.2779798553,0.2883004366,0.4662379178,0.6069360572,0.5524473756,0.6545451888
1246,1.0,0.0,0.0,0.0,1.0,1.0,0.2930219106,0.2970850139,0.4722662164,0.5891893491,0.5601374235,0.6473982808
1247,1.0,0.0,0.0,0.0,1.0,1.0,0.2952538493,0.3084485634,0.4691943434,0.5828875552,0.5551723757,0.6424576177
1248,1.0,0.0,0.0,0.0,1.0,1.0,0.2979410134,0.3056712077,0.4668769776,0.582011271,0.5601373786,0.6516847608
1249,1.0,0.0,0.0,0.0,1.0,1.0,0.2952540067,0.3056714164,0.4660347598,0.5882352941,0.5567010856,0.6460669977
1250,1.0,0.0,0.0,0.0,1.0,1.0,0.2839856263,0.2950568726,0.4568288518,0.6132592624,0.5529010342,0.6647399437
1251,1.0,0.0,0.0,0.0,1.0,1.0,0.2770107018,0.2892221379,0.4535432723,0.613636105,0.5513697587,0.6686386871
1252,1.0,0.0,0.0,0.0,1.0,1.0,0.2641838015,0.2808777475,0.4570064037,0.6144585515,0.551724269,0.6564422241
1253,1.0,0.0,0.0,0.0,1.0,1.0,0.2390318041,0.2603440667,0.4654896502,0.6241600841,0.5524476083,0.6577172977
1254,1.0,0.0,0.0,0.0,1.0,1.0,0.2462622544,0.268947291,0.4671999164,0.6168832566,0.5486110685,0.6645154579
1255,1.0,0.0,0.0,0.0,1.0,1.0,0.245055209,0.2664018649,0.4599359797,0.607843949,0.5435538705,0.660129814
1256,1.0,0.0,0.0,0.0,1.0,1.0,0.2426761279,0.2690805186,0.4680511793,0.6052629317,0.5559439495,0.6558453221
1257,1.0,0.0,0.0,0.0,1.0,1.0,0.2446633849,0.2681428941,0.4719999268,0.6013079551,0.5574911752,0.6558443561
1258,1.0,0.0,0.0,0.0,1.0,1.0,0.2518530588,0.2741524763,0.4625199594,0.6075953714,0.5520832313,0.6645572228
1259,1.0,0.0,0.0,0.0,1.0,1.0,0.2470710085,0.2714746598,0.4657097604,0.6193552627,0.5536330546,0.662419582
1260,1.0,0.0,0.0,0.0,1.0,1.0,0.255041199,0.273984986,0.4704943601,0.6062501005,0.5586207712,0.6603776129
1261,1.0,0.0,0.0,0.0,1.0,1.0,0.2430640188,0.2654764812,0.4671999377,0.6118419358,0.5486113601,0.653595431
1262,1.0,0.0,0.0,0.0,1.0,1.0,0.1887288667,0.2238892425,0.4876847499,0.5913042667,0.5483872702,0.6399997255
1263,1.0,0.0,0.0,0.0,1.0,1.0,0.1257688803,0.1758276761,0.5167785113,0.5466653614,0.5481482547,0.5789477273
1264,1.0,0.0,0.0,0.0,1.0,1.0,0.1375071652,0.1837210047,0.5100670381,0.5731724392,0.5441175092,0.6000012757
1265,1.0,0.0,0.0,0.0,1.0,1.0,0.2109212214,0.2428220595,0.4707792366,0.6076921658,0.5422537615,0.637681251
1266,1.0,0.0,0.0,0.0,1.0,1.0,0.275162792,0.2943559068,0.462025317,0.6091944598,0.5547945712,0.6627904638
1267,1.0,0.0,0.0,0.0,1.0,1.0,0.3047273007,0.3200267794,0.4660347521,0.5906740495,0.561643934,0.6363636364
1268,1.0,0.0,0.0,0.0,1.0,1.0,0.315281418,0.328583387,0.463722341,0.5899990954,0.5582191251,0.6354165589
1269,1.0,0.0,0.0,0.0,1.0,1.0,0.3190041255,0.3314476214,0.4701257338,0.581280729,0.5612243782,0.6358970918
1270,1.0,0.0,0.0,0.0,1.0,1.0,0.3127184078,0.3263483998,0.4638364269,0.5929648352,0.5578232532,0.6354172601
1271,1.0,0.0,0.0,0.0,1.0,1.0,0.3147849092,0.3246485944,0.4645668646,0.5850000054,0.5544220083,0.6387429738
1272,1.0,0.0,0.0,0.0,1.0,1.0,0.3137965665,0.3246485959,0.4693878048,0.5849998447,0.5612244013,0.63874334
1273,1.0,0.0,0.0,0.0,1.0,1.0,0.3063060598,0.3166040105,0.4770931894,0.5721652149,0.5684929284,0.6324326171
1274,1.0,0.0,0.0,0.0,1.0,1.0,0.2999901639,0.3148925143,0.4691942778,0.5894739731,0.5616439986,0.6467396117
1275,1.0,0.0,0.0,0.0,1.0,1.0,0.2893954637,0.3029130419,0.479430394,0.5792348504,0.5684933478,0.6497178169
1276,1.0,0.0,0.0,0.0,1.0,1.0,0.2816895663,0.2936502469,0.4824840108,0.593220339,0.5738833391,0.6549711947
1277,1.0,0.0,0.0,0.0,1.0,1.0,0.2807955435,0.2926449387,0.4793650389,0.5932206921,0.5684932448,0.6549709531
1278,1.0,0.0,0.0,0.0,1.0,1.0,0.2839681926,0.2926449086,0.4777777117,0.5865921375,0.5684930034,0.6549707376
1279,1.0,0.0,0.0,0.0,1.0,1.0,0.2773570393,0.2884987728,0.4768740596,0.5919540302,0.5670104248,0.6607143551
1280,1.0,0.0,0.0,0.0,1.0,1.0,0.288727538,0.2970850338,0.4650793631,0.5879113561,0.5532645684,0.6531788079
1281,1.0,0.0,0.0,0.0,1.0,1.0,0.2807954511,0.2884987826,0.4714285616,0.598869533,0.560137266,0.6547615378
1282,1.0,0.0,0.0,0.0,1.0,1.0,0.2728633162,0.2867812244,0.466666586,0.593024051,0.553264484,0.6467071257
1283,1.0,0.0,0.0,0.0,1.0,1.0,0.2686499239,0.2793576564,0.472000064,0.5952383112,0.5555556395,0.6645963657
1284,1.0,0.0,0.0,0.0,1.0,1.0,0.2634314584,0.2757081027,0.4776358522,0.599999478,0.5620687301,0.6562497056
1285,1.0,0.0,0.0,0.0,1.0,1.0,0.2676794406,0.2816299789,0.4595879443,0.6035508117,0.5498282247,0.6585368754
1286,1.0,0.0,0.0,0.0,1.0,1.0,0.2622537228,0.2766621706,0.4703999657,0.6036581605,0.5570935796,0.6687499399
1287,1.0,0.0,0.0,0.0,1.0,1.0,0.2618347651,0.2766621472,0.4616612576,0.6097564172,0.5501729011,0.6624994123
1288,1.0,0.0,0.0,0.0,1.0,1.0,0.2610008002,0.2801203722,0.4617834566,0.6097557347,0.546712682,0.6666662103
1289,1.0,0.0,0.0,0.0,1.0,1.0,0.262592095,0.2801203002,0.4601911111,0.6181818912,0.5467129309,0.6728398932
1290,1.0,0.0,0.0,0.0,1.0,1.0,0.262174675,0.2808775822,0.4594594079,0.618182852,0.5482757052,0.656440987
1291,1.0,0.0,0.0,0.0,1.0,1.0,0.2692631742,0.2857993403,0.4643423138,0.6058824963,0.5547947276,0.6586816571
1292,1.0,0.0,0.0,0.0,1.0,1.0,0.2705494102,0.2833468788,0.4681528869,0.600000512,0.5532648398,0.660605605
1293,1.0,0.0,0.0,0.0,1.0,1.0,0.2732975553,0.2843243169,0.4658187535,0.5988369547,0.5517242037,0.6606056293
1294,1.0,0.0,0.0,0.0,1.0,1.0,0.2696908398,0.2816297505,0.4666667252,0.6117644452,0.5601375996,0.6707318886
1295,1.0,0.0,0.0,0.0,1.0,1.0,0.2681043549,0.2781948926,0.4666666783,0.6094664164,0.5601375881,0.6604944388
1296,1.0,0.0,0.0,0.0,1.0,1.0,0.2685305437,0.2791546639,0.459459502,0.6153844148,0.5551724216,0.6728398755
1297,1.0,0.0,0.0,0.0,1.0,1.0,0.275162841,0.2848237943,0.4588608271,0.6034480353,0.5494879056,0.6586826031
1298,1.0,0.0,0.0,0.0,1.0,1.0,0.2753239874,0.2867815064,0.4617834582,0.6011564526,0.5532646608,0.6646704372
1299,1.0,0.0,0.0,0.0,1.0,1.0,0.2810434906,0.2882349035,0.4612954507,0.6011241371,0.5597270585,0.6627221631
1300,1.0,0.0,0.0,0.0,1.0,1.0,0.2869060852,0.2967624832,0.4668769097,0.6043953118,0.5597268625,0.6551723265
1301,1.0,0.0,0.0,0.0,1.0,1.0,0.2932115341,0.3001739284,0.4684542029,0.5967742887,0.5563138105,0.6477273011
1302,1.0,0.0,0.0,0.0,1.0,1.0,0.2878137912,0.2943561411,0.4667721104,0.5989012763,0.5547947374,0.6569778921
1303,1.0,0.0,0.0,0.0,1.0,1.0,0.2893954863,0.2960675733,0.4651897836,0.6010930738,0.5547947375,0.6589599792
1304,1.0,0.0,0.0,0.0,1.0,1.0,0.2952537039,0.3063358572,0.4628751107,0.5989306701,0.5547943683,0.6480443012
1305,1.0,0.0,0.0,0.0,1.0,1.0,0.2855549026,0.2946630159,0.4682538848,0.6055557873,0.5551724085,0.6491235322
1306,1.0,0.0,0.0,0.0,1.0,1.0,0.2851024103,0.2981092611,0.4611728111,0.599999761,0.5551721914,0.6531793633
1307,1.0,0.0,0.0,0.0,1.0,1.0,0.2686497613,0.2810933028,0.4624000299,0.6011907337,0.548611281,0.6543201484
1308,1.0,0.0,0.0,0.0,1.0,1.0,0.2080806007,0.2355824398,0.4803278354,0.6062988549,0.5535713128,0.6515157156
1309,1.0,0.0,0.0,0.0,1.0,1.0,0.1568407161,0.1987941691,0.5108514376,0.5851063336,0.5620436649,0.6238537436
1310,1.0,0.0,0.0,0.0,1.0,1.0,0.0933736469,0.1621234894,0.520761286,0.4444431191,0.5419849048,0.4588231728
1311,1.0,0.0,0.0,0.0,1.0,1.0,0.08112897468,0.1723175715,0.4870466149,0.2340411998,0.5057468492,0.2888899434
1312,1.0,0.0,0.0,0.0,1.0,1.0,0.0872114947,0.1929424215,0.4904013849,0.1000012667,0.4942085052,0.2400005912
1313,1.0,0.0,0.0,0.0,1.0,1.0,0.08343161164,0.1890837105,0.48173905,0.1458351097,0.4980696329,0.2551023324
1314,1.0,0.0,0.0,0.0,1.0,1.0,0.08630751333,0.1659380534,0.4991364862,0.479997278,0.5190840159,0.4482750192
1315,1.0,0.0,0.0,0.0,1.0,1.0,0.168779897,0.2038572655,0.4751655023,0.6274503538,0.5415161719,0.6460178523
1316,1.0,0.0,0.0,0.0,1.0,1.0,0.2253170605,0.2515954466,0.4879226926,0.6071429681,0.5694447118,0.6620693896
1317,1.0,0.0,0.0,0.0,1.0,1.0,0.2661991938,0.2764781221,0.4800637909,0.5868263629,0.5670102012,0.6645960714
1318,1.0,0.0,0.0,0.0,1.0,1.0,0.2823818152,0.295057063,0.4761904637,0.5955060894,0.5665527642,0.6589599266
1319,1.0,0.0,0.0,0.0,1.0,1.0,0.2903139669,0.2991527247,0.4761905056,0.5901646916,0.5680271993,0.6534092273
1320,1.0,0.0,0.0,0.0,1.0,1.0,0.2923647582,0.2974532808,0.4801271297,0.5923912249,0.5680273832,0.6571420886
1321,1.0,0.0,0.0,0.0,1.0,1.0,0.3004652715,0.3076511899,0.4810127403,0.5894739385,0.5748299269,0.6464083862
1322,1.0,0.0,0.0,0.0,1.0,1.0,0.2984115762,0.3076513198,0.4739337329,0.5820106192,0.5680270024,0.6464090018
1323,1.0,0.0,0.0,0.0,1.0,1.0,0.3004650947,0.3059518017,0.4794303846,0.5894745783,0.5714285714,0.6555559376
1324,1.0,0.0,0.0,0.0,1.0,1.0,0.3025254529,0.311050702,0.4770205933,0.5916226392,0.5680270097,0.6448091095
1325,1.0,0.0,0.0,0.0,1.0,1.0,0.3041089595,0.3138180488,0.4754358532,0.5937498911,0.5699659015,0.6521738077
1326,1.0,0.0,0.0,0.0,1.0,1.0,0.3058229008,0.316150263,0.4747634649,0.5876288778,0.5646260608,0.6505375638
1327,1.0,0.0,0.0,0.0,1.0,1.0,0.3037675944,0.3127505741,0.4755905581,0.5958545633,0.5578229875,0.6467386039
1328,1.0,0.0,0.0,0.0,1.0,1.0,0.3053412328,0.3178495046,0.4755904747,0.6030931684,0.561224428,0.6524063598
1329,1.0,0.0,0.0,0.0,1.0,1.0,0.3067905646,0.3121124689,0.4810126694,0.6030925933,0.5665526367,0.6448096983
1330,1.0,0.0,0.0,0.0,1.0,1.0,0.3020465487,0.3046244023,0.481012739,0.6073304731,0.5684932777,0.6516849886
1331,1.0,0.0,0.0,0.0,1.0,1.0,0.3042467864,0.3144501291,0.4779179984,0.6010361019,0.5646258143,0.6432437838
1332,1.0,0.0,0.0,0.0,1.0,1.0,0.2987205084,0.3091054435,0.4801272431,0.6010634202,0.5635740185,0.6500006187
1333,1.0,0.0,0.0,0.0,1.0,1.0,0.302378945,0.3108230646,0.4777069568,0.6052638043,0.5601376354,0.6574586585
1334,1.0,0.0,0.0,0.0,1.0,1.0,0.3030056112,0.3138179737,0.4777778518,0.6073301458,0.5631398571,0.6521748531
1335,1.0,0.0,0.0,0.0,1.0,1.0,0.3066649518,0.3142576459,0.48330683,0.6010365784,0.5635738649,0.6557380816
1336,1.0,0.0,0.0,0.0,1.0,1.0,0.3018984614,0.3108227538,0.4848966569,0.6052635838,0.5635735837,0.6519341039
1337,1.0,0.0,0.0,0.0,1.0,1.0,0.3050757312,0.3118948169,0.4785372687,0.6041664494,0.5586206897,0.6574584413
1338,1.0,0.0,0.0,0.0,1.0,1.0,0.3007873487,0.3101712815,0.4777069351,0.6137566568,0.5551723224,0.6611115586
1339,1.0,0.0,0.0,0.0,1.0,1.0,0.3030052871,0.3125404395,0.476190426,0.6073305525,0.5635737709,0.653845733
1340,1.0,0.0,0.0,0.0,1.0,1.0,0.3039703775,0.3118948158,0.479299386,0.6125658588,0.5620688732,0.6629830324
1341,1.0,0.0,0.0,0.0,1.0,1.0,0.3100630873,0.3206399125,0.4771653815,0.6091369521,0.5631400202,0.654255452
1342,1.0,0.0,0.0,0.0,1.0,1.0,0.3053413531,0.3148926187,0.4771654051,0.6030922955,0.5616438094,0.652174707
1343,1.0,0.0,0.0,0.0,1.0,1.0,0.3020467512,0.3114699283,0.4778481882,0.602093908,0.5616437513,0.6538452986
1344,1.0,0.0,0.0,0.0,1.0,1.0,0.2984117831,0.3127502406,0.4818324709,0.6084651364,0.5714285175,0.6576085842
1345,1.0,0.0,0.0,0.0,1.0,1.0,0.3025251765,0.3121124816,0.4801902295,0.6020941794,0.5699656915,0.6612023464
1346,1.0,0.0,0.0,0.0,1.0,1.0,0.3093511367,0.3166039688,0.4777777808,0.6051283649,0.5650686185,0.6594598803
1347,1.0,0.0,0.0,0.0,1.0,1.0,0.3100045786,0.3125403781,0.4814215581,0.6041674536,0.5704467086,0.664834508
1348,1.0,0.0,0.0,0.0,1.0,1.0,0.3105061835,0.3164320059,0.4822007016,0.604166446,0.5674741214,0.6557380692
1349,1.0,0.0,0.0,0.0,1.0,1.0,0.3115142246,0.3147029951,0.4870130548,0.6093754006,0.5709344435,0.6703295082
1350,1.0,0.0,0.0,0.0,1.0,1.0,0.3121233073,0.3187877004,0.482200669,0.6010359024,0.5655173373,0.659459191
1351,1.0,0.0,0.0,0.0,1.0,1.0,0.3137404618,0.3198904828,0.4789643706,0.5979387312,0.5640136359,0.6540539948
1352,1.0,0.0,0.0,0.0,1.0,1.0,0.3011350766,0.3071200032,0.4853420148,0.605404958,0.5659724868,0.6723160104
1353,1.0,0.0,0.0,0.0,1.0,1.0,0.3152708855,0.3192663948,0.4829269132,0.6030931544,0.5659720323,0.6576085759
1354,1.0,0.0,0.0,0.0,1.0,1.0,0.3070180282,0.3145097035,0.4852941668,0.6010637108,0.5664335421,0.6722220104
1355,1.0,0.0,0.0,0.0,1.0,1.0,0.3087706813,0.3168960579,0.4861788995,0.5999990612,0.5749129082,0.6538452586
1356,1.0,0.0,0.0,0.0,1.0,1.0,0.3081476663,0.320378273,0.4828711555,0.6031740983,0.5679441833,0.66304311
1357,1.0,0.0,0.0,0.0,1.0,1.0,0.3085306617,0.3168963761,0.4827586589,0.6010635941,0.5679444448,0.6538461063
1358,1.0,0.0,0.0,0.0,1.0,1.0,0.3145782203,0.3232463793,0.4852458561,0.5989589031,0.569929979,0.6540534851
1359,1.0,0.0,0.0,0.0,1.0,1.0,0.3029608234,0.3085997175,0.4859968115,0.5923919293,0.568421134,0.6590914783
1360,1.0,0.0,0.0,0.0,1.0,1.0,0.3033135388,0.3090144535,0.4908789645,0.5956285021,0.5689046118,0.6514288489
1361,1.0,0.0,0.0,0.0,1.0,1.0,0.3019661103,0.3145096339,0.4876847092,0.5923915486,0.5734262156,0.6611112284
1362,1.0,0.0,0.0,0.0,1.0,1.0,0.3100581713,0.3162567258,0.4818482015,0.5904254375,0.5699302235,0.6464091452
1363,1.0,0.0,0.0,0.0,1.0,1.0,0.3034608602,0.3110151699,0.4818482445,0.5978254678,0.5629368241,0.6573039773
1364,1.0,0.0,0.0,0.0,1.0,1.0,0.3066283026,0.3114458902,0.4842454156,0.5891890156,0.563380478,0.6384178192
1365,1.0,0.0,0.0,0.0,1.0,1.0,0.2993335081,0.302322407,0.4841930205,0.5944449032,0.5587190072,0.6470582862
1366,1.0,0.0,0.0,0.0,1.0,1.0,0.2974926056,0.3023225576,0.4832775084,0.6067410879,0.5587187473,0.6588235294
1367,1.0,0.0,0.0,0.0,1.0,1.0,0.3059857043,0.3096861603,0.4841929644,0.5869564693,0.5669014043,0.6420450604
1368,1.0,0.0,0.0,0.0,1.0,1.0,0.2993335806,0.3037174747,0.4825289974,0.5944447973,0.5618374407,0.6453490973
1369,1.0,0.0,0.0,0.0,1.0,1.0,0.2908077743,0.2934306261,0.4866220242,0.5977013385,0.5658362948,0.6545451148
1370,1.0,0.0,0.0,0.0,1.0,1.0,0.2949449514,0.2955337811,0.4940977053,0.5942858942,0.566308007,0.6424242191
1371,1.0,0.0,0.0,0.0,1.0,1.0,0.2905937987,0.2969870841,0.4907562276,0.5838156309,0.565836451,0.6347310414
1372,1.0,0.0,0.0,0.0,1.0,1.0,0.2855549726,0.2912040493,0.4873949572,0.5882349176,0.5575539062,0.6419757399
1373,1.0,0.0,0.0,0.0,1.0,1.0,0.2971313763,0.2962632562,0.4847973724,0.5852281317,0.560714351,0.6385546126
1374,1.0,0.0,0.0,0.0,1.0,1.0,0.2903786072,0.2919516129,0.4915541579,0.5988369693,0.5627241525,0.6564417988
1375,1.0,0.0,0.0,0.0,1.0,1.0,0.2877183053,0.2901604833,0.4848485236,0.5906428741,0.555555426,0.6358023534
1376,1.0,0.0,0.0,0.0,1.0,1.0,0.285310659,0.2881601691,0.4923078018,0.586826867,0.5583942686,0.6329119817
1377,1.0,0.0,0.0,0.0,1.0,1.0,0.2877441477,0.2915038485,0.4923339662,0.5917156486,0.5615941229,0.6397510406
1378,1.0,0.0,0.0,0.0,1.0,1.0,0.2838551137,0.2878828185,0.4914965886,0.5928139145,0.561594311,0.6540877115
1379,1.0,0.0,0.0,0.0,1.0,1.0,0.2911492456,0.2910464316,0.4872231471,0.5847953145,0.5567768843,0.647798405
1380,1.0,0.0,0.0,0.0,1.0,1.0,0.2945544726,0.293631408,0.4821123314,0.5664736644,0.5547442838,0.6211186891
1381,1.0,0.0,0.0,0.0,1.0,1.0,0.3000041687,0.2969353816,0.4751286938,0.5714289212,0.5434784633,0.6097559382
1382,1.0,0.0,0.0,0.0,1.0,1.0,0.2967627151,0.3016498314,0.4778157587,0.5689652724,0.5418182267,0.6084339965
1383,1.0,0.0,0.0,0.0,1.0,1.0,0.3046243122,0.3096097435,0.4811644414,0.5674164233,0.554347851,0.5964921811
1384,1.0,0.0,0.0,0.0,1.0,1.0,0.3041778758,0.304976944,0.4834781669,0.5657149742,0.5477939026,0.6144575252
1385,1.0,0.0,0.0,0.0,1.0,1.0,0.307120187,0.3123257013,0.4791666147,0.5819207477,0.5514703869,0.6058821688
1386,1.0,0.0,0.0,0.0,1.0,1.0,0.3093922428,0.3118698846,0.4834782822,0.5786514106,0.5547444407,0.6081875267
1387,1.0,0.0,0.0,0.0,1.0,1.0,0.3077927703,0.3079463258,0.4884956043,0.5747132614,0.5535057613,0.5988027305
1388,1.0,0.0,0.0,0.0,1.0,1.0,0.3128842354,0.316302885,0.4901609577,0.5771437581,0.5505617279,0.5917156567
1389,1.0,0.0,0.0,0.0,1.0,1.0,0.3084698329,0.3093512365,0.493827182,0.588570857,0.5604395143,0.5917160055
1390,1.0,0.0,0.0,0.0,1.0,1.0,0.3034020545,0.3013021818,0.4857142962,0.605882559,0.5514706715,0.5975602883
1391,1.0,0.0,0.0,0.0,1.0,1.0,0.3058788524,0.3089187295,0.4928826556,0.6046507737,0.5563635739,0.6000002418
1392,1.0,0.0,0.0,0.0,1.0,1.0,0.2947071925,0.295373815,0.5054944176,0.6149076413,0.5613383027,0.5974841385
1393,1.0,0.0,0.0,0.0,1.0,1.0,0.2940632219,0.2946115089,0.5046555595,0.6139237582,0.5634331158,0.594937104
1394,1.0,0.0,0.0,0.0,1.0,1.0,0.3129182571,0.3047542269,0.4971536037,0.600000251,0.5606062328,0.5900612012
1395,1.0,0.0,0.0,0.0,1.0,1.0,0.2996390659,0.2921446566,0.5029014034,0.6000002627,0.565384641,0.5723683241
1396,1.0,0.0,0.0,0.0,1.0,1.0,0.3050117533,0.2937294102,0.5009597316,0.6163519913,0.5648853981,0.5779216044
1397,1.0,0.0,0.0,0.0,1.0,1.0,0.3017547377,0.2861000483,0.5038462525,0.61783353,0.5648854962,0.5866666851
1398,1.0,0.0,0.0,0.0,1.0,1.0,0.316013937,0.3005842333,0.5104762684,0.6144575925,0.5751877782,0.5812496787
1399,1.0,0.0,0.0,0.0,1.0,1.0,0.3152084344,0.3059128203,0.5019231452,0.6097555731,0.5665399195,0.5776401276
1400,1.0,0.0,0.0,0.0,1.0,1.0,0.3261537275,0.3054895462,0.5114504651,0.6081872239,0.5660380078,0.5802471435
1401,1.0,0.0,0.0,0.0,1.0,1.0,0.3191335156,0.29983258,0.5086042805,0.6227543185,0.569811181,0.5849065167
1402,1.0,0.0,0.0,0.0,1.0,1.0,0.3166169165,0.2987057242,0.5095420067,0.614457757,0.5714286264,0.5911950495
1403,1.0,0.0,0.0,0.0,1.0,1.0,0.3215258448,0.3009684972,0.5116278143,0.6144584726,0.5719694551,0.5786158836
1404,1.0,0.0,0.0,0.0,1.0,1.0,0.3209039014,0.3032657384,0.5125725709,0.6084346805,0.564885405,0.5660381433
1405,1.0,0.0,0.0,0.0,1.0,1.0,0.3208328578,0.3051732317,0.5136186228,0.6060609771,0.5648853491,0.5749999684
1406,1.0,0.0,0.0,0.0,1.0,1.0,0.3235184356,0.3047540838,0.5105973909,0.6190474488,0.5681818354,0.5838511402
1407,1.0,0.0,0.0,0.0,1.0,1.0,0.3149988521,0.2945125463,0.5136185756,0.6111108345,0.5703423772,0.580645497
1408,1.0,0.0,0.0,0.0,1.0,1.0,0.3175614913,0.2971825054,0.5107213192,0.6073620233,0.5719697056,0.5796168134
1409,1.0,0.0,0.0,0.0,1.0,1.0,0.3227159669,0.3067781754,0.5146770729,0.5999997527,0.571428459,0.5786161666
1410,1.0,0.0,0.0,0.0,1.0,1.0,0.3149992397,0.2975438165,0.5155641475,0.5987660234,0.5725190661,0.5769241845
1411,1.0,0.0,0.0,0.0,1.0,1.0,0.3113642887,0.2899147596,0.5173076549,0.6111118195,0.5725189757,0.5986842195
1412,1.0,0.0,0.0,0.0,1.0,1.0,0.3203586308,0.3021129546,0.5143952967,0.61077869,0.5741444686,0.5849055861
1413,1.0,0.0,0.0,0.0,1.0,1.0,0.3188881466,0.3067784755,0.5097275175,0.5975603942,0.5791504933,0.5786160348
1414,1.0,0.0,0.0,0.0,1.0,1.0,0.3143876583,0.3029197361,0.5126213971,0.604938016,0.5752894191,0.5732483141
1415,1.0,0.0,0.0,0.0,1.0,1.0,0.3128022879,0.2975438774,0.5095420138,0.6158535673,0.5725192655,0.5897437577
1416,1.0,0.0,0.0,0.0,1.0,1.0,0.3088485639,0.2956367522,0.5047983994,0.6024856172,0.5725190349,0.5870970896
1417,1.0,0.0,0.0,0.0,1.0,1.0,0.3147099053,0.3059127605,0.5057251793,0.6060606449,0.5665399911,0.5900623564
1418,1.0,0.0,0.0,0.0,1.0,1.0,0.3070802152,0.2967690122,0.5038168489,0.5962734702,0.5632184324,0.5806455547
1419,1.0,0.0,0.0,0.0,1.0,1.0,0.3079566262,0.3021127408,0.502835544,0.6012263419,0.5627377601,0.5786157589
1420,1.0,0.0,0.0,0.0,1.0,1.0,0.3163964821,0.3111473949,0.4953444611,0.6,0.5584906909,0.575757083
1421,1.0,0.0,0.0,0.0,1.0,1.0,0.3050732328,0.3017181922,0.490636666,0.6073623424,0.5547170959,0.5874997638
1422,1.0,0.0,0.0,0.0,1.0,1.0,0.3123259085,0.3090864054,0.4926469965,0.6117642804,0.5592593801,0.5868270454
1423,1.0,0.0,0.0,0.0,1.0,1.0,0.3195997671,0.3090865573,0.4898336219,0.6127164704,0.5592591895,0.598801979
1424,1.0,0.0,0.0,0.0,1.0,1.0,0.3033689436,0.297586475,0.4953446001,0.5950921032,0.5617976913,0.5911952331
1425,1.0,0.0,0.0,0.0,1.0,1.0,0.3202630125,0.3183404794,0.4990791918,0.6149430653,0.5703705931,0.5930230024
1426,1.0,0.0,0.0,0.0,1.0,1.0,0.311393215,0.3069444309,0.4944030221,0.6107787385,0.5617975458,0.5914631457
1427,1.0,0.0,0.0,0.0,1.0,1.0,0.3062508749,0.3020291904,0.495412873,0.6287417826,0.5641023553,0.6121210413
1428,1.0,0.0,0.0,0.0,1.0,1.0,0.3056901997,0.2994652128,0.4871794491,0.6227550651,0.5514705718,0.5950922
1429,1.0,0.0,0.0,0.0,1.0,1.0,0.2994651071,0.2928764878,0.4981617995,0.6319012092,0.5714284604,0.612499718
1430,1.0,0.0,0.0,0.0,1.0,1.0,0.3009268783,0.2972791283,0.4963503389,0.6424239003,0.5693427472,0.6073618118
1431,1.0,0.0,0.0,0.0,1.0,1.0,0.2974747717,0.2936316359,0.4900180565,0.6341467514,0.5693428455,0.6149072495
1432,1.0,0.0,0.0,0.0,1.0,1.0,0.2949172284,0.2899841194,0.4954462497,0.6358016847,0.5620437848,0.6163519755
1433,1.0,0.0,0.0,0.0,1.0,1.0,0.3036280468,0.2991029696,0.4900541949,0.6309525871,0.5620439394,0.6097561903
1434,1.0,0.0,0.0,0.0,1.0,1.0,0.2956608866,0.2871125246,0.4882033577,0.6257665247,0.5600002889,0.6139235897
1435,1.0,0.0,0.0,0.0,1.0,1.0,0.3025335102,0.2961982079,0.484684584,0.6249995426,0.5599999404,0.6012268628
1436,1.0,0.0,0.0,0.0,1.0,1.0,0.3030798285,0.2951252622,0.4909746797,0.6309521204,0.565217327,0.6134970171
1437,1.0,0.0,0.0,0.0,1.0,1.0,0.299471893,0.293631686,0.4873646163,0.6265064068,0.5620440035,0.6086955974
1438,1.0,0.0,0.0,0.0,1.0,1.0,0.307936284,0.3034668131,0.4864865398,0.6257309085,0.559999909,0.6047901124
1439,1.0,0.0,0.0,0.0,1.0,1.0,0.3007327974,0.2936318269,0.4864864792,0.6287431245,0.5620436572,0.6086958142
1440,1.0,0.0,0.0,0.0,1.0,1.0,0.3025337818,0.2933145112,0.4846846301,0.6369044909,0.5615942504,0.6111107659
1441,1.0,0.0,0.0,0.0,1.0,1.0,0.2998326477,0.2947995331,0.4946428462,0.6309524549,0.5611510063,0.6036577219
1442,1.0,0.0,0.0,0.0,1.0,1.0,0.2973250729,0.2987462462,0.4838708901,0.6445777054,0.5579711854,0.6121215691
1443,1.0,0.0,0.0,0.0,1.0,1.0,0.3062806524,0.3048841863,0.5017921624,0.637426743,0.5776173326,0.615384806
1444,1.0,0.0,0.0,0.0,1.0,1.0,0.3087560384,0.3084919079,0.5053572581,0.6416190512,0.5776175155,0.619884088
1445,1.0,0.0,0.0,0.0,1.0,1.0,0.3005437959,0.3030800982,0.5071173899,0.6390530087,0.5848375908,0.6190479808
1446,1.0,0.0,0.0,0.0,1.0,1.0,0.2992981508,0.3077991615,0.4973261334,0.6309531078,0.5760868618,0.6117643582
1447,1.0,0.0,0.0,0.0,1.0,1.0,0.3023673592,0.2998325983,0.4891303755,0.6287422989,0.5672727946,0.6121212656
1448,1.0,0.0,0.0,0.0,1.0,1.0,0.306544232,0.3063983501,0.4990924971,0.6213013689,0.5766423014,0.6011912222
1449,1.0,0.0,0.0,0.0,1.0,1.0,0.3068305243,0.3102958258,0.4883303174,0.6257302708,0.5631768498,0.5988378671
1450,1.0,0.0,0.0,0.0,1.0,1.0,0.309737224,0.3125526337,0.5009008236,0.6279065612,0.5745452934,0.6046512182
1451,1.0,0.0,0.0,0.0,1.0,1.0,0.3005439076,0.3066881461,0.4982206399,0.6331362878,0.5812275791,0.6176472423
1452,1.0,0.0,0.0,0.0,1.0,1.0,0.2943683099,0.2962630081,0.5026455673,0.6407187771,0.5857143129,0.6265065817
1453,1.0,0.0,0.0,0.0,1.0,1.0,0.3015860671,0.3023224279,0.5052631321,0.6337215401,0.5907473405,0.6235297834
1454,1.0,0.0,0.0,0.0,1.0,1.0,0.3034954467,0.3090149599,0.5026178389,0.637930574,0.5936395235,0.6285708506
1455,1.0,0.0,0.0,0.0,1.0,1.0,0.3034952631,0.3030222825,0.4991273126,0.6321837782,0.5886524329,0.6374270201
1456,1.0,0.0,0.0,0.0,1.0,1.0,0.297557433,0.299478254,0.497373027,0.6411763467,0.5886524204,0.6390529724
1457,1.0,0.0,0.0,0.0,1.0,1.0,0.2935424558,0.2987655211,0.5017482917,0.64880974,0.5871886342,0.6428571429
1458,1.0,0.0,0.0,0.0,1.0,1.0,0.3012257004,0.3019517609,0.5034841877,0.6416183508,0.5936396648,0.6432746591
1459,1.0,0.0,0.0,0.0,1.0,1.0,0.3000068024,0.2994782523,0.4938918811,0.6337202802,0.5815604493,0.6331367453
1460,1.0,0.0,0.0,0.0,1.0,1.0,0.2987842767,0.2987658303,0.5052447904,0.6432743564,0.5907473025,0.63690458
1461,1.0,0.0,0.0,0.0,1.0,1.0,0.2952894615,0.2987654792,0.5017482083,0.6449703774,0.5871886653,0.6369048661
1462,1.0,0.0,0.0,0.0,1.0,1.0,0.3017512138,0.2984197025,0.5061082135,0.6300576975,0.5936396999,0.6331366644
1463,1.0,0.0,0.0,0.0,1.0,1.0,0.290330657,0.2944781949,0.4982394894,0.642424847,0.5857143395,0.6363637526
1464,1.0,0.0,0.0,0.0,1.0,1.0,0.2893586621,0.2922557036,0.5062166589,0.6380373316,0.5848372909,0.6234574077
1465,1.0,0.0,0.0,0.0,1.0,1.0,0.2918725533,0.294059706,0.4991150867,0.6363637535,0.5848376171,0.6196314857
1466,1.0,0.0,0.0,0.0,1.0,1.0,0.2847873107,0.2816610097,0.5017920299,0.6289299648,0.5854547634,0.6129023732
1467,1.0,0.0,0.0,0.0,1.0,1.0,0.2761378801,0.2788297618,0.5008912596,0.6451615962,0.583333365,0.6233772607
1468,1.0,0.0,0.0,0.0,1.0,1.0,0.2575138774,0.2507692348,0.499099124,0.6433570898,0.5745453682,0.644927667
1469,1.0,0.0,0.0,0.0,1.0,1.0,0.2425655306,0.2378745263,0.4908759206,0.6466167346,0.5682656172,0.6511640231
1470,1.0,0.0,0.0,0.0,1.0,1.0,0.2102145072,0.1965198247,0.4686346978,0.6315794335,0.5355805376,0.6571425133
1471,1.0,0.0,0.0,0.0,1.0,1.0,0.1972829772,0.1760382393,0.4674116102,0.6226406898,0.5227274618,0.6344097637
1472,1.0,0.0,0.0,0.0,1.0,1.0,0.1759318818,0.1512567439,0.4850187356,0.5744686089,0.5172415876,0.6329109205
1473,1.0,0.0,0.0,0.0,1.0,1.0,0.1414304095,0.1133981313,0.4849056495,0.5466649464,0.5153845221,0.644066588
1474,1.0,0.0,0.0,0.0,1.0,1.0,0.1392352756,0.1114762133,0.4790076957,0.4657538554,0.4961537937,0.5000017989
1475,1.0,0.0,0.0,0.0,1.0,1.0,0.1380442213,0.1183549311,0.4825044951,0.3866681093,0.5075187,0.3968248202
1476,1.0,0.0,0.0,0.0,1.0,1.0,0.1451395885,0.1188926397,0.488970666,0.392403194,0.50929361,0.40625
1477,1.0,0.0,0.0,0.0,1.0,1.0,0.1524881655,0.1194185571,0.5000000484,0.3012058596,0.5183825124,0.292306894
1478,1.0,0.0,0.0,0.0,1.0,1.0,0.1575208115,0.1208117417,0.4927536889,0.3103454067,0.5201464348,0.3181816744
1479,1.0,0.0,0.0,0.0,1.0,1.0,0.1614343012,0.1116589063,0.4954628713,0.32584259,0.5164834358,0.3114738783
1480,1.0,0.0,0.0,0.0,1.0,1.0,0.1588397831,0.117262809,0.505357076,0.3146070113,0.5234659378,0.292307136
1481,1.0,0.0,0.0,0.0,1.0,1.0,0.1527923948,0.1118509001,0.4946043639,0.2705883796,0.5126353791,0.2258047154
1482,1.0,0.0,0.0,0.0,1.0,1.0,0.1584701337,0.1126642979,0.5027026152,0.3181815997,0.5127271805,0.2741917876
1483,1.0,0.0,0.0,0.0,1.0,1.0,0.1518137644,0.1072126511,0.4918625158,0.2857139258,0.509090958,0.2542358289
1484,1.0,0.0,0.0,0.0,1.0,1.0,0.1545901794,0.1050137246,0.4999999069,0.3139551403,0.5181161254,0.2931034483
1485,1.0,0.0,0.0,0.0,1.0,1.0,0.1548687954,0.1060559844,0.4900900004,0.3488369246,0.5143885546,0.3728803882
1486,1.0,0.0,0.0,0.0,1.0,1.0,0.1566691764,0.1096507245,0.4972973595,0.298851811,0.5179855685,0.3114750187
1487,1.0,0.0,0.0,0.0,1.0,1.0,0.1554287282,0.1072128752,0.4918624895,0.3139541687,0.5090908606,0.2881357137
1488,1.0,0.0,0.0,0.0,1.0,1.0,0.1590430823,0.109030017,0.4954792095,0.284091893,0.5236365287,0.233332863
1489,1.0,0.0,0.0,0.0,1.0,1.0,0.1599824726,0.1150435052,0.4928057933,0.32584275,0.514388507,0.2812481434
1490,1.0,0.0,0.0,0.0,1.0,1.0,0.1614898607,0.11144845,0.4973070424,0.3111102373,0.5143884004,0.306451992
1491,1.0,0.0,0.0,0.0,1.0,1.0,0.1545899703,0.1132462364,0.4964028978,0.3139544424,0.5215827996,0.3333344313
1492,1.0,0.0,0.0,0.0,1.0,1.0,0.1545898887,0.1154590765,0.5035971726,0.2790682323,0.527075763,0.281250616
1493,1.0,0.0,0.0,0.0,1.0,1.0,0.1515399999,0.1104453276,0.5018051042,0.3095251234,0.5217391636,0.2950803251
1494,1.0,0.0,0.0,0.0,1.0,1.0,0.1527924895,0.1053957755,0.4892085943,0.3176469155,0.512727348,0.3103458124
1495,1.0,0.0,0.0,0.0,1.0,1.0,0.1502783269,0.1162988581,0.5072464326,0.3012051897,0.5163637769,0.328125623
1496,1.0,0.0,0.0,0.0,1.0,1.0,0.1417391293,0.1124834296,0.4945454332,0.3333333333,0.5018450098,0.3278664098
1497,1.0,0.0,0.0,0.0,1.0,1.0,0.1463921591,0.1134898392,0.4954792553,0.4074074074,0.5128202313,0.4032258065
1498,1.0,0.0,0.0,0.0,1.0,1.0,0.2382088032,0.2181883748,0.4887737089,0.5942032328,0.5528168265,0.6048388477
1499,1.0,0.0,0.0,0.0,1.0,1.0,0.2953275773,0.2923537206,0.4941570239,0.6045202943,0.5646260162,0.5813952313
1500,1.0,0.0,0.0,0.0,1.0,1.0,0.3172571509,0.3208909284,0.4835527175,0.6010366059,0.5685618594,0.5885418337
1501,1.0,0.0,0.0,0.0,1.0,1.0,0.3435071554,0.3474882664,0.4795417986,0.5952373031,0.5728477874,0.5666665281
1502,1.0,0.0,0.0,0.0,1.0,1.0,0.3522621505,0.3564673501,0.472131164,0.5813952094,0.5633334288,0.5700939928
1503,1.0,0.0,0.0,0.0,1.0,1.0,0.3500501114,0.3507974053,0.4729950798,0.5887851862,0.5662250886,0.5707551196
1504,1.0,0.0,0.0,0.0,1.0,1.0,0.3549571885,0.3614647108,0.4762685064,0.5898614007,0.569999901,0.5668203279
1505,1.0,0.0,0.0,0.0,1.0,1.0,0.3479904952,0.3514703863,0.4867985825,0.5876781941,0.5766664819,0.568720301
1506,1.0,0.0,0.0,0.0,1.0,1.0,0.3336978596,0.3364787559,0.4859503463,0.5940596911,0.5833332436,0.5792083854
1507,1.0,0.0,0.0,0.0,1.0,1.0,0.2095603776,0.169548276,0.5089605462,0.5555545592,0.5642856207,0.6210527246
1508,1.0,0.0,0.0,0.0,1.0,1.0,0.1680798228,0.1466572187,0.4954792217,0.311826726,0.5072463489,0.2716057496
1509,1.0,0.0,0.0,0.0,1.0,1.0,0.1656732983,0.1479318007,0.4954953826,0.3586956269,0.4981952094,0.3170734255
1510,1.0,0.0,0.0,0.0,1.0,1.0,0.1719467967,0.1509947595,0.5017921995,0.3645829338,0.5143883884,0.309521845
1511,1.0,0.0,0.0,0.0,1.0,1.0,0.1629913994,0.1312215317,0.4820788511,0.3516489509,0.5107912023,0.3013693771
1512,1.0,0.0,0.0,0.0,1.0,1.0,0.1488530655,0.1168411524,0.430851175,0.5833354413,0.492805662,0.6
1513,1.0,0.0,0.0,0.0,1.0,1.0,0.23689161,0.2044311425,0.4844290677,0.61313831,0.5594406143,0.6666672761
1514,1.0,0.0,0.0,0.0,1.0,1.0,0.2747608318,0.2593053319,0.4914089271,0.6187496458,0.5670102175,0.6092722713
1515,1.0,0.0,0.0,0.0,1.0,1.0,0.21851592,0.1773203438,0.4856631323,0.5901634431,0.5519711784,0.6464629128
1516,1.0,0.0,0.0,0.0,1.0,1.0,0.1665737432,0.1263233381,0.4888888667,0.3111120712,0.5018586227,0.2794129326
1517,1.0,0.0,0.0,0.0,1.0,1.0,0.1714370802,0.1354555629,0.4908760288,0.2978724378,0.4981684232,0.2567564425
1518,1.0,0.0,0.0,0.0,1.0,1.0,0.1677897002,0.1185471165,0.4945254986,0.3913047444,0.5,0.3538452105
1519,1.0,0.0,0.0,0.0,1.0,1.0,0.162364459,0.1162989142,0.4620937651,0.5888889148,0.5054545871,0.62499836
1520,1.0,0.0,0.0,0.0,1.0,1.0,0.2747608638,0.2472845954,0.4828179113,0.606249296,0.5532646023,0.6180555965
1521,1.0,0.0,0.0,0.0,1.0,1.0,0.3069958399,0.2994900538,0.4778156924,0.6111107121,0.5547942352,0.5942857917
1522,1.0,0.0,0.0,0.0,1.0,1.0,0.3168551993,0.3155236087,0.4637436609,0.6117014254,0.5460751067,0.5729723045
1523,1.0,0.0,0.0,0.0,1.0,1.0,0.3102294026,0.3021960423,0.4714765635,0.6216212375,0.5608107758,0.5865916318
1524,1.0,0.0,0.0,0.0,1.0,1.0,0.2554704044,0.214413237,0.4784110974,0.6148650737,0.5501730703,0.6370969584
1525,1.0,0.0,0.0,0.0,1.0,1.0,0.1710757222,0.1194981529,0.4882883237,0.5578949281,0.5253623613,0.59091028
1526,1.0,0.0,0.0,0.0,1.0,1.0,0.1841548103,0.1312213826,0.4883721287,0.5728170308,0.5251798533,0.657534166
1527,1.0,0.0,0.0,0.0,1.0,1.0,0.2562671315,0.2249603179,0.4854700804,0.6266657278,0.5738834236,0.6259552033
1528,1.0,0.0,0.0,0.0,1.0,1.0,0.2826704248,0.2616782374,0.4814815218,0.6369053346,0.5709459128,0.6129038089
1529,1.0,0.0,0.0,0.0,1.0,1.0,0.2940507157,0.2872151254,0.4809917549,0.6292135237,0.5681061515,0.5953756796
1530,1.0,0.0,0.0,0.0,1.0,1.0,0.2981666131,0.2958213743,0.4866667843,0.6201113539,0.5752507515,0.5875706422
1531,1.0,0.0,0.0,0.0,1.0,1.0,0.3063865294,0.2991749675,0.4737704535,0.625668815,0.5657894831,0.598901688
1532,1.0,0.0,0.0,0.0,1.0,1.0,0.2552834215,0.2422886591,0.4674458057,0.6339863481,0.5589226539,0.611111193
1533,1.0,0.0,0.0,0.0,1.0,1.0,0.1361246125,0.08839821496,0.4820787228,0.5394723323,0.5270757559,0.591834713
1534,1.0,0.0,0.0,0.0,1.0,1.0,0.138960033,0.08987783199,0.4848485019,0.5256426525,0.5323742206,0.5800010109
1535,1.0,0.0,0.0,0.0,1.0,1.0,0.2282988792,0.2019418736,0.4720811186,0.614813891,0.5547943607,0.6271189196
1536,1.0,0.0,0.0,0.0,1.0,1.0,0.2578664565,0.2481606981,0.4688027609,0.6339872207,0.5578229214,0.6027396859
1537,1.0,0.0,0.0,0.0,1.0,1.0,0.2683065571,0.2616782144,0.4748322221,0.643749759,0.5709461401,0.5999994509
1538,1.0,0.0,0.0,0.0,1.0,1.0,0.290535349,0.2831754722,0.465116406,0.6285708054,0.5633333628,0.576470236
1539,1.0,0.0,0.0,0.0,1.0,1.0,0.2966832259,0.2915041668,0.4792704047,0.6201110937,0.5733332056,0.577142725
1540,1.0,0.0,0.0,0.0,1.0,1.0,0.2993417628,0.2925995607,0.4729950526,0.6229506666,0.5690787129,0.5898876
1541,1.0,0.0,0.0,0.0,1.0,1.0,0.3009772651,0.2942437919,0.4648117929,0.6250001464,0.5657896648,0.5865925017
1542,1.0,0.0,0.0,0.0,1.0,1.0,0.2986839502,0.2909559031,0.467980286,0.6098897778,0.5690788844,0.5875711929
1543,1.0,0.0,0.0,0.0,1.0,1.0,0.294917398,0.2883635499,0.486885212,0.6277776708,0.5868852575,0.5909086993
1544,1.0,0.0,0.0,0.0,1.0,1.0,0.2933683408,0.2886175953,0.500829289,0.6271186237,0.5973598332,0.5885717827
1545,1.0,0.0,0.0,0.0,1.0,1.0,0.2897888929,0.2860244647,0.494233937,0.6306824984,0.59539463,0.5919544606
1546,1.0,0.0,0.0,0.0,1.0,1.0,0.2935654173,0.2827368638,0.4851484745,0.6235953631,0.5888156698,0.5930232994
1547,1.0,0.0,0.0,0.0,1.0,1.0,0.290956159,0.2853193683,0.4917764133,0.6271177563,0.5940595151,0.6011560838
1548,1.0,0.0,0.0,0.0,1.0,1.0,0.290956001,0.2869686633,0.4967106214,0.6271182939,0.5940595148,0.5862074507
1549,1.0,0.0,0.0,0.0,1.0,1.0,0.2846093362,0.2787223013,0.4933775486,0.6279069476,0.5940595852,0.597633415
1550,1.0,0.0,0.0,0.0,1.0,1.0,0.2869684579,0.2827367649,0.4884488402,0.6321847641,0.5953945582,0.6104657368
1551,1.0,0.0,0.0,0.0,1.0,1.0,0.2895273554,0.2850865116,0.4942716787,0.6327682584,0.5967213427,0.6034486602
1552,1.0,0.0,0.0,0.0,1.0,1.0,0.2916404274,0.2919163059,0.4885245791,0.6292129761,0.5907591397,0.598870888
1553,1.0,0.0,0.0,0.0,1.0,1.0,0.2934740961,0.2893123717,0.4942903396,0.6277775964,0.6019734924,0.5965910707
1554,1.0,0.0,0.0,0.0,1.0,1.0,0.286724992,0.2869683765,0.4934426701,0.6285721014,0.600660079,0.597701565
1555,1.0,0.0,0.0,0.0,1.0,1.0,0.2789905268,0.277990312,0.4975369736,0.6411765152,0.6026489525,0.6130942636
1556,1.0,0.0,0.0,0.0,1.0,1.0,0.281766172,0.2824511947,0.4958539255,0.6294122806,0.5953176992,0.5976326065
1557,1.0,0.0,0.0,0.0,1.0,1.0,0.271514897,0.2683063914,0.4966667269,0.6441713023,0.5939598234,0.6062492535
1558,1.0,0.0,0.0,0.0,1.0,1.0,0.2710633728,0.2699833627,0.5024958256,0.6503073618,0.6006711011,0.6211179049
1559,1.0,0.0,0.0,0.0,1.0,1.0,0.2801091354,0.2783682549,0.4941957299,0.6390529637,0.6006712943,0.6084336963
1560,1.0,0.0,0.0,0.0,1.0,1.0,0.2771563102,0.2725749987,0.5008403342,0.6363636364,0.5959598197,0.6049386599
1561,1.0,0.0,0.0,0.0,1.0,1.0,0.2838750276,0.2785604801,0.4924370157,0.6272191303,0.587837904,0.6060604483
1562,1.0,0.0,0.0,0.0,1.0,1.0,0.2836477927,0.2836254143,0.4858097698,0.6235296772,0.5878378354,0.6071430837
1563,1.0,0.0,0.0,0.0,1.0,1.0,0.2739335869,0.2699831894,0.486711,0.6303029594,0.5906042128,0.6024844803
1564,1.0,0.0,0.0,0.0,1.0,1.0,0.2769738565,0.273495906,0.4941569944,0.6385552353,0.5878379167,0.6111110393
1565,1.0,0.0,0.0,0.0,1.0,1.0,0.2727263309,0.2708924613,0.4858570205,0.6341465651,0.589225532,0.6149069317
1566,1.0,0.0,0.0,0.0,1.0,1.0,0.2719682738,0.2675274596,0.484140339,0.6196310786,0.5858586114,0.6100621976
1567,1.0,0.0,0.0,0.0,1.0,1.0,0.2791085641,0.2701192869,0.4933110226,0.6227550401,0.5912162457,0.5937500843
1568,1.0,0.0,0.0,0.0,1.0,1.0,0.2779016998,0.2751840351,0.4857621413,0.6265061459,0.5810811241,0.601226836
1569,1.0,0.0,0.0,0.0,1.0,1.0,0.285081352,0.2817216236,0.4875621683,0.6279072662,0.5906043135,0.6011911057
1570,1.0,0.0,0.0,0.0,1.0,1.0,0.2666298203,0.2667429365,0.4949665171,0.6477985096,0.5945945563,0.6139228733
1571,1.0,0.0,0.0,0.0,1.0,1.0,0.1776010004,0.1394978337,0.4773519644,0.59804029,0.5406357555,0.6455713775
1572,1.0,0.0,0.0,0.0,1.0,1.0,0.1345748133,0.1076041218,0.4883303023,0.346666405,0.5109487203,0.2881348683
1573,1.0,0.0,0.0,0.0,1.0,1.0,0.1242645421,0.09381036798,0.4849023365,0.4714295137,0.5270759011,0.4807678336
1574,1.0,0.0,0.0,0.0,1.0,1.0,0.1978416554,0.1631031898,0.4778157297,0.6206886962,0.56250007,0.670212985
1575,1.0,0.0,0.0,0.0,1.0,1.0,0.2460682697,0.2370691946,0.4856660962,0.664384096,0.5802048432,0.6258990692
1576,1.0,0.0,0.0,0.0,1.0,1.0,0.2710634676,0.2699833031,0.4891846812,0.6503068132,0.5906040341,0.6149065252
1577,1.0,0.0,0.0,0.0,1.0,1.0,0.2791830193,0.279108328,0.4859503413,0.6390537024,0.5886286341,0.6047897116
1578,1.0,0.0,0.0,0.0,1.0,1.0,0.2801086459,0.283398946,0.4941956488,0.6390534949,0.5906041766,0.6094668169
1579,1.0,0.0,0.0,0.0,1.0,1.0,0.2832024376,0.2831751204,0.4925864936,0.639534649,0.5966666317,0.6
1580,1.0,0.0,0.0,0.0,1.0,1.0,0.2864954588,0.2831753764,0.4892916412,0.6321835792,0.5933333982,0.6058819485
1581,1.0,0.0,0.0,0.0,1.0,1.0,0.2832026525,0.2831751176,0.4942339743,0.6279071513,0.6,0.6117647804
1582,1.0,0.0,0.0,0.0,1.0,1.0,0.2779903288,0.2731808068,0.498344438,0.6309517868,0.5966665151,0.6219507878
1583,1.0,0.0,0.0,0.0,1.0,1.0,0.2787222908,0.2748467382,0.5016501914,0.6272196905,0.6033332075,0.6121209743
1584,1.0,0.0,0.0,0.0,1.0,1.0,0.2803715029,0.2791084053,0.4966997688,0.623529546,0.5953175968,0.6047904964
1585,1.0,0.0,0.0,0.0,1.0,1.0,0.2808348928,0.2781780206,0.5024794408,0.6235298636,0.6033336391,0.604789467
1586,1.0,0.0,0.0,0.0,1.0,1.0,0.2799098192,0.275765759,0.4958814255,0.6235292157,0.6020067852,0.5999992074
1587,1.0,0.0,0.0,0.0,1.0,1.0,0.2793784098,0.2776228358,0.4941764122,0.6309527828,0.5993265252,0.6181824672
1588,1.0,0.0,0.0,0.0,1.0,1.0,0.2767942528,0.2766912482,0.495854131,0.628741872,0.604027011,0.6121214899
1589,1.0,0.0,0.0,0.0,1.0,1.0,0.2784516754,0.2757659551,0.4908788445,0.6249995156,0.5986621673,0.6121208375
1590,1.0,0.0,0.0,0.0,1.0,1.0,0.2749701183,0.2724232542,0.4859966209,0.6407182845,0.5886289844,0.6257664085
1591,1.0,0.0,0.0,0.0,1.0,1.0,0.2806317216,0.2772540509,0.4909687589,0.6315792792,0.5913623902,0.6167657095
1592,1.0,0.0,0.0,0.0,1.0,1.0,0.2787223545,0.2739335005,0.4933993735,0.6390541138,0.601329012,0.6181827119
1593,1.0,0.0,0.0,0.0,1.0,1.0,0.2803714929,0.2798436682,0.4917491703,0.6352944583,0.5999998574,0.6130948893
1594,1.0,0.0,0.0,0.0,1.0,1.0,0.2787222337,0.2791082185,0.4933993046,0.6272187463,0.5986622989,0.6047901873
1595,1.0,0.0,0.0,0.0,1.0,1.0,0.2824868713,0.2800448899,0.4909090422,0.6140355313,0.5939598666,0.6047907447
1596,1.0,0.0,0.0,0.0,1.0,1.0,0.284609292,0.2817217872,0.4900661317,0.6220926803,0.5939594582,0.6011905527
1597,1.0,0.0,0.0,0.0,1.0,1.0,0.2796453082,0.276691166,0.4917217795,0.6331365726,0.6006713214,0.6121220478
1598,1.0,0.0,0.0,0.0,1.0,1.0,0.2758789665,0.2759400332,0.4826445651,0.6287424465,0.5925924075,0.6097555611
1599,1.0,0.0,0.0,0.0,1.0,1.0,0.2815562772,0.2757657938,0.4909390843,0.6198825667,0.5953178747,0.6121215145
1600,1.0,0.0,0.0,0.0,1.0,1.0,0.2789904506,0.2783680694,0.4844006332,0.6294113433,0.5939598073,0.6084343475
1601,1.0,0.0,0.0,0.0,1.0,1.0,0.2758787517,0.2768725066,0.4925619105,0.6467064095,0.5945947516,0.6158534906
1602,1.0,0.0,0.0,0.0,1.0,1.0,0.2706129127,0.2702572265,0.4916943843,0.6380377353,0.5850341249,0.6037737879
1603,1.0,0.0,0.0,0.0,1.0,1.0,0.2739334097,0.2718077711,0.4900332761,0.6363636364,0.5912162408,0.6024833849
1604,1.0,0.0,0.0,0.0,1.0,1.0,0.2727264227,0.2718075837,0.4925125168,0.6341468148,0.5912163215,0.6086956522
1605,1.0,0.0,0.0,0.0,1.0,1.0,0.269400099,0.2659535087,0.4875207374,0.6234572404,0.5898305652,0.5987255306
1606,1.0,0.0,0.0,0.0,1.0,1.0,0.2731807005,0.2727292134,0.4916666993,0.628048844,0.5932205107,0.6024845215
1607,1.0,0.0,0.0,0.0,1.0,1.0,0.2731807032,0.2727288242,0.4949999464,0.6402431613,0.5932203144,0.6086955943
1608,1.0,0.0,0.0,0.0,1.0,1.0,0.2689528222,0.2659529909,0.4916943018,0.6296296785,0.5830506904,0.6114650982
1609,1.0,0.0,0.0,0.0,1.0,1.0,0.2657378771,0.2644570494,0.4899665214,0.6415094592,0.5876289149,0.6103898795
1610,1.0,0.0,0.0,0.0,1.0,1.0,0.2657380128,0.2566595311,0.4866220438,0.6415094087,0.5816328452,0.6158943387
1611,1.0,0.0,0.0,0.0,1.0,1.0,0.2674091953,0.2617587023,0.4933110835,0.6312498426,0.5884355066,0.6168831974
1612,1.0,0.0,0.0,0.0,1.0,1.0,0.2607239271,0.2558296308,0.4816053917,0.634616042,0.576791563,0.6333335229
1613,1.0,0.0,0.0,0.0,1.0,1.0,0.2565680463,0.2524364112,0.4899328535,0.6405227027,0.5876285866,0.6258503303
1614,1.0,0.0,0.0,0.0,1.0,1.0,0.265632512,0.2643574428,0.4817275883,0.6250003347,0.5767917665,0.6129032704
1615,1.0,0.0,0.0,0.0,1.0,1.0,0.2657377258,0.2669742563,0.4849497754,0.6352201342,0.5787672634,0.6217945588
1616,1.0,0.0,0.0,0.0,1.0,1.0,0.2599219703,0.2558296406,0.4932885578,0.6258063714,0.5836177736,0.6200003142
1617,1.0,0.0,0.0,0.0,1.0,1.0,0.257432041,0.2584762886,0.4915825282,0.633986234,0.5793104033,0.6266659065
1618,1.0,0.0,0.0,0.0,1.0,1.0,0.2632758948,0.2644570875,0.489932851,0.6242043244,0.5876286806,0.6233757404
1619,1.0,0.0,0.0,0.0,1.0,1.0,0.2692099214,0.2678916199,0.4949494859,0.6249991643,0.5910652214,0.621794019
1620,1.0,0.0,0.0,0.0,1.0,1.0,0.2650549033,0.2627402636,0.4949323987,0.6305728771,0.5876290016,0.6143783576
1621,1.0,0.0,0.0,0.0,1.0,1.0,0.2490132556,0.2421327965,0.4915253992,0.6258499049,0.580756203,0.617020438
1622,1.0,0.0,0.0,0.0,1.0,1.0,0.2171959921,0.2074964943,0.4787775557,0.6640621049,0.5709342511,0.650000957
1623,1.0,0.0,0.0,0.0,1.0,1.0,0.2009098973,0.175859856,0.4838159383,0.6271187637,0.5679443949,0.6633658059
1624,1.0,0.0,0.0,0.0,1.0,1.0,0.1910195041,0.1694858492,0.4829352061,0.6428580749,0.5629370183,0.6907216717
1625,1.0,0.0,0.0,0.0,1.0,1.0,0.1943836501,0.1724392,0.4819277581,0.6283194317,0.5633801081,0.6632644443
1626,1.0,0.0,0.0,0.0,1.0,1.0,0.1909434946,0.1630666249,0.4802065616,0.6306295893,0.5578948533,0.6881715809
1627,1.0,0.0,0.0,0.0,1.0,1.0,0.2015965982,0.1712330844,0.4820513303,0.6355934939,0.5594405827,0.6836717287
1628,1.0,0.0,0.0,0.0,1.0,1.0,0.2127191537,0.1923324929,0.4814188411,0.6507939152,0.5601374694,0.6607135495
1629,1.0,0.0,0.0,0.0,1.0,1.0,0.2200452419,0.2036530099,0.4722688816,0.6412205258,0.5582191806,0.6470586119
1630,1.0,0.0,0.0,0.0,1.0,1.0,0.2185758797,0.2063694,0.4774624966,0.6488545091,0.5665529563,0.6611566268
1631,1.0,0.0,0.0,0.0,1.0,1.0,0.2220985088,0.2085044117,0.4747475184,0.651514734,0.5620691397,0.6611576531
1632,1.0,0.0,0.0,0.0,1.0,1.0,0.223581302,0.2097805486,0.4791317935,0.6567160559,0.5631399557,0.6666666667
1633,1.0,0.0,0.0,0.0,1.0,1.0,0.2192653407,0.2099521105,0.4846939017,0.6589146515,0.5694446301,0.6694215168
1634,1.0,0.0,0.0,0.0,1.0,1.0,0.1846984688,0.156602399,0.499136495,0.6448584876,0.5633803453,0.6966297532
1635,1.0,0.0,0.0,0.0,1.0,1.0,0.1854633131,0.1571561624,0.4931270329,0.6296301464,0.5547703315,0.6741565152
1636,1.0,0.0,0.0,0.0,1.0,1.0,0.2067221109,0.1858612143,0.4905982606,0.6528924128,0.5649121813,0.6792460995
1637,1.0,0.0,0.0,0.0,1.0,1.0,0.2426972701,0.2309057626,0.4873525467,0.6458327144,0.5655173532,0.6567162035
1638,1.0,0.0,0.0,0.0,1.0,1.0,0.2553196954,0.2498603021,0.4907564362,0.6447358862,0.5724139975,0.6551716563
1639,1.0,0.0,0.0,0.0,1.0,1.0,0.2698492489,0.2626520202,0.5016666577,0.6358026411,0.5767919365,0.6428579404
1640,1.0,0.0,0.0,0.0,1.0,1.0,0.2623950525,0.2567059039,0.4916387493,0.6305728578,0.5719179863,0.653332915
1641,1.0,0.0,0.0,0.0,1.0,1.0,0.2713715683,0.2703969572,0.4900662461,0.6280495066,0.5753426648,0.6329114264
1642,1.0,0.0,0.0,0.0,1.0,1.0,0.2523844213,0.2463659192,0.4966329881,0.646667464,0.5734265787,0.6666666667
1643,1.0,0.0,0.0,0.0,1.0,1.0,0.2659669172,0.2610225651,0.4876032778,0.6149073659,0.5738829728,0.6447371788
1644,1.0,0.0,0.0,0.0,1.0,1.0,0.2676188632,0.2636459099,0.4842974554,0.5987656947,0.5724135628,0.6535942837
1645,1.0,0.0,0.0,0.0,1.0,1.0,0.2602197148,0.2568010743,0.4925373517,0.6242043601,0.5763889129,0.6756750698
1646,1.0,0.0,0.0,0.0,1.0,1.0,0.2668579882,0.2586583035,0.4846937694,0.6050947967,0.5598592312,0.666666177
1647,1.0,0.0,0.0,0.0,1.0,1.0,0.2546240222,0.2462911532,0.473136875,0.6190481117,0.5499999806,0.6666671914
1648,1.0,0.0,0.0,0.0,1.0,1.0,0.2540111448,0.2481724549,0.4833887308,0.633986721,0.5743244373,0.6258503694
1649,1.0,0.0,0.0,0.0,1.0,1.0,0.2414759654,0.2319524009,0.4949665404,0.6597221913,0.5836177723,0.6323527794
1650,1.0,0.0,0.0,0.0,1.0,1.0,0.2638789965,0.2440109724,0.4917491934,0.6375004955,0.5819396648,0.6095881279
1651,1.0,0.0,0.0,0.0,1.0,1.0,0.2683065452,0.2362628014,0.4765101031,0.6249994833,0.5680271828,0.6115107343
1652,1.0,0.0,0.0,0.0,1.0,1.0,0.2677687824,0.2220980675,0.4812286828,0.5923558797,0.562499953,0.585937685
1653,1.0,0.0,0.0,0.0,1.0,1.0,0.2828608658,0.2358820863,0.4819896964,0.5818185061,0.55944058,0.5703701512
1654,1.0,0.0,0.0,0.0,1.0,1.0,0.2899669511,0.2350606474,0.4884119732,0.5917158502,0.5644599149,0.5777781266
1655,1.0,0.0,0.0,0.0,1.0,1.0,0.2757078849,0.2149146876,0.4844826847,0.5750000343,0.5524474721,0.5853662451
1656,1.0,0.0,0.0,0.0,1.0,1.0,0.2690474982,0.1998885707,0.4823123103,0.5641033146,0.540350904,0.5614040198
1657,1.0,0.0,0.0,0.0,1.0,1.0,0.2326740544,0.1445624307,0.4708994779,0.5303036915,0.5285714993,0.5432108521
1658,1.0,0.0,0.0,0.0,1.0,1.0,0.2234890313,0.1158773379,0.4758497543,0.496000159,0.5108694511,0.5312487869
1659,1.0,0.0,0.0,0.0,1.0,1.0,0.2382182024,0.110046877,0.4731182354,0.4586468051,0.5162452498,0.4918017661
1660,1.0,0.0,0.0,0.0,1.0,1.0,0.2521114671,0.1074666813,0.4666667165,0.4285720637,0.5017920095,0.466665514
1661,1.0,0.0,0.0,0.0,1.0,1.0,0.2491785522,0.1100468117,0.4849863408,0.4379568851,0.51985555,0.4426217325
1662,1.0,0.0,0.0,0.0,1.0,1.0,0.2667613719,0.1035782214,0.4826325301,0.3630133605,0.5163637534,0.3157883326
1663,1.0,0.0,0.0,0.0,1.0,1.0,0.2687267908,0.0936977954,0.4880295009,0.3356164575,0.5036763298,0.1960800026
1664,1.0,0.0,0.0,0.0,1.0,1.0,0.2585711775,0.0881860197,0.4605504937,0.3333338151,0.4779408599,0.2083335102
1665,1.0,0.0,0.0,0.0,1.0,1.0,0.2476177764,0.08268757205,0.4560144144,0.3333328356,0.4820143752,0.1956519791
1666,1.0,0.0,0.0,0.0,1.0,1.0,0.2385649468,0.07242323457,0.4701627728,0.3560597739,0.4891305433,0.3249978302
1667,1.0,0.0,0.0,0.0,1.0,1.0,0.2320134055,0.08987814314,0.4910714335,0.423077655,0.5251799468,0.4600009071
1668,1.0,0.0,0.0,0.0,1.0,1.0,0.2242226279,0.1266655234,0.4956522123,0.52713205,0.5381946191,0.5479441729
1669,1.0,0.0,0.0,0.0,1.0,1.0,0.2442698476,0.1637017005,0.4733218635,0.5352108755,0.5344826783,0.5368423589
1670,1.0,0.0,0.0,0.0,1.0,1.0,0.2446909684,0.159704897,0.4793102551,0.5492948866,0.5463917931,0.5483870245
1671,1.0,0.0,0.0,0.0,1.0,1.0,0.256753022,0.1745601563,0.4793102835,0.5369129469,0.547945041,0.5392157458
1672,1.0,0.0,0.0,0.0,1.0,1.0,0.2363898205,0.1494011651,0.4747825585,0.5514700521,0.5463919783,0.5517253411
1673,1.0,0.0,0.0,0.0,1.0,1.0,0.2207249445,0.1345401723,0.4805652942,0.5440002878,0.545454513,0.5584406965
1674,1.0,0.0,0.0,0.0,1.0,1.0,0.2476951002,0.1671422918,0.4766031443,0.5664339595,0.5494879229,0.5816330054
1675,1.0,0.0,0.0,0.0,1.0,1.0,0.2928518601,0.2348688635,0.4923338792,0.5813956907,0.576666531,0.5602835184
1676,1.0,0.0,0.0,0.0,1.0,1.0,0.2993250651,0.2498604845,0.4923857454,0.5819208638,0.5860928715,0.562914266
1677,1.0,0.0,0.0,0.0,1.0,1.0,0.308175537,0.2707519065,0.492333819,0.5911597696,0.5852845324,0.5555559841
1678,1.0,0.0,0.0,0.0,1.0,1.0,0.313384422,0.2740942629,0.4813559119,0.5891898261,0.5785954071,0.5609758568
1679,1.0,0.0,0.0,0.0,1.0,1.0,0.3115806291,0.280248917,0.4770017385,0.6010935366,0.5709461336,0.5602417573
1680,1.0,0.0,0.0,0.0,1.0,1.0,0.3095913618,0.2841221122,0.4764309888,0.5978259167,0.5752506727,0.5588233157
1681,1.0,0.0,0.0,0.0,1.0,1.0,0.2917831046,0.2615986223,0.483221501,0.6034488856,0.5704695384,0.58333356
1682,1.0,0.0,0.0,0.0,1.0,1.0,0.2945375558,0.2739334405,0.4867549967,0.6067414114,0.5813952665,0.5939394096
1683,1.0,0.0,0.0,0.0,1.0,1.0,0.2919163694,0.2740944248,0.4867986577,0.604519585,0.5719063711,0.591463509
1684,1.0,0.0,0.0,0.0,1.0,1.0,0.3003329127,0.2828931412,0.480801369,0.6,0.5694915794,0.5808381885
1685,1.0,0.0,0.0,0.0,1.0,1.0,0.2949450245,0.2806652087,0.4704889759,0.6171430085,0.5650686105,0.5975610226
1686,1.0,0.0,0.0,0.0,1.0,1.0,0.3053389299,0.2903781158,0.4741235286,0.6065570731,0.5709458963,0.5755815029
1687,1.0,0.0,0.0,0.0,1.0,1.0,0.2971761044,0.2809879076,0.478405426,0.6089389595,0.5757575323,0.5748510017
1688,1.0,0.0,0.0,0.0,1.0,1.0,0.2954432448,0.2780017704,0.4729729561,0.628571463,0.5699656236,0.5889570473
1689,1.0,0.0,0.0,0.0,1.0,1.0,0.2942520507,0.2833466965,0.4771573453,0.6206893673,0.5738831101,0.5878793062
1690,1.0,0.0,0.0,0.0,1.0,1.0,0.2920665212,0.2757079737,0.4695945878,0.6127170767,0.5620690771,0.5812502445
1691,1.0,0.0,0.0,0.0,1.0,1.0,0.2956334032,0.2806652516,0.4705882146,0.6022731059,0.5684932734,0.5853654487
1692,1.0,0.0,0.0,0.0,1.0,1.0,0.2955160941,0.2768725939,0.4734218987,0.6123602054,0.5641891771,0.5914629423
1693,1.0,0.0,0.0,0.0,1.0,1.0,0.3035217876,0.2745908303,0.4781878524,0.5966853694,0.5699657962,0.5714282012
1694,1.0,0.0,0.0,0.0,1.0,1.0,0.2919906264,0.26515834,0.4774624208,0.6057145123,0.5680273495,0.5833333333
1695,1.0,0.0,0.0,0.0,1.0,1.0,0.2988364949,0.2804556852,0.4750831438,0.6166657089,0.5680273256,0.5878792299
1696,1.0,0.0,0.0,0.0,1.0,1.0,0.3021567051,0.2797073277,0.473421937,0.609889945,0.5631397055,0.573170966
1697,1.0,0.0,0.0,0.0,1.0,1.0,0.298490915,0.2736570237,0.4798657698,0.6123593278,0.571428521,0.590062352
1698,1.0,0.0,0.0,0.0,1.0,1.0,0.2942518067,0.2791544971,0.4856177107,0.620690277,0.5758619409,0.5864201675
1699,1.0,0.0,0.0,0.0,1.0,1.0,0.2998322357,0.2848235652,0.4864407733,0.6214695243,0.5802047212,0.5808383308
1700,1.0,0.0,0.0,0.0,1.0,1.0,0.3011784612,0.2802490533,0.4882155219,0.6201119569,0.5810810569,0.5783137917
1701,1.0,0.0,0.0,0.0,1.0,1.0,0.3003416934,0.2819370044,0.4855688167,0.615819043,0.58445966,0.5688621859
1702,1.0,0.0,0.0,0.0,1.0,1.0,0.2938529813,0.2821552902,0.4803418492,0.6395344643,0.5714288225,0.5903619711
1703,1.0,0.0,0.0,0.0,1.0,1.0,0.291362666,0.2809876786,0.4915254866,0.6279070331,0.5858585256,0.5868272745
1704,1.0,0.0,0.0,0.0,1.0,1.0,0.2862894622,0.2823764033,0.4939966242,0.6407186889,0.5821917663,0.5939400015
1705,1.0,0.0,0.0,0.0,1.0,1.0,0.28289255,0.2780015993,0.4966100981,0.6467070306,0.5733787762,0.5950919282
1706,1.0,0.0,0.0,0.0,1.0,1.0,0.2416611337,0.2230587244,0.4887737826,0.6499990907,0.5709341609,0.612402884
1707,1.0,0.0,0.0,0.0,1.0,1.0,0.2093899413,0.1724388612,0.4894365991,0.6386556381,0.5598591498,0.6632650467
1708,1.0,0.0,0.0,0.0,1.0,1.0,0.1778366933,0.1338536514,0.4822063551,0.6400007542,0.5500000374,0.6933328492
1709,1.0,0.0,0.0,0.0,1.0,1.0,0.1623641404,0.1189808311,0.4837545339,0.6111096826,0.5347987295,0.6615397562
1710,1.0,0.0,0.0,0.0,1.0,1.0,0.1632841733,0.112664475,0.4721723557,0.6373625858,0.5199998449,0.6774187998
1711,1.0,0.0,0.0,0.0,1.0,1.0,0.1626579314,0.1198592504,0.462929517,0.6333338849,0.5202950423,0.661538663
1712,1.0,0.0,0.0,0.0,1.0,1.0,0.1822089204,0.1322788976,0.4819493981,0.6633649731,0.5441174876,0.7222209213
1713,1.0,0.0,0.0,0.0,1.0,1.0,0.2077690448,0.1635451802,0.4874551302,0.6465513936,0.5490909987,0.6666666667
1714,1.0,0.0,0.0,0.0,1.0,1.0,0.2222989765,0.1757260249,0.4972876407,0.6341463415,0.5787547617,0.6770840733
1715,1.0,0.0,0.0,0.0,1.0,1.0,0.2407033759,0.1926008027,0.4904013399,0.6376807303,0.5694444911,0.657656715
1716,1.0,0.0,0.0,0.0,1.0,1.0,0.2402168943,0.1919341787,0.4824560946,0.6350360004,0.5640138667,0.6396389193
1717,1.0,0.0,0.0,0.0,1.0,1.0,0.2520793157,0.1998882092,0.5044405218,0.6338030973,0.5894738207,0.65789554
1718,1.0,0.0,0.0,0.0,1.0,1.0,0.2537713034,0.2070761217,0.4886955465,0.6438355161,0.5787672424,0.6281001815
1719,1.0,0.0,0.0,0.0,1.0,1.0,0.255394174,0.2086377454,0.4940373535,0.6266662287,0.5858584366,0.6290329268
1720,1.0,0.0,0.0,0.0,1.0,1.0,0.2722674836,0.2289691606,0.4906937165,0.6149071979,0.5919732104,0.6350360833
1721,1.0,0.0,0.0,0.0,1.0,1.0,0.2700730171,0.2288283653,0.5008606392,0.6178347536,0.6026933364,0.625
1722,1.0,0.0,0.0,0.0,1.0,1.0,0.2705387186,0.227913101,0.4810345099,0.6433126023,0.5810809873,0.6148154204
1723,1.0,0.0,0.0,0.0,1.0,1.0,0.2803311692,0.2362622743,0.4947735537,0.6335404301,0.585033957,0.6187044305
1724,1.0,0.0,0.0,0.0,1.0,1.0,0.2761840978,0.2404801927,0.485319484,0.631250675,0.5767918995,0.59574555
1725,1.0,0.0,0.0,0.0,1.0,1.0,0.271005764,0.2327465755,0.4991364641,0.6242047574,0.5924657972,0.6176470588
1726,1.0,0.0,0.0,0.0,1.0,1.0,0.2696636537,0.2439716606,0.4873523637,0.6375000687,0.585858683,0.6275869281
1727,1.0,0.0,0.0,0.0,1.0,1.0,0.2579756382,0.2307737769,0.5076923828,0.6357618207,0.6076389392,0.63157973
1728,1.0,0.0,0.0,0.0,1.0,1.0,0.2502862054,0.2358820876,0.4889267297,0.6598634897,0.5804197035,0.6518508428
1729,1.0,0.0,0.0,0.0,1.0,1.0,0.2519743058,0.2342440005,0.4873097077,0.6510068792,0.5868054302,0.6370374938
1730,1.0,0.0,0.0,0.0,1.0,1.0,0.2549946927,0.2271456337,0.4880137914,0.644295594,0.5839161288,0.6307685404
1731,1.0,0.0,0.0,0.0,1.0,1.0,0.2601995159,0.2305048591,0.4827586644,0.642384198,0.5739437738,0.6183209043
1732,1.0,0.0,0.0,0.0,1.0,1.0,0.264101204,0.2314497532,0.4818653348,0.647059066,0.5719299423,0.6287872996
1733,1.0,0.0,0.0,0.0,1.0,1.0,0.2740944642,0.2430613836,0.4799330632,0.6280482225,0.5748300671,0.6153849614
1734,1.0,0.0,0.0,0.0,1.0,1.0,0.2776227558,0.2490017885,0.4747474729,0.6060611911,0.577319629,0.6000008788
1735,1.0,0.0,0.0,0.0,1.0,1.0,0.2780906682,0.2395922688,0.4856661355,0.6181823823,0.5787669508,0.6
1736,1.0,0.0,0.0,0.0,1.0,1.0,0.2659532781,0.2228484762,0.4932203534,0.6242046019,0.5912161541,0.6136359589
1737,1.0,0.0,0.0,0.0,1.0,1.0,0.2870192524,0.2396619115,0.4888889173,0.601190991,0.5850342236,0.5886530197
1738,1.0,0.0,0.0,0.0,1.0,1.0,0.2824142742,0.2372412897,0.4940777206,0.6107782098,0.5959598208,0.5744680197
1739,1.0,0.0,0.0,0.0,1.0,1.0,0.2821954712,0.2272975007,0.4840335635,0.6130953071,0.5852843148,0.595588551
1740,1.0,0.0,0.0,0.0,1.0,1.0,0.2701193156,0.2049705497,0.4847972722,0.6000002649,0.5762710465,0.5867766713
1741,1.0,0.0,0.0,0.0,1.0,1.0,0.2224845993,0.1392950671,0.4660870433,0.6015618531,0.5400693701,0.6124980735
1742,1.0,0.0,0.0,0.0,1.0,1.0,0.2061783859,0.1178919768,0.4667832021,0.5932206112,0.5387325314,0.6268662815
1743,1.0,0.0,0.0,0.0,1.0,1.0,0.2334339415,0.1567067587,0.4653979215,0.6074069539,0.5400698677,0.6111104571
1744,1.0,0.0,0.0,0.0,1.0,1.0,0.2541244374,0.192332526,0.4778157374,0.60402697,0.567010189,0.5982132194
1745,1.0,0.0,0.0,0.0,1.0,1.0,0.275233532,0.2198084072,0.4784852391,0.6062499753,0.5738832796,0.5937501542
1746,1.0,0.0,0.0,0.0,1.0,1.0,0.2686855951,0.2240125999,0.4777396564,0.6114645627,0.5793102665,0.5923083215
1747,1.0,0.0,0.0,0.0,1.0,1.0,0.2658273852,0.2161422292,0.4766838496,0.6103891453,0.5709343182,0.5919999321
1748,1.0,0.0,0.0,0.0,1.0,1.0,0.2532831539,0.1998883965,0.4726026529,0.6081080695,0.5655170779,0.6034495971
1749,1.0,0.0,0.0,0.0,1.0,1.0,0.2563559558,0.2159070012,0.4818024273,0.6013504545,0.5783970524,0.5887096637
1750,1.0,0.0,0.0,0.0,1.0,1.0,0.2707517939,0.2354614245,0.463210629,0.6296307608,0.569491266,0.6043163686
1751,1.0,0.0,0.0,0.0,1.0,1.0,0.2743888954,0.2381218379,0.4592345682,0.6303032031,0.5671139147,0.6056345451
1752,1.0,0.0,0.0,0.0,1.0,1.0,0.2766165498,0.2415318936,0.4645799687,0.6369051769,0.5700000568,0.613793691
1753,1.0,0.0,0.0,0.0,1.0,1.0,0.2712299325,0.2389969235,0.457236843,0.6242425815,0.5652171424,0.6083922574
1754,1.0,0.0,0.0,0.0,1.0,1.0,0.270922974,0.2406062417,0.4578512158,0.6341463415,0.5690238115,0.6083914626
1755,1.0,0.0,0.0,0.0,1.0,1.0,0.2683840741,0.2397986906,0.4579901762,0.6257663977,0.560402648,0.6083915978
1756,1.0,0.0,0.0,0.0,1.0,1.0,0.2671778015,0.2389235665,0.4554455736,0.6234572526,0.5656568324,0.6126764092
1757,1.0,0.0,0.0,0.0,1.0,1.0,0.2671775988,0.2397307293,0.4636963297,0.6234565468,0.5675674704,0.6056340984
1758,1.0,0.0,0.0,0.0,1.0,1.0,0.2712301627,0.2431975318,0.4720394707,0.630303975,0.5800002549,0.6232881199
1759,1.0,0.0,0.0,0.0,1.0,1.0,0.28037167,0.2506959409,0.4669968174,0.6235293677,0.578595186,0.6200001982
1760,1.0,0.0,0.0,0.0,1.0,1.0,0.2864957402,0.2632758819,0.4728171626,0.626437183,0.5771811361,0.5987261665
1761,1.0,0.0,0.0,0.0,1.0,1.0,0.2855546804,0.2583016635,0.4667773562,0.6337213703,0.5777029746,0.6078427067
1762,1.0,0.0,0.0,0.0,1.0,1.0,0.2900536248,0.2607973979,0.4610282324,0.6228565406,0.5690237252,0.6064506863
1763,1.0,0.0,0.0,0.0,1.0,1.0,0.2940507096,0.2632757395,0.4413222044,0.6179770695,0.5436242405,0.5859872696
1764,1.0,0.0,0.0,0.0,1.0,1.0,0.2925996557,0.2647528656,0.432565694,0.6235946748,0.5331124339,0.5937499164
1765,1.0,0.0,0.0,0.0,1.0,1.0,0.3051610182,0.287667969,0.4264943418,0.6190475648,0.5328945971,0.5828577758
1766,1.0,0.0,0.0,0.0,1.0,1.0,0.3012902111,0.282736844,0.4343597582,0.6129036735,0.5394736703,0.5813949707
1767,1.0,0.0,0.0,0.0,1.0,1.0,0.3030563309,0.2895734151,0.3935482724,0.6276600617,0.5099338623,0.5657144023
1768,1.0,0.0,0.0,0.0,1.0,1.0,0.2846200402,0.2607969433,0.3911620526,0.620689021,0.491582604,0.5806454721
1769,1.0,0.0,0.0,0.0,1.0,1.0,0.1833506736,0.07880921235,0.4892085868,0.3627448386,0.5197133683,0.2500011799
1770,1.0,0.0,0.0,0.0,1.0,1.0,0.1956199834,0.09746333889,0.5088967039,0.2545459005,0.5212768892,0.1636389023
1771,1.0,0.0,0.0,0.0,1.0,1.0,0.1945814629,0.09102065541,0.4831859686,0.2909088485,0.5107143391,0.1764713132
1772,1.0,0.0,0.0,0.0,1.0,1.0,0.1834983671,0.0754971282,0.4652406049,0.3689309367,0.5071944296,0.3571446326
1773,1.0,0.0,0.0,0.0,1.0,1.0,0.184512334,0.1068369225,0.4786324456,0.5740744061,0.5551726209,0.6935482752
1774,1.0,0.0,0.0,0.0,1.0,1.0,0.255710108,0.2175654527,0.4648828883,0.6078421806,0.5646258479,0.617187474
1775,1.0,0.0,0.0,0.0,1.0,1.0,0.2758789325,0.2490191593,0.4760331315,0.6227544835,0.5690235084,0.6148650085
1776,1.0,0.0,0.0,0.0,1.0,1.0,0.2895273368,0.2674092746,0.4615384149,0.6327677465,0.5652176221,0.606250273
1777,1.0,0.0,0.0,0.0,1.0,1.0,0.2936672463,0.2779904257,0.4659091154,0.6243086202,0.572847823,0.5833329116
1778,1.0,0.0,0.0,0.0,1.0,1.0,0.285086906,0.2707517525,0.4737704935,0.6321842574,0.571906364,0.6111107484
1779,1.0,0.0,0.0,0.0,1.0,1.0,0.2848493905,0.2658445535,0.4645798902,0.6300578179,0.5723906924,0.6012653204
1780,1.0,0.0,0.0,0.0,1.0,1.0,0.2836697559,0.2633665002,0.4636964006,0.6220934742,0.5743243509,0.602564381
1781,1.0,0.0,0.0,0.0,1.0,1.0,0.2767182467,0.2632759261,0.4706840382,0.6411764411,0.5805367293,0.6178349568
1782,1.0,0.0,0.0,0.0,1.0,1.0,0.277712354,0.2630982731,0.4717285108,0.6337202481,0.5827816404,0.6100635384
1783,1.0,0.0,0.0,0.0,1.0,1.0,0.2795188302,0.2615205228,0.468292588,0.6337208646,0.5766666595,0.6114650995
1784,1.0,0.0,0.0,0.0,1.0,1.0,0.2724260423,0.2549252376,0.4696223186,0.6445783519,0.574324317,0.609271383
1785,1.0,0.0,0.0,0.0,1.0,1.0,0.2719794595,0.2532368734,0.4688524428,0.6325292374,0.5743243857,0.6133335056
1786,1.0,0.0,0.0,0.0,1.0,1.0,0.2736175383,0.2549252624,0.468852448,0.6407179437,0.577702731,0.6092716273
1787,1.0,0.0,0.0,0.0,1.0,1.0,0.2698981905,0.2540667417,0.4697217826,0.6303034348,0.575757349,0.602648728
1788,1.0,0.0,0.0,0.0,1.0,1.0,0.2750905945,0.2573816218,0.4674267403,0.6390527529,0.5752508779,0.603896149
1789,1.0,0.0,0.0,0.0,1.0,1.0,0.2687026855,0.254925113,0.4688524446,0.6341467893,0.5743242017,0.5960273578
1790,1.0,0.0,0.0,0.0,1.0,1.0,0.2788000448,0.2599217085,0.4747144133,0.6315791457,0.5872482061,0.6129030917
1791,1.0,0.0,0.0,0.0,1.0,1.0,0.2725751076,0.2565684467,0.4675324574,0.642856595,0.5771813192,0.6274505951
1792,1.0,0.0,0.0,0.0,1.0,1.0,0.2690176765,0.2498604394,0.4747144672,0.6424242503,0.5838925644,0.6241609097
1793,1.0,0.0,0.0,0.0,1.0,1.0,0.2629251283,0.2481721042,0.4705881845,0.6273284902,0.5810810907,0.6190465904
1794,1.0,0.0,0.0,0.0,1.0,1.0,0.2660851863,0.2582447133,0.4724026743,0.6402439737,0.5838926174,0.6168828114
1795,1.0,0.0,0.0,0.0,1.0,1.0,0.2640342037,0.2582447716,0.4748783897,0.6441719078,0.5838927881,0.6168829457
1796,1.0,0.0,0.0,0.0,1.0,1.0,0.2681432096,0.2650545659,0.4731706232,0.6484846992,0.5844593765,0.6114645341
1797,1.0,0.0,0.0,0.0,1.0,1.0,0.2659805169,0.2632759034,0.4774192984,0.6484849814,0.5939599352,0.6242039599
1798,1.0,0.0,0.0,0.0,1.0,1.0,0.261566503,0.2549251006,0.4749597118,0.6419753251,0.5912161054,0.6291385523
1799,1.0,0.0,0.0,0.0,1.0,1.0,0.2466574169,0.2464838241,0.4375000811,0.6558445474,0.5506755229,0.6301366621
1800,1.0,0.0,0.0,0.0,1.0,1.0,0.2466573448,0.2473366709,0.4278846454,0.6623379361,0.5454543799,0.625850931
1801,1.0,0.0,0.0,0.0,1.0,1.0,0.2466570466,0.239798964,0.4246795405,0.662336965,0.536912666,0.6363646047
1802,1.0,0.0,0.0,0.0,1.0,1.0,0.2482691651,0.2465065701,0.4283440473,0.6602558356,0.5436242628,0.6258505393
1803,1.0,0.0,0.0,0.0,1.0,1.0,0.2542581569,0.2557494244,0.4208000219,0.6792451561,0.5353534445,0.6381587094
1804,1.0,0.0,0.0,0.0,1.0,1.0,0.2486570909,0.2490190147,0.4237560777,0.6774199726,0.5420874796,0.6418914273
1805,1.0,0.0,0.0,0.0,1.0,1.0,0.2482588154,0.2507017012,0.4230769164,0.6709685606,0.5387206673,0.6375829385
1806,1.0,0.0,0.0,0.0,1.0,1.0,0.2498606201,0.2574832632,0.4214743267,0.6730770802,0.5322034886,0.6447376879
1807,1.0,0.0,0.0,0.0,1.0,1.0,0.2510597834,0.2549253134,0.4047999485,0.6624204329,0.5236487236,0.6357619736
1808,1.0,0.0,0.0,0.0,1.0,1.0,0.2450859657,0.2481608298,0.3853503362,0.668830589,0.5034013846,0.6369866533
1809,1.0,0.0,0.0,0.0,1.0,1.0,0.2395488939,0.2355585334,0.3730158637,0.6688745519,0.4882155899,0.6428570351
1810,1.0,0.0,0.0,0.0,1.0,1.0,0.2399297305,0.239730885,0.3783782814,0.6754966133,0.4932432555,0.6478869613
1811,1.0,0.0,0.0,0.0,1.0,1.0,0.2405032043,0.2346664103,0.3737052509,0.6688746755,0.4932434631,0.6330926398
1812,1.0,0.0,0.0,0.0,1.0,1.0,0.2458689654,0.2439316066,0.3817890481,0.6623369695,0.4949149615,0.6319435402
1813,1.0,0.0,0.0,0.0,1.0,1.0,0.2534471806,0.2532367907,0.3843700582,0.6666666667,0.4966216608,0.6266666857
1814,1.0,0.0,0.0,0.0,1.0,1.0,0.2452520773,0.2414192798,0.3744987306,0.6601305539,0.4898650057,0.6153853083
1815,1.0,0.0,0.0,0.0,1.0,1.0,0.2510755322,0.2447613147,0.3727715028,0.6774196178,0.4863946126,0.631944546
1816,1.0,0.0,0.0,0.0,1.0,1.0,0.249453088,0.2490076243,0.3703099389,0.6666671303,0.4880546533,0.6164383162
1817,1.0,0.0,0.0,0.0,1.0,1.0,0.2617775954,0.2583014673,0.3807599429,0.6543218558,0.5033785673,0.6209154923
1818,1.0,0.0,0.0,0.0,1.0,1.0,0.2607945275,0.252384509,0.3889789449,0.6645957677,0.5117847273,0.6333327227
1819,1.0,0.0,0.0,0.0,1.0,1.0,0.2523020731,0.2414193698,0.4022801075,0.66451687,0.5236485894,0.6363632322
1820,1.0,0.0,0.0,0.0,1.0,1.0,0.2557656711,0.2447956779,0.4115729942,0.6496810717,0.5337839432,0.634483592
1821,1.0,0.0,0.0,0.0,1.0,1.0,0.2584480498,0.2447956542,0.4091654152,0.651898193,0.5304053793,0.6275862761
1822,1.0,0.0,0.0,0.0,1.0,1.0,0.2576558026,0.2431075144,0.4203612656,0.6369421186,0.5371622191,0.6249996391
1823,1.0,0.0,0.0,0.0,1.0,1.0,0.2453323539,0.2328631153,0.4184514164,0.6577176868,0.5340135195,0.6350357375
1824,1.0,0.0,0.0,0.0,1.0,1.0,0.2480248107,0.2414194448,0.413877584,0.6578955034,0.527027205,0.6363632343
1825,1.0,0.0,0.0,0.0,1.0,1.0,0.2284437665,0.2076542711,0.4024490878,0.6642851853,0.5168919233,0.6585365014
1826,1.0,0.0,0.0,0.0,1.0,1.0,0.2258899987,0.2093426099,0.4178862712,0.65467533,0.530405745,0.6532247764
1827,1.0,0.0,0.0,0.0,1.0,1.0,0.2171259919,0.1920696267,0.4693199815,0.6488550108,0.5782312027,0.6902661443
1828,1.0,0.0,0.0,0.0,1.0,1.0,0.2211744362,0.1948063442,0.4775373521,0.6541344499,0.5898307097,0.6782609659
1829,1.0,0.0,0.0,0.0,1.0,1.0,0.2199101878,0.1951769533,0.4630542468,0.6567172986,0.5622893274,0.6724136025
1830,1.0,0.0,0.0,0.0,1.0,1.0,0.2217305293,0.1998885577,0.4834437582,0.6641794444,0.5830505683,0.6949161309
1831,1.0,0.0,0.0,0.0,1.0,1.0,0.2166275056,0.1941483577,0.4876846234,0.6590916593,0.5945946041,0.6956532721
1832,1.0,0.0,0.0,0.0,1.0,1.0,0.2088388423,0.1893140205,0.4776119602,0.6666661004,0.576791855,0.7207216415
1833,1.0,0.0,0.0,0.0,1.0,1.0,0.2015402811,0.1824921999,0.4793388415,0.6721313488,0.5767918774,0.7009341123
1834,1.0,0.0,0.0,0.0,1.0,1.0,0.2077402149,0.1907721057,0.4811783253,0.6692915755,0.5777026422,0.699114213
1835,1.0,0.0,0.0,0.0,1.0,1.0,0.205139831,0.1914185077,0.4729064641,0.6719993098,0.569491762,0.6991159226
1836,1.0,0.0,0.0,0.0,1.0,1.0,0.2064419308,0.1961363053,0.4737704708,0.6666672346,0.5699658091,0.686955418
1837,1.0,0.0,0.0,0.0,1.0,1.0,0.2008763081,0.1871807807,0.4711696626,0.6639338936,0.567010442,0.7064218921
1838,1.0,0.0,0.0,0.0,1.0,1.0,0.2051836331,0.1936636889,0.4718542505,0.6612897664,0.5709342164,0.6874992841
1839,1.0,0.0,0.0,0.0,1.0,1.0,0.2038338015,0.1933851005,0.4703947363,0.6693550478,0.565068708,0.6991157326
1840,1.0,0.0,0.0,0.0,1.0,1.0,0.2067809093,0.1950963782,0.4729063393,0.6587297635,0.5684931629,0.7017542894
1841,1.0,0.0,0.0,0.0,1.0,1.0,0.2045064443,0.1929953675,0.4686469308,0.677419022,0.5655170969,0.7053574658
1842,1.0,0.0,0.0,0.0,1.0,1.0,0.2058158108,0.196441953,0.4629324541,0.6720002198,0.5586207075,0.7017552118
1843,1.0,0.0,0.0,0.0,1.0,1.0,0.2103227533,0.2046639567,0.4649265865,0.689922068,0.5699657554,0.6833344062
1844,1.0,0.0,0.0,0.0,1.0,1.0,0.2141659909,0.2073671576,0.4740259424,0.6666672084,0.5748299295,0.6721313493
1845,1.0,0.0,0.0,0.0,1.0,1.0,0.2266272155,0.2219101175,0.4796085232,0.6618701254,0.5830509524,0.6793886742
1846,1.0,0.0,0.0,0.0,1.0,1.0,0.2255233626,0.2245370404,0.474025941,0.6618711419,0.570945862,0.6691734093
1847,1.0,0.0,0.0,0.0,1.0,1.0,0.223366276,0.2194718993,0.4861338967,0.6569343753,0.5912161745,0.6769235602
1848,1.0,0.0,0.0,0.0,1.0,1.0,0.224630274,0.2194721557,0.4820847596,0.6666671846,0.5844593286,0.6615382585
1849,1.0,0.0,0.0,0.0,1.0,1.0,0.2177646864,0.2110308738,0.4878048352,0.6567161047,0.5844595668,0.6880000969
1850,1.0,0.0,0.0,0.0,1.0,1.0,0.163208606,0.1455327522,0.4831649832,0.6082472666,0.5578947368,0.6746990692
1851,1.0,0.0,0.0,0.0,1.0,1.0,0.1216249304,0.1309231049,0.4779542248,0.2608698329,0.5055350264,0.281688624
1852,1.0,0.0,0.0,0.0,1.0,1.0,0.1282238572,0.1406620958,0.4762740493,0.1780823902,0.4962963369,0.2236830024
1853,1.0,0.0,0.0,0.0,1.0,1.0,0.1160530976,0.1321727362,0.4679376707,0.3432840042,0.5036230378,0.3561648577
1854,1.0,0.0,0.0,0.0,1.0,1.0,0.1184904228,0.1070830691,0.4690721116,0.521738996,0.5214286421,0.5
1855,1.0,0.0,0.0,0.0,1.0,1.0,0.1920111027,0.1728487995,0.4778324777,0.606838436,0.5650685183,0.6732684813
1856,1.0,0.0,0.0,0.0,1.0,1.0,0.2202982574,0.2086375536,0.4732576814,0.6397071687,0.5656565802,0.6693557588
1857,1.0,0.0,0.0,0.0,1.0,1.0,0.246262388,0.2498604653,0.4832000222,0.6493504857,0.5833332735,0.64
1858,1.0,0.0,0.0,0.0,1.0,1.0,0.2514622009,0.2548911616,0.4775641108,0.6433113324,0.5805368564,0.6381570276
1859,1.0,0.0,0.0,0.0,1.0,1.0,0.2462623048,0.2498604783,0.4768000774,0.6363638915,0.5805369809,0.6442944746
1860,1.0,0.0,0.0,0.0,1.0,1.0,0.2450243944,0.2447958237,0.4822580519,0.6381579135,0.5810810513,0.6482753454
1861,1.0,0.0,0.0,0.0,1.0,1.0,0.2345957865,0.233875838,0.4742765162,0.6506844455,0.5757576418,0.6474816234
1862,1.0,0.0,0.0,0.0,1.0,1.0,0.235352593,0.2338760348,0.4725806743,0.6438352354,0.569023328,0.6690640733
1863,1.0,0.0,0.0,0.0,1.0,1.0,0.2317548282,0.2305110179,0.4766505691,0.6597227051,0.5757575758,0.6642339172
1864,1.0,0.0,0.0,0.0,1.0,1.0,0.2362023201,0.2347679971,0.4758841746,0.6530619621,0.5704697078,0.6499994687
1865,1.0,0.0,0.0,0.0,1.0,1.0,0.2292743275,0.2271458755,0.4733441316,0.654929449,0.5723902849,0.6814823937
1866,1.0,0.0,0.0,0.0,1.0,1.0,0.2344969385,0.2296016937,0.4854369136,0.6551717437,0.5810813283,0.6617646356
1867,1.0,0.0,0.0,0.0,1.0,1.0,0.235258291,0.2286858883,0.4788961813,0.6551718969,0.5762712801,0.6592580666
1868,1.0,0.0,0.0,0.0,1.0,1.0,0.2333640524,0.2312897769,0.4718196074,0.6620680974,0.5743241979,0.6715327078
1869,1.0,0.0,0.0,0.0,1.0,1.0,0.2308889857,0.2245367376,0.4733441665,0.650349714,0.5709458655,0.6616543071
1870,1.0,0.0,0.0,0.0,1.0,1.0,0.2251578127,0.2192651034,0.4667747615,0.6690653252,0.5646258674,0.6666677538
1871,1.0,0.0,0.0,0.0,1.0,1.0,0.2213746647,0.2141662644,0.46416948,0.6544119046,0.5544218772,0.6666666667
1872,1.0,0.0,0.0,0.0,1.0,1.0,0.2289043911,0.221160213,0.4645161499,0.6478886135,0.5641891818,0.6564881456
1873,1.0,0.0,0.0,0.0,1.0,1.0,0.228768128,0.2211603568,0.4675324482,0.6666666667,0.5709459632,0.6641213575
1874,1.0,0.0,0.0,0.0,1.0,1.0,0.2280279262,0.2226650194,0.4692556634,0.6524831132,0.5680272233,0.6641211976
1875,1.0,0.0,0.0,0.0,1.0,1.0,0.2336358572,0.2260643382,0.4724025456,0.6597225547,0.5714285191,0.6766916075
1876,1.0,0.0,0.0,0.0,1.0,1.0,0.2401883697,0.2380429884,0.4693548959,0.6644292886,0.5743241579,0.652481773
1877,1.0,0.0,0.0,0.0,1.0,1.0,0.2258900033,0.2168280548,0.4747968223,0.6546765017,0.5728813816,0.6718741153
1878,1.0,0.0,0.0,0.0,1.0,1.0,0.2308890258,0.228686076,0.4749596413,0.6573431507,0.5762709337,0.6592589884
1879,1.0,0.0,0.0,0.0,1.0,1.0,0.2287683399,0.2226648142,0.474026017,0.6666661529,0.5714285714,0.664122264
1880,1.0,0.0,0.0,0.0,1.0,1.0,0.2247935735,0.2141660466,0.472491868,0.6618718476,0.5680270145,0.6587295181
1881,1.0,0.0,0.0,0.0,1.0,1.0,0.2255234161,0.214407648,0.467532422,0.6474806048,0.5608108996,0.6771655419
1882,1.0,0.0,0.0,0.0,1.0,1.0,0.226777612,0.2166023108,0.4748784384,0.6428579105,0.5733787032,0.6692922714
1883,1.0,0.0,0.0,0.0,1.0,1.0,0.2256805971,0.2110307932,0.4725807574,0.6499991443,0.5675674881,0.6720001115
1884,1.0,0.0,0.0,0.0,1.0,1.0,0.2150903812,0.2015823858,0.4741099628,0.6541350079,0.5661017384,0.6806714281
1885,1.0,0.0,0.0,0.0,1.0,1.0,0.2089595358,0.1931126191,0.4813613883,0.6434100233,0.5728811888,0.6666666667
1886,1.0,0.0,0.0,0.0,1.0,1.0,0.2095601588,0.1941482709,0.4741935615,0.6538464128,0.5675673978,0.6782615149
1887,1.0,0.0,0.0,0.0,1.0,1.0,0.2121992552,0.1941483442,0.4797407271,0.633587033,0.5675674791,0.6782615212
1888,1.0,0.0,0.0,0.0,1.0,1.0,0.2086213245,0.1941483277,0.4773462481,0.6511630245,0.5675673309,0.6869555903
1889,1.0,0.0,0.0,0.0,1.0,1.0,0.213473041,0.1981943895,0.4822006944,0.6515154255,0.5762711989,0.6837603825
1890,1.0,0.0,0.0,0.0,1.0,1.0,0.2133642518,0.2009012767,0.4751204618,0.6466167642,0.5709461408,0.6806725937
1891,1.0,0.0,0.0,0.0,1.0,1.0,0.2163572765,0.2025896968,0.4862682178,0.6567160357,0.5810809245,0.6749994191
1892,1.0,0.0,0.0,0.0,1.0,1.0,0.2202984052,0.2059658253,0.4878443671,0.6397045482,0.5709459758,0.6639345583
1893,1.0,0.0,0.0,0.0,1.0,1.0,0.2185274983,0.2096145297,0.4807073279,0.6544119696,0.5738253363,0.6800003369
1894,1.0,0.0,0.0,0.0,1.0,1.0,0.2167072854,0.2015821166,0.4838187471,0.6417909974,0.5762714248,0.6722685618
1895,1.0,0.0,0.0,0.0,1.0,1.0,0.2148637128,0.1937690708,0.4918566834,0.6439397597,0.5782312341,0.6754393237
1896,1.0,0.0,0.0,0.0,1.0,1.0,0.1863646086,0.1625390261,0.4752474693,0.6371690219,0.553633166,0.659574228
1897,1.0,0.0,0.0,0.0,1.0,1.0,0.1733889873,0.1494012087,0.4615384946,0.6037730235,0.542955226,0.6551713305
1898,1.0,0.0,0.0,0.0,1.0,1.0,0.1495874667,0.1227688081,0.4490131151,0.5934067477,0.5190312935,0.6056342675
1899,1.0,0.0,0.0,0.0,1.0,1.0,0.1387183488,0.1087111929,0.4531772828,0.566266719,0.5122807893,0.6129027771
1900,1.0,0.0,0.0,0.0,1.0,1.0,0.1146619527,0.0934729015,0.4606163335,0.5671664805,0.5071941151,0.5961547038
1901,1.0,0.0,0.0,0.0,1.0,1.0,0.1140760606,0.09706806512,0.4565587977,0.5373129576,0.5035971802,0.5370385735
1902,1.0,0.0,0.0,0.0,1.0,1.0,0.1180848585,0.1057800897,0.4571918693,0.4202883339,0.4963503678,0.4310325831
1903,1.0,0.0,0.0,0.0,1.0,1.0,0.1121999223,0.1057802906,0.4715026456,0.4461534454,0.5072992785,0.3620683364
1904,1.0,0.0,0.0,0.0,1.0,1.0,0.1188994617,0.1144817856,0.4706896286,0.3623190216,0.5090910728,0.3015870845
1905,1.0,0.0,0.0,0.0,1.0,1.0,0.1177849132,0.1294894893,0.469670819,0.2647041106,0.5109491204,0.2816895421
1906,1.0,0.0,0.0,0.0,1.0,1.0,0.121507536,0.1240315132,0.4640411892,0.3380291848,0.5143885637,0.3043487672
1907,1.0,0.0,0.0,0.0,1.0,1.0,0.1242832535,0.1280872196,0.4732296655,0.2638907745,0.5198555029,0.2676054652
1908,1.0,0.0,0.0,0.0,1.0,1.0,0.1238551306,0.1258293362,0.4750431374,0.2638892938,0.5179857255,0.2714284001
1909,1.0,0.0,0.0,0.0,1.0,1.0,0.1148586144,0.1258290083,0.4751286165,0.2835823676,0.5107914126,0.2714287413
1910,1.0,0.0,0.0,0.0,1.0,1.0,0.1234305399,0.1285514314,0.4682674886,0.2361110694,0.5072462916,0.2253533149
1911,1.0,0.0,0.0,0.0,1.0,1.0,0.1208305352,0.127626545,0.4784109684,0.2428560397,0.5179855248,0.2253502254
1912,1.0,0.0,0.0,0.0,1.0,1.0,0.1225567162,0.1339832885,0.4697754518,0.2535225031,0.5108695097,0.2567571923
1913,1.0,0.0,0.0,0.0,1.0,1.0,0.1294611394,0.143556195,0.4801381605,0.2133335863,0.5127272929,0.2405062965
1914,1.0,0.0,0.0,0.0,1.0,1.0,0.1277354933,0.1461275474,0.4749567698,0.2162168418,0.5126353428,0.2716040898
1915,1.0,0.0,0.0,0.0,1.0,1.0,0.1467228366,0.1557098153,0.4715026357,0.2352923373,0.5072463881,0.267440759
1916,1.0,0.0,0.0,0.0,1.0,1.0,0.1415446215,0.1531991591,0.4801382249,0.2073175432,0.5145986495,0.2619042841
1917,1.0,0.0,0.0,0.0,1.0,1.0,0.1432706733,0.1575206618,0.4766838646,0.2168678404,0.5181157523,0.2528733665
1918,1.0,0.0,0.0,0.0,1.0,1.0,0.1420440462,0.1558270396,0.4760274363,0.2048193073,0.5125445918,0.2528750753
1919,1.0,0.0,0.0,0.0,1.0,1.0,0.1358965611,0.1527922698,0.4922547436,0.1898729751,0.5215827063,0.2470579119
1920,1.0,0.0,0.0,0.0,1.0,1.0,0.1417894556,0.1563872215,0.4896193414,0.1951222657,0.5179854502,0.2413777182
1921,1.0,0.0,0.0,0.0,1.0,1.0,0.1368388385,0.1562764114,0.4748700903,0.1898745235,0.505454428,0.2325572913
1922,1.0,0.0,0.0,0.0,1.0,1.0,0.1500037303,0.1629125203,0.4781849578,0.2209311614,0.5091574242,0.2696627045
1923,1.0,0.0,0.0,0.0,1.0,1.0,0.1392949226,0.1519299408,0.48257848,0.1875008251,0.509157393,0.2289149268
1924,1.0,0.0,0.0,0.0,1.0,1.0,0.1472311998,0.1580931679,0.4852685954,0.18823559,0.5127272078,0.2413782936
1925,1.0,0.0,0.0,0.0,1.0,1.0,0.1427776911,0.1616747951,0.4912891433,0.2073170732,0.5183821806,0.25
1926,1.0,0.0,0.0,0.0,1.0,1.0,0.147487046,0.1574213548,0.4809027273,0.1999994947,0.5128205834,0.2558149988
1927,1.0,0.0,0.0,0.0,1.0,1.0,0.1475449788,0.1585829544,0.4833041179,0.1785721507,0.5055350409,0.2558138961
1928,1.0,0.0,0.0,0.0,1.0,1.0,0.1523972156,0.1665738771,0.4893617544,0.1860452424,0.5185184308,0.2555568461
1929,1.0,0.0,0.0,0.0,1.0,1.0,0.1600532475,0.1752751834,0.492882575,0.2111103945,0.5149252415,0.2553177865
1930,1.0,0.0,0.0,0.0,1.0,1.0,0.1532120668,0.1640871995,0.4955436933,0.1744185181,0.5149252247,0.2499987882
1931,1.0,0.0,0.0,0.0,1.0,1.0,0.1582742544,0.1709570322,0.4804269554,0.1797736038,0.503759571,0.2307699552
1932,1.0,0.0,0.0,0.0,1.0,1.0,0.1437918059,0.1622230455,0.4884547794,0.1358017226,0.5074626866,0.2068973958
1933,1.0,0.0,0.0,0.0,1.0,1.0,0.1537601123,0.1779311583,0.4901610497,0.1860467447,0.5113636178,0.2446811437
1934,1.0,0.0,0.0,0.0,1.0,1.0,0.1466087731,0.1671998538,0.4973165589,0.158538291,0.5112783245,0.2247175192
1935,1.0,0.0,0.0,0.0,1.0,1.0,0.1626580262,0.186207908,0.4954792085,0.2,0.5095058964,0.2346945783
1936,1.0,0.0,0.0,0.0,1.0,1.0,0.1570550979,0.1834182451,0.4910714048,0.2045449036,0.5131084901,0.2346935666
1937,1.0,0.0,0.0,0.0,1.0,1.0,0.1602706061,0.1817167111,0.4846846394,0.2022463567,0.5037877825,0.2395827782
1938,1.0,0.0,0.0,0.0,1.0,1.0,0.1677636742,0.1927761345,0.4857143451,0.2021276117,0.5056178929,0.252426107
1939,1.0,0.0,0.0,0.0,1.0,1.0,0.1549934669,0.1790043424,0.4919786398,0.160918575,0.5111940568,0.218748671
1940,1.0,0.0,0.0,0.0,1.0,1.0,0.156106778,0.174060133,0.4955116312,0.1839078195,0.5093632749,0.2365588672
1941,1.0,0.0,0.0,0.0,1.0,1.0,0.1520892012,0.1747146157,0.5072464386,0.1785730662,0.5112780897,0.2258054125
1942,1.0,0.0,0.0,0.0,1.0,1.0,0.1617279075,0.1817166187,0.4945454293,0.2022465376,0.5037879314,0.2499994384
1943,1.0,0.0,0.0,0.0,1.0,1.0,0.1744481969,0.1998885024,0.5072728528,0.2395831491,0.520754726,0.2830179613
1944,1.0,0.0,0.0,0.0,1.0,1.0,0.1744481544,0.1987527992,0.5036363399,0.2395840075,0.511363664,0.2666657145
1945,1.0,0.0,0.0,0.0,1.0,1.0,0.1456022063,0.1740602009,0.5017985847,0.1851851852,0.5168539551,0.236560675
1946,1.0,0.0,0.0,0.0,1.0,1.0,0.1515400254,0.1778035187,0.5018050115,0.1904757037,0.520599269,0.2526308654
1947,1.0,0.0,0.0,0.0,1.0,1.0,0.1471905559,0.1753735359,0.5018180984,0.1851850878,0.5094337804,0.2365587458
1948,1.0,0.0,0.0,0.0,1.0,1.0,0.162952524,0.1942313401,0.4927536567,0.1888888626,0.5132075608,0.2427188482
1949,1.0,0.0,0.0,0.0,1.0,1.0,0.155710056,0.1945478979,0.4909420928,0.1976737881,0.5076338162,0.254902246
1950,1.0,0.0,0.0,0.0,1.0,1.0,0.1563875161,0.1836095822,0.4874101391,0.1839075126,0.5,0.2371131311
1951,1.0,0.0,0.0,0.0,1.0,1.0,0.1554286765,0.1848025432,0.4954793028,0.1511624196,0.5094342553,0.2142852526
1952,1.0,0.0,0.0,0.0,1.0,1.0,0.1602709656,0.1957082148,0.4954955006,0.2022488456,0.5057036359,0.2621361415
1953,1.0,0.0,0.0,0.0,1.0,1.0,0.1445620261,0.1803504178,0.4875001031,0.1604954463,0.5037594375,0.2291675427
1954,1.0,0.0,0.0,0.0,1.0,1.0,0.159043093,0.179823702,0.5081374085,0.1590909091,0.5151515152,0.2210526316
1955,1.0,0.0,0.0,0.0,1.0,1.0,0.1466087473,0.175931421,0.4883721591,0.1829275543,0.5056181202,0.2659560795
1956,1.0,0.0,0.0,0.0,1.0,1.0,0.1499162666,0.1715460204,0.4892857525,0.1666645788,0.5074628564,0.2391286942
1957,1.0,0.0,0.0,0.0,1.0,1.0,0.1440638053,0.1734880432,0.4864864736,0.1499993402,0.5018867609,0.2173920028
1958,1.0,0.0,0.0,0.0,1.0,1.0,0.1555483745,0.1834178858,0.5062612491,0.160920496,0.5131085591,0.2244892642
1959,1.0,0.0,0.0,0.0,1.0,1.0,0.1612571516,0.1957860557,0.4964538398,0.1428564662,0.5000002009,0.2285717218
1960,1.0,0.0,0.0,0.0,1.0,1.0,0.1653881436,0.182054855,0.5035586765,0.1397845964,0.505576344,0.1938773035
1961,1.0,0.0,0.0,0.0,1.0,1.0,0.1627411498,0.1906344953,0.5008848989,0.1195654726,0.4999998001,0.1941739834
1962,1.0,0.0,0.0,0.0,1.0,1.0,0.1701176945,0.1961867403,0.5017729743,0.1354172747,0.4999998006,0.1981140132
1963,1.0,0.0,0.0,0.0,1.0,1.0,0.1766868101,0.1901923913,0.4946428648,0.1212116549,0.496268796,0.1764707137
1964,1.0,0.0,0.0,0.0,1.0,1.0,0.1674644457,0.1771399193,0.5026738484,0.1170216654,0.4925375047,0.1684225992
1965,1.0,0.0,0.0,0.0,1.0,1.0,0.1559925291,0.1527450475,0.4845734548,0.09302331374,0.4754720228,0.09876526886
1966,1.0,0.0,0.0,0.0,1.0,1.0,0.1540361655,0.151035057,0.4910394667,0.1046531772,0.4925374276,0.1234558686
1967,1.0,0.0,0.0,0.0,1.0,1.0,0.14200701,0.1197835285,0.4946043734,0.3037991374,0.5056179182,0.2968760067
1968,1.0,0.0,0.0,0.0,1.0,1.0,0.1806219424,0.1491971014,0.4681583784,0.6095232467,0.5251800277,0.6626503229
1969,1.0,0.0,0.0,0.0,1.0,1.0,0.2722731712,0.2711797958,0.5016611123,0.6280490533,0.5767917146,0.597485139
1970,1.0,0.0,0.0,0.0,1.0,1.0,0.315784471,0.3253219576,0.491856669,0.6030932931,0.5771814724,0.5773200227
1971,1.0,0.0,0.0,0.0,1.0,1.0,0.3395849193,0.3498047358,0.4830918474,0.6066348303,0.5666665816,0.5714285714
1972,1.0,0.0,0.0,0.0,1.0,1.0,0.3179302185,0.3236448822,0.4975530963,0.6051285425,0.5771812325,0.5751292943
1973,1.0,0.0,0.0,0.0,1.0,1.0,0.1523313274,0.1119066496,0.4999999511,0.2804872103,0.4903473806,0.2241404328
1974,1.0,0.0,0.0,0.0,1.0,1.0,0.1684040115,0.1211443995,0.4853479868,0.2282591335,0.4810605053,0.1875
1975,1.0,0.0,0.0,0.0,1.0,1.0,0.1692747991,0.1183551246,0.4774775276,0.3191493219,0.4774438091,0.2857162178
1976,1.0,0.0,0.0,0.0,1.0,1.0,0.1560531311,0.1017615969,0.4947368204,0.5617982376,0.5381816307,0.6428571429
1977,1.0,0.0,0.0,0.0,1.0,1.0,0.2644116084,0.2507076267,0.5074875461,0.6226421557,0.5796612396,0.6013515702
1978,1.0,0.0,0.0,0.0,1.0,1.0,0.3125290738,0.3137782343,0.4951140169,0.6250005653,0.5847176798,0.5714282433
1979,1.0,0.0,0.0,0.0,1.0,1.0,0.3298812356,0.3370599869,0.491829988,0.6237624401,0.5805366731,0.5721394218
1980,1.0,0.0,0.0,0.0,1.0,1.0,0.3298648508,0.3331472144,0.4893267232,0.6119409461,0.5723903142,0.5757578093
1981,1.0,0.0,0.0,0.0,1.0,1.0,0.3249818576,0.3253216098,0.4983660895,0.6080401346,0.5838924844,0.587628738
1982,1.0,0.0,0.0,0.0,1.0,1.0,0.3255509537,0.3241434463,0.4820846894,0.6149995259,0.5675674383,0.5937502484
1983,1.0,0.0,0.0,0.0,1.0,1.0,0.3130390778,0.315078141,0.4893965005,0.6197916606,0.5728813394,0.5967746938
1984,1.0,0.0,0.0,0.0,1.0,1.0,0.2665178683,0.268143186,0.488333346,0.6312499237,0.567943985,0.6168833547
1985,1.0,0.0,0.0,0.0,1.0,1.0,0.2606515886,0.2584761886,0.4983388603,0.636942158,0.5793102883,0.6199994238
1986,1.0,0.0,0.0,0.0,1.0,1.0,0.2342703645,0.2171933985,0.5042157657,0.6187047165,0.5689045644,0.6585353615
1987,1.0,0.0,0.0,0.0,1.0,1.0,0.1685805813,0.1459038401,0.4784853281,0.6122459634,0.5328466075,0.6625009659
1988,1.0,0.0,0.0,0.0,1.0,1.0,0.1541600691,0.1331372687,0.4852686353,0.6067413531,0.532846985,0.6575342057
1989,1.0,0.0,0.0,0.0,1.0,1.0,0.1499165257,0.1331374203,0.4741378249,0.6091953745,0.5328467321,0.643834946
1990,1.0,0.0,0.0,0.0,1.0,1.0,0.1582593889,0.1339832486,0.4698795782,0.5978247918,0.5253623033,0.6486485701
1991,1.0,0.0,0.0,0.0,1.0,1.0,0.1682733762,0.1486625708,0.4761904633,0.6060623557,0.544803112,0.6746994098
1992,1.0,0.0,0.0,0.0,1.0,1.0,0.164873915,0.1527927096,0.4591836266,0.639175618,0.5359714436,0.6705881766
1993,1.0,0.0,0.0,0.0,1.0,1.0,0.1859026588,0.164168408,0.4812286046,0.623853446,0.5523464417,0.681318785
1994,1.0,0.0,0.0,0.0,1.0,1.0,0.1741838549,0.1570552541,0.4636210186,0.6213594623,0.5464283425,0.6704542999
1995,1.0,0.0,0.0,0.0,1.0,1.0,0.1998882807,0.1695165578,0.4677966319,0.6440672459,0.544169614,0.6770837724
1996,1.0,0.0,0.0,0.0,1.0,1.0,0.2060178785,0.1849503669,0.488926726,0.6446287215,0.5693947761,0.6923062481
1997,1.0,0.0,0.0,0.0,1.0,1.0,0.2121058908,0.1949266818,0.4889644553,0.6559996058,0.5744681171,0.6909100036
1998,1.0,0.0,0.0,0.0,1.0,1.0,0.1330126059,0.1088884772,0.5009242108,0.2916666667,0.5058362398,0.267857485
1999,1.0,0.0,0.0,0.0,1.0,1.0,0.148268944,0.1524241301,0.483516427,0.1604935735,0.4903475957,0.2405045956
2000,1.0,0.0,0.0,0.0,1.0,1.0,0.1538995544,0.16910705,0.4873189219,0.1647062965,0.4904940989,0.2134836587
2001,1.0,0.0,0.0,0.0,1.0,1.0,0.1772320394,0.1831041218,0.4936015499,0.1958766564,0.4923663996,0.25
2002,1.0,0.0,0.0,0.0,1.0,1.0,0.166876086,0.1805078598,0.5099818512,0.1521758167,0.5057034221,0.2105274903
2003,1.0,0.0,0.0,0.0,1.0,1.0,0.1565610507,0.1748071483,0.5118396176,0.1279069195,0.5019010489,0.1956531749
2004,1.0,0.0,0.0,0.0,1.0,1.0,0.1494661465,0.1602879493,0.4972972932,0.1445783133,0.4943394151,0.1529411765
2005,1.0,0.0,0.0,0.0,1.0,1.0,0.144584881,0.1565164019,0.5027124267,0.1500015841,0.5018869563,0.1566270272
2006,1.0,0.0,0.0,0.0,1.0,1.0,0.1451093111,0.1742319063,0.5009075248,0.1249996699,0.494252748,0.1648359048
2007,1.0,0.0,0.0,0.0,1.0,1.0,0.1505513487,0.1710074899,0.4936479402,0.1445790551,0.4980988962,0.2000009464
2008,1.0,0.0,0.0,0.0,1.0,1.0,0.1650620405,0.1895493234,0.4900181387,0.1538472135,0.4789270743,0.2121205726
2009,1.0,0.0,0.0,0.0,1.0,1.0,0.1559926483,0.1691071544,0.4954627994,0.1279060696,0.4904942087,0.1797754927
2010,1.0,0.0,0.0,0.0,1.0,1.0,0.142519846,0.1608951748,0.4801444277,0.1518979684,0.4886361674,0.188235264
2011,1.0,0.0,0.0,0.0,1.0,1.0,0.1296572284,0.1268228042,0.490090141,0.3055572557,0.515151455,0.2686563892
2012,1.0,0.0,0.0,0.0,1.0,1.0,0.2043151984,0.1742801723,0.480408794,0.6249997765,0.5444841826,0.6938764788
2013,1.0,0.0,0.0,0.0,1.0,1.0,0.2793783538,0.2791547822,0.5108153365,0.619047498,0.589655043,0.6234559767
2014,1.0,0.0,0.0,0.0,1.0,1.0,0.3101718151,0.3121124527,0.5090311786,0.6137568531,0.5870308392,0.6065574949
2015,1.0,0.0,0.0,0.0,1.0,1.0,0.3217158728,0.3286302467,0.5081698966,0.5989844136,0.586440592,0.5876289813
2016,1.0,0.0,0.0,0.0,1.0,1.0,0.3277391363,0.3325845935,0.5081169551,0.5940590996,0.5912160552,0.5837571116
2017,1.0,0.0,0.0,0.0,1.0,1.0,0.3245362889,0.3297821718,0.500807796,0.6019897619,0.5824914788,0.5867348453
2018,1.0,0.0,0.0,0.0,1.0,1.0,0.3272079251,0.3342729916,0.4991896472,0.6089110535,0.5878379134,0.5959594495
2019,1.0,0.0,0.0,0.0,1.0,1.0,0.3401664269,0.346090637,0.4813613836,0.6000004126,0.570946114,0.5804875162
2020,1.0,0.0,0.0,0.0,1.0,1.0,0.3293430973,0.3354059528,0.486133729,0.6089107535,0.5762713476,0.5909087935
2021,1.0,0.0,0.0,0.0,1.0,1.0,0.3386266979,0.3399464524,0.488486905,0.5970874562,0.5714283584,0.5850004112
2022,1.0,0.0,0.0,0.0,1.0,1.0,0.336945225,0.3376495662,0.4902279405,0.6086951015,0.574324439,0.5750002731
2023,1.0,0.0,0.0,0.0,1.0,1.0,0.3189708796,0.3173904697,0.4844516537,0.6102564388,0.5675677755,0.5904263178
2024,1.0,0.0,0.0,0.0,1.0,1.0,0.3315222742,0.3342727894,0.4943088698,0.5980387662,0.5777026866,0.5808090573
2025,1.0,0.0,0.0,0.0,1.0,1.0,0.3326064469,0.3370601487,0.4853895482,0.6048775301,0.5671142964,0.5820895037
2026,1.0,0.0,0.0,0.0,1.0,1.0,0.3418286824,0.3499730205,0.4902280681,0.5999997914,0.5723905451,0.5865384919
2027,1.0,0.0,0.0,0.0,1.0,1.0,0.3298812213,0.3252418023,0.4852941844,0.6089103199,0.5728815561,0.593749652
2028,1.0,0.0,0.0,0.0,1.0,1.0,0.3261167435,0.3280996109,0.4805194782,0.6069650537,0.5656566183,0.5948714924
2029,1.0,0.0,0.0,0.0,1.0,1.0,0.321826943,0.3230520971,0.4773462796,0.6030148475,0.562289495,0.5937497851
2030,1.0,0.0,0.0,0.0,1.0,1.0,0.3299127143,0.3303525195,0.4838187803,0.6078436594,0.570469828,0.5989847324
2031,1.0,0.0,0.0,0.0,1.0,1.0,0.3261506241,0.3275760812,0.4733440516,0.6138613006,0.5585282329,0.5969392698
2032,1.0,0.0,0.0,0.0,1.0,1.0,0.3342186112,0.3348129224,0.4742766036,0.6057700335,0.5633333309,0.5970152638
2033,1.0,0.0,0.0,0.0,1.0,1.0,0.3223484907,0.3213692993,0.4732577787,0.6080399251,0.5656567773,0.6020938275
2034,1.0,0.0,0.0,0.0,1.0,1.0,0.3233964815,0.324143326,0.48455277,0.6130650573,0.5743245651,0.5989582507
2035,1.0,0.0,0.0,0.0,1.0,1.0,0.3125289706,0.3112738785,0.4853420555,0.6145825857,0.5757576416,0.6054056759
2036,1.0,0.0,0.0,0.0,1.0,1.0,0.2937606556,0.2923537452,0.4958949436,0.6312847674,0.5816326493,0.6162800074
2037,1.0,0.0,0.0,0.0,1.0,1.0,0.2900021613,0.2853133232,0.493442624,0.6327677593,0.5810810662,0.6153846154
2038,1.0,0.0,0.0,0.0,1.0,1.0,0.2775308178,0.277242445,0.4925619358,0.6369052427,0.5787669087,0.6172844102
2039,1.0,0.0,0.0,0.0,1.0,1.0,0.26717735,0.262740124,0.4999999551,0.6419755242,0.5876289353,0.6339873836
2040,1.0,0.0,0.0,0.0,1.0,1.0,0.2668493759,0.2644573839,0.4975124179,0.63975123,0.5807561315,0.636363763
2041,1.0,0.0,0.0,0.0,1.0,1.0,0.263534429,0.2627400782,0.4975123709,0.6415088653,0.5807561153,0.6339869188
2042,1.0,0.0,0.0,0.0,1.0,1.0,0.2602198807,0.2575880407,0.4991709278,0.6369420642,0.5807557626,0.6266670935
2043,1.0,0.0,0.0,0.0,1.0,1.0,0.2577596056,0.2524542614,0.4858568742,0.6451616079,0.5709342913,0.63698579
2044,1.0,0.0,0.0,0.0,1.0,1.0,0.2531917504,0.2455375846,0.4983334075,0.6381580495,0.5778545777,0.6338035042
2045,1.0,0.0,0.0,0.0,1.0,1.0,0.2618767416,0.2507191659,0.4892204837,0.6455702556,0.5738831349,0.6232884958
2046,1.0,0.0,0.0,0.0,1.0,1.0,0.257381405,0.2446551015,0.4949833343,0.642857243,0.5763890294,0.6312055435
2047,1.0,0.0,0.0,0.0,1.0,1.0,0.2486088818,0.2351627594,0.4974957938,0.6510071971,0.5778546377,0.6470585437
2048,1.0,0.0,0.0,0.0,1.0,1.0,0.2414759276,0.2317045225,0.5050336103,0.6597221809,0.5847748671,0.6492543404
2049,1.0,0.0,0.0,0.0,1.0,1.0,0.2490189912,0.2317045674,0.5084175512,0.6486491603,0.5916958319,0.6492533712
2050,1.0,0.0,0.0,0.0,1.0,1.0,0.2439714856,0.2315777265,0.5016835406,0.6620687611,0.5853657442,0.6541358485
2051,1.0,0.0,0.0,0.0,1.0,1.0,0.2341644089,0.2154272748,0.5076399981,0.6449275028,0.5724382248,0.6557373053
2052,1.0,0.0,0.0,0.0,1.0,1.0,0.2043533114,0.1719470429,0.5,0.6386551166,0.5627241018,0.6770817635
2053,1.0,0.0,0.0,0.0,1.0,1.0,0.2077205632,0.1730483016,0.4974445849,0.6393432324,0.5653710168,0.6734692104
2054,1.0,0.0,0.0,0.0,1.0,1.0,0.1815592501,0.1443236611,0.4792387135,0.6476193562,0.5342959181,0.6999997342
2055,1.0,0.0,0.0,0.0,1.0,1.0,0.1708888525,0.1294239488,0.4611398926,0.6464660834,0.5215825489,0.7083333333
2056,1.0,0.0,0.0,0.0,1.0,1.0,0.172913813,0.1353035674,0.4688580888,0.6500011703,0.5234656569,0.7066670449
2057,1.0,0.0,0.0,0.0,1.0,1.0,0.171184849,0.1285512685,0.4757784462,0.6262617864,0.5289854436,0.7042252265
2058,1.0,0.0,0.0,0.0,1.0,1.0,0.1596331654,0.1217501413,0.4722221527,0.6304342274,0.5236363947,0.7164187194
2059,1.0,0.0,0.0,0.0,1.0,1.0,0.1648386433,0.124930045,0.4826388079,0.6210534554,0.5289852982,0.6956533787
2060,1.0,0.0,0.0,0.0,1.0,1.0,0.1599106362,0.1217503722,0.4817390223,0.6086945452,0.530908998,0.6716427398
2061,1.0,0.0,0.0,0.0,1.0,1.0,0.1651252583,0.1235673789,0.4834782924,0.5894725358,0.5236362546,0.6911781173
2062,1.0,0.0,0.0,0.0,1.0,1.0,0.1671538427,0.1235676162,0.4843205523,0.5937502097,0.5309093662,0.7058816099
2063,1.0,0.0,0.0,0.0,1.0,1.0,0.1619304007,0.1199332092,0.4860627981,0.5913986363,0.5345454138,0.6969690135
2064,1.0,0.0,0.0,0.0,1.0,1.0,0.1607494549,0.1185471298,0.4860138855,0.5760861091,0.5291969146,0.6615365142
2065,1.0,0.0,0.0,0.0,1.0,1.0,0.1557800714,0.1171506621,0.4781085297,0.584269261,0.5201464689,0.6562511399
2066,1.0,0.0,0.0,0.0,1.0,1.0,0.1425261268,0.1051073566,0.4823943147,0.5802461618,0.5239850969,0.6666691748
2067,1.0,0.0,0.0,0.0,1.0,1.0,0.1384661703,0.1032630348,0.4973357138,0.5384613316,0.5239851899,0.6249990635
2068,1.0,0.0,0.0,0.0,1.0,1.0,0.1366910292,0.0995754683,0.495559444,0.5194798461,0.5239851112,0.6481474996
2069,1.0,0.0,0.0,0.0,1.0,1.0,0.1378540603,0.09545222586,0.4954627588,0.4210532166,0.5168538926,0.4509810418
2070,1.0,0.0,0.0,0.0,1.0,1.0,0.1355483834,0.09956838031,0.4828209854,0.3599985383,0.4962406551,0.3773572897
2071,1.0,0.0,0.0,0.0,1.0,1.0,0.1412256438,0.107082838,0.490942063,0.3461549835,0.5037593452,0.3508775802
2072,1.0,0.0,0.0,0.0,1.0,1.0,0.1432958408,0.1225729945,0.479128848,0.2278495757,0.4981133698,0.2153867438
2073,1.0,0.0,0.0,0.0,1.0,1.0,0.1464385535,0.1381801141,0.4816849999,0.2000010544,0.4924244269,0.219177172
2074,1.0,0.0,0.0,0.0,1.0,1.0,0.1496390338,0.1506794664,0.4953788545,0.1604941476,0.4961832643,0.2025322182
2075,1.0,0.0,0.0,0.0,1.0,1.0,0.1823801368,0.1772594393,0.5018248276,0.190000753,0.5018869011,0.2127658154
2076,1.0,0.0,0.0,0.0,1.0,1.0,0.1914989471,0.1765929232,0.4927007143,0.1904766645,0.496240569,0.2127667618
2077,1.0,0.0,0.0,0.0,1.0,1.0,0.1653621874,0.1590018487,0.4945455303,0.1648348093,0.4924242183,0.1904758328
2078,1.0,0.0,0.0,0.0,1.0,1.0,0.1746772047,0.1647020457,0.4846847225,0.1649496469,0.4906367551,0.1931799387
2079,1.0,0.0,0.0,0.0,1.0,1.0,0.1789238075,0.1690786894,0.4846293179,0.1515154722,0.4812030697,0.2000004656
2080,1.0,0.0,0.0,0.0,1.0,1.0,0.1777591761,0.1665739569,0.4809436912,0.1632663942,0.4906367085,0.2134825656
2081,1.0,0.0,0.0,0.0,1.0,1.0,0.1782790024,0.1690783717,0.486486571,0.1515163107,0.492481093,0.1888880058
2082,1.0,0.0,0.0,0.0,1.0,1.0,0.1728762944,0.164701673,0.4882883296,0.1458341558,0.4868911541,0.1931804044
2083,1.0,0.0,0.0,0.0,1.0,1.0,0.1786007878,0.1715462664,0.4801444504,0.1818174182,0.4850747165,0.2065209531
2084,1.0,0.0,0.0,0.0,1.0,1.0,0.1741315116,0.162787958,0.4863884135,0.1562503422,0.4886365038,0.1744190311
2085,1.0,0.0,0.0,0.0,1.0,1.0,0.1813866294,0.1709573677,0.4882033012,0.1600004186,0.4962407789,0.2087924725
2086,1.0,0.0,0.0,0.0,1.0,1.0,0.1838682361,0.1665735912,0.4845172629,0.1683168933,0.4886361339,0.1931820345
2087,1.0,0.0,0.0,0.0,1.0,1.0,0.1853507397,0.1665736813,0.4872728369,0.1470583998,0.4886363185,0.1818186156
2088,1.0,0.0,0.0,0.0,1.0,1.0,0.1883004491,0.1703167127,0.4909420847,0.1730767268,0.4868914691,0.1978019157
2089,1.0,0.0,0.0,0.0,1.0,1.0,0.1686899378,0.1510350041,0.5027223511,0.1505381947,0.5,0.1481466067
2090,1.0,0.0,0.0,0.0,1.0,1.0,0.1958613367,0.1817168144,0.4963370413,0.1869167123,0.4924243378,0.1979164805
2091,1.0,0.0,0.0,0.0,1.0,1.0,0.1973306555,0.1900079041,0.4917733075,0.2037041761,0.4828898303,0.2199987709
2092,1.0,0.0,0.0,0.0,1.0,1.0,0.2057135614,0.19190825,0.4972676714,0.194688894,0.4904942905,0.2178217408
2093,1.0,0.0,0.0,0.0,1.0,1.0,0.1925528993,0.1799761124,0.5137614365,0.1619045682,0.4942527843,0.1914879599
2094,1.0,0.0,0.0,0.0,1.0,1.0,0.1847394416,0.1672143306,0.5120148335,0.1800001698,0.4884615275,0.2068963835
2095,1.0,0.0,0.0,0.0,1.0,1.0,0.164743358,0.1487720142,0.5000000984,0.1555553432,0.4847327665,0.1794869674
2096,1.0,0.0,0.0,0.0,1.0,1.0,0.1747657802,0.1465347584,0.4972677689,0.1458315647,0.4924814259,0.1410261562
2097,1.0,0.0,0.0,0.0,1.0,1.0,0.1724455834,0.1474272568,0.500927644,0.118279155,0.4827587183,0.1428567512
2098,1.0,0.0,0.0,0.0,1.0,1.0,0.1717506855,0.1433163131,0.4972578155,0.159574253,0.4867927384,0.1184198094
2099,1.0,0.0,0.0,0.0,1.0,1.0,0.1702750996,0.1506793862,0.4962964282,0.1086951527,0.4847325597,0.1392409128
2100,1.0,0.0,0.0,0.0,1.0,1.0,0.1656535355,0.1539065153,0.5046040347,0.1222228572,0.4980987231,0.1358033184
2101,1.0,0.0,0.0,0.0,1.0,1.0,0.1693347664,0.1652922047,0.4935542218,0.1521755026,0.4807693162,0.1976739354
2102,1.0,0.0,0.0,0.0,1.0,1.0,0.1656535283,0.1621232374,0.510128947,0.1222223521,0.5,0.1529403609
2103,1.0,0.0,0.0,0.0,1.0,1.0,0.1681134052,0.1589151446,0.5046209674,0.1318689177,0.4942527211,0.1204832379
2104,1.0,0.0,0.0,0.0,1.0,1.0,0.1696472311,0.1710586343,0.5036900989,0.1521741612,0.496154135,0.1685402275
2105,1.0,0.0,0.0,0.0,1.0,1.0,0.1638430284,0.1577065457,0.510018297,0.1888906766,0.4942966703,0.1566255478
2106,1.0,0.0,0.0,0.0,1.0,1.0,0.159251783,0.1556821144,0.4853478708,0.1724151393,0.4807691288,0.1728383414
2107,1.0,0.0,0.0,0.0,1.0,1.0,0.1602709681,0.1371411364,0.4864863942,0.2584262217,0.4962405242,0.1780804132
2108,1.0,0.0,0.0,0.0,1.0,1.0,0.1407157227,0.1131444467,0.5036100929,0.3717957284,0.5207548965,0.3666658559
2109,1.0,0.0,0.0,0.0,1.0,1.0,0.1752494635,0.1448465021,0.4895834499,0.6039609603,0.5434783448,0.6750011991
2110,1.0,0.0,0.0,0.0,1.0,1.0,0.2655034258,0.2542747633,0.5076142899,0.5987263838,0.5795052496,0.6111108634
2111,1.0,0.0,0.0,0.0,1.0,1.0,0.3160485055,0.3194094217,0.5016556227,0.5968585732,0.5807563113,0.5752693386
2112,1.0,0.0,0.0,0.0,1.0,1.0,0.3298485696,0.3371404631,0.4950494881,0.5950005903,0.5753423896,0.5685275727
2113,1.0,0.0,0.0,0.0,1.0,1.0,0.3276587182,0.333147285,0.5024711489,0.5929649822,0.5773193775,0.5824735846
2114,1.0,0.0,0.0,0.0,1.0,1.0,0.2731918008,0.2578063847,0.5059423254,0.5776399841,0.575971804,0.5890406919
2115,1.0,0.0,0.0,0.0,1.0,1.0,0.1569520846,0.1104251099,0.5018050723,0.4942536097,0.5131086428,0.5762705708
2116,1.0,0.0,0.0,0.0,1.0,1.0,0.1443436596,0.1083049096,0.5009139391,0.4556969139,0.5133081895,0.4736828441
2117,1.0,0.0,0.0,0.0,1.0,1.0,0.2332029077,0.2031831387,0.501754386,0.5864652718,0.5531135531,0.6216208307
2118,1.0,0.0,0.0,0.0,1.0,1.0,0.2889143636,0.2795642791,0.5058823895,0.5988366433,0.5734262679,0.5937494054
2119,1.0,0.0,0.0,0.0,1.0,1.0,0.3080357591,0.3075203254,0.4958124763,0.6086956007,0.5664332283,0.5909098788
2120,1.0,0.0,0.0,0.0,1.0,1.0,0.3177033166,0.3239569897,0.4933775698,0.6093742123,0.5655172797,0.5797868019
2121,1.0,0.0,0.0,0.0,1.0,1.0,0.3209521655,0.3268072548,0.4891846531,0.6165797719,0.5640138537,0.5873016054
2122,1.0,0.0,0.0,0.0,1.0,1.0,0.3121181644,0.3187875912,0.4950167233,0.6223402043,0.565517213,0.5891889925
2123,1.0,0.0,0.0,0.0,1.0,1.0,0.3137783939,0.3170645471,0.4933556097,0.6296293312,0.5689655884,0.5869566246
2124,1.0,0.0,0.0,0.0,1.0,1.0,0.3204823956,0.3223455823,0.4859503922,0.6237115854,0.5665527987,0.5767195706
2125,1.0,0.0,0.0,0.0,1.0,1.0,0.3227194308,0.3246485801,0.4958813959,0.6173470738,0.5714286239,0.5863865341
2126,1.0,0.0,0.0,0.0,1.0,1.0,0.3155265333,0.3167721448,0.4925619228,0.6282721381,0.5728812011,0.5828874829
2127,1.0,0.0,0.0,0.0,1.0,1.0,0.3138742702,0.3150785737,0.4942149315,0.6315793048,0.5728813942,0.5860218224
2128,1.0,0.0,0.0,0.0,1.0,1.0,0.3211322922,0.3213694308,0.4934426803,0.6326528123,0.5791247182,0.5916227031
2129,1.0,0.0,0.0,0.0,1.0,1.0,0.3215450241,0.3223454678,0.4925373767,0.628866138,0.573378955,0.5767196842
2130,1.0,0.0,0.0,0.0,1.0,1.0,0.3232025962,0.3229489187,0.4908789939,0.6307688886,0.5782312474,0.5894736482
2131,1.0,0.0,0.0,0.0,1.0,1.0,0.3220794262,0.322948684,0.4916943456,0.6237112076,0.5816329655,0.5842101415
2132,1.0,0.0,0.0,0.0,1.0,1.0,0.3209521226,0.3201602791,0.4958403774,0.6321241335,0.5796609061,0.582010546
2133,1.0,0.0,0.0,0.0,1.0,1.0,0.3209521966,0.3235479225,0.4991680419,0.6321242174,0.5830507973,0.581152132
2134,1.0,0.0,0.0,0.0,1.0,1.0,0.3170984772,0.3150782587,0.4916944266,0.6282722042,0.5796613059,0.5860223134
2135,1.0,0.0,0.0,0.0,1.0,1.0,0.3159633529,0.3161498307,0.4991680546,0.6315791269,0.5850340411,0.5913979369
2136,1.0,0.0,0.0,0.0,1.0,1.0,0.3091920194,0.3125403747,0.5016722606,0.6270261722,0.5876287539,0.5824176351
2137,1.0,0.0,0.0,0.0,1.0,1.0,0.3086756591,0.3131812956,0.4974957747,0.6378385034,0.5890412448,0.595628278
2138,1.0,0.0,0.0,0.0,1.0,1.0,0.3001680038,0.3005194905,0.4983222499,0.6368717332,0.5807560614,0.6
2139,1.0,0.0,0.0,0.0,1.0,1.0,0.3014983016,0.3022369303,0.4916666742,0.6298344992,0.5807560125,0.6022724891
2140,1.0,0.0,0.0,0.0,1.0,1.0,0.307648485,0.3121123989,0.4925125774,0.6270271483,0.5870307472,0.5901633473
2141,1.0,0.0,0.0,0.0,1.0,1.0,0.297176161,0.2977788515,0.4983388861,0.6424576627,0.5890411987,0.5977006426
2142,1.0,0.0,0.0,0.0,1.0,1.0,0.3006584133,0.3015262918,0.4975206958,0.6263735735,0.5932200877,0.6011240443
2143,1.0,0.0,0.0,0.0,1.0,1.0,0.2945375525,0.2940535106,0.4966888516,0.6348308144,0.5884352894,0.6069358544
2144,1.0,0.0,0.0,0.0,1.0,1.0,0.288875179,0.2848239633,0.4867109177,0.6379303769,0.5733789812,0.6107789507
2145,1.0,0.0,0.0,0.0,1.0,1.0,0.2855550621,0.2865295662,0.4900332669,0.651162295,0.5802046062,0.6071421236
2146,1.0,0.0,0.0,0.0,1.0,1.0,0.2862642336,0.2838551692,0.4917219321,0.6358379682,0.5884350704,0.604790255
2147,1.0,0.0,0.0,0.0,1.0,1.0,0.2862637226,0.2865293044,0.4950331848,0.6473983908,0.5802047565,0.6130954861
2148,1.0,0.0,0.0,0.0,1.0,1.0,0.2872151616,0.2831181484,0.4883720804,0.6473987783,0.5802046765,0.6144582114
2149,1.0,0.0,0.0,0.0,1.0,1.0,0.2774372579,0.2738198012,0.4933110149,0.6445784168,0.5753425584,0.625000686
2150,1.0,0.0,0.0,0.0,1.0,1.0,0.2801090529,0.2797075758,0.489220546,0.6390537852,0.5767918278,0.6097559043
2151,1.0,0.0,0.0,0.0,1.0,1.0,0.2850811177,0.2848239436,0.4925372495,0.6453485825,0.5836176309,0.6107787519
2152,1.0,0.0,0.0,0.0,1.0,1.0,0.2900534848,0.2892218056,0.4925373425,0.6457143694,0.578767216,0.6094676277
2153,1.0,0.0,0.0,0.0,1.0,1.0,0.2891364286,0.2857990724,0.4899666467,0.6473992161,0.5787669479,0.6047901764
2154,1.0,0.0,0.0,0.0,1.0,1.0,0.2936591942,0.2926445278,0.4958263387,0.6363636364,0.5890410857,0.6023399497
2155,1.0,0.0,0.0,0.0,1.0,1.0,0.299333579,0.2977789388,0.4925123785,0.6333324829,0.5787670618,0.6034483625
2156,1.0,0.0,0.0,0.0,1.0,1.0,0.3025064997,0.3029129422,0.4916387978,0.6408841083,0.578767082,0.604519474
2157,1.0,0.0,0.0,0.0,1.0,1.0,0.2995014883,0.3005193898,0.4536424065,0.6243094449,0.5463918975,0.5828569741
2158,1.0,0.0,0.0,0.0,1.0,1.0,0.302310602,0.3012016941,0.4446281424,0.6284157597,0.5342467401,0.585227528
2159,1.0,0.0,0.0,0.0,1.0,1.0,0.3089185067,0.3097584728,0.45123971,0.6203208744,0.5410957853,0.5911601809
2160,1.0,0.0,0.0,0.0,1.0,1.0,0.3028110583,0.3022369472,0.4519867084,0.617486139,0.536082329,0.5795455521
2161,1.0,0.0,0.0,0.0,1.0,1.0,0.3019660684,0.3046246215,0.4499178038,0.6195646641,0.5410959644,0.5786513898
2162,1.0,0.0,0.0,0.0,1.0,1.0,0.3062541535,0.3046243759,0.4563426609,0.6129034891,0.5479449919,0.5842692933
2163,1.0,0.0,0.0,0.0,1.0,1.0,0.3123257898,0.3161501729,0.4851973167,0.621052752,0.5748298503,0.5913977992
2164,1.0,0.0,0.0,0.0,1.0,1.0,0.3143939765,0.3172290926,0.4884105326,0.6263162102,0.5767916409,0.5913978996
2165,1.0,0.0,0.0,0.0,1.0,1.0,0.3128402663,0.3150781028,0.487644164,0.626316062,0.5762712869,0.5860217708
2166,1.0,0.0,0.0,0.0,1.0,1.0,0.3138744091,0.3150782572,0.4876033267,0.6210529949,0.5762714249,0.586021259
2167,1.0,0.0,0.0,0.0,1.0,1.0,0.317779583,0.3167721385,0.4892916576,0.6165804877,0.5830509635,0.5882354323
2168,1.0,0.0,0.0,0.0,1.0,1.0,0.3161330936,0.3206401261,0.4827019067,0.6197919308,0.5802046774,0.5904253605
2169,1.0,0.0,0.0,0.0,1.0,1.0,0.3122220926,0.3150781332,0.4842974907,0.6296301408,0.5796612479,0.596774005
2170,1.0,0.0,0.0,0.0,1.0,1.0,0.3105704278,0.3110509134,0.487603297,0.6276590255,0.5816325783,0.5956288466
2171,1.0,0.0,0.0,0.0,1.0,1.0,0.3066281658,0.311470173,0.4908790017,0.6270263405,0.5821918114,0.5934059629
2172,1.0,0.0,0.0,0.0,1.0,1.0,0.2998325973,0.3029127924,0.4933332776,0.6277778182,0.5821919036,0.5932202345
2173,1.0,0.0,0.0,0.0,1.0,1.0,0.3094298901,0.3127505354,0.4884105017,0.6256684181,0.5782312975,0.5923911824
2174,1.0,0.0,0.0,0.0,1.0,1.0,0.3033131187,0.3076513694,0.4925372403,0.6284159544,0.5816328429,0.596685417
2175,1.0,0.0,0.0,0.0,1.0,1.0,0.3043225321,0.3052905097,0.4975041345,0.6229509171,0.5870308788,0.5921785809
2176,1.0,0.0,0.0,0.0,1.0,1.0,0.2958211183,0.2960674657,0.4933111535,0.6271193258,0.5753427136,0.6011552764
2177,1.0,0.0,0.0,0.0,1.0,1.0,0.2619227504,0.2560407514,0.505172471,0.6447372531,0.5830390645,0.6000002977
2178,1.0,0.0,0.0,0.0,1.0,1.0,0.2146688356,0.1792478274,0.4947184192,0.6311470905,0.5579712591,0.6565649939
2179,1.0,0.0,0.0,0.0,1.0,1.0,0.1759578567,0.124018531,0.4823942941,0.5699996387,0.5328465286,0.6911742642
2180,1.0,0.0,0.0,0.0,1.0,1.0,0.1521274226,0.0977313082,0.4707965079,0.569766177,0.5202952001,0.6981117694
2181,1.0,0.0,0.0,0.0,1.0,1.0,0.141764771,0.09369780972,0.4804963688,0.5624988543,0.5330882792,0.666668036
2182,1.0,0.0,0.0,0.0,1.0,1.0,0.1515906696,0.1028836656,0.4708995531,0.5581406694,0.5220586677,0.6607116768
2183,1.0,0.0,0.0,0.0,1.0,1.0,0.1404911685,0.09288493878,0.4679715783,0.544304372,0.5092936657,0.6199993251
2184,1.0,0.0,0.0,0.0,1.0,1.0,0.1427776424,0.08173875077,0.4767856327,0.4874995401,0.5092937311,0.5909125657
2185,1.0,0.0,0.0,0.0,1.0,1.0,0.1389598071,0.09624291273,0.4759358828,0.3974352772,0.5185184754,0.3846141441
2186,1.0,0.0,0.0,0.0,1.0,1.0,0.1445620137,0.09845793174,0.4571428545,0.3580258815,0.4944238953,0.3207536652
2187,1.0,0.0,0.0,0.0,1.0,1.0,0.1427773403,0.09323133569,0.469642881,0.349999342,0.5074627393,0.3399997473
2188,1.0,0.0,0.0,0.0,1.0,1.0,0.1425259118,0.1025067695,0.4683098542,0.3703698858,0.5018315104,0.3392859171
2189,1.0,0.0,0.0,0.0,1.0,1.0,0.1420167762,0.1091984571,0.4706926513,0.3250015335,0.5074074484,0.2711870536
2190,1.0,0.0,0.0,0.0,1.0,1.0,0.1470812872,0.1106392625,0.4663120178,0.2771078237,0.4981551017,0.2166650906
2191,1.0,0.0,0.0,0.0,1.0,1.0,0.1445399767,0.1087950176,0.4708994027,0.3048786569,0.5055351315,0.2372872082
2192,1.0,0.0,0.0,0.0,1.0,1.0,0.1370060969,0.1043372659,0.4710018166,0.3333351531,0.5054943171,0.2982458762
2193,1.0,0.0,0.0,0.0,1.0,1.0,0.1266656672,0.107603849,0.4722223248,0.3835607253,0.5145984835,0.3559303693
2194,1.0,0.0,0.0,0.0,1.0,1.0,0.1333743763,0.09596058344,0.4679376153,0.5584418155,0.5181157221,0.6226436021
2195,1.0,0.0,0.0,0.0,1.0,1.0,0.2185758573,0.1960714235,0.4974958695,0.6259529706,0.5694443719,0.6637161743
2196,1.0,0.0,0.0,0.0,1.0,1.0,0.2658616652,0.2652626864,0.4893267929,0.635802786,0.5856164679,0.6129024516
2197,1.0,0.0,0.0,0.0,1.0,1.0,0.2983653607,0.3038842221,0.4861337939,0.6229499289,0.5810813684,0.6
2198,1.0,0.0,0.0,0.0,1.0,1.0,0.2924412415,0.2991641065,0.4919615106,0.6263732933,0.59197318,0.6145250639
2199,1.0,0.0,0.0,0.0,1.0,1.0,0.2947071043,0.3008353175,0.4791667265,0.6086962687,0.5852840792,0.6166672103
2200,1.0,0.0,0.0,0.0,1.0,1.0,0.2899020674,0.2958212679,0.4839743343,0.624309095,0.5852843997,0.6101693644
2201,1.0,0.0,0.0,0.0,1.0,1.0,0.3118258947,0.3219678145,0.4832000459,0.610256018,0.5838928174,0.6145826431
2202,1.0,0.0,0.0,0.0,1.0,1.0,0.3004751954,0.3089491058,0.4774920162,0.6042782308,0.581081091,0.6010925185
2203,1.0,0.0,0.0,0.0,1.0,1.0,0.3006323824,0.3079089134,0.4703999479,0.6117019918,0.5723905501,0.6120212516
2204,1.0,0.0,0.0,0.0,1.0,1.0,0.2928303733,0.2991638118,0.4777070748,0.625,0.5752508398,0.6256978753
2205,1.0,0.0,0.0,0.0,1.0,1.0,0.2889758364,0.2961307676,0.4712460869,0.6243101475,0.5723905625,0.6306826028
2206,1.0,0.0,0.0,0.0,1.0,1.0,0.2857829947,0.2927659274,0.4744409382,0.6256981038,0.5723906336,0.6379312312
2207,1.0,0.0,0.0,0.0,1.0,1.0,0.2864743548,0.2930564678,0.4814814749,0.6235959257,0.5728812375,0.6300580555
2208,1.0,0.0,0.0,0.0,1.0,1.0,0.2919718016,0.3008524777,0.4719099846,0.6153848941,0.5680269122,0.6327685791
2209,1.0,0.0,0.0,0.0,1.0,1.0,0.2917029577,0.3015264606,0.4752791152,0.6120212088,0.5694915431,0.6292138712
2210,1.0,0.0,0.0,0.0,1.0,1.0,0.2972614048,0.3066084575,0.4726687949,0.6054060051,0.5661017735,0.6187846988
2211,1.0,0.0,0.0,0.0,1.0,1.0,0.2913029812,0.3029131965,0.4750402072,0.6022093847,0.5753423206,0.615818955
2212,1.0,0.0,0.0,0.0,1.0,1.0,0.2894822427,0.3001737228,0.4983819891,0.5977654315,0.5938564641,0.6193188252
2213,1.0,0.0,0.0,0.0,1.0,1.0,0.2621487329,0.2757081297,0.5672131975,0.5875009554,0.6379308269,0.625
2214,1.0,0.0,0.0,0.0,1.0,1.0,0.2436447956,0.2568493655,0.5854061803,0.5714292015,0.6468529871,0.6258501901
2215,1.0,0.0,0.0,0.0,1.0,1.0,0.2313980537,0.2472305467,0.5960591733,0.5673763432,0.652631534,0.6382974045
2216,1.0,0.0,0.0,0.0,1.0,1.0,0.2257333192,0.2507433663,0.5941080773,0.5724636316,0.6537102528,0.6267607138
2217,1.0,0.0,0.0,0.0,1.0,1.0,0.2088383021,0.2274714749,0.6517412784,0.5714285714,0.7132614099,0.6614165717
2218,1.0,0.0,0.0,0.0,1.0,1.0,0.2164080174,0.239938149,0.6380165502,0.6030534479,0.7039712489,0.6541355612
2219,1.0,0.0,0.0,0.0,1.0,1.0,0.2260043896,0.2535348917,0.6515912573,0.592593059,0.7095588594,0.6449268555
2220,1.0,0.0,0.0,0.0,1.0,1.0,0.2374090306,0.2675088744,0.6362126121,0.5874117152,0.6914497735,0.6458333637
2221,1.0,0.0,0.0,0.0,1.0,1.0,0.2498605194,0.2876621419,0.6381579404,0.5657893996,0.6900368829,0.6282050579
2222,1.0,0.0,0.0,0.0,1.0,1.0,0.229380153,0.2695124273,0.6426230073,0.6000006067,0.6891384547,0.6597219867
2223,1.0,0.0,0.0,0.0,1.0,1.0,0.2246300062,0.2696606924,0.6368078125,0.6014497591,0.6867924864,0.6503487179
2224,1.0,0.7853981853,0.0,0.0,1.0,1.0,0.2401254483,0.2820393723,0.634740265,0.5878386647,0.6931815213,0.6442945833
2225,1.0,0.7853981853,0.0,0.0,1.0,1.0,0.2360248005,0.2812116488,0.6465798494,0.586206389,0.7072244857,0.6418919991
2226,1.0,0.0,0.0,0.0,1.0,1.0,0.2339118865,0.2793117756,0.635024448,0.5874126186,0.6958176025,0.639455861
2227,1.0,0.0,0.0,0.0,1.0,1.0,0.1895780738,0.240175887,0.6173045288,0.5877185114,0.6589148023,0.6290315376
2228,1.0,0.0,0.0,0.0,1.0,1.0,0.1305891593,0.188419318,0.5696862664,0.5466655255,0.5901640874,0.6086946736
2229,1.0,0.0,0.0,0.0,1.0,1.0,0.1102830519,0.1876500924,0.5258621467,0.5,0.5346937294,0.5217398231
2230,1.0,0.0,0.0,0.0,1.0,1.0,0.08079851855,0.198236415,0.4973636864,0.4565201435,0.5041324763,0.3749986262
2231,1.0,0.0,0.0,0.0,1.0,1.0,0.07946106221,0.2115002827,0.4946995748,0.3999981225,0.5103734403,0.3823530021
2232,1.0,0.0,0.0,0.0,1.0,1.0,0.08002614661,0.2078671598,0.4911030743,0.4000018617,0.5042018285,0.3737380789
2233,1.0,0.0,0.0,0.0,1.0,1.0,0.08386906823,0.2112643073,0.4790208788,0.2708319637,0.4959347266,0.3269238549
2234,1.0,0.0,0.0,0.0,1.0,1.0,0.09022740275,0.2104088245,0.4826387415,0.2692299842,0.4939272194,0.2980764913
2235,1.0,0.0,0.0,0.0,1.0,1.0,0.08516973566,0.2092327358,0.4747826379,0.2653060341,0.4918700623,0.3203882096
2236,1.0,0.0,0.0,0.0,1.0,1.0,0.08487442807,0.2063623699,0.4766031209,0.2653034479,0.4898788353,0.3137247495
2237,1.0,0.0,0.0,0.0,1.0,1.0,0.08502174543,0.197470296,0.4861110724,0.3265287368,0.5,0.3061208415
2238,1.0,0.0,0.0,0.0,1.0,1.0,0.0800947325,0.1978487944,0.4895470112,0.3695663168,0.497959439,0.3505145424
2239,1.0,0.0,0.0,0.0,1.0,1.0,0.08401601872,0.1966112908,0.4868652166,0.3541654612,0.495901616,0.3437501391
2240,1.0,0.0,0.0,0.0,1.0,1.0,0.08401601189,0.1920413274,0.4833625482,0.3541678701,0.4917355736,0.3225807931
2241,1.0,0.0,0.0,0.0,1.0,1.0,0.07687980942,0.1986594945,0.482517497,0.2272722834,0.4877049938,0.2989692777
2242,1.0,0.0,0.0,0.0,1.0,1.0,0.08226590275,0.202755419,0.4833625275,0.2765990611,0.4877047589,0.2929286554
2243,1.0,0.0,0.0,0.0,1.0,1.0,0.07974267967,0.2106261269,0.4929077487,0.2444411496,0.5041321506,0.3039203067
2244,1.0,0.0,0.0,0.0,1.0,1.0,0.08299249614,0.2097595146,0.4858656607,0.2340420668,0.4938271059,0.274510878
2245,1.0,0.0,0.0,0.0,1.0,1.0,0.07835359593,0.2063626549,0.4947734104,0.1777760913,0.50202401,0.2647057593
2246,1.0,0.0,0.0,0.0,1.0,1.0,0.07448185886,0.1950129203,0.4783362115,0.3023293229,0.4878048031,0.2916656345
2247,1.0,0.0,0.0,0.0,1.0,1.0,0.06662955252,0.19865972,0.4824561753,0.2368397096,0.4877050959,0.2886590585
2248,1.0,0.0,0.0,0.0,1.0,1.0,0.07287604574,0.2002931035,0.5000000939,0.1904781529,0.5020242791,0.2525258265
2249,1.0,0.0,0.0,0.0,1.0,1.0,0.07249856524,0.1974700382,0.4853194858,0.16666921,0.4879033647,0.2551017516
2250,1.0,0.0,0.0,0.0,1.0,1.0,0.07200095636,0.2098827622,0.4922814116,0.2142857143,0.5040002067,0.2571428571
2251,1.0,0.0,0.0,0.0,1.0,1.0,0.06928549696,0.2121268084,0.483535466,0.2000021713,0.4979590246,0.298077164
2252,1.0,0.0,0.0,0.0,1.0,1.0,0.07224898891,0.209560581,0.4836488347,0.1428578646,0.4959679661,0.25961511
2253,1.0,0.0,0.0,0.0,1.0,1.0,0.07249843081,0.2135904575,0.488773872,0.1428564165,0.4959675719,0.2547177984
2254,1.0,0.0,0.0,0.0,1.0,1.0,0.07249833092,0.2164781793,0.4818653468,0.09523809524,0.4939270211,0.261682243
2255,1.0,0.0,0.0,0.0,1.0,1.0,0.07089495179,0.2153272422,0.4930796487,0.07317445286,0.5,0.2452825965
2256,1.0,0.0,0.0,0.0,1.0,1.0,0.07754283226,0.2115756136,0.487930941,0.1333352399,0.4919352678,0.247618678
2257,1.0,0.0,0.0,0.0,1.0,1.0,0.08183559111,0.2193896148,0.4878048372,0.1063811392,0.4959350088,0.2314807664
2258,1.0,0.0,0.0,0.0,1.0,1.0,0.09228274791,0.2264038894,0.4808362621,0.1509423205,0.4775508874,0.2432436637
2259,1.0,0.0,0.0,0.0,1.0,1.0,0.09451816841,0.2293804032,0.4868650749,0.09259119552,0.4795078602,0.2142857143
2260,1.0,0.0,0.0,0.0,1.0,1.0,0.09643756383,0.2271458369,0.4807017715,0.07272790904,0.4710743218,0.1909096742
2261,1.0,0.0,0.0,0.0,1.0,1.0,0.1027792105,0.231275795,0.4858155226,0.1034463785,0.4793389446,0.1964282661
2262,1.0,0.0,0.0,0.0,1.0,1.0,0.1130427941,0.2322353218,0.4847396628,0.1111133101,0.4730290063,0.187500116
2263,1.0,0.0,0.0,0.0,1.0,1.0,0.1138152955,0.2298714898,0.4911031141,0.1406258955,0.4760001829,0.2086962884
2264,1.0,0.0,0.0,0.0,1.0,1.0,0.1050140173,0.2049634114,0.4855072282,0.1034506812,0.468749961,0.1809524196
2265,1.0,0.0,0.0,0.0,1.0,1.0,0.1191139989,0.2171867078,0.4897578438,0.1406232111,0.484615391,0.2123893637
2266,1.0,0.0,0.0,0.0,1.0,1.0,0.1174718093,0.1878650848,0.4925373489,0.1904761905,0.4849622741,0.1800001274
2267,1.0,0.0,0.0,0.0,1.0,1.0,0.115823149,0.1972581401,0.4915889242,0.1612887904,0.4849621713,0.1619039034
2268,1.0,0.0,0.0,0.0,1.0,1.0,0.1172527062,0.1854433365,0.4916202041,0.2063488312,0.4843751298,0.1789464256
2269,1.0,0.0,0.0,0.0,1.0,1.0,0.1108469413,0.1836917671,0.5072728085,0.3606556203,0.5059287838,0.3010748395
2270,1.0,0.0,0.0,0.0,1.0,1.0,0.1019108709,0.1619097991,0.5205723986,0.3508759044,0.5199998494,0.3333341948
2271,1.0,0.0,0.0,0.0,1.0,1.0,0.233372253,0.2554544981,0.4856176533,0.5942020668,0.548507651,0.6277370153
2272,1.0,0.0,0.0,0.0,1.0,1.0,0.2952145554,0.321762599,0.4983499215,0.575419609,0.5683454568,0.608938324
2273,1.0,0.0,0.0,0.0,1.0,1.0,0.321715581,0.3407992595,0.4820261872,0.5736041973,0.5618373705,0.6062173145
2274,1.0,0.0,0.0,0.0,1.0,1.0,0.3375599793,0.3536758162,0.4850993963,0.5833336894,0.5563381767,0.6019904543
2275,1.0,0.0,0.0,0.0,1.0,1.0,0.334250474,0.3541882439,0.4933775037,0.5841585149,0.5614033982,0.6089106269
2276,1.0,0.0,0.0,0.0,1.0,1.0,0.3232027426,0.338971517,0.4859037613,0.6051281003,0.5559440979,0.6185558304
2277,1.0,0.0,0.0,0.0,1.0,1.0,0.3391845176,0.3510149104,0.4892916243,0.5922324438,0.5640136226,0.6009848008
2278,1.0,0.0,0.0,0.0,1.0,1.0,0.3282480819,0.3482373023,0.4918299832,0.5970151112,0.567944027,0.599999583
2279,1.0,0.0,0.0,0.0,1.0,1.0,0.3266784006,0.3434508734,0.4805825775,0.5940592987,0.5532645067,0.5899999672
2280,1.0,0.0,0.0,0.0,1.0,1.0,0.2869684668,0.2963257168,0.4851485602,0.6091953729,0.5543861235,0.6094666388
2281,1.0,0.0,0.0,0.0,1.0,1.0,0.1911975205,0.1764813796,0.5026087116,0.5636378178,0.5390335864,0.6210517786
2282,1.0,0.0,0.0,0.0,1.0,1.0,0.1771816258,0.1604271803,0.4647161155,0.6019426985,0.5129152575,0.6321830098
2283,1.0,0.0,0.0,0.0,1.0,1.0,0.2352608038,0.2234668831,0.4641068521,0.6028367595,0.535211461,0.6535430249
2284,1.0,0.0,0.0,0.0,1.0,1.0,0.2650908637,0.2698842171,0.4662272565,0.6273285728,0.5435540543,0.6258067766
2285,1.0,0.0,0.0,0.0,1.0,1.0,0.2850866998,0.2887662409,0.4655737418,0.6149426177,0.5467128713,0.6047907976
2286,1.0,0.0,0.0,0.0,1.0,1.0,0.2943337738,0.3005195022,0.4627831458,0.6208788507,0.5498280885,0.6171428429
2287,1.0,0.0,0.0,0.0,1.0,1.0,0.2938586671,0.3029131293,0.4668821024,0.6153847992,0.5479450984,0.6158194034
2288,1.0,0.0,0.0,0.0,1.0,1.0,0.3007872574,0.3116904025,0.4187897373,0.6084648756,0.5016947068,0.5869561059
2289,1.0,0.0,0.0,0.0,1.0,1.0,0.2955422017,0.3049145825,0.4054054195,0.61827945,0.4949152668,0.5944449566
2290,1.0,0.0,0.0,0.0,1.0,1.0,0.3055615965,0.3163216762,0.4108279553,0.6145836595,0.5050505051,0.5744679879
2291,1.0,0.0,0.0,0.0,1.0,1.0,0.3034873094,0.3112740318,0.4085851393,0.6073292254,0.5016836305,0.578379075
2292,1.0,0.0,0.0,0.0,1.0,1.0,0.2846409083,0.2961307716,0.4320000353,0.6235951918,0.5286197515,0.5909097607
2293,1.0,0.0,0.0,0.0,1.0,1.0,0.291302808,0.2998325346,0.4637680533,0.6243093786,0.5627118927,0.5988695275
2294,1.0,0.0,0.0,0.0,1.0,1.0,0.2862402967,0.2978134346,0.4608000559,0.6256977316,0.5589225855,0.6045194746
2295,1.0,0.0,0.0,0.0,1.0,1.0,0.2963091584,0.3018447796,0.4727564636,0.6162162929,0.5671138982,0.5944441676
2296,1.0,0.0,0.0,0.0,1.0,1.0,0.2942357062,0.303522013,0.4704000625,0.6249996995,0.5671142296,0.6022095869
2297,1.0,0.0,0.0,0.0,1.0,1.0,0.2966087101,0.307260736,0.4629032693,0.6195650861,0.5675675371,0.5934067947
2298,1.0,0.0,0.0,0.0,1.0,1.0,0.3004753075,0.3106372485,0.4662380299,0.6096255612,0.5675675072,0.5869561047
2299,1.0,0.0,0.0,0.0,1.0,1.0,0.2988684593,0.3085525544,0.4774918677,0.618279776,0.5805368776,0.5923917322
2300,1.0,0.0,0.0,0.0,1.0,1.0,0.2913026607,0.2971314425,0.4685990424,0.6187845101,0.5777028884,0.5909091481
2301,1.0,0.0,0.0,0.0,1.0,1.0,0.2778938585,0.2710352245,0.4813008021,0.6081866522,0.5796609815,0.5937501291
2302,1.0,0.0,0.0,0.0,1.0,1.0,0.1854632809,0.1551481466,0.4793815065,0.5648153716,0.5306857218,0.6279060987
2303,1.0,0.0,0.0,0.0,1.0,1.0,0.1524280819,0.1294899797,0.4783363071,0.5454541067,0.5218979898,0.6056349403
2304,1.0,0.0,0.0,0.0,1.0,1.0,0.2130786534,0.1777174184,0.4856176271,0.5873014522,0.5598592134,0.6534662717
2305,1.0,0.0,0.0,0.0,1.0,1.0,0.2690178271,0.2669741498,0.4747144823,0.618182132,0.5719177864,0.6089741969
2306,1.0,0.0,0.0,0.0,1.0,1.0,0.2825561958,0.2862810503,0.4765751972,0.6171429636,0.5796610494,0.6035495422
2307,1.0,0.0,0.0,0.0,1.0,1.0,0.2904225029,0.3001738343,0.4691557869,0.6145254025,0.5733786825,0.6022727691
2308,1.0,0.0,0.0,0.0,1.0,1.0,0.2931913153,0.3032205035,0.4667747538,0.6187845765,0.5728811798,0.5810052899
2309,1.0,0.0,0.0,0.0,1.0,1.0,0.2922437857,0.2988196453,0.4781906472,0.6298336408,0.5777027707,0.6045201969
2310,1.0,0.0,0.0,0.0,1.0,1.0,0.30825393,0.3131586807,0.4515103047,0.6185573117,0.5566666318,0.5957449017
2311,1.0,0.0,0.0,0.0,1.0,1.0,0.313612596,0.3208909758,0.4025357206,0.6010106624,0.5050168917,0.5833331442
2312,1.0,0.0,0.0,0.0,1.0,1.0,0.3056015019,0.312325794,0.4009361477,0.6071431818,0.5032894339,0.5947363732
2313,1.0,0.0,0.0,0.0,1.0,1.0,0.3129094218,0.3145783481,0.4003114676,0.6069651472,0.5081965985,0.6041666194
2314,1.0,0.0,0.0,0.0,1.0,1.0,0.3142898793,0.3189010088,0.3993710795,0.5950003012,0.5032895992,0.5979378184
2315,1.0,0.0,0.0,0.0,1.0,1.0,0.3089759701,0.3148244231,0.400630855,0.5969384739,0.5033331986,0.5925926354
2316,1.0,0.0,0.0,0.0,1.0,1.0,0.3052955248,0.3089492808,0.3987138519,0.6000004581,0.5033784491,0.6065567728
2317,1.0,0.0,0.0,0.0,1.0,1.0,0.2995070531,0.3097584495,0.4576547669,0.5978258107,0.5547943636,0.6022097566
2318,1.0,0.0,0.0,0.0,1.0,1.0,0.302762393,0.3183151427,0.470684127,0.607526888,0.568493209,0.607526888
2319,1.0,0.0,0.0,0.0,1.0,1.0,0.2978791501,0.3159747396,0.4706839874,0.6120217934,0.5670105998,0.6141305241
2320,1.0,0.0,0.0,0.0,1.0,1.0,0.2980507163,0.3104068514,0.4732576261,0.603260318,0.5699656112,0.6043956568
2321,1.0,0.0,0.0,0.0,1.0,1.0,0.2922439534,0.3076514075,0.476575138,0.6132593474,0.578231434,0.6132593474
2322,1.0,0.0,0.0,0.0,1.0,1.0,0.3043173831,0.3173902273,0.4727563206,0.6052632184,0.5743241549,0.6117016705
2323,1.0,0.0,0.0,0.0,1.0,1.0,0.2977403981,0.3144502309,0.4685990296,0.6108106511,0.5714285183,0.6162165675
2324,1.0,0.0,0.0,0.0,1.0,1.0,0.3019317009,0.3116904971,0.4652665917,0.6042777752,0.5728812895,0.6195657462
2325,1.0,0.0,0.0,0.0,1.0,1.0,0.3069023911,0.3202911403,0.4678455831,0.6020947951,0.5704697121,0.6125646136
2326,1.0,0.0,0.0,0.0,1.0,1.0,0.2999929518,0.3163217977,0.4703049608,0.6096252274,0.5723906758,0.6170205882
2327,1.0,0.0,0.0,0.0,1.0,1.0,0.2996709435,0.313384312,0.474878412,0.5945944981,0.576271079,0.6162167628
2328,1.0,0.0,0.0,0.0,1.0,1.0,0.2934739635,0.3012017278,0.4747145739,0.6055554541,0.5753423527,0.6250007784
2329,1.0,0.0,0.0,0.0,1.0,1.0,0.2910997235,0.3063359947,0.4660194533,0.6055561528,0.5650683045,0.6256984597
2330,1.0,0.0,0.0,0.0,1.0,1.0,0.2867117958,0.3001737759,0.4797407565,0.6045195579,0.5767917237,0.6306826289
2331,1.0,0.0,0.0,0.0,1.0,1.0,0.2319523953,0.234744125,0.4829350944,0.6029423568,0.5658364168,0.6363633415
2332,1.0,0.0,0.0,0.0,1.0,1.0,0.1167490524,0.1508589615,0.4654866937,0.5606051342,0.5018868635,0.4749996681
2333,1.0,0.0,0.0,0.0,1.0,1.0,0.1570797114,0.1750848258,0.4628670969,0.5934055953,0.5291967812,0.6145828734
2334,1.0,0.0,0.0,0.0,1.0,1.0,0.214880161,0.2244361114,0.468333413,0.6279072464,0.5649124713,0.6562495827
2335,1.0,0.0,0.0,0.0,1.0,1.0,0.2690178236,0.2808774583,0.450244661,0.6121207542,0.5551722388,0.6441715607
2336,1.0,0.0,0.0,0.0,1.0,1.0,0.2883317904,0.3018791045,0.4521880132,0.5955055236,0.5563139098,0.6327686412
2337,1.0,0.0,0.0,0.0,1.0,1.0,0.2938585304,0.3018793944,0.4474959175,0.6043965514,0.552901139,0.6271191379
2338,1.0,0.0,0.0,0.0,1.0,1.0,0.2915038727,0.29777897,0.4471152884,0.6043955913,0.5479450934,0.6379312284
2339,1.0,0.0,0.0,0.0,1.0,1.0,0.2940479733,0.3029128374,0.4180063525,0.5956293083,0.5239724961,0.6327691502
2340,1.0,0.0,0.0,0.0,1.0,1.0,0.3023787861,0.3114698199,0.4028662066,0.6000002265,0.5102740911,0.6318676642
2341,1.0,0.0,0.0,0.0,1.0,1.0,0.3010936636,0.3089491589,0.3990535893,0.6073295241,0.5033781456,0.6338793293
2342,1.0,0.0,0.0,0.0,1.0,1.0,0.3047271827,0.311690565,0.4012637893,0.601036876,0.5050848829,0.6304350368
2343,1.0,0.0,0.0,0.0,1.0,1.0,0.3036279476,0.3083024279,0.3955695653,0.5989582385,0.5016948638,0.6318681582
2344,1.0,0.0,0.0,0.0,1.0,1.0,0.3056932127,0.3110510818,0.3993660914,0.5906737854,0.5034012373,0.6229510145
2345,1.0,0.0,0.0,0.0,1.0,1.0,0.3082540359,0.3172292047,0.4006358557,0.603092666,0.5017064743,0.6290321046
2346,1.0,0.0,0.0,0.0,1.0,1.0,0.2991959013,0.3035850976,0.4060509759,0.6117021645,0.5017063785,0.6292128256
2347,1.0,0.0,0.0,0.0,1.0,1.0,0.3034869136,0.3069960076,0.4069951707,0.5968593224,0.5051195851,0.6277777778
2348,1.0,0.0,0.0,0.0,1.0,1.0,0.3039700489,0.3069959291,0.4044586521,0.6020942408,0.5017064655,0.6222226823
2349,1.0,0.0,0.0,0.0,1.0,1.0,0.2955424779,0.2960674237,0.3656597592,0.596774725,0.4657531937,0.6416182484
2350,1.0,0.0,0.0,0.0,1.0,1.0,0.2921691402,0.293650835,0.3610223935,0.6010931747,0.463917664,0.6432744161
2351,1.0,0.0,0.0,0.0,1.0,1.0,0.2887633203,0.2956828877,0.3756018445,0.5944441518,0.4740485177,0.6315782179
2352,1.0,0.0,0.0,0.0,1.0,1.0,0.295655011,0.2946631739,0.3729903933,0.5923911052,0.4724136988,0.6374267964
2353,1.0,0.0,0.0,0.0,1.0,1.0,0.2878394787,0.2912165722,0.3744000199,0.6000004778,0.4758621916,0.6449708509
2354,1.0,0.0,0.0,0.0,1.0,1.0,0.2891864874,0.2902158368,0.3624801729,0.5989010857,0.4639174714,0.6390529317
2355,1.0,0.0,0.0,0.0,1.0,1.0,0.2855547553,0.2922245324,0.3206348731,0.5944437148,0.415225029,0.6390538392
2356,1.0,0.0,0.0,0.0,1.0,1.0,0.2860089437,0.2942609295,0.3227344695,0.5944440542,0.4216028311,0.6508882686
2357,1.0,0.0,0.0,0.0,1.0,1.0,0.2800984375,0.2826005804,0.3248407272,0.6136365068,0.4241377663,0.6585372449
2358,1.0,0.0,0.0,0.0,1.0,1.0,0.2932970004,0.2902158404,0.3285487192,0.6032606246,0.4295532491,0.6508871843
2359,1.0,0.0,0.0,0.0,1.0,1.0,0.2896472929,0.2894932861,0.3312102297,0.6043954312,0.4310347778,0.6547625771
2360,1.0,0.0,0.0,0.0,1.0,1.0,0.2853268337,0.2826010351,0.3349281976,0.6145249895,0.4344828574,0.6463414959
2361,1.0,0.0,0.0,0.0,1.0,1.0,0.2857801888,0.2857993774,0.3143759374,0.6022102014,0.4178084396,0.646705611
2362,1.0,0.0,0.0,0.0,1.0,1.0,0.2803506334,0.2816298206,0.3201268569,0.6101704184,0.4158075627,0.6585358002
2363,1.0,0.0,0.0,0.0,1.0,1.0,0.2835182886,0.2848239206,0.3169570962,0.6089387459,0.4232081962,0.6586822418
2364,1.0,0.0,0.0,0.0,1.0,1.0,0.2809930933,0.282600862,0.3210861603,0.6136372476,0.4241381633,0.6524389341
2365,1.0,0.0,0.0,0.0,1.0,1.0,0.2823463049,0.2835788231,0.3258427342,0.6079545242,0.4290657531,0.6524386248
2366,1.0,0.0,0.0,0.0,1.0,1.0,0.2798436909,0.2810931957,0.3232000319,0.6057148671,0.4305558015,0.6543211697
2367,1.0,0.0,0.0,0.0,1.0,1.0,0.2846407491,0.2853078082,0.3312000202,0.6067414749,0.4359861313,0.6424246177
2368,1.0,0.0,0.0,0.0,1.0,1.0,0.2841865,0.2870367071,0.3290734957,0.6123591261,0.4325261008,0.6566270728
2369,1.0,0.0,0.0,0.0,1.0,1.0,0.2832814547,0.285064141,0.3343949574,0.612359427,0.4432988497,0.6626496871
2370,1.0,0.0,0.0,0.0,1.0,1.0,0.2857826392,0.2875107093,0.3402555669,0.6089388482,0.4520545019,0.6547623858
2371,1.0,0.0,0.0,0.0,1.0,1.0,0.2788767102,0.2808777902,0.3999999824,0.606935766,0.5103446847,0.644171129
2372,1.0,0.0,0.0,0.0,1.0,1.0,0.2823463161,0.2892223289,0.4253611075,0.6136366709,0.5273973237,0.6449705202
2373,1.0,0.0,0.0,0.0,1.0,1.0,0.2894824975,0.2960676144,0.4368933037,0.6033516191,0.5410959535,0.6242772695
2374,1.0,0.0,0.0,0.0,1.0,1.0,0.2862479221,0.2875106971,0.4288026854,0.6101699556,0.5342465289,0.6428562063
2375,1.0,0.0,0.0,0.0,1.0,1.0,0.2725750664,0.2758873917,0.4285714036,0.6190484119,0.5312500467,0.64779944
2376,1.0,0.0,0.0,0.0,1.0,1.0,0.2781615562,0.2808776225,0.4288025894,0.6104654528,0.5344826364,0.6380371438
2377,1.0,0.0,0.0,0.0,1.0,1.0,0.2795186422,0.2791544093,0.4341463553,0.610464836,0.5310343687,0.6419762731
2378,1.0,0.0,0.0,0.0,1.0,1.0,0.2753729636,0.2739846925,0.4311182744,0.6058813228,0.5275862812,0.6477982301
2379,1.0,0.0,0.0,0.0,1.0,1.0,0.2718352524,0.2741527009,0.4348533218,0.6167660541,0.5347222659,0.6455691931
2380,1.0,0.0,0.0,0.0,1.0,1.0,0.2572333913,0.2585361979,0.4360656521,0.6114656076,0.5312502224,0.6308734946
2381,1.0,0.0,0.0,0.0,1.0,1.0,0.2224671902,0.2305051267,0.4352160519,0.6343296998,0.5281690982,0.633588603
2382,1.0,0.0,0.0,0.0,1.0,1.0,0.2254134076,0.2279429866,0.4361526407,0.632352125,0.5228067774,0.6461549946
2383,1.0,0.0,0.0,0.0,1.0,1.0,0.2158262976,0.2226824756,0.4401992509,0.6461529687,0.5333332569,0.6456689533
2384,1.0,0.0,0.0,0.0,1.0,1.0,0.1992130404,0.2020148561,0.4510135686,0.6186449277,0.5283685344,0.622806917
2385,1.0,0.0,0.0,0.0,1.0,1.0,0.09719345741,0.1755774577,0.5119265168,0.2830206915,0.5405405405,0.3296704585
2386,1.0,0.0,0.0,0.0,1.0,1.0,0.106362974,0.1620717619,0.5045870951,0.3620698516,0.5173743683,0.3333333333
2387,1.0,0.0,0.0,0.0,1.0,1.0,0.1008287452,0.1473060518,0.4831858434,0.4912272801,0.5261193688,0.4303802953
2388,1.0,0.0,0.0,0.0,1.0,1.0,0.2022480425,0.2030665976,0.477234287,0.5999992811,0.5512365823,0.6260872337
2389,1.0,0.0,0.0,0.0,1.0,1.0,0.2445269903,0.2532834376,0.4729064554,0.6174493311,0.5719178822,0.6351353339
2390,1.0,0.0,0.0,0.0,1.0,1.0,0.2648926628,0.2789540831,0.4796748721,0.6319012133,0.5787672184,0.6380368593
2391,1.0,0.0,0.0,0.0,1.0,1.0,0.2688936377,0.2814128947,0.4813614352,0.6144574336,0.5767918114,0.636364361
2392,1.0,0.0,0.0,0.0,1.0,1.0,0.2740405016,0.2862809758,0.4774192768,0.6176471726,0.5762714319,0.6449709822
2393,1.0,0.0,0.0,0.0,1.0,1.0,0.2763728562,0.2862809155,0.4758841273,0.6162786513,0.5796610728,0.6331367758
2394,1.0,0.0,0.0,0.0,1.0,1.0,0.2768181765,0.2896686604,0.478260923,0.6220930602,0.5796609994,0.631579149
2395,1.0,0.0,0.0,0.0,1.0,1.0,0.2747660034,0.2836254296,0.477492012,0.6257310545,0.5777026889,0.6369054023
2396,1.0,0.0,0.0,0.0,1.0,1.0,0.2696394763,0.2787556706,0.4701131105,0.6347303343,0.5714286247,0.634145656
2397,1.0,0.0,0.0,0.0,1.0,1.0,0.2684584513,0.2736569826,0.4708737622,0.6265069035,0.5714285179,0.627329524
2398,1.0,0.0,0.0,0.0,1.0,1.0,0.2644627925,0.2721082806,0.4707792376,0.6257672629,0.568493077,0.6415102059
2399,1.0,0.0,0.0,0.0,1.0,1.0,0.259658841,0.2635512326,0.4673203124,0.6289307307,0.5684932434,0.6428576522
2400,1.0,0.0,0.0,0.0,1.0,1.0,0.2645583473,0.2705384273,0.4673203074,0.6296299288,0.5689654071,0.6369424186
2401,1.0,0.0,0.0,0.0,1.0,1.0,0.2673872897,0.2730432437,0.458401263,0.6219504196,0.560137372,0.6415100467
2402,1.0,0.0,0.0,0.0,1.0,1.0,0.2624964552,0.268815515,0.468189276,0.6211184115,0.5689657093,0.6410252159
2403,1.0,0.0,0.0,0.0,1.0,1.0,0.2778937024,0.2875108559,0.4764227305,0.6198827372,0.5787669316,0.6249996777
2404,1.0,0.0,0.0,0.0,1.0,1.0,0.264892801,0.2781952253,0.4813007908,0.6380366034,0.5841926081,0.6419751916
2405,1.0,0.0,0.0,0.0,1.0,1.0,0.2669516068,0.2772426285,0.4788274426,0.6280489265,0.5821919292,0.6419750758
2406,1.0,0.0,0.0,0.0,1.0,1.0,0.2700757218,0.2797072549,0.4676375433,0.6287424293,0.5665526632,0.6341454043
2407,1.0,0.0,0.0,0.0,1.0,1.0,0.2712541144,0.280665415,0.4652665218,0.6249996789,0.5650684818,0.6280484115
2408,1.0,0.0,0.0,0.0,1.0,1.0,0.2699459213,0.2780018942,0.4646302279,0.6249998374,0.5665528959,0.6441718532
2409,1.0,0.0,0.0,0.0,1.0,1.0,0.2740405978,0.2823762638,0.4645161268,0.617646947,0.561643775,0.6363642298
2410,1.0,0.0,0.0,0.0,1.0,1.0,0.2668414119,0.2806651783,0.4611650978,0.6242413833,0.5650686593,0.6402442377
2411,1.0,0.0,0.0,0.0,1.0,1.0,0.2643685211,0.2755311664,0.4693549241,0.6402433527,0.5719179216,0.6397518967
2412,1.0,0.0,0.0,0.0,1.0,1.0,0.2696394087,0.2814127318,0.4620356189,0.6287432504,0.5665528394,0.6303031032
2413,1.0,0.0,0.0,0.0,1.0,1.0,0.2652239687,0.2781953586,0.4644012293,0.6402429139,0.56701037,0.6481477805
2414,1.0,0.0,0.0,0.0,1.0,1.0,0.2624144917,0.2696088382,0.463533262,0.6296294817,0.5635739761,0.6433111393
2415,1.0,0.0,0.0,0.0,1.0,1.0,0.2644625583,0.2730435108,0.4610388748,0.6319016187,0.5670104561,0.6289306881
2416,1.0,0.0,0.0,0.0,1.0,1.0,0.2640340867,0.2703967849,0.4635331568,0.6380361692,0.5616437077,0.6392404102
2417,1.0,0.0,0.0,0.0,1.0,1.0,0.2653243547,0.2686855257,0.4625407915,0.6319016026,0.5650682479,0.6369418704
2418,1.0,0.0,0.0,0.0,1.0,1.0,0.2616424854,0.2661745832,0.4650406911,0.639752356,0.5635739574,0.6516130747
2419,1.0,0.0,0.0,0.0,1.0,1.0,0.2628400603,0.2696089246,0.4675323984,0.629629482,0.5704466821,0.6369422823
2420,1.0,0.0,0.0,0.0,1.0,1.0,0.2612180327,0.2652628782,0.4545454706,0.6397508901,0.5547945282,0.6516134191
2421,1.0,0.0,0.0,0.0,1.0,1.0,0.2668412654,0.2721080384,0.4611650422,0.6303023419,0.5616437599,0.641509843
2422,1.0,0.0,0.0,0.0,1.0,1.0,0.2616422378,0.266974169,0.4634147119,0.6335400701,0.5616436773,0.6538453483
2423,1.0,0.0,0.0,0.0,1.0,1.0,0.2628402051,0.2669740871,0.4675323617,0.6234570647,0.5684931763,0.6410250667
2424,1.0,0.0,0.0,0.0,1.0,1.0,0.2600172059,0.2651579407,0.4682927084,0.6312505849,0.5680273655,0.6474362754
2425,1.0,0.0,0.0,0.0,1.0,1.0,0.2595951993,0.2660629228,0.4724025826,0.6437501451,0.5699659174,0.6538459384
2426,1.0,0.0,0.0,0.0,1.0,1.0,0.2596588703,0.262652351,0.470588209,0.6477994094,0.5665531484,0.6623380319
2427,1.0,0.0,0.0,0.0,1.0,1.0,0.2612917619,0.2626519022,0.4673202966,0.637500277,0.5631396827,0.6428566289
2428,1.0,0.0,0.0,0.0,1.0,1.0,0.2653238582,0.2677686067,0.4690553021,0.6319017343,0.566553002,0.6560512371
2429,1.0,0.0,0.0,0.0,1.0,1.0,0.2612917455,0.2618399634,0.4722222872,0.65,0.5616438666,0.6601308413
2430,1.0,0.0,0.0,0.0,1.0,1.0,0.2612919421,0.2618401879,0.4607842927,0.643749349,0.5547947493,0.6666676221
2431,1.0,0.0,0.0,0.0,1.0,1.0,0.2668412194,0.2676474208,0.4546926133,0.6363641172,0.5491524559,0.651899075
2432,1.0,0.0,0.0,0.0,1.0,1.0,0.2647957113,0.2650545778,0.4571890032,0.6402442503,0.5472973583,0.6624209424
2433,1.0,0.0,0.0,0.0,1.0,1.0,0.2651254249,0.2624796701,0.4630224588,0.6484845429,0.5454544785,0.6602566082
2434,1.0,0.0,0.0,0.0,1.0,1.0,0.2586980082,0.2583019107,0.4646302733,0.6459620671,0.5439189887,0.6666657148
2435,1.0,0.0,0.0,0.0,1.0,1.0,0.2534931911,0.2515601239,0.4701131154,0.6560510444,0.5544216659,0.6689188989
2436,1.0,0.0,0.0,0.0,1.0,1.0,0.2587553246,0.2617587066,0.4708738025,0.6499995857,0.5544218926,0.6623377928
2437,1.0,0.0,0.0,0.0,1.0,1.0,0.2575050637,0.2583017944,0.4782609609,0.656250085,0.560810786,0.6601315367
2438,1.0,0.0,0.0,0.0,1.0,1.0,0.2572821893,0.262740052,0.4851485096,0.6602564103,0.5704468055,0.6666666667
2439,1.0,0.0,0.0,0.0,1.0,1.0,0.259788793,0.266287366,0.4884106849,0.6687899574,0.5778548323,0.668831786
2440,1.0,0.0,0.0,0.0,1.0,1.0,0.2660743437,0.2733665843,0.4908486759,0.6687500934,0.5783972561,0.6560509466
2441,1.0,0.0,0.0,0.0,1.0,1.0,0.2615206505,0.2629191881,0.4866665939,0.6687896138,0.5714285714,0.6556286981
2442,1.0,0.0,0.0,0.0,1.0,1.0,0.2710632588,0.2744945553,0.482529149,0.6564408256,0.566901538,0.6538464195
2443,1.0,0.0,0.0,0.0,1.0,1.0,0.2740946945,0.277038438,0.4832776642,0.6463416076,0.5754384719,0.6455697584
2444,1.0,0.0,0.0,0.0,1.0,1.0,0.2795760516,0.2858052722,0.4840871637,0.6586823492,0.5684207349,0.6564410132
2445,1.0,0.0,0.0,0.0,1.0,1.0,0.2774367901,0.283292462,0.4799331151,0.6506031541,0.566901517,0.6459628236
2446,1.0,0.0,0.0,0.0,1.0,1.0,0.279108513,0.2822983248,0.4816052944,0.6586822708,0.5684211323,0.6521737964
2447,1.0,0.0,0.0,0.0,1.0,1.0,0.2850759352,0.2885709235,0.4832215649,0.6529416305,0.5633799885,0.6463417833
2448,1.0,0.0,0.0,0.0,1.0,1.0,0.2786424508,0.282298537,0.492487629,0.6467069237,0.57543841,0.6459630789
2449,1.0,0.0,0.0,0.0,1.0,1.0,0.2869846959,0.2928188085,0.4607678468,0.6453487146,0.5403509757,0.6407185016
2450,1.0,0.0,0.0,0.0,1.0,1.0,0.2855548588,0.2963256919,0.4568106835,0.6453496868,0.5438597634,0.6449708427
2451,1.0,0.0,0.0,0.0,1.0,1.0,0.2900533848,0.3015857171,0.4610281266,0.6400004986,0.5438594478,0.6220926472
2452,1.0,0.0,0.0,0.0,1.0,1.0,0.3011561909,0.3116727395,0.4602650099,0.6428572281,0.5435540017,0.6256981342
2453,1.0,0.0,0.0,0.0,1.0,1.0,0.2999985155,0.3127625396,0.4676617182,0.6353595107,0.5524475421,0.6256978278
2454,1.0,0.0,0.0,0.0,1.0,1.0,0.3082856762,0.3208732953,0.4593698066,0.629031455,0.5473684489,0.6229508583
2455,1.0,0.0,0.0,0.0,1.0,1.0,0.3098271333,0.3208732511,0.4666667612,0.6344087006,0.5508770515,0.628415059
2456,1.0,0.0,0.0,0.0,1.0,1.0,0.3049143185,0.3065663754,0.4932204184,0.6388885756,0.5709217766,0.6242773413
2457,1.0,0.0,0.0,0.0,1.0,1.0,0.3071291859,0.3147706961,0.4906621148,0.6408834609,0.5765125455,0.6271184038
2458,1.0,0.0,0.0,0.0,1.0,1.0,0.306608442,0.3147707571,0.4949152248,0.6519343924,0.572953559,0.6327683683
2459,1.0,0.0,0.0,0.0,1.0,1.0,0.3127505532,0.3183275167,0.4982994323,0.6304348821,0.5658366161,0.6201117516
2460,1.0,0.0,0.0,0.0,1.0,1.0,0.3087012858,0.3170273718,0.4948806327,0.6298340902,0.5734765619,0.6158191299
2461,1.0,0.0,0.0,0.0,1.0,1.0,0.3133844792,0.3283882775,0.498304978,0.6162159295,0.5714287844,0.6141302128
2462,1.0,0.0,0.0,0.0,1.0,1.0,0.3173903882,0.3325544546,0.4983108678,0.622340967,0.5800710388,0.6042785389
2463,1.0,0.0,0.0,0.0,1.0,1.0,0.3116900404,0.3283881389,0.4966101433,0.6249995729,0.5785712977,0.603260523
2464,1.0,0.0,0.0,0.0,1.0,1.0,0.3195493688,0.3277739317,0.4931972397,0.6223406085,0.569892278,0.6120220897
2465,1.0,0.0,0.0,0.0,1.0,1.0,0.3166039749,0.3295652144,0.500000045,0.6108105956,0.5734768106,0.5978263605
2466,1.0,0.0,0.0,0.0,1.0,1.0,0.306335875,0.3204732856,0.4965754038,0.6201116278,0.5797103198,0.6045195679
2467,1.0,0.0,0.0,0.0,1.0,1.0,0.3058123057,0.3175124245,0.5008547039,0.6201118874,0.5776172447,0.6079550013
2468,1.0,0.0,0.0,0.0,1.0,1.0,0.3132834469,0.3259827869,0.5025554253,0.625,0.5842294738,0.6043960962
2469,1.0,0.0,0.0,0.0,1.0,1.0,0.3121122342,0.3265326662,0.4999999558,0.6120218765,0.5812275098,0.5966852475
2470,1.0,0.0,0.0,0.0,1.0,1.0,0.3091059223,0.3204731623,0.4982817926,0.6166665294,0.5760869815,0.6101703227
2471,1.0,0.0,0.0,0.0,1.0,1.0,0.3160627682,0.3307506382,0.4974358862,0.6162168764,0.5791365335,0.5978266788
2472,1.0,0.0,0.0,0.0,1.0,1.0,0.3072552525,0.3186623323,0.4939551594,0.6179777743,0.5724637493,0.6079552346
2473,1.0,0.0,0.0,0.0,1.0,1.0,0.3109371799,0.3224008736,0.4888887836,0.6263735505,0.5663080139,0.5944442958
2474,1.0,0.0,0.0,0.0,1.0,1.0,0.29965933,0.3118700197,0.4835355379,0.6358389604,0.5583942502,0.6081868652
2475,1.0,0.0,0.0,0.0,1.0,1.0,0.3072553395,0.316187347,0.4801381206,0.6235953301,0.5599999378,0.6034489542
2476,1.0,0.0,0.0,0.0,1.0,1.0,0.3107073312,0.3168521315,0.4766839666,0.627777951,0.5434783509,0.6057144622
2477,1.0,0.0,0.0,0.0,1.0,1.0,0.3031238017,0.3143698709,0.4887348028,0.6285711221,0.5563635964,0.6127170278
2478,1.0,0.0,0.0,0.0,1.0,1.0,0.3099312148,0.3166732383,0.4912891053,0.6235962179,0.5531136522,0.6127169344
2479,1.0,0.0,0.0,0.0,1.0,1.0,0.3060571468,0.3191647506,0.4896193557,0.6214685528,0.5583939671,0.6057136917
2480,1.0,0.0,0.0,0.0,1.0,1.0,0.3107075149,0.3173408887,0.4887736905,0.6277779821,0.5583942129,0.6091958533
2481,1.0,0.0,0.0,0.0,1.0,1.0,0.3117843946,0.3216385669,0.4904680226,0.6277775417,0.5563635763,0.598870327
2482,1.0,0.0,0.0,0.0,1.0,1.0,0.3118947234,0.3193162194,0.4879309951,0.6187848136,0.5595667212,0.5932213459
2483,1.0,0.0,0.0,0.0,1.0,1.0,0.3108982766,0.3159999286,0.5026362521,0.6214685436,0.5624999288,0.6162789999
2484,1.0,0.0,0.0,0.0,1.0,1.0,0.3132056171,0.3153220416,0.503521148,0.6179776199,0.5645754251,0.6081866227
2485,1.0,0.0,0.0,0.0,1.0,1.0,0.3167247509,0.319674437,0.4999999539,0.616666958,0.5661765726,0.5919542793
2486,1.0,0.0,0.0,0.0,1.0,1.0,0.3184841571,0.3245419078,0.498239471,0.6132594721,0.568265581,0.5965907818
2487,1.0,0.0,0.0,0.0,1.0,1.0,0.317113603,0.32258128,0.4991087096,0.6123589643,0.5634328373,0.6011555263
2488,1.0,0.0,0.0,0.0,1.0,1.0,0.310541022,0.3125594664,0.500000047,0.6034485474,0.5543071442,0.5988020476
2489,1.0,0.0,0.0,0.0,1.0,1.0,0.3122134537,0.3156131781,0.5062836914,0.6091956535,0.5639097953,0.601191075
2490,1.0,0.0,0.0,0.0,1.0,1.0,0.3134449557,0.3207162019,0.4946236095,0.6057145732,0.5597014692,0.5872094369
2491,1.0,0.0,0.0,0.0,1.0,1.0,0.3147708563,0.3176664567,0.4893238577,0.6045203564,0.5576207324,0.5789482076
2492,1.0,0.0,0.0,0.0,1.0,1.0,0.3118823906,0.3164900698,0.4964538987,0.6079547759,0.5592591052,0.5964906033
2493,1.0,0.0,0.0,0.0,1.0,1.0,0.3136545236,0.3176662316,0.5017730736,0.6045194902,0.5650558454,0.5789476942
2494,1.0,0.0,0.0,0.0,1.0,1.0,0.3189706861,0.321511566,0.5088651774,0.5944438211,0.5772057446,0.5885713153
2495,1.0,0.0,0.0,0.0,1.0,1.0,0.3172831849,0.3148426058,0.5044091357,0.6111110463,0.5677653834,0.5988366064
2496,1.0,0.0,0.0,0.0,1.0,1.0,0.3149652053,0.3226979727,0.5017605119,0.5977652616,0.5682658016,0.5942854487
2497,1.0,0.0,0.0,0.0,1.0,1.0,0.3149651929,0.3226982725,0.4982393433,0.6033517628,0.5608853221,0.5999995301
2498,1.0,0.0,0.0,0.0,1.0,1.0,0.3168109796,0.3258253038,0.4973729493,0.602209365,0.560439544,0.5898876469
2499,1.0,0.0,0.0,0.0,1.0,1.0,0.3191198877,0.3282299752,0.4894736149,0.5934065444,0.5498155561,0.5842697014
2500,1.0,0.0,0.0,0.0,1.0,1.0,0.3179244546,0.3337619864,0.4833040657,0.6132604675,0.5535057449,0.5966851634
2501,1.0,0.0,0.0,0.0,1.0,1.0,0.326672733,0.3374499761,0.4752649605,0.6054055204,0.5387455171,0.5901632292
2502,1.0,0.0,0.0,0.0,1.0,1.0,0.32490693,0.3392939932,0.4770316986,0.60869536,0.5424355001,0.59239128
2503,1.0,0.0,0.0,0.0,1.0,1.0,0.32376273,0.3356062574,0.4771126026,0.6086957485,0.5424353328,0.5934058547
2504,1.0,0.0,0.0,0.0,1.0,1.0,0.317924528,0.3288607053,0.4797890698,0.6077354263,0.5404410799,0.5865927283
2505,1.0,0.0,0.0,0.0,1.0,1.0,0.3249068921,0.3356057451,0.4805653796,0.6086963996,0.542435268,0.5879121707
2506,1.0,0.0,0.0,0.0,1.0,1.0,0.3191200801,0.32886051,0.4824561259,0.6098906341,0.5477944115,0.5921787971
2507,1.0,0.0,0.0,0.0,1.0,1.0,0.3208087082,0.3325348428,0.4744268087,0.6098900976,0.5367646535,0.5911592234
2508,1.0,0.0,0.0,0.0,1.0,1.0,0.319681023,0.3258255336,0.4710017939,0.609889617,0.5384613948,0.5842692765
2509,1.0,0.0,0.0,0.0,1.0,1.0,0.319821536,0.3270900535,0.4747827153,0.6032611224,0.5490910492,0.5944444633
2510,1.0,0.0,0.0,0.0,1.0,1.0,0.3243800375,0.3398834225,0.4684210498,0.6054057441,0.5367645768,0.5891893912
2511,1.0,0.0,0.0,0.0,1.0,1.0,0.3244260502,0.333147301,0.4677137655,0.6129034382,0.5362317662,0.6032610324
2512,1.0,0.0,0.0,0.0,1.0,1.0,0.3238607195,0.3349581513,0.4721254899,0.6021501415,0.5434782936,0.5891891771
2513,1.0,0.0,0.0,0.0,1.0,1.0,0.3192663721,0.3277154739,0.470486205,0.6141306333,0.543478301,0.6132598302
2514,1.0,0.0,0.0,0.0,1.0,1.0,0.3220619917,0.3331470626,0.4746059662,0.6141303189,0.5398549032,0.6086949692
2515,1.0,0.0,0.0,0.0,1.0,1.0,0.3214988758,0.3349780306,0.4720279682,0.6086961886,0.5384616256,0.6010930194
2516,1.0,0.0,0.0,0.0,1.0,1.0,0.3214987393,0.3301076196,0.4807692445,0.6032610079,0.5437956774,0.6022101126
2517,1.0,0.0,0.0,0.0,1.0,1.0,0.3072490695,0.3155171181,0.510600808,0.6149420296,0.5693431527,0.6127171997
2518,1.0,0.0,0.0,0.0,1.0,1.0,0.3085994965,0.3121001706,0.501754431,0.6136363636,0.5667870036,0.6069355875
2519,1.0,0.0,0.0,0.0,1.0,1.0,0.3061671335,0.3150415625,0.505281786,0.6264368358,0.5652172782,0.6091948059
2520,1.0,0.0,0.0,0.0,1.0,1.0,0.3119950905,0.3204731862,0.50970008,0.6158195928,0.5688407592,0.6045195491
2521,1.0,0.0,0.0,0.0,1.0,1.0,0.3080589385,0.3157079823,0.5078809676,0.6079553172,0.5703968702,0.6114281743
2522,1.0,0.0,0.0,0.0,1.0,1.0,0.3084696079,0.3180040499,0.5026454183,0.6114281777,0.563636398,0.6057138512
2523,1.0,0.0,0.0,0.0,1.0,1.0,0.3132053252,0.3191649268,0.5123238454,0.6067421113,0.5656931015,0.605714049
2524,1.0,0.0,0.0,0.0,1.0,1.0,0.3178435384,0.3216385352,0.5035334986,0.6277770617,0.5672729731,0.593220319
2525,1.0,0.0,0.0,0.0,1.0,1.0,0.3201751543,0.3246364762,0.4991149658,0.6243091653,0.5583943274,0.5955053364
2526,1.0,0.0,0.0,0.0,1.0,1.0,0.3136545534,0.3153220008,0.510638234,0.6158185992,0.5682655527,0.5906434294
2527,1.0,0.0,0.0,0.0,1.0,1.0,0.3114457157,0.3196743649,0.5088028124,0.6101699478,0.5735293782,0.5919545088
2528,1.0,0.0,0.0,0.0,1.0,1.0,0.3133103637,0.3276555977,0.5078808602,0.6145248005,0.5714285714,0.5865920092
2529,1.0,0.0,0.0,0.0,1.0,1.0,0.3126548573,0.3221644456,0.5096660436,0.6123601599,0.5750916454,0.5909099038
2530,1.0,0.0,0.0,0.0,1.0,1.0,0.3108982789,0.3215117759,0.5061510853,0.6158187714,0.5735291851,0.5942853936
2531,1.0,0.0,0.0,0.0,1.0,1.0,0.3114456393,0.32085405,0.5123239285,0.6214695984,0.5793357475,0.5977006211
2532,1.0,0.0,0.0,0.0,1.0,1.0,0.317761959,0.32389313,0.5026642196,0.6033513942,0.5703702729,0.5942854003
2533,1.0,0.0,0.0,0.0,1.0,1.0,0.3219443644,0.3251860948,0.4973452079,0.6098902745,0.5625000722,0.5762707045
2534,1.0,0.0,0.0,0.0,1.0,1.0,0.3159870806,0.3226981921,0.5062167195,0.6179777137,0.5719556109,0.5828568753
2535,1.0,0.0,0.0,0.0,1.0,1.0,0.3136547991,0.3171660209,0.5070921841,0.6158194165,0.5682657725,0.5930238226
2536,1.0,0.0,0.0,0.0,1.0,1.0,0.3083387194,0.3079463128,0.5106382323,0.6149421665,0.56457563,0.5988019187
2537,1.0,0.0,0.0,0.0,1.0,1.0,0.313099472,0.3153217156,0.5150442068,0.6158190676,0.568265865,0.5906428563
2538,1.0,0.0,0.0,0.0,1.0,1.0,0.3098094025,0.3136931147,0.5096321934,0.6045205857,0.5693429941,0.5930238009
2539,1.0,0.0,0.0,0.0,1.0,1.0,0.3067070803,0.3075208087,0.5097002677,0.6091953742,0.5714285158,0.5952383667
2540,1.0,0.0,0.0,0.0,1.0,1.0,0.3113304304,0.3141630699,0.504424759,0.6136359831,0.5661767151,0.5964916383
2541,1.0,0.0,0.0,0.0,1.0,1.0,0.3116726698,0.320988848,0.5052264916,0.6145252508,0.5620435836,0.5909086038
2542,1.0,0.0,0.0,0.0,1.0,1.0,0.3127626014,0.3204733673,0.5052446987,0.608938166,0.56521729,0.587570026
2543,1.0,0.0,0.0,0.0,1.0,1.0,0.3104721935,0.3155171185,0.5008726963,0.595505631,0.5620436277,0.5780339775
2544,1.0,0.0,0.0,0.0,1.0,1.0,0.3103527251,0.3118696163,0.5122806441,0.6101691956,0.5729925321,0.5906431551
2545,1.0,0.0,0.0,0.0,1.0,1.0,0.3010576949,0.3068139929,0.506129539,0.6220935837,0.5588233026,0.5928151313
2546,1.0,0.0,0.0,0.0,1.0,1.0,0.3000071465,0.3071013228,0.5008726233,0.6220928921,0.5600002038,0.5857991941
2547,1.0,0.0,0.0,0.0,1.0,1.0,0.3064487996,0.3185034505,0.5,0.6249998557,0.5567765323,0.5977006125
2548,1.0,0.0,0.0,0.0,1.0,1.0,0.3047076522,0.3209887223,0.5069686368,0.6171435247,0.5656933939,0.5909086685
2549,1.0,0.0,0.0,0.0,1.0,1.0,0.306449187,0.318662713,0.5069686175,0.6079549443,0.572463699,0.5795454153
2550,1.0,0.0,0.0,0.0,1.0,1.0,0.3032788031,0.3193161459,0.5000000451,0.6079552007,0.5667870649,0.5875708152
2551,1.0,0.0,0.0,0.0,1.0,1.0,0.310590428,0.3221644724,0.4670139233,0.603351678,0.5347984993,0.5852280171
2552,1.0,0.0,0.0,0.0,1.0,1.0,0.318238789,0.3259050046,0.4492254748,0.6054053633,0.518116134,0.5722219869
2553,1.0,0.0,0.0,0.0,1.0,1.0,0.3147032183,0.3240941425,0.458477509,0.6098900186,0.5253623684,0.5698319373
2554,1.0,0.0,0.0,0.0,1.0,1.0,0.3210644107,0.331336579,0.4594127412,0.6075263427,0.5253625069,0.5628423862
2555,1.0,0.0,0.0,0.0,1.0,1.0,0.3215596404,0.3307244429,0.4556521356,0.6108106668,0.523636555,0.5769232939
2556,1.0,0.0,0.0,0.0,1.0,1.0,0.3245611964,0.3313565239,0.4570446947,0.6190480207,0.5232976522,0.578378524
2557,1.0,0.0,0.0,0.0,1.0,1.0,0.3031237783,0.3125529027,0.4176776035,0.6114283059,0.4763636116,0.5872090909
2558,1.0,0.0,0.0,0.0,1.0,1.0,0.2909987851,0.3035342231,0.3379548508,0.6190467979,0.3888890166,0.5670737632
2559,1.0,0.0,0.0,0.0,1.0,1.0,0.2954100454,0.3024626504,0.3221238966,0.6167665507,0.3684210107,0.5590055896
2560,1.0,0.0,0.0,0.0,1.0,1.0,0.2932171193,0.299832418,0.3220036181,0.6097559064,0.36981124,0.5534590856
2561,1.0,0.0,0.0,0.0,1.0,1.0,0.3101104966,0.3151225866,0.3209218732,0.5942856599,0.3731342646,0.550295479
2562,1.0,0.0,0.0,0.0,1.0,1.0,0.2945912646,0.3032655356,0.3164556797,0.6196313666,0.3702288666,0.553459095
2563,1.0,0.0,0.0,0.0,1.0,1.0,0.3021990363,0.3005981672,0.3205829096,0.596384702,0.3716475826,0.5477701816
2564,1.0,0.0,0.0,0.0,1.0,1.0,0.2868600619,0.282285466,0.2961608111,0.630573843,0.3549615318,0.5608108968
2565,1.0,0.0,0.0,0.0,1.0,1.0,0.3018573766,0.2869123193,0.2780847326,0.6219506405,0.342205563,0.5562908516
2566,1.0,0.0,0.0,0.0,1.0,1.0,0.3163971141,0.3040127265,0.2774673339,0.6235291218,0.3498099147,0.5687498445
2567,1.0,0.0,0.0,0.0,1.0,1.0,0.3217254606,0.303676619,0.279999992,0.6272182655,0.353846216,0.5696203542
2568,1.0,0.0,0.0,0.0,1.0,1.0,0.3211818404,0.2998324391,0.2930057389,0.6235289544,0.3584908453,0.5660375398
2569,1.0,0.0,0.0,0.0,1.0,1.0,0.3256187115,0.3069447297,0.2975518622,0.6184972251,0.3707865211,0.5670727559
2570,1.0,0.0,0.0,0.0,1.0,1.0,0.3300397778,0.3151223479,0.2929104622,0.615819434,0.3694028236,0.5739642358
2571,1.0,0.0,0.0,0.0,1.0,1.0,0.3269548414,0.312093371,0.2992564361,0.6193183929,0.3717473473,0.5476190766
2572,1.0,0.0,0.0,0.0,1.0,1.0,0.3169872539,0.3020701442,0.3003730751,0.6117647784,0.3731341358,0.5555565621
2573,1.0,0.0,0.0,0.0,1.0,1.0,0.307228809,0.2946118836,0.3946868757,0.6049373548,0.4552239129,0.5632913675
2574,1.0,0.0,0.0,0.0,1.0,1.0,0.2743568888,0.2498602398,0.4294116838,0.621428862,0.4847326749,0.5725187758
2575,1.0,0.0,0.0,0.0,1.0,1.0,0.2640407591,0.2316711753,0.4422699878,0.6074077379,0.4904213935,0.5867764481
2576,1.0,0.0,0.0,0.0,1.0,1.0,0.2417077879,0.2063244009,0.443378205,0.5873008026,0.48484833,0.5688070423
2577,1.0,0.0,0.0,0.0,1.0,1.0,0.2171866612,0.1843078852,0.4557692949,0.6017693452,0.4980987593,0.597938803
2578,1.0,0.0,0.0,0.0,1.0,1.0,0.2216737689,0.1852898241,0.4627150398,0.6034474501,0.5056177034,0.5858569942
2579,1.0,0.0,0.0,0.0,1.0,1.0,0.2187457802,0.1820543042,0.460377364,0.594827617,0.5092937691,0.6020406652
2580,1.0,0.0,0.0,0.0,1.0,1.0,0.196519564,0.1622227964,0.4550562105,0.6190479086,0.4962684983,0.6321853984
2581,1.0,0.0,0.0,0.0,1.0,1.0,0.1864627954,0.1517669111,0.4664178542,0.6000004283,0.5111110495,0.621951761
2582,1.0,0.0,0.0,0.0,1.0,1.0,0.1638128182,0.1235674935,0.4788213521,0.5955056721,0.5236363325,0.617645576
2583,1.0,0.0,0.0,0.0,1.0,1.0,0.1777589503,0.1321725417,0.4700546014,0.6020407037,0.5108697398,0.6438349263
2584,1.0,0.0,0.0,0.0,1.0,1.0,0.1765862393,0.1303621129,0.4735882807,0.5773190854,0.5144929537,0.5833335819
2585,1.0,0.0,0.0,0.0,1.0,1.0,0.1490074733,0.1108472045,0.472727336,0.5365841001,0.5163637756,0.5901635913
2586,1.0,0.0,0.0,0.0,1.0,1.0,0.1479321532,0.1114486409,0.4783392852,0.5,0.5107915891,0.5322596098
2587,1.0,0.0,0.0,0.0,1.0,1.0,0.1370353302,0.1047208859,0.4899452127,0.4933329582,0.5147059052,0.5087724494
2588,1.0,0.0,0.0,0.0,1.0,1.0,0.1430393271,0.1090300763,0.4972475654,0.4487176379,0.5090910896,0.4166675421
2589,1.0,0.0,0.0,0.0,1.0,1.0,0.1490879676,0.1194185897,0.5009208858,0.2839515633,0.5147059055,0.1999980245
2590,1.0,0.0,0.0,0.0,1.0,1.0,0.1501946291,0.1147507306,0.493506545,0.2839520801,0.5074075704,0.1935496897
2591,1.0,0.0,0.0,0.0,1.0,1.0,0.1506514564,0.1230927637,0.4963235214,0.2195137375,0.5110295799,0.1791023522
2592,1.0,0.0,0.0,0.0,1.0,1.0,0.1522087347,0.1153201797,0.4844035648,0.2289159674,0.4981686671,0.1428571429
2593,1.0,0.0,0.0,0.0,1.0,1.0,0.1581984269,0.1106395316,0.4916200335,0.2,0.498154824,0.1000010524
2594,1.0,0.0,0.0,0.0,1.0,1.0,0.1539031459,0.1124833106,0.5046381457,0.1807227099,0.5092249489,0.1147528093
2595,1.0,0.0,0.0,0.0,1.0,1.0,0.156921871,0.1150299848,0.4971963786,0.1666662514,0.5056603371,0.08196788802
2596,1.0,0.0,0.0,0.0,1.0,1.0,0.1570290382,0.1114619471,0.4972274015,0.2117644447,0.4981411322,0.1166684142
2597,1.0,0.0,0.0,0.0,1.0,1.0,0.1548953855,0.1110490532,0.5036899658,0.2023827282,0.5,0.09999825969
2598,1.0,0.0,0.0,0.0,1.0,1.0,0.1551815939,0.1122969109,0.4972273957,0.2142862479,0.4943818069,0.1333349604
2599,1.0,0.0,0.0,0.0,1.0,1.0,0.1544761511,0.1144397183,0.5027933117,0.2048210799,0.4885497509,0.1499977576
2600,1.0,0.0,0.0,0.0,1.0,1.0,0.1514863347,0.1172421999,0.5027726452,0.1707300899,0.4884617333,0.09835908196
2601,1.0,0.0,0.0,0.0,1.0,1.0,0.1427777177,0.1268520738,0.5018315935,0.0897439407,0.4923077176,0.07575767379
2602,1.0,0.0,0.0,0.0,1.0,1.0,0.1366144221,0.1181507983,0.4838129814,0.1052643265,0.472867932,0.06557121962
2603,1.0,0.0,0.0,0.0,1.0,1.0,0.1370349621,0.1357510469,0.4990858798,0.1333316553,0.4803148436,0.1014476452
2604,1.0,0.0,0.0,0.0,1.0,1.0,0.1427775367,0.1441881894,0.4990957884,0.1139247732,0.4822135187,0.06849399688
2605,1.0,0.0,0.0,0.0,1.0,1.0,0.1430298135,0.1536108929,0.4858658158,0.1604940861,0.4824904379,0.1265841161
2606,1.0,0.0,0.0,0.0,1.0,1.0,0.1442673613,0.1582125966,0.4956521628,0.1686741812,0.4864861693,0.1463423993
2607,1.0,0.0,0.0,0.0,1.0,1.0,0.1455325872,0.1665736922,0.5052631402,0.1445765494,0.4883721314,0.1395354602
2608,1.0,0.0,0.0,0.0,1.0,1.0,0.1395382307,0.1659309206,0.4991273051,0.1375002686,0.4826252537,0.1395351742
2609,1.0,0.0,0.0,0.0,1.0,1.0,0.1464698,0.1723174242,0.4965517487,0.1764690159,0.482758648,0.1444432715
2610,1.0,0.0,0.0,0.0,1.0,1.0,0.1427773785,0.1742322457,0.4965156902,0.2073162524,0.490421512,0.1758237913
2611,1.0,0.0,0.0,0.0,1.0,1.0,0.1358125555,0.1729070922,0.4982579404,0.2179485081,0.4828897646,0.1868130069
2612,1.0,0.0,0.0,0.0,1.0,1.0,0.128270689,0.1594438401,0.4830660552,0.2638888484,0.4785994932,0.1951217016
2613,1.0,0.0,0.0,0.0,1.0,1.0,0.1192318017,0.1493421376,0.4912279906,0.4705902871,0.5134101214,0.384614534
2614,1.0,0.0,0.0,0.0,1.0,1.0,0.2440494856,0.2462908481,0.4501661119,0.5986388917,0.5214286336,0.608695722
2615,1.0,0.0,0.0,0.0,1.0,1.0,0.3131584622,0.326603051,0.4649999964,0.5585107493,0.546428602,0.5792349336
2616,1.0,0.0,0.0,0.0,1.0,1.0,0.3420014688,0.3597282045,0.4684385707,0.5485435558,0.5460995044,0.5615769417
2617,1.0,0.0,0.0,0.0,1.0,1.0,0.3089489277,0.3188181868,0.4797297595,0.5737698694,0.5555553395,0.5842698548
2618,1.0,0.0,0.0,0.0,1.0,1.0,0.125384685,0.1524247588,0.5181818633,0.4057983367,0.5096526333,0.3164565376
2619,1.0,0.0,0.0,0.0,1.0,1.0,0.1152508358,0.1359394317,0.4990990096,0.5312489601,0.5172411543,0.3943645918
2620,1.0,0.0,0.0,0.0,1.0,1.0,0.2515955216,0.2535082925,0.4930555429,0.6068970031,0.5583942634,0.6187056642
2621,1.0,0.0,0.0,0.0,1.0,1.0,0.3110507132,0.3189707895,0.4897959015,0.5792348242,0.5673755332,0.5888898233
2622,1.0,0.0,0.0,0.0,1.0,1.0,0.3217965543,0.3278872071,0.4906302102,0.5820101196,0.5754388131,0.5989297976
2623,1.0,0.0,0.0,0.0,1.0,1.0,0.3325845895,0.3360491416,0.4966216156,0.5939087559,0.58188164,0.595855084
2624,1.0,0.0,0.0,0.0,1.0,1.0,0.3320240829,0.3308495889,0.4907250739,0.5939090065,0.5793103817,0.5989581649
2625,1.0,0.0,0.0,0.0,1.0,1.0,0.342045883,0.3428119726,0.490818148,0.5853661413,0.5733787756,0.5870654762
2626,1.0,0.0,0.0,0.0,1.0,1.0,0.3386537957,0.3404876897,0.4826445149,0.580487381,0.5728814927,0.5920396246
2627,1.0,0.0,0.0,0.0,1.0,1.0,0.3369828125,0.3404138134,0.4835526364,0.5853657212,0.5805370067,0.5911330103
2628,1.0,0.0,0.0,0.0,1.0,1.0,0.3380947664,0.3354062875,0.4867986002,0.580488228,0.5728812117,0.6010105262
2629,1.0,0.0,0.0,0.0,1.0,1.0,0.3402009485,0.3454446126,0.4837133217,0.5837317079,0.5805368129,0.5922328404
2630,1.0,0.0,0.0,0.0,1.0,1.0,0.3299130479,0.3370997982,0.4822006647,0.5833334243,0.5694913708,0.5879397154
2631,1.0,0.0,0.0,0.0,1.0,1.0,0.3131368299,0.3246485019,0.5340909957,0.5854919756,0.6054422002,0.5863883671
2632,1.0,0.0,0.0,0.0,1.0,1.0,0.2838947485,0.3026477125,0.6245847308,0.5789476368,0.690140737,0.5930235063
2633,1.0,0.0,0.0,0.0,1.0,1.0,0.2626630749,0.275464634,0.6694216124,0.5597487186,0.720848051,0.6217953664
2634,1.0,0.0,0.0,0.0,1.0,1.0,0.2711167962,0.3005316222,0.6532906279,0.5857983041,0.7132866808,0.6046510728
2635,1.0,0.0,0.0,0.0,1.0,1.0,0.2653524954,0.3016174022,0.6391096556,0.5808378559,0.7000001204,0.6094671487
2636,1.0,0.0,0.0,0.0,1.0,1.0,0.2784049594,0.3109773138,0.6447573216,0.578652058,0.7086331828,0.6184972512
2637,1.0,0.0,0.0,0.0,1.0,1.0,0.285326954,0.3190102167,0.64433822,0.5698325737,0.7047967699,0.6011555628
2638,1.0,0.0,0.0,0.0,1.0,1.0,0.2783253726,0.3116340885,0.6344937175,0.5738640101,0.7047972114,0.6213011557
2639,1.0,0.0,0.0,0.0,1.0,1.0,0.276036426,0.3095288885,0.6301586727,0.5632182881,0.6977612296,0.6144581699
2640,1.0,0.0,0.0,0.0,1.0,1.0,0.2711417264,0.3116342742,0.6324922084,0.5755812688,0.6974168483,0.6153839137
2641,1.0,0.0,0.0,0.0,1.0,1.0,0.2462851831,0.2871529444,0.6232114077,0.5806457149,0.6828356929,0.6428573485
2642,1.0,0.0,0.0,0.0,1.0,1.0,0.1646334033,0.1920497648,0.608985026,0.5050519155,0.6392154655,0.6530596502
2643,1.0,0.0,0.0,0.0,1.0,1.0,0.1120066518,0.1665734348,0.5172413664,0.4769233332,0.5144034333,0.4938276556
2644,1.0,0.0,0.0,0.0,1.0,1.0,0.1015197159,0.1802271259,0.5078810215,0.3448273273,0.5040984429,0.3295438798
2645,1.0,0.0,0.0,0.0,1.0,1.0,0.1073347796,0.1739922278,0.5158450143,0.2622965216,0.5060728183,0.2674420633
2646,1.0,0.0,0.0,0.0,1.0,1.0,0.1058434778,0.1764887178,0.5017361654,0.262292962,0.4960318333,0.2696614948
2647,1.0,0.0,0.0,0.0,1.0,1.0,0.1157247118,0.1725227255,0.5122806722,0.2121192302,0.5079365487,0.1954010727
2648,1.0,0.0,0.0,0.0,1.0,1.0,0.1158524464,0.1710581367,0.4965396799,0.2537325401,0.5076923522,0.2359541338
2649,1.0,0.0,0.0,0.0,1.0,1.0,0.1160529221,0.1678453355,0.5025995724,0.22387848,0.5000002108,0.238637705
2650,1.0,0.0,0.0,0.0,1.0,1.0,0.1186075822,0.1773818499,0.5043629225,0.3088249361,0.5000002068,0.225805474
2651,1.0,0.0,0.0,0.0,1.0,1.0,0.1174782168,0.1773819801,0.5017544333,0.3283581082,0.4961833181,0.2688175704
2652,1.0,0.0,0.0,0.0,1.0,1.0,0.113772048,0.1806685136,0.5026269319,0.3384619569,0.4961539736,0.2340430034
2653,1.0,0.0,0.0,0.0,1.0,1.0,0.1147771285,0.1749998295,0.5053003718,0.3230756778,0.4941634042,0.2666674786
2654,1.0,0.0,0.0,0.0,1.0,1.0,0.1172721409,0.1794363803,0.5008757032,0.2537313433,0.5019304969,0.2150532466
2655,1.0,0.0,0.0,0.0,1.0,1.0,0.1284493025,0.1876346172,0.5017605387,0.1780828064,0.4980844225,0.1632651242
2656,1.0,0.0,0.0,0.0,1.0,1.0,0.1197902128,0.1792893018,0.5098390819,0.1940299977,0.5000002097,0.1489373648
2657,1.0,0.0,0.0,0.0,1.0,1.0,0.1242347301,0.1710584495,0.5046383388,0.1791037084,0.5038463357,0.1573039702
2658,1.0,0.0,0.0,0.0,1.0,1.0,0.1309229924,0.1653210716,0.514760081,0.2535208693,0.507518713,0.1931823209
2659,1.0,0.0,0.0,0.0,1.0,1.0,0.1333806665,0.1616741339,0.4936015838,0.2739725212,0.4926470559,0.2045446687
2660,1.0,0.0,0.0,0.0,1.0,1.0,0.1332588797,0.1528998688,0.4962962226,0.222222899,0.507462833,0.1707305986
2661,1.0,0.0,0.0,0.0,1.0,1.0,0.1430391334,0.156046718,0.4917432049,0.243589566,0.5018585495,0.1785695913
2662,1.0,0.0,0.0,0.0,1.0,1.0,0.1324125259,0.1521704594,0.4954627738,0.2465755061,0.5,0.1728396723
2663,1.0,0.0,0.0,0.0,1.0,1.0,0.1313656762,0.1572153949,0.4884547378,0.2162164524,0.50561776,0.1428571429
2664,1.0,0.0,0.0,0.0,1.0,1.0,0.1366908075,0.1540493175,0.502664331,0.194804179,0.5075186861,0.1341461495
2665,1.0,0.0,0.0,0.0,1.0,1.0,0.1315502799,0.1598373301,0.4940171728,0.1038946876,0.5073527859,0.1264379494
2666,1.0,0.0,0.0,0.0,1.0,1.0,0.1317756882,0.1635116261,0.4931506393,0.1038964037,0.5036766732,0.1235958142
2667,1.0,0.0,0.0,0.0,1.0,1.0,0.1270769769,0.1610819244,0.5034363821,0.1486474519,0.5128205231,0.1477269907
2668,1.0,0.0,0.0,0.0,1.0,1.0,0.1290728167,0.1604270713,0.4851657333,0.1486466216,0.5018449488,0.1149422987
2669,1.0,0.0,0.0,0.0,1.0,1.0,0.1318706025,0.1587559746,0.4826389008,0.1578926148,0.505415218,0.1136364202
2670,1.0,0.0,0.0,0.0,1.0,1.0,0.1382765789,0.1689968646,0.4851138182,0.1519004208,0.5018183832,0.1505390543
2671,1.0,0.0,0.0,0.0,1.0,1.0,0.1369340808,0.1684039692,0.4857652309,0.1558421149,0.5018315743,0.163043657
2672,1.0,0.0,0.0,0.0,1.0,1.0,0.1336153262,0.1526421121,0.5008912125,0.1866675111,0.5127271072,0.1190478638
2673,1.0,0.0,0.0,0.0,1.0,1.0,0.1344381013,0.1689967479,0.4920353555,0.1184209026,0.5127273429,0.1612913748
2674,1.0,0.0,0.0,0.0,1.0,1.0,0.1336057567,0.1725654481,0.4861111866,0.1688302044,0.5071941308,0.1249991409
2675,1.0,0.0,0.0,0.0,1.0,1.0,0.1338380052,0.1732611588,0.4886956604,0.168830767,0.5,0.1368435692
2676,1.0,0.0,0.0,0.0,1.0,1.0,0.1363660849,0.1940311514,0.4974092936,0.1139244724,0.5091575915,0.1698117893
2677,1.0,0.0,0.0,0.0,1.0,1.0,0.1275148532,0.1801966574,0.5051723762,0.1351342691,0.5130112417,0.144329347
2678,1.0,0.0,0.0,0.0,1.0,1.0,0.1156522163,0.1869324342,0.5077720217,0.1940315716,0.5111108463,0.1881179705
2679,1.0,0.0,0.0,0.0,1.0,1.0,0.1279149728,0.1914989133,0.5017064464,0.1333331385,0.514598813,0.14285595
2680,1.0,0.0,0.0,0.0,1.0,1.0,0.1153204766,0.1913429236,0.4912587689,0.1666672068,0.505575963,0.1747558501
2681,1.0,0.0,0.0,0.0,1.0,1.0,0.1120061592,0.1744482387,0.4810345491,0.3384611155,0.5163636688,0.3125010181
2682,1.0,0.0,0.0,0.0,1.0,1.0,0.1738894829,0.1924719286,0.4628377885,0.5728162994,0.5300351543,0.5688061703
2683,1.0,0.0,0.0,0.0,1.0,1.0,0.2588718579,0.2721084914,0.4770491388,0.5949368966,0.5684930233,0.6163523192
2684,1.0,0.0,0.0,0.0,1.0,1.0,0.3076458123,0.3262782368,0.4739414396,0.5661374953,0.5704467379,0.5894740464
2685,1.0,0.0,0.0,0.0,1.0,1.0,0.3076456656,0.3372241628,0.470683966,0.5767191158,0.5699302887,0.5906731386
2686,1.0,0.0,0.0,0.0,1.0,1.0,0.3363816253,0.3691317609,0.4660193762,0.5673078324,0.5679442558,0.5801883107
2687,1.0,0.0,0.0,0.0,1.0,1.0,0.3417862837,0.3717224556,0.4651539665,0.5687209965,0.5614033181,0.5849061938
2688,1.0,0.0,0.0,0.0,1.0,1.0,0.3433567518,0.3721695609,0.4645161116,0.5633802678,0.5629370642,0.5821598879
2689,1.0,0.0,0.0,0.0,1.0,1.0,0.3380468071,0.3690518367,0.4689542223,0.5700488382,0.5618374768,0.5789467871
2690,1.0,0.0,0.0,0.0,1.0,1.0,0.3413124293,0.3704224706,0.4738562116,0.5693776263,0.5629370692,0.5801880955
2691,1.0,0.0,0.0,0.0,1.0,1.0,0.2528099593,0.2624433597,0.4704890829,0.5733335496,0.5539570994,0.6027389269
2692,1.0,0.0,0.0,0.0,1.0,1.0,0.1226752634,0.1825901358,0.5126353741,0.3970593066,0.5269229673,0.3789477959
2693,1.0,0.0,0.0,0.0,1.0,1.0,0.1220557152,0.17982373,0.4867256463,0.5217374766,0.5303030419,0.4736844342
2694,1.0,0.0,0.0,0.0,1.0,1.0,0.2243301293,0.2276309198,0.4907871786,0.5671645965,0.5658361659,0.6093747205
2695,1.0,0.0,0.0,0.0,1.0,1.0,0.2776228136,0.284563205,0.4754902645,0.5764704721,0.5624998863,0.5975611159
2696,1.0,0.0,0.0,0.0,1.0,1.0,0.3028611431,0.3091918539,0.4720893426,0.5842105921,0.5785954118,0.6000002333
2697,1.0,0.0,0.0,0.0,1.0,1.0,0.3113278123,0.3198215672,0.4840255701,0.5794875766,0.5899998548,0.5729171282
2698,1.0,0.0,0.0,0.0,1.0,1.0,0.3230679339,0.3348130367,0.4856688021,0.5862068966,0.5900000035,0.5721386767
2699,1.0,0.0,0.0,0.0,1.0,1.0,0.3131159815,0.3287197992,0.4778481333,0.5909095891,0.581395374,0.5858587519
2700,1.0,0.0,0.0,0.0,1.0,1.0,0.317488744,0.3314303055,0.4700162522,0.5867349845,0.5670102944,0.5803106151
2701,1.0,0.0,0.0,0.0,1.0,1.0,0.3284329677,0.343242944,0.4292452067,0.5933010612,0.5387207384,0.5784310155
2702,1.0,0.0,0.0,0.0,1.0,1.0,0.3204557881,0.33654681,0.4301587701,0.5891084095,0.5340134739,0.5808078625
2703,1.0,0.0,0.0,0.0,1.0,1.0,0.3151964684,0.3331471602,0.4326466267,0.6030150001,0.5306121415,0.591836136
2704,1.0,0.0,0.0,0.0,1.0,1.0,0.3106156236,0.3262784719,0.4315619086,0.5906729866,0.5326460183,0.5842101293
2705,1.0,0.0,0.0,0.0,1.0,1.0,0.3133296179,0.3280483296,0.4324759148,0.5999997846,0.537415,0.5803110387
2706,1.0,0.0,0.0,0.0,1.0,1.0,0.3213640283,0.3320178851,0.4308681103,0.599999365,0.535593117,0.5816324106
2707,1.0,0.0,0.0,0.0,1.0,1.0,0.3085096668,0.3184662246,0.461414798,0.5989586109,0.5661016749,0.5851066377
2708,1.0,0.0,0.0,0.0,1.0,1.0,0.3106154632,0.3189344228,0.4718195798,0.5906732325,0.5699658861,0.5721923458
2709,1.0,0.0,0.0,0.0,1.0,1.0,0.3175647073,0.3274622463,0.4677419602,0.5989843315,0.5665528912,0.588541089
2710,1.0,0.0,0.0,0.0,1.0,1.0,0.3061497706,0.3148927306,0.4732577014,0.5925924688,0.5684932124,0.5815220377
2711,1.0,0.0,0.0,0.0,1.0,1.0,0.3171308113,0.3280997274,0.4823718048,0.6010094592,0.5723907174,0.5897428262
2712,1.0,0.0,0.0,0.0,1.0,1.0,0.3121285139,0.3170989087,0.4731861386,0.5959594879,0.5813951771,0.6020938518
2713,1.0,0.0,0.0,0.0,1.0,1.0,0.3127183929,0.3183042014,0.4764151561,0.6030155499,0.5841582903,0.5906743261
2714,1.0,0.0,0.0,0.0,1.0,1.0,0.313796417,0.3232517676,0.4709576461,0.5999995717,0.5742575342,0.5918363779
2715,1.0,0.0,0.0,0.0,1.0,1.0,0.3132109172,0.3216026639,0.4708660912,0.5979901989,0.5742573662,0.5897439847
2716,1.0,0.0,0.0,0.0,1.0,1.0,0.3078848161,0.3160487139,0.4755134654,0.610256184,0.5761590418,0.5968587095
2717,1.0,0.0,0.0,0.0,1.0,1.0,0.3191364052,0.3276860969,0.4735202387,0.6,0.5803279213,0.5900002549
2718,1.0,0.0,0.0,0.0,1.0,1.0,0.3116370235,0.3177033286,0.4692913339,0.60606126,0.57284775,0.5989584435
2719,1.0,0.0,0.0,0.0,1.0,1.0,0.3095754112,0.319357898,0.4811319998,0.60406093,0.5761586545,0.5958549053
2720,1.0,0.0,0.0,0.0,1.0,1.0,0.3051255359,0.3096632064,0.4610592671,0.5969385063,0.5639343695,0.5978836401
2721,1.0,0.0,0.0,0.0,1.0,1.0,0.3108683978,0.3221883809,0.4401244363,0.600000431,0.5460525966,0.5918370489
2722,1.0,0.0,0.0,0.0,1.0,1.0,0.3144662637,0.3206678363,0.4392523688,0.5990098023,0.5472313659,0.5888333064
2723,1.0,0.0,0.0,0.0,1.0,1.0,0.3144663584,0.3217156862,0.4361369598,0.6039602593,0.5490195048,0.5837566714
2724,1.0,0.0,0.0,0.0,1.0,1.0,0.3166702195,0.3255508466,0.4374033601,0.5999997879,0.5472313995,0.5900003478
2725,1.0,0.0,0.0,0.0,1.0,1.0,0.324896007,0.3353173599,0.436532479,0.595237925,0.5439739209,0.5825238776
2726,1.0,0.0,0.0,0.0,1.0,1.0,0.3092024885,0.3199535237,0.4375000052,0.5959593661,0.5478548065,0.5876286037
2727,1.0,0.0,0.0,0.0,1.0,1.0,0.3142899412,0.32819958,0.4402515374,0.6000002112,0.5445546279,0.5929646855
2728,1.0,0.0,0.0,0.0,1.0,1.0,0.3175066886,0.3287637896,0.4366196879,0.6009857998,0.539473767,0.5899996597
2729,1.0,0.0,0.0,0.0,1.0,1.0,0.317579548,0.3260476466,0.4096573782,0.593136653,0.5245901413,0.5829143602
2730,1.0,0.0,0.0,0.0,1.0,1.0,0.3253634771,0.3304075268,0.3862928983,0.6028704254,0.4901312799,0.5820900714
2731,1.0,0.0,0.0,0.0,1.0,1.0,0.3269201243,0.3347965245,0.3831776058,0.5999993901,0.4917491296,0.5862063526
2732,1.0,0.0,0.0,0.0,1.0,1.0,0.3315976973,0.3369455392,0.3875969632,0.5981308318,0.5048858918,0.5893726518
2733,1.0,0.0,0.0,0.0,1.0,1.0,0.3339203959,0.3402010769,0.3859242705,0.60185127,0.4951140579,0.583732018
2734,1.0,0.0,0.0,0.0,1.0,1.0,0.3454289243,0.3557882827,0.3809522639,0.5955554965,0.495145621,0.5727271227
2735,1.0,0.0,0.0,0.0,1.0,1.0,0.3354661994,0.3457087169,0.3874709928,0.594470834,0.4983604945,0.5781992628
2736,1.0,0.0,0.0,0.0,1.0,1.0,0.3424445281,0.3478449584,0.3829457881,0.5927607116,0.4967319027,0.5774642223
2737,1.0,0.0,0.0,0.0,1.0,1.0,0.3336622997,0.345708335,0.3879443768,0.5972220723,0.4983603244,0.5687204696
2738,1.0,0.0,0.0,0.0,1.0,1.0,0.339316551,0.3445789677,0.3858023751,0.6000001946,0.4934641151,0.5781988887
2739,1.0,0.0,0.0,0.0,1.0,1.0,0.3339278199,0.3391550544,0.4332552717,0.6074766449,0.5442621928,0.579710085
2740,1.0,0.0,0.0,0.0,1.0,1.0,0.3273486741,0.3320514252,0.4636076493,0.6086960953,0.5690787808,0.5841590569
2741,1.0,0.0,0.0,0.0,1.0,1.0,0.3169343552,0.3271199219,0.4693877138,0.6089111175,0.5723685814,0.5879393242
2742,1.0,0.0,0.0,0.0,1.0,1.0,0.3157795688,0.3254763698,0.4723538917,0.6100006537,0.5723684187,0.5909083906
2743,1.0,0.0,0.0,0.0,1.0,1.0,0.3206345536,0.3304341787,0.4663536142,0.6048778102,0.5700325382,0.5812812386
2744,1.0,0.0,0.0,0.0,1.0,1.0,0.3190041933,0.3276859624,0.4685534911,0.6059116259,0.5770491781,0.5849996742
2745,1.0,0.0,0.0,0.0,1.0,1.0,0.319070498,0.3315144451,0.4726134689,0.6127451083,0.5751634532,0.5812811858
2746,1.0,0.0,0.0,0.0,1.0,1.0,0.3154488411,0.3276858798,0.4734373986,0.608911115,0.5770492009,0.5849996972
2747,1.0,0.0,0.0,0.0,1.0,1.0,0.3111472527,0.3227706768,0.4732704059,0.601009576,0.5770492791,0.5939082345
2748,1.0,0.0,0.0,0.0,1.0,1.0,0.3200721324,0.325551065,0.4725275576,0.6078430363,0.5732898143,0.579999958
2749,1.0,0.0,0.0,0.0,1.0,1.0,0.3143784027,0.3260474269,0.4726134941,0.6019892362,0.5770491376,0.5879397884
2750,1.0,0.0,0.0,0.0,1.0,1.0,0.3163587683,0.3260475032,0.4771653772,0.6119401052,0.5868851503,0.5879396821
2751,1.0,0.0,0.0,0.0,1.0,1.0,0.319441802,0.3276859056,0.4810127,0.6237622923,0.5868850825,0.5949999839
2752,1.0,0.0,0.0,0.0,1.0,1.0,0.3199482085,0.3287637184,0.4754357133,0.6089103437,0.5888158592,0.5800006014
2753,1.0,0.0,0.0,0.0,1.0,1.0,0.3161985505,0.3270598348,0.4769474854,0.6080401578,0.5813954645,0.5837564334
2754,1.0,0.0,0.0,0.0,1.0,1.0,0.3157793597,0.3227704643,0.481832556,0.6150001068,0.5836064748,0.5888327679
2755,1.0,0.0,0.0,0.0,1.0,1.0,0.3140192545,0.3237393731,0.4752791705,0.6142128007,0.5780730598,0.5846157273
2756,1.0,0.0,0.0,0.0,1.0,1.0,0.314019232,0.3232518895,0.4848484127,0.6091366599,0.5841586528,0.5867352716
2757,1.0,0.0,0.0,0.0,1.0,1.0,0.3139275499,0.3248187806,0.4823716743,0.60714309,0.5833332446,0.5846149982
2758,1.0,0.0,0.0,0.0,1.0,1.0,0.3160351184,0.323739653,0.4767254682,0.6091366792,0.5813951957,0.5846148245
2759,1.0,0.0,0.0,0.0,1.0,1.0,0.3161173971,0.3226674935,0.4840254994,0.6060599185,0.5860927105,0.5846148277
2760,1.0,0.0,0.0,0.0,1.0,1.0,0.3161172268,0.3259771441,0.4824279988,0.6060606722,0.5827815209,0.5888328157
2761,1.0,0.0,0.0,0.0,1.0,1.0,0.3134249975,0.3220790626,0.4832000402,0.6071425826,0.5880398125,0.5927831106
2762,1.0,0.0,0.0,0.0,1.0,1.0,0.3097314445,0.3143937941,0.4776358251,0.6082477698,0.5794704019,0.6052633038
2763,1.0,0.0,0.0,0.0,1.0,1.0,0.3225034515,0.3292864153,0.4760382724,0.613861574,0.5794701018,0.5879394834
2764,1.0,0.0,0.0,0.0,1.0,1.0,0.31619877,0.3253995315,0.4801271013,0.6030152591,0.5813955223,0.5918369574
2765,1.0,0.0,0.0,0.0,1.0,1.0,0.3146096499,0.323739533,0.4801271468,0.6161619371,0.5847175266,0.5948714583
2766,1.0,0.0,0.0,0.0,1.0,1.0,0.3076431292,0.3121179589,0.4752790066,0.616579842,0.578072897,0.6063824905
2767,1.0,0.0,0.0,0.0,1.0,1.0,0.3087447739,0.3170987788,0.4808918283,0.6082479485,0.58471763,0.5968593485
2768,1.0,0.0,0.0,0.0,1.0,1.0,0.3066648332,0.3094299545,0.4848965505,0.606218117,0.5860925513,0.6042782608
2769,1.0,0.0,0.0,0.0,1.0,1.0,0.255632809,0.2260640248,0.4884487451,0.5935480333,0.5748300266,0.6541351702
2770,1.0,0.0,0.0,0.0,1.0,1.0,0.1363691116,0.1272354408,0.5008976919,0.4868424968,0.5166052654,0.4347839043
2771,1.0,0.0,0.0,0.0,1.0,1.0,0.166284963,0.1356385746,0.4662045073,0.5520822382,0.5178572807,0.5657880829
2772,1.0,0.0,0.0,0.0,1.0,1.0,0.2184211058,0.1831167597,0.4784769307,0.5909079412,0.5616440117,0.6355143832
2773,1.0,0.0,0.0,0.0,1.0,1.0,0.256350615,0.2371557435,0.4740259121,0.6012657295,0.5694914659,0.635713508
2774,1.0,0.0,0.0,0.0,1.0,1.0,0.281193291,0.2757656385,0.4758841882,0.6057147477,0.5785954747,0.6060600549
2775,1.0,0.0,0.0,0.0,1.0,1.0,0.3017485321,0.3011564204,0.4840254473,0.6084654161,0.579470101,0.6043962137
2776,1.0,0.0,0.0,0.0,1.0,1.0,0.3056931093,0.3090379324,0.4786054003,0.6062175595,0.5756580924,0.6010638959
2777,1.0,0.0,0.0,0.0,1.0,1.0,0.3071533477,0.3117070033,0.4761146212,0.601036683,0.5742574292,0.5820110911
2778,1.0,0.0,0.0,0.0,1.0,1.0,0.3119276984,0.3133562561,0.4777069682,0.6071426612,0.5775576785,0.5894736127
2779,1.0,0.0,0.0,0.0,1.0,1.0,0.3086275346,0.312325566,0.4768000151,0.6113986668,0.5723682255,0.5894731304
2780,1.0,0.0,0.0,0.0,1.0,1.0,0.3129241553,0.3183041826,0.476038256,0.6173466079,0.5709572387,0.5906736149
2781,1.0,0.0,0.0,0.0,1.0,1.0,0.3168766727,0.3183040588,0.4811849746,0.6060608332,0.577557645,0.5854924158
2782,1.0,0.0,0.0,0.0,1.0,1.0,0.3153616393,0.3183039554,0.4804780394,0.6060609996,0.5808579237,0.5906741906
2783,1.0,0.0,0.0,0.0,1.0,1.0,0.308744656,0.3143939714,0.4792993236,0.6082477163,0.5761590289,0.5947368244
2784,1.0,0.0,0.0,0.0,1.0,1.0,0.3092372317,0.3150054938,0.4784689697,0.6082473302,0.5742575075,0.5916228994
2785,1.0,0.0,0.0,0.0,1.0,1.0,0.3053188737,0.3041068686,0.4781224876,0.6093746328,0.5756578436,0.5999993031
2786,1.0,0.0,0.0,0.0,1.0,1.0,0.3071535923,0.3067595106,0.4808916974,0.6113989868,0.5808579386,0.6021507114
2787,1.0,0.0,0.0,0.0,1.0,1.0,0.3049415655,0.3100581209,0.477635849,0.6178001836,0.5742575132,0.6063825179
2788,1.0,0.0,0.0,0.0,1.0,1.0,0.3098427037,0.3106819594,0.4785373571,0.6051283389,0.5756579119,0.5925920941
2789,1.0,0.0,0.0,0.0,1.0,1.0,0.299673014,0.3011563949,0.4816587094,0.6117018342,0.5761588528,0.5989011707
2790,1.0,0.0,0.0,0.0,1.0,1.0,0.3001519705,0.2995015928,0.4856229039,0.6170217649,0.5794702791,0.6132602941
2791,1.0,0.0,0.0,0.0,1.0,1.0,0.2939535993,0.2928828411,0.4801271462,0.6162156819,0.5794700584,0.6158192571
2792,1.0,0.0,0.0,0.0,1.0,1.0,0.2917028722,0.2888753214,0.483253599,0.6120217507,0.5780729184,0.6149418032
2793,1.0,0.0,0.0,0.0,1.0,1.0,0.2891866063,0.2805743018,0.483306893,0.6153851584,0.5780730177,0.6153852976
2794,1.0,0.0,0.0,0.0,1.0,1.0,0.2837333753,0.277073029,0.4816587306,0.6179775825,0.5775578343,0.6071432691
2795,1.0,0.0,0.0,0.0,1.0,1.0,0.290775588,0.2888753467,0.4833068267,0.6174863705,0.5747509923,0.6149417706
2796,1.0,0.0,0.0,0.0,1.0,1.0,0.2871589869,0.2815093804,0.4831460404,0.6145255606,0.5799999857,0.603549951
2797,1.0,0.0,0.0,0.0,1.0,1.0,0.2860138234,0.2807797787,0.4823151747,0.6123593452,0.5819400212,0.6130952688
2798,1.0,0.0,0.0,0.0,1.0,1.0,0.2880556285,0.2862640372,0.4808916992,0.6243097111,0.5794701111,0.6242773284
2799,1.0,0.0,0.0,0.0,1.0,1.0,0.2864643916,0.2881721718,0.4761146583,0.6166670275,0.5766664046,0.6127173562
2800,1.0,0.0,0.0,0.0,1.0,1.0,0.2850973271,0.2824508721,0.4807692681,0.6292127649,0.5819398453,0.615384999
2801,1.0,0.0,0.0,0.0,1.0,1.0,0.2873792634,0.2824510734,0.4792332298,0.616667136,0.5785951442,0.6153842309
2802,1.0,0.0,0.0,0.0,1.0,1.0,0.2811933602,0.2817218864,0.4823150928,0.6171434521,0.5771812605,0.6190474989
2803,1.0,0.0,0.0,0.0,1.0,1.0,0.2786126033,0.2776224464,0.4813614543,0.6104650441,0.5757574887,0.6121215414
2804,1.0,0.0,0.0,0.0,1.0,1.0,0.2784273649,0.2742576119,0.4734299963,0.6184969963,0.5690235486,0.6196317739
2805,1.0,0.0,0.0,0.0,1.0,1.0,0.281193531,0.2811987693,0.4533761925,0.6285717076,0.5525424195,0.602410755
2806,1.0,0.0,0.0,0.0,1.0,1.0,0.2759294958,0.273495783,0.4365970964,0.6279067778,0.5371619655,0.6172838225
2807,1.0,0.0,0.0,0.0,1.0,1.0,0.2770887431,0.2751840957,0.4342949047,0.6300584486,0.5371620883,0.6196315425
2808,1.0,0.0,0.0,0.0,1.0,1.0,0.2825899826,0.2766912744,0.444089505,0.6271181163,0.5469798849,0.6121206749
2809,1.0,0.0,0.0,0.0,1.0,1.0,0.2750464977,0.2742577015,0.4479999931,0.6279065391,0.5420875164,0.6196321292
2810,1.0,0.0,0.0,0.0,1.0,1.0,0.2786907843,0.2768724157,0.4407051127,0.6321834121,0.5371622515,0.6097564803
2811,1.0,0.0,0.0,0.0,1.0,1.0,0.284170823,0.2793054919,0.473344041,0.619317621,0.5622895744,0.6204820912
2812,1.0,0.0,0.0,0.0,1.0,1.0,0.2839509382,0.2791083587,0.4767255801,0.6158194987,0.5685617666,0.6227536389
2813,1.0,0.0,0.0,0.0,1.0,1.0,0.2793270912,0.26998354,0.4733440302,0.6242775216,0.5637581852,0.6273291509
2814,1.0,0.0,0.0,0.0,1.0,1.0,0.2768180194,0.2708925208,0.4702093246,0.622093368,0.5622894142,0.6211181436
2815,1.0,0.0,0.0,0.0,1.0,1.0,0.2715526195,0.2683064791,0.4726687927,0.6272183842,0.5637582218,0.6249998339
2816,1.0,0.0,0.0,0.0,1.0,1.0,0.2768179935,0.274257648,0.4750402739,0.6279071491,0.572390399,0.6196328056
2817,1.0,0.0,0.0,0.0,1.0,1.0,0.2777126741,0.2716600248,0.4781905702,0.6220924586,0.5671140142,0.6234575475
2818,1.0,0.0,0.0,0.0,1.0,1.0,0.277712669,0.2699831415,0.4798060737,0.6220926923,0.5704697651,0.6211184723
2819,1.0,0.0,0.0,0.0,1.0,1.0,0.2692042407,0.2624795657,0.4741934239,0.6227552143,0.5622895839,0.6282057389
2820,1.0,0.0,0.0,0.0,1.0,1.0,0.2703803054,0.263275544,0.4734299113,0.6309526693,0.5637584543,0.636943153
2821,1.0,0.0,0.0,0.0,1.0,1.0,0.2802324245,0.2725749249,0.4732576446,0.6184973101,0.558922457,0.6234575162
2822,1.0,0.0,0.0,0.0,1.0,1.0,0.2800368781,0.2707519059,0.4766505213,0.6264372099,0.565217484,0.6234568225
2823,1.0,0.0,0.0,0.0,1.0,1.0,0.2733103409,0.26495271,0.4757280645,0.6331355619,0.5637582325,0.6265824845
2824,1.0,0.0,0.0,0.0,1.0,1.0,0.2716927927,0.2667429634,0.4741099554,0.6369041969,0.5641893023,0.6202530092
2825,1.0,0.0,0.0,0.0,1.0,1.0,0.2784272818,0.2716602413,0.475040304,0.6358385537,0.5604028447,0.6234571434
2826,1.0,0.0,0.0,0.0,1.0,1.0,0.280036903,0.2742576421,0.4718196518,0.6321842762,0.5656566349,0.6196317566
2827,1.0,0.0,0.0,0.0,1.0,1.0,0.2760977228,0.2733372544,0.4668819697,0.6374267236,0.560402465,0.6196318045
2828,1.0,0.0,0.0,0.0,1.0,1.0,0.2797792112,0.2751841212,0.4838188375,0.6242768292,0.5743243487,0.6257675378
2829,1.0,0.0,0.0,0.0,1.0,1.0,0.2775337348,0.2724231877,0.4767255613,0.6300577315,0.5652174226,0.6257675686
2830,1.0,0.0,0.0,0.0,1.0,1.0,0.2777123961,0.2725749326,0.4830370533,0.6395352861,0.5723905832,0.617284226
2831,1.0,0.0,0.0,0.0,1.0,1.0,0.2756525391,0.2725749323,0.4725806365,0.6315793448,0.5622893099,0.6172843278
2832,1.0,0.0,0.0,0.0,1.0,1.0,0.2823463926,0.2841221767,0.4751202831,0.6306820628,0.5685619794,0.6176470963
2833,1.0,0.0,0.0,0.0,1.0,1.0,0.2883006525,0.2874647545,0.4743589788,0.6277781891,0.5685619702,0.6104652979
2834,1.0,0.0,0.0,0.0,1.0,1.0,0.2823461436,0.281721908,0.4783306217,0.6306824883,0.5704696831,0.6190475584
2835,1.0,0.0,0.0,0.0,1.0,1.0,0.2781618139,0.2742577156,0.4741100562,0.6279069767,0.5656564704,0.6257673256
2836,1.0,0.0,0.0,0.0,1.0,1.0,0.2769927847,0.2744228678,0.4732577607,0.6315786818,0.5661015946,0.623455853
2837,1.0,0.0,0.0,0.0,1.0,1.0,0.2777125304,0.2751845044,0.4781907162,0.6337208365,0.5709457659,0.6196313237
2838,1.0,0.0,0.0,0.0,1.0,1.0,0.2788763646,0.2785608112,0.4709677797,0.6300575535,0.560810823,0.6242432722
2839,1.0,0.0,0.0,0.0,1.0,1.0,0.2804886266,0.2793052946,0.4774194445,0.6321843323,0.5656567694,0.6204819821
2840,1.0,0.0,0.0,0.0,1.0,1.0,0.2768181035,0.2733373368,0.4718196231,0.6453480443,0.5637583699,0.6196318208
2841,1.0,0.0,0.0,0.0,1.0,1.0,0.2804885009,0.2793052994,0.4709677072,0.6379303937,0.5622895391,0.6144584102
2842,1.0,0.0,0.0,0.0,1.0,1.0,0.278427493,0.273337208,0.4798712301,0.6300576313,0.5671141205,0.619631918
2843,1.0,0.0,0.0,0.0,1.0,1.0,0.2816462112,0.2807796098,0.4702093782,0.6342854952,0.5585286096,0.6071432252
2844,1.0,0.0,0.0,0.0,1.0,1.0,0.2813963282,0.2776228816,0.4822007037,0.6321833519,0.5757575648,0.618181057
2845,1.0,0.0,0.0,0.0,1.0,1.0,0.2756526005,0.2785604538,0.4725806073,0.6432751186,0.5675675872,0.6181818893
2846,1.0,0.0,0.0,0.0,1.0,1.0,0.2784274946,0.2776229173,0.4814814751,0.6358371025,0.5757575323,0.6181821238
2847,1.0,0.0,0.0,0.0,1.0,1.0,0.2760979027,0.2759401832,0.4781905746,0.6374265219,0.5690235654,0.6219519796
2848,1.0,0.0,0.0,0.0,1.0,1.0,0.278427453,0.2826706287,0.4734300063,0.6416191773,0.5622897201,0.6190470117
2849,1.0,0.0,0.0,0.0,1.0,1.0,0.2747663458,0.2800450639,0.4694534275,0.6315789474,0.5637582764,0.6167666966
2850,1.0,0.0,0.0,0.0,1.0,1.0,0.2754871229,0.2774371552,0.4679486865,0.6337216058,0.5652173757,0.6144579093
2851,1.0,0.0,0.0,0.0,1.0,1.0,0.2791379281,0.2783678008,0.4735153216,0.6379301436,0.5637585651,0.6144573652
2852,1.0,0.0,0.0,0.0,1.0,1.0,0.2807421834,0.2783681364,0.4686997798,0.6457143424,0.5503355876,0.6265059611
2853,1.0,0.0,0.0,0.0,1.0,1.0,0.28119338,0.2783680328,0.4694533583,0.628571676,0.5637582504,0.6144572656
2854,1.0,0.0,0.0,0.0,1.0,1.0,0.2795865754,0.2809881008,0.475884316,0.6321843482,0.5690234728,0.6107781656
2855,1.0,0.0,0.0,0.0,1.0,1.0,0.277088907,0.2766908471,0.4711538544,0.6416189854,0.5671140323,0.6121218278
2856,1.0,0.0,0.0,0.0,1.0,1.0,0.286013854,0.2848409495,0.467845563,0.6404495737,0.5600001287,0.6140355501
2857,1.0,0.0,0.0,0.0,1.0,1.0,0.2809933541,0.2815093111,0.4680510817,0.6363636364,0.5566667924,0.6213014093
2858,1.0,0.0,0.0,0.0,1.0,1.0,0.2821003339,0.2809880134,0.4725806174,0.6399999512,0.5690235243,0.6227548887
2859,1.0,0.0,0.0,0.0,1.0,1.0,0.2795867484,0.2826705461,0.472668823,0.6321841625,0.5656565366,0.6249996815
2860,1.0,0.0,0.0,0.0,1.0,1.0,0.277264429,0.2734960337,0.4725806904,0.6337209008,0.5641892189,0.6296297787
2861,1.0,0.0,0.0,0.0,1.0,1.0,0.2765443862,0.2768727718,0.4757280649,0.631578613,0.5641891991,0.6280493378
2862,1.0,0.0,0.0,0.0,1.0,1.0,0.277442333,0.2768724088,0.4691558,0.6315788159,0.5608111299,0.6158537379
2863,1.0,0.0,0.0,0.0,1.0,1.0,0.2724284358,0.270119477,0.4774193577,0.6331366948,0.5675675973,0.6187507119
2864,1.0,0.0,0.0,0.0,1.0,1.0,0.2680248946,0.271034851,0.4701129636,0.6385536111,0.5627118349,0.631250953
2865,1.0,0.0,0.0,0.0,1.0,1.0,0.2696395936,0.2708926253,0.4749595336,0.6347310528,0.558922709,0.6086958867
2866,1.0,0.0,0.0,0.0,1.0,1.0,0.2724288071,0.2744228642,0.4741935885,0.6331358983,0.5593218976,0.617284411
2867,1.0,0.0,0.0,0.0,1.0,1.0,0.2667321197,0.2692098134,0.4790997041,0.6325307147,0.569023375,0.6437494361
2868,1.0,0.0,0.0,0.0,1.0,1.0,0.2603722053,0.2608712367,0.4854368367,0.6397517969,0.5728812294,0.6428569404
2869,1.0,0.0,0.0,0.0,1.0,1.0,0.2643683565,0.2625652568,0.4838710127,0.634145731,0.5762709631,0.6387094346
2870,1.0,0.0,0.0,0.0,1.0,1.0,0.267161822,0.2641624706,0.4814815527,0.638553381,0.5723903483,0.6305723757
2871,1.0,0.0,0.0,0.0,1.0,1.0,0.2587552256,0.2566135049,0.4822006825,0.6374996601,0.5709459397,0.6447371999
2872,1.0,0.0,0.0,0.0,1.0,1.0,0.2639428107,0.2624797642,0.479871087,0.6463419312,0.572390608,0.6410247496
2873,1.0,0.0,0.0,0.0,1.0,1.0,0.2551081828,0.2456538093,0.4717286312,0.6329110614,0.5690234939,0.6369867911
2874,1.0,0.0,0.0,0.0,1.0,1.0,0.2322760326,0.2166027303,0.4713585316,0.6338020851,0.5631397107,0.6456684437
2875,1.0,0.0,0.0,0.0,1.0,1.0,0.2136963307,0.1865396932,0.4868420225,0.6307690267,0.5616437295,0.6697248795
2876,1.0,0.0,0.0,0.0,1.0,1.0,0.1913123439,0.1619783904,0.4702971603,0.6206904286,0.5448277769,0.6808516037
2877,1.0,0.0,0.0,0.0,1.0,1.0,0.1800645476,0.1476839824,0.4826445387,0.6146797115,0.5532647123,0.6860462743
2878,1.0,0.0,0.0,0.0,1.0,1.0,0.1778249497,0.1471780934,0.4827018489,0.6111113359,0.5582192831,0.6744170683
2879,1.0,0.0,0.0,0.0,1.0,1.0,0.1758887668,0.1464698752,0.4588815381,0.6168234175,0.5379308794,0.6941169247
2880,1.0,0.0,0.0,0.0,1.0,1.0,0.1755995963,0.1476841786,0.4630542237,0.6448594369,0.5360825162,0.6976737781
2881,1.0,0.0,0.0,0.0,1.0,1.0,0.1705362665,0.1442493413,0.4569319061,0.6250007855,0.5292094189,0.6666666667
2882,1.0,0.0,0.0,0.0,1.0,1.0,0.1723748655,0.1457519685,0.456053085,0.625,0.5312500231,0.6666683606
2883,1.0,0.0,0.0,0.0,1.0,1.0,0.167680415,0.1336057502,0.4617941045,0.6138599474,0.5277776616,0.7012992185
2884,1.0,0.0,0.0,0.0,1.0,1.0,0.163275205,0.1326846922,0.4603960968,0.6363630384,0.5310346143,0.7142869224
2885,1.0,0.0,0.0,0.0,1.0,1.0,0.1651971599,0.1279561696,0.4628099293,0.6199999562,0.5328720234,0.7027040617
2886,1.0,0.0,0.0,0.0,1.0,1.0,0.1665734629,0.132228773,0.4587459797,0.6237621849,0.5360824051,0.7012983355
2887,1.0,0.0,0.0,0.0,1.0,1.0,0.1710454199,0.1323300062,0.4714764824,0.5980383962,0.5365853659,0.6842102235
2888,1.0,0.0,0.0,0.0,1.0,1.0,0.1621166949,0.1284004896,0.4682273672,0.6082475838,0.5416669329,0.6891898616
2889,1.0,0.0,0.0,0.0,1.0,1.0,0.1660202703,0.1375537038,0.4634551903,0.6199990658,0.536585465,0.6835438956
2890,1.0,0.0,0.0,0.0,1.0,1.0,0.161254542,0.125803833,0.4689074769,0.604165598,0.5384616536,0.7083320943
2891,1.0,0.0,0.0,0.0,1.0,1.0,0.1528557293,0.1209851604,0.4571428337,0.5934055728,0.5228069335,0.6666656197
2892,1.0,0.0,0.0,0.0,1.0,1.0,0.1502541368,0.1147769153,0.4712838195,0.5617978892,0.5265019084,0.6615372338
2893,1.0,0.0,0.0,0.0,1.0,1.0,0.1520518908,0.1102590191,0.478632555,0.5617978073,0.5231319388,0.6451618515
2894,1.0,0.0,0.0,0.0,1.0,1.0,0.1580750792,0.1174784949,0.4778911432,0.5483879946,0.5298243093,0.6268667768
2895,1.0,0.0,0.0,0.0,1.0,1.0,0.1474304541,0.119576204,0.464837038,0.52325432,0.5107143824,0.5970146358
2896,1.0,0.0,0.0,0.0,1.0,1.0,0.1348729255,0.1082430092,0.456747447,0.5256395875,0.4981948013,0.5000017783
2897,1.0,0.0,0.0,0.0,1.0,1.0,0.141014819,0.125391171,0.4673721418,0.2624991848,0.4944649831,0.2352950579
2898,1.0,0.0,0.0,0.0,1.0,1.0,0.1503582936,0.1304420835,0.4831858205,0.2352938248,0.4963234537,0.1971822172
2899,1.0,0.0,0.0,0.0,1.0,1.0,0.1514308822,0.1406624048,0.4901960114,0.1882361504,0.5074073679,0.1578962142
2900,1.0,0.0,0.0,0.0,1.0,1.0,0.158840018,0.1493632241,0.4910714448,0.1235964811,0.501844887,0.1234558742
2901,1.0,0.0,0.0,0.0,1.0,1.0,0.1594853219,0.1337543286,0.4893616509,0.1333330237,0.4981412062,0.09722145613
2902,1.0,0.0,0.0,0.0,1.0,1.0,0.1568787394,0.140947104,0.4832450403,0.1573036945,0.505494686,0.103897293
2903,1.0,0.0,0.0,0.0,1.0,1.0,0.157156189,0.1382991779,0.4858658033,0.168539677,0.5018449282,0.1333327627
2904,1.0,0.0,0.0,0.0,1.0,1.0,0.1580937146,0.1584021845,0.4963636006,0.1149431199,0.5132076488,0.1666670894
2905,1.0,0.0,0.0,0.0,1.0,1.0,0.1569522783,0.150292144,0.4855595561,0.1149421888,0.4962408135,0.124999665
2906,1.0,0.0,0.0,0.0,1.0,1.0,0.1519295208,0.1463061321,0.4945056152,0.1084324815,0.509506029,0.1298705206
2907,1.0,0.0,0.0,0.0,1.0,1.0,0.1702345349,0.1665737681,0.5054945139,0.1612894558,0.5151516704,0.1704558094
2908,1.0,0.0,0.0,0.0,1.0,1.0,0.1597623054,0.1543539578,0.4869888772,0.1395349403,0.4942083851,0.1625000654
2909,1.0,0.0,0.0,0.0,1.0,1.0,0.1574211794,0.1615068317,0.4926740522,0.1395351091,0.4980988623,0.1882346308
2910,1.0,0.0,0.0,0.0,1.0,1.0,0.1599108027,0.1602881402,0.4927273111,0.1477263837,0.4943395522,0.1764710349
2911,1.0,0.0,0.0,0.0,1.0,1.0,0.1604943935,0.1622225157,0.4908758467,0.159091019,0.49253742,0.1839082427
2912,1.0,0.0,0.0,0.0,1.0,1.0,0.1590432446,0.1628301336,0.4972875426,0.1363631933,0.5018725449,0.1494246924
2913,1.0,0.0,0.0,0.0,1.0,1.0,0.1650785486,0.1678305852,0.4883303116,0.1413056756,0.4867925072,0.1685385228
2914,1.0,0.0,0.0,0.0,1.0,1.0,0.1716393354,0.1752754311,0.5008945257,0.177083427,0.5,0.1808509173
2915,1.0,0.0,0.0,0.0,1.0,1.0,0.1665734932,0.1653349012,0.5000000474,0.1276590413,0.4981412832,0.1573032356
2916,1.0,0.0,0.0,0.0,1.0,1.0,0.1618312029,0.1690503951,0.4999998554,0.1098901099,0.4981410947,0.1538461538
2917,1.0,0.0,0.0,0.0,1.0,1.0,0.1733545029,0.1801965618,0.4938053225,0.1734703043,0.4907061699,0.2061847455
2918,1.0,0.0,0.0,0.0,1.0,1.0,0.1778364628,0.1813802973,0.4964413218,0.1299990922,0.492592677,0.1734696128
2919,1.0,0.0,0.0,0.0,1.0,1.0,0.160270792,0.1609587751,0.5009008731,0.1011228658,0.4906367927,0.1279085109
2920,1.0,0.0,0.0,0.0,1.0,1.0,0.1745905023,0.1739772077,0.488413484,0.1224475827,0.4851849508,0.1595740518
2921,1.0,0.0,0.0,0.0,1.0,1.0,0.155148303,0.1578065915,0.4963898326,0.1046523708,0.4812032568,0.1428582546
2922,1.0,0.0,0.0,0.0,1.0,1.0,0.1500065346,0.1390199479,0.5027125496,0.07228856084,0.4887221127,0.08108044991
2923,1.0,0.0,0.0,0.0,1.0,1.0,0.1453406801,0.1454412597,0.4901255692,0.08642055763,0.4776121107,0.06410117591
2924,1.0,0.0,0.0,0.0,1.0,1.0,0.1564960611,0.1517672024,0.4911031652,0.090910187,0.4740739228,0.08536544339
2925,1.0,0.0,0.0,0.0,1.0,1.0,0.1558270634,0.1388114788,0.4910393562,0.1264359587,0.4703704528,0.06666857593
2926,1.0,0.0,0.0,0.0,1.0,1.0,0.1583623339,0.1440802066,0.4894365241,0.1666654797,0.474452825,0.1265831686
2927,1.0,0.0,0.0,0.0,1.0,1.0,0.1568785605,0.1399218479,0.4867724873,0.1460676093,0.472727374,0.06493458465
2928,1.0,0.0,0.0,0.0,1.0,1.0,0.1614895969,0.1369608983,0.4991023254,0.1444428189,0.4851850454,0.06756989445
2929,1.0,0.0,0.0,0.0,1.0,1.0,0.1612003707,0.1419871919,0.5017922014,0.1888896567,0.487085135,0.116882285
2930,1.0,0.0,0.0,0.0,1.0,1.0,0.1644879235,0.1443637365,0.4776386724,0.1521728852,0.4703702869,0.1025631731
2931,1.0,0.0,0.0,0.0,1.0,1.0,0.1593314949,0.1328847254,0.4891305498,0.1704545726,0.4868913016,0.08450766877
2932,1.0,0.0,0.0,0.0,1.0,1.0,0.1580937348,0.1221125068,0.4709089898,0.3103433807,0.4849621012,0.2000019822
2933,1.0,0.0,0.0,0.0,1.0,1.0,0.1512666873,0.1044193132,0.4666665653,0.5833337522,0.5,0.589284166
2934,1.0,0.0,0.0,0.0,1.0,1.0,0.244191712,0.2263229301,0.457242621,0.571428142,0.5108695279,0.568000202
2935,1.0,0.0,0.0,0.0,1.0,1.0,0.298801919,0.2895909595,0.4707903966,0.5804593327,0.5371025981,0.5548780175
2936,1.0,0.0,0.0,0.0,1.0,1.0,0.2972698913,0.2815329914,0.4683761279,0.574712449,0.5352113928,0.5562493011
2937,1.0,0.0,0.0,0.0,1.0,1.0,0.1735017583,0.1110493874,0.4773960359,0.5104180331,0.4925924473,0.4999982509
2938,1.0,0.0,0.0,0.0,1.0,1.0,0.1791113352,0.1112515472,0.4874550776,0.4399996717,0.4999998129,0.4098356244
2939,1.0,0.0,0.0,0.0,1.0,1.0,0.2078406482,0.139627939,0.4918626288,0.556520885,0.5330881685,0.5789479272
2940,1.0,0.0,0.0,0.0,1.0,1.0,0.2850579643,0.2436801668,0.4939129923,0.5670730579,0.5618375189,0.5507251687
2941,1.0,0.0,0.0,0.0,1.0,1.0,0.3365641806,0.3112449517,0.4974359402,0.5736040609,0.5709343813,0.5388888889
2942,1.0,0.0,0.0,0.0,1.0,1.0,0.3443455484,0.3251606787,0.48067219,0.5756103454,0.571918079,0.5421055687
2943,1.0,0.0,0.0,0.0,1.0,1.0,0.357764002,0.3386812401,0.4876847307,0.5688071233,0.5847174754,0.5392153999
2944,1.0,0.0,0.0,0.0,1.0,1.0,0.3505381493,0.3276315672,0.4926591443,0.5767436556,0.5894040737,0.5404036641
2945,1.0,0.0,0.0,0.0,1.0,1.0,0.3369456869,0.3090380031,0.4885994198,0.5700479968,0.5822369473,0.542553949
2946,1.0,0.0,0.0,0.0,1.0,1.0,0.1981350173,0.1345402518,0.512280656,0.5575218685,0.5524476322,0.5844138997
2947,1.0,0.0,0.0,0.0,1.0,1.0,0.2053397105,0.1090300848,0.5109090884,0.4778751071,0.5345455188,0.5000016875
2948,1.0,0.0,0.0,0.0,1.0,1.0,0.1991772945,0.1112456073,0.4804271513,0.5535711985,0.5265019147,0.5873001329
2949,1.0,0.0,0.0,0.0,1.0,1.0,0.2571966381,0.2054602525,0.4525043239,0.5771811618,0.533101145,0.5593209721
2950,1.0,0.0,0.0,0.0,1.0,1.0,0.3071290498,0.2667429656,0.4516128859,0.591160915,0.5405405021,0.563290161
2951,1.0,0.0,0.0,0.0,1.0,1.0,0.3421363116,0.3125344865,0.4772343059,0.5812812899,0.5752507952,0.5347591797
2952,1.0,0.0,0.0,0.0,1.0,1.0,0.3464732362,0.320544739,0.4700000268,0.5913457375,0.5723686135,0.5384622998
2953,1.0,0.0,0.0,0.0,1.0,1.0,0.3487202385,0.321012817,0.472454114,0.588516526,0.5695361285,0.5412368065
2954,1.0,0.0,0.0,0.0,1.0,1.0,0.3555062878,0.329848713,0.4765101165,0.5990563227,0.5709570165,0.5450000589
2955,1.0,0.0,0.0,0.0,1.0,1.0,0.3530366516,0.3315143707,0.4693199817,0.5962438041,0.5686274648,0.5467979773
2956,1.0,0.0,0.0,0.0,1.0,1.0,0.348138824,0.3304077341,0.5,0.5980856013,0.5921051292,0.5522389645
2957,1.0,0.0,0.0,0.0,1.0,1.0,0.3510642349,0.3314815413,0.492437011,0.5933010606,0.5833331539,0.5527634927
2958,1.0,0.0,0.0,0.0,1.0,1.0,0.3381949892,0.3225623145,0.494949435,0.6019898911,0.5953176409,0.5544042369
2959,1.0,0.0,0.0,0.0,1.0,1.0,0.3297651824,0.3146391898,0.497462013,0.6051280938,0.5925925398,0.5561502228
2960,1.0,0.0,0.0,0.0,1.0,1.0,0.3342612424,0.3231527443,0.4882942925,0.6100001668,0.5833334781,0.5618560358
2961,1.0,0.0,0.0,0.0,1.0,1.0,0.3359329997,0.3231526932,0.4849499157,0.6069647809,0.5833331302,0.5515457753
2962,1.0,0.0,0.0,0.0,1.0,1.0,0.3246919489,0.3051988612,0.4923857659,0.5989581782,0.5872483496,0.5604392536
2963,1.0,0.0,0.0,0.0,1.0,1.0,0.2820724614,0.2429678503,0.5156793769,0.5864202546,0.5965515044,0.5744686841
2964,1.0,0.0,0.0,0.0,1.0,1.0,0.1908843111,0.1147770641,0.4900900341,0.5849050949,0.5477033256,0.661537058
2965,1.0,0.0,0.0,0.0,1.0,1.0,0.1684043332,0.09052897709,0.4945054798,0.4347834957,0.5253621971,0.4400016683
2966,1.0,0.0,0.0,0.0,1.0,1.0,0.1748565947,0.09085850839,0.4898712006,0.3894741221,0.5200000605,0.4400008321
2967,1.0,0.0,0.0,0.0,1.0,1.0,0.1738955714,0.08904126165,0.4908424943,0.4105259469,0.5236362646,0.4489814119
2968,1.0,0.0,0.0,0.0,1.0,1.0,0.1714373045,0.0887185469,0.4890510865,0.3829783448,0.5253621913,0.4081643104
2969,1.0,0.0,0.0,0.0,1.0,1.0,0.1763722718,0.09002327102,0.4889706588,0.3749997278,0.5183821072,0.3673448488
2970,1.0,0.0,0.0,0.0,1.0,1.0,0.1729452339,0.09449284505,0.4918033343,0.3789472766,0.5236362911,0.365384692
2971,1.0,0.0,0.0,0.0,1.0,1.0,0.1705036872,0.09052899301,0.5009073798,0.4255320094,0.5362317142,0.4599990811
2972,1.0,0.0,0.0,0.0,1.0,1.0,0.1684245586,0.0881859411,0.496296342,0.3956053777,0.5294117872,0.4375008146
2973,1.0,0.0,0.0,0.0,1.0,1.0,0.1699607478,0.09002324507,0.493530587,0.3804346848,0.5183822341,0.4693882722
2974,1.0,0.0,0.0,0.0,1.0,1.0,0.1680959201,0.09483745685,0.4844607294,0.3913039465,0.514598584,0.403846939
2975,1.0,0.0,0.0,0.0,1.0,1.0,0.1714371236,0.09631004283,0.489051102,0.3723403775,0.5127273429,0.3773565254
2976,1.0,0.0,0.0,0.0,1.0,1.0,0.1763721569,0.09701562975,0.4908088998,0.3645831741,0.5091573841,0.3396242085
2977,1.0,0.0,0.0,0.0,1.0,1.0,0.1777590394,0.09812687398,0.4863884475,0.3469376794,0.512727455,0.3148159701
2978,1.0,0.0,0.0,0.0,1.0,1.0,0.1790590013,0.09267563698,0.4881169508,0.3265299584,0.5090908883,0.2745110915
2979,1.0,0.0,0.0,0.0,1.0,1.0,0.1705470365,0.09002313569,0.4825688598,0.3655917411,0.5073530529,0.4081621173
2980,1.0,0.0,0.0,0.0,1.0,1.0,0.1738158639,0.09200656869,0.4764493071,0.3541661272,0.5054149871,0.3333319793
2981,1.0,0.0,0.0,0.0,1.0,1.0,0.1792479178,0.09347318511,0.4800724428,0.343434922,0.4964029755,0.3269213683
2982,1.0,0.0,0.0,0.0,1.0,1.0,0.1808863847,0.09301380369,0.4771481313,0.3030310738,0.5,0.2549025255
2983,1.0,0.0,0.0,0.0,1.0,1.0,0.1805561311,0.09449271485,0.4817518933,0.3232321747,0.498181924,0.2692293849
2984,1.0,0.0,0.0,0.0,1.0,1.0,0.1759454538,0.09561447366,0.4918331577,0.3092791274,0.5090250354,0.2641504973
2985,1.0,0.0,0.0,0.0,1.0,1.0,0.1800796896,0.09886540855,0.4882883857,0.339999914,0.5143885963,0.3454531232
2986,1.0,0.0,0.0,0.0,1.0,1.0,0.1807307447,0.103202985,0.4918625243,0.3500002079,0.5036233535,0.3333321174
2987,1.0,0.0,0.0,0.0,1.0,1.0,0.1901110084,0.1020934218,0.5054347671,0.314284798,0.5125449245,0.2456135169
2988,1.0,0.0,0.0,0.0,1.0,1.0,0.1901109634,0.1114484224,0.5090580647,0.2761904955,0.5215826456,0.1612894358
2989,1.0,0.0,0.0,0.0,1.0,1.0,0.1966116047,0.1154590475,0.5081967462,0.2870365551,0.5198556987,0.2031258133
2990,1.0,0.0,0.0,0.0,1.0,1.0,0.1746770852,0.09233975458,0.479279322,0.3195874249,0.5072462929,0.2549022887
2991,1.0,0.0,0.0,0.0,1.0,1.0,0.2273865655,0.1624965327,0.4656084745,0.5891475933,0.5384613956,0.6236543168
2992,1.0,0.0,0.0,0.0,1.0,1.0,0.2991527927,0.2668576718,0.4897958059,0.602271876,0.5680272318,0.5668783598
2993,1.0,0.0,0.0,0.0,1.0,1.0,0.3303523934,0.3152603286,0.4899328823,0.5939083031,0.5838925353,0.5638297629
2994,1.0,0.0,0.0,0.0,1.0,1.0,0.3337008321,0.3253215223,0.4900332143,0.5970148444,0.5872483369,0.5515463222
2995,1.0,0.0,0.0,0.0,1.0,1.0,0.3425706752,0.3342614271,0.4858569286,0.5922327368,0.5752510387,0.5549999357
2996,1.0,0.0,0.0,0.0,1.0,1.0,0.3241885391,0.303884526,0.4974789195,0.5958546144,0.5878377773,0.561111452
2997,1.0,0.0,0.0,0.0,1.0,1.0,0.2303679801,0.1648201437,0.4964538208,0.5615377899,0.5508769848,0.5957457275
2998,1.0,0.0,0.0,0.0,1.0,1.0,0.1808859869,0.09449255325,0.4862887363,0.3434344527,0.5054546672,0.3461535293
2999,1.0,0.0,0.0,0.0,1.0,1.0,0.2118957838,0.1478049004,0.4964664418,0.5583325091,0.5528170603,0.6309529216
3000,1.0,0.0,0.0,0.0,1.0,1.0,0.2843386998,0.2558296332,0.494037552,0.6047902502,0.5767919148,0.5933337045
3001,1.0,0.0,0.0,0.0,1.0,1.0,0.3170181091,0.300835062,0.4858096331,0.6105268306,0.578595482,0.5722228959
3002,1.0,0.0,0.0,0.0,1.0,1.0,0.3209523637,0.308552378,0.4808653143,0.6113993001,0.57382562,0.5760878752
3003,1.0,0.0,0.0,0.0,1.0,1.0,0.3243221384,0.3219681164,0.4801325384,0.6173472858,0.5771812843,0.5781244145
3004,1.0,0.0,0.0,0.0,1.0,1.0,0.318230222,0.3169369334,0.475953564,0.6249997187,0.580537027,0.5767197219
3005,1.0,0.0,0.0,0.0,1.0,1.0,0.3214870711,0.3236446599,0.4766667593,0.6217616933,0.5704694636,0.5751291694
3006,1.0,0.0,0.0,0.0,1.0,1.0,0.3153496935,0.3152599565,0.4791319369,0.6243391435,0.5771809727,0.5851061389
3007,1.0,0.0,0.0,0.0,1.0,1.0,0.3166548362,0.3164900551,0.4785479317,0.625,0.5766667361,0.5789467712
3008,1.0,0.0,0.0,0.0,1.0,1.0,0.3193578789,0.3154386435,0.4685429907,0.6321237921,0.5714285714,0.578947726
3009,1.0,0.0,0.0,0.0,1.0,1.0,0.3156131957,0.3121182572,0.442434178,0.6145832635,0.5415282747,0.5797873069
3010,1.0,0.0,0.0,0.0,1.0,1.0,0.3171782287,0.309827173,0.4429751572,0.625,0.5433333596,0.5752687736
3011,1.0,0.0,0.0,0.0,1.0,1.0,0.322615228,0.317548414,0.4425956825,0.613402862,0.5418059311,0.5684217796
3012,1.0,0.0,0.0,0.0,1.0,1.0,0.3143940309,0.3125345815,0.4403973011,0.626316595,0.5384614554,0.572192076
3013,1.0,0.0,0.0,0.0,1.0,1.0,0.3171783232,0.3142057632,0.4429752316,0.6093755965,0.5418058694,0.5638296653
3014,1.0,0.0,0.0,0.0,1.0,1.0,0.3177032023,0.3131587474,0.4552979579,0.630207727,0.5500000895,0.5797875563
3015,1.0,0.0,0.0,0.0,1.0,1.0,0.3041779806,0.2934603913,0.4715719432,0.6208780242,0.5637582481,0.5885720993
3016,1.0,0.0,0.0,0.0,1.0,1.0,0.3001681695,0.2910833642,0.4731542783,0.6256981361,0.5690235398,0.5838161426
3017,1.0,0.0,0.0,0.0,1.0,1.0,0.3063615104,0.3011786758,0.4790619828,0.6229507226,0.5757577084,0.581005343
3018,1.0,0.0,0.0,0.0,1.0,1.0,0.3041777303,0.2941501852,0.4749163099,0.6318680608,0.5752509295,0.5852275146
3019,1.0,0.0,0.0,0.0,1.0,1.0,0.3018448486,0.2944481959,0.4765100014,0.6277786101,0.5757577057,0.588570548
3020,1.0,0.0,0.0,0.0,1.0,1.0,0.3070069941,0.3018447705,0.4824708142,0.6304348077,0.5771812774,0.5833335301
3021,1.0,0.0,0.0,0.0,1.0,1.0,0.3020013582,0.2951371233,0.4741235502,0.6243088996,0.5738255118,0.585227502
3022,1.0,0.0,0.0,0.0,1.0,1.0,0.3058492373,0.300167897,0.4765886308,0.6284146764,0.5738253113,0.5754184352
3023,1.0,0.0,0.0,0.0,1.0,1.0,0.3064955974,0.2974927598,0.4899999848,0.6304350356,0.5819397957,0.5842694061
3024,1.0,0.0,0.0,0.0,1.0,1.0,0.2979910609,0.2903783612,0.4740367372,0.6348315749,0.5675676841,0.5930235292
3025,1.0,0.0,0.0,0.0,1.0,1.0,0.3030132823,0.2927659259,0.4807370721,0.6353598538,0.5757577394,0.5862074476
3026,1.0,0.0,0.0,0.0,1.0,1.0,0.3011786098,0.2903786565,0.4797978692,0.6256979854,0.5777026507,0.587209207
3027,1.0,0.0,0.0,0.0,1.0,1.0,0.2966304631,0.2828929163,0.4806071137,0.630681832,0.5762711926,0.5808390373
3028,1.0,0.0,0.0,0.0,1.0,1.0,0.2884637143,0.2727292692,0.4855688355,0.6294124266,0.5796608961,0.5900616855
3029,1.0,0.0,0.0,0.0,1.0,1.0,0.2956332081,0.2850753045,0.4806722788,0.6306812501,0.5771809766,0.58235322
3030,1.0,0.0,0.0,0.0,1.0,1.0,0.2905942269,0.2793054374,0.4823530135,0.6416188497,0.5791244998,0.5963857922
3031,1.0,0.0,0.0,0.0,1.0,1.0,0.2836251676,0.2708923443,0.479729834,0.6309529382,0.5723907121,0.5962734395
3032,1.0,0.0,0.0,0.0,1.0,1.0,0.2841054141,0.2684311233,0.4805414983,0.6309521263,0.5709460701,0.5974840509
3033,1.0,0.0,0.0,0.0,1.0,1.0,0.2872345771,0.2759401661,0.4773108589,0.6198833603,0.57239049,0.6036588757
3034,1.0,0.0,0.0,0.0,1.0,1.0,0.2886903489,0.2701197195,0.4831081307,0.6198826827,0.5709458204,0.6000002672
3035,1.0,0.0,0.0,0.0,1.0,1.0,0.2860353838,0.2725751592,0.4814814341,0.6294122607,0.5757573654,0.5925928409
3036,1.0,0.0,0.0,0.0,1.0,1.0,0.2882036058,0.2725752015,0.4822934034,0.6315793425,0.5757577394,0.5925920544
3037,1.0,0.0,0.0,0.0,1.0,1.0,0.2841053237,0.2718077817,0.4822334859,0.6309522133,0.5777027971,0.596273632
3038,1.0,0.0,0.0,0.0,1.0,1.0,0.2853138336,0.2684310405,0.4780405835,0.6272191012,0.5743242283,0.5849053274
3039,1.0,0.0,0.0,0.0,1.0,1.0,0.2874874696,0.2718076119,0.4771572844,0.6352950534,0.5743242141,0.5900620042
3040,1.0,0.0,0.0,0.0,1.0,1.0,0.2843530022,0.2744230356,0.4814813802,0.6331352524,0.5762712673,0.592591998
3041,1.0,0.0,0.0,0.0,1.0,1.0,0.2903783553,0.2778107028,0.4831081226,0.6220929795,0.5728810893,0.5853658858
3042,1.0,0.0,0.0,0.0,1.0,1.0,0.2915741962,0.2776230019,0.4806071444,0.6300572265,0.5757574779,0.5878788505
3043,1.0,0.0,0.0,0.0,1.0,1.0,0.2877178936,0.2742574751,0.4781145225,0.6315796641,0.5723907895,0.5828219823
3044,1.0,0.0,0.0,0.0,1.0,1.0,0.2898885708,0.2776226517,0.4839797893,0.6395342156,0.5791245633,0.5939395439
3045,1.0,0.0,0.0,0.0,1.0,1.0,0.2932594697,0.2809879117,0.4856661825,0.6264368101,0.5791246366,0.5868260919
3046,1.0,0.0,0.0,0.0,1.0,1.0,0.2944481839,0.2833985991,0.4882153824,0.6342856156,0.5805368629,0.5917162183
3047,1.0,0.0,0.0,0.0,1.0,1.0,0.2894006932,0.2793053329,0.4865320697,0.6337214356,0.5791244809,0.5963846144
3048,1.0,0.0,0.0,0.0,1.0,1.0,0.292765752,0.2819371818,0.4831650304,0.6321847096,0.5743241908,0.5988028847
3049,1.0,0.0,0.0,0.0,1.0,1.0,0.2954429922,0.2853135841,0.4814189031,0.6342864674,0.5709458753,0.5857986595
3050,1.0,0.0,0.0,0.0,1.0,1.0,0.2964445862,0.2836255791,0.4779661462,0.6285716712,0.570945814,0.5892853984
3051,1.0,0.0,0.0,0.0,1.0,1.0,0.2942516528,0.2819373679,0.4805413823,0.62643744,0.5743243928,0.5868258554
3052,1.0,0.0,0.0,0.0,1.0,1.0,0.2828926785,0.2701192717,0.4864407457,0.640718301,0.5810811154,0.606249958
3053,1.0,0.0,0.0,0.0,1.0,1.0,0.2879746804,0.2727289867,0.4881357379,0.6352941176,0.5762713831,0.602484472
3054,1.0,0.0,0.0,0.0,1.0,1.0,0.2908699065,0.2768726951,0.4839256217,0.639535342,0.574324508,0.5975610544
3055,1.0,0.0,0.0,0.0,1.0,1.0,0.2874876807,0.2727292653,0.4890016025,0.6411768082,0.5762712108,0.6024839729
3056,1.0,0.0,0.0,0.0,1.0,1.0,0.2886901627,0.2718076708,0.4847973164,0.6374268127,0.5810810469,0.6086959993
3057,1.0,0.0,0.0,0.0,1.0,1.0,0.2879749886,0.2710350295,0.4813560096,0.6294109565,0.5762711803,0.5874995355
3058,1.0,0.0,0.0,0.0,1.0,1.0,0.2877437004,0.2693411669,0.4770017181,0.6331362458,0.5694914275,0.5974848486
3059,1.0,0.0,0.0,0.0,1.0,1.0,0.2908696826,0.2785607451,0.4839255418,0.6395352865,0.5743244602,0.5939392298
3060,1.0,0.0,0.0,0.0,1.0,1.0,0.2928517739,0.2787556549,0.4838159798,0.639535087,0.5680272568,0.5975609916
3061,1.0,0.0,0.0,0.0,1.0,1.0,0.2950571612,0.283118529,0.4863480494,0.6416188804,0.573378805,0.5963851259
3062,1.0,0.0,0.0,0.0,1.0,1.0,0.2991526788,0.2855546183,0.4863945612,0.6420450097,0.5714283623,0.5952377901
3063,1.0,0.0,0.0,0.0,1.0,1.0,0.2950570066,0.2814130252,0.4863480505,0.6300583654,0.5733787528,0.5939390577
3064,1.0,0.0,0.0,0.0,1.0,1.0,0.3054321211,0.2930567979,0.4838708689,0.633334002,0.5728810986,0.5895952196
3065,1.0,0.0,0.0,0.0,1.0,1.0,0.2996623468,0.2892217317,0.49403746,0.630682609,0.5787671845,0.5798818955
3066,1.0,0.0,0.0,0.0,1.0,1.0,0.3059515729,0.2957534711,0.4880953177,0.6388884294,0.574830141,0.5862063907
3067,1.0,0.0,0.0,0.0,1.0,1.0,0.3060895982,0.2930566494,0.482233497,0.6298350966,0.5661017514,0.5953757297
3068,1.0,0.0,0.0,0.0,1.0,1.0,0.2991528426,0.2875107088,0.4863946057,0.6306824809,0.5753423605,0.589285987
3069,1.0,0.0,0.0,0.0,1.0,1.0,0.2969478138,0.2811990111,0.4804753861,0.6342855306,0.5661017409,0.590362168
3070,1.0,0.0,0.0,0.0,1.0,1.0,0.2974526984,0.2838552251,0.4829931233,0.6285712893,0.5748299085,0.5928146084
3071,1.0,0.0,0.0,0.0,1.0,1.0,0.2913629355,0.2787557238,0.4796610582,0.6337204013,0.5680271353,0.5914628966
3072,1.0,0.0,0.0,0.0,1.0,1.0,0.2833730633,0.2728853237,0.482173144,0.6347311153,0.5733788907,0.606249933
3073,1.0,0.0,0.0,0.0,1.0,1.0,0.2920664857,0.2804558079,0.4864863843,0.6358384496,0.5782310564,0.6060606826
3074,1.0,0.0,0.0,0.0,1.0,1.0,0.2908698348,0.2821551959,0.4890016542,0.6395353052,0.5748298611,0.5963850585
3075,1.0,0.0,0.0,0.0,1.0,1.0,0.2959431523,0.2838547719,0.4890016089,0.6400005355,0.5748297768,0.5988027999
3076,1.0,0.0,0.0,0.0,1.0,1.0,0.3011785108,0.2903785122,0.4831649603,0.6256986909,0.5675676456,0.5930235737
3077,1.0,0.0,0.0,0.0,1.0,1.0,0.2903784064,0.2814127988,0.4847972087,0.6337215263,0.5767916098,0.5878783929
3078,1.0,0.0,0.0,0.0,1.0,1.0,0.2913627579,0.2806648898,0.4915255163,0.633721657,0.5787670023,0.5914639182
3079,1.0,0.0,0.0,0.0,1.0,1.0,0.2944482288,0.2821550195,0.488215424,0.6342861227,0.5782313023,0.5903612919
3080,1.0,0.0,0.0,0.0,1.0,1.0,0.2915741864,0.2845870422,0.4890387571,0.6416183834,0.579660918,0.6011899939
3081,1.0,0.0,0.0,0.0,1.0,1.0,0.2821954229,0.280455578,0.4823530028,0.6428563193,0.5748298075,0.5939403109
3082,1.0,0.0,0.0,0.0,1.0,1.0,0.2939536468,0.2855546442,0.4857142131,0.6228571923,0.5748299695,0.6011906217
3083,1.0,0.0,0.0,0.0,1.0,1.0,0.2886902041,0.2736567387,0.4864865248,0.6432739348,0.5714284695,0.6086958223
3084,1.0,0.0,0.0,0.0,1.0,1.0,0.2821955969,0.2719568784,0.4924369417,0.6369054024,0.5816327165,0.6062501429
3085,1.0,0.0,0.0,0.0,1.0,1.0,0.2833734163,0.2677685183,0.4923599778,0.6287420997,0.5767915392,0.5987270196
3086,1.0,0.0,0.0,0.0,1.0,1.0,0.2865066686,0.2759405863,0.4899999675,0.6337210989,0.5757575647,0.6036578752
3087,1.0,0.0,0.0,0.0,1.0,1.0,0.2874648995,0.2793053368,0.4816053931,0.6337215894,0.572390434,0.6024101207
3088,1.0,0.0,0.0,0.0,1.0,1.0,0.2826705069,0.2745909178,0.4814814419,0.6369051665,0.5699657989,0.6086947955
3089,1.0,0.0,0.0,0.0,1.0,1.0,0.2862722802,0.2768725631,0.4807371435,0.6374272508,0.570945754,0.6036588474
3090,1.0,0.0,0.0,0.0,1.0,1.0,0.2867525849,0.2811990871,0.4832215345,0.6315790134,0.5762712234,0.6024101216
3091,1.0,0.0,0.0,0.0,1.0,1.0,0.2836479524,0.2768725005,0.4774624079,0.6352934809,0.5641890256,0.6036588867
3092,1.0,0.0,0.0,0.0,1.0,1.0,0.2898381677,0.2833988028,0.473333252,0.6379310772,0.5671141134,0.6035501374
3093,1.0,0.0,0.0,0.0,1.0,1.0,0.290106453,0.282892792,0.4832215889,0.6358373709,0.5728813919,0.5988021706
3094,1.0,0.0,0.0,0.0,1.0,1.0,0.2895734877,0.2841223351,0.4817880903,0.6457137327,0.5752508397,0.605882442
3095,1.0,0.0,0.0,0.0,1.0,1.0,0.2917835563,0.2811989426,0.4798657684,0.6321832902,0.5661018373,0.5963854317
3096,1.0,0.0,0.0,0.0,1.0,1.0,0.2936591934,0.2896686643,0.4724541498,0.6363639734,0.5627121355,0.5906436245
3097,1.0,0.0,0.0,0.0,1.0,1.0,0.3033129113,0.3001679496,0.4825871177,0.6284147541,0.5738256591,0.5810060626
3098,1.0,0.0,0.0,0.0,1.0,1.0,0.2988362403,0.2978135021,0.4784054416,0.6333335762,0.5723903606,0.5932198994
3099,1.0,0.0,0.0,0.0,1.0,1.0,0.2983409508,0.2968141626,0.4759534867,0.6388886885,0.5671143437,0.5932198001
3100,1.0,0.0,0.0,0.0,1.0,1.0,0.2993335209,0.2968139077,0.4792012554,0.6444438519,0.5637584285,0.593220527
3101,1.0,0.0,0.0,0.0,1.0,1.0,0.3028110241,0.3041779755,0.4768211029,0.6338789005,0.5719065267,0.593407209
3102,1.0,0.0,0.0,0.0,1.0,1.0,0.2999981126,0.2978133533,0.4792702283,0.6353587488,0.5723904896,0.58757045
3103,1.0,0.0,0.0,0.0,1.0,1.0,0.297492883,0.2947505591,0.4816053657,0.6292125262,0.5694917704,0.5919539371
3104,1.0,0.0,0.0,0.0,1.0,1.0,0.2939535284,0.2930566161,0.4823529834,0.6342858956,0.5694915352,0.6011555985
3105,1.0,0.0,0.0,0.0,1.0,1.0,0.2986645258,0.2981384458,0.4791317954,0.6368721817,0.5661019877,0.5965908458
3106,1.0,0.0,0.0,0.0,1.0,1.0,0.292273814,0.2889539088,0.4773109656,0.6321837785,0.5612244331,0.5941174888
3107,1.0,0.0,0.0,0.0,1.0,1.0,0.2915743394,0.2872548595,0.4890388566,0.6358384389,0.5748301017,0.6035496231
3108,1.0,0.0,0.0,0.0,1.0,1.0,0.2978133718,0.2950573881,0.4831649074,0.6271190011,0.5699659061,0.5953752022
3109,1.0,0.0,0.0,0.0,1.0,1.0,0.2929689678,0.2894006805,0.4924623711,0.6285719222,0.5824918565,0.5872101345
3110,1.0,0.0,0.0,0.0,1.0,1.0,0.2687574079,0.2507073467,0.4873949259,0.6374994083,0.5796610381,0.6081073968
3111,1.0,0.0,0.0,0.0,1.0,1.0,0.2395922052,0.2085041422,0.4931506006,0.6214283304,0.5655171265,0.6363636364
3112,1.0,0.0,0.0,0.0,1.0,1.0,0.2177175106,0.1821899497,0.4751285516,0.6062983716,0.5416666978,0.6285716629
3113,1.0,0.0,0.0,0.0,1.0,1.0,0.1761669177,0.1236057448,0.462478186,0.61386077,0.5335687153,0.7000006193
3114,1.0,0.0,0.0,0.0,1.0,1.0,0.1544428216,0.09527027917,0.4866784489,0.5517244795,0.5359709917,0.6981140513
3115,1.0,0.0,0.0,0.0,1.0,1.0,0.1472859936,0.08180457679,0.4736842204,0.5357151066,0.5195728777,0.6739119283
3116,1.0,0.0,0.0,0.0,1.0,1.0,0.1517012219,0.09415033757,0.4696428221,0.5294104216,0.5036231941,0.6153849344
3117,1.0,0.0,0.0,0.0,1.0,1.0,0.1463468998,0.0832867901,0.4696428831,0.5000013062,0.5072463937,0.608692615
3118,1.0,0.0,0.0,0.0,1.0,1.0,0.1453407704,0.08571882524,0.4703770191,0.518517054,0.5109487488,0.6170207933
3119,1.0,0.0,0.0,0.0,1.0,1.0,0.1491972584,0.08603259098,0.4748200745,0.4819284818,0.5128203234,0.5957427573
3120,1.0,0.0,0.0,0.0,1.0,1.0,0.1504536354,0.09118984789,0.4713262228,0.4761893931,0.514598413,0.5399997453
3121,1.0,0.0,0.0,0.0,1.0,1.0,0.1500066564,0.09553502066,0.4792043715,0.4578319176,0.5220585769,0.4807671658
3122,1.0,0.0,0.0,0.0,1.0,1.0,0.1530676357,0.1025069155,0.488288329,0.4470602644,0.5274727027,0.4821406215
3123,1.0,0.0,0.0,0.0,1.0,1.0,0.1530679043,0.1003088907,0.4810810821,0.4352939989,0.518248258,0.4545461636
3124,1.0,0.0,0.0,0.0,1.0,1.0,0.1527923146,0.09666119641,0.4766186115,0.4470572575,0.5182482718,0.4716999372
3125,1.0,0.0,0.0,0.0,1.0,1.0,0.1519723004,0.09561471218,0.4830053459,0.4941181489,0.5270756873,0.5849061919
3126,1.0,0.0,0.0,0.0,1.0,1.0,0.1515399391,0.09335466876,0.4801444181,0.4761887926,0.5164834439,0.5098056342
3127,1.0,0.0,0.0,0.0,1.0,1.0,0.152920132,0.09254106569,0.4863389154,0.4285696334,0.5185184896,0.4600018578
3128,1.0,0.0,0.0,0.0,1.0,1.0,0.1483964361,0.09085836377,0.4883721196,0.4939761824,0.5272729035,0.6200007682
3129,1.0,0.0,0.0,0.0,1.0,1.0,0.1501844528,0.09233949368,0.4847943331,0.5,0.5289855744,0.5882343103
3130,1.0,0.0,0.0,0.0,1.0,1.0,0.1479319216,0.08722398533,0.4873647026,0.5121965245,0.5272727344,0.645832403
3131,1.0,0.0,0.0,0.0,1.0,1.0,0.1481994316,0.09085847222,0.4882459833,0.5243886017,0.5309088818,0.6399989807
3132,1.0,0.0,0.0,0.0,1.0,1.0,0.1502781603,0.09335426628,0.4818839803,0.4578316629,0.5164833421,0.4901943716
3133,1.0,0.0,0.0,0.0,1.0,1.0,0.1458643093,0.07966565512,0.4792793917,0.4938263152,0.5217392144,0.613637245
3134,1.0,0.0,0.0,0.0,1.0,1.0,0.1491969771,0.08358990919,0.4784172391,0.4819277416,0.5163636952,0.6086934474
3135,1.0,0.0,0.0,0.0,1.0,1.0,0.1456023469,0.08389504496,0.4802159367,0.469137594,0.5182482548,0.5652157754
3136,1.0,0.0,0.0,0.0,1.0,1.0,0.1473999091,0.08177240281,0.4766187546,0.5000012945,0.5163637781,0.6666666667
3137,1.0,0.0,0.0,0.0,1.0,1.0,0.1443239023,0.08237157605,0.4729240847,0.4625003983,0.5128206225,0.5777770435
3138,1.0,0.0,0.0,0.0,1.0,1.0,0.1458644862,0.09118980983,0.4936936727,0.456790252,0.5255473442,0.5
3139,1.0,0.0,0.0,0.0,1.0,1.0,0.1476652472,0.09119014928,0.4756756243,0.4390250185,0.5218976865,0.4800023658
3140,1.0,0.0,0.0,0.0,1.0,1.0,0.1446078275,0.09439203701,0.4945054223,0.3797487987,0.5296295674,0.3333360948
3141,1.0,0.0,0.0,0.0,1.0,1.0,0.1502783896,0.09152394505,0.4818840656,0.3975905752,0.5201465794,0.400002524
3142,1.0,0.0,0.0,0.0,1.0,1.0,0.1459041103,0.0918603541,0.4945255184,0.4000005281,0.5257353369,0.4
3143,1.0,0.0,0.0,0.0,1.0,1.0,0.1490076801,0.09737187471,0.4945454632,0.3902424697,0.5183824873,0.3584916843
3144,1.0,0.0,0.0,0.0,1.0,1.0,0.1469237496,0.0940433854,0.4900182024,0.4320993697,0.5202950894,0.392155499
3145,1.0,0.0,0.0,0.0,1.0,1.0,0.1487375369,0.09068998164,0.4827585652,0.4146347674,0.5111108105,0.4285696024
3146,1.0,0.0,0.0,0.0,1.0,1.0,0.1448733839,0.09659998417,0.4954128231,0.455696036,0.5167286647,0.4807699225
3147,1.0,0.0,0.0,0.0,1.0,1.0,0.1388114461,0.09017501359,0.4925925492,0.4399987822,0.5112785063,0.375
3148,1.0,0.0,0.0,0.0,1.0,1.0,0.1464382781,0.09660036595,0.4798534587,0.3874996064,0.4981413857,0.3846150741
3149,1.0,0.0,0.0,0.0,1.0,1.0,0.1495517987,0.09994404747,0.4817519561,0.4268306345,0.5074075276,0.4444414373
3150,1.0,0.0,0.0,0.0,1.0,1.0,0.1459038412,0.09773157463,0.4890511284,0.3999994755,0.5166051646,0.3773596108
3151,1.0,0.0,0.0,0.0,1.0,1.0,0.1446080435,0.09660036154,0.4890110929,0.4050626462,0.5130113046,0.4038460755
3152,1.0,0.0,0.0,0.0,1.0,1.0,0.1456750328,0.0950960333,0.4870849172,0.4303802504,0.511194215,0.4705882353
3153,1.0,0.0,0.0,0.0,1.0,1.0,0.1475189622,0.09581106797,0.4797048118,0.3625000969,0.5,0.3529435618
3154,1.0,0.0,0.0,0.0,1.0,1.0,0.1440971097,0.0924014658,0.4842883383,0.397436791,0.5056603788,0.3877559729
3155,1.0,0.0,0.0,0.0,1.0,1.0,0.1406625459,0.09768979064,0.4907408226,0.407895662,0.5112784626,0.4230749469
3156,1.0,0.0,0.0,0.0,1.0,1.0,0.1427775744,0.09581105708,0.4842300235,0.3896093042,0.5037592577,0.3725471041
3157,1.0,0.0,0.0,0.0,1.0,1.0,0.145674727,0.09805830211,0.4981549544,0.3417712419,0.5132074409,0.3269217545
3158,1.0,0.0,0.0,0.0,1.0,1.0,0.1425132384,0.09428684469,0.4962962367,0.3896103547,0.509433918,0.4000024854
3159,1.0,0.0,0.0,0.0,1.0,1.0,0.1425129581,0.09358086067,0.4944444082,0.3766214857,0.5131087656,0.3800009135
3160,1.0,0.0,0.0,0.0,1.0,1.0,0.1427773343,0.0920539828,0.5009276016,0.3636351432,0.5150376874,0.306123999
3161,1.0,0.0,0.0,0.0,1.0,1.0,0.1393273174,0.09768987945,0.4981413376,0.359999116,0.5187970247,0.3653866076
3162,1.0,0.0,0.0,0.0,1.0,1.0,0.1377254921,0.09205396433,0.4972066366,0.3513501506,0.5112780823,0.3469378342
3163,1.0,0.0,0.0,0.0,1.0,1.0,0.1395868649,0.09275133326,0.4953445818,0.3866670739,0.5151515868,0.3673472857
3164,1.0,0.0,0.0,0.0,1.0,1.0,0.1374697429,0.09275090558,0.4907063661,0.3648627508,0.5075755234,0.3673447863
3165,1.0,0.0,0.0,0.0,1.0,1.0,0.137725824,0.09500428134,0.486033513,0.3513515811,0.5019012013,0.3400004194
3166,1.0,0.0,0.0,0.0,1.0,1.0,0.1328843697,0.09727407325,0.4906367992,0.3661965208,0.5,0.3529428612
3167,1.0,0.0,0.0,0.0,1.0,1.0,0.1382407251,0.1037156989,0.491588777,0.3513506664,0.5094337547,0.3090918046
3168,1.0,0.0,0.0,0.0,1.0,1.0,0.1350089429,0.1022155669,0.4840524714,0.3750014518,0.4999998021,0.3148120187
3169,1.0,0.0,0.0,0.0,1.0,1.0,0.1433233294,0.1060013165,0.5086041816,0.2933339299,0.5151513828,0.232142389
3170,1.0,0.0,0.0,0.0,1.0,1.0,0.1473660042,0.1074874128,0.489602919,0.2820505903,0.5056606783,0.2631594492
3171,1.0,0.0,0.0,0.0,1.0,1.0,0.140073158,0.1068103676,0.4829545086,0.3243252474,0.4923664413,0.2321399692
3172,1.0,0.0,0.0,0.0,1.0,1.0,0.1430498117,0.1138360103,0.5019083584,0.3733340654,0.4980694383,0.3389840563
3173,1.0,0.0,0.0,0.0,1.0,1.0,0.1593038372,0.1263883902,0.4990512001,0.2023792744,0.4902723327,0.1538466455
3174,1.0,0.0,0.0,0.0,1.0,1.0,0.1706826623,0.1292053446,0.5180266586,0.1666674431,0.5133078545,0.08823574747
3175,1.0,0.0,0.0,0.0,1.0,1.0,0.1710074148,0.1263235298,0.509505618,0.2444456017,0.509293698,0.176471694
3176,1.0,0.0,0.0,0.0,1.0,1.0,0.1817167977,0.1289600503,0.5064934193,0.2551025288,0.50537634,0.1805554323
3177,1.0,0.0,0.0,0.0,1.0,1.0,0.1820544602,0.1298210617,0.4981411846,0.2448976048,0.5088966101,0.1780824712
3178,1.0,0.0,0.0,0.0,1.0,1.0,0.1843079022,0.1331372731,0.4904942013,0.237112819,0.5000001924,0.123285929
3179,1.0,0.0,0.0,0.0,1.0,1.0,0.1659451307,0.1133193398,0.4886792204,0.3068202422,0.501858781,0.2786863806
3180,1.0,0.0,0.0,0.0,1.0,1.0,0.1534792438,0.1032636963,0.4789761952,0.4047623878,0.5055350843,0.410714965
3181,1.0,0.0,0.0,0.0,1.0,1.0,0.2217070839,0.1786004002,0.4823943234,0.5873024856,0.5379062019,0.6262629129
3182,1.0,0.0,0.0,0.0,1.0,1.0,0.2710059613,0.2630108149,0.4956822132,0.6114653646,0.5754387219,0.6000002832
3183,1.0,0.0,0.0,0.0,1.0,1.0,0.31761163,0.3140606955,0.5008634852,0.6086960573,0.5798612789,0.5745859493
3184,1.0,0.0,0.0,0.0,1.0,1.0,0.3158858071,0.3125403818,0.5077719881,0.601093136,0.5910653382,0.5769231216
3185,1.0,0.0,0.0,0.0,1.0,1.0,0.1870613414,0.1515397449,0.4919786448,0.5714271155,0.5234657667,0.5833335457
3186,1.0,0.0,0.0,0.0,1.0,1.0,0.1376043047,0.1414305172,0.4981885455,0.3289475188,0.5132077063,0.2933318281
3187,1.0,0.0,0.0,0.0,1.0,1.0,0.1835711965,0.1641419952,0.4846939363,0.5740748359,0.5364962557,0.6222217286
3188,1.0,0.0,0.0,0.0,1.0,1.0,0.2619894563,0.2752847916,0.4854368383,0.6049386672,0.5649121516,0.6114646568
3189,1.0,0.0,0.0,0.0,1.0,1.0,0.3015972743,0.3205108652,0.4735152074,0.6010645064,0.5620691727,0.5913976686
3190,1.0,0.0,0.0,0.0,1.0,1.0,0.3072717008,0.3217381693,0.4789642667,0.584210606,0.5650685463,0.5904254881
3191,1.0,0.0,0.0,0.0,1.0,1.0,0.3037519641,0.3183154637,0.4934639612,0.5967742314,0.5787673701,0.5967742314
3192,1.0,0.0,0.0,0.0,1.0,1.0,0.2494499368,0.2421326049,0.4991790338,0.5986842105,0.5807559396,0.6382978723
3193,1.0,0.0,0.0,0.0,1.0,1.0,0.1380347698,0.1322789991,0.4912588103,0.3544283192,0.5073530825,0.277777946
3194,1.0,0.0,0.0,0.0,1.0,1.0,0.142526116,0.1438312653,0.4876760254,0.3086423635,0.5018453304,0.2692318159
3195,1.0,0.0,0.0,0.0,1.0,1.0,0.1540361514,0.1480653068,0.4928316701,0.2790709045,0.4962964606,0.25
3196,1.0,0.0,0.0,0.0,1.0,1.0,0.1650782155,0.1453732795,0.4973070493,0.304348424,0.5018180857,0.2624997364
3197,1.0,0.0,0.0,0.0,1.0,1.0,0.1716393558,0.1361247684,0.4937387089,0.3541664828,0.5125450273,0.3026320191
3198,1.0,0.0,0.0,0.0,1.0,1.0,0.15656111,0.1128404127,0.5063752416,0.3953492351,0.5304659363,0.3809526987
3199,1.0,0.0,0.0,0.0,1.0,1.0,0.1852795617,0.1337281616,0.4527630127,0.576923465,0.5140842678,0.631578366
3200,1.0,0.0,0.0,0.0,1.0,1.0,0.2559127431,0.2230589699,0.4948097818,0.5945943219,0.5709343748,0.6046513166
3201,1.0,0.0,0.0,0.0,1.0,1.0,0.2939536079,0.2802489232,0.5008404069,0.6057135982,0.5878376124,0.5903609468
3202,1.0,0.0,0.0,0.0,1.0,1.0,0.3122222107,0.3112739718,0.4909090845,0.6084656265,0.5791244663,0.5729730168
3203,1.0,0.0,0.0,0.0,1.0,1.0,0.3134539065,0.3110844614,0.481116621,0.6178004534,0.5761588099,0.5851066526
3204,1.0,0.0,0.0,0.0,1.0,1.0,0.3200824905,0.3193580156,0.4787580607,0.6122452309,0.5728477592,0.5699485413
3205,1.0,0.0,0.0,0.0,1.0,1.0,0.3067594652,0.3014984484,0.4785478566,0.6182793444,0.5733336028,0.5911600226
3206,1.0,0.0,0.0,0.0,1.0,1.0,0.3204820698,0.3236448138,0.4859503498,0.6082476402,0.5805370606,0.5803115112
3207,1.0,0.0,0.0,0.0,1.0,1.0,0.3171780702,0.3158773356,0.4793388806,0.6250001405,0.5719064124,0.5820105881
3208,1.0,0.0,0.0,0.0,1.0,1.0,0.312939934,0.3133562454,0.4786885465,0.6230364825,0.5775576848,0.5842098705
3209,1.0,0.0,0.0,0.0,1.0,1.0,0.3063862832,0.303816746,0.4754098886,0.6203205203,0.5681063841,0.5956282338
3210,1.0,0.0,0.0,0.0,1.0,1.0,0.2583017235,0.2327469513,0.4814189977,0.601306698,0.5616436829,0.5955889396
3211,1.0,0.0,0.0,0.0,1.0,1.0,0.1630670557,0.12493041,0.463157976,0.5591390004,0.5107141114,0.5999987882
3212,1.0,0.0,0.0,0.0,1.0,1.0,0.1957669126,0.1544274611,0.4879724912,0.5877205324,0.5520831826,0.6629222932
3213,1.0,0.0,0.0,0.0,1.0,1.0,0.2556709643,0.23973078,0.4750831257,0.6168839917,0.5574324922,0.619719263
3214,1.0,0.0,0.0,0.0,1.0,1.0,0.2899514498,0.2843805859,0.4667747039,0.6201123197,0.5625001575,0.6011565816
3215,1.0,0.0,0.0,0.0,1.0,1.0,0.3109012145,0.3094300231,0.4706840511,0.6073290594,0.5629139364,0.593583477
3216,1.0,0.0,0.0,0.0,1.0,1.0,0.3218270515,0.3172569253,0.4660194201,0.6030154238,0.5592104718,0.5906733929
3217,1.0,0.0,0.0,0.0,1.0,1.0,0.3175643683,0.3145781708,0.4645160674,0.6040606477,0.5639343743,0.588541899
3218,1.0,0.0,0.0,0.0,1.0,1.0,0.3256608196,0.3239233602,0.4686998236,0.5911327322,0.5667750515,0.5829143447
3219,1.0,0.0,0.0,0.0,1.0,1.0,0.3207887399,0.3254763401,0.4645161394,0.6030155009,0.5559212109,0.5757570667
3220,1.0,0.0,0.0,0.0,1.0,1.0,0.3143406092,0.3145786043,0.4709676937,0.6102566192,0.5606557033,0.5885412537
3221,1.0,0.0,0.0,0.0,1.0,1.0,0.3119172836,0.3110846989,0.4754902569,0.6125658317,0.5695362065,0.5851056222
3222,1.0,0.0,0.0,0.0,1.0,1.0,0.318970782,0.3177032678,0.4779051236,0.6205119563,0.5728476065,0.5885424927
3223,1.0,0.0,0.0,0.0,1.0,1.0,0.3145783452,0.3154384469,0.4803278225,0.6145839436,0.5747506027,0.5894732768
3224,1.0,0.0,0.0,0.0,1.0,1.0,0.3107920051,0.3143939231,0.4844516921,0.615789108,0.5794701133,0.5842113475
3225,1.0,0.0,0.0,0.0,1.0,1.0,0.2795760021,0.2650548907,0.482412086,0.6287425687,0.5675677337,0.605095776
3226,1.0,0.0,0.0,0.0,1.0,1.0,0.1704196993,0.1173720188,0.4831261586,0.5729174152,0.5338078278,0.6363636364
3227,1.0,0.0,0.0,0.0,1.0,1.0,0.1501842641,0.1050140854,0.4651162634,0.5357132804,0.5,0.6206882494
3228,1.0,0.0,0.0,0.0,1.0,1.0,0.2061238431,0.160749482,0.499133526,0.5966381454,0.5664335872,0.6739125917
3229,1.0,0.0,0.0,0.0,1.0,1.0,0.2645089438,0.2473194343,0.4891123505,0.6265821132,0.5762712363,0.616438132
3230,1.0,0.0,0.0,0.0,1.0,1.0,0.2900536532,0.2874649757,0.4792702921,0.617143543,0.5752509104,0.5930227777
3231,1.0,0.0,0.0,0.0,1.0,1.0,0.2921196032,0.2921955627,0.4778325583,0.6292133035,0.5780730849,0.5909098824
3232,1.0,0.0,0.0,0.0,1.0,1.0,0.3058844983,0.305477369,0.4811784536,0.6256680585,0.5747508904,0.597825946
3233,1.0,0.0,0.0,0.0,1.0,1.0,0.3102843952,0.309429876,0.4803922272,0.6210518359,0.569536304,0.5828871489
3234,1.0,0.0,0.0,0.0,1.0,1.0,0.3080246002,0.3087975031,0.4836065674,0.6170212042,0.5847177915,0.5860217211
3235,1.0,0.0,0.0,0.0,1.0,1.0,0.307520853,0.3061206702,0.4828151477,0.6223404194,0.5827814357,0.5891892775
3236,1.0,0.0,0.0,0.0,1.0,1.0,0.3075202867,0.3071373322,0.4811783812,0.617021426,0.5747506594,0.5891888034
3237,1.0,0.0,0.0,0.0,1.0,1.0,0.3113012782,0.3094297864,0.4803277534,0.6210526794,0.5761588553,0.5989304566
3238,1.0,0.0,0.0,0.0,1.0,1.0,0.3068891028,0.3054772743,0.4729063202,0.6310164108,0.5714287266,0.597826087
3239,1.0,0.0,0.0,0.0,1.0,1.0,0.3009775162,0.3064953531,0.4746317829,0.619564726,0.5733334565,0.5923911091
3240,1.0,0.0,0.0,0.0,1.0,1.0,0.2988525965,0.2998324843,0.4738561025,0.6229511319,0.5733330334,0.600000484
3241,1.0,0.0,0.0,0.0,1.0,1.0,0.3011348506,0.3094298637,0.4755699821,0.6216210746,0.5695363611,0.5935827428
3242,1.0,0.0,0.0,0.0,1.0,1.0,0.3032562376,0.3028107255,0.4730831771,0.6236558509,0.5761587896,0.6010925897
3243,1.0,0.0,0.0,0.0,1.0,1.0,0.303895357,0.3034611596,0.4747967977,0.614973187,0.5742574972,0.5923908715
3244,1.0,0.0,0.0,0.0,1.0,1.0,0.3021187695,0.3038172459,0.475490183,0.6216213665,0.5747507896,0.5956278027
3245,1.0,0.0,0.0,0.0,1.0,1.0,0.304747819,0.3064952721,0.477049117,0.6182794871,0.5766666459,0.592391519
3246,1.0,0.0,0.0,0.0,1.0,1.0,0.3063863229,0.3098270757,0.4770492738,0.6096263638,0.5800000442,0.5860216332
3247,1.0,0.0,0.0,0.0,1.0,1.0,0.2883634396,0.2881723641,0.468852446,0.625,0.5633333652,0.6011563128
3248,1.0,0.0,0.0,0.0,1.0,1.0,0.2594866261,0.247319541,0.4891121339,0.6193546311,0.5762711429,0.6164391292
3249,1.0,0.0,0.0,0.0,1.0,1.0,0.2418275025,0.2173444035,0.4754652884,0.6223780755,0.5650685273,0.6062985713
3250,1.0,0.0,0.0,0.0,1.0,1.0,0.2087117152,0.171725347,0.4821731809,0.6097556641,0.5635736729,0.6499997814
3251,1.0,0.0,0.0,0.0,1.0,1.0,0.1992014828,0.1533627547,0.4673539771,0.6034492719,0.5482758801,0.6629214848
3252,1.0,0.0,0.0,0.0,1.0,1.0,0.1766778091,0.1292381508,0.4679377126,0.5784312897,0.5413793782,0.6266669347
3253,1.0,0.0,0.0,0.0,1.0,1.0,0.1622133429,0.1227384192,0.443280932,0.5698929908,0.5228068274,0.6142870196
3254,1.0,0.0,0.0,0.0,1.0,1.0,0.152013202,0.1191507076,0.4440558693,0.5632200725,0.5088967371,0.5970150215
3255,1.0,0.0,0.0,0.0,1.0,1.0,0.1379761012,0.1070829997,0.4637167444,0.564101597,0.5178572299,0.5999992996
3256,1.0,0.0,0.0,0.0,1.0,1.0,0.1485896019,0.1142218077,0.4707964448,0.5476207252,0.525000132,0.5937484518
3257,1.0,0.0,0.0,0.0,1.0,1.0,0.1453090531,0.1096510154,0.4663120499,0.5365856202,0.5179856392,0.5737684237
3258,1.0,0.0,0.0,0.0,1.0,1.0,0.1361248141,0.1068245096,0.4713262102,0.5263153545,0.5144927756,0.5423708362
3259,1.0,0.0,0.0,0.0,1.0,1.0,0.1473998785,0.1086349381,0.4838130219,0.3902448619,0.5144927959,0.4000007168
3260,1.0,0.0,0.0,0.0,1.0,1.0,0.1443238124,0.1134895514,0.4729242821,0.4124985787,0.5091575545,0.403225036
3261,1.0,0.0,0.0,0.0,1.0,1.0,0.1412446605,0.112256221,0.466905205,0.4556965061,0.5072463271,0.4032259708
3262,1.0,0.0,0.0,0.0,1.0,1.0,0.1440478107,0.1132459683,0.4697509483,0.4197523162,0.5107915575,0.3809517443
3263,1.0,0.0,0.0,0.0,1.0,1.0,0.145602042,0.1130757629,0.4676259588,0.407406722,0.5036494697,0.3709691345
3264,1.0,0.0,0.0,0.0,1.0,1.0,0.1450801168,0.1090300026,0.462365575,0.4197537673,0.5018179527,0.3833325061
3265,1.0,0.0,0.0,0.0,1.0,1.0,0.1463470461,0.1104456341,0.4660715019,0.4268291419,0.5036231647,0.3770488948
3266,1.0,0.0,0.0,0.0,1.0,1.0,0.1483964274,0.1162987795,0.4651163347,0.4096381188,0.5018178619,0.3750025106
3267,1.0,0.0,0.0,0.0,1.0,1.0,0.143032603,0.1126640592,0.4615384323,0.4,0.5018183715,0.3709676313
3268,1.0,0.0,0.0,0.0,1.0,1.0,0.1476650083,0.113075417,0.473873972,0.3780491863,0.5036496071,0.3709676327
3269,1.0,0.0,0.0,0.0,1.0,1.0,0.1471351264,0.1167231671,0.468581661,0.3536585366,0.499999804,0.328125
3270,1.0,0.0,0.0,0.0,1.0,1.0,0.1460858867,0.1176879765,0.4634580674,0.3414642409,0.5,0.2769212563
3271,1.0,0.0,0.0,0.0,1.0,1.0,0.1483962068,0.1176876965,0.4740609173,0.3373503944,0.5036232222,0.3076925617
3272,1.0,0.0,0.0,0.0,1.0,1.0,0.143288987,0.1162986222,0.480286709,0.3375007554,0.5090909091,0.2968760777
3273,1.0,0.0,0.0,0.0,1.0,1.0,0.1430329841,0.1185471921,0.4794274749,0.3125006659,0.5182481185,0.2615397223
3274,1.0,0.0,0.0,0.0,1.0,1.0,0.1422692945,0.1176879324,0.4768683979,0.3250012,0.5108692713,0.276922471
3275,1.0,0.0,0.0,0.0,1.0,1.0,0.139208115,0.1167232949,0.4714284929,0.30769375,0.5072993021,0.25
3276,1.0,0.0,0.0,0.0,1.0,1.0,0.1425230117,0.1090299852,0.4634580915,0.324998998,0.4981818365,0.2666669042
3277,1.0,0.0,0.0,0.0,1.0,1.0,0.1384120603,0.1112517293,0.4694245383,0.3116896109,0.496350627,0.2622964621
3278,1.0,0.0,0.0,0.0,1.0,1.0,0.1443046001,0.1053953756,0.4598929772,0.3333333333,0.4872726008,0.293103069
3279,1.0,0.0,0.0,0.0,1.0,1.0,0.1432827836,0.1050138557,0.4548673307,0.2839502363,0.4891307627,0.241381044
3280,1.0,0.0,0.0,0.0,1.0,1.0,0.1412448654,0.1086349736,0.4615384324,0.329111854,0.4963768658,0.266666902
3281,1.0,0.0,0.0,0.0,1.0,1.0,0.1460860639,0.1090301277,0.4616755161,0.3048774758,0.4945454404,0.2833338684
3282,1.0,0.0,0.0,0.0,1.0,1.0,0.142777071,0.1090298528,0.4678570958,0.3124991815,0.5018180337,0.2666650369
3283,1.0,0.0,0.0,0.0,1.0,1.0,0.1463468529,0.1122557785,0.4624999379,0.3048795793,0.5,0.2741931659
3284,1.0,0.0,0.0,0.0,1.0,1.0,0.1425229085,0.112664354,0.4634581474,0.3249979531,0.4945454336,0.258063087
3285,1.0,0.0,0.0,0.0,1.0,1.0,0.1438045386,0.1148991739,0.4748200885,0.2999997357,0.5072992982,0.2539671354
3286,1.0,0.0,0.0,0.0,1.0,1.0,0.1456019499,0.1171503606,0.471222959,0.2962945557,0.5054943991,0.2187495869
3287,1.0,0.0,0.0,0.0,1.0,1.0,0.1368608367,0.1126644632,0.4846846252,0.3157897673,0.5127274002,0.2741936035
3288,1.0,0.0,0.0,0.0,1.0,1.0,0.1376044613,0.1116592562,0.4836956532,0.3026309301,0.5128206887,0.2295098193
3289,1.0,0.0,0.0,0.0,1.0,1.0,0.1384121934,0.1144813605,0.4730215204,0.3376631933,0.5018181064,0.3015876211
3290,1.0,0.0,0.0,0.0,1.0,1.0,0.1420070422,0.1148992051,0.4748202059,0.3291141246,0.5109491217,0.2698386947
3291,1.0,0.0,0.0,0.0,1.0,1.0,0.1381635139,0.1162985898,0.4811489139,0.3376623022,0.5163637504,0.312497945
3292,1.0,0.0,0.0,0.0,1.0,1.0,0.1381633088,0.118547131,0.4829444428,0.3246754324,0.5145985501,0.3076943235
3293,1.0,0.0,0.0,0.0,1.0,1.0,0.1340935635,0.1144812533,0.4794275212,0.333332402,0.5163636585,0.3015886744
3294,1.0,0.0,0.0,0.0,1.0,1.0,0.1427775539,0.1203707869,0.4785713813,0.3249983668,0.5145986014,0.3030296312
3295,1.0,0.0,0.0,0.0,1.0,1.0,0.1392080049,0.1162986879,0.4785713237,0.333332432,0.5127272895,0.312499794
3296,1.0,0.0,0.0,0.0,1.0,1.0,0.1397070093,0.1185469572,0.4713261588,0.3076921019,0.50364966,0.2923059139
3297,1.0,0.0,0.0,0.0,1.0,1.0,0.1363690955,0.1153201346,0.4811490034,0.3157900549,0.51648366,0.2857133341
3298,1.0,0.0,0.0,0.0,1.0,1.0,0.1358809916,0.1185468092,0.4812165997,0.3157890374,0.5145985807,0.2769233254
3299,1.0,0.0,0.0,0.0,1.0,1.0,0.1339833043,0.1180154415,0.4891304563,0.2972990491,0.5166049645,0.2500008146
3300,1.0,0.0,0.0,0.0,1.0,1.0,0.1373553679,0.1212561875,0.4882458861,0.3157871535,0.5183822044,0.2424236656
3301,1.0,0.0,0.0,0.0,1.0,1.0,0.1333772579,0.1217500101,0.4786477723,0.3199995487,0.5127270491,0.2686562923
3302,1.0,0.0,0.0,0.0,1.0,1.0,0.1364484046,0.1167233245,0.47163122,0.3506488844,0.5036498219,0.312500623
3303,1.0,0.0,0.0,0.0,1.0,1.0,0.1340932959,0.1208115186,0.479427481,0.3199998877,0.5201464961,0.2575771596
3304,1.0,0.0,0.0,0.0,1.0,1.0,0.1387127507,0.1235675063,0.4768683014,0.3333342345,0.5127271891,0.2647063384
3305,1.0,0.0,0.0,0.0,1.0,1.0,0.1338538666,0.1208116988,0.4857142205,0.3066666667,0.5164832936,0.2424242424
3306,1.0,0.0,0.0,0.0,1.0,1.0,0.1351558589,0.1231197149,0.4875445591,0.289474565,0.5253621631,0.2352930174
3307,1.0,0.0,0.0,0.0,1.0,1.0,0.1361246236,0.1226420455,0.4802867329,0.3157893264,0.5091574336,0.2686574743
3308,1.0,0.0,0.0,0.0,1.0,1.0,0.1389594889,0.1213090373,0.4812833616,0.3205117001,0.5144927033,0.2835817574
3309,1.0,0.0,0.0,0.0,1.0,1.0,0.1392080492,0.1258422686,0.476785716,0.3461559141,0.5072993748,0.2898551606
3310,1.0,0.0,0.0,0.0,1.0,1.0,0.136448698,0.1231198597,0.4769502882,0.3246750745,0.5108693859,0.2499992208
3311,1.0,0.0,0.0,0.0,1.0,1.0,0.1377320385,0.1267407092,0.4752650902,0.3589723859,0.5072465512,0.2857155981
3312,1.0,0.0,0.0,0.0,1.0,1.0,0.1364486719,0.1244791986,0.4822695834,0.3116886358,0.5198556569,0.2608675468
3313,1.0,0.0,0.0,0.0,1.0,1.0,0.1329047661,0.1253844308,0.4875885679,0.3333342771,0.5200000463,0.2608691638
3314,1.0,0.0,0.0,0.0,1.0,1.0,0.1326690558,0.1226753855,0.481415979,0.3066663262,0.5162452379,0.2500007823
3315,1.0,0.0,0.0,0.0,1.0,1.0,0.1282706401,0.128133561,0.4866309123,0.291665925,0.5128204326,0.2571414623
3316,1.0,0.0,0.0,0.0,1.0,1.0,0.1280424307,0.1244724862,0.4857650704,0.3194455592,0.5164835811,0.2647070858
3317,1.0,0.0,0.0,0.0,1.0,1.0,0.1262637229,0.1240183862,0.4911032529,0.3380268637,0.5255473153,0.2941192996
3318,1.0,0.0,0.0,0.0,1.0,1.0,0.1280423088,0.1267408052,0.4911031497,0.3055560506,0.5181161454,0.2571442537
3319,1.0,0.0,0.0,0.0,1.0,1.0,0.1264669616,0.1280873764,0.4833039897,0.3611120135,0.5126356865,0.2957761665
3320,1.0,0.0,0.0,0.0,1.0,1.0,0.1280426064,0.1290190303,0.4893238259,0.2777769463,0.5200000783,0.2112694013
3321,1.0,0.0,0.0,0.0,1.0,1.0,0.1293604935,0.1294897724,0.485815611,0.3561655998,0.5182481251,0.2394364953
3322,1.0,0.0,0.0,0.0,1.0,1.0,0.1282707873,0.1281334735,0.4812834133,0.2777767922,0.5164834951,0.1999993917
3323,1.0,0.0,0.0,0.0,1.0,1.0,0.1300519557,0.1317942422,0.4884135648,0.3287669648,0.5164835547,0.25
3324,1.0,0.0,0.0,0.0,1.0,1.0,0.1271692499,0.1294898815,0.4856631602,0.2957758708,0.5145984637,0.23943818
3325,1.0,0.0,0.0,0.0,1.0,1.0,0.1256034311,0.1304415124,0.4883302873,0.2857147156,0.5147058596,0.2253506503
3326,1.0,0.0,0.0,0.0,1.0,1.0,0.1314583372,0.1286047963,0.4810809996,0.3013715341,0.511029323,0.2571417321
3327,1.0,0.0,0.0,0.0,1.0,1.0,0.1291918191,0.1314083993,0.4865350594,0.2916649541,0.5074074697,0.2394367036
3328,1.0,0.0,0.0,0.0,1.0,1.0,0.1285514972,0.1267675759,0.4818841598,0.3098586926,0.5073529211,0.2608691647
3329,1.0,0.0,0.0,0.0,1.0,1.0,0.1292539614,0.1253910343,0.4899817102,0.3098591964,0.5129149202,0.2647054305
3330,1.0,0.0,0.0,0.0,1.0,1.0,0.1362876258,0.1295574946,0.4854545205,0.266665739,0.5074075405,0.228571599
3331,1.0,0.0,0.0,0.0,1.0,1.0,0.1354552238,0.1226082206,0.4871795699,0.2567569461,0.5167287778,0.2121234024
3332,1.0,0.0,0.0,0.0,1.0,1.0,0.1391630169,0.1221537234,0.4810127617,0.2857131149,0.5074074146,0.2272717132
3333,1.0,0.0,0.0,0.0,1.0,1.0,0.1376045932,0.1207506217,0.4836956408,0.2894740475,0.5130112147,0.2307689824
3334,1.0,0.0,0.0,0.0,1.0,1.0,0.141997218,0.1249306278,0.4808743815,0.2435875231,0.5074626807,0.1791061234
3335,1.0,0.0,0.0,0.0,1.0,1.0,0.1401767015,0.117471862,0.4808743795,0.2857150575,0.5037313679,0.2539694593
3336,1.0,0.0,0.0,0.0,1.0,1.0,0.1422562651,0.1230656332,0.4817519298,0.2820513507,0.507462861,0.2121203489
3337,1.0,0.0,0.0,0.0,1.0,1.0,0.1448731036,0.1212010998,0.4770642228,0.2531647252,0.5037312191,0.200000646
3338,1.0,0.0,0.0,0.0,1.0,1.0,0.1446077773,0.1226078249,0.4816849785,0.2405067625,0.5092935366,0.212120257
3339,1.0,0.0,0.0,0.0,1.0,1.0,0.1459442813,0.1202335386,0.4731978462,0.253165121,0.4962406717,0.2031255561
3340,1.0,0.0,0.0,0.0,1.0,1.0,0.1449003354,0.1268230828,0.4795540025,0.2435898455,0.4999998044,0.2388050035
3341,1.0,0.0,0.0,0.0,1.0,1.0,0.1480652794,0.1164765281,0.4851852762,0.2374994187,0.5075186291,0.1774187096
3342,1.0,0.0,0.0,0.0,1.0,1.0,0.1530509809,0.1174717398,0.4870847533,0.2650590962,0.5149253385,0.2063510887
3343,1.0,0.0,0.0,0.0,1.0,1.0,0.1490881659,0.1226080664,0.4935543241,0.2592598235,0.5204460129,0.1969684693
3344,1.0,0.0,0.0,0.0,1.0,1.0,0.1417255385,0.1193363519,0.4861878474,0.2727250797,0.5111939523,0.2187513101
3345,1.0,0.0,0.0,0.0,1.0,1.0,0.1388112858,0.1160398867,0.4925925521,0.3066680657,0.5131086171,0.2096755876
3346,1.0,0.0,0.0,0.0,1.0,1.0,0.1464860117,0.1141682023,0.4842300322,0.3037977667,0.509363264,0.2459013057
3347,1.0,0.0,0.0,0.0,1.0,1.0,0.1425131565,0.1156070824,0.4907408374,0.272726546,0.5149252132,0.2419364447
3348,1.0,0.0,0.0,0.0,1.0,1.0,0.141725677,0.125398143,0.4880294701,0.2597407446,0.5093632786,0.223879545
3349,1.0,0.0,0.0,0.0,1.0,1.0,0.1398852084,0.1202336722,0.4825046668,0.2631570334,0.5150375823,0.2187487853
3350,1.0,0.0,0.0,0.0,1.0,1.0,0.1388113249,0.1306087682,0.4777778288,0.2266651607,0.5075758702,0.2608681331
3351,1.0,0.0,0.0,0.0,1.0,1.0,0.1288417389,0.1221120746,0.4788212957,0.2857130126,0.5075189585,0.2461530095
3352,1.0,0.0,0.0,0.0,1.0,1.0,0.1286043422,0.1253977789,0.4797794307,0.2714286569,0.5168541483,0.2388059235
3353,1.0,0.0,0.0,0.0,1.0,1.0,0.1244792937,0.1318964102,0.4765343226,0.2753624068,0.5167284106,0.2253512406
3354,1.0,0.0,0.0,0.0,1.0,1.0,0.1213089231,0.1332590226,0.4855071589,0.2537294247,0.5259258942,0.1944461464
3355,1.0,0.0,0.0,0.0,1.0,1.0,0.1078533406,0.1379825161,0.4766186305,0.2833326914,0.5149255573,0.2432435502
3356,1.0,0.0,0.0,0.0,1.0,1.0,0.1050138324,0.1398472073,0.4782607864,0.3103449532,0.5223878481,0.2533313809
3357,1.0,0.0,0.0,0.0,1.0,1.0,0.09364162625,0.1403709985,0.4810811277,0.3461524288,0.5205990748,0.2533343932
3358,1.0,0.0,0.0,0.0,1.0,1.0,0.09442150321,0.1499162934,0.4759358786,0.2830220502,0.5185186498,0.2345670578
3359,1.0,0.0,0.0,0.0,1.0,1.0,0.08813430494,0.1573192603,0.4761905533,0.3200029396,0.5222219511,0.2470597809
3360,1.0,0.0,0.0,0.0,1.0,1.0,0.09535309797,0.1550229248,0.4787986353,0.3333360002,0.5182484196,0.2588241274
3361,1.0,0.0,0.0,0.0,1.0,1.0,0.08224387957,0.1579042148,0.4776385751,0.3043468148,0.5204460302,0.2705885019
3362,1.0,0.0,0.0,0.0,1.0,1.0,0.07742153197,0.1721258609,0.4718310452,0.2954519097,0.5111111461,0.24731141
3363,1.0,0.0,0.0,0.0,1.0,1.0,0.07646953941,0.1815467886,0.4750889782,0.2558137241,0.5131084819,0.2474227931
3364,1.0,0.0,0.0,0.0,1.0,1.0,0.06591676531,0.1919077991,0.4901959761,0.2702705761,0.5247148349,0.2673266506
3365,1.0,0.0,0.0,0.0,1.0,1.0,0.05814931928,0.2111227471,0.4800000231,0.2187506205,0.5038757782,0.2844047392
3366,1.0,0.0,0.0,0.0,1.0,1.0,0.05382995991,0.223813362,0.4847396647,0.1666607852,0.513513635,0.2844830104
3367,1.0,0.0,0.0,0.0,1.0,1.0,0.07113465875,0.209008841,0.4928826116,0.2499986551,0.5133077625,0.2818182885
3368,1.0,0.0,0.0,0.0,1.0,1.0,0.07403293358,0.2212503932,0.4991181975,0.2142857143,0.5152672398,0.2844817838
3369,1.0,0.0,0.0,0.0,1.0,1.0,0.08782443588,0.2307871813,0.4973637649,0.2400032741,0.5190841231,0.2892558011
3370,1.0,0.0,0.0,0.0,1.0,1.0,0.08490838057,0.2353898687,0.5079645886,0.2708329595,0.5250964176,0.3196717839
3371,1.0,0.0,0.0,0.0,1.0,1.0,0.07988420447,0.2411106529,0.4902309908,0.1777769296,0.5136185049,0.3145156822
3372,1.0,0.0,0.0,0.0,1.0,1.0,0.07100845838,0.2527996986,0.4884548124,0.1499981184,0.4980391364,0.3100768991
3373,1.0,0.0,0.0,0.0,1.0,1.0,0.08089025676,0.2716735916,0.4964028432,0.1777788311,0.4960318148,0.2919716325
3374,1.0,0.0,0.0,0.0,1.0,1.0,0.08388166456,0.2818423538,0.4982143649,0.1489392999,0.4919997081,0.2978724708
3375,1.0,0.0,0.0,0.0,1.0,1.0,0.09501714431,0.2636323236,0.4929578784,0.2777780012,0.4921259203,0.3208953651
3376,1.0,0.0,0.0,0.0,1.0,1.0,0.07960144444,0.2736569497,0.4938053094,0.3111101642,0.4920637938,0.3333343625
3377,1.0,0.0,0.0,0.0,1.0,1.0,0.06790637246,0.2644438334,0.4947734616,0.5128205128,0.5019454769,0.4117647059
3378,1.0,0.0,0.0,0.0,1.0,1.0,0.1841516987,0.2489317041,0.4606365767,0.6,0.5055760977,0.5970147847
3379,1.0,0.0,0.0,0.0,1.0,1.0,0.2764412597,0.3163703582,0.466448509,0.573963981,0.5359710226,0.6079548044
3380,1.0,0.0,0.0,0.0,1.0,1.0,0.3299127529,0.3526401967,0.482200637,0.5637262239,0.5567377424,0.6180907093
3381,1.0,0.0,0.0,0.0,1.0,1.0,0.3428507691,0.3612020951,0.4902912155,0.5801884676,0.5614035487,0.6310673192
3382,1.0,0.0,0.0,0.0,1.0,1.0,0.3470730649,0.3659925869,0.4807073482,0.5740732684,0.5598590133,0.620191972
3383,1.0,0.0,0.0,0.0,1.0,1.0,0.2637870146,0.3016175017,0.4885245496,0.5838513999,0.5535715032,0.6153849061
3384,1.0,0.0,0.0,0.0,1.0,1.0,0.07390234385,0.2450366178,0.5140844918,0.4523805893,0.5212354497,0.4015750679
3385,1.0,0.0,0.0,0.0,1.0,1.0,0.1302148815,0.2080624916,0.4940779092,0.6493515279,0.5390336671,0.6071420958
3386,1.0,0.0,0.0,0.0,1.0,1.0,0.241244522,0.2863169562,0.5090311786,0.5782319376,0.572953909,0.6086959418
3387,1.0,0.0,0.0,0.0,1.0,1.0,0.286936531,0.3197515892,0.5032257408,0.5730343567,0.5769230337,0.6284148529
3388,1.0,0.0,0.0,0.0,1.0,1.0,0.3213640635,0.34876349,0.495176921,0.5650006816,0.572916698,0.6268652057
3389,1.0,0.0,0.0,0.0,1.0,1.0,0.3304734467,0.3562026484,0.4847512118,0.5679608119,0.5674739511,0.6262133248
3390,1.0,0.0,0.0,0.0,1.0,1.0,0.3304735163,0.3510150834,0.4911717606,0.5776702967,0.5709341626,0.6354674093
3391,1.0,0.0,0.0,0.0,1.0,1.0,0.3352861189,0.3544732235,0.4927769146,0.5693777037,0.5674740774,0.6292680835
3392,1.0,0.0,0.0,0.0,1.0,1.0,0.3358254773,0.3562026204,0.4919614315,0.569378104,0.5743945114,0.616504712
3393,1.0,0.0,0.0,0.0,1.0,1.0,0.3266783621,0.3471744341,0.4870550921,0.5742578915,0.5684209928,0.6313134894
3394,1.0,0.0,0.0,0.0,1.0,1.0,0.3342237542,0.3539690212,0.4878836702,0.5700482223,0.5694442861,0.6274510014
3395,1.0,0.0,0.0,0.0,1.0,1.0,0.3352863423,0.3562023725,0.4799358293,0.5741628753,0.5674741298,0.6213591613
3396,1.0,0.0,0.0,0.0,1.0,1.0,0.33099477,0.3517198865,0.4862681711,0.5756091751,0.5714285172,0.6386132897
3397,1.0,0.0,0.0,0.0,1.0,1.0,0.3396162145,0.3564440544,0.4854368379,0.5666663522,0.569930156,0.6274510862
3398,1.0,0.0,0.0,0.0,1.0,1.0,0.3369085561,0.3534614668,0.482258137,0.5645932373,0.5679442143,0.6157638028
3399,1.0,0.0,0.0,0.0,1.0,1.0,0.3358383146,0.3552020506,0.4862681853,0.5721154555,0.5679442549,0.6225494356
3400,1.0,0.0,0.0,0.0,1.0,1.0,0.3342237584,0.3534610427,0.4814216209,0.5652182182,0.5714285714,0.6206892094
3401,1.0,0.0,0.0,0.0,1.0,1.0,0.3331471741,0.3527441686,0.4807691815,0.5721149256,0.5674741013,0.6225493059
3402,1.0,0.0,0.0,0.0,1.0,1.0,0.319310365,0.3406400921,0.4744409563,0.580000566,0.5640139151,0.6345178787
3403,1.0,0.0,0.0,0.0,1.0,1.0,0.2778935486,0.3103530547,0.4910569217,0.5789479667,0.5684208693,0.6327693336
3404,1.0,0.0,0.0,0.0,1.0,1.0,0.1597750671,0.2167906763,0.5051021012,0.6382979694,0.5624999016,0.6101689374
3405,1.0,0.0,0.0,0.0,1.0,1.0,0.09212239378,0.2059919248,0.5026086702,0.5660391772,0.5343512257,0.462963036
3406,1.0,0.0,0.0,0.0,1.0,1.0,0.09633175428,0.2058773028,0.5077452801,0.6071455848,0.5468164209,0.4909085254
3407,1.0,0.0,0.0,0.0,1.0,1.0,0.1878146442,0.2389971623,0.4865772311,0.6160720397,0.5543479985,0.6136362128
3408,1.0,0.0,0.0,0.0,1.0,1.0,0.2531053258,0.2862988034,0.5081168603,0.5833325135,0.5902776378,0.6242423115
3409,1.0,0.0,0.0,0.0,1.0,1.0,0.305918922,0.3205104656,0.485576896,0.5759168268,0.5758621852,0.6344082337
3410,1.0,0.0,0.0,0.0,1.0,1.0,0.3235831375,0.3417335274,0.4896331776,0.5665022881,0.577319476,0.6281407945
3411,1.0,0.0,0.0,0.0,1.0,1.0,0.3268018111,0.3411885783,0.4746031767,0.5728149441,0.5689655172,0.6313127094
3412,1.0,0.0,0.0,0.0,1.0,1.0,0.3177876603,0.3331474472,0.4848967126,0.5750003814,0.5738830175,0.6288662805
3413,1.0,0.0,0.0,0.0,1.0,1.0,0.3226045533,0.3405633787,0.4778480911,0.5490193761,0.5547946824,0.6180896498
3414,1.0,0.0,0.0,0.0,1.0,1.0,0.3183644226,0.3360193257,0.4849445776,0.5572142576,0.558620803,0.6205125811
3415,1.0,0.0,0.0,0.0,1.0,1.0,0.3220949851,0.3388519538,0.4834123642,0.5539208843,0.561643963,0.616162082
3416,1.0,0.0,0.0,0.0,1.0,1.0,0.3257321323,0.3389112837,0.4769476255,0.5560979693,0.5536335117,0.6224485838
3417,1.0,0.0,0.0,0.0,1.0,1.0,0.3172833683,0.3297130216,0.4730158597,0.5599993827,0.5463914442,0.6197916726
3418,1.0,0.0,0.0,0.0,1.0,1.0,0.323116219,0.3320063182,0.4738510773,0.5490198614,0.5479453961,0.6237111767
3419,1.0,0.0,0.0,0.0,1.0,1.0,0.3261843607,0.3308499363,0.4726687691,0.5763545048,0.5586205079,0.6249997155
3420,1.0,0.0,0.0,0.0,1.0,1.0,0.3179301448,0.3238612186,0.4763457882,0.5692308384,0.5644598013,0.6290322771
3421,1.0,0.0,0.0,0.0,1.0,1.0,0.3229214815,0.3291265488,0.4781905528,0.5649999726,0.5689657189,0.6178009991
3422,1.0,0.0,0.0,0.0,1.0,1.0,0.2624959771,0.2783909817,0.491027837,0.5900626059,0.5743945125,0.6335397338
3423,1.0,0.0,0.0,0.0,1.0,1.0,0.1545353945,0.2006049006,0.4823528894,0.6304345763,0.5376342404,0.6071425787
3424,1.0,0.0,0.0,0.0,1.0,1.0,0.1852050927,0.2277881211,0.4858097198,0.5945950155,0.5653709101,0.6046511238
3425,1.0,0.0,0.0,0.0,1.0,1.0,0.2681431077,0.2840877143,0.487804795,0.5818187407,0.5719178043,0.6325301205
3426,1.0,0.0,0.0,0.0,1.0,1.0,0.2955866519,0.3022370989,0.4803921252,0.5911599725,0.567010395,0.6306811932
3427,1.0,0.0,0.0,0.0,1.0,1.0,0.3250612254,0.3331474968,0.4805826541,0.5771142164,0.5748299168,0.6173463171
3428,1.0,0.0,0.0,0.0,1.0,1.0,0.3218265184,0.3337116811,0.4724918273,0.5778895086,0.5694913847,0.624365414
3429,1.0,0.0,0.0,0.0,1.0,1.0,0.3159528002,0.3275765672,0.4758064939,0.586735167,0.5618726739,0.6173462321
3430,1.0,0.0,0.0,0.0,1.0,1.0,0.3109013979,0.319687146,0.4837133874,0.5916236302,0.5690234075,0.6210529866
3431,1.0,0.0,0.0,0.0,1.0,1.0,0.3105063283,0.3192195863,0.480582572,0.5937502198,0.5719061608,0.6125650132
3432,1.0,0.0,0.0,0.0,1.0,1.0,0.3004752365,0.3064956897,0.4839227321,0.5989314164,0.5766667326,0.6249995435
3433,1.0,0.0,0.0,0.0,1.0,1.0,0.2961307425,0.3041781402,0.475040228,0.6032607225,0.5618728629,0.6208793122
3434,1.0,0.0,0.0,0.0,1.0,1.0,0.2885482253,0.2965013639,0.4822580767,0.6145258149,0.5733332933,0.6235956621
3435,1.0,0.0,0.0,0.0,1.0,1.0,0.2906293138,0.2991639293,0.4781907048,0.6166665425,0.5685620965,0.6201117876
3436,1.0,0.0,0.0,0.0,1.0,1.0,0.2885487348,0.2948351937,0.4774194447,0.6201111513,0.5666667527,0.6214697536
3437,1.0,0.0,0.0,0.0,1.0,1.0,0.2908342301,0.2931698007,0.4774919017,0.618784176,0.5733330804,0.6306820128
3438,1.0,0.0,0.0,0.0,1.0,1.0,0.2816462544,0.2891361855,0.4879226597,0.634286533,0.5719065199,0.6242782718
3439,1.0,0.0,0.0,0.0,1.0,1.0,0.2853246628,0.2917836485,0.4838708566,0.6271185794,0.5771812207,0.6149424098
3440,1.0,0.0,0.0,0.0,1.0,1.0,0.2827687492,0.2920668692,0.4780487663,0.6206892109,0.567567813,0.6242774641
3441,1.0,0.0,0.0,0.0,1.0,1.0,0.2965555371,0.2998323811,0.4868851703,0.6132594109,0.5762714862,0.6271183676
3442,1.0,0.0,0.0,0.0,1.0,1.0,0.2925997635,0.3018789606,0.4884868505,0.6235958426,0.5802046742,0.6384172515
3443,1.0,0.0,0.0,0.0,1.0,1.0,0.3034019893,0.311906485,0.485389673,0.6149734854,0.5637581733,0.6236564945
3444,1.0,0.0,0.0,0.0,1.0,1.0,0.3095045007,0.3198217701,0.4887096463,0.6093755297,0.5699999422,0.6354171964
3445,1.0,0.0,0.0,0.0,1.0,1.0,0.2904780226,0.3015560484,0.4909688581,0.621469201,0.5689655107,0.6285719326
3446,1.0,0.0,0.0,0.0,1.0,1.0,0.2916403319,0.296762326,0.4934426621,0.6235952525,0.5699660015,0.6321847385
3447,1.0,0.0,0.0,0.0,1.0,1.0,0.2888372174,0.2974529306,0.4876847494,0.6250001552,0.5680272286,0.6399994005
3448,1.0,0.0,0.0,0.0,1.0,1.0,0.2864849838,0.2944483192,0.4934854511,0.6250006291,0.5656568366,0.6342863
3449,1.0,0.0,0.0,0.0,1.0,1.0,0.2709524006,0.2795052418,0.4886364064,0.6287418265,0.569491533,0.6424246477
3450,1.0,0.0,0.0,0.0,1.0,1.0,0.2788765268,0.286752551,0.4919353984,0.6358378598,0.5805368076,0.6315798838
3451,1.0,0.0,0.0,0.0,1.0,1.0,0.2788765027,0.2857935487,0.4838710189,0.6300576573,0.5685617886,0.6257309044
3452,1.0,0.0,0.0,0.0,1.0,1.0,0.2987200766,0.3066467647,0.4817169874,0.6276599209,0.5779220318,0.6031744379
3453,1.0,0.0,0.0,0.0,1.0,1.0,0.3141791499,0.3150055705,0.4915798459,0.6224486374,0.5808581705,0.6020945231
3454,1.0,0.0,0.0,0.0,1.0,1.0,0.3102549557,0.311084523,0.4890864325,0.625000426,0.5761587922,0.5957448043
3455,1.0,0.0,0.0,0.0,1.0,1.0,0.3184769642,0.3145783489,0.4891914601,0.6231158731,0.5803278898,0.5937494011
3456,1.0,0.0,0.0,0.0,1.0,1.0,0.3177463759,0.3139693339,0.4922951452,0.6224495047,0.5822369287,0.5916231508
3457,1.0,0.0,0.0,0.0,1.0,1.0,0.3126838195,0.3100576965,0.4873055571,0.6230365188,0.5775577687,0.5957442402
3458,1.0,0.0,0.0,0.0,1.0,1.0,0.315183402,0.3106816847,0.490196068,0.626942976,0.5822368856,0.5978834763
3459,1.0,0.0,0.0,0.0,1.0,1.0,0.3168162713,0.3135503619,0.4950979586,0.6340209522,0.5849674358,0.6093755991
3460,1.0,0.0,0.0,0.0,1.0,1.0,0.3205446081,0.3172569839,0.4934209497,0.6256415955,0.5855265004,0.6010365103
3461,1.0,0.0,0.0,0.0,1.0,1.0,0.315094753,0.3106814482,0.4860426583,0.6302090132,0.575657989,0.5978834942
3462,1.0,0.0,0.0,0.0,1.0,1.0,0.3116006108,0.3106817866,0.4842454544,0.6382978242,0.578947534,0.6137563935
3463,1.0,0.0,0.0,0.0,1.0,1.0,0.3063615287,0.2955161646,0.4958124467,0.6393447482,0.5880397678,0.6123593246
3464,1.0,0.0,0.0,0.0,1.0,1.0,0.3080356373,0.297846654,0.4874371665,0.6304355116,0.5794701975,0.6055553855
3465,1.0,0.0,0.0,0.0,1.0,1.0,0.3203553952,0.2975309931,0.4974958154,0.6250001426,0.5855263253,0.6077346862
3466,1.0,0.0,0.0,0.0,1.0,1.0,0.3264840772,0.3063859264,0.4916667085,0.6428578613,0.5868853871,0.593583583
3467,1.0,0.0,0.0,0.0,1.0,1.0,0.331464562,0.3054773398,0.4865319493,0.6192894751,0.5847175466,0.5923918071
3468,1.0,0.0,0.0,0.0,1.0,1.0,0.3275198144,0.2971760739,0.4898649097,0.6185559465,0.5780731126,0.5865923083
3469,1.0,0.0,0.0,0.0,1.0,1.0,0.3308961153,0.3014984659,0.4864864816,0.6122448531,0.5766665304,0.5856346953
3470,1.0,0.0,0.0,0.0,1.0,1.0,0.3314561776,0.3041781754,0.4856175769,0.6224485304,0.5785952056,0.593406385
3471,1.0,0.0,0.0,0.0,1.0,1.0,0.320766943,0.300167652,0.4780405475,0.6315788267,0.5738255316,0.6033514114
3472,1.0,0.0,0.0,0.0,1.0,1.0,0.3214283221,0.2985129292,0.4874372118,0.6354173929,0.5742574508,0.5856348567
3473,1.0,0.0,0.0,0.0,1.0,1.0,0.3121121764,0.280044942,0.4778156082,0.6065579653,0.5570470144,0.5628733018
3474,1.0,0.0,0.0,0.0,1.0,1.0,0.3102898276,0.2692099504,0.4819897467,0.5966855374,0.5555554327,0.5749999658
3475,1.0,0.0,0.0,0.0,1.0,1.0,0.3118946583,0.2708926182,0.4724137266,0.5966858832,0.5521887744,0.5652168156
3476,1.0,0.0,0.0,0.0,1.0,1.0,0.3044771816,0.256568108,0.4733218636,0.5988707389,0.5503355392,0.5751641384
3477,1.0,0.0,0.0,0.0,1.0,1.0,0.305528932,0.2599218456,0.4801381632,0.5932206058,0.5604025302,0.5677424082
3478,1.0,0.0,0.0,0.0,1.0,1.0,0.3022366524,0.259921912,0.4793815067,0.5909086426,0.5536914253,0.5612902955
3479,1.0,0.0,0.0,0.0,1.0,1.0,0.2974115646,0.25153717,0.4723183745,0.5872095639,0.5503356938,0.5600004586
3480,1.0,0.0,0.0,0.0,1.0,1.0,0.3006869466,0.2548576832,0.4786324842,0.5965912446,0.5566666595,0.5620918085
3481,1.0,0.0,0.0,0.0,1.0,1.0,0.3003501758,0.2591145488,0.4766839852,0.5919540301,0.5488214264,0.564935475
3482,1.0,0.0,0.0,0.0,1.0,1.0,0.2962570785,0.2490303081,0.4804088815,0.5919544014,0.5514948759,0.5533332084
3483,1.0,0.0,0.0,0.0,1.0,1.0,0.265016686,0.1995529106,0.481802367,0.5882352941,0.5536911782,0.5966384121
3484,1.0,0.0,0.0,0.0,1.0,1.0,0.2023738682,0.1099045227,0.4955594985,0.5701764646,0.5567009574,0.6718741461
3485,1.0,0.0,0.0,0.0,1.0,1.0,0.2366169405,0.1654364696,0.5088339391,0.6044780218,0.5870306928,0.6391769371
3486,1.0,0.0,0.0,0.0,1.0,1.0,0.2823381009,0.2306405799,0.5008665716,0.6073617353,0.5852842966,0.6086953797
3487,1.0,0.0,0.0,0.0,1.0,1.0,0.3047704674,0.2647528101,0.5008518509,0.6256978882,0.5927153143,0.6062499233
3488,1.0,0.0,0.0,0.0,1.0,1.0,0.3146391531,0.2752564117,0.5033668951,0.6203204507,0.5934428699,0.5892857606
3489,1.0,0.0,0.0,0.0,1.0,1.0,0.3150785292,0.2810929519,0.5000001384,0.6290324847,0.5921053527,0.5906435877
3490,1.0,0.0,0.0,0.0,1.0,1.0,0.3067425462,0.2820206802,0.4907251048,0.631868033,0.5907591128,0.5964914073
3491,1.0,0.0,0.0,0.0,1.0,1.0,0.3116902477,0.282954435,0.4949151386,0.6249998517,0.5860924915,0.590643708
3492,1.0,0.0,0.0,0.0,1.0,1.0,0.3060897604,0.277253531,0.4906937628,0.6243096365,0.5813954991,0.5928140534
3493,1.0,0.0,0.0,0.0,1.0,1.0,0.3038844588,0.2787221634,0.4831081903,0.6333329735,0.5775577099,0.5976336199
3494,1.0,0.0,0.0,0.0,1.0,1.0,0.3000009756,0.2791081147,0.4789207898,0.6123590972,0.5719064516,0.5988019955
3495,1.0,0.0,0.0,0.0,1.0,1.0,0.2994960489,0.2807796126,0.4865320112,0.6179782464,0.5819398521,0.6011906359
3496,1.0,0.0,0.0,0.0,1.0,1.0,0.3009968859,0.2888751915,0.4858569277,0.6132593717,0.581395232,0.5919538874
3497,1.0,0.0,0.0,0.0,1.0,1.0,0.3051986103,0.2891363206,0.4748322707,0.6208794131,0.5752505884,0.6069359203
3498,1.0,0.0,0.0,0.0,1.0,1.0,0.2922734955,0.27762291,0.4840335956,0.6264375303,0.5858585495,0.6060606453
3499,1.0,0.0,0.0,0.0,1.0,1.0,0.2843531181,0.2676470933,0.4814815017,0.6035499478,0.5661015447,0.5949356526
3500,1.0,0.0,0.0,0.0,1.0,1.0,0.271349243,0.2414193847,0.4738616843,0.596273765,0.5540538725,0.5944048054
3501,1.0,0.0,0.0,0.0,1.0,1.0,0.2710350649,0.2524186266,0.4694914845,0.6062495984,0.5460751838,0.6081082841
3502,1.0,0.0,0.0,0.0,1.0,1.0,0.2724230608,0.2549250991,0.4866219448,0.5950909426,0.5608106974,0.6092714947
3503,1.0,0.0,0.0,0.0,1.0,1.0,0.2846092573,0.2766911697,0.4834436167,0.5988370694,0.5637584089,0.6060608061
3504,1.0,0.0,0.0,0.0,1.0,1.0,0.2694002026,0.2616784251,0.4875208044,0.6111114819,0.5608108281,0.6193548117
3505,1.0,0.0,0.0,0.0,1.0,1.0,0.2650546825,0.2644568636,0.4915540597,0.6305742155,0.5704466467,0.6558443279
3506,1.0,0.0,0.0,0.0,1.0,1.0,0.2942435648,0.2920666481,0.4917763247,0.6201118598,0.5743242012,0.6300582939
3507,1.0,0.0,0.0,0.0,1.0,1.0,0.3128401317,0.3106371476,0.4909391162,0.6052628344,0.5777026664,0.6358693645
3508,1.0,0.0,0.0,0.0,1.0,1.0,0.3178552835,0.3163216523,0.4721311592,0.6082476186,0.5622897945,0.6329782632
3509,1.0,0.0,0.0,0.0,1.0,1.0,0.3150057038,0.3167720312,0.4834983123,0.6125655395,0.5694915316,0.6310163816
3510,1.0,0.0,0.0,0.0,1.0,1.0,0.3048294648,0.3052900468,0.4799998932,0.6229508388,0.5699658168,0.6312848562
3511,1.0,0.0,0.0,0.0,1.0,1.0,0.3143002693,0.3138177479,0.4758735833,0.6084663115,0.556314002,0.6304345013
3512,1.0,0.0,0.0,0.0,1.0,1.0,0.3127392527,0.3116903277,0.4900661028,0.6084657156,0.5762709117,0.6195655816
3513,1.0,0.0,0.0,0.0,1.0,1.0,0.3143002228,0.3155234607,0.494176395,0.6137563972,0.5767917238,0.6324325454
3514,1.0,0.0,0.0,0.0,1.0,1.0,0.3142056982,0.3131812185,0.4782609004,0.6063824978,0.5650685928,0.6284158653
3515,1.0,0.0,0.0,0.0,1.0,1.0,0.3136812094,0.3205108397,0.4841401184,0.622341102,0.5620689478,0.6344087873
3516,1.0,0.0,0.0,0.0,1.0,1.0,0.3130577951,0.3121125099,0.4857621884,0.6203207351,0.5699657992,0.6284151181
3517,1.0,0.0,0.0,0.0,1.0,1.0,0.313058062,0.3125403352,0.4874370638,0.6203211817,0.5738830536,0.6263730029
3518,1.0,0.0,0.0,0.0,1.0,1.0,0.312118096,0.311469881,0.4900332489,0.6170214924,0.5719179883,0.626373153
3519,1.0,0.0,0.0,0.0,1.0,1.0,0.3091920689,0.3131812851,0.4966554007,0.6108110158,0.5821919528,0.6448093209
3520,1.0,0.0,0.0,0.0,1.0,1.0,0.3193582718,0.3201601969,0.485099272,0.6113986329,0.5694915401,0.6243385411
3521,1.0,0.0,0.0,0.0,1.0,1.0,0.30790063,0.3072605747,0.481054248,0.6096250822,0.5743244089,0.6263738107
3522,1.0,0.0,0.0,0.0,1.0,1.0,0.3068893494,0.3028612123,0.4778324273,0.614973356,0.5690236186,0.6388887537
3523,1.0,0.0,0.0,0.0,1.0,1.0,0.2627485119,0.2601285339,0.4925125375,0.6265817203,0.5787669288,0.6578944305
3524,1.0,0.0,0.0,0.0,1.0,1.0,0.1845122542,0.182996356,0.4735042499,0.6388876286,0.5422532703,0.6634622278
3525,1.0,0.0,0.0,0.0,1.0,1.0,0.1142737964,0.1572154237,0.5099819388,0.4603156295,0.520599239,0.3214276627
3526,1.0,0.0,0.0,0.0,1.0,1.0,0.1221945343,0.1602878251,0.4799271292,0.4029836824,0.4981133118,0.3176459253
3527,1.0,0.0,0.0,0.0,1.0,1.0,0.1211444146,0.1616742987,0.4866309243,0.4705904823,0.5073528447,0.3636381525
3528,1.0,0.0,0.0,0.0,1.0,1.0,0.1337409704,0.1590872779,0.4828209555,0.3918914159,0.4906366996,0.3294132379
3529,1.0,0.0,0.0,0.0,1.0,1.0,0.1349615083,0.1441143468,0.479926948,0.378378062,0.5056177771,0.3116879464
3530,1.0,0.0,0.0,0.0,1.0,1.0,0.1402413432,0.1263029481,0.4458260354,0.5822773424,0.4945055941,0.5507232356
3531,1.0,0.0,0.0,0.0,1.0,1.0,0.2219068713,0.1970731042,0.4819276974,0.596899407,0.5563380953,0.6607133534
3532,1.0,0.0,0.0,0.0,1.0,1.0,0.2671942766,0.2532834243,0.4923858873,0.6202528841,0.585616505,0.621621302
3533,1.0,0.0,0.0,0.0,1.0,1.0,0.2973129215,0.2896688905,0.4890757297,0.6158186312,0.5898305623,0.5964910491
3534,1.0,0.0,0.0,0.0,1.0,1.0,0.2948353012,0.290106272,0.4866667245,0.6158189782,0.5838927432,0.6011562158
3535,1.0,0.0,0.0,0.0,1.0,1.0,0.2986647407,0.2891362726,0.484140279,0.6201120432,0.5819398066,0.606935438
3536,1.0,0.0,0.0,0.0,1.0,1.0,0.2981670638,0.290807511,0.4933334005,0.6201116038,0.5852842966,0.6091950458
3537,1.0,0.0,0.0,0.0,1.0,1.0,0.2848407227,0.2716602597,0.4916666389,0.6140350655,0.5872481323,0.5987656793
3538,1.0,0.0,0.0,0.0,1.0,1.0,0.2628348635,0.2389238868,0.5142377441,0.585988037,0.5993266155,0.5985915711
3539,1.0,0.0,0.0,0.0,1.0,1.0,0.2422888173,0.2185220828,0.5303030044,0.5625004638,0.5966100983,0.604651471
3540,1.0,0.0,0.0,0.0,1.0,1.0,0.2254127746,0.2019074259,0.560530595,0.5588230591,0.6195284643,0.6250004531
3541,1.0,0.0,0.0,0.0,1.0,1.0,0.2235816856,0.2080748612,0.5525876063,0.559701589,0.6109212785,0.6393447571
3542,1.0,0.0,0.0,0.0,1.0,1.0,0.2209987316,0.2131915077,0.5990099521,0.5597013843,0.651877079,0.6480001382
3543,1.0,0.0,0.0,0.0,1.0,1.0,0.232927713,0.2353632754,0.5801652602,0.5673757007,0.6382253129,0.6304353304
3544,1.0,0.0,0.0,0.0,1.0,1.0,0.2272977855,0.2367099029,0.5785953039,0.573529203,0.6350876692,0.6444447975
3545,1.0,0.0,0.0,0.0,1.0,1.0,0.2441256946,0.2611783244,0.5049180894,0.5906046824,0.5714284649,0.6466659152
3546,1.0,0.0,0.0,0.0,1.0,1.0,0.2705492058,0.2780019205,0.4681528876,0.5999997423,0.5494879258,0.656441355
3547,1.0,0.0,0.0,0.0,1.0,1.0,0.2889759942,0.297453221,0.4632587023,0.5856349813,0.544217795,0.6285719249
3548,1.0,0.0,0.0,0.0,1.0,1.0,0.2993650131,0.3154385066,0.4680187554,0.5833334299,0.5548172917,0.6315796251
3549,1.0,0.0,0.0,0.0,1.0,1.0,0.3021932232,0.3187585833,0.4692914409,0.5729166908,0.5647839196,0.6249997108
3550,1.0,0.0,0.0,0.0,1.0,1.0,0.3042463042,0.3154385856,0.4700315918,0.5751293559,0.5647841566,0.6210525337
3551,1.0,0.0,0.0,0.0,1.0,1.0,0.3137964419,0.3232520622,0.4678178232,0.5799997826,0.5610562014,0.6122443548
3552,1.0,0.0,0.0,0.0,1.0,1.0,0.3106586654,0.3193579538,0.4725274071,0.5757574099,0.5662252772,0.6217619665
3553,1.0,0.0,0.0,0.0,1.0,1.0,0.3127184412,0.3253995679,0.4811321179,0.572865028,0.5747506095,0.6122450814
3554,1.0,0.0,0.0,0.0,1.0,1.0,0.310551942,0.3236447122,0.4794953178,0.5786803811,0.5704696796,0.6269433879
3555,1.0,0.0,0.0,0.0,1.0,1.0,0.3215318449,0.3399462547,0.462757554,0.5714291816,0.5612242943,0.6050004877
3556,1.0,0.0,0.0,0.0,1.0,1.0,0.3141105938,0.3241433928,0.4714285957,0.5808080099,0.5608107718,0.6302085769
3557,1.0,0.0,0.0,0.0,1.0,1.0,0.3059189582,0.3195496082,0.4631409975,0.5863877973,0.5612245989,0.6276592921
3558,1.0,0.0,0.0,0.0,1.0,1.0,0.2866861279,0.3049145134,0.4738510128,0.5856351721,0.5728814967,0.6388891253
3559,1.0,0.0,0.0,0.0,1.0,1.0,0.2518918875,0.2741525772,0.4764227577,0.6,0.5729168379,0.6392402131
3560,1.0,0.0,0.0,0.0,1.0,1.0,0.1975641659,0.2277878487,0.4833887642,0.6050418942,0.5618376021,0.6279073289
3561,1.0,0.0,0.0,0.0,1.0,1.0,0.1568406569,0.1956203493,0.4791319801,0.6595746638,0.5480424475,0.6272731559
3562,1.0,0.0,0.0,0.0,1.0,1.0,0.1329225233,0.1767964765,0.4764309341,0.6582292024,0.5451264117,0.6224482801
3563,1.0,0.0,0.0,0.0,1.0,1.0,0.1245095151,0.1695805443,0.4781143719,0.6621608052,0.5415163992,0.6276595003
3564,1.0,0.0,0.0,0.0,1.0,1.0,0.1293397646,0.1683840822,0.4773109025,0.6363636364,0.5398549738,0.6129035282
3565,1.0,0.0,0.0,0.0,1.0,1.0,0.1259801359,0.1683839428,0.4756303281,0.666667616,0.5362318,0.6129043371
3566,1.0,0.0,0.0,0.0,1.0,1.0,0.1112394638,0.1690233678,0.4931506657,0.6461517738,0.5477940762,0.5869570907
3567,1.0,0.0,0.0,0.0,1.0,1.0,0.1078164244,0.1801969106,0.4880136568,0.63491862,0.5464683373,0.5670101944
3568,1.0,0.0,0.0,0.0,1.0,1.0,0.1016384382,0.1812172704,0.4915254515,0.6333323768,0.5457873943,0.5252529864
3569,1.0,0.0,0.0,0.0,1.0,1.0,0.09738139967,0.182554643,0.4888889011,0.5964901685,0.5424354082,0.5050509441
3570,1.0,0.0,0.0,0.0,1.0,1.0,0.08788186101,0.1995153205,0.494827535,0.5882362857,0.5447759489,0.4672908272
3571,1.0,0.0,0.0,0.0,1.0,1.0,0.09054202164,0.1953793886,0.5000000473,0.5769217905,0.5488720085,0.480769472
3572,1.0,0.0,0.0,0.0,1.0,1.0,0.08736384238,0.19537942,0.4999999073,0.5599974521,0.5451128419,0.4519240192
3573,1.0,0.0,0.0,0.0,1.0,1.0,0.08169346606,0.2010154209,0.5026087881,0.5531903352,0.5451125884,0.4392524478
3574,1.0,0.0,0.0,0.0,1.0,1.0,0.08531847097,0.1909046111,0.5034842908,0.5714279524,0.5430714572,0.4215692193
3575,1.0,0.0,0.0,0.0,1.0,1.0,0.08458141179,0.1887834119,0.506044989,0.5714285714,0.5444445603,0.4607835432
3576,1.0,0.0,0.0,0.0,1.0,1.0,0.07912977909,0.1973071062,0.5094663544,0.5652177961,0.5498157313,0.4392527853
3577,1.0,0.0,0.0,0.0,1.0,1.0,0.07926603749,0.2035898733,0.5051724085,0.5652204427,0.5481480006,0.4363626047
3578,1.0,0.0,0.0,0.0,1.0,1.0,0.08271241875,0.1924852714,0.506896587,0.5208319012,0.5444442635,0.4326927755
3579,1.0,0.0,0.0,0.0,1.0,1.0,0.0784544825,0.1878516021,0.4965870803,0.5652188323,0.532846782,0.3786400582
3580,1.0,0.0,0.0,0.0,1.0,1.0,0.08728000349,0.1867088972,0.5085617483,0.5490194412,0.5421246453,0.4215680442
3581,1.0,0.0,0.0,0.0,1.0,1.0,0.07448192447,0.1987735779,0.5077990104,0.5116287349,0.5501856818,0.4018701139
3582,1.0,0.0,0.0,0.0,1.0,1.0,0.07661210578,0.1946476322,0.5104530107,0.5454536459,0.5468166152,0.42307644
3583,1.0,0.0,0.0,0.0,1.0,1.0,0.07287616417,0.1976507518,0.5069443783,0.5,0.5410448405,0.3962256108
3584,1.0,0.0,0.0,0.0,1.0,1.0,0.07967819586,0.1932009169,0.511265136,0.5000023577,0.5427508455,0.3846163472
3585,1.0,0.0,0.0,0.0,1.0,1.0,0.07300287137,0.2032447564,0.5026087941,0.4285684248,0.5373134636,0.3577996889
3586,1.0,0.0,0.0,0.0,1.0,1.0,0.08645689715,0.1995155222,0.4861592128,0.4000008765,0.5149253304,0.3084117125
3587,1.0,0.0,0.0,0.0,1.0,1.0,0.08576679186,0.212287799,0.4991243603,0.2448996883,0.5225565715,0.2743367966
3588,1.0,0.0,0.0,0.0,1.0,1.0,0.09007130442,0.2088383733,0.4922010557,0.25,0.5149256182,0.2678571078
3589,1.0,0.0,0.0,0.0,1.0,1.0,0.096331855,0.2054408303,0.4853700862,0.2142842956,0.51111123,0.2522515301
3590,1.0,0.0,0.0,0.0,1.0,1.0,0.09994412604,0.2043467059,0.4931034923,0.2241396164,0.5167287254,0.2454545094
3591,1.0,0.0,0.0,0.0,1.0,1.0,0.09909003796,0.2028386625,0.4871794494,0.2068987321,0.5055349144,0.2454540819
3592,1.0,0.0,0.0,0.0,1.0,1.0,0.09943008141,0.2020929163,0.485420244,0.2586201674,0.5073528462,0.2545446922
3593,1.0,0.0,0.0,0.0,1.0,1.0,0.09633166462,0.1991506958,0.4870913117,0.2857148539,0.509225165,0.25
3594,1.0,0.0,0.0,0.0,1.0,1.0,0.100626081,0.1973534791,0.481228601,0.3220331457,0.5036231755,0.2660560748
3595,1.0,0.0,0.0,0.0,1.0,1.0,0.08513131421,0.1926196271,0.480408916,0.4200003554,0.5199996448,0.3584911592
3596,1.0,0.0,0.0,0.0,1.0,1.0,0.1384870194,0.1784717117,0.465776395,0.6506026354,0.5321429166,0.6100001999
3597,1.0,0.0,0.0,0.0,1.0,1.0,0.2551420518,0.272108464,0.4796748244,0.5923572776,0.5684931842,0.6352207182
3598,1.0,0.0,0.0,0.0,1.0,1.0,0.3118260847,0.3207669898,0.4831999565,0.5692314761,0.570945931,0.6263159892
3599,1.0,0.0,0.0,0.0,1.0,1.0,0.3230198241,0.3354058036,0.4800000643,0.5693069416,0.5661017398,0.6161614681
3600,1.0,0.0,0.0,0.0,1.0,1.0,0.3363352993,0.3466077222,0.4848484189,0.5687198832,0.5723905266,0.6116504957
3601,1.0,0.0,0.0,0.0,1.0,1.0,0.3358122717,0.3427141975,0.4735999222,0.5761901965,0.564189355,0.6206895055
3602,1.0,0.0,0.0,0.0,1.0,1.0,0.3251001784,0.3428118331,0.4766505456,0.5792077547,0.5699657545,0.6169159533
3603,1.0,0.0,0.0,0.0,1.0,1.0,0.3294160414,0.3394012001,0.4767999818,0.5728162671,0.56996586,0.6130649619
3604,1.0,0.0,0.0,0.0,1.0,1.0,0.3241433661,0.3449250963,0.48171708,0.5686283526,0.5757576327,0.6097562304
3605,1.0,0.0,0.0,0.0,1.0,1.0,0.3236288808,0.3444020372,0.474603175,0.5637255167,0.5709461248,0.6078428826
3606,1.0,0.0,0.0,0.0,1.0,1.0,0.3320826265,0.3513394321,0.4776357804,0.5576921263,0.5631400891,0.6019412646
3607,1.0,0.0,0.0,0.0,1.0,1.0,0.330994185,0.3474089628,0.476575116,0.5658537423,0.5650684313,0.6009852057
3608,1.0,0.0,0.0,0.0,1.0,1.0,0.3288691405,0.3438758514,0.4831459523,0.5756102146,0.5728813323,0.6059117608
3609,1.0,0.0,0.0,0.0,1.0,1.0,0.3390108393,0.3477788828,0.4735999689,0.5801884577,0.5608108865,0.6116499118
3610,1.0,0.0,0.0,0.0,1.0,1.0,0.3379990526,0.3404880528,0.4789644196,0.5741628098,0.5694915066,0.616915244
3611,1.0,0.0,0.0,0.0,1.0,1.0,0.3379522138,0.3427143337,0.4775640038,0.5781996511,0.5709458986,0.6157635468
3612,1.0,0.0,0.0,0.0,1.0,1.0,0.3363662151,0.3416459866,0.4766505601,0.5741625251,0.5680271631,0.6218902836
3613,1.0,0.0,0.0,0.0,1.0,1.0,0.3288695448,0.3382465844,0.478330722,0.5756097823,0.5714283041,0.6231148049
3614,1.0,0.0,0.0,0.0,1.0,1.0,0.3229214048,0.3382993929,0.4765752251,0.5649997549,0.5670101508,0.6091371766
3615,1.0,0.0,0.0,0.0,1.0,1.0,0.3246187951,0.3416457958,0.4736001403,0.5763549597,0.5714286771,0.6169149758
3616,1.0,0.0,0.0,0.0,1.0,1.0,0.318293495,0.3337118615,0.4745223088,0.5799998465,0.5661015728,0.6192891989
3617,1.0,0.0,0.0,0.0,1.0,1.0,0.3126218987,0.3331476244,0.4770931275,0.5757572377,0.5714286251,0.6173469733
3618,1.0,0.0,0.0,0.0,1.0,1.0,0.3099535564,0.330896401,0.4810126969,0.57653029,0.5777025918,0.6122457035
3619,1.0,0.0,0.0,0.0,1.0,1.0,0.3056927171,0.3257566052,0.4786053473,0.5958548168,0.5733789692,0.6178013704
3620,1.0,0.0,0.0,0.0,1.0,1.0,0.3081344149,0.3274619503,0.4840255618,0.5803115246,0.57337891,0.6145832604
3621,1.0,0.0,0.0,0.0,1.0,1.0,0.3098429567,0.3280478141,0.4833068935,0.5897433275,0.5680271596,0.6269435882
3622,1.0,0.0,0.0,0.0,1.0,1.0,0.3065380174,0.3235480819,0.4824281334,0.5989579067,0.5762712251,0.6282718264
3623,1.0,0.0,0.0,0.0,1.0,1.0,0.3009593447,0.3194090142,0.4895329938,0.5935826695,0.5807560845,0.6290326929
3624,1.0,0.0,0.0,0.0,1.0,1.0,0.3116191068,0.3245608951,0.4846526962,0.5958549576,0.5704468621,0.6190474534
3625,1.0,0.0,0.0,0.0,1.0,1.0,0.3121235035,0.3297127793,0.4741099909,0.5958550001,0.5635740898,0.6145829461
3626,1.0,0.0,0.0,0.0,1.0,1.0,0.3130388104,0.3308500549,0.4828711473,0.5989585393,0.5724140931,0.6250001454
3627,1.0,0.0,0.0,0.0,1.0,1.0,0.3156991913,0.3308494261,0.4877250635,0.6062176342,0.5689656472,0.6197920761
3628,1.0,0.0,0.0,0.0,1.0,1.0,0.3110095324,0.322455032,0.4813614019,0.6041670747,0.5709459548,0.6178012836
3629,1.0,0.0,0.0,0.0,1.0,1.0,0.3069025936,0.3207667941,0.4839227846,0.6125654753,0.5709459925,0.6105263036
3630,1.0,0.0,0.0,0.0,1.0,1.0,0.3083902742,0.3196870398,0.4781906821,0.6230362953,0.5690235641,0.6210522073
3631,1.0,0.0,0.0,0.0,1.0,1.0,0.2929122949,0.3055723353,0.4814815464,0.6208786738,0.5675674285,0.6187847498
3632,1.0,0.0,0.0,0.0,1.0,1.0,0.286247753,0.2957529258,0.4902913681,0.6214692713,0.5714286785,0.6206895678
3633,1.0,0.0,0.0,0.0,1.0,1.0,0.2876206736,0.2998322434,0.4919614137,0.6256980606,0.5796609088,0.621469645
3634,1.0,0.0,0.0,0.0,1.0,1.0,0.300475356,0.3129566197,0.4823151196,0.6149728158,0.5723907616,0.6129039881
3635,1.0,0.0,0.0,0.0,1.0,1.0,0.28739993,0.3035848772,0.4846526899,0.6179783539,0.5699658041,0.6123594558
3636,1.0,0.0,0.0,0.0,1.0,1.0,0.294048091,0.3127507488,0.4871381877,0.612021543,0.5748297401,0.6032609345
3637,1.0,0.0,0.0,0.0,1.0,1.0,0.2995120753,0.3129564527,0.4855768717,0.609625875,0.5723904063,0.607527198
3638,1.0,0.0,0.0,0.0,1.0,1.0,0.2931055125,0.3133841892,0.4839743488,0.6120214234,0.5728811863,0.6108116161
3639,1.0,0.0,0.0,0.0,1.0,1.0,0.2983887089,0.3140137323,0.4847511373,0.6075266899,0.5709459762,0.6182787642
3640,1.0,0.0,0.0,0.0,1.0,1.0,0.3065380762,0.3180039179,0.4776358239,0.5885425365,0.5656564341,0.6137561309
3641,1.0,0.0,0.0,0.0,1.0,1.0,0.2951803712,0.309351142,0.4783305975,0.6086952949,0.5680272284,0.6098897643
3642,1.0,0.0,0.0,0.0,1.0,1.0,0.2991957855,0.311690409,0.474522386,0.606382916,0.5661016822,0.6195647721
3643,1.0,0.0,0.0,0.0,1.0,1.0,0.2931056902,0.3110509611,0.4807692647,0.6120216214,0.5714287317,0.6174858855
3644,1.0,0.0,0.0,0.0,1.0,1.0,0.2931053817,0.3066083867,0.4791666427,0.6120222863,0.5728814941,0.624309271
3645,1.0,0.0,0.0,0.0,1.0,1.0,0.2919714999,0.3059515539,0.4831461866,0.6043956443,0.5748300161,0.6222226577
3646,1.0,0.0,0.0,0.0,1.0,1.0,0.292636589,0.3114699915,0.4703999545,0.6065578825,0.5616440696,0.6153845237
3647,1.0,0.0,0.0,0.0,1.0,1.0,0.2990329044,0.3172291748,0.4735999975,0.6096255484,0.5665530232,0.6129036856
3648,1.0,0.0,0.0,0.0,1.0,1.0,0.3022313167,0.3184660814,0.4832000322,0.6084664406,0.5796610395,0.617021796
3649,1.0,0.0,0.0,0.0,1.0,1.0,0.2988683554,0.3144505819,0.4774920439,0.6075277651,0.5714284646,0.6162162997
3650,1.0,0.0,0.0,0.0,1.0,1.0,0.2837123755,0.3018788699,0.4774192397,0.6136361372,0.5699657504,0.6158187892
3651,1.0,0.0,0.0,0.0,1.0,1.0,0.2256264924,0.2366169169,0.4933109792,0.6222215831,0.5759715457,0.6417906844
3652,1.0,0.0,0.0,0.0,1.0,1.0,0.1648562894,0.1677895052,0.4862543171,0.59375,0.5437956876,0.6413046211
3653,1.0,0.0,0.0,0.0,1.0,1.0,0.1801711273,0.1786007449,0.4744899118,0.6226418493,0.5379062339,0.6565646393
3654,1.0,0.0,0.0,0.0,1.0,1.0,0.2235813413,0.2277880011,0.4808013266,0.6417915455,0.5618374278,0.6511623276
3655,1.0,0.0,0.0,0.0,1.0,1.0,0.2662988194,0.2813114695,0.4769736423,0.6172831307,0.5629372417,0.6335412858
3656,1.0,0.0,0.0,0.0,1.0,1.0,0.2727234947,0.2880334013,0.47549021,0.6107787785,0.5625000708,0.6204817304
3657,1.0,0.0,0.0,0.0,1.0,1.0,0.2788002036,0.2974121354,0.4845023593,0.6140344244,0.5743945849,0.6162788658
3658,1.0,0.0,0.0,0.0,1.0,1.0,0.2887999297,0.3046241438,0.4772727536,0.6123599106,0.5684930838,0.6123594329
3659,1.0,0.0,0.0,0.0,1.0,1.0,0.2802322365,0.3005193973,0.4748784992,0.6127163849,0.5670101783,0.6114293532
3660,1.0,0.0,0.0,0.0,1.0,1.0,0.2793268576,0.2991526264,0.4733441606,0.6127167052,0.5646259178,0.6250006139
3661,1.0,0.0,0.0,0.0,1.0,1.0,0.283255461,0.2957529905,0.4734299466,0.613635888,0.564625908,0.6206904281
3662,1.0,0.0,0.0,0.0,1.0,1.0,0.2869365893,0.3052901026,0.4806452396,0.6123589673,0.5733788004,0.6089382625
3663,1.0,0.0,0.0,0.0,1.0,1.0,0.2813961446,0.2981095681,0.4741101171,0.620690043,0.5586207,0.6184966812
3664,1.0,0.0,0.0,0.0,1.0,1.0,0.287620852,0.3056710838,0.4823151664,0.6145246245,0.57388305,0.6123598933
3665,1.0,0.0,0.0,0.0,1.0,1.0,0.2813964465,0.2994904667,0.4805824452,0.6149420709,0.5719178831,0.6171422985
3666,1.0,0.0,0.0,0.0,1.0,1.0,0.2744832981,0.2867814928,0.4684976087,0.6176469841,0.560137545,0.6287425537
3667,1.0,0.0,0.0,0.0,1.0,1.0,0.2552117265,0.2717781442,0.481054382,0.6322571832,0.5684208987,0.632258563
3668,1.0,0.0,0.0,0.0,1.0,1.0,0.2386729152,0.2489898835,0.490878965,0.6250001882,0.5714285714,0.6433574599
3669,1.0,0.0,0.0,0.0,1.0,1.0,0.2254632276,0.2199473875,0.4915826109,0.6119400391,0.566901415,0.6639999864
3670,1.0,0.0,0.0,0.0,1.0,1.0,0.2090668107,0.1956205777,0.4931971907,0.6097568539,0.5587186936,0.6454546505
3671,1.0,0.0,0.0,0.0,1.0,1.0,0.1741834373,0.1600530089,0.4737732151,0.5922322453,0.5373664103,0.6555564513
3672,1.0,0.0,0.0,0.0,1.0,1.0,0.1537601777,0.1402097597,0.4735042037,0.5777777778,0.5251799731,0.6410266096
3673,1.0,0.0,0.0,0.0,1.0,1.0,0.1852708545,0.1648017091,0.4778911485,0.6055043362,0.5425531915,0.645161512
3674,1.0,0.0,0.0,0.0,1.0,1.0,0.2461434589,0.238620983,0.4859504516,0.6040271407,0.5743944346,0.6304351821
3675,1.0,0.0,0.0,0.0,1.0,1.0,0.2660851753,0.2677686668,0.4772727455,0.6341471244,0.5699659201,0.6242039285
3676,1.0,0.0,0.0,0.0,1.0,1.0,0.2823463027,0.2872545452,0.4767255293,0.6193176317,0.5714288367,0.6213026701
3677,1.0,0.0,0.0,0.0,1.0,1.0,0.2896472935,0.2921955812,0.4713375735,0.642856625,0.5747510477,0.625
3678,1.0,0.0,0.0,0.0,1.0,1.0,0.3034870607,0.3087976708,0.4769474817,0.6230365355,0.5780732667,0.5967744775
3679,1.0,0.0,0.0,0.0,1.0,1.0,0.2991960004,0.3091921743,0.4777070009,0.6223411126,0.5785953189,0.5999992968
3680,1.0,0.0,0.0,0.0,1.0,1.0,0.3018982413,0.3087977008,0.48648643,0.6315796765,0.5847175959,0.6021500685
3681,1.0,0.0,0.0,0.0,1.0,1.0,0.2953621002,0.3018449744,0.4744410016,0.6270270787,0.5704698161,0.6055548739
3682,1.0,0.0,0.0,0.0,1.0,1.0,0.2948910574,0.30016776,0.4720893148,0.6108104908,0.5738256155,0.5977649393
3683,1.0,0.0,0.0,0.0,1.0,1.0,0.298079332,0.3025065624,0.4736842841,0.6203204291,0.5685618337,0.6077352753
3684,1.0,0.0,0.0,0.0,1.0,1.0,0.2990327886,0.3008353324,0.4736000151,0.6203207557,0.5719062691,0.5999997574
3685,1.0,0.0,0.0,0.0,1.0,1.0,0.2953620301,0.2965011117,0.476038387,0.6216220126,0.5766666481,0.5955060403
3686,1.0,0.0,0.0,0.0,1.0,1.0,0.2903678544,0.2958215867,0.4799357592,0.6243097184,0.5785953348,0.6045203517
3687,1.0,0.0,0.0,0.0,1.0,1.0,0.291503914,0.2994960779,0.4743590036,0.6263736264,0.5723906666,0.606741573
3688,1.0,0.0,0.0,0.0,1.0,1.0,0.289693626,0.2951371006,0.4782608696,0.6277776481,0.5738256191,0.607953746
3689,1.0,0.0,0.0,0.0,1.0,1.0,0.2945216049,0.302861006,0.4766504559,0.6284151298,0.5723906646,0.5999995113
3690,1.0,0.0,0.0,0.0,1.0,1.0,0.2921691241,0.2948354727,0.455271555,0.6284146845,0.5566667727,0.6045192556
3691,1.0,0.0,0.0,0.0,1.0,1.0,0.2919717518,0.3005079014,0.4494381547,0.6373626374,0.543919068,0.6011229786
3692,1.0,0.0,0.0,0.0,1.0,1.0,0.2919715354,0.297131594,0.4526484014,0.6263735203,0.5506756907,0.5909088075
3693,1.0,0.0,0.0,0.0,1.0,1.0,0.2921692238,0.2968142538,0.450479165,0.6174858061,0.5536911246,0.5875704933
3694,1.0,0.0,0.0,0.0,1.0,1.0,0.2980790432,0.3031640232,0.4513557237,0.6256685063,0.5466665977,0.5879122755
3695,1.0,0.0,0.0,0.0,1.0,1.0,0.3035460998,0.3102296631,0.4733441553,0.6276598578,0.5637584138,0.5945944356
3696,1.0,0.0,0.0,0.0,1.0,1.0,0.3106154573,0.3164898338,0.4734299901,0.6269430876,0.5700000073,0.5736847998
3697,1.0,0.0,0.0,0.0,1.0,1.0,0.3085094038,0.3108630567,0.4758843191,0.6249991273,0.5685620253,0.5752692434
3698,1.0,0.0,0.0,0.0,1.0,1.0,0.3182936216,0.3216027816,0.4697451799,0.6200004218,0.5610559401,0.5794872087
3699,1.0,0.0,0.0,0.0,1.0,1.0,0.3225545566,0.3211324093,0.4785373722,0.6206891734,0.5704919439,0.5867349665
3700,1.0,0.0,0.0,0.0,1.0,1.0,0.3069090464,0.3067597087,0.4797136157,0.6217613886,0.5775577376,0.6021511951
3701,1.0,0.0,0.0,0.0,1.0,1.0,0.3096185382,0.3011565092,0.4863564187,0.6269425643,0.5794701507,0.5989008675
3702,1.0,0.0,0.0,0.0,1.0,1.0,0.310865724,0.300496379,0.4907333539,0.6165798106,0.5813954002,0.5911607288
3703,1.0,0.0,0.0,0.0,1.0,1.0,0.3156978748,0.3117074407,0.4778404421,0.6224489215,0.5742574877,0.5820107257
3704,1.0,0.0,0.0,0.0,1.0,1.0,0.3219356679,0.3129398349,0.485576884,0.611940584,0.5770490277,0.5811520433
3705,1.0,0.0,0.0,0.0,1.0,1.0,0.3127284857,0.302811234,0.487096822,0.6185569026,0.5761589991,0.5792343731
3706,1.0,0.0,0.0,0.0,1.0,1.0,0.3178207388,0.3094297416,0.4915254713,0.6142134109,0.5794703797,0.5828867804
3707,1.0,0.0,0.0,0.0,1.0,1.0,0.3157817486,0.3057503855,0.4883720685,0.614213452,0.5822367924,0.5806446674
3708,1.0,0.0,0.0,0.0,1.0,1.0,0.3190558344,0.3080247375,0.4844374208,0.6150001866,0.5770490766,0.5851065942
3709,1.0,0.0,0.0,0.0,1.0,1.0,0.3142698173,0.3070181273,0.4860335855,0.6243655889,0.5751634312,0.5851065678
3710,1.0,0.0,0.0,0.0,1.0,1.0,0.3173846135,0.309663174,0.4803528834,0.6212125385,0.573770609,0.5873013858
3711,1.0,0.0,0.0,0.0,1.0,1.0,0.3119737106,0.3024629331,0.4754626249,0.6288666319,0.5756580299,0.6032608102
3712,1.0,0.0,0.0,0.0,1.0,1.0,0.3130780611,0.3008190496,0.4811245715,0.6153841772,0.5756578323,0.5901639344
3713,1.0,0.0,0.0,0.0,1.0,1.0,0.3100045683,0.2978472243,0.4798061585,0.6093749292,0.5662251501,0.577778261
3714,1.0,0.0,0.0,0.0,1.0,1.0,0.3176399381,0.3024630284,0.4783307182,0.6161610856,0.5657893971,0.5760866951
3715,1.0,0.0,0.0,0.0,1.0,1.0,0.3116192011,0.2995015213,0.4862681697,0.6165802534,0.5728478851,0.5801100265
3716,1.0,0.0,0.0,0.0,1.0,1.0,0.312980937,0.3044656671,0.4786117651,0.6082466709,0.5695362422,0.5760872177
3717,1.0,0.0,0.0,0.0,1.0,1.0,0.3101159263,0.2995013252,0.4726688059,0.616579948,0.5662250374,0.591161007
3718,1.0,0.0,0.0,0.0,1.0,1.0,0.303688697,0.2905355102,0.4549838953,0.6137563124,0.5415281313,0.5828571859
3719,1.0,0.0,0.0,0.0,1.0,1.0,0.2827849458,0.2658451004,0.3888440102,0.5942851022,0.4680132581,0.5569623878
3720,1.0,0.0,0.0,0.0,1.0,1.0,0.2669518368,0.2413615107,0.3664495209,0.5975600806,0.4421768186,0.5422539262
3721,1.0,0.0,0.0,0.0,1.0,1.0,0.2703406764,0.2481492356,0.3606557639,0.6,0.434931682,0.5448280601
3722,1.0,0.0,0.0,0.0,1.0,1.0,0.2818099159,0.2634584212,0.37049184,0.6046508158,0.4421770933,0.5419363118
3723,1.0,0.0,0.0,0.0,1.0,1.0,0.2820409827,0.261758546,0.3650533322,0.6046512501,0.4489796665,0.5519490324
3724,1.0,0.0,0.0,0.0,1.0,1.0,0.2792197991,0.2634583234,0.3623665477,0.6058817973,0.43197269,0.548387458
3725,1.0,0.0,0.0,0.0,1.0,1.0,0.2775308116,0.2532368704,0.3652892166,0.6190472537,0.4425676754,0.5599997135
3726,1.0,0.0,0.0,0.0,1.0,1.0,0.2770234551,0.2541241918,0.3410788344,0.6287422945,0.4232082824,0.5704700183
3727,1.0,0.0,0.0,0.0,1.0,1.0,0.2782630854,0.2599899498,0.3360791203,0.6331365179,0.422297232,0.5584415948
3728,1.0,0.0,0.0,0.0,1.0,1.0,0.2801088387,0.2609463939,0.3416252155,0.6331368778,0.4266212695,0.5686278332
3729,1.0,0.0,0.0,0.0,1.0,1.0,0.2801090762,0.2609464972,0.3416251306,0.6272192193,0.4266212513,0.5620915672
3730,1.0,0.0,0.0,0.0,1.0,1.0,0.2613798783,0.2310353493,0.352891868,0.6153845098,0.434931399,0.5481472673
3731,1.0,0.0,0.0,0.0,1.0,1.0,0.1907864658,0.1342005442,0.4010508823,0.5779813659,0.4593641851,0.5921073921
3732,1.0,0.0,0.0,0.0,1.0,1.0,0.1538993156,0.09267552491,0.4800724777,0.43529319,0.5127273378,0.4313739179
3733,1.0,0.0,0.0,0.0,1.0,1.0,0.1548687056,0.09381062561,0.4774774322,0.4651161113,0.5090251374,0.4423074629
3734,1.0,0.0,0.0,0.0,1.0,1.0,0.2072014172,0.1472859985,0.4651567631,0.5714295991,0.529824485,0.6428584167
3735,1.0,0.0,0.0,0.0,1.0,1.0,0.2573811461,0.2185223077,0.4749164616,0.5974027259,0.5559320972,0.6124028
3736,1.0,0.0,0.0,0.0,1.0,1.0,0.2974624894,0.2781782036,0.4734259417,0.6208791738,0.5633335574,0.5928139466
3737,1.0,0.0,0.0,0.0,1.0,1.0,0.3143403711,0.3024624676,0.4790323296,0.6153850354,0.5723684579,0.581521041
3738,1.0,0.0,0.0,0.0,1.0,1.0,0.3187322557,0.3086510192,0.4711538257,0.613066043,0.5686275007,0.5661372993
3739,1.0,0.0,0.0,0.0,1.0,1.0,0.3141791309,0.3070180045,0.4659181636,0.6173470413,0.5653594736,0.5797873764
3740,1.0,0.0,0.0,0.0,1.0,1.0,0.3147722678,0.3066472089,0.4692247184,0.6142135688,0.5616883105,0.5767196263
3741,1.0,0.0,0.0,0.0,1.0,1.0,0.3161985938,0.3147590797,0.4610493023,0.6130653871,0.5681818663,0.577319865
3742,1.0,0.0,0.0,0.0,1.0,1.0,0.3214764363,0.3233490401,0.4665605038,0.6138611108,0.5686272988,0.5757575758
3743,1.0,0.0,0.0,0.0,1.0,1.0,0.3222984464,0.325551289,0.4583002316,0.6157636304,0.5602605966,0.5749998655
3744,1.0,0.0,0.0,0.0,1.0,1.0,0.3167805232,0.3190399076,0.4627575689,0.6350000216,0.5602606528,0.5765305897
3745,1.0,0.0,0.0,0.0,1.0,1.0,0.3289102614,0.3249819046,0.4737679464,0.6183571774,0.5718953573,0.5829146279
3746,1.0,0.0,0.0,0.0,1.0,1.0,0.3243592435,0.3227705236,0.4820142732,0.6206894376,0.5770491471,0.5837571922
3747,1.0,0.0,0.0,0.0,1.0,1.0,0.3257320979,0.3217157147,0.4848967411,0.6097553913,0.5816993065,0.5736043328
3748,1.0,0.0,0.0,0.0,1.0,1.0,0.3199483905,0.3228717846,0.4770205645,0.6237618023,0.5779222103,0.5829145567
3749,1.0,0.0,0.0,0.0,1.0,1.0,0.3145207142,0.3139695352,0.480830736,0.6142138248,0.5789472745,0.5759160994
3750,1.0,0.0,0.0,0.0,1.0,1.0,0.3219356513,0.320544546,0.4887820465,0.6268659803,0.5822369829,0.5897442802
3751,1.0,0.0,0.0,0.0,1.0,1.0,0.3241433119,0.3239233988,0.4817169825,0.6225492313,0.5765472114,0.5829151624
3752,1.0,0.0,0.0,0.0,1.0,1.0,0.3156132209,0.310901595,0.4832536632,0.6363634344,0.5765472733,0.6073298851
3753,1.0,0.0,0.0,0.0,1.0,1.0,0.308744675,0.3102844782,0.4904458464,0.6237113343,0.5882354222,0.5947371746
3754,1.0,0.0,0.0,0.0,1.0,1.0,0.3218407562,0.3244940409,0.4853986271,0.6274511288,0.5811686859,0.5799998897
3755,1.0,0.0,0.0,0.0,1.0,1.0,0.3161985634,0.3227704949,0.4864866015,0.6331652992,0.5770490265,0.5989844449
3756,1.0,0.0,0.0,0.0,1.0,1.0,0.3106907654,0.3222955516,0.4813639124,0.6326526748,0.5765472278,0.5959595069
3757,1.0,0.0,0.0,0.0,1.0,1.0,0.314110304,0.3200828287,0.4825397525,0.6313127799,0.5784313797,0.5918368272
3758,1.0,0.0,0.0,0.0,1.0,1.0,0.3176092941,0.3282477852,0.47984183,0.6368151625,0.5686273436,0.5970148092
3759,1.0,0.0,0.0,0.0,1.0,1.0,0.3151966039,0.3276859317,0.4801901266,0.6331663744,0.5770491767,0.5899998219
3760,1.0,0.0,0.0,0.0,1.0,1.0,0.3076431846,0.3139693436,0.4848484338,0.6321240537,0.5789473107,0.5968591936
3761,1.0,0.0,0.0,0.0,1.0,1.0,0.3025686386,0.3051101948,0.4879227613,0.6382976216,0.580858128,0.5999997605
3762,1.0,0.0,0.0,0.0,1.0,1.0,0.3091219753,0.3160485609,0.483974323,0.6424866268,0.5728476762,0.5968587161
3763,1.0,0.0,0.0,0.0,1.0,1.0,0.3085092361,0.3143938072,0.4871382163,0.6354165626,0.582781499,0.5947371608
3764,1.0,0.0,0.0,0.0,1.0,1.0,0.3144309507,0.3226672143,0.4927768381,0.6428567576,0.5927152967,0.5897437009
3765,1.0,0.0,0.0,0.0,1.0,1.0,0.2987022508,0.3044658306,0.4894991225,0.6432425936,0.586092544,0.5978259179
3766,1.0,0.0,0.0,0.0,1.0,1.0,0.3101162511,0.3133562621,0.4871382727,0.6373063229,0.5808580963,0.6
3767,1.0,0.0,0.0,0.0,1.0,1.0,0.3107238006,0.3183040341,0.4871794738,0.63917557,0.5775578304,0.6010361584
3768,1.0,0.0,0.0,0.0,1.0,1.0,0.3175644434,0.3199533871,0.4903225778,0.6294420185,0.5775577872,0.592783782
3769,1.0,0.0,0.0,0.0,1.0,1.0,0.3133299511,0.3172568022,0.4855304395,0.641024813,0.5789475187,0.5958547999
3770,1.0,0.0,0.0,0.0,1.0,1.0,0.2967349882,0.2988364411,0.481239854,0.6428566185,0.5780732015,0.5944440321
3771,1.0,0.0,0.0,0.0,1.0,1.0,0.2967348856,0.305849169,0.482871199,0.648351715,0.5819397512,0.5956284285
3772,1.0,0.0,0.0,0.0,1.0,1.0,0.3085092401,0.309038079,0.4935690418,0.635416761,0.5855264804,0.5957448777
3773,1.0,0.0,0.0,0.0,1.0,1.0,0.3077698502,0.3100579502,0.4829821792,0.6368426215,0.5874588674,0.5851059906
3774,1.0,0.0,0.0,0.0,1.0,1.0,0.3067753068,0.3084088331,0.491114776,0.6263155125,0.5841584087,0.5882352257
3775,1.0,0.0,0.0,0.0,1.0,1.0,0.3245359126,0.3216028463,0.4846526698,0.6318408596,0.5709572951,0.5846149622
3776,1.0,0.0,0.0,0.0,1.0,1.0,0.3123256605,0.3166548728,0.4807693101,0.625641398,0.5775577429,0.5885417132
3777,1.0,0.0,0.0,0.0,1.0,1.0,0.3102265621,0.3166547145,0.4783999867,0.6391754697,0.5742571543,0.5885413841
3778,1.0,0.0,0.0,0.0,1.0,1.0,0.3075206119,0.3094298156,0.4759615855,0.6354165169,0.572847717,0.5935832339
3779,1.0,0.0,0.0,0.0,1.0,1.0,0.3041779984,0.3098267259,0.4734298743,0.6349211021,0.5666667532,0.5967740392
3780,1.0,0.0,0.0,0.0,1.0,1.0,0.3009591376,0.3087977464,0.4782609304,0.6524060005,0.5747508653,0.6075264858
3781,1.0,0.0,0.0,0.0,1.0,1.0,0.2979106756,0.301811741,0.4791666465,0.6505379907,0.5676565788,0.6065576334
3782,1.0,0.0,0.0,0.0,1.0,1.0,0.2908345134,0.2895735865,0.483922731,0.6464083252,0.5662252234,0.617143459
3783,1.0,0.0,0.0,0.0,1.0,1.0,0.2862401547,0.2902670056,0.4767999133,0.6536308638,0.5676569682,0.6136358859
3784,1.0,0.0,0.0,0.0,1.0,1.0,0.2839502964,0.2836697492,0.4767255324,0.6497177657,0.5643563177,0.6220924312
3785,1.0,0.0,0.0,0.0,1.0,1.0,0.2915038951,0.2968636323,0.4743589254,0.6483513271,0.570957267,0.6111113164
3786,1.0,0.0,0.0,0.0,1.0,1.0,0.2876207266,0.293565543,0.4855304966,0.6368716055,0.5808581379,0.6123591646
3787,1.0,0.0,0.0,0.0,1.0,1.0,0.2862481,0.2944485471,0.4773462795,0.6440676495,0.565656685,0.605714429
3788,1.0,0.0,0.0,0.0,1.0,1.0,0.289269095,0.2937550239,0.4796748791,0.6460670981,0.564189279,0.6321842116
3789,1.0,0.0,0.0,0.0,1.0,1.0,0.2916404432,0.2998324822,0.4803278991,0.6516853104,0.5661017539,0.621469485
3790,1.0,0.0,0.0,0.0,1.0,1.0,0.2876685495,0.2957529857,0.4769736644,0.6571431423,0.5578229853,0.6264373369
3791,1.0,0.0,0.0,0.0,1.0,1.0,0.2958876593,0.3008526006,0.49013171,0.6388894655,0.578231135,0.6214693615
3792,1.0,0.0,0.0,0.0,1.0,1.0,0.2914355756,0.2967624232,0.479407005,0.6497171756,0.5665529538,0.6264367597
3793,1.0,0.0,0.0,0.0,1.0,1.0,0.2983652785,0.3018446476,0.4845024302,0.6448086045,0.5704696916,0.6166672196
3794,1.0,0.0,0.0,0.0,1.0,1.0,0.3048869919,0.3140140009,0.4861338244,0.6417110538,0.5743242691,0.6129028442
3795,1.0,0.0,0.0,0.0,1.0,1.0,0.3063863437,0.3133843048,0.4868851701,0.6417105481,0.5728812494,0.6162156098
3796,1.0,0.0,0.0,0.0,1.0,1.0,0.3031096847,0.3099963323,0.4803279194,0.643243192,0.5661016017,0.6120214715
3797,1.0,0.0,0.0,0.0,1.0,1.0,0.3013141685,0.306996026,0.479406944,0.6502737215,0.5631401078,0.6222217351
3798,1.0,0.0,0.0,0.0,1.0,1.0,0.3051103409,0.3127504619,0.4785479037,0.6486482643,0.5680272565,0.6141295088
3799,1.0,0.0,0.0,0.0,1.0,1.0,0.3061203612,0.3131809579,0.4884105938,0.6432425111,0.5787673889,0.6120214546
3800,1.0,0.0,0.0,0.0,1.0,1.0,0.304177811,0.3105904683,0.4882943589,0.6428569728,0.5729164865,0.6145254778
3801,1.0,0.0,0.0,0.0,1.0,1.0,0.3136813486,0.3211262362,0.4858097511,0.6382985219,0.5738830495,0.598930475
3802,1.0,0.0,0.0,0.0,1.0,1.0,0.3102294236,0.3147030757,0.4832215538,0.6432431605,0.5674739272,0.6043953807
3803,1.0,0.0,0.0,0.0,1.0,1.0,0.3112739828,0.3095159833,0.4966330329,0.6432434864,0.5778545337,0.6145249756
3804,1.0,0.0,0.0,0.0,1.0,1.0,0.3068753812,0.3151550826,0.4865771018,0.6502740309,0.5644600326,0.6187840949
3805,1.0,0.0,0.0,0.0,1.0,1.0,0.3113841615,0.3181612064,0.4958123677,0.6397843066,0.5743943745,0.6032615231
3806,1.0,0.0,0.0,0.0,1.0,1.0,0.3136811296,0.3181613495,0.4924874641,0.6436171431,0.5709342934,0.6086949402
3807,1.0,0.0,0.0,0.0,1.0,1.0,0.3164899001,0.3176921213,0.4866665933,0.6315782765,0.5738834318,0.6054050902
3808,1.0,0.0,0.0,0.0,1.0,1.0,0.3148243409,0.3118945567,0.4849999554,0.6243386427,0.5689656146,0.613259075
3809,1.0,0.0,0.0,0.0,1.0,1.0,0.3148243625,0.3138177715,0.4966666214,0.6296293724,0.5767918484,0.6086957556
3810,1.0,0.0,0.0,0.0,1.0,1.0,0.3144866629,0.3161497185,0.4827017891,0.6335070457,0.5680270367,0.6075265936
3811,1.0,0.0,0.0,0.0,1.0,1.0,0.3127393578,0.3093509566,0.4834436987,0.6296292766,0.5680270703,0.5934070557
3812,1.0,0.0,0.0,0.0,1.0,1.0,0.3102845462,0.3089489992,0.4803921163,0.6263156857,0.5709460403,0.595628514
3813,1.0,0.0,0.0,0.0,1.0,1.0,0.307645602,0.3068754054,0.4755700387,0.6402123576,0.5671140619,0.6120221522
3814,1.0,0.0,0.0,0.0,1.0,1.0,0.3085095738,0.3131584858,0.4758842499,0.6302081247,0.569999804,0.6010631256
3815,1.0,0.0,0.0,0.0,1.0,1.0,0.3071454828,0.3112738439,0.4796747577,0.6296294071,0.5723904257,0.6054058832
3816,1.0,0.0,0.0,0.0,1.0,1.0,0.3061497203,0.3108630948,0.4862235775,0.6349203534,0.5752509036,0.6075269851
3817,1.0,0.0,0.0,0.0,1.0,1.0,0.3113013722,0.3140137894,0.4819672023,0.6368418259,0.5743243678,0.6129029148
3818,1.0,0.0,0.0,0.0,1.0,1.0,0.3139693075,0.3190786412,0.4851974323,0.6335077072,0.5743241418,0.6084646253
3819,1.0,0.0,0.0,0.0,1.0,1.0,0.3072664948,0.3095917223,0.4892561749,0.6397852513,0.5791245405,0.6141297333
3820,1.0,0.0,0.0,0.0,1.0,1.0,0.3119064071,0.3108230893,0.4865770629,0.6451606513,0.5704469528,0.6187843848
3821,1.0,0.0,0.0,0.0,1.0,1.0,0.3084277499,0.3095158832,0.4856661352,0.6338795405,0.5640139843,0.6089390579
3822,1.0,0.0,0.0,0.0,1.0,1.0,0.3055729525,0.3067255053,0.488175709,0.6298340344,0.5655173736,0.6067409534
3823,1.0,0.0,0.0,0.0,1.0,1.0,0.3149859687,0.3118951612,0.4906303185,0.6324320566,0.5724138475,0.6077348466
3824,1.0,0.0,0.0,0.0,1.0,1.0,0.3163450685,0.3156131518,0.492173902,0.6318686179,0.5719297744,0.6
3825,1.0,0.0,0.0,0.0,1.0,1.0,0.3034324011,0.3107804677,0.4322470743,0.6327679731,0.5229681753,0.6022721993
3826,1.0,0.0,0.0,0.0,1.0,1.0,0.2949744655,0.3041006883,0.3767361771,0.6529407133,0.4519574442,0.614035127
3827,1.0,0.0,0.0,0.0,1.0,1.0,0.3120208952,0.3186137621,0.3691057257,0.5833341223,0.4429530951,0.547368477
3828,1.0,0.0,0.0,0.0,1.0,1.0,0.3073855904,0.3051867643,0.3936730086,0.6400002972,0.4571427624,0.5847954678
3829,1.0,0.0,0.0,0.0,1.0,1.0,0.3084918492,0.3019898252,0.3935017343,0.6549711822,0.4712229013,0.5892860098
3830,1.0,0.0,0.0,0.0,1.0,1.0,0.3234558744,0.3193164407,0.3927272229,0.6348308587,0.4729242747,0.5762712695
3831,1.0,0.0,0.0,0.0,1.0,1.0,0.3402354129,0.3360797766,0.3900708851,0.6249996523,0.4542252837,0.5602098096
3832,1.0,0.0,0.0,0.0,1.0,1.0,0.324818507,0.3296404342,0.3982142205,0.6263734904,0.4701754582,0.5744682125
3833,1.0,0.0,0.0,0.0,1.0,1.0,0.3225150457,0.315974578,0.3971630962,0.6373632842,0.4776631354,0.5760871093
3834,1.0,0.0,0.0,0.0,1.0,1.0,0.3319574593,0.3205107326,0.3839286132,0.6397846097,0.4689655564,0.5806451276
3835,1.0,0.0,0.0,0.0,1.0,1.0,0.3343457889,0.321126413,0.386690555,0.6290325034,0.460481044,0.5775402418
3836,1.0,0.0,0.0,0.0,1.0,1.0,0.3241916355,0.3068756088,0.379928248,0.6353588124,0.4664429074,0.584699866
3837,1.0,0.0,0.0,0.0,1.0,1.0,0.326096708,0.3044657594,0.3827160877,0.6486485131,0.4701986369,0.5923915455
3838,1.0,0.0,0.0,0.0,1.0,1.0,0.3384073894,0.3060181465,0.3912280518,0.6321244404,0.4853420485,0.5691494005
3839,1.0,0.0,0.0,0.0,1.0,1.0,0.3226269692,0.2962515669,0.4333334114,0.6413044566,0.5179151552,0.5879125271
3840,1.0,0.0,0.0,0.0,1.0,1.0,0.3158020616,0.2754238683,0.4667864064,0.6477271892,0.5511550732,0.5808378527
3841,1.0,0.0,0.0,0.0,1.0,1.0,0.3217627471,0.279449106,0.465827402,0.6368721322,0.5559209027,0.5647059447
3842,1.0,0.0,0.0,0.0,1.0,1.0,0.3258656369,0.2770728672,0.4699453926,0.6312846033,0.5643563993,0.565476322
3843,1.0,0.0,0.0,0.0,1.0,1.0,0.3182576949,0.2681835522,0.5102420604,0.6315794014,0.5933333989,0.5527954508
3844,1.0,0.0,0.0,0.0,1.0,1.0,0.3312758486,0.2793053362,0.5224719638,0.6214691556,0.5959597335,0.5542170277
3845,1.0,0.0,0.0,0.0,1.0,1.0,0.3399587377,0.2867525529,0.5148699028,0.622950787,0.5973153645,0.5438598174
3846,1.0,0.0,0.0,0.0,1.0,1.0,0.3288125703,0.2860356249,0.5130112274,0.6271192923,0.5925927566,0.5588237897
3847,1.0,0.0,0.0,0.0,1.0,1.0,0.3343925503,0.3025523195,0.5102804182,0.6201116437,0.5918368522,0.544943743
3848,1.0,0.0,0.0,0.0,1.0,1.0,0.3282027563,0.2896689756,0.5157699862,0.632768277,0.5932202412,0.5555551866
3849,1.0,0.0,0.0,0.0,1.0,1.0,0.326348304,0.2899402529,0.5083487159,0.619318381,0.5870307091,0.5529416941
3850,1.0,0.0,0.0,0.0,1.0,1.0,0.3277740512,0.2853193037,0.4946236732,0.6338797871,0.5874586995,0.554913491
3851,1.0,0.0,0.0,0.0,1.0,1.0,0.3278026248,0.2945371827,0.4973260961,0.6304351879,0.5827814611,0.5505621346
3852,1.0,0.0,0.0,0.0,1.0,1.0,0.3431184691,0.3060178826,0.48767601,0.6205125735,0.5765472882,0.547872476
3853,1.0,0.0,0.0,0.0,1.0,1.0,0.3372458126,0.3031095434,0.4973638359,0.609375337,0.5737705373,0.5513520554
3854,1.0,0.0,0.0,0.0,1.0,1.0,0.3509626965,0.312118164,0.4901961087,0.6192891169,0.5714285714,0.558510867
3855,1.0,0.0,0.0,0.0,1.0,1.0,0.3403118017,0.3119061219,0.4999999151,0.6263152904,0.5805368295,0.5537634957
3856,1.0,0.0,0.0,0.0,1.0,1.0,0.3408400851,0.3051986504,0.5026643829,0.6093746316,0.5805369467,0.5494512442
3857,1.0,0.0,0.0,0.0,1.0,1.0,0.3414466375,0.310229555,0.5017793624,0.619791285,0.5738254513,0.5567571786
3858,1.0,0.0,0.0,0.0,1.0,1.0,0.3361758122,0.30633574,0.5036363596,0.6270275118,0.5787671025,0.553072457
3859,1.0,0.0,0.0,0.0,1.0,1.0,0.3355657733,0.3114698354,0.502722349,0.6162157662,0.5821918967,0.5494509513
3860,1.0,0.0,0.0,0.0,1.0,1.0,0.3361593717,0.3125403437,0.4918624837,0.6236566337,0.5670102632,0.5549457225
3861,1.0,0.0,0.0,0.0,1.0,1.0,0.3450668951,0.3240513354,0.4901609802,0.6113984434,0.5699657412,0.5526320694
3862,1.0,0.0,0.0,0.0,1.0,1.0,0.3438941154,0.3268722429,0.4892473358,0.6197923059,0.5684931103,0.5497383459
3863,1.0,0.0,0.0,0.0,1.0,1.0,0.3373340469,0.3110506293,0.488330339,0.6276587862,0.5748297367,0.5519121979
3864,1.0,0.0,0.0,0.0,1.0,1.0,0.3427689114,0.3138180615,0.4927798573,0.6210524291,0.5733788194,0.5489129185
3865,1.0,0.0,0.0,0.0,1.0,1.0,0.3468544853,0.3302951911,0.4847943311,0.618556372,0.5719177292,0.5492224899
3866,1.0,0.0,0.0,0.0,1.0,1.0,0.3349679749,0.313413617,0.4918032313,0.6249997461,0.5679440967,0.5388889927
3867,1.0,0.0,0.0,0.0,1.0,1.0,0.3319313519,0.3138598288,0.4927007835,0.6208797968,0.5719297296,0.5307255054
3868,1.0,0.0,0.0,0.0,1.0,1.0,0.3313465764,0.3057733191,0.4540540293,0.6249994973,0.5419580521,0.5428575959
3869,1.0,0.0,0.0,0.0,1.0,1.0,0.3289755978,0.307520729,0.4382826679,0.6195648651,0.5244755063,0.5397731786
3870,1.0,0.0,0.0,0.0,1.0,1.0,0.3260591622,0.3029664593,0.4326240341,0.619565382,0.5191636921,0.5287357303
3871,1.0,0.0,0.0,0.0,1.0,1.0,0.3073822386,0.2797732661,0.4388489677,0.6315790616,0.5211267606,0.5471700535
3872,1.0,0.0,0.0,0.0,1.0,1.0,0.2712510031,0.2302288028,0.4444443872,0.6241613796,0.5142858297,0.5658907818
3873,1.0,0.0,0.0,0.0,1.0,1.0,0.2755220482,0.2329657956,0.448648572,0.6274512687,0.5195729015,0.5648851248
3874,1.0,0.0,0.0,0.0,1.0,1.0,0.281660957,0.243636238,0.4745454084,0.6129032643,0.5409253629,0.554744358
3875,1.0,0.0,0.0,0.0,1.0,1.0,0.2634891997,0.2159507152,0.4909091348,0.6137933384,0.5499998644,0.561982991
3876,1.0,0.0,0.0,0.0,1.0,1.0,0.2268106248,0.1683842559,0.4815498913,0.6016258435,0.532608839,0.6021507103
3877,1.0,0.0,0.0,0.0,1.0,1.0,0.2489382511,0.1951465468,0.4778598344,0.6148146922,0.5401461119,0.6074761474
3878,1.0,0.0,0.0,0.0,1.0,1.0,0.2635893128,0.2317546853,0.4798535674,0.6319446513,0.5471013404,0.5781248407
3879,1.0,0.0,0.0,0.0,1.0,1.0,0.3090495967,0.2758317694,0.4864377195,0.6081872742,0.5663083319,0.5584416993
3880,1.0,0.0,0.0,0.0,1.0,1.0,0.3171132996,0.2977061908,0.4901960043,0.6235960474,0.5673758819,0.5595238618
3881,1.0,0.0,0.0,0.0,1.0,1.0,0.3202437824,0.303339373,0.4876760042,0.6208796714,0.5754383976,0.5433525195
3882,1.0,0.0,0.0,0.0,1.0,1.0,0.3261337532,0.3145096264,0.477192985,0.6182786647,0.5594406675,0.5555548733
3883,1.0,0.0,0.0,0.0,1.0,1.0,0.3471011824,0.327403551,0.4904014606,0.6180903381,0.5724138244,0.5421053153
3884,1.0,0.0,0.0,0.0,1.0,1.0,0.3343205143,0.3129740311,0.4947183841,0.6263160817,0.5778546093,0.5524864293
3885,1.0,0.0,0.0,0.0,1.0,1.0,0.338971339,0.3210013406,0.4930070243,0.6134020875,0.572916726,0.5459458443
3886,1.0,0.0,0.0,0.0,1.0,1.0,0.3360646479,0.3125401837,0.4938704668,0.6197919194,0.5704465212,0.5439566006
3887,1.0,0.0,0.0,0.0,1.0,1.0,0.3395318044,0.3250780953,0.4965156216,0.6153839416,0.5743944432,0.54787248
3888,1.0,0.0,0.0,0.0,1.0,1.0,0.3460965384,0.3296403874,0.4946996533,0.6224494214,0.5649120537,0.5638295576
3889,1.0,0.0,0.0,0.0,1.0,1.0,0.3373117681,0.3225151676,0.4892857131,0.6190480398,0.5638299726,0.5604393028
3890,1.0,0.0,0.0,0.0,1.0,1.0,0.3426151477,0.3290417458,0.4920072063,0.6269435387,0.5704224964,0.5614979734
3891,1.0,0.0,0.0,0.0,1.0,1.0,0.3349381679,0.3171987574,0.4928315887,0.6310161705,0.5709220069,0.5530724979
3892,1.0,0.0,0.0,0.0,1.0,1.0,0.3385206296,0.3249070637,0.4964157304,0.6243377648,0.5689045772,0.5652176583
3893,1.0,0.0,0.0,0.0,1.0,1.0,0.3337485712,0.3154264779,0.4873646151,0.6324328312,0.5709221381,0.5674154866
3894,1.0,0.0,0.0,0.0,1.0,1.0,0.337333941,0.3167246558,0.490125627,0.6223403531,0.5739437968,0.5499997968
3895,1.0,0.0,0.0,0.0,1.0,1.0,0.3465217649,0.3361431758,0.4981751811,0.6210523783,0.5683452977,0.5561499156
3896,1.0,0.0,0.0,0.0,1.0,1.0,0.3379408504,0.3225149246,0.5017985623,0.627658981,0.5815603369,0.5494503939
3897,1.0,0.0,0.0,0.0,1.0,1.0,0.3289072653,0.3152362051,0.4945454308,0.6298342098,0.5770609377,0.5568182522
3898,1.0,0.0,0.0,0.0,1.0,1.0,0.3271553369,0.3118824825,0.4928058092,0.6373626711,0.5815601972,0.5568179896
3899,1.0,0.0,0.0,0.0,1.0,1.0,0.3260209681,0.3149648494,0.4937611417,0.6284156484,0.5739438143,0.5418995683
3900,1.0,0.0,0.0,0.0,1.0,1.0,0.3395990391,0.3227364462,0.4894366091,0.6269433834,0.5659719572,0.54301127
3901,1.0,0.0,0.0,0.0,1.0,1.0,0.3477846983,0.3296772732,0.4920914256,0.6262629014,0.5694443817,0.5421056032
3902,1.0,0.0,0.0,0.0,1.0,1.0,0.3401980213,0.3232458562,0.4814814936,0.6269434583,0.5629370289,0.5621619996
3903,1.0,0.0,0.0,0.0,1.0,1.0,0.3495409086,0.3348826933,0.4833040026,0.6231158538,0.5625000409,0.5440409502
3904,1.0,0.0,0.0,0.0,1.0,1.0,0.333735865,0.3243800529,0.4964664191,0.6402117344,0.5789475927,0.5567562816
3905,1.0,0.0,0.0,0.0,1.0,1.0,0.3460282331,0.3331472098,0.4850614538,0.6395933751,0.5624999595,0.557291196
3906,1.0,0.0,0.0,0.0,1.0,1.0,0.3313845982,0.3162570944,0.4938272805,0.6436167013,0.5734266074,0.5580109252
3907,1.0,0.0,0.0,0.0,1.0,1.0,0.3279143504,0.31736672,0.4816753616,0.6170219298,0.5578946166,0.5469609907
3908,1.0,0.0,0.0,0.0,1.0,1.0,0.3355016126,0.3207427915,0.4893993583,0.6263162367,0.5673757862,0.5524863408
3909,1.0,0.0,0.0,0.0,1.0,1.0,0.3384634545,0.3225149491,0.4929078607,0.638742619,0.574468364,0.5604396498
3910,1.0,0.0,0.0,0.0,1.0,1.0,0.3378645486,0.327281983,0.4938052782,0.6282725353,0.5739437104,0.5430109838
3911,1.0,0.0,0.0,0.0,1.0,1.0,0.3414462929,0.3231410857,0.4928825536,0.6302079526,0.5759716295,0.5464482572
3912,1.0,0.0,0.0,0.0,1.0,1.0,0.3337423783,0.3225150674,0.4892856976,0.6256682028,0.5709220837,0.5549449443
3913,1.0,0.0,0.0,0.0,1.0,1.0,0.3402355693,0.3278309906,0.4911346863,0.6250002368,0.5709220144,0.5459459247
3914,1.0,0.0,0.0,0.0,1.0,1.0,0.3460965181,0.3278872044,0.4964664086,0.6224485754,0.5719296468,0.5454543699
3915,1.0,0.0,0.0,0.0,1.0,1.0,0.3390334051,0.3226271034,0.4929328156,0.6197922782,0.5719298224,0.5380431348
3916,1.0,0.0,0.0,0.0,1.0,1.0,0.3378644149,0.3125464601,0.4991150371,0.628272365,0.5759717911,0.5367231984
3917,1.0,0.0,0.0,0.0,1.0,1.0,0.33374204,0.3118825833,0.4946428147,0.6203214149,0.567376072,0.5454542596
3918,1.0,0.0,0.0,0.0,1.0,1.0,0.3301887238,0.3001858462,0.4884547752,0.6236555322,0.5689044986,0.5352944223
3919,1.0,0.0,0.0,0.0,1.0,1.0,0.3266033107,0.2895909682,0.4874999819,0.6338800558,0.5618376323,0.5548786851
3920,1.0,0.0,0.0,0.0,1.0,1.0,0.3156131915,0.2774250486,0.5009075081,0.6264374974,0.5693949589,0.5576917778
3921,1.0,0.0,0.0,0.0,1.0,1.0,0.3210549192,0.2868434065,0.4863884645,0.6271191727,0.55234643,0.5534592181
3922,1.0,0.0,0.0,0.0,1.0,1.0,0.325982764,0.2868113747,0.4892473365,0.6263733986,0.5633801971,0.5582824925
3923,1.0,0.0,0.0,0.0,1.0,1.0,0.3248628033,0.2967093172,0.5008881866,0.6174865618,0.5798612332,0.5321643264
3924,1.0,0.0,0.0,0.0,1.0,1.0,0.333147136,0.3095159775,0.4911347768,0.6170209396,0.5709344175,0.5363124282
3925,1.0,0.0,0.0,0.0,1.0,1.0,0.3343141423,0.3131815474,0.4938702952,0.6020938573,0.5719176676,0.5409837531
3926,1.0,0.0,0.0,0.0,1.0,1.0,0.323596856,0.2948355579,0.4907251385,0.6041665469,0.5599999142,0.5423728285
3927,1.0,0.0,0.0,0.0,1.0,1.0,0.3309736096,0.3102841398,0.4893964083,0.600985248,0.5620915727,0.552631604
3928,1.0,0.0,0.0,0.0,1.0,1.0,0.3203553503,0.2952147632,0.4908180935,0.6041662136,0.5610562637,0.5642456514
3929,1.0,0.0,0.0,0.0,1.0,1.0,0.326935847,0.2991639406,0.5,0.5906737156,0.5719062335,0.5530732112
3930,1.0,0.0,0.0,0.0,1.0,1.0,0.3302348258,0.3118946839,0.493007023,0.5925927676,0.5689655332,0.5524864658
3931,1.0,0.0,0.0,0.0,1.0,1.0,0.3421510865,0.3201057698,0.4936937304,0.589474109,0.5693950043,0.5500005448
3932,1.0,0.0,0.0,0.0,1.0,1.0,0.334332824,0.3110150252,0.4928825202,0.5851067015,0.5629368974,0.5505619976
3933,1.0,0.0,0.0,0.0,1.0,1.0,0.3266032736,0.3044075281,0.5035715013,0.5737708605,0.5704224502,0.5549131573
3934,1.0,0.0,0.0,0.0,1.0,1.0,0.3295458674,0.3030222518,0.4990991733,0.5683060426,0.5638296774,0.5497073728
3935,1.0,0.0,0.0,0.0,1.0,1.0,0.3259441835,0.2948884852,0.4990990888,0.5801103894,0.561837458,0.5688622121
3936,1.0,0.0,0.0,0.0,1.0,1.0,0.32756375,0.2936317235,0.500931161,0.5909094094,0.5510949316,0.5590060277
3937,1.0,0.0,0.0,0.0,1.0,1.0,0.3294864184,0.2930018896,0.5109889588,0.5888891151,0.5575541611,0.5644178085
3938,1.0,0.0,0.0,0.0,1.0,1.0,0.3206095488,0.2825276845,0.5053763799,0.5810056253,0.5618374028,0.5750008579
3939,1.0,0.0,0.0,0.0,1.0,1.0,0.3188949307,0.2795641728,0.5008912379,0.5921791426,0.5664335541,0.5812503866
3940,1.0,0.0,0.0,0.0,1.0,1.0,0.3150604956,0.279564306,0.4781085949,0.5777782545,0.5524475203,0.5562503565
3941,1.0,0.0,0.0,0.0,1.0,1.0,0.3096862481,0.2760697095,0.4859155351,0.5795454871,0.5489511812,0.5759492326
3942,1.0,0.0,0.0,0.0,1.0,1.0,0.3044076861,0.2620915406,0.4894366709,0.5838149162,0.5524475895,0.5866666367
3943,1.0,0.0,0.0,0.0,1.0,1.0,0.2996563265,0.2559974111,0.4885361612,0.5764705185,0.5438598919,0.5753425761
3944,1.0,0.0,0.0,0.0,1.0,1.0,0.2878253921,0.2437236129,0.4929329271,0.5705524549,0.5578948689,0.5827342272
3945,1.0,0.0,0.0,0.0,1.0,1.0,0.2888053532,0.2472485462,0.4605953423,0.5818186004,0.5331009772,0.5774651163
3946,1.0,0.0,0.0,0.0,1.0,1.0,0.264660618,0.2109548825,0.4425086974,0.5789475379,0.5086505444,0.598360886
3947,1.0,0.0,0.0,0.0,1.0,1.0,0.2485291992,0.1953134454,0.4227353385,0.5857147294,0.485915483,0.594594673
3948,1.0,0.0,0.0,0.0,1.0,1.0,0.228595718,0.1842942599,0.4219858143,0.5813959273,0.4858154808,0.5769219495
3949,1.0,0.0,0.0,0.0,1.0,1.0,0.2162427765,0.1504536789,0.4309090204,0.6050418466,0.4838708749,0.5952386419
3950,1.0,0.0,0.0,0.0,1.0,1.0,0.2068441875,0.139414921,0.445054941,0.6106201781,0.4963768848,0.5844145482
3951,1.0,0.0,0.0,0.0,1.0,1.0,0.1947443139,0.1331370882,0.4650736032,0.5943404428,0.507299278,0.5616432272
3952,1.0,0.0,0.0,0.0,1.0,1.0,0.2020730669,0.1382208146,0.4717668703,0.5855852963,0.5035462031,0.5897438028
3953,1.0,0.0,0.0,0.0,1.0,1.0,0.1909646915,0.1380347286,0.4874999438,0.5700928515,0.5104894216,0.5822792227
3954,1.0,0.0,0.0,0.0,1.0,1.0,0.1777591447,0.1338536859,0.4754991335,0.5816325314,0.492857045,0.5466672602
3955,1.0,0.0,0.0,0.0,1.0,1.0,0.1624801503,0.1207502295,0.5179584481,0.5348831634,0.5092936103,0.5384629617
3956,1.0,0.0,0.0,0.0,1.0,1.0,0.1627878134,0.1282303794,0.5208333281,0.5465117469,0.5056601757,0.5147062249
3957,1.0,0.0,0.0,0.0,1.0,1.0,0.1569215742,0.1263448087,0.5121495103,0.5357139201,0.4981134168,0.5223884045
3958,1.0,0.0,0.0,0.0,1.0,1.0,0.1465347209,0.1225369646,0.5112781871,0.5128205128,0.4980843869,0.515625
3959,1.0,0.0,0.0,0.0,1.0,1.0,0.1581984905,0.1378541426,0.5009311196,0.6117661919,0.5210728781,0.611110219
3960,1.0,0.0,0.0,0.0,1.0,1.0,0.232428321,0.2233186158,0.5008944128,0.6153849219,0.5494503931,0.6147547828
3961,1.0,0.0,0.0,0.0,1.0,1.0,0.2827945615,0.2770192589,0.5079086809,0.621118352,0.561594401,0.6078437124
3962,1.0,0.0,0.0,0.0,1.0,1.0,0.3017514291,0.3019898528,0.506108177,0.6127168779,0.546762859,0.5952386593
3963,1.0,0.0,0.0,0.0,1.0,1.0,0.3072665231,0.3178498517,0.4909091834,0.5860217806,0.5510201815,0.5775403045
3964,1.0,0.0,0.0,0.0,1.0,1.0,0.2775309836,0.2840880304,0.4991735384,0.5952380418,0.5650683992,0.6024093238
3965,1.0,0.0,0.0,0.0,1.0,1.0,0.2860353439,0.2932387444,0.4949495595,0.611765218,0.5694443758,0.6094679141
3966,1.0,0.0,0.0,0.0,1.0,1.0,0.2936672453,0.2994960275,0.4902598272,0.5966852235,0.5690236288,0.5955053757
3967,1.0,0.0,0.0,0.0,1.0,1.0,0.30276253,0.3112739458,0.4902280796,0.5967741062,0.5690233454,0.5945944475
3968,1.0,0.0,0.0,0.0,1.0,1.0,0.3050760998,0.3054775191,0.4753576873,0.5885420574,0.5614619422,0.5815210852
3969,1.0,0.0,0.0,0.0,1.0,1.0,0.2991958258,0.311492718,0.4777070316,0.5904252313,0.5666666787,0.5828872789
3970,1.0,0.0,0.0,0.0,1.0,1.0,0.2960127668,0.3075205299,0.4777069599,0.5967747857,0.5685616069,0.5978260239
3971,1.0,0.0,0.0,0.0,1.0,1.0,0.2901090168,0.3045437682,0.476874026,0.6043955391,0.572390489,0.5911598775
3972,1.0,0.0,0.0,0.0,1.0,1.0,0.2903676113,0.3087013939,0.4719102207,0.6077349225,0.5631399023,0.6022101443
3973,1.0,0.0,0.0,0.0,1.0,1.0,0.2937656454,0.3116902926,0.469648582,0.5978250587,0.5694915871,0.5978262266
3974,1.0,0.0,0.0,0.0,1.0,1.0,0.2934867899,0.3089493898,0.469841207,0.6054051603,0.5641891499,0.606557589
3975,1.0,0.0,0.0,0.0,1.0,1.0,0.2900588278,0.2984909883,0.4637223937,0.6032611955,0.5570469409,0.6067412725
3976,1.0,0.0,0.0,0.0,1.0,1.0,0.2886928141,0.3038843501,0.4788068564,0.6032604361,0.5675675576,0.5999995132
3977,1.0,0.0,0.0,0.0,1.0,1.0,0.2987380042,0.3135830144,0.4663537806,0.5968586088,0.5570470463,0.5935825811
3978,1.0,0.0,0.0,0.0,1.0,1.0,0.2754873101,0.2889542063,0.496794969,0.6104647842,0.585034001,0.6058816581
3979,1.0,0.0,0.0,0.0,1.0,1.0,0.2653241391,0.2694742778,0.587947831,0.5889572754,0.6552901491,0.6202527479
3980,1.0,0.0,0.0,0.0,1.0,1.0,0.2584482426,0.2584174912,0.6153846769,0.5759498371,0.6746575279,0.6291396827
3981,1.0,0.0,0.0,0.0,1.0,1.0,0.2527137205,0.2507190776,0.616639466,0.5935487203,0.6735393184,0.630137575
3982,1.0,0.0,0.0,0.0,1.0,1.0,0.249860225,0.2532832119,0.6249999336,0.5833335694,0.6780824068,0.641891004
3983,1.0,0.0,0.0,0.0,1.0,1.0,0.2558571166,0.2694742395,0.6480000254,0.5749997238,0.7133106612,0.6392401877
3984,1.0,0.0,0.0,0.0,1.0,1.0,0.250251683,0.2728849443,0.640062613,0.5812496019,0.7030716801,0.6500004846
3985,1.0,0.0,0.0,0.0,1.0,1.0,0.2526234202,0.2815327883,0.6303317445,0.5812504794,0.6866196654,0.6312499315
3986,1.0,0.0,0.0,0.0,1.0,1.0,0.2392366181,0.2764414981,0.6125983912,0.598684942,0.6773051797,0.6474362672
3987,1.0,0.0,0.0,0.0,1.0,1.0,0.2408103233,0.2786213168,0.6267716274,0.5947712232,0.6870503145,0.670967287
3988,1.0,0.0,0.0,0.0,1.0,1.0,0.236460982,0.2743923545,0.6261828708,0.5800000294,0.6909091128,0.6423845803
3989,1.0,0.0,0.0,0.0,1.0,1.0,0.2386490131,0.2745723516,0.6233975494,0.5838916595,0.6849816041,0.6533337621
3990,1.0,0.0,0.0,0.0,1.0,1.0,0.2263487851,0.2580979608,0.6236044039,0.56338132,0.6849818692,0.6524820611
3991,1.0,0.0,0.0,0.0,1.0,1.0,0.1960006817,0.2339517954,0.6158832632,0.5289263455,0.6741574994,0.6560003192
3992,1.0,0.0,0.0,0.0,1.0,1.0,0.1717030232,0.2074310309,0.5494327704,0.566039001,0.5962265254,0.6636362568
3993,1.0,0.0,0.0,0.0,1.0,1.0,0.1784717307,0.2112031054,0.506493479,0.5727265352,0.5547167395,0.6249997571
3994,1.0,0.0,0.0,0.0,1.0,1.0,0.1684634234,0.2017741575,0.5170177845,0.5384604198,0.558490483,0.6074766166
3995,1.0,0.0,0.0,0.0,1.0,1.0,0.1406740654,0.1653067945,0.5057283107,0.5465121865,0.5361215567,0.6091942531
3996,1.0,0.0,0.0,0.0,1.0,1.0,0.1220813307,0.1578068021,0.4902280149,0.5200007023,0.5263157027,0.5714281982
3997,1.0,0.0,0.0,0.0,1.0,1.0,0.109391952,0.1550857565,0.4842454071,0.5151529251,0.5095785248,0.5432106455
3998,1.0,0.0,0.0,0.0,1.0,1.0,0.1007701978,0.1564011818,0.4694214888,0.4918028697,0.5038167211,0.4634141168
3999,1.0,0.0,0.0,0.0,1.0,1.0,0.09994408364,0.1558065899,0.4799999233,0.433334308,0.5019010916,0.4146355161
4000,1.0,0.0,0.0,0.0,1.0,1.0,0.09758863909,0.1501060386,0.4814814546,0.4655164714,0.5057034454,0.430379401
4001,1.0,0.0,0.0,0.0,1.0,1.0,0.09808400636,0.1376590618,0.4670050851,0.5000018854,0.4981131577,0.4246569597
4002,1.0,0.0,0.0,0.0,1.0,1.0,0.1803868678,0.1862757647,0.4552845456,0.6126122059,0.5268816617,0.6538456704
4003,1.0,0.0,0.0,0.0,1.0,1.0,0.2406359235,0.2489959,0.4815408817,0.6066664811,0.5640138461,0.6388887617
4004,1.0,0.0,0.0,0.0,1.0,1.0,0.2783256767,0.2913628596,0.4825950551,0.5965904657,0.5694916755,0.6104644124
4005,1.0,0.0,0.0,0.0,1.0,1.0,0.3043827137,0.3196869566,0.469387748,0.5927839453,0.5622892645,0.6052634332
4006,1.0,0.0,0.0,0.0,1.0,1.0,0.3102793017,0.3220791533,0.4804991087,0.5879394518,0.5747508538,0.6082474463
4007,1.0,0.0,0.0,0.0,1.0,1.0,0.3094640746,0.3152602036,0.4723538998,0.5969391632,0.5671141152,0.6223414003
4008,1.0,0.0,0.0,0.0,1.0,1.0,0.3205754643,0.3309187467,0.4795597453,0.5784311909,0.5652172459,0.6010102314
4009,1.0,0.0,0.0,0.0,1.0,1.0,0.3116368703,0.3202911489,0.4771653294,0.5858586309,0.5738254959,0.5968584692
4010,1.0,0.0,0.0,0.0,1.0,1.0,0.316780012,0.3241433507,0.4801902162,0.5850006855,0.5675674465,0.5989585973
4011,1.0,0.0,0.0,0.0,1.0,1.0,0.3067906947,0.3140139428,0.4762658357,0.5927833302,0.5675676477,0.6075268246
4012,1.0,0.0,0.0,0.0,1.0,1.0,0.3111468466,0.3180042157,0.4669810285,0.5757576097,0.5656565996,0.6031745101
4013,1.0,0.0,0.0,0.0,1.0,1.0,0.3106583581,0.3190787781,0.4631083203,0.5858579229,0.5608108108,0.613756344
4014,1.0,0.0,0.0,0.0,1.0,1.0,0.2995170221,0.3076514074,0.4668769777,0.5999995303,0.5646256517,0.6077355286
4015,1.0,0.0,0.0,0.0,1.0,1.0,0.307884857,0.3161497795,0.4660347103,0.594871789,0.5680270677,0.6075270881
4016,1.0,0.0,0.0,0.0,1.0,1.0,0.3003092071,0.3087009308,0.4737679303,0.587302104,0.5665527527,0.6132596283
4017,1.0,0.0,0.0,0.0,1.0,1.0,0.3056016023,0.3173900725,0.4711387902,0.5918366417,0.5675675268,0.6170214786
4018,1.0,0.0,0.0,0.0,1.0,1.0,0.303096765,0.3158772199,0.4618973869,0.5897435305,0.5618730205,0.6084656589
4019,1.0,0.0,0.0,0.0,1.0,1.0,0.2962465481,0.3068759327,0.4664587533,0.6000004683,0.5704700765,0.6174861528
4020,1.0,0.0,0.0,0.0,1.0,1.0,0.2957851675,0.304829659,0.4704049689,0.605263311,0.5699999448,0.6229508791
4021,1.0,0.0,0.0,0.0,1.0,1.0,0.3054717833,0.3163217357,0.4639497432,0.6051284791,0.5690234779,0.6170209177
4022,1.0,0.0,0.0,0.0,1.0,1.0,0.3047272064,0.3129566119,0.4676144522,0.601036733,0.569023569,0.6236553125
4023,1.0,0.0,0.0,0.0,1.0,1.0,0.3090897359,0.3230520783,0.4709575707,0.5989850875,0.5690236221,0.6249994195
4024,1.0,0.0,0.0,0.0,1.0,1.0,0.2965378124,0.3089489101,0.4678178714,0.5978839327,0.5641890313,0.6174860082
4025,1.0,0.0,0.0,0.0,1.0,1.0,0.3018657024,0.314639282,0.4679186485,0.585492186,0.5723908961,0.6203207726
4026,1.0,0.0,0.0,0.0,1.0,1.0,0.2960726862,0.3112739008,0.4702195548,0.597883748,0.5723906648,0.6216208057
4027,1.0,0.0,0.0,0.0,1.0,1.0,0.3080041557,0.3224550124,0.4654087555,0.5816333453,0.5675674339,0.6125655253
4028,1.0,0.0,0.0,0.0,1.0,1.0,0.320634763,0.3320294425,0.4585289825,0.5804873424,0.5604025968,0.6161623194
4029,1.0,0.0,0.0,0.0,1.0,1.0,0.3093509766,0.3240511654,0.4761904593,0.5846153141,0.5733787134,0.6157893004
4030,1.0,0.0,0.0,0.0,1.0,1.0,0.3129241559,0.3234497822,0.4664536343,0.5816330798,0.565068523,0.619047619
4031,1.0,0.0,0.0,0.0,1.0,1.0,0.3116371736,0.3286299371,0.4645669305,0.5858580894,0.5661016797,0.6237116399
4032,1.0,0.0,0.0,0.0,1.0,1.0,0.3086050452,0.3258315289,0.4576801619,0.5837568157,0.5574326356,0.6217620944
4033,1.0,0.0,0.0,0.0,1.0,1.0,0.3069151305,0.3195494779,0.4582676654,0.5897434724,0.5612242538,0.6223395358
4034,1.0,0.0,0.0,0.0,1.0,1.0,0.3143783948,0.3292081255,0.4679186114,0.5820892381,0.5675677098,0.6205122116
4035,1.0,0.0,0.0,0.0,1.0,1.0,0.313304876,0.3280994247,0.4639498817,0.584999489,0.5656564788,0.6205124817
4036,1.0,0.0,0.0,0.0,1.0,1.0,0.3101715286,0.322455426,0.4670846654,0.5858583794,0.5675675983,0.62303615
4037,1.0,0.0,0.0,0.0,1.0,1.0,0.3100629255,0.3218540511,0.4645669388,0.5888322638,0.5661018201,0.6157899974
4038,1.0,0.0,0.0,0.0,1.0,1.0,0.3105522348,0.3218540601,0.4731861146,0.5837562702,0.5694914329,0.6210524456
4039,1.0,0.0,0.0,0.0,1.0,1.0,0.3110430224,0.3229486317,0.4676145774,0.5837559082,0.561224455,0.6157898693
4040,1.0,0.0,0.0,0.0,1.0,1.0,0.3100632539,0.3246487381,0.4645668705,0.5786806622,0.5612244707,0.6073296862
4041,1.0,0.0,0.0,0.0,1.0,1.0,0.2996758524,0.3178496503,0.4646781304,0.5968582188,0.56462609,0.6256682881
4042,1.0,0.0,0.0,0.0,1.0,1.0,0.3094639821,0.321249051,0.4676145874,0.5867344868,0.5646258733,0.6137570716
4043,1.0,0.0,0.0,0.0,1.0,1.0,0.3076432559,0.3194089059,0.456140383,0.5958555983,0.5567008526,0.6129034916
4044,1.0,0.0,0.0,0.0,1.0,1.0,0.3054294597,0.3205106337,0.4623999924,0.591623237,0.5586206449,0.6129028033
4045,1.0,0.0,0.0,0.0,1.0,1.0,0.2999927088,0.3118949179,0.4606741792,0.5989306012,0.5517242166,0.6187838637
4046,1.0,0.0,0.0,0.0,1.0,1.0,0.3101161924,0.3176917532,0.4678456527,0.5906735395,0.5567009018,0.6162165262
4047,1.0,0.0,0.0,0.0,1.0,1.0,0.3032015228,0.3153411917,0.4526484172,0.5925924625,0.5517241511,0.633879722
4048,1.0,0.0,0.0,0.0,1.0,1.0,0.305787186,0.3216196948,0.4653784118,0.5999997663,0.5570932383,0.6182801796
4049,1.0,0.0,0.0,0.0,1.0,1.0,0.3096184486,0.3211262892,0.4670946602,0.595854508,0.5635739118,0.6203208997
4050,1.0,0.0,0.0,0.0,1.0,1.0,0.3040374489,0.3134140733,0.4692557081,0.6010632091,0.5609755156,0.6222223043
4051,1.0,0.0,0.0,0.0,1.0,1.0,0.309122312,0.3211268091,0.4663461715,0.6010362515,0.5601375466,0.6203204919
4052,1.0,0.0,0.0,0.0,1.0,1.0,0.3171302877,0.3308498648,0.4679487789,0.5959602074,0.5620686741,0.6197918834
4053,1.0,0.0,0.0,0.0,1.0,1.0,0.3129243565,0.3245610145,0.4632588035,0.5867346939,0.5601375332,0.619047619
4054,1.0,0.0,0.0,0.0,1.0,1.0,0.3034869863,0.3148926472,0.4642289244,0.6073302607,0.5547944222,0.6413049088
4055,1.0,0.0,0.0,0.0,1.0,1.0,0.3109376836,0.3189346092,0.465079304,0.5867350202,0.559727006,0.6203200192
4056,1.0,0.0,0.0,0.0,1.0,1.0,0.3061779289,0.3189344052,0.4698412354,0.6113989874,0.5631398612,0.6310155009
4057,1.0,0.0,0.0,0.0,1.0,1.0,0.3050762045,0.317692251,0.4658186721,0.6093745521,0.5601374713,0.6270277732
4058,1.0,0.0,0.0,0.0,1.0,1.0,0.2615666754,0.2690804378,0.4765751986,0.6296289207,0.5664333364,0.6493507241
4059,1.0,0.0,0.0,0.0,1.0,1.0,0.2200759979,0.210875274,0.4784768826,0.6541355607,0.5460993567,0.6806726392
4060,1.0,0.0,0.0,0.0,1.0,1.0,0.1811071988,0.1677762909,0.4765099884,0.6018518706,0.5415162128,0.6559146353
4061,1.0,0.0,0.0,0.0,1.0,1.0,0.1761728167,0.1665737662,0.4728813328,0.6057685656,0.5434781922,0.6413033432
4062,1.0,0.0,0.0,0.0,1.0,1.0,0.2042411883,0.2023957258,0.4706868629,0.6393431158,0.5376343285,0.6548672566
4063,1.0,0.0,0.0,0.0,1.0,1.0,0.2387464136,0.241124162,0.4892916025,0.6344829251,0.5629368918,0.6521730859
4064,1.0,0.0,0.0,0.0,1.0,1.0,0.2876207155,0.2882351028,0.4871382621,0.614524812,0.5631400926,0.6272182748
4065,1.0,0.0,0.0,0.0,1.0,1.0,0.3064101939,0.3138178469,0.4783305302,0.6073295638,0.5631398674,0.6141303132
4066,1.0,0.0,0.0,0.0,1.0,1.0,0.3056929385,0.3108629646,0.4833598033,0.6113990289,0.5685619815,0.6129033024
4067,1.0,0.0,0.0,0.0,1.0,1.0,0.3072768486,0.309826994,0.4801902761,0.6082480648,0.5666664715,0.602150055
4068,1.0,0.0,0.0,0.0,1.0,1.0,0.2869211733,0.2910829168,0.4816585711,0.6111104424,0.5757575868,0.6127171901
4069,1.0,0.0,0.0,0.0,1.0,1.0,0.2193895062,0.1985193635,0.4943089674,0.6148152741,0.5787672898,0.6465521334
4070,1.0,0.0,0.0,0.0,1.0,1.0,0.156840533,0.1214108586,0.4791317762,0.5638295698,0.5492956636,0.63767968
4071,1.0,0.0,0.0,0.0,1.0,1.0,0.1743994717,0.1350123619,0.4765100623,0.5769235526,0.547368512,0.6493491309
4072,1.0,0.0,0.0,0.0,1.0,1.0,0.2248330996,0.1998886176,0.4679802329,0.6350369149,0.5482757531,0.6551729328
4073,1.0,0.0,0.0,0.0,1.0,1.0,0.2607240841,0.2549253022,0.4685990079,0.641976019,0.5506757478,0.6225163519
4074,1.0,0.0,0.0,0.0,1.0,1.0,0.283712444,0.2800447536,0.4580644398,0.6420455263,0.546980066,0.6167668578
4075,1.0,0.0,0.0,0.0,1.0,1.0,0.2896470547,0.2895735048,0.4665605921,0.637362198,0.5596028266,0.599999748
4076,1.0,0.0,0.0,0.0,1.0,1.0,0.2834955588,0.2815092953,0.4679487066,0.6271188342,0.56,0.603551138
4077,1.0,0.0,0.0,0.0,1.0,1.0,0.2944212379,0.2938558156,0.4617833976,0.6324327482,0.5548173208,0.6045205273
4078,1.0,0.0,0.0,0.0,1.0,1.0,0.2932974212,0.2961921365,0.4641147403,0.6358694341,0.5562912983,0.6033528488
4079,1.0,0.0,0.0,0.0,1.0,1.0,0.2910997061,0.2908075293,0.4611650055,0.6499999391,0.5551839036,0.609195301
4080,1.0,0.0,0.0,0.0,1.0,1.0,0.3030565409,0.3112739905,0.4645161705,0.6436168457,0.5622896351,0.6054055932
4081,1.0,0.0,0.0,0.0,1.0,1.0,0.2951802899,0.3004967486,0.4719100739,0.6467390399,0.5647838564,0.6022098446
4082,1.0,0.0,0.0,0.0,1.0,1.0,0.3118257537,0.3166546546,0.4736000122,0.6307698304,0.5676565734,0.5885416909
4083,1.0,0.0,0.0,0.0,1.0,1.0,0.3060338136,0.3014984247,0.4713940493,0.6315788865,0.5600002927,0.5856344271
4084,1.0,0.0,0.0,0.0,1.0,1.0,0.3082538385,0.3110844057,0.4674084681,0.6340205484,0.5596024452,0.57446811
4085,1.0,0.0,0.0,0.0,1.0,1.0,0.3067832957,0.3051102246,0.4772181704,0.6197918082,0.5676568201,0.567567504
4086,1.0,0.0,0.0,0.0,1.0,1.0,0.3106155312,0.3064954503,0.4718195423,0.626942578,0.5633333733,0.5760866088
4087,1.0,0.0,0.0,0.0,1.0,1.0,0.3001518894,0.2906874833,0.4680511469,0.6223394174,0.571895367,0.5786522442
4088,1.0,0.0,0.0,0.0,1.0,1.0,0.304591652,0.2991857783,0.4619047639,0.625,0.5695792284,0.572973262
4089,1.0,0.0,0.0,0.0,1.0,1.0,0.309237336,0.3037519776,0.4688994657,0.6185569681,0.5718956243,0.5752689941
4090,1.0,0.0,0.0,0.0,1.0,1.0,0.3048057691,0.298852728,0.4735152451,0.6210519528,0.5751634296,0.5901633358
4091,1.0,0.0,0.0,0.0,1.0,1.0,0.2988688167,0.2998328141,0.4678456837,0.6290321235,0.5704916472,0.5901636563
4092,1.0,0.0,0.0,0.0,1.0,1.0,0.3001521536,0.3067594861,0.4728433921,0.6382982726,0.5742573716,0.6021506271
4093,1.0,0.0,0.0,0.0,1.0,1.0,0.2982458461,0.303109426,0.474603259,0.6276600119,0.5704919148,0.5891889762
4094,1.0,0.0,0.0,0.0,1.0,1.0,0.3007875025,0.3044659678,0.4665605812,0.6349200573,0.566225219,0.6086948658
4095,1.0,0.0,0.0,0.0,1.0,1.0,0.3036891721,0.3125345985,0.4710610094,0.6243384457,0.5685618557,0.5989301918
4096,1.0,0.0,0.0,0.0,1.0,1.0,0.2832293311,0.285799252,0.4609119323,0.6321837647,0.5479453174,0.6227549422
4097,1.0,0.0,0.0,0.0,1.0,1.0,0.30552067,0.3131813583,0.47642284,0.6223399323,0.5684931636,0.6065577526
4098,1.0,0.0,0.0,0.0,1.0,1.0,0.2993497583,0.3121122873,0.4702092462,0.6075275234,0.5597270187,0.6010922005
4099,1.0,0.0,0.0,0.0,1.0,1.0,0.2919714966,0.3035849739,0.4719100896,0.6208793461,0.5631401706,0.6011234501
4100,1.0,0.0,0.0,0.0,1.0,1.0,0.2850971014,0.2957528879,0.4663461491,0.6235957934,0.5544217944,0.6149426683
4101,1.0,0.0,0.0,0.0,1.0,1.0,0.2954729523,0.3046242417,0.4636509938,0.6174868123,0.5582191445,0.6011244922
4102,1.0,0.0,0.0,0.0,1.0,1.0,0.2967847179,0.3021962782,0.4494382772,0.6108110729,0.5506754299,0.5977643799
4103,1.0,0.0,0.0,0.0,1.0,1.0,0.2915041104,0.3001679344,0.4599360035,0.6263730579,0.560402793,0.5865928211
4104,1.0,0.0,0.0,0.0,1.0,1.0,0.2980507566,0.3093508878,0.4667746059,0.6250001485,0.5646257442,0.5824178067
4105,1.0,0.0,0.0,0.0,1.0,1.0,0.3032013842,0.3112739574,0.4622792784,0.6243381663,0.5555556371,0.5729733682
4106,1.0,0.0,0.0,0.0,1.0,1.0,0.3029104505,0.3083025436,0.4732576341,0.6256680729,0.5661017705,0.5824175957
4107,1.0,0.0,0.0,0.0,1.0,1.0,0.301748298,0.3048298119,0.474440891,0.629629369,0.5633333087,0.5901634578
4108,1.0,0.0,0.0,0.0,1.0,1.0,0.3039704801,0.3071372062,0.4761146119,0.6178016659,0.5681062198,0.5783786984
4109,1.0,0.0,0.0,0.0,1.0,1.0,0.3086275589,0.3121180426,0.4767999771,0.6217618179,0.5614615325,0.57978739
4110,1.0,0.0,0.0,0.0,1.0,1.0,0.3055620832,0.3127392761,0.4745222237,0.6302079344,0.56622504,0.5767197462
4111,1.0,0.0,0.0,0.0,1.0,1.0,0.2971311761,0.3104580102,0.4674086027,0.6256682916,0.5581392711,0.5828875114
4112,1.0,0.0,0.0,0.0,1.0,1.0,0.2991958598,0.305477352,0.4713375645,0.6329791857,0.5647840629,0.5869564957
4113,1.0,0.0,0.0,0.0,1.0,1.0,0.3001519882,0.3081612447,0.4664535926,0.6276598854,0.566666569,0.6054051485
4114,1.0,0.0,0.0,0.0,1.0,1.0,0.2932969745,0.3004964278,0.4609249162,0.625,0.5681063284,0.5966848023
4115,1.0,0.0,0.0,0.0,1.0,1.0,0.2880838828,0.2961309817,0.475040318,0.6312844406,0.552188621,0.6022731408
4116,1.0,0.0,0.0,0.0,1.0,1.0,0.2964850133,0.3085523782,0.4816586927,0.6290326642,0.5604026858,0.6086956019
4117,1.0,0.0,0.0,0.0,1.0,1.0,0.3136459675,0.3195496773,0.4796748468,0.6113994889,0.5578231779,0.5744685136
4118,1.0,0.0,0.0,0.0,1.0,1.0,0.3105704012,0.3089490283,0.4892561758,0.6063828858,0.5641891248,0.5847000419
4119,1.0,0.0,0.0,0.0,1.0,1.0,0.3304075536,0.3270599062,0.4802631443,0.6019898057,0.568106435,0.5837553612
4120,1.0,0.0,0.0,0.0,1.0,1.0,0.3083200165,0.2923897474,0.4904679331,0.5955053892,0.5815602913,0.5939393274
4121,1.0,0.0,0.0,0.0,1.0,1.0,0.3325668115,0.3308009378,0.5226480992,0.5549735677,0.6232393841,0.5691491644
4122,1.0,0.0,0.0,0.0,1.0,1.0,0.3274330254,0.3129743235,0.4957117705,0.5602095399,0.605536166,0.5414365685
4123,1.0,0.0,0.0,0.0,1.0,1.0,0.3158689379,0.3129563321,0.4683955078,0.5692305446,0.5892257816,0.5591393029
4124,1.0,0.0,0.0,0.0,1.0,1.0,0.3297990668,0.3141105495,0.4840870701,0.5482237771,0.5964284815,0.5056821087
4125,1.0,0.0,0.0,0.0,1.0,1.0,0.2877703352,0.2782537798,0.4568965487,0.5868269715,0.5643940304,0.5442174122
4126,1.0,0.0,0.0,0.0,1.0,1.0,0.2862722446,0.3027507375,0.4907873391,0.625730816,0.594890402,0.6265053761
4127,1.0,0.0,0.0,0.0,1.0,1.0,0.2998325093,0.3131585237,0.4878788394,0.5959599424,0.5633334124,0.6010629806
4128,1.0,0.0,0.0,0.0,1.0,1.0,0.2745717479,0.2936504327,0.480376755,0.5942857929,0.5567011433,0.6374273273
4129,1.0,0.0,0.0,0.0,1.0,1.0,0.294139331,0.3157958773,0.4731011834,0.5967739676,0.5451387463,0.6263730758
4130,1.0,0.0,0.0,0.0,1.0,1.0,0.2775336736,0.2952895739,0.4703050114,0.5895945657,0.5524473289,0.6094678183
4131,1.0,0.0,0.0,0.0,1.0,1.0,0.2346802352,0.2400794795,0.4811165837,0.6153839034,0.551601457,0.6444443718
4132,1.0,0.0,0.0,0.0,1.0,1.0,0.1540179923,0.1379162017,0.4773870043,0.6195662731,0.5519716116,0.7142865229
4133,1.0,0.0,0.0,0.0,1.0,1.0,0.201218972,0.1882750542,0.4775373738,0.6363629795,0.552816942,0.6635510201
4134,1.0,0.0,0.0,0.0,1.0,1.0,0.2543443277,0.25841752,0.4812396911,0.6346146673,0.5719175721,0.6225172041
4135,1.0,0.0,0.0,0.0,1.0,1.0,0.3009590904,0.3062263562,0.4734298695,0.6149735217,0.5690236606,0.5989013062
4136,1.0,0.0,0.0,0.0,1.0,1.0,0.2972617956,0.3048295841,0.4742764424,0.621622461,0.5699998896,0.5956282899
4137,1.0,0.0,0.0,0.0,1.0,1.0,0.2983887799,0.3054773258,0.4735152517,0.634408306,0.5714284658,0.5978263633
4138,1.0,0.0,0.0,0.0,1.0,1.0,0.3078928309,0.3087979018,0.4677418955,0.628271547,0.5647838933,0.5967747458
4139,1.0,0.0,0.0,0.0,1.0,1.0,0.307892663,0.3110844856,0.4709677174,0.6335077356,0.5662253304,0.5957441216
4140,1.0,0.0,0.0,0.0,1.0,1.0,0.3122248245,0.3166547263,0.4702094021,0.634020514,0.5709571219,0.5989586061
4141,1.0,0.0,0.0,0.0,1.0,1.0,0.3075205386,0.3096634502,0.4759614741,0.6302087652,0.5770492369,0.5873013802
4142,1.0,0.0,0.0,0.0,1.0,1.0,0.3075206917,0.3172569506,0.4791666158,0.635417104,0.5756577793,0.5854925965
4143,1.0,0.0,0.0,0.0,1.0,1.0,0.3011139619,0.3100578263,0.477564209,0.6382980924,0.5775578298,0.5851062974
4144,1.0,0.0,0.0,0.0,1.0,1.0,0.3087448809,0.3145783338,0.4697452543,0.6340207621,0.5737706601,0.5833327707
4145,1.0,0.0,0.0,0.0,1.0,1.0,0.3027156748,0.3106819064,0.4711537306,0.629630095,0.5723684911,0.5820103403
4146,1.0,0.0,0.0,0.0,1.0,1.0,0.314431473,0.3253996871,0.4735151479,0.6326532436,0.5647841341,0.5816320831
4147,1.0,0.0,0.0,0.0,1.0,1.0,0.3145207424,0.3184495439,0.4808307062,0.6294420663,0.5784314172,0.5897437307
4148,1.0,0.0,0.0,0.0,1.0,1.0,0.3188013044,0.3206678235,0.4800637163,0.6250001403,0.570032697,0.5736042691
4149,1.0,0.0,0.0,0.0,1.0,1.0,0.3280794602,0.3249009453,0.479583717,0.6195123869,0.5676565973,0.5736037747
4150,1.0,0.0,0.0,0.0,1.0,1.0,0.3286054657,0.3205443577,0.4803529163,0.6195124128,0.5690791594,0.5641024782
4151,1.0,0.0,0.0,0.0,1.0,1.0,0.3285838558,0.3189009099,0.4794520836,0.6225491714,0.5690787907,0.5721650237
4152,1.0,0.0,0.0,0.0,1.0,1.0,0.3320777207,0.3265505177,0.4783305407,0.6183574979,0.5709571296,0.57575751
4153,1.0,0.0,0.0,0.0,1.0,1.0,0.3373914234,0.3375164157,0.4713375752,0.6179244846,0.5704916555,0.5728157706
4154,1.0,0.0,0.0,0.0,1.0,1.0,0.331035557,0.3266150643,0.4738510671,0.6172249296,0.5653593864,0.5750004035
4155,1.0,0.0,0.0,0.0,1.0,1.0,0.3307619891,0.3238322471,0.4797136322,0.6153850955,0.5723682432,0.5736036483
4156,1.0,0.0,0.0,0.0,1.0,1.0,0.326510882,0.3276318065,0.4741036143,0.624390291,0.5728474567,0.5707071268
4157,1.0,0.0,0.0,0.0,1.0,1.0,0.325957251,0.3226673146,0.4820143351,0.61764709,0.5695366699,0.5846152654
4158,1.0,0.0,0.0,0.0,1.0,1.0,0.3235374886,0.3226676719,0.477564147,0.6287127238,0.5695365039,0.5794869647
4159,1.0,0.0,0.0,0.0,1.0,1.0,0.3283878741,0.3281993839,0.4793650854,0.6183579712,0.5775576253,0.5778893041
4160,1.0,0.0,0.0,0.0,1.0,1.0,0.3194419863,0.3151834428,0.4794304074,0.628713065,0.5751631995,0.5854921514
4161,1.0,0.0,0.0,0.0,1.0,1.0,0.3119276822,0.3084089218,0.4761145409,0.6224488449,0.5676568936,0.5828879657
4162,1.0,0.0,0.0,0.0,1.0,1.0,0.3094638288,0.3117069957,0.4676144772,0.6224487967,0.5676567908,0.5925922915
4163,1.0,0.0,0.0,0.0,1.0,1.0,0.3125237575,0.3193582531,0.4650793245,0.6294416024,0.5596026979,0.5854927532
4164,1.0,0.0,0.0,0.0,1.0,1.0,0.3056932774,0.3090382468,0.4722662202,0.6269433916,0.5657897802,0.5904250433
4165,1.0,0.0,0.0,0.0,1.0,1.0,0.3012671069,0.30675926,0.4752790688,0.6243384701,0.5742574401,0.5913984482
4166,1.0,0.0,0.0,0.0,1.0,1.0,0.2955425064,0.2958873967,0.4801271878,0.629032878,0.5789472138,0.5944440859
4167,1.0,0.0,0.0,0.0,1.0,1.0,0.296013061,0.301156221,0.4713375455,0.6290318625,0.5662251917,0.5824178709
4168,1.0,0.0,0.0,0.0,1.0,1.0,0.300151869,0.307775247,0.4696485695,0.6329777421,0.562913969,0.5752684538
4169,1.0,0.0,0.0,0.0,1.0,1.0,0.2990330052,0.2995015787,0.4736000193,0.6417107281,0.5662250754,0.5911606574
4170,1.0,0.0,0.0,0.0,1.0,1.0,0.2976047397,0.3018115706,0.4745222259,0.6310163847,0.5709570186,0.5901643312
4171,1.0,0.0,0.0,0.0,1.0,1.0,0.2969589836,0.301156223,0.4712460238,0.6344084994,0.5695364336,0.5879119269
4172,1.0,0.0,0.0,0.0,1.0,1.0,0.2963087825,0.2978468028,0.4823717231,0.6378380288,0.5761590741,0.5944451775
4173,1.0,0.0,0.0,0.0,1.0,1.0,0.2988685864,0.3038168645,0.4774919305,0.6397854498,0.5747507573,0.59562889
4174,1.0,0.0,0.0,0.0,1.0,1.0,0.2964851574,0.3018115461,0.4768739284,0.6397856771,0.5709569569,0.5901638542
4175,1.0,0.0,0.0,0.0,1.0,1.0,0.2990331639,0.3028108904,0.48,0.6417109034,0.5728479064,0.590164417
4176,1.0,0.0,0.0,0.0,1.0,1.0,0.2963086944,0.2971762784,0.4791667147,0.6378381419,0.5747509551,0.5921785637
4177,1.0,0.0,0.0,0.0,1.0,1.0,0.2940480155,0.2998326835,0.4855305996,0.6393445191,0.5799998898,0.6
4178,1.0,0.0,0.0,0.0,1.0,1.0,0.2905724196,0.297176363,0.4824281881,0.6428571429,0.578072885,0.5977652314
4179,1.0,0.0,0.0,0.0,1.0,1.0,0.2969586254,0.3044659394,0.4696485196,0.639784494,0.5662252621,0.5923908813
4180,1.0,0.0,0.0,0.0,1.0,1.0,0.2790649967,0.2750142584,0.4886364202,0.6337216292,0.5838928017,0.6036583043
4181,1.0,0.0,0.0,0.0,1.0,1.0,0.2043151827,0.1606874376,0.470187465,0.6083334824,0.5371025083,0.6703305259
4182,1.0,0.0,0.0,0.0,1.0,1.0,0.1561069286,0.1077462573,0.4883303343,0.2758633309,0.5018588431,0.2068964255
4183,1.0,0.0,0.0,0.0,1.0,1.0,0.1721953253,0.1188927246,0.4831259972,0.1958770243,0.4981414609,0.1093736685
4184,1.0,0.0,0.0,0.0,1.0,1.0,0.1671663636,0.118892787,0.4590748201,0.2127669079,0.4758363674,0.1718755638
4185,1.0,0.0,0.0,0.0,1.0,1.0,0.1578067562,0.09596066988,0.4684211121,0.3333333333,0.507246471,0.301884687
4186,1.0,0.0,0.0,0.0,1.0,1.0,0.1597046699,0.1017288893,0.4621994231,0.5698908663,0.5142858124,0.6666666667
4187,1.0,0.0,0.0,0.0,1.0,1.0,0.2395358829,0.2144133817,0.4479339379,0.5999997056,0.5259515494,0.5806453279
4188,1.0,0.0,0.0,0.0,1.0,1.0,0.2864642626,0.2772539054,0.4378980166,0.611110635,0.5282393522,0.5748496989
4189,1.0,0.0,0.0,0.0,1.0,1.0,0.2961895992,0.2968641497,0.4405705542,0.6149727366,0.5346535376,0.5777774498
4190,1.0,0.0,0.0,0.0,1.0,1.0,0.2934868948,0.2912280562,0.4412697829,0.6162156603,0.5331126846,0.5681822136
4191,1.0,0.0,0.0,0.0,1.0,1.0,0.2930217697,0.2948354163,0.4231378054,0.6324327721,0.5166666119,0.5762711654
4192,1.0,0.0,0.0,0.0,1.0,1.0,0.2946055928,0.2981668861,0.4294769919,0.6236556399,0.5166668581,0.5754192903
4193,1.0,0.0,0.0,0.0,1.0,1.0,0.2971314934,0.3031640454,0.4276629416,0.6256677363,0.5233332592,0.5659334612
4194,1.0,0.0,0.0,0.0,1.0,1.0,0.288548527,0.2927660664,0.4596773961,0.6368708794,0.555555515,0.586206553
4195,1.0,0.0,0.0,0.0,1.0,1.0,0.3020819715,0.3148243786,0.4694534277,0.638298022,0.5700002679,0.5873015503
4196,1.0,0.0,0.0,0.0,1.0,1.0,0.3054292979,0.3181554774,0.4559999295,0.6335081557,0.559999928,0.5863876301
4197,1.0,0.0,0.0,0.0,1.0,1.0,0.3015974272,0.3087977401,0.4606742235,0.62765965,0.5647839292,0.5860215825
4198,1.0,0.0,0.0,0.0,1.0,1.0,0.3081349539,0.3158771045,0.4153354939,0.621762016,0.5217390828,0.5767197236
4199,1.0,0.0,0.0,0.0,1.0,1.0,0.3018983606,0.3119064941,0.3847376162,0.6315785225,0.4899329056,0.5806452373
4200,1.0,0.0,0.0,0.0,1.0,1.0,0.3066648287,0.3163218555,0.3815580173,0.621761789,0.4848483831,0.5797874599
4201,1.0,0.0,0.0,0.0,1.0,1.0,0.3047272324,0.3125345066,0.3823065378,0.6269433014,0.4849498513,0.5828877636
4202,1.0,0.0,0.0,0.0,1.0,1.0,0.3048612602,0.3104578144,0.3773584257,0.6237109854,0.4850496999,0.5775401195
4203,1.0,0.0,0.0,0.0,1.0,1.0,0.3117383468,0.3177031788,0.3746081426,0.6231156278,0.4867550656,0.5729171197
4204,1.0,0.0,0.0,0.0,1.0,1.0,0.311982412,0.3166548625,0.366274517,0.6231154835,0.4785480187,0.5833330472
4205,1.0,0.0,0.0,0.0,1.0,1.0,0.3092024428,0.3150057426,0.3640624889,0.6262622379,0.4752473383,0.5811517711
4206,1.0,0.0,0.0,0.0,1.0,1.0,0.3078812525,0.318304182,0.3698202105,0.6192891897,0.4818483143,0.5699482769
4207,1.0,0.0,0.0,0.0,1.0,1.0,0.3057115376,0.3170985212,0.3662744197,0.6256408282,0.4784053181,0.5706808583
4208,1.0,0.0,0.0,0.0,1.0,1.0,0.3178273365,0.3287637713,0.3764613687,0.6176474421,0.4868418753,0.570000443
4209,1.0,0.0,0.0,0.0,1.0,1.0,0.3107641974,0.3216023354,0.3718749295,0.628140463,0.4818482933,0.5743583977
4210,1.0,0.0,0.0,0.0,1.0,1.0,0.314132586,0.3243221151,0.3713838679,0.6169156865,0.4801324367,0.5714287366
4211,1.0,0.0,0.0,0.0,1.0,1.0,0.3133975486,0.3260471689,0.365054647,0.6218905417,0.481967,0.5728642933
4212,1.0,0.0,0.0,0.0,1.0,1.0,0.3149567586,0.3249010584,0.3619344349,0.6237620463,0.4785480203,0.5736038539
4213,1.0,0.0,0.0,0.0,1.0,1.0,0.2985756235,0.3148241446,0.3647799604,0.6315785221,0.4766668993,0.5873010531
4214,1.0,0.0,0.0,0.0,1.0,1.0,0.3043828242,0.315438624,0.3610675921,0.6237108902,0.4784054285,0.5842104471
4215,1.0,0.0,0.0,0.0,1.0,1.0,0.315365496,0.32981593,0.3594976466,0.6218901613,0.4700000371,0.5757579507
4216,1.0,0.0,0.0,0.0,1.0,1.0,0.3035280502,0.3142057497,0.3564123461,0.6217620754,0.46822739,0.5851059557
4217,1.0,0.0,0.0,0.0,1.0,1.0,0.3097084801,0.321968077,0.3501976887,0.6173469044,0.4597316923,0.5937497491
4218,1.0,0.0,0.0,0.0,1.0,1.0,0.2975377577,0.3106372473,0.3460016095,0.6223404999,0.4493242582,0.5869571166
4219,1.0,0.0,0.0,0.0,1.0,1.0,0.2964850634,0.3110508924,0.3460924907,0.6236563626,0.4489796918,0.5846989968
4220,1.0,0.0,0.0,0.0,1.0,1.0,0.3067904528,0.3169370798,0.3544304234,0.6185569677,0.4597314515,0.5820104354
4221,1.0,0.0,0.0,0.0,1.0,1.0,0.3110429229,0.3158771402,0.3491311946,0.6192894375,0.4581937537,0.5873021103
4222,1.0,0.0,0.0,0.0,1.0,1.0,0.2850995033,0.2964447058,0.349800805,0.636871816,0.4542372064,0.588571779
4223,1.0,0.0,0.0,0.0,1.0,1.0,0.288514984,0.2947505711,0.3460924677,0.6408836358,0.4542370888,0.6034480146
4224,1.0,0.0,0.0,0.0,1.0,1.0,0.2917030952,0.2920665806,0.3540670378,0.6284147669,0.4628377976,0.5895955232
4225,1.0,0.0,0.0,0.0,1.0,1.0,0.295542478,0.2981385238,0.3449920619,0.6290313298,0.4508475116,0.5852275619
4226,1.0,0.0,0.0,0.0,1.0,1.0,0.267161439,0.267768404,0.3526569439,0.6385538964,0.4539250098,0.5923572432
4227,1.0,0.0,0.0,0.0,1.0,1.0,0.2591748275,0.2592411006,0.3873581476,0.6374999149,0.4778157871,0.5921055648
4228,1.0,0.0,0.0,0.0,1.0,1.0,0.2636960976,0.2668577458,0.433224772,0.6049386722,0.5170068635,0.5859882298
4229,1.0,0.0,0.0,0.0,1.0,1.0,0.2596589101,0.2540951886,0.434640427,0.6163529486,0.5152543707,0.586667072
4230,1.0,0.0,0.0,0.0,1.0,1.0,0.2624145747,0.2659534685,0.4392221316,0.6049378682,0.5254237478,0.585987279
4231,1.0,0.0,0.0,0.0,1.0,1.0,0.2449611257,0.2404799902,0.426470628,0.6133333333,0.5085325569,0.5886524823
4232,1.0,0.0,0.0,0.0,1.0,1.0,0.1616998376,0.1267407784,0.4698794761,0.5638293534,0.5108695987,0.6142865401
4233,1.0,0.0,0.0,0.0,1.0,1.0,0.1324349358,0.1272355547,0.5194346351,0.3999988286,0.5239851053,0.3623191174
4234,1.0,0.0,0.0,0.0,1.0,1.0,0.1277745759,0.1304419402,0.4816112313,0.4383577865,0.5147059678,0.3521146
4235,1.0,0.0,0.0,0.0,1.0,1.0,0.12536536,0.131313762,0.4773518517,0.4861094498,0.507299594,0.3888893873
4236,1.0,0.0,0.0,0.0,1.0,1.0,0.1293602907,0.1295572441,0.5053192175,0.383562513,0.5222222993,0.342857683
4237,1.0,0.0,0.0,0.0,1.0,1.0,0.1325611299,0.1386089792,0.5061082886,0.3421057908,0.5182480013,0.25
4238,1.0,0.0,0.0,0.0,1.0,1.0,0.1362070799,0.1281812156,0.4973451465,0.3506493144,0.5092937664,0.2898543948
4239,1.0,0.0,0.0,0.0,1.0,1.0,0.1298207297,0.1249305324,0.4893237111,0.3150686151,0.5111939696,0.2686559444
4240,1.0,0.0,0.0,0.0,1.0,1.0,0.133614867,0.1263233762,0.4830659464,0.3466648025,0.5092936637,0.2794108198
4241,1.0,0.0,0.0,0.0,1.0,1.0,0.1342008527,0.1327672929,0.4946996206,0.3289482686,0.5276751662,0.3055562242
4242,1.0,0.0,0.0,0.0,1.0,1.0,0.1339640374,0.1281336215,0.4955909176,0.3684204496,0.5238094859,0.300000311
4243,1.0,0.0,0.0,0.0,1.0,1.0,0.1310457563,0.1272020232,0.4860139265,0.3599995409,0.5199999061,0.3142867683
4244,1.0,0.0,0.0,0.0,1.0,1.0,0.1540236023,0.1235868929,0.4589040042,0.6000009568,0.5125446937,0.6231884962
4245,1.0,0.0,0.0,0.0,1.0,1.0,0.2427927493,0.2342441186,0.4542428046,0.6301371716,0.5451390885,0.6296293889
4246,1.0,0.0,0.0,0.0,1.0,1.0,0.2910996792,0.2978137756,0.4563106325,0.6222228805,0.5488215413,0.5932203177
4247,1.0,0.0,0.0,0.0,1.0,1.0,0.3176394646,0.3292475322,0.4494381529,0.621211803,0.5484948377,0.5939090073
4248,1.0,0.0,0.0,0.0,1.0,1.0,0.3246184952,0.3409466288,0.4495999649,0.6108369912,0.5418062004,0.5882358635
4249,1.0,0.0,0.0,0.0,1.0,1.0,0.3261843544,0.3392751018,0.4469453765,0.6157633454,0.5384614519,0.5960589935
4250,1.0,0.0,0.0,0.0,1.0,1.0,0.3299894728,0.3458328781,0.4407583468,0.6124399394,0.5496688914,0.5933017953
4251,1.0,0.0,0.0,0.0,1.0,1.0,0.3246996624,0.3359052806,0.4516640374,0.6195116913,0.559602533,0.6009847134
4252,1.0,0.0,0.0,0.0,1.0,1.0,0.329451733,0.3425241165,0.4484945209,0.6057690848,0.5529801127,0.5990344217
4253,1.0,0.0,0.0,0.0,1.0,1.0,0.3182934708,0.328719988,0.441082729,0.6199998218,0.548172798,0.6010103055
4254,1.0,0.0,0.0,0.0,1.0,1.0,0.316543207,0.3264167517,0.4389068557,0.6192899182,0.5488212972,0.60309301
4255,1.0,0.0,0.0,0.0,1.0,1.0,0.318293536,0.3292475525,0.4442676254,0.6149996438,0.5484948338,0.598985167
4256,1.0,0.0,0.0,0.0,1.0,1.0,0.3145208053,0.3259047296,0.4456868529,0.6091365928,0.5518394202,0.6000006827
4257,1.0,0.0,0.0,0.0,1.0,1.0,0.3204558757,0.3309411513,0.4476190913,0.6138619199,0.5562911716,0.5950002556
4258,1.0,0.0,0.0,0.0,1.0,1.0,0.3146096262,0.3237392499,0.4499205708,0.6262626263,0.5514952336,0.6102561882
4259,1.0,0.0,0.0,0.0,1.0,1.0,0.3087448524,0.3148242084,0.4490446477,0.6185572138,0.5533333209,0.608464842
4260,1.0,0.0,0.0,0.0,1.0,1.0,0.3097311563,0.3208911104,0.4520767163,0.6237123634,0.548494922,0.5989584609
4261,1.0,0.0,0.0,0.0,1.0,1.0,0.3118257535,0.3225623144,0.4512000308,0.6256405877,0.5484949707,0.6062173327
4262,1.0,0.0,0.0,0.0,1.0,1.0,0.3033451686,0.3114926885,0.448881871,0.6315787606,0.5500000936,0.6096258099
4263,1.0,0.0,0.0,0.0,1.0,1.0,0.3049414488,0.3142058764,0.4536740789,0.6230359687,0.5585281718,0.6063835229
4264,1.0,0.0,0.0,0.0,1.0,1.0,0.3012672074,0.310863386,0.4513556424,0.6190475631,0.5551838111,0.5967738467
4265,1.0,0.0,0.0,0.0,1.0,1.0,0.2948911786,0.3058492201,0.4545454385,0.6324329898,0.5618727113,0.6065572976
4266,1.0,0.0,0.0,0.0,1.0,1.0,0.3030054985,0.3114930098,0.4571428673,0.6282723745,0.5566665881,0.5989299607
4267,1.0,0.0,0.0,0.0,1.0,1.0,0.303970415,0.3158769861,0.4585986551,0.6230367475,0.5652172285,0.603174208
4268,1.0,0.0,0.0,0.0,1.0,1.0,0.2996733136,0.3075204805,0.4481658592,0.6276596511,0.5484947802,0.5978252873
4269,1.0,0.0,0.0,0.0,1.0,1.0,0.2928301823,0.3025067099,0.4506370202,0.6250004543,0.5518394412,0.6022099856
4270,1.0,0.0,0.0,0.0,1.0,1.0,0.2969586927,0.3048295132,0.4520767476,0.6290317562,0.5499999629,0.6065575366
4271,1.0,0.0,0.0,0.0,1.0,1.0,0.2919716638,0.3025063897,0.4542536023,0.6318684161,0.5551839139,0.6022101363
4272,1.0,0.0,0.0,0.0,1.0,1.0,0.3003091532,0.3071375289,0.4499205008,0.6296303354,0.5481726395,0.6
4273,1.0,0.0,0.0,0.0,1.0,1.0,0.2993572446,0.3054775388,0.4516640391,0.6349205412,0.5481726282,0.6032603487
4274,1.0,0.0,0.0,0.0,1.0,1.0,0.2944215258,0.3075204902,0.4506370268,0.6324331678,0.5518395214,0.5978255161
4275,1.0,0.0,0.0,0.0,1.0,1.0,0.2901605689,0.3005081026,0.4548387424,0.6388887513,0.5540538862,0.606741953
4276,1.0,0.0,0.0,0.0,1.0,1.0,0.2901092091,0.2974926971,0.4545454708,0.6428575843,0.5551839389,0.6123595009
4277,1.0,0.0,0.0,0.0,1.0,1.0,0.2919720847,0.3055725832,0.4558587088,0.6263727986,0.5540540944,0.6022098368
4278,1.0,0.0,0.0,0.0,1.0,1.0,0.2926368373,0.2991641425,0.4560000736,0.6338790678,0.5551839811,0.6033517826
4279,1.0,0.0,0.0,0.0,1.0,1.0,0.289646957,0.2981668749,0.4554140604,0.6373624359,0.5599999555,0.6033515248
4280,1.0,0.0,0.0,0.0,1.0,1.0,0.2960131377,0.3008350422,0.4458599492,0.6344081654,0.5451504346,0.6111113854
4281,1.0,0.0,0.0,0.0,1.0,1.0,0.2841710056,0.2903783535,0.4523424954,0.6306818109,0.5506755066,0.6104652074
4282,1.0,0.0,0.0,0.0,1.0,1.0,0.2765444628,0.2855549158,0.4482200314,0.6374264541,0.5510204238,0.6190484484
4283,1.0,0.0,0.0,0.0,1.0,1.0,0.2850917909,0.2862810593,0.4489465458,0.6363630558,0.5559324073,0.6094677547
4284,1.0,0.0,0.0,0.0,1.0,1.0,0.27977925,0.2836255651,0.4530744581,0.6416181669,0.5540540791,0.6190479925
4285,1.0,0.0,0.0,0.0,1.0,1.0,0.2809419937,0.2855546652,0.4491115285,0.6379304621,0.5544216814,0.6190481858
4286,1.0,0.0,0.0,0.0,1.0,1.0,0.2795187114,0.2831185127,0.4585365337,0.6395346128,0.5631399473,0.614457395
4287,1.0,0.0,0.0,0.0,1.0,1.0,0.2818522305,0.2882351591,0.4570501934,0.63793079,0.5597270147,0.6153844112
4288,1.0,0.0,0.0,0.0,1.0,1.0,0.281395938,0.2889546093,0.4563106208,0.637931471,0.5578231165,0.6117649345
4289,1.0,0.0,0.0,0.0,1.0,1.0,0.2910995796,0.2947507767,0.4579287729,0.6277783616,0.5627120235,0.6034478618
4290,1.0,0.0,0.0,0.0,1.0,1.0,0.2896932404,0.2947504875,0.4605474457,0.6277779616,0.5627120987,0.6091947467
4291,1.0,0.0,0.0,0.0,1.0,1.0,0.2929120561,0.2981387481,0.4589371509,0.6263732935,0.5627115314,0.6022716736
4292,1.0,0.0,0.0,0.0,1.0,1.0,0.2966086989,0.2988196826,0.4677419297,0.6195652174,0.5574322975,0.5988700565
4293,1.0,0.0,0.0,0.0,1.0,1.0,0.2998327803,0.3028612888,0.4709677227,0.6182794249,0.5622896475,0.6055553132
4294,1.0,0.0,0.0,0.0,1.0,1.0,0.3030564531,0.3133843332,0.4709677581,0.6170208741,0.5627118823,0.5945947245
4295,1.0,0.0,0.0,0.0,1.0,1.0,0.298702505,0.3083024136,0.4701130439,0.6108101526,0.5627117896,0.5989013589
4296,1.0,0.0,0.0,0.0,1.0,1.0,0.2894824664,0.3001736744,0.4676375335,0.6256990687,0.5631398096,0.6079542459
4297,1.0,0.0,0.0,0.0,1.0,1.0,0.2777122508,0.2862808811,0.4620356459,0.6220933374,0.5593219222,0.6035503564
4298,1.0,0.0,0.0,0.0,1.0,1.0,0.2619896219,0.2659530559,0.4757281179,0.629629828,0.5627120002,0.6114650474
4299,1.0,0.0,0.0,0.0,1.0,1.0,0.2424874328,0.2455376228,0.4655737429,0.6216225688,0.5536333564,0.6197177954
4300,1.0,0.0,0.0,0.0,1.0,1.0,0.2384287243,0.2370687687,0.4689542858,0.6301376807,0.5563140705,0.6330940322
4301,1.0,0.0,0.0,0.0,1.0,1.0,0.2254130899,0.2159073308,0.4726367887,0.63970618,0.5574911476,0.6209678279
4302,1.0,0.0,0.0,0.0,1.0,1.0,0.2164081984,0.2047469211,0.4743801191,0.6335872611,0.5555556827,0.6440666284
4303,1.0,0.0,0.0,0.0,1.0,1.0,0.2015538485,0.1777176301,0.4600000778,0.6280985507,0.5352112407,0.6336643028
4304,1.0,0.0,0.0,0.0,1.0,1.0,0.2018909378,0.1812369438,0.4557597409,0.6198341894,0.531690276,0.6310685778
4305,1.0,0.0,0.0,0.0,1.0,1.0,0.2028816825,0.1799692372,0.4625623996,0.6229517835,0.53846148,0.6310681456
4306,1.0,0.0,0.0,0.0,1.0,1.0,0.2032199684,0.184107825,0.4599999075,0.622950176,0.5333336133,0.6380955936
4307,1.0,0.0,0.0,0.0,1.0,1.0,0.2055238385,0.1852113759,0.4660032659,0.6209672802,0.534965152,0.6226408584
4308,1.0,0.0,0.0,0.0,1.0,1.0,0.2042049356,0.1887058939,0.456810525,0.6260162888,0.5314686874,0.6203697397
4309,1.0,0.0,0.0,0.0,1.0,1.0,0.2028818452,0.1865158625,0.4575705881,0.622951053,0.5281690168,0.6320746602
4310,1.0,0.0,0.0,0.0,1.0,1.0,0.2104960198,0.193553648,0.4593699236,0.6141726578,0.531690259,0.6272720573
4311,1.0,0.0,0.0,0.0,1.0,1.0,0.2032198467,0.1788475681,0.4616667378,0.6147546713,0.5263159307,0.6274508963
4312,1.0,0.0,0.0,0.0,1.0,1.0,0.1955427976,0.1724388954,0.4648828973,0.606837348,0.531690134,0.6224476651
4313,1.0,0.0,0.0,0.0,1.0,1.0,0.1791295932,0.1495643633,0.4623116044,0.5981298931,0.5281689619,0.6352938111
4314,1.0,0.0,0.0,0.0,1.0,1.0,0.1874997898,0.152546658,0.4572863271,0.6071427879,0.5228069895,0.6436776158
4315,1.0,0.0,0.0,0.0,1.0,1.0,0.1815650338,0.1507930046,0.4549998937,0.5963300171,0.5157894292,0.6395355648
4316,1.0,0.0,0.0,0.0,1.0,1.0,0.1794298872,0.1442858738,0.4563758843,0.5981301458,0.5140844002,0.6463402466
4317,1.0,0.0,0.0,0.0,1.0,1.0,0.1657365791,0.1302090021,0.4472361339,0.5959606245,0.503521158,0.6351362557
4318,1.0,0.0,0.0,0.0,1.0,1.0,0.1618460097,0.1271373647,0.4557595951,0.5979386324,0.5159013411,0.6388893951
4319,1.0,0.0,0.0,0.0,1.0,1.0,0.1623885472,0.1289034273,0.4556113954,0.5876283066,0.5194343608,0.6438345876
4320,1.0,0.0,0.0,0.0,1.0,1.0,0.1601129014,0.1240441458,0.4637437086,0.6,0.5212765503,0.6571428571
4321,1.0,0.0,0.0,0.0,1.0,1.0,0.15763016,0.1271374325,0.4647649968,0.6063826833,0.5159010614,0.6249988671
4322,1.0,0.0,0.0,0.0,1.0,1.0,0.158695205,0.1240442807,0.4628378464,0.5744692484,0.5177304238,0.6571402349
4323,1.0,0.0,0.0,0.0,1.0,1.0,0.1536303159,0.1227073623,0.4611485974,0.5824190814,0.5160141689,0.6231889645
4324,1.0,0.0,0.0,0.0,1.0,1.0,0.1533713952,0.1222722456,0.4654299033,0.5604388681,0.5212765625,0.6086953743
4325,1.0,0.0,0.0,0.0,1.0,1.0,0.1415590423,0.1146313865,0.4556314233,0.5542182002,0.5053762094,0.6093752135
4326,1.0,0.0,0.0,0.0,1.0,1.0,0.1405993172,0.1160066662,0.4627118802,0.5662640137,0.514285692,0.6461530705
4327,1.0,0.0,0.0,0.0,1.0,1.0,0.1311022372,0.1064387547,0.4667801628,0.5584415584,0.5126355728,0.593220339
4328,1.0,0.0,0.0,0.0,1.0,1.0,0.1197960363,0.1010264641,0.4743150994,0.5285719604,0.5198556423,0.5178555502
4329,1.0,0.0,0.0,0.0,1.0,1.0,0.12726338,0.1038845676,0.4668929745,0.5199991712,0.5125451007,0.5172432271
4330,1.0,0.0,0.0,0.0,1.0,1.0,0.1232185182,0.1006628808,0.4623286886,0.5416672996,0.5107913754,0.5535703125
4331,1.0,0.0,0.0,0.0,1.0,1.0,0.1210927914,0.106055798,0.4726961786,0.5211252924,0.5143885216,0.4745780221
4332,1.0,0.0,0.0,0.0,1.0,1.0,0.1225891666,0.1038844692,0.4787052789,0.5277784531,0.5197131324,0.4827562792
4333,1.0,0.0,0.0,0.0,1.0,1.0,0.1266416471,0.1118507264,0.4691781517,0.4189197572,0.5126353933,0.3870968879
4334,1.0,0.0,0.0,0.0,1.0,1.0,0.12279829,0.1078535094,0.4709897479,0.5,0.5143885941,0.449998558
4335,1.0,0.0,0.0,0.0,1.0,1.0,0.1330316476,0.1132463232,0.4812285844,0.4102555553,0.5179853901,0.3650778361
4336,1.0,0.0,0.0,0.0,1.0,1.0,0.1317760136,0.1154588605,0.4708904234,0.3636374025,0.5126351341,0.3437495703
4337,1.0,0.0,0.0,0.0,1.0,1.0,0.1302876161,0.1208714616,0.4837048953,0.3289480407,0.5234657812,0.2686570528
4338,1.0,0.0,0.0,0.0,1.0,1.0,0.1285730519,0.1154589389,0.4751287185,0.3466668966,0.5162454368,0.2968766315
4339,1.0,0.0,0.0,0.0,1.0,1.0,0.1316423203,0.1226418714,0.4783363583,0.2631567097,0.5201465818,0.1940303749
4340,1.0,0.0,0.0,0.0,1.0,1.0,0.1301354817,0.1175814893,0.4774305321,0.3066668181,0.5183824637,0.265625156
4341,1.0,0.0,0.0,0.0,1.0,1.0,0.1314144328,0.1153204129,0.4723183316,0.342106895,0.5164834475,0.3015882731
4342,1.0,0.0,0.0,0.0,1.0,1.0,0.1321000833,0.1130754935,0.4747825417,0.3289486774,0.5145986771,0.2903241105
4343,1.0,0.0,0.0,0.0,1.0,1.0,0.1338380772,0.1185470963,0.4730434141,0.3116889549,0.5145985148,0.2615390633
4344,1.0,0.0,0.0,0.0,1.0,1.0,0.1321002546,0.1157442753,0.4765216428,0.263157293,0.5110291462,0.2063492611
4345,1.0,0.0,0.0,0.0,1.0,1.0,0.1316422714,0.1157438583,0.4748700582,0.2499992945,0.5147059229,0.1746014455
4346,1.0,0.0,0.0,0.0,1.0,1.0,0.1370761243,0.1189813747,0.4670140025,0.2658239372,0.5091574463,0.2153850281
4347,1.0,0.0,0.0,0.0,1.0,1.0,0.129524657,0.116171635,0.4746058585,0.2432423133,0.5129153501,0.2063513982
4348,1.0,0.0,0.0,0.0,1.0,1.0,0.1358124051,0.1194183353,0.4738675212,0.2179486822,0.5110295249,0.1846136853
4349,1.0,0.0,0.0,0.0,1.0,1.0,0.1271374238,0.117035158,0.4840989215,0.1944457477,0.5167286931,0.1746038129
4350,1.0,0.0,0.0,0.0,1.0,1.0,0.1352495151,0.1180152796,0.4710017721,0.2337655892,0.5018451571,0.187499378
4351,1.0,0.0,0.0,0.0,1.0,1.0,0.1397448726,0.1226082523,0.4707963943,0.1898742048,0.5018586446,0.1969678338
4352,1.0,0.0,0.0,0.0,1.0,1.0,0.1427772534,0.1240049606,0.4814813831,0.2098756897,0.5037039045,0.1791047175
4353,1.0,0.0,0.0,0.0,1.0,1.0,0.1432827142,0.1277064501,0.4778760232,0.2098768664,0.5037037182,0.1594208244
4354,1.0,0.0,0.0,0.0,1.0,1.0,0.143029819,0.130038784,0.4840990071,0.1728407087,0.5018587891,0.1714288325
4355,1.0,0.0,0.0,0.0,1.0,1.0,0.148131673,0.1393274252,0.5035714482,0.1807243437,0.5167285672,0.1733334847
4356,1.0,0.0,0.0,0.0,1.0,1.0,0.1437918246,0.129557623,0.4920071372,0.1851848919,0.5037039529,0.1571430317
4357,1.0,0.0,0.0,0.0,1.0,1.0,0.1453089843,0.1351096601,0.4929079049,0.1951233999,0.5037036747,0.1643842372
4358,1.0,0.0,0.0,0.0,1.0,1.0,0.1458258333,0.1318965593,0.4911032577,0.2073174578,0.5055761844,0.140843232
4359,1.0,0.0,0.0,0.0,1.0,1.0,0.1448207887,0.1403710393,0.48837216,0.1358025674,0.5018724935,0.1466668195
4360,1.0,0.0,0.0,0.0,1.0,1.0,0.1519722913,0.1374697192,0.4955277221,0.2,0.509293591,0.1351352152
4361,1.0,0.0,0.0,0.0,1.0,1.0,0.1481314943,0.1388113261,0.5124999135,0.1204827724,0.5185182821,0.09333314176
4362,1.0,0.0,0.0,0.0,1.0,1.0,0.1450517418,0.1369606769,0.5026549079,0.1341479312,0.5148149075,0.13513394
4363,1.0,0.0,0.0,0.0,1.0,1.0,0.1432827484,0.1290793035,0.5044247431,0.1851847885,0.5166051365,0.1285716499
4364,1.0,0.0,0.0,0.0,1.0,1.0,0.1468208886,0.1372858792,0.5061946926,0.1566264751,0.5201465359,0.1599986358
4365,1.0,0.0,0.0,0.0,1.0,1.0,0.1457886505,0.13911611,0.4956062227,0.1807233955,0.5128203804,0.1184212029
4366,1.0,0.0,0.0,0.0,1.0,1.0,0.1447953319,0.1349610846,0.4946996016,0.1829262847,0.5145983351,0.1216229198
4367,1.0,0.0,0.0,0.0,1.0,1.0,0.1453086928,0.1364549702,0.5017730975,0.1585368078,0.520295408,0.1081080301
4368,1.0,0.0,0.0,0.0,1.0,1.0,0.1412637595,0.1359534504,0.4964664375,0.1750012791,0.5147060511,0.135133955
4369,1.0,0.0,0.0,0.0,1.0,1.0,0.1468205692,0.1372857722,0.4991150009,0.2048190556,0.516483727,0.1599986047
4370,1.0,0.0,0.0,0.0,1.0,1.0,0.1478050559,0.14094666,0.5017605864,0.1904769237,0.5201464826,0.1558439013
4371,1.0,0.0,0.0,0.0,1.0,1.0,0.1468206914,0.1433024502,0.5008849477,0.1445774082,0.5147059462,0.1410258177
4372,1.0,0.0,0.0,0.0,1.0,1.0,0.1422695985,0.1449003645,0.4982205147,0.1125012061,0.5092935915,0.1282041414
4373,1.0,0.0,0.0,0.0,1.0,1.0,0.150892885,0.1493632148,0.5008881519,0.1529417459,0.5129149965,0.1358027002
4374,1.0,0.0,0.0,0.0,1.0,1.0,0.1470808368,0.1469766528,0.498226843,0.1325298389,0.511029288,0.1250006736
4375,1.0,0.0,0.0,0.0,1.0,1.0,0.1677505504,0.1665736513,0.5035335381,0.1684212667,0.516483767,0.1538457909
4376,1.0,0.0,0.0,0.0,1.0,1.0,0.1578066332,0.1508249438,0.5052631831,0.1555548551,0.5163636652,0.1325309757
4377,1.0,0.0,0.0,0.0,1.0,1.0,0.155116226,0.1599102815,0.5061728136,0.1704535661,0.523636355,0.1818184057
4378,1.0,0.0,0.0,0.0,1.0,1.0,0.1503585722,0.1550229829,0.4991149659,0.141177181,0.5109488994,0.1764714762
4379,1.0,0.0,0.0,0.0,1.0,1.0,0.1513237838,0.1537603668,0.4929577624,0.1395347678,0.5128206536,0.1547632107
4380,1.0,0.0,0.0,0.0,1.0,1.0,0.1589218735,0.1567390666,0.4840989506,0.166666272,0.5055352149,0.2117636735
4381,1.0,0.0,0.0,0.0,1.0,1.0,0.1538966803,0.1499162638,0.4814158845,0.1609197943,0.4962961469,0.1851852829
4382,1.0,0.0,0.0,0.0,1.0,1.0,0.1478050888,0.1331374917,0.4823944479,0.1904775226,0.5,0.1643841229
4383,1.0,0.0,0.0,0.0,1.0,1.0,0.1544430048,0.1512072197,0.4849023459,0.1609181926,0.5018450083,0.1707326554
4384,1.0,0.0,0.0,0.0,1.0,1.0,0.1544430092,0.1422564007,0.5044404045,0.1724125219,0.5182481837,0.1153864077
4385,1.0,0.0,0.0,0.0,1.0,1.0,0.1465615464,0.1495513834,0.4911661201,0.1566273072,0.5072995046,0.1585378166
4386,1.0,0.0,0.0,0.0,1.0,1.0,0.16478238,0.1659521817,0.4982079003,0.1739122432,0.5149252494,0.1797765903
4387,1.0,0.0,0.0,0.0,1.0,1.0,0.1483271586,0.1435563592,0.4929329671,0.1904748354,0.5090906865,0.1518982467
4388,1.0,0.0,0.0,0.0,1.0,1.0,0.1570553434,0.1585829469,0.4982142097,0.1590920084,0.5129152841,0.1860470296
4389,1.0,0.0,0.0,0.0,1.0,1.0,0.1453090488,0.1409471682,0.5035461332,0.1707306174,0.5201466676,0.1298716204
4390,1.0,0.0,0.0,0.0,1.0,1.0,0.1468209404,0.1377906504,0.5115044441,0.1686758281,0.5257352489,0.1199986169
4391,1.0,0.0,0.0,0.0,1.0,1.0,0.1555076069,0.1513753781,0.4982516467,0.1348315704,0.5182482475,0.1325293637
4392,1.0,0.0,0.0,0.0,1.0,1.0,0.162781348,0.1550227626,0.5043782443,0.1397851454,0.5255474481,0.1294111687
4393,1.0,0.0,0.0,0.0,1.0,1.0,0.1651097763,0.1543252703,0.5026361082,0.1382968616,0.5183823989,0.142856058
4394,1.0,0.0,0.0,0.0,1.0,1.0,0.168032227,0.1555906466,0.4991243922,0.1249988977,0.509157678,0.1058802731
4395,1.0,0.0,0.0,0.0,1.0,1.0,0.1689444769,0.166573486,0.5017793712,0.1473688074,0.5,0.1333325261
4396,1.0,0.0,0.0,0.0,1.0,1.0,0.1600529968,0.1671929035,0.5035587654,0.1333333333,0.4981414924,0.1111111111
4397,1.0,0.0,0.0,0.0,1.0,1.0,0.1727429817,0.1917746745,0.5079364204,0.1734699595,0.505535163,0.1634600357
4398,1.0,0.0,0.0,0.0,1.0,1.0,0.1680635403,0.204431652,0.5098389167,0.170214647,0.5,0.1759257572
4399,1.0,0.0,0.0,0.0,1.0,1.0,0.1677762998,0.2048663801,0.5090253797,0.172041439,0.5057469887,0.1962627754
4400,1.0,0.0,0.0,0.0,1.0,1.0,0.1636095063,0.207899036,0.5088968441,0.152173202,0.499999795,0.1651368006
4401,1.0,0.0,0.0,0.0,1.0,1.0,0.1470808075,0.1805077166,0.4911346731,0.1204824367,0.4904941588,0.1473692224
4402,1.0,0.0,0.0,0.0,1.0,1.0,0.1224894777,0.150106273,0.486678504,0.289854841,0.4942965127,0.2784798121
4403,1.0,0.0,0.0,0.0,1.0,1.0,0.1742618953,0.1708607419,0.4632478402,0.568627451,0.5036766735,0.5913978495
4404,1.0,0.0,0.0,0.0,1.0,1.0,0.2486175253,0.2560407091,0.472636771,0.5999994188,0.53710243,0.5931032824
4405,1.0,0.0,0.0,0.0,1.0,1.0,0.2967349921,0.3032790816,0.4910277946,0.5989014927,0.5586205889,0.5852276237
4406,1.0,0.0,0.0,0.0,1.0,1.0,0.3022702399,0.3114699387,0.4813008184,0.5967741185,0.5582190436,0.5769234886
4407,1.0,0.0,0.0,0.0,1.0,1.0,0.1458645053,0.1188015711,0.5063061613,0.456788817,0.5132074481,0.4285704568
4408,1.0,0.0,0.0,0.0,1.0,1.0,0.151539997,0.1211444492,0.4801443748,0.29761917,0.4924239514,0.2031248419
4409,1.0,0.0,0.0,0.0,1.0,1.0,0.1772924155,0.148268888,0.5008696253,0.5882365295,0.5457874797,0.6666657851
4410,1.0,0.0,0.0,0.0,1.0,1.0,0.2734789351,0.2785903599,0.4908790188,0.6000005269,0.5679442205,0.5937503821
4411,1.0,0.0,0.0,0.0,1.0,1.0,0.3075206116,0.3187873012,0.4844517064,0.5957442309,0.5655170891,0.5783789463
4412,1.0,0.0,0.0,0.0,1.0,1.0,0.31586892,0.3240509376,0.48946524,0.5846157885,0.5699659014,0.5789470601
4413,1.0,0.0,0.0,0.0,1.0,1.0,0.3309944249,0.3393371777,0.4862682082,0.585366563,0.5608107781,0.582089044
4414,1.0,0.0,0.0,0.0,1.0,1.0,0.3277912445,0.33819512,0.4774920339,0.5931372496,0.5622895274,0.5870647311
4415,1.0,0.0,0.0,0.0,1.0,1.0,0.3267404928,0.3365122768,0.4823717584,0.5980386502,0.5622897359,0.584999556
4416,1.0,0.0,0.0,0.0,1.0,1.0,0.3228715981,0.3258315695,0.4902597177,0.6030158567,0.5709460373,0.590673204
4417,1.0,0.0,0.0,0.0,1.0,1.0,0.330486293,0.336478919,0.4856230378,0.5942032359,0.5633335644,0.5742568461
4418,1.0,0.0,0.0,0.0,1.0,1.0,0.3331470706,0.3399463064,0.4805825129,0.5970871377,0.5714285714,0.5950001834
4419,1.0,0.0,0.0,0.0,1.0,1.0,0.3282720218,0.3348469245,0.4845527258,0.5990102288,0.5748297898,0.5888326763
4420,1.0,0.0,0.0,0.0,1.0,1.0,0.326116756,0.3286297476,0.4788961881,0.6019906762,0.5728813722,0.592783024
4421,1.0,0.0,0.0,0.0,1.0,1.0,0.321190671,0.3291678741,0.4877651453,0.6091367353,0.5733787155,0.5906732233
4422,1.0,0.0,0.0,0.0,1.0,1.0,0.3255512115,0.3303236523,0.4837133469,0.6099996222,0.5728812741,0.584615061
4423,1.0,0.0,0.0,0.0,1.0,1.0,0.3206066401,0.3252418433,0.489361786,0.6173474005,0.5762714254,0.588541833
4424,1.0,0.0,0.0,0.0,1.0,1.0,0.3162997303,0.3212489791,0.4926591063,0.613402541,0.5748297858,0.5714285714
4425,1.0,0.0,0.0,0.0,1.0,1.0,0.3189709209,0.3235481977,0.4828151642,0.6153843578,0.5694912792,0.5811519637
4426,1.0,0.0,0.0,0.0,1.0,1.0,0.3228212887,0.3258315125,0.4845023839,0.6111111725,0.5675677073,0.5803114738
4427,1.0,0.0,0.0,0.0,1.0,1.0,0.3152712724,0.3213695528,0.4813008222,0.6134024957,0.5723906106,0.5811523099
4428,1.0,0.0,0.0,0.0,1.0,1.0,0.294917105,0.2930566457,0.4934425337,0.6222225172,0.5762710679,0.5953762161
4429,1.0,0.0,0.0,0.0,1.0,1.0,0.1349157675,0.09439151553,0.4849022873,0.5657917544,0.5185184149,0.6274512295
4430,1.0,0.0,0.0,0.0,1.0,1.0,0.134676483,0.1194185784,0.4929078031,0.4473696346,0.522058865,0.3846130515
4431,1.0,0.0,0.0,0.0,1.0,1.0,0.229601567,0.2054602716,0.4864864989,0.6249990009,0.560975619,0.6355937043
4432,1.0,0.0,0.0,0.0,1.0,1.0,0.2801715752,0.2819370434,0.4967213466,0.6374272329,0.5878379134,0.6107781185
4433,1.0,0.0,0.0,0.0,1.0,1.0,0.302910495,0.3051987705,0.4764992162,0.6256682922,0.5771812303,0.5934064475
4434,1.0,0.0,0.0,0.0,1.0,1.0,0.3083900714,0.3164902423,0.4749595291,0.628271783,0.5766666075,0.6052638032
4435,1.0,0.0,0.0,0.0,1.0,1.0,0.3128269037,0.3193582496,0.4686998786,0.6153852255,0.5695364892,0.5958549282
4436,1.0,0.0,0.0,0.0,1.0,1.0,0.3223481339,0.3281499581,0.4764991785,0.6180902882,0.5800001803,0.5888331066
4437,1.0,0.0,0.0,0.0,1.0,1.0,0.3213069477,0.3320405447,0.473344102,0.6130649335,0.5747509092,0.5800000438
4438,1.0,0.0,0.0,0.0,1.0,1.0,0.3165436679,0.3264843844,0.4710611642,0.6192892029,0.5733336191,0.5918361573
4439,1.0,0.0,0.0,0.0,1.0,1.0,0.3261167607,0.329815862,0.4805193781,0.606964359,0.5799998601,0.5757579817
4440,1.0,0.0,0.0,0.0,1.0,1.0,0.3127288877,0.3198212708,0.477419486,0.6134016662,0.5766667185,0.5937498553
4441,1.0,0.0,0.0,0.0,1.0,1.0,0.3161172927,0.3259770374,0.4792332527,0.6111108609,0.5728476149,0.5888329698
4442,1.0,0.0,0.0,0.0,1.0,1.0,0.309122287,0.3214871705,0.4839744203,0.6165809201,0.5799999486,0.6010358081
4443,1.0,0.0,0.0,0.0,1.0,1.0,0.3072717469,0.3190784153,0.4838186913,0.6210529846,0.5743243043,0.5978829335
4444,1.0,0.0,0.0,0.0,1.0,1.0,0.3114087582,0.3218543882,0.4861338224,0.6125655051,0.5796607464,0.5999995387
4445,1.0,0.0,0.0,0.0,1.0,1.0,0.3196923489,0.326998473,0.4894990653,0.6111110489,0.5805369377,0.6051288642
4446,1.0,0.0,0.0,0.0,1.0,1.0,0.3064101199,0.3148241401,0.4879614475,0.6125648995,0.5766664531,0.6084660341
4447,1.0,0.0,0.0,0.0,1.0,1.0,0.3052957418,0.3135834222,0.4935691227,0.621052595,0.5838927414,0.6096263424
4448,1.0,0.0,0.0,0.0,1.0,1.0,0.3015972785,0.3079090089,0.4847513148,0.6170218877,0.5723908273,0.6174862246
4449,1.0,0.0,0.0,0.0,1.0,1.0,0.2954731888,0.2994959249,0.4814217031,0.617485335,0.569023743,0.6235963332
4450,1.0,0.0,0.0,0.0,1.0,1.0,0.2996704115,0.305572653,0.4764992247,0.6162164259,0.5675676699,0.6298340762
4451,1.0,0.0,0.0,0.0,1.0,1.0,0.3050243516,0.3099963432,0.4772727087,0.611702691,0.5728812789,0.6174861317
4452,1.0,0.0,0.0,0.0,1.0,1.0,0.295769643,0.2988193935,0.47642283,0.6153848984,0.5675677305,0.6158192518
4453,1.0,0.0,0.0,0.0,1.0,1.0,0.2920446648,0.2961309094,0.4821428604,0.6222223873,0.5723905673,0.6193183616
4454,1.0,0.0,0.0,0.0,1.0,1.0,0.3037519464,0.3106370676,0.4803920915,0.6182795132,0.5777027636,0.619565256
4455,1.0,0.0,0.0,0.0,1.0,1.0,0.3087704783,0.3163218566,0.4845528284,0.6315791893,0.579124359,0.6117016582
4456,1.0,0.0,0.0,0.0,1.0,1.0,0.3117230956,0.3166552076,0.4823150924,0.6237114407,0.5841585031,0.5989580677
4457,1.0,0.0,0.0,0.0,1.0,1.0,0.3122250899,0.3187587631,0.4798710702,0.6237115376,0.5780730813,0.5937504978
4458,1.0,0.0,0.0,0.0,1.0,1.0,0.317053329,0.3248185382,0.4718196812,0.6192891624,0.5699999407,0.579486963
4459,1.0,0.0,0.0,0.0,1.0,1.0,0.3234439849,0.3270599208,0.4854369712,0.6199994325,0.5813952898,0.58883161
4460,1.0,0.0,0.0,0.0,1.0,1.0,0.3144309295,0.3205449284,0.4751204485,0.6275510146,0.5756576088,0.5897439744
4461,1.0,0.0,0.0,0.0,1.0,1.0,0.3230678398,0.3309627798,0.4729299569,0.6256162301,0.5737703217,0.5742565276
4462,1.0,0.0,0.0,0.0,1.0,1.0,0.3191090058,0.3205447068,0.486223721,0.6192892881,0.5888157967,0.5794874271
4463,1.0,0.0,0.0,0.0,1.0,1.0,0.3038951882,0.3085526076,0.4471544013,0.6256682877,0.5469798047,0.5597828973
4464,1.0,0.0,0.0,0.0,1.0,1.0,0.2918438604,0.2967625482,0.3817292752,0.6201121227,0.4709897498,0.5517239668
4465,1.0,0.0,0.0,0.0,1.0,1.0,0.2728741512,0.2636458107,0.343749941,0.6024096227,0.4275863317,0.5424834171
4466,1.0,0.0,0.0,0.0,1.0,1.0,0.2706481828,0.2601285137,0.3376834674,0.6265049256,0.4246574777,0.552631465
4467,1.0,0.0,0.0,0.0,1.0,1.0,0.275989987,0.2678918039,0.3398694049,0.6213021279,0.4226802456,0.5512823933
4468,1.0,0.0,0.0,0.0,1.0,1.0,0.2778054134,0.2610228675,0.338815697,0.6272191185,0.4226805864,0.5592103467
4469,1.0,0.0,0.0,0.0,1.0,1.0,0.2832026179,0.2669741822,0.3410214823,0.6220930598,0.4212326472,0.5448715815
4470,1.0,0.0,0.0,0.0,1.0,1.0,0.2438910153,0.2069019978,0.3395903724,0.5944056678,0.4105264266,0.5762706012
4471,1.0,0.0,0.0,0.0,1.0,1.0,0.1757457722,0.1136551937,0.3499112006,0.6060610704,0.4115525329,0.603173238
4472,1.0,0.0,0.0,0.0,1.0,1.0,0.2061239906,0.1492223116,0.3327556231,0.6218490211,0.4201389142,0.6046507435
4473,1.0,0.0,0.0,0.0,1.0,1.0,0.2616779481,0.2363544156,0.2956080456,0.6387100991,0.3918919924,0.5785705746
4474,1.0,0.0,0.0,0.0,1.0,1.0,0.2867598713,0.2783681334,0.2843882374,0.6294116901,0.3926172301,0.5783141293
4475,1.0,0.0,0.0,0.0,1.0,1.0,0.31344951,0.2924790077,0.2956297152,0.6229508768,0.4046821827,0.571428745
4476,1.0,0.0,0.0,0.0,1.0,1.0,0.3203785082,0.2994961344,0.289198518,0.6304346342,0.3939392445,0.5730337475
4477,1.0,0.0,0.0,0.0,1.0,1.0,0.3340082269,0.3100581249,0.2885442919,0.6288657759,0.4026400556,0.5691486533
4478,1.0,0.0,0.0,0.0,1.0,1.0,0.3328535533,0.309591102,0.2828194192,0.6296295887,0.3973063216,0.5706517177
4479,1.0,0.0,0.0,0.0,1.0,1.0,0.3381902221,0.3091918794,0.2751559003,0.6315790053,0.3846154652,0.5729729852
4480,1.0,0.0,0.0,0.0,1.0,1.0,0.3470905015,0.3292473626,0.27337494,0.635896907,0.3812707531,0.5736047087
4481,1.0,0.0,0.0,0.0,1.0,1.0,0.3573226725,0.3386267655,0.27256635,0.6386141912,0.3914472524,0.5776701457
4482,1.0,0.0,0.0,0.0,1.0,1.0,0.34732374,0.3281993233,0.2695034941,0.6428569901,0.3927393196,0.5778896537
4483,1.0,0.0,0.0,0.0,1.0,1.0,0.3480200864,0.3276318101,0.276785795,0.6410252563,0.3940397191,0.5858584472
4484,1.0,0.0,0.0,0.0,1.0,1.0,0.3481001596,0.3253995408,0.2746858155,0.6391753236,0.3953486457,0.5867352158
4485,1.0,0.0,0.0,0.0,1.0,1.0,0.346616783,0.3210128111,0.272237237,0.637305627,0.3973510957,0.5773200509
4486,1.0,0.0,0.0,0.0,1.0,1.0,0.3488700659,0.3221883945,0.2715939731,0.6377558794,0.3980260414,0.5918363651
4487,1.0,0.0,0.0,0.0,1.0,1.0,0.3481810285,0.3210126479,0.2689531297,0.637305134,0.3940399431,0.5773194325
4488,1.0,0.0,0.0,0.0,1.0,1.0,0.347866946,0.3226673346,0.2696123058,0.6476690937,0.3940397731,0.5846149699
4489,1.0,0.0,0.0,0.0,1.0,1.0,0.3546407009,0.3292863194,0.2688172184,0.6363641163,0.390728722,0.582914594
4490,1.0,0.0,0.0,0.0,1.0,1.0,0.3544119718,0.3288064525,0.2695035294,0.6349995329,0.3973943304,0.5841587281
4491,1.0,0.0,0.0,0.0,1.0,1.0,0.3514910587,0.3265501975,0.2682059515,0.6363635397,0.3894389599,0.5757579946
4492,1.0,0.0,0.0,0.0,1.0,1.0,0.3225759523,0.2824507947,0.2710789924,0.6348309856,0.3846152234,0.5739645776
4493,1.0,0.0,0.0,0.0,1.0,1.0,0.2545748239,0.1854635677,0.2830188494,0.6222223594,0.3883163799,0.6018525307
4494,1.0,0.0,0.0,0.0,1.0,1.0,0.2171864619,0.1013420973,0.3480768982,0.6460176011,0.4300697555,0.6206901511
4495,1.0,0.0,0.0,0.0,1.0,1.0,0.2148700035,0.07797044352,0.4023669424,0.6055043657,0.4645389664,0.6363653092
4496,1.0,0.0,0.0,0.0,1.0,1.0,0.217777254,0.08561648388,0.3968872031,0.5982150677,0.472027835,0.5918354006
4497,1.0,0.0,0.0,0.0,1.0,1.0,0.2190556703,0.07592932176,0.4011740341,0.5892858107,0.4699648089,0.6046501818
4498,1.0,0.0,0.0,0.0,1.0,1.0,0.2184465648,0.0763460812,0.4197292055,0.5752212546,0.4895833732,0.613635536
4499,1.0,0.0,0.0,0.0,1.0,1.0,0.2154137682,0.08675719109,0.4194175294,0.6036038873,0.489583508,0.6000016447
4500,1.0,0.0,0.0,0.0,1.0,1.0,0.2099994639,0.08788165446,0.431906693,0.6111110068,0.5,0.6470609279
4501,1.0,0.0,0.0,0.0,1.0,1.0,0.214305319,0.09444914809,0.4483431679,0.5727266902,0.5085910653,0.6545435903
4502,1.0,0.0,0.0,0.0,1.0,1.0,0.2182687768,0.08838608208,0.4463600282,0.5789475562,0.5204081527,0.5961541469
4503,1.0,0.0,0.0,0.0,1.0,1.0,0.2197623793,0.08214593448,0.4416824851,0.5478259462,0.5068493296,0.604169001
4504,1.0,0.0,0.0,0.0,1.0,1.0,0.2176048786,0.08556847798,0.4373794991,0.5752206786,0.5068493199,0.6200008995
4505,1.0,0.0,0.0,0.0,1.0,1.0,0.2176048919,0.08586266493,0.4450866669,0.5663716338,0.5154638673,0.6199991902
4506,1.0,0.0,0.0,0.0,1.0,1.0,0.2310846744,0.07237337762,0.4450867758,0.5666662754,0.513792942,0.6904773311
4507,1.0,0.0,0.0,0.0,1.0,1.0,0.2301980697,0.07435295778,0.4510557671,0.5416671577,0.5190311056,0.6279088342
4508,1.0,0.0,0.0,0.0,1.0,1.0,0.2276723105,0.07608199933,0.4536679312,0.5677960756,0.5190312839,0.6590902856
4509,1.0,0.0,0.0,0.0,1.0,1.0,0.231671595,0.08242822111,0.4559386613,0.5537190641,0.5292096582,0.6458353739
4510,1.0,0.0,0.0,0.0,1.0,1.0,0.2144396039,0.0855687768,0.4425287575,0.55357078,0.510273857,0.5799995932
4511,1.0,0.0,0.0,0.0,1.0,1.0,0.2199543816,0.08299885872,0.4478764833,0.5350886898,0.5121108368,0.5833333333
4512,1.0,0.0,0.0,0.0,1.0,1.0,0.2145804526,0.08472772343,0.4506770971,0.5495481878,0.5121108512,0.591835977
4513,1.0,0.0,0.0,0.0,1.0,1.0,0.2236103587,0.08299856903,0.4533073951,0.5565218609,0.5190312551,0.6458349064
4514,1.0,0.0,0.0,0.0,1.0,1.0,0.229443738,0.08155186065,0.4649804335,0.5169493994,0.5277775731,0.5957431249
4515,1.0,0.0,0.0,0.0,1.0,1.0,0.2165133694,0.08818623831,0.4564797789,0.5446433629,0.5190311259,0.6078438454
4516,1.0,0.0,0.0,0.0,1.0,1.0,0.2192950068,0.07981674436,0.4524271164,0.5486727086,0.5138887527,0.6086946987
4517,1.0,0.0,0.0,0.0,1.0,1.0,0.2216662866,0.07539624082,0.4455252527,0.5350882888,0.5087718744,0.604653002
4518,1.0,0.0,0.0,0.0,1.0,1.0,0.2162533931,0.06814398,0.4502924805,0.5585572472,0.5069929897,0.6666649405
4519,1.0,0.0,0.0,0.0,1.0,1.0,0.2118277941,0.07384182572,0.4508670158,0.5363632163,0.5120273186,0.6279059871
4520,1.0,0.0,0.0,0.0,1.0,1.0,0.2192950141,0.07089446298,0.4485436757,0.5309718988,0.5051902204,0.6097571696
4521,1.0,0.0,0.0,0.0,1.0,1.0,0.2148512516,0.07701190949,0.4414587126,0.5535710716,0.5034245824,0.6000009047
4522,1.0,0.0,0.0,0.0,1.0,1.0,0.2225246811,0.06720415253,0.4452974787,0.52586216,0.5068964291,0.6666666667
4523,1.0,0.0,0.0,0.0,1.0,1.0,0.2174359901,0.07701185742,0.4408396708,0.5263159756,0.4965755031,0.6222219236
4524,1.0,0.0,0.0,0.0,1.0,1.0,0.2225244507,0.0674364022,0.4452974258,0.5172407678,0.501730233,0.5897423725
4525,1.0,0.0,0.0,0.0,1.0,1.0,0.224442878,0.07212470807,0.449136242,0.5128205128,0.5051547291,0.6428571429
4526,1.0,0.0,0.0,0.0,1.0,1.0,0.2144396109,0.07872312821,0.4540230205,0.5446420123,0.5102740419,0.6304354568
4527,1.0,0.0,0.0,0.0,1.0,1.0,0.222524745,0.08043479906,0.4491362466,0.5344837149,0.5034245656,0.5957428606
4528,1.0,0.0,0.0,0.0,1.0,1.0,0.2210306236,0.07926602463,0.4499998874,0.5391294792,0.5068963858,0.6086956522
4529,1.0,0.0,0.0,0.0,1.0,1.0,0.2248743733,0.0792660175,0.4576923693,0.5213686056,0.5103447962,0.5869547922
4530,1.0,0.0,0.0,0.0,1.0,1.0,0.2171865827,0.07608213151,0.4480768913,0.5398239857,0.5051900984,0.5909126242
4531,1.0,0.0,0.0,0.0,1.0,1.0,0.2220983405,0.07163810494,0.4444444334,0.5087713973,0.4965035239,0.5853671856
4532,1.0,0.0,0.0,0.0,1.0,1.0,0.2236104524,0.0716382147,0.4455252625,0.5130446427,0.5,0.5853645277
4533,1.0,0.0,0.0,0.0,1.0,1.0,0.2171863294,0.08126950018,0.4423076772,0.5309726211,0.4982697254,0.5957457883
4534,1.0,0.0,0.0,0.0,1.0,1.0,0.2182689074,0.07435270264,0.4482759496,0.5175432793,0.501730227,0.5813959001
4535,1.0,0.0,0.0,0.0,1.0,1.0,0.2171863146,0.07312987438,0.4365385185,0.5221230939,0.4843207446,0.6190480732
4536,1.0,0.0,0.0,0.0,1.0,1.0,0.2253078287,0.06964763421,0.4508670986,0.5128211235,0.5017420226,0.5999980096
4537,1.0,0.0,0.0,0.0,1.0,1.0,0.2276718248,0.06964753534,0.4575290125,0.5000008477,0.5052265172,0.5999989997
4538,1.0,0.0,0.0,0.0,1.0,1.0,0.2152644779,0.08531816932,0.4403846203,0.5267871617,0.498257711,0.6122451529
4539,1.0,0.0,0.0,0.0,1.0,1.0,0.2098067648,0.0771500167,0.4618320192,0.5090907407,0.508771886,0.5909074072
4540,1.0,0.0,0.0,0.0,1.0,1.0,0.2079764568,0.06686401265,0.4662813789,0.4629633109,0.5070421881,0.5526311574
4541,1.0,0.0,0.0,0.0,1.0,1.0,0.2107139608,0.06862367752,0.4719536812,0.4862377173,0.5105635385,0.5897426418
4542,1.0,0.0,0.0,0.0,1.0,1.0,0.2154134094,0.06334465847,0.4737864479,0.468468402,0.5105635654,0.583336176
4543,1.0,0.0,0.0,0.0,1.0,1.0,0.2236106343,0.05297391578,0.4591439351,0.4521742198,0.5017667642,0.5999972956
4544,1.0,0.0,0.0,0.0,1.0,1.0,0.2100986172,0.06068043279,0.4656187781,0.467289934,0.5035715732,0.558822645
4545,1.0,0.0,0.0,0.0,1.0,1.0,0.217953303,0.05335110344,0.461689589,0.4054057045,0.5017793776,0.5666703069
4546,1.0,0.0,0.0,0.0,1.0,1.0,0.2192453094,0.05953350929,0.4644269435,0.4054059903,0.4909745728,0.454540491
4547,1.0,0.0,0.0,0.0,1.0,1.0,0.2316975369,0.06448032454,0.4774067277,0.3813547952,0.4946233866,0.3611146013
4548,1.0,0.0,0.0,0.0,1.0,1.0,0.2300304404,0.07321890153,0.4702381909,0.3706906732,0.4871797046,0.3250002518
4549,1.0,0.0,0.0,0.0,1.0,1.0,0.2273240651,0.09069011644,0.47843126,0.3103448276,0.4814813832,0.1632653061
4550,1.0,0.0,0.0,0.0,1.0,1.0,0.2033412999,0.1110491349,0.4779270888,0.2735840553,0.4789271524,0.206898123
4551,1.0,0.0,0.0,0.0,1.0,1.0,0.1922699955,0.132501691,0.4882033312,0.2547174469,0.4962120807,0.1999988038
4552,1.0,0.0,0.0,0.0,1.0,1.0,0.1737379995,0.1466361788,0.4928315665,0.2577327361,0.4942085253,0.2236838487
4553,1.0,0.0,0.0,0.0,1.0,1.0,0.1545899178,0.1505183977,0.510791356,0.2674436632,0.4979918195,0.2666659142
4554,1.0,0.0,0.0,0.0,1.0,1.0,0.1508926938,0.1554250204,0.5062167311,0.2352951457,0.4960629987,0.240505241
4555,1.0,0.0,0.0,0.0,1.0,1.0,0.1645099735,0.1582127366,0.5044247473,0.2688184042,0.5057913007,0.2317067816
4556,1.0,0.0,0.0,0.0,1.0,1.0,0.1721953468,0.1408989752,0.4937832479,0.2989691615,0.5,0.2399987674
4557,1.0,0.0,0.0,0.0,1.0,1.0,0.1785340913,0.1200744737,0.4781085226,0.411765206,0.5088338925,0.4411783462
4558,1.0,0.0,0.0,0.0,1.0,1.0,0.1727429487,0.09892099126,0.4902997833,0.5,0.5324232677,0.586207869
4559,1.0,0.0,0.0,0.0,1.0,1.0,0.2441521024,0.1753987931,0.472759261,0.5683458463,0.5496688697,0.5566037376
4560,1.0,0.0,0.0,0.0,1.0,1.0,0.3069841734,0.2466157492,0.499127355,0.5852272938,0.5811687785,0.5460528009
4561,1.0,0.0,0.0,0.0,1.0,1.0,0.3365642588,0.2778002984,0.4888888082,0.5888323614,0.5846645877,0.5459770676
4562,1.0,0.0,0.0,0.0,1.0,1.0,0.3393692272,0.2866989437,0.4855687756,0.584999675,0.5737178119,0.5418991438
4563,1.0,0.0,0.0,0.0,1.0,1.0,0.3223453786,0.2660851799,0.489761143,0.5767201927,0.5714286724,0.5426832265
4564,1.0,0.0,0.0,0.0,1.0,1.0,0.2054411339,0.09005573639,0.4740741303,0.4954956434,0.5053002674,0.588236462
4565,1.0,0.0,0.0,0.0,1.0,1.0,0.1998883616,0.09005565132,0.4648147485,0.4907400153,0.5017668476,0.5490224645
4566,1.0,0.0,0.0,0.0,1.0,1.0,0.2463414684,0.1710456352,0.4647887116,0.564285725,0.5402683644,0.5686272899
4567,1.0,0.0,0.0,0.0,1.0,1.0,0.3075207731,0.2597232604,0.4529914656,0.5777782845,0.5361844173,0.5316455696
4568,1.0,0.0,0.0,0.0,1.0,1.0,0.3197542867,0.2864852038,0.437185956,0.5916238904,0.5276873171,0.5340910767
4569,1.0,0.0,0.0,0.0,1.0,1.0,0.3427125803,0.3139273266,0.4257587744,0.5933013654,0.5288462581,0.5357140868
4570,1.0,0.0,0.0,0.0,1.0,1.0,0.3488537362,0.3266781312,0.4259718323,0.5971570053,0.5177991433,0.5396042838
4571,1.0,0.0,0.0,0.0,1.0,1.0,0.3436096985,0.3159526712,0.4314049711,0.5961532777,0.525806445,0.5306124215
4572,1.0,0.0,0.0,0.0,1.0,1.0,0.3462119479,0.3225038197,0.4330065958,0.594339237,0.5303513371,0.5346533167
4573,1.0,0.0,0.0,0.0,1.0,1.0,0.3361686974,0.3088888713,0.4707338047,0.588235478,0.5695794638,0.5497380568
4574,1.0,0.0,0.0,0.0,1.0,1.0,0.3369453082,0.3111166254,0.4869706587,0.589371728,0.5935482877,0.5544048291
4575,1.0,0.0,0.0,0.0,1.0,1.0,0.3294160986,0.305918906,0.4767999825,0.587379213,0.5833333333,0.5497380196
4576,1.0,0.0,0.0,0.0,1.0,1.0,0.3288896779,0.3066468452,0.4808306526,0.5776699545,0.5746752081,0.5555550403
4577,1.0,0.0,0.0,0.0,1.0,1.0,0.3156964821,0.2995119385,0.4666666207,0.5929648735,0.5641025552,0.566844808
4578,1.0,0.0,0.0,0.0,1.0,1.0,0.307648636,0.2789138178,0.477537369,0.5945940996,0.5780731271,0.5773810724
4579,1.0,0.0,0.0,0.0,1.0,1.0,0.3213095783,0.2841224207,0.4822335127,0.5999997739,0.5752508013,0.5647062539
4580,1.0,0.0,0.0,0.0,1.0,1.0,0.3224551323,0.2860246104,0.4864864693,0.6020943939,0.5789472012,0.5632186745
4581,1.0,0.0,0.0,0.0,1.0,1.0,0.3229490532,0.2881725442,0.4914965667,0.6000004436,0.5833333041,0.5549132385
4582,1.0,0.0,0.0,0.0,1.0,1.0,0.3224007625,0.281509404,0.4940578173,0.5999993276,0.5866667329,0.5621305279
4583,1.0,0.0,0.0,0.0,1.0,1.0,0.3197544413,0.2801711292,0.4924623411,0.5968587904,0.5770494569,0.5614030941
4584,1.0,0.0,0.0,0.0,1.0,1.0,0.3105228024,0.275765702,0.4838709559,0.5956290539,0.5685617244,0.5515156672
4585,1.0,0.0,0.0,0.0,1.0,1.0,0.2689468185,0.2066643984,0.5,0.6000005598,0.583050901,0.5819680438
4586,1.0,0.0,0.0,0.0,1.0,1.0,0.2215077684,0.1550857828,0.4858155988,0.6000003426,0.5620687059,0.6111092604
4587,1.0,0.0,0.0,0.0,1.0,1.0,0.2002458178,0.1258037221,0.4686941064,0.589285782,0.5349649948,0.6527773682
4588,1.0,0.0,0.0,0.0,1.0,1.0,0.1794326886,0.1038153341,0.4703769575,0.5500010556,0.5246480901,0.6440676147
4589,1.0,0.0,0.0,0.0,1.0,1.0,0.1696135222,0.1060561524,0.4762775123,0.5806447963,0.5287770233,0.6610165864
4590,1.0,0.0,0.0,0.0,1.0,1.0,0.1622712581,0.09666118678,0.4870847879,0.5227277592,0.5328466958,0.6415074968
4591,1.0,0.0,0.0,0.0,1.0,1.0,0.1575209051,0.1021325752,0.467391361,0.5172427076,0.5109489971,0.6071439258
4592,1.0,0.0,0.0,0.0,1.0,1.0,0.151375419,0.1025067858,0.4799270446,0.4457834023,0.5164836951,0.446426925
4593,1.0,0.0,0.0,0.0,1.0,1.0,0.1486626987,0.1050136063,0.4695340953,0.4457820808,0.5072464886,0.4310351796
4594,1.0,0.0,0.0,0.0,1.0,1.0,0.1337544754,0.1108402349,0.4721189811,0.4861109529,0.4812028598,0.5084746941
4595,1.0,0.0,0.0,0.0,1.0,1.0,0.1323639611,0.1298489276,0.4606524851,0.3913042145,0.4448815916,0.318183712
4596,1.0,0.0,0.0,0.0,1.0,1.0,0.1656107921,0.1157891028,0.4412330888,0.2558142262,0.4186993768,0.3157898461
4597,1.0,0.0,0.0,0.0,1.0,1.0,0.190547751,0.09454174141,0.4841121435,0.4117648159,0.4787643623,0.8571434132
4598,1.0,0.0,0.0,0.0,1.0,1.0,0.1706365978,0.1385945046,0.4859287842,0.3076935805,0.4531250459,0.3661982286
4599,1.0,0.0,0.0,0.0,1.0,1.0,0.1796321125,0.1007341761,0.4512427664,0.2234035934,0.3873516741,0.2549001472
4600,1.0,0.0,0.0,0.0,1.0,1.0,0.1640875632,0.1167930976,0.4664179622,0.1704540857,0.4291188031,0.2950837682
4601,1.0,0.0,0.0,0.0,1.0,1.0,0.17642757,0.07303603224,0.4610328785,0.3404252143,0.4307692841,0.6315786698
4602,1.0,0.0,0.0,0.0,1.0,1.0,0.172809161,0.184950312,0.4634580154,0.6391758444,0.480426781,0.567307957
4603,1.0,0.0,0.0,0.0,1.0,1.0,0.2040027284,0.1789541612,0.4802744782,0.6218483034,0.4966215427,0.5660374705
4604,1.0,0.0,0.0,0.0,1.0,1.0,0.2219068894,0.1890834182,0.5008605658,0.6279070582,0.5641888888,0.6428571429
4605,1.0,0.0,0.0,0.0,1.0,1.0,0.2915737985,0.2677075647,0.5160201168,0.6011558022,0.5974027752,0.5878786329
4606,1.0,0.0,0.0,0.0,1.0,1.0,0.318080341,0.2995071826,0.5175880513,0.5947368608,0.6058631767,0.5815220113
4607,1.0,0.0,0.0,0.0,1.0,1.0,0.334829983,0.318449779,0.5151514697,0.5879392711,0.6078431872,0.5692303651
4608,1.0,0.0,0.0,0.0,1.0,1.0,0.341603021,0.3287200935,0.5211506648,0.5940591256,0.6046510779,0.570707486
4609,1.0,0.0,0.0,0.0,1.0,1.0,0.3184659632,0.3095915821,0.5135592439,0.6010642468,0.5925924966,0.5815219275
4610,1.0,0.0,0.0,0.0,1.0,1.0,0.2356840454,0.2118960542,0.51241144,0.6165407601,0.5795054594,0.6166655958
4611,1.0,0.0,0.0,0.0,1.0,1.0,0.2002459198,0.1594092135,0.5008944332,0.6071424448,0.5555556842,0.6516862639
4612,1.0,0.0,0.0,0.0,1.0,1.0,0.1952316963,0.1551481134,0.5035842997,0.5871566845,0.5559567457,0.6395338989
4613,1.0,0.0,0.0,0.0,1.0,1.0,0.2433423601,0.2279429269,0.518260831,0.6214280116,0.5859648143,0.630769409
4614,1.0,0.0,0.0,0.0,1.0,1.0,0.2903781971,0.2828929851,0.5050675685,0.6104646464,0.5898302407,0.592815328
4615,1.0,0.0,0.0,0.0,1.0,1.0,0.2953092106,0.293351639,0.4978650548,0.6011556392,0.5802048633,0.5813949063
4616,1.0,0.0,0.0,0.0,1.0,1.0,0.2485195483,0.2246946567,0.4525939306,0.6043168656,0.514388334,0.608000367
4617,1.0,0.0,0.0,0.0,1.0,1.0,0.2377852678,0.2304913826,0.4386616714,0.5156260884,0.4263568693,0.756303502
4618,1.0,0.0,0.0,0.0,1.0,1.0,0.2331397139,0.1548153425,0.4665391947,0.4262290498,0.4274510139,0.7721523846
4619,1.0,0.0,0.0,0.0,1.0,1.0,0.1995045143,0.09194867221,0.4357005725,0.2692301702,0.3960002202,0.4565202081
4620,1.0,0.0,0.0,0.0,1.0,1.0,0.1937694997,0.07506504218,0.4367346045,0.2526318736,0.399141838,0.5714310763
4621,1.0,0.0,0.0,0.0,1.0,1.0,0.2065121864,0.08393759999,0.4795322307,0.3396224034,0.4921876865,0.6976731782
4622,1.0,0.0,0.0,0.0,1.0,1.0,0.1543850527,0.0846304445,0.46747974,0.4605257627,0.4677419966,0.5714292106
4623,1.0,0.0,0.0,0.0,1.0,1.0,0.2429265004,0.2009949624,0.4794258391,0.5826767796,0.5092250049,0.5871562742
4624,1.0,0.0,0.0,0.0,1.0,1.0,0.2054738945,0.1476447417,0.4810379555,0.6310679973,0.5075758869,0.576923739
4625,1.0,0.0,0.0,0.0,1.0,1.0,0.188870521,0.134756249,0.4783464103,0.6249992333,0.4943821257,0.5694428543
4626,1.0,0.0,0.0,0.0,1.0,1.0,0.2294125964,0.159606597,0.4830338089,0.6000003386,0.4980988776,0.5714272468
4627,1.0,0.0,0.0,0.0,1.0,1.0,0.2373189945,0.169580125,0.4691119362,0.5853661737,0.5018049963,0.531914574
4628,1.0,0.0,0.0,0.0,1.0,1.0,0.2438637003,0.1653622851,0.4559999838,0.5901642074,0.5090908084,0.5604402472
4629,1.0,0.0,0.0,0.0,1.0,1.0,0.2341552519,0.1492454554,0.4971429359,0.6178866846,0.5436241169,0.5730337862
4630,1.0,0.0,0.0,0.0,1.0,1.0,0.2454769211,0.1603199929,0.4970759707,0.6349202725,0.5563142276,0.6063823972
4631,1.0,0.0,0.0,0.0,1.0,1.0,0.2198774326,0.1379158871,0.4740000131,0.6272723259,0.5268815723,0.5714278206
4632,1.0,0.0,0.0,0.0,1.0,1.0,0.207866931,0.1377185698,0.4264706918,0.5656568548,0.4370079648,0.5000013496
4633,1.0,0.0,0.0,0.0,1.0,1.0,0.1859902422,0.1112661361,0.4560326901,0.395604925,0.4687497943,0.4210548113
4634,1.0,0.0,0.0,0.0,1.0,1.0,0.21084397,0.1157893488,0.4105480827,0.2549030833,0.3943091134,0.245615046
4635,1.0,0.0,0.0,0.0,1.0,1.0,0.2050668489,0.1485656721,0.4466320577,0.414140839,0.4401545792,0.3506510555
4636,1.0,0.0,0.0,0.0,1.0,1.0,0.198441114,0.1820685244,0.4663909116,0.5624992248,0.4767444185,0.4148939315
4637,1.0,0.0,0.0,0.0,1.0,1.0,0.2277705962,0.190802605,0.4459725215,0.6551725299,0.4800000994,0.5333332093
4638,1.0,0.0,0.0,0.0,1.0,1.0,0.2227797062,0.151375271,0.4274027618,0.6330271339,0.4854014772,0.5542181217
4639,1.0,0.0,0.0,0.0,1.0,1.0,0.2254958774,0.131683184,0.4913958133,0.6355924278,0.5608108274,0.6025630075
4640,1.0,0.0,0.0,0.0,1.0,1.0,0.2941684645,0.2148637883,0.5063985512,0.6149076402,0.5863193293,0.5757586661
4641,1.0,0.0,0.0,0.0,1.0,1.0,0.3258653135,0.2522864242,0.5136611249,0.6089387816,0.6019417711,0.5641017892
4642,1.0,0.0,0.0,0.0,1.0,1.0,0.3547567564,0.2998328879,0.5027026748,0.6040609137,0.586885263,0.5519130881
4643,1.0,0.0,0.0,0.0,1.0,1.0,0.3619888336,0.316216779,0.4911661326,0.6146344319,0.5803278493,0.5647666725
4644,1.0,0.0,0.0,0.0,1.0,1.0,0.3494551925,0.3104579756,0.487762222,0.6050007509,0.5747508607,0.5561498467
4645,1.0,0.0,0.0,0.0,1.0,1.0,0.35023163,0.324818504,0.4888889525,0.6000004218,0.5833333333,0.5435894877
4646,1.0,0.0,0.0,0.0,1.0,1.0,0.341065834,0.3170988602,0.4906620803,0.6119402985,0.5813955937,0.5602097598
4647,1.0,0.0,0.0,0.0,1.0,1.0,0.3342501317,0.3249817769,0.4917217708,0.6089108045,0.5915035002,0.5678390566
4648,1.0,0.0,0.0,0.0,1.0,1.0,0.3119063137,0.2998324927,0.4798656562,0.6021506392,0.5661017605,0.5762710602
4649,1.0,0.0,0.0,0.0,1.0,1.0,0.3014983882,0.2913624047,0.4749999775,0.6022099448,0.5694912446,0.5813960803
4650,1.0,0.0,0.0,0.0,1.0,1.0,0.2358615438,0.1936633212,0.4719864816,0.5899278596,0.5536334125,0.6339282496
4651,1.0,0.0,0.0,0.0,1.0,1.0,0.153760622,0.1106395554,0.459749506,0.5348845797,0.4870849011,0.566666549
4652,1.0,0.0,0.0,0.0,1.0,1.0,0.2109548916,0.16419404,0.4826989306,0.5901637932,0.5464287242,0.6739151796
4653,1.0,0.0,0.0,0.0,1.0,1.0,0.2728738785,0.2652626893,0.4753289918,0.6204825382,0.5582192173,0.6064518553
4654,1.0,0.0,0.0,0.0,1.0,1.0,0.2964308087,0.2998327732,0.4732577518,0.6229505672,0.5627118793,0.5988703263
4655,1.0,0.0,0.0,0.0,1.0,1.0,0.3066470909,0.317228875,0.4756493819,0.6296297572,0.559726917,0.6021511646
4656,1.0,0.0,0.0,0.0,1.0,1.0,0.3153578502,0.3263485606,0.4773463586,0.6205128664,0.5612245125,0.5937500355
4657,1.0,0.0,0.0,0.0,1.0,1.0,0.3202720035,0.3303239968,0.4702093338,0.6080408526,0.555932114,0.6000006562
4658,1.0,0.0,0.0,0.0,1.0,1.0,0.3149366777,0.3264170004,0.466237926,0.6122450549,0.5589225333,0.6030926004
4659,1.0,0.0,0.0,0.0,1.0,1.0,0.3021187685,0.309758347,0.4705882869,0.6162166372,0.5547946012,0.6022103517
4660,1.0,0.0,0.0,0.0,1.0,1.0,0.2980508852,0.3121125757,0.4732577492,0.6195656218,0.5631399604,0.6120216599
4661,1.0,0.0,0.0,0.0,1.0,1.0,0.3044550934,0.320290774,0.4720892321,0.6335075821,0.5738253932,0.6125654872
4662,1.0,0.0,0.0,0.0,1.0,1.0,0.3050761757,0.3220794616,0.4753576575,0.6249997162,0.5747507801,0.5979379243
4663,1.0,0.0,0.0,0.0,1.0,1.0,0.29630861,0.3085524772,0.4775640392,0.6216211136,0.5738253566,0.5978268959
4664,1.0,0.0,0.0,0.0,1.0,1.0,0.2233850621,0.2016117875,0.4701987397,0.6222227223,0.5551722952,0.6495720472
4665,1.0,0.0,0.0,0.0,1.0,1.0,0.1390976955,0.1374231979,0.4536082511,0.5679018749,0.5035714152,0.480517532
4666,1.0,0.0,0.0,0.0,1.0,1.0,0.1378540351,0.1227073622,0.451724049,0.5624996717,0.516014179,0.521738998
4667,1.0,0.0,0.0,0.0,1.0,1.0,0.2108455935,0.1871809603,0.4485049614,0.6062994131,0.5360826307,0.6422024154
4668,1.0,0.0,0.0,0.0,1.0,1.0,0.2502668037,0.2406682799,0.4439025066,0.6233772499,0.5384615946,0.6319444234
4669,1.0,0.0,0.0,0.0,1.0,1.0,0.2795865975,0.2855546404,0.4549840173,0.6264360581,0.5548174533,0.610464946
4670,1.0,0.0,0.0,0.0,1.0,1.0,0.2887631572,0.2924785397,0.454253702,0.6166661029,0.5551841021,0.611428685
4671,1.0,0.0,0.0,0.0,1.0,1.0,0.2885153048,0.296192453,0.4561402168,0.6187838605,0.5629136061,0.608939166
4672,1.0,0.0,0.0,0.0,1.0,1.0,0.2907756918,0.3018117409,0.4515102157,0.6120222622,0.5610558435,0.6120222622
4673,1.0,0.0,0.0,0.0,1.0,1.0,0.2928300893,0.3014709425,0.4458598329,0.6032611784,0.5540984414,0.6032599945
4674,1.0,0.0,0.0,0.0,1.0,1.0,0.2873794542,0.2975312118,0.4680510868,0.6166671033,0.5657895432,0.6187849295
4675,1.0,0.0,0.0,0.0,1.0,1.0,0.2734474218,0.2810931077,0.4767998961,0.6198827066,0.5822369995,0.6198827066
4676,1.0,0.0,0.0,0.0,1.0,1.0,0.2809932155,0.2867249267,0.4792332663,0.6193183376,0.580327817,0.6171427139
4677,1.0,0.0,0.0,0.0,1.0,1.0,0.2825895811,0.2893118669,0.4728434007,0.6101694286,0.5690789888,0.6193180615
4678,1.0,0.0,0.0,0.0,1.0,1.0,0.2825898212,0.2869684472,0.482428172,0.6158194957,0.5808579558,0.6091956772
4679,1.0,0.0,0.0,0.0,1.0,1.0,0.2850973733,0.2928825838,0.4775641831,0.6179774598,0.5761589048,0.6214684295
4680,1.0,0.0,0.0,0.0,1.0,1.0,0.287158715,0.2886175814,0.4767254693,0.6145248492,0.5775578759,0.6114287128
4681,1.0,0.0,0.0,0.0,1.0,1.0,0.2850974258,0.2886177623,0.4823718146,0.6179767507,0.5775579605,0.6114275805
4682,1.0,0.0,0.0,0.0,1.0,1.0,0.2832554445,0.2898382765,0.4830918131,0.619318147,0.5833332134,0.6091954451
4683,1.0,0.0,0.0,0.0,1.0,1.0,0.2885488312,0.2938557693,0.4774192643,0.6201118392,0.5780729629,0.6101698003
4684,1.0,0.0,0.0,0.0,1.0,1.0,0.2797788678,0.2822343844,0.4789644393,0.6184970092,0.5780731929,0.611764825
4685,1.0,0.0,0.0,0.0,1.0,1.0,0.2890143724,0.2958215459,0.4894991602,0.6256988584,0.5852844073,0.6045190103
4686,1.0,0.0,0.0,0.0,1.0,1.0,0.2876445439,0.2921955513,0.4894309257,0.6214692004,0.5913621905,0.6079547869
4687,1.0,0.0,0.0,0.0,1.0,1.0,0.2834719584,0.284840928,0.4927067574,0.6228568343,0.5899998569,0.6140350877
4688,1.0,0.0,0.0,0.0,1.0,1.0,0.2661909594,0.2641621532,0.4983658954,0.6134968179,0.5925925519,0.6114657973
4689,1.0,0.0,0.0,0.0,1.0,1.0,0.1209287757,0.1396278936,0.4822064869,0.4264704489,0.5183823616,0.3947370652
4690,1.0,0.0,0.0,0.0,1.0,1.0,0.1577132664,0.1689963776,0.48404262,0.1797746399,0.5127272266,0.2150530296
4691,1.0,0.0,0.0,0.0,1.0,1.0,0.1526679749,0.1647432389,0.4724690318,0.186045144,0.5018316248,0.2111107989
4692,1.0,0.0,0.0,0.0,1.0,1.0,0.1351555707,0.1502786124,0.475088974,0.2105251456,0.5217392635,0.2048187252
4693,1.0,0.0,0.0,0.0,1.0,1.0,0.1184009496,0.1182136727,0.4651568201,0.5735287631,0.5232974773,0.5151517119
4694,1.0,0.0,0.0,0.0,1.0,1.0,0.2049701979,0.1776014838,0.4694915779,0.6281001211,0.5435540754,0.6764700257
4695,1.0,0.0,0.0,0.0,1.0,1.0,0.2654254864,0.2633664746,0.4885245309,0.6296300791,0.5743241997,0.6089739192
4696,1.0,0.0,0.0,0.0,1.0,1.0,0.2959513272,0.3035217149,0.4822006365,0.6338801421,0.5771811741,0.60773507
4697,1.0,0.0,0.0,0.0,1.0,1.0,0.3046683185,0.3114927679,0.4741935098,0.6243385328,0.566666594,0.6042772645
4698,1.0,0.0,0.0,0.0,1.0,1.0,0.3116193651,0.3187586313,0.4814216117,0.6165801351,0.5747507162,0.5989587122
4699,1.0,0.0,0.0,0.0,1.0,1.0,0.3132339393,0.3210126552,0.4830371913,0.6185566442,0.5794702842,0.5979385646
4700,1.0,0.0,0.0,0.0,1.0,1.0,0.3095044901,0.316048428,0.4822580456,0.6197919865,0.5794702433,0.5968584096
4701,1.0,0.0,0.0,0.0,1.0,1.0,0.3106157086,0.3166550314,0.4814814356,0.6165803168,0.5742573647,0.5937504297
4702,1.0,0.0,0.0,0.0,1.0,1.0,0.3164630679,0.3231530015,0.4717285995,0.6173471146,0.5699999746,0.6030924303
4703,1.0,0.0,0.0,0.0,1.0,1.0,0.3181503908,0.322188476,0.4823150891,0.6262621138,0.5756578711,0.6020406571
4704,1.0,0.0,0.0,0.0,1.0,1.0,0.316117297,0.3205445842,0.4792333072,0.6212118165,0.575657744,0.5948720625
4705,1.0,0.0,0.0,0.0,1.0,1.0,0.3143405686,0.323739747,0.4774194124,0.6153847019,0.568106172,0.6051286781
4706,1.0,0.0,0.0,0.0,1.0,1.0,0.3045300053,0.3186139175,0.4764991695,0.6329781419,0.5704699802,0.6105261321
4707,1.0,0.0,0.0,0.0,1.0,1.0,0.3062805879,0.3175483703,0.4806452854,0.6263157834,0.5685617089,0.6105258062
4708,1.0,0.0,0.0,0.0,1.0,1.0,0.3012902854,0.3112740351,0.4748785066,0.6290326612,0.5622897441,0.6108115676
4709,1.0,0.0,0.0,0.0,1.0,1.0,0.2902130294,0.2964444499,0.4747144489,0.6235947392,0.5593219836,0.6228563642
4710,1.0,0.0,0.0,0.0,1.0,1.0,0.2839136886,0.2909337194,0.4778325616,0.6184967459,0.5616436313,0.6117647813
4711,1.0,0.0,0.0,0.0,1.0,1.0,0.2788000873,0.2929399159,0.479608437,0.6198832144,0.562069014,0.6117648891
4712,1.0,0.0,0.0,0.0,1.0,1.0,0.2724285365,0.2848061176,0.4677419298,0.6213011466,0.5454545802,0.6196326022
4713,1.0,0.0,0.0,0.0,1.0,1.0,0.2402662087,0.2589794934,0.4757930631,0.6388890132,0.5547445913,0.6478879417
4714,0.0,0.0,0.0,0.0,0.0,0.0,0.0,0.0,0.0,0.0,0.0,0.0
4715,0.0,0.0,0.0,0.0,0.0,0.0,0.0,0.0,0.0,0.0,0.0,0.0
4716,0.0,0.0,0.0,0.0,0.0,0.0,0.0,0.0,0.0,0.0,0.0,0.0
4717,0.0,0.0,0.0,0.0,0.0,0.0,0.0,0.0,0.0,0.0,0.0,0.0
4718,0.0,0.0,0.0,0.0,0.0,0.0,0.0,0.0,0.0,0.0,0.0,0.0
4719,0.0,0.0,0.0,0.0,0.0,0.0,0.0,0.0,0.0,0.0,0.0,0.0
4720,0.0,0.0,0.0,0.0,0.0,0.0,0.0,0.0,0.0,0.0,0.0,0.0
4721,1.0,0.7853981853,0.0,0.0,1.0,1.0,0.1419444175,0.1842549065,0.4435797665,0.3150687426,0.4525141116,0.4393947241
4722,1.0,0.7853981853,0.0,0.0,1.0,1.0,0.1215814965,0.1825327291,0.4536081753,0.2542384692,0.4491016203,0.3278692848
4723,1.0,0.7853981853,0.0,-2.61799407,1.0,1.0,0.2981942692,0.2880334606,0.6229508293,0.4615388385,0.7916670277,0.6626509196
4724,1.0,0.7853981853,0.0,0.0,1.0,1.0,0.1787910003,0.2023867216,0.4347048396,0.3300003629,0.3999998187,0.4567902894
4725,1.0,0.7853981853,0.0,0.0,1.0,1.0,0.2809817726,0.3051177783,0.448398664,0.411392535,0.4230766058,0.4881885861
4726,1.0,0.7853981853,0.0,0.0,1.0,1.0,0.2824866712,0.3559655684,0.3818181536,0.4736843843,0.3835615791,0.5064106121
4727,1.0,0.7853981853,0.0,0.0,1.0,1.0,0.2360246558,0.3159672272,0.3485341834,0.5310349956,0.3721971812,0.5602836247
4728,1.0,0.7853981853,0.0,0.0,1.0,1.0,0.2115487337,0.278383524,0.4183332861,0.4803156178,0.4246576156,0.5327859482
4729,1.0,0.7853981853,0.0,0.0,1.0,1.0,0.2127522732,0.2382928581,0.4455446611,0.3798453421,0.4583336296,0.5048554913
4730,1.0,0.7853981853,0.0,0.0,1.0,1.0,0.2177173242,0.2677931558,0.4665522715,0.409448404,0.468899865,0.4821439241
4731,1.0,0.7853981853,0.0,0.0,1.0,1.0,0.2302380609,0.2690805341,0.467713796,0.4318183708,0.4519233474,0.5089290964
4732,1.0,0.7853981853,0.0,0.0,1.0,1.0,0.2381281059,0.2672925745,0.4817391493,0.4525552522,0.4744184343,0.5217389226
4733,1.0,0.7853981853,0.0,0.0,1.0,1.0,0.2058710831,0.1975640635,0.447183051,0.4358972307,0.4465116259,0.5176460222
4734,1.0,0.7853981853,0.0,0.0,1.0,1.0,0.1908196084,0.1309946891,0.4291114083,0.3861386484,0.4223300202,0.3888879815
4735,1.0,0.7853981853,0.0,0.0,1.0,1.0,0.2307870691,0.1138898218,0.4980916325,0.3553710835,0.4604651568,0.4489803357
4736,1.0,0.7853981853,0.0,0.0,1.0,1.0,0.1865870874,0.1187677277,0.5397411572,0.396039604,0.5022419936,0.4150943396
4737,1.0,0.7853981853,0.0,0.0,1.0,1.0,0.2056099134,0.149039761,0.4436494428,0.5304353477,0.4385963835,0.4705898516
4738,1.0,0.7853981853,0.0,0.0,1.0,1.0,0.1682733689,0.1549353775,0.4455782806,0.4848491815,0.4497816395,0.5070428179
4739,1.0,0.7853981853,0.0,0.0,1.0,1.0,0.2562672217,0.2562125325,0.4307692702,0.4800005159,0.436440494,0.504131465
4740,1.0,0.7853981853,0.0,0.0,1.0,1.0,0.256705836,0.2913266015,0.4554794134,0.48,0.4468085532,0.4963505956
4741,1.0,0.7853981853,0.0,0.0,1.0,1.0,0.2316587186,0.2551317924,0.4172184551,0.5,0.4303795021,0.520662005
4742,1.0,0.7853981853,0.0,0.0,1.0,1.0,0.2438500362,0.2773782407,0.446735458,0.4718313665,0.4625551349,0.4920643622
4743,1.0,0.7853981853,0.0,0.0,1.0,1.0,0.2194314386,0.2085792204,0.4442538645,0.4609383166,0.4521739387,0.4791677187
4744,1.0,0.7853981853,0.0,0.0,1.0,1.0,0.1735870532,0.1665737029,0.4789472795,0.4646460614,0.4864864504,0.5675680728
4745,1.0,0.7853981853,0.0,0.0,1.0,1.0,0.2602379305,0.2978334626,0.4520767084,0.5766868476,0.4799999496,0.5704697135
4746,1.0,0.7853981853,0.0,0.0,1.0,1.0,0.2848804709,0.3480546892,0.4582677365,0.5911596994,0.5097276867,0.5754186126
4747,1.0,0.0,0.0,0.0,1.0,1.0,0.3003015886,0.3596477686,0.4647888106,0.5885421014,0.5075757401,0.5578946132
4748,1.0,0.0,0.0,0.0,1.0,1.0,0.2963644654,0.3412274598,0.4810724421,0.6063824645,0.5373135093,0.5573770302
4749,1.0,0.0,0.0,0.0,1.0,1.0,0.1779374459,0.1399994839,0.5058236964,0.5233643177,0.5369650243,0.6666676576
4750,1.0,0.0,0.0,0.0,1.0,1.0,0.1852055829,0.1316058987,0.5091819319,0.5315319042,0.5572519561,0.6666656105
4751,1.0,0.0,0.0,0.0,1.0,1.0,0.2737529898,0.263391138,0.4764992175,0.573965116,0.5379061789,0.5684928708
4752,1.0,0.0,0.0,0.0,1.0,1.0,0.3007874907,0.3085994818,0.4745222539,0.5873013823,0.5578949825,0.5625003151
4753,1.0,0.0,0.0,0.0,1.0,1.0,0.326709565,0.322736428,0.4847022018,0.5960586085,0.5659719386,0.5483870968
4754,1.0,0.0,0.0,0.0,1.0,1.0,0.3224522346,0.3144501285,0.4847512381,0.6069655765,0.5680269937,0.5675671504
4755,1.0,0.0,0.0,0.0,1.0,1.0,0.3277652712,0.3178498106,0.4781906028,0.6059117745,0.5680273193,0.5614972514
4756,1.0,0.0,0.0,0.0,1.0,1.0,0.3288069223,0.3172289175,0.4837133428,0.6039601827,0.5733789207,0.5591395962
4757,1.0,0.0,0.0,0.0,1.0,1.0,0.3191085875,0.3167725049,0.4683955147,0.6142133613,0.5627119171,0.5721922946
4758,1.0,0.0,0.0,0.0,1.0,1.0,0.3207884115,0.3195494822,0.4693548985,0.61809097,0.5646259956,0.569148119
4759,1.0,0.0,0.0,0.0,1.0,1.0,0.3289100866,0.3331472953,0.4721781156,0.623188993,0.5589228065,0.5757569678
4760,1.0,0.0,0.0,0.0,1.0,1.0,0.3156966877,0.318004226,0.4746030888,0.6180900741,0.5690235915,0.5873016983
4761,1.0,0.0,0.0,0.0,1.0,1.0,0.313612283,0.318004213,0.4754358925,0.6060607405,0.5757575758,0.5873020116
4762,1.0,0.0,0.0,0.0,1.0,1.0,0.3069149782,0.3068753576,0.4850393924,0.6102569139,0.5738252829,0.5846988488
4763,1.0,0.0,0.0,0.0,1.0,1.0,0.3093512632,0.3157021501,0.479365127,0.6102563474,0.5709460922,0.5828870543
4764,1.0,0.0,0.0,0.0,1.0,1.0,0.3100628539,0.3108634089,0.4724409287,0.6091372796,0.5719062259,0.5860212104
4765,1.0,0.0,0.0,0.0,1.0,1.0,0.3161175466,0.3140137578,0.4760383037,0.6111106834,0.5743243069,0.5806452368
4766,1.0,0.0,0.0,0.0,1.0,1.0,0.3196340697,0.322667575,0.4773790185,0.6146346497,0.5728476391,0.5794877587
4767,1.0,0.0,0.0,0.0,1.0,1.0,0.3192013678,0.3162168617,0.4666666781,0.6116504231,0.5639344748,0.5803106618
4768,1.0,0.0,0.0,0.0,1.0,1.0,0.3201945843,0.3125288801,0.4665629235,0.6067962098,0.5667752023,0.572916595
4769,1.0,0.0,0.0,0.0,1.0,1.0,0.3187073783,0.3086511439,0.4721362749,0.6019422422,0.565359791,0.582010631
4770,1.0,0.0,0.0,0.0,1.0,1.0,0.3234390344,0.3185922919,0.4739263919,0.6066346336,0.5760518475,0.5634516244
4771,1.0,0.0,0.0,0.0,1.0,1.0,0.3264741484,0.3143404923,0.4745762412,0.5990566817,0.5806450588,0.5794868397
4772,1.0,0.0,0.0,0.0,1.0,1.0,0.3264430202,0.3218269731,0.4690402209,0.6066350313,0.572815534,0.5778901076
4773,1.0,0.0,0.0,0.0,1.0,1.0,0.3165156803,0.3109013849,0.4742588678,0.6009855813,0.5732900479,0.570680682
4774,1.0,0.0,0.0,0.0,1.0,1.0,0.3176520031,0.3147590209,0.4728682699,0.5999991621,0.5811686061,0.5721645377
4775,1.0,0.0,0.0,0.0,1.0,1.0,0.3066824043,0.2998327142,0.454828647,0.5939087718,0.5573771442,0.573770868
4776,1.0,0.0,0.0,0.0,1.0,1.0,0.2987376015,0.2893120144,0.4522691722,0.5811526674,0.5493421148,0.5681825593
4777,1.0,0.0,0.0,0.0,1.0,1.0,0.3013941028,0.2909557946,0.4421875303,0.5854919299,0.5427633068,0.5875710823
4778,1.0,0.0,0.0,0.0,1.0,1.0,0.2922163192,0.27853276,0.4479003829,0.5797871907,0.5475409601,0.5823530622
4779,1.0,0.0,0.0,0.0,1.0,1.0,0.2922164029,0.2810930971,0.451010944,0.5904255692,0.5526317118,0.5789477061
4780,1.0,0.0,0.0,0.0,1.0,1.0,0.2815331303,0.2728740397,0.4835679838,0.6,0.5822367087,0.6024098427
4781,1.0,0.0,0.0,0.0,1.0,1.0,0.2819744994,0.2679426567,0.4780564826,0.6111113837,0.5756577169,0.6012271601
4782,1.0,0.0,0.0,0.0,1.0,1.0,0.2814883583,0.2680623746,0.4889241588,0.6067419546,0.5894039546,0.6111106669
4783,1.0,0.0,0.0,0.0,1.0,1.0,0.2771827386,0.2672925505,0.4770205311,0.6171426999,0.5747509646,0.6024845227
4784,1.0,0.0,0.0,0.0,1.0,1.0,0.2764751836,0.267292453,0.4801271617,0.6091952272,0.5813953062,0.5962732238
4785,1.0,0.0,0.0,0.0,1.0,1.0,0.2795863187,0.2698490787,0.4807074035,0.6034488296,0.5800001647,0.5925921995
4786,1.0,0.0,0.0,0.0,1.0,1.0,0.2818523248,0.2675274413,0.4781200201,0.614942428,0.5791248099,0.5974845266
4787,1.0,0.0,0.0,0.0,1.0,1.0,0.2940479905,0.2841221983,0.4742764704,0.6120225078,0.5752507464,0.5941175862
4788,1.0,0.0,0.0,0.0,1.0,1.0,0.2956549074,0.2908075674,0.4726688944,0.6195646625,0.5719062019,0.5919539869
4789,1.0,0.0,0.0,0.0,1.0,1.0,0.2969587112,0.2948352631,0.4744408055,0.6075264575,0.5733332944,0.5819210717
4790,1.0,0.0,0.0,0.0,1.0,1.0,0.3039704089,0.2958873759,0.4745221949,0.6230371037,0.5756579879,0.5944433873
4791,1.0,0.0,0.0,0.0,1.0,1.0,0.3015972298,0.2924788818,0.4751204684,0.6063827358,0.5719062405,0.5771438944
4792,1.0,0.0,0.0,0.0,1.0,1.0,0.2535652398,0.2293239977,0.4794069527,0.6038953934,0.5650683944,0.6119400579
4793,1.0,0.0,0.0,0.0,1.0,1.0,0.1586417345,0.09588750244,0.474426851,0.4111121173,0.5092250283,0.442310088
4794,1.0,0.0,0.0,0.0,1.0,1.0,0.1515909361,0.09957550642,0.4726631349,0.5232551925,0.5018450966,0.611108102
4795,1.0,0.0,0.0,0.0,1.0,1.0,0.2141659589,0.1711849794,0.4784053045,0.5968997461,0.5467127742,0.6464637171
4796,1.0,0.0,0.0,0.0,1.0,1.0,0.2687022509,0.2515721189,0.477049115,0.6097568086,0.561644019,0.6190470558
4797,1.0,0.0,0.0,0.0,1.0,1.0,0.2985554164,0.2988364407,0.4728433915,0.6203208121,0.5714285199,0.5944441495
4798,1.0,0.0,0.0,0.0,1.0,1.0,0.2964850341,0.2981668182,0.4657098017,0.6129031122,0.5699999527,0.5921780893
4799,1.0,0.0,0.0,0.0,1.0,1.0,0.3061782781,0.3087977408,0.4698412185,0.6217615692,0.5647842831,0.5967738684
4800,1.0,0.0,0.0,0.0,1.0,1.0,0.3072768249,0.3148241923,0.4627574639,0.6237107936,0.5566665172,0.5873015322
4801,1.0,0.0,0.0,0.0,1.0,1.0,0.3054295841,0.3091918739,0.4736000642,0.6178008149,0.5719063533,0.5783788036
4802,1.0,0.0,0.0,0.0,1.0,1.0,0.306410205,0.3075204701,0.4670945943,0.6230361945,0.5618730241,0.5923913298
4803,1.0,0.0,0.0,0.0,1.0,1.0,0.3006319301,0.3055726662,0.4256000114,0.6170209578,0.5202703592,0.5856356567
4804,1.0,0.0,0.0,0.0,1.0,1.0,0.3011140182,0.3083022467,0.4198717753,0.6170217706,0.5118644193,0.5824170553
4805,1.0,0.0,0.0,0.0,1.0,1.0,0.3045919517,0.3098270067,0.4269841293,0.6145836211,0.5233332965,0.5860215309
4806,1.0,0.0,0.0,0.0,1.0,1.0,0.3080039387,0.3110847263,0.4245282656,0.612244966,0.5231787793,0.5904253718
4807,1.0,0.0,0.0,0.0,1.0,1.0,0.3118381535,0.3156132083,0.4352573691,0.6100005288,0.5361842059,0.5833329586
4808,1.0,0.0,0.0,0.0,1.0,1.0,0.3021934548,0.3117072887,0.4787401332,0.6197921842,0.5775577176,0.5925925496
4809,1.0,0.0,0.0,0.0,1.0,1.0,0.3007723076,0.3119174892,0.4717868455,0.6197912036,0.5718954353,0.5863874406
4810,1.0,0.0,0.0,0.0,1.0,1.0,0.298271211,0.3060177595,0.4703125378,0.623036148,0.5700326878,0.590424946
4811,1.0,0.0,0.0,0.0,1.0,1.0,0.2999880875,0.3088891311,0.4758942312,0.6321237431,0.5760516472,0.5863870321
4812,1.0,0.0,0.0,0.0,1.0,1.0,0.2960730583,0.2962512489,0.4749215586,0.634919999,0.5732899944,0.5934068624
4813,1.0,0.0,0.0,0.0,1.0,1.0,0.2974714568,0.3014711468,0.4692912472,0.6243390632,0.5672130981,0.586956313
4814,1.0,0.0,0.0,0.0,1.0,1.0,0.3010934377,0.3084082444,0.4747633695,0.6230369543,0.5709569698,0.5935829501
4815,1.0,0.0,0.0,0.0,1.0,1.0,0.3009412105,0.3094299147,0.470681464,0.6368414661,0.5695364048,0.5989298152
4816,1.0,0.0,0.0,0.0,1.0,1.0,0.3028612571,0.3048297569,0.4816587189,0.621052115,0.5799999494,0.5956280009
4817,1.0,0.0,0.0,0.0,1.0,1.0,0.3018984548,0.3044659253,0.4769474573,0.6263157117,0.5728478289,0.592391164
4818,1.0,0.0,0.0,0.0,1.0,1.0,0.3044551007,0.3084084436,0.4752791185,0.623036757,0.57425744,0.5882357065
4819,1.0,0.0,0.0,0.0,1.0,1.0,0.2985552421,0.298836335,0.4776358235,0.6310156558,0.5714285197,0.6055559799
4820,1.0,0.0,0.0,0.0,1.0,1.0,0.3004649768,0.2985131165,0.4889240826,0.626316232,0.5742573059,0.6022097339
4821,1.0,0.0,0.0,0.0,1.0,1.0,0.3045918718,0.3038168621,0.4873016395,0.6197923736,0.5714287757,0.6010933078
4822,1.0,0.0,0.0,0.0,1.0,1.0,0.3033449724,0.3031638252,0.482428153,0.6263156641,0.566666547,0.6208789191
4823,1.0,0.0,0.0,0.0,1.0,1.0,0.3007874067,0.303816921,0.4856688607,0.629629926,0.5647840579,0.6065578997
4824,1.0,0.0,0.0,0.0,1.0,1.0,0.299195934,0.2948353121,0.4904459135,0.62765955,0.573333434,0.6101687887
4825,1.0,0.0,0.0,0.0,1.0,1.0,0.3049415316,0.3075206046,0.4840255852,0.628272504,0.5652176561,0.6032610278
4826,1.0,0.0,0.0,0.0,1.0,1.0,0.2970876277,0.2971315764,0.4781905642,0.6358699889,0.5641892148,0.6079542828
4827,1.0,0.0,0.0,0.0,1.0,1.0,0.3038951828,0.3005079119,0.4894308049,0.6256682828,0.567567774,0.6123593738
4828,1.0,0.0,0.0,0.0,1.0,1.0,0.3078927176,0.3072608558,0.4870967249,0.612565055,0.5777028035,0.6098896869
4829,1.0,0.0,0.0,0.0,1.0,1.0,0.3067754754,0.3018449802,0.4798062105,0.6105261002,0.5671140818,0.6055548416
4830,1.0,0.0,0.0,0.0,1.0,1.0,0.3092734295,0.3076512196,0.477198765,0.6263156388,0.5680272813,0.6077347601
4831,1.0,0.0,0.0,0.0,1.0,1.0,0.311408635,0.3099966249,0.4812398821,0.6230367849,0.576271137,0.6065576276
4832,1.0,0.0,0.0,0.0,1.0,1.0,0.3111933391,0.3097583378,0.490939134,0.613757105,0.5753424457,0.5911607632
4833,1.0,0.0,0.0,0.0,1.0,1.0,0.31119353,0.3091058865,0.4777594012,0.6243389174,0.5704468274,0.5999995252
4834,1.0,0.0,0.0,0.0,1.0,1.0,0.3079004841,0.3018789861,0.4843493564,0.6203211434,0.5733785747,0.593219941
4835,1.0,0.0,0.0,0.0,1.0,1.0,0.307266639,0.3091058947,0.4793388725,0.6290318267,0.5670101676,0.600000721
4836,1.0,0.0,0.0,0.0,1.0,1.0,0.3054771269,0.3039540098,0.483388674,0.6358696805,0.5670102978,0.598869586
4837,1.0,0.0,0.0,0.0,1.0,1.0,0.3046073115,0.3056713551,0.4827019369,0.6324329391,0.5670103715,0.6067411297
4838,1.0,0.0,0.0,0.0,1.0,1.0,0.3068896724,0.3087012466,0.4778324636,0.6310154283,0.5631397824,0.602210179
4839,1.0,0.0,0.0,0.0,1.0,1.0,0.3091563613,0.3121124188,0.4762685073,0.6243383673,0.5563139049,0.5901633797
4840,1.0,0.0,0.0,0.0,1.0,1.0,0.3106817887,0.3087014108,0.4868420936,0.6296292929,0.5665529048,0.6022099185
4841,1.0,0.0,0.0,0.0,1.0,1.0,0.3056144133,0.313618074,0.4760329697,0.6378375879,0.5655173848,0.6043965448
4842,1.0,0.0,0.0,0.0,1.0,1.0,0.3127392412,0.3153411429,0.4817881394,0.6190484903,0.5655172029,0.5956281894
4843,1.0,0.0,0.0,0.0,1.0,1.0,0.3077750475,0.3101715282,0.4801325583,0.63440829,0.5655171541,0.5944448177
4844,1.0,0.0,0.0,0.0,1.0,1.0,0.3056146736,0.3108229559,0.4809916896,0.6270269636,0.5601375352,0.5966849437
4845,1.0,0.0,0.0,0.0,1.0,1.0,0.3094300944,0.3159749782,0.4817880496,0.6310158081,0.5670101372,0.6032610546
4846,1.0,0.0,0.0,0.0,1.0,1.0,0.3100577756,0.3148927204,0.4768977611,0.6382981432,0.5650684422,0.5978255472
4847,1.0,0.0,0.0,0.0,1.0,1.0,0.3082856846,0.3073885381,0.4792702472,0.6290319371,0.5635738844,0.6033515679
4848,1.0,0.0,0.0,0.0,1.0,1.0,0.3105704888,0.3148924638,0.4776859692,0.6223400298,0.565068386,0.5923908086
4849,1.0,0.0,0.0,0.0,1.0,1.0,0.3171781137,0.3234497693,0.4842975857,0.6302076698,0.5684932319,0.5978831252
4850,1.0,0.0,0.0,0.0,1.0,1.0,0.3131586102,0.3129737919,0.4800000501,0.6329788328,0.5640139463,0.6022099775
4851,1.0,0.0,0.0,0.0,1.0,1.0,0.3102294863,0.3151550379,0.4865771812,0.6378378825,0.5714286801,0.6077344799
4852,1.0,0.0,0.0,0.0,1.0,1.0,0.3119062635,0.3116724159,0.4832215498,0.6344085025,0.57491273,0.6033527283
4853,1.0,0.0,0.0,0.0,1.0,1.0,0.3137783458,0.3159747648,0.481727579,0.6402111276,0.5670102591,0.5978261385
4854,1.0,0.0,0.0,0.0,1.0,1.0,0.31034428,0.3095157761,0.484140289,0.6397841037,0.5605536566,0.614525418
4855,1.0,0.0,0.0,0.0,1.0,1.0,0.3116903471,0.3121060972,0.4796610104,0.6413036694,0.5578946209,0.6067417235
4856,1.0,0.0,0.0,0.0,1.0,1.0,0.3094720294,0.3138597008,0.4839256495,0.6393444726,0.5614034037,0.6033520752
4857,1.0,0.0,0.0,0.0,1.0,1.0,0.3101133345,0.3156129793,0.4822933964,0.6413046797,0.5614036218,0.6111113778
4858,1.0,0.0,0.0,0.0,1.0,1.0,0.311163046,0.3173665745,0.4771573794,0.6413041824,0.5578945619,0.6077348592
4859,1.0,0.0,0.0,0.0,1.0,1.0,0.3069956657,0.3072487221,0.4880546745,0.6388891906,0.5618375358,0.6091956032
4860,1.0,0.0,0.0,0.0,1.0,1.0,0.308175546,0.3107806717,0.4889267412,0.6464089119,0.5618374719,0.6136353368
4861,1.0,0.0,0.0,0.0,1.0,1.0,0.3132834002,0.3171989327,0.4855196087,0.6304346804,0.5638299544,0.5977658897
4862,1.0,0.0,0.0,0.0,1.0,1.0,0.3093510757,0.3136545637,0.4829932346,0.6318682228,0.5567374697,0.6045192524
4863,1.0,0.0,0.0,0.0,1.0,1.0,0.3168551573,0.3191202896,0.4856661078,0.6276598792,0.5649121204,0.5989005592
4864,1.0,0.0,0.0,0.0,1.0,1.0,0.3089489744,0.3075203341,0.4864864742,0.6338804288,0.5664334248,0.6022725748
4865,1.0,0.0,0.0,0.0,1.0,1.0,0.3099962635,0.3096861733,0.4864405751,0.6502738174,0.5669013901,0.6079547638
4866,1.0,0.0,0.0,0.0,1.0,1.0,0.3138179328,0.3114458676,0.4880546655,0.6413048669,0.5704226786,0.604519473
4867,1.0,0.0,0.0,0.0,1.0,1.0,0.3115806199,0.3121067237,0.4889267778,0.644808556,0.5649123552,0.6123589298
4868,1.0,0.0,0.0,0.0,1.0,1.0,0.3184662347,0.3162571145,0.4864406671,0.6329784409,0.5664334604,0.6022097857
4869,1.0,0.0,0.0,0.0,1.0,1.0,0.3157020495,0.3208735719,0.4831080437,0.6363636364,0.5649125372,0.6010933541
4870,1.0,0.0,0.0,0.0,1.0,1.0,0.3127504679,0.3162569731,0.4897958978,0.6304348334,0.5699301948,0.5966856476
4871,1.0,0.0,0.0,0.0,1.0,1.0,0.3121124117,0.309686029,0.5017064334,0.6338796547,0.5774647151,0.6079547167
4872,1.0,0.0,0.0,0.0,1.0,1.0,0.3176920556,0.3125466314,0.5051545923,0.6378371506,0.5795051034,0.6045200581
4873,1.0,0.0,0.0,0.0,1.0,1.0,0.3176119613,0.315426406,0.4974093935,0.6467392001,0.5709220532,0.6011233519
4874,1.0,0.0,0.0,0.0,1.0,1.0,0.3164322666,0.3176797684,0.4965398238,0.6502742022,0.5714285165,0.6067417363
4875,1.0,0.0,0.0,0.0,1.0,1.0,0.3215593385,0.3241919646,0.4991303333,0.6324321778,0.5734766152,0.5911598966
4876,1.0,0.0,0.0,0.0,1.0,1.0,0.3191935468,0.3217625551,0.4973822383,0.6393447329,0.5719422762,0.5921789808
4877,1.0,0.0,0.0,0.0,1.0,1.0,0.3174492573,0.3211204295,0.4973822581,0.642857643,0.5667871903,0.5842691535
4878,1.0,0.0,0.0,0.0,1.0,1.0,0.3208736857,0.319316198,0.4964912624,0.6448084992,0.5740075121,0.5875706482
4879,1.0,0.0,0.0,0.0,1.0,1.0,0.3221768363,0.3170272206,0.4887347694,0.6397853687,0.5591397238,0.5932202579
4880,1.0,0.0,0.0,0.0,1.0,1.0,0.3210642618,0.3147707768,0.4956821456,0.6397853507,0.5693952712,0.6045202757
4881,1.0,0.0,0.0,0.0,1.0,1.0,0.3214988099,0.3181678152,0.4895105717,0.6467389615,0.5611509531,0.5875707635
4882,1.0,0.0,0.0,0.0,1.0,1.0,0.3133101484,0.3109774254,0.4886164097,0.6368713655,0.5611509957,0.5953753401
4883,1.0,0.0,0.0,0.0,1.0,1.0,0.3203114875,0.3198212999,0.4938705056,0.6393445679,0.5636365398,0.5909095315
4884,1.0,0.0,0.0,0.0,1.0,1.0,0.306845902,0.3012756685,0.4947369135,0.6400002455,0.5667870386,0.5928144406
4885,1.0,0.0,0.0,0.0,1.0,1.0,0.3050925396,0.3041778803,0.4912281728,0.632184454,0.5543476676,0.5892861423
4886,1.0,0.0,0.0,0.0,1.0,1.0,0.3093921433,0.3091797947,0.4886956279,0.6235953454,0.5575539965,0.5872093309
4887,1.0,0.0,0.0,0.0,1.0,1.0,0.3157049476,0.3240941096,0.4869110445,0.624309725,0.5507247162,0.5810054131
4888,1.0,0.0,0.0,0.0,1.0,1.0,0.3129737279,0.320473287,0.4844290895,0.6132594484,0.5507245152,0.581920579
4889,1.0,0.0,0.0,0.0,1.0,1.0,0.3132056116,0.312788097,0.4823944619,0.6235955251,0.5481480635,0.59763341
4890,1.0,0.0,0.0,0.0,1.0,1.0,0.3041780076,0.3130120513,0.4765218064,0.6457141491,0.5531136546,0.6081872095
4891,1.0,0.0,0.0,0.0,1.0,1.0,0.3121182918,0.3147032764,0.47176082,0.63829792,0.5501729273,0.609889373
4892,1.0,0.0,0.0,0.0,1.0,1.0,0.2995069397,0.3049145771,0.4690553079,0.6250001281,0.5355933978,0.6000002094
4893,1.0,0.0,0.0,0.0,1.0,1.0,0.2954729398,0.2923203863,0.4991923097,0.6393437379,0.5751634006,0.6201116576
4894,1.0,0.0,0.0,0.0,1.0,1.0,0.2869848206,0.3032792333,0.5075124997,0.6220934098,0.5758622244,0.6022727523
4895,1.0,0.0,0.0,0.0,1.0,1.0,0.3001624209,0.3110509354,0.4884488708,0.5934063537,0.5884353822,0.5901633655
4896,1.0,0.0,0.0,0.0,1.0,1.0,0.3013147046,0.3252424213,0.4909390876,0.5846990623,0.5830507494,0.572916979
4897,1.0,0.0,0.0,0.0,1.0,1.0,0.2876929202,0.3186373744,0.5041596963,0.5722544415,0.5818813697,0.5628414463
4898,1.0,0.0,0.0,0.0,1.0,1.0,0.2769739653,0.3121062373,0.4924873753,0.5722890059,0.5719298039,0.5730337453
4899,1.0,0.0,0.0,0.0,1.0,1.0,0.2757079953,0.3168518817,0.493103385,0.5812495038,0.5724638912,0.5771432209
4900,1.0,0.0,0.0,0.0,1.0,1.0,0.2795642215,0.3368491589,0.4947552721,0.5750002767,0.5777778992,0.5879123493
4901,1.0,0.0,0.0,0.0,1.0,1.0,0.2744582612,0.3251861064,0.4905009064,0.5723264374,0.5808825264,0.5649717759
4902,1.0,0.0,0.0,0.0,1.0,1.0,0.2646077847,0.3163700632,0.4789208178,0.5732483213,0.5719423835,0.5738634426
4903,1.0,0.0,0.0,0.0,1.0,1.0,0.2727291605,0.3188182162,0.4779661263,0.5838509683,0.5734768233,0.5730341278
4904,1.0,0.0,0.0,0.0,1.0,1.0,0.2584175995,0.3073825175,0.4828766472,0.5827809781,0.5791369669,0.5672521564
4905,1.0,0.0,0.0,0.0,1.0,1.0,0.2721168436,0.3114458246,0.4890756414,0.57407386,0.5915493608,0.5649715721
4906,1.0,0.0,0.0,0.0,1.0,1.0,0.2824509695,0.3284878083,0.4849498846,0.5680473102,0.5874125638,0.5531919263
4907,1.0,0.0,0.0,0.0,1.0,1.0,0.2584762989,0.297325087,0.496551734,0.5733335617,0.5985664767,0.5662641278
4908,1.0,0.0,0.0,0.0,1.0,1.0,0.2721167748,0.3138596499,0.48571439,0.5802475042,0.5929825934,0.5698320542
4909,1.0,0.0,0.0,0.0,1.0,1.0,0.2558297786,0.2944783464,0.4931741335,0.5866663324,0.5821428488,0.5696964379
4910,1.0,0.0,0.0,0.0,1.0,1.0,0.258799387,0.3016172859,0.5025553889,0.5921054403,0.5928569483,0.5562124118
4911,1.0,0.0,0.0,0.0,1.0,1.0,0.2640035604,0.3080716934,0.5094339593,0.5844156463,0.5985663024,0.563952905
4912,1.0,0.0,0.0,0.0,1.0,1.0,0.2569992056,0.2987653893,0.5058823493,0.5751635951,0.5978647047,0.5773809133
4913,1.0,0.0,0.0,0.0,1.0,1.0,0.260575028,0.3048838637,0.5060033716,0.5657892487,0.5956678362,0.5621296706
4914,1.0,0.0,0.0,0.0,1.0,1.0,0.2734958106,0.311015101,0.5016892456,0.5679013928,0.5979020771,0.578651322
4915,1.0,0.0,0.0,0.0,1.0,1.0,0.2629220758,0.3033392833,0.5008432628,0.5769235843,0.5964914007,0.5838146976
4916,1.0,0.0,0.0,0.0,1.0,1.0,0.2678569204,0.3050929326,0.4941373976,0.5812495657,0.5859649401,0.5747127059
4917,1.0,0.0,0.0,0.0,1.0,1.0,0.2690805882,0.310780551,0.4983278231,0.5714278949,0.5865722645,0.5681820643
4918,1.0,0.0,0.0,0.0,1.0,1.0,0.2721251745,0.3110149957,0.4884488064,0.5696963776,0.5874125318,0.5842702495
4919,1.0,0.0,0.0,0.0,1.0,1.0,0.2620685101,0.3022366203,0.4918566195,0.5838513725,0.5876288424,0.5795455652
4920,1.0,0.0,0.0,0.0,1.0,1.0,0.2621485101,0.30364978,0.4918032055,0.5874999544,0.5902780146,0.577142336
4921,1.0,0.0,0.0,0.0,1.0,1.0,0.2597234132,0.3019147709,0.499999961,0.582278405,0.5902780248,0.5804595633
4922,1.0,0.0,0.0,0.0,1.0,1.0,0.275989497,0.311245119,0.4967320195,0.5739640878,0.598615964,0.566666986
4923,1.0,0.0,0.0,0.0,1.0,1.0,0.2727236137,0.3149648138,0.4983660597,0.5748510632,0.5880282286,0.5698321198
4924,1.0,0.0,0.0,0.0,1.0,1.0,0.264557907,0.3057731989,0.501634051,0.5987655147,0.5944055824,0.5942861006
4925,1.0,0.0,0.0,0.0,1.0,1.0,0.2609380546,0.3096858673,0.504105129,0.5849056152,0.5950703907,0.5852276107
4926,1.0,0.0,0.0,0.0,1.0,1.0,0.2667372985,0.3127625269,0.4991762924,0.5679013665,0.5909092284,0.5754189584
4927,1.0,0.0,0.0,0.0,1.0,1.0,0.2736366262,0.3143120762,0.4958263731,0.5853659102,0.5830390116,0.5786516914
4928,1.0,0.0,0.0,0.0,1.0,1.0,0.2675026117,0.309267641,0.4975370038,0.5950920605,0.590909182,0.5819208002
4929,1.0,0.0,0.0,0.0,1.0,1.0,0.2697167171,0.3125461099,0.5099338209,0.5828218628,0.5971732212,0.5875710304
4930,1.0,0.0,0.0,0.0,1.0,1.0,0.2709231128,0.3194644009,0.5090908861,0.5670736761,0.5892858302,0.5810060348
4931,1.0,0.0,0.0,0.0,1.0,1.0,0.26818365,0.3213753443,0.4900000159,0.5465839395,0.5830390948,0.5769233598
4932,1.0,0.0,0.0,0.0,1.0,1.0,0.2660743164,0.311445811,0.4958402559,0.5750004837,0.5880282266,0.5762709826
4933,1.0,0.0,0.0,0.0,1.0,1.0,0.2751365641,0.3162569529,0.4892206067,0.5722899627,0.5804193304,0.5745865929
4934,1.0,0.0,0.0,0.0,1.0,1.0,0.2660743564,0.3121061213,0.4975041109,0.5562501573,0.5929827004,0.573033611
4935,1.0,0.0,0.0,0.0,1.0,1.0,0.2665176762,0.3156130485,0.491666607,0.56875,0.5824562881,0.5888888889
4936,1.0,0.0,0.0,0.0,1.0,1.0,0.2734789051,0.3162570332,0.4975124507,0.5636363636,0.5944054415,0.5801098705
4937,1.0,0.0,0.0,0.0,1.0,1.0,0.27438925,0.3121060787,0.4908485745,0.5878778919,0.5859648796,0.5786521635
4938,1.0,0.0,0.0,0.0,1.0,1.0,0.2671777364,0.3180041901,0.4900990956,0.567901326,0.583916035,0.5659345972
4939,1.0,0.0,0.0,0.0,1.0,1.0,0.2742270889,0.3162570198,0.4925619003,0.5783130145,0.587412578,0.5745862136
4940,1.0,0.0,0.0,0.0,1.0,1.0,0.2656539286,0.3032792366,0.4862237226,0.5731712944,0.5758619329,0.5625002756
4941,1.0,0.0,0.0,0.0,1.0,1.0,0.2762034788,0.3183155412,0.4888178122,0.5722541158,0.5787671105,0.564515525
4942,1.0,0.0,0.0,0.0,1.0,1.0,0.277533552,0.3159746567,0.492776775,0.5664745002,0.5807561041,0.5597820908
4943,1.0,0.0,0.0,0.0,1.0,1.0,0.2715526621,0.3114699311,0.4871382985,0.5857986486,0.5787672217,0.5824169307
4944,1.0,0.0,0.0,0.0,1.0,1.0,0.2705134238,0.3142576642,0.4862236111,0.5748502283,0.5876288765,0.5683059221
4945,1.0,0.0,0.0,0.0,1.0,1.0,0.2710904723,0.3180043393,0.480392091,0.5602406724,0.5769230506,0.5714293403
4946,1.0,0.0,0.0,0.0,1.0,1.0,0.269639604,0.310823094,0.4878836856,0.5868261842,0.5773196542,0.5745856897
4947,1.0,0.0,0.0,0.0,1.0,1.0,0.2660852847,0.308190423,0.4821429109,0.579268438,0.5714287173,0.5819215527
4948,1.0,0.0,0.0,0.0,1.0,1.0,0.2631809459,0.3116724707,0.4830371248,0.5766878766,0.5818816262,0.5865924939
4949,1.0,0.0,0.0,0.0,1.0,1.0,0.2482482766,0.2994843302,0.4774192977,0.5974025469,0.5679442921,0.5872091808
4950,1.0,0.0,0.0,0.0,1.0,1.0,0.2645115901,0.3055725934,0.4722662698,0.5988030954,0.5810811925,0.5745858775
4951,1.0,0.0,0.0,0.0,1.0,1.0,0.265125261,0.3097586766,0.4758842187,0.581817696,0.5650684192,0.5745851704
4952,1.0,0.0,0.0,0.0,1.0,1.0,0.2591144401,0.2998326833,0.4847021843,0.6086952755,0.5758623093,0.5747127095
4953,1.0,0.0,0.0,0.0,1.0,1.0,0.2670509946,0.3121125835,0.4832000154,0.598801936,0.5733789795,0.5737707742
4954,1.0,0.0,0.0,0.0,1.0,1.0,0.271552777,0.3150782749,0.474276538,0.585798864,0.5694914709,0.5698922043
4955,1.0,0.0,0.0,0.0,1.0,1.0,0.2713934653,0.3210011221,0.4731708419,0.5868266,0.5590277872,0.5621627512
4956,1.0,0.0,0.0,0.0,1.0,1.0,0.2746069809,0.3302949532,0.4776357754,0.5872093413,0.5684932565,0.554404078
4957,1.0,0.0,0.0,0.0,1.0,1.0,0.2654254756,0.3196094373,0.4672131141,0.5864195243,0.5547703485,0.5580114048
4958,1.0,0.0,0.0,0.0,1.0,1.0,0.2770888539,0.3360193865,0.4759616332,0.5895954646,0.5620688097,0.5487179387
4959,1.0,0.0,0.0,0.0,1.0,1.0,0.2672738457,0.3313939102,0.4619125106,0.5818184924,0.5438597474,0.5449736134
4960,1.0,0.0,0.0,0.0,1.0,1.0,0.2736176748,0.3272817855,0.4639343903,0.5868260362,0.5563379113,0.5430106273
4961,1.0,0.0,0.0,0.0,1.0,1.0,0.2773494201,0.3296406444,0.4646961859,0.5917153471,0.5543859301,0.5478729428
4962,1.0,0.0,0.0,0.0,1.0,1.0,0.270648341,0.3313938303,0.4567700023,0.5963849589,0.5508772988,0.5555556654
4963,1.0,0.0,0.0,0.0,1.0,1.0,0.2731697871,0.3337358003,0.4599017855,0.5868270339,0.5547704524,0.5396826943
4964,1.0,0.0,0.0,0.0,1.0,1.0,0.2743565274,0.3325607402,0.4738561637,0.5892854375,0.5633800697,0.5449734929
4965,1.0,0.0,0.0,0.0,1.0,1.0,0.2748054178,0.3331472823,0.4631751937,0.5952379621,0.557894886,0.5421059138
4966,1.0,0.0,0.0,0.0,1.0,1.0,0.2693301642,0.3349006241,0.4594156192,0.5963858193,0.5543858146,0.5549731261
4967,1.0,0.0,0.0,0.0,1.0,1.0,0.2791828949,0.3349193919,0.4628099793,0.5857991014,0.5531914038,0.5608473711
4968,1.0,0.0,0.0,0.0,1.0,1.0,0.2695311811,0.32833677,0.4505862202,0.590062434,0.5487362668,0.5659334299
4969,1.0,0.0,0.0,0.0,1.0,1.0,0.2655281537,0.3313753331,0.4603960772,0.5900624927,0.5496453662,0.5561493145
4970,1.0,0.0,0.0,0.0,1.0,1.0,0.2589312287,0.319464674,0.4455446209,0.6050956413,0.5500001014,0.5698319945
4971,1.0,0.0,0.0,0.0,1.0,1.0,0.2606519945,0.3218841868,0.46345522,0.5987256256,0.5551602489,0.5635360459
4972,1.0,0.0,0.0,0.0,1.0,1.0,0.2630980688,0.3302041934,0.4602649182,0.5974839547,0.5547703894,0.5668452192
4973,1.0,0.0,0.0,0.0,1.0,1.0,0.2646548101,0.3296403218,0.4605262718,0.5714289151,0.5508770846,0.5585101507
4974,1.0,0.0,0.0,0.0,1.0,1.0,0.2609378929,0.3186374793,0.4663382312,0.5849055694,0.5574912334,0.5573768259
4975,1.0,0.0,0.0,0.0,1.0,1.0,0.260580559,0.317198578,0.4620461999,0.5822783878,0.5496456082,0.5530730071
4976,1.0,0.0,0.0,0.0,1.0,1.0,0.2383536296,0.2906181288,0.4638157803,0.5862062275,0.5425530218,0.5548775467
4977,1.0,0.0,0.0,0.0,1.0,1.0,0.2395356605,0.2898740461,0.4578512738,0.586206215,0.5444841272,0.5582821583
4978,1.0,0.0,0.0,0.0,1.0,1.0,0.20222828,0.2534817235,0.4515049238,0.6033047007,0.5326085617,0.5928570561
4979,1.0,0.0,0.0,0.0,1.0,1.0,0.1941963866,0.2237016476,0.4472361128,0.577585409,0.5198554978,0.5725807213
4980,1.0,0.0,0.0,0.0,1.0,1.0,0.1716727175,0.1842039666,0.4489796519,0.5643570964,0.51824823,0.5940602686
4981,1.0,0.0,0.0,0.0,1.0,1.0,0.1415296747,0.1488138967,0.4825174308,0.5308637287,0.5441177302,0.5802461224
4982,1.0,0.0,0.0,0.0,1.0,1.0,0.1225235898,0.1398472894,0.479860011,0.5285707058,0.529850404,0.5600017839
4983,1.0,0.0,0.0,0.0,1.0,1.0,0.1282236773,0.1510348428,0.4833039904,0.5342465383,0.5335822103,0.555555826
4984,1.0,0.0,0.0,0.0,1.0,1.0,0.1275513566,0.1449004339,0.479020982,0.5068488829,0.5315983526,0.5512825876
4985,1.0,0.0,0.0,0.0,1.0,1.0,0.1090941759,0.1286596783,0.4647886967,0.5,0.5223881774,0.5652167854
4986,1.0,0.0,0.0,0.0,1.0,1.0,0.112415039,0.1305241764,0.4604569414,0.5000014997,0.5111939484,0.5714270043
4987,1.0,0.0,0.0,0.0,1.0,1.0,0.1190230103,0.1366278598,0.4763572424,0.5147065075,0.5205991159,0.5342447673
4988,1.0,0.0,0.0,0.0,1.0,1.0,0.125584181,0.1435766317,0.4799302447,0.5138874726,0.5335819952,0.5584409869
4989,1.0,0.0,0.0,0.0,1.0,1.0,0.1202869713,0.1459861228,0.4778761641,0.5441186437,0.5318352639,0.5641027535
4990,1.0,0.0,0.0,0.0,1.0,1.0,0.1266898577,0.1473055886,0.4806337881,0.5277793302,0.5335820242,0.5569625779
4991,1.0,0.0,0.0,0.0,1.0,1.0,0.1317366058,0.1523314512,0.4920913961,0.5199987703,0.5464685846,0.5487790019
4992,1.0,0.0,0.0,0.0,1.0,1.0,0.1264671493,0.1467580871,0.492091431,0.5,0.5427508791,0.5316467355
4993,1.0,0.0,0.0,0.0,1.0,1.0,0.1211975718,0.1516008361,0.4815465587,0.521740121,0.5393256815,0.5555555556
4994,1.0,0.0,0.0,0.0,1.0,1.0,0.1180998187,0.144114374,0.4850087276,0.5223878875,0.5430711502,0.5194803565
4995,1.0,0.0,0.0,0.0,1.0,1.0,0.1143728933,0.1374698373,0.4841549803,0.5230759037,0.5390334792,0.5270266851
4996,1.0,0.0,0.0,0.0,1.0,1.0,0.1185179044,0.1553439361,0.4920354785,0.5074647238,0.5355803587,0.5421698639
4997,1.0,0.0,0.0,0.0,1.0,1.0,0.110258779,0.1357733698,0.4964413003,0.4677406457,0.5358490254,0.5277775571
4998,1.0,0.0,0.0,0.0,1.0,1.0,0.09941181057,0.1206875009,0.4937833801,0.464285835,0.5396225135,0.5312499076
4999,1.0,0.0,0.0,0.0,1.0,1.0,0.09672035606,0.1121048036,0.4964157996,0.4074066068,0.5361215212,0.5084761412
5000,1.0,0.0,0.0,0.0,1.0,1.0,0.09794892761,0.1167929759,0.4845735061,0.3703706283,0.5172414166,0.5081962664
5001,1.0,0.0,0.0,0.0,1.0,1.0,0.1004921004,0.1181510371,0.4954297115,0.3454551666,0.5348836109,0.4754086241
5002,1.0,0.0,0.0,0.0,1.0,1.0,0.1021324094,0.1157653561,0.4908759821,0.3928572643,0.5289576835,0.5166663494
5003,1.0,0.0,0.0,0.0,1.0,1.0,0.09791192434,0.1151700037,0.4861368904,0.301885355,0.5195311635,0.5084746315
5004,1.0,0.0,0.0,0.0,1.0,1.0,0.09571089593,0.1225000255,0.4935544609,0.4423074049,0.5252919038,0.5238080551
5005,1.0,0.0,0.0,0.0,1.0,1.0,0.1078011714,0.1210264161,0.4954295874,0.3559325401,0.5273436562,0.4354860052
5006,1.0,0.0,0.0,0.0,1.0,1.0,0.1001228098,0.121086042,0.4919500532,0.375,0.5230768888,0.4603178981
5007,1.0,0.0,0.0,0.0,1.0,1.0,0.09886546743,0.1292716716,0.4838130164,0.4000021062,0.5173746339,0.5223869845
5008,1.0,0.0,0.0,0.0,1.0,1.0,0.0947593896,0.1148780376,0.4847942607,0.3962265521,0.5249041793,0.5166661322
5009,1.0,0.0,0.0,0.0,1.0,1.0,0.09976922064,0.12634452,0.4938703547,0.4385972018,0.5207545965,0.4776117689
5010,1.0,0.0,0.0,0.0,1.0,1.0,0.1013421146,0.1131445216,0.4860140391,0.3620692528,0.5245281864,0.4666679552
5011,1.0,0.0,0.0,0.0,1.0,1.0,0.09643754212,0.1140050514,0.4859649302,0.4363624813,0.5133078305,0.4666683921
5012,1.0,0.0,0.0,0.0,1.0,1.0,0.1008448061,0.1083042956,0.4972973713,0.3214280744,0.5323196169,0.3859656319
5013,1.0,0.0,0.0,0.0,1.0,1.0,0.1020933281,0.1049031445,0.4964157184,0.3684212305,0.5229005446,0.436361917
5014,1.0,0.0,0.0,0.0,1.0,1.0,0.1155940569,0.1108401674,0.4893238702,0.4307686835,0.5300750587,0.4745775996
5015,1.0,0.0,0.0,0.0,1.0,1.0,0.1102586371,0.1060012394,0.4750890444,0.3548386076,0.5303030528,0.4999982475
5016,1.0,0.0,0.0,0.0,1.0,1.0,0.1108565405,0.105013944,0.4766031362,0.4218760131,0.5434783309,0.4137909888
5017,1.0,0.0,0.0,0.0,1.0,1.0,0.1126913134,0.09103428506,0.4953790147,0.3934433033,0.5465116147,0.4680873103
5018,1.0,0.0,0.0,0.0,1.0,1.0,0.1287294216,0.1235050838,0.486583256,0.3055558634,0.5247146978,0.3384618217
5019,1.0,0.0,0.0,0.0,1.0,1.0,0.1185178494,0.1150300383,0.4920353136,0.3432832698,0.5245281836,0.311473903
5020,1.0,0.0,0.0,0.0,1.0,1.0,0.1176847558,0.1077468691,0.4991211666,0.3582096701,0.5427510665,0.3620685482
5021,1.0,0.0,0.0,0.0,1.0,1.0,0.1190230523,0.09474243419,0.5061296605,0.4411768175,0.5539034053,0.4509814716
5022,1.0,0.0,0.0,0.0,1.0,1.0,0.1302843941,0.1033256387,0.5232141365,0.4383559734,0.5451129099,0.4181814818
5023,0.0,0.0,0.0,0.0,0.0,0.0,0.0,0.0,0.0,0.0,0.0,0.0
5024,1.0,0.0,0.0,0.0,1.0,1.0,0.08622627222,0.0557458675,0.5156862393,0.545457793,0.5498007636,0.4642848232
5025,1.0,0.0,0.0,0.0,1.0,1.0,0.07438600804,0.05552444224,0.5610686861,0.4871796168,0.6031745225,0.3571403433
5026,1.0,0.0,0.0,0.0,1.0,1.0,0.09672031349,0.0816274695,0.5635673407,0.2549005704,0.577689353,0.1219514585
5027,1.0,0.0,0.0,0.0,1.0,1.0,0.07702130798,0.0634564242,0.5247707144,0.2142847072,0.5357142018,0.0625
5028,1.0,0.0,0.0,0.0,1.0,1.0,0.08390818695,0.06345689476,0.516791026,0.3111103146,0.5436509523,0.1874992125
5029,1.0,0.0,0.0,0.0,1.0,1.0,0.07920092114,0.07626262767,0.5245282428,0.1190444804,0.5461846067,0.2368468979
5030,1.0,0.0,0.0,0.0,1.0,1.0,0.122417787,0.09068263795,0.533820786,0.3432853026,0.5830115395,0.2340414193
5031,1.0,0.0,0.0,0.0,1.0,1.0,0.1447605113,0.1274188207,0.5238094298,0.3561645705,0.5577687221,0.234374076
5032,1.0,0.0,0.0,0.0,1.0,1.0,0.1170174895,0.08959135539,0.5105567057,0.4262285277,0.5139441247,0.4444453453
5033,1.0,0.0,0.0,0.0,1.0,1.0,0.1208116422,0.1064047036,0.5366300379,0.4848483958,0.5323194113,0.5535716141
5034,1.0,0.0,0.0,0.0,1.0,1.0,0.1197151885,0.09880406993,0.5154265665,0.4848476612,0.5133080784,0.4615363976
5035,1.0,0.0,0.0,0.0,1.0,1.0,0.1142738604,0.1131442992,0.5154265474,0.4603179209,0.5207546707,0.3999986458
5036,1.0,0.0,0.0,0.0,1.0,1.0,0.1215779827,0.1096042106,0.5098390484,0.4999985102,0.513011242,0.5084755658
5037,1.0,0.0,0.0,0.0,1.0,1.0,0.1192826038,0.1150300684,0.4954792804,0.4999984637,0.5132074563,0.4754095636
5038,1.0,0.0,0.0,0.0,1.0,1.0,0.1149636577,0.111906665,0.5064934968,0.500001621,0.5096527163,0.413795135
5039,1.0,0.0,0.0,0.0,1.0,1.0,0.1166955327,0.1084668234,0.5122410373,0.4838709677,0.5116279481,0.4285732911
5040,1.0,0.0,0.0,0.0,1.0,1.0,0.1262833294,0.09335461574,0.483754503,0.4142845416,0.5421246936,0.2745087374
5041,1.0,0.0,0.0,0.0,1.0,1.0,0.172742934,0.142256384,0.4832452175,0.4897957455,0.5291969739,0.4102549773
5042,1.0,0.0,0.0,0.0,1.0,1.0,0.1742147626,0.1393273647,0.5027523041,0.5368435337,0.5799257201,0.6400002149
5043,1.0,0.0,0.0,0.0,1.0,1.0,0.1838680739,0.1519297533,0.4954462489,0.6237617176,0.5860807308,0.7108439942
5044,1.0,0.0,0.0,0.0,1.0,1.0,0.1729628835,0.1547179392,0.4719001196,0.6288654879,0.5800712304,0.6666666667
5045,1.0,0.0,0.0,0.0,1.0,1.0,0.1476653108,0.1603582124,0.4864864889,0.3292689046,0.5522388823,0.2441857816
5046,1.0,0.0,0.0,0.0,1.0,1.0,0.1401169622,0.1604271967,0.5031055911,0.4177222992,0.5793359961,0.3218395437
5047,1.0,0.0,0.0,0.0,1.0,1.0,0.1619351773,0.1545531203,0.4902952672,0.6979158087,0.5910651904,0.7333337839
5048,1.0,0.0,0.0,0.0,1.0,1.0,0.2353525794,0.2371555854,0.4532258417,0.6575339827,0.5796609443,0.6571425702
5049,1.0,0.0,0.0,0.0,1.0,1.0,0.308408611,0.3135832929,0.4554455501,0.6096262984,0.5906039464,0.6042786993
5050,1.0,0.0,0.0,0.0,1.0,1.0,0.3063740588,0.3064953586,0.4598176632,0.6216218319,0.5899999007,0.6032614283
5051,1.0,0.0,0.0,0.0,1.0,1.0,0.3225090575,0.3084086959,0.4789916593,0.625,0.5940593763,0.6042785422
5052,1.0,0.0,0.0,0.0,1.0,1.0,0.320767037,0.3064954884,0.4763513764,0.6105262822,0.5700001379,0.5652173436
5053,1.0,0.0,0.0,0.0,1.0,1.0,0.3151697407,0.3018447397,0.4822933679,0.6256681845,0.563758461,0.5777778793
5054,1.0,0.0,0.0,0.0,1.0,1.0,0.3185669399,0.3102844302,0.4946325801,0.6113995453,0.571895562,0.5736838164
5055,1.0,0.0,0.0,0.0,1.0,1.0,0.3211323133,0.306538143,0.4819671589,0.612243975,0.5718850405,0.5677083514
5056,1.0,0.0,0.0,0.0,1.0,1.0,0.3150949636,0.3017484329,0.5041050005,0.6197913434,0.5942494107,0.5661380295
5057,1.0,0.0,0.0,0.0,1.0,1.0,0.3119172381,0.2982458857,0.4967319681,0.6178011444,0.5873016432,0.5744679847
5058,1.0,0.0,0.0,0.0,1.0,1.0,0.3090378349,0.2953622415,0.4950658406,0.6329783028,0.5974438843,0.5729726089
5059,1.0,0.0,0.0,0.0,1.0,1.0,0.3068893491,0.2912384936,0.4909687425,0.641711907,0.5923568168,0.5901639933
5060,1.0,0.0,0.0,0.0,1.0,1.0,0.3044655626,0.2857827982,0.4966887586,0.6358691764,0.5910542348,0.5921789901
5061,1.0,0.0,0.0,0.0,1.0,1.0,0.3134535444,0.296012891,0.4975369158,0.6492147673,0.5923568006,0.5913976226
5062,1.0,0.0,0.0,0.0,1.0,1.0,0.3124278632,0.2957207735,0.4942717789,0.6439794547,0.5981011681,0.5935831952
5063,1.0,0.0,0.0,0.0,1.0,1.0,0.3070069243,0.2920449534,0.5025041313,0.6467393824,0.6038961799,0.594443972
5064,1.0,0.0,0.0,0.0,1.0,1.0,0.3032204604,0.2958216071,0.505084709,0.6424578806,0.5919730901,0.5875705396
5065,1.0,0.0,0.0,0.0,1.0,1.0,0.3080356399,0.3014981665,0.4874372023,0.6413046419,0.5800000288,0.5690616058
5066,1.0,0.0,0.0,0.0,1.0,1.0,0.3073912465,0.3072609352,0.4823529264,0.644808161,0.5709459875,0.5934065417
5067,1.0,0.0,0.0,0.0,1.0,1.0,0.3057115868,0.301178849,0.4873948952,0.6483511246,0.5723903758,0.5810060266
5068,1.0,0.0,0.0,0.0,1.0,1.0,0.3137785607,0.3152599717,0.4900332552,0.6402117472,0.5805369988,0.574468013
5069,1.0,0.0,0.0,0.0,1.0,1.0,0.3070070887,0.3055725805,0.4908179365,0.6521743201,0.5777025529,0.5911599975
5070,1.0,0.0,0.0,0.0,1.0,1.0,0.3016556215,0.3028610336,0.4842455571,0.6373626374,0.5791242675,0.5777777778
5071,1.0,0.0,0.0,0.0,1.0,1.0,0.3138742914,0.3129567926,0.4942148722,0.6315781121,0.579124473,0.5806452733
5072,1.0,0.0,0.0,0.0,1.0,1.0,0.3157844278,0.3198214383,0.4869707163,0.6340213422,0.5799999136,0.5833338024
5073,1.0,0.0,0.0,0.0,1.0,1.0,0.3004857917,0.3041781498,0.4771241051,0.6304339326,0.5719063387,0.5824177009
5074,1.0,0.0,0.0,0.0,1.0,1.0,0.3141567023,0.3192197657,0.4804559606,0.6269424961,0.5752506668,0.5811510737
5075,1.0,0.0,0.0,0.0,1.0,1.0,0.3060178682,0.3087975871,0.4755699332,0.6329788092,0.5747506884,0.5806442598
5076,1.0,0.0,0.0,0.0,1.0,1.0,0.308269404,0.3164900293,0.4740259971,0.636842287,0.5733332022,0.5842114351
5077,1.0,0.0,0.0,0.0,1.0,1.0,0.3072718778,0.3100578368,0.4724919441,0.6315786435,0.5742572466,0.5851063209
5078,1.0,0.0,0.0,0.0,1.0,1.0,0.3087705535,0.3087974169,0.4764228612,0.6315783456,0.5747509384,0.5806448222
5079,1.0,0.0,0.0,0.0,1.0,1.0,0.31100961,0.3154385407,0.4813614919,0.630208668,0.5780731402,0.5842103495
5080,1.0,0.0,0.0,0.0,1.0,1.0,0.3011344921,0.3058492567,0.4739413286,0.637837907,0.5685616973,0.5901639537
5081,1.0,0.0,0.0,0.0,1.0,1.0,0.3019662773,0.3072607552,0.4745485163,0.6358691924,0.5641893382,0.5934066328
5082,1.0,0.0,0.0,0.0,1.0,1.0,0.3063863936,0.3112738258,0.4819672235,0.6363631128,0.5656566499,0.5891900766
5083,1.0,0.0,0.0,0.0,1.0,1.0,0.3016261856,0.3045437635,0.4698204429,0.6432435823,0.555555435,0.5911607654
5084,1.0,0.0,0.0,0.0,1.0,1.0,0.2960703445,0.3005078512,0.4779051463,0.6408839582,0.5641889574,0.5898886517
5085,1.0,0.0,0.0,0.0,1.0,1.0,0.2942436021,0.2964446817,0.4720395131,0.6424576082,0.5661016552,0.5999992591
5086,1.0,0.0,0.0,0.0,1.0,1.0,0.2883634619,0.2923540224,0.4803279933,0.6363628551,0.5680271472,0.598837275
5087,1.0,0.0,0.0,0.0,1.0,1.0,0.3001571022,0.3095911313,0.4788960977,0.6378377552,0.5656565509,0.5923911693
5088,1.0,0.0,0.0,0.0,1.0,1.0,0.2929958879,0.3011784206,0.4788274214,0.6444445516,0.5690236539,0.5865919958
5089,1.0,0.0,0.0,0.0,1.0,1.0,0.287891592,0.2903784906,0.4795417729,0.6420452513,0.5675676567,0.5988372974
5090,1.0,0.0,0.0,0.0,1.0,1.0,0.2544641517,0.2455379621,0.4656616292,0.6513160198,0.55017299,0.626760025
5091,1.0,0.0,0.0,0.0,1.0,1.0,0.1659909764,0.1100469539,0.4842656729,0.5157894032,0.5234656612,0.6557400978
5092,1.0,0.0,0.0,0.0,1.0,1.0,0.1531989486,0.1131444133,0.4999999522,0.2142867843,0.5018868014,0.1500005243
5093,1.0,0.0,0.0,0.0,1.0,1.0,0.1581847425,0.1174717167,0.4910071767,0.2499987923,0.4999998018,0.2222222222
5094,1.0,0.0,0.0,0.0,1.0,1.0,0.1551482245,0.1174718411,0.4963898129,0.2441860465,0.5037314238,0.1904761905
5095,1.0,0.0,0.0,0.0,1.0,1.0,0.1537603193,0.1056015953,0.5018315103,0.2976175818,0.5132077124,0.2142854451
5096,1.0,0.0,0.0,0.0,1.0,1.0,0.1522789038,0.09313794423,0.483362469,0.5862059764,0.5448028796,0.6923080045
5097,1.0,0.0,0.0,0.0,1.0,1.0,0.2446547614,0.2240742519,0.4965277447,0.6099291947,0.5658363537,0.5952385734
5098,1.0,0.0,0.0,0.0,1.0,1.0,0.2876926971,0.2840877905,0.4775375055,0.6242776859,0.5684933115,0.5963859156
5099,1.0,0.0,0.0,0.0,1.0,1.0,0.2975313066,0.2944483085,0.4851974626,0.6298350337,0.5824917357,0.5942862609
5100,1.0,0.0,0.0,0.0,1.0,1.0,0.3021567061,0.3052902621,0.4867109776,0.6263740875,0.5767920608,0.5977655618
5101,1.0,0.0,0.0,0.0,1.0,1.0,0.3071374418,0.312112099,0.4867110664,0.6324325309,0.5802046875,0.5901634817
5102,1.0,0.0,0.0,0.0,1.0,1.0,0.3004965524,0.3029130637,0.4767441476,0.6353589716,0.5650685549,0.5875698115
5103,1.0,0.0,0.0,0.0,1.0,1.0,0.3054774217,0.3093508062,0.4800665174,0.6249998557,0.5714283651,0.5769224933
5104,1.0,0.0,0.0,0.0,1.0,1.0,0.3023104615,0.3038843122,0.4710743496,0.63388075,0.5675676357,0.5777779095
5105,1.0,0.0,0.0,0.0,1.0,1.0,0.3018119108,0.3099967227,0.4752476216,0.6338797308,0.5694916727,0.5901636877
5106,1.0,0.0,0.0,0.0,1.0,1.0,0.2995014748,0.3042521507,0.476821262,0.6298340594,0.5680271814,0.5865916478
5107,1.0,0.0,0.0,0.0,1.0,1.0,0.3066283325,0.3127505369,0.4776118614,0.6432427128,0.5714286239,0.5978262529
5108,1.0,0.0,0.0,0.0,1.0,1.0,0.3046076926,0.3095911826,0.4761120728,0.6324325701,0.5690234756,0.5923913866
5109,1.0,0.0,0.0,0.0,1.0,1.0,0.3019657794,0.3055724079,0.4761904551,0.6413045262,0.5641892802,0.6022104056
5110,1.0,0.0,0.0,0.0,1.0,1.0,0.3079006672,0.3144501352,0.4794069496,0.647058489,0.5612246005,0.6108110843
5111,1.0,0.0,0.0,0.0,1.0,1.0,0.3072664929,0.3015264506,0.4826445355,0.6344093035,0.5694913947,0.6067419089
5112,1.0,0.0,0.0,0.0,1.0,1.0,0.3039622579,0.3025522774,0.4892562536,0.6358701409,0.5680273628,0.6123594168
5113,1.0,0.0,0.0,0.0,1.0,1.0,0.2995015255,0.3029130423,0.4884106711,0.6408842472,0.5684930226,0.6158185653
5114,1.0,0.0,0.0,0.0,1.0,1.0,0.2970425292,0.2994957923,0.4794744685,0.6408842058,0.5656564569,0.6011239456
5115,1.0,0.0,0.0,0.0,1.0,1.0,0.2937606097,0.303584465,0.4876848057,0.6480446662,0.5699658951,0.6123598732
5116,1.0,0.0,0.0,0.0,1.0,1.0,0.2981937858,0.304251676,0.4836065334,0.6428573076,0.5646257533,0.6033520929
5117,1.0,0.0,0.0,0.0,1.0,1.0,0.2973949596,0.3079085119,0.4780487571,0.6502726157,0.5589223682,0.612021589
5118,1.0,0.0,0.0,0.0,1.0,1.0,0.305385011,0.3157019996,0.473856273,0.6417111686,0.557432545,0.6096250363
5119,1.0,0.0,0.0,0.0,1.0,1.0,0.304747741,0.3127504426,0.4704917237,0.6397840393,0.5578230663,0.6086963215
5120,1.0,0.0,0.0,0.0,1.0,1.0,0.3134537863,0.3246485064,0.4811166535,0.6335073162,0.5646257798,0.591623741
5121,1.0,0.0,0.0,0.0,1.0,1.0,0.3169749325,0.327519795,0.4822005536,0.637754782,0.5641892318,0.6082468043
5122,1.0,0.0,0.0,0.0,1.0,1.0,0.3088889412,0.3201603429,0.4805825792,0.6282723281,0.5661014982,0.6084659402
5123,1.0,0.0,0.0,0.0,1.0,1.0,0.3182936249,0.3309188906,0.4792992519,0.629999481,0.5685618596,0.6111105043
5124,1.0,0.0,0.0,0.0,1.0,1.0,0.3158689653,0.3258317083,0.4846029673,0.6307693689,0.5675674777,0.6113985993
5125,1.0,0.0,0.0,0.0,1.0,1.0,0.3078923188,0.3184659946,0.4838708728,0.6282724574,0.5694914465,0.6117017204
5126,1.0,0.0,0.0,0.0,1.0,1.0,0.3183644096,0.3287202737,0.4817749038,0.6169151718,0.5681061754,0.6161613629
5127,1.0,0.0,0.0,0.0,1.0,1.0,0.3023788339,0.3142057592,0.4872611576,0.6263156716,0.578595329,0.6170209471
5128,1.0,0.0,0.0,0.0,1.0,1.0,0.3115348761,0.3193579894,0.4920885869,0.6142129932,0.582781486,0.6165806961
5129,1.0,0.0,0.0,0.0,1.0,1.0,0.2821007812,0.2848412222,0.5741935203,0.6342850443,0.650000018,0.6432744697
5130,1.0,0.0,0.0,0.0,1.0,1.0,0.2605803836,0.2541244709,0.6155115814,0.6139244381,0.6723549283,0.6644294708
5131,1.0,0.0,0.0,0.0,1.0,1.0,0.2622297785,0.2498604644,0.6171616351,0.6163522362,0.6746577696,0.6712330423
5132,1.0,0.0,0.0,0.0,1.0,1.0,0.2667373004,0.2617586636,0.6161449558,0.6296296296,0.6768706756,0.6623373461
5133,1.0,0.0,0.0,0.0,1.0,1.0,0.2564355629,0.2472846567,0.6167762033,0.6089741128,0.6769756871,0.680556112
5134,1.0,0.0,0.0,0.0,1.0,1.0,0.2539834133,0.2472844826,0.6089108523,0.610389629,0.6701029794,0.6666661556
5135,1.0,0.0,0.0,0.0,1.0,1.0,0.2494474884,0.2412446315,0.593388458,0.6158940588,0.6586207556,0.6642856255
5136,1.0,0.0,0.0,0.0,1.0,1.0,0.2453914893,0.2421328017,0.5560976093,0.6225171806,0.6323024246,0.6595742077
5137,1.0,0.0,0.0,0.0,1.0,1.0,0.2486494981,0.2515604846,0.5525040369,0.6298699818,0.6292518402,0.6486488891
5138,1.0,0.0,0.0,0.0,1.0,1.0,0.2418520279,0.2515601073,0.5528846521,0.6291382751,0.6292515322,0.6486474881
5139,1.0,0.0,0.0,0.0,1.0,1.0,0.2365828763,0.2438497287,0.5458938314,0.6190480448,0.6185567825,0.6408447554
5140,1.0,0.0,0.0,0.0,1.0,1.0,0.217910905,0.2141662841,0.5393442465,0.6165423681,0.6062716863,0.6747969175
5141,1.0,0.0,0.0,0.0,1.0,1.0,0.1587743443,0.152792244,0.5284281906,0.600000455,0.5683454383,0.6470601696
5142,1.0,0.0,0.0,0.0,1.0,1.0,0.142052887,0.1513752875,0.5076142215,0.5595226268,0.5401460167,0.5903617253
5143,1.0,0.0,0.0,0.0,1.0,1.0,0.129994909,0.1354554291,0.4881757755,0.5584402309,0.5164832811,0.5810797214
5144,1.0,0.0,0.0,0.0,1.0,1.0,0.1257801022,0.1336249456,0.4965986935,0.5540539765,0.534798596,0.6027421958
5145,1.0,0.0,0.0,0.0,1.0,1.0,0.1093406703,0.1309231407,0.4923076315,0.5468779792,0.5313652607,0.5070422118
5146,1.0,0.0,0.0,0.0,1.0,1.0,0.1242916408,0.1372858553,0.4974445924,0.5205473022,0.5384615686,0.5200007995
5147,1.0,0.0,0.0,0.0,1.0,1.0,0.1146617908,0.1377909036,0.4982877023,0.5373141001,0.5441178147,0.5333323824
5148,1.0,0.0,0.0,0.0,1.0,1.0,0.1619784168,0.1508248087,0.5862069995,0.5425550052,0.6218181761,0.6746987009
5149,1.0,0.0,0.0,0.0,1.0,1.0,0.218060212,0.2228719006,0.6115701838,0.5984844471,0.6724738172,0.6640618064
5150,1.0,0.0,0.0,0.0,1.0,1.0,0.2416413694,0.2533550157,0.6299342265,0.6054419062,0.6958042104,0.6620689449
5151,1.0,0.0,0.0,0.0,1.0,1.0,0.2647956566,0.293238768,0.6284329402,0.615854461,0.6979167258,0.639053285
5152,1.0,0.0,0.0,0.0,1.0,1.0,0.2659803212,0.2994841024,0.620967737,0.6060605262,0.6898954348,0.6511635845
5153,1.0,0.0,0.0,0.0,1.0,1.0,0.2576052229,0.2916518441,0.62479607,0.6075947258,0.6868327888,0.6402436823
5154,1.0,0.0,0.0,0.0,1.0,1.0,0.2641266269,0.297324942,0.6199022205,0.6049378871,0.6810037716,0.644578369
5155,1.0,0.0,0.0,0.0,1.0,1.0,0.2708164632,0.3033394576,0.6338709128,0.6071429036,0.6947370639,0.6358390849
5156,1.0,0.0,0.0,0.0,1.0,1.0,0.269639443,0.3015859262,0.6235863625,0.6047899999,0.6877191204,0.6395348986
5157,1.0,0.0,0.0,0.0,1.0,1.0,0.2728686941,0.299832713,0.6138933641,0.6035500737,0.6842107686,0.6315790147
5158,1.0,0.0,0.0,0.0,1.0,1.0,0.2660853678,0.290330866,0.6168831728,0.6036581948,0.6830984234,0.6303028695
5159,1.0,0.0,0.0,0.0,1.0,1.0,0.2612920792,0.2782135815,0.6192810931,0.5937494489,0.6843973022,0.6305727377
5160,1.0,0.0,0.0,0.0,1.0,1.0,0.218211208,0.2228971143,0.6199999837,0.6030535996,0.6690645769,0.6774199198
5161,1.0,0.0,0.0,0.0,1.0,1.0,0.1727847659,0.1528995297,0.5576271483,0.5490196909,0.5858206715,0.6463409814
5162,1.0,0.0,0.0,0.0,1.0,1.0,0.1485659708,0.1390201688,0.5084459564,0.5454547673,0.5338345925,0.6216206022
5163,1.0,0.0,0.0,0.0,1.0,1.0,0.09771565894,0.1320019488,0.5180102996,0.4912284742,0.5433962311,0.4142850446
5164,1.0,0.0,0.0,0.0,1.0,1.0,0.1053830788,0.1295572888,0.5170067423,0.4838706245,0.5407405448,0.4285700824
5165,1.0,0.0,0.0,0.0,1.0,1.0,0.1121819568,0.1309228643,0.5204081829,0.4999983668,0.542435442,0.4788728973
5166,1.0,0.0,0.0,0.0,1.0,1.0,0.1012949885,0.123119617,0.5050674872,0.5,0.5289852413,0.4411774858
5167,1.0,0.0,0.0,0.0,1.0,1.0,0.1208863476,0.1258422956,0.5008516939,0.5070423815,0.5291969658,0.4782620892
5168,1.0,0.0,0.0,0.0,1.0,1.0,0.1189811209,0.1262831997,0.5085033129,0.4714261877,0.5451263679,0.4571439166
5169,1.0,0.0,0.0,0.0,1.0,1.0,0.1259801705,0.1253777892,0.4840336011,0.5066675025,0.526881597,0.4428559217
5170,1.0,0.0,0.0,0.0,1.0,1.0,0.1295573187,0.1294243574,0.4865319423,0.5194823103,0.5359713351,0.4861108603
5171,1.0,0.0,0.0,0.0,1.0,1.0,0.1352884453,0.120870901,0.495769907,0.5,0.5342960693,0.5074625912
5172,1.0,0.0,0.0,0.0,1.0,1.0,0.1398884763,0.1138153497,0.480607047,0.5180729513,0.5266903652,0.5624997975
5173,1.0,0.0,0.0,0.0,1.0,1.0,0.2084925565,0.1889404566,0.4801323816,0.5952376455,0.5371026058,0.6448611549
5174,1.0,0.0,0.0,0.0,1.0,1.0,0.2614913224,0.2626517034,0.4975922571,0.6257668294,0.5767918747,0.6103902088
5175,1.0,0.0,0.0,0.0,1.0,1.0,0.2825899108,0.302196093,0.4872204719,0.6384179663,0.5777028564,0.6089388026
5176,1.0,0.0,0.0,0.0,1.0,1.0,0.3007875451,0.3201601817,0.4920381802,0.6190477299,0.5762711801,0.5925928082
5177,1.0,0.0,0.0,0.0,1.0,1.0,0.267908331,0.2736568399,0.4847512145,0.6167661303,0.5714287305,0.6086958881
5178,1.0,0.0,0.0,0.0,1.0,1.0,0.1617983385,0.1280873361,0.4806071323,0.583333895,0.5162455534,0.633803801
5179,1.0,0.0,0.0,0.0,1.0,1.0,0.159307157,0.1280876088,0.4714764366,0.5473682059,0.5126352835,0.5915487395
5180,1.0,0.0,0.0,0.0,1.0,1.0,0.2116079869,0.1935538795,0.4315961256,0.6153843563,0.503521063,0.6363621889
5181,1.0,0.0,0.0,0.0,1.0,1.0,0.2695125683,0.2764777375,0.4077047034,0.613095531,0.4845360943,0.596273154
5182,1.0,0.0,0.0,0.0,1.0,1.0,0.2966596853,0.3076513723,0.406349098,0.6096261746,0.4931973761,0.591160302
5183,1.0,0.0,0.0,0.0,1.0,1.0,0.3014191837,0.3138181464,0.4047618964,0.6052630966,0.4948803658,0.5815220004
5184,1.0,0.0,0.0,0.0,1.0,1.0,0.3012671802,0.3116905883,0.4051037038,0.6031750489,0.4983050441,0.5869566262
5185,1.0,0.0,0.0,0.0,1.0,1.0,0.2896472148,0.2991527031,0.4092356264,0.615384989,0.4931973952,0.5852264665
5186,1.0,0.0,0.0,0.0,1.0,1.0,0.2939532815,0.3093509648,0.4101749539,0.6162161394,0.4965984344,0.5934069636
5187,1.0,0.0,0.0,0.0,1.0,1.0,0.2839506402,0.2963864069,0.4077047662,0.6214685177,0.4862069832,0.5988366643
5188,1.0,0.0,0.0,0.0,1.0,1.0,0.2905723626,0.3015265216,0.4456868617,0.6263741339,0.538982981,0.601123016
5189,1.0,0.0,0.0,0.0,1.0,1.0,0.2887635346,0.3015264045,0.4542536531,0.6222226043,0.545762736,0.595506232
5190,1.0,0.0,0.0,0.0,1.0,1.0,0.2928301133,0.3066083296,0.4506369633,0.6141298433,0.5423730014,0.5911601001
5191,1.0,0.0,0.0,0.0,1.0,1.0,0.2901090572,0.3005079572,0.4481658729,0.6318684908,0.5405405004,0.5955059793
5192,1.0,0.0,0.0,0.0,1.0,1.0,0.2773571768,0.2913628378,0.4433811275,0.626436789,0.5254236266,0.5930237371
5193,1.0,0.0,0.0,0.0,1.0,1.0,0.2397364588,0.2395921486,0.4538086523,0.6013516634,0.5308218338,0.6142861867
5194,1.0,0.0,0.0,0.0,1.0,1.0,0.1495763071,0.1186388923,0.4676870778,0.5681813171,0.5107912721,0.6212111314
5195,1.0,0.0,0.0,0.0,1.0,1.0,0.141812589,0.1146309822,0.4527026401,0.5476191086,0.4946236186,0.5937511561
5196,1.0,0.0,0.0,0.0,1.0,1.0,0.1707587941,0.1422692157,0.4187604866,0.5980384274,0.4768683124,0.6499995953
5197,1.0,0.0,0.0,0.0,1.0,1.0,0.2365828696,0.235162839,0.3784219449,0.6326527847,0.4567473373,0.5808829393
5198,1.0,0.0,0.0,0.0,1.0,1.0,0.280600516,0.2853135398,0.3627760116,0.6179774314,0.449324363,0.5680472146
5199,1.0,0.0,0.0,0.0,1.0,1.0,0.2965375825,0.3028612551,0.3594975964,0.6243392892,0.4511785154,0.5777776164
5200,1.0,0.0,0.0,0.0,1.0,1.0,0.3023390852,0.308552523,0.3605015706,0.6113985559,0.4496642982,0.5760868525
5201,1.0,0.0,0.0,0.0,1.0,1.0,0.3047274254,0.307908919,0.3601895507,0.6165803939,0.4478113327,0.5737708282
5202,1.0,0.0,0.0,0.0,1.0,1.0,0.2922897866,0.2958212216,0.3522013254,0.6236559393,0.4448160425,0.5762711027
5203,1.0,0.0,0.0,0.0,1.0,1.0,0.2886926655,0.2934602115,0.335949735,0.6195649168,0.4261747357,0.5714291132
5204,1.0,0.0,0.0,0.0,1.0,1.0,0.2898070382,0.2938562087,0.3338558771,0.6270267508,0.4318937653,0.5762707022
5205,1.0,0.0,0.0,0.0,1.0,1.0,0.2972376567,0.3041777757,0.3328088129,0.6190481222,0.4280935934,0.5879116927
5206,1.0,0.0,0.0,0.0,1.0,1.0,0.2982707803,0.3011562189,0.3312499519,0.612565997,0.4304635162,0.5714278842
5207,1.0,0.0,0.0,0.0,1.0,1.0,0.2985752177,0.3004966055,0.3333332179,0.6157890343,0.4252492995,0.5745849898
5208,1.0,0.0,0.0,0.0,1.0,1.0,0.3017183268,0.3054772863,0.3411950273,0.6197912494,0.4352159313,0.5760868669
5209,1.0,0.0,0.0,0.0,1.0,1.0,0.2981068269,0.3038168165,0.3390894864,0.6210522828,0.4318936386,0.5737702779
5210,1.0,0.0,0.0,0.0,1.0,1.0,0.3013313731,0.3048297409,0.3338594062,0.6282729975,0.426666418,0.5792346974
5211,1.0,0.0,0.0,0.0,1.0,1.0,0.300856391,0.3038172985,0.336485341,0.6073291644,0.4285713256,0.5683054793
5212,1.0,0.0,0.0,0.0,1.0,1.0,0.3004651894,0.2998326387,0.3401898918,0.6105256801,0.433333174,0.5777783771
5213,1.0,0.0,0.0,0.0,1.0,1.0,0.3053410984,0.3087977187,0.3370080013,0.6134018889,0.4318934303,0.5698915131
5214,1.0,0.0,0.0,0.0,1.0,1.0,0.3058230402,0.3087976511,0.339116797,0.6237110506,0.428571532,0.5806457283
5215,1.0,0.0,0.0,0.0,1.0,1.0,0.3070386926,0.3084086222,0.3385580083,0.6224485,0.4323431305,0.5775397495
5216,1.0,0.0,0.0,0.0,1.0,1.0,0.3069150994,0.3051099412,0.3370078902,0.6307696076,0.4290431548,0.5837833461
5217,1.0,0.0,0.0,0.0,1.0,1.0,0.2977731617,0.2981668285,0.3391442354,0.6329785708,0.4333331462,0.586591695
5218,1.0,0.0,0.0,0.0,1.0,1.0,0.3037673709,0.3054772974,0.3417323375,0.6217611801,0.4352161224,0.5815216734
5219,1.0,0.0,0.0,0.0,1.0,1.0,0.3036279734,0.3048298988,0.3386076266,0.6197909444,0.4333334666,0.5792347772
5220,1.0,0.0,0.0,0.0,1.0,1.0,0.3052092254,0.3087976718,0.3639241161,0.6165800121,0.4584716188,0.5860217135
5221,1.0,0.0,0.0,0.0,1.0,1.0,0.3089756174,0.3127391063,0.362775976,0.6224483565,0.456953671,0.5820106186
5222,1.0,0.0,0.0,0.0,1.0,1.0,0.3083719658,0.3087973329,0.3607594602,0.6153845302,0.4551497304,0.5752691856
5223,1.0,0.0,0.0,0.0,1.0,1.0,0.3014189564,0.3014979923,0.3650794144,0.6157884434,0.4533333382,0.574586359
5224,1.0,0.0,0.0,0.0,1.0,1.0,0.3077646167,0.3087976643,0.3587301699,0.6134016738,0.44850507,0.5806442787
5225,1.0,0.0,0.0,0.0,1.0,1.0,0.3014191757,0.3025064666,0.3650794403,0.6210524231,0.4615383192,0.5856361295
5226,1.0,0.0,0.0,0.0,1.0,1.0,0.3007872862,0.3014981572,0.3582802611,0.6190472899,0.4566666691,0.5856356316
5227,1.0,0.0,0.0,0.0,1.0,1.0,0.3061783362,0.3064955646,0.3666667017,0.6217619306,0.4600001838,0.5760869435
5228,1.0,0.0,0.0,0.0,1.0,1.0,0.3041090628,0.308161287,0.3597464491,0.6145839886,0.453333504,0.5783789687
5229,1.0,0.0,0.0,0.0,1.0,1.0,0.3018979111,0.3048300299,0.3656598075,0.615789292,0.4566666157,0.5683057106
5230,1.0,0.0,0.0,0.0,1.0,1.0,0.2850972671,0.2865067259,0.3637820992,0.6235959657,0.4533330684,0.5813950203
5231,1.0,0.0,0.0,0.0,1.0,1.0,0.2957775979,0.2948354022,0.360381798,0.6236555594,0.4499999453,0.5875708103
5232,1.0,0.0,0.0,0.0,1.0,1.0,0.294235426,0.2968142846,0.3648000109,0.6250001486,0.453019957,0.5762709561
5233,1.0,0.0,0.0,0.0,1.0,1.0,0.2878266699,0.2915040303,0.358790795,0.6243095212,0.4466667407,0.5828575493
5234,1.0,0.0,0.0,0.0,1.0,1.0,0.2885150081,0.2884296076,0.3588516456,0.6187844308,0.4496645446,0.5872100304
5235,1.0,0.0,0.0,0.0,1.0,1.0,0.2793965746,0.2809878405,0.3610222886,0.6285716421,0.4478115454,0.5868268163
5236,1.0,0.0,0.0,0.0,1.0,1.0,0.2738854506,0.2718078612,0.3589744695,0.6257305659,0.4493244296,0.5962741141
5237,1.0,0.0,0.0,0.0,1.0,1.0,0.2735990911,0.2676469918,0.3687601317,0.6294120826,0.454237482,0.5949367944
5238,1.0,0.0,0.0,0.0,1.0,1.0,0.2640339636,0.2609464559,0.3662885837,0.6380367449,0.4505120257,0.5882346308
5239,1.0,0.0,0.0,0.0,1.0,1.0,0.2725750988,0.2685574561,0.4107144147,0.6309524589,0.4863946811,0.5886070576
5240,1.0,0.0,0.0,0.0,1.0,1.0,0.2804884253,0.2795049881,0.4080645996,0.6264364481,0.4983049373,0.5939394746
5241,1.0,0.0,0.0,0.0,1.0,1.0,0.2834722537,0.2776227313,0.4149108751,0.628571216,0.4983164786,0.6060615626
5242,1.0,0.0,0.0,0.0,1.0,1.0,0.2813962673,0.2795049465,0.4061488427,0.6264364865,0.4915252486,0.6060616065
5243,1.0,0.0,0.0,0.0,1.0,1.0,0.2860191306,0.2836252432,0.414634233,0.6306818817,0.4966215318,0.5892859467
5244,1.0,0.0,0.0,0.0,1.0,1.0,0.2913030271,0.2927657328,0.41384865,0.6298347027,0.4983164751,0.5804598843
5245,1.0,0.0,0.0,0.0,1.0,1.0,0.2802325627,0.2802486204,0.4132901998,0.6242777059,0.5000001852,0.5843374449
5246,1.0,0.0,0.0,0.0,1.0,1.0,0.2813487088,0.2862806311,0.4615385304,0.6337213742,0.5423727242,0.6035504798
5247,1.0,0.0,0.0,0.0,1.0,1.0,0.2876685315,0.2862809198,0.4555921498,0.6285718542,0.5355932603,0.5917160144
5248,1.0,0.0,0.0,0.0,1.0,1.0,0.2804306226,0.2853137362,0.453507303,0.633721004,0.5371621025,0.5976329452
5249,1.0,0.0,0.0,0.0,1.0,1.0,0.2825218718,0.2826705289,0.4542484353,0.6416182481,0.5387205472,0.6011900386
5250,1.0,0.0,0.0,0.0,1.0,1.0,0.2778938336,0.2817219679,0.4682927,0.6432751402,0.5536911189,0.6071422481
5251,1.0,0.0,0.0,0.0,1.0,1.0,0.242389525,0.2310353918,0.4601329227,0.6301365441,0.5410959884,0.6148158611
5252,1.0,0.0,0.0,0.0,1.0,1.0,0.2110307516,0.1793422254,0.4577702691,0.6160002464,0.5261325508,0.660192965
5253,1.0,0.0,0.0,0.0,1.0,1.0,0.1885741561,0.1490395984,0.4648371297,0.6090909442,0.5298245653,0.6588228239
5254,1.0,0.0,0.0,0.0,1.0,1.0,0.1838835547,0.1420259623,0.4599658702,0.6018509418,0.5192984962,0.6543199311
5255,1.0,0.0,0.0,0.0,1.0,1.0,0.1796941871,0.1377325418,0.4640411553,0.5904763855,0.5159011674,0.6538455177
5256,1.0,0.0,0.0,0.0,1.0,1.0,0.176877205,0.1342009894,0.4570446409,0.6019436322,0.5088339939,0.6710531471
5257,1.0,0.0,0.0,0.0,1.0,1.0,0.1824917437,0.1350121139,0.467576737,0.5887858227,0.5157895674,0.6623388754
5258,1.0,0.0,0.0,0.0,1.0,1.0,0.1705944902,0.1271374757,0.4706896175,0.5757573793,0.5229682673,0.6527774064
5259,1.0,0.0,0.0,0.0,1.0,1.0,0.16742794,0.1188149708,0.4649573436,0.5612245121,0.5209789528,0.6323520127
5260,1.0,0.0,0.0,0.0,1.0,1.0,0.1584478811,0.112437552,0.466898908,0.5714275792,0.5178569414,0.619046345
5261,1.0,0.0,0.0,0.0,1.0,1.0,0.1513784804,0.1116397523,0.4526677937,0.5795456769,0.5035462021,0.6031737354
5262,1.0,0.0,0.0,0.0,1.0,1.0,0.1489636196,0.1052986672,0.4506066636,0.5581386782,0.5,0.5932204603
5263,1.0,0.0,0.0,0.0,1.0,1.0,0.1469765698,0.1106524646,0.4550172706,0.5529413515,0.5071427094,0.5967744129
5264,1.0,0.0,0.0,0.0,1.0,1.0,0.1477436655,0.1106525988,0.4556521496,0.5529426024,0.5071426722,0.5806469116
5265,1.0,0.0,0.0,0.0,1.0,1.0,0.1430266424,0.1020936304,0.4554974611,0.5487796419,0.5089608439,0.5789475629
5266,1.0,0.0,0.0,0.0,1.0,1.0,0.1330254179,0.09561451425,0.4605953249,0.5263153483,0.5090252459,0.5471699625
5267,1.0,0.0,0.0,0.0,1.0,1.0,0.1430266171,0.1060557023,0.4502617188,0.5365842251,0.5035971113,0.5932212572
5268,1.0,0.0,0.0,0.0,1.0,1.0,0.1338381784,0.1003025022,0.4591305038,0.532466932,0.5161289476,0.5535729646
5269,1.0,0.0,0.0,0.0,1.0,1.0,0.1332589718,0.09922264143,0.4631580145,0.5131561326,0.5126354494,0.4909093656
5270,1.0,0.0,0.0,0.0,1.0,1.0,0.1395381455,0.101728738,0.452006944,0.5124980441,0.5,0.5614023986
5271,1.0,0.0,0.0,0.0,1.0,1.0,0.1427776369,0.107853286,0.454703758,0.5243910282,0.5,0.5666672526
5272,1.0,0.0,0.0,0.0,1.0,1.0,0.1400604482,0.1045516524,0.4532871318,0.5308639064,0.5,0.5762712474
5273,1.0,0.0,0.0,0.0,1.0,1.0,0.1558920189,0.1160067,0.4540727582,0.5333331773,0.5,0.569231168
5274,1.0,0.0,0.0,0.0,1.0,1.0,0.1504352939,0.1160066228,0.4463667109,0.551724979,0.4928572565,0.5692320248
5275,1.0,0.0,0.0,0.0,1.0,1.0,0.1485185658,0.1128400461,0.4580419761,0.5411777342,0.4946234082,0.5873006986
5276,1.0,0.0,0.0,0.0,1.0,1.0,0.1435185277,0.1098675201,0.4619376633,0.5421693442,0.5141842443,0.5322588826
5277,1.0,0.0,0.0,0.0,1.0,1.0,0.1358126036,0.1096510565,0.4599302063,0.538462379,0.4999998085,0.5245906793
5278,1.0,0.0,0.0,0.0,1.0,1.0,0.1377938587,0.1074670123,0.4659686163,0.4936700733,0.5053763034,0.5
5279,1.0,0.0,0.0,0.0,1.0,1.0,0.1345402773,0.1064385065,0.4632866713,0.5064937909,0.5090251939,0.5084731837
5280,1.0,0.0,0.0,0.0,1.0,1.0,0.1358128139,0.1056754831,0.4581880759,0.5256403612,0.5017921174,0.5254236066
5281,1.0,0.0,0.0,0.0,1.0,1.0,0.1415290609,0.1060559537,0.4650349693,0.506171541,0.5035974143,0.5254237288
5282,1.0,0.0,0.0,0.0,1.0,1.0,0.1410360102,0.1038847413,0.4616723849,0.5185178571,0.5017920351,0.551725735
5283,1.0,0.0,0.0,0.0,1.0,1.0,0.1427773994,0.110652533,0.4634145899,0.512196113,0.5071427934,0.5161269737
5284,1.0,0.0,0.0,0.0,1.0,1.0,0.1447953078,0.1050141097,0.4717313844,0.47561019,0.5108695201,0.5000017965
5285,1.0,0.0,0.0,0.0,1.0,1.0,0.1407662997,0.1024607355,0.4735916026,0.5124985065,0.5107913266,0.5789469847
5286,1.0,0.0,0.0,0.0,1.0,1.0,0.1410146016,0.1046346618,0.4708994524,0.474999674,0.5090253305,0.5172424958
5287,1.0,0.0,0.0,0.0,1.0,1.0,0.1397452739,0.105395675,0.4796461346,0.443038008,0.5090909297,0.4655143974
5288,1.0,0.0,0.0,0.0,1.0,1.0,0.1465612107,0.1039563382,0.4717315196,0.4216883825,0.4963502261,0.4561388096
5289,1.0,0.0,0.0,0.0,1.0,1.0,0.144304683,0.1057802538,0.4741533951,0.4444455779,0.5000001884,0.4482750024
5290,1.0,0.0,0.0,0.0,1.0,1.0,0.1448209709,0.1043373677,0.4812164774,0.3950605883,0.5054941964,0.3508771308
5291,1.0,0.0,0.0,0.0,1.0,1.0,0.1455671305,0.1126646181,0.4813499607,0.3902441482,0.5054543708,0.3870964518
5292,1.0,0.0,0.0,0.0,1.0,1.0,0.1448206463,0.1076043714,0.4883720721,0.4320986428,0.5109490095,0.4406784861
5293,1.0,0.0,0.0,0.0,1.0,1.0,0.1478678439,0.1148992314,0.4830659874,0.3614470818,0.5145984737,0.3650804659
5294,1.0,0.0,0.0,0.0,1.0,1.0,0.1443046483,0.1126643175,0.483065895,0.4074082657,0.5163634351,0.387098619
5295,1.0,0.0,0.0,0.0,1.0,1.0,0.1476043663,0.1144812716,0.4911032145,0.4216881488,0.5200002136,0.4285700005
5296,1.0,0.0,0.0,0.0,1.0,1.0,0.1519726186,0.1162985283,0.4991055743,0.3882354961,0.5236361708,0.4062493893
5297,1.0,0.0,0.0,0.0,1.0,1.0,0.1534857567,0.116298751,0.4982144411,0.3488377117,0.5236362313,0.359374496
5298,1.0,0.0,0.0,0.0,1.0,1.0,0.1430327976,0.1112514343,0.4901610526,0.3875012369,0.5145986733,0.3934416152
5299,1.0,0.0,0.0,0.0,1.0,1.0,0.1476651322,0.1130755839,0.5027026711,0.3536588794,0.5255474676,0.3225789006
5300,1.0,0.0,0.0,0.0,1.0,1.0,0.1409927343,0.103956758,0.4892857913,0.3924068073,0.5145984357,0.4210506988
5301,1.0,0.0,0.0,0.0,1.0,1.0,0.1496490769,0.1126646392,0.4937612108,0.3690484219,0.5236362929,0.3548391464
5302,1.0,0.0,0.0,0.0,1.0,1.0,0.1450804008,0.1120697736,0.4910393624,0.3703699895,0.5183824838,0.3770509153
5303,1.0,0.0,0.0,0.0,1.0,1.0,0.1456020833,0.1032632314,0.4946043145,0.3703711252,0.5166053626,0.3749981575
5304,1.0,0.0,0.0,0.0,1.0,1.0,0.1517010815,0.1108474955,0.4982142118,0.3294118507,0.5199998946,0.2950817446
5305,1.0,0.0,0.0,0.0,1.0,1.0,0.1543122241,0.1076041396,0.4865350181,0.3372099575,0.5072994945,0.355931235
5306,1.0,0.0,0.0,0.0,1.0,1.0,0.1514305378,0.1094280801,0.488413482,0.3529417554,0.5109486434,0.3499993029
5307,1.0,0.0,0.0,0.0,1.0,1.0,0.1494663317,0.10472127,0.4954954476,0.3253007323,0.5183825453,0.2982448001
5308,1.0,0.0,0.0,0.0,1.0,1.0,0.1530676246,0.1171505814,0.5009008841,0.2823518224,0.5238096503,0.2499991904
5309,1.0,0.0,0.0,0.0,1.0,1.0,0.1568468045,0.1096040237,0.4981751083,0.2674410211,0.5204458265,0.254236218
5310,1.0,0.0,0.0,0.0,1.0,1.0,0.1533440078,0.1065582665,0.4927797796,0.3176463315,0.5183822152,0.3275856445
5311,1.0,0.0,0.0,0.0,1.0,1.0,0.1541786859,0.1087956394,0.5136115171,0.3176474613,0.5276751665,0.2881357722
5312,1.0,0.0,0.0,0.0,1.0,1.0,0.1497357189,0.1079981405,0.5036101365,0.3012061746,0.5274724816,0.2711856658
5313,1.0,0.0,0.0,0.0,1.0,1.0,0.1543123585,0.1090303606,0.4991023647,0.3139517179,0.5272724621,0.3333345067
5314,1.0,0.0,0.0,0.0,1.0,1.0,0.1517011048,0.1053954354,0.4964284923,0.364706226,0.5200001654,0.3793086228
5315,1.0,0.0,0.0,0.0,1.0,1.0,0.1543125443,0.1025066591,0.4991023478,0.3139528427,0.5164833578,0.3035691114
5316,1.0,0.0,0.0,0.0,1.0,1.0,0.1522446468,0.1021328727,0.4946237485,0.3176470299,0.521897813,0.3214267054
5317,1.0,0.0,0.0,0.0,1.0,1.0,0.1538993348,0.09553463359,0.489130444,0.3058819778,0.5110297385,0.2692307692
5318,1.0,0.0,0.0,0.0,1.0,1.0,0.1530677816,0.1028835625,0.4936937305,0.3058840429,0.5147056363,0.3035714286
5319,1.0,0.0,0.0,0.0,1.0,1.0,0.1575206139,0.09957533228,0.4981884598,0.310343668,0.5239852484,0.3148125931
5320,1.0,0.0,0.0,0.0,1.0,1.0,0.15571041,0.0999441422,0.50181161,0.3372103923,0.5185187736,0.314815949
5321,1.0,0.0,0.0,0.0,1.0,1.0,0.1566692515,0.09666152218,0.49729726,0.3333333333,0.5255474816,0.32075524
5322,1.0,0.0,0.0,0.0,1.0,1.0,0.157618018,0.09518471108,0.4928316651,0.3522718127,0.5164836925,0.3846135357
5323,1.0,0.0,0.0,0.0,1.0,1.0,0.156951915,0.09588738002,0.5018050873,0.3218400953,0.5239853387,0.346154921
5324,1.0,0.0,0.0,0.0,1.0,1.0,0.1608506561,0.08634873716,0.4900542915,0.3707859638,0.5073528735,0.3829764568
5325,1.0,0.0,0.0,0.0,1.0,1.0,0.1558267644,0.09301365637,0.4946237134,0.3678158707,0.5182480721,0.3921564603
5326,1.0,0.0,0.0,0.0,1.0,1.0,0.1596951613,0.09335449432,0.4847396259,0.3370774838,0.5091574232,0.2941161921
5327,1.0,0.0,0.0,0.0,1.0,1.0,0.1599829082,0.09518467668,0.4946042233,0.3258424582,0.5164833181,0.3461543117
5328,1.0,0.0,0.0,0.0,1.0,1.0,0.1620713308,0.09002309872,0.4864865771,0.3333340992,0.5110296408,0.3061230519
5329,1.0,0.0,0.0,0.0,1.0,1.0,0.1596953441,0.09119006002,0.4811490759,0.3595491842,0.5072993427,0.3599993412
5330,1.0,0.0,0.0,0.0,1.0,1.0,0.1629523894,0.09002299245,0.4873187418,0.3222227371,0.5110296343,0.3265304386
5331,1.0,0.0,0.0,0.0,1.0,1.0,0.1623640093,0.09737209172,0.489169725,0.3222221966,0.5110291724,0.3018845788
5332,1.0,0.0,0.0,0.0,1.0,1.0,0.1629910752,0.09301380429,0.4928315639,0.3406581198,0.5182483574,0.313726057
5333,1.0,0.0,0.0,0.0,1.0,1.0,0.1626995292,0.08871862981,0.4901610684,0.3736262504,0.514492593,0.4081656455
5334,1.0,0.0,0.0,0.0,1.0,1.0,0.1689450035,0.09200641264,0.4964412026,0.3263153539,0.5234656609,0.2941178857
5335,1.0,0.0,0.0,0.0,1.0,1.0,0.1659788179,0.0893658732,0.4857142265,0.3333333333,0.5145984544,0.326531052
5336,1.0,0.0,0.0,0.0,1.0,1.0,0.1722557414,0.0908584016,0.4883303818,0.3437497222,0.5199998759,0.3599988051
5337,1.0,0.0,0.0,0.0,1.0,1.0,0.1701181305,0.08808041521,0.485815542,0.3645826871,0.514388646,0.4285701883
5338,1.0,0.0,0.0,0.0,1.0,1.0,0.168644707,0.08448534447,0.4884546067,0.3473688906,0.5107914162,0.4042545518
5339,1.0,0.0,0.0,0.0,1.0,1.0,0.1704196363,0.08479024913,0.4795736919,0.3333325992,0.5090252873,0.3191475961
5340,1.0,0.0,0.0,0.0,1.0,1.0,0.1708140279,0.08634899367,0.4836363328,0.3297875223,0.5073531276,0.297870707
5341,1.0,0.0,0.0,0.0,1.0,1.0,0.1713842727,0.08634907095,0.4855595278,0.3263153183,0.5,0.3191465301
5342,1.0,0.0,0.0,0.0,1.0,1.0,0.171384381,0.0918600841,0.4819495173,0.3052632286,0.4963235423,0.3000008503
5343,1.0,0.0,0.0,0.0,1.0,1.0,0.1720054217,0.0977310395,0.4728260547,0.2842105498,0.4870848651,0.2264123814
5344,1.0,0.0,0.0,0.0,1.0,1.0,0.1747656369,0.1021735661,0.4808743445,0.239581906,0.4907064262,0.1454554287
5345,1.0,0.0,0.0,0.0,1.0,1.0,0.18004649,0.1025546277,0.4908087096,0.2244879752,0.4999998059,0.1272727961
5346,1.0,0.0,0.0,0.0,1.0,1.0,0.181883847,0.1137421364,0.4834558665,0.1616174283,0.4888059906,0.09836048609
5347,1.0,0.0,0.0,0.0,1.0,1.0,0.1885392014,0.1114619921,0.4761905402,0.2233009313,0.4869888012,0.1333351995
5348,1.0,0.0,0.0,0.0,1.0,1.0,0.1910695738,0.1128997724,0.4908088949,0.2019227831,0.4925927698,0.1311483382
5349,1.0,0.0,0.0,0.0,1.0,1.0,0.1875126095,0.1054968249,0.5046903839,0.2699982575,0.5037039368,0.1929814223
5350,1.0,0.0,0.0,0.0,1.0,1.0,0.1927089972,0.1083952463,0.4896031358,0.2254901362,0.4816179499,0.05084656308
5351,1.0,0.0,0.0,0.0,1.0,1.0,0.1983769736,0.1074669699,0.483932047,0.2476203028,0.4838711858,0.06666643371
5352,1.0,0.0,0.0,0.0,1.0,1.0,0.1991223838,0.1078536283,0.4636015855,0.2596159452,0.471222958,0.1000003485
5353,1.0,0.0,0.0,0.0,1.0,1.0,0.1713878965,0.1003091983,0.4759152366,0.3820208958,0.5,0.3454555772
5354,1.0,0.0,0.0,0.0,1.0,1.0,0.2064064802,0.1736617985,0.5434781658,0.5877186045,0.5957447618,0.6530611798
5355,1.0,0.0,0.0,0.0,1.0,1.0,0.2653689439,0.2746695142,0.5465517862,0.597403039,0.6028369663,0.6129031822
5356,1.0,0.0,0.0,0.0,1.0,1.0,0.305110134,0.3230336063,0.5313531245,0.583783951,0.5821428179,0.6353596267
5357,1.0,0.0,0.0,0.0,1.0,1.0,0.3589767174,0.3695117264,0.5237341989,0.5550660574,0.5774648614,0.6095233801
5358,1.0,0.0,0.0,0.0,1.0,1.0,0.3725920535,0.4019894919,0.5103999941,0.5536485249,0.5756458027,0.6055047809
5359,1.0,0.0,0.0,0.0,1.0,1.0,0.3709930125,0.4157983673,0.500800079,0.556034425,0.5534350935,0.6009175247
5360,1.0,0.7853981853,0.0,0.0,1.0,1.0,0.392063826,0.4341206518,0.4999999114,0.553278796,0.56756728,0.5999996079
5361,1.0,0.7853981853,0.0,0.0,1.0,1.0,0.3805873747,0.4264029383,0.5008000898,0.5546225373,0.571428452,0.6108595599
5362,1.0,0.7853981853,0.0,0.0,1.0,1.0,0.3792091708,0.429172357,0.5,0.5550845656,0.5607842953,0.6073055357
5363,1.0,0.7853981853,0.0,0.0,1.0,1.0,0.3696350163,0.4203078312,0.4952380495,0.5622314093,0.5620158219,0.6129033543
5364,1.0,0.7853981853,0.0,0.0,1.0,1.0,0.3637211751,0.4128971334,0.5015823715,0.5565217556,0.5637066482,0.60747595
5365,1.0,0.7853981853,0.0,0.0,1.0,1.0,0.3641499693,0.4203077339,0.4889589857,0.5541125827,0.5542633744,0.6082951716
5366,1.0,0.7853981853,0.0,0.0,1.0,1.0,0.3634334965,0.4186849332,0.4921630679,0.5517236873,0.5559844366,0.6036862726
5367,1.0,0.7853981853,0.0,0.0,1.0,1.0,0.3341691334,0.3963953112,0.4601225927,0.5688077616,0.530075265,0.6161133081
5368,1.0,0.7853981853,0.0,0.0,1.0,1.0,0.3443712741,0.4061402369,0.4686064304,0.5644445446,0.5355805058,0.6082955345
5369,1.0,0.7853981853,0.0,0.0,1.0,1.0,0.3331475436,0.3997766245,0.4672896759,0.5514017403,0.539622733,0.6037739037
5370,1.0,0.7853981853,0.0,0.0,1.0,1.0,0.2430645175,0.3266657314,0.475200134,0.5526322522,0.5291830101,0.5952381565
5371,1.0,0.7853981853,0.0,0.0,1.0,1.0,0.1075235068,0.2498603287,0.506172826,0.5573755459,0.5215517703,0.5258612222
5372,1.0,0.0,0.0,0.0,1.0,1.0,0.1992351022,0.2951107041,0.4803922309,0.5901639916,0.5393699848,0.5866671205
5373,1.0,0.0,0.0,0.0,1.0,1.0,0.2530844232,0.3299684591,0.4774192808,0.5605091175,0.5419849203,0.5953748059
5374,1.0,0.0,0.0,0.0,1.0,1.0,0.2799070996,0.3548201534,0.4715189749,0.5536724539,0.5501858632,0.6020948433
5375,1.0,0.0,0.0,0.0,1.0,1.0,0.2976044953,0.3590588048,0.4633757824,0.5614974417,0.5370371391,0.6237118091
5376,1.0,0.0,0.0,0.0,1.0,1.0,0.3142007242,0.3693591914,0.4644549229,0.5678390466,0.5434783274,0.6225494613
5377,1.0,0.0,0.0,0.0,1.0,1.0,0.3105523687,0.3639273022,0.4605679103,0.5583753569,0.5398552471,0.616915402
5378,1.0,0.0,0.0,0.0,1.0,1.0,0.3034871697,0.3566848975,0.4721781425,0.5497384505,0.5507246046,0.6142134906
5379,1.0,0.0,0.0,0.0,1.0,1.0,0.3140192085,0.3566848272,0.472089395,0.5583751521,0.5507245613,0.6243653268
5380,1.0,0.0,0.0,0.0,1.0,1.0,0.3105064082,0.3525305544,0.4805824528,0.5572909698,0.5599998929,0.6134018269
5381,1.0,0.0,0.0,0.0,1.0,1.0,0.3083719489,0.3533740131,0.4794304578,0.5641025919,0.5571430024,0.6212120566
5382,1.0,0.0,0.0,0.0,1.0,1.0,0.3118257451,0.3498049609,0.4799999197,0.5641029495,0.5571430333,0.6224491431
5383,1.0,0.0,0.0,0.0,1.0,1.0,0.3066650724,0.3462352512,0.4817169238,0.5647663597,0.5535713947,0.613401638
5384,1.0,0.0,0.0,0.0,1.0,1.0,0.3109375038,0.3538950486,0.4873016517,0.576530131,0.5551603351,0.6030151815
5385,1.0,0.0,0.0,0.0,1.0,1.0,0.3036278206,0.34088138,0.4857593779,0.5729160377,0.5500000564,0.6178007871
5386,1.0,0.0,0.0,0.0,1.0,1.0,0.3065381704,0.3440105259,0.4808306217,0.5677078964,0.5434781691,0.6105268911
5387,1.0,0.0,0.0,0.0,1.0,1.0,0.3075206992,0.3450030316,0.4819466054,0.5663258935,0.5480424595,0.6082472983
5388,1.0,0.0,0.0,0.0,1.0,1.0,0.300146809,0.3409650191,0.4858490049,0.5654443543,0.545126072,0.6137568226
5389,1.0,0.0,0.0,0.0,1.0,1.0,0.3137047149,0.3616162937,0.4858043844,0.5678399162,0.54545444,0.6130655147
5390,1.0,0.0,0.0,0.0,1.0,1.0,0.3111167706,0.3632659367,0.4822580219,0.5647664912,0.5461253918,0.6142138281
5391,1.0,0.0,0.0,0.0,1.0,1.0,0.2999958441,0.362061948,0.4845025353,0.5652171901,0.543395975,0.6093746189
5392,1.0,0.0,0.0,0.0,1.0,1.0,0.2263836904,0.284155194,0.4899329666,0.6,0.5411765241,0.6068968828
5393,1.0,0.0,0.0,0.0,1.0,1.0,0.121971993,0.1908807499,0.4972676506,0.552237226,0.502145748,0.5280903617
5394,1.0,0.0,0.0,0.0,1.0,1.0,0.1381633641,0.1948068312,0.4793536102,0.5844172454,0.5000002218,0.5869565712
5395,1.0,0.0,0.0,0.0,1.0,1.0,0.2440107623,0.3029196648,0.4698997288,0.5753430811,0.5212354661,0.6114650797
5396,1.0,0.0,0.0,0.0,1.0,1.0,0.2853190174,0.3312754243,0.4719472145,0.5664739169,0.5318350335,0.6101698809
5397,1.0,0.0,0.0,0.0,1.0,1.0,0.3261164763,0.3595777928,0.462662381,0.5522382821,0.523985282,0.6051280252
5398,1.0,0.0,0.0,0.0,1.0,1.0,0.316463005,0.3488961314,0.4701130525,0.5561226953,0.5381817926,0.6197910832
5399,1.0,0.0,0.0,0.0,1.0,1.0,0.3234440001,0.3556407627,0.4757281233,0.5550000645,0.5437955259,0.6256402619
5400,1.0,0.0,0.0,0.0,1.0,1.0,0.3240999371,0.3590051885,0.4776357536,0.566502421,0.5487363943,0.623114959
5401,1.0,0.0,0.0,0.0,1.0,1.0,0.3262179741,0.3499852403,0.4719999973,0.5637253578,0.5415163297,0.618556442
5402,1.0,0.0,0.0,0.0,1.0,1.0,0.3229705463,0.3499851395,0.4726688141,0.5572137421,0.5451265051,0.6185567572
5403,1.0,0.0,0.0,0.0,1.0,1.0,0.3197569831,0.3445729376,0.4726687521,0.557789154,0.5415164033,0.6178013151
5404,1.0,0.0,0.0,0.0,1.0,1.0,0.3268319178,0.3503380183,0.4676145344,0.5458934275,0.5409253571,0.6192890229
5405,1.0,0.0,0.0,0.0,1.0,1.0,0.3242703894,0.3490957224,0.4404388556,0.5410629668,0.5106383705,0.6040602409
5406,1.0,0.0,0.0,0.0,1.0,1.0,0.3268613579,0.3526400285,0.4433962779,0.5336541332,0.5106381471,0.6030152348
5407,1.0,0.0,0.0,0.0,1.0,1.0,0.3152812887,0.3456852169,0.4400629989,0.5400006895,0.512545102,0.6113987618
5408,1.0,0.0,0.0,0.0,1.0,1.0,0.3149565321,0.349804841,0.432137285,0.5396037234,0.5035713817,0.59693877
5409,1.0,0.0,0.0,0.0,1.0,1.0,0.3152813028,0.3499850768,0.4668769682,0.5550004343,0.5342961406,0.6030929861
5410,1.0,0.0,0.0,0.0,1.0,1.0,0.3210806125,0.3510584169,0.469291347,0.5539213753,0.5483870479,0.602041202
5411,1.0,0.0,0.0,0.0,1.0,1.0,0.3087200364,0.3444505754,0.475819025,0.5555553154,0.5571427208,0.6010363154
5412,1.0,0.0,0.0,0.0,1.0,1.0,0.3043825325,0.333147211,0.4740972711,0.5567016995,0.555555598,0.6182798041
5413,1.0,0.0,0.0,0.0,1.0,1.0,0.3090893194,0.3378897595,0.4740972521,0.5634515236,0.5516017167,0.6157890774
5414,1.0,0.0,0.0,0.0,1.0,1.0,0.3051257549,0.3319703409,0.4688472326,0.5612249685,0.5512370213,0.6223397176
5415,1.0,0.0,0.0,0.0,1.0,1.0,0.3075206648,0.3331474244,0.4772369659,0.5612238788,0.5567376423,0.6223402867
5416,1.0,0.0,0.0,0.0,1.0,1.0,0.3127183951,0.3402356319,0.4701257393,0.5628142577,0.5531914414,0.6197913217
5417,1.0,0.0,0.0,0.0,1.0,1.0,0.3127184808,0.330801183,0.4748426838,0.5628142207,0.5563380071,0.6276601399
5418,1.0,0.0,0.0,0.0,1.0,1.0,0.311838358,0.3378398646,0.4695788741,0.5650001389,0.5492956211,0.6302079219
5419,1.0,0.0,0.0,0.0,1.0,1.0,0.3100629304,0.3308015562,0.4692913816,0.5736036859,0.549295467,0.6223404134
5420,1.0,0.0,0.0,0.0,1.0,1.0,0.3054294137,0.3295652197,0.4735999044,0.5654453397,0.5519711752,0.6195652174
5421,1.0,0.0,0.0,0.0,1.0,1.0,0.3089755072,0.3366916839,0.4731860803,0.5663264036,0.556737578,0.61578898
5422,1.0,0.0,0.0,0.0,1.0,1.0,0.3129092402,0.34127283,0.46728977,0.5671640666,0.5470385587,0.612245439
5423,1.0,0.0,0.0,0.0,1.0,1.0,0.3101718509,0.3372242677,0.4717867803,0.5757578363,0.5489511243,0.6165797054
5424,1.0,0.0,0.0,0.0,1.0,1.0,0.3190704933,0.3430140911,0.4726135225,0.5686273461,0.5505225276,0.6091371683
5425,1.0,0.0,0.0,0.0,1.0,1.0,0.3132109728,0.3372240292,0.4787401666,0.5778891255,0.559440479,0.6269426346
5426,1.0,0.0,0.0,0.0,1.0,1.0,0.3164378858,0.3442136266,0.4796237585,0.5742572375,0.5594407445,0.6192892467
5427,1.0,0.0,0.0,0.0,1.0,1.0,0.3069151952,0.3349009637,0.4787401243,0.5743588843,0.5578948198,0.6125652748
5428,1.0,0.0,0.0,0.0,1.0,1.0,0.3086048313,0.3337234486,0.4717867313,0.5736043922,0.5501729771,0.6217618594
5429,1.0,0.0,0.0,0.0,1.0,1.0,0.3107640488,0.3371819483,0.4703125201,0.5728646316,0.5536332966,0.610256195
5430,1.0,0.0,0.0,0.0,1.0,1.0,0.3028139272,0.3250778111,0.4803767743,0.5751294525,0.5605536953,0.622340939
5431,1.0,0.0,0.0,0.0,1.0,1.0,0.3087199008,0.3377425723,0.4758190616,0.5808076843,0.558620782,0.6173465679
5432,1.0,0.0,0.0,0.0,1.0,1.0,0.3070387531,0.3314122345,0.4733542372,0.5867348055,0.5520833372,0.6230365141
5433,1.0,0.0,0.0,0.0,1.0,1.0,0.3081219605,0.3348824331,0.4710484815,0.5786803515,0.5520832524,0.6269437211
5434,1.0,0.0,0.0,0.0,1.0,1.0,0.3058229549,0.3302352489,0.4731861502,0.5824749495,0.5594404888,0.6296296296
5435,1.0,0.0,0.0,0.0,1.0,1.0,0.3003016396,0.3238609698,0.4726133692,0.5729171137,0.5540067818,0.6236562399
5436,1.0,0.0,0.0,0.0,1.0,1.0,0.302339021,0.3250781569,0.4749216206,0.580310858,0.5570932448,0.6170213007
5437,1.0,0.0,0.0,0.0,1.0,1.0,0.2999880597,0.326806944,0.4696733251,0.5803105825,0.5501731421,0.6243388816
5438,1.0,0.0,0.0,0.0,1.0,1.0,0.3049939916,0.3331476319,0.4710485441,0.5794875926,0.5555554726,0.6302086719
5439,1.0,0.0,0.0,0.0,1.0,1.0,0.3029558278,0.3268071242,0.4749998887,0.5824744954,0.5570935749,0.6243393289
5440,1.0,0.0,0.0,0.0,1.0,1.0,0.3211371295,0.3440985971,0.4811913216,0.5804875441,0.5640138768,0.623115426
5441,1.0,0.0,0.0,0.0,1.0,1.0,0.3075208239,0.3319824561,0.4693878094,0.5765305791,0.5524475421,0.6315789474
5442,1.0,0.0,0.0,0.0,1.0,1.0,0.2995173172,0.3255223626,0.4763407491,0.5842110576,0.5563380651,0.6270268153
5443,1.0,0.0,0.0,0.0,1.0,1.0,0.3047272812,0.3319826519,0.473933565,0.5906733043,0.5489511407,0.615789331
5444,1.0,0.0,0.0,0.0,1.0,1.0,0.3148711333,0.3354529306,0.4717869166,0.5870646288,0.5432526029,0.6185562329
5445,1.0,0.0,0.0,0.0,1.0,1.0,0.306915363,0.3290846924,0.4692912637,0.5794873556,0.5505228093,0.6190478913
5446,1.0,0.0,0.0,0.0,1.0,1.0,0.3095752542,0.3290846055,0.4732703824,0.5837566047,0.5540070922,0.6137570997
5447,1.0,0.0,0.0,0.0,1.0,1.0,0.3036278334,0.3256024008,0.473101185,0.5781245817,0.5540069492,0.6149736111
5448,1.0,0.0,0.0,0.0,1.0,1.0,0.301093548,0.3227363136,0.4716088781,0.5759166217,0.5555552637,0.6182800013
5449,1.0,0.0,0.0,0.0,1.0,1.0,0.2947878554,0.3157958242,0.4700316368,0.5882352941,0.5555555556,0.6263740449
5450,1.0,0.0,0.0,0.0,1.0,1.0,0.2995171723,0.3192663557,0.4668768958,0.5842098311,0.5520834806,0.6249995513
5451,1.0,0.0,0.0,0.0,1.0,1.0,0.3006195719,0.3192658834,0.4740157859,0.586387209,0.5555556808,0.6249998529
5452,1.0,0.0,0.0,0.0,1.0,1.0,0.299517366,0.3157957226,0.4700315791,0.5736844526,0.5520831715,0.6208791144
5453,1.0,0.0,0.0,0.0,1.0,1.0,0.3081220429,0.3274035747,0.4741783577,0.5786808101,0.5586205843,0.6210527873
5454,1.0,0.0,0.0,0.0,1.0,1.0,0.3070386944,0.3268071695,0.4717869022,0.5867347448,0.5570932174,0.619047619
5455,1.0,0.0,0.0,0.0,1.0,1.0,0.3017184578,0.3205108867,0.4716980622,0.5885417659,0.5586205082,0.6236554788
5456,1.0,0.0,0.0,0.0,1.0,1.0,0.3028134458,0.3239570082,0.4756670908,0.5854922108,0.5586206465,0.6170212283
5457,1.0,0.0,0.0,0.0,1.0,1.0,0.3068054663,0.3252425161,0.4713178288,0.5808084277,0.5593219347,0.6197919653
5458,1.0,0.0,0.0,0.0,1.0,1.0,0.2998326715,0.3172287363,0.4718750176,0.5885408617,0.5597267743,0.62365617
5459,1.0,0.0,0.0,0.0,1.0,1.0,0.3081221752,0.3245611905,0.4710484944,0.5837557174,0.5567008923,0.6137569061
5460,1.0,0.0,0.0,0.0,1.0,1.0,0.3001468696,0.3176919047,0.4701258391,0.591623569,0.5567011623,0.6270270653
5461,1.0,0.0,0.0,0.0,1.0,1.0,0.3009240844,0.3200266199,0.4726988327,0.5854925789,0.5582190772,0.6310164415
5462,1.0,0.0,0.0,0.0,1.0,1.0,0.3012446321,0.3211266775,0.4756672016,0.5989586679,0.560137548,0.6256674982
5463,1.0,0.0,0.0,0.0,1.0,1.0,0.2985754312,0.3159744537,0.474842793,0.5894731689,0.5635741027,0.6195649746
5464,1.0,0.0,0.0,0.0,1.0,1.0,0.3046511877,0.324051187,0.4743389996,0.5918361704,0.5597270293,0.6263154172
5465,1.0,0.0,0.0,0.0,1.0,1.0,0.3001417303,0.322345787,0.4690402387,0.5927835282,0.5529011984,0.6296290335
5466,1.0,0.0,0.0,0.0,1.0,1.0,0.2982706482,0.3176919139,0.470312487,0.5916226885,0.5567010233,0.6270276371
5467,1.0,0.0,0.0,0.0,1.0,1.0,0.2951475464,0.3142574433,0.4656250288,0.5873019027,0.5532644236,0.6174860617
5468,1.0,0.0,0.0,0.0,1.0,1.0,0.296537786,0.3136180345,0.4678179457,0.576719752,0.558620682,0.6263739262
5469,1.0,0.0,0.0,0.0,1.0,1.0,0.291830575,0.3118947743,0.4725274707,0.5967746629,0.5586207411,0.6298341947
5470,1.0,0.0,0.0,0.0,1.0,1.0,0.289806882,0.307388572,0.4702194057,0.5945953286,0.5601375808,0.6312851616
5471,1.0,0.0,0.0,0.0,1.0,1.0,0.2884824213,0.3081901171,0.4716089081,0.5846991643,0.5540067269,0.6214689476
5472,1.0,0.0,0.0,0.0,1.0,1.0,0.2860089935,0.2984441793,0.4674085072,0.5888891546,0.5555555556,0.6279065984
5473,1.0,0.0,0.0,0.0,1.0,1.0,0.2982462397,0.3151551198,0.4650792933,0.5744680121,0.5470382062,0.607733848
5474,1.0,0.0,0.0,0.0,1.0,1.0,0.2855550262,0.2994842327,0.4634920684,0.5944438225,0.5470382053,0.6337213184
5475,1.0,0.0,0.0,0.0,1.0,1.0,0.2855550411,0.2991410006,0.4698412605,0.5944439812,0.5570935909,0.6416179084
5476,1.0,0.0,0.0,0.0,1.0,1.0,0.2866860883,0.301225484,0.47226629,0.5856354389,0.5540069964,0.6300578835
5477,1.0,0.0,0.0,0.0,1.0,1.0,0.2889382107,0.3043281457,0.4660347709,0.5792352726,0.5467127597,0.6249995348
5478,1.0,0.0,0.0,0.0,1.0,1.0,0.2857803327,0.3015555935,0.4660347217,0.5966850698,0.5482759436,0.6399997549
5479,1.0,0.0,0.0,0.0,1.0,1.0,0.2842015053,0.2998327324,0.4660347554,0.5944445747,0.5482757736,0.6321840548
5480,1.0,0.0,0.0,0.0,1.0,1.0,0.2880559046,0.3029668305,0.4729299599,0.5966844858,0.5505227316,0.6321838654
5481,1.0,0.0,0.0,0.0,1.0,1.0,0.2805450609,0.3005317731,0.4736842287,0.5965917125,0.5524473171,0.6337209083
5482,1.0,0.0,0.0,0.0,1.0,1.0,0.2857832093,0.3005312822,0.4712459312,0.5977648194,0.5489509084,0.627907064
5483,1.0,0.0,0.0,0.0,1.0,1.0,0.2846411674,0.2977433907,0.4687999235,0.5955062839,0.5574912839,0.6198835595
5484,1.0,0.0,0.0,0.0,1.0,1.0,0.2675924452,0.2807620185,0.4677419806,0.5963859201,0.5512368872,0.6289315987
5485,1.0,0.0,0.0,0.0,1.0,1.0,0.2518785008,0.2648699807,0.4717285419,0.6025641924,0.5512367382,0.639999592
5486,1.0,0.0,0.0,0.0,1.0,1.0,0.2164915625,0.2329657413,0.4690553706,0.6090230822,0.551601162,0.6412216891
5487,1.0,0.0,0.0,0.0,1.0,1.0,0.2149865196,0.2328449341,0.4696223642,0.6183205343,0.5483870463,0.6461539495
5488,1.0,0.0,0.0,0.0,1.0,1.0,0.2206558594,0.2356839022,0.4675325475,0.6176479501,0.5460993589,0.6541354364
5489,1.0,0.0,0.0,0.0,1.0,1.0,0.2251577168,0.2419141352,0.4602917231,0.6258989841,0.5477031981,0.6496347548
5490,1.0,0.0,0.0,0.0,1.0,1.0,0.2368807884,0.2445817801,0.4594155355,0.6164386229,0.5457749351,0.6474823992
5491,1.0,0.0,0.0,0.0,1.0,1.0,0.2405767527,0.2525092816,0.4588045443,0.6107383742,0.5406362322,0.6433563739
5492,1.0,0.0,0.0,0.0,1.0,1.0,0.2657750709,0.2828282672,0.4681528886,0.5988032356,0.5486108664,0.6319016137
5493,1.0,0.0,0.0,0.0,1.0,1.0,0.2769155049,0.2925197031,0.4617835707,0.591953508,0.5470383559,0.625
5494,1.0,0.0,0.0,0.0,1.0,1.0,0.2896471972,0.3123257915,0.4697453216,0.5879129544,0.5555555133,0.6166660378
5495,1.0,0.0,0.0,0.0,1.0,1.0,0.295253665,0.3198906685,0.4770932905,0.5882354341,0.5640137184,0.6162157937
5496,1.0,0.0,0.0,0.0,1.0,1.0,0.3004653429,0.3228436849,0.4651898615,0.5999997668,0.5567008348,0.6223404757
5497,1.0,0.0,0.0,0.0,1.0,1.0,0.3094636251,0.3274034952,0.4691943169,0.5867347921,0.5620691581,0.6052625737
5498,1.0,0.0,0.0,0.0,1.0,1.0,0.3055618393,0.3233491518,0.472929889,0.5885421065,0.564013704,0.6149731287
5499,1.0,0.0,0.0,0.0,1.0,1.0,0.3130203958,0.3308497161,0.4689983413,0.5837561591,0.5620689954,0.6093751959
5500,1.0,0.0,0.0,0.0,1.0,1.0,0.3141104379,0.3308498222,0.4634920308,0.5858578786,0.5620690543,0.6041672308
5501,1.0,0.0,0.0,0.0,1.0,1.0,0.3084892345,0.3297126192,0.4629922323,0.5816322082,0.5567008796,0.609374893
5502,1.0,0.0,0.0,0.0,1.0,1.0,0.3034298421,0.3245610167,0.4632237668,0.5876295185,0.5567009914,0.6084652397
5503,1.0,0.0,0.0,0.0,1.0,1.0,0.3105523878,0.3279956744,0.4637224434,0.5939085671,0.5532648087,0.6230361245
5504,1.0,0.0,0.0,0.0,1.0,1.0,0.3111468743,0.3314299362,0.4606918396,0.5909095478,0.5532646779,0.6217615512
5505,1.0,0.0,0.0,0.0,1.0,1.0,0.3090896169,0.3268722008,0.4568289445,0.5989846858,0.5547944164,0.6178011628
5506,1.0,0.0,0.0,0.0,1.0,1.0,0.3075205703,0.3285837273,0.466247958,0.5969386656,0.558219337,0.6145826221
5507,1.0,0.0,0.0,0.0,1.0,1.0,0.3065579846,0.3291677305,0.4632238714,0.5969390779,0.5529011878,0.6113992996
5508,1.0,0.0,0.0,0.0,1.0,1.0,0.3142898959,0.3337177201,0.4591195044,0.5850000713,0.5582192025,0.6102565141
5509,1.0,0.0,0.0,0.0,1.0,1.0,0.3157792425,0.3365818274,0.4628751828,0.5900003337,0.5567010742,0.6071431814
5510,1.0,0.0,0.0,0.0,1.0,1.0,0.3185036885,0.3348467925,0.4599685771,0.5911326164,0.5578230984,0.6091374684
5511,1.0,0.0,0.0,0.0,1.0,1.0,0.3104446049,0.3337179141,0.4706814343,0.5918371697,0.561643748,0.6102566994
5512,1.0,0.0,0.0,0.0,1.0,1.0,0.3052090978,0.3194092948,0.4572785303,0.5906739422,0.5498280121,0.6182795253
5513,1.0,0.0,0.0,0.0,1.0,1.0,0.2687712156,0.288033758,0.4685990278,0.5988028707,0.5555558538,0.6385538319
5514,1.0,0.0,0.0,0.0,1.0,1.0,0.2614911129,0.2810929143,0.470304944,0.6012263834,0.559027618,0.6419749746
5515,1.0,0.0,0.0,0.0,1.0,1.0,0.2295134335,0.2436803478,0.4690552989,0.6170214418,0.5441694378,0.652174051
5516,1.0,0.0,0.0,0.0,1.0,1.0,0.1892628726,0.2113516325,0.4850499371,0.6228080864,0.5555553396,0.6694913695
5517,1.0,0.0,0.0,0.0,1.0,1.0,0.1728487636,0.1801970813,0.4794520548,0.5841572218,0.5353159175,0.6288654246
5518,1.0,0.0,0.0,0.0,1.0,1.0,0.1506957624,0.1584936527,0.4800692519,0.5517227829,0.5298507582,0.6117656818
5519,1.0,0.0,0.0,0.0,1.0,1.0,0.1332589185,0.1357733547,0.5035087289,0.526316824,0.5471700923,0.6111109464
5520,1.0,0.0,0.0,0.0,1.0,1.0,0.1415444098,0.147857505,0.4749569227,0.5609756741,0.5205992312,0.5949374716
5521,1.0,0.0,0.0,0.0,1.0,1.0,0.1410361474,0.1459859319,0.4738675297,0.5679013007,0.5243447244,0.6153837597
5522,1.0,0.0,0.0,0.0,1.0,1.0,0.1435185181,0.1454413037,0.4775086405,0.5662635575,0.5261192649,0.602564847
5523,1.0,0.0,0.0,0.0,1.0,1.0,0.1435186763,0.1504738025,0.4775087374,0.5542161465,0.524163524,0.5802474731
5524,1.0,0.0,0.0,0.0,1.0,1.0,0.1447466064,0.153472246,0.4741379079,0.5476199619,0.5280896661,0.5853664932
5525,1.0,0.0,0.0,0.0,1.0,1.0,0.1437672549,0.14730574,0.4922010065,0.5662660853,0.5410446645,0.5696213847
5526,1.0,0.0,0.0,0.0,1.0,1.0,0.1403326088,0.1486159046,0.4794520954,0.5731705386,0.5353160793,0.5874997633
5527,1.0,0.0,0.0,0.0,1.0,1.0,0.1437552136,0.1523312701,0.481164346,0.5595255264,0.5390337351,0.585367977
5528,1.0,0.0,0.0,0.0,1.0,1.0,0.1363659201,0.1366279854,0.4870466288,0.5569633012,0.5318351954,0.5890406113
5529,1.0,0.0,0.0,0.0,1.0,1.0,0.1318709326,0.138180706,0.4843750059,0.5394729363,0.5227272727,0.5890403257
5530,1.0,0.0,0.0,0.0,1.0,1.0,0.132228315,0.1384997672,0.4862543003,0.5454553082,0.5355808006,0.5540538967
5531,1.0,0.0,0.0,0.0,1.0,1.0,0.1300644288,0.134253244,0.4863012826,0.5657911425,0.52985063,0.5972218503
5532,1.0,0.0,0.0,0.0,1.0,1.0,0.1383842999,0.1430431437,0.4837606404,0.5555564614,0.5353160839,0.6103897589
5533,1.0,0.0,0.0,0.0,1.0,1.0,0.1331434253,0.1347561673,0.4913494311,0.5324669113,0.5393259475,0.5972226401
5534,1.0,0.0,0.0,0.0,1.0,1.0,0.139337012,0.1435763286,0.4819277367,0.5432117589,0.5335820654,0.5714285714
5535,1.0,0.0,0.0,0.0,1.0,1.0,0.1346400991,0.1379827764,0.4870466243,0.5384628292,0.5373135846,0.5945953913
5536,1.0,0.0,0.0,0.0,1.0,1.0,0.1262271499,0.1356116807,0.4809687901,0.52054888,0.5278808464,0.5616453394
5537,1.0,0.0,0.0,0.0,1.0,1.0,0.1320999641,0.1403708281,0.4973912336,0.5263160884,0.5430711822,0.5600006907
5538,1.0,0.0,0.0,0.0,1.0,1.0,0.1310457153,0.1371416,0.5000000474,0.5200009253,0.5413534815,0.5890402006
5539,1.0,0.0,0.0,0.0,1.0,1.0,0.1368389159,0.143042602,0.4870017678,0.5443049065,0.5315987117,0.5714273676
5540,1.0,0.0,0.0,0.0,1.0,1.0,0.1331436792,0.1379825373,0.4965397717,0.5324673856,0.5410448655,0.5810802066
5541,1.0,0.0,0.0,0.0,1.0,1.0,0.1331436149,0.1393274538,0.5017300368,0.5454555729,0.5390331553,0.5733322504
5542,1.0,0.0,0.0,0.0,1.0,1.0,0.137854214,0.141987209,0.5068965488,0.5250000684,0.5424354273,0.5844141076
5543,1.0,0.0,0.0,0.0,1.0,1.0,0.1427774477,0.146976807,0.4956971026,0.5542182242,0.5367646677,0.5749987094
5544,1.0,0.0,0.0,0.0,1.0,1.0,0.1329136757,0.1374698383,0.500863522,0.5194814341,0.5427509683,0.5675672507
5545,1.0,0.0,0.0,0.0,1.0,1.0,0.1349672748,0.1414652512,0.4905982341,0.5443040031,0.5404410161,0.5974030664
5546,1.0,0.0,0.0,0.0,1.0,1.0,0.137380334,0.1391166724,0.4896906219,0.5500001368,0.5384615693,0.5921057557
5547,1.0,0.0,0.0,0.0,1.0,1.0,0.1317758272,0.1414652735,0.4914383988,0.5454548027,0.5441176824,0.558439868
5548,1.0,0.0,0.0,0.0,1.0,1.0,0.1432645834,0.1409468177,0.5102389885,0.5357139174,0.5531137099,0.5714273661
5549,1.0,0.0,0.0,0.0,1.0,1.0,0.1236423464,0.1377907252,0.4931270998,0.5138883375,0.5477940419,0.4933328642
5550,1.0,0.0,0.0,0.0,1.0,1.0,0.1302874845,0.1372859614,0.495711736,0.5131596089,0.5457872935,0.5599997653
5551,1.0,0.0,0.0,0.0,1.0,1.0,0.1400927207,0.1419872813,0.4837606838,0.5365852365,0.5350554438,0.5714277644
5552,1.0,0.0,0.0,0.0,1.0,1.0,0.1435096535,0.1506513046,0.4905982529,0.5476208948,0.5441175062,0.5853644968
5553,1.0,0.0,0.0,0.0,1.0,1.0,0.1244982561,0.1351096698,0.4861592382,0.5416674256,0.5296296791,0.5342487903
5554,1.0,0.0,0.0,0.0,1.0,1.0,0.1322286744,0.1364552966,0.4828178279,0.5454522458,0.5313654948,0.5675681209
5555,1.0,0.0,0.0,0.0,1.0,1.0,0.1348726957,0.1401433821,0.4913494217,0.5384621758,0.5313655863,0.5657889888
5556,1.0,0.0,0.0,0.0,1.0,1.0,0.1348727595,0.1369606547,0.4878893624,0.5512812655,0.533333521,0.5675686787
5557,1.0,0.0,0.0,0.0,1.0,1.0,0.1474870308,0.1480651967,0.4861111348,0.5294123694,0.5259260038,0.5624986348
5558,1.0,0.0,0.0,0.0,1.0,1.0,0.1393370426,0.143302267,0.4888123714,0.5432091103,0.529411812,0.5769227536
5559,1.0,0.0,0.0,0.0,1.0,1.0,0.132913477,0.1401429035,0.4887736467,0.5324669457,0.5313654024,0.5526315037
5560,1.0,0.0,0.0,0.0,1.0,1.0,0.113925814,0.1401434993,0.4939551033,0.5151523158,0.5350554692,0.4342116207
5561,1.0,0.0,0.0,0.0,1.0,1.0,0.1120215637,0.1473058793,0.5008756014,0.4374995765,0.5335821952,0.354430067
5562,1.0,0.0,0.0,0.0,1.0,1.0,0.1155220318,0.1491703197,0.4903678626,0.3787894634,0.5298507553,0.2874988204
5563,1.0,0.0,0.0,0.0,1.0,1.0,0.1147769593,0.148413385,0.4964665282,0.4307710191,0.5225562827,0.3037989212
5564,1.0,0.0,0.0,0.0,1.0,1.0,0.1134118515,0.1489734643,0.501773073,0.4062518911,0.5320753875,0.329115372
5565,1.0,0.0,0.0,0.0,1.0,1.0,0.117067648,0.1528994092,0.494755213,0.4029854611,0.5223881864,0.3048786938
5566,1.0,0.0,0.0,0.0,1.0,1.0,0.1231705313,0.1502919327,0.4911972565,0.3857138893,0.5187969315,0.3250012139
5567,1.0,0.0,0.0,0.0,1.0,1.0,0.1238245669,0.1521705707,0.4920354769,0.3285708587,0.5112782835,0.2222222222
5568,1.0,0.0,0.0,0.0,1.0,1.0,0.1306687711,0.1559279139,0.48763256,0.3243253487,0.5112780919,0.2289164769
5569,1.0,0.0,0.0,0.0,1.0,1.0,0.1313652374,0.1596851715,0.4866783596,0.2432432432,0.5075186157,0.2
5570,1.0,0.0,0.0,0.0,1.0,1.0,0.1353036248,0.1634068777,0.5018049872,0.2133335666,0.5133081159,0.1744192551
5571,1.0,0.0,0.0,0.0,1.0,1.0,0.1345748206,0.1533234142,0.4901256346,0.3066659123,0.5037879472,0.2592588712
5572,1.0,0.0,0.0,0.0,1.0,1.0,0.1467715059,0.1351099303,0.4685315616,0.5595239007,0.5185183715,0.5890402506
5573,1.0,0.0,0.0,0.0,1.0,1.0,0.2409519713,0.2381341281,0.478777567,0.6126757577,0.5451263174,0.6439388385
5574,1.0,0.0,0.0,0.0,1.0,1.0,0.3065171749,0.3244716089,0.4812398378,0.601063756,0.5520830818,0.5989305559
5575,1.0,0.0,0.0,0.0,1.0,1.0,0.3217156591,0.3325728355,0.4754901861,0.5989851014,0.5482758518,0.585491995
5576,1.0,0.0,0.0,0.0,1.0,1.0,0.315357849,0.3291676468,0.4789643742,0.6051283811,0.5529010164,0.5803101623
5577,1.0,0.0,0.0,0.0,1.0,1.0,0.3124278436,0.3256803221,0.4795416794,0.5968587156,0.5551724856,0.5873016779
5578,1.0,0.0,0.0,0.0,1.0,1.0,0.3107922795,0.3239567432,0.4811782957,0.6105259121,0.5551721094,0.5904252508
5579,1.0,0.0,0.0,0.0,1.0,1.0,0.2373887574,0.2227017915,0.4905335757,0.5942035391,0.550724409,0.6504065473
5580,1.0,0.0,0.0,0.0,1.0,1.0,0.1376044082,0.1397690362,0.4981884025,0.447369217,0.5134099372,0.4109584335
5581,1.0,0.0,0.0,0.0,1.0,1.0,0.1897895635,0.1641420732,0.4547037415,0.5779816691,0.514598602,0.611110199
5582,1.0,0.0,0.0,0.0,1.0,1.0,0.2583016539,0.2445064664,0.4847973221,0.6078431641,0.5607142389,0.6204379115
5583,1.0,0.0,0.0,0.0,1.0,1.0,0.3058493342,0.3029665155,0.4832775665,0.6120212057,0.5609757899,0.5977005191
5584,1.0,0.0,0.0,0.0,1.0,1.0,0.3298810633,0.3331470835,0.4771241981,0.603960428,0.5567011273,0.5824737989
5585,1.0,0.0,0.0,0.0,1.0,1.0,0.3369830922,0.3411066538,0.4736843049,0.6048786508,0.5563140109,0.5749999727
5586,1.0,0.0,0.0,0.0,1.0,1.0,0.3389051562,0.3354062402,0.4732510177,0.6165051743,0.5525425502,0.5757575422
5587,1.0,0.0,0.0,0.0,1.0,1.0,0.3462118347,0.3414759654,0.4803921925,0.6179243542,0.5599998407,0.5853652846
5588,1.0,0.0,0.0,0.0,1.0,1.0,0.3435071949,0.3342612768,0.4893617245,0.6095235759,0.5685618717,0.5800000429
5589,1.0,0.0,0.0,0.0,1.0,1.0,0.3458333598,0.3370999131,0.4751656892,0.5980858411,0.5627119808,0.5678395839
5590,1.0,0.0,0.0,0.0,1.0,1.0,0.3544818151,0.3387370526,0.4794744344,0.6064811638,0.5637582684,0.5693067096
5591,1.0,0.0,0.0,0.0,1.0,1.0,0.3516859499,0.3410260224,0.4680851083,0.6000004068,0.5574321793,0.5643566928
5592,1.0,0.0,0.0,0.0,1.0,1.0,0.3485655059,0.3354059252,0.4727273087,0.6066349438,0.5559321146,0.5656562767
5593,1.0,0.0,0.0,0.0,1.0,1.0,0.3483398043,0.3392754051,0.4837133416,0.6028034996,0.5719066564,0.5763553907
5594,1.0,0.0,0.0,0.0,1.0,1.0,0.3428506616,0.3365122555,0.4773462185,0.5990566626,0.5622894612,0.5700000881
5595,1.0,0.0,0.0,0.0,1.0,1.0,0.3363816281,0.334272744,0.4676374412,0.6057691323,0.5574325382,0.5858585424
5596,1.0,0.0,0.0,0.0,1.0,1.0,0.3390962517,0.335960952,0.4707792269,0.6076555933,0.5574325029,0.582914868
5597,1.0,0.0,0.0,0.0,1.0,1.0,0.3353069335,0.3314647035,0.468395525,0.6086956987,0.5589226016,0.5837560141
5598,1.0,0.0,0.0,0.0,1.0,1.0,0.328806658,0.3241430676,0.475569979,0.6089109234,0.5675672867,0.5885413089
5599,1.0,0.0,0.0,0.0,1.0,1.0,0.3347802825,0.3308963196,0.4771241447,0.6048774528,0.560810627,0.5867340929
5600,1.0,0.0,0.0,0.0,1.0,1.0,0.3271789207,0.3196865217,0.4690552761,0.6119403304,0.5589224969,0.5947366338
5601,1.0,0.0,0.0,0.0,1.0,1.0,0.3353177697,0.3269362387,0.4804561401,0.6019422991,0.5661016094,0.5803102525
5602,1.0,0.0,0.0,0.0,1.0,1.0,0.3364133585,0.3297820204,0.4754901613,0.5922330806,0.5589226648,0.571428728
5603,1.0,0.0,0.0,0.0,1.0,1.0,0.3375163986,0.328630059,0.4803278367,0.6019415347,0.5627120645,0.5670112692
5604,1.0,0.0,0.0,0.0,1.0,1.0,0.3281997667,0.3206398996,0.4834984646,0.6080396144,0.5597268999,0.5797872036
5605,1.0,0.0,0.0,0.0,1.0,1.0,0.328719849,0.3308256329,0.4717607872,0.6111111716,0.5470384479,0.5842099287
5606,1.0,0.0,0.0,0.0,1.0,1.0,0.3320348365,0.3268070603,0.4724540181,0.6080397047,0.5536332193,0.5873010131
5607,1.0,0.0,0.0,0.0,1.0,1.0,0.3269674699,0.3249935877,0.4738616168,0.6082467923,0.5524477569,0.5806457491
5608,1.0,0.0,0.0,0.0,1.0,1.0,0.3365642269,0.3284382207,0.4735043371,0.6192896057,0.5477031106,0.5806455991
5609,1.0,0.0,0.0,0.0,1.0,1.0,0.3263137705,0.3289975062,0.4700855462,0.6125656957,0.5373664,0.5729726499
5610,1.0,0.0,0.0,0.0,1.0,1.0,0.3376957107,0.3319703696,0.4675767912,0.6212124144,0.5406361274,0.5797872882
5611,1.0,0.0,0.0,0.0,1.0,1.0,0.3204448892,0.3158953896,0.4870018134,0.6108113954,0.5571428088,0.5762707629
5612,1.0,0.0,0.0,0.0,1.0,1.0,0.3226819493,0.3224008625,0.4991274022,0.6108108665,0.5663082573,0.5722217388
5613,1.0,0.0,0.0,0.0,1.0,1.0,0.3313846811,0.3301406706,0.4920635069,0.6170212526,0.5595669968,0.5846986372
5614,1.0,0.0,0.0,0.0,1.0,1.0,0.3384635198,0.3434444802,0.4946809078,0.6125654682,0.5672728082,0.5555556798
5615,1.0,0.0,0.0,0.0,1.0,1.0,0.3331473144,0.3313168072,0.4972972596,0.6162158798,0.5641023873,0.5690614827
5616,1.0,0.0,0.0,0.0,1.0,1.0,0.3257846905,0.31901,0.5082873398,0.6214687913,0.5682654113,0.5722542709
5617,1.0,0.0,0.0,0.0,1.0,1.0,0.326954729,0.3193706214,0.507434987,0.6306814291,0.5563909491,0.5823526063
5618,1.0,0.0,0.0,0.0,1.0,1.0,0.3337725593,0.3395050354,0.5046904656,0.6292131834,0.564885427,0.5674161338
5619,1.0,0.0,0.0,0.0,1.0,1.0,0.3337361126,0.3474761237,0.5123675856,0.6349209241,0.5734768968,0.5721647125
5620,1.0,0.0,0.0,0.0,1.0,1.0,0.3080143133,0.3168165768,0.487961508,0.625,0.5588234098,0.5618556905
5621,1.0,0.0,0.0,0.0,1.0,1.0,0.3062263305,0.3138178644,0.4949494228,0.6263737266,0.5699659057,0.576087011
5622,1.0,0.0,0.0,0.0,1.0,1.0,0.3117990684,0.3194092179,0.5075885756,0.6216214073,0.5670104878,0.5645157157
5623,1.0,0.0,0.0,0.0,1.0,1.0,0.3156133897,0.3226268092,0.5105263215,0.6388888616,0.5649122872,0.5815218851
5624,1.0,0.0,0.0,0.0,1.0,1.0,0.3180830854,0.320873587,0.5078260104,0.6284156229,0.5649121069,0.5737709914
5625,1.0,0.0,0.0,0.0,1.0,1.0,0.3162568962,0.3156134397,0.5122377853,0.6243099746,0.5824560012,0.5611105659
5626,1.0,0.0,0.0,0.0,1.0,1.0,0.3154268446,0.3158951874,0.5070921389,0.6348317987,0.5750000694,0.5593216369
5627,1.0,0.0,0.0,0.0,1.0,1.0,0.3237629377,0.3096860189,0.5264085057,0.6141301246,0.5845069298,0.5738640961
5628,1.0,0.0,0.0,0.0,1.0,1.0,0.2929400697,0.2722619764,0.5310345385,0.6000002121,0.5896552988,0.5822779754
5629,1.0,0.0,0.0,0.0,1.0,1.0,0.2416230535,0.1914989401,0.5091575573,0.5833336822,0.5510950524,0.60952264
5630,1.0,0.0,0.0,0.0,1.0,1.0,0.236662126,0.182379871,0.5136613125,0.5999997304,0.5401459154,0.6199998247
5631,1.0,0.0,0.0,0.0,1.0,1.0,0.2611153736,0.2256801934,0.5405405057,0.6068966708,0.5698925627,0.6031744905
5632,1.0,0.0,0.0,0.0,1.0,1.0,0.3001857004,0.2772303421,0.5229681696,0.6176463057,0.5653711413,0.5668790103
5633,1.0,0.0,0.0,0.0,1.0,1.0,0.3130993257,0.2931224276,0.5238937967,0.6214689266,0.5724380599,0.5542168675
5634,1.0,0.0,0.0,0.0,1.0,1.0,0.3307635605,0.304100684,0.518783505,0.6324320434,0.5551600985,0.5555556741
5635,1.0,0.0,0.0,0.0,1.0,1.0,0.328310252,0.3114202882,0.5081670359,0.6298334309,0.5652174196,0.5465121263
5636,1.0,0.0,0.0,0.0,1.0,1.0,0.325441211,0.3087561392,0.4946618838,0.6229503333,0.5499998998,0.5433526262
5637,1.0,0.0,0.0,0.0,1.0,1.0,0.3295650443,0.3098629144,0.4892473427,0.6195657999,0.5412186619,0.5375725776
5638,1.0,0.0,0.0,0.0,1.0,1.0,0.3301728249,0.3116538947,0.4910715047,0.6162164502,0.5448028405,0.5459768733
5639,1.0,0.0,0.0,0.0,1.0,1.0,0.3373342438,0.3170270536,0.4793536934,0.617020912,0.544802764,0.548022696
5640,1.0,0.0,0.0,0.0,1.0,1.0,0.3337487171,0.3091796559,0.4855596706,0.6270270429,0.5431653072,0.5581389718
5641,1.0,0.0,0.0,0.0,1.0,1.0,0.3361595537,0.3175122498,0.4810127059,0.6290316604,0.5415161108,0.5454552012
5642,1.0,0.0,0.0,0.0,1.0,1.0,0.3301076081,0.3191647083,0.4835765457,0.6298343428,0.5401459274,0.5485717427
5643,1.0,0.0,0.0,0.0,1.0,1.0,0.3474694352,0.3337619524,0.4841122143,0.6129034444,0.5387452465,0.5303866249
5644,1.0,0.0,0.0,0.0,1.0,1.0,0.3381289749,0.3245421121,0.476635437,0.6132589266,0.5313653933,0.5284092827
5645,1.0,0.0,0.0,0.0,1.0,1.0,0.3368694776,0.3233486249,0.4823091931,0.6243089285,0.5330883184,0.5454542652
5646,1.0,0.0,0.0,0.0,1.0,1.0,0.3442521785,0.3294866495,0.4759259043,0.6075274197,0.5347986764,0.5388886459
5647,1.0,0.0,0.0,0.0,1.0,1.0,0.3319178613,0.3228126313,0.4852398266,0.6222226516,0.5474453237,0.5367232749
5648,1.0,0.0,0.0,0.0,1.0,1.0,0.3393975684,0.3250971785,0.4840526453,0.6077346596,0.5501859722,0.5314289093
5649,1.0,0.0,0.0,0.0,1.0,1.0,0.3368905871,0.3238929546,0.4812734206,0.6166665843,0.5370369273,0.5371427061
5650,1.0,0.0,0.0,0.0,1.0,1.0,0.3368284287,0.3215116785,0.4806630531,0.6229508675,0.5330882762,0.5371426538
5651,1.0,0.0,0.0,0.0,1.0,1.0,0.3343790401,0.315999745,0.4805915722,0.6298348437,0.5330881701,0.540697481
5652,1.0,0.0,0.0,0.0,1.0,1.0,0.3313069186,0.3111815981,0.4788214392,0.6166670528,0.5347986236,0.5294124549
5653,1.0,0.0,0.0,0.0,1.0,1.0,0.338669146,0.3173412762,0.4732964719,0.6304351655,0.5291969629,0.5402298494
5654,1.0,0.0,0.0,0.0,1.0,1.0,0.3362095371,0.3089183707,0.470588245,0.6229504154,0.5309090599,0.5411768454
5655,1.0,0.0,0.0,0.0,1.0,1.0,0.3410505259,0.3199652333,0.4744525669,0.6203206355,0.5287771088,0.5337084321
5656,1.0,0.0,0.0,0.0,1.0,1.0,0.3458213058,0.3283364342,0.481883966,0.6178008239,0.5379061219,0.538461462
5657,1.0,0.0,0.0,0.0,1.0,1.0,0.3452617044,0.3277154568,0.4800000498,0.6210527227,0.5362318313,0.5414362801
5658,1.0,0.0,0.0,0.0,1.0,1.0,0.3325447635,0.3145727287,0.4810126268,0.6195649254,0.5323739705,0.5371427974
5659,1.0,0.0,0.0,0.0,1.0,1.0,0.3337554214,0.3150414646,0.4854014807,0.6120218854,0.5398549709,0.5344822289
5660,1.0,0.0,0.0,0.0,1.0,1.0,0.3446349941,0.3349578345,0.4827586633,0.615788809,0.5362318507,0.535134928
5661,1.0,0.0,0.0,0.0,1.0,1.0,0.3374028421,0.3180042031,0.4726278024,0.6162166503,0.5345452079,0.5371431482
5662,1.0,0.0,0.0,0.0,1.0,1.0,0.3319381688,0.310295976,0.479128863,0.6229507704,0.5306859015,0.5581393615
5663,1.0,0.0,0.0,0.0,1.0,1.0,0.3440700447,0.3240942941,0.484517339,0.6137568731,0.5398550713,0.5307260473
5664,1.0,0.0,0.0,0.0,1.0,1.0,0.3517890276,0.3379406275,0.4801444025,0.6153842509,0.5395683573,0.5372339955
5665,1.0,0.0,0.0,0.0,1.0,1.0,0.3488106541,0.3385789851,0.4936709133,0.6010362399,0.5471013579,0.5294114188
5666,1.0,0.0,0.0,0.0,1.0,1.0,0.3512532257,0.33495811,0.481883982,0.6134021396,0.5326086776,0.5351353276
5667,1.0,0.0,0.0,0.0,1.0,1.0,0.3619598702,0.3433334926,0.482882915,0.6069650891,0.5395682565,0.5340311163
5668,1.0,0.0,0.0,0.0,1.0,1.0,0.3492675382,0.3319574936,0.4820789092,0.5999996298,0.5428568759,0.5322579236
5669,1.0,0.0,0.0,0.0,1.0,1.0,0.3494423313,0.3277155055,0.4855071854,0.6062173032,0.5326086526,0.5359109564
5670,1.0,0.0,0.0,0.0,1.0,1.0,0.3560400717,0.3373568914,0.4882458887,0.6091365992,0.5451263869,0.5294115991
5671,1.0,0.0,0.0,0.0,1.0,1.0,0.3535931698,0.340311555,0.4837545073,0.6224487222,0.5483868746,0.5473681776
5672,1.0,0.0,0.0,0.0,1.0,1.0,0.351789262,0.3301405432,0.4783392425,0.61538476,0.5379061873,0.5464475512
5673,1.0,0.0,0.0,0.0,1.0,1.0,0.3470790976,0.3277154069,0.4909091553,0.6125658337,0.5398548899,0.5469611961
5674,1.0,0.0,0.0,0.0,1.0,1.0,0.3452616644,0.3229246834,0.4763636339,0.6210524269,0.5379059398,0.5418992453
5675,1.0,0.0,0.0,0.0,1.0,1.0,0.3361759013,0.3091798612,0.4745453735,0.616216084,0.5359711318,0.5523256854
5676,1.0,0.0,0.0,0.0,1.0,1.0,0.3422002196,0.3176797452,0.4728260348,0.6137567892,0.5321428383,0.539326785
5677,1.0,0.0,0.0,0.0,1.0,1.0,0.3451958206,0.3212493669,0.484629304,0.6125657751,0.5428572528,0.5444448882
5678,1.0,0.0,0.0,0.0,1.0,1.0,0.3355395209,0.3101104931,0.4829444218,0.6149735579,0.5390071758,0.5428569016
5679,1.0,0.0,0.0,0.0,1.0,1.0,0.3492673581,0.3236625966,0.4856631315,0.6102560946,0.5480424943,0.5274727059
5680,1.0,0.0,0.0,0.0,1.0,1.0,0.3515893722,0.3254410346,0.4946427769,0.6192887184,0.5516013703,0.5519123937
5681,1.0,0.0,0.0,0.0,1.0,1.0,0.3493545155,0.3235602504,0.4954954808,0.6134017392,0.5539566845,0.5333339375
5682,1.0,0.0,0.0,0.0,1.0,1.0,0.355793991,0.3259830568,0.4794274408,0.6080406463,0.5376345556,0.5384610006
5683,1.0,0.0,0.0,0.0,1.0,1.0,0.3534828342,0.3254413247,0.4721723119,0.6142133194,0.5338079519,0.5355190283
5684,1.0,0.0,0.0,0.0,1.0,1.0,0.3349193741,0.3136544595,0.4698582102,0.6031738598,0.5248226088,0.5423726738
5685,1.0,0.0,0.0,0.0,1.0,1.0,0.3498048187,0.3225151353,0.4696428524,0.6071422992,0.5354612272,0.5329667883
5686,1.0,0.0,0.0,0.0,1.0,1.0,0.3378895499,0.3118826346,0.4733096732,0.6105257701,0.5283687462,0.5397730335
5687,1.0,0.0,0.0,0.0,1.0,1.0,0.3474764856,0.3189710271,0.4910393781,0.6134015496,0.5531915442,0.5388890461
5688,1.0,0.0,0.0,0.0,1.0,1.0,0.3532661784,0.3220034599,0.4955595069,0.5979897246,0.5528170086,0.546448375
5689,1.0,0.0,0.0,0.0,1.0,1.0,0.3480200348,0.318484202,0.4892857109,0.6102564897,0.5492959464,0.5469615429
5690,1.0,0.0,0.0,0.0,1.0,1.0,0.3437796606,0.3173666296,0.4804965145,0.6082465658,0.5473684689,0.546961507
5691,1.0,0.0,0.0,0.0,1.0,1.0,0.354412119,0.3278870051,0.487588702,0.6049996943,0.5543858461,0.5454545455
5692,1.0,0.0,0.0,0.0,1.0,1.0,0.3522183459,0.3242866876,0.4973165535,0.614212987,0.567375715,0.5355195875
5693,1.0,0.0,0.0,0.0,1.0,1.0,0.3474763109,0.3260590631,0.4964157694,0.6030927982,0.5531916703,0.5543475971
5694,1.0,0.0,0.0,0.0,1.0,1.0,0.3390334706,0.3088551381,0.4946996694,0.6145829384,0.555555731,0.5561794019
5695,1.0,0.0,0.0,0.0,1.0,1.0,0.3291054271,0.3008522492,0.497400392,0.610526133,0.5612243754,0.5593219461
5696,1.0,0.0,0.0,0.0,1.0,1.0,0.3302654005,0.3008525133,0.5000000409,0.6073299156,0.5612245653,0.5536722983
5697,1.0,0.0,0.0,0.0,1.0,1.0,0.3314300917,0.3011785155,0.5120275003,0.6062176368,0.5690235605,0.5586589183
5698,1.0,0.0,0.0,0.0,1.0,1.0,0.3296768723,0.3042518691,0.5,0.6105260033,0.5578233227,0.5586593
5699,1.0,0.0,0.0,0.0,1.0,1.0,0.340679457,0.314892736,0.4956521753,0.617346811,0.5513698431,0.5543478818
5700,1.0,0.0,0.0,0.0,1.0,1.0,0.3325606699,0.3047075416,0.4911971061,0.6243386602,0.5540069975,0.5657144409
5701,1.0,0.0,0.0,0.0,1.0,1.0,0.3390335532,0.3092677094,0.4911660342,0.6145828752,0.5489510983,0.5536722168
5702,1.0,0.0,0.0,0.0,1.0,1.0,0.3319638079,0.3143120736,0.4884547525,0.6256689484,0.5512367571,0.5505622684
5703,1.0,0.0,0.0,0.0,1.0,1.0,0.3426151381,0.3237629633,0.48667842,0.6269424942,0.5528167745,0.548912492
5704,1.0,0.0,0.0,0.0,1.0,1.0,0.3498942635,0.324906878,0.4955116329,0.6051283514,0.5583038455,0.5434779216
5705,1.0,0.0,0.0,0.0,1.0,1.0,0.351688845,0.3307761961,0.4955116863,0.6173469482,0.5551600192,0.5483875342
5706,1.0,0.0,0.0,0.0,1.0,1.0,0.3557643705,0.3301404209,0.4917431787,0.6082471338,0.5487363387,0.5519124583
5707,1.0,0.0,0.0,0.0,1.0,1.0,0.3551128936,0.3319314626,0.4835164946,0.6340210969,0.5401459585,0.5439563323
5708,1.0,0.0,0.0,0.0,1.0,1.0,0.3562910013,0.3319315343,0.4917733404,0.6102569345,0.5510947651,0.5549453559
5709,1.0,0.0,0.0,0.0,1.0,1.0,0.3607560865,0.3319314063,0.4917127035,0.6071422025,0.5474450977,0.5439558867
5710,1.0,0.0,0.0,0.0,1.0,1.0,0.3557645542,0.3282837227,0.4825688424,0.6082471117,0.5401459051,0.5500006604
5711,1.0,0.0,0.0,0.0,1.0,1.0,0.3494424878,0.3301403026,0.4945652082,0.6062177267,0.5487364911,0.5464485189
5712,1.0,0.0,0.0,0.0,1.0,1.0,0.3422497078,0.3259048427,0.4990892561,0.611701673,0.5471014435,0.5444445971
5713,1.0,0.0,0.0,0.0,1.0,1.0,0.3349777072,0.3020291164,0.4340659689,0.6229505018,0.4945054374,0.5393939459
5714,1.0,0.0,0.0,0.0,1.0,1.0,0.3410502563,0.3100460925,0.4306568299,0.6203214978,0.4927009316,0.5411760142
5715,1.0,0.0,0.0,0.0,1.0,1.0,0.3289072423,0.3001985415,0.4363636379,0.6243092426,0.5018315408,0.5548777788
5716,1.0,0.0,0.0,0.0,1.0,1.0,0.3235081611,0.2991031909,0.4358045953,0.6256976964,0.4999998333,0.5487806373
5717,1.0,0.0,0.0,0.0,1.0,1.0,0.3167629264,0.29027869,0.4371585336,0.632184707,0.4926470156,0.5569618828
5718,1.0,0.0,0.0,0.0,1.0,1.0,0.3198215476,0.2933143404,0.4345454738,0.6249998745,0.492753892,0.555555919
5719,1.0,0.0,0.0,0.0,1.0,1.0,0.3083577061,0.2866046287,0.4301269813,0.6235286698,0.4852942453,0.5641028628
5720,1.0,0.0,0.0,0.0,1.0,1.0,0.3108572769,0.2786213664,0.4773961171,0.6162796686,0.5323739721,0.5741939848
5721,1.0,0.0,0.0,0.0,1.0,1.0,0.304100779,0.2748464805,0.4875444895,0.6198829106,0.5392859108,0.5844157597
5722,1.0,0.0,0.0,0.0,1.0,1.0,0.3124364054,0.2792034148,0.4777974464,0.6193186387,0.5302490253,0.5796176454
5723,1.0,0.0,0.0,0.0,1.0,1.0,0.2998327657,0.2569486599,0.4910715254,0.6130950452,0.5425529863,0.5793108367
5724,1.0,0.0,0.0,0.0,1.0,1.0,0.2954100178,0.2542747102,0.4938052152,0.6227545165,0.5406361377,0.5833330249
5725,1.0,0.0,0.0,0.0,1.0,1.0,0.278213478,0.2260222752,0.4929077484,0.6178347831,0.544169493,0.6171870042
5726,1.0,0.0,0.0,0.0,1.0,1.0,0.2680565051,0.2126469892,0.4884548193,0.6092719267,0.5390072192,0.6166666416
5727,1.0,0.0,0.0,0.0,1.0,1.0,0.2582038748,0.203786749,0.4762740566,0.6258506768,0.5248226996,0.6260871903
5728,1.0,0.0,0.0,0.0,1.0,1.0,0.2555490997,0.2091030201,0.471103286,0.6232877889,0.5177304965,0.6186443123
5729,1.0,0.0,0.0,0.0,1.0,1.0,0.2348510419,0.1898582367,0.4770317258,0.6240610252,0.5197132374,0.6226417977
5730,1.0,0.0,0.0,0.0,1.0,1.0,0.2384632019,0.1924720008,0.477192991,0.6029416436,0.5159010589,0.5963306842
5731,1.0,0.0,0.0,0.0,1.0,1.0,0.2347445914,0.190541238,0.4697509875,0.6136364567,0.5107914205,0.6037725903
5732,1.0,0.0,0.0,0.0,1.0,1.0,0.2347442606,0.1941361912,0.4626334813,0.6060611854,0.5035972389,0.6111108329
5733,1.0,0.0,0.0,0.0,1.0,1.0,0.2337979817,0.1858167192,0.4607142652,0.6030538466,0.505415259,0.6019409821
5734,1.0,0.0,0.0,0.0,1.0,1.0,0.2183504851,0.1809024777,0.4706926654,0.6097552051,0.5017921864,0.6039602725
5735,1.0,0.0,0.0,0.0,1.0,1.0,0.2276307543,0.1851485667,0.4644127731,0.6171876906,0.5,0.6213601065
5736,1.0,0.0,0.0,0.0,1.0,1.0,0.223889362,0.1792478437,0.4731182524,0.6079998645,0.5072462981,0.6161619041
5737,1.0,0.0,0.0,0.0,1.0,1.0,0.2315998287,0.1840129148,0.4527629156,0.623076468,0.4873645777,0.6078429357
5738,1.0,0.0,0.0,0.0,1.0,1.0,0.2195203573,0.1774370774,0.466071375,0.6178862614,0.507246447,0.6020415217
5739,1.0,0.0,0.0,0.0,1.0,1.0,0.2205175809,0.1810583578,0.4644128218,0.6209679761,0.5108697211,0.5999996399
5740,1.0,0.0,0.0,0.0,1.0,1.0,0.219346714,0.1773201807,0.469026504,0.6048393472,0.5053762892,0.5959591777
5741,1.0,0.0,0.0,0.0,1.0,1.0,0.2127615594,0.1701950433,0.4651162594,0.6134457302,0.496376789,0.5744679684
5742,1.0,0.0,0.0,0.0,1.0,1.0,0.2211154938,0.1743631801,0.4761062084,0.5919996331,0.5071941994,0.5979387155
5743,1.0,0.0,0.0,0.0,1.0,1.0,0.2187389257,0.1780822932,0.4750889803,0.6016252787,0.5054544975,0.5918357388
5744,1.0,0.0,0.0,0.0,1.0,1.0,0.2088120937,0.1683843791,0.4732142674,0.5982902116,0.5,0.6021498848
5745,1.0,0.0,0.0,0.0,1.0,1.0,0.2146813008,0.1732610791,0.4711190562,0.630251836,0.5036497872,0.6105265137
5746,1.0,0.0,0.0,0.0,1.0,1.0,0.2052906539,0.1635117527,0.4684684179,0.6228071122,0.5073527133,0.6179767294
5747,1.0,0.0,0.0,0.0,1.0,1.0,0.1923385035,0.1513753732,0.471223008,0.6168231925,0.5072992214,0.5783144427
5748,1.0,0.0,0.0,0.0,1.0,1.0,0.1888429852,0.1495517583,0.467023177,0.6037739609,0.4963504306,0.5487810114
5749,1.0,0.0,0.0,0.0,1.0,1.0,0.1886072354,0.1482686313,0.456790195,0.5981313549,0.4908425175,0.5679018937
5750,1.0,0.0,0.0,0.0,1.0,1.0,0.1841076085,0.1402096428,0.4561403214,0.5904765226,0.4820142509,0.5256414269
5751,1.0,0.0,0.0,0.0,1.0,1.0,0.1871746513,0.1545901367,0.4664311008,0.6037733061,0.4928057633,0.569768289
5752,1.0,0.0,0.0,0.0,1.0,1.0,0.1926197121,0.152331342,0.459999906,0.5849064403,0.4869888427,0.5487800968
5753,1.0,0.0,0.0,0.0,1.0,1.0,0.1737380018,0.131313338,0.4802867789,0.5773190659,0.5072993424,0.5416678842
5754,1.0,0.0,0.0,0.0,1.0,1.0,0.1844847207,0.1391164654,0.4784946478,0.5922343609,0.5018316364,0.5526318271
5755,1.0,0.0,0.0,0.0,1.0,1.0,0.1625710163,0.1235267681,0.5027725925,0.5568178549,0.5243446644,0.5454550436
5756,1.0,0.0,0.0,0.0,1.0,1.0,0.1745347485,0.129557217,0.4944853695,0.5578949925,0.5222222478,0.514286004
5757,1.0,0.0,0.0,0.0,1.0,1.0,0.1748564009,0.1305239212,0.5101288225,0.547368824,0.5335822185,0.5285713226
5758,1.0,0.0,0.0,0.0,1.0,1.0,0.1734105131,0.1325018626,0.5111939766,0.5268818216,0.5378788054,0.5285702499
5759,1.0,0.0,0.0,0.0,1.0,1.0,0.1596853321,0.123483366,0.5131579087,0.541176326,0.5328184667,0.5312510199
5760,1.0,0.0,0.0,0.0,1.0,1.0,0.1646809089,0.1307864241,0.503787891,0.5287351721,0.5195312739,0.537312851
5761,1.0,0.0,0.0,0.0,1.0,1.0,0.1696813577,0.1326183114,0.496268585,0.5714285714,0.5230768611,0.5652170612
5762,1.0,0.0,0.0,0.0,1.0,1.0,0.189930689,0.1501062159,0.4649445929,0.5922320527,0.5057032652,0.5696205056
5763,1.0,0.0,0.0,0.0,1.0,1.0,0.1888852405,0.153472211,0.4715596003,0.572814703,0.5168539515,0.5975606813
5764,1.0,0.0,0.0,0.0,1.0,1.0,0.175827735,0.1452020219,0.4685185954,0.5684198715,0.4981131848,0.571428901
5765,1.0,0.0,0.0,0.0,1.0,1.0,0.1662622512,0.1225370202,0.5065420859,0.5168539775,0.4980843916,0.4687508676
5766,1.0,0.0,0.0,0.0,1.0,1.0,0.1460286061,0.1234833464,0.5199240744,0.4415584715,0.5057916461,0.3593751735
5767,1.0,0.0,0.0,0.0,1.0,1.0,0.1301954814,0.1108331619,0.5287355974,0.5294116126,0.5058363644,0.4385968699
5768,1.0,0.0,0.0,0.0,1.0,1.0,0.1425024968,0.1215009793,0.526011583,0.4189190853,0.5058825461,0.3387095826
5769,1.0,0.0,0.0,0.0,1.0,1.0,0.1425021575,0.1180441746,0.5298651116,0.4459463711,0.5039371549,0.3333323383
5770,1.0,0.0,0.0,0.0,1.0,1.0,0.1268521398,0.1189810262,0.5230769179,0.4393936162,0.5,0.2833320623
5771,1.0,0.0,0.0,0.0,1.0,1.0,0.1374475514,0.123436908,0.5245579236,0.4000005067,0.4980080342,0.3064512899
5772,1.0,0.0,0.0,0.0,1.0,1.0,0.1473657748,0.1322218276,0.5103969676,0.3589743026,0.5058366381,0.2352945624
5773,1.0,0.0,0.0,0.0,1.0,1.0,0.1471453957,0.1368286264,0.5086041497,0.3116875091,0.5119046193,0.1884060278
5774,1.0,0.0,0.0,0.0,1.0,1.0,0.1276301518,0.1157892199,0.5049115876,0.4153847412,0.5040652542,0.3157891466
5775,1.0,0.0,0.0,0.0,1.0,1.0,0.1141095339,0.1052044067,0.5039369876,0.4482743074,0.4979758956,0.3846169319
5776,1.0,0.0,0.0,0.0,1.0,1.0,0.1143344401,0.106936252,0.5266272631,0.3103425258,0.5102882267,0.2500008461
5777,1.0,0.0,0.0,0.0,1.0,1.0,0.1059138694,0.1121822289,0.5125241231,0.1818200214,0.5265304069,0.03636265526
5778,0.0,0.0,0.0,0.0,0.0,0.0,0.0,0.0,0.0,0.0,0.0,0.0
5779,0.0,0.0,0.0,0.0,0.0,0.0,0.0,0.0,0.0,0.0,0.0,0.0
5780,0.0,0.0,0.0,0.0,0.0,0.0,0.0,0.0,0.0,0.0,0.0,0.0
5781,1.0,0.0,0.0,0.0,1.0,1.0,0.09769001161,0.1572827454,0.5263158024,0.2692293504,0.581673499,0.2911397155
5782,1.0,0.0,0.0,0.0,1.0,1.0,0.1320693812,0.1443637861,0.5035714642,0.2162167891,0.529629381,0.2179485568
5783,1.0,0.0,0.0,0.0,1.0,1.0,0.134639823,0.1453732028,0.4939550258,0.2820494713,0.5163635468,0.2499993379
5784,1.0,0.0,0.0,0.0,1.0,1.0,0.1277744551,0.1475191271,0.4921190708,0.1917791115,0.5129150325,0.1750009936
5785,1.0,0.0,0.0,0.0,1.0,1.0,0.1297520031,0.1425131545,0.5000000456,0.2162157606,0.5185186183,0.1948048091
5786,1.0,0.0,0.0,0.0,1.0,1.0,0.127551407,0.1433024136,0.4842657769,0.2739728426,0.5110291196,0.2307702815
5787,1.0,0.0,0.0,0.0,1.0,1.0,0.1255844336,0.1401430047,0.4904013073,0.3055565452,0.5166051762,0.25
5788,1.0,0.0,0.0,0.0,1.0,1.0,0.1227385333,0.1406621664,0.4982455914,0.2857142857,0.52222231,0.223684617
5789,1.0,0.0,0.0,0.0,1.0,1.0,0.1281777517,0.1464382384,0.490467965,0.2837829997,0.5128205027,0.2750014088
5790,1.0,0.0,0.0,0.0,1.0,1.0,0.1218829492,0.1435561662,0.4912890933,0.2857129654,0.5163637062,0.2784806671
5791,1.0,0.0,0.0,0.0,1.0,1.0,0.1344077758,0.1484676884,0.4862068722,0.2564104694,0.5181158202,0.2195118097
5792,1.0,0.0,0.0,0.0,1.0,1.0,0.1366021966,0.1466574437,0.4982698871,0.2531641056,0.5217392498,0.246913349
5793,1.0,0.0,0.0,0.0,1.0,1.0,0.1358125317,0.1394150876,0.5034842293,0.28205276,0.5289853247,0.2597404764
5794,1.0,0.0,0.0,0.0,1.0,1.0,0.1373147223,0.1339832633,0.4886955952,0.2911392405,0.5144926818,0.2837837838
5795,1.0,0.0,0.0,0.0,1.0,1.0,0.13613074,0.1402096251,0.4862069409,0.3417726272,0.5071944364,0.2820503069
5796,1.0,0.0,0.0,0.0,1.0,1.0,0.1402725607,0.1412253351,0.4982456727,0.2874978132,0.5217389802,0.269230351
5797,1.0,0.0,0.0,0.0,1.0,1.0,0.1370060225,0.143302249,0.4956062187,0.2564096259,0.5183824134,0.2051271543
5798,1.0,0.0,0.0,0.0,1.0,1.0,0.1382208098,0.1401430309,0.4929076752,0.269231499,0.5166051243,0.2236843203
5799,1.0,0.0,0.0,0.0,1.0,1.0,0.1399924905,0.1396278884,0.4911347281,0.2278480337,0.5183823016,0.1973698457
5800,1.0,0.0,0.0,0.0,1.0,1.0,0.136448406,0.1414648789,0.4946807505,0.233765838,0.5220588466,0.1818181818
5801,1.0,0.0,0.0,0.0,1.0,1.0,0.1382205311,0.1364552801,0.4822695778,0.2179477992,0.5129151745,0.1621647532
5802,1.0,0.0,0.0,0.0,1.0,1.0,0.148929231,0.1467581286,0.5044882822,0.1325286635,0.5204458945,0.1392415115
5803,1.0,0.0,0.0,0.0,1.0,1.0,0.1489293019,0.1379825812,0.4883304343,0.1445795961,0.5111941499,0.09459397979
5804,1.0,0.0,0.0,0.0,1.0,1.0,0.1538994444,0.1597618597,0.494565133,0.1294119121,0.5055760464,0.1395346533
5805,1.0,0.0,0.0,0.0,1.0,1.0,0.1474584916,0.1433160882,0.4936247254,0.1234562825,0.4981130535,0.1447351124
5806,1.0,0.0,0.0,0.0,1.0,1.0,0.14854055,0.144957466,0.5082568499,0.1234563142,0.5114502695,0.1578961785
5807,1.0,0.0,0.0,0.0,1.0,1.0,0.1490078646,0.1514308705,0.496363639,0.12195228,0.5113638755,0.1375005571
5808,1.0,0.0,0.0,0.0,1.0,1.0,0.1595439229,0.1627878263,0.4972476138,0.1149421445,0.5075757516,0.1511638018
5809,1.0,0.0,0.0,0.0,1.0,1.0,0.1592515579,0.1634065879,0.4963370226,0.1379314492,0.501901177,0.1976733151
5810,1.0,0.0,0.0,0.0,1.0,1.0,0.1598372457,0.1640307787,0.4944852254,0.1494234278,0.4961830584,0.197673635
5811,1.0,0.0,0.0,0.0,1.0,1.0,0.1513752597,0.1577065359,0.4927007648,0.1084351084,0.5019012536,0.1566279393
5812,1.0,0.0,0.0,0.0,1.0,1.0,0.1538996112,0.1596852752,0.4891304994,0.1176479247,0.5037595222,0.1647051319
5813,1.0,0.0,0.0,0.0,1.0,1.0,0.1689965497,0.1791453685,0.4890908135,0.1612899608,0.4981134124,0.2105264314
5814,1.0,0.0,0.0,0.0,1.0,1.0,0.1554286164,0.1621735845,0.4882459289,0.1279064441,0.5018865667,0.1627898007
5815,1.0,0.0,0.0,0.0,1.0,1.0,0.1527924527,0.1628305818,0.4874101202,0.105883329,0.4943821272,0.1609204171
5816,1.0,0.0,0.0,0.0,1.0,1.0,0.1471905257,0.1627879221,0.492727201,0.09876485932,0.5037877186,0.1511624802
5817,1.0,0.0,0.0,0.0,1.0,1.0,0.1448465161,0.1646805577,0.4963767732,0.1124994117,0.500000198,0.1724129641
5818,1.0,0.0,0.0,0.0,1.0,1.0,0.1650619545,0.1829168546,0.4990925753,0.1428571429,0.5056602758,0.1752584577
5819,1.0,0.0,0.0,0.0,1.0,1.0,0.138862021,0.1525866426,0.49908603,0.1315770791,0.5038165461,0.1375009727
5820,1.0,0.0,0.0,0.0,1.0,1.0,0.1459444237,0.1761470485,0.4990757437,0.1012673638,0.4980842041,0.1630438892
5821,1.0,0.0,0.0,0.0,1.0,1.0,0.1372859313,0.1634067718,0.4963371001,0.1199991166,0.4980990613,0.1860464556
5822,1.0,0.0,0.0,0.0,1.0,1.0,0.1372860608,0.1653069324,0.5018315343,0.1066662923,0.5057035225,0.1609202635
5823,1.0,0.0,0.0,0.0,1.0,1.0,0.1317946451,0.1506793262,0.4963369513,0.1666676309,0.5,0.1265812439
5824,1.0,0.0,0.0,0.0,1.0,1.0,0.1349610865,0.1634067115,0.4981750667,0.1081078037,0.4942966126,0.1279078782
5825,1.0,0.0,0.0,0.0,1.0,1.0,0.1333808174,0.163406513,0.4862887897,0.1095894341,0.4904944902,0.1511631022
5826,1.0,0.0,0.0,0.0,1.0,1.0,0.1331375297,0.1608300427,0.4927008034,0.1232893683,0.4980840335,0.1190472614
5827,1.0,0.0,0.0,0.0,1.0,1.0,0.1342264152,0.1556824306,0.4972776819,0.1351346018,0.5038460798,0.1481480528
5828,1.0,0.0,0.0,0.0,1.0,1.0,0.1253717022,0.1393275866,0.4964664427,0.3380285013,0.5130110396,0.32
5829,1.0,0.0,0.0,0.0,1.0,1.0,0.1361309571,0.1216548148,0.5,0.5063298381,0.5205989854,0.5692305145
5830,1.0,0.0,0.0,0.0,1.0,1.0,0.2324285876,0.2353758674,0.5033221873,0.5928564419,0.5688407934,0.6000010227
5831,1.0,0.0,0.0,0.0,1.0,1.0,0.3028611445,0.3214986009,0.4864433911,0.5842098823,0.5489510763,0.5652181308
5832,1.0,0.0,0.0,0.0,1.0,1.0,0.3331473772,0.3621669463,0.4888889465,0.5666667013,0.5644601299,0.5528849327
5833,1.0,0.0,0.0,0.0,1.0,1.0,0.2601514386,0.2660385679,0.4942338208,0.5759495826,0.5575540125,0.5675671746
5834,1.0,0.0,0.0,0.0,1.0,1.0,0.1382765531,0.1438592412,0.500875709,0.4430371054,0.511363697,0.4473673691
5835,1.0,0.0,0.0,0.0,1.0,1.0,0.17133298,0.1461278223,0.504201623,0.5392151077,0.5415161377,0.5925919045
5836,1.0,0.0,0.0,0.0,1.0,1.0,0.2605102035,0.2719329293,0.5065574315,0.5911957237,0.5689043744,0.5909090269
5837,1.0,0.0,0.0,0.0,1.0,1.0,0.3112226533,0.3268068504,0.4815409267,0.5876295567,0.5536330663,0.5767199406
5838,1.0,0.0,0.0,0.0,1.0,1.0,0.3289501051,0.3508313389,0.4740156838,0.5789472047,0.5479451953,0.570731434
5839,1.0,0.0,0.0,0.0,1.0,1.0,0.337861393,0.3648480187,0.468553523,0.5720931328,0.5432527006,0.5687202308
5840,1.0,0.0,0.0,0.0,1.0,1.0,0.332626829,0.3606233632,0.4734375922,0.5727699531,0.5463915058,0.5714285714
5841,1.0,0.0,0.0,0.0,1.0,1.0,0.2131040149,0.2193022365,0.515702563,0.5891469385,0.564748089,0.6229511658
5842,1.0,0.0,0.0,0.0,1.0,1.0,0.1255840296,0.1566291627,0.5026177822,0.2916647762,0.5074626987,0.2380947443
5843,1.0,0.0,0.0,0.0,1.0,1.0,0.1323303874,0.1506512111,0.5069685556,0.3026324931,0.5183823672,0.2439022506
5844,1.0,0.0,0.0,0.0,1.0,1.0,0.1258038459,0.1446078555,0.4737762145,0.4166683902,0.4981684882,0.3291137877
5845,1.0,0.0,0.0,0.0,1.0,1.0,0.1594853891,0.1381046319,0.4804965922,0.58888985,0.5236362993,0.6184202664
5846,1.0,0.0,0.0,0.0,1.0,1.0,0.2351631013,0.2220983241,0.4948097349,0.602940735,0.5625001864,0.6484371459
5847,1.0,0.0,0.0,0.0,1.0,1.0,0.3143545365,0.3045438113,0.5059829572,0.5869558858,0.5858585383,0.6022094979
5848,1.0,0.0,0.0,0.0,1.0,1.0,0.3286755151,0.3219678368,0.4932885189,0.5918369371,0.5738257489,0.5989588372
5849,1.0,0.0,0.0,0.0,1.0,1.0,0.3436617346,0.3432426083,0.4883720219,0.5893721477,0.5690236992,0.5882354817
5850,1.0,0.0,0.0,0.0,1.0,1.0,0.3402007764,0.3442891731,0.4902279713,0.5837324126,0.578595297,0.5776701604
5851,1.0,0.0,0.0,0.0,1.0,1.0,0.3450843175,0.3516554961,0.491856733,0.594340199,0.5791245388,0.5837328778
5852,1.0,0.0,0.0,0.0,1.0,1.0,0.3419577364,0.347928534,0.4909090012,0.5893724286,0.5699660068,0.5833327236
5853,1.0,0.0,0.0,0.0,1.0,1.0,0.3409079564,0.3484450714,0.4958402958,0.5951221454,0.5782312553,0.5804883722
5854,1.0,0.0,0.0,0.0,1.0,1.0,0.3376040927,0.3450452044,0.4899665234,0.5891090044,0.5680273052,0.5812806545
5855,1.0,0.0,0.0,0.0,1.0,1.0,0.2567530255,0.2507313073,0.4965517477,0.6174493942,0.5644598848,0.6111105324
5856,1.0,0.0,0.0,0.0,1.0,1.0,0.1438312219,0.1230655333,0.4963100954,0.3461553135,0.5074628167,0.3333322599
5857,1.0,0.0,0.0,0.0,1.0,1.0,0.1567390517,0.1473056868,0.5018450081,0.2588236195,0.5037313221,0.2278478579
5858,1.0,0.0,0.0,0.0,1.0,1.0,0.1647228033,0.1425058687,0.5,0.2696626531,0.4980990819,0.2133312933
5859,1.0,0.0,0.0,0.0,1.0,1.0,0.1650621266,0.1449570051,0.5045372666,0.2087920728,0.5,0.1578938625
5860,1.0,0.0,0.0,0.0,1.0,1.0,0.1622130658,0.1398474075,0.4886561452,0.2365590913,0.4813430616,0.1733349376
5861,1.0,0.0,0.0,0.0,1.0,1.0,0.1832008602,0.1338872813,0.4900181824,0.1881182443,0.4792455546,0.1126756309
5862,1.0,0.0,0.0,0.0,1.0,1.0,0.2006248979,0.1301160493,0.4898709708,0.2293582464,0.4867923482,0.1739135804
5863,1.0,0.0,0.0,0.0,1.0,1.0,0.1800123562,0.1033253836,0.5009380145,0.208334251,0.5037593089,0.1636360141
5864,1.0,0.0,0.0,0.0,1.0,1.0,0.2009457963,0.1580935865,0.4955908203,0.5877196283,0.5381818536,0.6436772826
5865,1.0,0.0,0.0,0.0,1.0,1.0,0.2910375545,0.2899407373,0.47520006,0.6098907012,0.5529008074,0.5764700856
5866,1.0,0.0,0.0,0.0,1.0,1.0,0.3161175003,0.3331469828,0.4600638559,0.6010095908,0.5354608631,0.5691487639
5867,1.0,0.0,0.0,0.0,1.0,1.0,0.3168575739,0.3442135039,0.4526814747,0.6019896272,0.5384613299,0.5583758459
5868,1.0,0.0,0.0,0.0,1.0,1.0,0.3158613738,0.3354527506,0.4654088777,0.606965415,0.5432524904,0.5721652243
5869,1.0,0.0,0.0,0.0,1.0,1.0,0.3210232109,0.3394655222,0.4667722308,0.6009854381,0.5517242284,0.5786803768
5870,1.0,0.0,0.0,0.0,1.0,1.0,0.306178341,0.320026418,0.4730158338,0.6062169658,0.5547943937,0.5935828568
5871,1.0,0.0,0.0,0.0,1.0,1.0,0.2706822039,0.2628288866,0.4743590827,0.5857983289,0.5536332909,0.6118419451
5872,1.0,0.0,0.0,0.0,1.0,1.0,0.1729803137,0.1382992497,0.4632866988,0.5252513964,0.505535093,0.5866650024
5873,1.0,0.0,0.0,0.0,1.0,1.0,0.1917435911,0.1517008751,0.4651952759,0.5309726115,0.5142856392,0.5764703554
5874,1.0,0.0,0.0,0.0,1.0,1.0,0.2478089924,0.2180910227,0.4729063761,0.5695364145,0.5567010046,0.6141734784
5875,1.0,0.0,0.0,0.0,1.0,1.0,0.2892276876,0.2766909984,0.471061111,0.5888883799,0.5738254415,0.5818179721
5876,1.0,0.0,0.0,0.0,1.0,1.0,0.3051606604,0.2924786271,0.4684975466,0.5820104648,0.5685619701,0.5657143472
5877,1.0,0.0,0.0,0.0,1.0,1.0,0.3125287632,0.2951369316,0.4788274582,0.5833339661,0.5738254448,0.5738640936
5878,1.0,0.0,0.0,0.0,1.0,1.0,0.3181503905,0.3087978243,0.469453308,0.5858580862,0.5681062301,0.5752691742
5879,1.0,0.0,0.0,0.0,1.0,1.0,0.3167021622,0.3084085249,0.4729298763,0.5728637262,0.5742576011,0.5668453713
5880,1.0,0.0,0.0,0.0,1.0,1.0,0.3241434904,0.313356422,0.4499205907,0.5784310973,0.5544555114,0.5578943725
5881,1.0,0.0,0.0,0.0,1.0,1.0,0.3195706988,0.3183043642,0.3996864575,0.5931372752,0.5016502352,0.5544039408
5882,1.0,0.0,0.0,0.0,1.0,1.0,0.3200723931,0.3168168374,0.4018838797,0.5882347364,0.5065359443,0.5567014535
5883,1.0,0.0,0.0,0.0,1.0,1.0,0.3216415829,0.3227708044,0.4097331627,0.5951220472,0.5147542055,0.5532990822
5884,1.0,0.0,0.0,0.0,1.0,1.0,0.3247794599,0.3222955927,0.4065934455,0.5942022519,0.5179151773,0.5656568505
5885,1.0,0.0,0.0,0.0,1.0,1.0,0.3273763491,0.3218264837,0.4125984157,0.5961537666,0.5177991849,0.5527638789
5886,1.0,0.0,0.0,0.0,1.0,1.0,0.3172071865,0.3073941053,0.4641148173,0.5979898485,0.5657895148,0.5614967471
5887,1.0,0.0,0.0,0.0,1.0,1.0,0.3119277532,0.2998325738,0.4601911348,0.5969391758,0.5672130184,0.5737713529
5888,1.0,0.0,0.0,0.0,1.0,1.0,0.314018966,0.3041064467,0.4673046404,0.588832697,0.5690790331,0.5729736801
5889,1.0,0.0,0.0,0.0,1.0,1.0,0.3220423282,0.3141568767,0.4619047563,0.5862064666,0.5667752655,0.5595856168
5890,1.0,0.0,0.0,0.0,1.0,1.0,0.318364157,0.3102842556,0.4659270308,0.5870649079,0.5718953693,0.5684203701
5891,1.0,0.0,0.0,0.0,1.0,1.0,0.3194421207,0.3092737013,0.4699367438,0.5940596899,0.5765473781,0.5631577223
5892,1.0,0.0,0.0,0.0,1.0,1.0,0.3198850407,0.3096631386,0.461783437,0.5970149254,0.5672128412,0.5714285714
5893,1.0,0.0,0.0,0.0,1.0,1.0,0.3150239475,0.3031095846,0.4703999373,0.588832721,0.5672132768,0.5675674443
5894,1.0,0.0,0.0,0.0,1.0,1.0,0.3180043091,0.3081610534,0.4691559023,0.5969391677,0.5666668937,0.5675675047
5895,1.0,0.0,0.0,0.0,1.0,1.0,0.317488952,0.3064957459,0.4732576864,0.6071425045,0.5666665831,0.581521593
5896,1.0,0.0,0.0,0.0,1.0,1.0,0.3102841857,0.3001677904,0.4705882404,0.6105264692,0.5704700239,0.5921784387
5897,1.0,0.0,0.0,0.0,1.0,1.0,0.3040373237,0.2915038637,0.4724920116,0.6010638669,0.5700000182,0.5828575431
5898,1.0,0.0,0.0,0.0,1.0,1.0,0.3065381012,0.2975313378,0.464856259,0.5885419475,0.5625000443,0.5856357804
5899,1.0,0.0,0.0,0.0,1.0,1.0,0.3097314207,0.3041064266,0.460063944,0.60824709,0.5526313548,0.5837836324
5900,1.0,0.0,0.0,0.0,1.0,1.0,0.3051606842,0.2941501438,0.4426493623,0.5978840539,0.5351171042,0.5795461697
5901,1.0,0.0,0.0,0.0,1.0,1.0,0.3122252948,0.3075207428,0.4428341264,0.5979382597,0.5384615385,0.5760868668
5902,1.0,0.0,0.0,0.0,1.0,1.0,0.3140633584,0.295442919,0.4484452371,0.5937499647,0.5405404416,0.5714285714
5903,1.0,0.0,0.0,0.0,1.0,1.0,0.2384456359,0.1932716208,0.4467006062,0.5957457396,0.5296169079,0.6216212592
5904,1.0,0.0,0.0,0.0,1.0,1.0,0.1928747717,0.1348169235,0.4631578605,0.5454541951,0.5143885029,0.6000005652
5905,1.0,0.0,0.0,0.0,1.0,1.0,0.2290388458,0.1665736553,0.4756944044,0.5681822537,0.542553263,0.6595744204
5906,1.0,0.0,0.0,0.0,1.0,1.0,0.2681835589,0.2344578441,0.4816667231,0.5900611688,0.5616437049,0.5985403973
5907,1.0,0.0,0.0,0.0,1.0,1.0,0.2945372761,0.2728850333,0.4668875374,0.5898880653,0.5563140766,0.5874995082
5908,1.0,0.0,0.0,0.0,1.0,1.0,0.3047478593,0.2870018725,0.4704918586,0.5967744753,0.5574324127,0.5823529562
5909,1.0,0.0,0.0,0.0,1.0,1.0,0.3055204414,0.2954428131,0.4699187225,0.6063831252,0.5608106681,0.5885714004
5910,1.0,0.0,0.0,0.0,1.0,1.0,0.3097781302,0.2961309728,0.4600325709,0.605263515,0.552188484,0.5795458291
5911,1.0,0.0,0.0,0.0,1.0,1.0,0.3058845669,0.2917835379,0.4664484241,0.5989304135,0.5570468829,0.5919535249
5912,1.0,0.0,0.0,0.0,1.0,1.0,0.3107920055,0.2994960393,0.471358325,0.6000002265,0.5622894733,0.5842701791
5913,1.0,0.0,0.0,0.0,1.0,1.0,0.3083901905,0.2974929171,0.4717286025,0.6020938998,0.5652172803,0.5842700212
5914,1.0,0.0,0.0,0.0,1.0,1.0,0.3103955963,0.2984911078,0.4780488922,0.5968586506,0.5604027477,0.5786523463
5915,1.0,0.0,0.0,0.0,1.0,1.0,0.3103956752,0.2968140097,0.4634146215,0.6020938256,0.5536912548,0.5819218369
5916,1.0,0.0,0.0,0.0,1.0,1.0,0.3086514124,0.3028609603,0.4754900732,0.6137563846,0.5622895367,0.5833332336
5917,1.0,0.0,0.0,0.0,1.0,1.0,0.3037518548,0.2903784145,0.4738561807,0.602151154,0.5608110224,0.5755813449
5918,1.0,0.0,0.0,0.0,1.0,1.0,0.3024626172,0.2937550089,0.4720394195,0.614130917,0.5608107863,0.5862070243
5919,1.0,0.0,0.0,0.0,1.0,1.0,0.3036072368,0.2964444586,0.4761905141,0.6108102503,0.5559321279,0.5828566643
5920,1.0,0.0,0.0,0.0,1.0,1.0,0.3011561576,0.2940534307,0.4751656228,0.6043958727,0.5612246072,0.5838153895
5921,1.0,0.0,0.0,0.0,1.0,1.0,0.2996681638,0.2974533529,0.4711697119,0.6098895941,0.561224412,0.5828567384
5922,1.0,0.0,0.0,0.0,1.0,1.0,0.3068891917,0.304914574,0.4696222876,0.6149733111,0.5559320691,0.5833334326
5923,1.0,0.0,0.0,0.0,1.0,1.0,0.3016259969,0.2984909119,0.4714518594,0.6108108738,0.5637584403,0.5898875792
5924,1.0,0.0,0.0,0.0,1.0,1.0,0.2988528644,0.2981389304,0.4640522448,0.6065573577,0.5559321959,0.5738633638
5925,1.0,0.0,0.0,0.0,1.0,1.0,0.2959514633,0.302861247,0.4644013297,0.6120216301,0.5555552782,0.5833337258
5926,1.0,0.0,0.0,0.0,1.0,1.0,0.2934742332,0.304251896,0.4681891438,0.616666465,0.557823031,0.5810054778
5927,1.0,0.0,0.0,0.0,1.0,1.0,0.2978793317,0.3032206172,0.4592834206,0.6338799546,0.5491525103,0.6033522971
5928,1.0,0.0,0.0,0.0,1.0,1.0,0.3019314427,0.3102293825,0.4668820363,0.6149729132,0.5536912641,0.6
5929,1.0,0.0,0.0,0.0,1.0,1.0,0.2977405464,0.30388439,0.4798711623,0.610810336,0.5675675379,0.6000004814
5930,1.0,0.0,0.0,0.0,1.0,1.0,0.302081917,0.3166037332,0.4807074873,0.6117024177,0.5616439174,0.5837839558
5931,1.0,0.0,0.0,0.0,1.0,1.0,0.2894385345,0.3025988556,0.4608001336,0.5966851846,0.5467127961,0.600000254
5932,1.0,0.0,0.0,0.0,1.0,1.0,0.2659805564,0.2855551008,0.4661289379,0.6121211078,0.5428572542,0.600000273
5933,1.0,0.0,0.0,0.0,1.0,1.0,0.226677393,0.2339964666,0.479381464,0.5681813974,0.5436506991,0.5423728521
5934,0.0,0.0,0.0,0.0,0.0,0.0,0.0,0.0,0.0,0.0,0.0,0.0
5935,0.0,0.0,0.0,0.0,0.0,0.0,0.0,0.0,0.0,0.0,0.0,0.0
5936,0.0,0.0,0.0,0.0,0.0,0.0,0.0,0.0,0.0,0.0,0.0,0.0
5937,0.0,0.0,0.0,0.0,0.0,0.0,0.0,0.0,0.0,0.0,0.0,0.0
5938,0.0,0.0,0.0,0.0,0.0,0.0,0.0,0.0,0.0,0.0,0.0,0.0
5939,0.0,0.0,0.0,0.0,0.0,0.0,0.0,0.0,0.0,0.0,0.0,0.0
5940,0.0,0.0,0.0,0.0,0.0,0.0,0.0,0.0,0.0,0.0,0.0,0.0
5941,0.0,0.0,0.0,0.0,0.0,0.0,0.0,0.0,0.0,0.0,0.0,0.0
5942,0.0,0.0,0.0,0.0,0.0,0.0,0.0,0.0,0.0,0.0,0.0,0.0
5943,0.0,0.0,0.0,0.0,0.0,0.0,0.0,0.0,0.0,0.0,0.0,0.0
5944,0.0,0.0,0.0,0.0,0.0,0.0,0.0,0.0,0.0,0.0,0.0,0.0
5945,0.0,0.0,0.0,0.0,0.0,0.0,0.0,0.0,0.0,0.0,0.0,0.0
5946,0.0,0.0,0.0,0.0,0.0,0.0,0.0,0.0,0.0,0.0,0.0,0.0
5947,0.0,0.0,0.0,0.0,0.0,0.0,0.0,0.0,0.0,0.0,0.0,0.0
5948,0.0,0.0,0.0,0.0,0.0,0.0,0.0,0.0,0.0,0.0,0.0,0.0
5949,0.0,0.0,0.0,0.0,0.0,0.0,0.0,0.0,0.0,0.0,0.0,0.0
5950,0.0,0.0,0.0,0.0,0.0,0.0,0.0,0.0,0.0,0.0,0.0,0.0
5951,1.0,0.0,0.0,0.0,1.0,1.0,0.2645140093,0.3206873024,0.4827067568,0.5170447424,0.4921258165,0.533742436
5952,1.0,0.0,0.0,0.0,1.0,1.0,0.2529077201,0.3185472403,0.4192073873,0.5722889367,0.4741035199,0.5375005367
5953,1.0,0.7853981853,0.0,0.0,1.0,1.0,0.2837729487,0.3822565895,0.4524180935,0.6153846154,0.4900398235,0.5729167094
5954,1.0,0.7853981853,0.0,0.0,1.0,1.0,0.2813360232,0.3611265018,0.4618973433,0.5966847647,0.5117185235,0.5405401957
5955,1.0,0.7853981853,0.0,0.0,1.0,1.0,0.2772840885,0.3405504741,0.4771341307,0.5989009684,0.5370369312,0.5760870295
5956,1.0,0.7853981853,0.0,0.0,1.0,1.0,0.2868913636,0.3518636642,0.485179443,0.6086958525,0.5355806313,0.5691485224
5957,1.0,0.0,0.0,0.0,1.0,1.0,0.2909175321,0.3569438367,0.4804381519,0.5913977078,0.5451127228,0.5473686473
5958,1.0,0.0,0.0,0.0,1.0,1.0,0.2333638812,0.2461032133,0.4975845769,0.5862069442,0.5300751781,0.5801522397
5959,1.0,0.0,0.0,0.0,1.0,1.0,0.1282236016,0.06851010244,0.5289983523,0.4657534998,0.5362904723,0.7647017238
5960,1.0,0.0,0.0,0.0,1.0,1.0,0.2282057279,0.2235593798,0.4850001247,0.5985399623,0.5300751149,0.5882345485
5961,1.0,0.0,0.0,0.0,1.0,1.0,0.2894385188,0.3181679088,0.4832001127,0.6132590165,0.5503597051,0.5762706803
5962,1.0,0.0,0.0,0.0,1.0,1.0,0.3218269548,0.3473237233,0.47249199,0.5929647141,0.5390072209,0.5510203855
5963,1.0,0.0,0.0,0.0,1.0,1.0,0.3336821608,0.3492858494,0.4767254829,0.5769227061,0.5432526672,0.5544546919
5964,1.0,0.0,0.0,0.0,1.0,1.0,0.3110429012,0.3246490614,0.4676144536,0.6091371316,0.5442175354,0.5706805849
5965,1.0,0.0,0.0,0.0,1.0,1.0,0.3283652097,0.3376491375,0.483253652,0.5970881787,0.5574325767,0.5649993842
5966,1.0,0.0,0.0,0.0,1.0,1.0,0.3045300684,0.2991523551,0.4813615068,0.595744929,0.5680272045,0.5795452563
5967,1.0,0.0,0.0,0.0,1.0,1.0,0.2111258401,0.1518584896,0.4923338438,0.5483878632,0.5547703443,0.6511627907
5968,1.0,0.0,0.0,0.0,1.0,1.0,0.1530832553,0.0817727126,0.4806338643,0.5287349458,0.519999849,0.6222234537
5969,1.0,0.0,0.0,0.0,1.0,1.0,0.2337677229,0.1788474553,0.4847457842,0.5724638336,0.557894875,0.6372544023
5970,1.0,0.0,0.0,0.0,1.0,1.0,0.2839137547,0.2549252895,0.4827586797,0.5838147208,0.5641894371,0.5827808407
5971,1.0,0.0,0.0,0.0,1.0,1.0,0.304249094,0.2860354341,0.4795417904,0.5860214097,0.5690236178,0.5705883574
5972,1.0,0.0,0.0,0.0,1.0,1.0,0.3111167064,0.2948351843,0.4774193067,0.590673505,0.5666665579,0.5762712281
5973,1.0,0.0,0.0,0.0,1.0,1.0,0.3250609479,0.3014982535,0.4724919769,0.5970152826,0.5666666545,0.5745857155
5974,1.0,0.0,0.0,0.0,1.0,1.0,0.3294338287,0.3096632407,0.4745222512,0.5942029292,0.5737706563,0.566137762
5975,1.0,0.0,0.0,0.0,1.0,1.0,0.3363353963,0.3125290645,0.4768740188,0.5829382506,0.5732896161,0.557291131
5976,1.0,0.0,0.0,0.0,1.0,1.0,0.3395849476,0.3080248355,0.4766505363,0.5829385472,0.5737705493,0.5585104627
5977,1.0,0.0,0.0,0.0,1.0,1.0,0.3401326345,0.3145787838,0.4774193816,0.5876771727,0.570491792,0.567708014
5978,1.0,0.0,0.0,0.0,1.0,1.0,0.3411173135,0.3145784347,0.4752791686,0.584112136,0.567213218,0.5625
5979,1.0,0.0,0.0,0.0,1.0,1.0,0.3443590504,0.3139694109,0.4823718178,0.5860469232,0.575657897,0.5602086701
5980,1.0,0.0,0.0,0.0,1.0,1.0,0.3475622689,0.3180042939,0.4807691907,0.5944705275,0.5714287642,0.561223916
5981,1.0,0.0,0.0,0.0,1.0,1.0,0.3383934417,0.3143406457,0.4740158278,0.5860462189,0.5677417095,0.5743595135
5982,1.0,0.0,0.0,0.0,1.0,1.0,0.3336769439,0.3043901631,0.4753576939,0.5999993971,0.5700325408,0.5721925013
5983,1.0,0.0,0.0,0.0,1.0,1.0,0.3336771287,0.303752101,0.4737679352,0.5952378322,0.568627559,0.5752682198
5984,1.0,0.0,0.0,0.0,1.0,1.0,0.3331472486,0.3047479307,0.4768739417,0.5980863675,0.570492015,0.5752691123
5985,1.0,0.0,0.0,0.0,1.0,1.0,0.33420829,0.3113014905,0.4729299821,0.6047619048,0.5639343678,0.5789473684
5986,1.0,0.0,0.0,0.0,1.0,1.0,0.3320931092,0.3096631245,0.4746835279,0.600000403,0.573770202,0.5661374891
5987,1.0,0.0,0.0,0.0,1.0,1.0,0.3342032261,0.3086510622,0.4754358112,0.60189602,0.5686274372,0.5608469165
5988,1.0,0.0,0.0,0.0,1.0,1.0,0.3368198621,0.3147593138,0.4755905524,0.6028036048,0.5649350227,0.5670102085
5989,1.0,0.0,0.0,0.0,1.0,1.0,0.3331473151,0.3076459139,0.4770932182,0.597155742,0.5700326803,0.5767189032
5990,1.0,0.0,0.0,0.0,1.0,1.0,0.3419966169,0.3218267813,0.4765624834,0.5981733416,0.5760517668,0.5628142973
5991,1.0,0.0,0.0,0.0,1.0,1.0,0.3394038204,0.3163819148,0.4741784792,0.6036867706,0.5649351041,0.5794879957
5992,1.0,0.0,0.0,0.0,1.0,1.0,0.3331473198,0.3141569615,0.472613535,0.6103286661,0.5635178001,0.5906730424
5993,1.0,0.0,0.0,0.0,1.0,1.0,0.3246593843,0.3054772157,0.4761146489,0.6078436111,0.5647838782,0.5815215809
5994,1.0,0.0,0.0,0.0,1.0,1.0,0.3252902756,0.3086511563,0.4779874892,0.6038641831,0.5718954703,0.5873011405
5995,1.0,0.0,0.0,0.0,1.0,1.0,0.3195708926,0.3043904073,0.4764890395,0.6029416074,0.570032502,0.5882350926
5996,1.0,0.0,0.0,0.0,1.0,1.0,0.3269205499,0.3121235124,0.4766356039,0.5952381935,0.5760520623,0.5906734471
5997,1.0,0.0,0.0,0.0,1.0,1.0,0.3017183432,0.2776227579,0.4779874304,0.604165739,0.5686272936,0.5999997485
5998,1.0,0.0,0.0,0.0,1.0,1.0,0.2655521218,0.2158262722,0.4959741263,0.5757577311,0.5747510907,0.6384625896
5999,1.0,0.0,0.0,0.0,1.0,1.0,0.1881304102,0.1422815348,0.4806722982,0.5535709577,0.5208332571,0.573171516
6000,1.0,0.0,0.0,0.0,1.0,1.0,0.2264745465,0.1682561144,0.4975368939,0.5797091271,0.5656567984,0.6199990308
6001,1.0,0.0,0.0,0.0,1.0,1.0,0.2759294244,0.2333135497,0.4831460443,0.5988374186,0.5662250673,0.6170206323
6002,1.0,0.0,0.0,0.0,1.0,1.0,0.3031482285,0.2752562326,0.4739336575,0.5885413084,0.5672129764,0.5952386879
6003,1.0,0.0,0.0,0.0,1.0,1.0,0.3174329241,0.3024628997,0.471698155,0.6039602154,0.5657895159,0.5869566498
6004,1.0,0.0,0.0,0.0,1.0,1.0,0.3200107543,0.3028110357,0.4731860484,0.5960595679,0.5662251142,0.5792350963
6005,1.0,0.0,0.0,0.0,1.0,1.0,0.3178606501,0.3054771514,0.4651898329,0.6019902824,0.5614617301,0.5706521675
6006,1.0,0.0,0.0,0.0,1.0,1.0,0.3233490206,0.3098918161,0.4705882703,0.6076558898,0.5649349677,0.586387796
6007,1.0,0.0,0.0,0.0,1.0,1.0,0.3117379682,0.298513362,0.4529780952,0.6030152197,0.5445543549,0.5911602143
6008,1.0,0.0,0.0,0.0,1.0,1.0,0.3113526852,0.3073942579,0.3971963406,0.6150000651,0.4967104207,0.5721930471
6009,1.0,0.0,0.0,0.0,1.0,1.0,0.3185723165,0.3137781903,0.3953125411,0.607843304,0.4883721181,0.5608469008
6010,1.0,0.0,0.0,0.0,1.0,1.0,0.3185719491,0.3137784195,0.4046875062,0.6176470901,0.5016609452,0.5714288996
6011,1.0,0.0,0.0,0.0,1.0,1.0,0.3160230243,0.3166548443,0.406542159,0.6206896914,0.5016504382,0.5625002086
6012,1.0,0.0,0.0,0.0,1.0,1.0,0.3160230217,0.3193579615,0.4080997018,0.6206898714,0.5066227025,0.5647674829
6013,1.0,0.0,0.0,0.0,1.0,1.0,0.3104446405,0.3058495221,0.4437401247,0.6173470895,0.5351171012,0.5846987169
6014,1.0,0.0,0.0,0.0,1.0,1.0,0.3044552934,0.2991638194,0.4720892315,0.6125660481,0.5585283136,0.5865924884
6015,1.0,0.0,0.0,0.0,1.0,1.0,0.3077646291,0.3011563653,0.4714286183,0.6030925127,0.5695363401,0.5824179542
6016,1.0,0.0,0.0,0.0,1.0,1.0,0.3072766011,0.2985132138,0.4722662235,0.608247285,0.5643565908,0.5911603792
6017,1.0,0.0,0.0,0.0,1.0,1.0,0.3064325662,0.2981937272,0.4764151364,0.5999993406,0.5737705954,0.5824173236
6018,1.0,0.0,0.0,0.0,1.0,1.0,0.3122274184,0.309662907,0.4788068657,0.6080402064,0.5770493022,0.5820108757
6019,1.0,0.0,0.0,0.0,1.0,1.0,0.3015694585,0.3021565173,0.4739337149,0.6020938718,0.5681061661,0.5714284037
6020,1.0,0.0,0.0,0.0,1.0,1.0,0.2993575676,0.2952143867,0.4706814749,0.5978837295,0.5643565403,0.5754185809
6021,1.0,0.0,0.0,0.0,1.0,1.0,0.3080041124,0.3024626924,0.4732705113,0.5918368671,0.5690790024,0.5760868814
6022,1.0,0.0,0.0,0.0,1.0,1.0,0.311042607,0.309037805,0.4802527997,0.5939084868,0.5789474605,0.5691490446
6023,1.0,0.0,0.0,0.0,1.0,1.0,0.3042464466,0.3008187126,0.4779178817,0.6010362977,0.5723684165,0.5792348595
6024,1.0,0.0,0.0,0.0,1.0,1.0,0.3063059456,0.2975312325,0.4849921011,0.592784051,0.5789473684,0.5745860469
6025,1.0,0.0,0.0,0.0,1.0,1.0,0.3080041772,0.3096632129,0.4764150986,0.6071431261,0.570491818,0.5767197774
6026,1.0,0.0,0.0,0.0,1.0,1.0,0.2998324744,0.2965556216,0.4765624379,0.5937502093,0.5737703766,0.574584909
6027,1.0,0.0,0.0,0.0,1.0,1.0,0.2952538539,0.2915036065,0.4723539335,0.5989299279,0.5700000072,0.588571892
6028,1.0,0.0,0.0,0.0,1.0,1.0,0.2466362716,0.2166026145,0.4838709677,0.5686280484,0.5699661219,0.6141735305
6029,1.0,0.0,0.0,0.0,1.0,1.0,0.1572550982,0.1098288088,0.4772726406,0.4000009238,0.5018313109,0.4000013858
6030,1.0,0.0,0.0,0.0,1.0,1.0,0.1604042516,0.1300387371,0.4867724756,0.28571396,0.5130110808,0.2428573122
6031,1.0,0.0,0.0,0.0,1.0,1.0,0.1568789489,0.1314082934,0.485008754,0.314606271,0.5111112474,0.2816910446
6032,1.0,0.0,0.0,0.0,1.0,1.0,0.1454666929,0.1126644471,0.4589041521,0.5294124817,0.5018179641,0.4838722615
6033,1.0,0.0,0.0,0.0,1.0,1.0,0.2202719184,0.1884760337,0.4835525838,0.5820885623,0.5640139041,0.6330282175
6034,1.0,0.0,0.0,0.0,1.0,1.0,0.2661992445,0.2608714001,0.4752791333,0.6167662496,0.5627120647,0.6038954919
6035,1.0,0.0,0.0,0.0,1.0,1.0,0.2862328729,0.2934603501,0.4636076297,0.6187841545,0.5570470309,0.59428594
6036,1.0,0.0,0.0,0.0,1.0,1.0,0.2922897429,0.3054771828,0.4654087981,0.6236559637,0.5614618533,0.5923908787
6037,1.0,0.0,0.0,0.0,1.0,1.0,0.3006194856,0.3071372745,0.4708660603,0.6178016888,0.5647841488,0.6000002343
6038,1.0,0.0,0.0,0.0,1.0,1.0,0.309686029,0.3156133405,0.4726135131,0.6161622389,0.5657892851,0.5937495388
6039,1.0,0.0,0.0,0.0,1.0,1.0,0.3054723382,0.3150054808,0.4670846103,0.6153849569,0.5610560173,0.5916234757
6040,1.0,0.0,0.0,0.0,1.0,1.0,0.3059517063,0.3123255821,0.4709576325,0.6051282784,0.562499912,0.5842105204
6041,1.0,0.0,0.0,0.0,1.0,1.0,0.3073995758,0.3160488063,0.4716088932,0.6205125399,0.5662251679,0.586387721
6042,1.0,0.0,0.0,0.0,1.0,1.0,0.2955424928,0.2955162401,0.4674085613,0.6129027803,0.5647838619,0.5955054558
6043,1.0,0.0,0.0,0.0,1.0,1.0,0.2905170339,0.2879186625,0.462875155,0.6086957037,0.5529802915,0.5919532877
6044,1.0,0.0,0.0,0.0,1.0,1.0,0.2715525287,0.2532371781,0.4421222137,0.5739637492,0.5135134753,0.5733325702
6045,1.0,0.0,0.0,0.0,1.0,1.0,0.2724285682,0.2549252058,0.4403225495,0.5739642863,0.5135136214,0.5761594967
6046,1.0,0.0,0.0,0.0,1.0,1.0,0.2754873287,0.2581890663,0.4423076774,0.5755808485,0.5133334866,0.5677414237
6047,1.0,0.0,0.0,0.0,1.0,1.0,0.2722837888,0.2548575482,0.4455127736,0.5705880947,0.5133334615,0.5620921335
6048,1.0,0.0,0.0,0.0,1.0,1.0,0.2683391558,0.2448631247,0.4485531038,0.5748502308,0.5233333298,0.5714281581
6049,1.0,0.0,0.0,0.0,1.0,1.0,0.275652296,0.2431973685,0.4548387569,0.5730999048,0.5166665006,0.5684934414
6050,1.0,0.0,0.0,0.0,1.0,1.0,0.2675923667,0.2440111159,0.4483870923,0.5783130959,0.5183947142,0.5821912527
6051,1.0,0.0,0.0,0.0,1.0,1.0,0.2559351556,0.2282060852,0.453808712,0.5632906082,0.5166665005,0.5766424041
6052,1.0,0.0,0.0,0.0,1.0,1.0,0.2543148904,0.2265403045,0.4489466062,0.5796183603,0.5166668226,0.5955876395
6053,1.0,0.0,0.0,0.0,1.0,1.0,0.2539297454,0.216322068,0.4576547858,0.5705124033,0.5234898624,0.5891477022
6054,1.0,0.0,0.0,0.0,1.0,1.0,0.2539565301,0.2194718558,0.4491803112,0.5741942447,0.5168919616,0.5923070705
