frame_index,face_detected,yaw,pitch,roll,left_eye_valid,right_eye_valid,left_eye_aspect_ratio,right_eye_aspect_ratio,left_pupil_rel_x,left_pupil_rel_y,right_pupil_rel_x,right_pupil_rel_y
0,1.0,-0.7853981853,0.0,0.0,1.0,1.0,0.511425744,0.2865867719,0.3801803249,0.5985912941,0.4891569383,0.7310934192
1,1.0,-0.7853981853,0.0,0.0,1.0,1.0,0.5546640899,0.270245575,0.3542757316,0.5723260031,0.4825172856,0.6982761808
2,1.0,-0.7853981853,0.0,0.0,1.0,1.0,0.5334752959,0.3123256642,0.3278417239,0.5864200419,0.4553572396,0.7142851193
3,1.0,-0.7853981853,0.0,0.0,1.0,1.0,0.5389146458,0.3251461766,0.3006535402,0.6121205445,0.4388644759,0.704697799
4,1.0,-0.7853981853,0.0,0.0,1.0,1.0,0.5724958637,0.3218541834,0.3300969523,0.5875710487,0.4703387583,0.7039464662
5,1.0,-0.7853981853,0.0,0.0,1.0,1.0,0.5578276846,0.3393551336,0.3612404271,0.6222224786,0.507246592,0.737804864
6,1.0,-0.7853981853,0.0,0.0,1.0,1.0,0.5612479941,0.3412729796,0.315315357,0.6363637246,0.4715447544,0.7321422974
7,1.0,-0.7853981853,0.0,0.0,1.0,1.0,0.6189278389,0.3449217482,0.3586097353,0.6224487118,0.5176713928,0.7349396432
8,1.0,-0.7853981853,0.0,0.0,1.0,1.0,0.7170601392,0.329815819,0.3873016206,0.5973453147,0.5440001858,0.7818179061
9,1.0,-0.7853981853,0.0,0.0,1.0,1.0,0.7823156629,0.3152881101,0.3731344177,0.5762709459,0.538144404,0.7647057468
10,1.0,-0.7853981853,0.0,0.0,1.0,1.0,0.7606952862,0.3036280179,0.3607907966,0.5541122169,0.5126582198,0.7291672173
11,1.0,-0.7853981853,0.0,0.0,1.0,1.0,0.7430914541,0.2831749624,0.370129902,0.5589519875,0.5208334607,0.750000617
12,1.0,-0.7853981853,0.0,0.0,1.0,1.0,0.6820837933,0.2751500626,0.372827802,0.5833336,0.518218482,0.7647061066
13,1.0,-0.7853981853,0.0,0.0,1.0,1.0,0.6148122066,0.2799990943,0.3699851107,0.6135265491,0.5272374178,0.7638887334
14,1.0,-0.7853981853,0.0,0.0,1.0,1.0,0.5715200905,0.2805451519,0.3721263578,0.6231156372,0.5243663949,0.7500003136
15,1.0,-0.7853981853,0.0,0.0,1.0,1.0,0.5757213371,0.2312142164,0.370121177,0.5887849253,0.5186566984,0.782258402
16,1.0,-0.7853981853,0.0,0.0,1.0,1.0,0.5488188,0.2173505825,0.3876177976,0.5784317116,0.5167286527,0.73504283
17,1.0,-0.7853981853,0.0,0.0,1.0,1.0,0.5513224774,0.2321159429,0.3858696445,0.5024633172,0.5086370729,0.5619838088
18,1.0,-0.7853981853,0.0,0.0,1.0,1.0,0.5578929874,0.2455444991,0.4305751944,0.4974873559,0.5431859866,0.5546884595
19,1.0,-0.7853981853,0.0,0.0,1.0,1.0,0.5936983803,0.2711038623,0.4268655463,0.4824125896,0.5303640959,0.5223878868
20,1.0,-0.7853981853,0.0,0.5235987902,1.0,1.0,0.6041739526,0.319577156,0.4436091675,0.45771127,0.5437884275,0.4968152024
21,1.0,-0.7853981853,0.0,0.5235987902,1.0,1.0,0.5967255196,0.3663942905,0.4323529794,0.4876843719,0.5458248509,0.533333188
22,1.0,-0.7853981853,0.0,0.5235987902,1.0,1.0,0.6195015438,0.3723832824,0.4167938877,0.4876851126,0.5374730832,0.5229885638
23,1.0,-0.7853981853,0.0,0.5235987902,1.0,1.0,0.5865945831,0.3857890751,0.4577352558,0.4456523745,0.5440178473,0.4795326154
24,1.0,-0.7853981853,0.0,0.5235987902,1.0,1.0,0.5745289772,0.4054136707,0.4161676676,0.4687496621,0.5271148903,0.5133689894
25,1.0,-0.7853981853,0.0,0.5235987902,1.0,1.0,0.5680395055,0.4149465606,0.4178188226,0.4702705846,0.5245534855,0.4838709356
26,1.0,-0.7853981853,0.0,0.5235987902,1.0,1.0,0.5437453786,0.4197655384,0.4095826896,0.511363457,0.519999819,0.5343913374
27,1.0,-0.7853981853,0.0,0.5235987902,1.0,1.0,0.5416946913,0.4441962017,0.399366087,0.555554942,0.523809585,0.5867348217
28,1.0,-0.7853981853,0.0,0.5235987902,1.0,1.0,0.4911721975,0.428654531,0.3654743223,0.5316451851,0.483069994,0.5421052578
29,1.0,-0.7853981853,0.0,0.5235987902,1.0,1.0,0.482380323,0.3948136566,0.3722396808,0.4967321348,0.4853273905,0.5142857439
30,1.0,-0.7853981853,0.0,0.5235987902,1.0,1.0,0.4551305518,0.3797881569,0.3707691711,0.4797294429,0.4711110632,0.4853796351
31,1.0,-0.7853981853,0.0,0.0,1.0,1.0,0.4016023314,0.3690249681,0.3561643797,0.5075755771,0.4681319101,0.5
32,1.0,-0.7853981853,0.0,0.0,1.0,1.0,0.3749796131,0.3528729776,0.3403934326,0.4999992336,0.4561403655,0.5031055094
33,1.0,-0.7853981853,0.0,0.0,1.0,1.0,0.3631560995,0.3185995168,0.340457812,0.5042012199,0.4541482558,0.4794517574
34,1.0,-0.7853981853,0.0,0.0,1.0,1.0,0.3311034852,0.3075206512,0.3450921177,0.490740519,0.4637361513,0.4714292125
35,1.0,-0.7853981853,0.0,0.0,1.0,1.0,0.3128142216,0.2704118455,0.3505477938,0.5299996057,0.4805194704,0.4800005162
36,1.0,-0.7853981853,0.0,0.0,1.0,1.0,0.307276889,0.2438723954,0.3518224869,0.4948459298,0.4771240306,0.4553564742
37,1.0,-0.7853981853,0.0,0.0,1.0,1.0,0.2761404537,0.2257511754,0.3359498488,0.5454541635,0.458333308,0.4466018198
38,1.0,-0.7853981853,0.0,0.0,1.0,1.0,0.2765373718,0.2197046813,0.3142857839,0.5760858071,0.4396554033,0.4999991168
39,1.0,-0.7853981853,0.0,0.0,1.0,1.0,0.2598257691,0.2053937899,0.3101920956,0.6477275389,0.434321917,0.4948442653
40,1.0,-0.7853981853,0.0,0.0,1.0,1.0,0.2679225095,0.2003144591,0.3132530432,0.629212232,0.4413646298,0.4999989863
41,1.0,-0.7853981853,0.0,0.0,1.0,1.0,0.2217654403,0.1930982437,0.3283358691,0.608108639,0.4522295404,0.4285720371
42,1.0,-0.7853981853,0.0,0.0,1.0,1.0,0.2502421509,0.2024729748,0.3083968915,0.6097566853,0.4331896685,0.436171026
43,1.0,-0.7853981853,0.0,0.0,1.0,1.0,0.2356896986,0.182101445,0.3328357215,0.6075943021,0.4597456242,0.4418591994
44,1.0,-0.7853981853,0.0,0.0,1.0,1.0,0.2487369696,0.1819068446,0.3598201322,0.6265056637,0.470711439,0.4827596751
45,1.0,-0.7853981853,0.0,0.0,1.0,1.0,0.2309824629,0.1919593976,0.3614815647,0.6410265986,0.4780793462,0.4673914549
46,1.0,-0.7853981853,0.0,0.0,1.0,1.0,0.2527659168,0.2055304754,0.3444766741,0.6091941048,0.4677420719,0.431371279
47,1.0,-0.7853981853,0.0,0.0,1.0,1.0,0.208579271,0.1885360753,0.3565217343,0.625,0.4787017046,0.3655913538
48,1.0,-0.7853981853,0.0,0.0,1.0,1.0,0.236861705,0.1962830989,0.3916184534,0.6097548308,0.503006074,0.4183680306
49,1.0,-0.7853981853,0.0,0.0,1.0,1.0,0.2192871238,0.201847888,0.3938115161,0.5769217416,0.5039214993,0.3203883495
50,1.0,-0.7853981853,0.0,0.0,1.0,1.0,0.229133103,0.2065650114,0.3529412758,0.5394731347,0.4801670179,0.282827959
51,1.0,-0.7853981853,0.0,0.0,1.0,1.0,0.2193894194,0.209966446,0.3506097838,0.5555539056,0.4642856608,0.3000005346
52,1.0,-0.7853981853,0.0,0.0,1.0,1.0,0.2561070898,0.2364270772,0.3406249421,0.560975871,0.4580646964,0.3454546035
53,1.0,-0.7853981853,0.0,0.0,1.0,1.0,0.2521954407,0.209185547,0.370716546,0.5925922771,0.4926006278,0.3232330624
54,1.0,-0.7853981853,0.0,0.0,1.0,1.0,0.2467373319,0.212961425,0.3781250061,0.5316458578,0.5042193709,0.3267320209
55,1.0,-0.7853981853,0.0,0.0,1.0,1.0,0.2565076748,0.2228056039,0.3646322835,0.6097561501,0.4989385944,0.3714281869
56,1.0,-0.7853981853,0.0,0.0,1.0,1.0,0.2552421866,0.2324282491,0.3692309621,0.6024091125,0.4947145728,0.381817523
57,1.0,-0.7853981853,0.0,0.0,1.0,1.0,0.2525552992,0.222098276,0.377503859,0.6219498691,0.5061728718,0.3611110644
58,1.0,-0.7853981853,0.0,0.0,1.0,1.0,0.2612521542,0.2266774553,0.3586626372,0.5813967998,0.4865977105,0.3454538588
59,1.0,-0.7853981853,0.0,0.0,1.0,1.0,0.2663137663,0.2336901755,0.3598773862,0.5862071739,0.4843424882,0.3571437496
60,1.0,-0.7853981853,0.0,0.0,1.0,1.0,0.2644678271,0.2335538351,0.3630769791,0.5232572012,0.4884211451,0.2972967374
61,1.0,-0.7853981853,0.0,0.0,1.0,1.0,0.275186652,0.2295168425,0.361573324,0.5824180838,0.4822545511,0.3727277303
62,1.0,-0.7853981853,0.0,0.0,1.0,1.0,0.2517792212,0.2152006974,0.3548387054,0.5609758695,0.4865425927,0.317306239
63,1.0,-0.7853981853,0.0,0.0,1.0,1.0,0.2607243918,0.2150195791,0.3652173577,0.5777785962,0.4960160819,0.3425935082
64,1.0,-0.7853981853,0.0,0.0,1.0,1.0,0.2672926917,0.1897178184,0.4113371098,0.4565221846,0.5264187622,0.2783503752
65,1.0,-0.7853981853,0.0,0.0,1.0,1.0,0.2598547878,0.1895493997,0.482857155,0.4835161926,0.5823754796,0.3030297926
66,1.0,-0.7853981853,0.0,0.0,1.0,1.0,0.2505267452,0.2134915633,0.5013334619,0.4574461439,0.5992439267,0.3893802936
67,1.0,-0.7853981853,0.0,0.5235987902,1.0,1.0,0.2383097273,0.2300739863,0.5304136815,0.5714291607,0.6279926828,0.5679995731
68,1.0,-0.7853981853,0.0,0.5235987902,1.0,1.0,0.2523287619,0.2603282591,0.5082328563,0.6434783567,0.6320583165,0.7832159777
69,1.0,0.0,0.0,0.0,1.0,1.0,0.2898814799,0.2866047043,0.5670995867,0.6194036617,0.6654410675,0.7628200824
70,1.0,0.0,0.0,0.0,1.0,1.0,0.3027398199,0.3118822931,0.5446338527,0.6423841341,0.6489361259,0.7443185132
71,1.0,0.0,0.0,0.0,1.0,1.0,0.2785967345,0.280762091,0.5126705565,0.6153846154,0.6431096133,0.7295601088
72,1.0,0.0,0.0,0.0,1.0,1.0,0.2779903245,0.2595042215,0.4683066059,0.6122446554,0.6070175358,0.6891889499
73,1.0,0.0,0.0,0.0,1.0,1.0,0.2633038028,0.2255683295,0.4601113108,0.5985915165,0.6006944551,0.630768944
74,1.0,0.0,0.0,0.0,1.0,1.0,0.2652722203,0.2244360995,0.4542055125,0.6056339323,0.5964912013,0.6171875398
75,1.0,0.0,0.0,0.0,1.0,1.0,0.2538564569,0.2077693042,0.4581372869,0.6074065931,0.5913975922,0.6120694697
76,1.0,0.0,0.0,0.0,1.0,1.0,0.2187459276,0.161200239,0.4396226427,0.5948273939,0.5806451115,0.6111105787
77,1.0,0.0,0.0,0.0,1.0,1.0,0.1987634583,0.147932049,0.4521574652,0.5849055464,0.5812273187,0.6341469762
78,1.0,0.0,0.0,0.0,1.0,1.0,0.176810071,0.1150433158,0.4283053437,0.6105251744,0.5647481015,0.6874993713
79,1.0,0.0,0.0,0.0,1.0,1.0,0.1843454928,0.1367658378,0.4430379846,0.5882361714,0.5859648989,0.6282043067
80,1.0,0.0,0.0,0.0,1.0,1.0,0.1714373194,0.1374232742,0.4434306932,0.5957454028,0.5714286799,0.6103889648
81,1.0,0.0,0.0,0.0,1.0,1.0,0.1684040525,0.157520542,0.4267398905,0.6413039795,0.5688404447,0.6436782708
82,1.0,0.0,0.0,0.0,1.0,1.0,0.1723806913,0.162317791,0.4330273712,0.6382970967,0.5802918938,0.6629212402
83,1.0,0.0,0.0,0.0,1.0,1.0,0.169245769,0.1635775959,0.4135472573,0.6526323506,0.5503597347,0.6593403557
84,1.0,0.0,0.0,0.0,1.0,1.0,0.2248232365,0.128559159,0.4805725365,0.5909079727,0.5892117779,0.8064494005
85,1.0,0.0,0.0,0.0,1.0,1.0,0.1772597802,0.1721886474,0.4415094148,0.6382981536,0.5767788767,0.652174794
86,1.0,0.0,0.0,0.0,1.0,1.0,0.1793392137,0.1513751026,0.4299066322,0.6458315121,0.569343037,0.6506035654
87,1.0,0.0,0.0,0.0,1.0,1.0,0.1747147069,0.1404325193,0.4248120569,0.6129028492,0.5656933584,0.6233762571
88,1.0,0.0,0.0,0.0,1.0,1.0,0.1845982092,0.1544593963,0.4235074023,0.6262627991,0.5600000462,0.6352923888
89,1.0,0.0,0.0,0.0,1.0,1.0,0.1762619773,0.1495515305,0.4333959204,0.638297212,0.5656933169,0.6707307467
90,1.0,0.0,0.0,0.0,1.0,1.0,0.1765928931,0.1506512579,0.4323308206,0.6170213738,0.5625001233,0.6463433479
91,1.0,0.0,0.0,0.0,1.0,1.0,0.1904597721,0.1604270461,0.4132076432,0.6039605113,0.542435575,0.6206898105
92,0.0,0.0,0.0,0.0,0.0,0.0,0.0,0.0,0.0,0.0,0.0,0.0
93,1.0,0.0,0.0,0.0,1.0,1.0,0.1828924961,0.1486625136,0.4417745205,0.6868677673,0.569892423,0.6987946775
94,1.0,0.0,0.0,0.0,1.0,1.0,0.1486155697,0.1132460569,0.4646840735,0.67500059,0.582733852,0.7142840018
95,1.0,0.0,0.0,0.0,1.0,1.0,0.1615640289,0.1162987447,0.4605262533,0.6162799469,0.5781817501,0.6406243012
96,1.0,0.0,0.0,0.0,1.0,1.0,0.1675041722,0.1154592354,0.4841713418,0.6,0.5956679406,0.6406247113
97,1.0,0.0,0.0,0.0,1.0,1.0,0.1753739119,0.108634767,0.4679245418,0.6559149052,0.5942027356,0.7166658318
98,1.0,0.0,0.0,0.0,1.0,1.0,0.1742147166,0.1073344104,0.4495412748,0.6526309647,0.5774648598,0.6885224324
99,1.0,0.0,0.0,0.0,1.0,1.0,0.1872794899,0.1209289584,0.4415584717,0.6732673812,0.5729536991,0.7058826737
100,1.0,0.0,0.0,0.0,1.0,1.0,0.1889402545,0.1219657635,0.4381625196,0.6635512144,0.57966098,0.7083333333
101,1.0,0.0,0.0,0.0,1.0,1.0,0.1863072732,0.1199331544,0.4477351729,0.6542050644,0.5799998599,0.7083347091
102,1.0,0.0,0.0,0.0,1.0,1.0,0.175649007,0.1325791133,0.4147627287,0.6700002554,0.5544218309,0.7051288348
103,1.0,0.0,0.0,0.0,1.0,1.0,0.1665737344,0.1315054248,0.4347826452,0.6739118588,0.5649123732,0.6666650161
104,1.0,0.0,0.0,0.0,1.0,1.0,0.1742798878,0.1437555658,0.4466192612,0.6632645321,0.582191712,0.690476135
105,1.0,0.0,0.0,0.0,1.0,1.0,0.1760581088,0.1449702722,0.4466191412,0.6666673202,0.5870305924,0.6705887994
106,1.0,0.0,0.0,0.0,1.0,1.0,0.1795730854,0.152164128,0.4646097755,0.6666680724,0.5916955642,0.670454195
107,1.0,0.0,0.0,0.0,1.0,1.0,0.1755291852,0.1538932026,0.4480286269,0.6326531918,0.5916955855,0.6629224568
108,1.0,0.0,0.0,0.0,1.0,1.0,0.1723177303,0.1559411583,0.4410162772,0.6526318952,0.5815604989,0.6477265093
109,1.0,0.0,0.0,0.0,1.0,1.0,0.1770032561,0.1607492483,0.4525938388,0.6464631653,0.5979021435,0.6630429486
110,1.0,0.0,0.0,0.0,1.0,1.0,0.1733353257,0.1605602994,0.4501845648,0.6382985095,0.5848374647,0.6404496842
111,1.0,0.0,0.0,0.0,1.0,1.0,0.1258557383,0.1446077308,0.4407407939,0.6176487252,0.567765529,0.632909952
112,1.0,0.0,0.0,0.0,1.0,1.0,0.1168179428,0.156628884,0.4489796241,0.4126955687,0.544776072,0.4166656102
113,1.0,0.0,0.0,0.0,1.0,1.0,0.1065580228,0.1616744863,0.4797793701,0.4482734819,0.5772057571,0.4318175288
114,1.0,0.0,0.0,0.0,1.0,1.0,0.1194184143,0.1590873056,0.4411764988,0.5846157312,0.5655430961,0.6470576655
115,1.0,0.0,0.0,0.0,1.0,1.0,0.132894804,0.1795293754,0.4462659222,0.6301391754,0.5703703238,0.6804111764
116,1.0,0.0,0.0,0.0,1.0,1.0,0.1348167891,0.1805561748,0.4406474364,0.6666666667,0.5766421815,0.6666666667
117,1.0,0.0,0.0,0.0,1.0,1.0,0.1404621419,0.1853513242,0.4486487229,0.6410264178,0.5854543822,0.6568634058
118,1.0,0.0,0.0,0.0,1.0,1.0,0.1537601637,0.1955426335,0.4508050001,0.6627901688,0.583333147,0.6388888889
119,1.0,0.0,0.0,0.0,1.0,1.0,0.1391625788,0.197691564,0.4484629927,0.649350466,0.5824177704,0.6296299278
120,1.0,0.0,0.0,0.0,1.0,1.0,0.1481315764,0.2064065432,0.4517856571,0.6506013041,0.5869563136,0.6578953717
121,1.0,0.0,0.0,0.0,1.0,1.0,0.1629913567,0.2149534707,0.4211468952,0.6593414766,0.5588235408,0.6495721552
122,1.0,0.0,0.0,0.0,1.0,1.0,0.157618193,0.211278994,0.4283154901,0.6818162827,0.5735294527,0.6434780156
123,1.0,0.0,0.0,0.0,1.0,1.0,0.1665736822,0.2196575279,0.4301074584,0.6774183077,0.5714283459,0.658332345
124,1.0,0.0,0.0,0.0,1.0,1.0,0.1713328878,0.2216945509,0.4267856606,0.6354171261,0.570909193,0.6311480246
125,1.0,0.0,0.0,0.0,1.0,1.0,0.1884044649,0.228809663,0.4362656691,0.647619126,0.5714282888,0.6240009407
126,1.0,0.0,0.0,0.0,1.0,1.0,0.1892751387,0.2300870452,0.461946954,0.6355128007,0.5935249829,0.6171873822
127,1.0,0.0,0.0,0.0,1.0,1.0,0.1963815945,0.2366170912,0.4491227776,0.6517864414,0.5830385942,0.6194029367
128,1.0,0.0,0.0,0.0,1.0,1.0,0.181393344,0.2246947886,0.4501779191,0.6666666667,0.5827338045,0.6319991649
129,1.0,0.0,0.0,0.0,1.0,1.0,0.1991772114,0.227471635,0.4466191569,0.6428578337,0.5806453866,0.6141732955
130,1.0,0.0,0.0,0.0,1.0,1.0,0.2013009767,0.2303675637,0.4487631916,0.6578941389,0.5780142726,0.6153851263
131,1.0,0.0,0.0,0.0,1.0,1.0,0.2023737372,0.2303681401,0.4547069277,0.6491213468,0.5886523686,0.6307694919
132,1.0,0.0,0.0,0.0,1.0,1.0,0.1959688654,0.2276310643,0.4581104706,0.6636362174,0.5871885449,0.6406255132
133,1.0,0.0,0.0,0.0,1.0,1.0,0.2030951288,0.2337979554,0.479501026,0.6491227734,0.6071429687,0.6412209534
134,1.0,0.0,0.0,0.0,1.0,1.0,0.219389728,0.2437664076,0.4599302791,0.6428580286,0.5993031792,0.6500010363
135,1.0,0.0,0.0,0.0,1.0,1.0,0.2203629253,0.242025109,0.4583333888,0.6377962537,0.5993030495,0.6258993033
136,1.0,0.0,0.0,0.0,1.0,1.0,0.2013138986,0.2256804025,0.4688057198,0.6460181981,0.5985665339,0.6428560219
137,1.0,0.0,0.0,0.0,1.0,1.0,0.2120554323,0.238463196,0.4660870727,0.6147538306,0.6,0.632353013
138,1.0,0.0,0.0,0.0,1.0,1.0,0.209307061,0.2384633821,0.4712042103,0.624999537,0.6,0.6176469146
139,1.0,0.0,0.0,0.0,1.0,1.0,0.1939475503,0.2330852894,0.4632866287,0.6396408295,0.5901058569,0.6212130254
140,1.0,0.0,0.0,0.0,1.0,1.0,0.1876147216,0.2292625537,0.4614034559,0.6448602301,0.5842292723,0.6249993643
141,1.0,0.0,0.0,0.0,1.0,1.0,0.1886070481,0.2273100598,0.4479718085,0.644859927,0.5703972379,0.6111103446
142,1.0,0.0,0.0,0.0,1.0,1.0,0.1852112048,0.2256800887,0.4667833117,0.6509446922,0.591397929,0.6269844829
143,1.0,0.0,0.0,0.0,1.0,1.0,0.2355706115,0.2623534948,0.4402079517,0.6250003934,0.5750002101,0.6258500331
144,1.0,0.0,0.0,0.0,1.0,1.0,0.2520035287,0.2780139471,0.4579760543,0.6326527626,0.6021125774,0.6392413164
145,1.0,0.0,0.0,0.0,1.0,1.0,0.2580315262,0.2780135541,0.4561101977,0.613333758,0.602112894,0.6329114794
146,1.0,0.0,0.0,0.0,1.0,1.0,0.2489955845,0.274669219,0.4498269084,0.618055514,0.6063828812,0.6387093097
147,1.0,0.0,0.0,0.0,1.0,1.0,0.2494333086,0.2725748014,0.4564101971,0.6232876098,0.6083915684,0.6474356643
148,1.0,0.0,0.0,0.0,1.0,1.0,0.2597514315,0.2868116402,0.4578313152,0.5960270769,0.6056339472,0.6319023035
149,1.0,0.0,0.0,0.0,1.0,1.0,0.2592407711,0.2875588199,0.4436860159,0.6052625605,0.5964911286,0.634146117
150,1.0,0.0,0.0,0.0,1.0,1.0,0.2605749082,0.2860593813,0.4493997021,0.611842779,0.6042401965,0.6358017674
151,1.0,0.0,0.0,0.0,1.0,1.0,0.2584763106,0.2880950534,0.4534483105,0.6133342402,0.6085411052,0.6543208553
152,1.0,0.0,0.0,0.0,1.0,1.0,0.263741343,0.2901602597,0.4531250118,0.6184219931,0.5985663027,0.6419748119
153,1.0,0.0,0.0,0.0,1.0,1.0,0.2606489584,0.2926938632,0.4559585425,0.609271835,0.6071428159,0.640244271
154,1.0,0.0,0.0,0.0,1.0,1.0,0.2598898924,0.2847873077,0.4607330772,0.6107382648,0.6093191381,0.6415105379
155,1.0,0.0,0.0,0.0,1.0,1.0,0.2610998541,0.2855547778,0.4567474186,0.6092713115,0.6035714901,0.6499997258
156,1.0,0.0,0.0,0.0,1.0,1.0,0.2602713648,0.2855551281,0.4340276714,0.6133326673,0.5857143348,0.637499699
157,1.0,0.0,0.0,0.0,1.0,1.0,0.2584762315,0.2799856192,0.4413792716,0.6200001179,0.5992909843,0.6455690537
158,1.0,0.0,0.0,0.0,1.0,1.0,0.2659387716,0.2873397178,0.4278259911,0.6078425525,0.5749997576,0.6459626156
159,1.0,0.0,0.0,0.0,1.0,1.0,0.2554706854,0.2728972333,0.4438687039,0.6216220146,0.5957446484,0.6363636364
160,1.0,0.0,0.0,0.0,1.0,1.0,0.2481492289,0.267332983,0.4297944711,0.6344832537,0.5874126166,0.6274508692
161,1.0,0.0,0.0,0.0,1.0,1.0,0.2575882117,0.2717782426,0.4432989808,0.6199999706,0.6000000773,0.6516124261
162,1.0,0.0,0.0,0.0,1.0,1.0,0.2515834977,0.2717783865,0.4465517165,0.6301375112,0.5929825157,0.6451612903
163,1.0,0.0,0.0,0.0,1.0,1.0,0.262375055,0.2725747695,0.4473228887,0.6250007178,0.6013984548,0.6538468532
164,1.0,0.0,0.0,0.0,1.0,1.0,0.2576412672,0.270827694,0.4325260615,0.6308733252,0.5839161587,0.645162453
165,1.0,0.0,0.0,0.0,1.0,1.0,0.2524723704,0.2648697265,0.4390243604,0.6206895524,0.5865724193,0.6400004032
166,1.0,0.0,0.0,0.0,1.0,1.0,0.2564013313,0.2684015872,0.4275742603,0.6326537475,0.575971718,0.6578936949
167,1.0,0.0,0.0,0.0,1.0,1.0,0.2603441165,0.2701672801,0.4353146511,0.6241618208,0.5830387886,0.6470594032
168,1.0,0.0,0.0,0.0,1.0,1.0,0.2585360584,0.2762542232,0.437499873,0.6241606615,0.5809856992,0.6496817791
169,1.0,0.0,0.0,0.0,1.0,1.0,0.2563559721,0.272734986,0.4419411524,0.6216215821,0.5915492743,0.6451617403
170,1.0,0.0,0.0,0.0,1.0,1.0,0.2669742535,0.2840518574,0.4280822203,0.6089742243,0.5789473684,0.6358029853
171,1.0,0.0,0.0,0.0,1.0,1.0,0.2618399342,0.2815330835,0.4315068635,0.6209154361,0.5739436089,0.6374995367
172,1.0,0.0,0.0,0.0,1.0,1.0,0.2589859399,0.2858115221,0.440000015,0.6174495475,0.5863311674,0.6352200659
173,1.0,0.0,0.0,0.0,1.0,1.0,0.2585362067,0.2812048888,0.4375000822,0.6107387918,0.5842292182,0.6433121371
174,1.0,0.0,0.0,0.0,1.0,1.0,0.2550297775,0.2827602277,0.4482759259,0.6148650414,0.5943061232,0.6415098928
175,1.0,0.0,0.0,0.0,1.0,1.0,0.2550657741,0.2786214798,0.449652804,0.6190480477,0.5899283028,0.6387089338
176,1.0,0.0,0.0,0.0,1.0,1.0,0.2572478065,0.2860721969,0.4347825842,0.6283788232,0.5797103154,0.6582285593
177,1.0,0.0,0.0,0.0,1.0,1.0,0.2615522261,0.2858116191,0.4367418317,0.6158943922,0.5827338635,0.6415102588
178,1.0,0.0,0.0,0.0,1.0,1.0,0.2623751559,0.2868435163,0.4317788696,0.611842096,0.5776174974,0.6477992083
179,1.0,0.0,0.0,0.0,1.0,1.0,0.2602713021,0.2812051846,0.4461806023,0.6133330625,0.5878135935,0.6433125081
180,1.0,0.0,0.0,0.0,1.0,1.0,0.249860338,0.2712773328,0.4479167126,0.6180561292,0.5892856936,0.6513153589
181,1.0,0.0,0.0,0.0,1.0,1.0,0.2507135222,0.2752848893,0.4351536106,0.6258502912,0.5789472513,0.6433120762
182,1.0,0.0,0.0,0.0,1.0,1.0,0.243475792,0.2665178236,0.4344122796,0.6363629444,0.5859649029,0.6381576969
183,1.0,0.0,0.0,0.0,1.0,1.0,0.2507250783,0.2674562034,0.4377163243,0.6275861764,0.584507156,0.6513154939
184,1.0,0.0,0.0,0.0,1.0,1.0,0.2507250849,0.2648699317,0.4290657459,0.6413801006,0.5759715591,0.6600006905
185,1.0,0.0,0.0,0.0,1.0,1.0,0.2520178358,0.2639371649,0.4352332495,0.6301373072,0.580986183,0.659999829
186,1.0,0.0,0.0,0.0,1.0,1.0,0.2533066457,0.2666356456,0.4362068797,0.6326530914,0.5901060084,0.6556294826
187,1.0,0.0,0.0,0.0,1.0,1.0,0.2515839348,0.2630111595,0.4310344892,0.6369868333,0.582456135,0.6600001163
188,1.0,0.0,0.0,0.0,1.0,1.0,0.2528503875,0.2603439446,0.4341880441,0.62837878,0.5909089205,0.6510066341
189,1.0,0.0,0.0,0.0,1.0,1.0,0.2559124492,0.2656969265,0.432526014,0.6216228401,0.5845068796,0.6490058768
190,1.0,0.0,0.0,0.0,1.0,1.0,0.2476953368,0.2595723454,0.4350086288,0.6433571837,0.5830388747,0.6666656842
191,1.0,0.0,0.0,0.0,1.0,1.0,0.2459633478,0.2613383152,0.4350086363,0.6338034529,0.5901060537,0.648647829
192,1.0,0.0,0.0,0.0,1.0,1.0,0.255954557,0.2658090499,0.4355401366,0.6258509491,0.5886523489,0.6599999434
193,1.0,0.0,0.0,0.0,1.0,1.0,0.2550298329,0.2647645384,0.4293103708,0.6351359672,0.5824564194,0.6622513768
194,1.0,0.0,0.0,0.0,1.0,1.0,0.2507251405,0.2612574329,0.4377163308,0.6482760554,0.5894736092,0.6644294917
195,1.0,0.0,0.0,0.0,1.0,1.0,0.252891662,0.2604177868,0.4402079237,0.6369868162,0.5915492264,0.6689183589
196,1.0,0.0,0.0,0.0,1.0,1.0,0.2572476893,0.2648698821,0.4347826169,0.6351357685,0.5865721514,0.6600005491
197,1.0,0.0,0.0,0.0,1.0,1.0,0.2546572049,0.2614196663,0.4345550243,0.6301367624,0.5800710261,0.6530613148
198,1.0,0.0,0.0,0.0,1.0,1.0,0.2502948984,0.2621774484,0.4539129593,0.6388894739,0.6056335612,0.6577184721
199,1.0,0.0,0.0,0.0,1.0,1.0,0.2476801189,0.2595725499,0.4589877789,0.6338034895,0.6077739198,0.6666656746
200,1.0,0.0,0.0,0.0,1.0,1.0,0.2451135988,0.2568494586,0.4628671146,0.6338021248,0.6083916297,0.6666661722
201,1.0,0.0,0.0,0.0,1.0,1.0,0.2515955279,0.2595042506,0.4565971294,0.6413789571,0.6035089023,0.6689191284
202,1.0,0.0,0.0,0.0,1.0,1.0,0.2575352023,0.2626519667,0.4590443341,0.6225172021,0.6109216227,0.6558443202
203,1.0,0.0,0.0,0.0,1.0,1.0,0.2575354779,0.2643577969,0.4522185556,0.6291401352,0.6075086404,0.6580639076
204,1.0,0.0,0.0,0.0,1.0,1.0,0.2528709458,0.2575352317,0.4629948316,0.6326533973,0.6177474966,0.668874703
205,1.0,0.0,0.0,0.0,1.0,1.0,0.2592407379,0.2642592522,0.4641638734,0.6315791713,0.613559072,0.6538471106
206,1.0,0.0,0.0,0.0,1.0,1.0,0.2511503405,0.2549596417,0.4561101478,0.6369871679,0.6122451844,0.6600008693
207,1.0,0.0,0.0,0.0,1.0,1.0,0.2580878187,0.2592409462,0.4592721577,0.6241615143,0.6143343546,0.6513148112
208,1.0,0.0,0.0,0.0,1.0,1.0,0.2455374353,0.2507136024,0.4602076543,0.6338029903,0.6143345842,0.6598639254
209,1.0,0.0,0.0,0.0,1.0,1.0,0.2446908236,0.2498606731,0.4603449046,0.6338031202,0.6061644719,0.6575348409
210,1.0,0.0,0.0,0.0,1.0,1.0,0.2498606905,0.2532833757,0.4652778032,0.6388894313,0.6164384221,0.6621619252
211,1.0,0.0,0.0,0.0,1.0,1.0,0.2464142049,0.250713201,0.4568965428,0.636362801,0.6109213309,0.6666656735
212,1.0,0.0,0.0,0.0,1.0,1.0,0.2490020371,0.2541244372,0.4639174423,0.6413785696,0.6211604389,0.6711413842
213,1.0,0.0,0.0,0.0,1.0,1.0,0.2584172838,0.2625650859,0.4657534247,0.6225159198,0.6169490238,0.6580646717
214,1.0,0.0,0.0,0.0,1.0,1.0,0.2472486499,0.2524363427,0.5191638587,0.6338034422,0.6632301982,0.659863513
215,1.0,0.0,0.0,0.0,1.0,1.0,0.2481011107,0.2568492289,0.5422534998,0.6312054792,0.6713286267,0.6666661794
216,1.0,0.0,0.0,0.0,1.0,1.0,0.220335585,0.2463162667,0.5731921312,0.6319993178,0.6950352761,0.6834536567
217,1.0,0.0,0.0,0.0,1.0,1.0,0.2357839047,0.2762093098,0.6073944449,0.5895532671,0.7236363565,0.6513158647
218,1.0,0.0,0.0,0.0,1.0,1.0,0.2193898589,0.2776226549,0.6027874405,0.5873012001,0.7259257122,0.6399996487
219,1.0,0.0,0.0,0.0,1.0,1.0,0.2228603378,0.2918215483,0.5986277813,0.5846148208,0.7175574726,0.6078436646
220,1.0,0.0,0.0,0.0,1.0,1.0,0.2340573865,0.3219544548,0.5829060091,0.5839413703,0.7114621865,0.6134971405
221,1.0,0.0,0.0,0.0,1.0,1.0,0.229149062,0.3352295145,0.5784834106,0.6384613965,0.7000000454,0.6521747375
222,1.0,0.0,0.0,0.0,1.0,1.0,0.2690122291,0.3651805989,0.5882353151,0.62913924,0.7094017497,0.6374268594
223,1.0,0.0,0.0,0.0,1.0,1.0,0.2752848739,0.3726729726,0.5754385098,0.6496816956,0.6949151804,0.6363635301
224,1.0,0.0,0.0,0.0,1.0,1.0,0.2783912897,0.3853781977,0.5674740158,0.64596283,0.6906776877,0.6318685306
225,1.0,0.0,0.0,0.0,1.0,1.0,0.2815816798,0.3917301103,0.5652173834,0.6481475293,0.6906778017,0.6270274225
226,1.0,0.0,0.0,0.0,1.0,1.0,0.2741523069,0.3863386653,0.5763888199,0.658228748,0.6974788009,0.6304352083
227,1.0,0.0,0.0,0.0,1.0,1.0,0.2810929884,0.390077495,0.5642361512,0.6419750708,0.6877636094,0.6108105738
228,1.0,0.0,0.0,0.0,1.0,1.0,0.2872960485,0.3863385589,0.5783972249,0.6303025204,0.7142860205,0.6141301031
229,1.0,0.0,0.0,0.0,1.0,1.0,0.276069628,0.3805409244,0.5699301491,0.6139241569,0.6945606712,0.6043954319
230,1.0,0.0,0.0,0.0,1.0,1.0,0.2774313075,0.3815298222,0.5724137376,0.6459621164,0.7012447758,0.6141303367
231,1.0,0.0,0.0,0.0,1.0,1.0,0.2665176313,0.3695417926,0.5649122118,0.6447365313,0.6848739943,0.62499955
232,1.0,0.0,0.0,0.0,1.0,1.0,0.2815328013,0.3763587249,0.5880282098,0.637500177,0.7112971684,0.6166665141
233,1.0,0.0,0.0,0.0,1.0,1.0,0.2678015189,0.3727086603,0.583187375,0.6274506295,0.7124997478,0.6089388368
234,1.0,0.0,0.0,0.0,1.0,1.0,0.2669864345,0.3700861922,0.5799648191,0.618420998,0.7154809233,0.6045194586
235,1.0,0.0,0.0,0.0,1.0,1.0,0.2678015304,0.362867871,0.5814360844,0.6274511681,0.7136927768,0.6114281751
236,1.0,0.0,0.0,0.0,1.0,1.0,0.2678012211,0.3670150403,0.5761820462,0.6143787633,0.7053943331,0.6045200344
237,1.0,0.0,0.0,0.0,1.0,1.0,0.2565414211,0.3527442912,0.5757574575,0.6180558875,0.6974789622,0.6130953342
238,1.0,0.0,0.0,0.0,1.0,1.0,0.1779581521,0.3281428396,0.5215827977,0.616160683,0.6266094535,0.6339863243
239,1.0,0.0,0.0,0.0,1.0,1.0,0.08418255666,0.3541502486,0.4121864037,0.7659555275,0.495652274,0.5582813549
240,1.0,0.0,0.0,0.0,1.0,1.0,0.1015478317,0.3254484493,0.4188948034,0.6666679228,0.5042017034,0.6000002772
241,1.0,0.0,0.0,0.0,1.0,1.0,0.1323055322,0.2998327125,0.4257602106,0.662162437,0.5346939438,0.6530615529
242,1.0,0.0,0.0,0.0,1.0,1.0,0.1842944332,0.2900343304,0.4184397582,0.634615464,0.5450980244,0.6351355862
243,1.0,0.0,0.0,0.0,1.0,1.0,0.2140399341,0.29261201,0.4212389326,0.6198340104,0.5513307386,0.6168827121
244,1.0,0.0,0.0,0.0,1.0,1.0,0.2296961446,0.2858180905,0.4456141331,0.6183203163,0.5756460315,0.6258066893
245,1.0,0.0,0.0,0.0,1.0,1.0,0.2502922888,0.2907466955,0.4265975527,0.61379242,0.5600001607,0.6312491797
246,1.0,0.0,0.0,0.0,1.0,1.0,0.2589229245,0.2880950958,0.4438687587,0.6066665211,0.5800713816,0.6481485224
247,1.0,0.0,0.0,0.0,1.0,1.0,0.261022753,0.2772306136,0.445017098,0.6250010778,0.5865722514,0.6560503085
248,1.0,0.0,0.0,0.0,1.0,1.0,0.2545910316,0.2709757431,0.4251291269,0.6216214596,0.5739438008,0.6558435291
249,1.0,0.0,0.0,0.0,1.0,1.0,0.2610224321,0.2654765168,0.4209622936,0.6381583721,0.5659721653,0.6732033739
250,1.0,0.0,0.0,0.0,1.0,1.0,0.2588605511,0.2698840435,0.4253859747,0.6357611946,0.5783971792,0.6709672575
251,1.0,0.0,0.0,0.0,1.0,1.0,0.2717931961,0.2749329376,0.4199656499,0.6265824712,0.574394359,0.6666671251
252,1.0,0.0,0.0,0.0,1.0,1.0,0.262374978,0.2673333615,0.417961978,0.6381569146,0.5699302286,0.6732029084
253,1.0,0.0,0.0,0.0,1.0,1.0,0.2653688583,0.2698840827,0.4155172868,0.6428575544,0.5714286818,0.6709681851
254,1.0,0.0,0.0,0.0,1.0,1.0,0.2658272308,0.269080319,0.4196892062,0.6428563312,0.5734267659,0.6753241957
255,1.0,0.0,0.0,0.0,1.0,1.0,0.2711797017,0.2696088327,0.4232081624,0.6352202135,0.5807561891,0.6815275286
256,1.0,0.0,0.0,0.0,1.0,1.0,0.2703969958,0.2776230227,0.4229452595,0.6265825129,0.5763890064,0.6749994243
257,1.0,0.0,0.0,0.0,1.0,1.0,0.2677685082,0.2808775291,0.4215016655,0.6305720706,0.5758620755,0.6564427857
258,1.0,0.0,0.0,0.0,1.0,1.0,0.2668579817,0.280877635,0.4302721528,0.6305728298,0.5862070792,0.6687122101
259,1.0,0.0,0.0,0.0,1.0,1.0,0.2811987511,0.2912168566,0.418644062,0.6204818081,0.5689655303,0.6686384533
260,1.0,0.0,0.0,0.0,1.0,1.0,0.2668579759,0.2758873876,0.4319726867,0.630572252,0.586805676,0.6729562929
261,1.0,0.0,0.0,0.0,1.0,1.0,0.2605021062,0.2751075939,0.4275979535,0.6405221632,0.5853661021,0.6772152246
262,1.0,0.0,0.0,0.0,1.0,1.0,0.2596841518,0.2724174226,0.4290597638,0.6447374376,0.5798612639,0.6751596455
263,1.0,0.0,0.0,0.0,1.0,1.0,0.2765858467,0.2883007881,0.42614597,0.6257658292,0.5769232984,0.6666671106
264,1.0,0.0,0.0,0.0,1.0,1.0,0.2665178103,0.2805450659,0.4239315706,0.6282047668,0.5789472264,0.6562495706
265,1.0,0.0,0.0,0.0,1.0,1.0,0.2648092262,0.2789961546,0.4239317415,0.638710209,0.575971943,0.6708856349
266,1.0,0.0,0.0,0.0,1.0,1.0,0.2694739031,0.2840518517,0.4095562483,0.6392403212,0.5719297217,0.6728401016
267,1.0,0.0,0.0,0.0,1.0,1.0,0.2745907116,0.289312169,0.4163822861,0.6273297543,0.5754385591,0.6666671057
268,1.0,0.0,0.0,0.0,1.0,1.0,0.2651581739,0.2793579897,0.4251701861,0.6346145747,0.5763888176,0.6708068029
269,1.0,0.0,0.0,0.0,1.0,1.0,0.2693413035,0.2865532435,0.4118644749,0.6289304054,0.5734266371,0.6646347114
270,1.0,0.0,0.0,0.0,1.0,1.0,0.2634583397,0.2785900739,0.430272167,0.6451613823,0.5818814513,0.668750544
271,1.0,0.0,0.0,0.0,1.0,1.0,0.271495519,0.2848056933,0.4125636452,0.6249994812,0.5734265464,0.6687114148
272,1.0,0.0,0.0,0.0,1.0,1.0,0.2686854423,0.2832927961,0.4332191717,0.6178341348,0.5880281518,0.6583846561
273,1.0,0.0,0.0,0.0,1.0,1.0,0.2707172314,0.2855547946,0.4582624088,0.6289309832,0.6097559759,0.6646338842
274,1.0,0.0,0.0,0.0,1.0,1.0,0.2728851457,0.2865531753,0.4658703579,0.606250192,0.6118882163,0.6646342576
275,1.0,0.0,0.0,0.0,1.0,1.0,0.2721082877,0.287558914,0.4674657269,0.6163509538,0.6175439486,0.6646340975
276,1.0,0.0,0.0,0.0,1.0,1.0,0.2703966824,0.2858053342,0.4623287326,0.6075955653,0.6105262845,0.6564418216
277,1.0,0.0,0.0,0.0,1.0,1.0,0.267312118,0.282072506,0.4565588563,0.6178341694,0.6062718741,0.6666675817
278,1.0,0.0,0.0,0.0,1.0,1.0,0.2714951153,0.2872960074,0.4482172724,0.6187499313,0.6027874618,0.6666671109
279,1.0,0.0,0.0,0.0,1.0,1.0,0.267891706,0.2842935763,0.4553265098,0.6153846154,0.6042403196,0.670807758
280,1.0,0.0,0.0,0.0,1.0,1.0,0.273819575,0.2910655776,0.4554794455,0.6187495501,0.6070177184,0.6686738784
281,1.0,0.0,0.0,0.0,1.0,1.0,0.2773408871,0.2932391083,0.4517766282,0.6219518038,0.597222259,0.6686380292
282,1.0,0.0,0.0,0.0,1.0,1.0,0.2799794386,0.2960021851,0.4550084768,0.6181821991,0.5993031542,0.6647050524
283,1.0,0.0,0.0,0.0,1.0,1.0,0.275184482,0.2970366846,0.4459459585,0.6196316361,0.5979021383,0.6529413368
284,1.0,0.0,0.0,0.0,1.0,1.0,0.2787557156,0.3015860367,0.4489795503,0.6097562916,0.6000001525,0.6511624967
285,1.0,0.0,0.0,0.0,1.0,1.0,0.2797075118,0.3008882992,0.4419795781,0.6158537479,0.5985915276,0.6549697966
286,1.0,0.0,0.0,0.0,1.0,1.0,0.2741228158,0.2984199469,0.4480408175,0.6211183999,0.6007066497,0.6686391144
287,1.0,0.0,0.0,0.0,1.0,1.0,0.2760037708,0.2966541985,0.4716981341,0.602485468,0.6183745556,0.6547618285
288,1.0,0.0,0.0,0.0,1.0,1.0,0.278001846,0.3037174892,0.4675768001,0.6073625408,0.614840843,0.6395343205
289,1.0,0.0,0.0,0.0,1.0,1.0,0.2865291382,0.3068463597,0.4778155783,0.6071425794,0.6245613633,0.6571428927
290,1.0,0.0,0.0,0.0,1.0,1.0,0.2865292701,0.3022786362,0.4795221722,0.613095722,0.625874208,0.6647399628
291,1.0,0.0,0.0,0.0,1.0,1.0,0.2767685927,0.300185941,0.4769231516,0.5925917934,0.6254418992,0.6529413428
292,1.0,0.0,0.0,0.0,1.0,1.0,0.2791546492,0.3001857676,0.468965521,0.6111102338,0.6183746182,0.6411756371
293,1.0,0.0,0.0,0.0,1.0,1.0,0.2700729447,0.2977062272,0.4733217707,0.6114659953,0.6134753446,0.6547615645
294,1.0,0.0,0.0,0.0,1.0,1.0,0.2796368343,0.304100772,0.4766840375,0.5987657986,0.6192169186,0.6491233229
295,1.0,0.0,0.0,0.0,1.0,1.0,0.2801205742,0.3058791952,0.4878892273,0.6049377854,0.6227759636,0.6569763128
296,1.0,0.0,0.0,0.0,1.0,1.0,0.2823379843,0.3062801684,0.4852687009,0.6073614948,0.6236560297,0.6491234894
297,1.0,0.0,0.0,0.0,1.0,1.0,0.2806055539,0.3080717905,0.4800693003,0.6111117801,0.6200717222,0.6511619701
298,1.0,0.0,0.0,0.0,1.0,1.0,0.2771418839,0.303787107,0.4852686285,0.612500315,0.6294965387,0.6568048897
299,1.0,0.0,0.0,0.0,1.0,1.0,0.2818498129,0.3034019621,0.4740484875,0.613496363,0.6142856096,0.6529410493
300,1.0,0.0,0.0,0.0,1.0,1.0,0.2853080448,0.3062807907,0.4705883054,0.6121213913,0.6093191502,0.6491225895
301,1.0,0.0,0.0,0.0,1.0,1.0,0.2875343741,0.3098627946,0.4748700148,0.6084337965,0.6129033239,0.6531799139
302,1.0,0.0,0.0,0.0,1.0,1.0,0.2763671422,0.3001921841,0.4817391476,0.6100634204,0.6151081369,0.6526948224
303,1.0,0.0,0.0,0.0,1.0,1.0,0.2766621529,0.3005438438,0.4809688485,0.6125006344,0.6192169561,0.6508879481
304,1.0,0.0,0.0,0.0,1.0,1.0,0.2816293783,0.3047942062,0.4793813912,0.6219512677,0.6241134589,0.6569770068
305,1.0,0.0,0.0,0.0,1.0,1.0,0.2794320432,0.3001857796,0.476843895,0.6073620037,0.6254415308,0.6529407665
306,1.0,0.0,0.0,0.0,1.0,1.0,0.2850644076,0.3141104611,0.4725085484,0.6024096699,0.6214285412,0.6363636364
307,1.0,0.0,0.0,0.0,1.0,1.0,0.2843241835,0.3023226396,0.4758620226,0.5939395931,0.6192169268,0.6529412065
308,1.0,0.0,0.0,0.0,1.0,1.0,0.2702133642,0.2955340289,0.4679376291,0.5961536327,0.6057348129,0.6484851347
309,1.0,0.0,0.0,0.0,1.0,1.0,0.2860356047,0.3025992255,0.4663299918,0.600000507,0.6124569215,0.651428881
310,1.0,0.0,0.0,0.0,1.0,1.0,0.2910831009,0.3101717404,0.4680134425,0.6011562383,0.6172413127,0.6444440645
311,1.0,0.0,0.0,0.0,1.0,1.0,0.2801853963,0.3033395322,0.4649573087,0.5975619511,0.6105264288,0.647398559
312,1.0,0.0,0.0,0.0,1.0,1.0,0.2631920083,0.2870740824,0.4234078839,0.627451517,0.5709220648,0.6604942974
313,1.0,0.0,0.0,0.0,1.0,1.0,0.2678914847,0.2898739668,0.41408942,0.6282056403,0.5658361553,0.6564419188
314,1.0,0.0,0.0,0.0,1.0,1.0,0.2632845868,0.2873397594,0.4176777093,0.625,0.5750002061,0.6459629366
315,1.0,0.0,0.0,0.0,1.0,1.0,0.267092042,0.2842935639,0.4206897631,0.6129039545,0.5795051624,0.6459633914
316,1.0,0.0,0.0,0.0,1.0,1.0,0.2498603345,0.2701672845,0.4224137199,0.6275858342,0.57243815,0.6601311781
317,1.0,0.0,0.0,0.0,1.0,1.0,0.2678915165,0.2840519153,0.4209622255,0.6217948992,0.5789474709,0.6481475137
318,1.0,0.0,0.0,0.0,1.0,1.0,0.2713260208,0.2840519996,0.4226803729,0.6202528609,0.5754387542,0.6543215823
319,1.0,0.0,0.0,0.0,1.0,1.0,0.2742890509,0.2865533749,0.4236706495,0.6187507837,0.580419505,0.6646332283
320,1.0,0.0,0.0,0.0,1.0,1.0,0.2669740265,0.284805843,0.4195206232,0.6153851614,0.5699301633,0.6564423013
321,1.0,0.0,0.0,0.0,1.0,1.0,0.2571463654,0.270975662,0.3704974833,0.6533328925,0.5281691761,0.6623373582
322,1.0,0.0,0.0,0.0,1.0,1.0,0.2528706018,0.2694927054,0.3321858708,0.6530616516,0.4785713305,0.6622513183
323,1.0,0.0,0.0,0.0,1.0,1.0,0.2654768816,0.2806405117,0.2986110772,0.627451037,0.4384057377,0.6580638448
324,1.0,0.0,0.0,0.0,1.0,1.0,0.284088093,0.2973248744,0.2979452714,0.6204814942,0.437276008,0.6626500665
325,1.0,0.0,0.0,0.0,1.0,1.0,0.2902161458,0.2969871225,0.2903781122,0.6272185159,0.4306049202,0.670658511
326,1.0,0.0,0.0,0.0,1.0,1.0,0.2913628528,0.2928187566,0.2949154129,0.6220923038,0.4315789223,0.6467061403
327,1.0,0.0,0.0,0.0,1.0,1.0,0.2962572665,0.2928191925,0.2964224208,0.6149422201,0.4385964502,0.6586828342
328,1.0,0.0,0.0,0.0,1.0,1.0,0.2946630884,0.2920904039,0.3068965481,0.614035019,0.4471831512,0.6506020368
329,1.0,0.0,0.0,0.0,1.0,1.0,0.2947507149,0.2840877359,0.3203390219,0.6264369269,0.4691778631,0.6506025373
330,1.0,0.0,0.0,0.0,1.0,1.0,0.3095157399,0.2925192874,0.3062283887,0.6256977883,0.4529615416,0.6607149172
331,1.0,0.0,0.0,0.0,1.0,1.0,0.3144502159,0.28725466,0.3163265423,0.6378371744,0.4591835487,0.674556945
332,1.0,0.0,0.0,0.0,1.0,1.0,0.3279686815,0.2963862085,0.3108808344,0.6157889703,0.4482758361,0.6569769144
333,1.0,0.0,0.0,0.0,1.0,1.0,0.314703314,0.2932388693,0.28892735,0.6318679272,0.4236111506,0.6686389537
334,1.0,0.0,0.0,0.0,1.0,1.0,0.31415943,0.2880335393,0.2849740933,0.631868158,0.4270833333,0.6686748794
335,1.0,0.0,0.0,0.0,1.0,1.0,0.3233488528,0.2977430776,0.2854670632,0.6256687795,0.4216026923,0.6608179458
336,1.0,0.0,0.0,0.0,1.0,1.0,0.3081902283,0.2895908787,0.2717770738,0.6384178767,0.4134275823,0.6646335692
337,1.0,0.0,0.0,0.0,1.0,1.0,0.3060576112,0.2893123639,0.2664359231,0.6271183708,0.4140350013,0.6606059558
338,1.0,0.0,0.0,0.0,1.0,1.0,0.2986240161,0.2805452009,0.2780656186,0.647399675,0.414035211,0.6749997248
339,1.0,0.0,0.0,0.0,1.0,1.0,0.3081755204,0.289493487,0.2913116951,0.6132604101,0.4275862427,0.6428575085
340,1.0,0.0,0.0,0.0,1.0,1.0,0.2901603478,0.2801201489,0.2818335109,0.6315789474,0.4256056585,0.6666666667
341,1.0,0.0,0.0,0.0,1.0,1.0,0.2853104642,0.2732036125,0.2905982391,0.6347312267,0.4325259423,0.6582281484
342,1.0,0.0,0.0,0.0,1.0,1.0,0.2848238192,0.2785902972,0.2935153587,0.6347303298,0.4355399363,0.6562492989
343,1.0,0.0,0.0,0.0,1.0,1.0,0.2806060862,0.2772302471,0.2842287533,0.6358019674,0.42049474,0.6496819542
344,1.0,0.0,0.0,0.0,1.0,1.0,0.2833469941,0.2770382958,0.2903780421,0.6242417723,0.4315790784,0.6582285413
345,1.0,0.0,0.0,0.0,1.0,1.0,0.2984443396,0.2903308984,0.2864583718,0.6162792818,0.4190141178,0.6484846263
346,1.0,0.0,0.0,0.0,1.0,1.0,0.2905556213,0.2809817667,0.2837128051,0.6325297727,0.4199290283,0.6708856048
347,1.0,0.0,0.0,0.0,1.0,1.0,0.2928190121,0.285301719,0.275438729,0.6407192739,0.418439741,0.6645958782
348,1.0,0.0,0.0,0.0,1.0,1.0,0.2970369059,0.2825276174,0.2832167943,0.6294114745,0.4275615579,0.6687500172
349,1.0,0.0,0.0,0.0,1.0,1.0,0.2964594906,0.2840141782,0.2895204843,0.6287432554,0.4280574413,0.6645569103
350,1.0,0.0,0.0,0.0,1.0,1.0,0.2996561097,0.2873393163,0.2892416676,0.6176467596,0.4285712081,0.6521736795
351,1.0,0.0,0.0,0.0,1.0,1.0,0.293641065,0.279413813,0.292035521,0.6204825048,0.4265231618,0.6474353425
352,1.0,0.0,0.0,0.0,1.0,1.0,0.2918724512,0.2802004219,0.2867255897,0.6303035588,0.4249997471,0.6560514064
353,1.0,0.0,0.0,0.0,1.0,1.0,0.3001855109,0.286316629,0.286219094,0.6352938947,0.4306048694,0.652173333
354,1.0,0.0,0.0,0.0,1.0,1.0,0.2948884898,0.281204643,0.2897525621,0.6347307648,0.4265233142,0.6560508673
355,1.0,0.0,0.0,0.0,1.0,1.0,0.2973693217,0.2809816574,0.2887324004,0.6390529913,0.4306050135,0.6582282094
356,1.0,0.0,0.0,0.0,1.0,1.0,0.2911340396,0.2770192798,0.2788631873,0.6402437336,0.4130435378,0.6666657246
357,1.0,0.0,0.0,0.0,1.0,1.0,0.2863166889,0.2760191834,0.2829182469,0.6397511391,0.4259926387,0.6601315253
358,1.0,0.0,0.0,0.0,1.0,1.0,0.2931225464,0.2840136483,0.2862190471,0.6325294844,0.4208633689,0.6582285502
359,1.0,0.0,0.0,0.0,1.0,1.0,0.2885712691,0.2804189731,0.2799295173,0.6341455,0.4136688509,0.6538452417
360,1.0,0.0,0.0,0.0,1.0,1.0,0.2903308247,0.2822166331,0.2869717441,0.6303018898,0.4244604571,0.6624203023
361,1.0,0.0,0.0,0.0,1.0,1.0,0.2890371842,0.2770381045,0.3153309592,0.6445786554,0.4561404588,0.6708871476
362,1.0,0.0,0.0,0.0,1.0,1.0,0.2436804152,0.2400792539,0.3745582615,0.6594197234,0.5088968832,0.6592597328
363,1.0,0.0,0.0,0.0,1.0,1.0,0.1440970852,0.1873953635,0.42144176,0.6666675749,0.5220587776,0.6372534721
364,1.0,0.0,0.0,0.0,1.0,1.0,0.1314079727,0.1776786415,0.4555554997,0.6338016152,0.5444445003,0.635416916
365,1.0,0.0,0.0,0.0,1.0,1.0,0.1563875057,0.190964901,0.4766187516,0.6206896552,0.578571243,0.6261671401
366,1.0,0.0,0.0,0.0,1.0,1.0,0.1629912865,0.2009552931,0.4838709042,0.6373634075,0.5907471723,0.6283182224
367,1.0,0.0,0.0,0.0,1.0,1.0,0.1898582003,0.2213050063,0.4820788811,0.6320758023,0.592856998,0.6129026574
368,1.0,0.0,0.0,0.0,1.0,1.0,0.1973983716,0.2345257893,0.4555159341,0.6216221509,0.5776172082,0.6000010032
369,1.0,0.0,0.0,0.0,1.0,1.0,0.206902056,0.239228141,0.4508772043,0.6271190532,0.5815604131,0.6074078642
370,1.0,0.0,0.0,0.0,1.0,1.0,0.2076304743,0.2454144737,0.457746575,0.6186434949,0.5836299185,0.6159428203
371,1.0,0.0,0.0,0.0,1.0,1.0,0.2275437511,0.2623534702,0.4570927666,0.5923077715,0.5821426582,0.6054424864
372,1.0,0.0,0.0,0.0,1.0,1.0,0.2275434342,0.2650847137,0.458844064,0.5846147597,0.5842293398,0.5945945544
373,1.0,0.0,0.0,0.0,1.0,1.0,0.2291489939,0.2733979838,0.4620810834,0.5923076274,0.5833335981,0.6092710229
374,1.0,0.0,0.0,0.0,1.0,1.0,0.2353695311,0.279843705,0.4639719101,0.582089625,0.5890909867,0.6038964434
375,1.0,0.0,0.0,0.0,1.0,1.0,0.2230895542,0.2673780229,0.4678571904,0.6000007017,0.5904055863,0.6068969063
376,1.0,0.0,0.0,0.0,1.0,1.0,0.2432970304,0.2840137125,0.4693521433,0.5827338242,0.611510887,0.607594536
377,1.0,0.0,0.0,0.0,1.0,1.0,0.2659385363,0.3034017332,0.4643477547,0.5816998341,0.6142856807,0.6235294725
378,1.0,0.0,0.0,0.0,1.0,1.0,0.2714745764,0.3051865222,0.4671281069,0.5796178433,0.6071427446,0.6257310847
379,1.0,0.0,0.0,0.0,1.0,1.0,0.2757080874,0.3044072096,0.4706894923,0.5812497858,0.6161969466,0.6242775006
380,1.0,0.0,0.0,0.0,1.0,1.0,0.2702127985,0.3051868991,0.4731369628,0.5769226419,0.6178569278,0.619882083
381,1.0,0.0,0.0,0.0,1.0,1.0,0.2749331008,0.3087562969,0.4740483148,0.5723266618,0.6178571555,0.6242772879
382,1.0,0.0,0.0,0.0,1.0,1.0,0.2796364524,0.3094356305,0.4680483302,0.5802473012,0.6085410596,0.6206890854
383,1.0,0.0,0.0,0.0,1.0,1.0,0.2678916194,0.3054831234,0.4690721659,0.5833337955,0.607773633,0.6184973266
384,1.0,0.0,0.0,0.0,1.0,1.0,0.2703551662,0.3102957034,0.4572425629,0.5935482045,0.6028879809,0.6104651682
385,1.0,0.0,0.0,0.0,1.0,1.0,0.2815818613,0.3168523008,0.4695652108,0.5925925429,0.6086955837,0.622857363
386,1.0,0.0,0.0,0.0,1.0,1.0,0.272734976,0.3107356703,0.4683097987,0.6064528499,0.6109091124,0.6198826329
387,1.0,0.0,0.0,0.0,1.0,1.0,0.2815329614,0.3185035593,0.4595070084,0.5937505487,0.6007326341,0.6206892269
388,1.0,0.0,0.0,0.0,1.0,1.0,0.2738434983,0.3168518816,0.4659686223,0.5987262564,0.6086956006,0.611428051
389,1.0,0.0,0.0,0.0,1.0,1.0,0.2783910504,0.3132309554,0.4584774982,0.5900627202,0.6014492495,0.6127167337
390,1.0,0.0,0.0,0.0,1.0,1.0,0.2776227905,0.3168520351,0.4652778759,0.5812495188,0.6050721593,0.6114292035
391,1.0,0.0,0.0,0.0,1.0,1.0,0.2786739613,0.3181678945,0.4784852636,0.6049379746,0.6187049884,0.6214688367
392,1.0,0.0,0.0,0.0,1.0,1.0,0.291933093,0.3313368885,0.4639175315,0.5941178402,0.6050724497,0.6065575309
393,1.0,0.0,0.0,0.0,1.0,1.0,0.2793578844,0.3258250568,0.4739583088,0.6024849166,0.6153845848,0.6123601818
394,1.0,0.0,0.0,0.0,1.0,1.0,0.2811467312,0.326460029,0.4648369784,0.6036576829,0.6058395631,0.6312849635
395,1.0,0.0,0.0,0.0,1.0,1.0,0.286298431,0.3325277323,0.4652777078,0.5878789065,0.6022305754,0.6089384669
396,1.0,0.0,0.0,0.0,1.0,1.0,0.2808205826,0.3288126744,0.4781850586,0.6149078745,0.6245353235,0.6158189239
397,1.0,0.0,0.0,0.0,1.0,1.0,0.2915770812,0.3388257042,0.4569419916,0.5963856356,0.5946968989,0.6201117051
398,1.0,0.0,0.0,0.0,1.0,1.0,0.2815821589,0.3350190613,0.4695651301,0.6049378396,0.6104870671,0.6201119292
399,1.0,0.0,0.0,0.0,1.0,1.0,0.2872957637,0.3350191969,0.4651567904,0.6060606061,0.6067417299,0.6256987211
400,1.0,0.0,0.0,0.0,1.0,1.0,0.2865413553,0.3356333972,0.4594127534,0.5963853981,0.6044775966,0.6222216503
401,1.0,0.0,0.0,0.0,1.0,1.0,0.2936504872,0.3392937392,0.4656357094,0.5964915206,0.6162362071,0.625000149
402,1.0,0.0,0.0,0.0,1.0,1.0,0.2889952587,0.3381013372,0.4578311965,0.5952380334,0.6133829779,0.6208794434
403,1.0,0.0,0.0,0.0,1.0,1.0,0.2867961992,0.3387621965,0.4730434989,0.6060602474,0.6104865506,0.6132589664
404,1.0,0.0,0.0,0.0,1.0,1.0,0.28131178,0.3343999754,0.4790209974,0.62111822,0.6240600166,0.6235949758
405,1.0,0.0,0.0,0.0,1.0,1.0,0.2961949311,0.3418165121,0.4558058687,0.6023396289,0.6022306211,0.6195647611
406,1.0,0.0,0.0,0.0,1.0,1.0,0.2902725495,0.3387617303,0.4226086578,0.6107789079,0.5730338623,0.6187845568
407,1.0,0.0,0.0,0.0,1.0,1.0,0.2820291577,0.3331473512,0.4426807101,0.606250471,0.5757578228,0.6193187379
408,1.0,0.0,0.0,0.0,1.0,1.0,0.2787915234,0.3331473829,0.433333283,0.6226414327,0.5643939116,0.625000306
409,1.0,0.0,0.0,0.0,1.0,1.0,0.2898204566,0.3356617002,0.4376098295,0.6121211168,0.5735850134,0.6235947274
410,1.0,0.0,0.0,0.0,1.0,1.0,0.2860532376,0.3362782108,0.4345549443,0.6097560655,0.5751876671,0.6145250724
411,1.0,0.0,0.0,0.0,1.0,1.0,0.2790763836,0.3306423628,0.4310646119,0.6187506329,0.5676692294,0.6193186003
412,1.0,0.0,0.0,0.0,1.0,1.0,0.2835784479,0.3337686277,0.4273356272,0.6158538751,0.5634326947,0.6145255774
413,1.0,0.0,0.0,0.0,1.0,1.0,0.2902727871,0.340633708,0.4295653328,0.6107784353,0.5655433738,0.6098903457
414,1.0,0.0,0.0,0.0,1.0,1.0,0.2790761297,0.332521098,0.4345550718,0.612500352,0.5714283411,0.6158189693
415,1.0,0.0,0.0,0.0,1.0,1.0,0.2790762377,0.3325207579,0.4258289032,0.6250001682,0.5601505341,0.6271185616
416,1.0,0.0,0.0,0.0,1.0,1.0,0.287296043,0.3400358535,0.4181183516,0.612120998,0.5601507144,0.6187843591
417,1.0,0.0,0.0,0.0,1.0,1.0,0.2845634559,0.3368906052,0.421875035,0.6219510276,0.5655430501,0.6166662884
418,1.0,0.0,0.0,0.0,1.0,1.0,0.2835546464,0.3350187086,0.4290717874,0.6172837004,0.5730338597,0.620112408
419,1.0,0.0,0.0,0.0,1.0,1.0,0.2813628068,0.3337688576,0.4179619697,0.6196323808,0.5634329289,0.6256980682
420,1.0,0.0,0.0,0.0,1.0,1.0,0.2815821758,0.3350190522,0.4278260464,0.6111108904,0.5692884647,0.6201108614
421,1.0,0.0,0.0,0.0,1.0,1.0,0.2744944454,0.3318900205,0.4295775317,0.6153848283,0.5660376667,0.6193180006
422,1.0,0.0,0.0,0.0,1.0,1.0,0.2808205771,0.3306703071,0.4380453493,0.6211181471,0.5799254336,0.6235958292
423,1.0,0.0,0.0,0.0,1.0,1.0,0.277141476,0.333146986,0.4280764052,0.6062504528,0.5666666802,0.6166661806
424,1.0,0.0,0.0,0.0,1.0,1.0,0.2895416191,0.3306974352,0.4380453099,0.5963851841,0.58088235,0.6277782544
425,1.0,0.0,0.0,0.0,1.0,1.0,0.2813113776,0.3282295503,0.444055845,0.6024850269,0.5867158876,0.6123600316
426,1.0,0.0,0.0,0.0,1.0,1.0,0.2960018032,0.3349581379,0.4372821898,0.5941180003,0.5797099341,0.6216212408
427,1.0,0.0,0.0,0.0,1.0,1.0,0.293542629,0.3301076571,0.4388112275,0.601190821,0.587591251,0.6243090424
428,1.0,0.0,0.0,0.0,1.0,1.0,0.2835789547,0.3206094191,0.4411763931,0.5975606357,0.5913978578,0.6256986501
429,1.0,0.0,0.0,0.0,1.0,1.0,0.2828282404,0.3176797013,0.4444444869,0.6073613083,0.5928569912,0.6292140392
430,1.0,0.0,0.0,0.0,1.0,1.0,0.2912859666,0.3224008874,0.4397906882,0.586826678,0.5842293033,0.6277781912
431,1.0,0.0,0.0,0.0,1.0,1.0,0.2796366047,0.3136547324,0.4386873691,0.5864205865,0.5886527082,0.6271183745
432,1.0,0.0,0.0,0.0,1.0,1.0,0.2833468828,0.3092678135,0.4364260404,0.5939394671,0.5944057837,0.6271183686
433,1.0,0.0,0.0,0.0,1.0,1.0,0.2779101807,0.2998322172,0.4352330773,0.5900617483,0.5824562226,0.6432750636
434,1.0,0.0,0.0,0.0,1.0,1.0,0.276367353,0.29384996,0.4382608099,0.5849062592,0.5950705014,0.6347312313
435,1.0,0.0,0.0,0.0,1.0,1.0,0.2815816854,0.2970370085,0.4382609261,0.5987654745,0.6013985497,0.6411760623
436,1.0,0.0,0.0,0.0,1.0,1.0,0.2894934855,0.3050021474,0.4293103095,0.6071433702,0.5862067792,0.6440678386
437,1.0,0.0,0.0,0.0,1.0,1.0,0.2917198004,0.299490201,0.4386873063,0.6094677601,0.599315028,0.6514284986
438,1.0,0.0,0.0,0.0,1.0,1.0,0.2894936978,0.3005198695,0.4310345224,0.6011901923,0.5910650636,0.6514279755
439,1.0,0.0,0.0,0.0,1.0,1.0,0.2924356206,0.3012018393,0.4440620064,0.6000002608,0.5958905071,0.6477270867
440,1.0,0.0,0.0,0.0,1.0,1.0,0.2865412198,0.2919329789,0.4352330956,0.6144587745,0.5876290648,0.6529411003
441,1.0,0.0,0.0,0.0,1.0,1.0,0.2936505119,0.2994901316,0.4278351742,0.6023394971,0.5856163507,0.6514290166
442,1.0,0.0,0.0,0.0,1.0,1.0,0.2909336337,0.2960676639,0.4246575342,0.6058817306,0.5821919685,0.6531790075
443,1.0,0.0,0.0,0.0,1.0,1.0,0.2902158391,0.2970851732,0.4295531619,0.6035504977,0.5876289013,0.6416185193
444,1.0,0.0,0.0,0.0,1.0,1.0,0.2880036757,0.2943560257,0.4322470578,0.6071425737,0.5890410386,0.6511625503
445,1.0,0.0,0.0,0.0,1.0,1.0,0.2919331667,0.2970847111,0.4261167928,0.6117651193,0.587628866,0.6589597741
446,1.0,0.0,0.0,0.0,1.0,1.0,0.2904357591,0.2957532597,0.4341879885,0.611764488,0.5952381407,0.6551715225
447,1.0,0.0,0.0,0.0,1.0,1.0,0.2835788489,0.2892221652,0.4342561341,0.609756198,0.599315116,0.6508874085
448,1.0,0.0,0.0,0.0,1.0,1.0,0.2848238689,0.2933515038,0.4317405266,0.6107783384,0.5972696769,0.6453495282
449,1.0,0.0,0.0,0.0,1.0,1.0,0.2887278366,0.2943559265,0.4205128641,0.6094673852,0.5856165838,0.6511628814
450,1.0,0.0,0.0,0.0,1.0,1.0,0.2830888282,0.2919332068,0.4179619614,0.6158532106,0.5807562415,0.6647060059
451,1.0,0.0,0.0,0.0,1.0,1.0,0.2909988897,0.3008700825,0.4228770065,0.6011905389,0.5813151329,0.6321833384
452,1.0,0.0,0.0,0.0,1.0,1.0,0.2830890311,0.2894937613,0.4300519039,0.609755635,0.589655113,0.6607135773
453,1.0,0.0,0.0,0.0,1.0,1.0,0.281629435,0.2919331648,0.4243986941,0.6158534934,0.5876291491,0.6588236831
454,1.0,0.0,0.0,0.0,1.0,1.0,0.275707896,0.2853080052,0.3999999812,0.6249996582,0.5570933772,0.6606064624
455,1.0,0.0,0.0,0.0,1.0,1.0,0.2757080657,0.2808774936,0.4017242432,0.6250001741,0.5620686465,0.6564422125
456,1.0,0.0,0.0,0.0,1.0,1.0,0.2754097139,0.2887660005,0.3968803917,0.6289310982,0.5605537261,0.664669983
457,1.0,0.0,0.0,0.0,1.0,1.0,0.2799124216,0.2892221963,0.39690719,0.6196320604,0.5650684204,0.6568049045
458,1.0,0.0,0.0,0.0,1.0,1.0,0.2774314109,0.2850640953,0.3965517912,0.6273288782,0.560137266,0.6566262343
459,1.0,0.0,0.0,0.0,1.0,1.0,0.2799126014,0.289222061,0.4020618006,0.6319012886,0.5616436846,0.6508873717
460,1.0,0.0,0.0,0.0,1.0,1.0,0.2749331879,0.285064017,0.3996539386,0.6289314599,0.5601372746,0.6506031523
461,1.0,0.0,0.0,0.0,1.0,1.0,0.2791543244,0.2919332664,0.4068965623,0.6172844954,0.5738830429,0.6411761769
462,1.0,0.0,0.0,0.0,1.0,1.0,0.2654767907,0.277622787,0.3993055924,0.6339867855,0.5555556843,0.6499999304
463,1.0,0.0,0.0,0.0,1.0,1.0,0.141481827,0.2296509322,0.4137930421,0.7564088942,0.5367644407,0.6240008654
464,1.0,0.0,0.0,0.0,1.0,1.0,0.1023192674,0.2241394013,0.4277879564,0.8214299483,0.5477941599,0.6393439142
465,1.0,0.0,0.0,0.0,1.0,1.0,0.1870613622,0.2507561303,0.4171123759,0.6761919907,0.562723925,0.6285719965
466,1.0,0.0,0.0,0.0,1.0,1.0,0.2193468515,0.2525277774,0.4070796452,0.6532258771,0.5516011994,0.6267601755
467,1.0,0.0,0.0,0.0,1.0,1.0,0.2459355995,0.2746690273,0.3979057196,0.6312055061,0.5496452127,0.6258062759
468,1.0,0.0,0.0,0.0,1.0,1.0,0.2675533396,0.288033636,0.3989636973,0.6064512672,0.5624999289,0.6265060082
469,1.0,0.0,0.0,0.0,1.0,1.0,0.2745905315,0.3008699592,0.3941979678,0.6086958327,0.5467130121,0.6149432795
470,1.0,0.0,0.0,0.0,1.0,1.0,0.2660631996,0.2925192295,0.3856655044,0.6153848352,0.5470381842,0.625
471,1.0,0.0,0.0,0.0,1.0,1.0,0.2675536889,0.2907784796,0.3886010919,0.6129040117,0.5470385256,0.6167671759
472,1.0,0.0,0.0,0.0,1.0,1.0,0.2692798119,0.2970370049,0.4214161703,0.589743876,0.5769229306,0.6058819989
473,1.0,0.0,0.0,0.0,1.0,1.0,0.2653690699,0.2987843189,0.441379281,0.5779226145,0.5909092826,0.6081865268
474,1.0,0.0,0.0,0.0,1.0,1.0,0.2652627282,0.2939535496,0.4417808971,0.6000002855,0.5916953852,0.611765104
475,1.0,0.0,0.0,0.0,1.0,1.0,0.2703969199,0.3060572303,0.4400684846,0.5949361807,0.5986157855,0.6101689445
476,1.0,0.0,0.0,0.0,1.0,1.0,0.2659531157,0.2953676707,0.4406778734,0.6050948549,0.6013746887,0.6279065854
477,1.0,0.0,0.0,0.0,1.0,1.0,0.2728908915,0.3050926431,0.4504348417,0.592356358,0.6000000771,0.6264373697
478,1.0,0.0,0.0,0.0,1.0,1.0,0.2653692998,0.3015861575,0.4465517976,0.5909087665,0.6000001542,0.6162791441
479,1.0,0.0,0.0,0.0,1.0,1.0,0.268480921,0.3090147553,0.4350087644,0.5935478828,0.5830386865,0.6171419293
480,1.0,0.0,0.0,0.0,1.0,1.0,0.2541834944,0.3023223235,0.4463668088,0.591836462,0.5978648004,0.6117642528
481,1.0,0.0,0.0,0.0,1.0,1.0,0.2659384638,0.311653768,0.4504348517,0.5947706192,0.5878137136,0.6149431251
482,1.0,0.0,0.0,0.0,1.0,1.0,0.2631006873,0.3136548427,0.4410255887,0.5909085138,0.5886523403,0.615819209
483,1.0,0.0,0.0,0.0,1.0,1.0,0.259684079,0.3112137101,0.4478631772,0.5855266439,0.5943059128,0.6114281896
484,1.0,0.0,0.0,0.0,1.0,1.0,0.2642592538,0.317198679,0.4389830726,0.5833324062,0.5921983907,0.6089385813
485,1.0,0.0,0.0,0.0,1.0,1.0,0.2634582852,0.3087562874,0.4387755405,0.5870961734,0.5821428613,0.6242778658
486,1.0,0.0,0.0,0.0,1.0,1.0,0.2485744963,0.3102960075,0.4391079654,0.6000005964,0.5812274396,0.6046506659
487,1.0,0.0,0.0,0.0,1.0,1.0,0.2682264374,0.3175121195,0.4444445062,0.5859866017,0.5884473443,0.6193175871
488,1.0,0.0,0.0,0.0,1.0,1.0,0.2677684445,0.3199649419,0.4453924946,0.5987253985,0.5863308155,0.6179779629
489,1.0,0.0,0.0,0.0,1.0,1.0,0.2580314053,0.3120999996,0.4423407525,0.6000002895,0.5848374928,0.6127166977
490,1.0,0.0,0.0,0.0,1.0,1.0,0.2559123635,0.313693347,0.4429065918,0.6013514894,0.5875913961,0.6104656782
491,1.0,0.0,0.0,0.0,1.0,1.0,0.245936248,0.3049765355,0.4450263397,0.5957446483,0.5882352241,0.6084334685
492,1.0,0.0,0.0,0.0,1.0,1.0,0.2589859667,0.3166731742,0.4504349035,0.597315196,0.5934064003,0.6011555562
493,1.0,0.0,0.0,0.0,1.0,1.0,0.2489898567,0.3093507581,0.4477352053,0.6013998457,0.5860805173,0.609467538
494,1.0,0.0,0.0,0.0,1.0,1.0,0.2546239323,0.3111816531,0.4332754656,0.6054427333,0.5787546666,0.617647096
495,1.0,0.0,0.0,0.0,1.0,1.0,0.2524907754,0.3100456454,0.4421052373,0.5972222638,0.5839416833,0.6117650489
496,1.0,0.0,0.0,0.0,1.0,1.0,0.2607998578,0.3150411505,0.4518389815,0.5906034984,0.5978262423,0.6091951487
497,1.0,0.0,0.0,0.0,1.0,1.0,0.2692157546,0.3150412967,0.4436620046,0.5816988763,0.5869563859,0.6091958156
498,1.0,0.0,0.0,0.0,1.0,1.0,0.2703550847,0.3072486463,0.4415356899,0.5870969809,0.5901060354,0.60919506
499,1.0,0.0,0.0,0.0,1.0,1.0,0.2720992711,0.3022787838,0.4328096683,0.5833330986,0.5874127538,0.6127157647
500,1.0,0.0,0.0,0.0,1.0,1.0,0.2637418968,0.2912167475,0.440972158,0.5921052439,0.596551827,0.6213010524
501,1.0,0.0,0.0,0.0,1.0,1.0,0.2690804041,0.2967095336,0.4493006585,0.5909094818,0.6111110686,0.6140350198
502,1.0,0.0,0.0,0.0,1.0,1.0,0.2576958704,0.2843239601,0.4407665931,0.6081080088,0.6000000749,0.6181823933
503,1.0,0.0,0.0,0.0,1.0,1.0,0.2660512341,0.2835787168,0.4325745061,0.6250003588,0.5951555579,0.628049105
504,1.0,0.0,0.0,0.0,1.0,1.0,0.2719328384,0.2907783033,0.4363957338,0.6233764943,0.5923345903,0.6227540677
505,1.0,0.0,0.0,0.0,1.0,1.0,0.2764412871,0.2925196154,0.4361701266,0.6153847227,0.5888499577,0.6369040294
506,1.0,0.0,0.0,0.0,1.0,1.0,0.2720902497,0.2928186062,0.4395017693,0.6143784422,0.5929824879,0.6227546606
507,1.0,0.0,0.0,0.0,1.0,1.0,0.2772301273,0.2942608731,0.436395654,0.6050956114,0.5888501703,0.6213007713
508,1.0,0.0,0.0,0.0,1.0,1.0,0.2767414863,0.2935420196,0.4320988455,0.6178353785,0.5839160747,0.6309520742
509,1.0,0.0,0.0,0.0,1.0,1.0,0.2855549004,0.3001793451,0.4391534494,0.6049387071,0.5868054192,0.6300577007
510,1.0,0.0,0.0,0.0,1.0,1.0,0.2770383119,0.2932387214,0.4315789433,0.6139243911,0.5833332073,0.6272190646
511,1.0,0.0,0.0,0.0,1.0,1.0,0.2722555641,0.2949740549,0.4305800802,0.6064513667,0.5833331433,0.6176463765
512,1.0,0.0,0.0,0.0,1.0,1.0,0.2686106924,0.2907783962,0.4293193697,0.6168827055,0.5853658905,0.6167667858
513,1.0,0.0,0.0,0.0,1.0,1.0,0.2564011966,0.2855549116,0.4258290189,0.61904783,0.5783974483,0.6158542963
514,1.0,0.0,0.0,0.0,1.0,1.0,0.2738436077,0.294662925,0.4380452981,0.6178343682,0.5931035943,0.6257316918
515,1.0,0.0,0.0,0.0,1.0,1.0,0.2643007359,0.2907783106,0.4343256732,0.6158933903,0.5888503606,0.6167665384
516,1.0,0.0,0.0,0.0,1.0,1.0,0.2633783493,0.2870369137,0.4293194542,0.622516537,0.5882353165,0.6265064236
517,1.0,0.0,0.0,0.0,1.0,1.0,0.2746290171,0.2946630315,0.4295651752,0.613924561,0.5965514665,0.6315799106
518,1.0,0.0,0.0,0.0,1.0,1.0,0.2858054007,0.2974116808,0.435087679,0.595092345,0.5916954665,0.6220930528
519,1.0,0.0,0.0,0.0,1.0,1.0,0.2891241559,0.3005314559,0.4357142358,0.6049384025,0.5804195673,0.6337206907
520,1.0,0.0,0.0,0.0,1.0,1.0,0.2858115291,0.2973689681,0.4316546239,0.6100623825,0.580985742,0.633136876
521,1.0,0.0,0.0,0.0,1.0,1.0,0.2924761245,0.2980792786,0.4524236341,0.6012268959,0.5964914083,0.6235298472
522,1.0,0.0,0.0,0.0,1.0,1.0,0.2819403395,0.2931225294,0.4502712706,0.6089734016,0.5971729823,0.6325304126
523,1.0,0.0,0.0,0.0,1.0,1.0,0.2906815228,0.2952898625,0.4470375993,0.6234577798,0.5944054764,0.6331366659
524,1.0,0.0,0.0,0.0,1.0,1.0,0.2865783939,0.2890371087,0.4301075962,0.6187498637,0.5818816786,0.6385553406
525,1.0,0.0,0.0,0.0,1.0,1.0,0.2863266309,0.2885712301,0.3909909514,0.6163512201,0.5422537216,0.640243734
526,1.0,0.0,0.0,0.0,1.0,1.0,0.2868433414,0.290617967,0.3935018587,0.6226414587,0.5425530947,0.6463419089
527,1.0,0.0,0.0,0.0,1.0,1.0,0.2863265382,0.2878250266,0.3963963912,0.6289306987,0.5477034213,0.6380366159
528,1.0,0.0,0.0,0.0,1.0,1.0,0.2894067439,0.2903310421,0.3920862995,0.6273290178,0.5457745142,0.6424239017
529,1.0,0.0,0.0,0.0,1.0,1.0,0.2858118298,0.2903310363,0.4010790664,0.6352202097,0.5528170105,0.6424247335
530,1.0,0.0,0.0,0.0,1.0,1.0,0.2881273094,0.2885714211,0.3999999618,0.6124998177,0.5528170683,0.6341467516
531,1.0,0.0,0.0,0.0,1.0,1.0,0.2786212418,0.2895911427,0.3992806034,0.6258065234,0.5441696261,0.6280488847
532,1.0,0.0,0.0,0.0,1.0,1.0,0.2776227639,0.285052081,0.4050179163,0.6129024602,0.5528170516,0.6234575157
533,1.0,0.0,0.0,0.0,1.0,1.0,0.2883693076,0.2910657799,0.4032257742,0.6149074471,0.5543858865,0.6265056848
534,1.0,0.0,0.0,0.0,1.0,1.0,0.2878534617,0.2928185227,0.4132379528,0.6149077216,0.5649122303,0.640718671
535,1.0,0.0,0.0,0.0,1.0,1.0,0.2865784225,0.2925197879,0.4444444232,0.6187496408,0.5993031307,0.6547615411
536,1.0,0.0,0.0,0.0,1.0,1.0,0.2973248251,0.2977431759,0.4462365074,0.6144576305,0.5958188373,0.6315796681
537,1.0,0.0,0.0,0.0,1.0,1.0,0.2989324419,0.2977431859,0.4468468632,0.6204818346,0.6027875992,0.6432747733
538,1.0,0.0,0.0,0.0,1.0,1.0,0.2975164474,0.2956828924,0.4474152699,0.6107785368,0.602076264,0.6374262526
539,1.0,0.0,0.0,0.0,1.0,1.0,0.2901605128,0.2922244999,0.442652247,0.6172841471,0.6020761464,0.6390529535
540,1.0,0.0,0.0,0.0,1.0,1.0,0.2987465438,0.292519374,0.4547100892,0.630302346,0.6062719401,0.6547626399
541,1.0,0.0,0.0,0.0,1.0,1.0,0.2949174811,0.2917952202,0.4480873435,0.6296296296,0.6048948482,0.6467067238
542,1.0,0.0,0.0,0.0,1.0,1.0,0.2958634312,0.2887660329,0.4440433981,0.6280487566,0.5986157373,0.6526944108
543,1.0,0.0,0.0,0.0,1.0,1.0,0.2912041163,0.2857995414,0.4424460222,0.6419750449,0.6061644127,0.6586819832
544,1.0,0.0,0.0,0.0,1.0,1.0,0.2889296289,0.2816299151,0.4327272905,0.6352189667,0.5945018059,0.6585362329
545,1.0,0.0,0.0,0.0,1.0,1.0,0.2873851093,0.2738197184,0.4450549852,0.630573923,0.6130135429,0.6499997975
546,1.0,0.0,0.0,0.0,1.0,1.0,0.2899841509,0.2780013907,0.4507298838,0.6226417862,0.6143344846,0.6441713482
547,1.0,0.0,0.0,0.0,1.0,1.0,0.2826888027,0.2749330021,0.4397810489,0.6451612453,0.5986159377,0.6603766648
548,1.0,0.0,0.0,0.0,1.0,1.0,0.2902190874,0.2781954019,0.4392015215,0.631249339,0.6013746268,0.66049348
549,1.0,0.0,0.0,0.0,1.0,1.0,0.2930966592,0.2818495854,0.4462659066,0.6273298408,0.6055363438,0.6564415232
550,1.0,0.0,0.0,0.0,1.0,1.0,0.286336483,0.2757083596,0.4489051232,0.6433123215,0.6034480893,0.6562494926
551,1.0,0.0,0.0,0.0,1.0,1.0,0.2943812282,0.283346786,0.4490909509,0.6234566404,0.6082475966,0.6424249561
552,1.0,0.0,0.0,0.0,1.0,1.0,0.2858148456,0.2721083266,0.4444445435,0.6305739901,0.6027396036,0.6666662104
553,1.0,0.0,0.0,0.0,1.0,1.0,0.2852954999,0.2747604355,0.4381819443,0.6369430427,0.6013746023,0.6624995956
554,1.0,0.0,0.0,0.0,1.0,1.0,0.2935299735,0.2831180223,0.4360360108,0.6319021623,0.6006828185,0.656627047
555,1.0,0.0,0.0,0.0,1.0,1.0,0.2863264693,0.2764778841,0.4414414965,0.6289299608,0.6013747357,0.6583849075
556,1.0,0.0,0.0,0.0,1.0,1.0,0.279123211,0.2728853595,0.4342343177,0.6387094032,0.5972698015,0.6749999004
557,1.0,0.0,0.0,0.0,1.0,1.0,0.290976925,0.2772422996,0.4520796579,0.6211175803,0.6061643886,0.6543210205
558,1.0,0.0,0.0,0.0,1.0,1.0,0.2994718143,0.2865292911,0.4440432995,0.6204828993,0.6040954902,0.6547623178
559,1.0,0.0,0.0,0.0,1.0,1.0,0.2941684656,0.2808776264,0.4387567933,0.6211175167,0.6034480255,0.6503062965
560,1.0,0.0,0.0,0.0,1.0,1.0,0.2930968181,0.2789538212,0.4426228492,0.6273294389,0.5993153055,0.6564419421
561,1.0,0.0,0.0,0.0,1.0,1.0,0.2852955063,0.2686854269,0.4509090124,0.6369426664,0.609588803,0.6624208994
562,1.0,0.0,0.0,0.0,1.0,1.0,0.293846855,0.2728850201,0.4464609167,0.6296298245,0.6109213169,0.6562506658
563,1.0,0.0,0.0,0.0,1.0,1.0,0.2925637289,0.2721083027,0.4490909837,0.6335409478,0.6061643,0.6603771021
564,1.0,0.0,0.0,0.0,1.0,1.0,0.2976677296,0.2768727516,0.4458484353,0.6242422448,0.6047297879,0.6463409896
565,1.0,0.0,0.0,0.0,1.0,1.0,0.2896933512,0.2719566312,0.4474637143,0.631249958,0.6054421769,0.65625
566,1.0,0.0,0.0,0.0,1.0,1.0,0.2936316093,0.2728852334,0.4452555177,0.6397511352,0.6040956526,0.6624997632
567,1.0,0.0,0.0,0.0,1.0,1.0,0.2949173895,0.2721083711,0.4426229864,0.6358017746,0.6027395073,0.6729564813
568,1.0,0.0,0.0,0.0,1.0,1.0,0.2951247935,0.2710354204,0.4565217692,0.625767068,0.6135591356,0.6499993871
569,1.0,0.0,0.0,0.0,1.0,1.0,0.2858115723,0.2659530915,0.4478416619,0.6352203454,0.6033900365,0.656051631
570,1.0,0.0,0.0,0.0,1.0,1.0,0.2868432486,0.2634581832,0.4422381704,0.635219628,0.602040933,0.6580640375
571,1.0,0.0,0.0,0.0,1.0,1.0,0.2868433518,0.268557923,0.4404331415,0.635220646,0.5986396079,0.65822812
572,1.0,0.0,0.0,0.0,1.0,1.0,0.2909768531,0.2668577729,0.4358046019,0.6211176963,0.5918365327,0.6496816949
573,1.0,0.0,0.0,0.0,1.0,1.0,0.2837474713,0.2625651757,0.4376130985,0.6369420494,0.5999999264,0.6516137532
574,1.0,0.0,0.0,0.0,1.0,1.0,0.2850393804,0.2676470962,0.4494583693,0.6455688992,0.6101694608,0.6518997213
575,1.0,0.0,0.0,0.0,1.0,1.0,0.2969358277,0.2762963876,0.4420289528,0.6402440638,0.5972695627,0.654321302
576,1.0,0.0,0.0,0.0,1.0,1.0,0.293314309,0.2721081047,0.4365941759,0.6419753901,0.609589016,0.6603777135
577,1.0,0.0,0.0,0.0,1.0,1.0,0.2878827659,0.2677687235,0.4420289579,0.6352200147,0.6040955191,0.6560506136
578,1.0,0.0,0.0,0.0,1.0,1.0,0.2832356362,0.262651845,0.4386280646,0.6433113491,0.6006824998,0.6558445609
579,1.0,0.0,0.0,0.0,1.0,1.0,0.2766311883,0.259990128,0.4125000074,0.6516122194,0.594594625,0.6688299613
580,1.0,0.0,0.0,0.0,1.0,1.0,0.2792035274,0.2641623238,0.4199288837,0.6560502915,0.5925924961,0.6624212435
581,1.0,0.0,0.0,0.0,1.0,1.0,0.2827249234,0.2651582084,0.4270270394,0.6687895505,0.6020410889,0.6794869701
582,1.0,0.0,0.0,0.0,1.0,1.0,0.2753936218,0.2610223905,0.4215328846,0.6556295294,0.6013747536,0.6644744265
583,1.0,0.0,0.0,0.0,1.0,1.0,0.2752085629,0.2618402609,0.4402174535,0.6513159131,0.6095891003,0.6535952313
584,1.0,0.0,0.0,0.0,1.0,1.0,0.2798436378,0.2626519377,0.4400000714,0.6428581549,0.6109215385,0.6623379752
585,1.0,0.0,0.0,0.0,1.0,1.0,0.2915037781,0.2762962524,0.4420290777,0.6459623999,0.6211606801,0.6666666667
586,1.0,0.0,0.0,0.0,1.0,1.0,0.2896933127,0.273819749,0.4438405167,0.6437501493,0.6164384757,0.6625006305
587,1.0,0.0,0.0,0.0,1.0,1.0,0.2834781423,0.2730433855,0.4436364417,0.6538456144,0.6185564531,0.6603766315
588,1.0,0.0,0.0,0.0,1.0,1.0,0.2824510848,0.2694741447,0.4510869996,0.6538455063,0.6313992448,0.6582284969
589,1.0,0.0,0.0,0.0,1.0,1.0,0.2567370838,0.2498605306,0.4330276351,0.6714290672,0.6041667625,0.6736113134
590,1.0,0.0,0.0,0.0,1.0,1.0,0.257741028,0.2446187327,0.4378478946,0.6618703695,0.6013986146,0.6642856482
591,1.0,0.0,0.0,0.0,1.0,1.0,0.2650452232,0.2507309207,0.4401473268,0.6458331491,0.6097559804,0.6597221608
592,1.0,0.0,0.0,0.0,1.0,1.0,0.2715875202,0.2592409335,0.4438405977,0.6600005456,0.6143345587,0.6644741783
593,1.0,0.0,0.0,0.0,1.0,1.0,0.2799853158,0.2701192851,0.4343970674,0.6582278124,0.6114864458,0.6750000349
594,1.0,0.0,0.0,0.0,1.0,1.0,0.2760189401,0.2652631219,0.4458484019,0.6601307095,0.6198631686,0.6709678991
595,1.0,0.0,0.0,0.0,1.0,1.0,0.2826887178,0.2661742786,0.4397811547,0.6645158322,0.6151202683,0.6774194012
596,1.0,0.0,0.0,0.0,1.0,1.0,0.2727416131,0.2628288385,0.4395603662,0.671140873,0.608996431,0.6907889065
597,1.0,0.0,0.0,0.0,1.0,1.0,0.2855546102,0.2735312201,0.4434137682,0.6428569457,0.6140351531,0.6666666667
598,1.0,0.0,0.0,0.0,1.0,1.0,0.283144074,0.2675811899,0.4521574587,0.6556294915,0.6134749767,0.6556280531
599,1.0,0.0,0.0,0.0,1.0,1.0,0.2858182723,0.2717776788,0.444649346,0.658064392,0.6175438059,0.6580652962
600,1.0,0.0,0.0,0.0,1.0,1.0,0.2786547085,0.2604179742,0.4405204795,0.6600005476,0.6091549001,0.6554060074
601,1.0,0.0,0.0,0.0,1.0,1.0,0.2677748154,0.251645019,0.4396226525,0.6690141153,0.6035715458,0.6666666667
602,1.0,0.0,0.0,0.0,1.0,1.0,0.2732554463,0.2596416874,0.4400749493,0.6575346066,0.59430612,0.6575336466
603,1.0,0.0,0.0,0.0,1.0,1.0,0.2795512675,0.2619224631,0.4424131454,0.6601310375,0.6068965745,0.6578948475
604,1.0,0.0,0.0,0.0,1.0,1.0,0.2860719314,0.2659530852,0.442028886,0.6392406208,0.6067797191,0.6496816
605,1.0,0.0,0.0,0.0,1.0,1.0,0.2810927377,0.2627395559,0.444852961,0.6535941673,0.6116839284,0.6601301801
606,1.0,0.0,0.0,0.0,1.0,1.0,0.2826515234,0.262740039,0.4491681644,0.647058907,0.6082475725,0.6601299681
607,1.0,0.0,0.0,0.0,1.0,1.0,0.2767972153,0.2550660431,0.4442378437,0.6510065517,0.6006944055,0.6530610217
608,1.0,0.0,0.0,0.0,1.0,1.0,0.2650456727,0.2464143812,0.4364640538,0.6527783698,0.6000001511,0.6713276208
609,1.0,0.0,0.0,0.0,1.0,1.0,0.282411071,0.2601995381,0.4422019322,0.6558437702,0.5999999267,0.6490062774
610,1.0,0.0,0.0,0.0,1.0,1.0,0.2628163351,0.2368919021,0.4574074695,0.6408450597,0.6055363335,0.6569342491
611,1.0,0.0,0.0,0.0,1.0,1.0,0.2420086776,0.2188430106,0.4695010179,0.6106870731,0.6103445641,0.6220480182
612,1.0,0.0,0.0,0.0,1.0,1.0,0.2503310445,0.2219039796,0.4726930411,0.6090216766,0.6048950749,0.6220470062
613,1.0,0.0,0.0,0.0,1.0,1.0,0.2503311383,0.2271459501,0.4708098755,0.631578057,0.6048952873,0.6230774919
614,1.0,0.0,0.0,0.0,1.0,1.0,0.2512671464,0.2298368335,0.4652906865,0.6268650209,0.6062718256,0.6287873821
615,1.0,0.0,0.0,0.0,1.0,1.0,0.2456417661,0.2236516087,0.4784241133,0.6183206107,0.6153846721,0.625
616,1.0,0.0,0.0,0.0,1.0,1.0,0.2418311391,0.219389903,0.4763705138,0.617187114,0.6132402647,0.6111107393
617,1.0,0.0,0.0,0.0,1.0,1.0,0.2433097686,0.221329633,0.4831459911,0.6153852292,0.6124567313,0.6328114743
618,1.0,0.0,0.0,0.0,1.0,1.0,0.2342736506,0.2092257122,0.4782609026,0.6129036961,0.6055362192,0.6115702068
619,1.0,0.0,0.0,0.0,1.0,1.0,0.2331395854,0.2109550047,0.493307746,0.6147535491,0.619377214,0.6065582783
620,1.0,0.0,0.0,0.0,1.0,1.0,0.2337096857,0.2136737662,0.4885932006,0.6097563824,0.6137931303,0.604838683
621,1.0,0.0,0.0,0.0,1.0,1.0,0.2229379323,0.2126836975,0.4839319609,0.6186440988,0.6124567422,0.6178869341
622,1.0,0.0,0.0,0.0,1.0,1.0,0.2340703685,0.2217192331,0.4758363988,0.6507940809,0.617747321,0.6384620814
623,1.0,0.0,0.0,0.0,1.0,1.0,0.2375098468,0.2263543684,0.4809885958,0.6559997039,0.6271779172,0.6461538213
624,1.0,0.0,0.0,0.0,1.0,1.0,0.2341546005,0.2280954609,0.4819047298,0.6585368391,0.6271776822,0.6335881217
625,1.0,0.0,0.0,0.0,1.0,1.0,0.2284436726,0.2252265892,0.4780953968,0.6499998216,0.6232394287,0.632812291
626,1.0,0.0,0.0,0.0,1.0,1.0,0.2145804122,0.2013012743,0.4835589291,0.6486481253,0.6183747394,0.631577955
627,1.0,0.0,0.0,0.0,1.0,1.0,0.1727916365,0.1707230998,0.4636542523,0.6363640464,0.5907472669,0.5833343669
628,1.0,0.0,0.0,0.0,1.0,1.0,0.1291649902,0.1653351334,0.46398308,0.6393431165,0.5650557581,0.5056190785
629,1.0,0.0,0.0,0.0,1.0,1.0,0.1511033522,0.1348167664,0.4665226073,0.6571436279,0.5683453579,0.5466685129
630,1.0,-0.7853981853,0.0,0.0,1.0,1.0,0.160907625,0.1276267108,0.4331066261,0.591549371,0.5359713284,0.5352113052
631,1.0,-0.7853981853,0.0,0.0,1.0,1.0,0.200811684,0.1515398012,0.3903002161,0.6321840305,0.5018049129,0.5952375699
632,1.0,-0.7853981853,0.0,0.0,1.0,1.0,0.2409155786,0.1807109426,0.3460621838,0.6633676449,0.4575644745,0.6020411737
633,1.0,-0.7853981853,0.0,0.0,1.0,1.0,0.2653814883,0.1939217261,0.3349574245,0.6513771796,0.4477613464,0.6057691959
634,1.0,-0.7853981853,0.0,0.0,1.0,1.0,0.2887273886,0.2021134929,0.3234567594,0.6410258534,0.4471243996,0.5963305852
635,1.0,-0.7853981853,0.0,0.0,1.0,1.0,0.2880163767,0.1987837571,0.3300491962,0.6666677756,0.462246822,0.638888038
636,1.0,-0.7853981853,0.0,0.0,1.0,1.0,0.3139347115,0.2113847677,0.2858895398,0.6562504657,0.4174398331,0.6403502755
637,1.0,-0.7853981853,0.0,0.0,1.0,1.0,0.333978263,0.2140331396,0.2867830465,0.6641790412,0.4189945256,0.6608688639
638,1.0,-0.7853981853,0.0,0.0,1.0,1.0,0.3560350572,0.2245935902,0.2926207363,0.6571427016,0.4307116719,0.6666677253
639,1.0,-0.7853981853,0.0,0.0,1.0,1.0,0.3521607444,0.2154929897,0.2903224954,0.6197181368,0.4163568599,0.6379306312
640,1.0,-0.7853981853,0.0,0.0,1.0,1.0,0.3769605655,0.2370001531,0.2679900074,0.6315789474,0.4080883863,0.6511629239
641,1.0,-0.7853981853,0.0,0.0,1.0,1.0,0.3789229927,0.2202472274,0.2837150103,0.6442949083,0.4148147791,0.6638659665
642,1.0,-0.7853981853,0.0,0.0,1.0,1.0,0.3839961117,0.2186879939,0.2789473866,0.6438352813,0.4011516405,0.675438611
643,1.0,-0.7853981853,0.0,0.0,1.0,1.0,0.3892566981,0.2188701392,0.2828948279,0.6486480998,0.3972869049,0.6725654449
644,1.0,-0.7853981853,0.0,0.0,1.0,1.0,0.4092829918,0.2276719101,0.2840157497,0.6322575654,0.4073356503,0.6610169227
645,1.0,-0.7853981853,0.0,0.0,1.0,1.0,0.4013610128,0.2299093721,0.2945838529,0.6250001566,0.418251117,0.6198344246
646,1.0,-0.7853981853,0.0,0.0,1.0,1.0,0.4103668953,0.2394888064,0.2860925854,0.6322578333,0.4018865645,0.6535429053
647,1.0,-0.7853981853,0.0,0.0,1.0,1.0,0.4066423453,0.2239801408,0.3143988833,0.6298709032,0.4312617281,0.6386555311
648,1.0,-0.7853981853,0.0,0.0,1.0,1.0,0.4104374074,0.2318096553,0.2986666345,0.6363639772,0.4144484078,0.6557382739
649,1.0,-0.7853981853,0.0,0.0,1.0,1.0,0.4237638141,0.2343650439,0.3120000184,0.6477985602,0.4282944248,0.6528932817
650,1.0,-0.7853981853,0.0,0.0,1.0,1.0,0.4294684083,0.2431590459,0.3050397935,0.6481485841,0.4195402679,0.6614179196
651,1.0,-0.7853981853,0.0,0.0,1.0,1.0,0.4239247804,0.237415416,0.300671251,0.6518983585,0.421456079,0.6532252444
652,1.0,-0.7853981853,0.0,0.0,1.0,1.0,0.4231990024,0.2411782371,0.2982688561,0.647799012,0.4208496475,0.6719994807
653,1.0,-0.7853981853,0.0,0.0,1.0,1.0,0.440613965,0.2522862154,0.2782257609,0.6524391704,0.4038835367,0.6692312228
654,1.0,-0.7853981853,0.0,0.0,1.0,1.0,0.4403419212,0.2522677331,0.2857143943,0.6545453708,0.4104043833,0.656488959
655,1.0,-0.7853981853,0.0,0.0,1.0,1.0,0.4376727377,0.244094259,0.2923899505,0.6646345953,0.4230769939,0.6614179764
656,1.0,-0.7853981853,0.0,0.0,1.0,1.0,0.4483981294,0.2484050381,0.3243243407,0.6686748094,0.4601942092,0.6953126641
657,1.0,-0.7853981853,0.0,0.0,1.0,1.0,0.4415831914,0.2629127658,0.3908495972,0.6745558907,0.5298507356,0.7021275728
658,1.0,-0.7853981853,0.0,0.0,1.0,1.0,0.4513609945,0.2953742192,0.4012904559,0.6628573243,0.5353159719,0.6855338937
659,1.0,-0.7853981853,0.0,0.0,1.0,1.0,0.4455952948,0.2972793026,0.4093199978,0.6610168938,0.5510949405,0.687116905
660,1.0,-0.7853981853,0.0,0.0,1.0,1.0,0.4334633402,0.2923413376,0.3841388237,0.6799998349,0.5319927724,0.7062493793
661,1.0,-0.7853981853,0.0,0.0,1.0,1.0,0.4272795806,0.2858145894,0.386977863,0.6724141342,0.5264115181,0.707005935
662,1.0,-0.7853981853,0.0,0.0,1.0,1.0,0.4300776665,0.2750263655,0.3765280407,0.6534083493,0.5215826964,0.6928108586
663,1.0,-0.7853981853,0.0,0.0,1.0,1.0,0.4302316706,0.288127457,0.3857314564,0.6629211724,0.5351351858,0.7124990857
664,1.0,-0.7853981853,0.0,0.0,1.0,1.0,0.4137280537,0.2855548123,0.3838747624,0.6453482949,0.5262207301,0.6898740081
665,1.0,-0.7853981853,0.0,0.0,1.0,1.0,0.4002562091,0.264824983,0.3836930498,0.6586825017,0.5281306355,0.6849309206
666,1.0,-0.7853981853,0.0,0.0,1.0,1.0,0.3774118041,0.2525091236,0.4358975148,0.6728396716,0.5830388775,0.6853153406
667,1.0,-0.7853981853,0.0,0.0,1.0,1.0,0.3950733066,0.2395057769,0.4329411711,0.6726197784,0.5783785716,0.6766921543
668,1.0,-0.7853981853,0.0,0.0,1.0,1.0,0.368771969,0.2252764978,0.4500587679,0.656050487,0.5849730762,0.6587311449
669,1.0,-0.7853981853,0.0,0.0,1.0,1.0,0.3583564814,0.2193020935,0.441210785,0.6493508672,0.57913639,0.6475411572
670,1.0,-0.7853981853,0.0,0.0,1.0,1.0,0.3539687799,0.2263231032,0.4236111959,0.6470598183,0.5724637263,0.6319999873
671,1.0,-0.7853981853,0.0,0.0,1.0,1.0,0.3646459999,0.2350602232,0.4416016879,0.6402442233,0.5853657599,0.61481498
672,1.0,-0.7853981853,0.0,0.0,1.0,1.0,0.3535288555,0.2228721875,0.4238042506,0.6415093872,0.5714285714,0.6171883902
673,1.0,-0.7853981853,0.0,0.0,1.0,1.0,0.3488721374,0.2104989333,0.4379802227,0.6477984569,0.5924657249,0.6260163632
674,1.0,-0.7853981853,0.0,0.0,1.0,1.0,0.3486676737,0.2112912998,0.4214516896,0.6397510892,0.5738253917,0.6190480516
675,1.0,-0.7853981853,0.0,0.0,1.0,1.0,0.3356905835,0.2019422321,0.4198473803,0.6558437161,0.5753422968,0.6186448168
676,1.0,-0.7853981853,0.0,0.0,1.0,1.0,0.3374457211,0.1941484867,0.4215054297,0.6560516407,0.5743243666,0.6260870188
677,1.0,-0.7853981853,0.0,0.0,1.0,1.0,0.3352829172,0.2063694774,0.4102563607,0.64331295,0.5665528554,0.6033056341
678,1.0,0.0,0.0,0.0,1.0,1.0,0.3275482946,0.2009012712,0.399159562,0.6474365088,0.5641892311,0.6134451053
679,1.0,0.0,0.0,0.0,1.0,1.0,0.3265606195,0.1978760195,0.4027055305,0.630573288,0.5671140049,0.5932213771
680,1.0,0.0,0.0,0.0,1.0,1.0,0.3214696189,0.1861374574,0.4103092134,0.634615688,0.5805370513,0.6036047023
681,1.0,0.0,0.0,0.0,1.0,1.0,0.30862101,0.1924602523,0.3967280771,0.6357619576,0.5675675395,0.6052624489
682,1.0,0.0,0.0,0.0,1.0,1.0,0.2793916023,0.1512759329,0.4141829555,0.654411522,0.5952378722,0.6292119631
683,1.0,0.0,0.0,0.0,1.0,1.0,0.2829743553,0.1755774981,0.4257027276,0.6312057039,0.5979728534,0.6153849107
684,1.0,0.0,0.0,0.0,1.0,1.0,0.2657246773,0.1772658209,0.4781746957,0.5970143356,0.6351350469,0.6190478961
685,1.0,0.0,0.0,0.0,1.0,1.0,0.2454078182,0.1665736963,0.4495050113,0.604838947,0.6116839062,0.6494857645
686,1.0,0.0,0.0,0.0,1.0,1.0,0.2392488072,0.1598432574,0.4613899748,0.6209685598,0.6127946338,0.6526315104
687,1.0,0.0,0.0,0.0,1.0,1.0,0.232384495,0.1772655634,0.4461248292,0.5934955847,0.6047297442,0.6285713132
688,1.0,0.0,0.0,0.0,1.0,1.0,0.2378711906,0.1821899804,0.4568139401,0.6048385078,0.6076388353,0.619047619
689,1.0,0.0,0.0,0.0,1.0,1.0,0.2384166261,0.1821898285,0.4541983399,0.6079998814,0.6076386458,0.6190469655
690,1.0,0.0,0.0,0.0,1.0,1.0,0.2195305416,0.1683453663,0.4547205862,0.6052622961,0.6063830408,0.6526323089
691,1.0,0.0,0.0,0.0,1.0,1.0,0.2167695652,0.1630297265,0.4376200382,0.6106191468,0.6028370781,0.6630442458
692,1.0,0.0,0.0,0.0,1.0,1.0,0.2223093045,0.1765800341,0.4372624078,0.6153852903,0.5901060045,0.6499998973
693,1.0,0.0,0.0,0.0,1.0,1.0,0.2171072613,0.1683269801,0.4513108588,0.6120686343,0.5964913456,0.6666666667
694,1.0,0.0,0.0,0.0,1.0,1.0,0.2148334586,0.1712824719,0.437383109,0.6434776163,0.5936396603,0.6701023857
695,1.0,0.0,0.0,0.0,1.0,1.0,0.207749155,0.1701179499,0.4344569696,0.6216207043,0.5851064958,0.6250002886
696,1.0,0.0,0.0,0.0,1.0,1.0,0.1969162895,0.1701176085,0.4368029809,0.6415090974,0.5921985235,0.6562488374
697,1.0,0.0,0.0,0.0,1.0,1.0,0.1950584061,0.1642191578,0.4349441329,0.6571422661,0.5865725479,0.6774200329
698,1.0,0.0,0.0,0.0,1.0,1.0,0.1861157331,0.1588398007,0.4320297565,0.6500016107,0.5821429023,0.6629201012
699,1.0,0.0,0.0,0.0,1.0,1.0,0.1743867197,0.1599826343,0.4615385433,0.6344090075,0.5971221315,0.6404498548
700,1.0,0.0,0.0,0.0,1.0,1.0,0.1543396907,0.1468712631,0.4350281692,0.6585363242,0.5806451613,0.6585354099
701,1.0,0.0,0.0,0.0,1.0,1.0,0.1524571635,0.1461277305,0.4444444339,0.6790133019,0.5812276082,0.6790108034
702,1.0,0.0,0.0,0.0,1.0,1.0,0.1606581411,0.1545901143,0.4355140868,0.662789909,0.5791369091,0.662789909
703,1.0,0.0,0.0,0.0,1.0,1.0,0.1828921071,0.1630293774,0.4454714331,0.6464635151,0.5957447118,0.6630447641
704,1.0,0.0,0.0,0.0,1.0,1.0,0.1788671112,0.1606874099,0.4557196466,0.6494845146,0.6077739852,0.6483515751
705,1.0,0.0,0.0,0.0,1.0,1.0,0.1812173884,0.165991324,0.4322345067,0.6464649336,0.5944055919,0.6421051741
706,1.0,0.0,0.0,0.0,1.0,1.0,0.185217648,0.1613135692,0.4458715914,0.633664063,0.6035088044,0.6521749687
707,1.0,0.0,0.0,0.0,1.0,1.0,0.1769086284,0.1665735784,0.4251824089,0.6597919894,0.5859646455,0.6631584655
708,1.0,0.0,0.0,0.0,1.0,1.0,0.1776786291,0.165388226,0.4222221241,0.6666666667,0.5765123914,0.6451601873
709,1.0,0.0,0.0,0.0,1.0,1.0,0.1842286541,0.1689198732,0.423041413,0.6599996157,0.5739437413,0.6354153
710,1.0,0.0,0.0,0.0,1.0,1.0,0.1858997756,0.1741986802,0.4235728113,0.6534655391,0.5809857884,0.646463132
711,1.0,0.0,0.0,0.0,1.0,1.0,0.1830614457,0.1730482921,0.4227566141,0.6666666667,0.5759716631,0.6428568357
712,1.0,0.0,0.0,0.0,1.0,1.0,0.1872233038,0.1730483251,0.4233240476,0.6568617914,0.5795051778,0.6428562388
713,1.0,0.0,0.0,0.0,1.0,1.0,0.1887835708,0.1807498394,0.4351851364,0.6470593191,0.5851064599,0.6470585757
714,1.0,0.0,0.0,0.0,1.0,1.0,0.1884345095,0.1712825147,0.4547134552,0.6568622428,0.6077739977,0.6701042259
715,1.0,0.0,0.0,0.0,1.0,1.0,0.2017390886,0.1854086973,0.4648147633,0.6422010999,0.6077738478,0.6761908446
716,1.0,0.0,0.0,0.0,1.0,1.0,0.1973304671,0.1823543277,0.4533821433,0.6203712761,0.6035089988,0.6538479924
717,1.0,0.0,0.0,0.0,1.0,1.0,0.191069929,0.1759581476,0.4650735505,0.6442305018,0.6091550269,0.6499997934
718,1.0,0.0,0.0,0.0,1.0,1.0,0.1998886284,0.185211218,0.4550457272,0.6422012328,0.6013985008,0.660375661
719,1.0,0.0,0.0,0.0,1.0,1.0,0.195462923,0.1770941721,0.4649447261,0.6320754335,0.6070176099,0.6534642315
720,1.0,0.0,0.0,0.0,1.0,1.0,0.2045958334,0.1871805903,0.4474637904,0.6371673589,0.6048111684,0.6330276875
721,1.0,0.0,0.0,0.0,1.0,1.0,0.2122228151,0.1906150968,0.4537205139,0.6239318322,0.6082475469,0.6396402627
722,1.0,0.0,0.0,0.0,1.0,1.0,0.2100274014,0.1906154343,0.4547101698,0.6293104545,0.6116840965,0.6486485459
723,1.0,0.0,0.0,0.0,1.0,1.0,0.2046387962,0.1828247428,0.451553996,0.6339282107,0.6027872878,0.6285719562
724,1.0,0.0,0.0,0.0,1.0,1.0,0.2084839085,0.1897894291,0.4254346439,0.6491229757,0.5853658257,0.6697255273
725,1.0,0.0,0.0,0.0,1.0,1.0,0.2323026571,0.2112223496,0.4162162607,0.6511618489,0.5841924797,0.6585355063
726,1.0,0.0,0.0,0.0,1.0,1.0,0.2489584118,0.2215255921,0.4223827205,0.6449268033,0.5876287366,0.674417726
727,1.0,0.0,0.0,0.0,1.0,1.0,0.2534557626,0.2259013435,0.4172661413,0.6382984228,0.5890410556,0.6590914633
728,1.0,0.0,0.0,0.0,1.0,1.0,0.253000699,0.2276127906,0.4201076724,0.6453899954,0.5890411361,0.661653105
729,1.0,0.0,0.0,0.0,1.0,1.0,0.2534301642,0.228685909,0.4249999188,0.6408441408,0.5932203137,0.6592592351
730,1.0,0.0,0.0,0.0,1.0,1.0,0.2480628805,0.2217191146,0.4226619233,0.659419211,0.5938565611,0.6615373234
731,1.0,0.0,0.0,0.0,1.0,1.0,0.2444675985,0.2217190482,0.4136690787,0.6617640109,0.5802049497,0.6692308479
732,1.0,0.0,0.0,0.0,1.0,1.0,0.2377049809,0.2129392128,0.4162161217,0.6666677691,0.5773193249,0.6532261188
733,1.0,0.0,0.0,0.0,1.0,1.0,0.2382185028,0.2158657699,0.4086021548,0.6616543349,0.5748300991,0.6614181026
734,1.0,0.0,0.0,0.0,1.0,1.0,0.2216943651,0.2023091926,0.416363624,0.6803273047,0.5778548273,0.6581205136
735,1.0,0.0,0.0,0.0,1.0,1.0,0.1656327469,0.1719468592,0.4030131377,0.7045464297,0.5627239376,0.6666666667
736,1.0,0.0,0.0,0.0,1.0,1.0,0.1501062654,0.1623643437,0.4315590691,0.7088610927,0.5703971972,0.6666666667
737,1.0,0.0,0.0,0.0,1.0,1.0,0.1392350957,0.1757261524,0.4236641192,0.6986294476,0.5641027078,0.6041657808
738,1.0,0.0,0.0,0.0,1.0,1.0,0.142777413,0.1710070405,0.4563492366,0.5972224101,0.5627377946,0.4888885522
739,1.0,0.0,0.0,0.0,1.0,1.0,0.1552915787,0.1805076984,0.460159347,0.5384630626,0.566539843,0.4526313221
740,1.0,0.0,0.0,0.0,1.0,1.0,0.1475555624,0.1672068023,0.4291338193,0.6533325303,0.5513308326,0.534090697
741,1.0,0.0,0.0,0.0,1.0,1.0,0.1529964066,0.1646806917,0.4493041854,0.6623362786,0.5681817751,0.5862070552
742,1.0,0.0,0.0,0.0,1.0,1.0,0.1402377976,0.1596068201,0.4486165856,0.6901419714,0.5665400221,0.6190483088
743,1.0,0.0,0.0,0.0,1.0,1.0,0.1555550099,0.1628307133,0.4396885811,0.7874997833,0.5842699837,0.7471259395
744,1.0,0.0,0.0,0.0,1.0,1.0,0.1614482881,0.1536178894,0.4288461952,0.7857154635,0.5925924298,0.8192764765
745,1.0,0.0,0.0,0.0,1.0,1.0,0.1768243048,0.1696813282,0.4307691404,0.7391315898,0.5932834886,0.7472538786
746,1.0,0.0,0.0,0.0,1.0,1.0,0.1924158299,0.1876205978,0.4299064987,0.6699018622,0.5956676734,0.7019240135
747,1.0,0.0,0.0,0.0,1.0,1.0,0.2009946815,0.1909646797,0.424354289,0.6972484395,0.5964283842,0.71028117
748,1.0,0.0,0.0,0.0,1.0,1.0,0.1998886126,0.1894248261,0.4411215497,0.6822426325,0.5992781012,0.7047623883
749,1.0,0.0,0.0,0.0,1.0,1.0,0.2100139574,0.1930329945,0.4521575919,0.6785704987,0.6173283801,0.6915887669
750,1.0,0.0,0.0,0.0,1.0,1.0,0.2072917551,0.1952314255,0.4333332611,0.6785716235,0.6057347997,0.6972482209
751,1.0,0.0,0.0,0.0,1.0,1.0,0.2175909831,0.2070273137,0.4354244773,0.6864402759,0.6107144589,0.6982762781
752,1.0,0.0,0.0,0.0,1.0,1.0,0.2276505898,0.2073310523,0.4462963407,0.6585375127,0.6170211323,0.700855027
753,1.0,0.0,0.0,0.0,1.0,1.0,0.2323427648,0.2144193605,0.4372693806,0.6587301848,0.613475137,0.6859490266
754,1.0,0.0,0.0,0.0,1.0,1.0,0.235927655,0.2105969967,0.447955284,0.6692909822,0.6250000916,0.6779651285
755,1.0,0.0,0.0,0.0,1.0,1.0,0.24137496,0.2154593919,0.4339621898,0.6484371239,0.6086957734,0.6806725797
756,1.0,0.0,0.0,0.0,1.0,1.0,0.2531665298,0.2182896613,0.4423441684,0.6492543327,0.6064982118,0.6859503247
757,1.0,0.0,0.0,0.0,1.0,1.0,0.2479675415,0.2064064289,0.4393940658,0.6564885496,0.6050725604,0.6929824561
758,1.0,0.0,0.0,0.0,1.0,1.0,0.2545394504,0.2195203912,0.4475655764,0.6470601046,0.6142857898,0.6747976429
759,1.0,0.0,0.0,0.0,1.0,1.0,0.2587674987,0.2177354073,0.4427768057,0.6521737837,0.6178573077,0.6803288479
760,1.0,0.0,0.0,0.0,1.0,1.0,0.2592534135,0.2203071461,0.451127813,0.6231881248,0.6164875767,0.6666655513
761,1.0,0.0,0.0,0.0,1.0,1.0,0.2522133397,0.2113515875,0.4482108602,0.6268662003,0.6200717906,0.6694914513
762,1.0,0.0,0.0,0.0,1.0,1.0,0.2507962382,0.2123811963,0.4438203021,0.6343283467,0.6178572177,0.6722685586
763,1.0,0.0,0.0,0.0,1.0,1.0,0.255977856,0.2167246144,0.450094137,0.625,0.6200715543,0.669421728
764,1.0,0.0,0.0,0.0,1.0,1.0,0.2517532695,0.2175040617,0.4507574572,0.6240605569,0.6223019231,0.6611571371
765,1.0,0.0,0.0,0.0,1.0,1.0,0.2470102371,0.2071567836,0.4448668775,0.623077828,0.6145457375,0.6666660278
766,1.0,0.0,0.0,0.0,1.0,1.0,0.2546103722,0.2206796753,0.4372623448,0.6268653732,0.6094890689,0.6446282399
767,1.0,0.0,0.0,0.0,1.0,1.0,0.2397895752,0.1955430402,0.468330183,0.615999175,0.6304348726,0.6759269955
768,1.0,0.0,0.0,0.0,1.0,1.0,0.2397894495,0.193732276,0.4664107482,0.6080003315,0.6340577971,0.6915892012
769,1.0,0.0,0.0,0.0,1.0,1.0,0.2493773648,0.2112790504,0.4545454728,0.6046509006,0.6249999523,0.6434775383
770,1.0,0.0,0.0,0.0,1.0,1.0,0.2508251577,0.2097369151,0.4575290808,0.5999996758,0.6277372487,0.6521741521
771,1.0,0.0,0.0,0.0,1.0,1.0,0.2474626559,0.2006179864,0.4644914174,0.6124024099,0.6313869239,0.6545470785
772,1.0,0.0,0.0,0.0,1.0,1.0,0.2479384241,0.2013525076,0.4711537768,0.6201551276,0.6373627224,0.6636371844
773,1.0,0.0,0.0,0.0,1.0,1.0,0.2484052937,0.2013528187,0.4621359181,0.6015615162,0.6300367225,0.6636356976
774,1.0,0.0,0.0,0.0,1.0,1.0,0.2513102094,0.1947441246,0.4642167006,0.6076925846,0.636029146,0.6698115668
775,1.0,0.0,0.0,0.0,1.0,1.0,0.2498605159,0.2013529487,0.4651161512,0.6046521866,0.6373627897,0.6636359117
776,1.0,0.0,0.0,0.0,1.0,1.0,0.2376841089,0.1843991352,0.4736842876,0.6147538674,0.6457566373,0.6699997852
777,1.0,0.0,0.0,0.0,1.0,1.0,0.2474059297,0.1864632503,0.4715128154,0.6111104673,0.6380598176,0.66
778,1.0,0.0,0.0,0.0,1.0,1.0,0.2435287829,0.1887835237,0.4853800245,0.6159999342,0.6518519336,0.6862757741
779,1.0,0.0,0.0,0.0,1.0,1.0,0.2367609978,0.1869328899,0.4737863471,0.6065578238,0.6407406239,0.6732670823
780,1.0,0.0,0.0,0.0,1.0,1.0,0.2421128157,0.192484976,0.4631782171,0.6079991679,0.6333331042,0.673076656
781,1.0,0.0,0.0,0.0,1.0,1.0,0.2449993157,0.2024893252,0.4591439705,0.6190486686,0.6319699519,0.6605508902
782,1.0,0.0,0.0,0.0,1.0,1.0,0.2319788963,0.1892325837,0.46421661,0.608332522,0.6360293113,0.6699039739
783,1.0,0.0,0.0,0.0,1.0,1.0,0.2325622397,0.1823797794,0.4730768286,0.6198349219,0.6313869766,0.6900004123
784,1.0,0.0,0.0,0.0,1.0,1.0,0.2411103693,0.187395663,0.4649805616,0.6048389305,0.6323529068,0.6764710166
785,1.0,0.0,0.0,0.0,1.0,1.0,0.2046571915,0.1395447995,0.4711729666,0.6213586302,0.6301883687,0.6756750085
786,1.0,0.0,0.0,0.0,1.0,1.0,0.1967089701,0.1306092232,0.4711730293,0.4747471788,0.5946972549,0.4637693342
787,1.0,0.0,0.0,0.0,1.0,1.0,0.1895149006,0.1268229939,0.4790418409,0.54736877,0.5984847823,0.5970146916
788,1.0,0.0,0.0,0.0,1.0,1.0,0.1833653642,0.1172424235,0.4717742092,0.6483508179,0.6153847386,0.7213115874
789,1.0,0.0,0.0,0.0,1.0,1.0,0.1951103482,0.139544878,0.4661354681,0.6428580547,0.6226413685,0.7162157974
790,1.0,0.0,0.0,0.0,1.0,1.0,0.2049636251,0.1528995906,0.4726563309,0.6285719975,0.6343283553,0.6951208318
791,1.0,0.0,0.0,0.0,1.0,1.0,0.2006602408,0.1530512929,0.5038609942,0.6346154617,0.6605167173,0.722891536
792,1.0,0.0,0.0,0.0,1.0,1.0,0.2023703606,0.151375225,0.4861508903,0.6415095487,0.6496350165,0.7228928757
793,1.0,0.0,0.0,0.0,1.0,1.0,0.2136936655,0.1563876026,0.4777673493,0.6460178329,0.651079319,0.7241387777
794,1.0,0.0,0.0,0.0,1.0,1.0,0.2052085843,0.1562764049,0.4961977788,0.6388878379,0.66181826,0.7209315121
795,1.0,0.0,0.0,0.0,1.0,1.0,0.2040843742,0.1629127558,0.4828243689,0.6355133466,0.6410256912,0.7303377533
796,1.0,0.0,0.0,0.0,1.0,1.0,0.1944964628,0.1579043143,0.4816955287,0.6732668426,0.6394053352,0.7647060248
797,1.0,0.0,0.0,0.0,1.0,1.0,0.187994947,0.1433023781,0.4817659045,0.6632640522,0.625,0.7564119674
798,1.0,0.0,0.0,0.0,1.0,1.0,0.1895492089,0.1512068255,0.4731800503,0.6767686667,0.6273061999,0.7682945023
799,1.0,0.0,0.0,0.0,1.0,1.0,0.1734731218,0.1301159864,0.4832348174,0.6818178585,0.6037738373,0.7971027201
800,1.0,0.0,0.0,0.0,1.0,1.0,0.1746014173,0.1430499222,0.4979920048,0.5862078154,0.6068702842,0.5599995504
801,1.0,0.0,0.0,0.0,1.0,1.0,0.1861308617,0.1595264821,0.4858299269,0.5326102245,0.5884614867,0.493975842
802,1.0,0.0,0.0,0.0,1.0,1.0,0.1672295969,0.1376592469,0.4921260125,0.6705896476,0.6150940777,0.7123296306
803,1.0,0.0,0.0,0.0,1.0,1.0,0.1704927762,0.1525865812,0.4490195087,0.7356328893,0.5801527744,0.7875001001
804,1.0,0.0,0.0,0.0,1.0,1.0,0.1808332318,0.1559280251,0.4591438732,0.7204292504,0.5977443732,0.7710830713
805,1.0,0.0,0.0,0.0,1.0,1.0,0.1727191545,0.1653071738,0.4427184865,0.7303356347,0.5817490693,0.7471265767
806,1.0,0.0,0.0,0.0,1.0,1.0,0.1801317772,0.1767077094,0.4631781802,0.7096790081,0.6083651435,0.7419359378
807,1.0,0.0,0.0,0.0,1.0,1.0,0.1745667306,0.1678308856,0.4433782185,0.7252751364,0.596226406,0.7640456422
808,1.0,0.0,0.0,0.0,1.0,1.0,0.1725792464,0.1760382016,0.4193548016,0.7802193167,0.5795452894,0.7849458394
809,1.0,0.0,0.0,0.0,1.0,1.0,0.1810306674,0.1859863469,0.4132074896,0.7395831971,0.5789474719,0.7676751232
810,1.0,0.0,0.0,0.0,1.0,1.0,0.1796321717,0.1881079483,0.4321223379,0.7553185574,0.589353659,0.7676761277
811,1.0,0.0,0.0,0.0,1.0,1.0,0.1794837911,0.1930741505,0.419659872,0.7473703078,0.5833335373,0.7450973348
812,1.0,0.0,0.0,0.0,1.0,1.0,0.1741452523,0.1873952735,0.4261364728,0.7608694642,0.5833334008,0.7474747693
813,1.0,0.0,0.0,0.0,1.0,1.0,0.183453853,0.1817165924,0.4512428441,0.7083347417,0.6060606185,0.7500005634
814,1.0,0.0,0.0,0.0,1.0,1.0,0.1789480358,0.1824075395,0.4533332867,0.7021267573,0.6083650311,0.7500005463
815,1.0,0.0,0.0,0.0,1.0,1.0,0.1789477402,0.1843080329,0.4438094294,0.7021281742,0.5931559339,0.7422677776
816,1.0,0.0,0.0,0.0,1.0,1.0,0.180689756,0.1878651269,0.4406779595,0.7187495279,0.6052633935,0.7599989226
817,1.0,0.0,0.0,0.0,1.0,1.0,0.1779309486,0.1873955002,0.4356060048,0.7234038637,0.5984848857,0.747475586
818,1.0,0.0,0.0,0.0,1.0,1.0,0.1761469074,0.1900079696,0.427203123,0.7282610208,0.585551582,0.7400005974
819,1.0,0.0,0.0,0.0,1.0,1.0,0.1761468956,0.2002698234,0.425287311,0.7282617919,0.587786067,0.7238098582
820,1.0,0.0,0.0,0.0,1.0,1.0,0.180668322,0.2059917959,0.4307692731,0.7234054553,0.5916031862,0.6944435172
821,1.0,0.0,0.0,0.0,1.0,1.0,0.1883561045,0.2144394804,0.4230767887,0.7142866498,0.5900380741,0.6964279575
822,1.0,0.0,0.0,0.0,1.0,1.0,0.1871541763,0.2114202374,0.4343630171,0.6907201791,0.5923076768,0.7181813504
823,1.0,0.0,0.0,0.0,1.0,1.0,0.1929424827,0.2171866779,0.4305019309,0.7099996822,0.5923074229,0.6902653374
824,1.0,0.0,0.0,0.0,1.0,1.0,0.1894492461,0.2072482487,0.4352030837,0.7040807597,0.5968992432,0.7102803381
825,1.0,0.0,0.0,0.0,1.0,1.0,0.1832626485,0.2033084096,0.4234404947,0.6804110701,0.5893534987,0.7289724972
826,1.0,0.0,0.0,0.0,1.0,1.0,0.1896477745,0.202952112,0.4307401279,0.6800003334,0.5900385771,0.7075475593
827,1.0,0.0,0.0,0.0,1.0,1.0,0.1726484882,0.1922006362,0.4337811791,0.6999986861,0.592307535,0.7199987386
828,1.0,0.0,0.0,0.0,1.0,1.0,0.1419085593,0.1878951415,0.4746449962,0.6285730126,0.56800016,0.5638298335
829,1.0,0.0,0.0,0.0,1.0,1.0,0.1537602603,0.1931191068,0.4817813903,0.6184217444,0.5776893064,0.5463915067
830,1.0,0.0,0.0,0.0,1.0,1.0,0.1599107699,0.1771918334,0.4520000077,0.7000005351,0.5617530661,0.6966297269
831,1.0,0.0,0.0,0.0,1.0,1.0,0.1774160649,0.2042509547,0.4220907131,0.7222209127,0.5714283911,0.6990286663
832,1.0,0.0,0.0,0.0,1.0,1.0,0.1790336541,0.2141659974,0.4271653916,0.681318103,0.567460365,0.6851853994
833,1.0,0.0,0.0,0.0,1.0,1.0,0.1820691062,0.2262518808,0.4302326546,0.6914890745,0.570865901,0.6956519341
834,1.0,0.0,0.0,0.0,1.0,1.0,0.1766004819,0.2203493997,0.4466018872,0.6703296962,0.5826772451,0.7053568008
835,1.0,0.0,0.0,0.0,1.0,1.0,0.1755773868,0.2214446454,0.4227798878,0.6813184494,0.5647059857,0.6902651191
836,1.0,0.0,0.0,0.0,1.0,1.0,0.1688117757,0.2166759722,0.4222648,0.6818172789,0.5664062117,0.7027031815
837,1.0,0.0,0.0,0.0,1.0,1.0,0.164030587,0.2205798575,0.4179389167,0.6976749409,0.5664062304,0.7079635766
838,1.0,0.0,0.0,0.0,1.0,1.0,0.1732363869,0.2216661065,0.4152380215,0.6813203218,0.5564202983,0.7105258333
839,1.0,0.0,0.0,0.0,1.0,1.0,0.1697526895,0.2216663651,0.4122138013,0.6966291052,0.5642023963,0.7017536271
840,1.0,0.0,0.0,0.0,1.0,1.0,0.1722521955,0.2246808744,0.4204546374,0.6813182533,0.562015183,0.6982765439
841,1.0,0.0,0.0,0.0,1.0,1.0,0.1767072701,0.224680555,0.4448668589,0.6666681313,0.5813952016,0.7241382347
842,1.0,0.0,0.0,0.0,1.0,1.0,0.176146853,0.2166758578,0.4521072443,0.684782634,0.5781248495,0.7297293119
843,1.0,0.0,0.0,0.0,1.0,1.0,0.1771648359,0.228387954,0.4547206369,0.6739137296,0.5703125325,0.7179485907
844,1.0,0.0,0.0,0.0,1.0,1.0,0.1732365847,0.2227440293,0.4400000155,0.670328444,0.5697671262,0.7217389001
845,1.0,0.0,0.0,0.0,1.0,1.0,0.1704029876,0.2216664114,0.4463602468,0.6966292664,0.5642025977,0.7192979877
846,1.0,0.0,0.0,0.0,1.0,1.0,0.1725792746,0.2236104465,0.4402277302,0.6923075248,0.5642023856,0.7304358165
847,1.0,0.0,0.0,0.0,1.0,1.0,0.1748075413,0.2322922111,0.4315590489,0.6739134755,0.558593561,0.7142871776
848,1.0,0.0,0.0,0.0,1.0,1.0,0.1745664595,0.2301861786,0.4433781093,0.7032978073,0.566929115,0.7350424976
849,1.0,0.0,0.0,0.0,1.0,1.0,0.1805074556,0.2341214885,0.4220531905,0.6947382461,0.5590550527,0.6974787218
850,1.0,0.0,0.0,0.0,1.0,1.0,0.18275518,0.2401001738,0.4057141829,0.6979155851,0.5507813007,0.7073185144
851,1.0,0.0,0.0,0.0,1.0,1.0,0.1850111708,0.2381484229,0.4141221136,0.7010321466,0.5585939124,0.7131148091
852,1.0,0.0,0.0,0.0,1.0,1.0,0.1841581619,0.2351628602,0.4452974953,0.6874993544,0.5803919465,0.7166661984
853,1.0,0.0,0.0,0.0,1.0,1.0,0.1857200531,0.2251706359,0.4329501053,0.6907218496,0.5573122912,0.7105263158
854,1.0,0.0,0.0,0.0,1.0,1.0,0.1864342221,0.2370219739,0.4269230624,0.6701029535,0.5612648923,0.7083331383
855,1.0,0.0,0.0,0.0,1.0,1.0,0.1838052848,0.2310964522,0.4329502132,0.6875007194,0.5652172173,0.717948839
856,1.0,0.0,0.0,0.0,1.0,1.0,0.1829419073,0.2330713156,0.4296723896,0.652632409,0.5494071115,0.7033901278
857,1.0,0.0,0.0,0.0,1.0,1.0,0.1848680099,0.2262516146,0.4450865693,0.6666673449,0.5511812174,0.7217378306
858,1.0,0.0,0.0,0.0,1.0,1.0,0.1839580838,0.2283880039,0.4383302337,0.6597948035,0.5507810471,0.7008545785
859,1.0,0.0,0.0,0.0,1.0,1.0,0.1789476273,0.2234045315,0.4304762229,0.680850507,0.5372547958,0.7192975757
860,1.0,0.0,0.0,0.0,1.0,1.0,0.176707652,0.231388513,0.431558903,0.6666666667,0.5486381123,0.7058820732
861,1.0,0.0,0.0,0.0,1.0,1.0,0.1684665651,0.226436056,0.4318181883,0.6516852916,0.5429688344,0.6810340042
862,1.0,0.0,0.0,0.0,1.0,1.0,0.1649934343,0.2223165637,0.4231498788,0.6321847454,0.5275590367,0.6991150442
863,1.0,0.0,0.0,0.0,1.0,1.0,0.1659452028,0.2292838141,0.411320703,0.6477269683,0.5215687331,0.6923083381
864,1.0,0.0,0.0,0.0,1.0,1.0,0.1668897413,0.2242842266,0.4345350913,0.6477272981,0.5393699037,0.7280702057
865,1.0,0.0,0.0,0.0,1.0,1.0,0.1709573539,0.2282188242,0.426691705,0.6483503265,0.5354331588,0.706896853
866,1.0,0.0,0.0,0.0,1.0,1.0,0.1653212785,0.2214447515,0.4266917187,0.6477283203,0.5411765253,0.6902663235
867,1.0,0.0,0.0,0.0,1.0,1.0,0.1691070701,0.2300300796,0.4220531628,0.6629218026,0.5317458589,0.7241386066
868,1.0,0.0,0.0,0.0,1.0,1.0,0.1656328515,0.2273240739,0.4237287725,0.6477279629,0.5372551636,0.7155182711
869,1.0,0.0,0.0,0.0,1.0,1.0,0.153185417,0.2271459291,0.4112149515,0.6463432102,0.521739287,0.7130432333
870,1.0,0.0,0.0,0.0,1.0,1.0,0.1550536074,0.2251707526,0.40934585,0.6867471602,0.5098814615,0.7368416487
871,1.0,0.0,0.0,0.0,1.0,1.0,0.1606577314,0.2271460885,0.4130841802,0.6627923311,0.521739202,0.713043746
872,1.0,0.0,0.0,0.0,1.0,1.0,0.1268819776,0.2315783798,0.4707031286,0.6307700747,0.5447156434,0.6315785816
873,1.0,0.0,0.0,0.0,1.0,1.0,0.1364622901,0.2508560529,0.463461543,0.5774654068,0.5577688347,0.5317451486
874,1.0,0.0,0.0,0.0,1.0,1.0,0.1313550812,0.2321539214,0.4552380995,0.695653523,0.578740257,0.6355930107
875,1.0,0.0,0.0,0.0,1.0,1.0,0.1583084738,0.2359792839,0.4045800647,0.7108438119,0.5595237049,0.7142849891
876,1.0,0.0,0.0,0.0,1.0,1.0,0.1678308608,0.244960842,0.4320753741,0.6966298955,0.5843134892,0.6880010772
877,1.0,0.0,0.0,0.0,1.0,1.0,0.1684665716,0.236088683,0.431818148,0.6741560146,0.5787400647,0.699999182
878,1.0,0.0,0.0,0.0,1.0,1.0,0.1741450913,0.2400235805,0.4166666028,0.6847818438,0.5748032938,0.6967208901
879,1.0,0.0,0.0,0.0,1.0,1.0,0.1796320826,0.2458942975,0.4282982987,0.6914892933,0.5674600876,0.6854832944
880,1.0,0.0,0.0,0.0,1.0,1.0,0.1875163425,0.2458627999,0.4274661138,0.6494835679,0.5680001108,0.6747959233
881,1.0,0.0,0.0,0.0,1.0,1.0,0.2049637623,0.2637415205,0.4257811296,0.6380948263,0.5714287392,0.6691740706
882,1.0,0.0,0.0,0.0,1.0,1.0,0.2029228749,0.2683326609,0.4212523328,0.6542042598,0.5797666261,0.6811600173
883,1.0,0.0,0.0,0.0,1.0,1.0,0.214036369,0.2665177778,0.4174228293,0.6355936447,0.5777776269,0.6666666667
884,1.0,0.0,0.0,0.0,1.0,1.0,0.2080624505,0.2658890654,0.4052045601,0.6428573971,0.5509433211,0.6737582137
885,1.0,0.0,0.0,0.0,1.0,1.0,0.2051586114,0.2592538152,0.4143127075,0.6422007645,0.5676692384,0.6956516306
886,1.0,0.0,0.0,0.0,1.0,1.0,0.1769633373,0.2597755722,0.4708249053,0.6818181818,0.5753967707,0.6412221604
887,1.0,0.0,0.0,0.0,1.0,1.0,0.1855828035,0.2632117624,0.4564798149,0.6458325225,0.5763359247,0.6376810722
888,1.0,0.0,0.0,0.0,1.0,1.0,0.2058774348,0.2416233536,0.4438201999,0.6545448428,0.5934065562,0.696970169
889,1.0,0.0,0.0,0.0,1.0,1.0,0.2355958377,0.2551764012,0.4438306262,0.6093748997,0.6099289825,0.666667142
890,1.0,0.0,0.0,0.0,1.0,1.0,0.2535078621,0.2559544851,0.4543796716,0.5971219827,0.623693363,0.659863916
891,1.0,0.0,0.0,0.0,1.0,1.0,0.2600777142,0.2481129564,0.44795539,0.5785714393,0.6118879617,0.6619724564
892,1.0,0.0,0.0,0.0,1.0,1.0,0.2724077947,0.2464140207,0.4456722161,0.5878371681,0.6137933343,0.6433570893
893,1.0,0.0,0.0,0.0,1.0,1.0,0.2781379163,0.2446912124,0.4397032711,0.5866666487,0.6137932479,0.6408451508
894,1.0,0.0,0.0,0.0,1.0,1.0,0.267872816,0.2311637688,0.4399261439,0.6206892283,0.6224491906,0.647058651
895,1.0,0.0,0.0,0.0,1.0,1.0,0.2656510702,0.2202161469,0.4460965287,0.615384398,0.6135592501,0.6461543243
896,1.0,0.0,0.0,0.0,1.0,1.0,0.2707209838,0.2096142964,0.4415585512,0.6095893094,0.6140938822,0.648000583
897,1.0,0.0,0.0,0.0,1.0,1.0,0.2615362857,0.1972141353,0.4579439829,0.6071439286,0.6287624199,0.6525430624
898,1.0,0.0,0.0,0.0,1.0,1.0,0.2713837379,0.2075251644,0.4550561455,0.620689321,0.6245848427,0.6480008093
899,1.0,0.0,0.0,0.0,1.0,1.0,0.2828430214,0.2091854238,0.4586894891,0.6040273172,0.62790687,0.6666666667
900,1.0,0.0,0.0,0.0,1.0,1.0,0.2844561964,0.2146451873,0.4134615715,0.6081087246,0.5771811388,0.6484367364
901,1.0,0.0,0.0,0.0,1.0,1.0,0.2932726239,0.2153677795,0.3861002773,0.6118417349,0.5555554385,0.6484382899
902,1.0,0.0,0.0,0.0,1.0,1.0,0.2827107947,0.2077877368,0.3844622196,0.5985911025,0.5532646471,0.611570206
903,1.0,0.0,0.0,0.0,1.0,1.0,0.2841353722,0.1964421414,0.3856858861,0.6083921341,0.5655171373,0.6403498508
904,1.0,0.0,0.0,0.0,1.0,1.0,0.2954516675,0.206481752,0.3944953772,0.6137935039,0.5624998261,0.6302522566
905,1.0,0.0,0.0,0.0,1.0,1.0,0.3096864635,0.204664156,0.4305835617,0.610389397,0.5904435965,0.6500004867
906,1.0,0.0,0.0,0.0,1.0,1.0,0.2974047809,0.1992016239,0.3987854936,0.6258507258,0.5670101068,0.6465520842
907,1.0,0.0,0.0,0.0,1.0,1.0,0.2901607514,0.1796939223,0.4153225517,0.6458335535,0.5856165554,0.6571439442
908,1.0,0.0,0.0,0.0,1.0,1.0,0.2605470437,0.1442492879,0.4541751468,0.6562495302,0.5979382431,0.6666651394
909,1.0,0.0,0.0,0.0,1.0,1.0,0.2612648463,0.1485186858,0.47302906,0.6349197422,0.6083917695,0.682352587
910,1.0,0.0,0.0,0.0,1.0,1.0,0.2416680102,0.1665737599,0.499999949,0.6525417292,0.6458332109,0.6770837872
911,1.0,0.0,0.0,0.0,1.0,1.0,0.2367612859,0.1907718777,0.483495112,0.6393436183,0.631756713,0.6725676478
912,1.0,0.0,0.0,0.0,1.0,1.0,0.223584597,0.2025896332,0.5009559922,0.6410251772,0.6385132819,0.6583328256
913,1.0,0.0,0.0,0.0,1.0,1.0,0.2133842358,0.2179991605,0.4890511232,0.6324795207,0.6342281282,0.6692305751
914,1.0,0.0,0.0,0.0,1.0,1.0,0.1904562301,0.2319521028,0.4809437603,0.6285710985,0.6245733259,0.6544125517
915,1.0,0.0,0.0,0.0,1.0,1.0,0.1808690938,0.2552923679,0.4552238035,0.6391757197,0.6014495434,0.6524830347
916,1.0,0.0,0.0,0.0,1.0,1.0,0.157499576,0.2801467801,0.4727627692,0.6419746826,0.5984847749,0.6013517545
917,1.0,0.0,0.0,0.0,1.0,1.0,0.1349537173,0.2986837922,0.4716242187,0.6376824917,0.5708815052,0.532050974
918,1.0,0.0,0.0,0.0,1.0,1.0,0.1324797547,0.3132866546,0.4873293595,0.5735291111,0.5846154727,0.4907970303
919,1.0,0.0,0.0,0.0,1.0,1.0,0.1261065307,0.3186898727,0.4689266209,0.6716407351,0.5886794069,0.5562139167
920,1.0,0.0,0.0,0.0,1.0,1.0,0.1393277548,0.3032012584,0.4460966723,0.6933327761,0.595505473,0.6234564955
921,1.0,0.0,0.0,0.0,1.0,1.0,0.1240050147,0.3073756296,0.4537037368,0.701491963,0.600000081,0.6564416854
922,1.0,0.0,0.0,0.0,1.0,1.0,0.1265351235,0.300584294,0.4403668796,0.7101449275,0.5902256296,0.6624995434
923,1.0,0.0,0.0,0.0,1.0,1.0,0.1335060933,0.2933968205,0.4397032113,0.6944440349,0.5871211497,0.6903219091
924,1.0,0.0,0.0,0.0,1.0,1.0,0.1457128141,0.2933969611,0.4560747554,0.6538466698,0.6098486259,0.68387129
925,1.0,0.0,0.0,0.0,1.0,1.0,0.1425097222,0.2809751464,0.4427767032,0.6973665315,0.5886791339,0.6979869946
926,1.0,0.0,0.0,0.0,1.0,1.0,0.152456995,0.2676406949,0.4482109414,0.6666675159,0.5992506108,0.6853144532
927,1.0,0.0,0.0,0.0,1.0,1.0,0.1446811697,0.2404672468,0.4209524821,0.6710546121,0.560150556,0.695312892
928,1.0,0.0,0.0,0.0,1.0,1.0,0.1649931966,0.2370000488,0.4269449293,0.6551720056,0.5735292504,0.6821716194
929,1.0,0.0,0.0,0.0,1.0,1.0,0.1707301568,0.2220983026,0.4203455294,0.6516861991,0.5629629017,0.6833342199
930,1.0,0.0,0.0,0.0,1.0,1.0,0.1839578733,0.2216945951,0.4098671307,0.6701025898,0.5636364418,0.6885248792
931,1.0,0.0,0.0,0.0,1.0,1.0,0.1850109584,0.1948368236,0.4217557035,0.6494833338,0.566786901,0.6759257008
932,1.0,0.0,0.0,0.0,1.0,1.0,0.191753254,0.1804046266,0.4437984153,0.6565652137,0.5884474125,0.6999993799
933,1.0,0.0,0.0,0.0,1.0,1.0,0.2094982938,0.1760583573,0.4596153903,0.660550274,0.6085408836,0.7070712161
934,1.0,0.0,0.0,0.0,1.0,1.0,0.2128990997,0.1647825799,0.4319526052,0.6666673008,0.5949821883,0.6956519797
935,1.0,0.0,0.0,0.0,1.0,1.0,0.199489341,0.1369341656,0.477045937,0.6499995927,0.6049821239,0.6623389675
936,1.0,0.0,0.0,0.0,1.0,1.0,0.2346866169,0.1412252724,0.4615384306,0.5172409653,0.5724638856,0.4743595631
937,1.0,0.0,0.0,0.0,1.0,1.0,0.2289557032,0.1236058058,0.4760955727,0.5739136476,0.6042400583,0.5857126122
938,1.0,0.0,0.0,0.0,1.0,1.0,0.217952991,0.1147769535,0.4656188934,0.6486478181,0.6077737226,0.7076917853
939,1.0,0.0,0.0,0.0,1.0,1.0,0.2164145186,0.1240439802,0.4586614269,0.6909095265,0.6134750971,0.7428557364
940,1.0,0.0,0.0,0.0,1.0,1.0,0.2251709588,0.1384121611,0.4683793428,0.6578949815,0.6187049702,0.6883122961
941,1.0,0.0,0.0,0.0,1.0,1.0,0.2143051981,0.146871587,0.4327486307,0.6909096997,0.5913979637,0.7073176209
942,1.0,0.0,0.0,0.0,1.0,1.0,0.1959301314,0.1411850189,0.4534652069,0.6767676768,0.5985128731,0.6973684211
943,1.0,0.0,0.0,0.0,1.0,1.0,0.1797414371,0.1517671551,0.4446641439,0.6813171316,0.5999998417,0.6951232554
944,1.0,0.0,0.0,0.0,1.0,1.0,0.1711639939,0.1425126801,0.452755853,0.7011494813,0.6111108495,0.7272729776
945,1.0,0.0,0.0,0.0,1.0,1.0,0.1636848407,0.1482688577,0.4624276537,0.7058823529,0.619047638,0.7283949623
946,1.0,0.0,0.0,0.0,1.0,1.0,0.1580070588,0.1562761272,0.4609524948,0.6867470793,0.6290908938,0.7209294386
947,1.0,0.0,0.0,0.0,1.0,1.0,0.1571093641,0.1659656768,0.4431819106,0.6987940578,0.6058394046,0.7032962362
948,1.0,0.0,0.0,0.0,1.0,1.0,0.1518852572,0.1689967062,0.4371480883,0.7407400317,0.6000000805,0.7096767278
949,1.0,0.0,0.0,0.0,1.0,1.0,0.1553439942,0.1757257867,0.4269663166,0.7228913512,0.586080657,0.7083339764
950,1.0,0.0,0.0,0.0,1.0,1.0,0.1687130896,0.1833508536,0.4403669947,0.7282605195,0.5935252305,0.6960783703
951,1.0,0.0,0.0,0.0,1.0,1.0,0.1559925188,0.1844846139,0.4283120218,0.709301589,0.5878136942,0.6893197311
952,1.0,0.0,0.0,0.0,1.0,1.0,0.1662723864,0.1923386636,0.4285713451,0.7173913553,0.5791366084,0.6728979679
953,1.0,0.0,0.0,0.0,1.0,1.0,0.1608503781,0.192063543,0.4267630441,0.7191021683,0.5836297603,0.6851859128
954,1.0,0.0,0.0,0.0,1.0,1.0,0.1531988208,0.1980712349,0.4288321211,0.6785730998,0.5818179582,0.6880743502
955,1.0,0.0,0.0,0.0,1.0,1.0,0.1139067096,0.1954628211,0.4430147198,0.6774178957,0.5756455656,0.660378856
956,1.0,0.0,0.0,0.0,1.0,1.0,0.09352561873,0.2152356229,0.4422018356,0.5098024645,0.5393257763,0.4695661248
957,1.0,0.0,0.0,0.0,1.0,1.0,0.08933556849,0.223359808,0.4506516932,0.6041651931,0.5530305525,0.5
958,1.0,0.0,0.0,0.0,1.0,1.0,0.1027461788,0.2044310056,0.4616822343,0.6363636364,0.5719696641,0.6296297724
959,1.0,0.0,0.0,0.0,1.0,1.0,0.1435661587,0.2043470414,0.4456722571,0.6538464725,0.5799255152,0.6545459886
960,1.0,0.0,0.0,0.0,1.0,1.0,0.1391163162,0.212844004,0.4249084359,0.710527167,0.5703704434,0.6695654497
961,1.0,0.0,0.0,0.0,1.0,1.0,0.1604268059,0.2181614516,0.4225091699,0.6781596868,0.5597013804,0.6581205721
962,1.0,0.0,0.0,0.0,1.0,1.0,0.1546098808,0.2141658829,0.4327808403,0.7023808013,0.5789472208,0.6754389903
963,1.0,0.0,0.0,0.0,1.0,1.0,0.1561064998,0.2097368885,0.4380609953,0.6781615316,0.5693432255,0.6695639436
964,1.0,0.0,0.0,0.0,1.0,1.0,0.1713329115,0.2146811465,0.4357142209,0.6666666667,0.5848374916,0.6470596786
965,1.0,0.0,0.0,0.0,1.0,1.0,0.1683649051,0.2067189929,0.4283154848,0.6702122408,0.5755393774,0.6608698045
966,1.0,0.0,0.0,0.0,1.0,1.0,0.17626155,0.2032450423,0.4240148952,0.6595756558,0.5634325909,0.642202663
967,1.0,0.0,0.0,0.0,1.0,1.0,0.1675252703,0.1991369541,0.4285714844,0.6818190302,0.5601501613,0.6509438348
968,1.0,0.0,0.0,0.0,1.0,1.0,0.1485659948,0.1748073187,0.4420848992,0.6363629184,0.5627375298,0.641305162
969,1.0,0.0,0.0,0.0,1.0,1.0,0.1267945812,0.1922003473,0.4440297574,0.5735284819,0.5567767902,0.5047617376
970,1.0,0.0,0.0,0.0,1.0,1.0,0.1242137292,0.170317093,0.4359464703,0.5692332224,0.5430709986,0.5164829766
971,1.0,0.0,0.0,0.0,1.0,1.0,0.1194778436,0.1708606001,0.4554079731,0.634920738,0.5772057331,0.6021508215
972,1.0,0.0,0.0,0.0,1.0,1.0,0.112532675,0.1857698601,0.4675572043,0.6271200938,0.5836429992,0.5400000841
973,1.0,0.0,0.0,0.0,1.0,1.0,0.1142219737,0.1864626896,0.4857143422,0.6666666667,0.6082088309,0.5800001662
974,1.0,0.0,0.0,0.0,1.0,1.0,0.1169161813,0.1758278728,0.4679246286,0.6451613978,0.6,0.6421051487
975,1.0,0.0,0.0,0.0,1.0,1.0,0.1161258168,0.1659521073,0.4609523688,0.6721299993,0.5970148243,0.6853917481
976,1.0,0.0,0.0,0.0,1.0,1.0,0.1158228598,0.1745349648,0.4560748832,0.7258070142,0.6066176748,0.7263147111
977,1.0,0.0,0.0,0.0,1.0,1.0,0.1191139052,0.1807109558,0.4394785907,0.781250895,0.6014759441,0.7551017864
978,1.0,0.0,0.0,0.0,1.0,1.0,0.1574212761,0.2071572862,0.4304029562,0.7209300606,0.5927273582,0.710525288
979,1.0,0.0,0.0,0.0,1.0,1.0,0.1680963869,0.2190804863,0.4387567835,0.7065220348,0.594202997,0.7024792819
980,1.0,0.0,0.0,0.0,1.0,1.0,0.1624092842,0.2256802982,0.4089284927,0.7362627893,0.5878134916,0.6984133743
981,1.0,0.0,0.0,0.0,1.0,1.0,0.1689965078,0.2288097374,0.4272727222,0.6989245427,0.5897433411,0.6800007173
982,1.0,0.0,0.0,0.0,1.0,1.0,0.09678002274,0.2349436735,0.4581006269,0.6346149465,0.5820897226,0.5238091507
983,1.0,0.0,0.0,0.0,1.0,1.0,0.1061676892,0.2359277753,0.4652014308,0.5517244904,0.5947954776,0.4881885231
984,1.0,0.0,0.0,0.0,1.0,1.0,0.1170352068,0.2080623714,0.4423792315,0.6825399292,0.5873605475,0.6517852771
985,1.0,0.0,0.0,0.0,1.0,1.0,0.1332588676,0.2095604326,0.4432432992,0.7162147054,0.6093190094,0.7179488064
986,1.0,0.0,0.0,0.0,1.0,1.0,0.1593313809,0.2175045245,0.4402174295,0.7045460433,0.6115109307,0.7024801315
987,1.0,0.0,0.0,0.0,1.0,1.0,0.1571334284,0.2126085133,0.4405850074,0.7441852713,0.6072726853,0.7094015598
988,1.0,0.0,0.0,0.0,1.0,1.0,0.1536182423,0.2065267446,0.4351851657,0.7349405086,0.5940958623,0.7142846604
989,1.0,0.0,0.0,0.0,1.0,1.0,0.1778826478,0.2170322948,0.4403669183,0.7319592411,0.5948905055,0.7142852233
990,1.0,0.0,0.0,0.0,1.0,1.0,0.1637821194,0.2091426705,0.4432029176,0.7272722984,0.5962963674,0.7079635613
991,1.0,0.0,0.0,0.0,1.0,1.0,0.1138360589,0.1995009205,0.4015444773,0.7627131227,0.5426356683,0.728154691
992,1.0,0.0,0.0,0.0,1.0,1.0,0.0871607173,0.224680724,0.4457364772,0.5111125904,0.5503875099,0.482758027
993,1.0,0.0,0.0,0.0,1.0,1.0,0.09138841563,0.2147236648,0.4377432237,0.5319139049,0.5390626799,0.4818174598
994,1.0,0.0,0.0,0.0,1.0,1.0,0.08489453868,0.2111223573,0.4440153991,0.7272710939,0.5620155009,0.550459564
995,1.0,0.0,0.0,0.0,1.0,1.0,0.08408324759,0.2182692958,0.4493307065,0.8181840294,0.5747129734,0.5964907998
996,1.0,0.0,0.0,0.0,1.0,1.0,0.07775548047,0.2147089844,0.4516128942,0.8048776962,0.5741443311,0.6106194071
997,1.0,0.0,0.0,0.0,1.0,1.0,0.08250527029,0.2216807183,0.450281367,0.7499977229,0.5864662843,0.6016947713
998,1.0,0.0,0.0,0.0,1.0,1.0,0.08619074523,0.2247815752,0.442201878,0.7021248079,0.5836431212,0.5950410068
999,1.0,0.0,0.0,0.0,1.0,1.0,0.07514598032,0.2460749655,0.4624060532,0.7500013375,0.5871212443,0.553846787
1000,1.0,0.0,0.0,0.0,1.0,1.0,0.08813120229,0.2440945012,0.4521576798,0.4042559028,0.5192307931,0.3937019332
1001,1.0,0.0,0.0,0.0,1.0,1.0,0.08641794801,0.2508178455,0.473684221,0.2608719672,0.5440614767,0.3816798583
1002,1.0,0.0,0.0,0.0,1.0,1.0,0.07285618711,0.2441819945,0.4635513419,0.589744156,0.5643939162,0.4961242639
1003,1.0,0.0,0.0,0.0,1.0,1.0,0.0764497345,0.2357173946,0.4608209513,0.6829283663,0.5735847724,0.5520013917
1004,1.0,0.0,0.0,0.0,1.0,1.0,0.1030730932,0.2096205608,0.4456720954,0.7321429957,0.5692881504,0.6875014549
1005,1.0,0.0,0.0,0.0,1.0,1.0,0.1269710094,0.2131163627,0.4591650781,0.7000015445,0.5919119882,0.6637928785
1006,1.0,0.0,0.0,0.0,1.0,1.0,0.1285511456,0.2167906952,0.4492754082,0.7323950594,0.5845588044,0.6610180472
1007,1.0,0.0,0.0,0.0,1.0,1.0,0.1213092895,0.2146948967,0.4456521883,0.7313429123,0.5777777435,0.6724130809
1008,1.0,0.0,0.0,0.0,1.0,1.0,0.09535933829,0.2104086624,0.4385320526,0.7307681185,0.5563910503,0.6339278693
1009,1.0,0.0,0.0,0.0,1.0,1.0,0.07787871141,0.2318093645,0.4545455825,0.5952356362,0.5437263063,0.4836069363
1010,1.0,0.0,0.0,0.0,1.0,1.0,0.08498024105,0.2338318783,0.4713494208,0.5434792689,0.5547170722,0.5000008601
1011,1.0,0.0,0.0,0.0,1.0,1.0,0.09957546054,0.2085300756,0.4630995102,0.7222235369,0.5751879263,0.6486494784
1012,1.0,0.0,0.0,0.0,1.0,1.0,0.1414820115,0.225149167,0.4537204486,0.7179495806,0.5970696572,0.6747980778
1013,1.0,0.0,0.0,0.0,1.0,1.0,0.1884046585,0.2327216339,0.4344704089,0.6952380755,0.5776173668,0.6511625943
1014,1.0,0.0,0.0,0.0,1.0,1.0,0.197376341,0.2328448149,0.4452423096,0.6818174587,0.5949821238,0.6461540274
1015,1.0,0.0,0.0,0.0,1.0,1.0,0.2034576283,0.2355830416,0.4500000296,0.6754385113,0.600000158,0.6515147705
1016,1.0,0.0,0.0,0.0,1.0,1.0,0.2134038697,0.2400795691,0.4412810548,0.6749990976,0.5907474913,0.651851329
1017,1.0,0.0,0.0,0.0,1.0,1.0,0.2131425078,0.2391524828,0.4480287228,0.6638649221,0.5964285095,0.6492537313
1018,1.0,0.0,0.0,0.0,1.0,1.0,0.2084399648,0.233797927,0.4527629606,0.6923068185,0.5999999209,0.6564896339
1019,1.0,0.0,0.0,0.0,1.0,1.0,0.2139094816,0.2337976977,0.4622302758,0.655462836,0.6035717378,0.6488545652
1020,1.0,0.0,0.0,0.0,1.0,1.0,0.1316518181,0.2088384267,0.4211503608,0.7605617878,0.5335821379,0.6607143203
1021,1.0,0.0,0.0,0.0,1.0,1.0,0.07231601671,0.2237555581,0.4564007653,0.6410267592,0.5485077955,0.5166662828
1022,1.0,0.0,0.0,0.0,1.0,1.0,0.0831330867,0.2192083796,0.465804185,0.6222197796,0.5539033888,0.5
1023,1.0,0.0,0.0,0.0,1.0,1.0,0.09170912459,0.1972581471,0.4606740771,0.6734673908,0.5563910852,0.6095239281
1024,1.0,0.0,0.0,0.0,1.0,1.0,0.09755143222,0.2009947329,0.4383057453,0.7735842064,0.5571957353,0.660550771
1025,1.0,0.0,0.0,0.0,1.0,1.0,0.1153200879,0.2002556885,0.4102563157,0.793649312,0.5404413927,0.6972481647
1026,1.0,0.0,0.0,0.0,1.0,1.0,0.1503745018,0.2141662599,0.4422017709,0.7560988455,0.5787545628,0.6923081182
1027,1.0,0.0,0.0,0.0,1.0,1.0,0.1641419327,0.2180599182,0.4580292882,0.7222216855,0.599999842,0.7000001811
1028,1.0,0.0,0.0,0.0,1.0,1.0,0.1780825859,0.2146814219,0.469090956,0.7142847593,0.6137181826,0.6890745199
1029,1.0,0.0,0.0,0.0,1.0,1.0,0.1708605671,0.2141660937,0.4393381367,0.7311817163,0.5824177658,0.7179497647
1030,1.0,0.0,0.0,0.0,1.0,1.0,0.1802271353,0.2180598169,0.4462659654,0.7272731306,0.5927269767,0.699999634
1031,1.0,0.0,0.0,0.0,1.0,1.0,0.1884045049,0.2159508335,0.4452423481,0.7047621457,0.596428807,0.7024795354
1032,1.0,0.0,0.0,0.0,1.0,1.0,0.1869459809,0.2159509642,0.4406473969,0.7115385024,0.5928571372,0.7107437262
1033,1.0,0.0,0.0,0.0,1.0,1.0,0.1877308935,0.2210996111,0.4347047946,0.7142857143,0.5899280088,0.6910573065
1034,1.0,0.0,0.0,0.0,1.0,1.0,0.1966702913,0.2230895182,0.4400715606,0.6909080751,0.5964283616,0.688000309
1035,1.0,0.0,0.0,0.0,1.0,1.0,0.191993049,0.216960646,0.4344703279,0.710279744,0.5800711924,0.70491862
1036,1.0,0.0,0.0,0.0,1.0,1.0,0.1937877544,0.2179633802,0.44165178,0.7037040818,0.5921985802,0.6910565754
1037,1.0,0.0,0.0,0.0,1.0,1.0,0.1848162203,0.217735431,0.4416517835,0.7184476679,0.5892857559,0.6967203471
1038,1.0,0.0,0.0,0.0,1.0,1.0,0.1858166958,0.2193022857,0.4404331692,0.7087371428,0.5863308617,0.696721429
1039,1.0,0.0,0.0,0.0,1.0,1.0,0.1930331294,0.2245125479,0.4314079867,0.7102813346,0.5797104105,0.7016129891
1040,1.0,0.0,0.0,0.0,1.0,1.0,0.1948823837,0.2230894811,0.441860488,0.6972462971,0.5892857283,0.688
1041,1.0,0.0,0.0,0.0,1.0,1.0,0.09882541999,0.2028942656,0.4347014672,0.773584442,0.5488721345,0.6666659967
1042,1.0,0.0,0.0,0.0,1.0,1.0,0.09994423627,0.2141659589,0.4709091273,0.5272702011,0.5604396263,0.4871797264
1043,1.0,0.0,0.0,0.0,1.0,1.0,0.092369935,0.2088386031,0.4417745569,0.5999966414,0.544776207,0.5357136833
1044,1.0,0.0,0.0,0.0,1.0,1.0,0.1047206662,0.1936189187,0.4448529191,0.7192975074,0.5719556335,0.6857128024
1045,1.0,0.0,0.0,0.0,1.0,1.0,0.1481316173,0.2126470299,0.4428571941,0.7590346635,0.5992909329,0.7166669682
1046,1.0,0.0,0.0,0.0,1.0,1.0,0.178278863,0.2154592302,0.4252251374,0.7272739305,0.5688407416,0.7058812734
1047,1.0,0.0,0.0,0.0,1.0,1.0,0.1818802192,0.2190804416,0.4216216481,0.7128720984,0.568840694,0.7024791752
1048,1.0,0.0,0.0,0.0,1.0,1.0,0.1843452295,0.2235119217,0.4231464629,0.7058831113,0.5672728113,0.68292709
1049,1.0,0.0,0.0,0.0,1.0,1.0,0.1835339248,0.2206798536,0.440000008,0.7029692621,0.5802920191,0.6942143502
1050,1.0,0.0,0.0,0.0,1.0,1.0,0.1765862531,0.2225031988,0.4371584569,0.7113390919,0.5802918545,0.7049188252
1051,1.0,0.0,0.0,0.0,1.0,1.0,0.1833507951,0.218289492,0.4352517439,0.7058824795,0.5812275883,0.6942138716
1052,1.0,0.0,0.0,0.0,1.0,1.0,0.1705037914,0.2208910186,0.4373864886,0.7340433445,0.5833331735,0.6803269151
1053,1.0,0.0,0.0,0.0,1.0,1.0,0.08189083287,0.2274850153,0.4376163373,0.6590915876,0.537313707,0.4918031316
1054,1.0,0.0,0.0,0.0,1.0,1.0,0.09421746284,0.2136354239,0.4565620692,0.5882343048,0.5464685747,0.495651801
1055,1.0,0.0,0.0,0.0,1.0,1.0,0.09957541039,0.2035898636,0.431734393,0.6851886592,0.5518519545,0.6181817818
1056,1.0,0.0,0.0,0.0,1.0,1.0,0.1237923984,0.2024417796,0.422586575,0.7647053111,0.5693429924,0.7027025955
1057,1.0,0.0,0.0,0.0,1.0,1.0,0.1527922916,0.2092692241,0.4226618189,0.7411761051,0.5703970216,0.6896554995
1058,1.0,0.0,0.0,0.0,1.0,1.0,0.1844846594,0.222098155,0.4569892515,0.699029499,0.6057344778,0.6774193548
1059,1.0,0.0,0.0,0.0,1.0,1.0,0.1833510306,0.2193022207,0.4442446523,0.725490994,0.5899280434,0.6803268268
1060,1.0,0.0,0.0,0.0,1.0,1.0,0.18739537,0.2195204825,0.4321429236,0.7238093267,0.5892857351,0.6829259674
1061,1.0,0.0,0.0,0.0,1.0,1.0,0.1984707887,0.2250515976,0.4343972167,0.687499878,0.5886525565,0.6614171873
1062,1.0,0.0,0.0,0.0,1.0,1.0,0.2087329073,0.2279429686,0.4442478744,0.6864419039,0.5999999223,0.6692309266
1063,1.0,0.0,0.0,0.0,1.0,1.0,0.2158085838,0.237543153,0.4548672875,0.6721307902,0.6126763365,0.6666661194
1064,1.0,0.0,0.0,0.0,1.0,1.0,0.2041871383,0.2284436939,0.4498207762,0.7017551968,0.6035714775,0.687501072
1065,1.0,0.0,0.0,0.0,1.0,1.0,0.2145490944,0.2400795556,0.4615384163,0.6666660569,0.6156585589,0.6592593074
1066,1.0,0.0,0.0,0.0,1.0,1.0,0.2159508671,0.2355828915,0.460714301,0.6611557565,0.6178571429,0.6742427878
1067,1.0,0.0,0.0,0.0,1.0,1.0,0.2123814182,0.2417421451,0.4499999614,0.680671795,0.6064982697,0.686568225
1068,1.0,0.0,0.0,0.0,1.0,1.0,0.2055590791,0.2337979426,0.4539006901,0.6724140512,0.6142855925,0.6793896165
1069,1.0,0.0,0.0,0.0,1.0,1.0,0.2155657271,0.2373675609,0.4563280936,0.669420776,0.6107142871,0.661653804
1070,1.0,0.0,0.0,0.0,1.0,1.0,0.2232793805,0.2445065554,0.4592197948,0.6507932661,0.6178571985,0.6642329026
1071,1.0,0.0,0.0,0.0,1.0,1.0,0.2177354003,0.2390752448,0.4553572146,0.6639339016,0.6079136508,0.6691734106
1072,1.0,0.0,0.0,0.0,1.0,1.0,0.09727385101,0.2080550707,0.4465647645,0.6470600526,0.5330740912,0.6261681498
1073,1.0,0.0,0.0,0.0,1.0,1.0,0.08747418794,0.2413102749,0.4581006254,0.4893607164,0.5361217186,0.4566924814
1074,1.0,0.0,0.0,0.0,1.0,1.0,0.08017946663,0.2366103323,0.4570895997,0.5348818757,0.5568180442,0.4959987717
1075,1.0,0.0,0.0,0.0,1.0,1.0,0.1136982401,0.2069740132,0.4440366418,0.6935477669,0.5746268958,0.6756750952
1076,1.0,0.0,0.0,0.0,1.0,1.0,0.1623179694,0.2340701493,0.4306568621,0.7191032588,0.5687731384,0.6666672403
1077,1.0,0.0,0.0,0.0,1.0,1.0,0.1959337987,0.2425651161,0.4226618654,0.6880733763,0.5729927337,0.6691733956
1078,1.0,0.0,0.0,0.0,1.0,1.0,0.2273863442,0.2569994056,0.4426808177,0.6356590205,0.5999999215,0.638889483
1079,1.0,0.0,0.0,0.0,1.0,1.0,0.22346705,0.2516455032,0.4471830592,0.645669119,0.603571588,0.6453904581
1080,1.0,0.0,0.0,0.0,1.0,1.0,0.2175777551,0.2516580553,0.4460177546,0.6504075224,0.6007192423,0.6571436207
1081,1.0,0.0,0.0,0.0,1.0,1.0,0.2273859582,0.2561294456,0.4391533907,0.6356587848,0.5949821011,0.650349185
1082,1.0,0.0,0.0,0.0,1.0,1.0,0.2291486307,0.2597826925,0.4550263972,0.6384610668,0.6137185197,0.6458334294
1083,1.0,0.0,0.0,0.0,1.0,1.0,0.2261894913,0.2569992874,0.4543859485,0.635658679,0.6178571873,0.6527766637
1084,1.0,0.0,0.0,0.0,1.0,1.0,0.2238607908,0.2534554268,0.4567900526,0.6456685515,0.6187051875,0.6453910531
1085,1.0,0.0,0.0,0.0,1.0,1.0,0.2339122248,0.2561747435,0.4503545825,0.6287880417,0.6137185708,0.6408450921
1086,1.0,0.0,0.0,0.0,1.0,1.0,0.2313196263,0.2606455598,0.4505298888,0.6412214752,0.6079136508,0.6482763161
1087,1.0,0.0,0.0,0.0,1.0,1.0,0.2357836849,0.2641384004,0.454225361,0.6343289965,0.6142857143,0.6351352961
1088,1.0,0.0,0.0,0.0,1.0,1.0,0.2215074293,0.2507625742,0.4450353782,0.6559996089,0.5992779613,0.6546763494
1089,1.0,0.0,0.0,0.0,1.0,1.0,0.1876207981,0.2489385934,0.4368231117,0.6826924478,0.579335954,0.6592594137
1090,1.0,0.0,0.0,0.0,1.0,1.0,0.07905207866,0.2459864008,0.485875599,0.7142857143,0.5852710802,0.574803526
1091,1.0,0.0,0.0,0.0,1.0,1.0,0.07348834672,0.2517533543,0.4613970866,0.675004328,0.5757575758,0.5338340052
1092,1.0,0.0,0.0,0.0,1.0,1.0,0.07787867763,0.2355007488,0.4675323383,0.7142871895,0.5785441933,0.6097560546
1093,1.0,0.0,0.0,0.0,1.0,1.0,0.1073472817,0.2204088917,0.4574073165,0.7413811761,0.5703425196,0.6896551724
1094,1.0,0.0,0.0,0.0,1.0,1.0,0.1512669132,0.240606366,0.4504504505,0.7261906906,0.5925925926,0.692307053
1095,1.0,0.0,0.0,0.0,1.0,1.0,0.1720053693,0.2396431699,0.4637680834,0.7157907624,0.6059477278,0.6976742633
1096,1.0,0.0,0.0,0.0,1.0,1.0,0.183350961,0.2526267119,0.4550359823,0.6960770088,0.6088561271,0.6934308193
1097,1.0,0.0,0.0,0.0,1.0,1.0,0.1955819313,0.251697621,0.4488330324,0.6880733945,0.6029412117,0.6788321168
1098,1.0,0.0,0.0,0.0,1.0,1.0,0.2052909061,0.2553723696,0.4558559209,0.6754391494,0.6102939882,0.6762590717
1099,1.0,0.0,0.0,0.0,1.0,1.0,0.204512163,0.2553316656,0.4359430489,0.6782606055,0.5948905327,0.6928576105
1100,1.0,0.0,0.0,0.0,1.0,1.0,0.2048767272,0.2525861891,0.4331550438,0.6782619089,0.5890909048,0.6906483289
1101,1.0,0.0,0.0,0.0,1.0,1.0,0.2109734506,0.2498604839,0.4561716622,0.6610170747,0.6123189754,0.6666661387
1102,1.0,0.0,0.0,0.0,1.0,1.0,0.2140399615,0.2562207274,0.440707908,0.6694219236,0.5999999227,0.6808502932
1103,1.0,0.0,0.0,0.0,1.0,1.0,0.2088117815,0.2589794128,0.4375,0.6752144108,0.5948903172,0.6619721132
1104,1.0,0.0,0.0,0.0,1.0,1.0,0.2006047549,0.2544365946,0.4372759164,0.67857268,0.5934065495,0.6834529102
1105,1.0,0.0,0.0,0.0,1.0,1.0,0.1377254898,0.2355005696,0.4208566711,0.7432422633,0.5478927927,0.6747970459
1106,1.0,0.0,0.0,0.0,1.0,1.0,0.0765927265,0.2566136755,0.4878504797,0.5365856214,0.5714286898,0.4887209304
1107,1.0,0.0,0.0,0.0,1.0,1.0,0.07920109889,0.2636326706,0.4622641887,0.3571457473,0.5354330742,0.4328356553
1108,1.0,0.0,0.0,0.0,1.0,1.0,0.07125483649,0.2469436319,0.4896811007,0.5263143178,0.5719845081,0.4803147762
1109,1.0,0.0,0.0,0.0,1.0,1.0,0.1023636458,0.2269726047,0.5065176901,0.6545455973,0.6145037806,0.630253168
1110,1.0,0.0,0.0,0.0,1.0,1.0,0.1362039227,0.239566761,0.4806628754,0.7297307593,0.6142319331,0.6953129103
1111,1.0,0.0,0.0,0.0,1.0,1.0,0.194791042,0.2563623552,0.4262293552,0.6728972717,0.5724906422,0.6594207206
1112,1.0,0.0,0.0,0.0,1.0,1.0,0.1966408336,0.2563144161,0.436823169,0.6789003428,0.5904057608,0.6762599699
1113,1.0,0.0,0.0,0.0,1.0,1.0,0.1948371093,0.2591148647,0.436823058,0.685185558,0.5962961398,0.678570541
1114,1.0,0.0,0.0,0.0,1.0,1.0,0.2024418555,0.2600779699,0.4470802603,0.6576573782,0.5985132073,0.6571429011
1115,1.0,0.0,0.0,0.0,1.0,1.0,0.1973302789,0.2620261763,0.4369287618,0.6851848874,0.5842697679,0.6571426799
1116,1.0,0.0,0.0,0.0,1.0,1.0,0.2002560467,0.2629129013,0.4319853756,0.6697240177,0.5820897893,0.6666666667
1117,1.0,0.0,0.0,0.0,1.0,1.0,0.1947440642,0.2601542373,0.4522058328,0.6603785119,0.5955057179,0.6618703471
1118,1.0,0.0,0.0,0.0,1.0,1.0,0.1933226723,0.2610481323,0.4379562622,0.6698119393,0.5858208396,0.6571435664
1119,1.0,0.0,0.0,0.0,1.0,1.0,0.1785376162,0.257375024,0.462246698,0.6907208221,0.6015035425,0.6642333577
1120,1.0,0.0,0.0,0.0,1.0,1.0,0.1382402259,0.24223111,0.4616821511,0.7432444981,0.595419741,0.6929135323
1121,1.0,0.0,0.0,0.0,1.0,1.0,0.1070829237,0.235277332,0.4586465706,0.7192999879,0.5642025852,0.6363644239
1122,1.0,0.0,0.0,0.0,1.0,1.0,0.09119679458,0.2565618527,0.4655494194,0.6326552936,0.563218405,0.5373133851
1123,1.0,0.0,0.0,0.0,1.0,1.0,0.08235119158,0.2498605576,0.4962546591,0.6136364762,0.5852714177,0.5736447208
1124,1.0,0.0,0.0,0.0,1.0,1.0,0.1163861038,0.23471736,0.4658040505,0.7301585668,0.5871211021,0.6854831119
1125,1.0,0.0,0.0,0.0,1.0,1.0,0.1425163167,0.2479816424,0.4497258486,0.7179473689,0.5939846939,0.7045445992
1126,1.0,0.0,0.0,0.0,1.0,1.0,0.1656633237,0.255496626,0.4517305242,0.6923071519,0.6052633897,0.6911755489
1127,1.0,0.0,0.0,0.0,1.0,1.0,0.1607879302,0.2526677961,0.455210206,0.693180418,0.5955054031,0.6740735478
1128,1.0,0.0,0.0,0.0,1.0,1.0,0.160202075,0.2461311749,0.4626592859,0.6931822261,0.6082089142,0.6969700354
1129,1.0,0.0,0.0,0.0,1.0,1.0,0.1508249886,0.2461311191,0.4600001109,0.698795305,0.6082087214,0.6969698444
1130,1.0,0.0,0.0,0.0,1.0,1.0,0.1553064549,0.2508034577,0.4533820911,0.6941184789,0.6000003238,0.6917295539
1131,1.0,0.0,0.0,0.0,1.0,1.0,0.1297977641,0.242231352,0.4397031929,0.7285705503,0.5763357494,0.7086618309
1132,1.0,0.0,0.0,0.0,1.0,1.0,0.1104251017,0.2344844315,0.4775280316,0.7627128345,0.5884615166,0.696722219
1133,1.0,0.0,0.0,0.0,1.0,1.0,0.08763735036,0.2517824533,0.4981342212,0.6808537757,0.603846127,0.5877855988
1134,1.0,0.0,0.0,0.0,1.0,1.0,0.07731530542,0.2547600317,0.4490564486,0.5609740839,0.5294117893,0.4846164471
1135,1.0,0.0,0.0,0.0,1.0,1.0,0.0832867789,0.2440046569,0.4583332951,0.5909095364,0.5468751315,0.520000276
1136,1.0,0.0,0.0,0.0,1.0,1.0,0.08707250192,0.2401001769,0.469696979,0.7173886522,0.5781248091,0.6097561832
1137,1.0,0.0,0.0,0.0,1.0,1.0,0.1368839365,0.2393297048,0.4502813737,0.7397258659,0.5747125632,0.7200004131
1138,1.0,0.0,0.0,0.0,1.0,1.0,0.1813803934,0.25080325,0.4611111938,0.693878565,0.5924528031,0.6691721663
1139,1.0,0.0,0.0,0.0,1.0,1.0,0.1995223715,0.2526264266,0.454212392,0.6697242439,0.6051661016,0.6642345195
1140,1.0,0.0,0.0,0.0,1.0,1.0,0.2028117968,0.2591148377,0.4606946492,0.6756744119,0.6111112001,0.6642862218
1141,1.0,0.0,0.0,0.0,1.0,1.0,0.2031829054,0.261935531,0.4523809665,0.6666673158,0.6096654469,0.6666676888
1142,1.0,0.0,0.0,0.0,1.0,1.0,0.2082170859,0.254470091,0.4601449161,0.6608705685,0.6051659643,0.6594212721
1143,1.0,0.0,0.0,0.0,1.0,1.0,0.2042653708,0.2535619786,0.4671533857,0.6607135942,0.6111113341,0.6496354294
1144,1.0,0.0,0.0,0.0,1.0,1.0,0.2042260465,0.2553721039,0.4502712993,0.67256586,0.6066173852,0.6690650638
1145,1.0,0.0,0.0,0.0,1.0,1.0,0.2093549927,0.2563140502,0.4571948801,0.6608691564,0.6051658471,0.6618701566
1146,1.0,0.0,0.0,0.0,1.0,1.0,0.2057139482,0.2554130767,0.4499088647,0.6725652463,0.5925924135,0.6666656148
1147,1.0,0.0,0.0,0.0,1.0,1.0,0.1980546871,0.2526471597,0.4605504602,0.6851847455,0.5985129226,0.6691175893
1148,1.0,0.0,0.0,0.0,1.0,1.0,0.142513149,0.2413747959,0.4629629978,0.7532475122,0.5924528454,0.6953130754
1149,1.0,0.0,0.0,0.0,1.0,1.0,0.09393237452,0.2324282397,0.4548871844,0.6999991337,0.5658914794,0.625001128
1150,1.0,0.0,0.0,0.0,1.0,1.0,0.100690042,0.2220982705,0.4589551954,0.7222222222,0.5747127007,0.6637931034
1151,1.0,0.0,0.0,0.0,1.0,1.0,0.1274703834,0.2366102087,0.4436229753,0.7536230062,0.575757638,0.6719991534
1152,1.0,0.0,0.0,0.0,1.0,1.0,0.1644421713,0.2470739192,0.4478976817,0.7222219547,0.5910779891,0.6842106121
1153,1.0,0.0,0.0,0.0,1.0,1.0,0.2020533372,0.2498605211,0.4277979227,0.6517861488,0.5772056394,0.6470593893
1154,1.0,0.0,0.0,0.0,1.0,1.0,0.1995254492,0.2526062967,0.4355717445,0.6727266999,0.5934066195,0.6449277864
1155,1.0,0.0,0.0,0.0,1.0,1.0,0.2013392566,0.2526062586,0.4500906595,0.6576587089,0.6080588171,0.6666671969
1156,1.0,0.0,0.0,0.0,1.0,1.0,0.1962538436,0.2480232115,0.4563635906,0.6574078893,0.6139705766,0.6666666667
1157,1.0,0.0,0.0,0.0,1.0,1.0,0.2013261766,0.2572094057,0.4442445912,0.6785717077,0.5992649793,0.6714284151
1158,1.0,0.0,0.0,0.0,1.0,1.0,0.2070273381,0.257155925,0.4339284738,0.6465520348,0.5912408525,0.6595741361
1159,1.0,0.0,0.0,0.0,1.0,1.0,0.1973765627,0.2553723618,0.4452423247,0.6818169974,0.6029412539,0.6690650906
1160,1.0,0.0,0.0,0.0,1.0,1.0,0.2006110771,0.2655341972,0.4339964972,0.6576568627,0.5867159456,0.6527775679
1161,1.0,0.0,0.0,0.0,1.0,1.0,0.1733349355,0.2517252365,0.4538746066,0.6808525016,0.5932836674,0.6740736053
1162,1.0,0.0,0.0,0.0,1.0,1.0,0.1499159833,0.2517530822,0.4425926232,0.7283947991,0.5757575758,0.6691728836
1163,1.0,0.0,0.0,0.0,1.0,1.0,0.1536180939,0.2460744337,0.448148213,0.7108420872,0.5833333674,0.6769230513
1164,1.0,0.0,0.0,0.0,1.0,1.0,0.1367074116,0.2441815802,0.4380777699,0.7162182128,0.5757576259,0.6821702141
1165,1.0,0.0,0.0,0.0,1.0,1.0,0.1110489384,0.2356098895,0.453703754,0.7000014495,0.5741444427,0.6532261175
1166,1.0,0.0,0.0,0.0,1.0,1.0,0.08422285335,0.2603910375,0.4775279844,0.7111134543,0.5747126437,0.5514707748
1167,1.0,0.0,0.0,0.0,1.0,1.0,0.07571511626,0.2508325939,0.4753787629,0.7000038066,0.5680933622,0.55813828
1168,1.0,0.0,0.0,0.0,1.0,1.0,0.1079475343,0.2356098177,0.4543760974,0.7586204313,0.5855512727,0.6854833764
1169,1.0,0.0,0.0,0.0,1.0,1.0,0.1350090182,0.237509755,0.448405232,0.7499977459,0.5817491729,0.720000277
1170,1.0,0.0,0.0,0.0,1.0,1.0,0.1570287538,0.2461589351,0.4528650857,0.7294118245,0.5999999201,0.6992479373
1171,1.0,0.0,0.0,0.0,1.0,1.0,0.161082219,0.2461589618,0.4615384921,0.7272740738,0.6185185245,0.7067666962
1172,1.0,0.0,0.0,0.0,1.0,1.0,0.1650453621,0.2507893421,0.4568807719,0.7111128236,0.6022303695,0.6962974141
1173,1.0,0.0,0.0,0.0,1.0,1.0,0.1528993914,0.2432602666,0.4608209282,0.7195116179,0.5924528486,0.705425916
1174,1.0,0.0,0.0,0.0,1.0,1.0,0.07382227883,0.2633141904,0.4886364117,0.6410284398,0.5846155042,0.5182482432
1175,1.0,0.0,0.0,0.0,1.0,1.0,0.08593316756,0.2574897777,0.4878504872,0.5869566236,0.5801527878,0.5037042003
1176,1.0,0.0,0.0,0.0,1.0,1.0,0.09599150743,0.2411781157,0.4595104659,0.7843159382,0.5675674786,0.6399995225
1177,1.0,0.0,0.0,0.0,1.0,1.0,0.1348601097,0.2394890285,0.4306838776,0.7534259483,0.5698114967,0.7007861755
1178,1.0,0.0,0.0,0.0,1.0,1.0,0.1863676563,0.2480098166,0.4351004685,0.6862760925,0.588888978,0.686567864
1179,1.0,0.0,0.0,0.0,1.0,1.0,0.2042259588,0.2580977674,0.4394213887,0.6814158106,0.6007326457,0.6737594204
1180,1.0,0.0,0.0,0.0,1.0,1.0,0.2016890879,0.2535082923,0.4414414802,0.67857129,0.6021897608,0.6762588691
1181,1.0,0.0,0.0,0.0,1.0,1.0,0.2013396415,0.2590465636,0.4392013501,0.6756755166,0.5955882912,0.6737582299
1182,1.0,0.0,0.0,0.0,1.0,1.0,0.2038571766,0.2526061648,0.4350180139,0.6725676738,0.589743292,0.6739141118
1183,1.0,0.0,0.0,0.0,1.0,1.0,0.209647951,0.2553316371,0.4358047081,0.6724128142,0.5912406889,0.6642853335
1184,1.0,0.0,0.0,0.0,1.0,1.0,0.1951890201,0.2563146755,0.4321881147,0.6944446674,0.5867156813,0.6906476727
1185,1.0,0.0,0.0,0.0,1.0,1.0,0.2006114308,0.2581585446,0.426763081,0.6846856263,0.5830258536,0.685714768
1186,1.0,0.0,0.0,0.0,1.0,1.0,0.2200939391,0.2562669445,0.4332130235,0.6557385199,0.5860807342,0.6714292566
1187,1.0,0.0,0.0,0.0,1.0,1.0,0.2128774132,0.2599282717,0.4314080604,0.6694910166,0.5860806523,0.6690136586
1188,1.0,0.0,0.0,0.0,1.0,1.0,0.2162426183,0.2608835276,0.4345454229,0.6722694575,0.5845589536,0.6619723889
1189,1.0,0.0,0.0,0.0,1.0,1.0,0.2164855338,0.2608837614,0.4350181588,0.6666660697,0.5919119026,0.6760561462
1190,1.0,0.0,0.0,0.0,1.0,1.0,0.2150696851,0.2580974288,0.4376131125,0.6722700408,0.5970698582,0.6808509024
1191,1.0,0.0,0.0,0.0,1.0,1.0,0.2167249986,0.2589792888,0.4354838803,0.6694212069,0.5912408903,0.6760569174
1192,1.0,0.0,0.0,0.0,1.0,1.0,0.2185158955,0.259854928,0.4301074741,0.6639337764,0.5927274176,0.6713287764
1193,1.0,0.0,0.0,0.0,1.0,1.0,0.2203069341,0.2598549537,0.4336916911,0.6585358577,0.592727287,0.6713292519
1194,1.0,0.0,0.0,0.0,1.0,1.0,0.1924854007,0.2555825293,0.4074073413,0.6730759723,0.530534281,0.6492541609
1195,1.0,0.0,0.0,0.0,1.0,1.0,0.07973284344,0.266011098,0.4916511578,0.581397096,0.5931558142,0.5142851429
1196,1.0,0.0,0.0,0.0,1.0,1.0,0.07514603372,0.2575484698,0.4793232176,0.5749983944,0.5730767917,0.5074633304
1197,1.0,0.0,0.0,0.0,1.0,1.0,0.1144399758,0.2333325284,0.475190752,0.7333321437,0.5797667087,0.6916664139
1198,1.0,0.0,0.0,0.0,1.0,1.0,0.1563373102,0.2508104915,0.4208565136,0.7023797249,0.5551331675,0.681819673
1199,1.0,0.0,0.0,0.0,1.0,1.0,0.1977117952,0.2618465673,0.4137931273,0.6697257422,0.5682657538,0.669013296
1200,1.0,0.0,0.0,0.0,1.0,1.0,0.2030951827,0.2653066992,0.4242423622,0.657894838,0.5854545758,0.6643837569
1201,1.0,0.0,0.0,0.0,1.0,1.0,0.199170785,0.2608839306,0.4326751666,0.6666666667,0.5845588013,0.6690150296
1202,1.0,0.0,0.0,0.0,1.0,1.0,0.205978263,0.26455854,0.4426522748,0.6695658641,0.5992645489,0.6666671743
1203,1.0,0.0,0.0,0.0,1.0,1.0,0.204921546,0.2682326676,0.4280575271,0.6666666667,0.5882350812,0.678082161
1204,1.0,0.0,0.0,0.0,1.0,1.0,0.2006110239,0.2618464405,0.4412297079,0.6576586694,0.5904060588,0.6971837277
1205,1.0,0.0,0.0,0.0,1.0,1.0,0.1959338802,0.2618466044,0.4514388454,0.6697247522,0.6014759909,0.6971834245
1206,1.0,0.0,0.0,0.0,1.0,1.0,0.2023957151,0.2635890344,0.4462364591,0.6548663317,0.5970695648,0.6666666667
1207,1.0,0.0,0.0,0.0,1.0,1.0,0.1984577105,0.2654194329,0.4436494761,0.6576578518,0.6007328646,0.668965631
1208,1.0,0.0,0.0,0.0,1.0,1.0,0.2023958955,0.2710664408,0.440860236,0.6548661641,0.5940961189,0.6598638144
1209,1.0,0.0,0.0,0.0,1.0,1.0,0.1941363684,0.2683686225,0.4352518453,0.675926433,0.5962963729,0.6620682049
1210,1.0,0.0,0.0,0.0,1.0,1.0,0.1973765009,0.2683684046,0.4434469804,0.6636366682,0.596296164,0.6689652904
1211,1.0,0.0,0.0,0.0,1.0,1.0,0.1959338623,0.2720701837,0.4280575751,0.6605509736,0.5814815579,0.6530603753
1212,1.0,0.0,0.0,0.0,1.0,1.0,0.104419283,0.2585431247,0.4496268198,0.7857156533,0.5752896807,0.664179212
1213,1.0,0.0,0.0,0.0,1.0,1.0,0.07571530703,0.2782761251,0.4943180478,0.7249993286,0.5921566498,0.5563387633
1214,1.0,0.0,0.0,0.0,1.0,1.0,0.07860764825,0.2681901394,0.490636744,0.761907928,0.5907338308,0.5971212348
1215,1.0,0.0,0.0,0.0,1.0,1.0,0.08862994037,0.25861041,0.4849057881,0.765958801,0.5836577233,0.5939848658
1216,1.0,0.0,0.0,0.0,1.0,1.0,0.08883953337,0.2641110284,0.4722223347,0.7499988605,0.5817492059,0.5971218605
1217,1.0,0.0,0.0,0.0,1.0,1.0,0.06990437976,0.2782758204,0.4820415173,0.7027015926,0.5803923054,0.5492962915
1218,1.0,0.0,0.0,0.0,1.0,1.0,0.07396224086,0.2686246315,0.4762809513,0.7179484364,0.5731223541,0.566175093
1219,1.0,0.0,0.0,0.0,1.0,1.0,0.1043062811,0.2508404313,0.4667932783,0.7272716621,0.5843133805,0.6562508391
1220,1.0,0.0,0.0,0.0,1.0,1.0,0.1374695806,0.2613922896,0.4442379492,0.7432448017,0.5846152269,0.7058827221
1221,1.0,0.0,0.0,0.0,1.0,1.0,0.1536182082,0.2661346704,0.4444444003,0.6987950872,0.5900383945,0.6978421713
1222,1.0,0.0,0.0,0.0,1.0,1.0,0.1769087472,0.2715465492,0.4306568955,0.6907210306,0.5849054992,0.6805564916
1223,1.0,0.0,0.0,0.0,1.0,1.0,0.1797159434,0.276360558,0.4348623532,0.6734704583,0.5909090172,0.6780822722
1224,1.0,0.0,0.0,0.0,1.0,1.0,0.1711750224,0.2640037558,0.4475139557,0.6774186072,0.6,0.6928573408
1225,1.0,0.0,0.0,0.0,1.0,1.0,0.1822185397,0.2717115326,0.4567219361,0.6565656346,0.6045629837,0.6783218576
1226,1.0,0.0,0.0,0.0,1.0,1.0,0.1884348423,0.2746556793,0.4639555271,0.6568626214,0.6106867762,0.6666676595
1227,1.0,0.0,0.0,0.0,1.0,1.0,0.1791974308,0.2698113414,0.4491682621,0.659792224,0.5855511115,0.6690131198
1228,1.0,0.0,0.0,0.0,1.0,1.0,0.07820048031,0.2669191833,0.4389313063,0.8048756266,0.5381529697,0.5864658141
1229,1.0,0.0,0.0,0.0,1.0,1.0,0.06550654992,0.2931434461,0.4588014783,0.6000024409,0.5629923328,0.5033563011
1230,1.0,0.0,0.0,0.0,1.0,1.0,0.08078167011,0.2713326456,0.4755638796,0.6976737175,0.5859374539,0.582733634
1231,1.0,0.0,0.0,0.0,1.0,1.0,0.1179114926,0.2479381823,0.468164843,0.714286202,0.5923078386,0.6744186822
1232,1.0,0.0,0.0,0.0,1.0,1.0,0.1717507019,0.2657692016,0.4478976263,0.6702130588,0.5992506461,0.6901407809
1233,1.0,0.0,0.0,0.0,1.0,1.0,0.1730159623,0.2650033248,0.4254142594,0.6808517956,0.5606060482,0.6785714286
1234,1.0,0.0,0.0,0.0,1.0,1.0,0.1966409588,0.2759654882,0.4187725589,0.651375371,0.5634328633,0.6689191293
1235,1.0,0.0,0.0,0.0,1.0,1.0,0.1886420636,0.2703711798,0.4283122239,0.6634615785,0.5820896246,0.6827584043
1236,1.0,0.0,0.0,0.0,1.0,1.0,0.1861527195,0.2693661535,0.4321879747,0.6796124958,0.5836429867,0.6965515369
1237,1.0,0.0,0.0,0.0,1.0,1.0,0.1894247881,0.2693664281,0.4386282802,0.6761895502,0.5910781089,0.6896557406
1238,1.0,0.0,0.0,0.0,1.0,1.0,0.1886424294,0.2656510521,0.4337569197,0.6538470336,0.5873607173,0.6713278464
1239,1.0,0.0,0.0,0.0,1.0,1.0,0.1966410888,0.2776228083,0.413357435,0.6605509331,0.5592594896,0.6733342582
1240,1.0,0.0,0.0,0.0,1.0,1.0,0.183200639,0.2695123847,0.4210526316,0.6732678513,0.5692886146,0.6874999071
1241,1.0,0.0,0.0,0.0,1.0,1.0,0.2020532388,0.2776225226,0.4241877426,0.6428557585,0.5703706412,0.6733330632
1242,1.0,0.0,0.0,0.0,1.0,1.0,0.1991642825,0.2741005017,0.4112317783,0.6454541368,0.5559702315,0.680272666
1243,1.0,0.0,0.0,0.0,1.0,1.0,0.1933227334,0.2725751118,0.4087591947,0.6698113015,0.5454545082,0.6875003756
1244,1.0,0.0,0.0,0.0,1.0,1.0,0.1419873026,0.2565106167,0.428044231,0.7142869208,0.5589354505,0.6888888175
1245,1.0,0.0,0.0,0.0,1.0,1.0,0.04959047112,0.3093509175,0.4637405698,0.3461500744,0.5396827269,0.435897401
1246,1.0,0.0,0.0,0.0,1.0,1.0,0.05667938789,0.2883762088,0.4593574124,0.5333328579,0.5375496326,0.4520552161
1247,1.0,0.0,0.0,0.0,1.0,1.0,0.05499737921,0.2833062592,0.4724856516,0.7241374143,0.5708660004,0.5416664781
1248,1.0,0.0,0.0,0.0,1.0,1.0,0.07875530468,0.2624018553,0.4840524681,0.8095198808,0.590733552,0.6176471057
1249,1.0,0.0,0.0,0.0,1.0,1.0,0.09358052882,0.2585432192,0.4737828048,0.78000059,0.5907337163,0.6641789754
1250,1.0,0.0,0.0,0.0,1.0,1.0,0.1163860536,0.2498603721,0.4713493286,0.7301598234,0.5946968515,0.696969697
1251,1.0,0.0,0.0,0.0,1.0,1.0,0.1351095412,0.2565107711,0.4666665729,0.7260262159,0.6083650519,0.7037044779
1252,1.0,0.0,0.0,0.0,1.0,1.0,0.1586703855,0.2666421815,0.465328416,0.6896551724,0.6194027167,0.6993005002
1253,1.0,0.0,0.0,0.0,1.0,1.0,0.1565611681,0.2665178063,0.4717668912,0.6860470101,0.6296297783,0.6944449883
1254,1.0,0.0,0.0,0.0,1.0,1.0,0.1579999315,0.2619355556,0.4632352765,0.6976762954,0.6208177106,0.6950356246
1255,1.0,0.0,0.0,0.0,1.0,1.0,0.1526418287,0.2675087398,0.4563636314,0.6904769863,0.6133827594,0.7013887327
1256,1.0,0.0,0.0,0.0,1.0,1.0,0.1469765028,0.2629126196,0.4669117112,0.7000005424,0.6156718592,0.70922
1257,1.0,0.0,0.0,0.0,1.0,1.0,0.1019839646,0.2670262693,0.4656771685,0.7272709534,0.5725190527,0.5928565734
1258,1.0,0.0,0.0,0.0,1.0,1.0,0.04337190365,0.3103735469,0.4735848865,0.5652173913,0.5624998423,0.4591196076
1259,1.0,0.0,0.0,0.0,1.0,1.0,0.05801993386,0.2963462243,0.4606741641,0.645159711,0.5542636343,0.4967321466
1260,1.0,0.0,0.0,0.0,1.0,1.0,0.07943790241,0.2689338466,0.4547134246,0.7674419769,0.5725189304,0.5886526339
1261,1.0,0.0,0.0,0.0,1.0,1.0,0.08747445661,0.2680496321,0.4413406679,0.8085097688,0.5593872143,0.6285712544
1262,1.0,0.0,0.0,0.0,1.0,1.0,0.1147504592,0.2517678824,0.4462962354,0.7419355929,0.5763358611,0.7121210197
1263,1.0,0.0,0.0,0.0,1.0,1.0,0.1214789841,0.2602321407,0.4567218666,0.7575757576,0.5999998354,0.7028974391
1264,1.0,0.0,0.0,0.0,1.0,1.0,0.1747659193,0.271223933,0.4517303588,0.6666674256,0.6022303157,0.6849303584
1265,1.0,0.0,0.0,0.0,1.0,1.0,0.1629124956,0.2676408359,0.4487179738,0.6629211591,0.5917603221,0.6993008145
1266,1.0,0.0,0.0,0.0,1.0,1.0,0.1653491225,0.266768332,0.4448528147,0.6888895342,0.5827067223,0.7042254817
1267,1.0,0.0,0.0,0.0,1.0,1.0,0.1622709369,0.2658890393,0.4483395855,0.6818188555,0.592452773,0.6879430656
1268,1.0,0.0,0.0,0.0,1.0,1.0,0.1674941134,0.2677749553,0.4383057702,0.6703310285,0.5811320108,0.6901399226
1269,1.0,0.0,0.0,0.0,1.0,1.0,0.1671860124,0.2696606175,0.4393381154,0.703296886,0.5924528502,0.6993011644
1270,1.0,0.0,0.0,0.0,1.0,1.0,0.1582911627,0.265889102,0.4530386454,0.6976731903,0.592452804,0.6879435453
1271,1.0,0.0,0.0,0.0,1.0,1.0,0.05541840461,0.2796055004,0.4837475269,0.655173186,0.5674602221,0.5106383632
1272,1.0,0.0,0.0,0.0,1.0,1.0,0.05977961027,0.3037515622,0.4747664509,0.5312506327,0.5607845511,0.4645157605
1273,1.0,0.0,0.0,0.0,1.0,1.0,0.07571528063,0.2732847332,0.4867425153,0.6749970415,0.5820312845,0.5571433182
1274,1.0,0.0,0.0,0.0,1.0,1.0,0.1040311212,0.2660112995,0.4721190546,0.8214284337,0.6235741804,0.66428556
1275,1.0,0.0,0.0,0.0,1.0,1.0,0.1504736239,0.2622109781,0.4665426662,0.7283936894,0.6121672307,0.7028982693
1276,1.0,0.0,0.0,0.0,1.0,1.0,0.1650285561,0.2687893627,0.4508349316,0.6741577717,0.5946971982,0.6901412996
1277,1.0,0.0,0.0,0.0,1.0,1.0,0.1625261387,0.2641112604,0.4691589247,0.6896542276,0.6121672628,0.690647011
1278,1.0,0.0,0.0,0.0,1.0,1.0,0.1659591073,0.2640035483,0.4686348253,0.6888890507,0.6188680038,0.6714291285
1279,1.0,0.0,0.0,0.0,1.0,1.0,0.1709080289,0.2746557563,0.4479553074,0.6847820153,0.5992366937,0.6805552818
1280,1.0,0.0,0.0,0.0,1.0,1.0,0.1838679872,0.2769987948,0.4608379287,0.6534654097,0.6179775958,0.6824331875
1281,1.0,0.0,0.0,0.0,1.0,1.0,0.1790592397,0.273432159,0.4588665564,0.6734703545,0.6113209109,0.6827582594
1282,1.0,0.0,0.0,0.0,1.0,1.0,0.1862431084,0.2763609311,0.4557195715,0.6534658619,0.6098483084,0.6643837688
1283,1.0,0.0,0.0,0.0,1.0,1.0,0.192906881,0.2793117739,0.446691237,0.6571424506,0.5969584463,0.6666656988
1284,1.0,0.0,0.0,0.0,1.0,1.0,0.1876279092,0.2803779174,0.4460967566,0.6831686372,0.5992365524,0.6802714031
1285,1.0,0.0,0.0,0.0,1.0,1.0,0.1884345697,0.2753178035,0.4491682424,0.686274298,0.5999999169,0.6712331662
1286,1.0,0.0,0.0,0.0,1.0,1.0,0.1822188431,0.2763609934,0.4438305423,0.6868685103,0.5984849415,0.6712326737
1287,1.0,0.0,0.0,0.0,1.0,1.0,0.1962542893,0.2834236113,0.4309091375,0.6851850727,0.5970147306,0.6842104506
1288,1.0,0.0,0.0,0.0,1.0,1.0,0.1896750276,0.2796942718,0.4434307138,0.6923075304,0.600746031,0.6866663747
1289,1.0,0.0,0.0,0.0,1.0,1.0,0.1513172898,0.2718787363,0.4448598443,0.7037043922,0.5938696829,0.6830987836
1290,1.0,0.0,0.0,0.0,1.0,1.0,0.04949651689,0.3081279398,0.4876191199,0.6153809395,0.5810274449,0.4935898968
1291,1.0,0.0,0.0,0.0,1.0,1.0,0.07043684324,0.3180044404,0.4704762007,0.4054062911,0.5691698248,0.4347820084
1292,1.0,0.0,0.0,0.0,1.0,1.0,0.06497311236,0.3172832852,0.4703632859,0.4705885875,0.5674602261,0.4562500318
1293,1.0,0.0,0.0,0.0,1.0,1.0,0.06186082635,0.298220563,0.4738877338,0.7187527896,0.5806453337,0.5608107083
1294,1.0,0.0,0.0,0.0,1.0,1.0,0.07289603179,0.2941904213,0.4472168121,0.8421055429,0.5645162144,0.5684933497
1295,1.0,0.0,0.0,0.0,1.0,1.0,0.09536647424,0.2617584754,0.4599236891,0.759999025,0.5912700986,0.6666671796
1296,1.0,0.0,0.0,0.0,1.0,1.0,0.1200079745,0.259545142,0.4859286398,0.7499992204,0.6317827764,0.7164177548
1297,1.0,0.0,0.0,0.0,1.0,1.0,0.1087178776,0.2616646305,0.4541983623,0.8070176686,0.6023620431,0.7067676503
1298,1.0,0.0,0.0,0.0,1.0,1.0,0.1355175719,0.2644437072,0.4632767308,0.736110319,0.6186768673,0.6985287236
1299,1.0,0.0,0.0,0.0,1.0,1.0,0.1357733214,0.2702772545,0.4603773186,0.75,0.6186769276,0.712230333
1300,1.0,0.0,0.0,0.0,1.0,1.0,0.1400732108,0.2653552547,0.4867424814,0.7567579775,0.6356587106,0.7080299213
1301,1.0,0.0,0.0,0.0,1.0,1.0,0.134905933,0.2615727398,0.4790875536,0.7746480507,0.6289061841,0.7089546161
1302,1.0,0.0,0.0,0.0,1.0,1.0,0.1387054519,0.2654768252,0.4809885957,0.7534251574,0.62499995,0.7132349285
1303,1.0,0.0,0.0,0.0,1.0,1.0,0.1112619213,0.2577303083,0.4721688108,0.8275863294,0.5984252224,0.7175564956
1304,1.0,0.0,0.0,0.0,1.0,1.0,0.06027784411,0.2916740192,0.4610895136,0.5806441047,0.5551018379,0.5034957586
1305,1.0,0.0,0.0,0.0,1.0,1.0,0.05671995355,0.2937135913,0.4618395374,0.51723708,0.5591835765,0.4791669282
1306,1.0,0.0,0.0,0.0,1.0,1.0,0.07388868466,0.2780706027,0.4805448252,0.6315757994,0.5887097244,0.5507242905
1307,1.0,0.0,0.0,0.0,1.0,1.0,0.0832868868,0.2608982229,0.4573643518,0.7907016486,0.5783133813,0.6538458519
1308,1.0,0.0,0.0,0.0,1.0,1.0,0.1014757413,0.2538265238,0.4597700855,0.792450485,0.6071428717,0.7265633042
1309,1.0,0.0,0.0,0.0,1.0,1.0,0.1108364686,0.2518276908,0.4760994457,0.741381222,0.6102362928,0.7109365124
1310,1.0,0.0,0.0,0.0,1.0,1.0,0.1196245271,0.2518594039,0.4613898403,0.7741938748,0.6039997509,0.7222230521
1311,1.0,0.0,0.0,0.0,1.0,1.0,0.1089256739,0.2498606369,0.4474188005,0.7719291269,0.5905511236,0.7244090144
1312,1.0,0.0,0.0,0.0,1.0,1.0,0.1140047113,0.2479084482,0.4619771156,0.7833321802,0.6093749494,0.7244085094
1313,1.0,0.0,0.0,0.0,1.0,1.0,0.1246939332,0.2508324748,0.4688090356,0.787881092,0.6225679336,0.7209298933
1314,1.0,0.0,0.0,0.0,1.0,1.0,0.1258838286,0.2528003318,0.4770991371,0.7878780212,0.6235293733,0.7286816688
1315,1.0,0.0,0.0,0.0,1.0,1.0,0.1286596224,0.2565618266,0.4477613216,0.7826097342,0.6015326215,0.716417199
1316,1.0,0.0,0.0,0.0,1.0,1.0,0.1360297691,0.2527322662,0.4801511757,0.7638871441,0.632183908,0.7272728688
1317,1.0,0.0,0.0,0.0,1.0,1.0,0.1301159715,0.2508179505,0.4849057092,0.79710227,0.6398466045,0.7251904322
1318,1.0,0.0,0.0,0.0,1.0,1.0,0.1270637347,0.2431591673,0.4914610771,0.791044684,0.6436779653,0.740158057
1319,1.0,0.0,0.0,0.0,1.0,1.0,0.1390202581,0.2527322789,0.4830828033,0.7567561423,0.6360151853,0.7348490401
1320,1.0,0.0,0.0,0.0,1.0,1.0,0.1427776531,0.2546470322,0.4868421883,0.7763158968,0.6475095042,0.7443605283
1321,1.0,0.0,0.0,0.0,1.0,1.0,0.1800121741,0.2536174831,0.5272044743,0.7187500695,0.6616541776,0.71111083
1322,1.0,0.0,0.0,0.0,1.0,1.0,0.1768098682,0.2517387906,0.510242052,0.7157891426,0.6541353444,0.7313434025
1323,1.0,0.0,0.0,0.0,1.0,1.0,0.1734108706,0.2574319546,0.4850745631,0.7204307892,0.6325757372,0.7205881409
1324,1.0,0.0,0.0,0.0,1.0,1.0,0.1703168089,0.2517530567,0.4943819024,0.7032967813,0.6325757823,0.7142852515
1325,1.0,0.0,0.0,0.0,1.0,1.0,0.1740597859,0.2508031506,0.5074906367,0.7204315573,0.6490566038,0.7142852498
1326,1.0,0.0,0.0,0.0,1.0,1.0,0.178671069,0.2517534055,0.5176908775,0.7083325856,0.6590909276,0.7142847891
1327,1.0,0.0,0.0,0.0,1.0,1.0,0.1561034128,0.2374152521,0.5371429636,0.719513251,0.662835238,0.7419351481
1328,1.0,0.0,0.0,0.0,1.0,1.0,0.08725282295,0.2720255354,0.4960318049,0.7045458903,0.5887096329,0.5851847107
1329,1.0,0.0,0.0,0.0,1.0,1.0,0.08979347379,0.2829744236,0.4804688014,0.456521047,0.574296978,0.4680852011
1330,1.0,0.0,0.0,0.0,1.0,1.0,0.08742614323,0.2609879313,0.5009941585,0.6818188434,0.5951417913,0.5581394579
1331,1.0,0.0,0.0,0.0,1.0,1.0,0.1053049536,0.2469212741,0.4712642031,0.7272730858,0.5960784797,0.6904756166
1332,1.0,0.0,0.0,0.0,1.0,1.0,0.1106323189,0.2393300177,0.4652907927,0.7627111803,0.6053638211,0.7359988915
1333,1.0,0.0,0.0,0.0,1.0,1.0,0.1198590332,0.2432603276,0.4760147846,0.769230512,0.6339622997,0.7596901968
1334,1.0,0.0,0.0,0.0,1.0,1.0,0.1244660732,0.2357177233,0.4869887521,0.70149375,0.6339620968,0.7439990384
1335,1.0,0.0,0.0,0.0,1.0,1.0,0.1232955357,0.2385035266,0.463551437,0.7424237954,0.6249999488,0.7460310919
1336,1.0,0.0,0.0,0.0,1.0,1.0,0.1249301486,0.2366101775,0.4720148413,0.7462695663,0.6250003559,0.7279993536
1337,1.0,0.0,0.0,0.0,1.0,1.0,0.1291413559,0.2384165329,0.4794007148,0.7246353067,0.6259542143,0.7439989426
1338,1.0,0.0,0.0,0.0,1.0,1.0,0.1270318551,0.2394097981,0.4728972093,0.7205884204,0.6197717642,0.7539686582
1339,1.0,0.0,0.0,0.0,1.0,1.0,0.1272697505,0.238416351,0.4662921531,0.7058814141,0.6106870513,0.7520008752
1340,1.0,0.0,0.0,0.0,1.0,1.0,0.1307682056,0.2376032033,0.4803738984,0.6999981213,0.6264151708,0.7380949068
1341,1.0,0.0,0.0,0.0,1.0,1.0,0.1328848585,0.2394099149,0.4737828159,0.7183095589,0.6197721302,0.746031174
1342,1.0,0.0,0.0,0.0,1.0,1.0,0.1298712897,0.233709956,0.4783426528,0.7246359063,0.619771968,0.7560966158
1343,1.0,0.0,0.0,0.0,1.0,1.0,0.132388679,0.2422888543,0.4738805847,0.7042231514,0.6212120449,0.7343759209
1344,1.0,0.0,0.0,0.0,1.0,1.0,0.1363725031,0.2385030361,0.4803738859,0.6986287856,0.6174240985,0.7222233768
1345,1.0,0.0,0.0,0.0,1.0,1.0,0.1263444818,0.231671578,0.4849057097,0.701494661,0.6245213183,0.7355376386
1346,1.0,0.0,0.0,0.0,1.0,1.0,0.08263108619,0.2901608236,0.5019686037,0.7142857143,0.6008065347,0.527777295
1347,1.0,0.0,0.0,0.0,1.0,1.0,0.07747622062,0.3006288285,0.4922481718,0.5249974468,0.5896412381,0.4701991753
1348,1.0,0.0,0.0,0.0,1.0,1.0,0.06866376448,0.2791410116,0.4732823811,0.5833362385,0.5781247448,0.503496616
1349,1.0,0.0,0.0,0.0,1.0,1.0,0.08134988091,0.2785006311,0.4786822735,0.5714314297,0.5770751743,0.4964531399
1350,1.0,0.0,0.0,0.0,1.0,1.0,0.06959364656,0.2723968181,0.4835591107,0.6111124423,0.5803922132,0.4820141653
1351,1.0,0.0,0.0,0.0,1.0,1.0,0.07627798737,0.2765253334,0.4892368161,0.5641044031,0.581027631,0.4642863729
1352,1.0,0.0,0.0,0.0,1.0,1.0,0.08443199922,0.28297468,0.4852651429,0.5581371841,0.582329374,0.4822695452
1353,1.0,0.0,0.0,0.0,1.0,1.0,0.08344886188,0.2756397907,0.4834951707,0.581396247,0.579365001,0.4820137009
1354,1.0,0.0,0.0,0.0,1.0,1.0,0.0958369584,0.2767382056,0.4657533729,0.5510203234,0.5617529348,0.4748200491
1355,1.0,0.0,0.0,0.0,1.0,1.0,0.08615894962,0.2693807188,0.4846742645,0.6666681876,0.6015625219,0.5652168091
1356,1.0,0.0,0.0,0.0,1.0,1.0,0.096099967,0.238056108,0.467307723,0.7199989787,0.582677406,0.6280997113
1357,1.0,0.0,0.0,0.0,1.0,1.0,0.1135729197,0.2208067358,0.4678029072,0.6833323495,0.5968992561,0.7105267967
1358,1.0,0.0,0.0,0.0,1.0,1.0,0.1291413411,0.2259275885,0.4812733618,0.6666666667,0.6091954596,0.7203384997
1359,1.0,0.0,0.0,0.0,1.0,1.0,0.1352624755,0.2337097595,0.5000001002,0.6527781069,0.6425855267,0.7154470417
1360,1.0,0.0,0.0,0.0,1.0,1.0,0.1349055126,0.2392488938,0.4866919867,0.7042254378,0.6216214977,0.7338696612
1361,1.0,0.0,0.0,0.0,1.0,1.0,0.1389703982,0.2392485832,0.5066666187,0.6712334441,0.6447874968,0.7258064235
1362,1.0,0.0,0.0,0.0,1.0,1.0,0.132618188,0.2371224574,0.4750000103,0.7101449275,0.6156861383,0.7520661157
1363,1.0,0.0,0.0,0.0,1.0,1.0,0.1342818029,0.2440043303,0.468330082,0.7285708226,0.6093751488,0.744001113
1364,1.0,0.0,0.0,0.0,1.0,1.0,0.1301956302,0.2322919343,0.4770114209,0.7058814591,0.6132812358,0.7478995829
1365,1.0,0.0,0.0,0.0,1.0,1.0,0.1308567703,0.2344844257,0.4743833097,0.7101447505,0.6076923139,0.7540981059
1366,1.0,0.0,0.0,0.0,1.0,1.0,0.1360300972,0.2285542515,0.4914933865,0.7083326086,0.6201550576,0.7457629217
1367,1.0,0.0,0.0,0.0,1.0,1.0,0.1308567467,0.2141659937,0.4952561573,0.6811582024,0.6177606546,0.7477474514
1368,1.0,0.0,0.0,0.0,1.0,1.0,0.1408734093,0.2188701054,0.4914284321,0.6891887215,0.6162790842,0.7610607434
1369,1.0,0.0,0.0,0.0,1.0,1.0,0.1419662586,0.222952695,0.490530247,0.7066658006,0.6192309884,0.7672410488
1370,1.0,0.0,0.0,0.0,1.0,1.0,0.1386507609,0.2144471878,0.4855492441,0.6805559204,0.6023620208,0.7614676953
1371,1.0,0.0,0.0,0.0,1.0,1.0,0.1392353773,0.221666397,0.4713740085,0.6986311571,0.5992219892,0.7719290845
1372,1.0,0.0,0.0,0.0,1.0,1.0,0.1400372278,0.2292837611,0.4721689628,0.7123276963,0.5999999172,0.7606842084
1373,1.0,0.0,0.0,0.0,1.0,1.0,0.1438736648,0.2236105698,0.489443377,0.7066676179,0.6108947112,0.77391253
1374,1.0,0.0,0.0,0.0,1.0,1.0,0.1485658399,0.2253643368,0.4922780455,0.6883122823,0.615686171,0.7565215668
1375,1.0,0.0,0.0,0.0,1.0,1.0,0.1477772942,0.2301863636,0.4922179032,0.6842108192,0.6062992093,0.7350438473
1376,1.0,0.0,0.0,0.0,1.0,1.0,0.1436090446,0.237962369,0.4718445659,0.7297300342,0.5833334711,0.7500004342
1377,1.0,0.0,0.0,0.0,1.0,1.0,0.1592200896,0.2478931405,0.4683300372,0.6987973218,0.6023621677,0.730158547
1378,1.0,0.0,0.0,0.0,1.0,1.0,0.1597546883,0.2439113382,0.4619883203,0.6707319194,0.5912698236,0.723576293
1379,1.0,0.0,0.0,0.0,1.0,1.0,0.1560393215,0.2468500906,0.4664032053,0.6835450136,0.5863452403,0.7235771559
1380,1.0,0.0,0.0,0.0,1.0,1.0,0.1560393849,0.2408296865,0.4624506742,0.69620227,0.5863453091,0.7333327662
1381,1.0,0.0,0.0,0.0,1.0,1.0,0.1694959326,0.2449224413,0.4678363978,0.7126437854,0.596838073,0.7338703869
1382,1.0,0.0,0.0,0.0,1.0,1.0,0.1678750018,0.2439111639,0.4746093807,0.7093010035,0.595238067,0.7235777766
1383,1.0,0.0,0.0,0.0,1.0,1.0,0.1668932543,0.2372214849,0.4529750767,0.7011495583,0.5992220565,0.7295083049
1384,1.0,0.0,0.0,0.0,1.0,1.0,0.1714442574,0.2468976995,0.465886973,0.7159082021,0.6007902799,0.7279998964
1385,1.0,0.0,0.0,0.0,1.0,1.0,0.1724527033,0.2409718623,0.4549020659,0.6818185043,0.600790418,0.7049183124
1386,1.0,0.0,0.0,0.0,1.0,1.0,0.1727188922,0.2449223264,0.4582523694,0.6966283178,0.5928855694,0.7177416505
1387,1.0,0.0,0.0,0.0,1.0,1.0,0.1713879579,0.2469209154,0.4489403361,0.7078646863,0.5882351782,0.7222231087
1388,1.0,0.0,0.0,0.0,1.0,1.0,0.171926654,0.2440943403,0.4404537015,0.7142844622,0.5846152785,0.732283959
1389,1.0,0.0,0.0,0.0,1.0,1.0,0.173815847,0.245986657,0.4442343841,0.6847828695,0.5775195275,0.7165360053
1390,1.0,0.0,0.0,0.0,1.0,1.0,0.1741450833,0.245986538,0.4621212871,0.6739135566,0.593022989,0.7244093876
1391,1.0,0.0,0.0,0.0,1.0,1.0,0.1602160572,0.23908213,0.4561068318,0.6904763051,0.5843137783,0.7213119915
1392,1.0,0.0,0.0,0.0,1.0,1.0,0.1314547152,0.269848956,0.4622825108,0.6470598499,0.5680002277,0.5333327474
1393,1.0,0.0,0.0,0.0,1.0,1.0,0.138055496,0.2669190221,0.4571986003,0.6197189406,0.5582329676,0.5563915886
1394,1.0,0.0,0.0,0.0,1.0,1.0,0.1533232926,0.2488727009,0.4412879352,0.6913578421,0.5652173056,0.6746025835
1395,1.0,0.0,0.0,0.0,1.0,1.0,0.1659521363,0.243054954,0.4664179076,0.6853932584,0.5797665464,0.72
1396,1.0,0.0,0.0,0.0,1.0,1.0,0.1638128837,0.2537345784,0.4198895751,0.7078655676,0.5465118083,0.7175567607
1397,1.0,0.0,0.0,0.0,1.0,1.0,0.167483898,0.2633146124,0.4207649358,0.6956519849,0.5423076509,0.7153281475
1398,1.0,0.0,0.0,0.0,1.0,1.0,0.1674740439,0.2623057199,0.4090089158,0.7096779436,0.5249044266,0.7372258949
1399,1.0,0.0,0.0,0.0,1.0,1.0,0.1596202167,0.2701193965,0.4156079473,0.7045463726,0.5250966575,0.7285711422
1400,1.0,0.0,0.0,0.0,1.0,1.0,0.1641684271,0.2731034264,0.3916968123,0.7252742883,0.5193797449,0.7304967317
1401,1.0,0.0,0.0,0.0,1.0,1.0,0.1593311423,0.2672925197,0.4057971002,0.7159108068,0.5155040168,0.7318840374
1402,1.0,0.0,0.0,0.0,1.0,1.0,0.164465096,0.2652365496,0.4177214418,0.7032971109,0.5192308871,0.7463767033
1403,1.0,0.0,0.0,0.0,1.0,1.0,0.1683842584,0.2797667173,0.3949275326,0.7096776731,0.5019305537,0.731034274
1404,1.0,0.0,0.0,0.0,1.0,1.0,0.1741312047,0.2778371309,0.3992741108,0.6875002479,0.5096526742,0.7291657851
1405,1.0,0.0,0.0,0.0,1.0,1.0,0.1705037718,0.269380987,0.3920145924,0.7234040901,0.5078123942,0.7536233418
1406,1.0,0.0,0.0,0.0,1.0,1.0,0.1786008397,0.2852815447,0.3790613536,0.7171715838,0.4865900821,0.7449668298
1407,1.0,0.0,0.0,0.0,1.0,1.0,0.176265372,0.2799994001,0.3963636576,0.7113409479,0.5058366759,0.7430550685
1408,1.0,0.0,0.0,0.0,1.0,1.0,0.1825548022,0.2908530319,0.3929888642,0.6666666667,0.5156252044,0.7181204112
1409,1.0,0.0,0.0,0.0,1.0,1.0,0.1815502373,0.2905355376,0.38899085,0.6969687866,0.5193798658,0.7333335977
1410,1.0,0.0,0.0,0.0,1.0,1.0,0.1699982983,0.2844262611,0.3850467359,0.7032963149,0.5059287622,0.7430551815
1411,1.0,0.0,0.0,0.0,1.0,1.0,0.1390201653,0.3085928293,0.4454888088,0.63513476,0.5258961877,0.5354844461
1412,1.0,0.0,0.0,0.0,1.0,1.0,0.1346497184,0.3135901705,0.4250473623,0.5915477382,0.493927262,0.5354846521
1413,1.0,0.0,0.0,0.0,1.0,1.0,0.1398473794,0.2951106623,0.4365671902,0.6800010376,0.5157478808,0.6133330048
1414,1.0,0.0,0.0,0.0,1.0,1.0,0.1635116026,0.2810927502,0.4246322498,0.6516852496,0.5234372282,0.694445176
1415,1.0,0.0,0.0,0.0,1.0,1.0,0.1693042068,0.2892085652,0.3916211216,0.688171322,0.5039369113,0.7210883272
1416,1.0,0.0,0.0,0.0,1.0,1.0,0.1714373324,0.2900338255,0.3813868481,0.723404382,0.4862744668,0.7432428175
1417,1.0,0.0,0.0,0.0,1.0,1.0,0.164801521,0.2836253534,0.3812056852,0.7526880521,0.4787644362,0.7755096519
1418,1.0,0.0,0.0,0.0,1.0,1.0,0.1541691513,0.2990608018,0.3723404321,0.7931030319,0.4787647566,0.7999993223
1419,1.0,0.0,0.0,0.0,1.0,1.0,0.1487787631,0.3044276193,0.3677758343,0.8117639141,0.459769934,0.7987421313
1420,1.0,0.0,0.0,0.0,1.0,1.0,0.1500066036,0.311334051,0.3598552666,0.7590353377,0.46428566,0.7707004114
1421,1.0,0.0,0.0,0.0,1.0,1.0,0.1487371779,0.3038304496,0.3938293068,0.7926822328,0.4880001582,0.7894727793
1422,1.0,0.0,0.0,0.0,1.0,1.0,0.1459041542,0.3090645538,0.399635133,0.75,0.4899597497,0.7857141982
1423,1.0,0.0,0.0,0.0,1.0,1.0,0.1297265593,0.3352036192,0.3930529826,0.7746485957,0.4855967889,0.7361964039
1424,1.0,0.0,0.0,0.0,1.0,1.0,0.134574746,0.320385453,0.3806103364,0.7733345427,0.48790319,0.7610062339
1425,1.0,0.0,0.0,0.0,1.0,1.0,0.136124887,0.3168961861,0.3960573937,0.7631584171,0.5040648538,0.7820507862
1426,1.0,0.0,0.0,0.0,1.0,1.0,0.1318710092,0.3278798804,0.3975695028,0.7631573656,0.5098815616,0.7771088427
1427,1.0,0.0,0.0,0.0,1.0,1.0,0.1244726803,0.3310389542,0.404761869,0.7647063836,0.4894517071,0.713375326
1428,1.0,0.0,0.0,0.0,1.0,1.0,0.1230930478,0.3373645195,0.400735213,0.7313423922,0.4936707793,0.6937504168
1429,1.0,0.0,0.0,0.0,1.0,1.0,0.119199328,0.3381088216,0.3853211535,0.7384621299,0.4765953933,0.6981131847
1430,1.0,0.0,0.0,0.0,1.0,1.0,0.1224180791,0.3394729923,0.3802559867,0.7761189696,0.4767933441,0.7267077068
1431,1.0,0.0,0.0,0.0,1.0,1.0,0.1231195,0.3282687016,0.3804347574,0.8088228323,0.4853558094,0.7452233146
1432,1.0,0.0,0.0,0.0,1.0,1.0,0.1173657809,0.3431557523,0.4018349698,0.734374159,0.5021461063,0.7062498371
1433,1.0,0.0,0.0,0.0,1.0,1.0,0.1155318317,0.3410114621,0.3834861992,0.746031139,0.5021460473,0.72955925
1434,1.0,0.0,0.0,0.0,1.0,1.0,0.08281633344,0.3698375742,0.427495259,0.6136362639,0.5110134444,0.6190475643
1435,1.0,0.0,0.0,0.0,1.0,1.0,0.0809859808,0.3891632838,0.4309393079,0.4545481787,0.5044249557,0.5454544482
1436,1.0,0.0,0.0,0.0,1.0,1.0,0.09136687477,0.3953347421,0.3992538018,0.6122438825,0.5066667666,0.6123600715
1437,1.0,0.0,0.0,0.0,1.0,1.0,0.119114069,0.3664619971,0.4189944796,0.6406234449,0.5244443892,0.660605933
1438,1.0,0.0,0.0,0.0,1.0,1.0,0.1286049804,0.3569437169,0.4374999608,0.6285703136,0.562770539,0.6787876638
1439,1.0,0.0,0.0,0.0,1.0,1.0,0.1599859717,0.3610317956,0.4369114985,0.599999526,0.559471393,0.6646334573
1440,1.0,0.0,0.0,0.0,1.0,1.0,0.1367070751,0.3395539853,0.4251386036,0.6216222476,0.5598289921,0.6792449215
1441,1.0,0.0,0.0,0.0,1.0,1.0,0.08377373005,0.3753462789,0.4697855922,0.534882705,0.5733331053,0.5502961079
1442,1.0,0.0,0.0,0.0,1.0,1.0,0.04759274551,0.3770621527,0.4345237124,0.5833340301,0.5318184139,0.5421695632
1443,1.0,0.0,0.0,0.0,1.0,1.0,0.06454302506,0.3572570316,0.4207436919,0.8484814461,0.5482458416,0.6134968783
1444,1.0,0.0,0.0,0.0,1.0,1.0,0.1136167313,0.3062121782,0.4450867399,0.6271179377,0.5829786036,0.7013886882
1445,1.0,0.0,0.0,0.0,1.0,1.0,0.1665736494,0.3221339424,0.4213483482,0.6292131515,0.5826447546,0.679486578
1446,1.0,0.0,0.0,0.0,1.0,1.0,0.1678167447,0.3215417794,0.4160447616,0.6111103817,0.565573906,0.6815294454
1447,1.0,0.0,0.0,0.0,1.0,1.0,0.1744481453,0.3118257341,0.4381817501,0.6145826519,0.5799998745,0.6730777698
1448,1.0,0.0,0.0,0.0,1.0,1.0,0.1620222354,0.304177612,0.4426229146,0.6629215784,0.6007905028,0.6948056473
1449,1.0,0.0,0.0,0.0,1.0,1.0,0.1061675189,0.302250619,0.4230769697,0.6896543241,0.548387322,0.6400001631
1450,1.0,0.0,0.0,0.0,1.0,1.0,0.06018538697,0.3358446855,0.4361313606,0.6060572153,0.5384615385,0.4879523581
1451,1.0,0.0,0.0,0.0,1.0,1.0,0.06133768932,0.3338216447,0.4512634725,0.5294153115,0.5506074167,0.4909089102
1452,1.0,0.0,0.0,0.0,1.0,1.0,0.06579948836,0.3311642671,0.4145907797,0.8378351778,0.5396826798,0.5988033455
1453,1.0,0.0,0.0,0.0,1.0,1.0,0.1343335576,0.3049475964,0.4247311436,0.6533320841,0.56299221,0.6774196473
1454,1.0,0.0,0.0,0.0,1.0,1.0,0.1534855726,0.3147848469,0.435714259,0.6162790144,0.5787399895,0.6749999041
1455,1.0,0.0,0.0,0.0,1.0,1.0,0.165387737,0.3174698118,0.4252669439,0.6451608594,0.5607844203,0.6790121405
1456,1.0,0.0,0.0,0.0,1.0,1.0,0.1603383973,0.3174694931,0.4367201992,0.6333331798,0.580391988,0.6790125668
1457,1.0,0.0,0.0,0.0,1.0,1.0,0.1497359596,0.3178225614,0.4277977922,0.6506033368,0.5639999522,0.6918237527
1458,1.0,0.0,0.0,0.0,1.0,1.0,0.1069514285,0.3249215124,0.4169741851,0.6551698519,0.5390944383,0.6708852869
1459,1.0,0.0,0.0,0.0,1.0,1.0,0.04567854864,0.3651019776,0.462522834,0.5600026418,0.5469389886,0.4860332168
1460,1.0,0.0,0.0,0.0,1.0,1.0,0.05250691972,0.350610798,0.4492754517,0.7241389124,0.544354889,0.522988424
1461,1.0,0.0,0.0,0.0,1.0,1.0,0.1124373428,0.3252151758,0.4250000198,0.6190483654,0.5476190663,0.6341471638
1462,1.0,0.0,0.0,0.0,1.0,1.0,0.1507237513,0.323929956,0.4362657779,0.690475961,0.5652173392,0.6829267992
1463,1.0,0.0,0.0,0.0,1.0,1.0,0.1963505718,0.3396541945,0.4353982894,0.6396401637,0.5781250064,0.6609195196
1464,1.0,0.0,0.0,0.0,1.0,1.0,0.2062338309,0.3370210749,0.4444444849,0.6239318651,0.5891470885,0.6551722502
1465,1.0,0.0,0.0,0.0,1.0,1.0,0.213284651,0.340276838,0.4320988056,0.6280989492,0.5719846175,0.6571430247
1466,1.0,0.0,0.0,0.0,1.0,1.0,0.2027087419,0.3402769947,0.4338623482,0.6434769188,0.5797662965,0.662856725
1467,1.0,0.0,0.0,0.0,1.0,1.0,0.2120027964,0.3449056661,0.4349375642,0.6386551891,0.580392221,0.6647728258
1468,1.0,0.0,0.0,0.0,1.0,1.0,0.2174223328,0.3513662635,0.4280701779,0.6370965508,0.5703123367,0.6611113107
1469,1.0,0.0,0.0,0.0,1.0,1.0,0.1984831031,0.341606231,0.4235501115,0.6637165225,0.5624999495,0.6742856737
1470,1.0,0.0,0.0,0.0,1.0,1.0,0.1970480972,0.3423286344,0.4387211075,0.6666654536,0.5708661605,0.6666658928
1471,1.0,0.0,0.0,0.0,1.0,1.0,0.1518139628,0.3258180413,0.4430380595,0.6785709029,0.56799971,0.6932506495
1472,1.0,0.0,0.0,0.0,1.0,1.0,0.02428567604,0.3836031349,0.4710279534,0.6153858268,0.5477178159,0.464865152
1473,1.0,0.0,0.0,0.0,1.0,1.0,0.03175783698,0.3742678843,0.461682222,0.5882380722,0.5355650028,0.486033507
1474,1.0,0.0,0.0,0.0,1.0,1.0,0.05153649315,0.3747906348,0.4475137332,0.8214322206,0.5573771452,0.5792351191
1475,1.0,0.0,0.0,0.0,1.0,1.0,0.1435562079,0.3278168833,0.4090909474,0.6962011124,0.5399999588,0.701218754
1476,1.0,0.0,0.0,0.0,1.0,1.0,0.1956205512,0.3396540635,0.421708119,0.6454544427,0.5546872535,0.6666674606
1477,1.0,0.0,0.0,0.0,1.0,1.0,0.1991770208,0.3383325654,0.4341637388,0.6517848541,0.571984665,0.6609195265
1478,1.0,0.0,0.0,0.0,1.0,1.0,0.220125921,0.3492261549,0.4227353405,0.6370963409,0.5637065342,0.6574586398
1479,1.0,0.0,0.0,0.0,1.0,1.0,0.2148003648,0.3480548016,0.4298400615,0.6446273565,0.5642022824,0.6703908004
1480,1.0,0.0,0.0,0.0,1.0,1.0,0.2141660028,0.3521654247,0.4232143126,0.6583334796,0.5590552486,0.6759780085
1481,1.0,0.0,0.0,0.0,1.0,1.0,0.222490725,0.3499994159,0.4240281774,0.6587292714,0.5564201316,0.6777771
1482,1.0,0.0,0.0,0.0,1.0,1.0,0.2209102886,0.3541328145,0.4242423657,0.6612897582,0.5669290282,0.6611112961
1483,1.0,0.0,0.0,0.0,1.0,1.0,0.2352669385,0.3533186866,0.4070795874,0.6466167765,0.5507811707,0.6629834698
1484,1.0,0.0,0.0,0.0,1.0,1.0,0.2428222713,0.3613368903,0.4172535708,0.6231884278,0.5576922535,0.6436169324
1485,1.0,0.0,0.0,0.0,1.0,1.0,0.2393031958,0.3522937304,0.4278169302,0.625,0.5708810378,0.6467394755
1486,1.0,0.0,0.0,0.0,1.0,1.0,0.2436800219,0.3569432431,0.4275618426,0.6231880582,0.5714286855,0.6486489207
1487,1.0,0.0,0.0,0.0,1.0,1.0,0.2423953361,0.3517266889,0.4323373701,0.6231874118,0.5692306759,0.6393442246
1488,1.0,0.0,0.0,0.0,1.0,1.0,0.2380459419,0.3496145479,0.4255691529,0.6249992219,0.5703421013,0.6467391242
1489,1.0,0.0,0.0,0.0,1.0,1.0,0.2414876675,0.3484644078,0.4250440616,0.6204384341,0.5708812582,0.6428568973
1490,1.0,0.0,0.0,0.0,1.0,1.0,0.2066584375,0.3435579909,0.4099820718,0.6293102981,0.5507812564,0.6590905842
1491,1.0,0.0,0.0,0.0,1.0,1.0,0.05552435177,0.3763856803,0.4942529765,0.5862061711,0.5617020743,0.531072953
1492,1.0,0.0,0.0,0.0,1.0,1.0,0.02755796458,0.3866156249,0.4558823543,0.6,0.530864349,0.489361772
1493,1.0,0.0,0.0,0.0,1.0,1.0,0.03319145914,0.3882126423,0.4575645087,0.7777816124,0.5578511549,0.5372338844
1494,1.0,0.0,0.0,0.0,1.0,1.0,0.1304417934,0.3433044326,0.455882339,0.6760582203,0.573170885,0.6568048059
1495,1.0,0.0,0.0,0.0,1.0,1.0,0.1680963708,0.3425508662,0.4478975743,0.6630446837,0.5766129894,0.6823529271
1496,1.0,0.0,0.0,0.0,1.0,1.0,0.1941874995,0.3449053541,0.4474153843,0.6605513871,0.5803922048,0.6590904791
1497,1.0,0.0,0.0,0.0,1.0,1.0,0.2049215348,0.3476316652,0.4334531,0.6578950702,0.5731222768,0.6704546653
1498,1.0,0.0,0.0,0.0,1.0,1.0,0.2108752443,0.3513662655,0.4343971576,0.6302519547,0.5703125189,0.6611101147
1499,1.0,0.0,0.0,0.0,1.0,1.0,0.2163374844,0.3541325942,0.4364937014,0.6611571096,0.578739933,0.6722229186
1500,1.0,0.0,0.0,0.0,1.0,1.0,0.2405072756,0.3600351726,0.4206773645,0.6592592143,0.5669292798,0.6666662937
1501,1.0,0.0,0.0,0.0,1.0,1.0,0.2339116537,0.3625426703,0.4148937274,0.6515147506,0.5607844811,0.6648645107
1502,1.0,0.0,0.0,0.0,1.0,1.0,0.2397249243,0.3669822306,0.4091711813,0.6617647511,0.5585935681,0.6595741601
1503,1.0,0.0,0.0,0.0,1.0,1.0,0.237877636,0.369872089,0.4156305374,0.6567163014,0.5669291274,0.6542550884
1504,1.0,0.0,0.0,0.0,1.0,1.0,0.2383010562,0.3645025658,0.4217081314,0.6641787054,0.568627208,0.6612905968
1505,1.0,0.0,0.0,0.0,1.0,1.0,0.2388046061,0.3602641417,0.4247787676,0.6444442044,0.5736435297,0.6612903948
1506,1.0,0.0,0.0,0.0,1.0,1.0,0.2351625381,0.3605827193,0.4153297303,0.6515157775,0.5647058678,0.663043503
1507,1.0,0.0,0.0,0.0,1.0,1.0,0.2342162231,0.3625428398,0.420393572,0.6488539073,0.5647060376,0.6702700489
1508,1.0,0.0,0.0,0.0,1.0,1.0,0.2436802929,0.3602639343,0.4169610207,0.6304347499,0.5658913607,0.6505375385
1509,1.0,0.0,0.0,0.0,1.0,1.0,0.2151821252,0.3547042396,0.4145906796,0.6694209404,0.5607843478,0.6685083066
1510,1.0,0.0,0.0,0.0,0.0,1.0,0.0,0.3976942232,0.0,0.0,0.5416666667,0.5287956916
1511,1.0,0.0,0.0,0.0,1.0,1.0,0.02740696397,0.4038561582,0.4625228826,0.8000055658,0.5591838125,0.4797975219
1512,1.0,0.0,0.0,0.0,0.0,1.0,0.0,0.3909950868,0.0,0.0,0.5439333468,0.5401065719
1513,1.0,0.0,0.0,0.0,1.0,1.0,0.1347151313,0.347366904,0.4353369479,0.716215914,0.5609754663,0.6549705834
1514,1.0,0.0,0.0,0.0,1.0,1.0,0.1963190819,0.3541331698,0.4250000231,0.690908475,0.570865975,0.677777305
1515,1.0,0.0,0.0,0.0,1.0,1.0,0.208516376,0.3583654141,0.4298562233,0.6810338473,0.5737049791,0.6833335071
1516,1.0,0.0,0.0,0.0,1.0,1.0,0.234744216,0.3650303585,0.4163700764,0.6439391715,0.5664062764,0.6684497403
1517,1.0,0.0,0.0,0.0,1.0,1.0,0.2228844613,0.3577770642,0.4283186535,0.6587301323,0.5680934838,0.6739131924
1518,1.0,0.0,0.0,0.0,1.0,1.0,0.225852779,0.3572224611,0.4217081472,0.6614175592,0.5664063792,0.6666662809
1519,1.0,0.0,0.0,0.0,1.0,1.0,0.2423424297,0.3674989842,0.4159293479,0.6496351258,0.568093095,0.6613765884
1520,1.0,0.0,0.0,0.0,1.0,1.0,0.2401485595,0.3646612656,0.4169612229,0.6397047421,0.5714286296,0.6613752363
1521,1.0,0.0,0.0,0.0,1.0,1.0,0.2393028572,0.366590381,0.4190140029,0.6397057456,0.5675676995,0.652632081
1522,1.0,0.0,0.0,0.0,1.0,1.0,0.237456308,0.3597210957,0.4184396059,0.6417911138,0.5719844921,0.6594591696
1523,1.0,0.0,0.0,0.0,1.0,1.0,0.2396530641,0.3616659296,0.41918301,0.6518514626,0.5719845653,0.6612905578
1524,1.0,0.0,0.0,0.0,1.0,1.0,0.2450133203,0.3613367341,0.414461946,0.6330929697,0.5615382375,0.6542556645
1525,1.0,0.0,0.0,0.0,1.0,1.0,0.2391519507,0.3602640724,0.4142857518,0.6492541291,0.565891763,0.6559136992
1526,1.0,0.0,0.0,0.0,1.0,1.0,0.184013012,0.3458070279,0.3953068562,0.6862746297,0.5359999169,0.670520259
1527,1.0,0.0,0.0,0.0,1.0,1.0,0.01480673146,0.3989540256,0.4481481277,0.7499934629,0.5390945528,0.4896908606
1528,1.0,0.0,0.0,0.0,1.0,1.0,0.02212794926,0.395697437,0.4612546727,0.6666552468,0.5551019039,0.4793817164
1529,1.0,0.0,0.0,0.0,1.0,1.0,0.07532550938,0.3747903902,0.4319852515,0.7804864409,0.5573767273,0.5956281103
1530,1.0,0.0,0.0,0.0,1.0,1.0,0.1632483237,0.3418092183,0.4337568788,0.7000002301,0.5719998957,0.6900583804
1531,1.0,0.0,0.0,0.0,1.0,1.0,0.2005985861,0.3494144949,0.4103020392,0.663716421,0.5546873692,0.6759777254
1532,1.0,0.0,0.0,0.0,1.0,1.0,0.2357840866,0.361337116,0.4172536017,0.6492533694,0.5653845333,0.6595743732
1533,1.0,0.0,0.0,0.0,1.0,1.0,0.221317354,0.3550138905,0.4147627123,0.6507939408,0.5637063298,0.6630432928
1534,1.0,0.0,0.0,0.0,1.0,1.0,0.2220981216,0.3577766106,0.4021164624,0.6428566702,0.5525292759,0.6630436137
1535,1.0,0.0,0.0,0.0,1.0,1.0,0.2242562157,0.3550142795,0.4045936045,0.6614164632,0.5598457993,0.663043652
1536,1.0,0.0,0.0,0.0,1.0,1.0,0.2366170217,0.3641375521,0.411660785,0.6417916597,0.5581393914,0.6489362183
1537,1.0,0.0,0.0,0.0,1.0,1.0,0.235266897,0.3636102944,0.412389394,0.639098278,0.5642024188,0.6577544186
1538,1.0,0.0,0.0,0.0,1.0,1.0,0.2361024484,0.3650306761,0.4138542454,0.6466171315,0.5664063216,0.6631015267
1539,1.0,0.0,0.0,0.0,1.0,1.0,0.2436800459,0.3680114585,0.4098939113,0.6521747772,0.5620157779,0.6578947076
1540,1.0,0.0,0.0,0.0,1.0,1.0,0.2432504495,0.3641377618,0.4126984452,0.6231881176,0.5581394588,0.6489363375
1541,1.0,0.0,0.0,0.0,1.0,1.0,0.2380456849,0.3574928919,0.4080561538,0.6397050846,0.5653847993,0.6559135276
1542,1.0,0.0,0.0,0.0,1.0,1.0,0.2450470838,0.3651805418,0.4133099054,0.6285711281,0.5615381692,0.6421052865
1543,1.0,0.0,0.0,0.0,1.0,1.0,0.218350451,0.3519434296,0.4174066857,0.6585370872,0.5603113096,0.6685079139
1544,1.0,0.0,0.0,0.0,1.0,1.0,0.03536208872,0.4030668986,0.4841712875,0.631577234,0.5761316646,0.5102040816
1545,1.0,0.0,0.0,0.0,1.0,1.0,0.04584575769,0.4042457515,0.4697247627,0.6000016723,0.5731709337,0.4974874055
1546,1.0,0.0,0.0,0.0,1.0,1.0,0.06650627053,0.3783897876,0.4510166714,0.7500014312,0.5679012869,0.5869559373
1547,1.0,0.0,0.0,0.0,1.0,1.0,0.179614899,0.3455103238,0.4021351571,0.6732675912,0.54296875,0.6723164107
1548,1.0,0.0,0.0,0.0,1.0,1.0,0.1998883943,0.3519435379,0.4070796526,0.6725648193,0.5525292993,0.6795585002
1549,1.0,0.0,0.0,0.0,1.0,1.0,0.2179634767,0.3611267424,0.4131205351,0.658536166,0.5546875419,0.6702698191
1550,1.0,0.0,0.0,0.0,1.0,1.0,0.2290019245,0.3563899477,0.4138543404,0.6434108275,0.5620154913,0.6739138615
1551,1.0,0.0,0.0,0.0,1.0,1.0,0.2285958931,0.3577767511,0.4166666511,0.635658674,0.5680932273,0.6630437647
1552,1.0,0.0,0.0,0.0,1.0,1.0,0.2334980496,0.3517269038,0.4212390408,0.6287872715,0.5730769606,0.6557379135
1553,1.0,0.0,0.0,0.0,1.0,1.0,0.2313196378,0.3588730662,0.4134276055,0.6488556543,0.5637064325,0.6612909115
1554,1.0,0.0,0.0,0.0,1.0,1.0,0.2281911514,0.3544533736,0.4123892719,0.651163135,0.5581399076,0.6721316037
1555,1.0,0.0,0.0,0.0,1.0,1.0,0.2414876639,0.3613364019,0.4179894061,0.635036282,0.5653845136,0.6542549956
1556,1.0,0.0,0.0,0.0,1.0,1.0,0.2246535117,0.3552703745,0.4176991187,0.6535428356,0.5664061823,0.659340468
1557,1.0,0.0,0.0,0.0,1.0,1.0,0.2374559209,0.3544531656,0.4202128788,0.6417912571,0.5658913902,0.6557375721
1558,1.0,0.0,0.0,0.0,1.0,1.0,0.2379624092,0.3583272253,0.4179893371,0.6370367699,0.5658917207,0.6540541035
1559,1.0,0.0,0.0,0.0,1.0,1.0,0.2343271793,0.3572226238,0.4049734336,0.6439389356,0.5468749103,0.6612014452
1560,1.0,0.0,0.0,0.0,1.0,1.0,0.01703617239,0.4090541483,0.4791667516,0.777767405,0.569620141,0.5103099034
1561,1.0,0.0,0.0,0.0,1.0,1.0,0.02442247239,0.3989369651,0.468045108,0.6153711485,0.5588235805,0.5105263674
1562,1.0,0.0,0.0,0.0,1.0,1.0,0.07098827356,0.3778881754,0.4523363891,0.7631594864,0.5661158148,0.5792355779
1563,1.0,0.0,0.0,0.0,1.0,1.0,0.167789769,0.3419142121,0.4051094801,0.6847830233,0.5465585861,0.686391024
1564,1.0,0.0,0.0,0.0,1.0,1.0,0.1869458716,0.3450451305,0.3938848526,0.7019231159,0.5436508914,0.7011493279
1565,1.0,0.0,0.0,0.0,1.0,1.0,0.2016732759,0.3449057249,0.4196428166,0.6725664547,0.564705853,0.6761358984
1566,1.0,0.0,0.0,0.0,1.0,1.0,0.2179633695,0.3492258855,0.4290779859,0.6666661001,0.5791507271,0.6629840764
1567,1.0,0.0,0.0,0.0,1.0,1.0,0.2183506835,0.3525165141,0.4316163155,0.6747961652,0.5775192081,0.6813184025
1568,1.0,0.0,0.0,0.0,1.0,1.0,0.2370357931,0.3583267545,0.4265487403,0.6343278177,0.5736436579,0.6540546212
1569,1.0,0.0,0.0,0.0,1.0,1.0,0.2207027369,0.3561002558,0.4183123202,0.6585363344,0.5669290325,0.6685082165
1570,1.0,0.0,0.0,0.0,1.0,1.0,0.2217010669,0.3547036146,0.431127086,0.6612909505,0.568627459,0.6685082681
1571,1.0,0.0,0.0,0.0,1.0,1.0,0.232965951,0.3616656967,0.4288256228,0.6488555024,0.5758754864,0.6612906443
1572,1.0,0.0,0.0,0.0,1.0,1.0,0.2361026254,0.3597214071,0.433392543,0.6466165055,0.5758756542,0.6594592558
1573,1.0,0.0,0.0,0.0,1.0,1.0,0.2329656753,0.3597215178,0.4270462362,0.6488557798,0.5758751963,0.6648641425
1574,1.0,0.0,0.0,0.0,1.0,1.0,0.2315997845,0.3597213021,0.4331550445,0.6384607986,0.5797666442,0.6594589967
1575,1.0,0.0,0.0,0.0,1.0,1.0,0.2258523393,0.3544530903,0.4288257249,0.6614183851,0.5775193671,0.6721317729
1576,1.0,0.0,0.0,0.0,1.0,1.0,0.231599654,0.3550140795,0.4509803629,0.6307690571,0.6023163712,0.6521734673
1577,1.0,0.0,0.0,0.0,1.0,1.0,0.2507371998,0.357214893,0.459649229,0.6153843876,0.6083648951,0.6436168056
1578,1.0,0.0,0.0,0.0,1.0,1.0,0.2547250691,0.3627315893,0.4530973688,0.6180550415,0.59845577,0.6436172806
1579,1.0,0.0,0.0,0.0,1.0,1.0,0.2476490651,0.3588729247,0.4672566943,0.6142855002,0.6061777843,0.6451612539
1580,1.0,0.0,0.0,0.0,1.0,1.0,0.2516450335,0.3616657014,0.4571427565,0.6028372138,0.5953306984,0.6397851444
1581,1.0,0.0,0.0,0.0,1.0,1.0,0.2507561001,0.363078508,0.4534050062,0.6214295331,0.5937499361,0.6559142449
1582,1.0,0.0,0.0,0.0,1.0,1.0,0.2494151994,0.3577768908,0.4598929906,0.6214284416,0.5992220305,0.6521737627
1583,1.0,0.0,0.0,0.0,1.0,1.0,0.2511871575,0.3588730791,0.454867308,0.6197180776,0.6023164786,0.6344083437
1584,1.0,0.0,0.0,0.0,1.0,1.0,0.2565413843,0.3622011027,0.4509803035,0.6250005507,0.5891471757,0.6524066106
1585,1.0,0.0,0.0,0.0,1.0,1.0,0.2503011615,0.3563899055,0.455026461,0.6267609369,0.6007753424,0.6358698322
1586,1.0,0.0,0.0,0.0,1.0,1.0,0.2476493801,0.3588728239,0.4530973105,0.6142856928,0.5945945726,0.6451619854
1587,1.0,0.0,0.0,0.0,1.0,1.0,0.2511869373,0.3622006407,0.4566370994,0.6056343893,0.5968993263,0.6310161032
1588,1.0,0.0,0.0,0.0,1.0,1.0,0.2485382122,0.3608020565,0.4567901211,0.6241134323,0.6023167341,0.6470590247
1589,1.0,0.0,0.0,0.0,1.0,1.0,0.2511870687,0.3594145018,0.4584071145,0.6197181398,0.6000001647,0.6470588235
1590,1.0,0.0,0.0,0.0,1.0,1.0,0.2287457218,0.357222388,0.4401409744,0.6384613378,0.5820312613,0.6557379708
1591,1.0,0.0,0.0,0.0,1.0,1.0,0.2102215331,0.3541333098,0.4117647827,0.6864407833,0.5511813165,0.6833338181
1592,1.0,0.0,0.0,0.0,1.0,1.0,0.2252769549,0.3561003158,0.3953489852,0.6746023174,0.5275589221,0.6740336477
1593,1.0,0.0,0.0,0.0,1.0,1.0,0.2240741923,0.3600350294,0.3914589384,0.6666672256,0.5393700771,0.6721320749
1594,1.0,0.0,0.0,0.0,1.0,1.0,0.225852627,0.3572225869,0.3861210682,0.6614162269,0.5312501169,0.661202402
1595,1.0,0.0,0.0,0.0,1.0,1.0,0.2260222876,0.3563901882,0.3780919203,0.6562503568,0.5232557951,0.6576078694
1596,1.0,0.0,0.0,0.0,1.0,1.0,0.2370356353,0.3616657903,0.3876106956,0.6567168908,0.5330737019,0.6612905803
1597,1.0,0.0,0.0,0.0,1.0,1.0,0.2371261082,0.3599519993,0.3971880617,0.6444440926,0.5402300497,0.6542554038
1598,1.0,0.0,0.0,0.0,1.0,1.0,0.2295537627,0.3536486566,0.3975265825,0.6384612487,0.5346154287,0.6467396964
1599,1.0,0.0,0.0,0.0,1.0,1.0,0.229696044,0.3580376287,0.3877193719,0.6488558537,0.5363985497,0.6577539182
1600,1.0,0.0,0.0,0.0,1.0,1.0,0.2306405921,0.3566714502,0.3846153703,0.6515157885,0.5381677913,0.6524065148
1601,1.0,0.0,0.0,0.0,1.0,1.0,0.2275438693,0.3528563334,0.3922942462,0.638461751,0.5419848005,0.6540544121
1602,1.0,0.0,0.0,0.0,1.0,1.0,0.2376297039,0.3585786386,0.381118932,0.6544121637,0.5267172779,0.648936373
1603,1.0,0.0,0.0,0.0,1.0,1.0,0.1579999143,0.3461184978,0.3694853161,0.7093030076,0.4918031658,0.686390297
1604,1.0,0.0,0.0,0.0,1.0,1.0,0.02572103603,0.4001831723,0.4724265522,0.5714285714,0.5609758619,0.4720813822
1605,1.0,0.0,0.0,0.0,1.0,1.0,0.03181750282,0.3877501918,0.4775279969,0.5882367515,0.5560167207,0.5080215409
1606,1.0,0.0,0.0,0.0,1.0,1.0,0.07773425972,0.3619378483,0.4166666508,0.7142857143,0.5432100911,0.6136356449
1607,1.0,0.0,0.0,0.0,1.0,1.0,0.1492788938,0.3344906394,0.3970857069,0.6707314304,0.5322578224,0.6807227414
1608,1.0,0.0,0.0,0.0,1.0,1.0,0.177437183,0.3419143307,0.367753669,0.6938782025,0.4939269393,0.6804727301
1609,1.0,0.0,0.0,0.0,1.0,1.0,0.1916491398,0.3464201624,0.3763439851,0.6822439976,0.5139440103,0.6839083437
1610,1.0,0.0,0.0,0.0,1.0,1.0,0.2130249527,0.3494143539,0.3836590248,0.6749999114,0.5195310846,0.6648043565
1611,1.0,0.0,0.0,0.0,1.0,1.0,0.2205173076,0.352165483,0.3807829685,0.6854845194,0.5236221228,0.6703908496
1612,1.0,0.0,0.0,0.0,1.0,1.0,0.2201257143,0.3519439802,0.38721136,0.6612896639,0.5291828826,0.6740332651
1613,1.0,0.0,0.0,0.0,1.0,1.0,0.2207247172,0.3538877378,0.3763250664,0.6720000545,0.5214008378,0.6648351456
1614,1.0,0.0,0.0,0.0,1.0,1.0,0.2314497173,0.3588730711,0.3842106099,0.6363631962,0.5289577194,0.6451613642
1615,1.0,0.0,0.0,0.0,1.0,1.0,0.2310445707,0.3522940287,0.3870403676,0.6439384382,0.5287355476,0.6521735599
1616,1.0,0.0,0.0,0.0,1.0,1.0,0.2285957859,0.3492257062,0.3900710669,0.6511617513,0.5289575337,0.657458922
1617,1.0,0.0,0.0,0.0,1.0,1.0,0.2313195571,0.3530846274,0.3904592889,0.6412214235,0.5289576679,0.6502729456
1618,1.0,0.0,0.0,0.0,1.0,1.0,0.2341352635,0.3509489059,0.3793706359,0.6343287536,0.526717385,0.6467394672
1619,1.0,0.0,0.0,0.0,1.0,1.0,0.2362953666,0.3547635021,0.3957969459,0.644444163,0.5381678518,0.6505378074
1620,1.0,0.0,0.0,0.0,1.0,1.0,0.2322645558,0.3509488978,0.3996479398,0.636364506,0.541984886,0.6467391677
1621,1.0,0.0,0.0,0.0,1.0,1.0,0.222682578,0.3471343814,0.4052632095,0.6377955557,0.5496185618,0.6483516224
1622,1.0,0.0,0.0,0.0,1.0,1.0,0.2326743205,0.3471342515,0.393298073,0.6212112059,0.5381679844,0.6483517525
1623,1.0,0.0,0.0,0.0,1.0,1.0,0.2348511672,0.346549785,0.3957598367,0.6240599449,0.5363983812,0.6464095314
1624,1.0,0.0,0.0,0.0,1.0,1.0,0.2342161602,0.3421167575,0.3917710095,0.6183207586,0.5307693684,0.657303304
1625,1.0,0.0,0.0,0.0,1.0,1.0,0.2313198795,0.3375978816,0.3816253856,0.6183206107,0.5229006199,0.6440673611
1626,1.0,0.0,0.0,0.0,1.0,1.0,0.2368515092,0.3499990775,0.3590662998,0.6136367721,0.4941634323,0.6388893881
1627,1.0,0.0,0.0,0.0,1.0,1.0,0.2284440347,0.3434375261,0.3321427778,0.6328133593,0.4710426243,0.6573031931
1628,1.0,0.0,0.0,0.0,1.0,1.0,0.228595666,0.3395053565,0.3368794303,0.6356586968,0.4732823931,0.6516847738
1629,1.0,0.0,0.0,0.0,1.0,1.0,0.2197354119,0.3395052164,0.3315603497,0.6451605055,0.4694657634,0.6629214163
1630,1.0,0.0,0.0,0.0,1.0,1.0,0.2268236425,0.3395048948,0.3297873339,0.6328119985,0.4694656803,0.6573036643
1631,1.0,0.0,0.0,0.0,1.0,1.0,0.22914897,0.3427204303,0.3333332101,0.6384611043,0.4789270016,0.6536319
1632,1.0,0.0,0.0,0.0,1.0,1.0,0.2299602765,0.3408057068,0.3398229392,0.6307692054,0.4865901278,0.6404497894
1633,1.0,0.0,0.0,0.0,1.0,1.0,0.2427725231,0.3477146577,0.3439716325,0.6350370824,0.4866918318,0.6557378944
1634,1.0,0.0,0.0,0.0,1.0,1.0,0.2248746966,0.3421165748,0.3553570149,0.6269845109,0.4961540326,0.6516860169
1635,1.0,0.0,0.0,0.0,1.0,1.0,0.09518484987,0.3235895684,0.4628570837,0.6000016746,0.536885079,0.5886075698
1636,1.0,0.0,0.0,0.0,1.0,1.0,0.04304714282,0.3752926812,0.4794006543,0.3478272845,0.55421675,0.4278077463
1637,1.0,0.0,0.0,0.0,1.0,1.0,0.05015764066,0.3431819216,0.4535315327,0.6296325365,0.5381527539,0.5146197019
1638,1.0,0.0,0.0,0.0,1.0,1.0,0.1310745428,0.2994437706,0.4426230155,0.6111101561,0.5564203021,0.6753239447
1639,1.0,0.0,0.0,0.0,1.0,1.0,0.1751232311,0.316111317,0.3504424851,0.6363636364,0.4924242794,0.6646700891
1640,1.0,0.0,0.0,0.0,1.0,1.0,0.198841729,0.324445781,0.3403140513,0.6228069166,0.4813430677,0.6494257638
1641,1.0,0.0,0.0,0.0,1.0,1.0,0.2125347366,0.3281752212,0.3286466703,0.6363646146,0.4738806589,0.6420449221
1642,1.0,0.0,0.0,0.0,1.0,1.0,0.2199810968,0.3282299427,0.3448874572,0.6141732283,0.4870850976,0.6292134831
1643,1.0,0.0,0.0,0.0,1.0,1.0,0.2269093972,0.3203342998,0.3518198097,0.6183203935,0.4908424717,0.628570999
1644,1.0,0.0,0.0,0.0,1.0,1.0,0.2253985437,0.3190101262,0.3426574068,0.6124026538,0.4833947268,0.6416184752
1645,1.0,0.0,0.0,0.0,1.0,1.0,0.2385429976,0.3312962943,0.3432055383,0.5985408358,0.4888889521,0.6201115812
1646,1.0,0.0,0.0,0.0,1.0,1.0,0.2330304127,0.3270235801,0.3333332704,0.6222232309,0.4816175613,0.6404497007
1647,1.0,0.0,0.0,0.0,1.0,1.0,0.2291827289,0.3288607935,0.3413793259,0.6240599036,0.4852938287,0.6368721964
1648,1.0,0.0,0.0,0.0,1.0,1.0,0.237962429,0.33067043,0.384479701,0.6074065286,0.5241637466,0.6292134695
1649,1.0,0.0,0.0,0.0,1.0,1.0,0.2372148926,0.3343856406,0.3926701531,0.6029413881,0.5353159911,0.6388886875
1650,1.0,0.0,0.0,0.0,1.0,1.0,0.2325092055,0.3288603868,0.3975695373,0.6044766418,0.5404413471,0.6256979706
1651,1.0,0.0,0.0,0.0,1.0,1.0,0.2290387777,0.331296401,0.3802082842,0.6060602569,0.5222222133,0.6368720034
1652,1.0,0.0,0.0,0.0,1.0,1.0,0.2330853281,0.3287632891,0.3922261611,0.6136350349,0.5263155775,0.6457149437
1653,1.0,0.0,0.0,0.0,1.0,1.0,0.1419871929,0.3125746284,0.4225092431,0.5974018484,0.5298804261,0.6496815716
1654,1.0,0.0,0.0,0.0,1.0,1.0,0.02625171198,0.3682155844,0.465290809,0.642864581,0.5425101232,0.4725275354
1655,1.0,0.0,0.0,0.0,1.0,1.0,0.06514025505,0.3398102687,0.4655493974,0.6857144559,0.5639998216,0.5529414362
1656,1.0,0.0,0.0,0.0,1.0,1.0,0.1106390727,0.318004376,0.4206640841,0.6833327008,0.5454546941,0.6459628527
1657,1.0,0.0,0.0,0.0,1.0,1.0,0.177882259,0.3169435434,0.436697279,0.5979397143,0.5642023714,0.650306256
1658,1.0,0.0,0.0,0.0,1.0,1.0,0.1699606104,0.3072216017,0.4565618754,0.5978260369,0.5758754607,0.6518988444
1659,1.0,0.0,0.0,0.0,1.0,1.0,0.167493844,0.3060307359,0.460405154,0.5824172255,0.5775193418,0.6392405317
1660,1.0,0.0,0.0,0.0,1.0,1.0,0.1548950434,0.3045174016,0.4612545733,0.5833339578,0.5781249296,0.660255755
1661,1.0,0.0,0.0,0.0,1.0,1.0,0.1554687258,0.3057115286,0.4759259198,0.5952374982,0.5764707048,0.6538458942
1662,1.0,0.0,0.0,0.0,1.0,1.0,0.1171503693,0.3195888354,0.4670329723,0.6250012336,0.5813953204,0.593939363
1663,1.0,0.0,0.0,0.0,1.0,1.0,0.03908447184,0.3628927645,0.4934822402,0.428568596,0.5595237407,0.4480870835
1664,1.0,0.0,0.0,0.0,1.0,1.0,0.03736264463,0.3632510892,0.4803738598,0.4500020815,0.5421686042,0.4585631928
1665,1.0,0.0,0.0,0.0,1.0,1.0,0.03193714059,0.3687458264,0.4812029708,0.5294182352,0.5443548269,0.4590163562
1666,1.0,0.0,0.0,0.0,1.0,1.0,0.03381591865,0.3636180723,0.4699247847,0.4444444444,0.5365853866,0.4580999966
1667,1.0,0.0,0.0,0.0,1.0,1.0,0.04723268653,0.3589834226,0.4858223183,0.5600020314,0.5551019422,0.4999993989
1668,1.0,0.0,0.0,0.0,1.0,1.0,0.05802028348,0.3601228819,0.4831461226,0.5161320889,0.5627528646,0.4943821152
1669,1.0,0.0,0.0,0.0,1.0,1.0,0.0412528747,0.3615867766,0.4765478535,0.6363601675,0.5569108239,0.5
1670,1.0,0.0,0.0,0.0,1.0,1.0,0.04848003117,0.3606859394,0.4720149421,0.6153864665,0.5524193498,0.4916206259
1671,1.0,0.0,0.0,0.0,1.0,1.0,0.04884500393,0.3615866793,0.4774435484,0.615387713,0.5650405467,0.5
1672,1.0,0.0,0.0,0.0,1.0,1.0,0.06153295773,0.3592368559,0.4794776336,0.6060607999,0.5662651011,0.5027933949
1673,1.0,0.0,0.0,0.0,1.0,1.0,0.04679033647,0.3682152748,0.4831460896,0.6400037083,0.5627527534,0.5109892209
1674,1.0,0.0,0.0,0.0,1.0,1.0,0.04679023455,0.3656492529,0.481273378,0.6400026967,0.5650404138,0.5111111371
1675,1.0,0.0,0.0,0.0,1.0,1.0,0.06675292216,0.3558010026,0.4786642694,0.5833338212,0.5639997473,0.5224724023
1676,1.0,0.0,0.0,0.0,1.0,1.0,0.06141816207,0.3578003815,0.489757857,0.6060642606,0.580000134,0.5139666896
1677,1.0,0.0,0.0,0.0,1.0,1.0,0.05081916567,0.361586494,0.4689265469,0.6296339931,0.5569103257,0.5224722916
1678,1.0,0.0,0.0,0.0,1.0,1.0,0.08173861852,0.3470286246,0.4646840695,0.7045437338,0.567460206,0.5657142517
1679,1.0,0.0,0.0,0.0,1.0,1.0,0.101067141,0.3431818402,0.48127342,0.6851834559,0.5783134664,0.5964908185
1680,1.0,0.0,0.0,0.0,1.0,1.0,0.1156070754,0.3338135656,0.4496268307,0.6935484421,0.5680001319,0.6467073904
1681,1.0,0.0,0.0,0.0,1.0,1.0,0.1496392243,0.31675231,0.4528650333,0.6419769024,0.5787402142,0.6770189805
1682,1.0,0.0,0.0,0.0,1.0,1.0,0.1554689147,0.3167522745,0.4537038377,0.6190484577,0.5748031103,0.6708066544
1683,1.0,0.0,0.0,0.0,1.0,1.0,0.1440968864,0.319979389,0.4639556165,0.6410251557,0.5889328952,0.6666671006
1684,1.0,0.0,0.0,0.0,1.0,1.0,0.112507641,0.3358122191,0.4746716459,0.6500001766,0.5879999509,0.6250007883
1685,1.0,0.0,0.0,0.0,1.0,1.0,0.09563140951,0.3405355728,0.4671668226,0.6862752301,0.5725807636,0.6035504271
1686,1.0,0.0,0.0,0.0,1.0,1.0,0.1027464026,0.3471955248,0.4747664013,0.6727283129,0.5783132987,0.5953763814
1687,1.0,0.0,0.0,0.0,1.0,1.0,0.1031322713,0.3411750031,0.472795526,0.6727281057,0.5742969552,0.6058824401
1688,1.0,0.0,0.0,0.0,1.0,1.0,0.07458517739,0.35180342,0.4869403298,0.6250006607,0.576000186,0.5397735191
1689,1.0,0.0,0.0,0.0,1.0,1.0,0.0503450316,0.3580996251,0.4682835421,0.5925960933,0.5506072213,0.5197736855
1690,1.0,0.0,0.0,0.0,1.0,1.0,0.07138879226,0.356076309,0.4906015794,0.6578969177,0.5789475026,0.5454546539
1691,1.0,0.0,0.0,0.0,1.0,1.0,0.1179118861,0.3378116857,0.4681648014,0.6507945011,0.5759998819,0.603549609
1692,1.0,0.0,0.0,0.0,1.0,1.0,0.1172529405,0.3504023174,0.4655492178,0.7301613177,0.5816733716,0.6306815475
1693,1.0,0.0,0.0,0.0,1.0,1.0,0.1440968403,0.3226545932,0.4621071864,0.6794872483,0.5905512232,0.6646348466
1694,1.0,0.0,0.0,0.0,1.0,1.0,0.1808864319,0.3183551378,0.478976204,0.6262615252,0.6100386447,0.6606053534
1695,1.0,0.0,0.0,0.0,1.0,1.0,0.1726976074,0.3234625547,0.4816175909,0.6489375452,0.6162790026,0.6706586291
1696,1.0,0.0,0.0,0.0,1.0,1.0,0.1714372273,0.3241429696,0.4854013397,0.6276585712,0.6177607152,0.6607148466
1697,1.0,0.0,0.0,0.0,1.0,1.0,0.1812174435,0.3253995126,0.4761904117,0.666665955,0.6124029135,0.6666675055
1698,1.0,0.0,0.0,0.0,1.0,1.0,0.1696466624,0.3240375131,0.4723247254,0.6739126423,0.5976564491,0.6867467107
1699,1.0,0.0,0.0,0.0,1.0,1.0,0.1647228985,0.3240380107,0.4888888367,0.6516851528,0.6171874451,0.668674837
1700,1.0,0.0,0.0,0.0,1.0,1.0,0.1326362362,0.3311644668,0.467289689,0.7183089174,0.5833332651,0.6407186665
1701,1.0,0.0,0.0,0.0,1.0,1.0,0.08561304332,0.3484106923,0.4692737843,0.6739119563,0.5697213179,0.5828571155
1702,1.0,0.0,0.0,0.0,1.0,1.0,0.08406532936,0.3546407458,0.502803704,0.6444432966,0.5927421072,0.5568174041
1703,1.0,0.0,0.0,0.0,1.0,1.0,0.08690779173,0.3412729891,0.4574668374,0.6304367479,0.5569108627,0.5952376237
1704,1.0,0.0,0.0,0.0,1.0,1.0,0.1246974266,0.3384563318,0.4450651663,0.7462696409,0.5737054596,0.6647055766
1705,1.0,0.0,0.0,0.0,1.0,1.0,0.1864628733,0.3253083718,0.4496269207,0.6500010555,0.5803921942,0.6626504339
1706,1.0,0.0,0.0,0.0,1.0,1.0,0.21079136,0.3331469222,0.4327271888,0.6465507803,0.5658913521,0.6686041575
1707,1.0,0.0,0.0,0.0,1.0,1.0,0.2075343342,0.3292738159,0.4298725354,0.6403516255,0.5736433855,0.6705887181
1708,1.0,0.0,0.0,0.0,1.0,1.0,0.2100276378,0.3286625874,0.4420290318,0.6293116322,0.5884617819,0.6608193644
1709,1.0,0.0,0.0,0.0,1.0,1.0,0.210408656,0.3318611291,0.433756711,0.6465523427,0.5830118119,0.6744190663
1710,1.0,0.0,0.0,0.0,1.0,1.0,0.2064063391,0.3312326784,0.4402175045,0.6315790457,0.5900382376,0.664740404
1711,1.0,0.0,0.0,0.0,1.0,1.0,0.2118383088,0.328662828,0.4365942508,0.6239305112,0.5769231404,0.6666658303
1712,1.0,0.0,0.0,0.0,1.0,1.0,0.206089109,0.3248186987,0.4343064811,0.628318986,0.576922903,0.6627218411
1713,1.0,0.0,0.0,0.0,1.0,1.0,0.2198771748,0.3293179579,0.4381818835,0.6198353241,0.5785439939,0.6627901629
1714,1.0,0.0,0.0,0.0,1.0,1.0,0.2136485529,0.3267407184,0.4402173055,0.6186432484,0.5807691862,0.6588228144
1715,1.0,0.0,0.0,0.0,1.0,1.0,0.2194780049,0.3267408379,0.4355717583,0.6281001724,0.5730771234,0.6647058154
1716,1.0,0.0,0.0,0.0,1.0,1.0,0.214294894,0.3312326993,0.4270269425,0.6218481039,0.5708810107,0.6647403212
1717,1.0,0.0,0.0,0.0,1.0,1.0,0.2273098523,0.3331472201,0.4314080548,0.6190461625,0.574712785,0.6666658463
1718,1.0,0.0,0.0,0.0,1.0,1.0,0.2164855539,0.3293180339,0.4314080178,0.6333344029,0.5708814614,0.6627910303
1719,1.0,0.0,0.0,0.0,1.0,1.0,0.2358031327,0.338272628,0.433756863,0.6153848645,0.5730766087,0.6534092676
1720,1.0,0.0,0.0,0.0,1.0,1.0,0.1752751975,0.3311643512,0.434701582,0.6702130762,0.5595237996,0.6886234047
1721,1.0,0.0,0.0,0.0,1.0,1.0,0.05280070977,0.3595550695,0.458490521,0.6428592421,0.5406502451,0.5084752855
1722,1.0,0.0,0.0,0.0,1.0,1.0,0.06187932643,0.3526258133,0.4652906849,0.6363653499,0.552419338,0.5257140894
1723,1.0,0.0,0.0,0.0,1.0,1.0,0.111669553,0.3278165926,0.44878948,0.65,0.5640001455,0.6219510042
1724,1.0,0.0,0.0,0.0,1.0,1.0,0.1764813117,0.3246220662,0.4479553558,0.6421058692,0.578740353,0.678788296
1725,1.0,0.0,0.0,0.0,1.0,1.0,0.2069086378,0.3286103637,0.447319759,0.625,0.5836576144,0.6508877419
1726,1.0,0.0,0.0,0.0,1.0,1.0,0.2145592356,0.3337907219,0.444036617,0.6239303706,0.5791508317,0.647398816
1727,1.0,0.0,0.0,0.0,1.0,1.0,0.2204650653,0.3312326118,0.4430147239,0.6500006214,0.5862069528,0.6647405037
1728,1.0,0.0,0.0,0.0,1.0,1.0,0.2225034472,0.3382726165,0.4416058303,0.6229521241,0.5846155094,0.6534085391
1729,1.0,0.0,0.0,0.0,1.0,1.0,0.2229101791,0.3350843441,0.435100547,0.6393449546,0.5852711357,0.6705202958
1730,1.0,0.0,0.0,0.0,1.0,1.0,0.2310639324,0.3357198228,0.4458716579,0.6190477785,0.5868725445,0.6494261303
1731,1.0,0.0,0.0,0.0,1.0,1.0,0.2218946376,0.3350843562,0.4477064249,0.6198355292,0.5891473607,0.6531783542
1732,1.0,0.0,0.0,0.0,1.0,1.0,0.21012025,0.3350841032,0.4478976513,0.6434796664,0.5852712766,0.6589596011
1733,1.0,0.0,0.0,0.0,1.0,1.0,0.2166367389,0.335720202,0.4371584984,0.647058196,0.5868725081,0.660919652
1734,1.0,0.0,0.0,0.0,1.0,1.0,0.2068444625,0.3370209268,0.4377288952,0.6371690355,0.5775193005,0.6609188141
1735,1.0,0.0,0.0,0.0,1.0,1.0,0.2137746925,0.330584866,0.4424132732,0.6410254094,0.5846153284,0.6627907548
1736,1.0,0.0,0.0,0.0,1.0,1.0,0.2046827858,0.3305548813,0.4409594194,0.6486475594,0.5836575988,0.6705884712
1737,1.0,0.0,0.0,0.0,1.0,1.0,0.1980545963,0.3286100908,0.4422017541,0.6388893782,0.5797667865,0.67455719
1738,1.0,0.0,0.0,0.0,1.0,1.0,0.2065269364,0.3266660311,0.4464944362,0.6517861186,0.5875488172,0.6666666667
1739,1.0,0.0,0.0,0.0,1.0,1.0,0.2245520832,0.3383324395,0.4419889246,0.6557383845,0.5836576593,0.6724132294
1740,1.0,0.0,0.0,0.0,1.0,1.0,0.2196575259,0.3389580915,0.4377289056,0.6416674864,0.5891474229,0.662856957
1741,1.0,0.0,0.0,0.0,1.0,1.0,0.2216943931,0.33957872,0.4399999769,0.6393446886,0.5868725286,0.6534090977
1742,1.0,0.0,0.0,0.0,1.0,1.0,0.2162428468,0.3344285165,0.4363636751,0.6302520557,0.5846154981,0.6724135818
1743,1.0,0.0,0.0,0.0,1.0,1.0,0.2190808313,0.3434373747,0.4384057805,0.6363633188,0.583011657,0.6573028639
1744,1.0,0.0,0.0,0.0,1.0,1.0,0.0464857553,0.3587211673,0.4941859561,0.6666696007,0.5684649339,0.5202315174
1745,1.0,0.0,0.0,0.0,1.0,1.0,0.04117526884,0.3747905778,0.4868913668,0.5909065134,0.580645391,0.4784947859
1746,1.0,0.0,0.0,0.0,1.0,1.0,0.09861647535,0.3344907809,0.4895635719,0.6346155398,0.5846774637,0.6084339786
1747,1.0,0.0,0.0,0.0,1.0,1.0,0.1638128117,0.3213891357,0.4604052566,0.6516852864,0.5960781859,0.6768293469
1748,1.0,0.0,0.0,0.0,1.0,1.0,0.1998884521,0.3383322075,0.4440366818,0.6330278458,0.575875359,0.6609194769
1749,1.0,0.0,0.0,0.0,1.0,1.0,0.209354843,0.3344286276,0.4444444014,0.6260858454,0.5884615904,0.6551723294
1750,1.0,0.0,0.0,0.0,1.0,1.0,0.2239185642,0.3395785691,0.4134790139,0.6422750964,0.5598453595,0.6647724447
1751,1.0,0.0,0.0,0.0,1.0,1.0,0.2293802726,0.3428316116,0.4098361672,0.6428566603,0.5503876704,0.6610168269
1752,1.0,0.0,0.0,0.0,1.0,1.0,0.223511655,0.3408951998,0.4163636364,0.6260161754,0.5620155039,0.6477276454
1753,1.0,0.0,0.0,0.0,1.0,1.0,0.2101204825,0.3377018192,0.4223034434,0.6347832333,0.5624998191,0.6589597145
1754,1.0,0.0,0.0,0.0,1.0,1.0,0.2176641172,0.3363881193,0.4228676135,0.6249995548,0.5564199748,0.6531783767
1755,1.0,0.0,0.0,0.0,1.0,1.0,0.2293798913,0.3428318039,0.4262294672,0.6349203954,0.5736435346,0.6497180941
1756,1.0,0.0,0.0,0.0,1.0,1.0,0.2366621703,0.3467056934,0.4225865139,0.623077337,0.5620156216,0.6480451426
1757,1.0,0.0,0.0,0.0,1.0,1.0,0.2316223229,0.3461100686,0.4233577091,0.6299216383,0.5642024397,0.6573034439
1758,1.0,0.0,0.0,0.0,1.0,1.0,0.1987840904,0.3357808379,0.4309391188,0.6666666667,0.5612649269,0.6705878725
1759,1.0,0.0,0.0,0.0,1.0,1.0,0.1456752755,0.3239297463,0.4538744342,0.6582277811,0.5770750629,0.6768289342
1760,1.0,0.0,0.0,0.0,1.0,1.0,0.1441141015,0.3238194896,0.4625468295,0.6363646116,0.5759999174,0.6604935518
1761,1.0,0.0,0.0,0.0,1.0,1.0,0.1671925578,0.3226542396,0.473977712,0.644444027,0.6023621736,0.6768289461
1762,1.0,0.0,0.0,0.0,1.0,1.0,0.189133851,0.3305240683,0.443413763,0.6666652958,0.5748030261,0.6726187206
1763,1.0,0.0,0.0,0.0,1.0,1.0,0.1807108079,0.3279414917,0.4594095991,0.6326531048,0.5976564845,0.6785719178
1764,1.0,0.0,0.0,0.0,1.0,1.0,0.191069688,0.3324992214,0.45404405,0.6538466166,0.5992216037,0.6725144059
1765,1.0,0.0,0.0,0.0,1.0,1.0,0.1873951503,0.325989886,0.4503676439,0.6470591872,0.5976561266,0.6766467895
1766,1.0,0.0,0.0,0.0,1.0,1.0,0.1810449747,0.329228017,0.4436228566,0.6530606643,0.5843138098,0.6785712966
1767,1.0,0.0,0.0,0.0,1.0,1.0,0.1855579197,0.3292279819,0.4375000837,0.6732667958,0.5764704538,0.6726185605
1768,1.0,0.0,0.0,0.0,1.0,1.0,0.1924851417,0.3364264912,0.4388889591,0.6634616356,0.5708664135,0.6725148498
1769,1.0,0.0,0.0,0.0,1.0,1.0,0.1906341333,0.3344589112,0.4444444011,0.6504844824,0.5787400251,0.6705883813
1770,1.0,0.0,0.0,0.0,1.0,1.0,0.1880867799,0.3331470883,0.4354243663,0.6764698047,0.5764705304,0.6823536066
1771,1.0,0.0,0.0,0.0,1.0,1.0,0.1828923943,0.3279418236,0.4417745193,0.6767682838,0.5781250454,0.6785708865
1772,1.0,0.0,0.0,0.0,1.0,1.0,0.1758277412,0.3285566298,0.4462962464,0.6947355236,0.5866139988,0.7005989014
1773,1.0,0.0,0.0,0.0,1.0,1.0,0.1847398634,0.3344590459,0.4417746492,0.6800005044,0.5787401998,0.6941182871
1774,1.0,0.0,0.0,0.0,1.0,1.0,0.1832309795,0.3324914199,0.4370370457,0.6767677198,0.5748028786,0.692308076
1775,1.0,0.0,0.0,0.0,1.0,1.0,0.194696637,0.333147257,0.4452690933,0.6761907838,0.5803920396,0.6882344874
1776,1.0,0.0,0.0,0.0,1.0,1.0,0.1727660762,0.3265892136,0.4535316559,0.6666674116,0.5866141008,0.6807228161
1777,1.0,0.0,0.0,0.0,1.0,1.0,0.1864632658,0.3324915067,0.44589556,0.6700000624,0.5708660354,0.6804732344
1778,1.0,0.0,0.0,0.0,1.0,1.0,0.1868115285,0.3324838893,0.4467289742,0.6499992599,0.5697208623,0.6706582656
1779,1.0,0.0,0.0,0.0,1.0,1.0,0.186462891,0.3384562437,0.4365672275,0.6799997489,0.5657368875,0.6882353955
1780,1.0,0.0,0.0,0.0,1.0,1.0,0.1756026179,0.3378116439,0.4336448763,0.7021278492,0.5560000234,0.6982246981
1781,1.0,0.0,0.0,0.0,1.0,1.0,0.1761537139,0.3357808324,0.441558482,0.6526316022,0.5691698064,0.6705880173
1782,1.0,0.0,0.0,0.0,1.0,1.0,0.06866411597,0.3742765287,0.4828244907,0.6666666667,0.5761319033,0.5439555954
1783,1.0,0.0,0.0,0.0,1.0,1.0,0.05350734251,0.3737582828,0.4684513259,0.7142846452,0.5495869092,0.5414367711
1784,1.0,0.0,0.0,0.0,1.0,1.0,0.08406526207,0.3667308743,0.4542055779,0.688890438,0.5604840902,0.5714284073
1785,1.0,0.0,0.0,0.0,1.0,1.0,0.07514598278,0.3682153201,0.4605262669,0.7000036407,0.5587042779,0.5659344051
1786,1.0,0.0,0.0,0.0,1.0,1.0,0.0420418105,0.3737585174,0.4627150732,0.7727285618,0.5454548188,0.5359112657
1787,1.0,0.0,0.0,0.0,1.0,1.0,0.03990169737,0.3773401149,0.4828896588,0.7619033341,0.5714283268,0.529730159
1788,1.0,0.0,0.0,0.0,1.0,1.0,0.04750164612,0.3732608213,0.477186201,0.7200030345,0.5673469581,0.5355198871
1789,1.0,0.0,0.0,0.0,1.0,1.0,0.04714353054,0.3793801298,0.4754716593,0.8,0.567346821,0.5376336723
1790,1.0,0.0,0.0,0.0,1.0,1.0,0.05270125099,0.3732609197,0.470809785,0.6785658193,0.567346808,0.5409837379
1791,1.0,0.0,0.0,0.0,1.0,1.0,0.05780359778,0.3732853229,0.4794775874,0.741937898,0.5823290487,0.5537638493
1792,1.0,0.0,0.0,0.0,1.0,1.0,0.07192939729,0.3595557744,0.4886364026,0.6842111159,0.5772355579,0.5706215301
1793,1.0,0.0,0.0,0.0,1.0,1.0,0.09170883324,0.3586705102,0.4513109149,0.7346928264,0.5524193924,0.5898876803
1794,1.0,0.0,0.0,0.0,1.0,1.0,0.1050069966,0.3632510781,0.463414677,0.75,0.5783131825,0.6132597957
1795,1.0,0.0,0.0,0.0,1.0,1.0,0.1419769595,0.3371611135,0.4186914726,0.6973677371,0.5421686646,0.6666662541
1796,1.0,0.0,0.0,0.0,1.0,1.0,0.1756027387,0.3384559619,0.4429908071,0.7127662886,0.5697212532,0.700000123
1797,1.0,0.0,0.0,0.0,1.0,1.0,0.1712264951,0.3344743763,0.4432029913,0.7065227897,0.5737051776,0.6964287515
1798,1.0,0.0,0.0,0.0,1.0,1.0,0.1752754539,0.3404472453,0.444029936,0.6914881389,0.5776891969,0.6842108461
1799,1.0,0.0,0.0,0.0,1.0,1.0,0.1795293332,0.3357806445,0.4351850938,0.6804134819,0.5691697418,0.6882352001
1800,1.0,0.0,0.0,0.0,1.0,1.0,0.1803783847,0.3344590296,0.4401473958,0.6734687795,0.5748032563,0.6823527824
1801,1.0,0.0,0.0,0.0,1.0,1.0,0.1755027115,0.3292278072,0.454713416,0.6842111116,0.5882353428,0.6726181568
1802,1.0,0.0,0.0,0.0,1.0,1.0,0.1899310646,0.3311874073,0.448339467,0.6504843891,0.5764706079,0.6686390158
1803,1.0,0.0,0.0,0.0,1.0,1.0,0.1714908309,0.3305240834,0.4409594182,0.6666659106,0.5708662234,0.6845234433
1804,1.0,0.0,0.0,0.0,1.0,1.0,0.1837210076,0.3370668545,0.4430147116,0.6699985901,0.5764706513,0.6802321171
1805,1.0,0.0,0.0,0.0,1.0,1.0,0.1711751445,0.3324914713,0.4401474989,0.655912911,0.570866262,0.6804737842
1806,1.0,0.0,0.0,0.0,1.0,1.0,0.1326363521,0.3445658164,0.4635513608,0.6901389105,0.5725806658,0.6432746073
1807,1.0,0.0,0.0,0.0,1.0,1.0,0.06700141254,0.3672649731,0.476722529,0.75,0.5783131472,0.5573767878
1808,1.0,0.0,0.0,0.0,1.0,1.0,0.06951007858,0.3627008949,0.4943608766,0.675672943,0.5927420706,0.5499992495
1809,1.0,0.0,0.0,0.0,1.0,1.0,0.07403240909,0.3643381648,0.4870371264,0.724998548,0.5816731811,0.5628421796
1810,1.0,0.0,0.0,0.0,1.0,1.0,0.03930398619,0.3803542847,0.4700374686,0.8571442832,0.5668015902,0.5159567766
1811,1.0,0.0,0.0,0.0,1.0,1.0,0.04109858349,0.3864242632,0.4897197399,0.8181792038,0.5829958322,0.5183241853
1812,1.0,0.0,0.0,0.0,1.0,1.0,0.04280671889,0.3813131474,0.4785847259,0.7826042951,0.5783132888,0.5210524323
1813,1.0,0.0,0.0,0.0,1.0,1.0,0.04661579169,0.3727755316,0.4813433343,0.7200016915,0.576612886,0.5189188263
1814,1.0,0.0,0.0,0.0,1.0,1.0,0.04125260848,0.3803544706,0.4840524858,0.8181809484,0.5708502507,0.5212766196
1815,1.0,0.0,0.0,0.0,1.0,1.0,0.0429666587,0.3813131781,0.4841120287,0.739129245,0.5863453629,0.5105269144
1816,1.0,0.0,0.0,0.0,1.0,1.0,0.0430470696,0.3813129003,0.4831460827,0.7391273016,0.578313228,0.5052635826
1817,1.0,0.0,0.0,0.0,1.0,1.0,0.04086924035,0.3772991136,0.4758364213,0.7727289748,0.5662652694,0.5159575051
1818,1.0,0.0,0.0,0.0,1.0,1.0,0.03549417577,0.378820989,0.4766356522,0.7894771917,0.5685487077,0.5212762136
1819,1.0,0.0,0.0,0.0,1.0,1.0,0.03556042527,0.3808359887,0.4812734068,0.7368409543,0.5766127614,0.5185183557
1820,1.0,0.0,0.0,0.0,1.0,1.0,0.03556072753,0.3808356314,0.4850187754,0.7368421053,0.5846776986,0.5185185598
1821,1.0,0.0,0.0,0.0,1.0,1.0,0.02823264907,0.376308054,0.4802261114,0.8000112876,0.5708499701,0.5053769558
1822,1.0,0.0,0.0,0.0,1.0,1.0,0.0410983211,0.3747906448,0.4897196703,0.5909077753,0.5846774263,0.5053759514
1823,1.0,0.0,0.0,0.0,1.0,1.0,0.03569444953,0.3793062414,0.4793233229,0.6315743529,0.574297279,0.4973541433
1824,1.0,0.0,0.0,0.0,1.0,1.0,0.02470092362,0.3895781057,0.4847908312,0.5384640056,0.5755101728,0.4659681806
1825,1.0,0.0,0.0,0.0,1.0,1.0,0.04386878887,0.4099750413,0.5057252369,0.2173916996,0.591836726,0.4228858672
1826,1.0,0.0,0.0,0.0,1.0,1.0,0.04075396209,0.3972676282,0.4757281297,0.1428571429,0.5564853392,0.4157890451
1827,1.0,0.0,0.0,0.0,1.0,1.0,0.0362391085,0.3706945849,0.4713739014,0.2105268896,0.5655734784,0.447512946
1828,1.0,0.0,0.0,0.0,1.0,1.0,0.03672985734,0.3518868424,0.4642165602,0.2105280627,0.5500001532,0.4201183874
1829,1.0,0.0,0.0,0.0,1.0,1.0,0.04083359266,0.357540904,0.4649806396,0.1904809499,0.5523012552,0.4152045779
1830,1.0,0.0,0.0,0.0,1.0,1.0,0.03160296714,0.3338564248,0.4545454545,0.1874991829,0.5319150261,0.445860263
1831,1.0,0.0,0.0,0.0,1.0,1.0,0.04870543514,0.3521240095,0.4619881568,0.3600026476,0.5527427136,0.4790418272
1832,1.0,0.0,0.0,0.0,1.0,1.0,0.05043915965,0.3484113619,0.4990654673,0.4444427608,0.5976093557,0.5028574234
1833,1.0,0.0,0.0,0.0,1.0,1.0,0.06675328923,0.3247213436,0.4712430613,0.7222222222,0.5953308549,0.562874769
1834,1.0,0.0,0.0,0.0,1.0,1.0,0.1298709487,0.2778374306,0.4952920065,0.6521735123,0.6177605214,0.6805559236
1835,1.0,0.0,0.0,0.0,1.0,1.0,0.1991509841,0.2930693983,0.4520294888,0.6111112219,0.5902257601,0.6474363753
1836,1.0,0.0,0.0,0.0,1.0,1.0,0.08150781311,0.2933583791,0.4349514869,0.6904766686,0.5182186166,0.572413743
1837,1.0,0.0,0.0,0.0,1.0,1.0,0.07717705174,0.3285567706,0.4903473536,0.1999989511,0.547243932,0.3892225498
1838,1.0,0.0,0.0,0.0,1.0,1.0,0.07910642982,0.3185472158,0.4555985882,0.2926851556,0.5258966669,0.412499317
1839,1.0,0.0,0.0,0.0,1.0,1.0,0.07865097416,0.2741660057,0.4894432464,0.6585351878,0.5875489516,0.5673754031
1840,1.0,0.0,0.0,0.0,1.0,1.0,0.1858999666,0.2683687812,0.4696131813,0.6237609298,0.6074071099,0.6413791865
1841,1.0,0.0,0.0,0.0,1.0,1.0,0.2480630173,0.2889295782,0.4532375449,0.6086955153,0.5999999211,0.6163525363
1842,1.0,0.0,0.0,0.0,1.0,1.0,0.2426703559,0.2925639474,0.4424460918,0.6074083754,0.5890909767,0.608696358
1843,1.0,0.0,0.0,0.0,1.0,1.0,0.2520952535,0.2994721391,0.4436493465,0.6028366394,0.5920574678,0.614457107
1844,1.0,0.0,0.0,0.0,1.0,1.0,0.06892721387,0.3298940805,0.4655173161,0.4166696588,0.5507811597,0.4201191126
1845,1.0,0.0,0.0,0.0,1.0,1.0,0.06675689606,0.3111103191,0.4790077016,0.2571462967,0.5564200342,0.4125002798
1846,1.0,0.0,0.0,0.0,1.0,1.0,0.06460281637,0.2877772418,0.448669185,0.6470584558,0.5408559845,0.5
1847,1.0,0.0,0.0,0.0,1.0,1.0,0.1514863872,0.2638973902,0.4251385101,0.670731131,0.5617977664,0.6595739483
1848,1.0,0.0,0.0,0.0,1.0,1.0,0.2082173664,0.2818941646,0.4510869127,0.6347822639,0.6007326706,0.6428573443
1849,1.0,0.0,0.0,0.0,1.0,1.0,0.2278798419,0.2951252104,0.4434469486,0.6220463802,0.6050726666,0.6319025206
1850,1.0,0.0,0.0,0.0,1.0,1.0,0.2462913184,0.2958634115,0.4428570254,0.6014497133,0.602888141,0.6097553142
1851,1.0,0.0,0.0,0.0,1.0,1.0,0.2413680086,0.2958633473,0.4329160451,0.6074074434,0.5992781251,0.6097558373
1852,1.0,0.0,0.0,0.0,1.0,1.0,0.2364270845,0.2922556628,0.4318996235,0.6136356789,0.5956678744,0.6172841695
1853,1.0,0.0,0.0,0.0,1.0,1.0,0.207157164,0.2815591913,0.4145454838,0.6315791466,0.5447762335,0.6092719964
1854,1.0,0.0,0.0,0.0,1.0,1.0,0.05901478318,0.3187197697,0.4647620062,0.3225826119,0.5393701064,0.425926406
1855,1.0,0.0,0.0,0.0,1.0,1.0,0.0773152825,0.3181818559,0.4641510038,0.3658537849,0.5429687532,0.4171778342
1856,1.0,0.0,0.0,0.0,1.0,1.0,0.06435796841,0.3096309423,0.4621213221,0.3529393589,0.5333334431,0.4113913446
1857,1.0,0.0,0.0,0.0,1.0,1.0,0.05006809019,0.3078280582,0.4605010215,0.6538505672,0.5399998807,0.5129873095
1858,1.0,0.0,0.0,0.0,1.0,1.0,0.1029388602,0.2869489116,0.45505612,0.7090914052,0.56640642,0.6462582355
1859,1.0,0.0,0.0,0.0,1.0,1.0,0.171490615,0.289611065,0.4409592971,0.6451624899,0.5795453662,0.6666661957
1860,1.0,0.0,0.0,0.0,1.0,1.0,0.2049215316,0.2972316195,0.4370503665,0.6140353845,0.5836431138,0.6500005357
1861,1.0,0.0,0.0,0.0,1.0,1.0,0.2228970937,0.306102526,0.4388490139,0.6048385821,0.590406125,0.6325297487
1862,1.0,0.0,0.0,0.0,1.0,1.0,0.2228970862,0.3090865294,0.4388489265,0.6129023229,0.5851852595,0.6407189673
1863,1.0,0.0,0.0,0.0,1.0,1.0,0.2203070529,0.3097902022,0.4283155182,0.6178868126,0.5793359075,0.6488101955
1864,1.0,0.0,0.0,0.0,1.0,1.0,0.2159511162,0.3109374146,0.4303572654,0.6115703073,0.5851853311,0.6369051852
1865,1.0,0.0,0.0,0.0,1.0,1.0,0.2378779105,0.3097901225,0.4227354658,0.6044783832,0.5756456505,0.624999678
1866,1.0,0.0,0.0,0.0,1.0,1.0,0.2285957985,0.3086515004,0.4273050329,0.6046510434,0.5845589876,0.6428573306
1867,1.0,0.0,0.0,0.0,1.0,1.0,0.2343274535,0.3097901632,0.4245115192,0.6060615553,0.5719557373,0.6249995143
1868,1.0,0.0,0.0,0.0,1.0,1.0,0.2480885173,0.3148427742,0.4290780693,0.5999993739,0.5787545156,0.6162794698
1869,1.0,0.0,0.0,0.0,1.0,1.0,0.2361026245,0.3141627131,0.4245114715,0.5939858732,0.5772061279,0.6198824602
1870,1.0,0.0,0.0,0.0,1.0,1.0,0.2347443994,0.3171662746,0.4288256885,0.598484599,0.5867156394,0.6162792167
1871,1.0,0.0,0.0,0.0,1.0,1.0,0.2414285137,0.3123256841,0.4191829361,0.6102946709,0.5735295059,0.6235291255
1872,1.0,0.0,0.0,0.0,1.0,1.0,0.2333812377,0.3104880927,0.4224599742,0.6106866412,0.5772057319,0.6331364769
1873,1.0,0.0,0.0,0.0,1.0,1.0,0.2284439598,0.3079461262,0.4249999366,0.601563595,0.5793359973,0.6227547185
1874,1.0,0.0,0.0,0.0,1.0,1.0,0.2356839179,0.3116339589,0.4237588101,0.6090218542,0.5756458276,0.6272190036
1875,1.0,0.0,0.0,0.0,1.0,1.0,0.2378777908,0.3086512869,0.419182877,0.6044779485,0.5735294351,0.6309527174
1876,1.0,0.0,0.0,0.0,1.0,1.0,0.2365225661,0.311633955,0.4199286712,0.6090232709,0.5719557729,0.6390535062
1877,1.0,0.0,0.0,0.0,1.0,1.0,0.2347444568,0.3038596165,0.4181495962,0.6060602036,0.5750916383,0.6445786711
1878,1.0,0.0,0.0,0.0,1.0,1.0,0.2405072972,0.3049767592,0.4206773109,0.6074066882,0.5735295829,0.6265068645
1879,1.0,0.0,0.0,0.0,1.0,1.0,0.2405072619,0.3063983224,0.4188948549,0.607408126,0.5766423735,0.630953278
1880,1.0,0.0,0.0,0.0,1.0,1.0,0.2373675789,0.3104882837,0.4142858005,0.6090225687,0.566176338,0.6272186982
1881,1.0,0.0,0.0,0.0,1.0,1.0,0.2333813731,0.3104886627,0.4171122434,0.6106861461,0.5772061858,0.6272186829
1882,1.0,0.0,0.0,0.0,1.0,1.0,0.2278797802,0.3031393744,0.421903136,0.6220469467,0.5808825974,0.6363641168
1883,1.0,0.0,0.0,0.0,1.0,1.0,0.2270646497,0.3068140503,0.4203934896,0.6220460646,0.5808821728,0.6347300058
1884,1.0,0.0,0.0,0.0,1.0,1.0,0.2296744265,0.3013026282,0.4236984167,0.6171878835,0.5882355049,0.6219511228
1885,1.0,0.0,0.0,0.0,1.0,1.0,0.171490855,0.2799187776,0.4464945728,0.6344081811,0.578947199,0.6241608037
1886,1.0,0.0,0.0,0.0,1.0,1.0,0.04345422735,0.331187622,0.4782609141,0.391305986,0.5568626252,0.4319529586
1887,1.0,0.0,0.0,0.0,1.0,1.0,0.06000396092,0.3253084435,0.4727955053,0.3750025195,0.556862608,0.439758685
1888,1.0,0.0,0.0,0.0,1.0,1.0,0.05280076045,0.3155100385,0.4811320279,0.6071384926,0.5764705685,0.4906842611
1889,1.0,0.0,0.0,0.0,1.0,1.0,0.09446518448,0.2789141756,0.4574668059,0.7400016159,0.569767461,0.611110783
1890,1.0,0.0,0.0,0.0,1.0,1.0,0.1446558233,0.2711663587,0.4285714286,0.6623381373,0.5542633122,0.6500003094
1891,1.0,0.0,0.0,0.0,1.0,1.0,0.1751789071,0.2774119044,0.4243542938,0.6526316975,0.5627375715,0.657533845
1892,1.0,0.0,0.0,0.0,1.0,1.0,0.1901110729,0.2850260076,0.4221013798,0.6380962627,0.5777776974,0.6558438719
1893,1.0,0.0,0.0,0.0,1.0,1.0,0.2045959058,0.2898012507,0.4365942954,0.6194680544,0.5873604579,0.6474356021
1894,1.0,0.0,0.0,0.0,1.0,1.0,0.202785518,0.2887276175,0.4402173217,0.6339292307,0.5925927865,0.6538458856
1895,1.0,0.0,0.0,0.0,1.0,1.0,0.2045958237,0.2839741594,0.4329709002,0.6283193175,0.5830257221,0.655843963
1896,1.0,0.0,0.0,0.0,1.0,1.0,0.2067811544,0.2876623266,0.433756852,0.6228071695,0.5867159388,0.641025064
1897,1.0,0.0,0.0,0.0,1.0,1.0,0.2110731367,0.2850263913,0.4332130133,0.6410265887,0.5851852593,0.655843855
1898,1.0,0.0,0.0,0.0,1.0,1.0,0.2075344968,0.2852884447,0.4389799539,0.6228074502,0.5820895161,0.6405228296
1899,1.0,0.0,0.0,0.0,1.0,1.0,0.207534211,0.2890176931,0.4316938506,0.6315791498,0.5858210008,0.6451603322
1900,1.0,0.0,0.0,0.0,1.0,1.0,0.2140363972,0.2905788135,0.4410162933,0.6186441767,0.5925926371,0.6433124709
1901,1.0,0.0,0.0,0.0,1.0,1.0,0.166573447,0.2736115156,0.4166666002,0.6666666667,0.5551332979,0.6388887226
1902,1.0,0.0,0.0,0.0,1.0,1.0,0.1514863295,0.2630113325,0.4491682763,0.6463405968,0.5714286294,0.6500004625
1903,1.0,0.0,0.0,0.0,1.0,1.0,0.1366276518,0.2613042555,0.4456928523,0.6712336017,0.5648854868,0.649635997
1904,1.0,0.0,0.0,0.0,1.0,1.0,0.05034488541,0.3176522706,0.4570896189,0.5925905266,0.5426359238,0.4390246462
1905,1.0,0.0,0.0,0.0,1.0,1.0,0.06164780431,0.3164257876,0.4654205604,0.4545478471,0.5444015784,0.4146336297
1906,1.0,0.0,0.0,0.0,1.0,1.0,0.07098840087,0.295988625,0.459813126,0.5526333604,0.5499999382,0.4675327749
1907,1.0,0.0,0.0,0.0,1.0,1.0,0.06199559092,0.304848784,0.4624060219,0.7878778026,0.571428808,0.5189875825
1908,1.0,0.0,0.0,0.0,1.0,1.0,0.1023636438,0.2755114692,0.4618248605,0.7272713081,0.5741444789,0.6068963884
1909,1.0,0.0,0.0,0.0,1.0,1.0,0.131408244,0.2658891954,0.4388889027,0.6760560827,0.5698113986,0.6595741443
1910,1.0,0.0,0.0,0.0,1.0,1.0,0.1653489233,0.2769984501,0.4466911518,0.6555537796,0.5880148248,0.6621622406
1911,1.0,0.0,0.0,0.0,1.0,1.0,0.1780079184,0.2751272807,0.4656772457,0.6354161108,0.6067414339,0.6530614912
1912,1.0,0.0,0.0,0.0,1.0,1.0,0.1715461508,0.2782539441,0.4682834699,0.6413034619,0.5984849099,0.6530607486
1913,1.0,0.0,0.0,0.0,1.0,1.0,0.1659519365,0.2736115987,0.4570895422,0.6629217538,0.5893535596,0.6736113383
1914,1.0,0.0,0.0,0.0,1.0,1.0,0.1594659401,0.2725751659,0.471243142,0.639535145,0.5946969651,0.6597221394
1915,1.0,0.0,0.0,0.0,1.0,1.0,0.1398471489,0.2708408982,0.4514924155,0.6666657181,0.5763357536,0.6690143915
1916,1.0,0.0,0.0,0.0,1.0,1.0,0.1298709978,0.2662602443,0.4689263796,0.6521749848,0.5791506235,0.6666676938
1917,1.0,0.0,0.0,0.0,1.0,1.0,0.1230653678,0.2718789523,0.4589552052,0.696970484,0.5785438523,0.6549296412
1918,1.0,0.0,0.0,0.0,1.0,1.0,0.1328843898,0.2699638911,0.458801469,0.6760547511,0.578543963,0.6595754142
1919,1.0,0.0,0.0,0.0,1.0,1.0,0.1273052546,0.27116653,0.4733839879,0.6865679749,0.5852715236,0.6714285059
1920,1.0,0.0,0.0,0.0,1.0,1.0,0.1171367558,0.2711667596,0.4782609398,0.6612901558,0.5852712264,0.657142072
1921,1.0,0.0,0.0,0.0,1.0,1.0,0.1192514306,0.2711665618,0.4772726725,0.6825410204,0.5852711855,0.6571434206
1922,1.0,0.0,0.0,0.0,1.0,1.0,0.1213743952,0.2739783561,0.4743833365,0.6874993772,0.5907333769,0.6619714725
1923,1.0,0.0,0.0,0.0,1.0,1.0,0.1083044666,0.27805473,0.4790875588,0.7017545182,0.5914395652,0.6503489253
1924,1.0,0.0,0.0,0.0,1.0,1.0,0.1005131365,0.2897217779,0.4686907989,0.7358492828,0.5797664568,0.6107377875
1925,1.0,0.0,0.0,0.0,1.0,1.0,0.06068714086,0.3096313494,0.4857685754,0.6562455793,0.5725489898,0.4810128137
1926,1.0,0.0,0.0,0.0,1.0,1.0,0.06387429661,0.3091658174,0.4699247069,0.6470569842,0.5603115704,0.4905667947
1927,1.0,0.0,0.0,0.0,1.0,1.0,0.0903450568,0.2897213566,0.4632767379,0.7708322138,0.5719842748,0.597315291
1928,1.0,0.0,0.0,0.0,1.0,1.0,0.1164765063,0.2680494749,0.4605262793,0.75806298,0.5938697055,0.6999992468
1929,1.0,0.0,0.0,0.0,1.0,1.0,0.1616744069,0.2788704153,0.4411765347,0.6704545455,0.5880150568,0.6711409396
1930,1.0,0.0,0.0,0.0,1.0,1.0,0.1944370753,0.2805122988,0.4436364852,0.6261676121,0.5947956298,0.6754964294
1931,1.0,0.0,0.0,0.0,1.0,1.0,0.1837207549,0.2852886,0.4466912632,0.6500001083,0.5932835354,0.6797385528
1932,1.0,0.0,0.0,0.0,1.0,1.0,0.1867087515,0.2844853053,0.4432233865,0.6372540892,0.5917604866,0.6644747353
1933,1.0,0.0,0.0,0.0,1.0,1.0,0.1843986468,0.2858253603,0.4409593582,0.6600003043,0.5871213539,0.6754962693
1934,1.0,0.0,0.0,0.0,1.0,1.0,0.1837209144,0.2855547522,0.444852928,0.6499990216,0.5902255117,0.6644733642
1935,1.0,0.0,0.0,0.0,1.0,1.0,0.1914990748,0.2852887271,0.4434306243,0.6476188894,0.5932837702,0.6666666667
1936,1.0,0.0,0.0,0.0,1.0,1.0,0.1845404953,0.2826138841,0.4405851005,0.6435627324,0.5842697454,0.6622507283
1937,1.0,0.0,0.0,0.0,1.0,1.0,0.1555909511,0.275965072,0.461538553,0.6705871267,0.6007464494,0.6486493207
1938,1.0,0.0,0.0,0.0,1.0,1.0,0.06489893501,0.3235742226,0.4564006554,0.8285703643,0.5708813488,0.5088758081
1939,1.0,0.0,0.0,0.0,1.0,1.0,0.0465289631,0.3299318462,0.4841712548,0.5200027733,0.5752895688,0.4678362499
1940,1.0,0.0,0.0,0.0,1.0,1.0,0.05397364141,0.322213997,0.4878956865,0.6206955501,0.5752894549,0.4550898976
1941,1.0,0.0,0.0,0.0,1.0,1.0,0.05593899788,0.3253993635,0.4794776388,0.6666666667,0.5736435429,0.4761904154
1942,1.0,0.0,0.0,0.0,1.0,1.0,0.07616563034,0.3087077825,0.4646839861,0.7317059179,0.5752893842,0.5437502339
1943,1.0,0.0,0.0,0.0,1.0,1.0,0.1076902725,0.2836252833,0.45935724,0.7719292965,0.5907334597,0.6598647892
1944,1.0,0.0,0.0,0.0,1.0,1.0,0.1451704702,0.2727483055,0.4506517518,0.7051275755,0.5839698111,0.6923078068
1945,1.0,0.0,0.0,0.0,1.0,1.0,0.1622227946,0.2812117241,0.4496269865,0.6666666667,0.589353447,0.6824324617
1946,1.0,0.0,0.0,0.0,1.0,1.0,0.1622229678,0.2784705047,0.4701492135,0.6666683071,0.6068700217,0.6712332784
1947,1.0,0.0,0.0,0.0,1.0,1.0,0.1758276287,0.2836763872,0.4611110552,0.6526310491,0.6127818336,0.6754970129
1948,1.0,0.0,0.0,0.0,1.0,1.0,0.177350172,0.2855546994,0.4621071359,0.6458330052,0.6127818984,0.6644730952
1949,1.0,0.0,0.0,0.0,1.0,1.0,0.1662655534,0.2809751497,0.4528650886,0.6666658676,0.6000000814,0.677852281
1950,1.0,0.0,0.0,0.0,1.0,1.0,0.152488221,0.2742828538,0.4650735028,0.698796748,0.6203008175,0.7054797154
1951,1.0,0.0,0.0,0.0,1.0,1.0,0.1705912593,0.2831122102,0.4545454727,0.652173506,0.5969583943,0.6778521744
1952,1.0,0.0,0.0,0.0,1.0,1.0,0.1080990752,0.279999134,0.4819734704,0.68420934,0.5875486268,0.6458332404
1953,1.0,0.0,0.0,0.0,1.0,1.0,0.09861637763,0.2847245771,0.49335871,0.7115398071,0.5968994144,0.6190472724
1954,1.0,0.0,0.0,0.0,1.0,1.0,0.09764659323,0.2791408348,0.4980843319,0.7254890479,0.6054688004,0.6363635008
1955,1.0,0.0,0.0,0.0,1.0,1.0,0.07760795202,0.2908532064,0.4829546031,0.7073175832,0.5820310996,0.563758563
1956,1.0,0.0,0.0,0.0,1.0,1.0,0.06460252632,0.3162298449,0.4904942154,0.6470591939,0.5859373825,0.5
1957,1.0,0.0,0.0,0.0,1.0,1.0,0.07585920548,0.3033324463,0.4895634768,0.6999989341,0.5836576908,0.5320520704
1958,1.0,0.0,0.0,0.0,1.0,1.0,0.09880432033,0.281943791,0.4790874024,0.711536806,0.5836574988,0.6137934989
1959,1.0,0.0,0.0,0.0,1.0,1.0,0.1382404657,0.2650035665,0.4710281129,0.6891899716,0.6022728333,0.6714282217
1960,1.0,0.0,0.0,0.0,1.0,1.0,0.1845985855,0.2869118672,0.4402984057,0.6464633518,0.577946824,0.6622515236
1961,1.0,0.0,0.0,0.0,1.0,1.0,0.1877403152,0.2885180042,0.4419889919,0.6568625378,0.5924526844,0.6601315203
1962,1.0,0.0,0.0,0.0,1.0,1.0,0.1910695268,0.2866323262,0.4466910376,0.6442305675,0.5924529746,0.664474487
1963,1.0,0.0,0.0,0.0,1.0,1.0,0.1921292747,0.2882284886,0.4528651239,0.6442312072,0.6104867948,0.6688304607
1964,1.0,0.0,0.0,0.0,1.0,1.0,0.1825546945,0.2877182516,0.4391143919,0.6363652288,0.5833336069,0.6578949996
1965,1.0,0.0,0.0,0.0,1.0,1.0,0.1318966087,0.2690804762,0.4275092321,0.7042242862,0.5500003098,0.6714275406
1966,1.0,0.0,0.0,0.0,1.0,1.0,0.06788650871,0.3137780675,0.4754715733,0.7222208938,0.5775194752,0.4999993358
1967,1.0,0.0,0.0,0.0,1.0,1.0,0.05748179138,0.3299315553,0.4805194394,0.5806491601,0.5675673449,0.4561394528
1968,1.0,0.0,0.0,0.0,1.0,1.0,0.0619955072,0.3253998534,0.4849623909,0.5454568971,0.5697671006,0.4404762661
1969,1.0,0.0,0.0,0.0,1.0,1.0,0.05260202698,0.3350841798,0.4943608647,0.5357126246,0.5891470782,0.4508670085
1970,1.0,0.0,0.0,0.0,1.0,1.0,0.05834763643,0.3106374344,0.4595102351,0.70967764,0.5637064168,0.503106089
1971,1.0,0.0,0.0,0.0,1.0,1.0,0.0735436253,0.2913430841,0.4471698228,0.8205121132,0.5559843236,0.5496686194
1972,1.0,0.0,0.0,0.0,1.0,1.0,0.1524883296,0.281797554,0.4374999878,0.6867460317,0.5789471793,0.6733337678
1973,1.0,0.0,0.0,0.0,1.0,1.0,0.1628721751,0.2836762682,0.4518518105,0.6704557971,0.5939848711,0.6622511455
1974,1.0,0.0,0.0,0.0,1.0,1.0,0.1702750927,0.2858251897,0.4518517357,0.6739139674,0.5871210159,0.6622520558
1975,1.0,0.0,0.0,0.0,1.0,1.0,0.1709081321,0.2869118963,0.4498140771,0.673912842,0.593155698,0.6688750508
1976,1.0,0.0,0.0,0.0,1.0,1.0,0.1628306601,0.2801467705,0.4531835543,0.6436779067,0.5833333671,0.6621625916
1977,1.0,0.0,0.0,0.0,1.0,1.0,0.1579044263,0.2793116658,0.4386616152,0.682352234,0.5665400408,0.6666657012
1978,1.0,0.0,0.0,0.0,1.0,1.0,0.1358644035,0.2698113185,0.4450651795,0.6849298781,0.5665401335,0.6690137485
1979,1.0,0.0,0.0,0.0,1.0,1.0,0.1350092203,0.2737934841,0.4333959628,0.7222205561,0.5632183956,0.6923069954
1980,1.0,0.0,0.0,0.0,1.0,1.0,0.13288429,0.2718786223,0.4438202892,0.746479125,0.5708809933,0.6901411178
1981,1.0,0.0,0.0,0.0,1.0,1.0,0.1382406119,0.2718787886,0.4392524161,0.7162178045,0.5593870385,0.6830991702
1982,1.0,0.0,0.0,0.0,1.0,1.0,0.1513177251,0.2795375346,0.4411214074,0.7037021561,0.5708809297,0.67808243
1983,1.0,0.0,0.0,0.0,1.0,1.0,0.1306090095,0.2729243072,0.4488637248,0.7246370978,0.5730767794,0.6971826218
1984,1.0,0.0,0.0,0.0,1.0,1.0,0.1427776779,0.276768366,0.4417293516,0.7236843957,0.5692308325,0.6875004641
1985,1.0,0.0,0.0,0.0,1.0,1.0,0.1419769113,0.2744675754,0.4448598913,0.710526904,0.5757573565,0.6758616246
1986,1.0,0.0,0.0,0.0,1.0,1.0,0.1390202703,0.2708412036,0.4436090438,0.7027015245,0.5763358137,0.6760562954
1987,1.0,0.0,0.0,0.0,1.0,1.0,0.1371416135,0.2727485092,0.4454887886,0.7260269962,0.5687022325,0.6923084972
1988,1.0,0.0,0.0,0.0,1.0,1.0,0.1384992288,0.2727484039,0.4419475887,0.7162160603,0.5687020586,0.6853151446
1989,1.0,0.0,0.0,0.0,1.0,1.0,0.1347562937,0.2727483876,0.4456928251,0.7222210743,0.5763355885,0.6923073493
1990,1.0,0.0,0.0,0.0,1.0,1.0,0.1091670422,0.284456652,0.4482109774,0.7241388214,0.5692307376,0.621621856
1991,1.0,0.0,0.0,0.0,1.0,1.0,0.09257604576,0.2877772722,0.4631380008,0.7142882043,0.5564201268,0.5810809446
1992,1.0,0.0,0.0,0.0,1.0,1.0,0.0731298801,0.3106372939,0.4859287556,0.6666685003,0.5791505232,0.5155280165
1993,1.0,0.0,0.0,0.0,1.0,1.0,0.06199531456,0.3195889614,0.4755639128,0.6363606615,0.5736435017,0.5030308107
1994,1.0,0.0,0.0,0.0,1.0,1.0,0.06712661505,0.3195887023,0.4776118984,0.6111087882,0.5736434948,0.503029995
1995,1.0,0.0,0.0,0.0,1.0,1.0,0.0595570242,0.3215262241,0.4711360285,0.656245182,0.5697676013,0.4939763551
1996,1.0,0.0,0.0,0.0,1.0,1.0,0.07285652122,0.311364516,0.4803738618,0.6410221124,0.5807690943,0.5061728068
1997,1.0,0.0,0.0,0.0,1.0,1.0,0.06411533174,0.3144965007,0.4849055677,0.6176461204,0.5791508669,0.49079735
1998,1.0,0.0,0.0,0.0,1.0,1.0,0.0655064847,0.3234627251,0.4775281476,0.6000024373,0.5736433404,0.4850293972
1999,1.0,0.0,0.0,0.0,1.0,1.0,0.05667922432,0.3259899527,0.4744801227,0.6999992704,0.5625001335,0.4910181446
2000,1.0,0.0,0.0,0.0,1.0,1.0,0.05043909585,0.3241431864,0.4822431624,0.7037077925,0.5791505601,0.4821427893
2001,1.0,0.0,0.0,0.0,1.0,1.0,0.04508785989,0.3286101503,0.4774437036,0.708335238,0.5719845603,0.46745546
2002,1.0,0.0,0.0,0.0,1.0,1.0,0.05593891676,0.3260727498,0.4794776501,0.6000028421,0.5714285714,0.4674556437
2003,1.0,0.0,0.0,0.0,1.0,1.0,0.05417535189,0.318355184,0.4859814097,0.6551749687,0.586872382,0.4606050662
2004,1.0,0.0,0.0,0.0,1.0,1.0,0.05072356377,0.3215259964,0.4906015643,0.629631688,0.5852711666,0.4518077735
2005,1.0,0.0,0.0,0.0,1.0,1.0,0.05769598444,0.3171304949,0.4878955907,0.612900095,0.5884616735,0.4666662325
2006,1.0,0.0,0.0,0.0,1.0,1.0,0.04534327926,0.3194292069,0.4933836757,0.5,0.5764705541,0.4478526413
2007,1.0,0.0,0.0,0.0,1.0,1.0,0.04912203314,0.3162298674,0.4914934947,0.6153827142,0.5781250523,0.4629635016
2008,1.0,0.0,0.0,0.0,1.0,1.0,0.04893682914,0.3208324585,0.4877590515,0.6538480517,0.5797664609,0.4545451011
2009,1.0,0.0,0.0,0.0,1.0,1.0,0.04661591376,0.3241435266,0.481343375,0.56,0.5752898475,0.4583332273
2010,1.0,0.0,0.0,0.0,1.0,1.0,0.05025113892,0.3215255658,0.4767226391,0.518517925,0.5620153983,0.4578314509
2011,1.0,0.0,0.0,0.0,1.0,1.0,0.04857103731,0.3247215164,0.4785046528,0.6153820936,0.5680935996,0.4670661433
2012,1.0,0.0,0.0,0.0,1.0,1.0,0.05025106834,0.3312102724,0.4804468859,0.5925952178,0.5775193878,0.4678365846
2013,1.0,0.0,0.0,0.0,1.0,1.0,0.05172728134,0.3280021797,0.4768945963,0.6428560512,0.5752894382,0.4705886795
2014,1.0,0.0,0.0,0.0,1.0,1.0,0.0501578211,0.328001891,0.4776951946,0.6296328389,0.5752893883,0.4705878673
2015,1.0,0.0,0.0,0.0,1.0,1.0,0.05407433878,0.3162296275,0.4757462969,0.6206929542,0.570312666,0.4753077474
2016,1.0,0.0,0.0,0.0,1.0,1.0,0.05240523376,0.3240378642,0.4737826924,0.6428604344,0.5781248426,0.4819276016
2017,1.0,0.0,0.0,0.0,1.0,1.0,0.05250353618,0.3220854356,0.4878049172,0.642855504,0.5820312598,0.4909097516
2018,1.0,0.0,0.0,0.0,1.0,1.0,0.0544808343,0.3181816485,0.4868420737,0.6206914243,0.5820312322,0.4785266474
2019,1.0,0.0,0.0,0.0,1.0,1.0,0.06130370288,0.3183552882,0.4776951763,0.6363618484,0.5791507548,0.4848485643
2020,1.0,0.0,0.0,0.0,1.0,1.0,0.04838978962,0.3312104007,0.4748604191,0.6538502908,0.573643469,0.4561397108
2021,1.0,0.0,0.0,0.0,1.0,1.0,0.05053360147,0.3220860639,0.4850186249,0.6296310981,0.5820315635,0.4666664936
2022,1.0,0.0,0.0,0.0,1.0,1.0,0.04679057207,0.3344433254,0.4868914438,0.5999949075,0.5836576598,0.4476748203
2023,1.0,0.0,0.0,0.0,1.0,1.0,0.0435363219,0.3417067464,0.4962120741,0.3478277161,0.5889327962,0.4335260332
2024,1.0,0.0,0.0,0.0,1.0,1.0,0.0451727777,0.3409858007,0.4839924797,0.500004497,0.5803923626,0.4367821796
2025,1.0,0.0,0.0,0.0,1.0,1.0,0.04525779285,0.3403609685,0.4905660454,0.4583329605,0.5866142414,0.4393060283
2026,1.0,0.0,0.0,0.0,1.0,1.0,0.04345402392,0.3436816248,0.4820414965,0.4347766348,0.5810277716,0.4310341905
2027,1.0,0.0,0.0,0.0,1.0,1.0,0.04902927557,0.3442958192,0.4886793628,0.4230747029,0.5866141981,0.4228571009
2028,1.0,0.0,0.0,0.0,1.0,1.0,0.05458374323,0.3383935729,0.4821091481,0.4137928533,0.5708660489,0.4244189175
2029,1.0,0.0,0.0,0.0,1.0,1.0,0.0767362499,0.3292279653,0.4943819981,0.1707322082,0.5843138501,0.3928582616
2030,1.0,0.0,0.0,0.0,1.0,1.0,0.06501922305,0.3227769188,0.4925651872,0.342855421,0.5875484482,0.4277108204
2031,1.0,0.0,0.0,0.0,1.0,1.0,0.05657216541,0.3485957029,0.496226346,0.1333328642,0.5846774794,0.4104051322
2032,1.0,0.0,0.0,0.0,1.0,1.0,0.02882995076,0.4049465165,0.478846068,0.1333361621,0.5560345793,0.4627653272
2033,1.0,0.0,0.0,0.0,1.0,1.0,0.01173523268,0.4168073851,0.4990214576,0.6666666667,0.565022569,0.4946236081
2034,1.0,0.0,0.0,0.0,1.0,1.0,0.1297266569,0.3615002407,0.4497257404,0.577464432,0.5702126647,0.6235299373
2035,1.0,0.0,0.0,0.0,1.0,1.0,0.1213090725,0.3908076594,0.4528984958,0.5522387176,0.5555554614,0.5901641121
2036,1.0,0.0,0.0,0.0,1.0,1.0,0.04542891534,0.4473484451,0.4867422914,0.6250040194,0.5502181053,0.4536583989
2037,1.0,0.0,0.0,0.0,1.0,1.0,0.03472966618,0.4280218489,0.4787644748,0.2222234086,0.5434782699,0.4467003046
2038,1.0,0.0,0.0,0.0,1.0,1.0,0.03426668004,0.3860502968,0.4742857,0.5555505799,0.5579397213,0.5111107131
2039,1.0,0.0,0.0,0.0,1.0,1.0,0.1742147563,0.3257290795,0.4348624178,0.6000008747,0.5465585428,0.6335406371
2040,1.0,0.0,0.0,0.0,1.0,1.0,0.1955430763,0.3331472775,0.4365941118,0.6203711055,0.5634922828,0.6369047923
2041,1.0,0.0,0.0,0.0,1.0,1.0,0.2235115929,0.3384564748,0.4418181836,0.609756308,0.5617529662,0.6411764045
2042,1.0,0.0,0.0,0.0,1.0,1.0,0.2188556681,0.3318301758,0.4543796697,0.616666551,0.5770751898,0.6309523072
2043,1.0,0.0,0.0,0.0,1.0,1.0,0.1029958946,0.3464450655,0.4312977395,0.6481492898,0.5126053064,0.569696236
2044,1.0,0.0,0.0,0.0,1.0,1.0,0.04866218629,0.353461063,0.4719100528,0.4230787844,0.5406503546,0.43103521
2045,1.0,0.0,0.0,0.0,1.0,1.0,0.04172220123,0.3504269174,0.459203004,0.6818173262,0.5352697398,0.4674558171
2046,1.0,0.0,0.0,0.0,1.0,1.0,0.08063009127,0.3189273664,0.4615384465,0.7441889862,0.5650406728,0.5987264963
2047,1.0,0.0,0.0,0.0,1.0,1.0,0.1622710334,0.3172827777,0.4667896607,0.6477266175,0.6031744168,0.6687506029
2048,1.0,0.0,0.0,0.0,1.0,1.0,0.204638846,0.3390962211,0.4259597471,0.6428567386,0.5634922597,0.6608193855
2049,1.0,0.0,0.0,0.0,1.0,1.0,0.2205172253,0.3474621696,0.4252669137,0.6612898803,0.5742186041,0.6460667382
2050,1.0,0.0,0.0,0.0,1.0,1.0,0.2210996834,0.3470285612,0.4028776417,0.6747965659,0.5515870815,0.6628577656
2051,1.0,0.0,0.0,0.0,1.0,1.0,0.228701316,0.352977458,0.4198198163,0.6535424837,0.5714284501,0.6685392041
2052,1.0,0.0,0.0,0.0,1.0,1.0,0.239652841,0.3600352692,0.4120781441,0.6592599067,0.5708661367,0.6612022706
2053,1.0,0.0,0.0,0.0,1.0,1.0,0.2458801415,0.3693591865,0.4194690828,0.6546770417,0.5652174854,0.6524062792
2054,1.0,0.0,0.0,0.0,1.0,1.0,0.2543063378,0.3822564938,0.4003558736,0.6643360922,0.5577689819,0.6562496874
2055,1.0,0.0,0.0,0.0,1.0,1.0,0.2494184147,0.3813132785,0.4017697519,0.6737588226,0.5502009382,0.6526314145
2056,1.0,0.0,0.0,0.0,1.0,1.0,0.2552146439,0.3747906849,0.4178571921,0.6503504161,0.5604841166,0.6559145946
2057,1.0,0.0,0.0,0.0,1.0,1.0,0.1894848884,0.3673162894,0.3959107154,0.6960791259,0.5128205943,0.6744188633
2058,1.0,0.0,0.0,0.0,1.0,1.0,0.03715399866,0.4478018312,0.4553903826,0.3499929911,0.5411254482,0.4685991949
2059,1.0,0.0,0.0,0.0,1.0,1.0,0.05758857438,0.4283321518,0.4609665133,0.6451641709,0.5497835617,0.4999994623
2060,1.0,0.0,0.0,0.0,1.0,1.0,0.1604269186,0.3827647015,0.4151292877,0.7356322678,0.5319150947,0.6333329023
2061,1.0,0.0,0.0,0.0,1.0,1.0,0.2255622542,0.3785120015,0.3981652086,0.7073175224,0.5319147445,0.6797755344
2062,1.0,0.0,0.0,0.0,1.0,1.0,0.2619724975,0.3845591938,0.3949731031,0.6917807817,0.5390945831,0.6684489528
2063,1.0,0.0,0.0,0.0,1.0,1.0,0.2754647992,0.3961206593,0.4028267655,0.6730774217,0.5406502993,0.6512819505
2064,1.0,0.0,0.0,0.0,1.0,1.0,0.2787074962,0.4018164568,0.3889874987,0.6751590301,0.5346941184,0.6548222697
2065,1.0,0.0,0.0,0.0,1.0,1.0,0.2858052142,0.4046323763,0.4070175293,0.6687110828,0.5627529327,0.6549993453
2066,1.0,0.0,0.0,0.0,1.0,1.0,0.290618032,0.4079351876,0.3936170861,0.6890246061,0.5469388757,0.6699995808
2067,1.0,0.0,0.0,0.0,1.0,1.0,0.2954101721,0.4066556648,0.4300885072,0.6526949149,0.5748987507,0.6417909503
2068,1.0,0.0,0.0,0.0,1.0,1.0,0.3107807273,0.4070304557,0.429328515,0.6534084636,0.5806452606,0.6386140968
2069,1.0,0.0,0.0,0.0,1.0,1.0,0.3009071758,0.4034635553,0.4480286112,0.6428575892,0.590164019,0.6395936111
2070,1.0,0.0,0.0,0.0,1.0,1.0,0.3023224868,0.4075591925,0.4377222946,0.6588231668,0.5901639837,0.6381918069
2071,1.0,0.0,0.0,0.0,1.0,1.0,0.3064245109,0.4140544406,0.4438502071,0.6511624135,0.5959184192,0.6403948281
2072,1.0,0.0,0.0,0.0,1.0,1.0,0.317762161,0.4198471578,0.4298402102,0.6703914672,0.5737706044,0.6439023343
2073,1.0,0.0,0.0,0.0,1.0,1.0,0.3132307303,0.4256101092,0.42572461,0.6820808287,0.5677968574,0.6567166622
2074,1.0,0.0,0.0,0.0,1.0,1.0,0.2752619459,0.4270741663,0.4158965392,0.6979867438,0.5462554448,0.6546384162
2075,1.0,0.0,0.0,0.0,1.0,1.0,0.08139371543,0.5137317095,0.4469697103,0.6744165951,0.5233643688,0.509090875
2076,1.0,0.0,0.0,0.0,1.0,1.0,0.06932556278,0.5234046125,0.4431598395,0.5000028786,0.516587573,0.4751126554
2077,1.0,0.0,0.0,0.0,1.0,1.0,0.1328845971,0.4724633667,0.441947572,0.7887327597,0.540909093,0.5625001844
2078,1.0,0.0,0.0,0.0,1.0,1.0,0.2461857497,0.4380812442,0.4466911143,0.7313426941,0.5726875593,0.6633168342
2079,1.0,0.0,0.0,0.0,1.0,1.0,0.2829303213,0.4270742829,0.4283087567,0.694805186,0.5506610304,0.6546392809
2080,1.0,0.0,0.0,0.0,1.0,1.0,0.2897464415,0.4355975223,0.4238531584,0.7025324529,0.5530971603,0.6548221132
2081,1.0,0.0,0.0,0.0,1.0,1.0,0.3195999353,0.4446857971,0.4288353898,0.6878612991,0.5550658122,0.6485144838
2082,1.0,0.0,0.0,0.0,1.0,1.0,0.312210223,0.4422308313,0.4380775549,0.6923072176,0.5619467537,0.6549998123
2083,1.0,0.0,0.0,0.0,1.0,1.0,0.3227554747,0.4367125178,0.4348624071,0.6704549704,0.5695652193,0.6368166688
2084,1.0,0.0,0.0,0.0,1.0,1.0,0.3148423037,0.4332347323,0.4340659027,0.6744185765,0.5708154449,0.6485151929
2085,1.0,0.0,0.0,0.0,1.0,1.0,0.3100460448,0.4292476236,0.4270073561,0.6764700474,0.5726495498,0.6517416236
2086,1.0,0.0,0.0,0.0,1.0,1.0,0.3145725178,0.4247628557,0.4298559901,0.6571428916,0.5708331775,0.6470593109
2087,1.0,0.0,0.0,0.0,1.0,1.0,0.2962634912,0.4185164436,0.4053571526,0.6807232501,0.5541667031,0.6616911625
2088,1.0,0.0,0.0,0.0,1.0,1.0,0.275208476,0.4132714609,0.3913043478,0.6907889833,0.5400844479,0.65816338
2089,1.0,0.0,0.0,0.0,1.0,1.0,0.2858083509,0.409236435,0.3907638133,0.6956521163,0.5432097899,0.6683408629
2090,1.0,0.0,0.0,0.0,1.0,1.0,0.2969872065,0.4103398557,0.4003559304,0.6646713258,0.5528454167,0.6435640455
2091,1.0,0.0,0.0,0.0,1.0,1.0,0.2802005529,0.4030671608,0.3928571226,0.6815280088,0.5473250293,0.66836722
2092,1.0,0.0,0.0,0.0,1.0,1.0,0.2865783171,0.4014151945,0.4014337053,0.6687506341,0.5491803633,0.6581635452
2093,1.0,0.0,0.0,0.0,1.0,1.0,0.2827248113,0.398954068,0.3963964033,0.6687899477,0.5432101045,0.6597937349
2094,1.0,0.0,0.0,0.0,1.0,1.0,0.2740405112,0.3973191679,0.3906809112,0.6797387915,0.5409835056,0.670102659
2095,1.0,0.0,0.0,0.0,1.0,1.0,0.2683185274,0.3973190527,0.3999998846,0.6845633445,0.5491806077,0.6597937917
2096,1.0,0.0,0.0,0.0,1.0,1.0,0.271431101,0.3973190951,0.388489214,0.6887413913,0.5327866498,0.6649481921
2097,1.0,0.0,0.0,0.0,1.0,1.0,0.2525280176,0.3895786595,0.4021353476,0.6901414351,0.5551017914,0.6596859163
2098,1.0,0.0,0.0,0.0,1.0,1.0,0.2057674876,0.371100831,0.4025734637,0.7232147697,0.5316455417,0.6931820615
2099,1.0,0.0,0.0,0.0,1.0,1.0,0.1755028111,0.3933971253,0.4232900971,0.7684214056,0.561702243,0.670270233
2100,1.0,0.0,0.0,0.0,1.0,1.0,0.1687132909,0.3980827974,0.4275229981,0.7608683651,0.567796857,0.659574492
2101,1.0,0.0,0.0,0.0,1.0,1.0,0.1902816666,0.38537801,0.4232903294,0.7475721736,0.5635592628,0.6813190283
2102,1.0,0.0,0.0,0.0,1.0,1.0,0.1865870302,0.3811430868,0.4269869583,0.7326732882,0.5593219119,0.6888881804
2103,1.0,0.0,0.0,0.0,1.0,1.0,0.1800464958,0.3837518648,0.4172793689,0.7755112961,0.5569618406,0.681318922
2104,1.0,0.0,0.0,0.0,1.0,1.0,0.1893295542,0.3753091824,0.4153005443,0.7500005085,0.5643154255,0.6961318606
2105,1.0,0.0,0.0,0.0,1.0,1.0,0.1787324953,0.3773825128,0.4124088117,0.7448976523,0.5518669682,0.6868124941
2106,1.0,0.0,0.0,0.0,1.0,1.0,0.1803778212,0.3622977904,0.4143645072,0.7551030481,0.5416666849,0.6954018821
2107,1.0,0.0,0.0,0.0,1.0,1.0,0.1840593436,0.3659045762,0.4198894464,0.7399985511,0.5439329537,0.6914276948
2108,1.0,0.0,0.0,0.0,1.0,1.0,0.1817165875,0.3638135935,0.4211503016,0.7346949633,0.556485529,0.6896559163
2109,1.0,0.0,0.0,0.0,1.0,1.0,0.1776784821,0.3664621251,0.4111111219,0.75,0.5416668488,0.6931814658
2110,1.0,0.0,0.0,0.0,1.0,1.0,0.1763718693,0.3685445079,0.4264706111,0.6979168733,0.5541666997,0.6723160127
2111,1.0,0.0,0.0,0.0,1.0,1.0,0.1758443967,0.3630627695,0.4129262754,0.714286337,0.5510204526,0.6853929213
2112,1.0,0.0,0.0,0.0,1.0,1.0,0.1810711488,0.3543836558,0.420959089,0.7156876296,0.5537848089,0.6797761845
2113,1.0,0.0,0.0,0.0,1.0,1.0,0.1594089259,0.3546408258,0.4211469421,0.752809928,0.5564515058,0.6818187857
2114,1.0,0.0,0.0,0.0,1.0,1.0,0.1543121802,0.34841097,0.4075403512,0.7441856412,0.5537847332,0.6857147751
2115,1.0,0.0,0.0,0.0,1.0,1.0,0.1555479695,0.3471959631,0.4114490764,0.7356320416,0.5502008657,0.67630065
2116,1.0,0.0,0.0,0.0,1.0,1.0,0.1072126418,0.3691815226,0.4327273301,0.7457639597,0.5469387556,0.5856345768
2117,1.0,0.0,0.0,0.0,1.0,1.0,0.04417431492,0.387750356,0.464088445,0.8750044003,0.5643154926,0.5294120969
2118,1.0,0.0,0.0,0.0,1.0,1.0,0.04034435296,0.3773827221,0.4605504584,0.8636399072,0.5560166399,0.5274727216
2119,1.0,0.0,0.0,0.0,1.0,1.0,0.0349712917,0.3758234884,0.4677716933,0.8947362427,0.5702480742,0.5054951326
2120,1.0,0.0,0.0,0.0,1.0,1.0,0.02771062567,0.3831194577,0.4695010026,0.9333333333,0.5708333502,0.5
2121,1.0,0.0,0.0,0.0,0.0,1.0,0.0,0.3799529751,0.0,0.0,0.566115668,0.5
2122,1.0,0.0,0.0,0.0,1.0,1.0,0.02591150437,0.3711621515,0.4722223037,0.928570351,0.5726142169,0.5083800267
2123,1.0,0.0,0.0,0.0,1.0,1.0,0.01854274031,0.3863387102,0.4564006755,0.8999870868,0.550420151,0.4836962688
2124,1.0,0.0,0.0,0.0,0.0,1.0,0.0,0.3810374646,0.0,0.0,0.5666666373,0.4972679176
2125,1.0,0.0,0.0,0.0,0.0,1.0,0.0,0.3737407598,0.0,0.0,0.5504201773,0.4887640184
2126,1.0,0.0,0.0,0.0,1.0,1.0,0.01500121709,0.3758405652,0.4596623276,0.7499863871,0.5546221024,0.4804471041
2127,1.0,0.0,0.0,0.0,0.0,1.0,0.0,0.3732355841,0.0,0.0,0.5560164965,0.494444339
2128,1.0,0.0,0.0,0.0,0.0,1.0,0.0,0.3747903744,0.0,0.0,0.5500001749,0.4888883705
2129,1.0,0.0,0.0,0.0,1.0,1.0,0.01488932837,0.3711617975,0.4562384149,0.8749832039,0.5435686886,0.4692730653
2130,1.0,0.0,0.0,0.0,1.0,1.0,0.0186115694,0.3690883345,0.4618249151,0.7000106304,0.5477178606,0.466292732
2131,1.0,0.0,0.0,0.0,1.0,1.0,0.01690767449,0.3674421422,0.4511278225,0.7777646837,0.5336136887,0.4799999515
2132,1.0,0.0,0.0,0.0,1.0,1.0,0.01871616051,0.3653421427,0.4494383162,0.9,0.5336134679,0.4770108553
2133,1.0,0.0,0.0,0.0,1.0,1.0,0.01861155207,0.3706262315,0.4543760832,0.6999957686,0.5416664648,0.4719101524
2134,1.0,0.0,0.0,0.0,1.0,1.0,0.02066493346,0.3800398677,0.4567668102,0.7272850007,0.5420167712,0.4585640928
2135,1.0,0.0,0.0,0.0,1.0,1.0,0.02220979112,0.3716931467,0.4574073757,0.833327423,0.5578514521,0.477777607
2136,1.0,0.0,0.0,0.0,1.0,1.0,0.02428549838,0.3737586579,0.4542056762,0.6153909142,0.5454545854,0.4585636789
2137,1.0,0.0,0.0,0.0,1.0,1.0,0.01312599747,0.3737578931,0.4634147396,0.8571599617,0.5413223641,0.4530386293
2138,1.0,0.0,0.0,0.0,1.0,1.0,0.02451455151,0.3815297535,0.4603772082,0.6153871146,0.5435686192,0.4347831077
2139,1.0,0.0,0.0,0.0,1.0,1.0,0.02817944847,0.3702388516,0.4661653148,0.4000028254,0.5587045749,0.420764673
2140,1.0,0.0,0.0,0.0,1.0,1.0,0.04204166137,0.3681069038,0.4818356649,0.1818172976,0.559670896,0.3910614659
2141,1.0,0.0,0.0,0.0,1.0,1.0,0.04083353315,0.3462796705,0.4883267696,0.2857185731,0.5560164312,0.3892216925
2142,1.0,0.0,0.0,0.0,1.0,1.0,0.04206072808,0.3303240206,0.4949900022,0.09523904224,0.5635594607,0.3974361377
2143,1.0,0.0,0.0,0.0,1.0,1.0,0.03344584882,0.3199049124,0.4921260176,0.2353042962,0.5648534388,0.4052278785
2144,1.0,0.0,0.0,0.0,1.0,1.0,0.0291098098,0.3006620342,0.4796116413,0.5333295601,0.5560163345,0.434482476
2145,1.0,0.0,0.0,0.0,1.0,1.0,0.04294446412,0.2956682753,0.5078123861,0.7272718581,0.5750001204,0.5140849452
2146,1.0,0.0,0.0,0.0,1.0,1.0,0.1377260965,0.2479083825,0.5065178191,0.6081069329,0.5937501047,0.6692909662
2147,1.0,0.0,0.0,0.0,1.0,1.0,0.181716637,0.2757081465,0.4472727857,0.5999991379,0.5747126437,0.6666661678
2148,1.0,0.0,0.0,0.0,1.0,1.0,0.2093550105,0.2701194353,0.4353371097,0.599999626,0.5405405293,0.6357132982
2149,1.0,0.0,0.0,0.0,1.0,1.0,0.04768306318,0.3250216196,0.4885496452,0.2800038169,0.5365855055,0.4187504066
2150,1.0,0.0,0.0,0.0,1.0,1.0,0.05006492078,0.3192661289,0.4749537182,0.2222248896,0.5396823697,0.3975157613
2151,1.0,0.0,0.0,0.0,1.0,1.0,0.05604369258,0.286114721,0.4934579379,0.6333371873,0.5803921802,0.5273981552
2152,1.0,0.0,0.0,0.0,1.0,1.0,0.1774373009,0.271711321,0.4836957274,0.6224480022,0.6045625216,0.6503497464
2153,1.0,0.0,0.0,0.0,1.0,1.0,0.2157065794,0.2874337001,0.462230253,0.6166663951,0.6090227835,0.6470589906
2154,1.0,0.0,0.0,0.0,1.0,1.0,0.2512061823,0.2979470693,0.447037742,0.6142863545,0.588679099,0.6392407577
2155,1.0,0.0,0.0,0.0,1.0,1.0,0.2449437753,0.3005840199,0.4364937322,0.6277375502,0.5827070537,0.6374995589
2156,1.0,0.0,0.0,0.0,1.0,1.0,0.2525280802,0.302070025,0.4288257867,0.6267598075,0.5708955845,0.6296298287
2157,1.0,0.0,0.0,0.0,1.0,1.0,0.2635699462,0.3072361751,0.4336282964,0.6375841085,0.5777776702,0.6385544857
2158,1.0,0.0,0.0,0.0,1.0,1.0,0.2649762183,0.3088161084,0.4199288242,0.6375837357,0.573034001,0.6424242984
2159,1.0,0.0,0.0,0.0,1.0,1.0,0.267836273,0.3130325066,0.4244603967,0.6375837172,0.5735851427,0.6265069504
2160,1.0,0.0,0.0,0.0,1.0,1.0,0.2516581522,0.3097130903,0.4352517993,0.6214291586,0.581748938,0.638037292
2161,1.0,0.0,0.0,0.0,1.0,1.0,0.2601043142,0.3123255789,0.4313725642,0.6369867202,0.5757576007,0.6424237625
2162,1.0,0.0,0.0,0.0,1.0,1.0,0.2673552551,0.310171494,0.4129263726,0.6442951466,0.5517239386,0.6481488136
2163,1.0,0.0,0.0,0.0,1.0,1.0,0.2719202708,0.3183548844,0.4108107202,0.6357618399,0.5521234024,0.6363634033
2164,1.0,0.0,0.0,0.0,1.0,1.0,0.269353123,0.3223394445,0.4255317961,0.6381578947,0.572519008,0.6449708707
2165,1.0,0.0,0.0,0.0,1.0,1.0,0.2711254646,0.3190526372,0.4024822542,0.6535947065,0.5538460194,0.650602174
2166,1.0,0.0,0.0,0.0,1.0,1.0,0.2738682529,0.321659088,0.405694018,0.6428571429,0.5555557361,0.642857594
2167,1.0,0.0,0.0,0.0,1.0,1.0,0.2216945714,0.327816846,0.3909090468,0.704916914,0.5199998805,0.6890245331
2168,1.0,0.0,0.0,0.0,1.0,1.0,0.04714357922,0.3742680472,0.4773586074,0.7599969488,0.5648537734,0.4972063666
2169,1.0,0.0,0.0,0.0,1.0,1.0,0.06034343307,0.357540742,0.475471762,0.75,0.5648533577,0.5146194391
2170,1.0,0.0,0.0,0.0,1.0,1.0,0.1060858376,0.3276857319,0.4506518807,0.7368425017,0.5655738534,0.6062502515
2171,1.0,0.0,0.0,0.0,1.0,1.0,0.2124940987,0.3232320109,0.4072071206,0.7033895084,0.547619098,0.6809814504
2172,1.0,0.0,0.0,0.0,1.0,1.0,0.2274713159,0.316229362,0.4139784801,0.669291472,0.558593978,0.6666671094
2173,1.0,0.0,0.0,0.0,1.0,1.0,0.2400794214,0.3208322257,0.3914590148,0.6740736301,0.5408560263,0.6606059902
2174,1.0,0.0,0.0,0.0,1.0,1.0,0.2538547362,0.3222140791,0.4103018875,0.6643357588,0.5559843912,0.6467056937
2175,1.0,0.0,0.0,0.0,1.0,1.0,0.2556299712,0.3178303482,0.4049734155,0.6666661705,0.5517241096,0.6566271672
2176,1.0,0.0,0.0,0.0,1.0,1.0,0.2547248394,0.3235741612,0.3964601804,0.6736119863,0.5517240951,0.6568052027
2177,1.0,0.0,0.0,0.0,1.0,1.0,0.2640372048,0.3216591915,0.4202128662,0.644295762,0.5670499754,0.6369044755
2178,1.0,0.0,0.0,0.0,1.0,1.0,0.2817577319,0.3274033547,0.4219859072,0.6477994045,0.5670499376,0.6491225616
2179,1.0,0.0,0.0,0.0,1.0,1.0,0.2736990726,0.3299682584,0.4187278982,0.6451608816,0.5725192111,0.6358375086
2180,1.0,0.0,0.0,0.0,1.0,1.0,0.26969078,0.3306142424,0.4232802585,0.6601304782,0.5779466099,0.6379304115
2181,1.0,0.0,0.0,0.0,1.0,1.0,0.2775249319,0.3325140696,0.4182777535,0.6582283747,0.5665399889,0.6457143716
2182,1.0,0.0,0.0,0.0,1.0,1.0,0.2704994645,0.333147633,0.4200351026,0.6493503734,0.5719696845,0.6420451094
2183,1.0,0.0,0.0,0.0,1.0,1.0,0.2748027981,0.3420143043,0.4238178767,0.6560508938,0.5779467994,0.6555549256
2184,1.0,0.0,0.0,0.0,1.0,1.0,0.2800535517,0.3382141497,0.4185638292,0.675000272,0.5627374916,0.6516853246
2185,1.0,0.0,0.0,0.0,1.0,1.0,0.2787917002,0.3318755296,0.4157895731,0.6666671227,0.5610688385,0.6609200001
2186,1.0,0.0,0.0,0.0,1.0,1.0,0.2847968115,0.3382142294,0.4176991537,0.6521740301,0.570342257,0.6460665335
2187,1.0,0.0,0.0,0.0,1.0,1.0,0.2759523666,0.3299683417,0.4141594009,0.647435107,0.5610687198,0.6589588364
2188,1.0,0.0,0.0,0.0,1.0,1.0,0.2837923057,0.3299681488,0.4091710632,0.6459621739,0.5572521066,0.6473987192
2189,1.0,0.0,0.0,0.0,1.0,1.0,0.2954105482,0.3318758227,0.4106194401,0.6467059086,0.5610684934,0.6436782592
2190,1.0,0.0,0.0,0.0,1.0,1.0,0.301951678,0.3356907125,0.4169610618,0.6374269593,0.5725192965,0.6420453229
2191,1.0,0.0,0.0,0.0,1.0,1.0,0.2936413048,0.3299682736,0.4194690515,0.6445788049,0.5648853148,0.6358381722
2192,1.0,0.0,0.0,0.0,1.0,1.0,0.2941617379,0.3337828682,0.4202128253,0.6506027968,0.5648854154,0.6400003414
2193,1.0,0.0,0.0,0.0,1.0,1.0,0.2835297745,0.3350621859,0.4166667622,0.6375003537,0.5632182912,0.6399995072
2194,1.0,0.0,0.0,0.0,1.0,1.0,0.2845511574,0.3369329244,0.414762741,0.6481474571,0.5681818925,0.6516857204
2195,1.0,0.0,0.0,0.0,1.0,1.0,0.289312062,0.33821397,0.417543941,0.6363631507,0.5627374945,0.6404503007
2196,1.0,0.0,0.0,0.0,1.0,1.0,0.2963258192,0.3414123648,0.4175438789,0.6449699912,0.5687023576,0.6480443964
2197,1.0,0.0,0.0,0.0,1.0,1.0,0.2910655657,0.338214141,0.4175439215,0.6385533603,0.5665399334,0.6404498521
2198,1.0,0.0,0.0,0.0,1.0,1.0,0.2945724537,0.3388257816,0.4192981323,0.6547623653,0.5719696084,0.6480454027
2199,1.0,0.0,0.0,0.0,1.0,1.0,0.2858054098,0.3381567858,0.4140350471,0.6564417667,0.5676692081,0.6444447651
2200,1.0,0.0,0.0,0.0,1.0,1.0,0.2910654689,0.3420145464,0.4140350256,0.6506032291,0.5627375751,0.6388889224
2201,1.0,0.0,0.0,0.0,1.0,1.0,0.2832927522,0.3325137294,0.4137323115,0.6335396321,0.566539751,0.6400004437
2202,1.0,0.0,0.0,0.0,1.0,1.0,0.2936414752,0.338272834,0.4123893772,0.6385532621,0.5615384584,0.636362968
2203,1.0,0.0,0.0,0.0,1.0,1.0,0.3053356726,0.338826165,0.4227353986,0.633720319,0.5681818557,0.6368718688
2204,1.0,0.0,0.0,0.0,1.0,1.0,0.297179394,0.3325136601,0.4106195417,0.6369043983,0.5665397818,0.6399995602
2205,1.0,0.0,0.0,0.0,1.0,1.0,0.292389984,0.326232741,0.4255319632,0.6363631657,0.5735847172,0.6358380147
2206,1.0,0.0,0.0,0.0,1.0,1.0,0.2923899372,0.3262327769,0.4113473973,0.6363642296,0.562264013,0.6358385676
2207,1.0,0.0,0.0,0.0,1.0,1.0,0.2918724254,0.3325139603,0.4106195103,0.6303025027,0.5589355153,0.6228578891
2208,1.0,0.0,0.0,0.0,1.0,1.0,0.2850459298,0.3274033234,0.4117646725,0.6374994365,0.5555555104,0.637426712
2209,1.0,0.0,0.0,0.0,1.0,1.0,0.2847967675,0.3299683177,0.4106194236,0.6335399298,0.55725188,0.6242771237
2210,1.0,0.0,0.0,0.0,1.0,1.0,0.3001856025,0.3293614358,0.4063603156,0.6411760105,0.5454545824,0.6436792659
2211,1.0,0.0,0.0,0.0,1.0,1.0,0.2858085006,0.329968216,0.4120782039,0.6397515694,0.553435163,0.630057315
2212,1.0,0.0,0.0,0.0,1.0,1.0,0.2941622447,0.3344137984,0.4042552166,0.6325299468,0.5513306335,0.625
2213,1.0,0.0,0.0,0.0,1.0,1.0,0.2845386655,0.329968643,0.4199289145,0.637500067,0.5648854306,0.6300573233
2214,1.0,0.0,0.0,0.0,1.0,1.0,0.285045907,0.3299682819,0.4224598613,0.6374996471,0.5648855526,0.6358385959
2215,1.0,0.0,0.0,0.0,1.0,1.0,0.2832640791,0.331232559,0.4438502069,0.6477986741,0.5862070528,0.6416179005
2216,1.0,0.0,0.0,0.0,1.0,1.0,0.2891242484,0.3287139347,0.4464286396,0.6296304606,0.5931558858,0.6358378503
2217,1.0,0.0,0.0,0.0,1.0,1.0,0.2941619113,0.3281185593,0.4343971453,0.632529996,0.5773588123,0.632184715
2218,1.0,0.0,0.0,0.0,1.0,1.0,0.2966540354,0.3300394765,0.4558302946,0.6250003254,0.6007463158,0.6214688149
2219,1.0,0.0,0.0,0.0,1.0,1.0,0.2920905508,0.3331473246,0.4454224716,0.6204817937,0.591760152,0.6235953617
2220,1.0,0.0,0.0,0.0,1.0,1.0,0.2868116437,0.3263102164,0.4542254091,0.6257672459,0.6044775397,0.6228571782
2221,1.0,0.0,0.0,0.0,1.0,1.0,0.3001856708,0.3387618376,0.4452297843,0.6117649447,0.5917601167,0.6298334904
2222,1.0,0.0,0.0,0.0,1.0,1.0,0.2890800576,0.3331471604,0.4497353166,0.6158530073,0.602996332,0.6348307167
2223,1.0,0.0,0.0,0.0,1.0,1.0,0.2918721307,0.3306423261,0.4530973863,0.6181816281,0.597744236,0.625
2224,1.0,0.0,0.0,0.0,1.0,1.0,0.2878251398,0.3281748391,0.4522967027,0.6134962018,0.5970147933,0.6249993872
2225,1.0,0.0,0.0,0.0,1.0,1.0,0.2908426904,0.3263102814,0.4303351837,0.6181819131,0.5708956108,0.6228579938
2226,1.0,0.0,0.0,0.0,1.0,1.0,0.2954105638,0.3318903196,0.4123894336,0.6287428864,0.5547167139,0.6249998467
2227,1.0,0.0,0.0,0.0,1.0,1.0,0.2830583884,0.3281747381,0.4143357929,0.6234574761,0.559701242,0.6250004621
2228,1.0,0.0,0.0,0.0,1.0,1.0,0.290842851,0.3312756049,0.416225758,0.6242429737,0.5617975887,0.6158197419
2229,1.0,0.0,0.0,0.0,1.0,1.0,0.2943682413,0.3319043925,0.425044158,0.6167665757,0.5671644561,0.623595649
2230,1.0,0.0,0.0,0.0,1.0,1.0,0.2840515306,0.3294041264,0.4192981779,0.6296302708,0.5692883094,0.625
2231,1.0,0.0,0.0,0.0,1.0,1.0,0.2783035473,0.324445884,0.4203151369,0.6352199039,0.567164065,0.6264364395
2232,1.0,0.0,0.0,0.0,1.0,1.0,0.2898204716,0.3244456944,0.414762754,0.6303027922,0.5597016519,0.6264373597
2233,1.0,0.0,0.0,0.0,1.0,1.0,0.2910653118,0.3281749887,0.4122807548,0.6325307229,0.5597015615,0.6306826046
2234,1.0,0.0,0.0,0.0,1.0,1.0,0.2968465757,0.3331473089,0.4077328119,0.6390537345,0.5580524467,0.6292137167
2235,1.0,0.0,0.0,0.0,1.0,1.0,0.3005313877,0.3350187352,0.4178322021,0.6395348108,0.5617979342,0.631284997
2236,1.0,0.0,0.0,0.0,1.0,1.0,0.2923061364,0.3294038875,0.4133099692,0.6467070308,0.5617976066,0.6249998457
2237,1.0,0.0,0.0,0.0,1.0,1.0,0.2940566139,0.3337686008,0.4115586603,0.6309520731,0.5597015772,0.6256983647
2238,1.0,0.0,0.0,0.0,1.0,1.0,0.2950899452,0.3281746539,0.4130052601,0.6250006397,0.5597016211,0.6193182165
2239,1.0,0.0,0.0,0.0,1.0,1.0,0.2915772506,0.3281749974,0.4112478929,0.6445782112,0.5597013541,0.6363641948
2240,1.0,0.0,0.0,0.0,1.0,1.0,0.2928188428,0.3281748083,0.412280773,0.6347312417,0.5634331101,0.6306820755
2241,1.0,0.0,0.0,0.0,1.0,1.0,0.2853045244,0.3275322706,0.4133100267,0.6257673442,0.5655431957,0.6228573693
2242,1.0,0.0,0.0,0.0,1.0,1.0,0.1762650621,0.2967095416,0.4363636078,0.6701025423,0.5664058896,0.6381582497
2243,1.0,0.0,0.0,0.0,1.0,1.0,0.03362610971,0.3651022941,0.4504672893,0.8888888889,0.5510203636,0.4972064031
2244,1.0,0.0,0.0,0.0,1.0,1.0,0.04517241116,0.3412729825,0.4632769612,0.7916677806,0.5731705781,0.5238094632
2245,1.0,0.0,0.0,0.0,1.0,1.0,0.1327673687,0.2883767166,0.4464944657,0.7500007436,0.569170116,0.6712335197
2246,1.0,0.0,0.0,0.0,1.0,1.0,0.2178966359,0.3079676237,0.428828908,0.6694209344,0.5658917161,0.6603768274
2247,1.0,0.0,0.0,0.0,1.0,1.0,0.2547597423,0.3223391552,0.3957220038,0.6573425419,0.5419845423,0.6449698282
2248,1.0,0.0,0.0,0.0,1.0,1.0,0.263667367,0.32043144,0.3975044317,0.6486484521,0.5458017007,0.6369052196
2249,1.0,0.0,0.0,0.0,1.0,1.0,0.2667549646,0.3223390068,0.3985765761,0.6533336187,0.5458017339,0.6449702344
2250,1.0,0.0,0.0,0.0,1.0,1.0,0.2686669273,0.3235738825,0.3978494003,0.6600009744,0.540229904,0.6390536307
2251,1.0,0.0,0.0,0.0,1.0,1.0,0.2597826777,0.3171306462,0.3935017101,0.6597228378,0.5423077206,0.6545452436
2252,1.0,0.0,0.0,0.0,1.0,1.0,0.2669988496,0.320284363,0.4079422584,0.6418917656,0.5521234237,0.6445786298
2253,1.0,0.0,0.0,0.0,1.0,1.0,0.2704581377,0.327403247,0.3960574015,0.6556300442,0.54406138,0.6432746038
2254,1.0,0.0,0.0,0.0,1.0,1.0,0.2693532683,0.3217899786,0.3918438773,0.6578952213,0.5416667855,0.6411762918
2255,1.0,0.0,0.0,0.0,1.0,1.0,0.2579786591,0.3144959126,0.4025271054,0.6643348393,0.5482624661,0.662576565
2256,1.0,0.0,0.0,0.0,1.0,1.0,0.2570503567,0.3152087271,0.3974820217,0.6643353696,0.5461539193,0.6646343304
2257,1.0,0.0,0.0,0.0,1.0,1.0,0.2597115073,0.3235739629,0.3942652054,0.662069088,0.5478926384,0.6449709928
2258,1.0,0.0,0.0,0.0,1.0,1.0,0.2512059878,0.3215257902,0.3967684162,0.6642858553,0.5465116854,0.6626516981
2259,1.0,0.0,0.0,0.0,1.0,1.0,0.25437058,0.3259898141,0.4025271237,0.6808508389,0.5546874903,0.6706581939
2260,1.0,0.0,0.0,0.0,1.0,1.0,0.2489516187,0.3233487331,0.3981817837,0.6642332674,0.549019484,0.6606061632
2261,1.0,0.0,0.0,0.0,1.0,1.0,0.2235113134,0.3226547876,0.4145453075,0.6747972662,0.5669291798,0.6585357975
2262,1.0,0.0,0.0,0.0,1.0,1.0,0.1906345172,0.3222691139,0.4240739653,0.6601929154,0.5673470187,0.6518993697
2263,1.0,0.0,0.0,0.0,1.0,1.0,0.06387401555,0.3563407831,0.4323307292,0.8529397013,0.5443035471,0.579881918
2264,1.0,0.0,0.0,0.0,0.0,1.0,0.0,0.3597129347,0.0,0.0,0.5258622457,0.5568868038
2265,1.0,0.0,0.0,0.0,1.0,1.0,0.08879735996,0.3408134778,0.4499055909,0.8085082586,0.5815898055,0.6319022599
2266,1.0,0.0,0.0,0.0,1.0,1.0,0.1516010119,0.3120704458,0.4606741858,0.7283937608,0.6000000849,0.6928106087
2267,1.0,0.0,0.0,0.0,1.0,1.0,0.1628720379,0.3209587126,0.4462963647,0.7386373128,0.5975609658,0.6835445903
2268,1.0,0.0,0.0,0.0,1.0,1.0,0.1769085074,0.3245201168,0.4580291475,0.7422696234,0.6254980629,0.6871165092
2269,1.0,0.0,0.0,0.0,1.0,1.0,0.1650452512,0.3278169753,0.445871564,0.7888902681,0.611999933,0.7195123731
2270,1.0,0.0,0.0,0.0,1.0,1.0,0.1761607087,0.3188882435,0.4568345292,0.7653056657,0.6225681975,0.7012195567
2271,1.0,0.0,0.0,0.0,1.0,1.0,0.1591703708,0.3110716064,0.4629628342,0.790697949,0.6184740871,0.7161285082
2272,1.0,0.0,0.0,0.0,1.0,1.0,0.1459859319,0.2950160667,0.4438203209,0.8076928089,0.5983934956,0.7278905261
2273,1.0,0.0,0.0,0.0,1.0,1.0,0.1521707945,0.309543378,0.4530075296,0.790121874,0.5991903168,0.7189542919
2274,1.0,0.0,0.0,0.0,1.0,1.0,0.1438313851,0.3029800823,0.4354242396,0.8205121453,0.5944880824,0.7272722423
2275,1.0,0.0,0.0,0.0,1.0,1.0,0.1072847226,0.2852660565,0.4557438151,0.8245619092,0.603238895,0.7163115919
2276,1.0,0.0,0.0,0.0,1.0,1.0,0.05617041018,0.3345591125,0.4360464366,0.8620643327,0.5423727489,0.5886076278
2277,1.0,0.0,0.0,0.0,1.0,1.0,0.0367298035,0.3367220129,0.4390714704,0.736842674,0.5321891531,0.5286616873
2278,1.0,0.0,0.0,0.0,1.0,1.0,0.03452958918,0.340911363,0.4395394415,0.8888852908,0.5338983086,0.5341607111
2279,1.0,0.0,0.0,0.0,1.0,1.0,0.04842240417,0.3239716105,0.4786822849,0.7999984273,0.5889830579,0.6013064757
2280,1.0,0.0,0.0,0.0,1.0,1.0,0.09501107861,0.2930093531,0.4698353754,0.7884590917,0.6064256624,0.6917811323
2281,1.0,0.0,0.0,0.0,1.0,1.0,0.1067705293,0.2883006682,0.4693519622,0.7868837465,0.6076920367,0.6866667375
2282,1.0,0.0,0.0,0.0,1.0,1.0,0.1282179462,0.269222216,0.4539473712,0.7948711891,0.5867158908,0.6643835232
2283,1.0,0.0,0.0,0.0,1.0,1.0,0.1484794034,0.2694920913,0.4824281483,0.8709677419,0.6071427647,0.7086094623
2284,1.0,0.0,0.0,0.0,1.0,1.0,0.1245312575,0.270911117,0.4616613713,0.8846149029,0.5824174527,0.7432431362
2285,1.0,0.0,0.0,0.0,1.0,1.0,0.1345402409,0.2933581627,0.4580419038,0.7142850026,0.570850171,0.6758615399
2286,1.0,0.0,0.0,0.0,1.0,1.0,0.1452777439,0.3144076993,0.4570928394,0.6746993335,0.5541664465,0.6423848593
2287,1.0,0.0,0.0,0.0,1.0,1.0,0.1521643759,0.3240869878,0.4256054889,0.693180769,0.5355650871,0.6516126536
2288,1.0,0.0,0.0,0.0,1.0,1.0,0.1523974011,0.3331476691,0.4450354182,0.6976740862,0.55555575,0.6538465074
2289,1.0,0.0,0.0,0.0,1.0,1.0,0.1555909325,0.3527440976,0.4395603902,0.705881079,0.5384613962,0.6538458513
2290,1.0,0.0,0.0,0.0,1.0,1.0,0.1507238436,0.3454591104,0.4488329155,0.7142867379,0.5478258861,0.6540886058
2291,1.0,0.0,0.0,0.0,1.0,1.0,0.1545900082,0.3441061619,0.4262590922,0.6976736607,0.5263158357,0.6560508904
2292,1.0,0.0,0.0,0.0,1.0,1.0,0.1659785311,0.365596973,0.4499999626,0.6989248038,0.5584416114,0.650887017
2293,1.0,0.0,0.0,0.0,1.0,1.0,0.1521274492,0.3591069018,0.4548672594,0.6976738923,0.56709962,0.6626504753
2294,1.0,0.0,0.0,0.0,1.0,1.0,0.1143728294,0.3467891322,0.4559859619,0.7538468442,0.5474136613,0.6832307813
2295,1.0,0.0,0.0,0.0,1.0,1.0,0.06662942043,0.3541497589,0.4648648451,0.7026996021,0.5391303582,0.570552307
2296,1.0,0.0,0.0,0.0,1.0,1.0,0.05015094395,0.3644252636,0.4587814391,0.6428596145,0.5327512265,0.5628743557
2297,1.0,0.0,0.0,0.0,1.0,1.0,0.06413502897,0.334596008,0.4581105594,0.6944439953,0.5347825006,0.6493506003
2298,1.0,0.0,0.0,0.0,1.0,1.0,0.09196259272,0.3240869981,0.468750021,0.6981134143,0.564853377,0.6709676855
2299,1.0,0.0,0.0,0.0,1.0,1.0,0.1009710062,0.3352035954,0.4743149878,0.728816036,0.5843621351,0.6871165356
2300,1.0,0.0,0.0,0.0,1.0,1.0,0.1082306787,0.3297338887,0.4585449317,0.7031245193,0.5696719973,0.6770190893
2301,1.0,0.0,0.0,0.0,1.0,1.0,0.1121486801,0.3244158606,0.4735974029,0.6617644079,0.5846776449,0.6770184513
2302,1.0,0.0,0.0,0.0,1.0,1.0,0.117384235,0.3434292321,0.4496644033,0.7428565884,0.5555556442,0.6826344522
2303,1.0,0.0,0.0,0.0,1.0,1.0,0.1080478659,0.3386539037,0.4493243386,0.7343742649,0.5619835533,0.6707325134
2304,1.0,0.0,0.0,0.0,1.0,1.0,0.121092807,0.342665424,0.4658702331,0.6901395246,0.5795919117,0.6547620157
2305,1.0,0.0,0.0,0.0,1.0,1.0,0.1219656758,0.3358780758,0.4779660983,0.6805543357,0.5901639809,0.6707320159
2306,1.0,0.0,0.0,0.0,1.0,1.0,0.1186945192,0.3421325669,0.4629948333,0.7101466365,0.5767635321,0.6727271233
2307,1.0,0.0,0.0,0.0,1.0,1.0,0.116974171,0.3324591671,0.4578313172,0.7058816775,0.5743800487,0.6708071748
2308,1.0,0.0,0.0,0.0,1.0,1.0,0.1085601451,0.3338471681,0.4620689051,0.7301580057,0.579831811,0.672955808
2309,1.0,0.0,0.0,0.0,1.0,1.0,0.09386053898,0.3147180272,0.4556521469,0.6851852512,0.5617022896,0.6554059588
2310,1.0,0.0,0.0,0.0,1.0,1.0,0.09070298315,0.3139272661,0.4520548525,0.7735832158,0.5512820025,0.6802717885
2311,1.0,0.0,0.0,0.0,1.0,1.0,0.08502195932,0.3088402624,0.4670138503,0.7755130136,0.5665236636,0.6805558043
2312,1.0,0.0,0.0,0.0,1.0,1.0,0.09683171291,0.3218542708,0.4636678642,0.6964274561,0.567796387,0.6578954097
2313,1.0,0.0,0.0,0.0,1.0,1.0,0.09873161782,0.3139271215,0.459272127,0.7192960769,0.5598293296,0.6598646702
2314,1.0,0.0,0.0,0.0,1.0,1.0,0.09892064898,0.3282688408,0.4573379024,0.7068973166,0.5648537019,0.6624201332
2315,1.0,0.0,0.0,0.0,1.0,1.0,0.1037481311,0.317049881,0.4480968481,0.7333346131,0.5588231738,0.6821200051
2316,1.0,0.0,0.0,0.0,1.0,1.0,0.1049327521,0.3076793367,0.476764193,0.6885253217,0.5867766571,0.6711410885
2317,1.0,0.0,0.0,0.0,1.0,1.0,0.105477364,0.3120620915,0.4567473944,0.7377067374,0.5611815843,0.6756754991
2318,1.0,0.0,0.0,0.0,1.0,1.0,0.1046714449,0.3043568015,0.4476351704,0.7258069143,0.5596705812,0.6756759644
2319,1.0,0.0,0.0,0.0,1.0,1.0,0.1073223868,0.3072054637,0.4479866406,0.7343754385,0.5532788242,0.659999867
2320,1.0,0.0,0.0,0.0,1.0,1.0,0.1224480128,0.2965822286,0.4635761677,0.6891876902,0.5772356798,0.6849317323
2321,1.0,0.0,0.0,0.0,1.0,1.0,0.11621388,0.2884566147,0.4501661154,0.7428591027,0.5691057142,0.6830987503
2322,1.0,0.0,0.0,0.0,1.0,1.0,0.1222097549,0.2908211009,0.445561194,0.6849304986,0.5573772897,0.6760567525
2323,1.0,0.0,0.0,0.0,1.0,1.0,0.1262272381,0.2813553771,0.4359861126,0.7534247684,0.5504203818,0.6791053879
2324,1.0,0.0,0.0,0.0,1.0,1.0,0.1346398242,0.2834552803,0.4559584734,0.717949908,0.5630251126,0.6814811156
2325,1.0,0.0,0.0,0.0,1.0,1.0,0.1260243492,0.2864777787,0.4413309471,0.6944435467,0.5517239363,0.6466156973
2326,1.0,0.0,0.0,0.0,1.0,1.0,0.1186387296,0.27197222,0.4262590118,0.7121223004,0.5176989907,0.6504069929
2327,1.0,0.0,0.0,0.0,1.0,1.0,0.1159283742,0.2680903911,0.4499120698,0.6969686479,0.5493562162,0.6640003412
2328,1.0,0.0,0.0,0.0,1.0,1.0,0.1184006849,0.2626735762,0.4442508811,0.7205889901,0.5470083913,0.6585366623
2329,1.0,0.0,0.0,0.0,1.0,1.0,0.09815940815,0.2542440382,0.4446428329,0.6727275905,0.5263159447,0.637930663
2330,1.0,0.0,0.0,0.0,1.0,1.0,0.1048242153,0.2783535072,0.4629294326,0.6034477698,0.5482455395,0.5984251265
2331,1.0,0.0,0.0,0.0,1.0,1.0,0.1043372465,0.2711490345,0.4633699757,0.6666677668,0.538116849,0.6528922921
2332,1.0,0.0,0.0,0.0,1.0,1.0,0.09866510146,0.2565530507,0.4588664181,0.6296289471,0.5223214226,0.6086955769
2333,1.0,0.0,0.0,0.0,1.0,1.0,0.09868817704,0.2542060492,0.4506283851,0.6727274571,0.5304346948,0.6068368597
2334,1.0,0.0,0.0,0.0,1.0,1.0,0.09200612596,0.2608189199,0.4620938139,0.6078426929,0.5350877897,0.5798321368
2335,1.0,0.0,0.0,0.0,1.0,1.0,0.1006505798,0.2690805388,0.4575971288,0.6140370655,0.5512820993,0.611110596
2336,1.0,0.0,0.0,0.0,1.0,1.0,0.09337341869,0.2762172547,0.4584775898,0.6666666667,0.5443036812,0.5954206089
2337,1.0,0.0,0.0,0.0,1.0,1.0,0.08667707563,0.2938271074,0.4725662445,0.6734683433,0.5579401432,0.5766417294
2338,1.0,0.0,0.0,0.0,1.0,1.0,0.1023733066,0.2666582239,0.4583333333,0.6271194907,0.5462185533,0.622047037
2339,1.0,0.0,0.0,0.0,1.0,1.0,0.08736388323,0.2797583481,0.4493006688,0.6999984023,0.5213675979,0.572519468
2340,1.0,0.0,0.0,0.0,1.0,1.0,0.08482360549,0.2944784408,0.4594095445,0.6956540483,0.5312501106,0.628787378
2341,1.0,0.0,0.0,0.0,1.0,1.0,0.08955586482,0.2833238679,0.4569891717,0.620001127,0.5312500421,0.6377953879
2342,1.0,0.0,0.0,0.0,1.0,1.0,0.08698515588,0.2827368101,0.4511545946,0.6734683871,0.5175437673,0.6356583132
2343,1.0,0.0,0.0,0.0,1.0,1.0,0.07904178102,0.2846240291,0.4463972092,0.6666681822,0.5217391498,0.6106873329
2344,1.0,0.0,0.0,0.0,1.0,1.0,0.07566222922,0.2584765611,0.452464719,0.6744166535,0.5172410816,0.5916664022
2345,1.0,0.0,0.0,0.0,1.0,1.0,0.07330451337,0.2741834653,0.4454383207,0.6829273091,0.5088493602,0.6209674141
2346,1.0,0.0,0.0,0.0,1.0,1.0,0.07423391578,0.2881274195,0.456521648,0.6585356271,0.5315314784,0.6484369224
2347,1.0,0.0,0.0,0.0,1.0,1.0,0.08453921053,0.3049940782,0.4586465726,0.6444425634,0.5305163878,0.6307691359
2348,1.0,0.0,0.0,0.0,1.0,1.0,0.06199542229,0.2942283182,0.4473683815,0.6666666667,0.5093457988,0.6031746284
2349,1.0,0.0,0.0,0.0,1.0,1.0,0.07528739973,0.2905352731,0.4613935726,0.6250037434,0.5209302779,0.6240003705
2350,1.0,0.0,0.0,0.0,1.0,1.0,0.07375964943,0.2903782365,0.4557195818,0.575000376,0.5180180099,0.6124019439
2351,1.0,0.0,0.0,0.0,1.0,1.0,0.07204854625,0.2832519502,0.4491682022,0.6153868237,0.5115207651,0.6422769531
2352,1.0,0.0,0.0,0.0,1.0,1.0,0.0652991851,0.280112513,0.4464609886,0.6666648822,0.5112107023,0.6079994943
2353,1.0,0.0,0.0,0.0,1.0,1.0,0.07295198794,0.2678681836,0.447080296,0.5750005038,0.5000002268,0.6302520012
2354,1.0,0.0,0.0,0.0,1.0,1.0,0.07604439269,0.2665175451,0.4547101591,0.6428548371,0.5155556034,0.6333338713
2355,1.0,0.0,0.0,0.0,1.0,1.0,0.08239147433,0.2665180637,0.4551971019,0.6086956522,0.5111112247,0.6250001843
2356,1.0,0.0,0.0,0.0,1.0,1.0,0.07838754473,0.2793198448,0.4563279792,0.6136337617,0.5327511753,0.6484375797
2357,1.0,0.0,0.0,0.0,1.0,1.0,0.08016924977,0.27297558,0.4545454545,0.5777768847,0.528634505,0.612903461
2358,1.0,0.0,0.0,0.0,1.0,1.0,0.08536154941,0.268408985,0.462633455,0.5624997528,0.5196507907,0.6097560599
2359,1.0,0.0,0.0,0.0,1.0,1.0,0.07895055467,0.2739697726,0.4578097347,0.5681794306,0.5263159228,0.6240007501
2360,1.0,0.0,0.0,0.0,1.0,1.0,0.07728552083,0.2607239958,0.4622143398,0.6136351914,0.5130434255,0.624998727
2361,1.0,0.0,0.0,0.0,1.0,1.0,0.08660704346,0.2614572628,0.4835355711,0.5799996481,0.5443037411,0.6129035005
2362,1.0,0.0,0.0,0.0,1.0,1.0,0.07728546558,0.250923537,0.4797890868,0.5681825596,0.5319145851,0.5847462008
2363,1.0,0.0,0.0,0.0,1.0,1.0,0.07262397345,0.2646825128,0.4688581568,0.6904755182,0.5169493562,0.6079999783
2364,1.0,0.0,0.0,0.0,1.0,1.0,0.07321271216,0.284651316,0.4650766404,0.5813959036,0.5147678534,0.6148150775
2365,1.0,0.0,0.0,0.0,1.0,1.0,0.06536775447,0.2551315303,0.4578313208,0.5526300014,0.5063293431,0.5619841892
2366,1.0,0.0,0.0,0.0,1.0,1.0,0.07634640148,0.2605384594,0.4548611554,0.5909103655,0.5085468943,0.6147547971
2367,1.0,0.0,0.0,0.0,1.0,1.0,0.06710034754,0.2595950346,0.4575972011,0.6052653612,0.5064935562,0.6
2368,1.0,0.0,0.0,0.0,1.0,1.0,0.06989091535,0.2573669357,0.4580418821,0.6250027082,0.5064376119,0.6166664259
2369,1.0,0.0,0.0,0.0,1.0,1.0,0.07783276395,0.2541682248,0.4707964602,0.5909080061,0.5215517241,0.6016946764
2370,1.0,0.0,0.0,0.0,1.0,1.0,0.08328657915,0.2650694036,0.4574467823,0.6170216015,0.5,0.598360041
2371,1.0,0.0,0.0,0.0,1.0,1.0,0.07239771814,0.2476878473,0.46466432,0.5365858795,0.5043477739,0.5964912812
2372,1.0,0.0,0.0,0.0,1.0,1.0,0.08299259402,0.2714004965,0.4646642475,0.5957435106,0.5215515833,0.6269841596
2373,1.0,0.0,0.0,0.0,1.0,1.0,0.07940317786,0.2613603606,0.4697755906,0.5652152026,0.5188283475,0.6079991336
2374,1.0,0.0,0.0,0.0,1.0,1.0,0.08373218009,0.2652029945,0.4491978345,0.595744601,0.5131579405,0.6033061343
2375,1.0,0.0,0.0,0.0,1.0,1.0,0.07304284934,0.2520524318,0.4616755731,0.6097556901,0.5263157105,0.634782544
2376,1.0,0.0,0.0,0.0,1.0,1.0,0.0730428979,0.2574980826,0.4670231988,0.5853650309,0.5327510242,0.618644999
2377,1.0,0.0,0.0,0.0,1.0,1.0,0.07592932055,0.2444525239,0.4611307047,0.5348845523,0.5238097349,0.5929201935
2378,1.0,0.0,0.0,0.0,1.0,1.0,0.07552885633,0.2563785688,0.4622143802,0.6279083268,0.5217393977,0.6271182138
2379,1.0,0.0,0.0,0.0,1.0,1.0,0.07151650008,0.2640446555,0.4830053853,0.625,0.5414847774,0.6115701555
2380,1.0,0.0,0.0,0.0,1.0,1.0,0.07579556637,0.2673942631,0.4550264884,0.6046510717,0.5219301159,0.6147549581
2381,1.0,0.0,0.0,0.0,1.0,1.0,0.06981394986,0.2509912529,0.4595588235,0.5526291294,0.5067873303,0.5855859331
2382,1.0,0.0,0.0,0.0,1.0,1.0,0.06785199206,0.2588643256,0.456880633,0.5945948635,0.504504665,0.591303819
2383,1.0,0.0,0.0,0.0,1.0,1.0,0.08026108146,0.2828610331,0.4818354978,0.5714292314,0.5330189391,0.6166673404
2384,1.0,0.0,0.0,0.0,1.0,1.0,0.08740392949,0.2838791885,0.4714829412,0.6086945301,0.5399061861,0.6115695993
2385,1.0,0.0,0.0,0.0,1.0,1.0,0.08947420063,0.2872228529,0.4761904944,0.6170201872,0.5420563024,0.626015995
2386,1.0,0.0,0.0,0.0,1.0,1.0,0.08493286715,0.2935251082,0.4881423577,0.6744195387,0.5436895418,0.6198342782
2387,1.0,0.0,0.0,0.0,1.0,1.0,0.07823426516,0.3003131943,0.4814089677,0.6500004818,0.5480769854,0.6079996176
2388,1.0,0.0,0.0,0.0,1.0,1.0,0.08944421866,0.2747281656,0.4863812579,0.5652168309,0.5450239407,0.6120697146
2389,1.0,0.0,0.0,0.0,1.0,1.0,0.08595203021,0.3033129759,0.4960000988,0.6279093116,0.5572137944,0.6475406144
2390,1.0,0.0,0.0,0.0,1.0,1.0,0.07979554562,0.2904778659,0.4830340904,0.65,0.5418717664,0.6525421229
2391,1.0,0.0,0.0,0.0,1.0,1.0,0.08011554596,0.2917155628,0.4529056914,0.6499973855,0.5177668353,0.6434774126
2392,1.0,0.0,0.0,0.0,1.0,1.0,0.0755044251,0.3077099921,0.4771371105,0.5526299451,0.5418716184,0.6000006292
2393,1.0,0.0,0.0,0.0,1.0,1.0,0.08605737906,0.304177928,0.4774950535,0.6363644257,0.5362320578,0.61904798
2394,1.0,0.0,0.0,0.0,1.0,1.0,0.06318328916,0.2852177753,0.4846743079,0.5757572097,0.5471696961,0.5454549947
2395,1.0,0.0,0.0,0.0,1.0,1.0,0.08248759057,0.2818330499,0.479846346,0.5813951293,0.5402842531,0.5966386125
2396,1.0,0.0,0.0,0.0,1.0,1.0,0.07673261059,0.2889380535,0.4971209515,0.5749995111,0.5545024838,0.5737692568
2397,1.0,0.0,0.0,0.0,1.0,1.0,0.07732639418,0.2749664421,0.4777563281,0.6000019466,0.5454544608,0.6173921581
2398,1.0,0.0,0.0,0.0,1.0,1.0,0.05912748612,0.3017184118,0.4732824366,0.6451591371,0.5424530268,0.5703116504
2399,1.0,0.0,0.0,0.0,1.0,1.0,0.04732188196,0.2979559429,0.4678030908,0.5600008945,0.5258216825,0.559054991
2400,1.0,0.0,0.0,0.0,1.0,1.0,0.03990156054,0.303148172,0.4638783796,0.7142894077,0.5071089966,0.5546880633
2401,1.0,0.0,0.0,0.0,1.0,1.0,0.04005399341,0.3102533587,0.4770992524,0.5714210475,0.521326857,0.5572522521
2402,1.0,0.0,0.0,0.0,1.0,1.0,0.04256895353,0.297508319,0.4648147804,0.6521695452,0.5209300788,0.5468746746
2403,1.0,0.0,0.0,0.0,1.0,1.0,0.04776761637,0.2975611251,0.4724264648,0.5384594647,0.5409088883,0.5496188414
2404,1.0,0.0,0.0,0.0,1.0,1.0,0.03701643239,0.2911217113,0.4703702709,0.5500049108,0.5229357122,0.5590557824
2405,1.0,0.0,0.0,0.0,1.0,1.0,0.02229236631,0.2733902338,0.4646841293,0.6666768362,0.5156949459,0.4918039182
2406,1.0,0.0,0.0,0.0,1.0,1.0,0.02032147481,0.2931696257,0.4676524813,0.8181773808,0.5155554867,0.4545454545
2407,1.0,0.0,0.0,0.0,1.0,1.0,0.03362604595,0.2620755606,0.4728972725,0.722227362,0.5155556907,0.4745762712
2408,1.0,0.0,0.0,0.0,1.0,1.0,0.03325310629,0.2520331546,0.4713493738,0.5000049625,0.5086954429,0.4827578772
2409,1.0,0.0,0.0,0.0,1.0,1.0,0.05382975295,0.2560047269,0.4739676126,0.7333325558,0.5450818982,0.4959991266
2410,1.0,0.0,0.0,0.0,1.0,1.0,0.07364310403,0.2528953653,0.4596492137,0.6666652872,0.5465588098,0.544000356
2411,1.0,0.0,0.0,0.0,1.0,1.0,0.0922562391,0.2018478048,0.4444444272,0.7222218481,0.5411763364,0.7087369385
2412,1.0,0.0,0.0,0.0,1.0,1.0,0.1012948281,0.2169333626,0.4358107832,0.7000003045,0.5426357906,0.7053571866
2413,1.0,0.0,0.0,0.0,1.0,1.0,0.1218431934,0.216297045,0.4596375169,0.7162165836,0.5746268148,0.7068969323
2414,1.0,0.0,0.0,0.0,1.0,1.0,0.1228823852,0.1834180511,0.4590164096,0.6800008531,0.5393261076,0.7040811538
2415,1.0,0.0,0.0,0.0,1.0,1.0,0.1285732291,0.2488882821,0.4785591327,0.4800001956,0.533074188,0.4296874217
2416,1.0,0.0,0.0,0.0,1.0,1.0,0.1593068835,0.2302085952,0.4899328834,0.3999992489,0.5580521944,0.3821141159
2417,1.0,0.0,0.0,0.0,1.0,1.0,0.1781687224,0.2130886775,0.4516129504,0.4476200678,0.5547171167,0.4424773647
2418,1.0,0.0,0.0,0.0,1.0,1.0,0.1782220744,0.1672142863,0.4475525639,0.6176472203,0.5423076937,0.6436786788
2419,1.0,0.0,0.0,0.0,1.0,1.0,0.1846216485,0.1614482971,0.426287756,0.6826914977,0.5346152111,0.7023812504
2420,1.0,0.0,0.0,0.0,1.0,1.0,0.2035229227,0.1413941763,0.4327272639,0.7142859584,0.5426356991,0.7808210201
2421,1.0,0.0,0.0,0.0,1.0,1.0,0.217827118,0.1408479868,0.4377289592,0.6722683349,0.5482627127,0.7534239851
2422,1.0,0.0,0.0,0.0,1.0,1.0,0.2246365228,0.09594636142,0.4495238224,0.5847463674,0.5160001616,0.729169428
2423,1.0,0.0,0.0,0.0,1.0,1.0,0.2663918856,0.1011107057,0.4612476613,0.4255322363,0.5214006918,0.288461252
2424,1.0,0.0,0.0,0.0,1.0,1.0,0.2868942062,0.1068106065,0.457786114,0.4444447339,0.5305343686,0.3928568886
2425,1.0,0.0,0.0,0.0,1.0,1.0,0.2812686542,0.0670125005,0.4409006135,0.4800001088,0.5172414197,0.4857124533
2426,1.0,0.0,0.0,0.0,1.0,1.0,0.2581584455,0.06899126716,0.4428043996,0.5785725105,0.5410448839,0.7297301766
2427,1.0,0.0,0.0,0.0,1.0,1.0,0.2577406865,0.1183551628,0.4359925053,0.6330930467,0.5563912328,0.6825397861
2428,1.0,0.0,0.0,0.0,1.0,1.0,0.2557555939,0.1336250361,0.4355716712,0.6170202507,0.5494504459,0.6438358097
2429,1.0,0.0,0.0,0.0,1.0,1.0,0.253508139,0.1112515625,0.4416058834,0.6187046157,0.5620438705,0.6721310356
2430,1.0,0.0,0.0,0.0,1.0,1.0,0.2722357561,0.0534759129,0.4720149333,0.5205475288,0.5535053366,0.6551739216
2431,1.0,0.0,0.0,0.0,1.0,1.0,0.2866468599,0.07382245105,0.4703632971,0.4333333779,0.5340909695,0.2051270184
2432,1.0,0.0,0.0,0.0,1.0,1.0,0.2825345314,0.08896521557,0.4769229878,0.4353742705,0.5378787014,0.2340419164
2433,1.0,0.0,0.0,0.0,1.0,1.0,0.2806124611,0.07410298595,0.4653847141,0.4520543338,0.5323195631,0.333335082
2434,1.0,0.0,0.0,0.0,1.0,1.0,0.2636100457,0.06199541719,0.4857684293,0.532374337,0.5639098594,0.6363647796
2435,1.0,0.0,0.0,0.0,1.0,1.0,0.2480230712,0.1309231576,0.4687500179,0.6148148262,0.5756457281,0.7183097766
2436,1.0,0.0,0.0,0.0,1.0,1.0,0.254306217,0.2027853807,0.4252669101,0.6013979331,0.5507246101,0.6339292251
2437,1.0,0.0,0.0,0.0,1.0,1.0,0.2730521472,0.2382184814,0.4325744129,0.6089741785,0.5591396239,0.6315791956
2438,1.0,0.0,0.0,0.0,1.0,1.0,0.2689472369,0.2339121257,0.4340277626,0.606451761,0.5744679667,0.6212112802
2439,1.0,0.0,0.0,0.0,1.0,1.0,0.2388046113,0.1933228616,0.4106193985,0.6148140625,0.5291971884,0.6415080823
2440,1.0,0.0,0.0,0.0,1.0,1.0,0.2210488076,0.1512568186,0.4725897543,0.4273499077,0.5363985301,0.3670875003
2441,1.0,0.0,0.0,0.0,1.0,1.0,0.2078235769,0.1512564401,0.4555765693,0.4454559464,0.5325671895,0.3797468019
2442,1.0,0.0,0.0,0.0,1.0,1.0,0.1808689276,0.120622282,0.4496267687,0.6494850685,0.540229807,0.6984130139
2443,1.0,0.0,0.0,0.0,1.0,1.0,0.2089741445,0.1622709064,0.4418182148,0.6260869408,0.5608856698,0.7045449167
2444,1.0,0.0,0.0,0.0,1.0,1.0,0.2658092341,0.2435464764,0.4361702858,0.6133336351,0.5667870464,0.6296290475
2445,1.0,0.0,0.0,0.0,1.0,1.0,0.2701670909,0.2534557,0.4240283372,0.6209152869,0.550359726,0.6241132293
2446,1.0,0.0,0.0,0.0,1.0,1.0,0.2797731576,0.2633906992,0.4207746336,0.6352197311,0.5559567631,0.6369869787
2447,1.0,0.0,0.0,0.0,1.0,1.0,0.2766310638,0.2498604771,0.4339285836,0.619355095,0.5656935112,0.6496358172
2448,1.0,0.0,0.0,0.0,1.0,1.0,0.2629159341,0.2388372602,0.4234235039,0.6369863608,0.5588233925,0.6615390611
2449,1.0,0.0,0.0,0.0,1.0,1.0,0.267707892,0.239866348,0.4321428085,0.6266658444,0.5636365627,0.6590913906
2450,1.0,0.0,0.0,0.0,1.0,1.0,0.2636675118,0.2335651419,0.4260250169,0.6216211918,0.557971051,0.6279057424
2451,1.0,0.0,0.0,0.0,1.0,1.0,0.2618858588,0.2263227992,0.418894754,0.6190464533,0.5543478802,0.6480002845
2452,1.0,0.0,0.0,0.0,1.0,1.0,0.2218799776,0.1534577134,0.491159096,0.4424774996,0.5551182252,0.4102567539
2453,1.0,0.0,0.0,0.0,1.0,1.0,0.221666,0.1455879211,0.4785993431,0.4473670175,0.5433069534,0.3918918153
2454,1.0,0.0,0.0,0.0,1.0,1.0,0.192200534,0.123460835,0.4557691864,0.5900012253,0.5411764036,0.6349206349
2455,1.0,0.0,0.0,0.0,1.0,1.0,0.2032446424,0.1335134248,0.4272387708,0.623852755,0.5381679556,0.6857148811
2456,1.0,0.0,0.0,0.0,1.0,1.0,0.2480364027,0.2013801572,0.4215328037,0.602941473,0.5447762515,0.6574074617
2457,1.0,0.0,0.0,0.0,1.0,1.0,0.2840138746,0.2516977187,0.4280575415,0.6139246673,0.555147049,0.6423362763
2458,1.0,0.0,0.0,0.0,1.0,1.0,0.2948880883,0.2671236085,0.4310954871,0.6047910429,0.5636364121,0.6122449852
2459,1.0,0.0,0.0,0.0,1.0,1.0,0.289079951,0.2671233961,0.4162257558,0.6097558508,0.5527269987,0.6190474175
2460,1.0,0.0,0.0,0.0,1.0,1.0,0.3001854774,0.2798437652,0.418728034,0.6117643072,0.5563636829,0.6168837467
2461,1.0,0.0,0.0,0.0,1.0,1.0,0.3001856285,0.2770191935,0.4275618793,0.6176465802,0.5615940479,0.62091416
2462,1.0,0.0,0.0,0.0,1.0,1.0,0.2911341681,0.2743921715,0.4227353917,0.6097561598,0.5636363913,0.61589471
2463,1.0,0.0,0.0,0.0,1.0,1.0,0.3001859052,0.2796272485,0.4222615523,0.6176476033,0.5631771016,0.6193548998
2464,1.0,0.0,0.0,0.0,1.0,1.0,0.2913567323,0.2696334596,0.4275618949,0.6242424012,0.5647480728,0.6199994976
2465,1.0,0.0,0.0,0.0,1.0,1.0,0.29665425,0.2724111453,0.4257951146,0.613095134,0.5667870227,0.6291385666
2466,1.0,0.0,0.0,0.0,1.0,1.0,0.2819857154,0.2544034088,0.408928485,0.620252619,0.5490908599,0.6285703864
2467,1.0,0.0,0.0,0.0,1.0,1.0,0.2118277253,0.1263888096,0.47398836,0.5272732776,0.540856102,0.5538465971
2468,1.0,0.0,0.0,0.0,1.0,1.0,0.2392486332,0.143888417,0.4652509127,0.4193551065,0.5214009682,0.3513503739
2469,1.0,0.0,0.0,0.0,1.0,1.0,0.2435773733,0.1375200019,0.4719535942,0.436507551,0.5387599733,0.3943668853
2470,1.0,0.0,0.0,0.0,1.0,1.0,0.2171072823,0.09956821525,0.4606742742,0.586207333,0.5563911197,0.6981141037
2471,1.0,0.0,0.0,0.0,1.0,1.0,0.2416231494,0.1591704079,0.426739893,0.6060615203,0.5555557711,0.7093020138
2472,1.0,0.0,0.0,0.0,1.0,1.0,0.2659227484,0.2246946346,0.4124999798,0.5973151104,0.5539569391,0.6400007489
2473,1.0,0.0,0.0,0.0,1.0,1.0,0.2880954182,0.251671115,0.4252668702,0.6049376581,0.565217408,0.6402867281
2474,1.0,0.0,0.0,0.0,1.0,1.0,0.2921718651,0.2680982853,0.4242424751,0.6036590813,0.5693432468,0.6258504079
2475,1.0,0.0,0.0,0.0,1.0,1.0,0.2982349345,0.2688031877,0.4209591006,0.6071438109,0.5631769454,0.6174496452
2476,1.0,0.0,0.0,0.0,1.0,1.0,0.3054830277,0.2812049926,0.4204946819,0.6127170168,0.5591395005,0.6050955928
2477,1.0,0.0,0.0,0.0,1.0,1.0,0.3095617044,0.2868434518,0.4265485961,0.6057138092,0.5631766377,0.6037743881
2478,1.0,0.0,0.0,0.0,1.0,1.0,0.3042547099,0.2822162602,0.4247787896,0.6104655319,0.5719425242,0.5987260047
2479,1.0,0.0,0.0,0.0,1.0,1.0,0.3143120105,0.2909093099,0.4293286561,0.6123600632,0.5678572679,0.6073617409
2480,1.0,0.0,0.0,0.0,1.0,1.0,0.3136546325,0.2829959921,0.4184396907,0.6045204578,0.5591399046,0.6075950054
2481,1.0,0.0,0.0,0.0,1.0,1.0,0.3101108906,0.2794139067,0.4219857387,0.6057138466,0.5663084785,0.6025635845
2482,1.0,0.0,0.0,0.0,1.0,1.0,0.2343907591,0.1489733692,0.4258911657,0.6080005646,0.5433962354,0.6835456837
2483,1.0,0.0,0.0,0.0,1.0,1.0,0.2246807804,0.1254124512,0.4941859746,0.4827592483,0.5559845953,0.492309991
2484,1.0,0.0,0.0,0.0,1.0,1.0,0.2361961396,0.120555473,0.4785157455,0.4793384338,0.5408558654,0.5
2485,1.0,0.0,0.0,0.0,1.0,1.0,0.222312883,0.1003301979,0.4526110996,0.6000003581,0.5405406157,0.6923095198
2486,1.0,0.0,0.0,0.0,1.0,1.0,0.2433587827,0.1566287466,0.4386617664,0.5954202007,0.5597013907,0.6785705396
2487,1.0,0.0,0.0,0.0,1.0,1.0,0.2607240011,0.2112790824,0.4239129732,0.6041664539,0.5698530178,0.6521738336
2488,1.0,0.0,0.0,0.0,1.0,1.0,0.2784159596,0.2371864674,0.4196428656,0.5961540028,0.5615942098,0.6106868007
2489,1.0,0.0,0.0,0.0,1.0,1.0,0.2814827315,0.2363302247,0.4171123137,0.6075950909,0.559566943,0.6106875587
2490,1.0,0.0,0.0,0.0,1.0,1.0,0.2824901286,0.2345260776,0.4168158168,0.6139242472,0.5595667787,0.6230774533
2491,1.0,0.0,0.0,0.0,1.0,1.0,0.2891242805,0.2462395473,0.4214286289,0.6049388375,0.5615943644,0.6323524135
2492,1.0,0.0,0.0,0.0,1.0,1.0,0.3080593623,0.2792034219,0.4343257103,0.6022725196,0.5729535101,0.6050956284
2493,1.0,0.0,0.0,0.0,1.0,1.0,0.2936412905,0.2588482282,0.4247787929,0.6024099654,0.5683451407,0.6041658912
2494,1.0,0.0,0.0,0.0,1.0,1.0,0.2933336787,0.2597114916,0.4200352256,0.5988024565,0.5627241172,0.6068970904
2495,1.0,0.0,0.0,0.0,1.0,1.0,0.3040260019,0.274846581,0.4213285939,0.5977001396,0.5607143543,0.5909091545
2496,1.0,0.0,0.0,0.0,1.0,1.0,0.3081903947,0.2799854484,0.4216027694,0.6101694712,0.5673759825,0.6075951066
2497,1.0,0.0,0.0,0.0,1.0,1.0,0.3040256554,0.2774254464,0.4213287017,0.6091949767,0.569394939,0.6025646674
2498,1.0,0.0,0.0,0.0,1.0,1.0,0.304558261,0.2719328463,0.422066506,0.5977016717,0.5724383932,0.6103894662
2499,1.0,0.0,0.0,0.0,1.0,1.0,0.3015858411,0.270311954,0.4192981833,0.6046512203,0.5729539035,0.605262937
2500,1.0,0.0,0.0,0.0,1.0,1.0,0.2975571772,0.2685334721,0.4168125482,0.6,0.5729539111,0.6158934023
2501,1.0,0.0,0.0,0.0,1.0,1.0,0.3005315849,0.2640367477,0.4143356293,0.6046517421,0.563829662,0.6107381682
2502,1.0,0.0,0.0,0.0,1.0,1.0,0.3127626348,0.2799855354,0.4213285954,0.6033518436,0.5815605219,0.6075952235
2503,1.0,0.0,0.0,0.0,1.0,1.0,0.3071203784,0.2727350876,0.4357639905,0.5932205039,0.588028193,0.6129028227
2504,1.0,0.0,0.0,0.0,1.0,1.0,0.3065880702,0.2789962662,0.4315424292,0.5988694081,0.5865723007,0.6075957762
2505,1.0,0.0,0.0,0.0,1.0,1.0,0.3105904293,0.2850519429,0.4392360273,0.6089385949,0.5915492367,0.6111114086
2506,1.0,0.0,0.0,0.0,1.0,1.0,0.3151553252,0.2825279828,0.4494773371,0.6077348131,0.5971731647,0.6062496269
2507,1.0,0.0,0.0,0.0,1.0,1.0,0.3180832689,0.2850522286,0.4434781859,0.6010933084,0.5915492316,0.6049385346
2508,1.0,0.0,0.0,0.0,1.0,1.0,0.3115598307,0.2807617498,0.430823149,0.6067410492,0.5830386807,0.610063457
2509,1.0,0.0,0.0,0.0,1.0,1.0,0.2878254004,0.2436362146,0.4452297219,0.5828222385,0.5943062146,0.6131385156
2510,1.0,0.0,0.0,0.0,1.0,1.0,0.2383285318,0.1148784494,0.4519229538,0.5080648845,0.5363985044,0.5166674241
2511,1.0,0.0,0.0,0.0,1.0,1.0,0.2428021794,0.1052042962,0.4482109574,0.5038764766,0.5413533685,0.5178576142
2512,1.0,0.0,0.0,0.0,1.0,1.0,0.2169473281,0.1054966611,0.435992636,0.6410259699,0.5629626955,0.7017555736
2513,1.0,0.0,0.0,0.0,1.0,1.0,0.2610347239,0.1977313929,0.4186045825,0.595890691,0.5647482456,0.6454557966
2514,1.0,0.0,0.0,0.0,1.0,1.0,0.2923900004,0.246290856,0.4308511067,0.5939392852,0.5785717546,0.608696185
2515,1.0,0.0,0.0,0.0,1.0,1.0,0.3047943349,0.2659228245,0.4273050382,0.5930233425,0.5750000858,0.5973160424
2516,1.0,0.0,0.0,0.0,1.0,1.0,0.30847001,0.2728970391,0.4215167733,0.6114283778,0.5638296435,0.597402526
2517,1.0,0.0,0.0,0.0,1.0,1.0,0.3115597255,0.2762538595,0.422066566,0.5898881888,0.5669013779,0.5859874613
2518,1.0,0.0,0.0,0.0,1.0,1.0,0.3110152369,0.2762542833,0.4283216063,0.612359611,0.5774650314,0.5923572664
2519,1.0,0.0,0.0,0.0,1.0,1.0,0.3181613859,0.2848061831,0.4290656605,0.6032616137,0.5769228743,0.5950911735
2520,1.0,0.0,0.0,0.0,1.0,1.0,0.3169806316,0.2830585636,0.4263431847,0.6120213776,0.5734267071,0.5987650235
2521,1.0,0.0,0.0,0.0,1.0,1.0,0.3180831448,0.288571103,0.4295651386,0.6174863133,0.5704224002,0.5975608485
2522,1.0,0.0,0.0,0.0,1.0,1.0,0.3232977476,0.2963255716,0.4173914118,0.6075264181,0.5649124767,0.5976327018
2523,1.0,0.0,0.0,0.0,1.0,1.0,0.3185611384,0.2858050673,0.4290716983,0.5989013637,0.5789473092,0.5828225368
2524,1.0,0.0,0.0,0.0,1.0,1.0,0.3138598476,0.2832925559,0.4245615012,0.6033517076,0.5774645867,0.5962730353
2525,1.0,0.0,0.0,0.0,1.0,1.0,0.3167245578,0.2807618975,0.4348590977,0.6,0.5795051702,0.6037745445
2526,1.0,0.0,0.0,0.0,1.0,1.0,0.3167247972,0.2825274344,0.4260563664,0.600000237,0.5759717381,0.6062497584
2527,1.0,0.0,0.0,0.0,1.0,1.0,0.3238607767,0.2945722208,0.4233448906,0.6075264248,0.571929751,0.6011908395
2528,1.0,0.0,0.0,0.0,1.0,1.0,0.3279955434,0.2984445214,0.422680336,0.6125657348,0.5729169669,0.598837078
2529,1.0,0.0,0.0,0.0,1.0,1.0,0.3176119778,0.2890369518,0.4231434349,0.6141301425,0.5783971747,0.5963849566
2530,1.0,0.0,0.0,0.0,1.0,1.0,0.3186374685,0.2903309846,0.4216027662,0.6120222506,0.5669012376,0.5939397835
2531,1.0,0.0,0.0,0.0,1.0,1.0,0.3191935205,0.2895909092,0.4275741644,0.601092922,0.5759716517,0.5975606536
2532,1.0,0.0,0.0,0.0,1.0,1.0,0.3209376864,0.2858054444,0.4258289541,0.6141303275,0.5684210842,0.6012277093
2533,1.0,0.0,0.0,0.0,1.0,1.0,0.3191934326,0.2895910177,0.4240838109,0.6120220315,0.5724383345,0.5975605114
2534,1.0,0.0,0.0,0.0,1.0,1.0,0.3210013648,0.2868117957,0.4288195641,0.6108107232,0.5739437455,0.6012276142
2535,1.0,0.0,0.0,0.0,1.0,1.0,0.3169808086,0.2875583751,0.4194108608,0.6120211286,0.5684212741,0.5975613579
2536,1.0,0.0,0.0,0.0,1.0,1.0,0.3169804768,0.2830586445,0.4211438275,0.6010925741,0.5699300816,0.5925926893
2537,1.0,0.0,0.0,0.0,1.0,1.0,0.3262068048,0.2980790391,0.4236110899,0.6170211317,0.5684211787,0.6
2538,1.0,0.0,0.0,0.0,1.0,1.0,0.3221773251,0.2931224232,0.4263431636,0.6075270717,0.5724382591,0.6024105771
2539,1.0,0.0,0.0,0.0,1.0,1.0,0.321559657,0.2840516529,0.4121739228,0.6054054806,0.5649122082,0.6172838363
2540,1.0,0.0,0.0,0.0,1.0,1.0,0.3168959121,0.2850521766,0.4128920153,0.6098898434,0.5633804791,0.6049388131
2541,1.0,0.0,0.0,0.0,1.0,1.0,0.3233488511,0.291794986,0.4290656415,0.6096257428,0.5699299746,0.5928140525
2542,1.0,0.0,0.0,0.0,1.0,1.0,0.2943682032,0.2507495499,0.4109347529,0.6047901139,0.5587188706,0.6170214051
2543,1.0,0.0,0.0,0.0,1.0,1.0,0.2315091592,0.1267945535,0.4783426582,0.5365844772,0.5708956055,0.5294126877
2544,1.0,0.0,0.0,0.0,1.0,1.0,0.2342739513,0.1267951356,0.478260861,0.5080648979,0.5708953473,0.4999984584
2545,1.0,0.0,0.0,0.0,1.0,1.0,0.229798955,0.1294899853,0.4306569343,0.6349204759,0.5583941718,0.704225519
2546,1.0,0.0,0.0,0.0,1.0,1.0,0.2516453667,0.1713330155,0.4178571282,0.6099288201,0.5642856326,0.6770841216
2547,1.0,0.0,0.0,0.0,1.0,1.0,0.284293709,0.2366167161,0.4275618641,0.6149067828,0.5759716113,0.6268662672
2548,1.0,0.0,0.0,0.0,1.0,1.0,0.2913567081,0.2498607431,0.4222614593,0.6060606849,0.5739436394,0.6126760244
2549,1.0,0.0,0.0,0.0,1.0,1.0,0.3090146372,0.2701673343,0.4310954685,0.6057148946,0.5795053083,0.6143787229
2550,1.0,0.0,0.0,0.0,1.0,1.0,0.3148683812,0.2692158026,0.4318583258,0.6011235686,0.5809858745,0.6143784655
2551,1.0,0.0,0.0,0.0,1.0,1.0,0.3161678779,0.2754643414,0.4358523005,0.5999997624,0.579505279,0.6217941161
2552,1.0,0.0,0.0,0.0,1.0,1.0,0.3179244445,0.2842933701,0.4305800627,0.6022105225,0.5830390192,0.6024845951
2553,1.0,0.0,0.0,0.0,1.0,1.0,0.3179243047,0.2789959899,0.4305799906,0.6077341805,0.5795051337,0.601265566
2554,1.0,0.0,0.0,0.0,1.0,1.0,0.3167246499,0.2789961936,0.4278169411,0.599999761,0.579505291,0.6012664173
2555,1.0,0.0,0.0,0.0,1.0,1.0,0.3162570393,0.2780139501,0.430069902,0.6077345787,0.5774647306,0.607594441
2556,1.0,0.0,0.0,0.0,1.0,1.0,0.3226818032,0.2868115618,0.4275741547,0.610810057,0.5774647248,0.6012271719
2557,1.0,0.0,0.0,0.0,1.0,1.0,0.3179243411,0.2807616937,0.4270649522,0.5966846008,0.5795052684,0.597484893
2558,1.0,0.0,0.0,0.0,1.0,1.0,0.3085993232,0.267581022,0.4298246505,0.5965906688,0.5815601447,0.6026479713
2559,1.0,0.0,0.0,0.0,1.0,1.0,0.3134138918,0.2762542636,0.4268293466,0.5999997625,0.5774648099,0.5987263748
2560,1.0,0.0,0.0,0.0,1.0,1.0,0.3122165284,0.2754645607,0.4240838041,0.6145248772,0.5795053797,0.6089744741
2561,1.0,0.0,0.0,0.0,1.0,1.0,0.3127626381,0.2807623364,0.4300699275,0.5977658693,0.5830388173,0.5911950867
2562,1.0,0.0,0.0,0.0,1.0,1.0,0.3180041507,0.2752846983,0.4300698452,0.6098908292,0.575438512,0.6242033079
2563,1.0,0.0,0.0,0.0,1.0,1.0,0.3185609667,0.2815328707,0.4290718618,0.5989011249,0.5774646769,0.5937490764
2564,1.0,0.0,0.0,0.0,1.0,1.0,0.3026477656,0.2578630647,0.4278168393,0.6046511628,0.580071127,0.6137931034
2565,1.0,0.0,0.0,0.0,1.0,1.0,0.2334603364,0.1176947738,0.447876458,0.4876029493,0.5250962592,0.4754091068
2566,1.0,0.0,0.0,0.0,1.0,1.0,0.2422314115,0.1144399715,0.4599235616,0.4881889002,0.5381680105,0.4666664391
2567,1.0,0.0,0.0,0.0,1.0,1.0,0.2154931819,0.1139070933,0.444237859,0.6293105943,0.5735292984,0.6935476775
2568,1.0,0.0,0.0,0.0,1.0,1.0,0.2547948097,0.1923386937,0.4201076488,0.6056336328,0.5611510791,0.6635518323
2569,1.0,0.0,0.0,0.0,1.0,1.0,0.2901608101,0.2418003982,0.4229389559,0.6049380934,0.5627238219,0.6222224672
2570,1.0,0.0,0.0,0.0,1.0,1.0,0.3106612251,0.2677075028,0.4227353734,0.5942855203,0.5642856007,0.6000005657
2571,1.0,0.0,0.0,0.0,1.0,1.0,0.3084695766,0.2658089104,0.4144621452,0.605714828,0.5638299255,0.5999994249
2572,1.0,0.0,0.0,0.0,1.0,1.0,0.3143120082,0.2746691737,0.4187278146,0.6067411454,0.5673760834,0.6129030496
2573,1.0,0.0,0.0,0.0,1.0,1.0,0.3149651148,0.2789960894,0.4154928253,0.6145245688,0.5653710247,0.6139244255
2574,1.0,0.0,0.0,0.0,1.0,1.0,0.3208734563,0.2868117388,0.4140350647,0.6065575496,0.5704226041,0.6073626799
2575,1.0,0.0,0.0,0.0,1.0,1.0,0.3196806278,0.2860593499,0.4165201103,0.6043959506,0.5724381599,0.6049389189
2576,1.0,0.0,0.0,0.0,1.0,1.0,0.3190457959,0.2832924409,0.4144620735,0.6132593043,0.5704224639,0.6149058953
2577,1.0,0.0,0.0,0.0,1.0,1.0,0.3184060888,0.2789961113,0.4336282624,0.5999995307,0.586572483,0.6075944968
2578,1.0,0.0,0.0,0.0,1.0,1.0,0.320808531,0.2815331322,0.4250440417,0.6043956299,0.5809860636,0.6187499669
2579,1.0,0.0,0.0,0.0,1.0,1.0,0.3243803565,0.2945722823,0.4280702567,0.6000004587,0.575438744,0.595237975
2580,1.0,0.0,0.0,0.0,1.0,1.0,0.3173665623,0.2850520535,0.4280701048,0.6077346963,0.5845068024,0.6049388388
2581,1.0,0.0,0.0,0.0,1.0,1.0,0.3249934478,0.2938500011,0.4230769555,0.6075265905,0.5774647144,0.6047908957
2582,1.0,0.0,0.0,0.0,1.0,1.0,0.3279416835,0.2952895278,0.4305554328,0.5978836692,0.5804196064,0.6035511804
2583,1.0,0.0,0.0,0.0,1.0,1.0,0.3354770674,0.3015860126,0.4353146053,0.5989577109,0.5894738646,0.5988370082
2584,1.0,0.0,0.0,0.0,1.0,1.0,0.3239090625,0.2897688926,0.4298093181,0.6149733353,0.5798609838,0.6227542539
2585,1.0,0.0,0.0,0.0,1.0,1.0,0.331412296,0.2967092304,0.432291595,0.6125650785,0.5902778194,0.6081879532
2586,1.0,0.0,0.0,0.0,1.0,1.0,0.3285363582,0.2977431292,0.4325259663,0.610526399,0.5888502055,0.6023391006
2587,1.0,0.0,0.0,0.0,1.0,1.0,0.3249503942,0.2984199523,0.4253074513,0.6054049513,0.5759717261,0.6094669636
2588,1.0,0.0,0.0,0.0,1.0,1.0,0.3238122702,0.2956093218,0.4290718704,0.6108109532,0.5774648465,0.6190474389
2589,1.0,0.0,0.0,0.0,1.0,1.0,0.3290416891,0.299477861,0.4260562443,0.6203210864,0.5780140803,0.6153848087
2590,1.0,0.0,0.0,0.0,1.0,1.0,0.3273129686,0.2980792706,0.4290718532,0.6096259347,0.5789474465,0.6058827923
2591,1.0,0.0,0.0,0.0,1.0,1.0,0.3278869809,0.2991286418,0.4280702255,0.6096258496,0.5774648777,0.5941173693
2592,1.0,0.0,0.0,0.0,1.0,1.0,0.3273126799,0.2956096917,0.4238179076,0.6042782081,0.5739436134,0.6011903861
2593,1.0,0.0,0.0,0.0,1.0,1.0,0.3225147845,0.2906175944,0.4343970974,0.6153839007,0.5851065543,0.6219513138
2594,1.0,0.0,0.0,0.0,1.0,1.0,0.3284383725,0.301250015,0.4363958198,0.6075277545,0.581560427,0.6176480452
2595,1.0,0.0,0.0,0.0,1.0,1.0,0.3313936784,0.3008882246,0.4175438266,0.6137572203,0.5669014736,0.6081866022
2596,1.0,0.0,0.0,0.0,1.0,1.0,0.3213751525,0.2926936248,0.4187279002,0.604394905,0.567857316,0.5975614924
2597,1.0,0.0,0.0,0.0,1.0,1.0,0.3284384552,0.2948883005,0.4275617997,0.6075270596,0.5759716202,0.6107779713
2598,1.0,0.0,0.0,0.0,1.0,1.0,0.3231936858,0.2931225273,0.4235501093,0.6032615493,0.575971645,0.5903609818
2599,1.0,0.0,0.0,0.0,1.0,1.0,0.3225712277,0.2913569787,0.4197531268,0.6010925418,0.568904628,0.6000002569
2600,1.0,0.0,0.0,0.0,1.0,1.0,0.3260589584,0.2923898497,0.4202127596,0.6032612777,0.5744679685,0.6060605303
2601,1.0,0.0,0.0,0.0,1.0,1.0,0.3207428497,0.2853018505,0.4219858186,0.6077351615,0.5709222374,0.6149061347
2602,1.0,0.0,0.0,0.0,1.0,1.0,0.3148684634,0.2837699895,0.4194690434,0.6123599043,0.5714283558,0.6163521176
2603,1.0,0.0,0.0,0.0,1.0,1.0,0.3243337334,0.2913569162,0.4215167078,0.6032611072,0.5759717143,0.5939401559
2604,1.0,0.0,0.0,0.0,1.0,1.0,0.3148681825,0.2827602522,0.4212390467,0.6067414787,0.5729538394,0.610062834
2605,1.0,0.0,0.0,0.0,1.0,1.0,0.327312759,0.2893120244,0.4238177874,0.6042774173,0.5754384616,0.5999994838
2606,1.0,0.0,0.0,0.0,1.0,1.0,0.3296404731,0.2928188432,0.4210526218,0.6063829069,0.5789474855,0.6107782005
2607,1.0,0.0,0.0,0.0,1.0,1.0,0.3220030763,0.2860591365,0.4225352401,0.6065575474,0.5759718699,0.6111107488
2608,1.0,0.0,0.0,0.0,1.0,1.0,0.3278871079,0.2928192562,0.4210527051,0.6149740823,0.5719298233,0.604790023
2609,1.0,0.0,0.0,0.0,1.0,1.0,0.3196092942,0.2825280523,0.422261434,0.6022097635,0.5759717645,0.6000002651
2610,1.0,0.0,0.0,0.0,1.0,1.0,0.3069712149,0.2677074637,0.4267857575,0.6104652595,0.5785713638,0.613332919
2611,1.0,0.0,0.0,0.0,1.0,1.0,0.2450736163,0.1230373059,0.4616858755,0.5390619094,0.5568181818,0.5692306199
2612,1.0,0.0,0.0,0.0,1.0,1.0,0.2338316836,0.1137425433,0.4566037389,0.5403239991,0.5522388472,0.5573767647
2613,1.0,0.0,0.0,0.0,1.0,1.0,0.2256201519,0.1077466449,0.4253729906,0.6446287936,0.5427510932,0.6724136042
2614,1.0,0.0,0.0,0.0,1.0,1.0,0.2666385257,0.1977314179,0.426497309,0.5918369697,0.5647481796,0.654544965
2615,1.0,0.0,0.0,0.0,1.0,1.0,0.293529715,0.2427214172,0.4144145022,0.6073617795,0.5678572605,0.6397050679
2616,1.0,0.0,0.0,0.0,1.0,1.0,0.3050359331,0.2569993673,0.4236983971,0.5999997516,0.5714285714,0.6180559119
2617,1.0,0.0,0.0,0.0,1.0,1.0,0.3050361976,0.261502903,0.4219030755,0.600000496,0.5663081206,0.6164381584
2618,1.0,0.0,0.0,0.0,1.0,1.0,0.3032420283,0.2579205478,0.4272889711,0.597633277,0.5734765231,0.6180552288
2619,1.0,0.0,0.0,0.0,1.0,1.0,0.3121000769,0.2694923926,0.424187705,0.601156244,0.5678573175,0.6026499604
2620,1.0,0.0,0.0,0.0,1.0,1.0,0.3115378211,0.2704582626,0.4234233941,0.5953757936,0.5663081318,0.6158940863
2621,1.0,0.0,0.0,0.0,1.0,1.0,0.3086247127,0.2650848377,0.4272890529,0.6046505895,0.5734769339,0.6216209634
2622,1.0,0.0,0.0,0.0,1.0,1.0,0.3110965414,0.2667549512,0.4221825409,0.6034483179,0.5693948876,0.6200008201
2623,1.0,0.0,0.0,0.0,1.0,1.0,0.3171133871,0.276631268,0.4171122766,0.6011234274,0.5678572257,0.6129034919
2624,1.0,0.0,0.0,0.0,1.0,1.0,0.3184839587,0.283292651,0.4119719001,0.6077351341,0.5598593118,0.6086954784
2625,1.0,0.0,0.0,0.0,1.0,1.0,0.3113307798,0.2693531199,0.4159292571,0.6079549045,0.5673760827,0.6118417257
2626,1.0,0.0,0.0,0.0,1.0,1.0,0.3184065401,0.2835295949,0.4123893966,0.6055549272,0.5602838926,0.6187500335
2627,1.0,0.0,0.0,0.0,1.0,1.0,0.3225713108,0.2868114796,0.4162256767,0.612021473,0.5669014178,0.6073614941
2628,1.0,0.0,0.0,0.0,1.0,1.0,0.3129922521,0.2764413025,0.42348757,0.6136360348,0.5744683011,0.6089737312
2629,1.0,0.0,0.0,0.0,1.0,1.0,0.3158950522,0.2720902942,0.4249999835,0.6045186772,0.5765124021,0.6143789589
2630,1.0,0.0,0.0,0.0,1.0,1.0,0.317027171,0.2794141864,0.4193548756,0.6101688801,0.5698923338,0.6153850352
2631,1.0,0.0,0.0,0.0,1.0,1.0,0.3147707099,0.2819856338,0.4145907166,0.6158188843,0.5642855819,0.6139246279
2632,1.0,0.0,0.0,0.0,1.0,1.0,0.3115378545,0.2752086022,0.4234233873,0.6069363028,0.5724637041,0.6184205753
2633,1.0,0.0,0.0,0.0,1.0,1.0,0.3147708664,0.2827604352,0.4234875779,0.6101699159,0.572953539,0.6037732092
2634,1.0,0.0,0.0,0.0,1.0,1.0,0.3177624334,0.2845384993,0.4262877941,0.6089380427,0.5800709271,0.5999997374
2635,1.0,0.0,0.0,0.0,1.0,1.0,0.314110321,0.2812048738,0.4303572172,0.6079547108,0.5770611182,0.6050952211
2636,1.0,0.0,0.0,0.0,1.0,1.0,0.3213753125,0.2906177716,0.4257950639,0.6098898859,0.5744683409,0.6097568543
2637,1.0,0.0,0.0,0.0,1.0,1.0,0.3184062763,0.2845389742,0.4176991134,0.6055552188,0.5729536889,0.5937501229
2638,1.0,0.0,0.0,0.0,1.0,1.0,0.3230879299,0.2923902255,0.4156304969,0.6098902058,0.5673759983,0.6000002568
2639,1.0,0.0,0.0,0.0,1.0,1.0,0.3267069647,0.2956099124,0.4200351955,0.6129034461,0.5739433668,0.6011902436
2640,1.0,0.0,0.0,0.0,1.0,1.0,0.3284386107,0.3001855893,0.4222615643,0.6075274005,0.5759718565,0.6058824468
2641,1.0,0.0,0.0,0.0,1.0,1.0,0.3302350161,0.3008882044,0.4195803906,0.613757287,0.5809860632,0.6140356937
2642,1.0,0.0,0.0,0.0,1.0,1.0,0.320808451,0.2938498413,0.4179893631,0.6098898495,0.5739435082,0.5988019502
2643,1.0,0.0,0.0,0.0,1.0,1.0,0.2967933236,0.2643449622,0.4150268074,0.6024091776,0.5615942821,0.6095885246
2644,1.0,0.0,0.0,0.0,1.0,1.0,0.2321540768,0.1298486673,0.4429133476,0.5,0.5275591372,0.4848480171
2645,1.0,0.0,0.0,0.0,1.0,1.0,0.2356249878,0.1258985995,0.4597248989,0.5249988589,0.5426357886,0.4923074929
2646,1.0,0.0,0.0,0.0,1.0,1.0,0.2214672057,0.1141684699,0.4337121668,0.6410257335,0.5468162724,0.6885242501
2647,1.0,0.0,0.0,0.0,1.0,1.0,0.2557984053,0.1780822179,0.4296161221,0.607143714,0.5745453394,0.6836740814
2648,1.0,0.0,0.0,0.0,1.0,1.0,0.2847872038,0.2345261985,0.4014336509,0.6037743096,0.5523465347,0.6384613515
2649,1.0,0.0,0.0,0.0,1.0,1.0,0.2906816072,0.244467495,0.4039497208,0.5925934605,0.5503597095,0.6176468764
2650,1.0,0.0,0.0,0.0,1.0,1.0,0.3003686604,0.2570506795,0.4114490488,0.595238457,0.5647480171,0.6083918581
2651,1.0,0.0,0.0,0.0,1.0,1.0,0.3026985284,0.2624433466,0.4157705553,0.6035495672,0.5611513048,0.6164390268
2652,1.0,0.0,0.0,0.0,1.0,1.0,0.3050360066,0.2678357449,0.4236984483,0.5999997517,0.5683453674,0.6107386352
2653,1.0,0.0,0.0,0.0,1.0,1.0,0.3128842419,0.275831714,0.4132379978,0.6000002447,0.5627240528,0.6168829273
2654,1.0,0.0,0.0,0.0,1.0,1.0,0.3087562633,0.2758317903,0.4124999236,0.6011554288,0.5627239305,0.6103893261
2655,1.0,0.0,0.0,0.0,1.0,1.0,0.3164601849,0.2804187118,0.4132378355,0.604519794,0.5575538743,0.6153852344
2656,1.0,0.0,0.0,0.0,1.0,1.0,0.3213123721,0.2865781214,0.4138544444,0.6022099193,0.5591396484,0.6062507084
2657,1.0,0.0,0.0,0.0,1.0,1.0,0.3128841684,0.2750265758,0.4114489296,0.6,0.557553808,0.6078425473
2658,1.0,0.0,0.0,0.0,1.0,1.0,0.316460192,0.2829964593,0.4150267902,0.6045194986,0.5663083964,0.6012655446
2659,1.0,0.0,0.0,0.0,1.0,1.0,0.3188948713,0.2847869836,0.417112307,0.6089389212,0.5663082815,0.6037741084
2660,1.0,0.0,0.0,0.0,1.0,1.0,0.325481927,0.2916521781,0.421238867,0.6086958032,0.5658362935,0.6036583386
2661,1.0,0.0,0.0,0.0,1.0,1.0,0.3171133,0.2858114592,0.420677345,0.6011235227,0.5683455218,0.59119501
2662,1.0,0.0,0.0,0.0,1.0,1.0,0.3165491879,0.2837701902,0.4110319911,0.6067414131,0.5607143826,0.5974846024
2663,1.0,0.0,0.0,0.0,1.0,1.0,0.3218239031,0.2901604018,0.4203936152,0.6055548266,0.5698925178,0.604937677
2664,1.0,0.0,0.0,0.0,1.0,1.0,0.3230337701,0.2883693706,0.4142856552,0.6022098676,0.5663081045,0.596273162
2665,1.0,0.0,0.0,0.0,1.0,1.0,0.3278024951,0.2973248021,0.41889494,0.6141301209,0.5663081004,0.6024099008
2666,1.0,0.0,0.0,0.0,1.0,1.0,0.3265680328,0.287609262,0.4236984465,0.6098898532,0.5683454144,0.6124997011
2667,1.0,0.0,0.0,0.0,1.0,1.0,0.3277450571,0.2922554341,0.423423483,0.6098901923,0.5667871745,0.611111471
2668,1.0,0.0,0.0,0.0,1.0,1.0,0.3271878056,0.2926937803,0.4186046666,0.6120212417,0.5642857577,0.5975607225
2669,1.0,0.0,0.0,0.0,1.0,1.0,0.3295650157,0.2937428162,0.4265233534,0.6032603051,0.5663081548,0.597561569
2670,1.0,0.0,0.0,0.0,1.0,1.0,0.3194644667,0.2847874021,0.4142856738,0.6089383096,0.5698925587,0.6100628847
2671,1.0,0.0,0.0,0.0,1.0,1.0,0.3319509654,0.2947995287,0.4236982545,0.6054053747,0.5719424257,0.6097560351
2672,1.0,0.0,0.0,0.0,1.0,1.0,0.3170274238,0.2829960149,0.41397849,0.6101700418,0.5627240048,0.6012655329
2673,1.0,0.0,0.0,0.0,1.0,1.0,0.2254954335,0.1249304028,0.4168259734,0.6186451646,0.5265154365,0.6060606061
2674,1.0,0.0,0.0,0.0,1.0,1.0,0.2454075259,0.120555232,0.473267362,0.4677425283,0.5408561377,0.435483386
2675,1.0,0.0,0.0,0.0,1.0,1.0,0.2387874557,0.1187079776,0.4547206461,0.5080644338,0.5402298108,0.4838711872
2676,1.0,0.0,0.0,0.0,1.0,1.0,0.2339516481,0.1184524655,0.4419475457,0.5999996652,0.5592591488,0.6718745403
2677,1.0,0.0,0.0,0.0,1.0,1.0,0.2503139426,0.1908025109,0.4210526214,0.601448248,0.5600001237,0.6571428571
2678,1.0,0.0,0.0,0.0,1.0,1.0,0.2775221484,0.2289628769,0.4246824945,0.6143795382,0.5636363987,0.6587303592
2679,1.0,0.0,0.0,0.0,1.0,1.0,0.3079362175,0.2688032374,0.4162162491,0.6023396152,0.5631768099,0.610738817
2680,1.0,0.0,0.0,0.0,1.0,1.0,0.3105411053,0.2768239665,0.4178571405,0.6091956375,0.5719425625,0.6168823574
2681,1.0,0.0,0.0,0.0,1.0,1.0,0.3153321713,0.2812048524,0.4153298672,0.6101699364,0.5627239886,0.6178342407
2682,1.0,0.0,0.0,0.0,1.0,1.0,0.318327574,0.2891241634,0.4181495096,0.597764511,0.5750001228,0.5987658757
2683,1.0,0.0,0.0,0.0,1.0,1.0,0.312774994,0.2688031036,0.4280575728,0.6091946055,0.5776171562,0.6241611691
2684,1.0,0.0,0.0,0.0,1.0,1.0,0.3108569894,0.2762093667,0.4249547454,0.60465051,0.5709092088,0.6250006905
2685,1.0,0.0,0.0,0.0,1.0,1.0,0.3157082691,0.277019246,0.4350180846,0.6057145552,0.5797101949,0.6143782715
2686,1.0,0.0,0.0,0.0,1.0,1.0,0.3156132386,0.2782326712,0.4264972604,0.6149423828,0.5714286264,0.625000519
2687,1.0,0.0,0.0,0.0,1.0,1.0,0.3199652095,0.2834781102,0.4190647393,0.6067408774,0.5636363986,0.6153835703
2688,1.0,0.0,0.0,0.0,1.0,1.0,0.320541681,0.2829964056,0.4216216123,0.6067412771,0.5698925798,0.6202527036
2689,1.0,0.0,0.0,0.0,1.0,1.0,0.3116539169,0.2724109631,0.413978463,0.6149432012,0.5631769948,0.6291399751
2690,1.0,0.0,0.0,0.0,1.0,1.0,0.3110965476,0.2714311087,0.4132378441,0.6149428693,0.5611509875,0.6225168672
2691,1.0,0.0,0.0,0.0,1.0,1.0,0.3057329658,0.2696334867,0.4150268311,0.6023391375,0.5719423148,0.6133328206
2692,1.0,0.0,0.0,0.0,1.0,1.0,0.2512361637,0.1857698904,0.3944954146,0.5985406073,0.527881038,0.670000359
2693,1.0,0.0,0.0,0.0,1.0,1.0,0.2343652881,0.1220248879,0.4418604559,0.5206610448,0.5310076671,0.5238087477
2694,1.0,0.0,0.0,0.0,1.0,1.0,0.2333326711,0.1119066835,0.4435797649,0.5500005322,0.5366795018,0.5689637454
2695,1.0,0.0,0.0,0.0,1.0,1.0,0.2304950644,0.1267950195,0.431001988,0.6229514747,0.5597014542,0.6911743162
2696,1.0,0.0,0.0,0.0,1.0,1.0,0.258282922,0.1890331331,0.419475709,0.6231888675,0.5580524961,0.6930687938
2697,1.0,0.0,0.0,0.0,1.0,1.0,0.2692221684,0.215746381,0.4206641933,0.6164387726,0.5719558001,0.6581198897
2698,1.0,0.0,0.0,0.0,1.0,1.0,0.2947072096,0.2470947213,0.4212454184,0.62111715,0.5682655908,0.6343284522
2699,1.0,0.0,0.0,0.0,1.0,1.0,0.2881941616,0.2377856741,0.4343808348,0.6089747436,0.5762081535,0.6640627857
2700,1.0,0.0,0.0,0.0,1.0,1.0,0.2879127653,0.2489315656,0.4220184696,0.6050960013,0.5650559563,0.6417913955
2701,1.0,0.0,0.0,0.0,1.0,1.0,0.2907466856,0.246158944,0.4090908747,0.6249993494,0.5555556412,0.6541347617
2702,1.0,0.0,0.0,0.0,1.0,1.0,0.2850396849,0.2397927987,0.4097473087,0.6139238138,0.5604396496,0.6564888572
2703,1.0,0.0,0.0,0.0,1.0,1.0,0.2790414544,0.2259768048,0.4105840151,0.6209159874,0.5588235633,0.6666672327
2704,1.0,0.0,0.0,0.0,1.0,1.0,0.2780262063,0.2313522122,0.4090908422,0.620914877,0.5592592107,0.6640007645
2705,1.0,0.0,0.0,0.0,1.0,1.0,0.274571847,0.2210661105,0.4047619395,0.6200004516,0.5613380877,0.6890756443
2706,1.0,0.0,0.0,0.0,1.0,1.0,0.261846374,0.2024891056,0.4077491286,0.612675946,0.5650557411,0.6880739052
2707,1.0,0.0,0.0,0.0,1.0,1.0,0.213188225,0.1283330744,0.4148727656,0.6422023298,0.5369649437,0.6212096076
2708,1.0,0.0,0.0,0.0,1.0,1.0,0.2518594001,0.1592735334,0.4420000202,0.4841275958,0.517928266,0.4374985776
2709,1.0,0.0,0.0,0.0,1.0,1.0,0.2513686061,0.1513099526,0.4527162685,0.4959993602,0.52589647,0.4473670216
2710,1.0,0.0,0.0,0.0,1.0,1.0,0.2234045576,0.1317093948,0.4450980351,0.6228068343,0.5465117352,0.6911747855
2711,1.0,0.0,0.0,0.0,1.0,1.0,0.2374154329,0.1583088741,0.4406129391,0.6532261118,0.5801524138,0.722892093
2712,1.0,0.0,0.0,0.0,1.0,1.0,0.2470104522,0.1748070354,0.4258554306,0.6384610243,0.5703420231,0.6847840859
2713,1.0,0.0,0.0,0.0,1.0,1.0,0.2564111632,0.1983911253,0.4325843579,0.6277363489,0.5805245399,0.7169822595
2714,1.0,0.0,0.0,0.0,1.0,1.0,0.2690085105,0.2117777636,0.4224298941,0.6458329646,0.572490564,0.7017537322
2715,1.0,0.0,0.0,0.0,1.0,1.0,0.2688665519,0.2125678146,0.419295073,0.6413790216,0.5634330199,0.7280714268
2716,1.0,0.0,0.0,0.0,1.0,1.0,0.2600776865,0.2006316189,0.4219330769,0.6499992454,0.5687729395,0.7222223309
2717,1.0,0.0,0.0,0.0,1.0,1.0,0.2642844672,0.2099198053,0.4171322215,0.6408451999,0.5724904494,0.725663819
2718,1.0,0.0,0.0,0.0,1.0,1.0,0.2693663633,0.2181618116,0.4256505556,0.6482755727,0.5820896188,0.7094008364
2719,1.0,0.0,0.0,0.0,1.0,1.0,0.2703713568,0.2208505357,0.4197760572,0.6482762086,0.5767790974,0.7288131471
2720,1.0,0.0,0.0,0.0,1.0,1.0,0.2686466724,0.2160443822,0.4191729099,0.6433565088,0.582707021,0.7130432863
2721,1.0,0.0,0.0,0.0,1.0,1.0,0.2657689174,0.2208505226,0.4138575577,0.6408443585,0.5767792863,0.7288133373
2722,1.0,0.0,0.0,0.0,1.0,1.0,0.266768524,0.2252529591,0.4097743697,0.6478877054,0.5719695867,0.7058812967
2723,1.0,0.0,0.0,0.0,1.0,1.0,0.2658893775,0.2149740678,0.4188679583,0.6524812615,0.5811320094,0.7280705975
2724,1.0,0.0,0.0,0.0,1.0,1.0,0.208718673,0.1505180401,0.4297188532,0.615385269,0.5381524716,0.6266665096
2725,1.0,0.0,0.0,0.0,1.0,1.0,0.2403466306,0.1739025678,0.4549098853,0.466666073,0.5439998154,0.4367808468
2726,1.0,0.0,0.0,0.0,1.0,1.0,0.2272375894,0.1685567313,0.4627767706,0.5309728288,0.5634921987,0.5294135489
2727,1.0,0.0,0.0,0.0,1.0,1.0,0.2247268914,0.1536105684,0.473372788,0.6666660346,0.6147861133,0.7468353391
2728,1.0,0.0,0.0,0.0,1.0,1.0,0.2407834387,0.1703595641,0.4493308755,0.6666666667,0.6060606807,0.7111113254
2729,1.0,0.0,0.0,0.0,1.0,1.0,0.260405213,0.2131161168,0.4403669605,0.6338032071,0.5955880729,0.7068955122
2730,1.0,0.0,0.0,0.0,1.0,1.0,0.2644508758,0.2198773547,0.4270072176,0.6344823122,0.5818184849,0.7024793971
2731,1.0,0.0,0.0,0.0,1.0,1.0,0.2585076927,0.2089740497,0.4262295614,0.6408457567,0.5854543411,0.7043487908
2732,1.0,0.0,0.0,0.0,1.0,1.0,0.2765180957,0.2335655687,0.4321880697,0.6405226729,0.5942030685,0.6976734845
2733,1.0,0.0,0.0,0.0,1.0,1.0,0.2770195603,0.2335650053,0.4257245423,0.6405228303,0.5833332691,0.6899224294
2734,1.0,0.0,0.0,0.0,1.0,1.0,0.2735698762,0.2243272143,0.4215327868,0.6333341877,0.5766423528,0.6910567553
2735,1.0,0.0,0.0,0.0,1.0,1.0,0.2735699823,0.2269797258,0.4197079576,0.6466671278,0.571428628,0.7096773631
2736,1.0,0.0,0.0,0.0,1.0,1.0,0.2699222985,0.219080704,0.4233576982,0.6351354594,0.579710174,0.6942149367
2737,1.0,0.0,0.0,0.0,1.0,1.0,0.2738944124,0.2325975382,0.4246822985,0.6357619125,0.581818461,0.6796884125
2738,1.0,0.0,0.0,0.0,1.0,1.0,0.2648250019,0.2180601118,0.4210526367,0.6369860681,0.5818183176,0.7000007208
2739,1.0,0.0,0.0,0.0,1.0,1.0,0.2679661204,0.2208910594,0.4221014446,0.6418921204,0.5760869094,0.7131159239
2740,1.0,0.0,0.0,0.0,1.0,1.0,0.270266675,0.2227017958,0.4192376459,0.6375843246,0.5797100935,0.7073161224
2741,1.0,0.0,0.0,0.0,1.0,1.0,0.2720806093,0.2353756609,0.4192377751,0.6333338535,0.5797102622,0.6923076923
2742,1.0,0.0,0.0,0.0,1.0,1.0,0.2803536425,0.2435004225,0.4225865914,0.6233769715,0.5854547177,0.6791042477
2743,1.0,0.0,0.0,0.0,1.0,1.0,0.2765184911,0.2353758207,0.4231464425,0.6339867989,0.5833330401,0.684615538
2744,1.0,0.0,0.0,0.0,1.0,1.0,0.2868437661,0.2453503807,0.4296028148,0.6226407352,0.5884475602,0.6764707248
2745,1.0,0.0,0.0,0.0,1.0,1.0,0.273398033,0.2335651059,0.4239130142,0.6423837866,0.5833334665,0.689923369
2746,1.0,0.0,0.0,0.0,1.0,1.0,0.2719202402,0.236330137,0.421621565,0.6423846307,0.5848376216,0.6870230148
2747,1.0,0.0,0.0,0.0,1.0,1.0,0.2335144176,0.194647954,0.4093458134,0.6240004172,0.5430710453,0.6634621814
2748,1.0,0.0,0.0,0.0,1.0,1.0,0.2337402537,0.1858958575,0.4838708698,0.4655172414,0.5600000517,0.4086026236
2749,1.0,0.0,0.0,0.0,1.0,1.0,0.2368155907,0.1978895807,0.4738955898,0.4491528226,0.5559999245,0.3939387024
2750,1.0,0.0,0.0,0.0,1.0,1.0,0.2018102085,0.1397686433,0.4442307413,0.647619802,0.5708812742,0.6986291923
2751,1.0,0.0,0.0,0.0,1.0,1.0,0.2250651881,0.1571094872,0.4389312298,0.6694910266,0.583333573,0.7228911566
2752,1.0,0.0,0.0,0.0,1.0,1.0,0.2358235822,0.1897436022,0.4307116564,0.6269843435,0.5827068458,0.6831673061
2753,1.0,0.0,0.0,0.0,1.0,1.0,0.2590468286,0.2131162469,0.4393383292,0.6312059826,0.5992645148,0.698275585
2754,1.0,0.0,0.0,0.0,1.0,1.0,0.2580978247,0.2105050034,0.4322344113,0.6453897628,0.5934066462,0.7130432466
2755,1.0,0.0,0.0,0.0,1.0,1.0,0.2685888202,0.2288097154,0.4369288526,0.6258509686,0.6007323261,0.6959991736
2756,1.0,0.0,0.0,0.0,1.0,1.0,0.2799155554,0.2507623923,0.4344704376,0.6410258196,0.6064981695,0.6762591053
2757,1.0,0.0,0.0,0.0,1.0,1.0,0.2593148551,0.2253288369,0.4234235374,0.6319446737,0.5890910148,0.7096765198
2758,1.0,0.0,0.0,0.0,1.0,1.0,0.2632940238,0.2335652007,0.4121862983,0.6394556595,0.5833335002,0.7131785338
2759,1.0,0.0,0.0,0.0,1.0,1.0,0.2717622539,0.2399383307,0.4186046061,0.6447361515,0.5884477351,0.7067664405
2760,1.0,0.0,0.0,0.0,1.0,1.0,0.2655610143,0.2353756996,0.4183124748,0.6486481712,0.5869565046,0.7000013407
2761,1.0,0.0,0.0,0.0,1.0,1.0,0.2571029279,0.2269795455,0.4130435123,0.6338024737,0.5824175085,0.7096785446
2762,1.0,0.0,0.0,0.0,1.0,1.0,0.2597828936,0.2325975719,0.42238268,0.652777125,0.5963638802,0.7031253731
2763,1.0,0.0,0.0,0.0,1.0,1.0,0.2615871324,0.2271460577,0.4296029403,0.64827629,0.596363532,0.7120003652
2764,1.0,0.0,0.0,0.0,1.0,1.0,0.2489451485,0.2167905656,0.4304030032,0.6470592049,0.5919118019,0.6949145577
2765,1.0,0.0,0.0,0.0,1.0,1.0,0.2145918545,0.2055302296,0.4194831664,0.472222997,0.5080644847,0.4313726731
2766,1.0,0.0,0.0,0.0,1.0,1.0,0.2177003462,0.1903699559,0.4178217537,0.4727285437,0.515872952,0.4270845153
2767,1.0,0.0,0.0,0.0,1.0,1.0,0.1858059982,0.1491414231,0.4500978271,0.6315784779,0.565891387,0.6493509709
2768,1.0,0.0,0.0,0.0,1.0,1.0,0.2214675281,0.1728355072,0.4204545908,0.6495716552,0.5751880081,0.6847833235
2769,1.0,0.0,0.0,0.0,1.0,1.0,0.2420666698,0.2006181321,0.4366973017,0.6363649979,0.6058392055,0.6999994009
2770,1.0,0.0,0.0,0.0,1.0,1.0,0.2484798166,0.2083706169,0.4180478023,0.6444441199,0.5793357591,0.6991159364
2771,1.0,0.0,0.0,0.0,1.0,1.0,0.2608031613,0.2269795553,0.4197080252,0.6433568987,0.5860806882,0.6935480758
2772,1.0,0.0,0.0,0.0,1.0,1.0,0.2657898325,0.2297988501,0.4244079596,0.6369869088,0.598540257,0.7142857143
2773,1.0,0.0,0.0,0.0,1.0,1.0,0.2757082358,0.2425654843,0.415607941,0.6447366311,0.583941535,0.6842103509
2774,1.0,0.0,0.0,0.0,1.0,1.0,0.2762095067,0.2416833667,0.4272726417,0.6381582762,0.5927271126,0.6917294977
2775,1.0,0.0,0.0,0.0,1.0,1.0,0.2663952548,0.2324711636,0.4136029929,0.6413789411,0.5824173236,0.6929121481
2776,1.0,0.0,0.0,0.0,1.0,1.0,0.2702662434,0.2371864458,0.4156081055,0.6510073122,0.586956758,0.6793901032
2777,1.0,0.0,0.0,0.0,1.0,1.0,0.2676099202,0.233446423,0.4225864765,0.6394558324,0.5912407319,0.6953112452
2778,1.0,0.0,0.0,0.0,1.0,1.0,0.2167694287,0.1691069245,0.4280229137,0.6283178472,0.5703422022,0.6629216453
2779,1.0,0.0,0.0,0.0,1.0,1.0,0.2227555249,0.1947730701,0.4358974634,0.4424770932,0.5236221381,0.3838380734
2780,1.0,0.0,0.0,0.0,1.0,1.0,0.2277705687,0.1963188696,0.4361492802,0.4310344212,0.5277775951,0.3838392085
2781,1.0,0.0,0.0,0.0,1.0,1.0,0.2002736188,0.1704029237,0.4335259666,0.6153843012,0.5632181852,0.5955053499
2782,1.0,0.0,0.0,0.0,1.0,1.0,0.2059919341,0.1621738247,0.4332061752,0.6759249164,0.5886792532,0.7209299923
2783,1.0,0.0,0.0,0.0,1.0,1.0,0.2320799713,0.1857698936,0.4213482854,0.6612898975,0.5910778939,0.7299995207
2784,1.0,0.0,0.0,0.0,1.0,1.0,0.2521446884,0.2064064566,0.4296160214,0.6376807188,0.6123188971,0.7192987893
2785,1.0,0.0,0.0,0.0,1.0,1.0,0.2576831871,0.2204650355,0.4254143941,0.6357137379,0.606617328,0.7166653544
2786,1.0,0.0,0.0,0.0,1.0,1.0,0.2632045329,0.2269794469,0.4180477631,0.643356901,0.6007326493,0.7338701826
2787,1.0,0.0,0.0,0.0,1.0,1.0,0.2622389108,0.2233182985,0.4110092219,0.6503493654,0.5897436809,0.7131146961
2788,1.0,0.0,0.0,0.0,1.0,1.0,0.2623303241,0.2196576525,0.4251387329,0.6408443958,0.6007325978,0.733333699
2789,1.0,0.0,0.0,0.0,1.0,1.0,0.2600024045,0.214953318,0.4132840734,0.6312064684,0.5845588861,0.7264962343
2790,1.0,0.0,0.0,0.0,1.0,1.0,0.2590463931,0.2196577805,0.4080881656,0.6453902718,0.5897435689,0.7333325938
2791,1.0,0.0,0.0,0.0,1.0,1.0,0.259523567,0.2188559926,0.4088398335,0.6453905661,0.5875911928,0.7250010483
2792,1.0,0.0,0.0,0.0,1.0,1.0,0.249860255,0.2097367585,0.4062499425,0.6397065565,0.5875909504,0.7217400227
2793,1.0,0.0,0.0,0.0,1.0,1.0,0.2058852178,0.1871465446,0.4420000505,0.5436886377,0.5498007884,0.5212769092
2794,1.0,0.0,0.0,0.0,1.0,1.0,0.2159891945,0.1963884114,0.4499016916,0.4636367757,0.5564199647,0.4257414339
2795,1.0,0.0,0.0,0.0,1.0,1.0,0.2038077368,0.1886105413,0.4490196663,0.5096137652,0.5603114797,0.5051559245
2796,1.0,0.0,0.0,0.0,1.0,1.0,0.1843076541,0.1672066507,0.4182508869,0.6907223982,0.5665397617,0.7272734096
2797,1.0,0.0,0.0,0.0,1.0,1.0,0.2039677876,0.183912274,0.3840445643,0.7181814765,0.5576210868,0.7373741148
2798,1.0,0.0,0.0,0.0,1.0,1.0,0.2116680144,0.1976509604,0.4198895476,0.6695656061,0.5895523414,0.7264145971
2799,1.0,0.0,0.0,0.0,1.0,1.0,0.2145492,0.2092691668,0.4132379994,0.658333272,0.5920578106,0.6982759113
2800,1.0,0.0,0.0,0.0,1.0,1.0,0.2165752028,0.2157068005,0.4049733635,0.6721317714,0.5935249568,0.6833340089
2801,1.0,0.0,0.0,0.0,1.0,1.0,0.2145491834,0.2180600397,0.4025044479,0.6833334239,0.5927271837,0.6916677085
2802,1.0,0.0,0.0,0.0,1.0,1.0,0.2268237399,0.2246944598,0.4078012997,0.6718748123,0.593525079,0.7039998594
2803,1.0,0.0,0.0,0.0,1.0,1.0,0.220125503,0.2237019408,0.4120781271,0.6693555288,0.6028882493,0.6935487034
2804,1.0,0.0,0.0,0.0,1.0,1.0,0.2236760698,0.2245126254,0.4191829253,0.6587306631,0.6014493407,0.6774188482
2805,1.0,0.0,0.0,0.0,1.0,1.0,0.1559820929,0.2124801024,0.44315989,0.5925915109,0.5472440345,0.5370377008
2806,1.0,0.0,0.0,0.0,1.0,1.0,0.194547891,0.2257424883,0.444656561,0.4509815346,0.5521236533,0.4273500397
2807,1.0,0.0,0.0,0.0,1.0,1.0,0.1940663228,0.20143808,0.4679611141,0.5,0.581395495,0.471153466
2808,1.0,0.0,0.0,0.0,1.0,1.0,0.1825900581,0.1779310752,0.5000001013,0.663158712,0.6401515227,0.6702119312
2809,1.0,0.0,0.0,0.0,1.0,1.0,0.204165993,0.1672142605,0.484435904,0.6666666667,0.6269230959,0.7586212838
2810,1.0,0.0,0.0,0.0,1.0,1.0,0.2280728659,0.1922000243,0.4285713725,0.6585370887,0.6117214912,0.7142868654
2811,1.0,0.0,0.0,0.0,1.0,1.0,0.2329525229,0.1862428379,0.4248119894,0.6451608338,0.5977857928,0.7128707925
2812,1.0,0.0,0.0,0.0,1.0,1.0,0.2420093857,0.2031830392,0.4306839513,0.6412210315,0.6153844971,0.7117124273
2813,1.0,0.0,0.0,0.0,1.0,1.0,0.2359274491,0.1962541663,0.4275092338,0.6535424393,0.6109091188,0.7129618201
2814,1.0,0.0,0.0,0.0,1.0,1.0,0.2479955641,0.2006181332,0.4384329321,0.639097843,0.6167884431,0.7181822326
2815,1.0,0.0,0.0,0.0,1.0,1.0,0.2526470721,0.2089744935,0.4275093399,0.6250004098,0.6145455532,0.7043471518
2816,1.0,0.0,0.0,0.0,1.0,1.0,0.2357175588,0.1869326706,0.433962241,0.6639999722,0.6074075355,0.7227714466
2817,1.0,0.0,0.0,0.0,1.0,1.0,0.2190010396,0.2061107669,0.4820717106,0.4818181107,0.5914395081,0.4339631444
2818,1.0,0.0,0.0,0.0,1.0,1.0,0.2288349264,0.2064480449,0.4540118788,0.3931621049,0.5675674159,0.3271028582
2819,1.0,0.0,0.0,0.0,1.0,1.0,0.2138884277,0.1883566129,0.4435799019,0.4909089843,0.5769230293,0.4693863226
2820,1.0,0.0,0.0,0.0,1.0,1.0,0.1885739014,0.159762109,0.4490566787,0.6800018049,0.6096657287,0.7325582848
2821,1.0,0.0,0.0,0.0,1.0,1.0,0.2125680212,0.1807107621,0.4216418181,0.6842094124,0.5977862197,0.7346931467
2822,1.0,0.0,0.0,0.0,1.0,1.0,0.2202159394,0.1906345392,0.4237287441,0.6752140251,0.6074075775,0.7184467661
2823,1.0,0.0,0.0,0.0,1.0,1.0,0.2252001424,0.2020932033,0.4264432479,0.652893232,0.6066176368,0.6909085504
2824,1.0,0.0,0.0,0.0,1.0,1.0,0.2262186647,0.2028385843,0.4304266289,0.6639340789,0.619926255,0.7181811951
2825,1.0,0.0,0.0,0.0,1.0,1.0,0.2270614091,0.2017392821,0.4320296914,0.6475414525,0.6074074881,0.7064226608
2826,1.0,0.0,0.0,0.0,1.0,1.0,0.2227118919,0.2020931565,0.4272559256,0.6528930412,0.6102942239,0.7
2827,1.0,0.0,0.0,0.0,1.0,1.0,0.225976964,0.2057675174,0.4246323748,0.6422763508,0.6029409412,0.6964296819
2828,1.0,0.0,0.0,0.0,1.0,1.0,0.2273959006,0.2050139469,0.4220183849,0.6532247538,0.6043954698,0.7142848885
2829,1.0,0.0,0.0,0.0,1.0,1.0,0.2286545368,0.2076045811,0.4169742248,0.6532266204,0.6102940593,0.707963892
2830,1.0,0.0,0.0,0.0,1.0,1.0,0.232175284,0.2216944626,0.4137930474,0.65625,0.6,0.7049180328
2831,1.0,0.0,0.0,0.0,1.0,1.0,0.2216875516,0.2076046009,0.4269869847,0.6583339452,0.6066177298,0.7168146979
2832,1.0,0.0,0.0,0.0,1.0,1.0,0.2273961467,0.2159962686,0.4128439907,0.6532250532,0.6043955297,0.6949162901
2833,1.0,0.0,0.0,0.0,1.0,1.0,0.1910131251,0.2180252048,0.4749035511,0.4747476286,0.6023167259,0.4601765019
2834,1.0,0.0,0.0,0.0,1.0,1.0,0.2080548333,0.2246805977,0.4766536679,0.3831767322,0.5775193462,0.370689671
2835,1.0,0.0,0.0,0.0,1.0,1.0,0.1723840601,0.2037323316,0.4767440375,0.5617989255,0.6076925324,0.5000009958
2836,1.0,0.0,0.0,0.0,1.0,1.0,0.1577068813,0.1824079444,0.4676804685,0.6746993818,0.6235742275,0.6874993076
2837,1.0,0.0,0.0,0.0,1.0,1.0,0.1850815316,0.202838546,0.4481480968,0.680000085,0.6199262166,0.7181811512
2838,1.0,0.0,0.0,0.0,1.0,1.0,0.1969437521,0.2083706776,0.4493554409,0.6542060276,0.6236162466,0.6814144909
2839,1.0,0.0,0.0,0.0,1.0,1.0,0.200252311,0.2060894832,0.4408015442,0.6727269836,0.6240874966,0.707964499
2840,1.0,0.0,0.0,0.0,1.0,1.0,0.2097369889,0.2105053148,0.4251824584,0.6782603437,0.608058525,0.7043480069
2841,1.0,0.0,0.0,0.0,1.0,1.0,0.213384553,0.2186282416,0.4324818083,0.6752123318,0.6176468341,0.6974790225
2842,1.0,0.0,0.0,0.0,1.0,1.0,0.214816562,0.2233183477,0.4207650579,0.6864411517,0.60805881,0.704917826
2843,1.0,0.0,0.0,0.0,1.0,1.0,0.2133844218,0.2198773809,0.4343065846,0.6837622161,0.621818036,0.7024801
2844,1.0,0.0,0.0,0.0,1.0,1.0,0.2086744549,0.2178271722,0.4212453777,0.6929830155,0.6117214625,0.705883333
2845,1.0,0.0,0.0,0.0,1.0,1.0,0.2133842924,0.2188558839,0.4343064711,0.6923091574,0.6167885303,0.7166663881
2846,1.0,0.0,0.0,0.0,1.0,1.0,0.2141658344,0.215208103,0.4395604551,0.6752134499,0.6240873053,0.7033890552
2847,1.0,0.0,0.0,0.0,1.0,1.0,0.2204651469,0.2278141695,0.4448529126,0.6666666667,0.6249997479,0.6854847133
2848,1.0,0.0,0.0,0.0,1.0,1.0,0.2013663354,0.2141662832,0.4436228895,0.6788991008,0.6165414908,0.7017550513
2849,1.0,0.0,0.0,0.0,1.0,1.0,0.1430573897,0.2231956336,0.4862743597,0.5205465798,0.5928854223,0.486726552
2850,1.0,0.0,0.0,0.0,1.0,1.0,0.1573922753,0.2350466169,0.4881888722,0.4250007336,0.5889329179,0.4201674946
2851,1.0,0.0,0.0,0.0,1.0,1.0,0.1375904197,0.2041658696,0.443594641,0.583332054,0.5680933334,0.5619057244
2852,1.0,0.0,0.0,0.0,1.0,1.0,0.1467582779,0.1953795614,0.4330853937,0.7594934595,0.5977445115,0.7403837616
2853,1.0,0.0,0.0,0.0,1.0,1.0,0.1736553544,0.2066516454,0.4473197277,0.680851716,0.6090225157,0.718181635
2854,1.0,0.0,0.0,0.0,1.0,1.0,0.2106933717,0.2223023681,0.4468468523,0.6752135599,0.6213235203,0.6859499665
2855,1.0,0.0,0.0,0.0,1.0,1.0,0.1991638991,0.2241392269,0.4402173782,0.6999997979,0.6176472991,0.7131154711
2856,1.0,0.0,0.0,0.0,1.0,1.0,0.2070275931,0.2159965181,0.4285714569,0.6982753171,0.6080588673,0.7033905327
2857,1.0,0.0,0.0,0.0,1.0,1.0,0.2091853315,0.2289632854,0.4329158541,0.6923089972,0.6254545149,0.6984119206
2858,1.0,0.0,0.0,0.0,1.0,1.0,0.1919217227,0.2157467171,0.4456522493,0.6981128911,0.6236162649,0.7264955966
2859,1.0,0.0,0.0,0.0,1.0,1.0,0.1504107173,0.2276952068,0.4990098874,0.5131585155,0.5967742347,0.4867264566
2860,1.0,0.0,0.0,0.0,1.0,1.0,0.144986532,0.2341212967,0.4912959397,0.4666660857,0.5944883138,0.4621848278
2861,1.0,0.0,0.0,0.0,1.0,1.0,0.1438591045,0.2002774984,0.4337121975,0.6184228332,0.552528971,0.6019409019
2862,1.0,0.0,0.0,0.0,1.0,1.0,0.1454409338,0.1983625067,0.4347014315,0.7692305516,0.5877862435,0.7115378901
2863,1.0,0.0,0.0,0.0,1.0,1.0,0.1599108701,0.206651722,0.4236363241,0.7272722671,0.5864659829,0.7272712546
2864,1.0,0.0,0.0,0.0,1.0,1.0,0.2076995446,0.2278136484,0.4280639961,0.709402233,0.5955885318,0.6935479792
2865,1.0,0.0,0.0,0.0,1.0,1.0,0.2142917998,0.2327218641,0.4358523991,0.6885233016,0.610108312,0.6821712395
2866,1.0,0.0,0.0,0.0,1.0,1.0,0.2195610551,0.2371862236,0.4376098597,0.6959995165,0.6123189922,0.6793902971
2867,1.0,0.0,0.0,0.0,1.0,1.0,0.2250515948,0.2416235015,0.4290781014,0.6929141324,0.5970696644,0.6666666667
2868,1.0,0.0,0.0,0.0,1.0,1.0,0.2201258471,0.2389174877,0.413854349,0.6854840088,0.5766422737,0.6641220386
2869,1.0,0.0,0.0,0.0,1.0,1.0,0.2244735612,0.2425653697,0.4260249602,0.6984137296,0.5875911405,0.6691726523
2870,1.0,0.0,0.0,0.0,1.0,1.0,0.2201259423,0.2370936283,0.4191828921,0.7016121237,0.5839417152,0.6846152795
2871,1.0,0.0,0.0,0.0,1.0,1.0,0.2298366596,0.2453824636,0.4094076768,0.6893930932,0.5806451366,0.6788320143
2872,1.0,0.0,0.0,0.0,1.0,1.0,0.2368920417,0.2480881817,0.3979238318,0.6715320469,0.5744680933,0.6714277944
2873,1.0,0.0,0.0,0.0,1.0,1.0,0.2325087088,0.239228057,0.3975693802,0.6716425883,0.5709222979,0.6666666667
2874,1.0,0.0,0.0,0.0,1.0,1.0,0.2472845033,0.2489958527,0.4054982536,0.6527782597,0.5778547064,0.645832799
2875,1.0,0.0,0.0,0.0,1.0,1.0,0.238698125,0.2454767781,0.386597987,0.6690658258,0.5614036526,0.6571436376
2876,1.0,0.0,0.0,0.0,1.0,1.0,0.2455966226,0.2472665124,0.3924914107,0.6597220187,0.5709343345,0.6503493245
2877,1.0,0.0,0.0,0.0,1.0,1.0,0.2575353878,0.255912264,0.3907849494,0.6423849521,0.581314812,0.6621618218
2878,1.0,0.0,0.0,0.0,1.0,1.0,0.2519888712,0.2515955169,0.390119174,0.6486488884,0.5729166034,0.6551729341
2879,1.0,0.0,0.0,0.0,1.0,1.0,0.2554320496,0.2576958108,0.3979417115,0.6442960439,0.5818815304,0.6418924533
2880,1.0,0.0,0.0,0.0,1.0,1.0,0.2533307759,0.255997091,0.395833269,0.6438358392,0.5754384611,0.6438353127
2881,1.0,0.0,0.0,0.0,1.0,1.0,0.2601998044,0.2611781501,0.4034483564,0.6357609828,0.5853660464,0.64
2882,1.0,0.0,0.0,0.0,1.0,1.0,0.2580314719,0.262177673,0.4010328337,0.6466664395,0.584506942,0.6375842092
2883,1.0,0.0,0.0,0.0,1.0,1.0,0.2558708322,0.2620915072,0.4020617606,0.6510058314,0.5769231058,0.6666666667
2884,1.0,0.0,0.0,0.0,1.0,1.0,0.2619224533,0.2585968331,0.4189655187,0.6315789474,0.5769230192,0.6486481784
2885,1.0,0.0,0.0,0.0,1.0,1.0,0.2645580277,0.2603443674,0.4117647824,0.6339869097,0.5664335822,0.6510058888
2886,1.0,0.0,0.0,0.0,1.0,1.0,0.2674320304,0.2655862892,0.411663799,0.6282042578,0.5629373376,0.6447364305
2887,1.0,0.0,0.0,0.0,1.0,1.0,0.2614719081,0.2611781418,0.4148021968,0.6381573844,0.5679441117,0.653334267
2888,1.0,0.0,0.0,0.0,1.0,1.0,0.2608712871,0.2644571129,0.4084746732,0.6363643995,0.5635738514,0.6558433291
2889,1.0,0.0,0.0,0.0,1.0,1.0,0.2638123232,0.2635516395,0.4196278442,0.64102582,0.5719178606,0.6428573449
2890,1.0,0.0,0.0,0.0,1.0,1.0,0.2605017551,0.261922398,0.4105622673,0.6470590734,0.5620689732,0.6578947368
2891,1.0,0.0,0.0,0.0,1.0,1.0,0.2690151713,0.2714744589,0.4122658372,0.639240394,0.5640138421,0.6624212748
2892,1.0,0.0,0.0,0.0,1.0,1.0,0.1722556296,0.1823798961,0.4147216754,0.6354178626,0.5328464416,0.5999987283
2893,1.0,0.0,0.0,0.0,1.0,1.0,0.1472475536,0.213635452,0.4475138296,0.3750010042,0.5353159304,0.3652180392
2894,1.0,0.0,0.0,0.0,1.0,1.0,0.1342263366,0.1612003799,0.4464610352,0.6081081858,0.5663080212,0.5777769375
2895,1.0,0.0,0.0,0.0,1.0,1.0,0.1850147145,0.1862758552,0.3466423397,0.6764702897,0.4838708122,0.6346143508
2896,1.0,0.0,0.0,0.0,1.0,1.0,0.2218942247,0.2171930903,0.3339450254,0.6942148181,0.4876323793,0.6585368375
2897,1.0,0.0,0.0,0.0,1.0,1.0,0.2700697543,0.245477233,0.3235293311,0.6530612837,0.4736844271,0.6785717007
2898,1.0,0.0,0.0,0.0,1.0,1.0,0.2826886612,0.2413032605,0.3120437937,0.6516134838,0.4726028066,0.6737590247
2899,1.0,0.0,0.0,0.0,1.0,1.0,0.2951248907,0.2548914273,0.3387681007,0.6503067241,0.500000181,0.6513156119
2900,1.0,0.0,0.0,0.0,1.0,1.0,0.2855546251,0.2523508979,0.3333332675,0.6540886683,0.4983388449,0.6447372993
2901,1.0,0.0,0.0,0.0,1.0,1.0,0.2847921111,0.2473866101,0.3285841362,0.6562490687,0.4950495368,0.6666657034
2902,1.0,0.0,0.0,0.0,1.0,1.0,0.2865717901,0.2490358004,0.3268031291,0.6521736778,0.4884486445,0.6357615799
2903,1.0,0.0,0.0,0.0,1.0,1.0,0.291651944,0.2564795501,0.3327402625,0.6524400523,0.4933774846,0.632258238
2904,1.0,0.0,0.0,0.0,1.0,1.0,0.2878830039,0.2481948004,0.3315217889,0.6352205559,0.4866666063,0.6375840983
2905,1.0,0.0,0.0,0.0,1.0,1.0,0.2916904506,0.2523181288,0.3375111903,0.6503060816,0.5081969999,0.6428574435
2906,1.0,0.0,0.0,0.0,1.0,1.0,0.2927386968,0.2580258608,0.3423180168,0.6441725066,0.5130718943,0.6265817066
2907,1.0,0.0,0.0,0.0,1.0,1.0,0.3007332702,0.2563928061,0.3477477329,0.6467062659,0.5163399438,0.6433121196
2908,1.0,0.0,0.0,0.0,1.0,1.0,0.3018203123,0.2539298551,0.3453887674,0.628742592,0.5146579497,0.6282048457
2909,1.0,0.0,0.0,0.0,1.0,1.0,0.2949173079,0.2481946129,0.3078324226,0.6419755944,0.47,0.6375841708
2910,1.0,0.0,0.0,0.0,1.0,1.0,0.2975506403,0.2506904439,0.3223743466,0.6441714799,0.4817277205,0.6423842473
2911,1.0,0.0,0.0,0.0,1.0,1.0,0.3086513702,0.2556711193,0.3235293941,0.6250004855,0.4817276671,0.6363642783
2912,1.0,0.0,0.0,0.0,1.0,1.0,0.2968094374,0.2448964725,0.3088909878,0.6481479527,0.4701989073,0.6486488438
2913,1.0,0.0,0.0,0.0,1.0,1.0,0.2866116908,0.2330911982,0.3209990698,0.6451608431,0.4798658323,0.6402874917
2914,1.0,0.0,0.0,0.0,1.0,1.0,0.2478930003,0.1430238162,0.4645668929,0.5158737845,0.5758621113,0.5180719054
2915,1.0,0.0,0.0,0.0,1.0,1.0,0.2397874644,0.1504353315,0.4631268207,0.5,0.5709341652,0.4942516087
2916,1.0,0.0,0.0,0.0,1.0,1.0,0.2161469912,0.1223805294,0.4392345035,0.6371683904,0.5782313391,0.6944441993
2917,1.0,0.0,0.0,0.0,1.0,1.0,0.2294109754,0.1745602452,0.3226717555,0.6393443793,0.4828766511,0.6274516082
2918,1.0,0.0,0.0,0.0,1.0,1.0,0.2671317785,0.2096144108,0.3327189059,0.6344827586,0.4865772577,0.64
2919,1.0,0.0,0.0,0.0,1.0,1.0,0.2819169685,0.2324280977,0.3303002011,0.6387092616,0.4883721769,0.6500006205
2920,1.0,0.0,0.0,0.0,1.0,1.0,0.2852953503,0.232543454,0.3363636266,0.643311962,0.498350018,0.6595751187
2921,1.0,0.0,0.0,0.0,1.0,1.0,0.3057325948,0.2587553344,0.36672641,0.6315787478,0.5307444157,0.6249994935
2922,1.0,0.0,0.0,0.0,1.0,1.0,0.3069649206,0.2595954421,0.3839204961,0.6235294861,0.5519479999,0.6437493787
2923,1.0,0.0,0.0,0.0,1.0,1.0,0.3163698501,0.2727235044,0.370503466,0.6306823043,0.5359475517,0.6227544216
2924,1.0,0.0,0.0,0.0,1.0,1.0,0.3205415798,0.2758200104,0.3657657517,0.6348318493,0.5292207075,0.6117642574
2925,1.0,0.0,0.0,0.0,1.0,1.0,0.3171393737,0.2678245997,0.372620026,0.6457145693,0.5392156793,0.6280481347
2926,1.0,0.0,0.0,0.0,1.0,1.0,0.318873883,0.2661910431,0.3710118381,0.6285711812,0.5424837248,0.6196325699
2927,1.0,0.0,0.0,0.0,1.0,1.0,0.3237500313,0.2718351211,0.3666970669,0.6292137276,0.5342018232,0.6227545219
2928,1.0,0.0,0.0,0.0,1.0,1.0,0.3243402262,0.2710902802,0.3746581877,0.6292139606,0.5359476547,0.6265060868
2929,1.0,0.0,0.0,0.0,1.0,1.0,0.3232159029,0.2767186518,0.3766938048,0.636871119,0.5439738022,0.6294116977
2930,1.0,0.0,0.0,0.0,1.0,1.0,0.3259443757,0.2823100091,0.3747747369,0.6298344473,0.5389610413,0.6264364139
2931,1.0,0.0,0.0,0.0,1.0,1.0,0.3183745306,0.2781618587,0.3701357896,0.6306817827,0.5436894273,0.6162790401
2932,1.0,0.0,0.0,0.0,1.0,1.0,0.3168522293,0.272723454,0.37137691,0.6342851684,0.5392156794,0.6227544603
2933,1.0,0.0,0.0,0.0,1.0,1.0,0.3180864361,0.2734627751,0.3652801745,0.6306825158,0.5276872791,0.6250003248
2934,1.0,0.0,0.0,0.0,1.0,1.0,0.214094527,0.1458258737,0.3913913022,0.5981307099,0.5160144264,0.5853653429
2935,1.0,0.0,0.0,0.0,1.0,1.0,0.2144469922,0.1266655091,0.4704725969,0.5137620445,0.5625000901,0.4931504122
2936,1.0,0.0,0.0,0.0,1.0,1.0,0.216042966,0.1232188493,0.4664070046,0.6036033768,0.5821918766,0.6527771559
2937,1.0,0.0,0.0,0.0,1.0,1.0,0.2109089325,0.1444772001,0.435361185,0.6396412125,0.5646257532,0.658823142
2938,1.0,0.0,0.0,0.0,1.0,1.0,0.2198212295,0.1705129405,0.4426841853,0.6016942181,0.5912160674,0.6435639124
2939,1.0,0.0,0.0,0.0,1.0,1.0,0.2397185996,0.1945222928,0.396678991,0.6153838269,0.5436240836,0.6293104604
2940,1.0,0.0,0.0,0.0,1.0,1.0,0.2510055424,0.2103203621,0.4005499568,0.6131388619,0.5454545791,0.6479995636
2941,1.0,0.0,0.0,0.0,1.0,1.0,0.2622970224,0.2151114879,0.395475183,0.6137940594,0.5463578802,0.6384618424
2942,1.0,0.0,0.0,0.0,1.0,1.0,0.2608806821,0.2179110305,0.4077408828,0.6137931662,0.5540985094,0.6466167526
2943,1.0,0.0,0.0,0.0,1.0,1.0,0.269776659,0.2219156739,0.3985507044,0.6107376211,0.5526317787,0.6370377369
2944,1.0,0.0,0.0,0.0,1.0,1.0,0.2623878568,0.2127526683,0.3892433935,0.6250001927,0.5412541641,0.6511619103
2945,1.0,0.0,0.0,0.0,1.0,1.0,0.2766559961,0.2250400063,0.406049463,0.609271733,0.5529801503,0.6323532234
2946,1.0,0.0,0.0,0.0,1.0,1.0,0.2679862356,0.2158261115,0.4067953028,0.6095883296,0.5548175028,0.630769641
2947,1.0,0.0,0.0,0.0,1.0,1.0,0.2829635021,0.2334222973,0.3938294796,0.6217953709,0.5427632963,0.6267606709
2948,1.0,0.0,0.0,0.0,1.0,1.0,0.2724111074,0.2244647657,0.406137202,0.615894506,0.5540982756,0.6277369604
2949,1.0,0.0,0.0,0.0,1.0,1.0,0.2733978143,0.2268469579,0.4003623952,0.6158949087,0.5526316456,0.6304346786
2950,1.0,0.0,0.0,0.0,1.0,1.0,0.2769651561,0.2266945426,0.4020054317,0.611842624,0.5529803112,0.6277381604
2951,1.0,0.0,0.0,0.0,1.0,1.0,0.2783259117,0.2302635033,0.3942132656,0.6168822101,0.5457516399,0.6312061198
2952,1.0,0.0,0.0,0.0,1.0,1.0,0.2712514306,0.2242974177,0.3970854911,0.6107385767,0.5445544024,0.6250003978
2953,1.0,0.0,0.0,0.0,1.0,1.0,0.2767685361,0.2284909011,0.3990949693,0.6078439216,0.5493421313,0.618704278
2954,1.0,0.0,0.0,0.0,1.0,1.0,0.2733979394,0.2252033086,0.4003623015,0.6158934017,0.5559212767,0.6423367647
2955,1.0,0.0,0.0,0.0,1.0,1.0,0.2748921095,0.2300041465,0.4080145589,0.6092710694,0.5629137692,0.6330930129
2956,1.0,0.0,0.0,0.0,1.0,1.0,0.273894299,0.2292451617,0.38838468,0.615895099,0.5412543883,0.6330937638
2957,1.0,0.0,0.0,0.0,1.0,1.0,0.2591482045,0.2217304462,0.3889392163,0.6223780656,0.5331125888,0.6194028989
2958,1.0,0.0,0.0,0.0,1.0,1.0,0.2673664044,0.2266948164,0.4012738967,0.6122455304,0.5496688147,0.6131393449
2959,1.0,0.0,0.0,0.0,1.0,1.0,0.2633906434,0.2250400547,0.3826715122,0.616438482,0.5331126551,0.6323538115
2960,1.0,0.0,0.0,0.0,1.0,1.0,0.2703627638,0.2325436349,0.3706041595,0.6133331342,0.5214522135,0.6170213104
2961,1.0,0.0,0.0,0.0,1.0,1.0,0.2646920715,0.2266946799,0.3735160562,0.6344826966,0.5264899745,0.6350360217
2962,1.0,0.0,0.0,0.0,1.0,1.0,0.2639692212,0.2242973608,0.3752276721,0.6275857522,0.5313530111,0.6323527767
2963,1.0,0.0,0.0,0.0,1.0,1.0,0.2676100714,0.2291082405,0.3788706161,0.6258501583,0.5315613799,0.6304351952
2964,1.0,0.0,0.0,0.0,1.0,1.0,0.2668811801,0.2217304701,0.3896458559,0.6258498997,0.5430464158,0.6268669782
2965,1.0,0.0,0.0,0.0,1.0,1.0,0.2680773347,0.2308940407,0.3789378162,0.6308724832,0.5313531794,0.6357152798
2966,1.0,0.0,0.0,0.0,1.0,1.0,0.2650654404,0.2248744473,0.3714804151,0.6164384806,0.5199998527,0.6296285377
2967,1.0,0.0,0.0,0.0,1.0,1.0,0.2646922775,0.2198773762,0.3808218814,0.6137938163,0.5266666936,0.628788195
2968,1.0,0.0,0.0,0.0,1.0,1.0,0.2668810867,0.2282059534,0.3751135553,0.6190481893,0.5266667351,0.6350362267
2969,1.0,0.0,0.0,0.0,1.0,1.0,0.2578617614,0.2247065477,0.3760292603,0.6170206208,0.5234900307,0.61940238
2970,1.0,0.0,0.0,0.0,1.0,1.0,0.2682325612,0.2248743834,0.3823530392,0.6232876712,0.539999817,0.637037037
2971,1.0,0.0,0.0,0.0,1.0,1.0,0.2604048766,0.2230298559,0.3798166191,0.6056333469,0.5302012905,0.6090232988
2972,1.0,0.0,0.0,0.0,1.0,1.0,0.2604049793,0.2271458721,0.3743118819,0.6267612811,0.521885484,0.6222211911
2973,1.0,0.0,0.0,0.0,1.0,1.0,0.2646920563,0.2289689878,0.368036552,0.6275869459,0.5117059076,0.6277382036
2974,1.0,0.0,0.0,0.0,1.0,1.0,0.2118892676,0.1757640998,0.3827392147,0.6194692646,0.5103448973,0.5784319778
2975,1.0,0.0,0.0,0.0,1.0,1.0,0.2010712832,0.1701177319,0.4970413249,0.4313734993,0.567375846,0.3541662935
2976,1.0,0.0,0.0,0.0,1.0,1.0,0.1804817983,0.1440166329,0.4912621715,0.5698916402,0.58680547,0.5301202666
2977,1.0,0.0,0.0,0.0,1.0,1.0,0.2166556674,0.1654365885,0.43261081,0.6173917968,0.5733788604,0.6391747665
2978,1.0,0.0,0.0,0.0,1.0,1.0,0.2646667584,0.2204156992,0.4092591769,0.6223773183,0.5622894843,0.641222034
2979,1.0,0.0,0.0,0.0,1.0,1.0,0.2758348685,0.2248745583,0.4001840167,0.6266656429,0.5599998986,0.6518518399
2980,1.0,0.0,0.0,0.0,1.0,1.0,0.2962663296,0.2540388915,0.3998169844,0.6234568405,0.5585286784,0.6381583625
2981,1.0,0.0,0.0,0.0,1.0,1.0,0.300293044,0.2557495049,0.3972351354,0.6196327026,0.555555435,0.6447364886
2982,1.0,0.0,0.0,0.0,1.0,1.0,0.3017528468,0.2623951768,0.3943274771,0.6303029183,0.5551838381,0.6305739997
2983,1.0,0.0,0.0,0.0,1.0,1.0,0.3029160422,0.2672925001,0.3956442454,0.6287425462,0.558139686,0.6211178111
2984,1.0,0.0,0.0,0.0,1.0,1.0,0.3034668534,0.2655281773,0.4054545292,0.6227540605,0.5676565708,0.6273294705
2985,1.0,0.0,0.0,0.0,1.0,1.0,0.3054350179,0.2662988023,0.4068715895,0.6272194922,0.5657896199,0.6358019208
2986,1.0,0.0,0.0,0.0,1.0,1.0,0.3031914266,0.2647524596,0.3987284334,0.6287424523,0.5629139767,0.6374997099
2987,1.0,0.0,0.0,0.0,1.0,1.0,0.2972046857,0.2630982073,0.3907525201,0.6402432425,0.5529800981,0.6415089973
2988,1.0,0.0,0.0,0.0,1.0,1.0,0.3080784489,0.269716727,0.3998186816,0.6294108578,0.5629137359,0.6380373901
2989,1.0,0.0,0.0,0.0,1.0,1.0,0.3041777637,0.2638788825,0.3949276286,0.6369045019,0.561056048,0.631250371
2990,1.0,0.0,0.0,0.0,1.0,1.0,0.3121001757,0.2712301923,0.3989169252,0.6358377989,0.5657895062,0.6363637546
2991,1.0,0.0,0.0,0.0,1.0,1.0,0.3119854507,0.2721254442,0.3992739856,0.6337218288,0.5610560386,0.6303021412
2992,1.0,0.0,0.0,0.0,1.0,1.0,0.3098904119,0.2721254259,0.4016319353,0.6315784108,0.5643565282,0.624241808
2993,1.0,0.0,0.0,0.0,1.0,1.0,0.3014769154,0.2698492364,0.4003655749,0.6303036203,0.5633334322,0.623457336
2994,1.0,0.0,0.0,0.0,1.0,1.0,0.3037427867,0.266517629,0.3921747194,0.6347301499,0.5566665462,0.6312499917
2995,1.0,0.0,0.0,0.0,1.0,1.0,0.3044537627,0.2722731857,0.3980054549,0.6369044768,0.5614617688,0.634146665
2996,1.0,0.0,0.0,0.0,1.0,1.0,0.3058400967,0.2681835021,0.3952640905,0.6369051433,0.5599999713,0.627328661
2997,1.0,0.0,0.0,0.0,1.0,1.0,0.3014771857,0.2631861158,0.3857404466,0.6242426785,0.5533332757,0.6329121723
2998,1.0,0.0,0.0,0.0,1.0,1.0,0.3101716156,0.2730262827,0.4047187036,0.637426144,0.5695364666,0.6363632778
2999,1.0,0.0,0.0,0.0,1.0,1.0,0.3077990489,0.2713715734,0.3913043223,0.6235287247,0.5562916012,0.6280493823
3000,1.0,0.0,0.0,0.0,1.0,1.0,0.3137996609,0.2761615689,0.3974592601,0.630057954,0.5756578298,0.6309525634
3001,1.0,0.0,0.0,0.0,1.0,1.0,0.3090681028,0.2730263933,0.3998170293,0.6331365935,0.5662251466,0.6303025387
3002,1.0,0.0,0.0,0.0,1.0,1.0,0.3130118945,0.2754238145,0.3919413645,0.6315788812,0.5610561454,0.6347304001
3003,1.0,0.0,0.0,0.0,1.0,1.0,0.3145542055,0.2713717849,0.3924977294,0.6279069767,0.5596025014,0.6280496112
3004,1.0,0.0,0.0,0.0,1.0,1.0,0.3059701285,0.2707520722,0.3913840322,0.6347303134,0.5551837537,0.641975507
3005,1.0,0.0,0.0,0.0,1.0,1.0,0.3091995271,0.2737744098,0.3939946427,0.6294115925,0.5610561939,0.6204827522
3006,1.0,0.0,0.0,0.0,1.0,1.0,0.3054104673,0.267177642,0.3979873072,0.6407194248,0.5676569001,0.63580289
3007,1.0,0.0,0.0,0.0,1.0,1.0,0.3071014917,0.2737745367,0.3909091159,0.6331364274,0.5577558661,0.6265060868
3008,1.0,0.0,0.0,0.0,1.0,1.0,0.3096347431,0.2731805445,0.3932171892,0.6331367084,0.5533331123,0.6280483702
3009,1.0,0.0,0.0,0.0,1.0,1.0,0.3108965911,0.2772538009,0.396157394,0.6235296078,0.558139476,0.6167655293
3010,1.0,0.0,0.0,0.0,1.0,1.0,0.3102032359,0.2706128,0.3921028927,0.6272196913,0.554817319,0.6257663211
3011,1.0,0.0,0.0,0.0,1.0,1.0,0.3103627384,0.2724232982,0.3992605556,0.6369052941,0.5652174546,0.631901947
3012,1.0,0.0,0.0,0.0,1.0,1.0,0.3100764431,0.2724231547,0.3998153225,0.6309528239,0.5652174696,0.6257666602
3013,1.0,0.0,0.0,0.0,1.0,1.0,0.3192407874,0.2836699301,0.3920144678,0.6249995498,0.5577557457,0.6337203089
3014,1.0,0.0,0.0,0.0,1.0,1.0,0.319893307,0.2834482948,0.3978299498,0.638417749,0.567213136,0.6242768979
3015,1.0,0.0,0.0,0.0,1.0,1.0,0.3198936162,0.2857881215,0.3996383974,0.6271190144,0.5686274235,0.6285717443
3016,1.0,0.0,0.0,0.0,1.0,1.0,0.2489104211,0.2074963701,0.3897338814,0.6259545986,0.5363321337,0.6083332588
3017,1.0,0.0,0.0,0.0,1.0,1.0,0.1982860494,0.1409928286,0.4709419412,0.5353538741,0.5642857725,0.468355295
3018,1.0,0.0,0.0,0.0,1.0,1.0,0.1907483511,0.1382206554,0.4751491375,0.5833333333,0.5744682045,0.5256396728
3019,1.0,0.0,0.0,0.0,1.0,1.0,0.2128087525,0.1648738171,0.4505704978,0.6249997609,0.5986393765,0.6288665714
3020,1.0,0.0,0.0,0.0,1.0,1.0,0.2595234232,0.2115482399,0.4143646464,0.6382980035,0.5766664724,0.6692909479
3021,1.0,0.0,0.0,0.0,1.0,1.0,0.291503935,0.2449612425,0.3949275062,0.6397520489,0.5718955039,0.6466659111
3022,1.0,0.0,0.0,0.0,1.0,1.0,0.3105760699,0.2727235241,0.3911471792,0.6395345044,0.5620913766,0.6407191742
3023,1.0,0.0,0.0,0.0,1.0,1.0,0.3106983651,0.27598968,0.3962264041,0.6416188445,0.5718955393,0.6449709224
3024,1.0,0.0,0.0,0.0,1.0,1.0,0.312382262,0.2792559078,0.3983740454,0.6358382295,0.5686272716,0.6374270848
3025,1.0,0.0,0.0,0.0,1.0,1.0,0.3176799073,0.2832295554,0.3982143533,0.6348318987,0.5732900644,0.6321833637
3026,1.0,0.0,0.0,0.0,1.0,1.0,0.3170269602,0.2816019446,0.3924730307,0.6440680441,0.5667753265,0.6300579978
3027,1.0,0.0,0.0,0.0,1.0,1.0,0.316654738,0.2808887115,0.3879387223,0.6306818599,0.5620914204,0.6220930014
3028,1.0,0.0,0.0,0.0,1.0,1.0,0.3110962374,0.2718352353,0.4132379097,0.6379313985,0.5830618606,0.64071816
3029,1.0,0.0,0.0,0.0,1.0,1.0,0.3175122833,0.2825220092,0.4061372688,0.6363632991,0.5784313203,0.6473985749
3030,1.0,0.0,0.0,0.0,1.0,1.0,0.3087708861,0.2778054755,0.40560077,0.6315791473,0.5756579029,0.6390537774
3031,1.0,0.0,0.0,0.0,1.0,1.0,0.3136210653,0.2820207639,0.4048692298,0.6264369181,0.574257447,0.6432747571
3032,1.0,0.0,0.0,0.0,1.0,1.0,0.3057115233,0.2662986357,0.4135745937,0.6390537482,0.5855261774,0.6481478753
3033,1.0,0.0,0.0,0.0,1.0,1.0,0.2938468663,0.2539835812,0.4192377377,0.6296287336,0.5907590036,0.6493505392
3034,1.0,0.0,0.0,0.0,1.0,1.0,0.3052842688,0.2656323663,0.4163636023,0.6369051539,0.5847175087,0.649999661
3035,1.0,0.0,0.0,0.0,1.0,1.0,0.2611238736,0.2115485827,0.4112234922,0.6338030294,0.576666625,0.6771650489
3036,1.0,0.0,0.0,0.0,1.0,1.0,0.2565020859,0.2035289551,0.4170486252,0.6428568146,0.5860927505,0.6666666667
3037,1.0,0.0,0.0,0.0,1.0,1.0,0.2299274233,0.1878143937,0.4174397154,0.6370963378,0.5838925176,0.6428564526
3038,1.0,0.0,0.0,0.0,1.0,1.0,0.2295636086,0.1857069456,0.4229693036,0.6341466863,0.5878377833,0.6636357348
3039,1.0,0.0,0.0,0.0,1.0,1.0,0.2299933341,0.1869703789,0.4125350242,0.634146041,0.5816326043,0.6545442381
3040,1.0,0.0,0.0,0.0,1.0,1.0,0.2289803868,0.18357084,0.4046948582,0.6475407069,0.5680269502,0.6574066825
3041,1.0,0.0,0.0,0.0,1.0,1.0,0.2260419741,0.1835712348,0.4018691626,0.6446276278,0.5680273605,0.6574085538
3042,1.0,0.0,0.0,0.0,1.0,1.0,0.2371555335,0.1863365867,0.4143125262,0.6428571429,0.5830507188,0.6818177325
3043,1.0,0.0,0.0,0.0,1.0,1.0,0.22903861,0.1779827216,0.4204545326,0.6363647795,0.578767108,0.6730754761
3044,1.0,0.0,0.0,0.0,1.0,1.0,0.2262886988,0.1784718912,0.415094421,0.6583321963,0.5816327379,0.6666673417
3045,1.0,0.0,0.0,0.0,1.0,1.0,0.2269722712,0.1820291608,0.4236642014,0.6386549949,0.5876289189,0.6603768645
3046,1.0,0.0,0.0,0.0,1.0,1.0,0.1933156576,0.1578978166,0.4622824643,0.6400012726,0.597222212,0.6483518276
3047,1.0,0.0,0.0,0.0,1.0,1.0,0.1704932202,0.1594852542,0.4372548075,0.7011489463,0.5638296264,0.5777775145
3048,1.0,0.0,0.0,0.0,1.0,1.0,0.1817164516,0.1665735095,0.4426878245,0.6304352412,0.562724258,0.5591380894
3049,1.0,0.0,0.0,0.0,1.0,1.0,0.187272191,0.1564961537,0.4477317763,0.6000008873,0.5622774334,0.5454536746
3050,1.0,0.0,0.0,0.0,1.0,1.0,0.189717934,0.1541691283,0.4422698908,0.6082475347,0.5638295765,0.5632183629
3051,1.0,0.0,0.0,0.0,1.0,1.0,0.1873954381,0.1594853309,0.4511719452,0.5937501369,0.5673757861,0.5333338008
3052,1.0,0.0,0.0,0.0,1.0,1.0,0.1788576426,0.153485745,0.441494492,0.670330048,0.5678570711,0.6162787879
3053,1.0,0.0,0.0,0.0,1.0,1.0,0.1714442747,0.1470811388,0.4288498255,0.6477274608,0.5567377534,0.6265064469
3054,1.0,0.0,0.0,0.0,1.0,1.0,0.1781951646,0.1500929451,0.428294557,0.6630431536,0.568904442,0.6352937958
3055,1.0,0.0,0.0,0.0,1.0,1.0,0.1804817462,0.1541692043,0.4233008983,0.6774201643,0.560283536,0.6666658538
3056,1.0,0.0,0.0,0.0,1.0,1.0,0.1924997055,0.1548431629,0.4338521659,0.6666673806,0.5845069529,0.6590916758
3057,1.0,0.0,0.0,0.0,1.0,1.0,0.193193633,0.1625389718,0.4220096088,0.6633674183,0.577854538,0.6702123577
3058,1.0,0.0,0.0,0.0,1.0,1.0,0.1998884482,0.1671603491,0.4288462244,0.6634613395,0.5809858808,0.6631576802
3059,1.0,0.0,0.0,0.0,1.0,1.0,0.2033748554,0.1654004052,0.4321704768,0.6666659855,0.5845069093,0.659575488
3060,1.0,0.0,0.0,0.0,1.0,1.0,0.2002734452,0.1630666626,0.4373796508,0.6538456165,0.5859650247,0.6559148184
3061,1.0,0.0,0.0,0.0,1.0,1.0,0.2025898705,0.1683267972,0.4266408745,0.6666673277,0.5789473492,0.6770844404
3062,1.0,0.0,0.0,0.0,1.0,1.0,0.1967710196,0.1701178408,0.42884987,0.6930689924,0.5780141736,0.6875002785
3063,1.0,0.0,0.0,0.0,1.0,1.0,0.2010481516,0.1730481525,0.4197292145,0.6634604194,0.5759719024,0.6734703164
3064,1.0,0.0,0.0,0.0,1.0,1.0,0.2041247754,0.1630665898,0.4315991328,0.6603783069,0.5824561089,0.6774196505
3065,1.0,0.0,0.0,0.0,1.0,1.0,0.1877620376,0.1582745742,0.4422699601,0.6770849235,0.5800711757,0.7078658925
3066,1.0,0.0,0.0,0.0,1.0,1.0,0.1691969493,0.1491970322,0.4488189795,0.6976759053,0.5683454823,0.6144588136
3067,1.0,0.0,0.0,0.0,1.0,1.0,0.1870300823,0.1612001526,0.4502924657,0.5520825518,0.5519714134,0.4888890413
3068,1.0,0.0,0.0,0.0,1.0,1.0,0.189347064,0.1647824439,0.4570312629,0.5567022665,0.5555557659,0.4891290612
3069,1.0,0.0,0.0,0.0,1.0,1.0,0.1916740175,0.1647823957,0.4540117431,0.561223204,0.5591398172,0.4782616609
3070,1.0,0.0,0.0,0.0,1.0,1.0,0.1858062192,0.1635777355,0.4500978018,0.5368422871,0.5503596738,0.4835160872
3071,1.0,0.0,0.0,0.0,1.0,1.0,0.1932515325,0.1707681133,0.4550781432,0.5353543824,0.5575541219,0.4736837506
3072,1.0,0.0,0.0,0.0,1.0,1.0,0.1916738105,0.1701561965,0.4579256843,0.5408156944,0.562723798,0.4736839786
3073,1.0,0.0,0.0,0.0,1.0,1.0,0.1872719123,0.1713845904,0.457593651,0.5473679738,0.5559565735,0.484210338
3074,1.0,0.0,0.0,0.0,1.0,1.0,0.1948230701,0.1641936625,0.463937713,0.5400000414,0.5607141723,0.4673903508
3075,1.0,0.0,0.0,0.0,1.0,1.0,0.1920497897,0.1677763361,0.4647059694,0.5510201898,0.5667869613,0.5161295415
3076,1.0,0.0,0.0,0.0,1.0,1.0,0.1865364976,0.1707677504,0.4538310461,0.5368423137,0.5539568453,0.4842108737
3077,1.0,0.0,0.0,0.0,1.0,1.0,0.1983176559,0.1659723011,0.4538310259,0.54455464,0.5559564567,0.4891303854
3078,1.0,0.0,0.0,0.0,1.0,1.0,0.1900898938,0.1623641404,0.4607843617,0.5566992608,0.5559567533,0.4888875524
3079,1.0,0.0,0.0,0.0,1.0,1.0,0.1900898038,0.1599108982,0.4470588451,0.5463930545,0.5454543397,0.4886371144
3080,1.0,0.0,0.0,0.0,1.0,1.0,0.1979285875,0.1599824743,0.4627451016,0.5346536061,0.5647482691,0.4719099828
3081,1.0,0.0,0.0,0.0,1.0,1.0,0.1931861227,0.1611418759,0.4575936928,0.5102041683,0.5543479448,0.4382040072
3082,1.0,0.0,0.0,0.0,1.0,1.0,0.1990999381,0.1671791195,0.4536488807,0.4950497724,0.5563636502,0.4239136137
3083,1.0,0.0,0.0,0.0,1.0,1.0,0.1904633338,0.1659724282,0.4479371781,0.5360816537,0.5523464331,0.4891308539
3084,1.0,0.0,0.0,0.0,1.0,1.0,0.1931860743,0.1708137358,0.4536489116,0.5306113876,0.5563636064,0.4468092561
3085,1.0,0.0,0.0,0.0,1.0,1.0,0.1994933411,0.1689965431,0.4466403624,0.54455413,0.5527274523,0.4838718314
3086,1.0,0.0,0.0,0.0,1.0,1.0,0.1858063002,0.1653621777,0.4442269754,0.5789470197,0.5490908481,0.5274724261
3087,1.0,0.0,0.0,0.0,1.0,1.0,0.1882441222,0.1605600756,0.4446601051,0.5567007196,0.5451262148,0.5056187964
3088,1.0,0.0,0.0,0.0,1.0,1.0,0.1877621328,0.1647632049,0.4500978179,0.5729160212,0.5579710563,0.5164833626
3089,1.0,0.0,0.0,0.0,1.0,1.0,0.181894736,0.169580506,0.459882634,0.5591401041,0.5595666833,0.4893611255
3090,1.0,0.0,0.0,0.0,1.0,1.0,0.1940093666,0.1720056364,0.4509803195,0.5353544141,0.5507248086,0.4842114108
3091,1.0,0.0,0.0,0.0,1.0,1.0,0.1967405325,0.1689965755,0.4448819098,0.5100008691,0.549090905,0.4623656632
3092,1.0,0.0,0.0,0.0,1.0,1.0,0.187271885,0.1653621802,0.4575936941,0.5368421516,0.5600000456,0.4945068073
3093,1.0,0.0,0.0,0.0,1.0,1.0,0.1884996952,0.1647631291,0.4616896317,0.5416673916,0.5615942919,0.4945042592
3094,1.0,0.0,0.0,0.0,1.0,1.0,0.1831337537,0.1617803558,0.4580895869,0.5531918639,0.5611512075,0.5
3095,1.0,0.0,0.0,0.0,1.0,1.0,0.1881301872,0.1659723559,0.4686274294,0.5416682787,0.570397382,0.4999988786
3096,1.0,0.0,0.0,0.0,1.0,1.0,0.1863036157,0.1552707076,0.4660195874,0.5625008292,0.5714285714,0.5287349311
3097,1.0,0.0,0.0,0.0,1.0,1.0,0.1893474688,0.1617800505,0.4550781087,0.5567020732,0.5575539514,0.5222227632
3098,1.0,0.0,0.0,0.0,1.0,1.0,0.1967406168,0.1623644067,0.4665354495,0.5300004392,0.5703971868,0.5000011619
3099,1.0,0.0,0.0,0.0,1.0,1.0,0.1943902765,0.1671729228,0.4616895994,0.5656559745,0.5719425695,0.516130372
3100,1.0,0.0,0.0,0.0,1.0,1.0,0.1963541135,0.1635774983,0.4656188253,0.5599991698,0.5791365202,0.5384615385
3101,1.0,0.0,0.0,0.0,1.0,1.0,0.1979285983,0.1653753615,0.4607842848,0.5643575766,0.5755396732,0.532609506
3102,1.0,0.0,0.0,0.0,1.0,1.0,0.1983172793,0.1725655003,0.4656188548,0.584158291,0.5791365561,0.5312485485
3103,1.0,0.0,0.0,0.0,1.0,1.0,0.193629849,0.1725653854,0.4598824603,0.5757575111,0.5719422425,0.5
3104,1.0,0.0,0.0,0.0,1.0,1.0,0.1924994252,0.1665738686,0.4688715449,0.5959595526,0.5851064792,0.5319151823
3105,1.0,0.0,0.0,0.0,1.0,1.0,0.1850820055,0.1659723261,0.4561404174,0.6000004429,0.5703973339,0.5434771673
3106,1.0,0.0,0.0,0.0,1.0,1.0,0.1873953894,0.1659721186,0.4589843919,0.5833336913,0.5667869029,0.5326097188
3107,1.0,0.0,0.0,0.0,1.0,1.0,0.1893474554,0.1641683858,0.4570313344,0.5773199396,0.5667869686,0.5164822166
3108,1.0,0.0,0.0,0.0,1.0,1.0,0.1834911705,0.1647824986,0.4550781591,0.5744680369,0.5698923747,0.5326093248
3109,1.0,0.0,0.0,0.0,1.0,1.0,0.1854433835,0.1647822864,0.4589843441,0.5894727061,0.5698926067,0.5217391304
3110,1.0,0.0,0.0,0.0,1.0,1.0,0.1908384151,0.168384181,0.460629954,0.5670095209,0.576086843,0.5053762011
3111,1.0,0.0,0.0,0.0,1.0,1.0,0.1826091492,0.1629526436,0.4577603908,0.5913970771,0.5724636065,0.5555558133
3112,1.0,0.0,0.0,0.0,1.0,1.0,0.1928056605,0.16536194,0.4507873094,0.561224619,0.5600000752,0.505493956
3113,1.0,0.0,0.0,0.0,1.0,1.0,0.2054742355,0.1873952515,0.4750498701,0.4466010585,0.5551471137,0.4117639854
3114,1.0,0.0,0.0,0.0,1.0,1.0,0.2263265446,0.1894850784,0.4649298374,0.389381279,0.557620749,0.3529411765
3115,1.0,0.0,0.0,0.0,1.0,1.0,0.20754556,0.1484133097,0.459677378,0.4757280574,0.5563908189,0.4810125583
3116,1.0,0.0,0.0,0.0,1.0,1.0,0.2105162988,0.1373282623,0.4376278259,0.4757271691,0.5343511237,0.4861120395
3117,1.0,0.0,0.0,0.0,1.0,1.0,0.2006754164,0.1708604869,0.4704723947,0.4803917762,0.580882077,0.4516139154
3118,1.0,0.0,0.0,0.0,1.0,1.0,0.1639401435,0.1715461683,0.480237032,0.6506036798,0.60074626,0.5978273915
3119,1.0,0.0,0.0,0.0,1.0,1.0,0.1803217178,0.1790048261,0.4932821865,0.6382987677,0.6119401768,0.7083330623
3120,1.0,0.0,0.0,0.0,1.0,1.0,0.1684666304,0.1983326919,0.4905303837,0.5955062728,0.5758755868,0.6764715454
3121,1.0,0.0,0.0,0.0,1.0,1.0,0.1162139727,0.2671979844,0.4922480513,0.283333388,0.5346935399,0.3893135507
3122,1.0,0.0,0.0,0.0,1.0,1.0,0.1091344609,0.2796793194,0.486590119,0.2631578947,0.5308641877,0.4117647059
3123,1.0,0.0,0.0,0.0,1.0,1.0,0.08944407059,0.2706818841,0.507782039,0.586955187,0.5666665266,0.5538464403
3124,1.0,0.0,0.0,0.0,1.0,1.0,0.12914127,0.2320133136,0.4906366517,0.637681584,0.5833330327,0.675214694
3125,1.0,0.0,0.0,0.0,1.0,1.0,0.2075346368,0.2613926127,0.4845173691,0.5877194385,0.5730768916,0.6176479345
3126,1.0,0.0,0.0,0.0,1.0,1.0,0.2046824705,0.2595448939,0.4797047621,0.5765760541,0.5775194206,0.6119408811
3127,1.0,0.0,0.0,0.0,1.0,1.0,0.09085811381,0.2876546735,0.5059287964,0.5869554222,0.5420167078,0.5693430432
3128,1.0,0.0,0.0,0.0,1.0,1.0,0.06688425271,0.3386541211,0.4933078176,0.1428554078,0.5330579673,0.4024380603
3129,1.0,0.0,0.0,0.0,1.0,1.0,0.04036217083,0.3359117739,0.4980769086,0.2381005338,0.5518672893,0.469135673
3130,1.0,0.0,0.0,0.0,1.0,1.0,0.1035783234,0.2748462263,0.4799999731,0.7192992883,0.6,0.6503497228
3131,1.0,0.0,0.0,0.0,1.0,1.0,0.1890363255,0.2844853226,0.4483362867,0.6111122083,0.5842694656,0.651316925
3132,1.0,0.0,0.0,0.0,1.0,1.0,0.2047892648,0.2898010626,0.4728546609,0.6068386673,0.6096654157,0.6538459959
3133,1.0,0.0,0.0,0.0,1.0,1.0,0.2311752832,0.2905784424,0.460869562,0.6015047678,0.6000000796,0.6305732222
3134,1.0,0.0,0.0,0.0,1.0,1.0,0.2168099481,0.2911908695,0.4603173494,0.6097560551,0.5939847839,0.6193540362
3135,1.0,0.0,0.0,0.0,1.0,1.0,0.03503601398,0.3425506762,0.4852398332,0.3684204687,0.5645162318,0.4411764341
3136,1.0,0.0,0.0,0.0,1.0,1.0,0.04601478049,0.3439375472,0.4732965379,0.32,0.5465587315,0.4235301107
3137,1.0,0.0,0.0,0.0,1.0,1.0,0.05289015321,0.3192663087,0.4908759267,0.6551721641,0.5873015741,0.5093169646
3138,1.0,0.0,0.0,0.0,1.0,1.0,0.1394572868,0.2877772833,0.4901609562,0.6410255032,0.6186770269,0.6621618177
3139,1.0,0.0,0.0,0.0,1.0,1.0,0.2267495197,0.317313331,0.4467714221,0.5999993549,0.5931560026,0.6227545286
3140,1.0,0.0,0.0,0.0,1.0,1.0,0.2317046362,0.3180043589,0.4480968205,0.6044781076,0.5871211909,0.6309530416
3141,1.0,0.0,0.0,0.0,1.0,1.0,0.2620062827,0.3268137899,0.4444443434,0.6026491997,0.5817491554,0.6162795091
3142,1.0,0.0,0.0,0.0,1.0,1.0,0.2603443694,0.3286627196,0.4423078141,0.617449847,0.5884616614,0.6198826252
3143,1.0,0.0,0.0,0.0,1.0,1.0,0.2667489008,0.32806135,0.4419410582,0.6168822332,0.5839693364,0.6162792433
3144,1.0,0.0,0.0,0.0,1.0,1.0,0.2771415024,0.3306140293,0.4350086196,0.6250001685,0.5779465546,0.6149425786
3145,1.0,0.0,0.0,0.0,1.0,1.0,0.2783910903,0.3363507863,0.4083044498,0.6459629057,0.5576925993,0.6342851573
3146,1.0,0.0,0.0,0.0,1.0,1.0,0.2781055239,0.3331471828,0.4121739575,0.6375001175,0.5581395155,0.6395349854
3147,1.0,0.0,0.0,0.0,1.0,1.0,0.2800537011,0.3337983248,0.409807383,0.643750025,0.542968667,0.637427156
3148,1.0,0.0,0.0,0.0,1.0,1.0,0.2818042669,0.3363880734,0.4168125432,0.6459628159,0.560311494,0.63005794
3149,1.0,0.0,0.0,0.0,1.0,1.0,0.2760191106,0.335154249,0.4169675073,0.6535951225,0.5461845809,0.6467067078
3150,1.0,0.0,0.0,0.0,1.0,1.0,0.2402326655,0.3358780748,0.4201834852,0.6793893377,0.5409833645,0.6463405805
3151,1.0,0.0,0.0,0.0,1.0,1.0,0.06712691247,0.3470860953,0.4533582472,0.8055576979,0.5606694318,0.5542167745
3152,1.0,0.0,0.0,0.0,1.0,1.0,0.04256900271,0.3747908835,0.4777777424,0.7826046347,0.5750001342,0.4888892337
3153,1.0,0.0,0.0,0.0,1.0,1.0,0.03152222761,0.3842390024,0.4786641828,0.5882287508,0.5630253732,0.4535519879
3154,1.0,0.0,0.0,0.0,1.0,1.0,0.03111842004,0.3634336483,0.4688643382,0.5882307986,0.5661155713,0.4431824194
3155,1.0,0.0,0.0,0.0,1.0,1.0,0.03523082584,0.3643799185,0.4656771893,0.3684198525,0.5499999774,0.4057143423
3156,1.0,0.0,0.0,0.0,1.0,1.0,0.03446338495,0.3459606873,0.4627950432,0.5789479722,0.5546555687,0.4327484933
3157,1.0,0.0,0.0,0.0,1.0,1.0,0.04217850707,0.3467454667,0.4532110231,0.347824848,0.5428569773,0.399999743
3158,1.0,0.0,0.0,0.0,1.0,1.0,0.04652891366,0.3345239417,0.4581005936,0.2400027752,0.5371903194,0.3827165781
3159,1.0,0.0,0.0,0.0,1.0,1.0,0.04542892698,0.3039971987,0.4545453816,0.25,0.5333333922,0.3493143223
3160,1.0,0.0,0.0,0.0,1.0,1.0,0.05280816448,0.2989786586,0.4755380989,0.1851828779,0.5341880208,0.321429215
3161,1.0,0.0,0.0,0.0,1.0,1.0,0.0695436462,0.3259051095,0.4612325749,0.3428541414,0.5347828518,0.3066664669
3162,1.0,0.0,0.0,0.0,1.0,1.0,0.07024179756,0.3024630213,0.445783135,0.3142891948,0.5131579182,0.2971015452
3163,1.0,0.0,0.0,0.0,1.0,1.0,0.07337146945,0.3020051746,0.4523809524,0.3243241749,0.5043478995,0.2949635207
3164,1.0,0.0,0.0,0.0,1.0,1.0,0.08027628775,0.300271052,0.4558233776,0.3249996188,0.508772094,0.284671912
3165,1.0,0.0,0.0,0.0,1.0,1.0,0.07470570332,0.2839827106,0.4565655882,0.2702677611,0.5110131904,0.2635668022
3166,1.0,0.0,0.0,0.0,1.0,1.0,0.07181613541,0.2945950195,0.4510978857,0.2777808835,0.5065501474,0.2814803662
3167,1.0,0.0,0.0,0.0,1.0,1.0,0.07858513318,0.2905866714,0.4576612408,0.3333333333,0.5110134463,0.2803027298
3168,1.0,0.0,0.0,0.0,1.0,1.0,0.08549223867,0.2922473066,0.4602852189,0.3095228903,0.5089284059,0.2748084044
3169,1.0,0.0,0.0,0.0,1.0,1.0,0.07546777568,0.2786054124,0.4612245024,0.2162142959,0.5088496485,0.2539683049
3170,1.0,0.0,0.0,0.0,1.0,1.0,0.09994436132,0.307863938,0.4632653596,0.2857148713,0.5000002241,0.2681165222
3171,1.0,0.0,0.0,0.0,1.0,1.0,0.1050960209,0.3047627675,0.45979379,0.2941164814,0.4932736949,0.2647063195
3172,1.0,0.0,0.0,0.0,1.0,1.0,0.1174602472,0.3167875443,0.4577319575,0.3333356582,0.4910713137,0.2676061464
3173,1.0,0.0,0.0,0.0,1.0,1.0,0.1017762382,0.296294631,0.448065227,0.24,0.477876185,0.2611944223
3174,1.0,0.0,0.0,0.0,1.0,1.0,0.1030355652,0.2861837233,0.4701031602,0.2600019165,0.506607945,0.2384619755
3175,1.0,0.0,0.0,0.0,1.0,1.0,0.1197680095,0.2949894539,0.4710743853,0.2068954861,0.4977976079,0.2313427956
3176,1.0,0.0,0.0,0.0,1.0,1.0,0.1389817028,0.3207817579,0.4764826205,0.2352918734,0.4934499319,0.2380958846
3177,1.0,0.0,0.0,0.0,1.0,1.0,0.1289603212,0.292571392,0.4858870283,0.1874981944,0.5213674651,0.2481746352
3178,1.0,0.0,0.0,0.0,1.0,1.0,0.117812436,0.2591144062,0.4715128294,0.2333327407,0.5267489297,0.2698417805
3179,1.0,0.0,0.0,0.0,1.0,1.0,0.1153204149,0.2256121373,0.4534412872,0.2631590298,0.5105484612,0.2429900279
3180,1.0,0.0,0.0,0.0,1.0,1.0,0.1011341112,0.2135735257,0.4583332469,0.2156840526,0.5228216471,0.2524257568
3181,1.0,0.0,0.0,0.0,1.0,1.0,0.1291526347,0.2581205132,0.4811132342,0.2615400807,0.5371899522,0.2560000386
3182,1.0,0.0,0.0,0.0,1.0,1.0,0.1103803804,0.2225647671,0.445782994,0.3818185737,0.5042016598,0.3207552093
3183,1.0,0.0,0.0,0.0,1.0,1.0,0.2169473882,0.1843073917,0.5009277584,0.6495728473,0.5703421843,0.7010315254
3184,1.0,0.0,0.0,0.0,1.0,1.0,0.3167629741,0.268506941,0.513661146,0.609195195,0.5708955952,0.645833757
3185,1.0,0.0,0.0,0.0,1.0,1.0,0.2018479703,0.1820847331,0.5039214477,0.6407758407,0.5344130025,0.6222222711
3186,1.0,0.0,0.0,0.0,1.0,1.0,0.1325789318,0.2639219962,0.4775511813,0.1076924492,0.4632035584,0.2295082503
3187,1.0,0.0,0.0,0.0,1.0,1.0,0.1126419572,0.2147923503,0.4795081967,0.1272733193,0.4824561404,0.2142865844
3188,1.0,0.0,0.0,0.0,1.0,1.0,0.213729758,0.1973150043,0.5682282014,0.6,0.5922748009,0.6413039307
3189,1.0,0.0,0.0,0.0,1.0,1.0,0.3168485809,0.3015194988,0.5675146308,0.5864196541,0.6244723231,0.6153847229
3190,1.0,0.0,0.0,0.0,1.0,1.0,0.3331474512,0.3267405953,0.5221580354,0.5895951224,0.6068373774,0.6013075986
3191,1.0,0.0,0.0,0.0,1.0,1.0,0.3474695393,0.3704827363,0.519626174,0.5967743725,0.607758751,0.5988377533
3192,1.0,0.0,0.0,0.0,1.0,1.0,0.3428739,0.3694517587,0.4963502691,0.6010634282,0.5982905539,0.6011558661
3193,1.0,0.7853981853,0.0,0.0,1.0,1.0,0.3313463413,0.3636267704,0.475675576,0.6195656693,0.570212824,0.5964916736
3194,1.0,0.7853981853,0.0,0.0,1.0,1.0,0.3184062197,0.3663208954,0.4601770567,0.5999997675,0.5635593934,0.5838147003
3195,1.0,0.7853981853,0.0,0.0,1.0,1.0,0.3127749673,0.3584957005,0.417266113,0.6321835198,0.5260869297,0.6060606433
3196,1.0,0.7853981853,0.0,0.0,1.0,1.0,0.3082218962,0.3559962144,0.4124087164,0.6331357551,0.5221237,0.6149068791
3197,1.0,0.7853981853,0.0,0.0,1.0,1.0,0.3167631273,0.3666073172,0.4134790363,0.6264365197,0.5327508127,0.6071427707
3198,1.0,0.7853981853,0.0,0.0,1.0,1.0,0.3077991678,0.3547805804,0.4112320309,0.6411756537,0.5238095657,0.6097553712
3199,1.0,0.7853981853,0.0,0.0,1.0,1.0,0.3075203813,0.3535142455,0.4139193404,0.6309529993,0.5283844864,0.6111116678
3200,1.0,0.7853981853,0.0,0.0,1.0,1.0,0.3123257335,0.3572568168,0.4191176024,0.6352938819,0.5394737478,0.6196317963
3201,1.0,0.7853981853,0.0,0.0,1.0,1.0,0.2996500772,0.3498049541,0.4113345718,0.6463420075,0.5347825569,0.6335406785
3202,1.0,0.7853981853,0.0,0.0,1.0,1.0,0.3080718992,0.352994589,0.3978494703,0.6395345782,0.5191488693,0.6265056216
3203,1.0,0.7853981853,0.0,0.0,1.0,1.0,0.3128842276,0.3578509413,0.3720929783,0.6514286724,0.4915254089,0.6213018185
3204,1.0,0.7853981853,0.0,0.0,1.0,1.0,0.3062808562,0.3514987052,0.3637992315,0.6491227015,0.4830509951,0.6204818456
3205,1.0,0.7853981853,0.0,0.0,1.0,1.0,0.3034019414,0.3485448905,0.3732143742,0.6470592473,0.49159641,0.6144583054
3206,1.0,0.7853981853,0.0,0.0,1.0,1.0,0.2992981179,0.3422457066,0.3761140839,0.6607141346,0.5042016448,0.6257667871
3207,1.0,0.7853981853,0.0,0.0,1.0,1.0,0.2916522179,0.3443457552,0.3701066885,0.6463416153,0.491596882,0.6219515537
3208,1.0,0.7853981853,0.0,0.0,1.0,1.0,0.2984198073,0.3456405324,0.378091905,0.6508881459,0.4958333351,0.6204818227
3209,1.0,0.7853981853,0.0,0.0,1.0,1.0,0.2934306923,0.3407186643,0.3825622617,0.6303021869,0.5,0.6181824281
3210,1.0,0.7853981853,0.0,0.0,1.0,1.0,0.2918723487,0.337925936,0.3823009185,0.6484854639,0.5081969505,0.6242426066
3211,1.0,0.7853981853,0.0,0.0,1.0,1.0,0.283504175,0.3255443176,0.3770197734,0.6645564634,0.5020748816,0.6305730801
3212,1.0,0.7853981853,0.0,0.0,1.0,1.0,0.07568626069,0.1169073104,0.4058252362,1.0,0.4816516641,0.6666653408
3213,1.0,0.0,0.0,0.0,1.0,1.0,0.06138612947,0.1535841659,0.4145873402,0.7812524006,0.4816515032,0.3283588478
3214,1.0,0.7853981853,0.0,0.0,0.0,1.0,0.0,0.1255002899,0.0,0.0,0.5068492334,0.4909104855
3215,1.0,0.7853981853,0.0,0.0,1.0,1.0,0.2242913261,0.2624580732,0.3842010575,0.6879995729,0.5126052002,0.6559996396
3216,1.0,0.7853981853,0.0,0.0,1.0,1.0,0.2671073662,0.30148453,0.3752211404,0.6423845402,0.500000213,0.6369862433
3217,1.0,0.7853981853,0.0,0.0,1.0,1.0,0.2822163067,0.3227365078,0.3848921299,0.6560508229,0.512499846,0.6451610355
3218,1.0,0.7853981853,0.0,0.0,1.0,1.0,0.2845256749,0.321249495,0.3819820335,0.6645567985,0.5084033883,0.640522222
3219,1.0,0.7853981853,0.0,0.0,1.0,1.0,0.2873618668,0.3275483218,0.3797467842,0.6477981218,0.5,0.6346159621
3220,1.0,0.7853981853,0.0,0.0,1.0,1.0,0.291728944,0.3310646616,0.3819819379,0.6481473108,0.508333291,0.6415095547
3221,1.0,0.7853981853,0.0,0.0,1.0,1.0,0.2950048914,0.328328914,0.3881931937,0.6484846234,0.5123966628,0.6477993805
3222,1.0,0.7853981853,0.0,0.0,1.0,1.0,0.2967929568,0.3324588773,0.3917710371,0.6325295315,0.5165290431,0.6335407689
3223,1.0,0.7853981853,0.0,0.0,1.0,1.0,0.3075206521,0.3414763071,0.3828265181,0.6337217849,0.5124999841,0.640244092
3224,1.0,0.0,0.0,0.0,1.0,1.0,0.3046425516,0.3407188823,0.3796792831,0.6315785056,0.5082641829,0.6424243704
3225,1.0,0.0,0.0,0.0,1.0,1.0,0.3047939592,0.3358780752,0.384751687,0.6220926333,0.5122951321,0.6402437339
3226,1.0,0.0,0.0,0.0,1.0,1.0,0.3090147431,0.3434295616,0.3745582648,0.6228566735,0.5061730689,0.6407184745
3227,1.0,0.7853981853,0.0,0.0,1.0,1.0,0.2971792885,0.3324589414,0.3823009211,0.636903908,0.5123963884,0.645962129
3228,1.0,0.7853981853,0.0,0.0,1.0,1.0,0.3019513397,0.3358777498,0.3780918998,0.6257307121,0.5081967905,0.646342184
3229,1.0,0.7853981853,0.0,0.0,1.0,1.0,0.2996564762,0.3331473389,0.3809524501,0.6235296684,0.51028816,0.6419753714
3230,1.0,0.7853981853,0.0,0.0,1.0,1.0,0.2957348916,0.3317647389,0.3796790808,0.6325295764,0.5020744026,0.6437495508
3231,1.0,0.7853981853,0.0,0.0,1.0,1.0,0.2921719786,0.3269009735,0.3796792058,0.6280490896,0.5041669263,0.6433119586
3232,1.0,0.7853981853,0.0,0.0,1.0,1.0,0.2934304761,0.3283289648,0.387900422,0.6363631893,0.5082642447,0.6415096506
3233,1.0,0.7853981853,0.0,0.0,1.0,1.0,0.3012504858,0.3386538381,0.3829787734,0.6352942447,0.516529117,0.6463422064
3234,1.0,0.7853981853,0.0,0.0,1.0,1.0,0.2987656262,0.3365887491,0.3843415217,0.6369042398,0.5206614015,0.6564415329
3235,1.0,0.7853981853,0.0,0.0,1.0,1.0,0.3047943306,0.3359120537,0.3918438874,0.6395346223,0.5186722622,0.6481484274
3236,1.0,0.7853981853,0.0,0.0,1.0,1.0,0.3028611953,0.3359121032,0.3903743559,0.6294117435,0.5186720812,0.6481480312
3237,1.0,0.7853981853,0.0,0.0,1.0,1.0,0.2980480176,0.3331476554,0.3892856767,0.6347313113,0.5166668019,0.662499407
3238,1.0,0.7853981853,0.0,0.0,1.0,1.0,0.3037175219,0.3386538556,0.3851590093,0.6453485307,0.5165288869,0.6524400666
3239,1.0,0.7853981853,0.0,0.0,1.0,1.0,0.2919513919,0.3227366022,0.3781361891,0.6319020399,0.5041664864,0.6645169941
3240,1.0,0.7853981853,0.0,0.0,1.0,1.0,0.06534789963,0.1879680789,0.442307763,0.7647093653,0.504587283,0.4756101453
3241,1.0,0.7853981853,0.0,0.0,1.0,1.0,0.06497337395,0.2030828325,0.4531548765,0.7941195672,0.534246506,0.4831458636
3242,1.0,0.7853981853,0.0,0.0,1.0,1.0,0.1543394661,0.2052425685,0.4067796771,0.7195134553,0.5044642214,0.652173341
3243,1.0,0.7853981853,0.0,0.0,1.0,1.0,0.2458521858,0.2792559559,0.3885918283,0.6594197828,0.5252100858,0.6917288471
3244,1.0,0.7853981853,0.0,0.0,1.0,1.0,0.2681868344,0.2977504539,0.3881933264,0.6533327655,0.5083334084,0.6853146954
3245,1.0,0.7853981853,0.0,0.0,1.0,1.0,0.2748462456,0.31517699,0.3821428487,0.6363635155,0.5062239466,0.6447368598
3246,1.0,0.7853981853,0.0,0.0,1.0,1.0,0.2660512318,0.2977930072,0.3905428644,0.644736733,0.5224488782,0.6712330935
3247,1.0,0.7853981853,0.0,0.0,1.0,1.0,0.2156397044,0.2422889068,0.3752346112,0.6782599445,0.4848486452,0.6785711035
3248,1.0,0.7853981853,0.0,0.0,1.0,1.0,0.06057217887,0.2148121927,0.4393939245,0.4687528386,0.5113123786,0.3789475525
3249,1.0,0.7853981853,0.0,0.0,1.0,1.0,0.0657530603,0.1998880631,0.4210526112,0.4571453843,0.4888888176,0.3777784912
3250,1.0,0.7853981853,0.0,0.0,1.0,1.0,0.06404169195,0.1927174804,0.4582525628,0.6060575838,0.5470850654,0.465114666
3251,1.0,0.7853981853,0.0,0.0,1.0,1.0,0.1357039677,0.1644912011,0.4165136884,0.7837824871,0.5458334946,0.6962016951
3252,1.0,0.7853981853,0.0,0.0,1.0,1.0,0.2238895185,0.2457643461,0.4014338191,0.6800002672,0.5409835995,0.7000006959
3253,1.0,0.7853981853,0.0,0.0,1.0,1.0,0.2613379901,0.2886835586,0.4116607793,0.6418909674,0.5537848937,0.6758622278
3254,1.0,0.7853981853,0.0,0.0,1.0,1.0,0.2633782658,0.295470255,0.4066317627,0.6556292499,0.5476190476,0.6711406078
3255,1.0,0.7853981853,0.0,0.0,1.0,1.0,0.2785900449,0.3088825539,0.4076655648,0.6437491253,0.5551179515,0.6496815715
3256,1.0,0.7853981853,0.0,0.0,1.0,1.0,0.2727352805,0.3105837315,0.4137323518,0.6451611589,0.5617530014,0.6538468806
3257,1.0,0.7853981853,0.0,0.0,1.0,1.0,0.2853048946,0.3174694144,0.4063047334,0.6503068824,0.5529413116,0.6543207484
3258,1.0,0.7853981853,0.0,0.0,1.0,1.0,0.274978849,0.308592697,0.4021163531,0.6538469755,0.549800734,0.6645160423
3259,1.0,0.7853981853,0.0,0.0,1.0,1.0,0.2714533752,0.3030434149,0.4021164488,0.6558438921,0.5421687554,0.6688742271
3260,1.0,0.7853981853,0.0,0.0,1.0,1.0,0.2780139553,0.3105834679,0.4014085291,0.645569109,0.5418326252,0.6666666667
3261,1.0,0.7853981853,0.0,0.0,1.0,1.0,0.2687427001,0.2982522189,0.4094903814,0.6405228938,0.5573122118,0.6754965315
3262,1.0,0.7853981853,0.0,0.0,1.0,1.0,0.2673332935,0.2943020503,0.3968531259,0.6405239223,0.545454771,0.6711409962
3263,1.0,0.0,0.0,0.0,1.0,1.0,0.2720993448,0.2998327694,0.3979057592,0.6410248109,0.537254902,0.6666657497
3264,1.0,0.0,0.0,0.0,1.0,1.0,0.2728911968,0.3017923845,0.4069564775,0.6560503982,0.5490194617,0.6818180571
3265,1.0,0.0,0.0,0.0,1.0,1.0,0.269279611,0.2963461754,0.4075992522,0.6474354078,0.5426356461,0.6862745371
3266,1.0,0.0,0.0,0.0,1.0,1.0,0.2654767165,0.2974995914,0.4062499219,0.6470595617,0.540856157,0.679737587
3267,1.0,0.0,0.0,0.0,1.0,1.0,0.2766620318,0.3052767764,0.4013841231,0.6374999341,0.5486380701,0.6687901339
3268,1.0,0.0,0.0,0.0,1.0,1.0,0.2722555847,0.3053849454,0.4094902251,0.6387094161,0.5515876079,0.6558437765
3269,1.0,0.0,0.0,0.0,1.0,1.0,0.2735314978,0.3029805255,0.4087719608,0.6410250587,0.547244038,0.6688307294
3270,1.0,0.0,0.0,0.0,1.0,1.0,0.2717780095,0.3010129987,0.4175438851,0.6387106831,0.5590551739,0.6732038004
3271,1.0,0.0,0.0,0.0,1.0,1.0,0.2724143417,0.3006291839,0.4106194873,0.6363641243,0.5458167068,0.6622513384
3272,1.0,0.0,0.0,0.0,1.0,1.0,0.2761380272,0.3018314979,0.4260249594,0.6387091326,0.5600003156,0.6688735435
3273,1.0,0.0,0.0,0.0,1.0,1.0,0.1697163685,0.2105206747,0.41698118,0.7111117661,0.5234041316,0.6666666667
3274,1.0,0.0,0.0,0.0,1.0,1.0,0.07417754436,0.1658268158,0.4394530222,0.6578913786,0.493273571,0.3783793377
3275,1.0,0.0,0.0,0.0,1.0,1.0,0.07222555061,0.1465847869,0.4472654888,0.7297306059,0.5155555832,0.4090899453
3276,1.0,0.0,0.0,0.0,1.0,1.0,0.1294513688,0.159393714,0.4133332994,0.79411738,0.521551512,0.7027033793
3277,1.0,0.0,0.0,0.0,1.0,1.0,0.2150932675,0.2250809776,0.4211502207,0.7155174565,0.5537193329,0.7064220009
3278,1.0,0.0,0.0,0.0,1.0,1.0,0.2634893017,0.2812195324,0.4127273128,0.6620683174,0.5506070761,0.6762593561
3279,1.0,0.0,0.0,0.0,1.0,1.0,0.2738939621,0.2965822508,0.4192377354,0.6357617958,0.5528454778,0.6506857475
3280,1.0,0.0,0.0,0.0,1.0,1.0,0.2752084266,0.3034744845,0.4221015229,0.644737358,0.550607146,0.6599998904
3281,1.0,0.0,0.0,0.0,1.0,1.0,0.2743919542,0.3014510759,0.4290908747,0.6423835034,0.5587044551,0.6577169769
3282,1.0,0.0,0.0,0.0,1.0,1.0,0.2804188799,0.302619764,0.4244604384,0.6410263258,0.5617530624,0.6578939073
3283,1.0,0.0,0.0,0.0,1.0,1.0,0.2868275501,0.3212489199,0.4188948213,0.6459624823,0.5555556479,0.6481486273
3284,1.0,0.0,0.0,0.0,1.0,1.0,0.2822577302,0.3140539661,0.4174066915,0.6352198312,0.5573121898,0.6477981446
3285,1.0,0.0,0.0,0.0,1.0,1.0,0.2794896794,0.310103548,0.4212390129,0.6518991737,0.5652175,0.6433122389
3286,1.0,0.0,0.0,0.0,1.0,1.0,0.282029278,0.3133174446,0.4162256917,0.6437503394,0.5555554644,0.6455690568
3287,1.0,0.0,0.0,0.0,1.0,1.0,0.2870736668,0.3219546613,0.4219858784,0.629629534,0.5612649266,0.6319020137
3288,1.0,0.0,0.0,0.0,1.0,1.0,0.2840332182,0.3128174449,0.4156305578,0.6562496766,0.5590553458,0.6289307767
3289,1.0,0.0,0.0,0.0,1.0,1.0,0.2850460245,0.3133173332,0.4117647275,0.6562507256,0.5515873536,0.6455693557
3290,1.0,0.0,0.0,0.0,1.0,1.0,0.2758316795,0.3018312133,0.4229390583,0.6493503067,0.5480003655,0.6556286847
3291,1.0,0.0,0.0,0.0,1.0,1.0,0.280981579,0.3118257085,0.4092526061,0.6582281439,0.5400002214,0.653846609
3292,1.0,0.0,0.0,0.0,1.0,1.0,0.277125872,0.3066017806,0.4203935735,0.6451612045,0.5577690192,0.6298698429
3293,1.0,0.0,0.0,0.0,1.0,1.0,0.2858085953,0.3192663394,0.4209591429,0.645963012,0.5595240486,0.6335408193
3294,1.0,0.0,0.0,0.0,1.0,1.0,0.2751571684,0.3093508544,0.4227353875,0.6580644648,0.5595235668,0.6346149536
3295,1.0,0.0,0.0,0.0,1.0,1.0,0.2748467662,0.3038304402,0.4107143038,0.6558440163,0.5439998975,0.6447370032
3296,1.0,0.0,0.0,0.0,1.0,1.0,0.2863263482,0.3178226133,0.4108109045,0.647798378,0.5399999916,0.6477988415
3297,1.0,0.0,0.0,0.0,1.0,1.0,0.2755218922,0.3082956562,0.4216216151,0.6470584295,0.5524194098,0.6470584295
3298,1.0,0.0,0.0,0.0,1.0,1.0,0.2835042165,0.3170920299,0.4165170563,0.639241209,0.5461847356,0.6455692565
3299,1.0,0.0,0.0,0.0,1.0,1.0,0.2755220395,0.3070576819,0.4090090339,0.6470593813,0.546184744,0.6470593813
3300,1.0,0.0,0.0,0.0,1.0,1.0,0.281709617,0.3150848008,0.4129264244,0.6433124636,0.5381528578,0.6496816717
3301,1.0,0.0,0.0,0.0,1.0,1.0,0.2809240745,0.313824801,0.4180179494,0.6410258102,0.5520003029,0.6369423828
3302,1.0,0.0,0.0,0.0,1.0,1.0,0.2898734999,0.3205380746,0.4128113353,0.6380373811,0.5537850037,0.627329509
3303,1.0,0.0,0.0,0.0,1.0,1.0,0.2875836018,0.3140538455,0.4209591284,0.6296293924,0.5573122902,0.6289305877
3304,1.0,0.0,0.0,0.0,1.0,1.0,0.2733816473,0.300227265,0.4156304766,0.6428568563,0.5533596822,0.6315795177
3305,1.0,0.0,0.0,0.0,1.0,1.0,0.2771262839,0.3085928243,0.4293381642,0.6387090774,0.561753006,0.6193545387
3306,1.0,0.0,0.0,0.0,1.0,1.0,0.272249584,0.3014188694,0.4318996916,0.6513163505,0.5714283966,0.6249996616
3307,1.0,0.0,0.0,0.0,1.0,1.0,0.2740403046,0.3066015786,0.4229391428,0.6405226549,0.5537849967,0.629870252
3308,1.0,0.0,0.0,0.0,1.0,1.0,0.2789140332,0.3118258518,0.4221824077,0.6217948971,0.5520000557,0.6346146521
3309,1.0,0.0,0.0,0.0,1.0,1.0,0.2758315682,0.3058295066,0.4283153979,0.6298706234,0.5559998424,0.6339865685
3310,1.0,0.0,0.0,0.0,1.0,1.0,0.2771259289,0.3046109328,0.4329159721,0.6451617702,0.5617529315,0.6405236638
3311,1.0,0.0,0.0,0.0,1.0,1.0,0.2876090859,0.3093511956,0.4298560565,0.6312503166,0.5515869696,0.628204872
3312,1.0,0.0,0.0,0.0,1.0,1.0,0.2868275107,0.3167523805,0.4260249384,0.6273290303,0.5590548836,0.621118718
3313,1.0,0.0,0.0,0.0,1.0,1.0,0.2895906325,0.3201333848,0.4204947225,0.6341462169,0.5546875734,0.6158537831
3314,1.0,0.0,0.0,0.0,1.0,1.0,0.279701184,0.3029803917,0.438502599,0.6305741661,0.5629922266,0.6233762348
3315,1.0,0.0,0.0,0.0,1.0,1.0,0.2840141859,0.3113336969,0.4262589219,0.6392405642,0.5476189405,0.6369434285
3316,1.0,0.0,0.0,0.0,1.0,1.0,0.2915041878,0.3213891789,0.4275362353,0.6521731895,0.5647059061,0.6280489797
3317,1.0,0.0,0.0,0.0,1.0,1.0,0.2793355145,0.3081283432,0.4355717771,0.6363643677,0.573122707,0.628205213
3318,1.0,0.0,0.0,0.0,1.0,1.0,0.2915804691,0.3128172006,0.4311927487,0.6415087753,0.5708658917,0.6352198005
3319,1.0,0.0,0.0,0.0,1.0,1.0,0.3000133165,0.3254000098,0.4285713752,0.6325306227,0.5697675488,0.6309528054
3320,1.0,0.0,0.0,0.0,1.0,1.0,0.2980152445,0.3181814494,0.4490909458,0.6402442038,0.5820311137,0.6257673405
3321,1.0,0.0,0.0,0.0,1.0,1.0,0.2972792903,0.3188880523,0.4507299227,0.6503059528,0.5836577871,0.6280498078
3322,1.0,0.0,0.0,0.0,1.0,1.0,0.2535622124,0.2587486145,0.4333332947,0.6642338773,0.5612649674,0.6564876727
3323,1.0,0.0,0.0,0.0,1.0,1.0,0.09956120382,0.1349456389,0.446360098,0.4807699229,0.51054839,0.3593735276
3324,1.0,0.0,0.0,0.0,1.0,1.0,0.09490836296,0.1270479174,0.4457364193,0.4897928144,0.5127119368,0.3833324133
3325,1.0,0.0,0.0,0.0,1.0,1.0,0.1206870247,0.1178204719,0.4566038529,0.7343757706,0.5691056424,0.724137931
3326,1.0,0.0,0.0,0.0,1.0,1.0,0.2332627604,0.2431074164,0.447037802,0.6923083239,0.586872501,0.6746033091
3327,1.0,0.0,0.0,0.0,1.0,1.0,0.2552533027,0.2641110311,0.4406474863,0.6619711316,0.5817489522,0.6546752304
3328,1.0,0.0,0.0,0.0,1.0,1.0,0.2781212497,0.2937291157,0.4380610257,0.6451615561,0.5763357818,0.6428573403
3329,1.0,0.0,0.0,0.0,1.0,1.0,0.2758315087,0.2907121276,0.4336917352,0.649351291,0.5741443034,0.6470595549
3330,1.0,0.0,0.0,0.0,1.0,1.0,0.2873622107,0.3021123521,0.4358046741,0.6540870086,0.5741444928,0.6352203508
3331,1.0,0.0,0.0,0.0,1.0,1.0,0.2884049283,0.3009684409,0.4428312106,0.6540888391,0.5833334672,0.6477981715
3332,1.0,0.0,0.0,0.0,1.0,1.0,0.2917290917,0.2983408671,0.4522523943,0.6543213467,0.5858208881,0.6375002509
3333,1.0,0.0,0.0,0.0,1.0,1.0,0.2826889787,0.2952900997,0.4525546618,0.6580651937,0.5871211338,0.6410253946
3334,1.0,0.0,0.0,0.0,1.0,1.0,0.09547501698,0.1484526494,0.487804829,0.4255326698,0.5355646785,0.3521128828
3335,1.0,0.0,0.0,0.0,1.0,1.0,0.1208340494,0.1617949407,0.4959015861,0.3559328008,0.5327870912,0.3037971684
3336,1.0,0.0,0.0,0.0,1.0,1.0,0.09538223099,0.1312993437,0.5124481799,0.521736147,0.5647057368,0.3880588577
3337,1.0,0.0,0.0,0.0,1.0,1.0,0.09810455174,0.1135729341,0.4519427015,0.8125027771,0.5530304835,0.7666661927
3338,1.0,0.0,0.0,0.0,1.0,1.0,0.2178008296,0.1929072485,0.3767820629,0.7196272453,0.518382228,0.7047607284
3339,1.0,-0.7853981853,0.0,0.0,1.0,1.0,0.2937136338,0.2418004494,0.3510204616,0.6527774683,0.4982078867,0.7037032343
3340,1.0,-0.7853981853,0.0,0.0,1.0,1.0,0.3289567714,0.2525280802,0.3689727687,0.6496820889,0.5160143545,0.7042250993
3341,1.0,-0.7853981853,0.0,0.0,1.0,1.0,0.3366106433,0.2559122278,0.3659043531,0.6296292421,0.5190310937,0.6959458492
3342,1.0,-0.7853981853,0.0,0.0,1.0,1.0,0.3533592066,0.2670923336,0.3702929999,0.6153848064,0.5137930773,0.6838703826
3343,1.0,-0.7853981853,0.0,0.0,1.0,1.0,0.3561110383,0.2716253854,0.3764580737,0.6190473811,0.5296166509,0.6858978756
3344,1.0,-0.7853981853,0.0,0.0,1.0,1.0,0.3664621491,0.2789537113,0.3854166145,0.6193182359,0.534246487,0.6871168087
3345,1.0,-0.7853981853,0.0,0.0,1.0,1.0,0.3495432246,0.2697455346,0.3780104843,0.6287421025,0.529411613,0.6987176248
3346,1.0,-0.7853981853,0.0,0.0,1.0,1.0,0.3500155637,0.2706824437,0.3797467321,0.6265057204,0.5381944797,0.6987172694
3347,1.0,-0.7853981853,0.0,0.0,1.0,1.0,0.3603855475,0.2853076546,0.3605871506,0.6220926776,0.5190311569,0.6909094359
3348,1.0,-0.7853981853,0.0,0.0,1.0,1.0,0.3470864387,0.2741524688,0.3661089184,0.62650649,0.5277778676,0.6962029298
3349,1.0,-0.7853981853,0.0,0.0,1.0,1.0,0.3401460204,0.2782134123,0.3340337315,0.6296291552,0.5,0.67515836
3350,1.0,-0.7853981853,0.0,0.0,1.0,1.0,0.3331475711,0.2694923186,0.3354566434,0.636942205,0.4964284751,0.6821194594
3351,1.0,-0.7853981853,0.0,0.0,1.0,1.0,0.3387939365,0.2748464531,0.3305084746,0.637499936,0.4964285714,0.6753255218
3352,1.0,-0.7853981853,0.0,0.0,1.0,1.0,0.2487691399,0.2231227317,0.3427947588,0.657893635,0.4760149578,0.636362545
3353,1.0,0.0,0.0,0.0,1.0,1.0,0.1015596243,0.1834180624,0.4734410619,0.4772717823,0.5430710499,0.3367344822
3354,1.0,0.0,0.0,0.0,1.0,1.0,0.1084843921,0.1822291774,0.4849884204,0.3617041705,0.5526315891,0.3092791135
3355,1.0,0.0,0.0,0.0,1.0,1.0,0.09646712418,0.1495515364,0.4971942366,0.6744153781,0.6058393695,0.5609767112
3356,1.0,-0.7853981853,0.0,0.0,1.0,1.0,0.1889054835,0.1745351761,0.3692307658,0.7209307891,0.5110294757,0.6736833439
3357,1.0,-0.7853981853,0.0,0.0,1.0,1.0,0.2673664292,0.2291139558,0.3354564143,0.6587298534,0.4909746098,0.6850402456
3358,1.0,-0.7853981853,0.0,0.0,1.0,1.0,0.3112667465,0.2561746592,0.3199152799,0.6462582151,0.4837547412,0.6830986533
3359,1.0,-0.7853981853,0.0,0.0,1.0,1.0,0.2989784518,0.2462390634,0.3290597275,0.6428575673,0.4891301769,0.6911760658
3360,1.0,0.0,0.0,0.0,1.0,1.0,0.3027971362,0.2480500522,0.3241527053,0.6433569213,0.4782609027,0.6934306906
3361,1.0,0.0,0.0,0.0,1.0,1.0,0.2112110424,0.1859862701,0.3442266114,0.7216488473,0.4736843945,0.6767691745
3362,1.0,0.0,0.0,0.0,1.0,1.0,0.1103137558,0.1771401292,0.4768212288,0.4199989106,0.5447761865,0.3263158823
3363,1.0,0.0,0.0,0.0,1.0,1.0,0.134415512,0.1825547172,0.4750540693,0.2903241163,0.5424354961,0.282827616
3364,1.0,0.0,0.0,0.0,1.0,1.0,0.1155673042,0.1757257466,0.4860814912,0.3703680565,0.564102762,0.3437493823
3365,1.0,0.0,0.0,0.0,1.0,1.0,0.097403146,0.1629524903,0.5148304803,0.6521746926,0.6159418883,0.4555545628
3366,1.0,0.0,0.0,0.0,1.0,1.0,0.121271278,0.1417390947,0.5041841277,0.7241390626,0.6218183649,0.6666675704
3367,1.0,0.0,0.0,0.0,1.0,1.0,0.1917298035,0.1860662235,0.5204080935,0.6702119838,0.6453897972,0.6380948582
3368,1.0,0.0,0.0,0.0,1.0,1.0,0.2107257763,0.2023520208,0.5140562822,0.6761901299,0.6443661275,0.6434785015
3369,1.0,0.0,0.0,0.0,1.0,1.0,0.2400232108,0.2226826624,0.5157481002,0.639344808,0.6491228465,0.6377957659
3370,1.0,0.0,0.0,0.0,1.0,1.0,0.243054712,0.2279431255,0.5019455106,0.6320007982,0.635087763,0.6461535917
3371,1.0,0.0,0.0,0.0,1.0,1.0,0.2594704603,0.242920054,0.5,0.6370376914,0.6319443974,0.649999303
3372,1.0,0.0,0.0,0.0,1.0,1.0,0.2612177034,0.244690683,0.4981060471,0.6231874783,0.6275861787,0.6408444722
3373,1.0,0.0,0.0,0.0,1.0,1.0,0.2602319893,0.2455377768,0.4886793209,0.6304337122,0.622837487,0.661972244
3374,1.0,0.0,0.0,0.0,1.0,1.0,0.2708409434,0.2568495728,0.4942747847,0.6267611107,0.6223776594,0.6530619155
3375,1.0,0.0,0.0,0.0,1.0,1.0,0.2657692214,0.2542132992,0.4981274227,0.6197190175,0.6236932486,0.6643838659
3376,1.0,0.0,0.0,0.0,1.0,1.0,0.2722361343,0.2594372457,0.4906717519,0.6164389436,0.6202089656,0.6510059964
3377,1.0,0.0,0.0,0.0,1.0,1.0,0.2596678856,0.2489898522,0.4897196794,0.6187048187,0.6202090364,0.6643362479
3378,1.0,0.0,0.0,0.0,1.0,1.0,0.2810349308,0.2673330731,0.4804469205,0.6158942229,0.6083916353,0.6470594152
3379,1.0,0.0,0.0,0.0,1.0,1.0,0.2831749921,0.2733668399,0.4777777235,0.6078440948,0.61672486,0.6560501441
3380,1.0,0.0,0.0,0.0,1.0,1.0,0.2879122806,0.2785901157,0.4587155982,0.6178352908,0.5993031171,0.6500008281
3381,1.0,0.0,0.0,0.0,1.0,1.0,0.2920329899,0.2799124523,0.4591650868,0.6086960687,0.6082474188,0.6564415519
3382,1.0,0.0,0.0,0.0,1.0,1.0,0.2312138991,0.2357838131,0.4645521834,0.6370976808,0.6021126253,0.6492547911
3383,1.0,0.0,0.0,0.0,1.0,1.0,0.07403254458,0.238672579,0.4892788508,0.6052618293,0.5708955016,0.4062497398
3384,1.0,0.0,0.0,0.0,1.0,1.0,0.06919206264,0.2286544042,0.471153812,0.7222225578,0.5719556189,0.4516126204
3385,1.0,0.0,0.0,0.0,1.0,1.0,0.08150803178,0.2117775713,0.4640776898,0.7619050113,0.5687731962,0.5350866021
3386,1.0,0.0,0.0,0.0,1.0,1.0,0.08505896168,0.2102146705,0.4622822394,0.8409088639,0.5756457116,0.5789479772
3387,1.0,0.0,0.0,0.0,1.0,1.0,0.1162142168,0.191774584,0.4593024651,0.8500010774,0.583026015,0.6923080111
3388,1.0,0.0,0.0,0.0,1.0,1.0,0.1580069124,0.2082172935,0.4514284926,0.7469896095,0.594202645,0.6695661639
3389,1.0,0.0,0.0,0.0,1.0,1.0,0.1681477988,0.2121115775,0.4480151019,0.7415745187,0.5863308169,0.6694910248
3390,1.0,0.0,0.0,0.0,1.0,1.0,0.1697166686,0.2077693443,0.4547169543,0.7222226273,0.5985663757,0.6724123299
3391,1.0,0.0,0.0,0.0,1.0,1.0,0.172511525,0.2105968534,0.4409005241,0.7173902208,0.5928573071,0.6779658508
3392,1.0,0.0,0.0,0.0,1.0,1.0,0.1792889251,0.2139089814,0.4637405177,0.7340429019,0.6151079934,0.6722685812
3393,1.0,0.0,0.0,0.0,1.0,1.0,0.1865625088,0.21828965,0.4590477395,0.7244893376,0.6137185477,0.6942147708
3394,1.0,0.0,0.0,0.0,1.0,1.0,0.1960809407,0.2175043761,0.4476188997,0.7087387049,0.6043162204,0.6611575597
3395,1.0,0.0,0.0,0.0,1.0,1.0,0.1896471034,0.21750468,0.4535104246,0.7300000657,0.5971222682,0.6694215474
3396,1.0,0.0,0.0,0.0,1.0,1.0,0.1991298525,0.2157071041,0.4459202538,0.6952373776,0.5971223988,0.6583329365
3397,1.0,0.0,0.0,0.0,1.0,1.0,0.1961170632,0.2141660953,0.4452829366,0.7115370496,0.5928571456,0.6666660606
3398,1.0,0.0,0.0,0.0,1.0,1.0,0.1941776098,0.2154593163,0.4514285083,0.715686001,0.6014491375,0.6722696651
3399,1.0,0.0,0.0,0.0,1.0,1.0,0.2085297349,0.2213050288,0.4586465456,0.702703925,0.6107140617,0.6774196955
3400,1.0,0.0,0.0,0.0,1.0,1.0,0.2231400846,0.2284439531,0.4521576232,0.6890763117,0.6035712692,0.6718751606
3401,1.0,0.0,0.0,0.0,1.0,1.0,0.2273166921,0.2328448726,0.4605263293,0.6859512798,0.6129030741,0.6692300832
3402,1.0,0.0,0.0,0.0,1.0,1.0,0.2343905778,0.2390750013,0.452157552,0.6799991612,0.611510927,0.6842109585
3403,1.0,0.0,0.0,0.0,1.0,1.0,0.2517250832,0.252547304,0.442164199,0.6666672084,0.6021505545,0.6737589866
3404,1.0,0.0,0.0,0.0,1.0,1.0,0.2349435396,0.2399379032,0.4384327791,0.6984115402,0.5956679157,0.6842099199
3405,1.0,0.0,0.0,0.0,1.0,1.0,0.2353826261,0.2372773661,0.4448598574,0.6904766911,0.5971223136,0.6969686833
3406,1.0,0.0,0.0,0.0,1.0,1.0,0.2406063869,0.2391523275,0.4407407385,0.6769244638,0.5999999211,0.6865670903
3407,1.0,0.0,0.0,0.0,1.0,1.0,0.2447233153,0.2426701967,0.4392523654,0.6717550412,0.5971223824,0.6888894722
3408,1.0,0.0,0.0,0.0,1.0,1.0,0.2545046994,0.2525470351,0.4349442963,0.6642333425,0.591397731,0.6808513954
3409,1.0,0.0,0.0,0.0,1.0,1.0,0.2484591391,0.2489584831,0.437383232,0.6616547683,0.5884476477,0.6884064772
3410,1.0,0.0,0.0,0.0,1.0,1.0,0.2544704632,0.2507494443,0.4391142744,0.6594211036,0.5907471292,0.687942984
3411,1.0,0.0,0.0,0.0,1.0,1.0,0.2526061559,0.2507431826,0.4413918874,0.6594207596,0.5901059568,0.6830984141
3412,1.0,0.0,0.0,0.0,1.0,1.0,0.2489455933,0.2480884133,0.4487179513,0.6691168386,0.5992907759,0.6999996812
3413,1.0,0.0,0.0,0.0,1.0,1.0,0.2584452894,0.2568988885,0.4321881671,0.6503495729,0.5880280261,0.6986302855
3414,1.0,0.0,0.0,0.0,1.0,1.0,0.260178081,0.2576960419,0.4362657201,0.6413794283,0.5853655951,0.6824323604
3415,1.0,0.0,0.0,0.0,1.0,1.0,0.257569502,0.2542748847,0.4482758552,0.6619721162,0.5971730179,0.6805547235
3416,1.0,0.0,0.0,0.0,1.0,1.0,0.2624436155,0.2612574058,0.4334533019,0.6506846198,0.5929823349,0.6778527281
3417,1.0,0.0,0.0,0.0,1.0,1.0,0.2543704677,0.2533548248,0.4386280684,0.6666656116,0.5944055126,0.682758557
3418,1.0,0.0,0.0,0.0,1.0,1.0,0.2535080131,0.2551768055,0.4416058468,0.6618708023,0.5992909057,0.687499711
3419,1.0,0.0,0.0,0.0,1.0,1.0,0.2512358546,0.2516322508,0.4477063322,0.6569344599,0.6028368989,0.6760556792
3420,1.0,0.0,0.0,0.0,1.0,1.0,0.2638669954,0.2621773351,0.4466545406,0.6438360132,0.602112665,0.6644293698
3421,1.0,0.0,0.0,0.0,1.0,1.0,0.2512357063,0.2516326158,0.4422017922,0.6715325674,0.5957449032,0.6830986565
3422,1.0,0.0,0.0,0.0,1.0,1.0,0.2526062298,0.2525281645,0.4340659879,0.6666661281,0.601423592,0.6760559842
3423,1.0,0.0,0.0,0.0,1.0,1.0,0.2480365469,0.2463163608,0.4343065318,0.6617637487,0.5957448144,0.6690654813
3424,1.0,0.0,0.0,0.0,1.0,1.0,0.2470944948,0.247173658,0.4317342908,0.656716592,0.587813557,0.681159983
3425,1.0,0.0,0.0,0.0,1.0,1.0,0.2406063617,0.2471737056,0.4407407858,0.6769230241,0.591397901,0.68115935
3426,1.0,0.0,0.0,0.0,1.0,1.0,0.2452504733,0.2507562122,0.4409593599,0.66917352,0.5949820391,0.6785721057
3427,1.0,0.0,0.0,0.0,1.0,1.0,0.2452505932,0.2516581506,0.4409594587,0.6691734183,0.5935250017,0.6714279192
3428,1.0,0.0,0.0,0.0,1.0,1.0,0.2322126244,0.2364270631,0.4386616043,0.66400007,0.5878137507,0.6666666667
3429,1.0,0.0,0.0,0.0,1.0,1.0,0.2424571167,0.2435916577,0.4370371504,0.6564878814,0.591397824,0.6838241017
3430,1.0,0.0,0.0,0.0,1.0,1.0,0.2387554968,0.2471546538,0.4351851719,0.6744191246,0.5920577675,0.6715322675
3431,1.0,0.0,0.0,0.0,1.0,1.0,0.2158943852,0.2299440676,0.443202919,0.6810347293,0.590579597,0.6692925454
3432,1.0,0.0,0.0,0.0,1.0,1.0,0.1954213558,0.2263228666,0.4264431794,0.6952372808,0.5724635813,0.6799999299
3433,1.0,0.0,0.0,0.0,1.0,1.0,0.1640589982,0.2186282739,0.4320755363,0.7356320675,0.5698526898,0.6890746196
3434,1.0,0.0,0.0,0.0,1.0,1.0,0.07995553869,0.2323427626,0.4952381586,0.8095223241,0.6125459769,0.5555547853
3435,1.0,0.0,0.0,0.0,1.0,1.0,0.06840280222,0.2397183047,0.4638784572,0.7777777778,0.5719560656,0.4846153846
3436,1.0,0.0,0.0,0.0,1.0,1.0,0.06714098494,0.2432601437,0.4779271864,0.571433074,0.5811318557,0.4496112496
3437,1.0,0.0,0.0,0.0,1.0,1.0,0.06701240991,0.2526892054,0.480842895,0.5142857143,0.5811320973,0.4328358209
3438,1.0,0.0,0.0,0.0,1.0,1.0,0.07396263903,0.2470741702,0.4705882107,0.6153841805,0.5687735372,0.4436080629
3439,1.0,0.0,0.0,0.0,1.0,1.0,0.07568585609,0.2536463855,0.4640778249,0.4102596918,0.5530305862,0.4104483413
3440,1.0,0.0,0.0,0.0,1.0,1.0,0.0765855353,0.2517536894,0.4655172738,0.4249974121,0.5530302062,0.4060151238
3441,1.0,0.0,0.0,0.0,1.0,1.0,0.08424392847,0.2526892541,0.4674329381,0.4090938646,0.5584904736,0.3955224248
3442,1.0,0.0,0.0,0.0,1.0,1.0,0.08123993749,0.2526268735,0.4763704299,0.465118046,0.5645755835,0.3941599457
3443,1.0,0.0,0.0,0.0,1.0,1.0,0.08185925797,0.2451458564,0.4571428928,0.3720899471,0.5396225263,0.3692307433
3444,1.0,0.0,0.0,0.0,1.0,1.0,0.09085840869,0.2574319969,0.4680850929,0.2978717457,0.5378788224,0.3161764943
3445,1.0,0.0,0.0,0.0,1.0,1.0,0.08612442448,0.2557164599,0.4809618813,0.2790708095,0.5507814034,0.3053437485
3446,1.0,0.0,0.0,0.0,1.0,1.0,0.0854393846,0.2498605595,0.4751491389,0.2790686064,0.5351563891,0.3046869759
3447,1.0,0.0,0.0,0.0,1.0,1.0,0.07688027861,0.241928734,0.4757085691,0.3157932811,0.5357143456,0.3360655596
3448,1.0,0.0,0.0,0.0,1.0,1.0,0.0856097057,0.2537953181,0.4641433927,0.3953471189,0.5393700049,0.3410854113
3449,1.0,0.0,0.0,0.0,1.0,1.0,0.07704045353,0.2437660788,0.4708331946,0.4054028599,0.532520244,0.3333327639
3450,1.0,0.0,0.0,0.0,1.0,1.0,0.06871173064,0.2467759235,0.4687499869,0.3030301178,0.5308642027,0.3250005042
3451,1.0,0.0,0.0,0.0,1.0,1.0,0.08745120448,0.2652839384,0.4729167168,0.3095244994,0.5349797655,0.294573168
3452,1.0,0.0,0.0,0.0,1.0,1.0,0.1089537251,0.2591916709,0.4737945218,0.2884618369,0.531120325,0.2719999225
3453,1.0,0.0,0.0,0.0,1.0,1.0,0.1180776085,0.2729567568,0.4704641301,0.303571043,0.5168065449,0.2692314252
3454,1.0,0.0,0.0,0.0,1.0,1.0,0.0923856506,0.2626737517,0.4768906672,0.3181828777,0.5256409863,0.2764226693
3455,1.0,0.0,0.0,0.0,1.0,1.0,0.1029727135,0.2780871238,0.4848485296,0.3137278179,0.5355649029,0.2857138372
3456,1.0,0.0,0.0,0.0,1.0,1.0,0.1108250739,0.2792561034,0.4979838862,0.2363632224,0.5504204498,0.2857145099
3457,1.0,0.0,0.0,0.0,1.0,1.0,0.128641007,0.2885419921,0.4891089775,0.230770237,0.5271964519,0.2536220722
3458,1.0,0.0,0.0,0.0,1.0,1.0,0.1388113387,0.2790110195,0.5019841658,0.1857138149,0.5291665848,0.2537307593
3459,1.0,0.0,0.0,0.0,1.0,1.0,0.1452344025,0.2852658597,0.4913958477,0.1842120567,0.5263155878,0.2553197523
3460,1.0,0.0,0.0,0.0,1.0,1.0,0.1335207725,0.2771564834,0.4734772617,0.1911771369,0.5084032164,0.2651515269
3461,1.0,0.0,0.0,0.0,1.0,1.0,0.1388656204,0.256004374,0.4755380897,0.1549292584,0.5,0.2479993824
3462,1.0,0.0,0.0,0.0,1.0,1.0,0.1473278248,0.2727644704,0.4800796449,0.2162168051,0.5083335187,0.2595421844
3463,1.0,0.0,0.0,0.0,1.0,1.0,0.1542227517,0.2613601311,0.4769539695,0.2077942343,0.5104603768,0.248
3464,1.0,0.0,0.0,0.0,1.0,1.0,0.1622339219,0.2897542366,0.47494987,0.2098757292,0.4957983158,0.2608691913
3465,1.0,0.0,0.0,0.0,1.0,1.0,0.1556019007,0.2759962106,0.4870259843,0.2051288485,0.514644372,0.2575759822
3466,1.0,0.0,0.0,0.0,1.0,1.0,0.1659074347,0.2831751669,0.488000067,0.2409647244,0.5124999325,0.2794115274
3467,1.0,0.0,0.0,0.0,1.0,1.0,0.1632553254,0.28317519,0.4780875971,0.2317077558,0.5041664909,0.2720600889
3468,1.0,0.0,0.0,0.0,1.0,1.0,0.1588647757,0.2727642942,0.4909456899,0.2278490101,0.512500112,0.2748098669
3469,1.0,0.0,0.0,0.0,1.0,1.0,0.154369325,0.2632274399,0.4811881355,0.1666674952,0.5020575951,0.265625639
3470,1.0,0.0,0.0,0.0,1.0,1.0,0.1519152044,0.2591913086,0.4900000714,0.1578957919,0.5103734178,0.2639999391
3471,1.0,0.0,0.0,0.0,1.0,1.0,0.1519148383,0.254024801,0.5,0.1447364679,0.5208334697,0.2377053801
3472,1.0,0.0,0.0,0.0,1.0,1.0,0.1570832634,0.2673404073,0.4891945594,0.1874989369,0.5226335129,0.2769230539
3473,1.0,0.0,0.0,0.0,1.0,1.0,0.1626076229,0.2723889997,0.4940475585,0.1951233451,0.5245902098,0.2781951245
3474,1.0,0.0,0.0,0.0,1.0,1.0,0.1566583709,0.2632276008,0.4880952187,0.1772152517,0.5185182247,0.2734371468
3475,1.0,0.0,0.0,0.0,1.0,1.0,0.1610103618,0.2714533925,0.4813360002,0.1951222407,0.5102879242,0.2727274068
3476,1.0,0.0,0.0,0.0,1.0,1.0,0.159989606,0.2621488638,0.4861660644,0.1728388116,0.5040983141,0.2812504353
3477,1.0,0.0,0.0,0.0,1.0,1.0,0.1523902864,0.2570583327,0.4970296666,0.1298701299,0.5226337878,0.264
3478,1.0,0.0,0.0,0.0,1.0,1.0,0.157083225,0.2601006211,0.4872299164,0.1874986298,0.5163934295,0.2755900558
3479,1.0,0.0,0.0,0.0,1.0,1.0,0.1560392379,0.2580523717,0.492094867,0.1645579051,0.5163936303,0.2777782103
3480,1.0,0.0,0.0,0.0,1.0,1.0,0.1520889198,0.2498602865,0.4960474297,0.1428571429,0.5204917111,0.2622956351
3481,1.0,0.0,0.0,0.0,1.0,1.0,0.1498176945,0.250888523,0.4950689802,0.1315784089,0.5226338501,0.2540992227
3482,1.0,0.0,0.0,0.0,1.0,1.0,0.1555554295,0.2609876933,0.4747081513,0.1875004558,0.5060730911,0.2713176308
3483,1.0,0.0,0.0,0.0,1.0,1.0,0.1587350103,0.2599356474,0.4941176937,0.1481487645,0.5282259645,0.2403096957
3484,1.0,0.0,0.0,0.0,1.0,1.0,0.153760186,0.2641967684,0.5009861241,0.1666654131,0.536885264,0.2635656917
3485,1.0,0.0,0.0,0.0,1.0,1.0,0.1379900233,0.2468009613,0.4733728339,0.17142979,0.5306121206,0.2561989045
3486,1.0,0.0,0.0,0.0,1.0,1.0,0.1246747953,0.2403717892,0.4887525924,0.2131153413,0.5443035695,0.2719297481
3487,1.0,0.0,0.0,0.0,1.0,1.0,0.1212710521,0.2402090822,0.4958157799,0.2758632263,0.5407727024,0.2857135408
3488,1.0,0.0,0.0,0.0,1.0,1.0,0.1135267494,0.2550879723,0.4868154567,0.3571431211,0.5481170932,0.3114757714
3489,1.0,0.0,0.0,0.0,1.0,1.0,0.1139895416,0.2729567894,0.498981688,0.3750023544,0.5378151037,0.3384610641
3490,1.0,0.0,0.0,0.0,1.0,1.0,0.06119018619,0.2111794959,0.4979591146,0.3000006833,0.5606695816,0.326732834
3491,1.0,0.0,0.0,0.0,1.0,1.0,0.1229473576,0.1658991487,0.4662698417,0.7580626433,0.5465587786,0.6463415552
3492,1.0,0.0,0.0,0.0,1.0,1.0,0.2601284634,0.2478617558,0.4500978917,0.6466164595,0.5560001555,0.6612898919
3493,1.0,0.0,0.0,0.0,1.0,1.0,0.2855550704,0.2690805872,0.4444444219,0.6180556938,0.5546561137,0.6616534638
3494,1.0,0.0,0.0,0.0,1.0,1.0,0.122667985,0.2073528932,0.4949699301,0.6721308657,0.5518671477,0.6399992448
3495,1.0,0.0,0.0,0.0,1.0,1.0,0.105308917,0.3023523379,0.4771371503,0.2452845969,0.5000002216,0.2777783478
3496,1.0,0.0,0.0,0.0,1.0,1.0,0.05075305934,0.2733168058,0.5195313004,0.1538467842,0.5428573291,0.3731346131
3497,1.0,0.0,0.0,0.0,1.0,1.0,0.1190261584,0.2223169067,0.4990548213,0.6031739314,0.5629920497,0.6194681592
3498,1.0,0.0,0.0,0.0,1.0,1.0,0.2498605744,0.283932421,0.4601449033,0.5797105436,0.5416667997,0.6133321523
3499,1.0,0.0,0.0,0.0,1.0,1.0,0.2781215193,0.302070503,0.4560143724,0.5677419625,0.544776282,0.6172834228
3500,1.0,0.0,0.0,0.0,1.0,1.0,0.04675725715,0.2746403551,0.4970760394,0.4583310814,0.5247936946,0.4285721252
3501,1.0,0.0,0.0,0.0,1.0,1.0,0.06625086671,0.2990299976,0.4678030517,0.1428615649,0.4979918089,0.3489930836
3502,1.0,0.0,0.0,0.0,1.0,1.0,0.04228427258,0.2630111996,0.5019232409,0.4090972153,0.5263157198,0.3999989938
3503,1.0,0.0,0.0,0.0,1.0,1.0,0.1225728774,0.2034437889,0.4679246086,0.6461537434,0.5217392983,0.6699039769
3504,1.0,0.0,0.0,0.0,1.0,1.0,0.2338729148,0.2489102491,0.4698355273,0.5937501057,0.5361216589,0.6412223452
3505,1.0,0.0,0.0,0.0,1.0,1.0,0.2963352014,0.295636779,0.4622468061,0.5714283845,0.5305343496,0.6322572403
3506,1.0,0.0,0.0,0.0,1.0,1.0,0.2816109818,0.2861001053,0.4475138122,0.5882353755,0.5267175573,0.6399997178
3507,1.0,0.0,0.0,0.0,1.0,1.0,0.2928767231,0.2907122912,0.4578753881,0.587500179,0.5399238175,0.6405219862
3508,1.0,0.0,0.0,0.0,1.0,1.0,0.2740699583,0.2763607043,0.4606946246,0.5866673908,0.5378787264,0.657535031
3509,1.0,0.0,0.0,0.0,1.0,1.0,0.2959957337,0.2975864614,0.4515539164,0.5987652504,0.5505619527,0.6415093311
3510,1.0,0.0,0.0,0.0,1.0,1.0,0.2969356217,0.2946115589,0.4329710662,0.5975600058,0.5373133058,0.6582281616
3511,1.0,0.0,0.0,0.0,1.0,1.0,0.2781212668,0.2850261641,0.4488329458,0.6129033632,0.5629629237,0.6558442765
3512,1.0,0.0,0.0,0.0,1.0,1.0,0.2873394908,0.2884422312,0.4428571206,0.6149059971,0.562499774,0.6687893387
3513,1.0,0.0,0.0,0.0,1.0,1.0,0.2929090526,0.2957907453,0.4458260309,0.6121217391,0.5588235412,0.6708073612
3514,1.0,0.0,0.0,0.0,1.0,1.0,0.2926054909,0.3001986607,0.4356261958,0.6084336306,0.5531133159,0.6646342368
3515,1.0,0.0,0.0,0.0,1.0,1.0,0.2868274764,0.2931941283,0.4402852133,0.6273286956,0.5461255905,0.6603768662
3516,1.0,0.0,0.0,0.0,1.0,1.0,0.2837699501,0.2935163657,0.4357141713,0.616352738,0.5501858524,0.6518984011
3517,1.0,0.0,0.0,0.0,1.0,1.0,0.3046427163,0.306102146,0.4367202302,0.619882832,0.5535056122,0.6566269731
3518,1.0,0.0,0.0,0.0,1.0,1.0,0.2987839775,0.3089180808,0.4318181422,0.608186839,0.5490907686,0.6470582869
3519,1.0,0.0,0.0,0.0,1.0,1.0,0.296325734,0.3100456668,0.43508784,0.6153849131,0.5583942012,0.6411772477
3520,1.0,0.0,0.0,0.0,1.0,1.0,0.2870549931,0.3056901326,0.423817932,0.6280486181,0.5421247618,0.6586826269
3521,1.0,0.0,0.0,0.0,1.0,1.0,0.2898204527,0.3116344446,0.4235501675,0.624242792,0.5424352911,0.6390538184
3522,1.0,0.0,0.0,0.0,1.0,1.0,0.2940564949,0.3183410342,0.425569184,0.6249998346,0.5444445496,0.6395347935
3523,1.0,0.0,0.0,0.0,1.0,1.0,0.287296072,0.3153221781,0.4111498963,0.6363632737,0.5387455935,0.6374269831
3524,1.0,0.0,0.0,0.0,1.0,1.0,0.2708275384,0.3039346546,0.4090910123,0.619354442,0.5335823834,0.6257665451
3525,1.0,0.0,0.0,0.0,1.0,1.0,0.0368118732,0.3338135511,0.464088357,0.4499988864,0.5360000855,0.4131736846
3526,1.0,0.0,0.0,0.0,1.0,1.0,0.04353269368,0.3113341657,0.4646098062,0.5,0.5357143169,0.4140127299
3527,1.0,0.0,0.0,0.0,1.0,1.0,0.03128996666,0.2950160701,0.4714547461,1.0,0.5542168675,0.4829938756
3528,1.0,0.0,0.0,0.0,1.0,1.0,0.1314582594,0.2527773391,0.4486485896,0.7123296782,0.5564204939,0.6692301424
3529,1.0,0.0,0.0,0.0,1.0,1.0,0.2136616625,0.2717112783,0.4169610736,0.6776857568,0.5551329318,0.6573428173
3530,1.0,0.0,0.0,0.0,1.0,1.0,0.2595041525,0.2949481122,0.4105264511,0.6554066833,0.5526313263,0.649681763
3531,1.0,0.0,0.0,0.0,1.0,1.0,0.2652298201,0.3017179934,0.4147628006,0.6556293027,0.5547170108,0.6437502229
3532,1.0,0.0,0.0,0.0,1.0,1.0,0.2714532062,0.3036041063,0.4056437631,0.65584483,0.5396227023,0.6459626738
3533,1.0,0.0,0.0,0.0,1.0,1.0,0.2751571855,0.3028611792,0.4191829665,0.6516120535,0.5530302904,0.6625005488
3534,1.0,0.0,0.0,0.0,1.0,1.0,0.280266687,0.311856092,0.4056437496,0.660378327,0.54135329,0.644577889
3535,1.0,0.0,0.0,0.0,1.0,1.0,0.2883344004,0.3125594055,0.4159291592,0.6564425128,0.5543070321,0.6586821272
3536,1.0,0.0,0.0,0.0,1.0,1.0,0.2812591336,0.3039345255,0.4265486715,0.6666666667,0.5597017085,0.6503063125
3537,1.0,0.0,0.0,0.0,1.0,1.0,0.2880639233,0.3109374687,0.4217926758,0.646341086,0.5518519744,0.6488095551
3538,1.0,0.0,0.0,0.0,1.0,1.0,0.292305882,0.3146389233,0.4255691934,0.6586825399,0.5629629902,0.6529410163
3539,1.0,0.0,0.0,0.0,1.0,1.0,0.2888457342,0.3083778308,0.4308511153,0.6503060743,0.5650556957,0.668675111
3540,1.0,0.0,0.0,0.0,1.0,1.0,0.27920345,0.3016831232,0.4288256179,0.6496825753,0.5592593222,0.6564426805
3541,1.0,0.0,0.0,0.0,1.0,1.0,0.2802004057,0.2994583493,0.4160713724,0.6624199443,0.5505618302,0.6687499828
3542,1.0,0.0,0.0,0.0,1.0,1.0,0.2827599813,0.3050730171,0.4288257102,0.6540882689,0.5617979248,0.6625770614
3543,1.0,0.0,0.0,0.0,1.0,1.0,0.2896412182,0.3076640001,0.463327399,0.6419750088,0.6007461865,0.6666662251
3544,1.0,0.0,0.0,0.0,1.0,1.0,0.2850457241,0.3072359692,0.4670232127,0.6312501942,0.60000016,0.6626508063
3545,1.0,0.0,0.0,0.0,1.0,1.0,0.2845382953,0.3035344578,0.4715302034,0.6312498279,0.603703814,0.6646339825
3546,1.0,0.0,0.0,0.0,1.0,1.0,0.2973691513,0.3089186092,0.477112671,0.6390537072,0.6181821368,0.6764705124
3547,1.0,0.0,0.0,0.0,1.0,1.0,0.2918722701,0.3061019987,0.4690265487,0.636364242,0.6014760148,0.6686756003
3548,1.0,0.0,0.0,0.0,1.0,1.0,0.2888456388,0.3013022237,0.4734042377,0.6441714395,0.6102943882,0.6768300702
3549,1.0,0.0,0.0,0.0,1.0,1.0,0.286578167,0.3090865017,0.4677418942,0.6500003439,0.6037036962,0.6646710849
3550,1.0,0.0,0.0,0.0,1.0,1.0,0.2939535975,0.3127881755,0.4634581214,0.6545454545,0.5999998369,0.6686397781
3551,1.0,0.0,0.0,0.0,1.0,1.0,0.2923900822,0.3038597073,0.4663120553,0.6424236934,0.6080587771,0.6686750065
3552,1.0,0.0,0.0,0.0,1.0,1.0,0.2807618408,0.3024140417,0.4646643266,0.6603774378,0.6088562114,0.6707316576
3553,1.0,0.0,0.0,0.0,1.0,1.0,0.2850519325,0.3009269674,0.4700704876,0.6543213095,0.6058392178,0.6727266605
3554,1.0,0.0,0.0,0.0,1.0,1.0,0.2984200364,0.3038598604,0.4558304816,0.6627214889,0.5934067499,0.686747246
3555,1.0,0.0,0.0,0.0,1.0,1.0,0.2942608381,0.303466932,0.4564460214,0.6568045776,0.6036364992,0.6766468664
3556,1.0,0.0,0.0,0.0,1.0,1.0,0.2986028001,0.30935115,0.4569421645,0.6588241181,0.6043956044,0.6745564952
3557,1.0,0.0,0.0,0.0,1.0,1.0,0.2973690833,0.30385968,0.4683099328,0.6686389754,0.6080586707,0.6807236659
3558,1.0,0.0,0.0,0.0,1.0,1.0,0.3026477459,0.3093512419,0.463028167,0.6627908026,0.6007326587,0.6745555531
3559,1.0,0.0,0.0,0.0,1.0,1.0,0.2936411784,0.3031397888,0.467256714,0.6626505215,0.602941068,0.6787885587
3560,1.0,0.0,0.0,0.0,1.0,1.0,0.2938500284,0.3031395666,0.452464677,0.6586830124,0.5882354152,0.6787870804
3561,1.0,0.0,0.0,0.0,1.0,1.0,0.3001857609,0.3079457653,0.4611306985,0.6529406587,0.5977859885,0.6826349708
3562,1.0,0.0,0.0,0.0,1.0,1.0,0.2931227107,0.3049764315,0.455830462,0.6506026369,0.5955882111,0.680723273
3563,1.0,0.0,0.0,0.0,1.0,1.0,0.3000099333,0.3053852234,0.4564830293,0.6627212443,0.5925924548,0.6848485177
3564,1.0,0.0,0.0,0.0,1.0,1.0,0.2895907934,0.304258333,0.4611307002,0.6646343029,0.6051660381,0.6787873824
3565,1.0,0.0,0.0,0.0,1.0,1.0,0.2982349992,0.3090866695,0.4600354793,0.6607133614,0.6037035891,0.6766470744
3566,1.0,0.0,0.0,0.0,1.0,1.0,0.2886088765,0.3016832454,0.4634580656,0.6481474715,0.5962962272,0.6748463287
3567,1.0,0.0,0.0,0.0,1.0,1.0,0.2832924705,0.2965376612,0.445422531,0.6645962472,0.5897435686,0.6790125005
3568,1.0,0.0,0.0,0.0,1.0,1.0,0.2920904817,0.3049768618,0.429577444,0.6686736425,0.5698529442,0.6746999652
3569,1.0,0.0,0.0,0.0,1.0,1.0,0.2775251088,0.2957908717,0.4305799206,0.6645565618,0.5698528812,0.6770182909
3570,1.0,0.0,0.0,0.0,1.0,1.0,0.2880639913,0.299465232,0.4288225413,0.6707315759,0.5772057152,0.6809813457
3571,1.0,0.0,0.0,0.0,1.0,1.0,0.2862981266,0.2998326806,0.4201389587,0.6666662206,0.5709089012,0.672727516
3572,1.0,0.0,0.0,0.0,1.0,1.0,0.2903309979,0.3035341062,0.4278169898,0.6666662162,0.5666666942,0.6768302798
3573,1.0,0.0,0.0,0.0,1.0,1.0,0.2843090774,0.2976277994,0.4293193056,0.6687119332,0.5698529051,0.679011276
3574,1.0,0.0,0.0,0.0,1.0,1.0,0.2883003558,0.3001984895,0.4230769605,0.6666671165,0.5641023342,0.6829267962
3575,1.0,0.0,0.0,0.0,1.0,1.0,0.2863076042,0.3038595744,0.4288225671,0.6564414357,0.5714285138,0.6686748428
3576,1.0,0.0,0.0,0.0,1.0,1.0,0.2805452,0.2976280538,0.4280701822,0.6749994831,0.5698530201,0.6851859668
3577,1.0,0.0,0.0,0.0,1.0,1.0,0.2735313961,0.2987265922,0.4087719322,0.6666666667,0.5608859206,0.6790115023
3578,1.0,0.0,0.0,0.0,1.0,1.0,0.1403707644,0.2320131712,0.4213483521,0.7466668972,0.5317460011,0.6666678983
3579,1.0,0.0,0.0,0.0,1.0,1.0,0.04595131277,0.2518919721,0.4712644492,1.0,0.5528455464,0.4919360072
3580,1.0,0.0,0.0,0.0,1.0,1.0,0.08264613794,0.2306405833,0.4500000308,0.8837216234,0.5465584508,0.6315780598
3581,1.0,0.0,0.0,0.0,1.0,1.0,0.1869324911,0.2304914786,0.4574074351,0.7029691786,0.5891472351,0.6638670055
3582,1.0,0.0,0.0,0.0,1.0,1.0,0.2347444277,0.266641978,0.4270462114,0.6893932985,0.5820895096,0.6783222137
3583,1.0,0.0,0.0,0.0,1.0,1.0,0.2409368304,0.2705257967,0.4232141902,0.6740730583,0.571428394,0.6666666667
3584,1.0,0.0,0.0,0.0,1.0,1.0,0.264036834,0.2879431187,0.4184396792,0.6711418766,0.5687732312,0.6838703388
3585,1.0,0.0,0.0,0.0,1.0,1.0,0.2622647712,0.2927468707,0.418439612,0.6621625258,0.567164136,0.6687898717
3586,1.0,0.0,0.0,0.0,1.0,1.0,0.2640368578,0.2927469983,0.4255319522,0.6577174964,0.5708955193,0.6751588875
3587,1.0,0.0,0.0,0.0,1.0,1.0,0.2667550757,0.2946115361,0.4217082334,0.6666666667,0.5746271106,0.6772145024
3588,1.0,0.0,0.0,0.0,1.0,1.0,0.2611155511,0.2904041202,0.436036047,0.6620692034,0.581132255,0.6688308203
3589,1.0,0.0,0.0,0.0,1.0,1.0,0.2779195324,0.2994585521,0.4278075234,0.6538462083,0.5730335129,0.6687504483
3590,1.0,0.0,0.0,0.0,1.0,1.0,0.2809819887,0.3050733584,0.4199288789,0.6518977039,0.5617980326,0.662575886
3591,1.0,0.0,0.0,0.0,1.0,1.0,0.2761381575,0.296476159,0.4224599352,0.6709674199,0.567163933,0.6729552753
3592,1.0,0.0,0.0,0.0,1.0,1.0,0.2835297858,0.3057996392,0.425531824,0.6374996404,0.5708952875,0.6646341219
3593,1.0,0.0,0.0,0.0,1.0,1.0,0.2777210328,0.3076641524,0.4176991299,0.6560504275,0.5746269792,0.6666675578
3594,1.0,0.0,0.0,0.0,1.0,1.0,0.2732160642,0.3057995463,0.4144621052,0.6580651973,0.5746269488,0.6585367827
3595,1.0,0.0,0.0,0.0,1.0,1.0,0.2648696372,0.2994583035,0.4098940205,0.666667158,0.5617977156,0.6624996027
3596,1.0,0.0,0.0,0.0,1.0,1.0,0.2655609119,0.3017181875,0.4236984579,0.6486484063,0.5698112484,0.6499993088
3597,1.0,0.0,0.0,0.0,1.0,1.0,0.2516580673,0.296412631,0.4244604503,0.6571419986,0.5741443875,0.6538457171
3598,1.0,0.0,0.0,0.0,1.0,1.0,0.2498606327,0.2902226606,0.4540440804,0.6617639266,0.5961541206,0.6556293115
3599,1.0,0.0,0.0,0.0,1.0,1.0,0.2494051686,0.2907121906,0.488160218,0.6569346484,0.6387831633,0.660130253
3600,1.0,0.0,0.0,0.0,1.0,1.0,0.2425117968,0.2894137295,0.4834558624,0.6439394787,0.6370657078,0.6600006471
3601,1.0,0.0,0.0,0.0,1.0,1.0,0.2421792707,0.295636509,0.473779513,0.6567164179,0.6297708985,0.6451608503
3602,1.0,0.0,0.0,0.0,1.0,1.0,0.05667927447,0.2864255472,0.4480150796,0.9666645591,0.5731709144,0.5673758335
3603,1.0,0.0,0.0,0.0,1.0,1.0,0.05062814041,0.3277522978,0.4727955016,0.4444444444,0.5870444572,0.4444447317
3604,1.0,0.0,0.0,0.0,1.0,1.0,0.05780347692,0.3058293178,0.4720149366,0.5483870968,0.588000084,0.4836608128
3605,1.0,0.0,0.0,0.0,1.0,1.0,0.05448101468,0.2998327292,0.4718045758,0.8620725482,0.6080000899,0.553332753
3606,1.0,0.0,0.0,0.0,1.0,1.0,0.04842285511,0.2873393732,0.4651163195,1.0,0.5833332641,0.5942032755
3607,1.0,0.0,0.0,0.0,1.0,1.0,0.091027234,0.2498605817,0.4460967596,0.8367341987,0.5960001996,0.7039987826
3608,1.0,0.0,0.0,0.0,1.0,1.0,0.1364550937,0.278276013,0.4409595129,0.7837823762,0.6117646404,0.7042255734
3609,1.0,0.0,0.0,0.0,1.0,1.0,0.1511442726,0.2727562068,0.47069943,0.7749985212,0.6334663231,0.7080301617
3610,1.0,0.0,0.0,0.0,1.0,1.0,0.1761537468,0.2869492788,0.4582560425,0.7263167974,0.6289063099,0.693876977
3611,1.0,0.0,0.0,0.0,1.0,1.0,0.1668826618,0.2900338414,0.4601112133,0.7888872589,0.6313726426,0.7229728976
3612,1.0,0.0,0.0,0.0,1.0,1.0,0.1847397923,0.2939537868,0.458410322,0.7599986723,0.627451092,0.7066657078
3613,1.0,0.0,0.0,0.0,1.0,1.0,0.1507539149,0.2844260605,0.4487896248,0.7654310026,0.6126484732,0.7013883637
3614,1.0,0.0,0.0,0.0,1.0,1.0,0.04795808988,0.3282684383,0.4510558233,0.6800003288,0.5648536554,0.4649677527
3615,1.0,0.0,0.0,0.0,1.0,1.0,0.05563132566,0.3170497363,0.4568138382,0.6896569276,0.5672270656,0.4834427283
3616,1.0,0.0,0.0,0.0,0.0,1.0,0.0,0.3187519518,0.0,0.0,0.5802469658,0.5419348244
3617,1.0,0.0,0.0,0.0,1.0,1.0,0.1035203197,0.2700104063,0.4595103834,0.8727291412,0.6209676637,0.6940297575
3618,1.0,0.0,0.0,0.0,1.0,1.0,0.141448026,0.2827106508,0.4543760801,0.8026324406,0.6215139245,0.7042249819
3619,1.0,0.0,0.0,0.0,1.0,1.0,0.1678169479,0.2903517187,0.4850745768,0.7666659816,0.6561262431,0.7142845158
3620,1.0,0.0,0.0,0.0,1.0,1.0,0.150194461,0.2813389292,0.4786642399,0.7901254435,0.6535429821,0.7272733747
3621,1.0,0.0,0.0,0.0,1.0,1.0,0.1696812184,0.28611491,0.4981343591,0.7692302362,0.662744888,0.7260273775
3622,1.0,0.0,0.0,0.0,1.0,1.0,0.165321219,0.2815885149,0.4868420279,0.7840914213,0.654762092,0.7394370028
3623,1.0,0.0,0.0,0.0,1.0,1.0,0.1768099379,0.2841551525,0.4860333846,0.7684214268,0.6588238116,0.7241375295
3624,1.0,0.0,0.0,0.0,1.0,1.0,0.1749489021,0.2813390779,0.4823091652,0.7553194058,0.6456691635,0.7202791856
3625,1.0,0.0,0.0,0.0,1.0,1.0,0.1899308518,0.281695911,0.4797049163,0.7378641559,0.6486486595,0.7123280084
3626,1.0,0.0,0.0,0.0,1.0,1.0,0.1810450814,0.2769770202,0.4824399018,0.7448970684,0.6472868295,0.7132866419
3627,1.0,0.0,0.0,0.0,1.0,1.0,0.1095795539,0.2609878819,0.4480150309,0.844830046,0.5870446496,0.7054260707
3628,1.0,0.0,0.0,0.0,1.0,1.0,0.05455079201,0.2915035927,0.4951266966,0.8214261856,0.604166847,0.5499992577
3629,1.0,0.0,0.0,0.0,1.0,1.0,0.05301572679,0.2897544088,0.4833005147,0.6666691959,0.5798318677,0.4855069129
3630,1.0,0.0,0.0,0.0,1.0,1.0,0.06441732243,0.2918536888,0.4980468196,0.6363601824,0.6092437417,0.5035975441
3631,1.0,0.0,0.0,0.0,1.0,1.0,0.07346011654,0.2655421125,0.4719535837,0.7631560496,0.6025106844,0.5905511938
3632,1.0,0.0,0.0,0.0,1.0,1.0,0.08566631104,0.22954671,0.4438095065,0.8222215932,0.593495672,0.6991155596
3633,1.0,0.0,0.0,0.0,1.0,1.0,0.1173587809,0.2225480325,0.462121154,0.7419375909,0.6194333346,0.7727256874
3634,1.0,0.0,0.0,0.0,1.0,1.0,0.11813294,0.2315779872,0.410881841,0.8253976335,0.5650407669,0.7456135415
3635,1.0,0.0,0.0,0.0,1.0,1.0,0.1371414076,0.2397855661,0.4379700127,0.7945198263,0.6008067103,0.7563028982
3636,1.0,0.0,0.0,0.0,1.0,1.0,0.1528996082,0.2389102854,0.4552239708,0.7804874834,0.6175298839,0.7583332433
3637,1.0,0.0,0.0,0.0,1.0,1.0,0.1610819851,0.237962594,0.4084248396,0.7613632775,0.5753969936,0.7249999555
3638,1.0,0.0,0.0,0.0,1.0,1.0,0.1869327309,0.2399454412,0.4425925036,0.7227728289,0.5873016009,0.7024795015
3639,1.0,0.0,0.0,0.0,1.0,1.0,0.1739769696,0.2418649902,0.4259258848,0.7234026265,0.5719999529,0.7107431463
3640,1.0,0.0,0.0,0.0,1.0,1.0,0.1711749753,0.2428922228,0.4290977374,0.7311831757,0.5697210634,0.7213107393
3641,1.0,0.0,0.0,0.0,1.0,1.0,0.1846795631,0.2449993462,0.4293477988,0.7058822274,0.583657823,0.7063492475
3642,1.0,0.0,0.0,0.0,1.0,1.0,0.1732609999,0.2371224685,0.4379562333,0.7368418645,0.5803924224,0.727272564
3643,1.0,0.0,0.0,0.0,1.0,1.0,0.1656635438,0.2303403672,0.4480874678,0.7472527473,0.5742187885,0.7203389831
3644,1.0,0.0,0.0,0.0,1.0,1.0,0.1680800167,0.2343653124,0.4430379976,0.7204287977,0.5775193348,0.710743043
3645,1.0,0.0,0.0,0.0,1.0,1.0,0.1698867681,0.2353894714,0.4502712201,0.7340438762,0.5830114766,0.7213116499
3646,1.0,0.0,0.0,0.0,1.0,1.0,0.1632115607,0.2322924543,0.4678899209,0.741572925,0.6054685973,0.7478980802
3647,1.0,0.0,0.0,0.0,1.0,1.0,0.1571333851,0.2304914857,0.4698355067,0.7558147655,0.604651283,0.7478976989
3648,1.0,0.0,0.0,0.0,1.0,1.0,0.1557101145,0.2324280642,0.4655797563,0.7674416205,0.6046514226,0.7500013863
3649,1.0,0.0,0.0,0.0,1.0,1.0,0.1622711787,0.23215389,0.4667897571,0.7272725034,0.590551406,0.728812532
3650,1.0,0.0,0.0,0.0,1.0,1.0,0.09174578219,0.2572406157,0.4843750827,0.638296645,0.5822785645,0.540984111
3651,1.0,0.0,0.0,0.0,1.0,1.0,0.09363773346,0.2686000965,0.4435946003,0.5102032819,0.5500000444,0.4883722084
3652,1.0,0.0,0.0,0.0,1.0,1.0,0.08134987108,0.2351626672,0.4612402812,0.6904765536,0.567226676,0.5892851695
3653,1.0,0.0,0.0,0.0,1.0,1.0,0.09205381484,0.2092328329,0.4285714286,0.7346919258,0.5650404569,0.7184474251
3654,1.0,0.0,0.0,0.0,1.0,1.0,0.1127476941,0.2164786603,0.4608030482,0.7288146767,0.6072873485,0.7383163792
3655,1.0,0.0,0.0,0.0,1.0,1.0,0.1150987919,0.2225478854,0.4664106868,0.7333326122,0.615384346,0.7636371861
3656,1.0,0.0,0.0,0.0,1.0,1.0,0.1089257006,0.2234523839,0.4550669753,0.736840917,0.5975609862,0.7363633882
3657,1.0,0.0,0.0,0.0,1.0,1.0,0.1085107494,0.2205246992,0.4552380461,0.7368432878,0.6032386374,0.7431184217
3658,1.0,0.0,0.0,0.0,1.0,1.0,0.1216550012,0.2229830316,0.4456929717,0.7538463058,0.6055775263,0.7410725034
3659,1.0,0.0,0.0,0.0,1.0,1.0,0.1186719331,0.2310964101,0.4415583378,0.7343762619,0.6007904331,0.7350425935
3660,1.0,0.0,0.0,0.0,1.0,1.0,0.126767284,0.2339964938,0.4393383229,0.7391296103,0.6031744522,0.7372871959
3661,1.0,0.0,0.0,0.0,1.0,1.0,0.1246977713,0.2307948389,0.433892145,0.7014920025,0.5903615883,0.7391305173
3662,1.0,0.0,0.0,0.0,1.0,1.0,0.138554609,0.2320132353,0.4325322909,0.7333323637,0.5952381982,0.7179482876
3663,1.0,0.0,0.0,0.0,1.0,1.0,0.1354555799,0.2183820983,0.4249083446,0.7297294942,0.5708661467,0.7387376396
3664,1.0,0.0,0.0,0.0,1.0,1.0,0.133624957,0.2144473129,0.4395604352,0.7123276182,0.5944880349,0.7339455799
3665,1.0,0.0,0.0,0.0,1.0,1.0,0.1422560773,0.2214449483,0.419708149,0.7307700733,0.5882351956,0.7256648207
3666,1.0,0.0,0.0,0.0,1.0,1.0,0.1438046403,0.2227437399,0.4190648065,0.7000005331,0.5813954353,0.7043484549
3667,1.0,0.0,0.0,0.0,1.0,1.0,0.1543124452,0.2255549012,0.432675148,0.6860461953,0.595330757,0.6982769528
3668,1.0,0.0,0.0,0.0,1.0,1.0,0.1471348388,0.2160957352,0.4308796357,0.7073180349,0.6023164417,0.7232151621
3669,1.0,0.0,0.0,0.0,1.0,1.0,0.1486626434,0.2155288263,0.4408601962,0.7228929573,0.6068700372,0.7433615697
3670,1.0,0.0,0.0,0.0,1.0,1.0,0.154718,0.2136209517,0.4483986564,0.6896558626,0.6106868391,0.7053575073
3671,1.0,0.0,0.0,0.0,1.0,1.0,0.0878016362,0.2344370326,0.4336448174,0.6382964387,0.5390947646,0.552630653
3672,1.0,0.0,0.0,0.0,1.0,1.0,0.09188119876,0.2118158686,0.4577862033,0.5510197937,0.5596707302,0.5339806024
3673,1.0,0.0,0.0,0.0,1.0,1.0,0.1075465499,0.197470422,0.4749536404,0.620690036,0.5927421576,0.6734680537
3674,1.0,0.0,0.0,0.0,1.0,1.0,0.1367658503,0.2017745216,0.4473683736,0.6794879628,0.6075471297,0.7383168866
3675,1.0,0.0,0.0,0.0,1.0,1.0,0.1435277854,0.2069739711,0.4465848955,0.6951223837,0.6156716651,0.7657670366
3676,1.0,0.0,0.0,0.0,1.0,1.0,0.1584480396,0.2117777091,0.4477351533,0.6923091656,0.6133831238,0.7456137166
3677,1.0,0.0,0.0,0.0,1.0,1.0,0.1560534689,0.213363737,0.4473685157,0.6966294587,0.6104868354,0.7719306549
3678,1.0,0.0,0.0,0.0,1.0,1.0,0.1694856396,0.2091420785,0.4667832186,0.6907214381,0.6296295993,0.7433626761
3679,1.0,0.0,0.0,0.0,1.0,1.0,0.1552705939,0.207108694,0.4482142832,0.7356329931,0.6083648832,0.7798162293
3680,1.0,0.0,0.0,0.0,1.0,1.0,0.1544431915,0.2021771793,0.4404973195,0.7241360373,0.5916029536,0.7830195705
3681,1.0,0.0,0.0,0.0,1.0,1.0,0.1594855269,0.2052085092,0.4468084425,0.7222210411,0.6045628283,0.7685192294
3682,1.0,0.0,0.0,0.0,1.0,1.0,0.1608502822,0.2122370488,0.4267630558,0.7303373804,0.5830118129,0.7727266442
3683,1.0,0.0,0.0,0.0,1.0,1.0,0.1612002708,0.2048664719,0.4372759897,0.7111115821,0.5977013127,0.7757005829
3684,1.0,0.0,0.0,0.0,1.0,1.0,0.1579935332,0.2021770841,0.4333926083,0.7078638381,0.5877864412,0.7830188871
3685,1.0,0.0,0.0,0.0,1.0,1.0,0.1579935295,0.1983621656,0.4369448732,0.6966289652,0.5954198982,0.7692301228
3686,1.0,0.0,0.0,0.0,1.0,1.0,0.1597688852,0.2021772514,0.4369449702,0.7111114278,0.5916028573,0.7547170192
3687,1.0,0.0,0.0,0.0,1.0,1.0,0.1627408315,0.2086957563,0.4265487283,0.7065214842,0.5900380214,0.7522916712
3688,1.0,0.0,0.0,0.0,1.0,1.0,0.1603382404,0.2037325322,0.4420678224,0.7111094821,0.5961539356,0.7641493776
3689,1.0,0.0,0.0,0.0,1.0,1.0,0.1749020904,0.2056547623,0.451785833,0.6836743871,0.6076921392,0.7476635326
3690,1.0,0.0,0.0,0.0,1.0,1.0,0.1817167394,0.2152645202,0.4598930854,0.676470149,0.6230768973,0.7410702141
3691,1.0,0.0,0.0,0.0,1.0,1.0,0.1701558736,0.2111224716,0.4587814867,0.6947359018,0.6124030975,0.7614664431
3692,1.0,0.0,0.0,0.0,1.0,1.0,0.1612575041,0.2056546187,0.4450355424,0.7032957026,0.6115386679,0.7383185951
3693,1.0,0.0,0.0,0.0,1.0,1.0,0.09581091245,0.2209509627,0.4755639996,0.5686251459,0.5867770239,0.5233656455
3694,1.0,0.0,0.0,0.0,1.0,1.0,0.102215419,0.2225648936,0.4621213351,0.5370375392,0.5714283832,0.518869116
3695,1.0,0.0,0.0,0.0,1.0,1.0,0.119559363,0.1891948259,0.4822430237,0.6249995794,0.6008234352,0.6630420791
3696,1.0,0.0,0.0,0.0,1.0,1.0,0.1368604059,0.1978897427,0.4180180845,0.671051885,0.5759999931,0.7272717373
3697,1.0,0.0,0.0,0.0,1.0,1.0,0.1360403888,0.2087186647,0.4319419727,0.7466670038,0.5863452321,0.7692293668
3698,1.0,0.0,0.0,0.0,1.0,1.0,0.1538992891,0.2090462961,0.4474636941,0.7058832347,0.5976093242,0.7333334682
3699,1.0,0.0,0.0,0.0,1.0,1.0,0.150824841,0.2075453641,0.4436364343,0.7108437772,0.596774131,0.74757336
3700,1.0,0.0,0.0,0.0,1.0,1.0,0.148737272,0.2075452694,0.4319420377,0.7073171364,0.5887094839,0.7475719333
3701,1.0,0.0,0.0,0.0,1.0,1.0,0.1412256159,0.2092328814,0.4202898073,0.7051276768,0.5772357334,0.7572798971
3702,1.0,0.0,0.0,0.0,1.0,1.0,0.1453731583,0.2138722594,0.4163636495,0.7249991931,0.5679012619,0.7307691512
3703,1.0,0.0,0.0,0.0,1.0,1.0,0.1446077262,0.2109477731,0.419413923,0.7468370577,0.5737703951,0.7475740562
3704,1.0,0.0,0.0,0.0,1.0,1.0,0.1433022812,0.2115001697,0.430147075,0.7435912131,0.5892115505,0.7549008354
3705,1.0,0.0,0.0,0.0,1.0,1.0,0.112507568,0.2045268434,0.4296434794,0.7166672568,0.5822785094,0.7319597338
3706,1.0,0.0,0.0,0.0,1.0,1.0,0.08824256311,0.2334940902,0.443378077,0.5000022761,0.5676855855,0.504673391
3707,1.0,0.0,0.0,0.0,1.0,1.0,0.08807355394,0.2235590048,0.4425286052,0.4565235666,0.557017536,0.5000009977
3708,1.0,0.0,0.0,0.0,1.0,1.0,0.0972737382,0.2120029202,0.4351144809,0.6666680384,0.5714285714,0.6122454224
3709,1.0,0.0,0.0,0.0,1.0,1.0,0.1137421155,0.1926888825,0.4123133519,0.6721301851,0.5593220339,0.7142857143
3710,1.0,0.0,0.0,0.0,1.0,1.0,0.1237584756,0.1948065947,0.4333958743,0.6666656042,0.5932202257,0.7608685214
3711,1.0,0.0,0.0,0.0,1.0,1.0,0.11857784,0.2101830276,0.4067796027,0.730158167,0.5622315259,0.7653052127
3712,1.0,0.0,0.0,0.0,1.0,1.0,0.1369604712,0.2040527335,0.4185185672,0.6891892644,0.5750000643,0.7448972084
3713,1.0,0.0,0.0,0.0,1.0,1.0,0.1560468425,0.2061350726,0.4386617233,0.678572429,0.5999999109,0.7474736344
3714,1.0,0.0,0.0,0.0,1.0,1.0,0.1448732429,0.2035899494,0.4165138818,0.7215173305,0.5802471269,0.7575767467
3715,1.0,0.0,0.0,0.0,1.0,1.0,0.1555908115,0.2039679609,0.4230768585,0.7058820543,0.5795918475,0.7600003453
3716,1.0,0.0,0.0,0.0,1.0,1.0,0.169365364,0.2126911853,0.4264432765,0.6813176619,0.5785123715,0.7475719601
3717,1.0,0.0,0.0,0.0,1.0,1.0,0.1752754465,0.2177209011,0.4421642321,0.6595743712,0.5933608743,0.7333336051
3718,1.0,0.0,0.0,0.0,1.0,1.0,0.1674837898,0.2109478256,0.4171220351,0.6630448803,0.5614754116,0.70873762
3719,1.0,0.0,0.0,0.0,1.0,1.0,0.1580002378,0.2188859254,0.3970587415,0.6627909858,0.5413226413,0.7452833602
3720,1.0,0.0,0.0,0.0,1.0,1.0,0.1592518804,0.2129961734,0.3956043384,0.6666658596,0.536885405,0.7307680623
3721,1.0,0.0,0.0,0.0,1.0,1.0,0.1708139197,0.2164785386,0.4218182393,0.638297398,0.5587042372,0.7289717247
3722,1.0,0.0,0.0,0.0,1.0,1.0,0.1653619612,0.2167464198,0.4345454672,0.6373616645,0.5622489144,0.7129637068
3723,1.0,0.0,0.0,0.0,1.0,1.0,0.1808861494,0.2223249678,0.4314442146,0.6161604301,0.5714287529,0.6972473395
3724,1.0,0.0,0.0,0.0,1.0,1.0,0.1400367627,0.2166174525,0.4798464375,0.5890414025,0.5836911056,0.6039602759
3725,1.0,0.0,0.0,0.0,1.0,1.0,0.142777363,0.226764386,0.4624059998,0.4736849378,0.5672267388,0.5
3726,1.0,0.0,0.0,0.0,1.0,1.0,0.1438735993,0.204626985,0.4644913047,0.5599994412,0.5689656106,0.6
3727,1.0,0.0,0.0,0.0,1.0,1.0,0.1534725025,0.19609307,0.4438201672,0.5975616564,0.565400727,0.6881731936
3728,1.0,0.0,0.0,0.0,1.0,1.0,0.1675042464,0.2019705565,0.4357542035,0.6222216774,0.5750000209,0.7216485678
3729,1.0,0.0,0.0,0.0,1.0,1.0,0.1684454402,0.1998885034,0.4382021563,0.6333338313,0.5791666067,0.739583375
3730,1.0,0.0,0.0,0.0,1.0,1.0,0.1668825706,0.2044312763,0.4341373402,0.6555564222,0.5785124194,0.7272730757
3731,1.0,0.0,0.0,0.0,1.0,1.0,0.1668824809,0.2032060514,0.4601112448,0.6333342086,0.605809049,0.7040803818
3732,1.0,0.0,0.0,0.0,1.0,1.0,0.1584018647,0.1990415027,0.4433962045,0.6666674474,0.5720335241,0.7234042999
3733,1.0,0.0,0.0,0.0,1.0,1.0,0.145476443,0.1842192095,0.4347826397,0.5584400948,0.5508476337,0.5747137653
3734,1.0,0.0,0.0,0.0,1.0,1.0,0.1636851083,0.2051257402,0.4470135172,0.4588239203,0.5545850578,0.5
3735,1.0,0.0,0.0,0.0,1.0,1.0,0.166239933,0.2160951848,0.4549097595,0.421685674,0.5585584894,0.4583326752
3736,1.0,0.0,0.0,0.0,1.0,1.0,0.1519151601,0.2263311733,0.4540000689,0.4868427741,0.5515694815,0.4851483255
3737,1.0,0.0,0.0,0.0,1.0,1.0,0.1559128338,0.2141658223,0.4620000101,0.4230776214,0.5625000846,0.4583329821
3738,1.0,0.0,0.0,0.0,1.0,1.0,0.1490218621,0.2205973811,0.4473160783,0.4666680801,0.5540540541,0.4897959598
3739,1.0,0.0,0.0,0.0,1.0,1.0,0.1453018779,0.237535362,0.4420432198,0.4729711826,0.5605383426,0.4905658666
3740,1.0,0.0,0.0,0.0,1.0,1.0,0.1411205526,0.2157385136,0.4235976661,0.5342461576,0.5462555851,0.5510208718
3741,1.0,0.0,0.0,0.0,1.0,1.0,0.1280838536,0.2420868424,0.4349514849,0.6363625227,0.5555554059,0.5596331126
3742,1.0,0.0,0.0,0.0,1.0,1.0,0.1258841359,0.2498600896,0.4141222846,0.666665648,0.5482458816,0.6140362051
3743,1.0,0.0,0.0,0.0,1.0,1.0,0.1251638321,0.2455894224,0.405607556,0.6865682301,0.5512821714,0.6695647953
3744,1.0,0.0,0.0,0.0,1.0,1.0,0.1201617954,0.2422229644,0.4332061224,0.6825396825,0.5633188243,0.6846834157
3745,1.0,0.0,0.0,0.0,1.0,1.0,0.1306089535,0.2326286318,0.4299241551,0.7101434746,0.5646551932,0.7407417175
3746,1.0,0.0,0.0,0.0,1.0,1.0,0.1347560556,0.2551766088,0.4026218003,0.7361124965,0.5361702629,0.7249999572
3747,1.0,0.0,0.0,0.0,1.0,1.0,0.1541889643,0.2604477567,0.4237918139,0.6987938658,0.5593220989,0.7073183505
3748,1.0,0.0,0.0,0.0,1.0,1.0,0.1315538289,0.267633083,0.4131627552,0.7222229872,0.5564854805,0.7187488866
3749,1.0,0.0,0.0,0.0,1.0,1.0,0.129557345,0.2743149892,0.4240740821,0.7000002895,0.5659573991,0.6976740168
3750,1.0,0.0,0.0,0.0,1.0,1.0,0.1188015138,0.2574980607,0.4283019393,0.6984149215,0.5458518012,0.6864412272
3751,1.0,0.0,0.0,0.0,1.0,1.0,0.1039117639,0.2793203139,0.4007561898,0.7636349455,0.5371178872,0.6562499048
3752,1.0,0.0,0.0,0.0,1.0,1.0,0.07895379497,0.2865066074,0.4065509635,0.7804909604,0.5288888559,0.6589158738
3753,1.0,0.0,0.0,0.0,1.0,1.0,0.07747637096,0.2830275603,0.4031007288,0.8499973474,0.5398231523,0.6718754474
3754,1.0,0.0,0.0,0.0,1.0,1.0,0.1005238245,0.2553160861,0.3984525862,0.807693877,0.532750963,0.74358949
3755,1.0,0.0,0.0,0.0,1.0,1.0,0.1462596654,0.2658087891,0.4015010123,0.6794881521,0.5404255509,0.6879992426
3756,1.0,0.0,0.0,0.0,1.0,1.0,0.1597622305,0.2729569808,0.3959107153,0.6744180783,0.5546218419,0.692307462
3757,1.0,0.0,0.0,0.0,1.0,1.0,0.099561293,0.2498602913,0.4157089001,0.75,0.5560346512,0.7068963759
3758,1.0,0.0,0.0,0.0,1.0,1.0,0.05075277088,0.2855546513,0.4374999694,0.5384609455,0.5491070311,0.499999217
3759,1.0,0.0,0.0,0.0,1.0,1.0,0.04236542077,0.2827368962,0.4296724642,0.818177654,0.5438599049,0.5658921996
3760,1.0,0.0,0.0,0.0,1.0,1.0,0.07303592164,0.266084824,0.42115398,0.8421052632,0.5584416042,0.6910574223
3761,1.0,0.0,0.0,0.0,1.0,1.0,0.1246975357,0.2645579994,0.3891992026,0.7313445393,0.5504201989,0.7063501368
3762,1.0,0.0,0.0,0.0,1.0,1.0,0.1543255435,0.2705101115,0.4227940373,0.6785704735,0.5826444939,0.7022906713
3763,1.0,0.0,0.0,0.0,1.0,1.0,0.1708606391,0.2744366877,0.4154411364,0.6881716081,0.5819670337,0.6865671201
3764,1.0,0.0,0.0,0.0,1.0,1.0,0.1520488893,0.2663802463,0.4137291712,0.7073175194,0.5785123638,0.6976746891
3765,1.0,0.0,0.0,0.0,1.0,1.0,0.1367851162,0.2539229312,0.4105838463,0.7200004567,0.5731706469,0.6800003425
3766,1.0,0.0,0.0,0.0,1.0,1.0,0.04294478155,0.292788276,0.4570312176,0.6818216118,0.5638767385,0.4887231536
3767,1.0,0.0,0.0,0.0,1.0,1.0,0.06600102919,0.2925716045,0.4471697953,0.4285714286,0.5512818893,0.4598545326
3768,1.0,0.0,0.0,0.0,1.0,1.0,0.07231596189,0.2591911213,0.4174397635,0.7692291128,0.5394193762,0.5760006584
3769,1.0,0.0,0.0,0.0,1.0,1.0,0.1310743693,0.2286174539,0.4517303084,0.7222212542,0.5789474575,0.6902663055
3770,1.0,0.0,0.0,0.0,1.0,1.0,0.1707228661,0.2468738888,0.4181494345,0.7291669874,0.5657368123,0.7016128346
3771,1.0,0.0,0.0,0.0,1.0,1.0,0.1730479692,0.2508559169,0.3639576359,0.7346935654,0.501991952,0.6825399793
3772,1.0,0.0,0.0,0.0,1.0,1.0,0.1912723307,0.2508252393,0.3672414111,0.7117112713,0.4942085253,0.6538466479
3773,1.0,0.0,0.0,0.0,1.0,1.0,0.195392593,0.2488957707,0.358131405,0.7079641474,0.4826253792,0.6666672021
3774,1.0,0.0,0.0,0.0,1.0,1.0,0.1960373671,0.2498603944,0.3555167425,0.696428874,0.472441069,0.6535431894
3775,1.0,0.0,0.0,0.0,1.0,1.0,0.1991833499,0.2587489759,0.3544973778,0.6814144631,0.4822132163,0.6412207438
3776,1.0,0.0,0.0,0.0,1.0,1.0,0.2061241109,0.2556263589,0.3691508074,0.70588153,0.5,0.6390983796
3777,1.0,0.0,0.0,0.0,1.0,1.0,0.2139156312,0.2663883867,0.3701754614,0.6721309782,0.4941635941,0.6204376205
3778,1.0,0.0,0.0,0.0,1.0,1.0,0.2191757343,0.2644437549,0.3736841306,0.6720008024,0.4941637409,0.6249992187
3779,1.0,0.0,0.0,0.0,1.0,1.0,0.2100404047,0.2566661744,0.3677758298,0.6916667982,0.4980545272,0.6439392853
3780,1.0,0.0,0.0,0.0,1.0,1.0,0.08641781551,0.2351628957,0.4323307827,0.6956512003,0.5084033559,0.5892862727
3781,1.0,0.0,0.0,0.0,1.0,1.0,0.08786304339,0.2518754155,0.4542124929,0.4583324219,0.5282259071,0.4479998925
3782,1.0,0.0,0.0,0.0,1.0,1.0,0.0972428606,0.2269651351,0.4468468258,0.6851873001,0.5378485322,0.5964911964
3783,1.0,0.0,0.0,0.0,1.0,1.0,0.1656921601,0.2287184353,0.4603175021,0.6914888058,0.5846152646,0.6638654407
3784,1.0,0.0,0.0,0.0,1.0,1.0,0.1950966982,0.2403961814,0.4041096346,0.7105271404,0.5416666667,0.6614181046
3785,1.0,0.0,0.0,0.0,1.0,1.0,0.2095049413,0.2460743853,0.3951890398,0.688524276,0.5189395067,0.6538465311
3786,1.0,0.0,0.0,0.0,1.0,1.0,0.2150263048,0.2546107019,0.4148021708,0.6800002053,0.5361217363,0.6641787472
3787,1.0,0.0,0.0,0.0,1.0,1.0,0.2226737309,0.2681900559,0.402417931,0.6666672209,0.536679746,0.647481104
3788,1.0,0.0,0.0,0.0,1.0,1.0,0.2434754157,0.2828608317,0.4105622309,0.643356012,0.5509433736,0.6466660835
3789,1.0,0.0,0.0,0.0,1.0,1.0,0.2430615994,0.282039919,0.413265239,0.664334451,0.5454546549,0.6510061669
3790,1.0,0.0,0.0,0.0,1.0,1.0,0.2477104048,0.2863787263,0.395869242,0.6458338786,0.5346155038,0.6442952643
3791,1.0,0.0,0.0,0.0,1.0,1.0,0.2430148495,0.2871958584,0.4023973326,0.6478871781,0.5440613027,0.6466659945
3792,1.0,0.0,0.0,0.0,1.0,1.0,0.241244768,0.2844565615,0.4120690231,0.6571421622,0.5500001023,0.6554060175
3793,1.0,0.0,0.0,0.0,1.0,1.0,0.252003304,0.2918216171,0.4030874397,0.6462578148,0.5458015588,0.6405222849
3794,1.0,0.0,0.0,0.0,1.0,1.0,0.2464141043,0.2852816318,0.4086206989,0.6573434661,0.5517243391,0.6577174445
3795,1.0,0.0,0.0,0.0,1.0,1.0,0.257483428,0.2927470466,0.4152542768,0.6381575924,0.5522391536,0.643312892
3796,1.0,0.0,0.0,0.0,1.0,1.0,0.2515488374,0.286356821,0.3986487196,0.6442957041,0.5393258472,0.6666675928
3797,1.0,0.0,0.0,0.0,1.0,1.0,0.2596837951,0.2968266223,0.4153845027,0.6315793093,0.5488722779,0.6518983741
3798,1.0,0.0,0.0,0.0,1.0,1.0,0.252018391,0.2926122935,0.4110535945,0.6575338496,0.5513307373,0.6558434512
3799,1.0,0.0,0.0,0.0,1.0,1.0,0.2424987128,0.2841928276,0.417677714,0.6571429003,0.5496183945,0.6644288353
3800,1.0,0.0,0.0,0.0,1.0,1.0,0.2596842019,0.2844854696,0.4170939384,0.6513162578,0.5543071696,0.6644739505
3801,1.0,0.0,0.0,0.0,1.0,1.0,0.2215166811,0.2653561029,0.4031412942,0.6850388055,0.5193796834,0.6423352592
3802,1.0,0.0,0.0,0.0,1.0,1.0,0.1042248424,0.2177208257,0.4581006181,0.6249976604,0.5228213008,0.6190479993
3803,1.0,0.0,0.0,0.0,1.0,1.0,0.1151774144,0.193769352,0.4814126984,0.6451620579,0.5591837191,0.6842115772
3804,1.0,0.0,0.0,0.0,1.0,1.0,0.1877306122,0.2244839183,0.46153844,0.6666653379,0.5703122064,0.643478609
3805,1.0,0.0,0.0,0.0,1.0,1.0,0.2408292721,0.2705259531,0.4543889213,0.6571424168,0.5789472831,0.6597230339
3806,1.0,0.0,0.0,0.0,1.0,1.0,0.2532831872,0.2778299358,0.45205483,0.6621623005,0.5820896125,0.6711403156
3807,1.0,0.0,0.0,0.0,1.0,1.0,0.2626519856,0.2916585759,0.4590443973,0.649349516,0.5910779432,0.6687903455
3808,1.0,0.0,0.0,0.0,1.0,1.0,0.265717685,0.2927469931,0.451114984,0.6451611565,0.5820894866,0.6687901394
3809,1.0,0.0,0.0,0.0,1.0,1.0,0.2622890968,0.2874337658,0.451114834,0.6535949439,0.5789472001,0.6862735282
3810,1.0,0.0,0.0,0.0,1.0,1.0,0.258860761,0.2893118824,0.4545454031,0.649006391,0.5902255981,0.6753243229
3811,1.0,0.0,0.0,0.0,1.0,1.0,0.2688154405,0.2960612749,0.4517241758,0.6538459407,0.5811318863,0.6815281364
3812,1.0,0.0,0.0,0.0,1.0,1.0,0.2738193914,0.3032012355,0.457191834,0.6375002853,0.5917603478,0.6666666667
3813,1.0,0.0,0.0,0.0,1.0,1.0,0.2610226337,0.2964127422,0.445017161,0.6578949248,0.581749142,0.6666657387
3814,1.0,0.0,0.0,0.0,1.0,1.0,0.2678916195,0.3017183808,0.4467354314,0.6474362804,0.5773586895,0.668749909
3815,1.0,0.0,0.0,0.0,1.0,1.0,0.278953914,0.3099772606,0.4400684617,0.6380366709,0.5714283383,0.6545464596
3816,1.0,0.0,0.0,0.0,1.0,1.0,0.2750601054,0.3092610857,0.4376067681,0.6397517718,0.5735850882,0.6707319732
3817,1.0,0.0,0.0,0.0,1.0,1.0,0.2809334397,0.3137344391,0.4446336739,0.6242428488,0.5751878621,0.664670471
3818,1.0,0.0,0.0,0.0,1.0,1.0,0.2758257292,0.308539903,0.4310050786,0.6358029738,0.5681815567,0.6625763684
3819,1.0,0.0,0.0,0.0,1.0,1.0,0.2728853726,0.3062198914,0.436860158,0.6312503617,0.5789474516,0.6441715336
3820,1.0,0.0,0.0,0.0,1.0,1.0,0.2742892362,0.3062196829,0.4356775639,0.6312503417,0.5751880703,0.6625769094
3821,1.0,0.0,0.0,0.0,1.0,1.0,0.2792307082,0.3039348611,0.448040882,0.6341472546,0.5858210725,0.6625765798
3822,1.0,0.0,0.0,0.0,1.0,1.0,0.2843386945,0.3083777011,0.442930178,0.6407185779,0.5799257347,0.6686754462
3823,1.0,0.0,0.0,0.0,1.0,1.0,0.2758256194,0.3046627893,0.4565586638,0.6296294318,0.5910779594,0.6646336477
3824,1.0,0.0,0.0,0.0,1.0,1.0,0.278477199,0.3050729195,0.4512819513,0.6319017428,0.588015004,0.6564417015
3825,1.0,0.0,0.0,0.0,1.0,1.0,0.2826361302,0.3076639576,0.446337312,0.632530596,0.582089455,0.6606069992
3826,1.0,0.0,0.0,0.0,1.0,1.0,0.2789537873,0.30694488,0.448630198,0.6319016141,0.58426969,0.6524394078
3827,1.0,0.0,0.0,0.0,1.0,1.0,0.2818941014,0.3118557061,0.4393161902,0.6363637567,0.5751880409,0.6566265298
3828,1.0,0.0,0.0,0.0,1.0,1.0,0.2857964235,0.3068139895,0.4467005142,0.6390531626,0.5845589608,0.6646709016
3829,1.0,0.0,0.0,0.0,1.0,1.0,0.2884294551,0.3107354518,0.4513422576,0.6337216978,0.5854547489,0.6608186238
3830,1.0,0.0,0.0,0.0,1.0,1.0,0.2853136592,0.3116341042,0.4476351779,0.639052902,0.5867160786,0.6627225831
3831,1.0,0.0,0.0,0.0,1.0,1.0,0.288203185,0.3130119263,0.4536255835,0.6315798299,0.5934067265,0.6608187889
3832,1.0,0.0,0.0,0.0,1.0,1.0,0.2848322744,0.308222176,0.4569982117,0.6390533528,0.5912409248,0.6686393788
3833,1.0,0.0,0.0,0.0,1.0,1.0,0.2882035194,0.3089183776,0.4536256648,0.6315783333,0.5927272332,0.6529412378
3834,1.0,0.0,0.0,0.0,1.0,1.0,0.291362635,0.3191647062,0.4576270454,0.6279064372,0.5985400191,0.6571418798
3835,1.0,0.0,0.0,0.0,1.0,1.0,0.2919904381,0.3175125759,0.4457428629,0.6342858373,0.5812273546,0.6590901079
3836,1.0,0.0,0.0,0.0,1.0,1.0,0.2905937105,0.3125525447,0.4521008114,0.6358377522,0.5927273587,0.6686052627
3837,1.0,0.0,0.0,0.0,1.0,1.0,0.2920668806,0.3155172075,0.4560811907,0.6358382237,0.5948907054,0.6589597577
3838,1.0,0.0,0.0,0.0,1.0,1.0,0.2845866099,0.3093508463,0.4627118563,0.6369046535,0.5970695018,0.662722253
3839,1.0,0.0,0.0,0.0,1.0,1.0,0.2899403376,0.3153221416,0.4505118653,0.641176583,0.590405792,0.6608181579
3840,1.0,0.0,0.0,0.0,1.0,1.0,0.2831181687,0.3109375567,0.4522183737,0.6325295353,0.5925925478,0.6547623217
3841,1.0,0.0,0.0,0.0,1.0,1.0,0.2836022811,0.3079462165,0.4615384979,0.6385546188,0.6014760328,0.6646704045
3842,1.0,0.0,0.0,0.0,1.0,1.0,0.2897181292,0.3195242267,0.4579760029,0.6331366153,0.5947953536,0.6453483421
3843,1.0,0.0,0.0,0.0,1.0,1.0,0.2880038343,0.3146392664,0.4562606872,0.6369045616,0.5962964349,0.6588234542
3844,1.0,0.0,0.0,0.0,1.0,1.0,0.2857991456,0.3146392642,0.4537671832,0.6347306871,0.5851853581,0.6588236799
3845,1.0,0.0,0.0,0.0,1.0,1.0,0.2848149371,0.3125594352,0.4525043836,0.6303023479,0.5842698764,0.6586831072
3846,1.0,0.0,0.0,0.0,1.0,1.0,0.276477692,0.2930693597,0.38831611,0.6459631878,0.5075188587,0.6538458847
3847,1.0,0.0,0.0,0.0,1.0,1.0,0.2382888701,0.2687893618,0.3704974796,0.6618706264,0.4810606401,0.6408459901
3848,1.0,0.0,0.0,0.0,1.0,1.0,0.244726596,0.2724042776,0.3630137937,0.657342817,0.4699246998,0.6413790929
3849,1.0,0.0,0.0,0.0,1.0,1.0,0.244269584,0.2761616676,0.3648881911,0.6619718521,0.4736842735,0.6394564214
3850,1.0,0.0,0.0,0.0,1.0,1.0,0.2416611138,0.2706821007,0.3730569933,0.6571420515,0.4810608749,0.6503501973
3851,1.0,0.0,0.0,0.0,1.0,1.0,0.2383674315,0.2761617836,0.3679727141,0.6571425025,0.4812032284,0.653060742
3852,1.0,0.0,0.0,0.0,1.0,1.0,0.2408912792,0.2799190661,0.367521285,0.6595752549,0.481203118,0.6510060166
3853,1.0,0.0,0.0,0.0,1.0,1.0,0.2361696642,0.2734319627,0.3732876775,0.6666661476,0.4830186783,0.6413794023
3854,1.0,0.0,0.0,0.0,1.0,1.0,0.2447613673,0.2844852559,0.3673469258,0.6597222326,0.4831458645,0.6447371761
3855,1.0,0.0,0.0,0.0,1.0,1.0,0.2455967245,0.2828612442,0.3686007358,0.6527775666,0.4792453235,0.6333333333
3856,1.0,0.0,0.0,0.0,1.0,1.0,0.1102044543,0.232087765,0.4752850606,0.5172412512,0.5313809888,0.5045044695
3857,1.0,0.0,0.0,0.0,1.0,1.0,0.1237758337,0.2397035347,0.4787430922,0.3582082274,0.5284554284,0.4067794733
3858,1.0,0.0,0.0,0.0,1.0,1.0,0.113906702,0.2187531649,0.4705882525,0.4354830987,0.5301202307,0.4678893372
3859,1.0,0.0,0.0,0.0,1.0,1.0,0.1124597484,0.1798995839,0.4047185861,0.6451604947,0.4879999406,0.6333319579
3860,1.0,0.0,0.0,0.0,1.0,1.0,0.1656924686,0.2147239781,0.3721340375,0.6914887998,0.4765624276,0.6272718353
3861,1.0,0.0,0.0,0.0,1.0,1.0,0.1953535513,0.2440044323,0.3472949379,0.6875001218,0.4570311967,0.6240000559
3862,1.0,0.0,0.0,0.0,1.0,1.0,0.2167465389,0.2555824351,0.3442341021,0.674603704,0.4580153205,0.6343293903
3863,1.0,0.0,0.0,0.0,1.0,1.0,0.2207670879,0.2574320699,0.3407534819,0.6744191208,0.450757391,0.6249993927
3864,1.0,0.0,0.0,0.0,1.0,1.0,0.2236272597,0.2584764197,0.3425129574,0.6769237717,0.4559387707,0.6370371921
3865,1.0,0.0,0.0,0.0,1.0,1.0,0.216002824,0.2565109728,0.3550600699,0.674602739,0.4714827195,0.637036029
3866,1.0,0.0,0.0,0.0,1.0,1.0,0.2005799912,0.2375101637,0.3408304596,0.6982747796,0.4486692143,0.6400003531
3867,1.0,0.0,0.0,0.0,1.0,1.0,0.2145311789,0.2451811967,0.33730837,0.6746034616,0.4494383528,0.6412209568
3868,1.0,0.0,0.0,0.0,1.0,1.0,0.2184669171,0.247052677,0.3407917722,0.685038356,0.4569289598,0.6439403453
3869,1.0,0.0,0.0,0.0,1.0,1.0,0.2273037029,0.251739173,0.3489582998,0.6717549373,0.4699247304,0.6492542536
3870,1.0,0.0,0.0,0.0,1.0,1.0,0.2207464143,0.245181815,0.344347772,0.6771651276,0.4681648121,0.6335878489
3871,1.0,0.0,0.0,0.0,1.0,1.0,0.1016069383,0.2360885989,0.4602588819,0.4545429715,0.5275589188,0.4499999106
3872,1.0,0.0,0.0,0.0,1.0,1.0,0.1191142496,0.2240815949,0.4581006036,0.3749983133,0.5158729547,0.3982307817
3873,1.0,0.0,0.0,0.0,1.0,1.0,0.1060861138,0.2147238421,0.4823090594,0.4736840136,0.546875039,0.4545447496
3874,1.0,0.0,0.0,0.0,1.0,1.0,0.1357938368,0.1881079966,0.4384057018,0.6800005699,0.5513307908,0.6767681129
3875,1.0,0.0,0.0,0.0,1.0,1.0,0.2550656374,0.2699223404,0.4270832912,0.6462590452,0.5620436426,0.6554062072
3876,1.0,0.0,0.0,0.0,1.0,1.0,0.2994903379,0.3055847632,0.4195204969,0.6285705014,0.5539567018,0.6705889306
3877,1.0,0.0,0.0,0.0,1.0,1.0,0.2972699529,0.3051864977,0.4153846126,0.6206898685,0.5535715521,0.6666670863
3878,1.0,0.0,0.0,0.0,1.0,1.0,0.2970848212,0.2998323264,0.4243986541,0.6300573924,0.5678572437,0.6666662307
3879,1.0,0.0,0.0,0.0,1.0,1.0,0.3018792299,0.3094355077,0.4197951825,0.6271181298,0.5658363017,0.6609201079
3880,1.0,0.0,0.0,0.0,1.0,1.0,0.3013649233,0.3047944662,0.427597898,0.6214689823,0.5709221217,0.6686039423
3881,1.0,0.0,0.0,0.0,1.0,1.0,0.2986448239,0.3101108635,0.4193548567,0.6193183308,0.5673759721,0.6571426419
3882,1.0,0.0,0.0,0.0,1.0,1.0,0.3025523315,0.305879187,0.4183673147,0.6292139518,0.5693947234,0.6627908305
3883,1.0,0.0,0.0,0.0,1.0,1.0,0.3001736047,0.3087563384,0.4197951774,0.630682248,0.5714285714,0.6589587499
3884,1.0,0.0,0.0,0.0,1.0,1.0,0.2967625562,0.3030223637,0.4180886934,0.6264358483,0.5673758452,0.6608188857
3885,1.0,0.0,0.0,0.0,1.0,1.0,0.3012018246,0.3030221106,0.4263698928,0.6306823756,0.5744682664,0.6725152552
3886,1.0,0.0,0.0,0.0,1.0,1.0,0.2706821748,0.280640519,0.4201388314,0.6474360132,0.5579711482,0.6645154704
3887,1.0,0.0,0.0,0.0,1.0,1.0,0.09501084448,0.2306405274,0.4954295737,0.5384650657,0.5769233654,0.4666654624
3888,1.0,0.0,0.0,0.0,1.0,1.0,0.09631009594,0.2261097045,0.501818226,0.4905672867,0.5817492712,0.4705874766
3889,1.0,0.0,0.0,0.0,1.0,1.0,0.1256033805,0.1927760105,0.4685816726,0.6714278645,0.5842698815,0.6601951135
3890,1.0,0.0,0.0,0.0,1.0,1.0,0.2244361003,0.246185784,0.4280701431,0.6640631347,0.5551470325,0.6492547206
3891,1.0,0.0,0.0,0.0,1.0,1.0,0.2742892279,0.2883692946,0.4271011581,0.6312496476,0.5591398677,0.6583846706
3892,1.0,0.0,0.0,0.0,1.0,1.0,0.2875106422,0.2980481194,0.4246575342,0.6249993421,0.5607142364,0.6526944047
3893,1.0,0.0,0.0,0.0,1.0,1.0,0.2947506074,0.300185733,0.4169491064,0.6321840971,0.5547702521,0.6647061338
3894,1.0,0.0,0.0,0.0,1.0,1.0,0.29544288,0.3019516219,0.418918899,0.6228567435,0.5618374858,0.6666662409
3895,1.0,0.0,0.0,0.0,1.0,1.0,0.291857446,0.2973690162,0.4193548507,0.6337213164,0.5633804015,0.674556713
3896,1.0,0.0,0.0,0.0,1.0,1.0,0.2969478294,0.2998329437,0.4261459121,0.6342850398,0.5684210405,0.672514154
3897,1.0,0.0,0.0,0.0,1.0,1.0,0.2957530797,0.3019518192,0.4217688166,0.6379308805,0.5653711397,0.6725140351
3898,1.0,0.0,0.0,0.0,1.0,1.0,0.2937549464,0.2998324322,0.4155405402,0.6321840369,0.5578949009,0.6666670892
3899,1.0,0.0,0.0,0.0,1.0,1.0,0.3016865419,0.3090146148,0.4232715087,0.6256985237,0.5583037878,0.6628577337
3900,1.0,0.0,0.0,0.0,1.0,1.0,0.2971311023,0.3033392691,0.420608067,0.6250003136,0.5614036854,0.6589602162
3901,1.0,0.0,0.0,0.0,1.0,1.0,0.2952512376,0.3072486412,0.4210526415,0.6321837024,0.5653712453,0.6609199955
3902,1.0,0.0,0.0,0.0,1.0,1.0,0.2981385096,0.3037172444,0.4237289505,0.624999846,0.5618375668,0.6569770153
3903,1.0,0.0,0.0,0.0,1.0,1.0,0.300687046,0.3076573561,0.4222222766,0.6193188289,0.5622775396,0.6647399433
3904,1.0,0.0,0.0,0.0,1.0,1.0,0.308825575,0.3149647055,0.4295416718,0.6263734799,0.5704224286,0.6536312367
3905,1.0,0.0,0.0,0.0,1.0,1.0,0.2986447318,0.307249272,0.429541552,0.6306826952,0.5653709076,0.6609200874
3906,1.0,0.0,0.0,0.0,1.0,1.0,0.3003413342,0.3090144079,0.4295415255,0.6271185377,0.5724380891,0.6628571936
3907,1.0,0.0,0.0,0.0,1.0,1.0,0.3016865747,0.3114456659,0.4283304423,0.6201107776,0.5669012069,0.6666662583
3908,1.0,0.0,0.0,0.0,1.0,1.0,0.2964444984,0.3103528904,0.4322033556,0.6285710663,0.5719298382,0.6666662488
3909,1.0,0.0,0.0,0.0,1.0,1.0,0.294750828,0.3044074919,0.4271186447,0.6206899631,0.5633802487,0.6647397361
3910,1.0,0.0,0.0,0.0,1.0,1.0,0.2952510375,0.3072489344,0.4244481557,0.6264374861,0.5653709976,0.6666670836
3911,1.0,0.0,0.0,0.0,1.0,1.0,0.3027074068,0.3138598287,0.4280879098,0.6145242864,0.5684211829,0.6480450919
3912,1.0,0.0,0.0,0.0,1.0,1.0,0.3005079235,0.3079268924,0.4290540789,0.6292139096,0.5633804707,0.6628573137
3913,1.0,0.0,0.0,0.0,1.0,1.0,0.2981385984,0.3072487293,0.4355933532,0.6306813716,0.5689046909,0.6724145547
3914,1.0,0.0,0.0,0.0,1.0,1.0,0.2960678882,0.3058792108,0.4315068708,0.624277531,0.5658362004,0.6627902314
3915,1.0,0.0,0.0,0.0,1.0,1.0,0.3049145325,0.3149650544,0.4305084308,0.6166658481,0.5669013222,0.6592181047
3916,1.0,0.0,0.0,0.0,1.0,1.0,0.3028612132,0.3121067777,0.4175084867,0.6277776891,0.5614034408,0.6629212646
3917,1.0,0.0,0.0,0.0,1.0,1.0,0.3021960151,0.3138597771,0.4273648703,0.6256982753,0.5684208758,0.6592179814
3918,1.0,0.0,0.0,0.0,1.0,1.0,0.3089489129,0.3167246712,0.4341216607,0.6120217382,0.5739436067,0.6500005571
3919,1.0,0.0,0.0,0.0,1.0,1.0,0.2964446305,0.3015858854,0.4305083669,0.6285711779,0.5719297625,0.6686052813
3920,1.0,0.0,0.0,0.0,1.0,1.0,0.3018792353,0.3107804589,0.4385664743,0.6214696979,0.5795052346,0.6647723088
3921,1.0,0.0,0.0,0.0,1.0,1.0,0.3058119988,0.3101102136,0.4341881076,0.6312849926,0.5709218936,0.6628568596
3922,1.0,0.0,0.0,0.0,1.0,1.0,0.305147136,0.3129926225,0.4305317834,0.629213206,0.5658361961,0.6647720893
3923,1.0,0.0,0.0,0.0,1.0,1.0,0.298978187,0.3105409634,0.4324786828,0.6285713203,0.5678571386,0.6609193797
3924,1.0,0.0,0.0,0.0,1.0,1.0,0.3008525606,0.311214137,0.426870763,0.6214685168,0.562277821,0.6628566152
3925,1.0,0.0,0.0,0.0,1.0,1.0,0.3064728036,0.3183275773,0.4275980987,0.6166661549,0.5622774653,0.6648049385
3926,1.0,0.0,0.0,0.0,1.0,1.0,0.3001736839,0.3101107452,0.4283275901,0.6306816355,0.5673758537,0.6742854656
3927,1.0,0.0,0.0,0.0,1.0,1.0,0.3030676626,0.3114459332,0.4258943269,0.6123597251,0.5669016607,0.6553675282
3928,1.0,0.0,0.0,0.0,1.0,1.0,0.3020386099,0.3114457738,0.4295416518,0.6179776951,0.5669013702,0.6610174136
3929,1.0,0.0,0.0,0.0,1.0,1.0,0.3033717568,0.3116727934,0.4300167749,0.6166667678,0.5749127594,0.6536308144
3930,1.0,0.0,0.0,0.0,1.0,1.0,0.3111632178,0.3110151688,0.4297800523,0.6141304604,0.5699301774,0.6629219649
3931,1.0,0.0,0.0,0.0,1.0,1.0,0.3035845917,0.3118824163,0.4283276026,0.617976628,0.567375729,0.6647725669
3932,1.0,0.0,0.0,0.0,1.0,1.0,0.2977788036,0.307657405,0.4315067919,0.6321832465,0.5693950026,0.6705202094
3933,1.0,0.0,0.0,0.0,1.0,1.0,0.3029129994,0.3107803426,0.4297944556,0.6158191256,0.5689044536,0.6590919505
3934,1.0,0.0,0.0,0.0,1.0,1.0,0.3034322883,0.3101106421,0.4253858641,0.6214684777,0.5638295677,0.6628572505
3935,1.0,0.0,0.0,0.0,1.0,1.0,0.3046242173,0.3114456609,0.4263697528,0.6179776655,0.5633803949,0.6666670765
3936,1.0,0.0,0.0,0.0,1.0,1.0,0.2975962243,0.3072488942,0.4320137419,0.6242763271,0.5689046454,0.6551724138
3937,1.0,0.0,0.0,0.0,1.0,1.0,0.3079176767,0.3136545367,0.4388984716,0.625698815,0.5744680274,0.6666666667
3938,1.0,0.0,0.0,0.0,1.0,1.0,0.3043284225,0.3076573136,0.4290656827,0.6249998454,0.5693948277,0.6589595448
3939,1.0,0.0,0.0,0.0,1.0,1.0,0.3131813768,0.3132051993,0.4383561544,0.6284154154,0.5739437401,0.6685391505
3940,1.0,0.0,0.0,0.0,1.0,1.0,0.3072550752,0.3094359117,0.4317788709,0.6235943844,0.5658364977,0.6551723709
3941,1.0,0.0,0.0,0.0,1.0,1.0,0.3008699792,0.3058788989,0.4307959213,0.6149420911,0.5658360955,0.6627902277
3942,1.0,0.0,0.0,0.0,1.0,1.0,0.3015558837,0.3094359878,0.4327586683,0.6228568786,0.5693950303,0.6609196703
3943,1.0,0.0,0.0,0.0,1.0,1.0,0.3072550504,0.3101104464,0.435233113,0.6235953359,0.570922044,0.6571431382
3944,1.0,0.0,0.0,0.0,1.0,1.0,0.305002075,0.308338582,0.4431034809,0.6158195425,0.574468003,0.6666662497
3945,1.0,0.0,0.0,0.0,1.0,1.0,0.3118948555,0.3136546239,0.4379310097,0.6243093118,0.5780141665,0.6610171174
3946,1.0,0.0,0.0,0.0,1.0,1.0,0.3148925794,0.3178435125,0.4332191553,0.625,0.572438058,0.6611116417
3947,1.0,0.0,0.0,0.0,1.0,1.0,0.306608425,0.3138597344,0.4338982816,0.6243093923,0.5719299263,0.6592178771
3948,1.0,0.0,0.0,0.0,1.0,1.0,0.3000041256,0.3030222136,0.4305316683,0.6228565557,0.5673758535,0.6725149423
3949,1.0,0.0,0.0,0.0,1.0,1.0,0.3063359001,0.3096861197,0.4349314929,0.6145251466,0.5704225462,0.6647733727
3950,1.0,0.0,0.0,0.0,1.0,1.0,0.3035846308,0.3072487323,0.433447176,0.6292136626,0.5724381012,0.6666670855
3951,1.0,0.0,0.0,0.0,1.0,1.0,0.3113579972,0.3143121146,0.4371772559,0.6243092925,0.5724384046,0.6629203991
3952,1.0,0.0,0.0,0.0,1.0,1.0,0.3058124011,0.3096863527,0.4307692048,0.6145253725,0.5633801077,0.6590908808
3953,1.0,0.0,0.0,0.0,1.0,1.0,0.3046244251,0.3050926229,0.4366437591,0.6179771377,0.5754385408,0.660919978
3954,1.0,0.0,0.0,0.0,1.0,1.0,0.2988025237,0.306566636,0.4381444287,0.6206892647,0.5744680521,0.6589598228
3955,1.0,0.0,0.0,0.0,1.0,1.0,0.3013916657,0.3051866274,0.4367418408,0.6206902137,0.5714285714,0.6608188321
3956,1.0,0.0,0.0,0.0,1.0,1.0,0.3107073221,0.3154264207,0.4317789039,0.611110911,0.5673760115,0.6516855706
3957,1.0,0.0,0.0,0.0,1.0,1.0,0.3084485931,0.3136548262,0.4275862995,0.6201120539,0.5673762134,0.6553674581
3958,1.0,0.0,0.0,0.0,1.0,1.0,0.3073886333,0.3143119273,0.4347078571,0.6089381753,0.5689042801,0.6573041504
3959,1.0,0.0,0.0,0.0,1.0,1.0,0.3025992243,0.3087560875,0.4359861171,0.6171430054,0.5749997685,0.6705195162
3960,1.0,0.0,0.0,0.0,1.0,1.0,0.3096376745,0.3143122222,0.4337349556,0.611110571,0.5759717233,0.6573034191
3961,1.0,0.0,0.0,0.0,1.0,1.0,0.3075203557,0.3125466103,0.4307691296,0.6166671083,0.5653707921,0.661017053
3962,1.0,0.0,0.0,0.0,1.0,1.0,0.3019145159,0.3087562445,0.4375000524,0.6264367532,0.5714286262,0.6705209777
3963,1.0,0.0,0.0,0.0,1.0,1.0,0.3095157737,0.3136547067,0.4342560518,0.6145245868,0.5673759855,0.6553673782
3964,1.0,0.0,0.0,0.0,1.0,1.0,0.3020767579,0.3112142747,0.4421417263,0.6228567192,0.5693950356,0.6685713933
3965,1.0,0.0,0.0,0.0,1.0,1.0,0.3050021636,0.3176795483,0.4413793207,0.6158191532,0.5785711526,0.6685399055
3966,1.0,0.0,0.0,0.0,1.0,1.0,0.3055290866,0.3165492796,0.4352330859,0.6158189944,0.5693951715,0.6629207596
3967,1.0,0.0,0.0,0.0,1.0,1.0,0.3067252232,0.3165492208,0.4310344731,0.617977377,0.5729537917,0.6629214307
3968,1.0,0.0,0.0,0.0,1.0,1.0,0.3079175583,0.3189710783,0.4285713764,0.614525491,0.574467997,0.6555561717
3969,1.0,0.0,0.0,0.0,1.0,1.0,0.306725014,0.314770736,0.4293103545,0.6235953132,0.569395157,0.6610161778
3970,1.0,0.0,0.0,0.0,1.0,1.0,0.3048558119,0.3112141054,0.4332755715,0.6193184254,0.576512551,0.6514288108
3971,1.0,0.0,0.0,0.0,1.0,1.0,0.3044772997,0.3136547428,0.4337350423,0.6214686279,0.5744682,0.6666674862
3972,1.0,0.0,0.0,0.0,1.0,1.0,0.3120041594,0.3201059529,0.4305318298,0.6153855328,0.5693951098,0.6555563863
3973,1.0,0.0,0.0,0.0,1.0,1.0,0.3171470633,0.3178436102,0.437392861,0.6108113285,0.5689044103,0.6555551021
3974,1.0,0.0,0.0,0.0,1.0,1.0,0.3147981702,0.3189711354,0.438898505,0.606557867,0.5744682748,0.6611109085
3975,1.0,0.0,0.0,0.0,1.0,1.0,0.3187877058,0.3254407311,0.4327585571,0.6000002362,0.5765126851,0.6557377049
3976,1.0,0.0,0.0,0.0,1.0,1.0,0.3154329805,0.3178436995,0.4339621413,0.6141302361,0.5689046884,0.6555557967
3977,1.0,0.0,0.0,0.0,1.0,1.0,0.314257261,0.320106094,0.4381442915,0.601093152,0.5765124235,0.6555558132
3978,1.0,0.0,0.0,0.0,1.0,1.0,0.3171472001,0.3196098203,0.4408234213,0.610810182,0.5689046126,0.6574585038
3979,1.0,0.0,0.0,0.0,1.0,1.0,0.3102898197,0.311882671,0.4391081185,0.6187847183,0.5780141001,0.670453921
3980,1.0,0.0,0.0,0.0,1.0,1.0,0.3153413411,0.3165489141,0.4379310483,0.6229504897,0.5729536269,0.6685399004
3981,1.0,0.0,0.0,0.0,1.0,1.0,0.3194092118,0.3218840201,0.4415807668,0.6182802634,0.5765124735,0.6629842044
3982,1.0,0.0,0.0,0.0,1.0,1.0,0.2422342921,0.262025855,0.4290842805,0.6592591778,0.546816466,0.65
3983,1.0,0.0,0.0,0.0,1.0,1.0,0.09136694309,0.2218837576,0.4813432939,0.5918368262,0.5598454273,0.504348258
3984,1.0,0.0,0.0,0.0,1.0,1.0,0.118452383,0.1964554075,0.4888888332,0.6718745237,0.5801529116,0.6601940726
3985,1.0,0.0,0.0,0.0,1.0,1.0,0.1991768362,0.2295015419,0.4412810518,0.6785726616,0.5629629011,0.6370969279
3986,1.0,0.0,0.0,0.0,1.0,1.0,0.2637416706,0.2732286874,0.4409721927,0.6447370516,0.5755394261,0.6710528791
3987,1.0,0.0,0.0,0.0,1.0,1.0,0.2823380937,0.2930019378,0.4263432399,0.6257670842,0.5575538752,0.6564411033
3988,1.0,0.0,0.0,0.0,1.0,1.0,0.2939537069,0.3048840074,0.4238754744,0.629411892,0.5595667194,0.668639182
3989,1.0,0.0,0.0,0.0,1.0,1.0,0.2981096464,0.3084917528,0.4275863058,0.6242773621,0.5631768273,0.6608183638
3990,1.0,0.0,0.0,0.0,1.0,1.0,0.2975962044,0.3034020941,0.4354562034,0.6300576574,0.5678569561,0.6647061244
3991,1.0,0.0,0.0,0.0,1.0,1.0,0.2982896822,0.3041006634,0.4356774387,0.6321829466,0.5693951883,0.6608178442
3992,1.0,0.0,0.0,0.0,1.0,1.0,0.2994901144,0.3005436633,0.4366437864,0.6285714286,0.569395178,0.6627225812
3993,1.0,0.0,0.0,0.0,1.0,1.0,0.2982896276,0.3005436631,0.4322470188,0.6321830593,0.5693950771,0.6686399377
3994,1.0,0.0,0.0,0.0,1.0,1.0,0.3013652009,0.3054828157,0.4412265307,0.6214693744,0.5759720008,0.6589596674
3995,1.0,0.0,0.0,0.0,1.0,1.0,0.3058120836,0.3101102378,0.4324786459,0.6256976975,0.5780141583,0.6742859494
3996,1.0,0.0,0.0,0.0,1.0,1.0,0.3041036669,0.3105406296,0.4376068161,0.6235961527,0.5785713813,0.6666670845
3997,1.0,0.0,0.0,0.0,1.0,1.0,0.3080472967,0.3123256598,0.4383560999,0.6333326944,0.5785712416,0.6685721045
3998,1.0,0.0,0.0,0.0,1.0,1.0,0.311358055,0.3158951469,0.4337349092,0.6298335268,0.5714285714,0.6666670784
3999,1.0,0.0,0.0,0.0,1.0,1.0,0.3137184123,0.3183274108,0.4339621586,0.6229507417,0.5729538275,0.6592185356
4000,1.0,0.0,0.0,0.0,1.0,1.0,0.3189344083,0.3272196041,0.4266210855,0.61497305,0.5693947183,0.6630431948
4001,1.0,0.0,0.0,0.0,1.0,1.0,0.319549586,0.324906875,0.4234694751,0.6223403258,0.5653710632,0.6576087477
4002,1.0,0.0,0.0,0.0,1.0,1.0,0.3161501181,0.3255226871,0.4285714549,0.6236564777,0.5739437116,0.6594593582
4003,1.0,0.0,0.0,0.0,1.0,1.0,0.3120041554,0.3183278469,0.4322469657,0.6208792264,0.5729538459,0.6592173931
4004,1.0,0.0,0.0,0.0,1.0,1.0,0.3190067918,0.3249070408,0.4312393915,0.617021153,0.5724383492,0.6576091859
4005,1.0,0.0,0.0,0.0,1.0,1.0,0.3224004845,0.3231412402,0.4295416228,0.6263167076,0.5689043549,0.6612018205
4006,1.0,0.0,0.0,0.0,1.0,1.0,0.3138181061,0.3189708537,0.4334470754,0.625000743,0.5709222291,0.661110274
4007,1.0,0.0,0.0,0.0,1.0,1.0,0.3263132756,0.3289978528,0.4410256396,0.6282722275,0.5765125037,0.6540538445
4008,1.0,0.0,0.0,0.0,1.0,1.0,0.3240511148,0.328997939,0.4317405373,0.6210529359,0.5729538284,0.6648643449
4009,1.0,0.0,0.0,0.0,1.0,1.0,0.3207035341,0.3242868407,0.4278437643,0.6243383149,0.5638299302,0.6612023929
4010,1.0,0.0,0.0,0.0,1.0,1.0,0.317927514,0.322514711,0.4297799948,0.627659648,0.567375843,0.6648345177
4011,1.0,0.0,0.0,0.0,1.0,1.0,0.3189345342,0.3236626066,0.4249146887,0.6256691203,0.5622774811,0.6538460161
4012,1.0,0.0,0.0,0.0,1.0,1.0,0.3213096813,0.3260592826,0.4230119116,0.6263157408,0.5602836907,0.6521736533
4013,1.0,0.0,0.0,0.0,1.0,1.0,0.3224006347,0.3325546321,0.4210527438,0.6263152388,0.5587188377,0.6631019291
4014,1.0,0.0,0.0,0.0,1.0,1.0,0.3200937845,0.3254410541,0.4258943863,0.6223406495,0.5658362586,0.6612018443
4015,1.0,0.0,0.0,0.0,1.0,1.0,0.3194799824,0.3283878036,0.4290598878,0.6310153873,0.5678571828,0.6467397947
4016,1.0,0.0,0.0,0.0,1.0,1.0,0.3154328321,0.3248185802,0.4253858474,0.6358694866,0.5678572093,0.6593411147
4017,1.0,0.0,0.0,0.0,1.0,1.0,0.3138176397,0.3254411172,0.4249146577,0.6250004393,0.5729535798,0.6557382263
4018,1.0,0.0,0.0,0.0,1.0,1.0,0.3149857105,0.324286806,0.4224871935,0.6270269889,0.5709216729,0.6557383089
4019,1.0,0.0,0.0,0.0,1.0,1.0,0.3159745394,0.3283882689,0.4226803541,0.6195660985,0.5607141781,0.6521734984
4020,1.0,0.0,0.0,0.0,1.0,1.0,0.3217962998,0.3307759004,0.4241908055,0.6243382433,0.5693948163,0.6505381801
4021,1.0,0.0,0.0,0.0,1.0,1.0,0.3189347115,0.3307759877,0.4249147232,0.6203204081,0.5729537283,0.6505379912
4022,1.0,0.0,0.0,0.0,1.0,1.0,0.3183151962,0.327219118,0.4178082558,0.6236561883,0.565836127,0.6576093709
4023,1.0,0.0,0.0,0.0,1.0,1.0,0.3131811215,0.3236626716,0.4229452045,0.6284154771,0.5729536092,0.6593409237
4024,1.0,0.0,0.0,0.0,1.0,1.0,0.3200939576,0.3260591592,0.4293016009,0.6223407069,0.5744680933,0.6576078911
4025,1.0,0.0,0.0,0.0,1.0,1.0,0.3188613524,0.3278310931,0.4185247886,0.6182797421,0.5638296999,0.6486487131
4026,1.0,0.0,0.0,0.0,1.0,1.0,0.3222900503,0.328997926,0.430531624,0.627658996,0.5693948815,0.6540541557
4027,1.0,0.0,0.0,0.0,1.0,1.0,0.3166037883,0.3236630103,0.4246574205,0.6216219438,0.572953893,0.6538461072
4028,1.0,0.0,0.0,0.0,1.0,1.0,0.3113581049,0.3212491518,0.4337349086,0.6243092088,0.5714285714,0.6555557809
4029,1.0,0.0,0.0,0.0,1.0,1.0,0.3211264717,0.3272196216,0.4329896166,0.6096251832,0.5693949476,0.6467387064
4030,1.0,0.0,0.0,0.0,1.0,1.0,0.3165186593,0.3224006865,0.4285713757,0.6141294498,0.5627240572,0.6555555954
4031,1.0,0.0,0.0,0.0,1.0,1.0,0.3187873628,0.3283878789,0.4241378987,0.6054062292,0.5607141183,0.6467391368
4032,1.0,0.0,0.0,0.0,1.0,1.0,0.3291474021,0.3325542936,0.4305317289,0.6197912478,0.5693949944,0.6524068089
4033,1.0,0.0,0.0,0.0,1.0,1.0,0.3183912406,0.3260591221,0.4258944496,0.6203210853,0.5638296358,0.657609029
4034,1.0,0.0,0.0,0.0,1.0,1.0,0.3194796752,0.3254411227,0.4307692236,0.6203203216,0.5693949202,0.6612017903
4035,1.0,0.0,0.0,0.0,1.0,1.0,0.3142575882,0.3212489599,0.4278351225,0.6229512885,0.5678569677,0.6555556632
4036,1.0,0.0,0.0,0.0,1.0,1.0,0.3246047894,0.3331472864,0.4307692782,0.6210524013,0.5709218704,0.6436165386
4037,1.0,0.0,0.0,0.0,1.0,1.0,0.3234991817,0.3319702067,0.4327087525,0.6157895038,0.5795054551,0.6436172429
4038,1.0,0.0,0.0,0.0,1.0,1.0,0.3212491398,0.3266726861,0.4336735563,0.6137564535,0.5759719747,0.6486480696
4039,1.0,0.0,0.0,0.0,1.0,1.0,0.3252017793,0.3343325499,0.4310050533,0.6230365347,0.5693951221,0.648936419
4040,1.0,0.0,0.0,0.0,1.0,1.0,0.3274909695,0.3366911968,0.4244481813,0.616580512,0.5709218861,0.6473685187
4041,1.0,0.0,0.0,0.0,1.0,1.0,0.3269043326,0.3366916194,0.4241907901,0.6145835603,0.5673757841,0.6421048972
4042,1.0,0.0,0.0,0.0,1.0,1.0,0.3280479366,0.3366916251,0.4319727237,0.6113989871,0.5709220624,0.6473687827
4043,1.0,0.0,0.0,0.0,1.0,1.0,0.3314474404,0.3390335381,0.4302722327,0.6102567146,0.5724383778,0.6406248223
4044,1.0,0.0,0.0,0.0,1.0,1.0,0.33258171,0.337267849,0.434635032,0.6173473662,0.5759718851,0.6439785897
4045,1.0,0.0,0.0,0.0,1.0,1.0,0.3274912337,0.3372676452,0.4227504168,0.6113993795,0.5724382758,0.6439791061
4046,1.0,0.0,0.0,0.0,1.0,1.0,0.3308847602,0.3390332759,0.4278438642,0.6153844438,0.5759718997,0.6458340178
4047,1.0,0.0,0.0,0.0,1.0,1.0,0.3314478873,0.3431182629,0.4234694699,0.6102560783,0.570422538,0.6410254954
4048,1.0,0.0,0.0,0.0,1.0,1.0,0.330884937,0.3378393695,0.4261459808,0.6102557419,0.5669016066,0.6458337613
4049,1.0,0.0,0.0,0.0,1.0,1.0,0.3314387371,0.3366912826,0.4324786779,0.6134018929,0.5744681347,0.6526314575
4050,1.0,0.0,0.0,0.0,1.0,1.0,0.3263136994,0.3361112601,0.432478641,0.6178010947,0.5765125723,0.6455029736
4051,1.0,0.0,0.0,0.0,1.0,1.0,0.3234494501,0.333742175,0.4332190875,0.6190470658,0.575000049,0.657753747
4052,1.0,0.0,0.0,0.0,1.0,1.0,0.3297128014,0.3366914857,0.4312714849,0.6197918262,0.5780140174,0.6526316272
4053,1.0,0.0,0.0,0.0,1.0,1.0,0.3268722981,0.3296031207,0.4366438038,0.6178005399,0.5815603114,0.6559138639
4054,1.0,0.0,0.0,0.0,1.0,1.0,0.327462105,0.3331469018,0.4232082522,0.6145834755,0.5673760485,0.6542553809
4055,1.0,0.0,0.0,0.0,1.0,1.0,0.3252016014,0.3349193315,0.4258943705,0.6125662504,0.5744682236,0.6507941588
4056,1.0,0.0,0.0,0.0,1.0,1.0,0.328606946,0.3331472672,0.4275979862,0.6165803051,0.5719297953,0.6473686429
4057,1.0,0.0,0.0,0.0,1.0,1.0,0.3274911497,0.3296408195,0.4278439073,0.6165794865,0.5719298449,0.6489365327
4058,1.0,0.0,0.0,0.0,1.0,1.0,0.3183155987,0.32667252,0.4212327882,0.6182797165,0.5724380002,0.6594597687
4059,1.0,0.0,0.0,0.0,1.0,1.0,0.2520795077,0.2692221714,0.4120782104,0.6478873453,0.5424352298,0.6438350114
4060,1.0,0.0,0.0,0.0,1.0,1.0,0.1096041643,0.1987305731,0.4776951154,0.5762708738,0.5521238246,0.4951443589
4061,1.0,0.0,0.0,0.0,1.0,1.0,0.1060859771,0.1991225062,0.4972066881,0.5614038433,0.5708812229,0.5288457117
4062,1.0,0.0,0.0,0.0,1.0,1.0,0.1317948948,0.1890837816,0.4468864396,0.6388885551,0.5444016991,0.6734699733
4063,1.0,0.0,0.0,0.0,1.0,1.0,0.2344366867,0.2498606081,0.4409170996,0.6390983471,0.5693429788,0.6423349433
4064,1.0,0.0,0.0,0.0,1.0,1.0,0.2698842252,0.2778234857,0.4407666232,0.638709114,0.577617229,0.6753249515
4065,1.0,0.0,0.0,0.0,1.0,1.0,0.2281911967,0.242511563,0.4283186389,0.6666672188,0.5551470603,0.6666661271
4066,1.0,0.0,0.0,0.0,1.0,1.0,0.1941361369,0.2141658728,0.4226619765,0.6944435058,0.5375939819,0.6491223445
4067,1.0,0.0,0.0,0.0,1.0,1.0,0.1152473693,0.1943358124,0.4442343828,0.7049168254,0.531745924,0.65306167
4068,1.0,0.0,0.0,0.0,1.0,1.0,0.1048105282,0.2166759313,0.4868914207,0.5357145588,0.5585937533,0.4954949742
4069,1.0,0.0,0.0,0.0,1.0,1.0,0.1075467375,0.2033746935,0.4860853725,0.5517238817,0.5542636888,0.4857138167
4070,1.0,0.0,0.0,0.0,1.0,1.0,0.09275125238,0.2065773053,0.4867423097,0.5918393917,0.5590550489,0.5333326582
4071,1.0,0.0,0.0,0.0,1.0,1.0,0.1210331821,0.1845123674,0.4568806692,0.6969695982,0.5692306866,0.6979172735
4072,1.0,0.0,0.0,0.0,1.0,1.0,0.1674739988,0.2112026168,0.4378377651,0.7096766684,0.5584908418,0.6607135263
4073,1.0,0.0,0.0,0.0,1.0,1.0,0.2105967914,0.228496986,0.4285714836,0.7033904818,0.5576209983,0.6829264439
4074,1.0,0.0,0.0,0.0,1.0,1.0,0.2163370489,0.2340701259,0.4311270252,0.6942147736,0.5613383462,0.6904760286
4075,1.0,0.0,0.0,0.0,1.0,1.0,0.2195203393,0.2349433236,0.4160715103,0.6829264896,0.5485073286,0.6746030128
4076,1.0,0.0,0.0,0.0,1.0,1.0,0.2078405162,0.224402812,0.419529831,0.704347133,0.5509435631,0.6806718324
4077,1.0,0.0,0.0,0.0,1.0,1.0,0.2173473906,0.2266392464,0.4206773969,0.6885244453,0.5613382512,0.6885244453
4078,1.0,0.0,0.0,0.0,1.0,1.0,0.2254516336,0.2406063695,0.4245115284,0.6692912324,0.5555554235,0.6769226717
4079,1.0,0.0,0.0,0.0,1.0,1.0,0.2183504119,0.2276504503,0.429840103,0.682926059,0.5592594102,0.682926059
4080,1.0,0.0,0.0,0.0,1.0,1.0,0.200955409,0.2175906426,0.4306048833,0.716813918,0.5608855984,0.6949144324
4081,1.0,0.0,0.0,0.0,1.0,1.0,0.1749924731,0.2047728004,0.427797914,0.7113395092,0.556390891,0.6605503483
4082,1.0,0.0,0.0,0.0,1.0,1.0,0.1102188966,0.1834915007,0.4485980893,0.6610184421,0.5351565274,0.6489347244
4083,1.0,0.0,0.0,0.0,1.0,1.0,0.09237000934,0.2072483372,0.465804086,0.6199991251,0.5503876396,0.5046727062
4084,1.0,0.0,0.0,0.0,1.0,1.0,0.09219943975,0.2103071856,0.4630996867,0.6200004378,0.5444013797,0.4954137469
4085,1.0,0.0,0.0,0.0,1.0,1.0,0.09318375461,0.2111220176,0.4606946685,0.5490187658,0.5426357017,0.4678904244
4086,1.0,0.0,0.0,0.0,1.0,1.0,0.09864138046,0.2166761332,0.4692736473,0.3962251595,0.5390627286,0.4144148259
4087,1.0,0.0,0.0,0.0,1.0,1.0,0.1007040151,0.2190011151,0.4657794612,0.3773575639,0.5378488241,0.4090912677
4088,1.0,0.0,0.0,0.0,1.0,1.0,0.1070829652,0.2096867694,0.4567668353,0.3684200506,0.5254900993,0.3831774564
4089,1.0,0.0,0.0,0.0,1.0,1.0,0.0986415255,0.2088679636,0.4581006404,0.377360435,0.5273435984,0.3925225058
4090,1.0,0.0,0.0,0.0,1.0,1.0,0.1055876797,0.2174355463,0.4480874562,0.3965537198,0.5343509561,0.3947367388
4091,1.0,0.0,0.0,0.0,1.0,1.0,0.1045287703,0.2075763695,0.4623853648,0.3684210526,0.5423077432,0.3796296296
4092,1.0,0.0,0.0,0.0,1.0,1.0,0.106168072,0.2091853779,0.461538524,0.3275858115,0.5387597099,0.3611124226
4093,1.0,0.0,0.0,0.0,1.0,1.0,0.1118642936,0.2010373656,0.4605504696,0.3278700528,0.5440611012,0.3333326244
4094,1.0,0.0,0.0,0.0,1.0,1.0,0.1171507759,0.2040847042,0.4633699758,0.265625054,0.5381678907,0.3084118134
4095,1.0,0.0,0.0,0.0,1.0,1.0,0.1176912735,0.1995010097,0.4822430652,0.2539684759,0.5503874448,0.3009726383
4096,1.0,0.0,0.0,0.0,1.0,1.0,0.1235266884,0.20337491,0.4775281727,0.2575747032,0.5503874754,0.2761907539
4097,1.0,0.0,0.0,0.0,1.0,1.0,0.1299464553,0.200675395,0.4818356167,0.2647071137,0.547244047,0.2745088778
4098,1.0,0.0,0.0,0.0,1.0,1.0,0.1287742626,0.1911285657,0.4807691315,0.283579456,0.5338643304,0.2604177629
4099,1.0,0.0,0.0,0.0,1.0,1.0,0.1455500507,0.202698313,0.4912621612,0.3200011359,0.5461846205,0.2871297985
4100,1.0,0.0,0.0,0.0,1.0,1.0,0.1471453518,0.1983021873,0.4780114738,0.3506498958,0.5396823566,0.2900017453
4101,1.0,0.0,0.0,0.0,1.0,1.0,0.1399615797,0.188154442,0.4911243699,0.3380287969,0.5425098899,0.2473131697
4102,1.0,0.0,0.0,0.0,1.0,1.0,0.1390872432,0.1937692916,0.4850893815,0.342857229,0.5346939619,0.2842108302
4103,1.0,0.0,0.0,0.0,1.0,1.0,0.1337995214,0.2007248015,0.4888438993,0.3030313373,0.5397489056,0.2916659556
4104,1.0,0.0,0.0,0.0,1.0,1.0,0.1427774594,0.1973688176,0.4795918692,0.3571428571,0.5378150563,0.287235055
4105,1.0,0.0,0.0,0.0,1.0,1.0,0.1485930722,0.2007247907,0.4765783833,0.3287668176,0.5313806356,0.2812515243
4106,1.0,0.0,0.0,0.0,1.0,1.0,0.1586743817,0.2254059401,0.4845361829,0.311687769,0.5361701564,0.2641495116
4107,1.0,0.0,0.0,0.0,1.0,1.0,0.1662272,0.2369366962,0.4760913793,0.3125006282,0.5129309094,0.2727261097
4108,1.0,0.0,0.0,0.0,1.0,1.0,0.1457092276,0.2105205164,0.4784393194,0.2957739926,0.5234045579,0.2727282206
4109,1.0,0.0,0.0,0.0,1.0,1.0,0.1939844961,0.2697608252,0.4915611008,0.2934793464,0.5221239094,0.2786885246
4110,1.0,0.0,0.0,0.0,1.0,1.0,0.1526344248,0.2233269314,0.4707113147,0.3013690322,0.5088494906,0.2970305118
4111,1.0,0.0,0.0,0.0,1.0,1.0,0.1665734077,0.2584027903,0.4796747511,0.2926829878,0.5341882493,0.2892570103
4112,1.0,0.0,0.0,0.0,1.0,1.0,0.1727430892,0.264044927,0.4897118431,0.2976192694,0.5109169672,0.3057855515
4113,1.0,0.0,0.0,0.0,1.0,1.0,0.1739027987,0.2509144293,0.4960000426,0.3218381087,0.5189873159,0.302520735
4114,1.0,0.0,0.0,0.0,1.0,1.0,0.1353207988,0.2144552164,0.4874273268,0.3000011562,0.522267465,0.2735862382
4115,1.0,0.0,0.0,0.0,1.0,1.0,0.153033503,0.21987696,0.4593573581,0.2839504976,0.4919998133,0.2909091882
4116,1.0,0.0,0.0,0.0,1.0,1.0,0.1595600795,0.2120588779,0.4614035429,0.19780364,0.4981551675,0.2347833587
4117,1.0,0.0,0.0,0.0,1.0,1.0,0.1766778893,0.1919220265,0.4436741838,0.2156852957,0.48550738,0.2547184856
4118,1.0,0.0,0.0,0.0,1.0,1.0,0.1732830743,0.1995223228,0.4588440802,0.2222224449,0.5091574173,0.2844031853
4119,1.0,0.0,0.0,0.0,1.0,1.0,0.1700079552,0.1576180388,0.4587628372,0.2121212121,0.5089606704,0.2272740787
4120,1.0,0.0,0.0,0.0,1.0,1.0,0.178471707,0.184598492,0.4535715167,0.2700007184,0.5037312544,0.3030309138
4121,1.0,0.0,0.0,0.0,1.0,1.0,0.1587896996,0.1869036374,0.5140185813,0.1764697685,0.5157477777,0.2736833356
4122,1.0,0.0,0.0,0.0,1.0,1.0,0.1142772724,0.1463618025,0.4689923795,0.05084723086,0.4435144493,0.228572234
4123,1.0,0.0,0.0,0.0,1.0,1.0,0.1591853406,0.1394073564,0.4879031611,0.6455698436,0.4763949084,0.5999993873
4124,1.0,0.0,0.0,0.0,1.0,1.0,0.1853133719,0.1815126566,0.4812500201,0.6292143835,0.5112109425,0.6419755143
4125,1.0,0.0,0.0,0.0,1.0,1.0,0.07109001179,0.1911372913,0.4539748729,0.2647013463,0.4562211281,0.2289142531
4126,1.0,0.0,0.0,0.0,1.0,1.0,0.1091829149,0.232901723,0.4936974059,0.1346163214,0.4841630036,0.2233017606
4127,1.0,0.0,0.0,0.0,1.0,1.0,0.07795641827,0.1572396504,0.4619999725,0.7179525973,0.5,0.506850995
4128,1.0,0.0,0.0,0.0,1.0,1.0,0.258507725,0.2693809409,0.4590164106,0.542253334,0.5234374169,0.6159415006
4129,1.0,0.0,0.0,0.0,1.0,1.0,0.2790760704,0.2952894832,0.4467714335,0.5500003349,0.5189394339,0.6089739539
4130,1.0,0.0,0.0,0.0,1.0,1.0,0.1564503909,0.180622026,0.4732964012,0.6470597117,0.5301203423,0.6333327787
4131,1.0,0.0,0.0,0.0,1.0,1.0,0.1182546924,0.21094755,0.4866410897,0.2258063421,0.5040983235,0.2330091728
4132,1.0,0.0,0.0,0.0,1.0,1.0,0.1085107659,0.2073531268,0.4857142913,0.2806988335,0.4979254763,0.2700002888
4133,1.0,0.0,0.0,0.0,1.0,1.0,0.1034543915,0.1352184025,0.4916821172,0.6785711477,0.5490194217,0.6376806969
4134,1.0,0.0,0.0,0.0,1.0,1.0,0.2576957315,0.258219915,0.4442508459,0.5878371302,0.5167285718,0.6402879054
4135,1.0,0.0,0.0,0.0,1.0,1.0,0.2835545798,0.2890179808,0.4588442547,0.5679016622,0.5298504009,0.6064515231
4136,1.0,0.0,0.0,0.0,1.0,1.0,0.3026478643,0.3118561943,0.4454225841,0.5639529781,0.5112780706,0.6144571583
4137,1.0,0.0,0.0,0.0,1.0,1.0,0.2954102328,0.2987052318,0.4424779507,0.5688625707,0.5150375144,0.6163520556
4138,1.0,0.0,0.0,0.0,1.0,1.0,0.1625260957,0.1806220973,0.4373831842,0.6436781064,0.4779115584,0.5888887105
4139,1.0,0.0,0.0,0.0,1.0,1.0,0.1012818059,0.1822749505,0.4799233814,0.1509408048,0.4959017633,0.1797747295
4140,1.0,0.0,0.0,0.0,1.0,1.0,0.09155187185,0.194106635,0.4694656626,0.1666666667,0.4834709685,0.23404341
4141,1.0,0.0,0.0,0.0,1.0,1.0,0.07245011871,0.1388114322,0.4684015212,0.7435916023,0.5158728995,0.5142877558
4142,1.0,0.0,0.0,0.0,1.0,1.0,0.2459358137,0.2385887593,0.4328098137,0.567376333,0.5112783616,0.6456687273
4143,1.0,0.0,0.0,0.0,1.0,1.0,0.2904953547,0.2964765013,0.4359861602,0.5654759082,0.5111939482,0.6289307038
4144,1.0,0.0,0.0,0.0,1.0,1.0,0.310937677,0.3171660968,0.4273505344,0.5659336659,0.5055350923,0.6104645876
4145,1.0,0.0,0.0,0.0,1.0,1.0,0.3187875271,0.3185034837,0.4189656458,0.5621614765,0.505494554,0.6206887859
4146,1.0,0.0,0.0,0.0,1.0,1.0,0.3080588913,0.313257867,0.4220665076,0.5681812527,0.5074628755,0.6250001629
4147,1.0,0.0,0.0,0.0,1.0,1.0,0.3056287962,0.3156129657,0.4182776969,0.5632188392,0.5,0.6130948114
4148,1.0,0.0,0.0,0.0,1.0,1.0,0.3047942108,0.3111471935,0.4273049878,0.5697674861,0.5094339933,0.6121214044
4149,1.0,0.0,0.0,0.0,1.0,1.0,0.3041006224,0.3092614665,0.4252669048,0.5730990061,0.5132074048,0.6280491929
4150,1.0,0.0,0.0,0.0,1.0,1.0,0.3038724703,0.3020702861,0.4253075913,0.5838139056,0.5074624982,0.6234565156
4151,1.0,0.0,0.0,0.0,1.0,1.0,0.1553440944,0.1752011044,0.455056174,0.6506024096,0.4980079907,0.6363636364
4152,1.0,0.0,0.0,0.0,1.0,1.0,0.07244997248,0.1738160181,0.468401527,0.435896573,0.5098814041,0.3068180971
4153,1.0,0.0,0.0,0.0,1.0,1.0,0.06964074223,0.1552915882,0.5028246994,0.7297311474,0.5458165825,0.4743580528
4154,1.0,0.0,0.0,0.0,1.0,1.0,0.1751234458,0.1873953935,0.4176990677,0.6868675517,0.5189395332,0.676768211
4155,1.0,0.0,0.0,0.0,1.0,1.0,0.2537711365,0.2590464192,0.4243478607,0.6301364137,0.5477941751,0.6666666667
4156,1.0,0.0,0.0,0.0,1.0,1.0,0.2778111341,0.2876093967,0.4033898815,0.6219514175,0.543165515,0.6624998094
4157,1.0,0.0,0.0,0.0,1.0,1.0,0.2848238044,0.2969353054,0.3959044179,0.6407187529,0.5434782609,0.6707318879
4158,1.0,0.0,0.0,0.0,1.0,1.0,0.2764780097,0.2907467453,0.4037801269,0.6397506767,0.5490909105,0.6750002729
4159,1.0,0.0,0.0,0.0,1.0,1.0,0.2806057907,0.2965376337,0.4003466552,0.6481485259,0.5494507666,0.6975311412
4160,1.0,0.0,0.0,0.0,1.0,1.0,0.2796363093,0.2965377664,0.4041449792,0.6419751433,0.549450436,0.6975308063
4161,1.0,0.0,0.0,0.0,1.0,1.0,0.287275156,0.3034669904,0.409638487,0.6586817916,0.5600003195,0.6886227703
4162,1.0,0.0,0.0,0.0,1.0,1.0,0.2816295475,0.2961983498,0.4037800894,0.6524390969,0.5563633183,0.6871163767
4163,1.0,0.0,0.0,0.0,1.0,1.0,0.2743223153,0.2950384074,0.4160838772,0.6560499129,0.5645757085,0.6999993137
4164,1.0,0.0,0.0,0.0,1.0,1.0,0.2778166015,0.2939534924,0.4423076268,0.6477984935,0.5845587884,0.687499746
4165,1.0,0.0,0.0,0.0,1.0,1.0,0.2740121426,0.2895063578,0.4393673258,0.6538456072,0.5830257277,0.6815285005
4166,1.0,0.0,0.0,0.0,1.0,1.0,0.2220983256,0.2422885696,0.4336917625,0.685482929,0.560606104,0.679687843
4167,1.0,0.0,0.0,0.0,1.0,1.0,0.07600309281,0.201107301,0.4543726266,0.3250034531,0.5325201673,0.3434329992
4168,1.0,0.0,0.0,0.0,1.0,1.0,0.07614791966,0.2072014035,0.4533332645,0.3749993358,0.524390186,0.3431358452
4169,1.0,0.0,0.0,0.0,1.0,1.0,0.09617282928,0.148511397,0.4584905797,0.7843128234,0.5662650396,0.6486495056
4170,1.0,0.0,0.0,0.0,1.0,1.0,0.2375432661,0.2470737697,0.441901341,0.674074337,0.5799256355,0.6992483665
4171,1.0,0.0,0.0,0.0,1.0,1.0,0.2792817644,0.2902792048,0.4446397054,0.6352201258,0.5845588059,0.6708860759
4172,1.0,0.0,0.0,0.0,1.0,1.0,0.2848061095,0.2976282151,0.4388112008,0.6319025855,0.5772059925,0.6666671142
4173,1.0,0.0,0.0,0.0,1.0,1.0,0.2815333068,0.2931945694,0.4383803022,0.6312504192,0.5756458265,0.6666671258
4174,1.0,0.0,0.0,0.0,1.0,1.0,0.2752848043,0.2847674029,0.4456140751,0.6496811157,0.5772059379,0.677418859
4175,1.0,0.0,0.0,0.0,1.0,1.0,0.2790762322,0.2939534632,0.4450261459,0.6437506784,0.5882352704,0.6875002576
4176,1.0,0.0,0.0,0.0,1.0,1.0,0.2820726466,0.2899839473,0.4494772759,0.6419754248,0.5839415507,0.6729562936
4177,1.0,0.0,0.0,0.0,1.0,1.0,0.2780135583,0.2942796683,0.4489436187,0.645569412,0.592592652,0.6855354223
4178,1.0,0.0,0.0,0.0,1.0,1.0,0.274356624,0.2890177282,0.4527628716,0.6363642751,0.5895523141,0.6645167055
4179,1.0,0.0,0.0,0.0,1.0,1.0,0.2840332768,0.2924290132,0.4582594358,0.6375001015,0.5962964298,0.6708864574
4180,1.0,0.0,0.0,0.0,1.0,1.0,0.280200422,0.2887277005,0.4607143545,0.6369425618,0.5962959899,0.6730765787
4181,1.0,0.0,0.0,0.0,1.0,1.0,0.2822985609,0.2983682173,0.4508771631,0.6459634989,0.5897437012,0.6809811565
4182,1.0,0.0,0.0,0.0,1.0,1.0,0.2771263328,0.2946117054,0.4561718119,0.6451608839,0.5932833149,0.6708866149
4183,1.0,0.0,0.0,0.0,1.0,1.0,0.289124177,0.2990896981,0.4571429236,0.6358025602,0.5947958195,0.6708072272
4184,1.0,0.0,0.0,0.0,1.0,1.0,0.286059342,0.2957906383,0.4611306778,0.6296292846,0.5955881741,0.6770185337
4185,1.0,0.0,0.0,0.0,1.0,1.0,0.2888871482,0.3002054597,0.4524237666,0.6335398443,0.5895521584,0.6770187987
4186,1.0,0.0,0.0,0.0,1.0,1.0,0.2870926848,0.2983407898,0.4560142891,0.6437503267,0.5970150209,0.6874995812
4187,1.0,0.0,0.0,0.0,1.0,1.0,0.298234788,0.3097903914,0.461811663,0.6309532715,0.5977860442,0.6666662367
4188,1.0,0.0,0.0,0.0,1.0,1.0,0.2784160365,0.2924293987,0.4571429094,0.6474353304,0.5962961869,0.6708856441
4189,1.0,0.0,0.0,0.0,1.0,1.0,0.05855330231,0.175867409,0.4242425384,0.8620655135,0.4849787278,0.5
4190,1.0,0.0,0.0,0.0,1.0,1.0,0.0840829095,0.1835707834,0.4627150844,0.3863659181,0.5306120785,0.3333333333
4191,1.0,0.0,0.0,0.0,1.0,1.0,0.09033417626,0.1340715692,0.4519229956,0.7021257386,0.5406505256,0.5909089448
4192,1.0,0.0,0.0,0.0,1.0,1.0,0.2016893521,0.2147089129,0.4612612695,0.6964279479,0.5893534756,0.7079660991
4193,1.0,0.0,0.0,0.0,1.0,1.0,0.2680565932,0.2755815551,0.4635878999,0.6423838765,0.5992645189,0.6800001744
4194,1.0,0.0,0.0,0.0,1.0,1.0,0.270311773,0.284767299,0.4715301506,0.644736936,0.6139704637,0.6903222647
4195,1.0,0.0,0.0,0.0,1.0,1.0,0.2832639757,0.296882284,0.4670231165,0.6415102025,0.6125461049,0.6770186752
4196,1.0,0.0,0.0,0.0,1.0,1.0,0.2782132375,0.2905783012,0.4609929581,0.6496823275,0.6,0.6815295139
4197,1.0,0.0,0.0,0.0,1.0,1.0,0.2875835096,0.3024140133,0.4564830686,0.6358016222,0.5940959835,0.6646345876
4198,1.0,0.0,0.0,0.0,1.0,1.0,0.2827604742,0.2961308413,0.4519572405,0.6415096397,0.5962965192,0.6687501355
4199,1.0,0.0,0.0,0.0,1.0,1.0,0.2750261697,0.2860853962,0.4622301185,0.653595,0.6059482172,0.675325145
4200,1.0,0.0,0.0,0.0,1.0,1.0,0.2766313658,0.2927467929,0.4589286326,0.6387101529,0.604477468,0.675158676
4201,1.0,0.0,0.0,0.0,1.0,1.0,0.2850394399,0.2983409565,0.453068543,0.651898614,0.5970151281,0.6562499163
4202,1.0,0.0,0.0,0.0,1.0,1.0,0.2930018483,0.3065205173,0.4586331074,0.638037522,0.5985131819,0.6666666667
4203,1.0,0.0,0.0,0.0,1.0,1.0,0.2958636528,0.3057993942,0.4422382207,0.6463406981,0.5783582462,0.6768296509
4204,1.0,0.0,0.0,0.0,1.0,1.0,0.3000098379,0.3109375037,0.4476020902,0.6331359896,0.5851853351,0.6666666667
4205,1.0,0.0,0.0,0.0,1.0,1.0,0.2941621795,0.3038598634,0.4627659759,0.6325297333,0.5970697387,0.6686740271
4206,1.0,0.0,0.0,0.0,1.0,1.0,0.2799853072,0.288442144,0.4609929309,0.645570521,0.6029411706,0.6815290571
4207,1.0,0.0,0.0,0.0,1.0,1.0,0.2913569745,0.3063983076,0.4611307027,0.6424233162,0.5985401373,0.6666662353
4208,1.0,0.0,0.0,0.0,1.0,1.0,0.2898209524,0.3016497474,0.4657293982,0.6424243306,0.6109092005,0.6626505391
4209,1.0,0.0,0.0,0.0,1.0,1.0,0.2929091604,0.3075206067,0.4564831625,0.6484854649,0.5970698075,0.6666666667
4210,1.0,0.0,0.0,0.0,1.0,1.0,0.2933336528,0.3016495013,0.463971915,0.640718375,0.6109088818,0.668674176
4211,1.0,0.0,0.0,0.0,1.0,1.0,0.2934459412,0.3055849289,0.4576856404,0.6411759613,0.6007194387,0.6705879161
4212,1.0,0.0,0.0,0.0,1.0,1.0,0.3015555948,0.3105405469,0.4620688987,0.6457146674,0.6035713723,0.6666666667
4213,1.0,0.0,0.0,0.0,1.0,1.0,0.3023953362,0.3118824303,0.4581196194,0.644067882,0.6028368934,0.6590906499
4214,1.0,0.0,0.0,0.0,1.0,1.0,0.2963861817,0.3041005869,0.4551723418,0.6453495507,0.6049821684,0.6608185539
4215,1.0,0.0,0.0,0.0,1.0,1.0,0.2958757276,0.3080713194,0.4612737246,0.6395354269,0.6057346997,0.6569770309
4216,1.0,0.0,0.0,0.0,1.0,1.0,0.2917197443,0.3026983484,0.4645941271,0.6390541571,0.6057349424,0.662722395
4217,1.0,0.0,0.0,0.0,1.0,1.0,0.2909987829,0.3026984546,0.4644714712,0.6428574228,0.6057350122,0.6627213632
4218,1.0,0.0,0.0,0.0,1.0,1.0,0.2955614342,0.3083385797,0.4615383663,0.6416186014,0.6063829871,0.6666670936
4219,1.0,0.0,0.0,0.0,1.0,1.0,0.2946631889,0.3034022123,0.4568966116,0.6432753219,0.6000003152,0.6705891672
4220,1.0,0.0,0.0,0.0,1.0,1.0,0.2967092402,0.3091798072,0.4600694278,0.6374272401,0.604316387,0.6686046288
4221,1.0,0.0,0.0,0.0,1.0,1.0,0.2960021169,0.3066880647,0.4634145878,0.6294116893,0.5992778165,0.6705883107
4222,1.0,0.0,0.0,0.0,1.0,1.0,0.3008698979,0.3116541214,0.4636677058,0.6436778234,0.6057346971,0.6609202079
4223,1.0,0.0,0.0,0.0,1.0,1.0,0.2924355523,0.3080715905,0.4612735984,0.635293606,0.6021505247,0.6686044921
4224,1.0,0.0,0.0,0.0,1.0,1.0,0.2902160857,0.305879019,0.4570447436,0.6508874108,0.6049821446,0.6744176144
4225,1.0,0.0,0.0,0.0,1.0,1.0,0.2949741488,0.3091798048,0.4704861266,0.6470585959,0.6079136506,0.668605652
4226,1.0,0.0,0.0,0.0,1.0,1.0,0.2979273294,0.3080714144,0.4592720359,0.6395353479,0.6021507637,0.6686052951
4227,1.0,0.0,0.0,0.0,1.0,1.0,0.3013915259,0.3087560457,0.4627381513,0.6379310783,0.6071426177,0.6589601725
4228,1.0,0.0,0.0,0.0,1.0,1.0,0.3003503476,0.3116538771,0.4645942079,0.6379309025,0.6057345547,0.6724145848
4229,1.0,0.0,0.0,0.0,1.0,1.0,0.3001795345,0.3123257706,0.4739583214,0.6416187697,0.6142856412,0.6514282978
4230,1.0,0.0,0.0,0.0,1.0,1.0,0.3013915259,0.315235843,0.4644714059,0.6379306454,0.6093188564,0.6590908528
4231,1.0,0.0,0.0,0.0,1.0,1.0,0.2989635167,0.3109773253,0.4678261018,0.6453483556,0.6043165871,0.6647396835
4232,1.0,0.0,0.0,0.0,1.0,1.0,0.2965186116,0.3041778758,0.4136126156,0.6529407737,0.5579712277,0.6785712885
4233,1.0,0.0,0.0,0.0,1.0,1.0,0.3010576686,0.3077992659,0.4133099226,0.6395345565,0.557971231,0.6647057986
4234,1.0,0.0,0.0,0.0,1.0,1.0,0.3067071902,0.3136934633,0.4074073861,0.6379305822,0.5437954381,0.6686040927
4235,1.0,0.0,0.0,0.0,1.0,1.0,0.2966541026,0.3038597441,0.4204947037,0.6488103556,0.5604396129,0.6746984165
4236,1.0,0.0,0.0,0.0,1.0,1.0,0.2987654604,0.3049768231,0.4234875438,0.6547629025,0.5625001244,0.6807226479
4237,1.0,0.0,0.0,0.0,1.0,1.0,0.3030220176,0.3056901182,0.420212702,0.6432752056,0.5567765905,0.6706581098
4238,1.0,0.0,0.0,0.0,1.0,1.0,0.3047943068,0.309351355,0.4202127532,0.645349203,0.5567764944,0.6686386289
4239,1.0,0.0,0.0,0.0,1.0,1.0,0.3055849292,0.3090867776,0.4100719479,0.6470586034,0.5481481394,0.6766468206
4240,1.0,0.0,0.0,0.0,1.0,1.0,0.3019895339,0.3046624898,0.4154677426,0.6488093876,0.553903418,0.6524389132
4241,1.0,0.0,0.0,0.0,1.0,1.0,0.3076604811,0.3163030217,0.4207650624,0.650888563,0.5543072241,0.6686387161
4242,1.0,0.0,0.0,0.0,1.0,1.0,0.309609459,0.3201914109,0.4148550457,0.6491230247,0.5481482354,0.6647406359
4243,1.0,0.0,0.0,0.0,1.0,1.0,0.3128843162,0.317837292,0.4114490374,0.640000245,0.5514705419,0.6820807816
4244,1.0,0.0,0.0,0.0,1.0,1.0,0.3115375324,0.3153222246,0.4144143409,0.6416188248,0.560885619,0.6666666667
4245,1.0,0.0,0.0,0.0,1.0,1.0,0.3104192105,0.3166725815,0.4165169587,0.6473996196,0.5604397507,0.6763010305
4246,1.0,0.0,0.0,0.0,1.0,1.0,0.3122133246,0.3123253768,0.393177863,0.6551715609,0.5294118112,0.676471035
4247,1.0,0.0,0.0,0.0,1.0,1.0,0.3036277602,0.3027508282,0.3996383138,0.6607151777,0.5328466065,0.6807235085
4248,1.0,0.0,0.0,0.0,1.0,1.0,0.3086249372,0.3096097305,0.3913824899,0.6511629955,0.5326088021,0.6783623214
4249,1.0,0.0,0.0,0.0,1.0,1.0,0.303627854,0.2951250982,0.3978301109,0.6607145634,0.5362321012,0.6809815131
4250,1.0,0.0,0.0,0.0,1.0,1.0,0.31447165,0.3048841274,0.3996383306,0.6494254612,0.534296176,0.6686397519
4251,1.0,0.0,0.0,0.0,1.0,1.0,0.3082059297,0.3016172837,0.3992870748,0.6647399509,0.5464283177,0.6686398587
4252,1.0,0.0,0.0,0.0,1.0,1.0,0.190733222,0.1949669485,0.408396927,0.75,0.5227274022,0.6893198817
4253,1.0,0.0,0.0,0.0,1.0,1.0,0.08098251491,0.1419443707,0.4624506029,0.8048761493,0.5408560569,0.4931504453
4254,1.0,0.0,0.0,0.0,1.0,1.0,0.1453021383,0.1602157741,0.4282908205,0.8108101967,0.5458016782,0.7142864292
4255,1.0,0.0,0.0,0.0,1.0,1.0,0.2526891129,0.2399380071,0.4283020036,0.6716413311,0.5667868861,0.7067659713
4256,1.0,0.0,0.0,0.0,1.0,1.0,0.3133683186,0.2966541943,0.4248607788,0.6508881636,0.5689043835,0.6845240849
4257,1.0,0.0,0.0,0.0,1.0,1.0,0.319524297,0.3033394747,0.4293679075,0.6453495736,0.5754387265,0.6820805827
4258,1.0,0.0,0.0,0.0,1.0,1.0,0.3150209719,0.2900479218,0.4352721796,0.6488098103,0.5804196498,0.6867463059
4259,1.0,0.0,0.0,0.0,1.0,1.0,0.3275638963,0.2949740589,0.4245810466,0.6363640895,0.5729165755,0.6823535786
4260,1.0,0.0,0.0,0.0,1.0,1.0,0.3269550065,0.295682622,0.4275093564,0.6477280873,0.5743945617,0.6842101176
4261,1.0,0.0,0.0,0.0,1.0,1.0,0.3306702018,0.2946630884,0.4219330772,0.6348317158,0.5758621339,0.6900588232
4262,1.0,0.0,0.0,0.0,1.0,1.0,0.3193705969,0.2910656081,0.4210526746,0.6470585227,0.5684211168,0.692770477
4263,1.0,0.0,0.0,0.0,1.0,1.0,0.3299863313,0.3012502352,0.4155597073,0.6379309919,0.5673760297,0.6941185694
4264,1.0,0.0,0.0,0.0,1.0,1.0,0.3188518493,0.2980790608,0.4141790198,0.6491232797,0.5684210526,0.6882353017
4265,1.0,0.0,0.0,0.0,1.0,1.0,0.3227553307,0.3064488571,0.412843947,0.6420453773,0.5609753695,0.676137059
4266,1.0,0.0,0.0,0.0,1.0,1.0,0.3258254242,0.3071199987,0.4175825144,0.6460671188,0.5624999763,0.6723164331
4267,1.0,0.0,0.0,0.0,1.0,1.0,0.3282839133,0.3050020467,0.4142336904,0.6388880129,0.5586205677,0.6779656417
4268,1.0,0.0,0.0,0.0,1.0,1.0,0.3307244884,0.306725365,0.4109091657,0.6373621329,0.5655171369,0.6797752462
4269,1.0,0.0,0.0,0.0,1.0,1.0,0.3301075548,0.3071201387,0.4124086732,0.6408845976,0.5694445455,0.6836160587
4270,1.0,0.0,0.0,0.0,1.0,1.0,0.3277155705,0.3022367059,0.4076087952,0.6519339768,0.567010391,0.6875007025
4271,1.0,0.0,0.0,0.0,1.0,1.0,0.3271231487,0.306057756,0.3996382467,0.6408838171,0.560553649,0.6836152097
4272,1.0,0.0,0.0,0.0,1.0,1.0,0.3325448639,0.3101715524,0.4014466176,0.6413046725,0.5586206113,0.6777785105
4273,1.0,0.0,0.0,0.0,1.0,1.0,0.3228686514,0.3015557775,0.4119783016,0.6516857103,0.5689654264,0.6857143927
4274,1.0,0.0,0.0,0.0,1.0,1.0,0.3252728158,0.3053850059,0.4127273811,0.6368719847,0.5694442868,0.6818183507
4275,1.0,0.0,0.0,0.0,1.0,1.0,0.3283105523,0.3060576467,0.4119783469,0.6464092666,0.5640137742,0.6836162097
4276,1.0,0.0,0.0,0.0,1.0,1.0,0.326496306,0.3077862372,0.4101633452,0.6444440096,0.5674740234,0.6797756144
4277,1.0,0.0,0.0,0.0,1.0,1.0,0.3270234738,0.303650144,0.4154411566,0.6404497267,0.5694444392,0.6799998507
4278,1.0,0.0,0.0,0.0,1.0,1.0,0.329466076,0.3099314711,0.4198895625,0.6368714046,0.5679442038,0.6629204523
4279,1.0,0.0,0.0,0.0,1.0,1.0,0.3282569499,0.3099314344,0.4110091032,0.6424585518,0.5609758237,0.6741566258
4280,1.0,0.0,0.0,0.0,1.0,1.0,0.3313166038,0.3116726987,0.4175824948,0.6353596451,0.5644600714,0.6815637391
4281,1.0,0.0,0.0,0.0,1.0,1.0,0.3264231667,0.3071198739,0.4183487388,0.6404494382,0.5694444128,0.677966521
4282,1.0,0.0,0.0,0.0,1.0,1.0,0.3252298773,0.3105906421,0.4241315746,0.6292125802,0.5729168077,0.675976869
4283,1.0,0.0,0.0,0.0,1.0,1.0,0.3294862127,0.3116727485,0.4157508401,0.6277781529,0.5609754991,0.6703915627
4284,1.0,0.0,0.0,0.0,1.0,1.0,0.3239443987,0.3047079932,0.4198894972,0.6363643113,0.5644598154,0.6742860627
4285,1.0,0.0,0.0,0.0,1.0,1.0,0.3264234432,0.3047076024,0.4110091703,0.634831765,0.5609755539,0.674286022
4286,1.0,0.0,0.0,0.0,1.0,1.0,0.3276855338,0.3088554001,0.4080145047,0.6277774663,0.5590275623,0.6685393189
4287,1.0,0.0,0.0,0.0,1.0,1.0,0.3319315278,0.3116726582,0.4032846445,0.6208794727,0.55052258,0.670391837
4288,1.0,0.0,0.0,0.0,1.0,1.0,0.3319445847,0.3108230849,0.4043320383,0.6304355104,0.5567008595,0.6685078239
4289,1.0,0.0,0.0,0.0,1.0,1.0,0.3331475065,0.3123255684,0.4000001593,0.6216214278,0.5486110312,0.6722222154
4290,1.0,0.0,0.0,0.0,1.0,1.0,0.3295261812,0.30778663,0.407608621,0.6318680057,0.5536329731,0.6629213344
4291,1.0,0.0,0.0,0.0,1.0,1.0,0.3307244019,0.309515774,0.4054545919,0.6263729761,0.5570932757,0.6703905264
4292,1.0,0.0,0.0,0.0,1.0,1.0,0.3349778181,0.3116726658,0.4157509245,0.6284152487,0.5574913129,0.6648046588
4293,1.0,0.0,0.0,0.0,1.0,1.0,0.3325381453,0.30993175,0.4131625863,0.6318679405,0.5574913807,0.668539312
4294,1.0,0.0,0.0,0.0,1.0,1.0,0.3331469688,0.3116726089,0.4134790278,0.6229505848,0.5574914006,0.6703902636
4295,1.0,0.0,0.0,0.0,1.0,1.0,0.3416276125,0.319266247,0.4181816842,0.622340227,0.565972139,0.6739123958
4296,1.0,0.0,0.0,0.0,1.0,1.0,0.3343657228,0.3127624361,0.4058501939,0.6174866378,0.5559440892,0.6648038782
4297,1.0,0.0,0.0,0.0,1.0,1.0,0.3392265532,0.3197515207,0.4105840091,0.6129028097,0.5559440453,0.6557378612
4298,1.0,0.0,0.0,0.0,1.0,1.0,0.3410504977,0.3197514072,0.4197078707,0.6149722393,0.5629368029,0.6612025854
4299,1.0,0.0,0.0,0.0,1.0,1.0,0.3428741459,0.3226267792,0.4069343421,0.617021622,0.5543858831,0.673912992
4300,1.0,0.0,0.0,0.0,1.0,1.0,0.3495315075,0.3238613238,0.4007285356,0.6145839103,0.5505225283,0.6720426343
4301,1.0,0.0,0.0,0.0,1.0,1.0,0.3470790704,0.3284877635,0.4036363924,0.6230362498,0.5559439324,0.6755319272
4302,1.0,0.0,0.0,0.0,1.0,1.0,0.3477909876,0.3261336274,0.404761834,0.621053255,0.5508769187,0.6720429357
4303,1.0,0.0,0.0,0.0,1.0,1.0,0.3416270878,0.3243799345,0.3945454932,0.6276602365,0.5508771677,0.6702707767
4304,1.0,0.0,0.0,0.0,1.0,1.0,0.3355656905,0.3184843489,0.4010889853,0.627026861,0.549295623,0.6740332092
4305,1.0,0.0,0.0,0.0,1.0,1.0,0.3428211586,0.3232457585,0.3992739946,0.6243379555,0.5454546145,0.6756761833
4306,1.0,0.0,0.0,0.0,1.0,1.0,0.3464491121,0.3214986933,0.3974592095,0.6230367862,0.5454546145,0.6630439916
4307,1.0,0.0,0.0,0.0,1.0,1.0,0.3374029091,0.3156128948,0.4069343211,0.6216217813,0.5543858977,0.6722230185
4308,1.0,0.0,0.0,0.0,1.0,1.0,0.3215118571,0.3096863119,0.4687501137,0.6228571716,0.598591372,0.6647728907
4309,1.0,0.0,0.0,0.0,1.0,1.0,0.3227555212,0.3044074828,0.4715596252,0.6250007896,0.6091549599,0.6647396095
4310,1.0,0.0,0.0,0.0,1.0,1.0,0.3166730137,0.3023221652,0.4688645405,0.6358381356,0.6049823862,0.6764704358
4311,1.0,0.0,0.0,0.0,1.0,1.0,0.3138432703,0.3016500399,0.4691590242,0.6428568685,0.6036362641,0.6807221343
4312,1.0,0.0,0.0,0.0,1.0,1.0,0.3170773437,0.3123254613,0.4619665982,0.6374267901,0.5919117313,0.6823525984
4313,1.0,0.0,0.0,0.0,1.0,1.0,0.3011023744,0.3042581606,0.4700544552,0.6385545876,0.5940958801,0.6727272258
4314,1.0,0.0,0.0,0.0,1.0,1.0,0.2940594743,0.3130325084,0.5090253394,0.619632006,0.6301886596,0.6445784368
4315,1.0,0.7853981853,0.0,0.0,1.0,1.0,0.2547597625,0.2827881372,0.5365418099,0.6153843858,0.6472868746,0.6369855305
4316,1.0,0.7853981853,0.0,0.0,1.0,1.0,0.2361026172,0.2667833743,0.5523979181,0.6466155734,0.6573706176,0.656717287
4317,1.0,0.7853981853,0.0,0.0,1.0,1.0,0.2352636502,0.2849813417,0.5601375585,0.6277377447,0.6746988631,0.6478878386
4318,1.0,0.7853981853,0.0,0.0,1.0,1.0,0.2253476082,0.28435992,0.5507745541,0.6488554611,0.6694558833,0.6323544003
4319,1.0,0.7853981853,0.0,0.0,1.0,1.0,0.2503014131,0.3106962534,0.5202821148,0.6267600905,0.6434780376,0.6293714504
4320,1.0,0.7853981853,0.0,0.0,1.0,1.0,0.2551391438,0.331673006,0.5334507183,0.6137931034,0.6681413845,0.6066666667
4321,1.0,0.7853981853,0.0,0.0,1.0,1.0,0.2542753114,0.3368651822,0.5265017185,0.6319439333,0.6562500296,0.6158943
4322,1.0,0.7853981853,0.0,0.0,1.0,1.0,0.2533796613,0.3368654856,0.5193661317,0.6319449638,0.6517858215,0.6092718048
4323,1.0,0.7853981853,0.0,0.0,1.0,1.0,0.2582628269,0.3421513254,0.5274336491,0.6232884198,0.6666668202,0.6052635475
4324,1.0,0.7853981853,0.0,0.0,1.0,1.0,0.2458523162,0.3145565851,0.5258466774,0.6304347501,0.651785846,0.6241136934
4325,1.0,0.7853981853,0.0,0.0,1.0,1.0,0.2498606083,0.3164173349,0.5264084162,0.6197183304,0.6506553314,0.6206901473
4326,1.0,0.7853981853,0.0,0.0,1.0,1.0,0.2529561932,0.3150416211,0.5256636246,0.6223765779,0.6521737759,0.6068973901
4327,1.0,0.7853981853,0.0,0.0,1.0,1.0,0.2520795268,0.3185990266,0.5293072358,0.6126767294,0.6550221126,0.609589815
4328,1.0,0.7853981853,0.0,0.0,1.0,1.0,0.2463163051,0.3115145353,0.5230497452,0.6330937341,0.649350727,0.6111108652
4329,1.0,0.7853981853,0.0,0.0,1.0,1.0,0.2428221381,0.3015559329,0.531690106,0.6159414606,0.6594826601,0.6214282358
4330,1.0,0.7853981853,0.0,0.0,1.0,1.0,0.2485478758,0.3088406017,0.5271452755,0.62676021,0.6523607253,0.611110626
4331,1.0,0.7853981853,0.0,0.0,1.0,1.0,0.2472487577,0.3160629688,0.5331010721,0.6267613888,0.6623932451,0.6013518419
4332,1.0,0.7853981853,0.0,0.0,1.0,1.0,0.2489959802,0.3170498785,0.5449825898,0.625,0.6722689566,0.6026494472
4333,1.0,0.7853981853,0.0,0.0,1.0,1.0,0.25502992,0.3248183399,0.5413793817,0.608108304,0.6666668156,0.6025643494
4334,1.0,0.7853981853,0.0,0.0,1.0,1.0,0.2441916798,0.3125914884,0.5322863162,0.6285718642,0.651063683,0.6190478956
4335,1.0,0.7853981853,0.0,0.0,1.0,1.0,0.2043059876,0.2321714644,0.5377532575,0.6036026183,0.6371682181,0.6476183757
4336,1.0,0.7853981853,0.0,0.0,1.0,1.0,0.0840830269,0.1984536477,0.418737998,0.4545463089,0.4784689728,0.397591652
4337,1.0,0.7853981853,0.0,0.0,1.0,1.0,0.07860790159,0.1796228327,0.4250936597,0.5476178553,0.4884789413,0.3974367617
4338,1.0,0.7853981853,0.0,0.0,1.0,1.0,0.09323151414,0.1563005134,0.416044897,0.8200003319,0.5066077264,0.633803681
4339,1.0,0.7853981853,0.0,0.0,1.0,1.0,0.1984188555,0.2256124637,0.3841911051,0.7037039153,0.4936706885,0.6728959568
4340,1.0,0.7853981853,0.0,0.0,1.0,1.0,0.2410003709,0.2608105161,0.3705674483,0.661764525,0.4860557537,0.6564892318
4341,1.0,0.7853981853,0.0,0.0,1.0,1.0,0.2653386142,0.2841548505,0.3805308788,0.6400006224,0.4980390037,0.6551720606
4342,1.0,0.0,0.0,0.0,1.0,1.0,0.2775251733,0.2959884107,0.3936731161,0.6202535054,0.5153844644,0.6428568468
4343,1.0,0.0,0.0,0.0,1.0,1.0,0.2755877696,0.2911909312,0.4101221154,0.6455705955,0.5375937178,0.6645159028
4344,1.0,0.0,0.0,0.0,1.0,1.0,0.2825280815,0.2960611442,0.4010601645,0.6312497227,0.5245284106,0.662420452
4345,1.0,0.0,0.0,0.0,1.0,1.0,0.2727350057,0.2901001802,0.4225352033,0.6322586267,0.5468164448,0.6645164235
4346,1.0,0.0,0.0,0.0,1.0,1.0,0.279985543,0.2938433068,0.4273048876,0.6329112036,0.5505620366,0.6687900784
4347,1.0,0.0,0.0,0.0,1.0,1.0,0.2954100839,0.3049767465,0.4247787687,0.6227550172,0.5441177578,0.6626501012
4348,1.0,0.0,0.0,0.0,1.0,1.0,0.2888461191,0.2979818431,0.4290780233,0.6319020437,0.551851806,0.6708078284
4349,1.0,0.0,0.0,0.0,1.0,1.0,0.2926936706,0.3057992981,0.4303570475,0.6158528411,0.5447762184,0.6585362968
4350,1.0,0.0,0.0,0.0,1.0,1.0,0.287073651,0.2990893736,0.4273050303,0.6358025842,0.5464683925,0.6708079444
4351,1.0,0.0,0.0,0.0,1.0,1.0,0.2847968348,0.2942801684,0.4230088762,0.6397514446,0.5444443868,0.6792453342
4352,1.0,0.0,0.0,0.0,1.0,1.0,0.2802006715,0.2919719432,0.4178571624,0.6369434868,0.5393257658,0.6730767109
4353,1.0,0.0,0.0,0.0,1.0,1.0,0.2842777997,0.2916586132,0.4168156881,0.6352204574,0.5427508254,0.6687898787
4354,1.0,0.0,0.0,0.0,1.0,1.0,0.2855546672,0.292289237,0.4195298003,0.6455700816,0.5471697658,0.6709680171
4355,1.0,0.0,0.0,0.0,1.0,1.0,0.2927840719,0.2960608354,0.426763096,0.6358023804,0.5471697059,0.6687896973
4356,1.0,0.0,0.0,0.0,1.0,1.0,0.2762093293,0.2820396435,0.4400001152,0.6315791668,0.5530300516,0.6577185395
4357,1.0,0.0,0.0,0.0,1.0,1.0,0.2785330829,0.28691192,0.4316939409,0.6470587425,0.5513308046,0.668873821
4358,1.0,0.0,0.0,0.0,1.0,1.0,0.2767127187,0.2782535732,0.4207650671,0.651315189,0.5454546178,0.6666661901
4359,1.0,0.0,0.0,0.0,1.0,1.0,0.2774188029,0.2814516709,0.4338234617,0.6423834491,0.5478929091,0.6734702371
4360,1.0,0.0,0.0,0.0,1.0,1.0,0.2709108951,0.2717112996,0.4358973327,0.6418929719,0.5589351737,0.6713297974
4361,1.0,0.0,0.0,0.0,1.0,1.0,0.2608836443,0.2594705471,0.435661855,0.6549290031,0.5538464403,0.6888894435
4362,1.0,0.0,0.0,0.0,1.0,1.0,0.2530932974,0.2546838386,0.4380776118,0.6496355395,0.5521236303,0.6969692635
4363,1.0,0.0,0.0,0.0,1.0,1.0,0.1979662624,0.2058848745,0.4423077628,0.6699025628,0.5439999209,0.679612253
4364,1.0,0.0,0.0,0.0,1.0,1.0,0.0598466308,0.1505434134,0.4710578961,0.8666671229,0.5313809543,0.4027790451
4365,1.0,0.0,0.0,0.0,1.0,1.0,0.08228353024,0.1715142985,0.4759036848,0.3170713793,0.5211861327,0.2716033471
4366,1.0,0.0,0.0,0.0,1.0,1.0,0.09104232613,0.1729804818,0.479757181,0.2444418723,0.5213676311,0.2222235962
4367,1.0,0.0,0.0,0.0,1.0,1.0,0.09705297622,0.1787794454,0.4979338369,0.2127653322,0.53879325,0.2168681859
4368,1.0,0.0,0.0,0.0,1.0,1.0,0.0942095485,0.201604177,0.4877048728,0.2608691883,0.5278968892,0.2340425983
4369,1.0,0.0,0.0,0.0,1.0,1.0,0.111738949,0.2367097642,0.4720497675,0.2777788189,0.5087717353,0.2407402202
4370,1.0,0.0,0.0,0.0,1.0,1.0,0.1103920938,0.2488062567,0.4575936272,0.3214279246,0.5105487776,0.2711858871
4371,1.0,0.0,0.0,0.0,1.0,1.0,0.1119217354,0.246724069,0.449901761,0.2982458694,0.5020918778,0.2881357422
4372,1.0,0.0,0.0,0.0,1.0,1.0,0.1251785751,0.2623534553,0.4751492173,0.2857128735,0.5249999676,0.2619042912
4373,1.0,0.0,0.0,0.0,1.0,1.0,0.155650546,0.2950938143,0.4938523453,0.3289484722,0.5344826846,0.284670758
4374,1.0,0.0,0.0,0.0,1.0,1.0,0.131042292,0.2417349688,0.4637966343,0.2388050574,0.5406502492,0.2521007246
4375,1.0,0.0,0.0,0.0,1.0,1.0,0.1195592989,0.1799759261,0.4728971396,0.2031258689,0.5555553774,0.2553189594
4376,1.0,0.0,0.0,0.0,1.0,1.0,0.1362877261,0.2147564008,0.4782609711,0.2608684482,0.524793101,0.3076934732
4377,1.0,0.0,0.0,0.0,1.0,1.0,0.2656512154,0.2201835936,0.4869887498,0.6713278444,0.5632183998,0.7130435707
4378,1.0,0.0,0.0,0.0,1.0,1.0,0.3374500151,0.2896109819,0.5,0.6174864554,0.5643941841,0.6470582703
4379,1.0,0.0,0.0,0.0,1.0,1.0,0.3983149555,0.3468213433,0.4954296367,0.6055052207,0.5597013442,0.6129026819
4380,1.0,0.0,0.0,0.0,1.0,1.0,0.1831969011,0.1821018268,0.49694488,0.4222214789,0.4957626722,0.3255816667
4381,1.0,0.0,0.0,0.0,1.0,1.0,0.1448169563,0.2058937738,0.4632653776,0.1830989564,0.4549357145,0.197917354
4382,1.0,0.0,0.0,0.0,1.0,1.0,0.1575885217,0.1977156649,0.4709543573,0.3684202233,0.4739130133,0.2527486989
4383,1.0,0.0,0.0,0.0,1.0,1.0,0.3269201881,0.2725753122,0.491588852,0.6171434081,0.545454653,0.6666666667
4384,1.0,0.0,0.0,0.0,1.0,1.0,0.4083542168,0.3432046227,0.4794775333,0.6027399843,0.5509435299,0.6483520597
4385,1.0,0.0,0.0,0.0,1.0,1.0,0.4140815844,0.3553151047,0.4613936685,0.5999994441,0.5399241856,0.6363633391
4386,1.0,0.0,0.0,0.0,1.0,1.0,0.4099793379,0.3503791283,0.4688091717,0.5898619288,0.5440611575,0.6338798972
4387,1.0,0.0,0.0,0.0,1.0,1.0,0.4183271702,0.3608023494,0.4602273148,0.592760062,0.5366796532,0.6417114306
4388,1.0,0.0,0.0,0.0,1.0,1.0,0.4078184032,0.3461102297,0.4521071873,0.6056342728,0.5330739653,0.6573030311
4389,1.0,0.0,0.0,0.0,1.0,1.0,0.4175617683,0.3639703033,0.4622824725,0.6064810463,0.5433070174,0.6486481443
4390,1.0,0.0,0.0,0.0,1.0,1.0,0.4258319085,0.3634334638,0.4474708164,0.6073061479,0.5296439547,0.6467385245
4391,1.0,0.0,0.0,0.0,1.0,1.0,0.4332839853,0.3762604978,0.4450866985,0.6044444285,0.5294116484,0.6510411684
4392,1.0,0.0,0.0,0.0,1.0,1.0,0.4378509624,0.3815698781,0.4438095575,0.5913038072,0.5271317952,0.6395935928
4393,1.0,0.0,0.0,0.0,1.0,1.0,0.4374918424,0.3815697883,0.4358491355,0.5948279848,0.5193802012,0.6497462035
4394,1.0,0.0,0.0,0.0,1.0,1.0,0.4359470738,0.3772215044,0.4380951905,0.5982533559,0.5175097414,0.6546392181
4395,1.0,0.0,0.0,0.0,1.0,1.0,0.4372556725,0.3854439369,0.4337121776,0.6017317149,0.5193799732,0.6582914415
4396,1.0,0.0,0.0,0.0,1.0,1.0,0.4420974175,0.3820262254,0.4347826258,0.5940172003,0.517374745,0.651515072
4397,1.0,0.0,0.0,0.0,1.0,1.0,0.4397544982,0.38499881,0.4304760752,0.5887445269,0.5175096698,0.6515155938
4398,1.0,0.0,0.0,0.0,1.0,1.0,0.4364292654,0.3800963512,0.4347826087,0.5974028209,0.5173746312,0.6548227556
4399,1.0,0.0,0.0,0.0,1.0,1.0,0.4280627293,0.3771842248,0.4358490495,0.594713243,0.5210728735,0.6446701153
4400,1.0,0.0,0.0,0.0,1.0,1.0,0.3993945241,0.3480545118,0.4282983102,0.6124401962,0.5058363216,0.6536307605
4401,1.0,0.0,0.0,0.0,1.0,1.0,0.1457958506,0.2179397625,0.4862580224,0.391302927,0.4845814302,0.3434339252
4402,1.0,0.0,0.0,0.0,1.0,1.0,0.1391626911,0.2211154989,0.4810125832,0.3484853553,0.4734510682,0.3299987756
4403,1.0,0.0,0.0,0.0,1.0,1.0,0.2283296308,0.2344372212,0.4709418481,0.6228066877,0.5185183319,0.6403496049
4404,1.0,0.0,0.0,0.0,1.0,1.0,0.3453670262,0.3213891542,0.4459459567,0.6145255768,0.5176472108,0.6402435271
4405,1.0,0.0,0.0,0.0,1.0,1.0,0.3874992642,0.3422212919,0.4452975383,0.5891090426,0.5330738127,0.6590914694
4406,1.0,0.0,0.0,0.0,1.0,1.0,0.3986215297,0.3455102229,0.4450866453,0.5942022034,0.5273438951,0.6553666506
4407,1.0,0.0,0.0,0.0,1.0,1.0,0.3970383833,0.3409859376,0.4461838047,0.6059110819,0.5294119297,0.6666674502
4408,1.0,0.0,0.0,0.0,1.0,1.0,0.3825988983,0.330554611,0.4511719159,0.5969384987,0.5330740336,0.6588234869
4409,1.0,0.0,0.0,0.0,1.0,1.0,0.3845510246,0.3318456798,0.4570312845,0.5989843103,0.5312501632,0.6705884062
4410,1.0,0.0,0.0,0.0,1.0,1.0,0.4102766748,0.3577768084,0.4533072898,0.5924168589,0.5330736957,0.6576090106
4411,1.0,0.0,0.0,0.0,1.0,1.0,0.4203077962,0.3602638983,0.4515504971,0.5852533318,0.5310077205,0.6559144501
4412,1.0,0.0,0.0,0.0,1.0,1.0,0.3986216222,0.3530847437,0.4412332451,0.5942029279,0.5212354885,0.6448092244
4413,1.0,0.0,0.0,0.0,1.0,1.0,0.3929752807,0.3481202518,0.4366730348,0.5913458554,0.5168538757,0.6559138581
4414,1.0,0.0,0.0,0.0,1.0,1.0,0.3846980223,0.347882368,0.4313346329,0.5829154054,0.5153847104,0.6464093904
4415,1.0,0.0,0.0,0.0,1.0,1.0,0.3579213378,0.3197445494,0.4109590655,0.5956286298,0.4865900957,0.664670545
4416,1.0,0.0,0.0,0.0,1.0,1.0,0.3463412114,0.3152085795,0.3663366932,0.5999997604,0.4423076303,0.6463423052
4417,1.0,0.0,0.0,0.0,1.0,1.0,0.3599599882,0.3173133427,0.3480885215,0.6089384628,0.4296578867,0.664671355
4418,1.0,0.0,0.0,0.0,1.0,1.0,0.3560762537,0.3035340232,0.3744938738,0.5965906719,0.4592594377,0.6524391727
4419,1.0,0.0,0.0,0.0,1.0,1.0,0.3719803593,0.3100458764,0.3844579719,0.5824178683,0.4635038743,0.6411765632
4420,1.0,0.0,0.0,0.0,1.0,1.0,0.3703935075,0.3148424029,0.3436853992,0.5921791733,0.4432235363,0.6395347362
4421,1.0,0.0,0.0,0.0,1.0,1.0,0.3729572444,0.3089182176,0.3459120799,0.5730338479,0.4472728206,0.6294118554
4422,1.0,0.0,0.0,0.0,1.0,1.0,0.3622707986,0.2954553431,0.3454158886,0.5705883631,0.4525549671,0.6296296741
4423,1.0,0.0,0.0,0.0,1.0,1.0,0.3839056992,0.3136933998,0.3390557421,0.5642459131,0.4489050397,0.6104660948
4424,1.0,0.0,0.0,0.0,1.0,1.0,0.379319187,0.3096099373,0.3518122985,0.5561803453,0.4601450074,0.6198828194
4425,1.0,0.0,0.0,0.0,1.0,1.0,0.3721326276,0.3073824714,0.3510639113,0.5600008011,0.4604317957,0.6257304548
4426,1.0,0.0,0.0,0.0,1.0,1.0,0.3720868126,0.3027507436,0.3419914046,0.5639534294,0.4598539888,0.614458183
4427,1.0,0.0,0.0,0.0,1.0,1.0,0.3644255428,0.3046626657,0.3406112109,0.5748498289,0.4460965569,0.6158535712
4428,1.0,0.0,0.0,0.0,1.0,1.0,0.3769449356,0.3120931998,0.331896535,0.5771428506,0.4349440462,0.6309522112
4429,1.0,0.0,0.0,0.0,1.0,1.0,0.3701636452,0.3020702423,0.3464052049,0.5705884538,0.4402984251,0.6234562789
4430,1.0,0.0,0.0,0.0,1.0,1.0,0.3753271282,0.3053851028,0.3326180144,0.5657146196,0.4407407232,0.6242425109
4431,1.0,0.0,0.0,0.0,1.0,1.0,0.3782831696,0.3102355881,0.3290322841,0.5795456967,0.434944197,0.6287425504
4432,1.0,0.0,0.0,0.0,1.0,1.0,0.3785118708,0.3123253819,0.3404254726,0.578651138,0.4411762418,0.6352937548
4433,1.0,0.0,0.0,0.0,1.0,1.0,0.3807398631,0.3102355365,0.3354978594,0.5795454296,0.4386617527,0.6347299233
4434,1.0,0.0,0.0,0.0,1.0,1.0,0.375600026,0.3057994962,0.3412527841,0.5747121081,0.447761095,0.6341460473
4435,1.0,0.0,0.0,0.0,1.0,1.0,0.3688925688,0.3035345406,0.3412017076,0.5755809081,0.4444443226,0.6402439024
4436,1.0,0.0,0.0,0.0,1.0,1.0,0.3822651977,0.3109373856,0.3226495847,0.5754192741,0.4333334415,0.6369053694
4437,1.0,0.0,0.0,0.0,1.0,1.0,0.3702428893,0.3039345819,0.3211991453,0.5722543613,0.4365671561,0.6441722482
4438,1.0,0.0,0.0,0.0,1.0,1.0,0.3840742994,0.3116338735,0.3312101697,0.5690606768,0.4428044119,0.6390527626
4439,1.0,0.0,0.0,0.0,1.0,1.0,0.3750573081,0.3042582194,0.3283581932,0.5738638664,0.4317343645,0.6363639635
4440,1.0,0.0,0.0,0.0,1.0,1.0,0.367316332,0.3042584212,0.322649451,0.5639534616,0.4354241115,0.6303029284
4441,1.0,0.0,0.0,0.0,1.0,1.0,0.3844006315,0.3123255559,0.3354701044,0.5777776588,0.4485295524,0.6352939576
4442,1.0,0.0,0.0,0.0,1.0,1.0,0.369451947,0.3024143196,0.3482907355,0.5722543353,0.4575646229,0.6341463415
4443,1.0,0.0,0.0,0.0,1.0,1.0,0.2260379914,0.2136062863,0.3215078794,0.5784304094,0.4039216382,0.5779804998
4444,1.0,0.0,0.0,0.0,1.0,1.0,0.08943530137,0.1820687758,0.4809844045,0.7249998771,0.5193797475,0.4574456286
4445,1.0,0.0,0.0,0.0,1.0,1.0,0.1803343839,0.1900079667,0.4869565143,0.6265061678,0.5551332329,0.6299997427
4446,1.0,0.0,0.0,0.0,1.0,1.0,0.2873658862,0.2461861359,0.5095137063,0.588234593,0.5882352065,0.6343287193
4447,1.0,0.0,0.0,0.0,1.0,1.0,0.3523925455,0.2944786686,0.4900398551,0.5875707927,0.5750000383,0.6303033614
4448,1.0,0.0,0.0,0.0,1.0,1.0,0.3561002508,0.2987652275,0.4744094193,0.58563473,0.5729537448,0.654762422
4449,1.0,0.0,0.0,0.0,1.0,1.0,0.3529778389,0.2947995634,0.4920635322,0.5898871847,0.5791364888,0.658536838
4450,1.0,0.0,0.0,0.0,1.0,1.0,0.3658843358,0.312099885,0.4701349348,0.6,0.5595667676,0.6705206438
4451,1.0,0.0,0.0,0.0,1.0,1.0,0.3681150072,0.3186626679,0.4751908472,0.5958552609,0.5615941915,0.659091527
4452,1.0,0.0,0.0,0.0,1.0,1.0,0.3661506513,0.3216385826,0.4598131471,0.5969376771,0.5454544377,0.66101697
4453,1.0,0.0,0.0,0.0,1.0,1.0,0.369278963,0.3386385427,0.4448528513,0.5970141284,0.5384613269,0.6486491191
4454,1.0,0.0,0.0,0.0,1.0,1.0,0.3518910071,0.3294862546,0.4246824591,0.6030928006,0.5238093371,0.649999881
4455,1.0,0.0,0.0,0.0,1.0,1.0,0.3440699784,0.3257441837,0.43351541,0.5978840209,0.5333334132,0.6534088958
4456,1.0,0.0,0.0,0.0,1.0,1.0,0.3427171168,0.3239949717,0.4272890835,0.5968587938,0.5311354844,0.6497171182
4457,1.0,0.0,0.0,0.0,1.0,1.0,0.339773911,0.3269549593,0.4303796751,0.606382942,0.5315985548,0.6590905462
4458,1.0,0.0,0.0,0.0,1.0,1.0,0.3325479998,0.3220427598,0.4244604442,0.6054051602,0.5296297417,0.6494253513
4459,1.0,0.0,0.0,0.0,1.0,1.0,0.3426660637,0.3399591287,0.4250001395,0.5989580819,0.5315983403,0.644808962
4460,1.0,0.0,0.0,0.0,1.0,1.0,0.3295263253,0.3250064291,0.4492753708,0.5989013783,0.5488721257,0.6416186337
4461,1.0,0.0,0.0,0.0,1.0,1.0,0.3133385134,0.3137343812,0.4432431578,0.5977015876,0.5451129648,0.6526953473
4462,1.0,0.0,0.0,0.0,1.0,1.0,0.3110963605,0.3181744713,0.4382826041,0.609195558,0.5468163622,0.652941525
4463,1.0,0.0,0.0,0.0,1.0,1.0,0.3125465449,0.3164901457,0.4416960875,0.6045195809,0.54814824,0.6432750164
4464,1.0,0.0,0.0,0.0,1.0,1.0,0.2986030788,0.3116340263,0.4358523666,0.6058826141,0.546125225,0.6449698706
4465,1.0,0.0,0.0,0.0,1.0,1.0,0.313654576,0.3220424374,0.445035347,0.6101691812,0.5481482459,0.6494258225
4466,1.0,0.0,0.0,0.0,1.0,1.0,0.3119949866,0.3208539664,0.4320986667,0.6158185748,0.5387454889,0.6494256298
4467,1.0,0.0,0.0,0.0,1.0,1.0,0.3099871551,0.3164898541,0.4474153387,0.6091958045,0.5555555108,0.6432746902
4468,1.0,0.0,0.0,0.0,1.0,1.0,0.3164602878,0.3213819283,0.4347048263,0.6214685235,0.5501859224,0.6531790477
4469,1.0,0.0,0.0,0.0,1.0,1.0,0.3093086785,0.3158086539,0.4329159504,0.6069370846,0.5464685515,0.6529408936
4470,1.0,0.0,0.0,0.0,1.0,1.0,0.3091796165,0.3118557572,0.4298562283,0.6162789974,0.5451128909,0.6566266771
4471,1.0,0.0,0.0,0.0,1.0,1.0,0.3086249824,0.3144311082,0.4344704088,0.6220931031,0.5468165231,0.6547615851
4472,1.0,0.0,0.0,0.0,1.0,1.0,0.3077989142,0.3142186305,0.4347825626,0.6235295001,0.5492423495,0.6566258419
4473,1.0,0.0,0.0,0.0,1.0,1.0,0.3140077837,0.3188517973,0.4380610167,0.6342861437,0.5597015309,0.6725152727
4474,1.0,0.0,0.0,0.0,1.0,1.0,0.3082060034,0.3213820488,0.4260250239,0.62427719,0.5539033904,0.6647395889
4475,1.0,0.0,0.0,0.0,1.0,1.0,0.3148687583,0.3312966433,0.419468924,0.6235954583,0.5444445413,0.6648038081
4476,1.0,0.0,0.0,0.0,1.0,1.0,0.3135506645,0.3250973308,0.4278073487,0.6306811879,0.5576207334,0.6685708612
4477,1.0,0.0,0.0,0.0,1.0,1.0,0.3166373496,0.3325280156,0.4265486773,0.6256986556,0.5501856969,0.6536315556
4478,1.0,0.0,0.0,0.0,1.0,1.0,0.3132053103,0.3251857823,0.431338018,0.6292141342,0.5588234365,0.6553679107
4479,1.0,0.0,0.0,0.0,1.0,1.0,0.3184840701,0.3270233447,0.4242957298,0.6187847602,0.5514706376,0.6516851895
4480,1.0,0.0,0.0,0.0,1.0,1.0,0.3113306814,0.32323973,0.4300884929,0.6193172741,0.5613380868,0.6379313131
4481,1.0,0.0,0.0,0.0,1.0,1.0,0.3149648967,0.3258252429,0.4401408044,0.6201121921,0.5714286849,0.6348319056
4482,1.0,0.0,0.0,0.0,1.0,1.0,0.3144116198,0.3258254258,0.439367356,0.6368719982,0.5677653717,0.6404490989
4483,1.0,0.0,0.0,0.0,1.0,1.0,0.3152483133,0.3235602476,0.4332756154,0.6318676386,0.5719422897,0.6444448479
4484,1.0,0.0,0.0,0.0,1.0,1.0,0.311672532,0.3265324153,0.4477351697,0.6368722488,0.5776175596,0.6408848815
4485,1.0,0.0,0.0,0.0,1.0,1.0,0.3116726527,0.3211205952,0.4407665251,0.6424587561,0.5776173043,0.6516850204
4486,1.0,0.0,0.0,0.0,1.0,1.0,0.3123255383,0.3247284052,0.4409721751,0.6444450078,0.5703970978,0.6555552337
4487,1.0,0.0,0.0,0.0,1.0,1.0,0.3105906104,0.3204732587,0.4409722776,0.6312846122,0.5688406654,0.6497166591
4488,1.0,0.0,0.0,0.0,1.0,1.0,0.3187873757,0.3289980197,0.4448276995,0.6324319725,0.5729537851,0.643243288
4489,1.0,0.0,0.0,0.0,1.0,1.0,0.3101716766,0.3217629711,0.4465517308,0.6333332112,0.5827337391,0.6424589031
4490,1.0,0.0,0.0,0.0,1.0,1.0,0.3210643481,0.3271553876,0.4369602586,0.6236555947,0.5683454609,0.6483517417
4491,1.0,0.0,0.0,0.0,1.0,1.0,0.3110151476,0.321638613,0.433566335,0.6292129052,0.5636362916,0.6553671412
4492,1.0,0.0,0.0,0.0,1.0,1.0,0.307654356,0.3173409375,0.4313042019,0.6271183752,0.5583942152,0.6494245739
4493,1.0,0.0,0.0,0.0,1.0,1.0,0.3165187126,0.3259827264,0.4371773608,0.6304351511,0.5698925418,0.6428577548
4494,1.0,0.0,0.0,0.0,1.0,1.0,0.3099312006,0.3150415327,0.4285714561,0.6292134831,0.561594033,0.6551728525
4495,1.0,0.0,0.0,0.0,1.0,1.0,0.3083202142,0.3181676961,0.4315425513,0.6404497558,0.5647483882,0.6497170672
4496,1.0,0.0,0.0,0.0,1.0,1.0,0.2923058102,0.3001989408,0.4308231882,0.6347299903,0.5567765509,0.670732325
4497,1.0,0.0,0.0,0.0,1.0,1.0,0.300010394,0.3016833758,0.4298400747,0.633135207,0.5518517929,0.6687111955
4498,1.0,0.0,0.0,0.0,1.0,1.0,0.2476175776,0.2573751139,0.43806107,0.6666666667,0.5563910382,0.6788319449
4499,1.0,0.0,0.0,0.0,1.0,1.0,0.09333319738,0.1793352554,0.5077821364,0.3958324972,0.5645161916,0.3595510482
4500,1.0,0.0,0.0,0.0,1.0,1.0,0.09573194546,0.1591853895,0.4750956772,0.5000021466,0.5362902894,0.3797459412
4501,1.0,0.0,0.0,0.0,1.0,1.0,0.1330127704,0.1413940143,0.4510165938,0.7638894695,0.5426357848,0.6849313051
4502,1.0,0.0,0.0,0.0,1.0,1.0,0.2444289091,0.2479816888,0.4510870482,0.6814806897,0.5714285714,0.6893941124
4503,1.0,0.0,0.0,0.0,1.0,1.0,0.2817099008,0.2919717223,0.4434471147,0.656051538,0.5692883369,0.6538465766
4504,1.0,0.0,0.0,0.0,1.0,1.0,0.2860723809,0.2941754328,0.4257245722,0.6582276417,0.5547171583,0.6602562515
4505,1.0,0.0,0.0,0.0,1.0,1.0,0.2965970295,0.3009471707,0.4244603258,0.6424242112,0.5501859808,0.6728395143
4506,1.0,0.0,0.0,0.0,1.0,1.0,0.2906812809,0.2972320336,0.4236983136,0.6419760767,0.550185847,0.6624996147
4507,1.0,0.0,0.0,0.0,1.0,1.0,0.3009074502,0.3053849948,0.4229390879,0.6488092217,0.5555556432,0.6666658053
4508,1.0,0.0,0.0,0.0,1.0,1.0,0.2960646967,0.3020700684,0.4272891433,0.6484851247,0.5559701986,0.6666662246
4509,1.0,0.0,0.0,0.0,1.0,1.0,0.3009074244,0.310688146,0.4211469352,0.654762486,0.5543072447,0.6445777336
4510,1.0,0.0,0.0,0.0,1.0,1.0,0.2906817968,0.3002052595,0.4236983605,0.6481485902,0.5522386266,0.6583842395
4511,1.0,0.0,0.0,0.0,1.0,1.0,0.2868270012,0.2990895523,0.4171123587,0.6521740868,0.5501861772,0.6459630721
4512,1.0,0.0,0.0,0.0,1.0,1.0,0.2914295621,0.3020700064,0.4168158234,0.6564419902,0.5485074257,0.660494687
4513,1.0,0.0,0.0,0.0,1.0,1.0,0.2921721407,0.3106880992,0.4242424475,0.6463412395,0.5580522686,0.6506021443
4514,1.0,0.0,0.0,0.0,1.0,1.0,0.2903901541,0.2990895938,0.433154981,0.6625762625,0.5613381641,0.6645956121
4515,1.0,0.0,0.0,0.0,1.0,1.0,0.2911340327,0.3028049217,0.4458260362,0.6585366825,0.5799256039,0.6625767363
4516,1.0,0.0,0.0,0.0,1.0,1.0,0.293850011,0.3086512009,0.445422564,0.6526944471,0.5845589527,0.6488093158
4517,1.0,0.0,0.0,0.0,1.0,1.0,0.2980793907,0.3045742232,0.442105341,0.6647063047,0.5948902495,0.6526944994
4518,1.0,0.0,0.0,0.0,1.0,1.0,0.292519426,0.3034668152,0.4372822642,0.660714239,0.5890908452,0.6526937749
4519,1.0,0.0,0.0,0.0,1.0,1.0,0.2939535556,0.3061021695,0.4438501971,0.6666662216,0.5867160021,0.6566274175
4520,1.0,0.0,0.0,0.0,1.0,1.0,0.2936412385,0.3049766709,0.4318582766,0.6626513895,0.5772059975,0.6566264739
4521,1.0,0.0,0.0,0.0,1.0,1.0,0.2901031355,0.2994650732,0.4336283767,0.6646344957,0.5772058454,0.6564408048
4522,1.0,0.0,0.0,0.0,1.0,1.0,0.2870740069,0.2954553758,0.4379433106,0.6790115413,0.5839415657,0.6666666667
4523,1.0,0.0,0.0,0.0,1.0,1.0,0.2855548666,0.2918076932,0.4373896906,0.6790117786,0.5839415155,0.656250171
4524,1.0,0.0,0.0,0.0,1.0,1.0,0.2918725857,0.3045745164,0.4371682073,0.6666670887,0.5948906069,0.6526945808
4525,1.0,0.0,0.0,0.0,1.0,1.0,0.2743224333,0.2860720684,0.4283216235,0.6942669,0.5797099157,0.6772141818
4526,1.0,0.0,0.0,0.0,1.0,1.0,0.2313192974,0.234301345,0.42932848,0.7175570925,0.5750916767,0.6875013356
4527,1.0,0.0,0.0,0.0,1.0,1.0,0.1141684662,0.1346902036,0.4382023151,0.6885254305,0.5429688025,0.5652166032
4528,1.0,0.0,0.0,0.0,1.0,1.0,0.1220692321,0.1565392901,0.461831944,0.4531228141,0.5461846567,0.4358976412
4529,1.0,0.0,0.0,0.0,1.0,1.0,0.1173590444,0.1169981727,0.450757524,0.709678272,0.5634921925,0.728810911
4530,1.0,0.0,0.0,0.0,1.0,1.0,0.1818805985,0.1704030161,0.4216216939,0.6930696557,0.5555556446,0.719101652
4531,1.0,0.0,0.0,0.0,1.0,1.0,0.2026126352,0.1802564079,0.4395229558,0.697479978,0.5928573511,0.7425755635
4532,1.0,0.0,0.0,0.0,1.0,1.0,0.1784716876,0.1847559154,0.4523808714,0.7619048574,0.619718456,0.7428574868
4533,1.0,0.0,0.0,0.0,1.0,1.0,0.1707589966,0.1432766498,0.4438861169,0.7843127976,0.6223777609,0.8414632586
4534,1.0,0.0,0.0,0.0,1.0,1.0,0.1302091072,0.07616584983,0.4559859113,0.5405411543,0.5762081655,0.5365835887
4535,1.0,0.0,0.0,0.0,1.0,1.0,0.1573362748,0.1272696075,0.4937387224,0.3068180595,0.5805242463,0.2352941176
4536,1.0,0.0,0.0,0.0,1.0,1.0,0.156951787,0.1085537541,0.4981949905,0.3793108734,0.6142322111,0.3448271331
4537,1.0,0.0,0.0,0.0,1.0,0.0,0.1477915652,0.0,0.4953788465,0.6125009567,0.0,0.0
4538,1.0,0.0,0.0,0.0,1.0,1.0,0.1587560398,0.09660026794,0.5036102076,0.6590915279,0.6431228,0.7884628335
4539,1.0,0.0,0.0,0.0,1.0,1.0,0.1659975132,0.1169558072,0.5051902412,0.6770839803,0.6560285678,0.7575760142
4540,1.0,0.0,0.0,0.0,1.0,1.0,0.1601218956,0.115877223,0.50352118,0.6703287825,0.6413044491,0.781251077
4541,1.0,0.0,0.0,0.0,1.0,1.0,0.1665738475,0.119418526,0.4928315018,0.6989252205,0.625,0.7384611029
4542,1.0,0.0,0.0,0.0,1.0,1.0,0.174106955,0.138034867,0.5108878154,0.6923086837,0.6538458836,0.7721512851
4543,1.0,0.0,0.0,0.0,1.0,1.0,0.1882509955,0.1671663145,0.5222601919,0.6818191232,0.6548044182,0.7446810229
4544,1.0,0.0,0.0,0.0,1.0,1.0,0.1832309497,0.1399926647,0.5050000618,0.69090956,0.6489361488,0.7848104297
4545,1.0,0.0,0.0,0.0,1.0,1.0,0.1887647118,0.1468715134,0.4890388042,0.6874993695,0.6236561026,0.7439012348
4546,1.0,0.0,0.0,0.0,1.0,1.0,0.1668631607,0.04866207615,0.4573913141,0.6145833539,0.5730334771,0.8076906286
4547,1.0,0.0,0.0,0.0,1.0,1.0,0.1925368934,0.09768994932,0.4921190239,0.372728354,0.5789474809,0.2884604866
4548,1.0,0.0,0.0,0.0,1.0,1.0,0.2030668579,0.07860777354,0.4982333031,0.4086956659,0.5992509059,0.3571434731
4549,1.0,0.0,0.0,0.0,1.0,1.0,0.1950550055,0.04960452383,0.4991364704,0.5398232039,0.6029413628,0.7037031781
4550,1.0,0.0,0.0,0.0,1.0,1.0,0.1736681044,0.06723539204,0.485519688,0.7156864594,0.6109091379,0.9189187784
4551,1.0,0.0,0.0,0.0,1.0,1.0,0.1833991313,0.0988655158,0.4814813951,0.6972479863,0.6115108965,0.8181833451
4552,1.0,0.0,0.0,0.0,1.0,1.0,0.1975249302,0.1208710052,0.4628377695,0.7008551247,0.6028881098,0.77611982
4553,1.0,0.0,0.0,0.0,1.0,1.0,0.1895779494,0.1049238626,0.4725458106,0.7105254742,0.6085409326,0.8305067659
4554,1.0,0.0,0.0,0.0,1.0,1.0,0.1938717036,0.1190669871,0.4598661844,0.6896539564,0.5992781176,0.8181828427
4555,1.0,0.0,0.0,0.0,1.0,1.0,0.1981945347,0.1203707003,0.450847518,0.6923080628,0.5948905385,0.7878780979
4556,1.0,0.0,0.0,0.0,1.0,1.0,0.1933853948,0.1102325913,0.4452053962,0.6902659913,0.5808823606,0.7833340702
4557,1.0,0.0,0.0,0.0,1.0,1.0,0.1922670726,0.0705927001,0.4679375534,0.6846841503,0.6022304313,0.8421052632
4558,1.0,0.0,0.0,0.0,1.0,1.0,0.1956578003,0.08485826252,0.4920634382,0.5225219595,0.6037734889,0.5555541282
4559,1.0,0.0,0.0,0.0,1.0,1.0,0.1937325095,0.09647108405,0.5036231869,0.4579441202,0.5830115345,0.3599991069
4560,1.0,0.0,0.0,0.0,1.0,1.0,0.1848784325,0.1093137753,0.4981685941,0.4851492801,0.582031318,0.3928574985
4561,1.0,0.0,0.0,0.0,1.0,1.0,0.1822187928,0.09602487082,0.4990792328,0.4848484848,0.5803923097,0.387755102
4562,1.0,0.0,0.0,0.0,1.0,1.0,0.1914990177,0.09333330467,0.4744526615,0.4285716793,0.556419995,0.3749995201
4563,1.0,0.0,0.0,0.0,1.0,1.0,0.1923451636,0.07688010393,0.4811320585,0.3921564235,0.5627528368,0.2631573672
4564,1.0,0.0,0.0,0.0,1.0,1.0,0.185637511,0.07283388138,0.4577860769,0.3939397429,0.5384614498,0.3333350927
4565,1.0,0.0,0.0,0.0,1.0,1.0,0.1831040471,0.06119045864,0.4656488958,0.3541669602,0.5387758046,0.1666645197
4566,1.0,0.0,0.0,0.0,1.0,1.0,0.1770438634,0.06375048144,0.4571429433,0.3225793524,0.530864259,0.1612953645
4567,1.0,0.0,0.0,0.0,1.0,1.0,0.1770437903,0.07814566152,0.4533333432,0.27956987,0.5226338467,0.2105268536
4568,1.0,0.0,0.0,0.0,1.0,1.0,0.1764850742,0.06662956555,0.4606526048,0.3695661475,0.5375001332,0.25
4569,1.0,0.0,0.0,0.0,1.0,1.0,0.1869032363,0.09448489029,0.4625984087,0.3894744637,0.5336133609,0.3777776813
4570,1.0,0.0,0.0,0.0,1.0,1.0,0.1797835145,0.07079381516,0.4584139382,0.397849213,0.5374997346,0.3823566732
4571,1.0,0.0,0.0,0.0,1.0,1.0,0.1621737705,0.05120071917,0.4566037625,0.3953492596,0.5245902295,0.3200037489
4572,1.0,0.0,0.0,0.0,1.0,1.0,0.1825724351,0.06851021484,0.4576270257,0.4226800407,0.5403226248,0.2941189916
4573,1.0,0.0,0.0,0.0,1.0,1.0,0.2102147699,0.1095005673,0.4667897365,0.4736850955,0.5737050865,0.4363631294
4574,1.0,0.0,0.0,0.0,1.0,1.0,0.1939768773,0.08853327197,0.4750461697,0.619048051,0.5590552214,0.7555545209
4575,1.0,0.0,0.0,0.0,1.0,1.0,0.1934404569,0.1127773755,0.4641577677,0.6574083329,0.5836575409,0.7758620117
4576,1.0,0.0,0.0,0.0,1.0,1.0,0.2151576939,0.1703592369,0.442708302,0.637097189,0.568181794,0.6777785188
4577,1.0,0.0,0.0,0.0,1.0,1.0,0.2498603043,0.2144325357,0.4206081637,0.6148652463,0.5485074442,0.617391735
4578,1.0,0.0,0.0,0.0,1.0,1.0,0.2528298015,0.2160446133,0.4074703274,0.6241610316,0.5300750581,0.6260876233
4579,1.0,0.0,0.0,0.0,1.0,1.0,0.2439317747,0.2176812141,0.4118643201,0.6319439158,0.5340907749,0.6434788897
4580,1.0,0.0,0.0,0.0,1.0,1.0,0.250286358,0.2271458638,0.4190801146,0.6190479227,0.5454545455,0.6250009764
4581,1.0,0.0,0.0,0.0,1.0,1.0,0.2468809509,0.2280097443,0.4173764292,0.6344829662,0.5361215613,0.6166666414
4582,1.0,0.0,0.0,0.0,1.0,1.0,0.2376296419,0.2106103601,0.4143357225,0.6323528804,0.5325669399,0.6363631721
4583,1.0,0.0,0.0,0.0,1.0,1.0,0.2393769749,0.2128090879,0.4230768723,0.6277378103,0.5437263846,0.6339275921
4584,1.0,0.0,0.0,0.0,1.0,1.0,0.2142914025,0.1859426096,0.4393673666,0.631148377,0.5348838446,0.6458336907
4585,1.0,0.0,0.0,0.0,1.0,1.0,0.1863675107,0.1328621501,0.4771481839,0.4411765227,0.519841213,0.4179112526
4586,1.0,0.0,0.0,0.0,1.0,1.0,0.1702347868,0.1294098394,0.4761905227,0.4301081646,0.521912249,0.4615388826
4587,1.0,0.0,0.0,0.0,1.0,1.0,0.160850422,0.1106099994,0.4701627706,0.5955049111,0.5296441334,0.6428555302
4588,1.0,0.0,0.0,0.0,1.0,1.0,0.1870613033,0.1461631906,0.4581105408,0.6190471981,0.5454547121,0.6486488521
4589,1.0,0.0,0.0,0.0,1.0,1.0,0.2345450134,0.2045190378,0.455341504,0.6044781024,0.559845321,0.6415090891
4590,1.0,0.0,0.0,0.0,1.0,1.0,0.2362951816,0.207576331,0.4448336339,0.5925933361,0.5423075187,0.6111104606
4591,1.0,0.0,0.0,0.0,1.0,1.0,0.2409368224,0.2166758837,0.4357142941,0.5925929303,0.531250118,0.6126122272
4592,1.0,0.0,0.0,0.0,1.0,1.0,0.2494120801,0.2186277652,0.4560143692,0.5971221917,0.5507814521,0.6071431408
4593,1.0,0.0,0.0,0.0,1.0,1.0,0.2572093347,0.2359793272,0.4485293516,0.6071424484,0.5317459253,0.6050420294
4594,1.0,0.0,0.0,0.0,1.0,1.0,0.2640728535,0.2508481856,0.4587155994,0.5972220274,0.5454545125,0.5905513861
4595,1.0,0.0,0.0,0.0,1.0,1.0,0.2702192169,0.2568847357,0.4574074519,0.5958908565,0.5421685794,0.5937502187
4596,1.0,0.0,0.0,0.0,1.0,1.0,0.2608836674,0.2439115993,0.4540440507,0.6056341593,0.5436509096,0.6016253868
4597,1.0,0.0,0.0,0.0,1.0,1.0,0.259383049,0.2360887612,0.4519056983,0.6083918526,0.5354332199,0.6083324856
4598,1.0,0.0,0.0,0.0,1.0,1.0,0.2651949168,0.2420525233,0.4602888829,0.6054416239,0.542968549,0.5887091288
4599,1.0,0.0,0.0,0.0,1.0,1.0,0.2651949817,0.2381484889,0.4530685845,0.6122453449,0.5390623391,0.5983612806
4600,1.0,0.0,0.0,0.0,1.0,1.0,0.2516709959,0.2253644799,0.4438405592,0.6115111006,0.5254903547,0.6086954468
4601,1.0,0.0,0.0,0.0,1.0,1.0,0.2579204135,0.2430550669,0.4426523387,0.6041661882,0.5330738744,0.5999997061
4602,1.0,0.0,0.0,0.0,1.0,1.0,0.2606458129,0.2420525855,0.4532373668,0.6068976998,0.5390625134,0.5967741706
4603,1.0,0.0,0.0,0.0,1.0,1.0,0.2503170928,0.2242841609,0.4460694631,0.5912402297,0.5393702321,0.6140359111
4604,1.0,0.0,0.0,0.0,1.0,1.0,0.2535348836,0.2301863935,0.4540440287,0.6014490031,0.5472441984,0.6239320158
4605,1.0,0.0,0.0,0.0,1.0,1.0,0.2264653764,0.1938917568,0.4700374933,0.6280992477,0.5399999855,0.6288663062
4606,1.0,0.0,0.0,0.0,1.0,1.0,0.195013025,0.1314007032,0.4690432144,0.6442305021,0.5498008928,0.7272737221
4607,1.0,0.0,0.0,0.0,1.0,1.0,0.1851519226,0.09873506741,0.4763705107,0.6734697691,0.5685485136,0.7755102803
4608,1.0,0.0,0.0,0.0,1.0,1.0,0.203624479,0.09480844385,0.4672897031,0.669724695,0.5573120172,0.7708347379
4609,1.0,0.0,0.0,0.0,1.0,1.0,0.2002558794,0.09760176599,0.4834558608,0.6422016215,0.5742186575,0.7599978273
4610,1.0,0.0,0.0,0.0,1.0,1.0,0.206448393,0.09470521957,0.4999999561,0.6635504962,0.5927420449,0.7446802746
4611,1.0,0.0,0.0,0.0,1.0,1.0,0.2049148244,0.09913474171,0.5087040772,0.6603781362,0.595141766,0.7142867758
4612,1.0,0.0,0.0,0.0,1.0,1.0,0.1925705943,0.1112740702,0.514450805,0.6299999269,0.5951416765,0.6181815163
4613,1.0,0.0,0.0,0.0,1.0,1.0,0.2022678922,0.1119706371,0.5257935597,0.6078421248,0.6016595885,0.6296305015
4614,1.0,0.0,0.0,0.0,1.0,1.0,0.1884194533,0.1025067259,0.5081967152,0.6304350397,0.5598291161,0.5833355368
4615,1.0,0.0,0.0,0.0,1.0,1.0,0.1937060612,0.09262080611,0.4969071958,0.5957436173,0.5603448611,0.6046497945
4616,1.0,0.0,0.0,0.0,1.0,1.0,0.1868702248,0.1017131182,0.4705881528,0.6067421802,0.5265486255,0.5434763249
4617,1.0,0.0,0.0,0.0,1.0,1.0,0.1944520942,0.09245934616,0.4811715106,0.5483873444,0.5286342903,0.5952348577
4618,1.0,0.0,0.0,0.0,1.0,1.0,0.1841620764,0.08908074834,0.474120024,0.5505619345,0.5304349907,0.6097540569
4619,1.0,0.0,0.0,0.0,1.0,1.0,0.1849281986,0.0814523371,0.4781705454,0.5168528135,0.5154183882,0.5405378978
4620,1.0,0.0,0.0,0.0,1.0,1.0,0.198633958,0.08844623089,0.4748953528,0.4842112947,0.5353982247,0.525001825
4621,1.0,0.0,0.0,0.0,1.0,1.0,0.1949121278,0.08690811661,0.4917013466,0.4893611777,0.5391305122,0.5500002228
4622,1.0,0.0,0.0,0.0,1.0,1.0,0.2043391135,0.08293270456,0.4919028417,0.4851483805,0.540425628,0.5384595116
4623,1.0,0.0,0.0,0.0,1.0,1.0,0.2022920243,0.08608661965,0.4749499765,0.4554450553,0.5336133057,0.5609759169
4624,1.0,0.0,0.0,0.0,1.0,1.0,0.1817167755,0.08328647284,0.4683793633,0.467392277,0.5250000279,0.4999977629
4625,1.0,0.0,0.0,0.0,1.0,1.0,0.2018874054,0.08681591906,0.4880000492,0.4554459172,0.5423729398,0.4878086474
4626,1.0,0.0,0.0,0.0,1.0,1.0,0.1887615189,0.08469828789,0.4572564703,0.3789484918,0.5127117106,0.3750017282
4627,1.0,0.0,0.0,0.0,1.0,1.0,0.189617747,0.09028566516,0.4604743394,0.4166663465,0.5336132583,0.4883722925
4628,1.0,0.0,0.0,0.0,1.0,1.0,0.204518856,0.09420964729,0.4787645358,0.3773589632,0.545081936,0.434784951
4629,1.0,0.0,0.0,0.0,1.0,1.0,0.203732434,0.102823037,0.4673076502,0.3867923411,0.5308642021,0.4000007171
4630,1.0,0.0,0.0,0.0,1.0,1.0,0.2055456352,0.08362671792,0.4698113562,0.3761480584,0.5224490922,0.4390244934
4631,1.0,0.0,0.0,0.0,1.0,1.0,0.2117138806,0.1015694813,0.471373992,0.3873876244,0.5365855106,0.480000146
4632,1.0,0.0,0.0,0.0,1.0,1.0,0.1972334119,0.08734956813,0.4781783979,0.3653844806,0.5365852756,0.3953525811
4633,1.0,0.0,0.0,0.0,1.0,1.0,0.2006456937,0.09432501066,0.4943181872,0.3962261582,0.5582328692,0.4680858414
4634,1.0,0.0,0.0,0.0,1.0,1.0,0.2040844136,0.09913491364,0.4885496197,0.3925225624,0.5627531312,0.4489788269
4635,1.0,0.0,0.0,0.0,1.0,1.0,0.1949667913,0.09873517359,0.4924242544,0.407767095,0.5564516219,0.5102013829
4636,1.0,0.0,0.0,0.0,1.0,1.0,0.2025386971,0.09508859418,0.4772727568,0.4112154805,0.542510108,0.5106397883
4637,1.0,0.0,0.0,0.0,1.0,1.0,0.1883562966,0.1056322523,0.5076922431,0.3877543813,0.573170655,0.3846140372
4638,1.0,0.0,0.0,0.0,1.0,1.0,0.1838505077,0.1016029214,0.4911936843,0.3829790207,0.5601660704,0.4489792011
4639,1.0,0.0,0.0,0.0,1.0,1.0,0.191382566,0.103248207,0.4912959402,0.3737363988,0.5578510985,0.4400014701
4640,1.0,0.0,0.0,0.0,1.0,1.0,0.1855828797,0.1146901086,0.4951643239,0.4270839467,0.5737706994,0.5000015771
4641,1.0,0.0,0.0,0.0,1.0,1.0,0.1856669885,0.1033180551,0.4940712249,0.4361714234,0.5611816091,0.4897961411
4642,1.0,0.0,0.0,0.0,1.0,1.0,0.1970731418,0.1101082027,0.5010059477,0.4591844511,0.5677966612,0.5576919789
4643,1.0,0.0,0.0,0.0,1.0,1.0,0.1858962529,0.1072362442,0.4680000465,0.3870961385,0.5278968405,0.439998827
4644,1.0,0.0,0.0,0.0,1.0,1.0,0.1929817251,0.1136706356,0.4979673663,0.4526315987,0.5579400898,0.4528315856
4645,1.0,0.0,0.0,0.0,1.0,1.0,0.197869275,0.1185779308,0.5030303967,0.4693873756,0.5508473105,0.5357141695
4646,1.0,0.0,0.0,0.0,1.0,1.0,0.2114205056,0.1249301899,0.4961537552,0.4636367318,0.5573769869,0.4754115821
4647,1.0,0.0,0.0,0.0,1.0,1.0,0.2077493696,0.1379231367,0.4943820196,0.4054050049,0.5520001198,0.4347821481
4648,1.0,0.0,0.0,0.0,1.0,1.0,0.2065883812,0.1353825835,0.4972067153,0.3873866454,0.5537849896,0.4264701928
4649,1.0,0.0,0.0,0.0,1.0,1.0,0.2062639448,0.1199329701,0.4934334828,0.4181822497,0.5519999761,0.4499996892
4650,1.0,0.0,0.0,0.0,1.0,1.0,0.2089228725,0.1244283303,0.4952918614,0.3963963368,0.5542167743,0.387097729
4651,1.0,0.0,0.0,0.0,1.0,1.0,0.2109933298,0.1288963432,0.4981481166,0.412281103,0.5555554367,0.4153838494
4652,1.0,0.0,0.0,0.0,1.0,1.0,0.2157887382,0.1254446778,0.4715909265,0.3859641936,0.5349797233,0.4098364035
4653,1.0,0.0,0.0,0.0,1.0,1.0,0.1983479391,0.1078234778,0.4855491507,0.4563114202,0.5435685182,0.4807699065
4654,1.0,0.0,0.0,0.0,1.0,1.0,0.1994932057,0.122294355,0.4841896565,0.4653467246,0.5485232788,0.5
4655,1.0,0.0,0.0,0.0,1.0,1.0,0.1918928074,0.1309313215,0.4899998861,0.4479166474,0.5371178344,0.5333351134
4656,1.0,0.0,0.0,0.0,1.0,1.0,0.191622276,0.1198518142,0.4924811657,0.5196079472,0.581300746,0.5593230707
4657,1.0,0.0,0.0,0.0,1.0,1.0,0.1873953776,0.1308792719,0.4558824269,0.4901965536,0.5515871793,0.5303029087
4658,1.0,0.0,0.0,0.0,1.0,1.0,0.178403242,0.1140442873,0.4644912731,0.6021508916,0.5394190901,0.7454530275
4659,1.0,0.0,0.0,0.0,1.0,1.0,0.1665735271,0.1505435764,0.4299242014,0.7272725449,0.5230127098,0.749999387
4660,1.0,0.0,0.0,0.0,1.0,1.0,0.1687860329,0.1603270527,0.4212523643,0.7303379058,0.5208331688,0.7272731344
4661,1.0,0.0,0.0,0.0,1.0,1.0,0.1827339556,0.1754123571,0.4123133979,0.663264455,0.5020407222,0.6744178521
4662,1.0,0.0,0.0,0.0,1.0,1.0,0.1966115058,0.1793350855,0.4098360473,0.6481491699,0.5040323748,0.6292137487
4663,1.0,0.0,0.0,0.0,1.0,1.0,0.1988038638,0.1958907496,0.405063379,0.6727273026,0.4960000463,0.6530617893
4664,1.0,0.0,0.0,0.0,1.0,1.0,0.1973988322,0.1836919146,0.414590815,0.6936937956,0.5059288188,0.666666024
4665,1.0,0.0,0.0,0.0,1.0,1.0,0.1955820077,0.1757912075,0.4290843712,0.6789002744,0.5375494237,0.6629223092
4666,1.0,0.0,0.0,0.0,1.0,1.0,0.1977505146,0.1856670479,0.4242424025,0.6846836987,0.517786426,0.6702142621
4667,1.0,0.0,0.0,0.0,1.0,1.0,0.2102211967,0.1979286211,0.4367201073,0.7033897027,0.5450979982,0.6930694814
4668,1.0,0.0,0.0,0.0,1.0,1.0,0.2083639935,0.1956272003,0.4293287018,0.711865177,0.534883584,0.7227723473
4669,1.0,0.0,0.0,0.0,1.0,1.0,0.211895774,0.1940091744,0.4293285631,0.6666666667,0.5372548786,0.67676711
4670,1.0,0.0,0.0,0.0,1.0,1.0,0.2002457904,0.1883869954,0.4275492717,0.7053576417,0.53968266,0.6736836328
4671,1.0,0.0,0.0,0.0,1.0,1.0,0.201339429,0.18688755,0.4301270785,0.666667723,0.5365851567,0.6521748273
4672,1.0,0.0,0.0,0.0,1.0,1.0,0.1870615863,0.1878951024,0.4278074359,0.695237323,0.5399999929,0.6808517464
4673,1.0,0.0,0.0,0.0,1.0,1.0,0.1879599942,0.1800613494,0.450271255,0.7115392202,0.5546558997,0.7303375066
4674,1.0,0.0,0.0,0.0,1.0,1.0,0.1777938482,0.1769438287,0.4352331873,0.7184473509,0.5486379847,0.7252756848
4675,1.0,0.0,0.0,0.0,1.0,1.0,0.1804045924,0.1453371611,0.4765343202,0.6200007167,0.5697208867,0.739725355
4676,1.0,0.0,0.0,0.0,1.0,1.0,0.1933228678,0.1505182685,0.5018247712,0.5,0.5823293428,0.546666886
4677,1.0,0.0,0.0,0.0,1.0,1.0,0.1887434218,0.1413551986,0.4892086987,0.4666672365,0.557769108,0.5352117661
4678,1.0,0.0,0.0,0.0,1.0,1.0,0.1903697616,0.1370202187,0.5201465601,0.5096151341,0.6008062711,0.63235341
4679,1.0,0.0,0.0,0.0,1.0,1.0,0.1723174163,0.146864425,0.4637929878,0.6800010964,0.5610688332,0.7532464643
4680,1.0,0.0,0.0,0.0,1.0,1.0,0.1763722138,0.1621233392,0.4446366734,0.7058826641,0.5534351302,0.7764690696
4681,1.0,0.0,0.0,0.0,1.0,1.0,0.2055090937,0.1813656906,0.4622144673,0.6324797162,0.5675677353,0.7021279428
4682,1.0,0.0,0.0,0.0,1.0,1.0,0.2029846737,0.1916223605,0.4526678095,0.6271190947,0.556390943,0.6666660971
4683,1.0,0.0,0.0,0.0,1.0,1.0,0.1862208724,0.1920568881,0.4649572664,0.633028313,0.5597014654,0.6699025788
4684,1.0,0.0,0.0,0.0,1.0,1.0,0.1940310912,0.1626077907,0.4890109176,0.4056599744,0.5555556707,0.4634151003
4685,1.0,0.0,0.0,0.0,1.0,1.0,0.1751788533,0.1493188286,0.4870849568,0.378948071,0.5418326162,0.4399989371
4686,1.0,0.0,0.0,0.0,1.0,1.0,0.1425228865,0.1206220739,0.4955436497,0.5749995141,0.5785439409,0.6507939555
4687,1.0,0.0,0.0,0.0,1.0,1.0,0.1639843892,0.1403711371,0.4576856559,0.6105254294,0.5730336742,0.6666666667
4688,1.0,0.0,0.0,0.0,1.0,1.0,0.1835708903,0.1709080256,0.4421767963,0.6574070344,0.572490685,0.6847833583
4689,1.0,0.0,0.0,0.0,1.0,1.0,0.1981942361,0.1913429331,0.449152545,0.6410260381,0.5836428637,0.6601936283
4690,1.0,0.0,0.0,0.0,1.0,1.0,0.1992402971,0.212381354,0.4343598425,0.650406516,0.5714284797,0.6806721672
4691,1.0,0.0,0.0,0.0,1.0,1.0,0.2041693018,0.2152084555,0.4332784308,0.6612894772,0.5766423498,0.6949152038
4692,1.0,0.0,0.0,0.0,1.0,1.0,0.1847309784,0.205460331,0.4249605721,0.6752139254,0.5783971732,0.7118648469
4693,1.0,0.0,0.0,0.0,1.0,1.0,0.2173415358,0.2245123496,0.4464579018,0.6515156809,0.576086946,0.6612893997
4694,1.0,0.0,0.0,0.0,1.0,1.0,0.2195866237,0.2356840071,0.4297253361,0.6617649512,0.5744682693,0.6616539479
4695,1.0,0.0,0.0,0.0,1.0,1.0,0.2077878883,0.2104087071,0.436426056,0.6776862703,0.5451126907,0.7142871478
4696,1.0,0.0,0.0,0.0,1.0,1.0,0.2262251409,0.2283370105,0.4307432622,0.6791041107,0.5505617146,0.6885244637
4697,1.0,0.0,0.0,0.0,1.0,1.0,0.2047467926,0.2147239378,0.4444444812,0.6779652243,0.5507810142,0.7090910669
4698,1.0,0.0,0.0,0.0,1.0,1.0,0.1650285746,0.1609270244,0.4823747704,0.6067417029,0.5550848781,0.6447363967
4699,1.0,0.0,0.0,0.0,1.0,1.0,0.18425459,0.1227386347,0.46368714,0.4747477191,0.5307018035,0.3750014254
4700,1.0,0.7853981853,0.0,0.0,1.0,1.0,0.1768098418,0.08103583409,0.4823091088,0.4526308818,0.5720719999,0.3333302673
4701,1.0,0.0,0.0,0.0,1.0,1.0,0.1738993161,0.06771916627,0.3862333176,0.3296711773,0.4672896489,0.1379303925
4702,0.0,0.0,0.0,0.0,0.0,0.0,0.0,0.0,0.0,0.0,0.0,0.0
4703,1.0,0.7853981853,0.0,0.0,1.0,0.0,0.2378709856,0.0,0.4395393098,0.3629042523,0.0,0.0
4704,0.0,0.0,0.0,0.0,0.0,0.0,0.0,0.0,0.0,0.0,0.0,0.0
4705,0.0,0.0,0.0,0.0,0.0,0.0,0.0,0.0,0.0,0.0,0.0,0.0
4706,0.0,0.0,0.0,0.0,0.0,0.0,0.0,0.0,0.0,0.0,0.0,0.0
4707,0.0,0.0,0.0,0.0,0.0,0.0,0.0,0.0,0.0,0.0,0.0,0.0
4708,0.0,0.0,0.0,0.0,0.0,0.0,0.0,0.0,0.0,0.0,0.0,0.0
4709,0.0,0.0,0.0,0.0,0.0,0.0,0.0,0.0,0.0,0.0,0.0,0.0
4710,0.0,0.0,0.0,0.0,0.0,0.0,0.0,0.0,0.0,0.0,0.0,0.0
4711,0.0,0.0,0.0,0.0,0.0,0.0,0.0,0.0,0.0,0.0,0.0,0.0
4712,0.0,0.0,0.0,0.0,0.0,0.0,0.0,0.0,0.0,0.0,0.0,0.0
4713,0.0,0.0,0.0,0.0,0.0,0.0,0.0,0.0,0.0,0.0,0.0,0.0
4714,0.0,0.0,0.0,0.0,0.0,0.0,0.0,0.0,0.0,0.0,0.0,0.0
4715,0.0,0.0,0.0,0.0,0.0,0.0,0.0,0.0,0.0,0.0,0.0,0.0
4716,0.0,0.0,0.0,0.0,0.0,0.0,0.0,0.0,0.0,0.0,0.0,0.0
4717,0.0,0.0,0.0,0.0,0.0,0.0,0.0,0.0,0.0,0.0,0.0,0.0
4718,0.0,0.0,0.0,0.0,0.0,0.0,0.0,0.0,0.0,0.0,0.0,0.0
4719,0.0,0.0,0.0,0.0,0.0,0.0,0.0,0.0,0.0,0.0,0.0,0.0
4720,0.0,0.0,0.0,0.0,0.0,0.0,0.0,0.0,0.0,0.0,0.0,0.0
4721,0.0,0.0,0.0,0.0,0.0,0.0,0.0,0.0,0.0,0.0,0.0,0.0
4722,0.0,0.0,0.0,0.0,0.0,0.0,0.0,0.0,0.0,0.0,0.0,0.0
4723,1.0,0.0,0.0,0.0,1.0,1.0,0.4058339924,0.2934403536,0.5111111342,0.3233832204,0.5116278143,0.3168317
4724,1.0,0.7853981853,0.0,0.0,1.0,1.0,0.3053284958,0.4105984401,0.4887982643,0.52,0.5095541144,0.5348834346
4725,1.0,0.7853981853,0.0,0.0,1.0,1.0,0.341137814,0.5082876107,0.3948338688,0.5621622215,0.4457144819,0.5224712849
4726,1.0,0.7853981853,0.0,0.0,1.0,1.0,0.3889818929,0.4921873714,0.3612662721,0.6076555244,0.457286186,0.5357141692
4727,1.0,0.7853981853,0.0,0.0,1.0,1.0,0.1840554492,0.1365357095,0.40990093,0.5268817412,0.4480873782,0.4799992824
4728,1.0,0.7853981853,0.0,0.0,1.0,1.0,0.1549938465,0.1243323231,0.4349375635,0.2413783414,0.4449760206,0.1153861222
4729,1.0,0.7853981853,0.0,0.0,1.0,1.0,0.1228672945,0.1177228738,0.4880732759,0.3432829184,0.5240385005,0.3673466906
4730,1.0,0.7853981853,0.0,0.0,1.0,1.0,0.1534917603,0.1636253056,0.4240837937,0.5681809486,0.4911504651,0.5945942871
4731,1.0,0.7853981853,0.0,0.0,1.0,1.0,0.2217357822,0.2558572735,0.4159868923,0.610294849,0.4959999267,0.6328127397
4732,1.0,0.0,0.0,0.0,1.0,1.0,0.2600838003,0.2905351899,0.4124386602,0.6037736106,0.5155037197,0.6133334297
4733,1.0,0.0,0.0,0.0,1.0,1.0,0.2574320993,0.2986613651,0.4276094459,0.6013074012,0.5351562007,0.6339867992
4734,1.0,0.0,0.0,0.0,1.0,1.0,0.1842942105,0.2539229089,0.4521277439,0.6346153454,0.5487803881,0.6160010574
4735,1.0,0.0,0.0,0.0,1.0,1.0,0.0749582908,0.2821004543,0.4839286009,0.5238121768,0.5524194153,0.4928578483
4736,1.0,0.0,0.0,0.0,1.0,1.0,0.07974248335,0.3115669996,0.4680850262,0.4000009454,0.5384613398,0.4675321805
4737,1.0,0.0,0.0,0.0,1.0,1.0,0.1053892643,0.2898381169,0.453427042,0.6166672545,0.5480000524,0.6275862975
4738,1.0,0.0,0.0,0.0,1.0,1.0,0.1981650927,0.314000714,0.4620689047,0.5913043478,0.5862067585,0.6219512195
4739,1.0,0.0,0.0,0.0,1.0,1.0,0.2425496587,0.3432044884,0.4354560243,0.5744679601,0.5735847671,0.6043957294
4740,1.0,0.0,0.0,0.0,1.0,1.0,0.2691466328,0.3545190441,0.4408234272,0.573248827,0.573584712,0.6063828832
4741,1.0,0.0,0.0,0.0,1.0,1.0,0.2632845631,0.362914991,0.4540728149,0.5921054657,0.5817491094,0.6073295863
4742,1.0,0.0,0.0,0.0,1.0,1.0,0.2279427372,0.3467056358,0.4245615065,0.5923087273,0.5465113685,0.6368717214
4743,1.0,0.0,0.0,0.0,1.0,1.0,0.04441985785,0.3944078368,0.488888795,0.583329731,0.570248026,0.4921467618
4744,1.0,0.0,0.0,0.0,1.0,1.0,0.0594260802,0.3807399297,0.4828828207,0.5757573822,0.5714287505,0.4947908206
4745,1.0,0.0,0.0,0.0,1.0,1.0,0.09535954626,0.3265111336,0.4733946553,0.6346156124,0.5776894857,0.6036580557
4746,1.0,0.0,0.0,0.0,1.0,1.0,0.2094745204,0.3205757238,0.4635879162,0.5932194363,0.5886790798,0.6235286
4747,1.0,0.0,0.0,0.0,1.0,1.0,0.247211653,0.3294040349,0.4611307801,0.5785722251,0.5955054849,0.6136364726
4748,1.0,0.0,0.0,0.0,1.0,1.0,0.2669863632,0.3282301132,0.4569421576,0.5921050603,0.5867157816,0.6123590731
4749,1.0,0.0,0.0,0.0,1.0,1.0,0.261633854,0.3125526447,0.4642234271,0.6000002903,0.5963636795,0.6104653959
4750,1.0,0.0,0.0,0.0,1.0,1.0,0.258322763,0.3083777355,0.4438502684,0.5862081252,0.5687731242,0.6265065397
4751,1.0,0.0,0.0,0.0,1.0,1.0,0.05969688832,0.3006450198,0.5144510049,0.5161270504,0.5772358073,0.533783919
4752,1.0,0.0,0.0,0.0,1.0,1.0,0.07125480369,0.2889010311,0.499061892,0.5,0.5781249142,0.5135126043
4753,1.0,0.0,0.0,0.0,1.0,1.0,0.1152508607,0.2423456956,0.473873876,0.7031227325,0.5939849777,0.6899215072
4754,1.0,0.0,0.0,0.0,1.0,1.0,0.2230894603,0.2666419123,0.4571427686,0.6239994746,0.5858207461,0.6433561698
4755,1.0,0.0,0.0,0.0,1.0,1.0,0.2629195812,0.2961983693,0.4372822497,0.6158945542,0.5709089689,0.6380363192
4756,1.0,0.0,0.0,0.0,1.0,1.0,0.272108465,0.3026982675,0.4366439633,0.6226408315,0.5734769733,0.6390528083
4757,1.0,0.0,0.0,0.0,1.0,1.0,0.2855546179,0.3058791415,0.4438776638,0.6130950921,0.5907471938,0.645349101
4758,1.0,0.0,0.0,0.0,1.0,1.0,0.2724200289,0.2994780273,0.4480408817,0.6249994861,0.5886525925,0.6449700687
4759,1.0,0.0,0.0,0.0,1.0,1.0,0.2952512746,0.314770755,0.4397283553,0.6091949569,0.580071257,0.6497172434
4760,1.0,0.0,0.0,0.0,1.0,1.0,0.2979596847,0.3129922042,0.4344123868,0.6057139209,0.5800712171,0.653408492
4761,1.0,0.0,0.0,0.0,1.0,1.0,0.2593054404,0.2860722585,0.4243987302,0.629138988,0.5688405205,0.6392414358
4762,1.0,0.0,0.0,0.0,1.0,1.0,0.2091034457,0.2507963522,0.4078012988,0.6440681029,0.5093632495,0.611940156
4763,1.0,0.0,0.0,0.0,1.0,1.0,0.1872829338,0.2212508218,0.4018016893,0.6153838309,0.496183203,0.5948269872
4764,1.0,0.0,0.0,0.0,1.0,1.0,0.1805563229,0.2152642787,0.4032846722,0.6161614,0.4961537992,0.5892856467
4765,1.0,0.0,0.0,0.0,1.0,1.0,0.1808863951,0.2199546558,0.4040219169,0.6363647879,0.4864862794,0.5789462105
4766,1.0,0.0,0.0,0.0,1.0,1.0,0.1775565508,0.2122364757,0.4047619729,0.6288649608,0.4942086261,0.609091684
4767,1.0,0.0,0.0,0.0,1.0,1.0,0.1754045543,0.2171864559,0.411334626,0.6354165748,0.5038462055,0.6106197342
4768,1.0,0.0,0.0,0.0,1.0,1.0,0.1738954923,0.2149964637,0.4157508477,0.6315804702,0.5077518983,0.6126127671
4769,1.0,0.0,0.0,0.0,1.0,1.0,0.1747659255,0.2163542585,0.409836075,0.625000547,0.5095785425,0.6106198967
4770,1.0,0.0,0.0,0.0,1.0,1.0,0.181217723,0.2141659054,0.4102563929,0.6262626693,0.5019303056,0.6036025942
4771,1.0,0.0,0.0,0.0,1.0,1.0,0.1868284343,0.2212502615,0.401088976,0.6310686755,0.492366285,0.5862080229
4772,1.0,0.0,0.0,0.0,1.0,1.0,0.183350841,0.2204094771,0.402877754,0.637255005,0.4980988857,0.6034471922
4773,1.0,0.0,0.0,0.0,1.0,1.0,0.1908843861,0.2271460853,0.4072072267,0.6415097782,0.4999997966,0.6000003582
4774,1.0,0.0,0.0,0.0,1.0,1.0,0.175626352,0.2229525873,0.393115922,0.6494845361,0.4923077848,0.612069663
4775,1.0,0.0,0.0,0.0,1.0,1.0,0.1861528299,0.2288795852,0.4014466335,0.6601954014,0.5038169927,0.6166677926
4776,1.0,0.0,0.0,0.0,1.0,1.0,0.176796601,0.2259274447,0.4007221294,0.6530624168,0.498084411,0.6101702226
4777,1.0,0.0,0.0,0.0,1.0,1.0,0.1784718564,0.2318096071,0.4,0.6499998931,0.4980989319,0.6147551186
4778,1.0,0.0,0.0,0.0,1.0,1.0,0.1010674099,0.2358681521,0.4494381499,0.5185158473,0.5080000242,0.51694951
4779,1.0,0.0,0.0,0.0,1.0,1.0,0.1160397717,0.2558570117,0.4794007365,0.3225787802,0.5400003119,0.4062504118
4780,1.0,0.0,0.0,0.0,1.0,1.0,0.09805829188,0.2508720988,0.4698112971,0.4423085581,0.5344129189,0.4677421846
4781,1.0,0.0,0.0,0.0,1.0,1.0,0.1133579863,0.2164783601,0.4782607639,0.6500003572,0.5546561531,0.6822426163
4782,1.0,0.0,0.0,0.0,1.0,1.0,0.1895186375,0.2347172878,0.4508050537,0.6792460033,0.5681817724,0.6451611795
4783,1.0,0.0,0.0,0.0,1.0,1.0,0.2719452392,0.2991029202,0.4540727415,0.6178348157,0.5839417123,0.652438245
4784,1.0,0.0,0.0,0.0,1.0,1.0,0.2953679817,0.323455677,0.4570446408,0.6104657715,0.5890908688,0.6516846646
4785,1.0,0.0,0.0,0.0,1.0,1.0,0.300701281,0.3282297504,0.4504348122,0.6127172012,0.5756456131,0.6460671171
4786,1.0,0.0,0.0,0.0,1.0,1.0,0.302439661,0.3306976631,0.45391305,0.6034489348,0.5882351782,0.6444449741
4787,1.0,0.0,0.0,0.0,1.0,1.0,0.2972253547,0.3294459201,0.4556522356,0.6023387839,0.5814817337,0.6460673003
4788,1.0,0.0,0.0,0.0,1.0,1.0,0.3034323764,0.3337552506,0.4442537702,0.5988704752,0.5729925361,0.6557374545
4789,1.0,0.0,0.0,0.0,1.0,1.0,0.303584731,0.3361760017,0.4453925133,0.6011231048,0.5818181963,0.6486482328
4790,1.0,0.0,0.0,0.0,1.0,1.0,0.3021958937,0.3416274915,0.4341215833,0.5977649424,0.5636364858,0.6436161723
4791,1.0,0.0,0.0,0.0,1.0,1.0,0.3030674598,0.3404690262,0.4514480143,0.6011238672,0.5750912229,0.6505384765
4792,1.0,0.0,0.0,0.0,1.0,1.0,0.3008524582,0.3379929781,0.4540816713,0.610168977,0.5818181676,0.6505372927
4793,1.0,0.0,0.0,0.0,1.0,1.0,0.2989782356,0.3386383689,0.4461538719,0.6000004983,0.5714286284,0.648648776
4794,1.0,0.0,0.0,0.0,1.0,1.0,0.2547249608,0.3009681641,0.4460176599,0.6041664168,0.5568179914,0.6415091266
4795,1.0,0.0,0.0,0.0,1.0,1.0,0.08002983536,0.2800851723,0.4916200523,0.4651174567,0.5564514077,0.4820139264
4796,1.0,0.0,0.0,0.0,1.0,1.0,0.08422292298,0.2701744986,0.4812733703,0.4888902723,0.5487808562,0.4812028613
4797,1.0,0.0,0.0,0.0,1.0,1.0,0.1085952332,0.2269648737,0.4511970124,0.6779667846,0.541832587,0.6842097281
4798,1.0,0.0,0.0,0.0,1.0,1.0,0.2329133759,0.274939331,0.4260869663,0.6268662457,0.5539031841,0.6283786921
4799,1.0,0.0,0.0,0.0,1.0,1.0,0.2739849464,0.309789992,0.4275861553,0.616352871,0.5571956133,0.6488092162
4800,1.0,0.0,0.0,0.0,1.0,1.0,0.2892222566,0.3246362496,0.4332191179,0.6035495558,0.5620438689,0.6460667486
4801,1.0,0.0,0.0,0.0,1.0,1.0,0.289718282,0.3258254774,0.4322470576,0.6094678987,0.5641024822,0.6516855034
4802,1.0,0.0,0.0,0.0,1.0,1.0,0.282376517,0.3221643796,0.4280822064,0.6121215632,0.5604397221,0.6420458192
4803,1.0,0.0,0.0,0.0,1.0,1.0,0.2797073545,0.3258255209,0.4385666023,0.597561236,0.5677655986,0.6348311775
4804,1.0,0.0,0.0,0.0,1.0,1.0,0.2899402739,0.3282838919,0.4385665724,0.6000002568,0.5693430047,0.638889091
4805,1.0,0.0,0.0,0.0,1.0,1.0,0.2977789994,0.3301075884,0.4400685858,0.6034483622,0.576642414,0.6464097901
4806,1.0,0.0,0.0,0.0,1.0,1.0,0.2943561963,0.3313167079,0.4332193312,0.5988367888,0.5641025231,0.6353598488
4807,1.0,0.0,0.0,0.0,1.0,1.0,0.2931466199,0.3325347144,0.4425386222,0.5906430148,0.5661762651,0.6408843626
4808,1.0,0.0,0.0,0.0,1.0,1.0,0.2989781485,0.3368081041,0.4393163068,0.5885723633,0.5604397742,0.6358695844
4809,1.0,0.0,0.0,0.0,1.0,1.0,0.300519571,0.338046638,0.4398625503,0.6057141863,0.5661765235,0.6521732966
4810,1.0,0.0,0.0,0.0,1.0,1.0,0.3012015769,0.336209468,0.4366438646,0.5965905863,0.5624998253,0.6502728736
4811,1.0,0.0,0.0,0.0,1.0,1.0,0.3006867271,0.3380467491,0.4290597974,0.5965904073,0.5625001508,0.6358695652
4812,1.0,0.0,0.0,0.0,1.0,1.0,0.3013649991,0.3361757108,0.4258942883,0.5988699886,0.5672724771,0.6432433489
4813,1.0,0.0,0.0,0.0,1.0,1.0,0.3001739073,0.3343589024,0.440273049,0.6022726564,0.5781820589,0.6413047368
4814,1.0,0.0,0.0,0.0,1.0,1.0,0.3013648652,0.3374028134,0.437819491,0.5988700845,0.5766422074,0.6432438258
4815,1.0,0.0,0.0,0.0,1.0,1.0,0.2996621371,0.3374026935,0.4395230232,0.6079538862,0.5729925388,0.6432428878
4816,1.0,0.0,0.0,0.0,1.0,1.0,0.3029133251,0.3386388473,0.4400684462,0.5875712187,0.5750913109,0.637837542
4817,1.0,0.0,0.0,0.0,1.0,1.0,0.2989783202,0.3319313764,0.4341880318,0.5885717448,0.5693430716,0.6318676401
4818,1.0,0.0,0.0,0.0,1.0,1.0,0.303067636,0.3337550532,0.4310050256,0.5955055216,0.5693432748,0.6393439496
4819,1.0,0.0,0.0,0.0,1.0,1.0,0.3006865899,0.3331470307,0.4393162434,0.590909314,0.5714287408,0.6318684448
4820,1.0,0.0,0.0,0.0,1.0,1.0,0.3069960518,0.3398104621,0.4351535731,0.600000239,0.5672727429,0.631016707
4821,1.0,0.0,0.0,0.0,1.0,1.0,0.3018792584,0.339226717,0.4368601143,0.5932195666,0.5693430077,0.6344088416
4822,1.0,0.0,0.0,0.0,1.0,1.0,0.3059516637,0.3410506151,0.4319727565,0.605555981,0.5583940455,0.6417111924
4823,1.0,0.0,0.0,0.0,1.0,1.0,0.3049144105,0.3398099793,0.4271186779,0.599999031,0.5600000951,0.6417112611
4824,1.0,0.0,0.0,0.0,1.0,1.0,0.3018794685,0.3374028272,0.4300342047,0.5988697744,0.5620437641,0.6378379953
4825,1.0,0.0,0.0,0.0,1.0,1.0,0.3042516858,0.3392267241,0.425170154,0.597765023,0.5583940663,0.645161555
4826,1.0,0.0,0.0,0.0,1.0,1.0,0.3066085418,0.3422002212,0.4355932896,0.6022108823,0.57246363,0.6507938719
4827,1.0,0.0,0.0,0.0,1.0,1.0,0.3123253706,0.3415359488,0.4307431527,0.6054051181,0.5755396899,0.636842184
4828,1.0,0.0,0.0,0.0,1.0,1.0,0.3071289512,0.3452617418,0.4244482156,0.5966843417,0.5636364512,0.6368411208
4829,1.0,0.0,0.0,0.0,1.0,1.0,0.3080471295,0.3428742576,0.4297945098,0.5999997594,0.569343106,0.6436169784
4830,1.0,0.0,0.0,0.0,1.0,1.0,0.3068612361,0.3441303544,0.4373928857,0.5921783062,0.5677657009,0.6489357794
4831,1.0,0.0,0.0,0.0,1.0,1.0,0.3104066453,0.3514517455,0.4266211158,0.5989004149,0.5604394302,0.6406248946
4832,1.0,0.0,0.0,0.0,1.0,1.0,0.3137186304,0.3483454812,0.4288164705,0.595628034,0.565693507,0.6387436394
4833,1.0,0.0,0.0,0.0,1.0,1.0,0.3060572752,0.3466699434,0.430795845,0.5875704976,0.5645758673,0.6329781987
4834,1.0,0.0,0.0,0.0,1.0,1.0,0.3129740117,0.3498046364,0.4359862655,0.5911602994,0.5703705171,0.6349209046
4835,1.0,0.0,0.0,0.0,1.0,1.0,0.3108229358,0.345960576,0.4364261774,0.6022099448,0.5677655004,0.6402116402
4836,1.0,0.0,0.0,0.0,1.0,1.0,0.3138179896,0.3463772895,0.4317405677,0.5923917217,0.5740072726,0.6354165723
4837,1.0,0.0,0.0,0.0,1.0,1.0,0.3108229442,0.3428742726,0.4295533451,0.5966846931,0.5656932722,0.6489365253
4838,1.0,0.0,0.0,0.0,1.0,1.0,0.3184659607,0.3481808587,0.4288134757,0.5957446809,0.5703970827,0.6424877983
4839,1.0,0.0,0.0,0.0,1.0,1.0,0.3159748126,0.3477912921,0.4295532,0.6032607671,0.5641024217,0.6526322754
4840,1.0,0.0,0.0,0.0,1.0,1.0,0.3160628063,0.3476322153,0.4307691767,0.6000004678,0.5652175446,0.6458327464
4841,1.0,0.0,0.0,0.0,1.0,1.0,0.3139160313,0.3422002583,0.4329371916,0.5945947845,0.5760867988,0.6402114583
4842,1.0,0.0,0.0,0.0,1.0,1.0,0.3149857152,0.3421998943,0.4275979284,0.5945952013,0.5652174429,0.6507943483
4843,1.0,0.0,0.0,0.0,1.0,1.0,0.3110503874,0.3409645427,0.4285714286,0.5901641716,0.5667869821,0.6349202457
4844,1.0,0.0,0.0,0.0,1.0,1.0,0.309878095,0.3416272115,0.4361158743,0.6043955523,0.574545302,0.6542558442
4845,1.0,0.0,0.0,0.0,1.0,1.0,0.3063357772,0.3349579031,0.4332191845,0.5977645405,0.5724637372,0.648648586
4846,1.0,0.0,0.0,0.0,1.0,1.0,0.3092292231,0.3403894878,0.4427351114,0.596685063,0.5797101165,0.6436168619
4847,1.0,0.0,0.0,0.0,1.0,1.0,0.3087012614,0.33555307,0.4402730729,0.5966846541,0.5740071565,0.6505374745
4848,1.0,0.0,0.0,0.0,1.0,1.0,0.3046243837,0.3331472294,0.4349315486,0.6011232249,0.5724638052,0.6467386102
4849,1.0,0.0,0.0,0.0,1.0,1.0,0.302395388,0.3319447274,0.4341880379,0.6101689656,0.5740072789,0.6521741726
4850,1.0,0.0,0.0,0.0,1.0,1.0,0.3081754095,0.3367686248,0.4327087034,0.6077348466,0.5724635991,0.6505377291
4851,1.0,0.0,0.0,0.0,1.0,1.0,0.303067681,0.3295650819,0.4378193327,0.601124202,0.5734765522,0.6467391696
4852,1.0,0.0,0.0,0.0,1.0,1.0,0.3110506045,0.3373566818,0.4370747233,0.6065569134,0.5740072286,0.6470595697
4853,1.0,0.0,0.0,0.0,1.0,1.0,0.3059514246,0.3379405249,0.4319727834,0.5999997574,0.5719425251,0.6489366892
4854,1.0,0.0,0.0,0.0,1.0,1.0,0.3066082187,0.3337418525,0.4271186425,0.6022096827,0.5678571485,0.6470593776
4855,1.0,0.0,0.0,0.0,1.0,1.0,0.3043986943,0.3337423775,0.4314721653,0.5999995267,0.5678570383,0.6524067765
4856,1.0,0.0,0.0,0.0,1.0,1.0,0.3110506785,0.3385205533,0.4251700447,0.6010926644,0.5663083268,0.6455025731
4857,1.0,0.0,0.0,0.0,1.0,1.0,0.3013649416,0.3307505072,0.4395230365,0.5988707331,0.5791366991,0.6413040896
4858,1.0,0.0,0.0,0.0,1.0,1.0,0.3042517485,0.3325479935,0.4353741838,0.6033518393,0.5755397492,0.643242611
4859,1.0,0.0,0.0,0.0,1.0,1.0,0.3018792116,0.3289530495,0.438566471,0.6045205105,0.5755393552,0.6448087825
4860,1.0,0.0,0.0,0.0,1.0,1.0,0.1417118683,0.2318707468,0.4309701716,0.6842109677,0.5119999694,0.6379297399
4861,1.0,0.0,0.0,0.0,1.0,1.0,0.09068674747,0.2630112775,0.4763705432,0.4375008299,0.5425104051,0.4769241832
4862,1.0,0.0,0.0,0.0,1.0,1.0,0.09000613606,0.2578558022,0.478424045,0.6458341461,0.5759998303,0.5581397975
4863,1.0,0.0,0.0,0.0,1.0,1.0,0.1561627492,0.2294441356,0.433823427,0.6823519362,0.5408559471,0.6440674592
4864,1.0,0.0,0.0,0.0,1.0,1.0,0.2437664329,0.2821303523,0.4198606217,0.6428562708,0.5571953306,0.6535952185
4865,1.0,0.0,0.0,0.0,1.0,1.0,0.2735312033,0.3016831814,0.4315789652,0.6153849324,0.5629630276,0.6564409273
4866,1.0,0.0,0.0,0.0,1.0,1.0,0.2773322233,0.3089182289,0.4485165149,0.6037734817,0.5818181028,0.6529418233
4867,1.0,0.0,0.0,0.0,1.0,1.0,0.2867962815,0.3196744367,0.4347825435,0.6060609229,0.5698531043,0.6436788589
4868,1.0,0.0,0.0,0.0,1.0,1.0,0.2845631246,0.3148426471,0.439236152,0.6036592073,0.5750914916,0.6453491131
4869,1.0,0.0,0.0,0.0,1.0,1.0,0.2944627462,0.3239947866,0.4402079724,0.6117650954,0.5750917667,0.6497180186
4870,1.0,0.0,0.0,0.0,1.0,1.0,0.2897688493,0.3215118937,0.4340277596,0.6167673013,0.5661765142,0.6514288176
4871,1.0,0.0,0.0,0.0,1.0,1.0,0.2920108537,0.3196741819,0.4330434936,0.6190473127,0.5698528886,0.6494250089
4872,1.0,0.0,0.0,0.0,1.0,1.0,0.290715438,0.3252730652,0.4371772375,0.6153841201,0.5636362558,0.6536318962
4873,1.0,0.0,0.0,0.0,1.0,1.0,0.2989637477,0.3258249598,0.4295652996,0.5930236365,0.5641024421,0.6516859127
4874,1.0,0.0,0.0,0.0,1.0,1.0,0.2972252585,0.3270235507,0.4434781822,0.6023390552,0.5698532224,0.646067936
4875,1.0,0.0,0.0,0.0,1.0,1.0,0.2991409754,0.3294863797,0.4377162675,0.5953757727,0.5714286836,0.6388882931
4876,1.0,0.0,0.0,0.0,1.0,1.0,0.2937490302,0.3270231069,0.4365216309,0.6094675392,0.5698529661,0.6460678816
4877,1.0,0.0,0.0,0.0,1.0,1.0,0.303649947,0.3313168334,0.4340277049,0.6,0.5641023926,0.6464088857
4878,1.0,0.0,0.0,0.0,1.0,1.0,0.30017941,0.326460281,0.4375000936,0.6011567035,0.5693429193,0.6480449485
4879,1.0,0.0,0.0,0.0,1.0,1.0,0.2925197182,0.3173407331,0.433797975,0.613095511,0.5766423187,0.6494257608
4880,1.0,0.0,0.0,0.0,1.0,1.0,0.2909987128,0.3125527128,0.4350087147,0.6071427188,0.5709091282,0.656976231
4881,1.0,0.0,0.0,0.0,1.0,1.0,0.293238993,0.3168519461,0.4305556212,0.6094666085,0.5688406912,0.6571429283
4882,1.0,0.0,0.0,0.0,1.0,1.0,0.2907781095,0.3161868271,0.4337979502,0.6107782031,0.5781819009,0.6494256796
4883,1.0,0.0,0.0,0.0,1.0,1.0,0.2944628239,0.3209883766,0.4402078994,0.6117641809,0.5802921584,0.6477268809
4884,1.0,0.0,0.0,0.0,1.0,1.0,0.2998325387,0.327089908,0.4379311047,0.5977014214,0.5781816936,0.6444442572
4885,1.0,0.0,0.0,0.0,1.0,1.0,0.298963471,0.3276559578,0.4365216765,0.6046517689,0.5714282923,0.6536315781
4886,1.0,0.0,0.0,0.0,1.0,1.0,0.2967092269,0.3276555848,0.4496527193,0.614035351,0.5897434894,0.6480451333
4887,1.0,0.0,0.0,0.0,1.0,1.0,0.3048558434,0.330107392,0.4402079231,0.6136363636,0.5729928334,0.6519332896
4888,1.0,0.0,0.0,0.0,1.0,1.0,0.2942608686,0.3239950965,0.4442508527,0.6153840237,0.5824174953,0.6440673194
4889,1.0,0.0,0.0,0.0,1.0,1.0,0.3038026611,0.3289074155,0.4421414932,0.6022731193,0.5818179454,0.6408839382
4890,1.0,0.0,0.0,0.0,1.0,1.0,0.3027569313,0.3247285461,0.4388985155,0.607954827,0.5776174989,0.6499996455
4891,1.0,0.0,0.0,0.0,1.0,1.0,0.3061974468,0.3283365511,0.4320138416,0.5955056044,0.5776172193,0.642856974
4892,1.0,0.0,0.0,0.0,1.0,1.0,0.303802739,0.3240943594,0.4283246278,0.6022724186,0.576086871,0.653632248
4893,1.0,0.0,0.0,0.0,1.0,1.0,0.297411552,0.3222840241,0.4307957403,0.6046511042,0.5797098948,0.6460665885
4894,1.0,0.0,0.0,0.0,1.0,1.0,0.3038026277,0.3211202344,0.4438687317,0.6079554658,0.581227322,0.6573038585
4895,1.0,0.0,0.0,0.0,1.0,1.0,0.2991410791,0.3234556625,0.4377162446,0.61271747,0.5745453019,0.6516859793
4896,1.0,0.0,0.0,0.0,1.0,1.0,0.3048557398,0.3282839212,0.4350086125,0.6022729762,0.5766423415,0.650000357
4897,1.0,0.0,0.0,0.0,1.0,1.0,0.3095155256,0.3343585577,0.4359862344,0.5977648486,0.5709091503,0.6467386118
4898,1.0,0.0,0.0,0.0,1.0,1.0,0.304328163,0.3319315042,0.437716222,0.596590693,0.565693366,0.6428569734
4899,1.0,0.0,0.0,0.0,1.0,1.0,0.3043281785,0.3337549889,0.4290657941,0.5965907484,0.5620439714,0.6393437581
4900,1.0,0.0,0.0,0.0,1.0,1.0,0.3063356239,0.333146985,0.4280821991,0.6089390239,0.5652173741,0.6521743252
4901,1.0,0.0,0.0,0.0,1.0,1.0,0.3108227316,0.3367682314,0.4278351642,0.6077353046,0.5688404698,0.6505373263
4902,1.0,0.0,0.0,0.0,1.0,1.0,0.3130784049,0.3379928202,0.4354561773,0.5934065282,0.5745453176,0.6397844409
4903,1.0,0.0,0.0,0.0,1.0,1.0,0.3031234912,0.3301074832,0.4350086866,0.5999995055,0.5729927338,0.6519337875
4904,1.0,0.0,0.0,0.0,1.0,1.0,0.3083199228,0.3343589328,0.4367416997,0.6011241453,0.5745452931,0.6467386348
4905,1.0,0.0,0.0,0.0,1.0,1.0,0.3048558878,0.3252728864,0.4384748258,0.6079549282,0.5709089161,0.6592179101
4906,1.0,0.0,0.0,0.0,1.0,1.0,0.3013912288,0.3234558448,0.4436742513,0.6034478463,0.581818189,0.6460668958
4907,1.0,0.0,0.0,0.0,1.0,1.0,0.3089809834,0.3247286006,0.4369603174,0.603351915,0.5776172907,0.6555553032
4908,1.0,0.0,0.0,0.0,1.0,1.0,0.30712024,0.3259051247,0.4409722389,0.6045187936,0.5797100218,0.6500000593
4909,1.0,0.0,0.0,0.0,1.0,1.0,0.2998326746,0.3247285449,0.4344827805,0.6034481473,0.5740073948,0.6444448715
4910,1.0,0.0,0.0,0.0,1.0,1.0,0.3072552109,0.3265322333,0.4335061408,0.5955059253,0.5740072161,0.6464091241
4911,1.0,0.0,0.0,0.0,1.0,1.0,0.2996594003,0.3234556754,0.4280762203,0.6127175693,0.5745456268,0.6516856109
4912,1.0,0.0,0.0,0.0,1.0,1.0,0.2996595069,0.3216386303,0.4280762299,0.6011568374,0.5745453486,0.6440682611
4913,1.0,0.0,0.0,0.0,1.0,1.0,0.3044770319,0.3289074543,0.4302926651,0.6045195348,0.570909214,0.646409049
4914,1.0,0.0,0.0,0.0,1.0,1.0,0.3048557909,0.329486711,0.4211438736,0.602272575,0.564102544,0.6555551188
4915,1.0,0.0,0.0,0.0,1.0,1.0,0.2977433099,0.3203338732,0.4285714823,0.6081873486,0.5714284585,0.6457150683
4916,1.0,0.0,0.0,0.0,1.0,1.0,0.2915038757,0.3161872504,0.4340279235,0.6249998432,0.5781818488,0.6609192896
4917,1.0,0.0,0.0,0.0,1.0,1.0,0.2922244171,0.3150414475,0.4377161497,0.6213017905,0.5833333004,0.6551725437
4918,1.0,0.0,0.0,0.0,1.0,1.0,0.2937489568,0.3180042989,0.4400000224,0.6035504538,0.5781818622,0.6571424362
4919,1.0,0.0,0.0,0.0,1.0,1.0,0.2979274198,0.3246359287,0.4332755298,0.6104643128,0.5766423386,0.646067632
4920,1.0,0.0,0.0,0.0,1.0,1.0,0.2991412409,0.3222840126,0.4290656821,0.6127167336,0.5724638662,0.6516859065
4921,1.0,0.0,0.0,0.0,1.0,1.0,0.293953374,0.316851736,0.4411765279,0.6176465387,0.5833333009,0.6628576898
4922,1.0,0.0,0.0,0.0,1.0,1.0,0.2965753145,0.3181675881,0.4305317612,0.6184976481,0.5683452505,0.6610175537
4923,1.0,0.0,0.0,0.0,1.0,1.0,0.2977788672,0.3206095072,0.4280821009,0.6149429825,0.5698924897,0.6592187279
4924,1.0,0.0,0.0,0.0,1.0,1.0,0.2958761678,0.318167694,0.4320137063,0.6162792609,0.5719424924,0.66101697
4925,1.0,0.0,0.0,0.0,1.0,1.0,0.299832292,0.3211204016,0.4293102943,0.6149426007,0.5740072685,0.6516849943
4926,1.0,0.0,0.0,0.0,1.0,1.0,0.2929401298,0.3157081944,0.4275861939,0.6117651146,0.57039676,0.6571431429
4927,1.0,0.0,0.0,0.0,1.0,1.0,0.2833202766,0.3100455858,0.4278261506,0.6196312873,0.5693433004,0.6529412895
4928,1.0,0.0,0.0,0.0,1.0,1.0,0.2669865287,0.2895062484,0.4393672629,0.6381576694,0.5756457358,0.6624209101
4929,1.0,0.0,0.0,0.0,1.0,1.0,0.2525088393,0.2739210184,0.4399292836,0.6433574571,0.5629630578,0.662162616
4930,1.0,0.0,0.0,0.0,1.0,1.0,0.2638389678,0.2905783146,0.4440559467,0.6357614853,0.5740739705,0.6687897214
4931,1.0,0.0,0.0,0.0,1.0,1.0,0.2660512174,0.2895060353,0.4360770472,0.6447370671,0.5682659273,0.6687898353
4932,1.0,0.0,0.0,0.0,1.0,1.0,0.2689469379,0.2918076485,0.4340278659,0.6322587279,0.5656931967,0.6687504435
4933,1.0,0.0,0.0,0.0,1.0,1.0,0.2741524236,0.2972793864,0.4340278736,0.6392396716,0.5656934986,0.6687125715
4934,1.0,0.0,0.0,0.0,1.0,1.0,0.2680162005,0.2918078892,0.4359861444,0.6322582196,0.5656934992,0.6750000685
4935,1.0,0.0,0.0,0.0,1.0,1.0,0.2694147697,0.2939532142,0.4313043449,0.6322582895,0.5624999255,0.6687500169
4936,1.0,0.0,0.0,0.0,1.0,1.0,0.2779105643,0.2972794536,0.4283247197,0.6335406505,0.5620438363,0.6687117221
4937,1.0,0.0,0.0,0.0,1.0,1.0,0.2702133136,0.2910461456,0.4332756274,0.6346151165,0.5604396217,0.6729560351
4938,1.0,0.0,0.0,0.0,1.0,1.0,0.2650169084,0.2863365781,0.436741808,0.647058572,0.5656934597,0.6687898885
4939,1.0,0.0,0.0,0.0,1.0,1.0,0.2794322752,0.299472149,0.4356775107,0.6380380136,0.5703971904,0.6566266253
4940,1.0,0.0,0.0,0.0,1.0,1.0,0.2764781782,0.2958636805,0.4347078265,0.6397518228,0.5631768682,0.6707317398
4941,1.0,0.0,0.0,0.0,1.0,1.0,0.2766622795,0.2991029163,0.4307959186,0.6187495586,0.562043894,0.6646333385
4942,1.0,0.0,0.0,0.0,1.0,1.0,0.2676765771,0.282688947,0.4469564498,0.6428571429,0.5766421723,0.6838707852
4943,1.0,0.0,0.0,0.0,1.0,1.0,0.2659385597,0.2826892206,0.438260808,0.6339870592,0.5693431445,0.6709670305
4944,1.0,0.0,0.0,0.0,1.0,1.0,0.269414905,0.2863366589,0.4399999697,0.6387090056,0.5693430076,0.6751586517
4945,1.0,0.0,0.0,0.0,1.0,1.0,0.258088172,0.2753939669,0.4384748172,0.6375849025,0.5729927212,0.6688740565
4946,1.0,0.0,0.0,0.0,1.0,1.0,0.2620063578,0.2780265296,0.4340277937,0.6556297563,0.5709089078,0.6797384963
4947,1.0,0.0,0.0,0.0,1.0,1.0,0.2529130934,0.2644507876,0.4310645142,0.6482749411,0.565693643,0.6758620376
4948,1.0,0.0,0.0,0.0,1.0,1.0,0.2446184423,0.2600023371,0.4423076295,0.6571426326,0.5756459331,0.6737583783
4949,1.0,0.0,0.0,0.0,1.0,1.0,0.2340241654,0.2517114115,0.4471831053,0.6616553436,0.5777775446,0.6617648238
4950,1.0,0.0,0.0,0.0,1.0,1.0,0.1945814631,0.2227222298,0.4230089337,0.709092168,0.5468163513,0.6722678472
4951,1.0,0.0,0.0,0.0,1.0,1.0,0.1809024965,0.2168598107,0.4247312788,0.7128703472,0.5433960838,0.6521737483
4952,1.0,0.0,0.0,0.0,1.0,1.0,0.1781534665,0.2133637965,0.4313725202,0.71,0.5468162038,0.649122807
4953,1.0,0.0,0.0,0.0,1.0,1.0,0.1862757202,0.2138957156,0.421146907,0.7211545367,0.5378788824,0.6637167797
4954,1.0,0.0,0.0,0.0,1.0,1.0,0.194926721,0.2208507112,0.4202127362,0.7181830941,0.5430711428,0.6779652896
4955,1.0,0.0,0.0,0.0,1.0,1.0,0.188743523,0.2093169665,0.4244604997,0.7333340297,0.5471697177,0.6936949399
4956,1.0,0.0,0.0,0.0,1.0,1.0,0.1988136562,0.2206313869,0.4193548701,0.7027015904,0.5396225889,0.675213262
4957,1.0,0.0,0.0,0.0,1.0,1.0,0.1840126908,0.2120028374,0.4332129533,0.7254895283,0.5492423993,0.6785713593
4958,1.0,0.0,0.0,0.0,1.0,1.0,0.1905410369,0.2112027145,0.4262590421,0.7264152843,0.5471698645,0.678571973
4959,1.0,0.0,0.0,0.0,1.0,1.0,0.1915746163,0.2120026899,0.430379784,0.6981137467,0.5530301603,0.6785725325
4960,1.0,0.0,0.0,0.0,1.0,1.0,0.1836810545,0.2120029761,0.4108108812,0.715687159,0.5340908808,0.6607137967
4961,1.0,0.0,0.0,0.0,1.0,1.0,0.1854821629,0.2101097967,0.4234235318,0.718447475,0.5416667346,0.6756749938
4962,1.0,0.0,0.0,0.0,1.0,1.0,0.1848160439,0.2101100451,0.4201077157,0.7281550336,0.5416664788,0.6756770994
4963,1.0,0.0,0.0,0.0,1.0,1.0,0.174447966,0.205654408,0.4127272133,0.7500005606,0.5230770122,0.6915889355
4964,1.0,0.0,0.0,0.0,1.0,1.0,0.1767967051,0.2090087507,0.4151624534,0.7551022686,0.5323192463,0.7000001988
4965,1.0,0.0,0.0,0.0,1.0,1.0,0.17924789,0.2098065066,0.4148551742,0.7373724737,0.5305346045,0.690907785
4966,1.0,0.0,0.0,0.0,1.0,1.0,0.1705038747,0.2048666417,0.4174229213,0.7446808019,0.5325673033,0.6822421175
4967,1.0,0.0,0.0,0.0,1.0,1.0,0.1186717684,0.1866658881,0.4434137536,0.7656274082,0.5369651796,0.6770847366
4968,1.0,0.0,0.0,0.0,1.0,1.0,0.08498005895,0.214996002,0.4676525347,0.7391320916,0.5465115687,0.5585594122
4969,1.0,0.0,0.0,0.0,1.0,1.0,0.07326712343,0.2212205764,0.4718045024,0.7435920386,0.549407164,0.5357149814
4970,1.0,0.0,0.0,0.0,1.0,1.0,0.0784610073,0.2234048546,0.4766353704,0.6904746978,0.549019591,0.5087713895
4971,1.0,0.0,0.0,0.0,1.0,1.0,0.0784609494,0.206915681,0.4616822306,0.6666649114,0.539062382,0.5094337261
4972,1.0,0.0,0.0,0.0,1.0,1.0,0.08453891614,0.2034435643,0.4755639236,0.6000019325,0.5454541551,0.5048535083
4973,1.0,0.0,0.0,0.0,1.0,1.0,0.08501878185,0.205418476,0.4801511147,0.5555587667,0.5494070639,0.4903836134
4974,1.0,0.0,0.0,0.0,1.0,1.0,0.08790475045,0.2026980031,0.4837476056,0.5000023693,0.5381526667,0.4752473752
4975,1.0,0.0,0.0,0.0,1.0,1.0,0.0938175369,0.191425138,0.4885058875,0.5102044388,0.5443546262,0.4842110489
4976,1.0,0.0,0.0,0.0,1.0,1.0,0.08599403263,0.1938918871,0.4780114391,0.4666676273,0.5319999378,0.4432999109
4977,1.0,0.0,0.0,0.0,1.0,1.0,0.09340577459,0.1987080607,0.4747663794,0.4599968223,0.5433069704,0.4356428721
4978,1.0,0.0,0.0,0.0,1.0,1.0,0.09305815108,0.2010599983,0.4711358104,0.4800026333,0.5390626472,0.4563116104
4979,1.0,0.0,0.0,0.0,1.0,1.0,0.1093732535,0.1959692787,0.4679246089,0.3965537971,0.5450980241,0.4100005448
4980,1.0,0.0,0.0,0.0,1.0,1.0,0.1029958721,0.1903699244,0.4770991567,0.4074071091,0.5396825055,0.3958330501
4981,1.0,0.0,0.0,0.0,1.0,1.0,0.1072199018,0.1838974475,0.4712644254,0.3928583953,0.5279999826,0.3695643924
4982,1.0,0.0,0.0,0.0,1.0,1.0,0.1099772471,0.1804548814,0.4845560161,0.3684218487,0.5436508903,0.3516485078
4983,1.0,0.0,0.0,0.0,1.0,1.0,0.1203213076,0.1739026378,0.4679612298,0.3709672484,0.5319999899,0.3333325257
4984,1.0,0.0,0.0,0.0,1.0,1.0,0.1266621308,0.1720348009,0.4752475144,0.3749991726,0.5286885904,0.273809764
4985,1.0,0.0,0.0,0.0,1.0,1.0,0.1288959826,0.1699869953,0.4702379847,0.3538448164,0.5245902061,0.2891547733
4986,1.0,0.0,0.0,0.0,1.0,1.0,0.1358266992,0.1769845736,0.4726166769,0.3731332279,0.5250001179,0.294116365
4987,1.0,0.0,0.0,0.0,1.0,1.0,0.1275009475,0.1736318308,0.4670782505,0.3225788547,0.5127118299,0.292682686
4988,1.0,0.0,0.0,0.0,1.0,1.0,0.1524920139,0.1892560793,0.4783504216,0.3513508297,0.5276594692,0.2921339814
4989,1.0,0.0,0.0,0.0,1.0,1.0,0.1616742336,0.2003189386,0.4852942187,0.3246754266,0.5215517746,0.2795708935
4990,1.0,0.0,0.0,0.0,1.0,1.0,0.1498138395,0.1939845598,0.4866530479,0.3698621557,0.5274261271,0.2934778435
4991,1.0,0.0,0.0,0.0,1.0,1.0,0.1669168227,0.2180982519,0.4865979715,0.3333333333,0.5338983014,0.281553148
4992,1.0,0.0,0.0,0.0,1.0,1.0,0.1785449338,0.2455893113,0.4928132438,0.3678158201,0.5299145524,0.3043485262
4993,1.0,0.0,0.0,0.0,1.0,1.0,0.1556508617,0.2235037995,0.4877048468,0.3157893337,0.5316455319,0.2641513031
4994,1.0,0.0,0.0,0.0,1.0,1.0,0.1477774544,0.2225479524,0.4863813826,0.2763169032,0.5222672218,0.2545457632
4995,1.0,0.0,0.0,0.0,1.0,1.0,0.1855502024,0.2815022433,0.4831223244,0.363635165,0.4934499033,0.3100769616
4996,1.0,0.0,0.0,0.0,1.0,1.0,0.1579119283,0.2550444671,0.4539999913,0.3544301589,0.4564316522,0.2764234539
4997,1.0,0.0,0.0,0.0,1.0,1.0,0.1540643965,0.2225479748,0.4762846321,0.2692302911,0.4898784758,0.2636355943
4998,1.0,0.0,0.0,0.0,1.0,1.0,0.1735778853,0.1813801085,0.4570382683,0.1684220143,0.4629629215,0.214284096
4999,1.0,0.0,0.0,0.0,1.0,1.0,0.2072916404,0.159087184,0.4407408341,0.2321436639,0.4419475342,0.2823539109
5000,1.0,0.0,0.0,0.0,1.0,1.0,0.2267334297,0.1914988861,0.4736842288,0.2319989331,0.4817518019,0.276190789
5001,1.0,0.0,0.0,0.0,1.0,1.0,0.2260856807,0.1761606275,0.4362656163,0.293650961,0.4784172564,0.3061231601
5002,1.0,0.0,0.0,0.0,1.0,1.0,0.2310538843,0.1826936082,0.4551971468,0.2868218675,0.4874551811,0.3137263789
5003,1.0,0.0,0.0,0.0,1.0,1.0,0.2277207192,0.1880669465,0.4593128141,0.2777769501,0.4874553562,0.2952383166
5004,1.0,0.0,0.0,0.0,1.0,1.0,0.2288525009,0.194628126,0.452593906,0.2421867342,0.4807015869,0.2612611673
5005,1.0,0.0,0.0,0.0,1.0,1.0,0.2071568274,0.1840128058,0.4472726577,0.289472912,0.472924289,0.3137256793
5006,1.0,0.0,0.0,0.0,1.0,1.0,0.1831719037,0.1725013443,0.4110319665,0.2524260883,0.4661921438,0.2371127017
5007,1.0,0.0,0.0,0.0,1.0,1.0,0.173662205,0.1812367271,0.4414894269,0.2551027918,0.4823945152,0.2621362811
5008,1.0,0.0,0.0,0.0,1.0,1.0,0.1648563266,0.1643149966,0.4501719221,0.2083327157,0.5050848006,0.2268040157
5009,1.0,0.0,0.0,0.0,1.0,1.0,0.1648014319,0.2033953277,0.453900657,0.2365577973,0.5052632318,0.275862188
5010,1.0,0.0,0.0,0.0,1.0,1.0,0.1606877252,0.1817168898,0.4664311803,0.2307695702,0.5139860618,0.2596153475
5011,1.0,0.0,0.0,0.0,1.0,1.0,0.1553062705,0.1629916208,0.473491766,0.2352948024,0.5161292038,0.2527482086
5012,1.0,0.0,0.0,0.0,1.0,1.0,0.1589216048,0.1665737975,0.4434629435,0.2333331126,0.4912280457,0.2526322172
5013,1.0,0.0,0.0,0.0,1.0,1.0,0.1680634676,0.1529394329,0.4508049265,0.2446815153,0.4982206393,0.2441850678
5014,1.0,0.0,0.0,0.0,1.0,1.0,0.1764815277,0.1783391922,0.4869888332,0.2105262061,0.5018587839,0.2604160438
5015,1.0,0.0,0.0,0.0,1.0,1.0,0.18690347,0.1998887976,0.5255904867,0.1368417642,0.4980394448,0.225491213
5016,1.0,0.0,0.0,0.0,1.0,1.0,0.171332756,0.09690378715,0.5180951722,0.3222232934,0.5057035307,0.2941163127
5017,1.0,0.0,0.0,0.0,1.0,1.0,0.2416233547,0.1871615426,0.5366301271,0.6439399778,0.5468165214,0.65
5018,1.0,0.0,0.0,0.0,1.0,1.0,0.1930088607,0.1438883572,0.5086042622,0.633661856,0.5175097458,0.648649964
5019,1.0,0.0,0.0,0.0,1.0,1.0,0.1246830381,0.1638092862,0.4910891151,0.09523959587,0.4605812408,0.1772153489
5020,1.0,0.0,0.0,0.0,1.0,1.0,0.1048796391,0.1767573621,0.5041151328,0.05882149778,0.4759825477,0.1851857221
5021,1.0,0.0,0.0,0.0,1.0,1.0,0.1702453692,0.1594855049,0.4849698209,0.6117638408,0.497872192,0.6533345139
5022,1.0,0.0,0.0,0.0,1.0,1.0,0.3057993889,0.2926653653,0.4794777317,0.5670732839,0.5179283174,0.585033854
5023,1.0,0.0,0.0,0.0,1.0,1.0,0.3420141569,0.3385206454,0.4619771137,0.5444449369,0.5080645226,0.5595238519
5024,1.0,0.0,0.0,0.0,1.0,1.0,0.07313014216,0.1336971803,0.475609615,0.6388902892,0.4868423321,0.3606555751
5025,1.0,0.0,0.0,0.0,1.0,1.0,0.1060633469,0.1789398294,0.5040815655,0.09615290073,0.5021833705,0.1707327017
5026,1.0,0.0,0.0,0.0,1.0,1.0,0.08497246452,0.1206222515,0.4939270303,0.5238081785,0.5172413646,0.3571426049
5027,1.0,0.0,0.0,0.0,1.0,1.0,0.22125053,0.2078840727,0.4828243903,0.6034484269,0.5440001203,0.6538449511
5028,1.0,0.0,0.0,0.0,1.0,1.0,0.2745717998,0.2780550416,0.4652015233,0.5799997773,0.5291829442,0.6153856264
5029,1.0,0.0,0.0,0.0,1.0,1.0,0.2974743421,0.2948543192,0.4573502721,0.5609751264,0.532567248,0.6103900044
5030,1.0,0.0,0.0,0.0,1.0,1.0,0.2771097901,0.2732848365,0.4510166162,0.6000002711,0.5156250806,0.6285722169
5031,1.0,0.0,0.0,0.0,1.0,1.0,0.1135726731,0.1846794107,0.522727209,0.2727252786,0.5260868198,0.2941172296
5032,1.0,0.0,0.0,0.0,1.0,1.0,0.1130324494,0.1609977133,0.4940475069,0.280702252,0.5062762708,0.2467535535
5033,1.0,0.0,0.0,0.0,1.0,1.0,0.09338732151,0.1129077883,0.4731610356,0.5957439518,0.5104600062,0.4629640676
5034,1.0,0.0,0.0,0.0,1.0,1.0,0.203276282,0.1911280687,0.4821093038,0.6388899436,0.5498007773,0.6770834223
5035,1.0,0.0,0.0,0.0,1.0,1.0,0.2863463673,0.2858326393,0.4676524647,0.5806450336,0.5330740042,0.6054419876
5036,1.0,0.0,0.0,0.0,1.0,1.0,0.3024139774,0.2994436246,0.4557196298,0.57317026,0.5291829521,0.6038965094
5037,1.0,0.0,0.0,0.0,1.0,1.0,0.3011258265,0.2963461719,0.4565619968,0.5705528864,0.5232556743,0.6013082493
5038,1.0,0.0,0.0,0.0,1.0,1.0,0.3233489547,0.3183551369,0.4577206976,0.5681820009,0.5212355423,0.5999992651
5039,1.0,0.0,0.0,0.0,1.0,1.0,0.3106127828,0.3067781561,0.4497258431,0.5764696372,0.5173744135,0.603773513
5040,1.0,0.0,0.0,0.0,1.0,1.0,0.3147412961,0.3137782937,0.4585635713,0.5730993522,0.5271318597,0.5987648475
5041,1.0,0.0,0.0,0.0,1.0,1.0,0.3079463087,0.3072213425,0.4501844972,0.5748504125,0.5175096433,0.6012659323
5042,1.0,0.0,0.0,0.0,1.0,1.0,0.3201917677,0.3176521229,0.4629628716,0.5780354225,0.5271316323,0.5914637955
5043,1.0,0.0,0.0,0.0,1.0,1.0,0.3157118705,0.3091658544,0.4654204974,0.5739646211,0.5291828368,0.5974847632
5044,1.0,0.0,0.0,0.0,1.0,1.0,0.1501138141,0.1490763063,0.4505929407,0.6578937555,0.4789916216,0.5915474887
5045,1.0,0.0,0.0,0.0,1.0,1.0,0.101363663,0.162302292,0.4989857359,0.2200017919,0.5,0.2368425988
5046,1.0,0.0,0.0,0.0,1.0,1.0,0.1043594265,0.1046427317,0.4979919947,0.6346154603,0.5170942262,0.5714273788
5047,1.0,0.0,0.0,0.0,1.0,1.0,0.2395665339,0.233071078,0.5112359411,0.5859366843,0.565217446,0.6271180956
5048,1.0,0.0,0.0,0.0,1.0,1.0,0.2858182595,0.2869494709,0.4852397827,0.5677420044,0.5429686049,0.5918363326
5049,1.0,0.0,0.0,0.0,1.0,1.0,0.3005702995,0.2994439912,0.4926198886,0.5705519346,0.5642022301,0.5844156197
5050,1.0,0.0,0.0,0.0,1.0,1.0,0.3044172343,0.3084214166,0.4844036504,0.5722883388,0.5468750064,0.5822789324
5051,1.0,0.0,0.0,0.0,1.0,1.0,0.3116338136,0.313054726,0.4870847712,0.5739642398,0.5447472644,0.5962736725
5052,1.0,0.0,0.0,0.0,1.0,1.0,0.3075203296,0.3118413032,0.4890110923,0.5773815719,0.5503875779,0.5838501596
5053,1.0,0.0,0.0,0.0,1.0,1.0,0.3191647182,0.3209747265,0.4799268631,0.5771428433,0.5423079055,0.5808382701
5054,1.0,0.0,0.0,0.0,1.0,1.0,0.3103629105,0.3111102044,0.4824399361,0.5833332292,0.5486383323,0.587500623
5055,1.0,0.0,0.0,0.0,1.0,1.0,0.08848139012,0.1243942817,0.5191146159,0.5909110438,0.5321888296,0.4137922293
5056,1.0,0.0,0.0,0.0,1.0,1.0,0.1057293855,0.16514388,0.4710578796,0.226413283,0.4849781778,0.2597408676
5057,1.0,0.0,0.0,0.0,1.0,1.0,0.1156219177,0.1783235479,0.4843137153,0.3389832341,0.514522924,0.3372086125
5058,1.0,0.0,0.0,0.0,1.0,1.0,0.1323638958,0.124930416,0.5105566149,0.6666666667,0.5604837263,0.6774183741
5059,1.0,0.0,0.0,0.0,1.0,1.0,0.2470738684,0.2420523636,0.5074348226,0.6165401715,0.5742188192,0.6451611255
5060,1.0,0.0,0.0,0.0,1.0,1.0,0.2776228245,0.2759077528,0.5074073666,0.593333221,0.5830116081,0.6223774679
5061,1.0,0.0,0.0,0.0,1.0,1.0,0.3018571353,0.2998325847,0.5009208258,0.5914637045,0.5807691872,0.6153848232
5062,1.0,0.0,0.0,0.0,1.0,1.0,0.2989155453,0.3005985671,0.5137614423,0.6012268833,0.5900385866,0.61146553
5063,1.0,0.0,0.0,0.0,1.0,1.0,0.3083778374,0.3118416762,0.5092937107,0.584338035,0.5891474003,0.6024846016
5064,1.0,0.0,0.0,0.0,1.0,1.0,0.299458025,0.2967095999,0.5149813198,0.5937505747,0.5937498974,0.5921052268
5065,1.0,0.0,0.0,0.0,1.0,1.0,0.3029728836,0.3029194909,0.5027725817,0.5853663805,0.5830116125,0.6050955329
5066,1.0,0.0,0.0,0.0,1.0,1.0,0.3138434145,0.3106372965,0.5121496133,0.5952376837,0.5984556865,0.6024848162
5067,1.0,0.0,0.0,0.0,1.0,1.0,0.2422312305,0.2310961296,0.5209924569,0.6220459372,0.5810279003,0.6410254599
5068,1.0,0.0,0.0,0.0,1.0,1.0,0.1070833476,0.1658739194,0.4801586916,0.3148163311,0.4957981224,0.3164570457
5069,1.0,0.0,0.0,0.0,1.0,1.0,0.0963318039,0.1328369562,0.5080322322,0.4166670297,0.5274263427,0.3015870908
5070,1.0,0.0,0.0,0.0,1.0,1.0,0.1180441775,0.1060630845,0.5314960941,0.716667546,0.5918364799,0.7307712601
5071,1.0,0.0,0.0,0.0,1.0,1.0,0.2356098823,0.2312435285,0.5114068991,0.6451601472,0.5921569271,0.6440671955
5072,1.0,0.0,0.0,0.0,1.0,1.0,0.2662677214,0.2711664864,0.5140713413,0.6338027542,0.5968991647,0.6357141674
5073,1.0,0.0,0.0,0.0,1.0,1.0,0.2717294054,0.2757080263,0.5176907483,0.6369865102,0.6015327956,0.625000184
5074,1.0,0.0,0.0,0.0,1.0,1.0,0.2797703825,0.279089659,0.5156538009,0.638157187,0.5999999199,0.6283789601
5075,1.0,0.0,0.0,0.0,1.0,1.0,0.2738942873,0.2780399752,0.5190562374,0.6357615051,0.6052631262,0.6283792169
5076,1.0,0.0,0.0,0.0,1.0,1.0,0.2787432386,0.2820396078,0.5211009255,0.631578799,0.6098483175,0.6308728402
5077,1.0,0.0,0.0,0.0,1.0,1.0,0.2895060866,0.2877178732,0.5166052064,0.6242039421,0.6060603993,0.605262644
5078,1.0,0.0,0.0,0.0,1.0,1.0,0.2881935834,0.2907118973,0.5120147627,0.6346149115,0.6083651145,0.6143793491
5079,1.0,0.0,0.0,0.0,1.0,1.0,0.2850326029,0.2877180814,0.5100549197,0.6410248988,0.6060605691,0.625
5080,1.0,0.0,0.0,0.0,1.0,1.0,0.2837244859,0.2858252413,0.5109891143,0.6387097039,0.6098481947,0.6225160453
5081,1.0,0.0,0.0,0.0,1.0,1.0,0.280286533,0.2820396851,0.5184501255,0.6381570101,0.6136364815,0.6174487913
5082,1.0,0.0,0.0,0.0,1.0,1.0,0.279041618,0.2828610522,0.514598602,0.6405222101,0.6113208185,0.6199988899
5083,1.0,0.0,0.0,0.0,1.0,1.0,0.2920331043,0.2975865842,0.5172414524,0.6397505605,0.6179772822,0.6163517472
5084,1.0,0.0,0.0,0.0,1.0,1.0,0.285554984,0.2949480993,0.5244123328,0.6329112729,0.6240601082,0.6114646916
5085,1.0,0.0,0.0,0.0,1.0,1.0,0.2796270074,0.2855549911,0.5126353132,0.6322576926,0.6090224903,0.6118423263
5086,1.0,0.0,0.0,0.0,1.0,1.0,0.2830276385,0.2913500049,0.5079646425,0.6437502101,0.605166365,0.6202535783
5087,1.0,0.0,0.0,0.0,1.0,1.0,0.2817575766,0.2942801238,0.510638312,0.6352206343,0.6111111552,0.6163516673
5088,1.0,0.0,0.0,0.0,1.0,1.0,0.2775251576,0.2884420554,0.5096661695,0.6392404715,0.6029413995,0.624203901
5089,1.0,0.0,0.0,0.0,1.0,1.0,0.2825276651,0.2950381443,0.5123673595,0.618751116,0.6125462212,0.6125002029
5090,1.0,0.0,0.0,0.0,1.0,1.0,0.2863073085,0.3035340727,0.5061510726,0.6257671076,0.6074073124,0.6158543109
5091,1.0,0.0,0.0,0.0,1.0,1.0,0.2741829139,0.2900999315,0.4991149871,0.6322579746,0.6029960441,0.6
5092,1.0,0.0,0.0,0.0,1.0,1.0,0.2777211337,0.2890176148,0.5008848993,0.6305728587,0.6044777248,0.6064516396
5093,1.0,0.0,0.0,0.0,1.0,1.0,0.2600318692,0.2703711988,0.5026549557,0.6394558623,0.6044775187,0.6275869471
5094,1.0,0.0,0.0,0.0,1.0,1.0,0.1071528242,0.1383523679,0.4970760036,0.3454561215,0.5289255902,0.2985082351
5095,1.0,0.0,0.0,0.0,1.0,1.0,0.125898361,0.1550155179,0.4864341081,0.2615375405,0.5142858277,0.2499992888
5096,1.0,0.0,0.0,0.0,1.0,1.0,0.09609998911,0.1108249949,0.4903846323,0.5999982777,0.5403227136,0.5090889875
5097,1.0,0.0,0.0,0.0,1.0,1.0,0.1902817598,0.1820690493,0.4935304663,0.699028201,0.5697676149,0.7021280942
5098,1.0,0.0,0.0,0.0,1.0,1.0,0.2431074409,0.2433099705,0.4774773872,0.6518515934,0.569288268,0.6461533141
5099,1.0,0.0,0.0,0.0,1.0,1.0,0.2814827295,0.2813241579,0.472370774,0.6392399215,0.5703702791,0.6381577368
5100,1.0,0.0,0.0,0.0,1.0,1.0,0.2768237854,0.2786549718,0.4802157862,0.6558446929,0.5799257102,0.6400002878
5101,1.0,0.0,0.0,0.0,1.0,1.0,0.2945915954,0.3020702093,0.4755877316,0.6380364779,0.5783581685,0.6234564868
5102,1.0,0.0,0.0,0.0,1.0,1.0,0.2938466932,0.2972318009,0.4845735548,0.6419755205,0.5836430739,0.6249993317
5103,1.0,0.0,0.0,0.0,1.0,1.0,0.2940596204,0.2987260489,0.4891696433,0.6380376742,0.5867157138,0.6172844904
5104,1.0,0.0,0.0,0.0,1.0,1.0,0.298746263,0.3016833201,0.4782608359,0.6484854056,0.5851851383,0.6257670481
5105,1.0,0.0,0.0,0.0,1.0,1.0,0.2905141466,0.2979818021,0.48994525,0.6477995555,0.5888891488,0.6211180703
5106,1.0,0.0,0.0,0.0,1.0,1.0,0.290514035,0.2979818192,0.4881169936,0.6477987167,0.5888889683,0.627329027
5107,1.0,0.0,0.0,0.0,1.0,1.0,0.2633038935,0.261048078,0.4935064743,0.647887556,0.5895521293,0.6285718625
5108,1.0,0.0,0.0,0.0,1.0,1.0,0.2112030626,0.2025385901,0.5132076062,0.6964274646,0.5909092029,0.6728971015
5109,1.0,0.0,0.0,0.0,1.0,1.0,0.2116020488,0.2033085055,0.5028356677,0.6875009679,0.5779465926,0.6635508716
5110,1.0,0.0,0.0,0.0,1.0,1.0,0.255454537,0.2507965268,0.4906716338,0.6423356178,0.5730339019,0.6343282148
5111,1.0,0.0,0.0,0.0,1.0,1.0,0.2662745336,0.2635891245,0.4835766677,0.6575336789,0.575091678,0.6249994373
5112,1.0,0.0,0.0,0.0,1.0,1.0,0.2732287521,0.2742150974,0.482014338,0.6447368984,0.5776173003,0.6249998217
5113,1.0,0.0,0.0,0.0,1.0,1.0,0.2747109745,0.2715875876,0.4828210142,0.6447378129,0.5797101336,0.6266666283
5114,1.0,0.0,0.0,0.0,1.0,1.0,0.2695744101,0.2654196651,0.4770642607,0.6530606005,0.5714284595,0.6275867872
5115,1.0,0.0,0.0,0.0,1.0,1.0,0.2842450537,0.2755813486,0.4807340112,0.6516125907,0.573529748,0.6200004291
5116,1.0,0.0,0.0,0.0,1.0,1.0,0.2762094454,0.2753937647,0.5018181048,0.6513152316,0.5948904323,0.6158932766
5117,1.0,0.0,0.0,0.0,1.0,1.0,0.2816608776,0.2816608224,0.5036364516,0.6516132261,0.5963638428,0.6322584053
5118,1.0,0.0,0.0,0.0,1.0,1.0,0.2868601766,0.2845125497,0.508226799,0.6496814061,0.6021896388,0.6217941536
5119,1.0,0.0,0.0,0.0,1.0,1.0,0.2777241618,0.2780268319,0.510054841,0.6513154901,0.6072726673,0.6274514789
5120,1.0,0.0,0.0,0.0,1.0,1.0,0.2795512702,0.2762092687,0.4990858907,0.6535942315,0.5999997665,0.6381586733
5121,1.0,0.0,0.0,0.0,1.0,1.0,0.2805772514,0.2790412222,0.5027523339,0.6470581601,0.5948905153,0.6339872322
5122,1.0,0.0,0.0,0.0,1.0,1.0,0.2774186766,0.2735701964,0.4981618238,0.6490072312,0.5912406883,0.6199996868
5123,1.0,0.0,0.0,0.0,1.0,1.0,0.1142218399,0.1239145422,0.4836733616,0.3750009399,0.5162600548,0.2622948556
5124,1.0,0.0,0.0,0.0,1.0,1.0,0.1507093421,0.1844210803,0.4920634988,0.2894736097,0.5238094019,0.2473121763
5125,1.0,0.0,0.0,0.0,1.0,1.0,0.1082073022,0.130786349,0.4921259139,0.4181838542,0.5507813245,0.3582085767
5126,1.0,0.0,0.0,0.0,1.0,1.0,0.1367254428,0.1144401038,0.5260115704,0.6338032942,0.5877863965,0.6666666667
5127,1.0,0.0,0.0,0.0,1.0,1.0,0.22168057,0.2096207064,0.518797026,0.6610172284,0.6029960487,0.6696411004
5128,1.0,0.0,0.0,0.0,1.0,1.0,0.2732418551,0.267249855,0.5045871596,0.651007816,0.593406667,0.6232881859
5129,1.0,0.0,0.0,0.0,1.0,1.0,0.2858179133,0.2847675607,0.4944650567,0.645161644,0.5845590158,0.61290327
5130,1.0,0.0,0.0,0.0,1.0,1.0,0.288686944,0.2871126255,0.484460822,0.6392400715,0.5854547353,0.6139244599
5131,1.0,0.0,0.0,0.0,1.0,1.0,0.2954553273,0.2915035531,0.4890512229,0.6419753892,0.5869562722,0.6149075824
5132,1.0,0.0,0.0,0.0,1.0,1.0,0.2996501267,0.2961978994,0.4844605743,0.6402436179,0.5818183785,0.6257671192
5133,1.0,0.0,0.0,0.0,1.0,1.0,0.2967379849,0.2925638923,0.4845171635,0.6319024102,0.5890908471,0.6086948462
5134,1.0,0.0,0.0,0.0,1.0,1.0,0.2941685499,0.2907469574,0.4917732397,0.6397511981,0.5890912185,0.6125002005
5135,1.0,0.0,0.0,0.0,1.0,1.0,0.2992885681,0.292255465,0.4900180393,0.6424233236,0.5848373359,0.6172847066
5136,1.0,0.0,0.0,0.0,1.0,1.0,0.2992887418,0.2904516373,0.4809437021,0.6424246191,0.5848373587,0.6211182349
5137,1.0,0.0,0.0,0.0,1.0,1.0,0.299649569,0.2850396248,0.4862888048,0.6341460202,0.588447531,0.6202535972
5138,1.0,0.0,0.0,0.0,1.0,1.0,0.2936313792,0.2860720901,0.4854012928,0.6397510246,0.5942030297,0.6265823742
5139,1.0,0.0,0.0,0.0,1.0,1.0,0.2900414054,0.2873853437,0.5249537566,0.6496804613,0.6190475445,0.6242031969
5140,1.0,0.0,0.0,0.0,1.0,1.0,0.2752620914,0.2733979673,0.5563771236,0.6644300111,0.6557972583,0.6490071189
5141,1.0,0.0,0.0,0.0,1.0,1.0,0.2803534477,0.2901603551,0.5974500313,0.6623384152,0.691756106,0.6358017722
5142,1.0,0.0,0.0,0.0,1.0,1.0,0.2767968366,0.2810933183,0.6152415583,0.6577188783,0.7058823296,0.6535944949
5143,1.0,0.0,0.0,0.0,1.0,1.0,0.2826518125,0.287943493,0.6118300074,0.6601304447,0.710036925,0.6387099001
5144,1.0,0.0,0.0,0.0,1.0,1.0,0.2749396118,0.2836254062,0.6152415858,0.6418911177,0.7104247494,0.6258498654
5145,1.0,0.0,0.0,0.0,1.0,1.0,0.2619719141,0.2874843604,0.5960503083,0.636985953,0.6988420118,0.6107387807
5146,1.0,0.7853981853,0.0,0.0,1.0,1.0,0.2929094261,0.3318461263,0.6056838731,0.6303025389,0.7109376036,0.5882346329
5147,1.0,0.7853981853,0.0,0.0,1.0,1.0,0.2792309277,0.3135130943,0.5911413848,0.6585368409,0.7148289563,0.6060600932
5148,1.0,0.7853981853,0.0,0.0,1.0,1.0,0.277340559,0.318524338,0.6006767775,0.6524395754,0.7137406992,0.6047901925
5149,1.0,0.7853981853,0.0,0.0,1.0,1.0,0.2939537198,0.3433198381,0.5899160459,0.6399996479,0.706106875,0.5888890519
5150,1.0,0.7853981853,0.0,0.0,1.0,1.0,0.2919335262,0.3462634692,0.6048110449,0.6352941773,0.7204725244,0.5909095916
5151,1.0,0.7853981853,0.0,0.0,1.0,1.0,0.2887659964,0.3478058876,0.5951556774,0.6347305926,0.7080000308,0.5862071084
5152,1.0,0.7853981853,0.0,0.0,1.0,1.0,0.2908696607,0.35019846,0.585448409,0.6395358668,0.7086616295,0.5955061235
5153,1.0,0.7853981853,0.0,0.0,1.0,1.0,0.284353115,0.3397314596,0.5757576033,0.6272184962,0.6996045154,0.6046511628
5154,1.0,0.7853981853,0.0,0.0,1.0,1.0,0.290807441,0.3535574552,0.5903008901,0.6321839223,0.7193676715,0.5977655517
5155,1.0,0.7853981853,0.0,0.0,1.0,1.0,0.2884293152,0.3490112844,0.5855704592,0.6337214595,0.7063491321,0.6079538253
5156,1.0,0.7853981853,0.0,0.0,1.0,1.0,0.2800448401,0.3358123538,0.583892553,0.6287426974,0.7120001119,0.6130953207
5157,1.0,0.7853981853,0.0,0.0,1.0,1.0,0.2850754089,0.3410794964,0.5822146963,0.6294115584,0.6984127587,0.6104643676
5158,1.0,0.7853981853,0.0,0.0,1.0,1.0,0.2800451344,0.3398100617,0.56879194,0.6227536747,0.6879997788,0.6117645734
5159,1.0,0.7853981853,0.0,0.0,1.0,1.0,0.2762277206,0.3378115124,0.5812396192,0.6242418409,0.7120000069,0.6272190551
5160,1.0,0.7853981853,0.0,0.0,1.0,1.0,0.278642506,0.3430625798,0.5826376803,0.6227556136,0.7023809272,0.6127170548
5161,1.0,0.7853981853,0.0,0.0,1.0,1.0,0.2843670291,0.3509943253,0.572379423,0.6198826736,0.6984126917,0.6101696355
5162,1.0,0.7853981853,0.0,0.0,1.0,1.0,0.2779014284,0.3351300765,0.5695142592,0.6265060715,0.6984126299,0.6153843181
5163,1.0,0.7853981853,0.0,0.0,1.0,1.0,0.2848326183,0.3390966069,0.5564925146,0.6272187104,0.6825398238,0.63157875
5164,1.0,0.7853981853,0.0,0.0,1.0,1.0,0.2745535471,0.3305243458,0.5728643827,0.6280494011,0.7007873781,0.6190478648
5165,1.0,0.7853981853,0.0,0.0,1.0,1.0,0.2797765397,0.3404476368,0.5682968456,0.6325301048,0.6972108955,0.6198825471
5166,1.0,0.7853981853,0.0,0.0,1.0,1.0,0.2785605297,0.3344745828,0.5675675823,0.6363638729,0.6932270048,0.6190472539
5167,1.0,0.7853981853,0.0,0.0,1.0,1.0,0.2802488732,0.3404473722,0.5709458228,0.6325291869,0.6972110942,0.619882579
5168,1.0,0.7853981853,0.0,0.0,1.0,1.0,0.2759403571,0.3311879517,0.5690235539,0.6402437993,0.6941175142,0.6272187855
5169,1.0,0.7853981853,0.0,0.0,1.0,1.0,0.2753567341,0.3338056172,0.5765306871,0.6296294347,0.7035575819,0.6213024245
5170,1.0,0.7853981853,0.0,0.0,1.0,1.0,0.2793052341,0.3311876257,0.5740741531,0.6385545928,0.7058824027,0.6331358906
5171,1.0,0.7853981853,0.0,0.0,1.0,1.0,0.2783677902,0.331845709,0.5687919764,0.6385539828,0.7031249344,0.6294124789
5172,1.0,0.7853981853,0.0,0.0,1.0,1.0,0.2805156749,0.3324992546,0.5781512656,0.6467069247,0.7081715562,0.631579211
5173,1.0,0.7853981853,0.0,0.0,1.0,1.0,0.2788355928,0.3286101389,0.574789803,0.6385543097,0.7042800573,0.6331359603
5174,1.0,0.7853981853,0.0,0.0,1.0,1.0,0.2816761484,0.3298937653,0.5755519023,0.6325300735,0.7070309721,0.6153846154
5175,1.0,0.7853981853,0.0,0.0,1.0,1.0,0.2646079059,0.3094424634,0.5682968929,0.6560515859,0.6999997926,0.6149062827
5176,1.0,0.7853981853,0.0,0.0,1.0,1.0,0.1315056508,0.1614145506,0.5112782741,0.6142839672,0.5530972279,0.643835496
5177,1.0,0.7853981853,0.0,0.0,1.0,1.0,0.09683788623,0.1801567016,0.4917733581,0.4716975737,0.5321888312,0.4999987114
5178,1.0,0.0,0.0,0.0,1.0,1.0,0.09781007884,0.1686051081,0.4733096902,0.6545443519,0.5447153003,0.6144580573
5179,1.0,0.0,0.0,0.0,1.0,1.0,0.1392948909,0.1646135867,0.4494773214,0.6374993359,0.5450982077,0.6190487603
5180,1.0,0.0,0.0,0.0,1.0,1.0,0.1624969286,0.1847218991,0.4335664747,0.6774198998,0.5252917575,0.6421042683
5181,1.0,0.0,0.0,0.0,1.0,1.0,0.2131676874,0.2307871135,0.4318182059,0.672131919,0.5190840145,0.6694221813
5182,1.0,0.0,0.0,0.0,1.0,1.0,0.2410625765,0.2489248358,0.4348591186,0.6642332398,0.5280901306,0.6616534452
5183,1.0,0.0,0.0,0.0,1.0,1.0,0.253826717,0.2628160706,0.4373896989,0.6527777569,0.544444351,0.6549304785
5184,1.0,0.0,0.0,0.0,1.0,1.0,0.2659387831,0.2696333981,0.4417390357,0.63398652,0.5503596936,0.6533337283
5185,1.0,0.0,0.0,0.0,1.0,1.0,0.2581456762,0.2632937269,0.4415356745,0.6351352568,0.551971205,0.65986411
5186,1.0,0.0,0.0,0.0,1.0,1.0,0.2717933621,0.2735314548,0.4354559802,0.6329107516,0.5614036728,0.6474363448
5187,1.0,0.0,0.0,0.0,1.0,1.0,0.2806055429,0.2787918463,0.4384747977,0.6296303913,0.5684212945,0.647797767
5188,1.0,0.0,0.0,0.0,1.0,1.0,0.2441920427,0.2445818981,0.4397905079,0.6499997619,0.5633801605,0.6402877468
5189,1.0,0.0,0.0,0.0,1.0,1.0,0.09288492345,0.1746237733,0.4665427983,0.6400026361,0.5427507018,0.4361695415
5190,1.0,0.0,0.0,0.0,1.0,1.0,0.09750650727,0.1634424812,0.463414723,0.615383019,0.5375942319,0.436782265
5191,1.0,0.0,0.0,0.0,1.0,1.0,0.1775562968,0.1914990627,0.4285715144,0.7113402062,0.5401460874,0.6666673616
5192,1.0,0.0,0.0,0.0,1.0,1.0,0.2822580255,0.2736988075,0.4316164122,0.6352207379,0.5583038774,0.6645156391
5193,1.0,0.0,0.0,0.0,1.0,1.0,0.3054833795,0.3033396757,0.4540636707,0.6184966155,0.5824561322,0.6589602754
5194,1.0,0.0,0.0,0.0,1.0,1.0,0.3137575923,0.3033391501,0.4426808033,0.6067413794,0.5614036166,0.653179015
5195,1.0,0.0,0.0,0.0,1.0,1.0,0.3129928922,0.3037174572,0.4483985254,0.613636021,0.5724379653,0.6511623124
5196,1.0,0.0,0.0,0.0,1.0,1.0,0.2960646807,0.2904516469,0.4308796585,0.624242167,0.559566834,0.6708070481
5197,1.0,0.0,0.0,0.0,1.0,1.0,0.3085995828,0.2991289857,0.4192983306,0.6079545383,0.5457746602,0.6529416337
5198,1.0,0.0,0.0,0.0,1.0,1.0,0.2989481312,0.2895908745,0.417699122,0.6213017674,0.5618374656,0.6707318067
5199,1.0,0.0,0.0,0.0,1.0,1.0,0.295609313,0.2903309009,0.4172534694,0.6130947289,0.5598588289,0.6727272727
5200,1.0,0.0,0.0,0.0,1.0,1.0,0.3030222343,0.2969874027,0.4148936356,0.6140352226,0.5587187697,0.6586830039
5201,1.0,0.0,0.0,0.0,1.0,1.0,0.2883347003,0.2934302818,0.4265486051,0.6319011442,0.5729538014,0.660606812
5202,1.0,0.0,0.0,0.0,1.0,1.0,0.2865658035,0.2937428508,0.4247788015,0.6296304671,0.5698923901,0.6585364251
5203,1.0,0.0,0.0,0.0,1.0,1.0,0.295410027,0.2969870199,0.42654871,0.6167661009,0.5729538054,0.6586833047
5204,1.0,0.0,0.0,0.0,1.0,1.0,0.2930304133,0.297037115,0.4240836246,0.6190479943,0.5699300767,0.6588238042
5205,1.0,0.0,0.0,0.0,1.0,1.0,0.2870368259,0.2963258584,0.429065862,0.6204825792,0.5789470821,0.6568046329
5206,1.0,0.0,0.0,0.0,1.0,1.0,0.2929398827,0.2994841494,0.4241380241,0.6117637991,0.5714286819,0.6569766241
5207,1.0,0.0,0.0,0.0,1.0,1.0,0.2793576365,0.2917949395,0.4357638446,0.6273297346,0.5769230179,0.6586835557
5208,1.0,0.0,0.0,0.0,1.0,1.0,0.2785900216,0.2913566178,0.4303137066,0.6187505169,0.5724382947,0.6606058905
5209,1.0,0.0,0.0,0.0,1.0,1.0,0.2257389253,0.2535898473,0.4043717213,0.6451622393,0.5223881553,0.6323535909
5210,1.0,0.0,0.0,0.0,1.0,1.0,0.08232960051,0.2586790882,0.5038314804,0.3720923118,0.5686277122,0.4393939897
5211,1.0,0.0,0.0,0.0,1.0,1.0,0.07206612206,0.2508250248,0.5085389111,0.4210511373,0.5752896798,0.4538468433
5212,1.0,0.0,0.0,0.0,1.0,1.0,0.1029389857,0.2002697216,0.4438202361,0.7636343616,0.549618582,0.6857142857
5213,1.0,0.0,0.0,0.0,1.0,1.0,0.2024187366,0.2406747071,0.4448463362,0.6874998808,0.5698528272,0.6564883007
5214,1.0,0.0,0.0,0.0,1.0,1.0,0.2694923821,0.28864748,0.4285712645,0.6291394398,0.5595667954,0.6562490781
5215,1.0,0.0,0.0,0.0,1.0,1.0,0.2736987949,0.2930018996,0.4222615838,0.6258059032,0.5575539862,0.6564407179
5216,1.0,0.0,0.0,0.0,1.0,1.0,0.2825277846,0.3001919674,0.4240282551,0.6124996624,0.5647483915,0.6467062536
5217,1.0,0.0,0.0,0.0,1.0,1.0,0.2749788268,0.2940594905,0.4268077225,0.6217949884,0.5595667216,0.6564419724
5218,1.0,0.0,0.0,0.0,1.0,1.0,0.2736988235,0.2969355323,0.4275617453,0.6129029117,0.5615944618,0.6463419444
5219,1.0,0.0,0.0,0.0,1.0,1.0,0.2875590998,0.3034022084,0.4298244804,0.6036587124,0.5607143625,0.6411770509
5220,1.0,0.0,0.0,0.0,1.0,1.0,0.2980791579,0.3105407439,0.4263158156,0.6117645101,0.5607144813,0.6494250214
5221,1.0,0.0,0.0,0.0,1.0,1.0,0.2932390456,0.3061672391,0.4340277541,0.609466989,0.5704226246,0.6609196701
5222,1.0,0.0,0.0,0.0,1.0,1.0,0.2893121022,0.3058793105,0.4421052772,0.6060609264,0.5729539077,0.6569766631
5223,1.0,0.0,0.0,0.0,1.0,1.0,0.2994844716,0.314770883,0.4320557798,0.6046511919,0.5729536605,0.6553667513
5224,1.0,0.0,0.0,0.0,1.0,1.0,0.2950902717,0.3141103419,0.4358524363,0.6071423979,0.5749998554,0.6420448338
5225,1.0,0.0,0.0,0.0,1.0,1.0,0.3059161016,0.3231408874,0.4365216646,0.6022729253,0.5795051391,0.6448088282
5226,1.0,0.0,0.0,0.0,1.0,1.0,0.2984444778,0.3171986655,0.447916651,0.6046512798,0.5815601423,0.648044416
5227,1.0,0.0,0.0,0.0,1.0,1.0,0.2996594352,0.3167244796,0.4454071872,0.6069362131,0.5845068728,0.6444442837
5228,1.0,0.0,0.0,0.0,1.0,1.0,0.2965187527,0.3141100879,0.4397906785,0.5999994868,0.5750000487,0.6420449264
5229,1.0,0.0,0.0,0.0,1.0,1.0,0.2885349126,0.3083382122,0.44,0.6144579749,0.5744682592,0.6551720653
5230,1.0,0.0,0.0,0.0,1.0,1.0,0.2853044487,0.3087559859,0.4465848691,0.6134970481,0.5821428124,0.6589595889
5231,1.0,0.0,0.0,0.0,1.0,1.0,0.2991409541,0.3189705977,0.432525912,0.6127166967,0.5709218653,0.6555552699
5232,1.0,0.0,0.0,0.0,1.0,1.0,0.2949744385,0.31542663,0.4218750683,0.6058825424,0.5602836632,0.6460679618
5233,1.0,0.0,0.0,0.0,1.0,1.0,0.2972253715,0.3147705055,0.4243477955,0.6081869707,0.5587187606,0.6497173612
5234,1.0,0.0,0.0,0.0,1.0,1.0,0.2912859094,0.3139043041,0.4258289098,0.6107787003,0.5667869611,0.6494252945
5235,1.0,0.0,0.0,0.0,1.0,1.0,0.3005313196,0.3129923842,0.4283216243,0.6046504546,0.5622776533,0.6477270614
5236,1.0,0.0,0.0,0.0,1.0,1.0,0.3010580673,0.3094359546,0.4290719091,0.604650426,0.5693951985,0.6551729754
5237,1.0,0.0,0.0,0.0,1.0,1.0,0.3052399203,0.3165492248,0.4380453815,0.5885721474,0.5729534884,0.6404492731
5238,1.0,0.0,0.0,0.0,1.0,1.0,0.2928186032,0.3076575558,0.4368422024,0.6107780266,0.5729535674,0.6416188486
5239,1.0,0.0,0.0,0.0,1.0,1.0,0.2901033802,0.3051867264,0.4743361794,0.5914638883,0.6107140813,0.6549714738
5240,1.0,0.0,0.0,0.0,1.0,1.0,0.2774252941,0.2926940563,0.5177935964,0.6025643348,0.6500000194,0.664634405
5241,1.0,0.0,0.0,0.0,1.0,1.0,0.2660386981,0.2858117305,0.5395684612,0.6148650744,0.6690646719,0.6666662084
5242,1.0,0.0,0.0,0.0,1.0,1.0,0.2774252483,0.2916521416,0.537366633,0.602564779,0.6690393474,0.6585361988
5243,1.0,0.0,0.0,0.0,1.0,1.0,0.2759518773,0.2906181004,0.5380531759,0.6025643896,0.6666666667,0.6585361308
5244,1.0,0.0,0.0,0.0,1.0,1.0,0.2735501569,0.2891243843,0.5366727004,0.6078428318,0.6642857198,0.6666666667
5245,1.0,0.0,0.0,0.0,1.0,1.0,0.2812591694,0.290330778,0.5398230344,0.5974836219,0.6690142815,0.6606057966
5246,1.0,0.0,0.0,0.0,1.0,1.0,0.273868334,0.2891243335,0.5409253578,0.6103893901,0.6714285326,0.6481476504
5247,1.0,0.0,0.0,0.0,1.0,1.0,0.2707934121,0.29120422,0.5258467295,0.5986843796,0.6474819302,0.6481478505
5248,1.0,0.0,0.0,0.0,1.0,1.0,0.2608772322,0.2829961158,0.5749559872,0.5945953173,0.6989246084,0.6645565481
5249,1.0,0.0,0.0,0.0,1.0,1.0,0.2396530735,0.2717461531,0.5879217863,0.6,0.6897811477,0.6644287482
5250,1.0,0.0,0.0,0.0,1.0,1.0,0.2262551817,0.2709112514,0.6292335287,0.6062984231,0.7326009652,0.6621617412
5251,1.0,0.0,0.0,0.0,1.0,1.0,0.2340242089,0.2790411067,0.6232395195,0.5939849132,0.7335763497,0.6470586562
5252,1.0,0.0,0.0,0.0,1.0,1.0,0.2393029858,0.2884415599,0.6232394173,0.5808817823,0.7279411386,0.6305727066
5253,1.0,0.0,0.0,0.0,1.0,1.0,0.2406388838,0.2935162964,0.6115992398,0.57664316,0.7174720919,0.6075955302
5254,1.0,0.0,0.0,0.0,1.0,1.0,0.2374557741,0.2946117082,0.6063829565,0.5671643699,0.7126867341,0.6139242222
5255,1.0,0.0,0.0,0.0,1.0,1.0,0.2396530899,0.2975863564,0.6110123954,0.5703701694,0.7265916078,0.6037737638
5256,1.0,0.0,0.0,0.0,1.0,1.0,0.2427725941,0.2987050475,0.6134752649,0.5620435308,0.7255639434,0.5974847127
5257,1.0,0.0,0.0,0.0,1.0,1.0,0.2440702635,0.2968269602,0.6203209628,0.5693420881,0.7293235335,0.6075954442
5258,1.0,0.0,0.0,0.0,1.0,1.0,0.2294093425,0.2893120491,0.5978648423,0.581395388,0.7105265416,0.6038971586
5259,1.0,0.0,0.0,0.0,1.0,1.0,0.235162855,0.2960610407,0.6007130851,0.5681827093,0.7056604265,0.5923565829
5260,1.0,0.0,0.0,0.0,1.0,1.0,0.2189082926,0.2831116725,0.6014362125,0.5819661693,0.7072240556,0.6040267387
5261,1.0,0.0,0.0,0.0,1.0,1.0,0.2302287112,0.2926124995,0.5875,0.58139554,0.688212989,0.5909095291
5262,1.0,0.0,0.0,0.0,1.0,1.0,0.2333809342,0.297543735,0.5882352152,0.5648853709,0.6908393941,0.5961535015
5263,1.0,0.0,0.0,0.0,1.0,1.0,0.2234890257,0.28961069,0.5939177013,0.5760000273,0.6969694274,0.5947709225
5264,1.0,0.0,0.0,0.0,1.0,1.0,0.240009403,0.2983122327,0.5949820741,0.5746275837,0.6996196711,0.5859871497
5265,1.0,0.0,0.0,0.0,1.0,1.0,0.2373674527,0.3002127144,0.5803571239,0.5864660922,0.6844104998,0.6012665577
5266,1.0,0.0,0.0,0.0,1.0,1.0,0.2321400009,0.2998327605,0.5815603502,0.5877860582,0.6905661345,0.5911950967
5267,1.0,0.0,0.0,0.0,1.0,1.0,0.2313196413,0.2987056467,0.588339173,0.5877862722,0.703007791,0.5911944032
5268,1.0,0.0,0.0,0.0,1.0,1.0,0.1945340571,0.2736113604,0.5892858077,0.5871548299,0.6958172128,0.5902775264
5269,1.0,0.0,0.0,0.0,1.0,1.0,0.05340530352,0.3557333094,0.4790076879,0.5000038633,0.538135863,0.422618626
5270,1.0,0.0,0.0,0.0,1.0,1.0,0.04370184896,0.3394729183,0.4771861786,0.4782640276,0.5316455529,0.4409945783
5271,1.0,0.0,0.0,0.0,1.0,1.0,0.1110490513,0.2711040025,0.49259262,0.6999985604,0.5870447537,0.6492537915
5272,1.0,0.0,0.0,0.0,1.0,1.0,0.2159509607,0.2921442248,0.4875000142,0.6363629975,0.6076921694,0.6381580972
5273,1.0,0.0,0.0,0.0,1.0,1.0,0.2863077057,0.3369328271,0.4622144357,0.6073621838,0.5833332649,0.6292131543
5274,1.0,0.0,0.0,0.0,1.0,1.0,0.2835295937,0.3325136904,0.4592198487,0.6187493333,0.5855514323,0.6342859965
5275,1.0,0.0,0.0,0.0,1.0,1.0,0.2952896455,0.3381570492,0.4597901041,0.6094671905,0.5864661746,0.6277779247
5276,1.0,0.0,0.0,0.0,1.0,1.0,0.2923901289,0.3325214587,0.4645389854,0.6181811759,0.5939848282,0.632768024
5277,1.0,0.0,0.0,0.0,1.0,1.0,0.3133102493,0.3473896383,0.4658494255,0.6089389695,0.5985130927,0.6310153062
5278,1.0,0.0,0.0,0.0,1.0,1.0,0.3010580027,0.3381013882,0.48336242,0.6162784713,0.6096655289,0.6428570581
5279,1.0,0.0,0.0,0.0,1.0,1.0,0.3050928164,0.3405505669,0.4771931208,0.6091960625,0.6037035518,0.6467387775
5280,1.0,0.0,0.0,0.0,1.0,1.0,0.305916135,0.3411380079,0.4782609021,0.6079538356,0.608856049,0.632433434
5281,1.0,0.0,0.0,0.0,1.0,1.0,0.3059160579,0.3448258767,0.4747824832,0.6079545175,0.6051658672,0.636363531
5282,1.0,0.0,0.0,0.0,1.0,1.0,0.2974117195,0.3368082803,0.4688580719,0.6104659591,0.6043957452,0.6413041669
5283,1.0,0.0,0.0,0.0,1.0,1.0,0.3071201442,0.3441302711,0.4618054481,0.6045204781,0.5970695101,0.6436163176
5284,1.0,0.0,0.0,0.0,1.0,1.0,0.3122165378,0.3448260586,0.4642232956,0.6033523302,0.6014758929,0.6363636364
5285,1.0,0.0,0.0,0.0,1.0,1.0,0.305773334,0.3398837146,0.4790210365,0.5999990329,0.6102939005,0.6432429898
5286,1.0,0.0,0.0,0.0,1.0,1.0,0.2986032858,0.3282834465,0.4868190932,0.6058817687,0.616788509,0.6388896145
5287,1.0,0.0,0.0,0.0,1.0,1.0,0.3103529209,0.337402668,0.4877193142,0.5988703661,0.616788423,0.6486481448
5288,1.0,0.0,0.0,0.0,1.0,1.0,0.3080589207,0.3355789775,0.4851138955,0.6136362523,0.6167883068,0.6576084155
5289,1.0,0.0,0.0,0.0,1.0,1.0,0.3040257655,0.3313365911,0.4860140442,0.60919577,0.6159417397,0.6612022625
5290,1.0,0.0,0.0,0.0,1.0,1.0,0.2996591145,0.327774244,0.4731370164,0.6069368917,0.6093189092,0.6612018188
5291,1.0,0.0,0.0,0.0,1.0,1.0,0.3029666503,0.3325482662,0.4808361092,0.6091954169,0.6151078467,0.6594592533
5292,1.0,0.0,0.0,0.0,1.0,1.0,0.3075202349,0.330750463,0.4755243915,0.6022732627,0.6151081239,0.6467391949
5293,1.0,0.0,0.0,0.0,1.0,1.0,0.3121064304,0.3343585746,0.4754384526,0.6067414503,0.6109091637,0.6521741682
5294,1.0,0.0,0.0,0.0,1.0,1.0,0.3077926666,0.3294862936,0.4566371776,0.6034483824,0.5897435897,0.6555552103
5295,1.0,0.0,0.0,0.0,1.0,1.0,0.3017514967,0.3247282478,0.4677138493,0.5953757011,0.6028878804,0.6499994055
5296,1.0,0.0,0.0,0.0,1.0,1.0,0.3092678839,0.3283363484,0.4632866721,0.5988701185,0.5992782652,0.6538460626
5297,1.0,0.0,0.0,0.0,1.0,1.0,0.3044072791,0.3229243984,0.46478867,0.6069368403,0.5920577404,0.6480442488
5298,1.0,0.0,0.0,0.0,1.0,1.0,0.3000067942,0.3247284348,0.4659685874,0.6046514855,0.6028882393,0.6500006631
5299,1.0,0.0,0.0,0.0,1.0,1.0,0.3091420364,0.3252729099,0.4710018094,0.6022717872,0.6036361005,0.6536308907
5300,1.0,0.0,0.0,0.0,1.0,1.0,0.293030052,0.3199650982,0.4659686846,0.6130955999,0.604316721,0.6629220204
5301,1.0,0.0,0.0,0.0,1.0,1.0,0.3059163966,0.3277737933,0.4539131262,0.6079538066,0.5949822766,0.650273224
5302,1.0,0.0,0.0,0.0,1.0,1.0,0.3064488351,0.3301404858,0.4634146618,0.6079546648,0.6028881518,0.6557374907
5303,1.0,0.0,0.0,0.0,1.0,1.0,0.3021158063,0.3294861062,0.460456988,0.6162790408,0.5970696818,0.6500005355
5304,1.0,0.0,0.0,0.0,1.0,1.0,0.2996561025,0.3276557103,0.4567902195,0.6058822114,0.5897437818,0.653631762
5305,1.0,0.0,0.0,0.0,1.0,1.0,0.3008884598,0.3240944073,0.4612675018,0.6140350654,0.5942029614,0.6536314683
5306,1.0,0.0,0.0,0.0,1.0,1.0,0.291285915,0.3181679421,0.4642233364,0.6107788925,0.5935250262,0.6553666316
5307,1.0,0.0,0.0,0.0,1.0,1.0,0.3003595357,0.3252727101,0.4692443283,0.6140351988,0.5927273371,0.6480443278
5308,1.0,0.0,0.0,0.0,1.0,1.0,0.2901035089,0.3143700377,0.4637169039,0.6158534315,0.5927273967,0.6531794166
5309,1.0,0.0,0.0,0.0,1.0,1.0,0.2968464482,0.3175124919,0.465729445,0.6035498377,0.5992780025,0.6477272586
5310,1.0,0.0,0.0,0.0,1.0,1.0,0.3067072678,0.3222836472,0.4620812056,0.5977015363,0.5978260144,0.6516862696
5311,1.0,0.0,0.0,0.0,1.0,1.0,0.2893119336,0.3109774771,0.4666667306,0.6121207944,0.6043165185,0.6531800018
5312,1.0,0.0,0.0,0.0,1.0,1.0,0.2947740961,0.3141104654,0.4554973562,0.6213022346,0.596428669,0.6704548985
5313,1.0,0.0,0.0,0.0,1.0,1.0,0.2925196278,0.3116540229,0.4477351655,0.6130956009,0.5913977194,0.6666666667
5314,1.0,0.0,0.0,0.0,1.0,1.0,0.2967093752,0.3154267479,0.4531250402,0.6140348173,0.5886522338,0.6573030033
5315,1.0,0.0,0.0,0.0,1.0,1.0,0.2875586353,0.3102961662,0.4421051582,0.6158534715,0.584837454,0.6569763746
5316,1.0,0.0,0.0,0.0,1.0,1.0,0.2967092609,0.315895003,0.4375000704,0.6198829817,0.5785713872,0.6666666667
5317,1.0,0.0,0.0,0.0,1.0,1.0,0.2977432493,0.3211201464,0.4320557983,0.6081876515,0.5740074481,0.6629215119
5318,1.0,0.0,0.0,0.0,1.0,1.0,0.2910657382,0.3120999332,0.4280700654,0.6204814978,0.5595666299,0.6647404602
5319,1.0,0.0,0.0,0.0,1.0,1.0,0.2893123365,0.3150415927,0.4280700491,0.6121211799,0.5615942231,0.6436784656
5320,1.0,0.0,0.0,0.0,1.0,1.0,0.2932389214,0.3176795398,0.4270832645,0.615384219,0.5678572192,0.6573035495
5321,1.0,0.0,0.0,0.0,1.0,1.0,0.2907787364,0.317679713,0.4285715095,0.6167657986,0.5678570088,0.657303966
5322,1.0,0.0,0.0,0.0,1.0,1.0,0.2803312122,0.3051867556,0.4320558374,0.6273289816,0.5678573032,0.6608183917
5323,1.0,0.0,0.0,0.0,1.0,1.0,0.3065879179,0.3272194991,0.4315425664,0.6045200092,0.5729536256,0.6521735546
5324,1.0,0.0,0.0,0.0,1.0,1.0,0.2934459851,0.3165490266,0.4369602222,0.6176466425,0.5765125773,0.6573030325
5325,1.0,0.0,0.0,0.0,1.0,1.0,0.2929398723,0.3112142597,0.4379309303,0.6176469071,0.5729537297,0.6628574005
5326,1.0,0.0,0.0,0.0,1.0,1.0,0.2961950567,0.3147705452,0.4402080338,0.6140352234,0.5800711562,0.6553675271
5327,1.0,0.0,0.0,0.0,1.0,1.0,0.2963861573,0.3136546073,0.4431034439,0.6220933587,0.5780141858,0.6666662514
5328,1.0,0.0,0.0,0.0,1.0,1.0,0.2956828032,0.3154269776,0.4394463213,0.6198831598,0.5744681424,0.6573027195
5329,1.0,0.0,0.0,0.0,1.0,1.0,0.3067254144,0.3225149758,0.4344828011,0.6179777193,0.5709219205,0.6538466569
5330,1.0,0.0,0.0,0.0,1.0,1.0,0.3019149211,0.3165491934,0.4357638795,0.6206892705,0.5693951297,0.6741574395
5331,1.0,0.0,0.0,0.0,1.0,1.0,0.2963864042,0.3136544445,0.4396551316,0.616279812,0.5744679113,0.661016802
5332,1.0,0.0,0.0,0.0,1.0,1.0,0.3003505642,0.3178437915,0.4386873414,0.6206896552,0.5830386936,0.6611113117
5333,1.0,0.0,0.0,0.0,1.0,1.0,0.3077863184,0.3218843312,0.4325259366,0.6123603885,0.5693948456,0.6629829605
5334,1.0,0.0,0.0,0.0,1.0,1.0,0.3031239842,0.3171984515,0.4367417101,0.6114290328,0.5744680685,0.6648050481
5335,1.0,0.0,0.0,0.0,1.0,1.0,0.3000039089,0.3208735881,0.4339621523,0.6228580321,0.5684211643,0.6612024891
5336,1.0,0.0,0.0,0.0,1.0,1.0,0.3005194749,0.3138598281,0.4312715145,0.6114283798,0.5754388399,0.6592183248
5337,1.0,0.0,0.0,0.0,1.0,1.0,0.2994903751,0.3156132266,0.4297945532,0.6228566608,0.5649124271,0.6611102679
5338,1.0,0.0,0.0,0.0,1.0,1.0,0.2948607897,0.3121060753,0.4373927817,0.6162798844,0.5789474291,0.6685395955
5339,1.0,0.0,0.0,0.0,1.0,1.0,0.2943561683,0.3138597952,0.43150698,0.6220934637,0.5789472054,0.6592185939
5340,1.0,0.0,0.0,0.0,1.0,1.0,0.2984682108,0.3173664472,0.435153644,0.6228569698,0.5754386196,0.6574586242
5341,1.0,0.0,0.0,0.0,1.0,1.0,0.302912988,0.3156132809,0.4315068713,0.6101694704,0.5754383679,0.6555549004
5342,1.0,0.0,0.0,0.0,1.0,1.0,0.3051469246,0.3162569417,0.4356774674,0.6179780826,0.5804193899,0.668508951
5343,1.0,0.0,0.0,0.0,1.0,1.0,0.2885345255,0.3145728513,0.4382608251,0.6084349298,0.5611509269,0.6399991527
5344,1.0,0.0,0.0,0.0,1.0,1.0,0.2781055635,0.3062804524,0.4486957159,0.6062495124,0.566308307,0.6315796213
5345,1.0,0.0,0.0,0.0,1.0,1.0,0.2781949991,0.3012499494,0.4467354341,0.6111113373,0.5638296878,0.6235297769
5346,1.0,0.0,0.0,0.0,1.0,1.0,0.2713260088,0.2998323384,0.4450172,0.6075952367,0.5678569393,0.6309527243
5347,1.0,0.0,0.0,0.0,1.0,1.0,0.2828609221,0.3065663186,0.4442539194,0.6060602835,0.5638297086,0.6242770825
5348,1.0,0.0,0.0,0.0,1.0,1.0,0.2791543485,0.3041007291,0.4482758294,0.6049389926,0.5693950735,0.6315796246
5349,1.0,0.0,0.0,0.0,1.0,1.0,0.280120435,0.3019515035,0.448096835,0.6111105046,0.5689046212,0.6315795598
5350,1.0,0.0,0.0,0.0,1.0,1.0,0.2761842835,0.2994780781,0.4421415752,0.6062502479,0.5638295727,0.6331362249
5351,1.0,0.0,0.0,0.0,1.0,1.0,0.2830586255,0.3087560316,0.4545455244,0.592592291,0.5785712997,0.6416186734
5352,1.0,0.0,0.0,0.0,1.0,1.0,0.2796368593,0.2987658226,0.3989637786,0.6049378209,0.5231319637,0.6369049792
5353,1.0,0.0,0.0,0.0,1.0,1.0,0.2744578277,0.2991157264,0.3782382526,0.6226410144,0.501791947,0.6407193974
5354,1.0,0.0,0.0,0.0,1.0,1.0,0.2686110721,0.2958637256,0.3839441925,0.616882626,0.5054155215,0.6341468641
5355,1.0,0.0,0.0,0.0,1.0,1.0,0.2680164421,0.2965967731,0.3806228286,0.6129035877,0.5035971701,0.624242073
5356,1.0,0.0,0.0,0.0,1.0,1.0,0.2706822392,0.2991160012,0.3906249838,0.6217946748,0.5161288308,0.6407184769
5357,1.0,0.0,0.0,0.0,1.0,1.0,0.2825648997,0.3084918418,0.3979057154,0.6172836349,0.5162456251,0.62573171
5358,1.0,0.0,0.0,0.0,1.0,1.0,0.2728912573,0.296597234,0.3843477036,0.6114640905,0.5035968058,0.6242421513
5359,1.0,0.0,0.0,0.0,1.0,1.0,0.2768489252,0.3044896612,0.395470363,0.6163521582,0.51612907,0.6235296378
5360,1.0,0.0,0.0,0.0,1.0,1.0,0.2848060705,0.3084919998,0.3846154139,0.6073624806,0.505415279,0.6257300092
5361,1.0,0.0,0.0,0.0,1.0,1.0,0.2820724517,0.3055844524,0.3867595082,0.6172838672,0.507194045,0.6294113328
5362,1.0,0.0,0.0,0.0,1.0,1.0,0.2880339152,0.311653744,0.3923611563,0.6144576087,0.5089604792,0.6264377585
5363,1.0,0.0,0.0,0.0,1.0,1.0,0.283088638,0.3058788213,0.3955095887,0.6158542716,0.5160140495,0.633721605
5364,1.0,0.0,0.0,0.0,1.0,1.0,0.2848149098,0.3098626022,0.3816925816,0.6060606463,0.5017919488,0.6184963708
5365,1.0,0.0,0.0,0.0,1.0,1.0,0.2835788964,0.3080720168,0.3875432972,0.6158529903,0.5053762934,0.6337202931
5366,1.0,0.0,0.0,0.0,1.0,1.0,0.2808777363,0.3080717846,0.3913792714,0.6134975873,0.5125447944,0.6279067683
5367,1.0,0.0,0.0,0.0,1.0,1.0,0.2835786416,0.3087562451,0.3910033671,0.6097551456,0.5107142548,0.630058246
5368,1.0,0.0,0.0,0.0,1.0,1.0,0.2855549717,0.3065665947,0.392426931,0.6204814704,0.5141844067,0.6242779067
5369,1.0,0.0,0.0,0.0,1.0,1.0,0.2784768834,0.2984198349,0.3846153557,0.6012271761,0.5088339923,0.6272182876
5370,1.0,0.0,0.0,0.0,1.0,1.0,0.2760035515,0.2994779799,0.3876500654,0.6086949936,0.5106383982,0.6272195404
5371,1.0,0.0,0.0,0.0,1.0,1.0,0.2700728566,0.2955338377,0.3924267909,0.6178336554,0.5125446459,0.6303019689
5372,1.0,0.0,0.0,0.0,1.0,1.0,0.2793580772,0.3062806566,0.3940971935,0.6211180634,0.5232973398,0.6315798962
5373,1.0,0.0,0.0,0.0,1.0,1.0,0.2818497805,0.3087558952,0.396193709,0.6196316016,0.5178570016,0.6300577738
5374,1.0,0.0,0.0,0.0,1.0,1.0,0.2816297783,0.3072487346,0.3848796332,0.6158537316,0.5123675348,0.6321839369
5375,1.0,0.0,0.0,0.0,1.0,1.0,0.2840702004,0.305878983,0.3899480961,0.6158540185,0.5124553795,0.6337212278
5376,1.0,0.0,0.0,0.0,1.0,1.0,0.2727319952,0.2980480177,0.3886010275,0.6075952687,0.5107142246,0.6227544754
5377,1.0,0.0,0.0,0.0,1.0,1.0,0.2803944087,0.3019516222,0.3975903932,0.6196326261,0.5194347531,0.6315784763
5378,1.0,0.0,0.0,0.0,1.0,1.0,0.2813627704,0.3069717888,0.392055158,0.607361897,0.514285591,0.6337206851
5379,1.0,0.0,0.0,0.0,1.0,1.0,0.2838137667,0.3062805559,0.4198606255,0.6012273903,0.541218776,0.6257305889
5380,1.0,0.0,0.0,0.0,1.0,1.0,0.2987841813,0.3107805073,0.4458040494,0.6023392185,0.568904481,0.642045265
5381,1.0,0.0,0.0,0.0,1.0,1.0,0.3064492005,0.3160777657,0.4547038881,0.5909098285,0.5724382379,0.6368718581
5382,1.0,0.0,0.0,0.0,1.0,1.0,0.3068461595,0.3189710528,0.4543859269,0.5885716594,0.5780140233,0.6388890594
5383,1.0,0.0,0.0,0.0,1.0,1.0,0.3098095676,0.3207431298,0.4518389718,0.5988704213,0.5744679691,0.6408846152
5384,1.0,0.0,0.0,0.0,1.0,1.0,0.3005314716,0.3154265283,0.4493006267,0.5930231661,0.5709219261,0.640449494
5385,1.0,0.0,0.0,0.0,1.0,1.0,0.3099314474,0.3189705979,0.4442508557,0.5955054523,0.5638296512,0.6444444174
5386,1.0,0.0,0.0,0.0,1.0,1.0,0.3110151568,0.3218839385,0.4440558975,0.5898870317,0.569394886,0.635359397
5387,1.0,0.0,0.0,0.0,1.0,1.0,0.3045584902,0.3224006323,0.4535902101,0.5862069832,0.5770609796,0.633333131
5388,1.0,0.0,0.0,0.0,1.0,1.0,0.3076541369,0.3218843463,0.4521738853,0.5875702901,0.5729539748,0.6298350199
5389,1.0,0.0,0.0,0.0,1.0,1.0,0.3103532083,0.3235606742,0.4508771852,0.5875697387,0.5755397472,0.6333329675
5390,1.0,0.0,0.0,0.0,1.0,1.0,0.3115597642,0.3224004995,0.4535901336,0.5842690723,0.5734768282,0.6444439609
5391,1.0,0.0,0.0,0.0,1.0,1.0,0.3087281746,0.3201059745,0.4502617831,0.5819200994,0.5693948473,0.6333332529
5392,1.0,0.0,0.0,0.0,1.0,1.0,0.3068464363,0.3141103246,0.4403508477,0.5942853606,0.5678569785,0.6420451398
5393,1.0,0.0,0.0,0.0,1.0,1.0,0.3110152376,0.3183274419,0.449300748,0.5898873369,0.572953561,0.6424590282
5394,1.0,0.0,0.0,0.0,1.0,1.0,0.3087279588,0.320106239,0.4415357766,0.5932204849,0.5622775801,0.6388889225
5395,1.0,0.0,0.0,0.0,1.0,1.0,0.306309045,0.3147709128,0.4500875948,0.5942856226,0.5729538869,0.638418024
5396,1.0,0.0,0.0,0.0,1.0,1.0,0.2462652517,0.2709110917,0.4370503895,0.6131395481,0.5457875371,0.6148647565
5397,1.0,0.0,0.0,0.0,1.0,1.0,0.08916955894,0.229038732,0.4739778013,0.6458326592,0.5454545836,0.4876038211
5398,1.0,0.0,0.0,0.0,1.0,1.0,0.1242349187,0.2017743424,0.4415584784,0.7313440629,0.5471699825,0.6355139805
5399,1.0,0.0,0.0,0.0,1.0,1.0,0.2701672467,0.2886474689,0.4310953742,0.6209156453,0.5631768868,0.6499990494
5400,1.0,0.0,0.0,0.0,1.0,1.0,0.3087282956,0.3183277345,0.4380453101,0.6158186821,0.5765126768,0.653631312
5401,1.0,0.0,0.0,0.0,1.0,1.0,0.3116728277,0.3189704394,0.4355401947,0.6033512439,0.5709220244,0.649999452
5402,1.0,0.0,0.0,0.0,1.0,1.0,0.3151548552,0.3171985442,0.4390244412,0.6132594024,0.5780143652,0.6536316795
5403,1.0,0.0,0.0,0.0,1.0,1.0,0.3047077801,0.3143117611,0.4337979724,0.6114280714,0.5795055133,0.6573033639
5404,1.0,0.0,0.0,0.0,1.0,1.0,0.3256414635,0.327281991,0.4315425085,0.6010634984,0.5739434926,0.6397851531
