frame_index,face_detected,yaw,pitch,roll,left_eye_valid,right_eye_valid,left_eye_aspect_ratio,right_eye_aspect_ratio,left_pupil_rel_x,left_pupil_rel_y,right_pupil_rel_x,right_pupil_rel_y
0,1.0,-0.7853981853,0.0,0.0,1.0,1.0,0.2757842603,0.2284907464,0.3907284601,0.5600009313,0.4999998291,0.5755392779
1,1.0,-0.7853981853,0.0,0.0,1.0,1.0,0.2596229556,0.2235173861,0.4487857752,0.5528455554,0.5335463425,0.5571435437
2,1.0,-0.7853981853,0.0,0.0,1.0,1.0,0.275926269,0.2247935739,0.420442452,0.5725192613,0.5145631004,0.5971221237
3,1.0,0.0,0.0,0.0,1.0,1.0,0.2770527154,0.2283069792,0.4188912096,0.5703699626,0.5271563,0.5874123552
4,1.0,0.0,0.0,0.0,1.0,1.0,0.2569416376,0.2208442954,0.3967612097,0.6062985525,0.5,0.5985411359
5,1.0,0.0,0.0,0.0,1.0,1.0,0.2520584753,0.2208442186,0.3919843013,0.6124030637,0.5129032793,0.6204382744
6,1.0,0.0,0.0,0.0,1.0,1.0,0.2330108031,0.2146238172,0.4026976045,0.6115694957,0.516025752,0.6343275404
7,1.0,0.0,0.0,0.0,1.0,1.0,0.2372843384,0.2104934643,0.4093066964,0.5999990114,0.5241158918,0.6488549138
8,1.0,0.0,0.0,0.0,1.0,1.0,0.2358130489,0.2139377452,0.400921686,0.6250012421,0.5303513458,0.6343279214
9,1.0,0.0,0.0,0.0,1.0,1.0,0.2377446567,0.2162253555,0.3924977071,0.6230771702,0.5192307757,0.6370372318
10,1.0,0.0,0.0,0.0,1.0,1.0,0.2239338445,0.2053868546,0.392102865,0.6393449649,0.5145630707,0.6456681631
11,1.0,0.0,0.0,0.0,1.0,1.0,0.2255619398,0.206336309,0.4036697274,0.6422760524,0.5322579134,0.656249848
12,1.0,0.0,0.0,0.0,1.0,1.0,0.2231143146,0.2031123732,0.3943275069,0.6475411255,0.5193550222,0.6587300523
13,1.0,0.0,0.0,0.0,1.0,1.0,0.2261181585,0.2102385698,0.3954750882,0.6240006773,0.5177993582,0.6307685186
14,1.0,0.0,0.0,0.0,1.0,1.0,0.2273095803,0.2092985852,0.4079421769,0.6190471546,0.5292208256,0.6356597024
15,1.0,0.0,0.0,0.0,1.0,1.0,0.2325121196,0.2167075106,0.4066726933,0.6279081011,0.5275079035,0.6343282772
16,1.0,0.0,0.0,0.0,1.0,1.0,0.2389388154,0.216225454,0.4076718095,0.6268662565,0.5256409782,0.6518508377
17,1.0,0.0,0.0,0.0,1.0,1.0,0.2331734262,0.2153141198,0.4122885881,0.6183206965,0.5305467509,0.6417913961
18,1.0,0.0,0.0,0.0,1.0,1.0,0.2294681256,0.2132359092,0.4098655613,0.6171876575,0.5211726316,0.641221349
19,1.0,0.0,0.0,0.0,1.0,1.0,0.2241064613,0.2097191218,0.4032550294,0.6451600759,0.5114753973,0.6406246374
20,1.0,0.0,0.0,0.0,1.0,1.0,0.2209006259,0.210408678,0.415992829,0.6504072202,0.5263158976,0.6406252543
21,1.0,0.0,0.0,0.0,1.0,1.0,0.2169190807,0.2071211741,0.3991030855,0.6528935004,0.5098684289,0.642858559
22,1.0,0.0,0.0,0.0,1.0,1.0,0.2084400772,0.201207879,0.3992869075,0.6495731958,0.5115510409,0.6311486296
23,1.0,0.0,0.0,0.0,1.0,1.0,0.209936633,0.2079376768,0.4075404253,0.6324782485,0.5134228256,0.6129039096
24,1.0,0.0,0.0,0.0,1.0,1.0,0.2149338695,0.2105848203,0.4175627261,0.6333330504,0.5250837179,0.6507932402
25,1.0,0.0,0.0,0.0,1.0,1.0,0.2191290476,0.2196760457,0.4188948857,0.6341466279,0.5335570087,0.6259536814
26,1.0,0.0,0.0,0.0,1.0,1.0,0.2222925347,0.2232085159,0.4150613406,0.6220482447,0.523333395,0.6417904378
27,1.0,0.0,0.0,0.0,1.0,1.0,0.2226780401,0.2266944305,0.4203655352,0.625,0.5264898413,0.6350362173
28,1.0,0.0,0.0,0.0,1.0,1.0,0.2169333016,0.2226479797,0.409129973,0.6111115794,0.5247526591,0.6222220474
29,1.0,0.0,0.0,0.0,1.0,1.0,0.2163741594,0.2257873019,0.4037799973,0.6190475394,0.5182721659,0.6249998062
30,1.0,0.0,0.0,0.0,1.0,1.0,0.2087121594,0.2200756738,0.4006790722,0.6178853279,0.5099339159,0.6390974047
31,1.0,0.0,0.0,0.0,1.0,1.0,0.2019247588,0.2283493298,0.4006791856,0.6218498129,0.5198676071,0.6449276824
32,1.0,0.0,0.0,0.0,1.0,1.0,0.2113879196,0.2275955245,0.4027072371,0.6079997524,0.5115511212,0.6304353581
33,1.0,0.0,0.0,0.0,1.0,1.0,0.209533524,0.2310183718,0.3993344187,0.5952381768,0.5180329005,0.6241126607
34,1.0,0.0,0.0,0.0,1.0,1.0,0.2019074901,0.2296014918,0.3417507902,0.6583334083,0.4527027864,0.6470586368
35,1.0,0.0,0.0,0.0,1.0,1.0,0.2067811839,0.2320740277,0.2817493784,0.650407188,0.400000073,0.6277373067
36,1.0,0.0,0.0,0.0,1.0,1.0,0.2073673561,0.2359793567,0.2329932329,0.6475399568,0.3506947156,0.6323536757
37,1.0,0.0,0.0,0.0,1.0,1.0,0.2150061805,0.2378807548,0.2420167206,0.6484370539,0.3630136004,0.6258986687
38,1.0,0.0,0.0,0.0,1.0,1.0,0.2122100548,0.239376993,0.2448629381,0.6451610165,0.3531469085,0.6131384842
39,1.0,0.0,0.0,0.0,1.0,1.0,0.217530564,0.2367099796,0.244215931,0.6456685669,0.3543861549,0.6296294007
40,1.0,0.0,0.0,0.0,1.0,1.0,0.2268725224,0.2419700974,0.2450559275,0.6287881843,0.3543861208,0.6304360908
41,1.0,0.0,0.0,0.0,1.0,1.0,0.2304437303,0.2403502267,0.2450896217,0.6370364482,0.3564014835,0.6258990627
42,1.0,0.0,0.0,0.0,1.0,1.0,0.223243301,0.2318292323,0.2491408616,0.6307696065,0.3745701582,0.6296300361
43,1.0,0.0,0.0,0.0,1.0,1.0,0.2041779786,0.2285415335,0.3047210324,0.6470580905,0.4266210753,0.6417907144
44,1.0,0.0,0.0,0.0,1.0,1.0,0.1691627165,0.2112221336,0.4041450419,0.6326531052,0.515464052,0.6504069921
45,1.0,0.0,0.0,0.0,1.0,1.0,0.1244921061,0.1904531107,0.4596491101,0.6760548597,0.55244756,0.6697249275
46,1.0,0.0,0.0,0.0,1.0,1.0,0.1006383058,0.1700806039,0.5052083243,0.6379283384,0.5894736064,0.6907208649
47,1.0,0.0,0.0,0.0,1.0,1.0,0.1184907028,0.1707229303,0.5154639563,0.6521725999,0.5729534491,0.6562504749
48,1.0,0.0,0.0,0.0,1.0,1.0,0.1307217466,0.1747277315,0.5198674888,0.6329100699,0.5979020203,0.6600009735
49,1.0,0.0,0.0,0.0,1.0,1.0,0.1361365813,0.178847488,0.5415281909,0.6341451477,0.617543731,0.6372552877
50,1.0,0.0,0.0,0.0,1.0,1.0,0.1528751956,0.1917944629,0.5411185431,0.6666674278,0.6267605686,0.6605506017
51,1.0,0.0,0.0,0.0,1.0,1.0,0.1468772647,0.1846793708,0.5422296184,0.6781605134,0.6195651569,0.6666666667
52,1.0,0.0,0.0,0.0,1.0,1.0,0.1518351804,0.1883006143,0.5459097752,0.681319427,0.623188206,0.7019225821
53,1.0,0.0,0.0,0.0,1.0,1.0,0.1546559341,0.191921831,0.5357735983,0.6881709324,0.6195651418,0.6886798152
54,1.0,0.0,0.0,0.0,1.0,1.0,0.1514804489,0.1864899222,0.5469522015,0.6521734069,0.6340579794,0.6699037202
55,1.0,0.0,0.0,0.0,1.0,1.0,0.1397248529,0.1787321252,0.5460526177,0.6588222847,0.6313869582,0.6632654845
56,1.0,0.0,0.0,0.0,1.0,1.0,0.1526243938,0.1933225442,0.5599343091,0.6559133134,0.6423358855,0.660377624
57,1.0,0.0,0.0,0.0,1.0,1.0,0.1514808135,0.1951466159,0.5584843079,0.6521744205,0.6423359065,0.6542060201
58,1.0,0.0,0.0,0.0,1.0,1.0,0.1553962728,0.2050136188,0.5531915691,0.6315777379,0.6336995649,0.6428558898
59,1.0,0.0,0.0,0.0,1.0,1.0,0.1536359489,0.2056610089,0.542071179,0.6421046697,0.6317692615,0.6403519818
60,1.0,0.0,0.0,0.0,1.0,1.0,0.1546368176,0.2064065765,0.5407166828,0.6315789474,0.6195654903,0.6403508772
61,1.0,0.0,0.0,0.0,1.0,1.0,0.1525124822,0.1984707456,0.5487012959,0.6595749456,0.620567478,0.6607140503
62,1.0,0.0,0.0,0.0,1.0,1.0,0.1531401085,0.1991772843,0.558064502,0.6526306275,0.6192170606,0.6696422728
63,1.0,0.0,0.0,0.0,1.0,1.0,0.1480656417,0.1977315285,0.5394524174,0.6521735125,0.604316396,0.6636370817
64,1.0,0.0,0.0,0.0,1.0,1.0,0.1551134583,0.2073311857,0.5456000766,0.6391749383,0.6170214951,0.6495727593
65,1.0,0.0,0.0,0.0,1.0,1.0,0.1580590342,0.203786694,0.5623003563,0.6161614376,0.6312057425,0.6434790714
66,1.0,0.0,0.0,0.0,1.0,1.0,0.1586416475,0.2111500199,0.5539682611,0.6399997376,0.6267608018,0.649999089
67,1.0,0.0,0.0,0.0,1.0,1.0,0.1628123445,0.2136615036,0.5580645502,0.6237627132,0.6254418985,0.6198350042
68,1.0,0.0,0.0,0.0,1.0,1.0,0.1619841913,0.2080690059,0.5429497911,0.6500007481,0.6227758575,0.6239317176
69,1.0,0.0,0.0,0.0,1.0,1.0,0.1574681619,0.2154593387,0.4517684012,0.6938774619,0.536231856,0.6470593526
70,1.0,0.0,0.0,0.0,1.0,1.0,0.1775007667,0.2238892847,0.4271999487,0.7027026513,0.5125446715,0.6719985819
71,1.0,0.0,0.0,0.0,1.0,1.0,0.1827104552,0.2314495538,0.4312499984,0.7008550842,0.5298245385,0.6818178053
72,1.0,0.0,0.0,0.0,1.0,1.0,0.1998886103,0.2366169368,0.4267716565,0.6692913386,0.5194345302,0.686566657
73,1.0,0.0,0.0,0.0,1.0,1.0,0.1998881241,0.2328451757,0.4303998881,0.6640001638,0.5161291432,0.6692306052
74,1.0,0.0,0.0,0.0,1.0,1.0,0.1986172341,0.2337980607,0.4308425938,0.6799997943,0.5285714559,0.6793896626
75,1.0,0.0,0.0,0.0,1.0,1.0,0.1976568232,0.2339122286,0.4274321579,0.6774198013,0.5248228056,0.6742425966
76,1.0,0.0,0.0,0.0,1.0,1.0,0.2084822472,0.2393767597,0.4394905469,0.664121617,0.5384615385,0.6715338426
77,1.0,0.0,0.0,0.0,1.0,1.0,0.1911412608,0.2242562585,0.4376013027,0.6864405862,0.5371022755,0.6850387363
78,1.0,0.0,0.0,0.0,1.0,1.0,0.1998885226,0.2271461321,0.4487804987,0.6504072176,0.545454411,0.6692298425
79,1.0,0.0,0.0,0.0,1.0,1.0,0.1777150026,0.2089423026,0.3817291636,0.6880735026,0.4808364057,0.6583341211
80,1.0,0.0,0.0,0.0,1.0,1.0,0.1939215242,0.2209291986,0.3466003329,0.6666660571,0.4456142852,0.6507927074
81,1.0,0.0,0.0,0.0,1.0,1.0,0.2032198707,0.2180912821,0.3383333403,0.6721311475,0.4501716518,0.6535433071
82,1.0,0.0,0.0,0.0,1.0,1.0,0.2057675637,0.2141659968,0.3480392343,0.6349207713,0.4651161871,0.6511625565
83,1.0,0.0,0.0,0.0,1.0,1.0,0.2155986176,0.2160955948,0.3494983406,0.6666666667,0.4662161102,0.6718746306
84,1.0,0.0,0.0,0.0,1.0,1.0,0.2142856299,0.2170503505,0.3567839699,0.6406253182,0.4646463945,0.6666661053
85,1.0,0.0,0.0,0.0,1.0,1.0,0.2196762153,0.2211601788,0.3422818829,0.6412215005,0.4594595288,0.6793887188
86,1.0,0.0,0.0,0.0,1.0,1.0,0.2103201602,0.2187330884,0.3552188845,0.6480002352,0.4713803979,0.6692322401
87,1.0,0.0,0.0,0.0,1.0,1.0,0.2136965102,0.2209989417,0.3519737904,0.6461543613,0.4719473949,0.6791046958
88,1.0,0.0,0.0,0.0,1.0,1.0,0.2068383712,0.2091852977,0.3493376279,0.6400001417,0.4684385663,0.674602798
89,1.0,0.0,0.0,0.0,1.0,1.0,0.2104084939,0.2120525719,0.3503289965,0.6484378371,0.4638158815,0.682169746
90,1.0,0.0,0.0,0.0,1.0,1.0,0.2114522115,0.2080804467,0.3851239784,0.6406239499,0.5049182342,0.6771656689
91,1.0,0.0,0.0,0.0,1.0,1.0,0.2138109993,0.2080805534,0.38805983,0.6434109059,0.508196555,0.6771657793
92,1.0,0.0,0.0,0.0,1.0,1.0,0.2160510564,0.2021525746,0.4009901315,0.6412219156,0.5210356948,0.6720005948
93,1.0,0.0,0.0,0.0,1.0,1.0,0.2065512418,0.2025012059,0.3900000435,0.6532263019,0.5065357886,0.6774189585
94,1.0,0.0,0.0,0.0,1.0,1.0,0.2209820858,0.209033484,0.3819096497,0.6363639359,0.5065360812,0.6640613451
95,1.0,0.0,0.0,0.0,1.0,1.0,0.220982196,0.2109210102,0.3919598349,0.6287881298,0.5162335889,0.6615392378
96,1.0,0.0,0.0,0.0,1.0,1.0,0.2089897185,0.2015267738,0.399662715,0.6451624367,0.5147540238,0.6585374592
97,1.0,0.0,0.0,0.0,1.0,1.0,0.2154685752,0.206336212,0.3930347472,0.6307690491,0.5161289638,0.6718744647
98,1.0,0.0,0.0,0.0,1.0,1.0,0.2143441084,0.2056731716,0.3931836853,0.6356590465,0.5209004258,0.6718751606
99,1.0,0.0,0.0,0.0,1.0,1.0,0.2132142835,0.2044311086,0.3899999733,0.6328122433,0.5129870573,0.6666672522
100,1.0,0.0,0.0,0.0,1.0,1.0,0.2128594803,0.2034694177,0.3860233678,0.625,0.5048859018,0.6399997873
101,1.0,0.0,0.0,0.0,1.0,1.0,0.202522647,0.1956836996,0.3904449094,0.6341466951,0.5113269542,0.6528912984
102,1.0,0.0,0.0,0.0,1.0,1.0,0.2111031153,0.2021526227,0.3844884984,0.6250004297,0.5080908371,0.6560005632
103,1.0,0.0,0.0,0.0,1.0,1.0,0.209882746,0.2080805503,0.3766666093,0.6349219778,0.5016393992,0.6535438196
104,1.0,0.0,0.0,0.0,1.0,1.0,0.2128595745,0.2080807401,0.3843594061,0.6406237991,0.5114752713,0.661418231
105,1.0,0.0,0.0,0.0,1.0,1.0,0.2182112879,0.2136967106,0.3650000434,0.641221235,0.4934210221,0.6615376658
106,1.0,0.0,0.0,0.0,1.0,1.0,0.2097904368,0.20383379,0.3786733833,0.6400008345,0.51315789,0.6693544006
107,1.0,0.0,0.0,0.0,1.0,1.0,0.2191017187,0.2094539536,0.3760540677,0.6384613115,0.5016502937,0.685038485
108,1.0,0.0,0.0,0.0,1.0,1.0,0.2168682621,0.2074006509,0.3877207434,0.6434111756,0.513071884,0.6850382509
109,1.0,0.0,0.0,0.0,1.0,1.0,0.2154996898,0.208217159,0.402376845,0.6535428923,0.5233332375,0.6879987431
110,1.0,0.0,0.0,0.0,1.0,1.0,0.2124662259,0.2058651133,0.3962584493,0.6400004106,0.5215946808,0.7016131536
111,1.0,0.0,0.0,0.0,1.0,1.0,0.2188932208,0.2098827967,0.3887946104,0.6356580888,0.5133332904,0.6984118598
112,1.0,0.0,0.0,0.0,1.0,1.0,0.2196388457,0.2096144768,0.4020442448,0.6356583124,0.5167784851,0.6960011875
113,1.0,0.0,0.0,0.0,1.0,1.0,0.2209561661,0.2129682082,0.4001713212,0.6434107374,0.5201341682,0.6929135181
114,1.0,0.0,0.0,0.0,1.0,1.0,0.2315569979,0.2174865226,0.4071550062,0.6323527582,0.5315614665,0.6946563037
115,1.0,0.0,0.0,0.0,1.0,1.0,0.2269918119,0.2151115649,0.3999998921,0.6343282045,0.5298013361,0.6846154726
116,1.0,0.0,0.0,0.0,1.0,1.0,0.224330203,0.2106666489,0.3852596047,0.6492534091,0.5130719801,0.6899233692
117,1.0,0.0,0.0,0.0,1.0,1.0,0.2286357768,0.2106669427,0.3961312721,0.654411407,0.5294117647,0.6821695294
118,1.0,0.0,0.0,0.0,1.0,1.0,0.220956381,0.207525414,0.3933162866,0.6356585878,0.5282391496,0.7040000134
119,1.0,0.0,0.0,0.0,1.0,1.0,0.218843171,0.2089134438,0.3931033749,0.6456685651,0.5217389911,0.6960003544
120,1.0,0.0,0.0,0.0,1.0,1.0,0.2252978067,0.2097190333,0.38135592,0.6541345698,0.5114752364,0.6875010372
121,1.0,0.0,0.0,0.0,1.0,1.0,0.21924346,0.2031652568,0.3967438958,0.6484385063,0.5311477354,0.7016138502
122,1.0,0.0,0.0,0.0,1.0,1.0,0.2163736733,0.203528678,0.3917526683,0.6587300508,0.529801348,0.6910572078
123,1.0,0.0,0.0,0.0,1.0,1.0,0.2314853216,0.214165989,0.3964496609,0.6496348866,0.5324676601,0.6969695976
124,1.0,0.0,0.0,0.0,1.0,1.0,0.2283466223,0.2104087107,0.3981244251,0.6567163941,0.5296053313,0.6953127347
125,1.0,0.0,0.0,0.0,1.0,1.0,0.2207770277,0.2090335284,0.3899744541,0.661539264,0.5261437682,0.6953115817
126,1.0,0.0,0.0,0.0,1.0,1.0,0.2264829065,0.2113570237,0.395708048,0.6742423123,0.5245902746,0.7054269558
127,1.0,0.0,0.0,0.0,1.0,1.0,0.2211459506,0.2111031432,0.3927958705,0.6511627522,0.5181518489,0.6953121479
128,1.0,0.0,0.0,0.0,1.0,1.0,0.2291279246,0.2146343864,0.3909323846,0.6492538144,0.5147543536,0.6870228015
129,1.0,0.0,0.0,0.0,1.0,1.0,0.2291277555,0.2146342398,0.3789563803,0.6417918498,0.5180327926,0.6870215877
130,1.0,0.0,0.0,0.0,1.0,1.0,0.2224782491,0.2151117087,0.3767123947,0.64615412,0.5033111891,0.6692318772
131,1.0,0.0,0.0,0.0,1.0,1.0,0.2249168643,0.2139330204,0.3790186108,0.6541344645,0.5163399632,0.6793896507
132,1.0,0.0,0.0,0.0,1.0,1.0,0.2276784929,0.2181193718,0.3819095778,0.6470592922,0.514658046,0.6716409945
133,1.0,0.0,0.0,0.0,1.0,1.0,0.2294078345,0.2244646897,0.3670886675,0.6102943744,0.4983606708,0.6642332892
134,1.0,0.0,0.0,0.0,1.0,1.0,0.2026127453,0.2136852787,0.315161936,0.6638653796,0.4410773523,0.6614170036
135,1.0,0.0,0.0,0.0,1.0,1.0,0.185707259,0.215367836,0.2956080956,0.6727261234,0.4208754763,0.6718757162
136,1.0,0.0,0.0,0.0,1.0,1.0,0.2042411405,0.2237807937,0.3031825373,0.6475411703,0.4242425986,0.6466162755
137,1.0,0.0,0.0,0.0,1.0,1.0,0.2119013926,0.2314145259,0.2921534975,0.6377945766,0.4194629152,0.6449271947
138,1.0,0.0,0.0,0.0,1.0,1.0,0.2099666143,0.2337677812,0.2823529287,0.6479990672,0.4067795337,0.6376808267
139,1.0,0.0,0.0,0.0,1.0,1.0,0.2005570811,0.2271456503,0.2993311339,0.6583330061,0.4242425553,0.6518522985
140,1.0,0.0,0.0,0.0,1.0,1.0,0.1977282811,0.2294637597,0.2668329132,0.6554618507,0.3843535985,0.6222230367
141,1.0,0.0,0.0,0.0,1.0,1.0,0.2017221376,0.2354619884,0.266055087,0.677685495,0.3864405779,0.6546756133
142,1.0,0.0,0.0,0.0,1.0,1.0,0.2120027622,0.2361692577,0.2760942497,0.6587289304,0.3938354657,0.6376802817
143,1.0,0.0,0.0,0.0,1.0,1.0,0.2088893885,0.2257359659,0.2795241689,0.6666666667,0.3965516289,0.6488552856
144,1.0,0.0,0.0,0.0,1.0,1.0,0.2198431763,0.2302466675,0.2673434326,0.6538461538,0.3856653999,0.6444441253
145,1.0,0.0,0.0,0.0,1.0,1.0,0.2270335947,0.2316585913,0.2790123928,0.6739143182,0.4105960481,0.6785710938
146,1.0,0.0,0.0,0.0,1.0,1.0,0.2353577381,0.2316584101,0.2669984073,0.654929319,0.3973510196,0.6571435662
147,1.0,0.0,0.0,0.0,1.0,1.0,0.2382005365,0.2391405573,0.276666611,0.6503495325,0.4059407014,0.6620695072
148,1.0,0.0,0.0,0.0,1.0,1.0,0.2406684206,0.2307682569,0.2792641816,0.6597225585,0.4119599791,0.6690639362
149,1.0,0.0,0.0,0.0,1.0,1.0,0.2353578383,0.2350661,0.2736318245,0.6549294685,0.4144736842,0.6573425714
150,1.0,0.0,0.0,0.0,1.0,1.0,0.2361411367,0.2350662898,0.2845257085,0.647887346,0.4243422627,0.6503497373
151,1.0,0.0,0.0,0.0,1.0,1.0,0.2349681653,0.2359340802,0.2764899367,0.6408444028,0.4196719486,0.6597226054
152,1.0,0.0,0.0,0.0,1.0,1.0,0.2415316156,0.2341924235,0.279999956,0.6689653811,0.4125412014,0.6619715908
153,1.0,0.0,0.0,0.0,1.0,1.0,0.2350646898,0.2325433139,0.2777314968,0.666666146,0.4092409972,0.6737595189
154,1.0,0.0,0.0,0.0,1.0,1.0,0.2408698247,0.2349682575,0.2786611473,0.6527770031,0.4072848741,0.6549288347
155,1.0,0.0,0.0,0.0,1.0,1.0,0.2431976093,0.2382001492,0.2716666519,0.6506855375,0.4033333273,0.6503492328
156,1.0,0.0,0.0,0.0,1.0,1.0,0.250068894,0.2490248974,0.2660549802,0.6599997709,0.3846154951,0.6577179757
157,1.0,0.0,0.0,0.0,1.0,1.0,0.2330090348,0.2355587749,0.2706078512,0.6642857915,0.3973064597,0.6500005403
158,1.0,0.0,0.0,0.0,1.0,1.0,0.2385222529,0.2404799078,0.2655461766,0.6619728887,0.3822525635,0.645389556
159,1.0,0.0,0.0,0.0,1.0,1.0,0.2333720617,0.2377143492,0.267343389,0.6666661543,0.3784722478,0.6423356647
160,1.0,0.0,0.0,0.0,1.0,1.0,0.2382002953,0.243850318,0.2566666817,0.6713294486,0.3711342607,0.6408445239
161,1.0,0.0,0.0,0.0,1.0,1.0,0.2324284666,0.2404156404,0.2574751491,0.6857139384,0.3780068302,0.6571430308
162,1.0,0.0,0.0,0.0,1.0,1.0,0.2269184334,0.2429196763,0.2520868512,0.6985296313,0.381944308,0.6714283752
163,1.0,0.0,0.0,0.0,1.0,1.0,0.2284436904,0.2428711974,0.2554622016,0.6985284176,0.3811186719,0.6690645951
164,1.0,0.0,0.0,0.0,1.0,1.0,0.2263837603,0.2402839149,0.258389192,0.6814822287,0.3728222312,0.6521747175
165,1.0,0.0,0.0,0.0,1.0,1.0,0.2343750998,0.2420250068,0.25795644,0.6785722397,0.3728223511,0.6474824203
166,1.0,0.0,0.0,0.0,1.0,1.0,0.2263835643,0.2428713937,0.2516778009,0.6740744333,0.3671327729,0.6474812601
167,1.0,0.0,0.0,0.0,1.0,1.0,0.2260047314,0.2403501801,0.2629816441,0.6888880958,0.39100339,0.6618702217
168,1.0,0.0,0.0,0.0,1.0,1.0,0.2285867135,0.2377982956,0.2687813334,0.6788329721,0.3931034684,0.6521748447
169,1.0,0.0,0.0,0.0,1.0,1.0,0.2427453768,0.2446909611,0.2646566952,0.668965427,0.379310445,0.6338026497
170,1.0,0.0,0.0,0.0,1.0,1.0,0.2311520728,0.2413037035,0.2628951876,0.6690653751,0.380137142,0.6382970065
171,1.0,0.0,0.0,0.0,1.0,1.0,0.2278263424,0.2386984986,0.2678867935,0.6642327759,0.38831606,0.6474817953
172,1.0,0.0,0.0,0.0,1.0,1.0,0.231537385,0.2386979215,0.2683332603,0.6546761385,0.3848796976,0.6402881751
173,1.0,0.0,0.0,0.0,1.0,1.0,0.2058653452,0.2326286978,0.2674418368,0.6612901559,0.3862069372,0.6444439875
174,1.0,0.0,0.0,0.0,1.0,1.0,0.1811070418,0.2203627853,0.2835569326,0.6759244577,0.395833234,0.6535442509
175,1.0,0.0,0.0,0.0,1.0,1.0,0.1384869577,0.203334793,0.3372287075,0.6867474794,0.4517240386,0.6610176482
176,1.0,0.0,0.0,0.0,1.0,1.0,0.06674655971,0.1677764513,0.4586995595,0.7894722376,0.5342959255,0.6881719947
177,1.0,0.0,0.0,0.0,1.0,1.0,0.0880335164,0.1665735535,0.4663212661,0.7058842565,0.5448029548,0.6666659273
178,1.0,0.0,0.0,0.0,1.0,1.0,0.09721512578,0.1624093682,0.4726961578,0.7192990798,0.5535713422,0.6703306522
179,1.0,0.0,0.0,0.0,1.0,1.0,0.1314611543,0.1849499553,0.4907252107,0.7307696424,0.5871886147,0.6923073836
180,1.0,0.0,0.0,0.0,1.0,1.0,0.1626608343,0.196319212,0.4563759071,0.7113393559,0.5535712541,0.6818187038
181,1.0,0.0,0.0,0.0,1.0,1.0,0.1877040252,0.2121622856,0.4777594717,0.7017549137,0.5754383143,0.710744636
182,1.0,0.0,0.0,0.0,1.0,1.0,0.1861706701,0.2141661686,0.4591502577,0.692982921,0.5609755273,0.6991866068
183,1.0,0.0,0.0,0.0,1.0,1.0,0.187087572,0.2171933226,0.456486044,0.7192968725,0.5583037676,0.7154475757
184,1.0,0.0,0.0,0.0,1.0,1.0,0.1868875745,0.2252264806,0.4308942876,0.7043465534,0.5387324679,0.7031248946
185,1.0,0.0,0.0,0.0,1.0,1.0,0.1829043399,0.2207245488,0.4444444153,0.6964294605,0.5512368682,0.6959998765
186,1.0,0.0,0.0,0.0,1.0,1.0,0.1891274142,0.2268236957,0.4388255566,0.6982759256,0.5425533728,0.695312513
187,1.0,0.0,0.0,0.0,1.0,1.0,0.1887286407,0.2222956503,0.4433498418,0.704348003,0.5516013279,0.7040011844
188,1.0,0.0,0.0,0.0,1.0,1.0,0.182904268,0.2232796966,0.4444444054,0.6875012007,0.5531916273,0.6984137555
189,1.0,0.0,0.0,0.0,1.0,1.0,0.1897464007,0.2252262439,0.4435351172,0.6982765832,0.5633803458,0.7031248684
190,1.0,0.0,0.0,0.0,1.0,1.0,0.1836722237,0.2179631418,0.4552980011,0.7117117801,0.5567376443,0.6910579973
191,1.0,0.0,0.0,0.0,1.0,1.0,0.1910695199,0.2211306509,0.4542483013,0.7094020331,0.5609755649,0.7086613781
192,1.0,0.0,0.0,0.0,1.0,1.0,0.188512733,0.2186276467,0.4487804228,0.7241372857,0.5590279164,0.7063489739
193,1.0,0.0,0.0,0.0,1.0,1.0,0.1865840942,0.2196007333,0.4529220945,0.704348004,0.5640137142,0.7086611919
194,1.0,0.0,0.0,0.0,1.0,1.0,0.1992354133,0.2290386084,0.4607842855,0.6967209095,0.5659719428,0.7196960253
195,1.0,0.0,0.0,0.0,1.0,1.0,0.1998880957,0.223058681,0.4737705201,0.6803273307,0.5813149457,0.7131787126
196,1.0,0.0,0.0,0.0,1.0,1.0,0.1982497645,0.2230587842,0.4688523697,0.6942152109,0.5743942749,0.7131787301
197,1.0,0.0,0.0,0.0,1.0,1.0,0.2034695025,0.224189871,0.4723127013,0.6799998649,0.5753425746,0.7099239839
198,1.0,0.0,0.0,0.0,1.0,1.0,0.2054317784,0.2309057006,0.4567699503,0.6746036035,0.55862072,0.7014929876
199,1.0,0.0,0.0,0.0,1.0,1.0,0.1952934517,0.2205664404,0.4646962795,0.7058823529,0.5724136468,0.703123919
200,1.0,0.0,0.0,0.0,1.0,1.0,0.2021523468,0.2319521101,0.4579287862,0.6880007696,0.5631398717,0.6764714706
201,1.0,0.0,0.0,0.0,1.0,1.0,0.1982891146,0.2263836062,0.4767999057,0.6935475176,0.5805367574,0.6666656018
202,1.0,0.0,0.0,0.0,1.0,1.0,0.2066154941,0.2356544486,0.4775640713,0.689922572,0.5852844048,0.659575124
203,1.0,0.0,0.0,0.0,1.0,1.0,0.1918285224,0.2204155863,0.4903225924,0.6974794326,0.5959596545,0.6946563756
204,1.0,0.0,0.0,0.0,1.0,1.0,0.1973214245,0.2289689464,0.4927768986,0.6910563494,0.5919731103,0.6715323828
205,1.0,0.0,0.0,0.0,1.0,1.0,0.1954037669,0.2282057149,0.5032052074,0.6967224833,0.6066667393,0.6569340626
206,1.0,0.0,0.0,0.0,1.0,1.0,0.1982761976,0.2274478139,0.5016128399,0.7073176364,0.6013289964,0.6569345743
207,1.0,0.0,0.0,0.0,1.0,1.0,0.2043949598,0.2348691788,0.5008052318,0.7086620259,0.6100002543,0.6666671823
208,1.0,0.0,0.0,0.0,1.0,1.0,0.1976387337,0.2282061486,0.5064309217,0.6991867905,0.6133332463,0.6642335071
209,1.0,0.0,0.0,0.0,1.0,1.0,0.1992455652,0.2347681949,0.4983922394,0.709676463,0.6040267361,0.671427755
210,1.0,0.0,0.0,0.0,1.0,1.0,0.1985967884,0.2237809159,0.4943457683,0.7154475132,0.5925925385,0.6691720733
211,1.0,0.0,0.0,0.0,1.0,1.0,0.1879979135,0.2120027306,0.451768426,0.7264952839,0.5589226778,0.6904765994
212,1.0,0.0,0.0,0.0,1.0,1.0,0.1963476423,0.2160954716,0.4460547158,0.7049165864,0.5540538527,0.679687973
213,1.0,0.0,0.0,0.0,1.0,1.0,0.1989256088,0.2187330718,0.4526484771,0.6935478792,0.562289287,0.6923071788
214,1.0,0.0,0.0,0.0,1.0,1.0,0.1847844654,0.2002250247,0.4501607641,0.7217393447,0.558922654,0.7058826762
215,1.0,0.0,0.0,0.0,1.0,1.0,0.1860918441,0.2035901019,0.4446227104,0.7068957093,0.5589225293,0.6942159927
216,1.0,0.0,0.0,0.0,1.0,1.0,0.1856797926,0.2025896173,0.4394182963,0.7043488068,0.5540539456,0.6999990993
217,1.0,0.0,0.0,0.0,1.0,1.0,0.1924491374,0.2090671113,0.4401295125,0.6890751492,0.5578229003,0.7073167354
218,1.0,0.0,0.0,0.0,1.0,1.0,0.1879015457,0.2090668722,0.4343598367,0.7068964235,0.551020498,0.699186393
219,1.0,0.0,0.0,0.0,1.0,1.0,0.1950523657,0.2107666459,0.4435484215,0.7190096689,0.5544218042,0.7177421699
220,1.0,0.0,0.0,0.0,1.0,1.0,0.1771369733,0.1968076867,0.4439025366,0.733944738,0.5547942371,0.7130439151
221,1.0,0.0,0.0,0.0,1.0,1.0,0.1790531304,0.202309222,0.4397394064,0.709090347,0.5467127379,0.7264970462
222,1.0,0.0,0.0,0.0,1.0,1.0,0.1911413724,0.2144130827,0.4392220054,0.7118648085,0.5467128736,0.7177416137
223,1.0,0.0,0.0,0.0,1.0,1.0,0.1846617529,0.2106837353,0.43111835,0.7105267113,0.5365855114,0.6942159001
224,1.0,0.0,0.0,0.0,1.0,1.0,0.1840652372,0.2109548746,0.4313408414,0.6842108202,0.5294117431,0.6885239915
225,1.0,0.0,0.0,0.0,1.0,1.0,0.1876959841,0.2184094836,0.4333868618,0.7008548732,0.5279721459,0.7040006315
226,1.0,0.0,0.0,0.0,1.0,1.0,0.1679193028,0.2041112303,0.4523424158,0.73076931,0.538732409,0.6810337505
227,1.0,0.0,0.0,0.0,1.0,1.0,0.1418125628,0.1873952294,0.5219593808,0.6904773055,0.5992646513,0.6568626257
228,1.0,0.0,0.0,0.0,1.0,1.0,0.08155175793,0.1570004319,0.5329860378,0.6382961812,0.5938695232,0.6341468971
229,1.0,0.0,0.0,0.0,1.0,1.0,0.05786264574,0.1632553891,0.5192982624,0.7272682633,0.5776890149,0.5975594995
230,1.0,0.0,0.0,0.0,1.0,1.0,0.08591703022,0.1815316377,0.5421052337,0.6530599793,0.6,0.6629221284
231,1.0,0.0,0.0,0.0,1.0,1.0,0.104932593,0.1914253941,0.5507745478,0.6885238234,0.612903345,0.6526306757
232,1.0,0.0,0.0,0.0,1.0,1.0,0.1097156768,0.2035898724,0.5351630164,0.703125,0.6008231687,0.6262626263
233,1.0,0.0,0.0,0.0,1.0,1.0,0.127915028,0.2211879988,0.527303803,0.6933327235,0.5983603949,0.6296292144
234,1.0,0.0,0.0,0.0,1.0,1.0,0.1161744907,0.2165456018,0.521367453,0.7058820157,0.5958332572,0.6346162498
235,1.0,0.0,0.0,0.0,1.0,1.0,0.1055627183,0.2049067636,0.5144803277,0.7258067259,0.5899580667,0.6428580651
236,1.0,0.7853981853,0.0,0.0,1.0,1.0,0.1136886825,0.2069974273,0.5144311871,0.746270063,0.5941423699,0.6565654754
237,1.0,0.7853981853,0.0,0.0,1.0,1.0,0.1376168818,0.2225648721,0.5111875242,0.7374996162,0.5924368339,0.6320756903
238,1.0,0.7853981853,0.0,0.0,1.0,1.0,0.156002228,0.2445444828,0.5162950953,0.725274676,0.6170212397,0.6521741445
239,1.0,0.7853981853,0.0,0.0,1.0,1.0,0.157716232,0.2424808163,0.526586668,0.75,0.620253394,0.6695640532
240,1.0,0.7853981853,0.0,0.0,1.0,1.0,0.1620256867,0.2509150121,0.5034129866,0.7263157895,0.5949366816,0.6554621849
241,1.0,0.7853981853,0.0,0.0,1.0,1.0,0.1674189794,0.2593490137,0.5143825034,0.7373748891,0.6033753211,0.6585367889
242,1.0,0.7853981853,0.0,0.0,1.0,1.0,0.1772660217,0.2603586381,0.5050675819,0.7238104804,0.5966383906,0.6451606572
243,1.0,0.7853981853,0.0,0.0,1.0,1.0,0.1752817932,0.2625654274,0.510961231,0.7115375193,0.6016947251,0.6451610252
244,1.0,0.7853981853,0.0,0.0,1.0,1.0,0.1772658115,0.2679355796,0.5236486848,0.7428564317,0.6170213039,0.6507936761
245,1.0,0.7853981853,0.0,0.0,1.0,1.0,0.1824917696,0.2690802403,0.5307167277,0.7476632519,0.619658,0.6507937524
246,1.0,0.7853981853,0.0,0.0,1.0,1.0,0.1877123535,0.2668001509,0.5262267917,0.7027014574,0.6186441008,0.6269845651
247,1.0,0.7853981853,0.0,0.0,1.0,1.0,0.1938717926,0.2677829935,0.5267559152,0.7068967846,0.6202531227,0.6299210413
248,1.0,0.7853981853,0.0,0.0,1.0,1.0,0.1982086352,0.274108575,0.5226889552,0.7033899448,0.6160337376,0.6307690424
249,1.0,0.7853981853,0.0,0.0,1.0,1.0,0.1941484878,0.2712160942,0.5337838696,0.7043472109,0.6196581067,0.6299221678
250,1.0,0.7853981853,0.0,0.0,1.0,1.0,0.2150058899,0.2858575629,0.5193278067,0.6875,0.6101693257,0.6222221531
251,1.0,0.7853981853,0.0,0.0,1.0,1.0,0.1988686292,0.2670922362,0.5272108478,0.700854644,0.6120688102,0.629033169
252,1.0,0.7853981853,0.0,0.0,1.0,1.0,0.2096967183,0.27570798,0.5211506359,0.6854835727,0.6077583985,0.6328122931
253,1.0,0.7853981853,0.0,0.0,1.0,1.0,0.2036216159,0.2692461401,0.5110357295,0.6833329401,0.5905168962,0.639999094
254,1.0,0.7853981853,0.0,0.0,1.0,1.0,0.2177836275,0.2764413063,0.5202703072,0.6976750714,0.6085107055,0.6384621474
255,1.0,0.7853981853,0.0,0.0,1.0,1.0,0.2103203307,0.2733515304,0.5235690847,0.6959996736,0.6111109948,0.6562505746
256,1.0,0.7853981853,0.0,0.0,1.0,1.0,0.2100522124,0.2743147628,0.5169492246,0.6935480442,0.6042556494,0.6356580374
257,1.0,0.7853981853,0.0,0.0,1.0,1.0,0.2104089015,0.2668002921,0.5263156992,0.6935487554,0.6059321979,0.6428562256
258,1.0,0.7853981853,0.0,0.0,1.0,1.0,0.2069552001,0.2750561234,0.5151515568,0.6991868031,0.6050418296,0.648855473
259,1.0,0.7853981853,0.0,0.0,1.0,1.0,0.2127189062,0.2676329601,0.5050675855,0.7063494457,0.5899582027,0.6484370118
260,1.0,0.7853981853,0.0,0.0,1.0,1.0,0.1975248049,0.2695589181,0.518581113,0.717948672,0.6099586414,0.6461539205
261,1.0,0.7853981853,0.0,0.0,1.0,1.0,0.2256806022,0.2705101766,0.5365025506,0.7293233316,0.636363908,0.65648755
262,1.0,0.7853981853,0.0,0.0,1.0,1.0,0.2200450346,0.2692372211,0.5344538169,0.7175562138,0.6367348939,0.6590906951
263,1.0,0.7853981853,0.0,0.0,1.0,1.0,0.2286859677,0.2787700949,0.540677914,0.7037037608,0.6404962211,0.6592598644
264,1.0,0.7853981853,0.0,0.0,1.0,1.0,0.2217250319,0.2682927037,0.5495799114,0.7045463127,0.6516392641,0.6564883802
265,1.0,0.7853981853,0.0,0.0,1.0,1.0,0.2008762056,0.2628017558,0.5485997673,0.7131147541,0.649402227,0.6742429378
266,1.0,0.0,0.0,0.0,1.0,1.0,0.2087651819,0.2654770176,0.5509868816,0.6929128846,0.6484373767,0.6617641903
267,1.0,0.0,0.0,0.0,1.0,1.0,0.1978926802,0.2625985354,0.5341099107,0.6974798884,0.6235294606,0.6417909741
268,1.0,0.0,0.0,0.0,1.0,1.0,0.1441982361,0.2400235828,0.507462653,0.7701148873,0.598425103,0.6885249552
269,1.0,0.0,0.0,0.0,1.0,1.0,0.08660681216,0.2097594581,0.4748700553,0.8799988533,0.53497928,0.7058814082
270,1.0,0.0,0.0,0.0,1.0,1.0,0.06094169379,0.2002928022,0.4390244503,1.0,0.5020241525,0.7070708101
271,1.0,0.0,0.0,0.0,1.0,1.0,0.08071100409,0.2034435374,0.4278350259,0.9148960541,0.4980234422,0.7087377275
272,1.0,0.0,0.0,0.0,1.0,1.0,0.1685009227,0.2206317439,0.3570248356,0.715686705,0.4415096343,0.6410250801
273,1.0,0.0,0.0,0.0,1.0,1.0,0.1909048267,0.2353759774,0.3707864936,0.7142859722,0.4710145604,0.6692313668
274,1.0,0.0,0.0,0.0,1.0,1.0,0.201165339,0.2400795385,0.3785943181,0.6904768364,0.4804269151,0.6592587201
275,1.0,0.0,0.0,0.0,1.0,1.0,0.2034119482,0.23308527,0.3814102726,0.692912305,0.4876324245,0.6818181068
276,1.0,0.0,0.0,0.0,1.0,1.0,0.2066151585,0.234135013,0.3766025323,0.7054270336,0.4895105319,0.6791043208
277,1.0,0.0,0.0,0.0,1.0,1.0,0.2190336123,0.2419699215,0.386363674,0.6814801508,0.498245684,0.6666661483
278,1.0,0.0,0.0,0.0,1.0,1.0,0.2161397761,0.2419144103,0.3707317254,0.6917296834,0.4876322823,0.6788333385
279,1.0,0.0,0.0,0.0,1.0,1.0,0.2155659546,0.2410001595,0.3725490777,0.6818167863,0.4929080025,0.6617649827
280,1.0,0.0,0.0,0.0,1.0,1.0,0.2226400896,0.24197011,0.373983844,0.6861313754,0.4912281229,0.6666661487
281,1.0,0.0,0.0,0.0,1.0,1.0,0.2134731694,0.2323876221,0.380258944,0.689394135,0.489510604,0.6691721255
282,1.0,0.0,0.0,0.0,1.0,1.0,0.218628106,0.2366169862,0.3832236674,0.6917298883,0.494699514,0.6492532695
283,1.0,0.0,0.0,0.0,1.0,1.0,0.2209985442,0.2402168136,0.3894388565,0.6865670221,0.4982457683,0.6788316298
284,1.0,0.0,0.0,0.0,1.0,1.0,0.2261632438,0.2480885017,0.3793676562,0.6764712715,0.489361861,0.6571416965
285,1.0,0.0,0.0,0.0,1.0,1.0,0.2254131344,0.24547702,0.3665007919,0.6985305897,0.466666442,0.6642860957
286,1.0,0.0,0.0,0.0,1.0,1.0,0.2160509673,0.2376292806,0.3663366598,0.6870228759,0.475524546,0.6617654908
287,1.0,0.0,0.0,0.0,1.0,1.0,0.2197119335,0.2411239458,0.36528918,0.6842101031,0.4825173414,0.6594198743
288,1.0,0.0,0.0,0.0,1.0,1.0,0.2153401059,0.2342440716,0.3750001212,0.6793898004,0.4861111576,0.6666666667
289,1.0,0.0,0.0,0.0,1.0,1.0,0.229004929,0.2430150936,0.36006549,0.6785710997,0.4794520044,0.669014223
290,1.0,0.0,0.0,0.0,1.0,1.0,0.2159187176,0.232628663,0.3682487483,0.7045454545,0.4827587995,0.6814814815
291,1.0,0.0,0.0,0.0,1.0,1.0,0.2275150903,0.242185352,0.3658536373,0.6785715381,0.4812287727,0.6760557206
292,1.0,0.0,0.0,0.0,1.0,1.0,0.2228263042,0.2429196822,0.3655737712,0.6764693876,0.4756945088,0.6642858777
293,1.0,0.0,0.0,0.0,1.0,1.0,0.2287277864,0.2402840836,0.3631840743,0.6811604938,0.4808362615,0.6666656379
294,1.0,0.0,0.0,0.0,1.0,1.0,0.2128593786,0.2261895548,0.3743759809,0.710937513,0.4912282079,0.6821699147
295,1.0,0.0,0.0,0.0,1.0,1.0,0.2095335401,0.2295536902,0.3793676758,0.6984130471,0.491165994,0.684614994
296,1.0,0.0,0.0,0.0,1.0,1.0,0.2185758034,0.2348511268,0.3823038022,0.6870231626,0.494699656,0.6691726299
297,1.0,0.0,0.0,0.0,1.0,1.0,0.2152387833,0.2356836192,0.373956647,0.7054270847,0.489361638,0.6917303688
298,1.0,0.0,0.0,0.0,1.0,1.0,0.2159600162,0.2373675647,0.3752094705,0.6976747267,0.4892858559,0.6766925504
299,1.0,0.0,0.0,0.0,1.0,1.0,0.2306400965,0.2454146604,0.3678929319,0.7028994021,0.4804269103,0.6884066816
300,1.0,0.0,0.0,0.0,1.0,1.0,0.2208067295,0.2357838179,0.3787375365,0.6992486864,0.4859155933,0.6716412215
301,1.0,0.0,0.0,0.0,1.0,1.0,0.2185757123,0.2393030386,0.3772954528,0.7099245067,0.4859154165,0.669117693
302,1.0,0.0,0.0,0.0,1.0,1.0,0.2012185478,0.2375432497,0.3660566214,0.7107438455,0.4788730697,0.6666677239
303,1.0,0.0,0.0,0.0,1.0,1.0,0.2015540811,0.2340242925,0.3283333379,0.7190077701,0.4401406169,0.6766912118
304,1.0,0.0,0.0,0.0,1.0,1.0,0.2091855386,0.2367098727,0.3272425919,0.69047611,0.4385965109,0.6592599837
305,1.0,0.0,0.0,0.0,1.0,1.0,0.2075255174,0.238542709,0.3405315619,0.7119995744,0.4529615814,0.6642333823
306,1.0,0.0,0.0,0.0,1.0,1.0,0.1982085514,0.2366169734,0.3394958265,0.7033906097,0.4558305467,0.6791042881
307,1.0,0.0,0.0,0.0,1.0,1.0,0.2025670338,0.2358822211,0.3417084442,0.6942150057,0.4580418549,0.6666671876
308,1.0,0.0,0.0,0.0,1.0,1.0,0.2008927723,0.2333192361,0.3450586801,0.7000001776,0.4564457849,0.6716418148
309,1.0,0.0,0.0,0.0,1.0,1.0,0.2132141533,0.2368919682,0.3366666072,0.6796880052,0.4532872976,0.6642328642
310,1.0,0.0,0.0,0.0,1.0,1.0,0.2062076344,0.2359797071,0.336106418,0.6532249963,0.4548611098,0.6470579874
311,1.0,0.0,0.0,0.0,1.0,1.0,0.2002222145,0.2317047409,0.3472454246,0.6833322061,0.4705882787,0.6716423382
312,1.0,0.0,0.0,0.0,1.0,1.0,0.2055239066,0.2276127071,0.3515754896,0.6612891574,0.4726027622,0.6390979011
313,1.0,0.0,0.0,0.0,1.0,1.0,0.2159600841,0.2309055572,0.3618091042,0.6511620631,0.472413831,0.6417912577
314,1.0,0.0,0.0,0.0,1.0,1.0,0.2035899647,0.2247879259,0.3518518783,0.6611569523,0.4705883001,0.661538939
315,1.0,0.0,0.0,0.0,1.0,1.0,0.2052274966,0.2301119522,0.352253701,0.6747970883,0.4707905553,0.6492535402
316,1.0,0.0,0.0,0.0,1.0,1.0,0.2138109192,0.2311637666,0.3515755073,0.666665559,0.4693877848,0.6544108029
317,1.0,0.0,0.0,0.0,1.0,1.0,0.2018739855,0.2268358486,0.3526490764,0.6721300469,0.4744026877,0.6466157249
318,1.0,0.0,0.0,0.0,1.0,1.0,0.201540255,0.2251304827,0.3487602396,0.6721321837,0.4709898708,0.6439397136
319,1.0,0.0,0.0,0.0,1.0,1.0,0.197892719,0.2222897323,0.3594010889,0.680672766,0.4827588235,0.666667769
320,1.0,0.0,0.0,0.0,1.0,1.0,0.2055706111,0.2265169557,0.3561873003,0.6829272936,0.4740484174,0.6564895296
321,1.0,0.0,0.0,0.0,1.0,1.0,0.2012075506,0.2234247678,0.3613860826,0.6803282431,0.4812285355,0.6717560747
322,1.0,0.0,0.0,0.0,1.0,1.0,0.1988941161,0.2207672028,0.3598673374,0.6749991042,0.4828767438,0.658915
323,1.0,0.0,0.0,0.0,1.0,1.0,0.2022282786,0.2232429647,0.3595317888,0.6776861268,0.481099918,0.6615378247
324,1.0,0.0,0.0,0.0,1.0,1.0,0.2133262486,0.2273037143,0.3697479485,0.6771654743,0.4826386777,0.6641216988
325,1.0,0.0,0.0,0.0,1.0,1.0,0.2098828963,0.2309054554,0.3650000036,0.6666660987,0.4827585952,0.6567168244
326,1.0,0.0,0.0,0.0,1.0,1.0,0.2142855995,0.2334337683,0.3685092899,0.6718758069,0.4844288999,0.6592589083
327,1.0,0.0,0.0,0.0,1.0,1.0,0.2176339533,0.2333194111,0.3685093315,0.6692312635,0.4808361551,0.6567161078
328,1.0,0.0,0.0,0.0,1.0,1.0,0.2045837756,0.2315777565,0.354026802,0.6721296254,0.4668989093,0.6691730411
329,1.0,0.0,0.0,0.0,1.0,1.0,0.2099667454,0.2349563492,0.3663866258,0.6799993886,0.4771927278,0.6641784779
330,1.0,0.0,0.0,0.0,1.0,1.0,0.203559099,0.2298367143,0.3656093164,0.6803269698,0.4738676332,0.6590907628
331,1.0,0.0,0.0,0.0,1.0,1.0,0.2082169991,0.2334338126,0.3650000004,0.6480006542,0.4775089003,0.6444437433
332,1.0,0.0,0.0,0.0,1.0,1.0,0.2092634559,0.2325090303,0.3701841896,0.6719999043,0.4791664351,0.6567160612
333,1.0,0.0,0.0,0.0,1.0,1.0,0.2068962226,0.2291825553,0.3672788319,0.6532251451,0.4827588095,0.6390986307
334,1.0,0.0,0.0,0.0,1.0,1.0,0.2018905518,0.2310355004,0.3622703609,0.6611571552,0.4794522139,0.6370372349
335,1.0,0.0,0.0,0.0,1.0,1.0,0.2284438251,0.2412445764,0.3630252221,0.6323531939,0.4724139724,0.6285716454
336,1.0,0.0,0.0,0.0,1.0,1.0,0.2247066515,0.2379624161,0.3724831488,0.634327819,0.4829928888,0.642858021
337,1.0,0.0,0.0,0.0,1.0,1.0,0.2172700798,0.2314142622,0.3829430866,0.6307696346,0.4932887046,0.6449280513
338,1.0,0.0,0.0,0.0,1.0,1.0,0.2254636313,0.2380430012,0.3737373792,0.6417912356,0.4898647256,0.6595744681
339,1.0,0.0,0.0,0.0,1.0,1.0,0.2215428189,0.2373255015,0.3533333586,0.6466159784,0.4749162198,0.6478873025
340,1.0,0.0,0.0,0.0,1.0,1.0,0.2213529065,0.233876019,0.3456375254,0.6590915364,0.4713803597,0.6474827354
341,1.0,0.0,0.0,0.0,1.0,1.0,0.2194719523,0.2312901121,0.3496620951,0.6384617822,0.4695943164,0.6496344937
342,1.0,0.0,0.0,0.0,1.0,1.0,0.2260047658,0.2356544254,0.3517587813,0.6370361517,0.4782607289,0.6453905579
343,1.0,0.0,0.0,0.0,1.0,1.0,0.2280607923,0.2347683363,0.3573825986,0.6617645211,0.473154336,0.6428572519
344,1.0,0.0,0.0,0.0,1.0,1.0,0.2267643817,0.2381218215,0.3445378512,0.6518520621,0.4664428428,0.6408448804
345,1.0,0.0,0.0,0.0,1.0,1.0,0.2293526386,0.2382003154,0.3467335713,0.6496337499,0.4700000356,0.6503499116
346,1.0,0.0,0.0,0.0,1.0,1.0,0.2254633717,0.2365349629,0.3451178171,0.6417913078,0.4699999893,0.6408441654
347,1.0,0.0,0.0,0.0,1.0,1.0,0.2172700194,0.2265404438,0.3494982315,0.6384627153,0.4733333765,0.6470582625
348,1.0,0.0,0.0,0.0,1.0,1.0,0.2260045797,0.2365347211,0.3400335488,0.6296296296,0.460000251,0.6338028169
349,1.0,0.0,0.0,0.0,1.0,1.0,0.2352610493,0.2440497967,0.342237113,0.6382970892,0.4651162791,0.6394555121
350,1.0,0.0,0.0,0.0,1.0,1.0,0.2213528777,0.237325844,0.3372482686,0.6515163611,0.4615383233,0.6549296841
351,1.0,0.0,0.0,0.0,1.0,1.0,0.216322008,0.2296015485,0.3439596827,0.6434109958,0.4662161323,0.6470585427
352,1.0,0.0,0.0,0.0,1.0,1.0,0.2247070638,0.2364452633,0.3422817946,0.6567163209,0.4697985523,0.6524816012
353,1.0,0.0,0.0,0.0,1.0,1.0,0.2302555602,0.2423395857,0.3388981277,0.6521741146,0.4615385164,0.6482761055
354,1.0,0.0,0.0,0.0,1.0,1.0,0.2230297403,0.2406683648,0.3523490472,0.6541350582,0.4749165156,0.6458325853
355,1.0,0.0,0.0,0.0,1.0,1.0,0.224706835,0.2338761928,0.3456375748,0.6641778395,0.4680134255,0.6474830458
356,1.0,0.0,0.0,0.0,1.0,1.0,0.2280606148,0.2364451746,0.348993225,0.6470595686,0.4630874083,0.6453898651
357,1.0,0.0,0.0,0.0,1.0,1.0,0.2280604832,0.238121795,0.3557047719,0.6470587304,0.4731542327,0.6408458716
358,1.0,0.0,0.0,0.0,1.0,1.0,0.2318032884,0.2389238352,0.3579832031,0.6594197886,0.4747475891,0.654929104
359,1.0,0.0,0.0,0.0,1.0,1.0,0.232311957,0.242339654,0.3511705312,0.6330930895,0.4715720198,0.6275866278
360,1.0,0.0,0.0,0.0,1.0,1.0,0.2319237915,0.2423394311,0.3472454983,0.6474820144,0.4682275946,0.6482758621
361,1.0,0.0,0.0,0.0,1.0,1.0,0.2327006137,0.2423395719,0.34505873,0.6474829926,0.461538657,0.6413793207
362,1.0,0.0,0.0,0.0,1.0,1.0,0.2289693825,0.2389969451,0.3494983089,0.6423362506,0.4715719983,0.6503486451
363,1.0,0.0,0.0,0.0,1.0,1.0,0.2234049514,0.2372411026,0.3495798955,0.6466156727,0.471380643,0.6453896791
364,1.0,0.0,0.0,0.0,1.0,1.0,0.2312896798,0.240668033,0.3412162473,0.6496363812,0.4682275742,0.6527779428
365,1.0,0.0,0.0,0.0,1.0,1.0,0.2335923159,0.242389488,0.3338897681,0.6428572534,0.4617942745,0.636987135
366,1.0,0.0,0.0,0.0,1.0,1.0,0.240809171,0.2456824871,0.3462510239,0.6433563068,0.4682271807,0.6394560908
367,1.0,0.0,0.0,0.0,1.0,1.0,0.2354618748,0.244010605,0.3254235933,0.6474808567,0.4515050588,0.643835677
368,1.0,0.0,0.0,0.0,1.0,1.0,0.2307708408,0.2321935912,0.3361629746,0.6691180548,0.4646463877,0.6449281019
369,1.0,0.0,0.0,0.0,1.0,1.0,0.2388498332,0.2431977741,0.3491525653,0.6595741099,0.4733331895,0.6438354545
370,1.0,0.0,0.0,0.0,1.0,1.0,0.2460686196,0.2523341453,0.3288364891,0.6369856604,0.4587458463,0.6405223384
371,1.0,0.0,0.0,0.0,1.0,1.0,0.2376415723,0.245764484,0.3322091567,0.6453903136,0.4688522411,0.6533323392
372,1.0,0.0,0.0,0.0,1.0,1.0,0.2435614632,0.2465943587,0.3361344212,0.6413782747,0.4705883621,0.6556282034
373,1.0,0.0,0.0,0.0,1.0,1.0,0.2355588595,0.2375720696,0.3468013325,0.6499999218,0.4852459863,0.6620699445
374,1.0,0.0,0.0,0.0,1.0,1.0,0.2422375389,0.2441261533,0.3389829734,0.6503484265,0.4819671934,0.6577175961
375,1.0,0.0,0.0,0.0,1.0,1.0,0.2455963175,0.2383533904,0.3498293067,0.6597227071,0.4802631839,0.6620694541
376,1.0,0.0,0.0,0.0,1.0,1.0,0.2374741843,0.2293799713,0.3572650153,0.6546762256,0.488524417,0.6571427256
377,1.0,0.0,0.0,0.0,1.0,1.0,0.2330614024,0.2328798636,0.3480850855,0.6569343765,0.4854369791,0.6666661601
378,1.0,0.0,0.0,0.0,1.0,1.0,0.2338573513,0.2303906975,0.3458581512,0.6569343872,0.4772726396,0.6619716166
379,1.0,0.0,0.0,0.0,1.0,1.0,0.2357659536,0.235258292,0.3452990751,0.6521735704,0.4805194668,0.6689664896
380,1.0,0.0,0.0,0.0,1.0,1.0,0.2328632472,0.2337402961,0.3452380344,0.6569339686,0.4806450566,0.6689657253
381,1.0,0.0,0.0,0.0,1.0,1.0,0.2299146435,0.227292484,0.3527897219,0.6567157629,0.490322601,0.6666666667
382,1.0,0.0,0.0,0.0,1.0,1.0,0.2261260279,0.2278857555,0.3592401914,0.6488536714,0.4951138787,0.6714287708
383,1.0,0.0,0.0,0.0,1.0,1.0,0.2226779537,0.2220980056,0.3385552175,0.6562503189,0.4673203265,0.669118106
384,1.0,0.0,0.0,0.0,1.0,1.0,0.2179960212,0.2153402618,0.3421283028,0.6612906355,0.4769736807,0.6717548713
385,1.0,0.0,0.0,0.0,1.0,1.0,0.2205425562,0.2193495194,0.3362521606,0.6587308769,0.4686467172,0.6616538678
386,1.0,0.0,0.0,0.0,1.0,1.0,0.2207354142,0.2169839757,0.3339176328,0.6507928393,0.4638158266,0.6742430774
387,1.0,0.0,0.0,0.0,1.0,1.0,0.2184095882,0.2146341377,0.3409090288,0.6319999172,0.4754098361,0.6488562562
388,1.0,0.0,0.0,0.0,1.0,1.0,0.2197723716,0.2193494026,0.3333333965,0.6349205255,0.458745929,0.6766919381
389,1.0,0.0,0.0,0.0,1.0,1.0,0.2219043019,0.2186279866,0.3356642779,0.6456695204,0.4671053595,0.6541343061
390,1.0,0.0,0.0,0.0,1.0,1.0,0.2253986882,0.2171991576,0.335664392,0.6279054913,0.4705879645,0.6541350441
391,1.0,0.0,0.0,0.0,1.0,1.0,0.2217105932,0.2186279507,0.3310044314,0.6456683321,0.4638157395,0.6541352898
392,1.0,0.0,0.0,0.0,1.0,1.0,0.2174224383,0.2144016432,0.3315790092,0.6451611788,0.4587459633,0.669230097
393,1.0,0.0,0.0,0.0,1.0,1.0,0.2285442622,0.2226478957,0.3350922804,0.6384623283,0.4587458734,0.6666656034
394,1.0,0.0,0.0,0.0,1.0,1.0,0.2261894756,0.2219153687,0.3350877041,0.6434106868,0.4605264857,0.666667191
395,1.0,0.0,0.0,0.0,1.0,1.0,0.2306403636,0.2275958697,0.3286713038,0.6439394678,0.4521451702,0.6666661487
396,1.0,0.0,0.0,0.0,1.0,1.0,0.232307383,0.2326569744,0.3339116201,0.6343283102,0.4590163761,0.6549296415
397,1.0,0.0,0.0,0.0,1.0,1.0,0.2323878352,0.2277413741,0.335664275,0.6466165897,0.4590162442,0.6690650026
398,1.0,0.0,0.0,0.0,1.0,1.0,0.2201568627,0.2171987167,0.3356644493,0.6507934069,0.4673204221,0.6766918995
399,1.0,0.0,0.0,0.0,1.0,1.0,0.2317047156,0.2269971953,0.3339099855,0.6492541932,0.4640523202,0.6690648386
400,1.0,0.0,0.0,0.0,1.0,1.0,0.2332318067,0.2246304842,0.3431288509,0.6592587214,0.4723125119,0.6739119797
401,1.0,0.0,0.0,0.0,1.0,1.0,0.2375083748,0.2327692125,0.3287077653,0.6496357225,0.4527688928,0.6783221479
402,1.0,0.0,0.0,0.0,1.0,1.0,0.2396575476,0.2343967268,0.3292787835,0.6376815443,0.4560258552,0.6597224405
403,1.0,0.0,0.0,0.0,1.0,1.0,0.2336360442,0.2278860427,0.335064849,0.6444435893,0.4592835265,0.6714282401
404,1.0,0.0,0.0,0.0,1.0,1.0,0.2357747279,0.2335299279,0.3321769013,0.6544120015,0.4607844189,0.6783219567
405,1.0,0.0,0.0,0.0,1.0,1.0,0.238128071,0.2320130243,0.337391304,0.649634261,0.464285815,0.6713284589
406,1.0,0.0,0.0,0.0,1.0,1.0,0.2309746283,0.2318965327,0.3344917084,0.6390972381,0.4640523972,0.676056663
407,1.0,0.0,0.0,0.0,1.0,1.0,0.2312471311,0.2293801759,0.3374232791,0.636363039,0.4655740536,0.6642858802
408,1.0,0.0,0.0,0.0,1.0,1.0,0.2261897633,0.2269973167,0.335087751,0.6434105171,0.4640523334,0.661870826
409,1.0,0.0,0.0,0.0,1.0,1.0,0.2271860813,0.2252030818,0.3004405198,0.6511623634,0.4276317397,0.664233944
410,1.0,0.0,0.0,0.0,1.0,1.0,0.2264223708,0.2239552528,0.274336234,0.6562502645,0.3979932856,0.6641782234
411,1.0,0.0,0.0,0.0,1.0,1.0,0.2258227831,0.2200758818,0.2762577126,0.6484375,0.4006620254,0.6616541353
412,1.0,0.0,0.0,0.0,1.0,1.0,0.236616892,0.225039923,0.2773852837,0.6492546688,0.410596088,0.6691177404
413,1.0,0.0,0.0,0.0,1.0,1.0,0.2385132029,0.2257877037,0.282279519,0.6492535245,0.4186048621,0.6691169854
414,1.0,0.0,0.0,0.0,1.0,1.0,0.2360038277,0.2200754609,0.2790698128,0.6515147761,0.4172186386,0.669172994
415,1.0,0.0,0.0,0.0,1.0,1.0,0.2251238327,0.2230295463,0.2552225554,0.6612910714,0.3859059371,0.6541352058
416,1.0,0.0,0.0,0.0,1.0,1.0,0.2100212565,0.2114862941,0.2405529884,0.7017535905,0.3651877497,0.685484025
417,1.0,0.0,0.0,0.0,1.0,1.0,0.2179581555,0.2059661356,0.2562907709,0.6581194067,0.3851350738,0.6721314944
418,1.0,0.0,0.0,0.0,1.0,1.0,0.2150343861,0.2025894845,0.2516370973,0.6608699537,0.375,0.6583326941
419,1.0,0.0,0.0,0.0,1.0,1.0,0.2409871563,0.2187329558,0.2635513788,0.6511630602,0.3905724414,0.6846157384
420,1.0,0.0,0.0,0.0,1.0,1.0,0.2342736455,0.2134401713,0.2608695825,0.6612901858,0.3932202472,0.6666666667
421,1.0,0.0,0.0,0.0,1.0,1.0,0.2210483563,0.2049702723,0.2362948847,0.6837612882,0.3661017753,0.6776845738
422,1.0,0.0,0.0,0.0,1.0,1.0,0.2263246378,0.209066862,0.2388201179,0.6638650065,0.3673470272,0.6666660913
423,1.0,0.0,0.0,0.0,1.0,1.0,0.2229450465,0.2070762829,0.2449952612,0.6666672724,0.3698630287,0.6528923877
424,1.0,0.0,0.0,0.0,1.0,1.0,0.2241739638,0.210766764,0.2504673046,0.6583334518,0.3775511018,0.6612900175
425,1.0,0.0,0.0,0.0,1.0,1.0,0.2261845665,0.2120028689,0.2437902754,0.6666672516,0.3737372784,0.658729982
426,1.0,0.0,0.0,0.0,1.0,1.0,0.2233084694,0.2072422333,0.2606720544,0.6666660858,0.3879598938,0.6532253325
427,1.0,0.0,0.0,0.0,1.0,1.0,0.2189085222,0.2185219001,0.2262117363,0.6557370107,0.3559322281,0.6744191091
428,1.0,0.0,0.0,0.0,1.0,1.0,0.2161914851,0.2144074049,0.2429077387,0.6475413804,0.3648648549,0.661417594
429,1.0,0.0,0.0,0.0,1.0,1.0,0.1791369034,0.1972144338,0.3149956212,0.6831684862,0.4414716673,0.6779673117
430,1.0,0.0,0.0,0.0,1.0,1.0,0.1722870331,0.1992242848,0.3597184719,0.6734692992,0.4916943393,0.6750010634
431,1.0,0.0,0.0,0.0,1.0,1.0,0.1454378297,0.1905290814,0.3984028382,0.7073178926,0.5117056536,0.6929829127
432,1.0,0.0,0.0,0.0,1.0,1.0,0.1383977629,0.1871863627,0.4127957977,0.6835446774,0.5250837222,0.6785716989
433,1.0,0.0,0.0,0.0,1.0,1.0,0.1694258776,0.2035286079,0.3989726221,0.666665938,0.5231788483,0.6666672531
434,1.0,0.0,0.0,0.0,1.0,1.0,0.1968339652,0.2106668227,0.4091681668,0.655173626,0.5294118678,0.6511633324
435,1.0,0.0,0.0,0.0,1.0,1.0,0.2134399948,0.2228261554,0.4000000181,0.6507943229,0.5213114892,0.6470594697
436,1.0,0.0,0.0,0.0,1.0,1.0,0.2160956403,0.2237312394,0.3935810723,0.6640620262,0.5228758492,0.6715326859
437,1.0,0.0,0.0,0.0,1.0,1.0,0.2217248125,0.2295135647,0.3949580288,0.6439385905,0.521172796,0.6737584319
438,1.0,0.0,0.0,0.0,1.0,1.0,0.2146450375,0.2262580083,0.3942953524,0.6406256603,0.5211725868,0.6546760574
439,1.0,0.0,0.0,0.0,1.0,1.0,0.2170502382,0.2293801629,0.3956228869,0.6511622831,0.5213114231,0.6571430781
440,1.0,0.0,0.0,0.0,1.0,1.0,0.2234048299,0.2341930026,0.3949579086,0.6541358263,0.5181518492,0.6549295347
441,1.0,0.0,0.0,0.0,1.0,1.0,0.2178484831,0.2261033581,0.3893510727,0.6335872357,0.5147542849,0.6594200475
442,1.0,0.0,0.0,0.0,1.0,1.0,0.2158261842,0.225364333,0.3970099488,0.6538469203,0.5196078431,0.6666661452
443,1.0,0.0,0.0,0.0,1.0,1.0,0.2224726948,0.2315372192,0.3996627766,0.6515163723,0.5166668053,0.6546758321
444,1.0,0.0,0.0,0.0,1.0,1.0,0.2245371094,0.2289690248,0.4155405174,0.6541344106,0.5250837846,0.6715330078
445,1.0,0.0,0.0,0.0,1.0,1.0,0.2198433502,0.2213525811,0.4230119556,0.6615377771,0.5369126914,0.6818191407
446,1.0,0.0,0.0,0.0,1.0,1.0,0.225463314,0.2256262605,0.4191918942,0.6492534929,0.5351168929,0.6740743325
447,1.0,0.0,0.0,0.0,1.0,1.0,0.2144072985,0.2204158089,0.4222973457,0.6535433468,0.5387208025,0.6793892632
448,1.0,0.0,0.0,0.0,1.0,1.0,0.2258435869,0.2263835983,0.4131534804,0.6567165368,0.5302013135,0.6888900834
449,1.0,0.0,0.0,0.0,1.0,1.0,0.2082871008,0.2153678352,0.4117647484,0.6774196909,0.535353389,0.6796873555
450,1.0,0.0,0.0,0.0,1.0,1.0,0.2111966341,0.2182115395,0.4109816831,0.6614162457,0.533333051,0.702290385
451,1.0,0.0,0.0,0.0,1.0,1.0,0.2135700334,0.2196761549,0.4123539062,0.6718749739,0.5335571603,0.6946568505
452,1.0,0.0,0.0,0.0,1.0,1.0,0.2202445848,0.2237807859,0.4023371804,0.6666655854,0.5252524416,0.6917305336
453,1.0,0.0,0.0,0.0,1.0,1.0,0.2184212218,0.2257874079,0.4122517019,0.6590916472,0.5382058737,0.6911762156
454,1.0,0.0,0.0,0.0,1.0,1.0,0.2128597231,0.2204155505,0.4143094626,0.6562503128,0.538720442,0.6870228634
455,1.0,0.0,0.0,0.0,1.0,1.0,0.2179110744,0.225787665,0.4131148122,0.6616541232,0.5382059848,0.6911759822
456,1.0,0.0,0.0,0.0,1.0,1.0,0.2097999228,0.220612525,0.4082644286,0.6614166345,0.5418057633,0.6893938769
457,1.0,0.0,0.0,0.0,1.0,1.0,0.2104088671,0.2208066191,0.4144737452,0.6640612674,0.5448502578,0.6917299184
458,1.0,0.0,0.0,0.0,1.0,1.0,0.2135837734,0.2250397491,0.4110929643,0.664122275,0.5397349206,0.6911756813
459,1.0,0.0,0.0,0.0,1.0,1.0,0.210323086,0.2250397743,0.4127243377,0.6744175843,0.5397352651,0.6985298708
460,1.0,0.0,0.0,0.0,1.0,1.0,0.2038010831,0.2174867896,0.4078303151,0.6719997198,0.5382058569,0.6870217783
461,1.0,0.0,0.0,0.0,1.0,1.0,0.2106668603,0.220612352,0.4183007194,0.6589136535,0.5451503748,0.6893938267
462,1.0,0.0,0.0,0.0,1.0,1.0,0.2071212687,0.2237809298,0.4128289817,0.6587303093,0.538720652,0.6766919014
463,1.0,0.0,0.0,0.0,1.0,1.0,0.2088389106,0.2220981238,0.4145937379,0.6666672359,0.5353533342,0.6893948656
464,1.0,0.0,0.0,0.0,1.0,1.0,0.2171259234,0.2277639927,0.4112770225,0.6564887482,0.5340135266,0.6940309183
465,1.0,0.0,0.0,0.0,1.0,1.0,0.2062078016,0.2202158491,0.4176373483,0.6693547412,0.5389829647,0.6846147634
466,1.0,0.0,0.0,0.0,1.0,1.0,0.2018903762,0.217344315,0.4090150268,0.677685994,0.5342466751,0.6929137421
467,1.0,0.0,0.0,0.0,1.0,1.0,0.2122561436,0.2226645478,0.4147157991,0.6535430826,0.5340135131,0.679390095
468,1.0,0.0,0.0,0.0,1.0,1.0,0.20730388,0.2205666213,0.4097808173,0.6747970587,0.5241378066,0.6953114956
469,1.0,0.0,0.0,0.0,1.0,1.0,0.2045836949,0.2156329584,0.4110739152,0.6967213115,0.5273973708,0.6984126984
470,1.0,0.0,0.0,0.0,1.0,1.0,0.2035593472,0.2148970558,0.4090150621,0.6639342401,0.5324235319,0.690476714
471,1.0,0.0,0.0,0.0,1.0,1.0,0.2108456548,0.2192651932,0.4169435284,0.6614173628,0.5374149685,0.7054268989
472,1.0,0.0,0.0,0.0,1.0,1.0,0.2128596059,0.2202160326,0.4193011217,0.6562502073,0.5355931618,0.692308823
473,1.0,0.0,0.0,0.0,1.0,1.0,0.2101474574,0.2236039316,0.4139072236,0.661417481,0.5355933302,0.7045464428
474,1.0,0.0,0.0,0.0,1.0,1.0,0.2048855578,0.216827965,0.4099999938,0.6666678164,0.5288136032,0.6953128755
475,1.0,0.0,0.0,0.0,1.0,1.0,0.2068378748,0.2219102634,0.4105960118,0.6720002882,0.5355932166,0.6946554764
476,1.0,0.0,0.0,0.0,1.0,1.0,0.206551104,0.2202160602,0.4166666593,0.6693557699,0.5389830791,0.7
477,1.0,0.0,0.0,0.0,1.0,1.0,0.2084925477,0.2236039634,0.4089403053,0.6587301723,0.5389830755,0.6893938654
478,1.0,0.0,0.0,0.0,1.0,1.0,0.1982225161,0.2114861163,0.4083331854,0.6722685446,0.5324230935,0.7177414619
479,1.0,0.0,0.0,0.0,1.0,1.0,0.20655127,0.2200136588,0.4116666482,0.6693542881,0.5324230123,0.6976740752
480,1.0,0.0,0.0,0.0,1.0,1.0,0.2126115014,0.2173443278,0.4053601231,0.6771653411,0.5239727293,0.7007886215
481,1.0,0.0,0.0,0.0,1.0,1.0,0.2055708163,0.2173444861,0.4147157396,0.6747978583,0.5273974173,0.6929134254
482,1.0,0.0,0.0,0.0,1.0,1.0,0.2082871424,0.2163742003,0.4134454945,0.6774197441,0.5292096195,0.6904753422
483,1.0,0.0,0.0,0.0,1.0,1.0,0.2135700206,0.2190559158,0.4190318097,0.6640628401,0.5342464346,0.7031240843
484,1.0,0.0,0.0,0.0,1.0,1.0,0.2127191635,0.2220982069,0.4104729372,0.6587293711,0.524305696,0.6796875129
485,1.0,0.0,0.0,0.0,1.0,1.0,0.2195113996,0.2303800289,0.4059900361,0.6666661239,0.5288133878,0.6838241453
486,1.0,0.0,0.0,0.0,1.0,1.0,0.2119015691,0.224189896,0.4123538692,0.6614174815,0.5308220103,0.6946561655
487,1.0,0.0,0.0,0.0,1.0,1.0,0.2115483209,0.2190554767,0.4200000195,0.6614173493,0.5308220227,0.695312357
488,1.0,0.0,0.0,0.0,1.0,1.0,0.2065513734,0.2232430663,0.4150000796,0.653226673,0.5395189916,0.6692315957
489,1.0,0.0,0.0,0.0,1.0,1.0,0.2193497259,0.2286857675,0.4158416952,0.6541355199,0.5355933802,0.6888896642
490,1.0,0.0,0.0,0.0,1.0,1.0,0.208148316,0.2226648058,0.411570212,0.6746036875,0.5374149685,0.6946568506
491,1.0,0.0,0.0,0.0,1.0,1.0,0.2178485573,0.2215257601,0.4076538739,0.6717559005,0.5257733633,0.682171085
492,1.0,0.0,0.0,0.0,1.0,1.0,0.2241274121,0.2302468748,0.4152823926,0.6740740858,0.5358360534,0.6888883976
493,1.0,0.0,0.0,0.0,1.0,1.0,0.2158262814,0.2259012692,0.4119600498,0.6615394226,0.530822157,0.6893947979
494,1.0,0.0,0.0,0.0,1.0,1.0,0.2235813686,0.2282464374,0.4040066633,0.6641787114,0.519030923,0.6893937307
495,1.0,0.0,0.0,0.0,1.0,1.0,0.2204407644,0.2335466722,0.4063017623,0.6616540866,0.5223369249,0.6911767036
496,1.0,0.0,0.0,0.0,1.0,1.0,0.2079375926,0.2246133588,0.406040231,0.6774203591,0.5191638229,0.6976745346
497,1.0,0.0,0.0,0.0,1.0,1.0,0.2098826868,0.2255686245,0.4066666051,0.682540241,0.5173609979,0.7000003248
498,1.0,0.0,0.0,0.0,1.0,1.0,0.2092630744,0.2238331672,0.4254607032,0.6560009088,0.5312500804,0.697674495
499,1.0,0.0,0.0,0.0,1.0,1.0,0.2079375015,0.2219041047,0.4345636428,0.6774183659,0.5384614249,0.7007877027
500,1.0,0.0,0.0,0.0,1.0,1.0,0.207181317,0.2240128672,0.4129353225,0.6640002856,0.5241380093,0.6692315864
501,1.0,0.0,0.0,0.0,1.0,1.0,0.214401649,0.2335465429,0.4174917036,0.6538455892,0.5326461833,0.6764704965
502,1.0,0.0,0.0,0.0,1.0,1.0,0.2081483469,0.2282461346,0.4198347216,0.6666666667,0.5328717339,0.6893937691
503,1.0,0.0,0.0,0.0,1.0,1.0,0.2078706855,0.2265169873,0.4193011502,0.6640000544,0.5363324786,0.6870225047
504,1.0,0.0,0.0,0.0,1.0,1.0,0.2012187625,0.223651294,0.419301113,0.6859502974,0.5314685107,0.6874991719
505,1.0,0.0,0.0,0.0,1.0,1.0,0.216984412,0.2350605419,0.4111842797,0.6515152494,0.522648266,0.681481926
506,1.0,0.0,0.0,0.0,1.0,1.0,0.2084221446,0.2298366224,0.407225035,0.6614165807,0.5191639149,0.6818175823
507,1.0,0.0,0.0,0.0,1.0,1.0,0.2149868485,0.2325090076,0.4121510676,0.6717556875,0.5173610306,0.6940294066
508,1.0,0.0,0.0,0.0,1.0,1.0,0.1975830703,0.2228720719,0.4563426487,0.6500002687,0.5644599264,0.6796886807
509,1.0,0.0,0.0,0.0,1.0,1.0,0.1761784461,0.2080748528,0.5123558305,0.6448604368,0.6177475675,0.6557384318
510,1.0,0.0,0.0,0.0,1.0,1.0,0.1570319503,0.1964419038,0.5335515156,0.6562492137,0.6241381098,0.6491227394
511,1.0,0.0,0.0,0.0,1.0,1.0,0.1695923436,0.2012767833,0.5420098165,0.6601936184,0.6249998103,0.655171439
512,1.0,0.0,0.0,0.0,1.0,1.0,0.1701528983,0.2106838043,0.5438016018,0.6601940106,0.6271776303,0.6694221568
513,1.0,0.0,0.0,0.0,1.0,1.0,0.1729482674,0.2069020271,0.5324459112,0.6730770459,0.6175435613,0.6694918912
514,1.0,0.0,0.0,0.0,1.0,1.0,0.1726611541,0.2118959136,0.5398670681,0.6634606713,0.6254417138,0.6749992275
515,1.0,0.0,0.0,0.0,1.0,1.0,0.1662989412,0.2086553862,0.5469523381,0.6732675623,0.6315787055,0.6890751675
516,1.0,0.0,0.0,0.0,1.0,1.0,0.1737439393,0.2171930639,0.5579470491,0.6666666667,0.6431098002,0.6829279893
517,1.0,0.0,0.0,0.0,1.0,1.0,0.1698721443,0.2129090532,0.5660066236,0.6893199625,0.6549299134,0.6694220313
518,1.0,0.0,0.0,0.0,1.0,1.0,0.1693407781,0.2118956328,0.5647839747,0.6960770954,0.6572438163,0.691666169
519,1.0,0.0,0.0,0.0,1.0,1.0,0.1679595777,0.2098472019,0.5657237268,0.6732672844,0.6548041734,0.6779660397
520,1.0,0.0,0.0,0.0,1.0,1.0,0.1668517955,0.208811943,0.5626043115,0.6900009675,0.6500000384,0.6752137695
521,1.0,0.0,0.0,0.0,1.0,1.0,0.1712852902,0.2144193902,0.5557404974,0.6699030554,0.6418438356,0.6528919707
522,1.0,0.0,0.0,0.0,1.0,1.0,0.1478163725,0.195542731,0.5663865659,0.6931822632,0.6376809503,0.6759246517
523,1.0,0.0,0.0,0.0,1.0,1.0,0.1116043208,0.1762652461,0.4949999996,0.686566784,0.5745454263,0.6288667277
524,1.0,0.0,0.0,0.0,1.0,1.0,0.07805488093,0.1566290529,0.485568831,0.7173912031,0.5447760478,0.6309518646
525,1.0,0.0,0.0,0.0,1.0,1.0,0.07284081513,0.1603580648,0.462711971,0.7906973251,0.5261192936,0.6395342143
526,1.0,0.0,0.0,0.0,1.0,1.0,0.09928221579,0.1769085177,0.4155629391,0.7833360663,0.4890510522,0.639175235
527,1.0,0.0,0.0,0.0,1.0,1.0,0.155906592,0.2045961402,0.3924466059,0.705262728,0.4782608187,0.6283180271
528,1.0,0.0,0.0,0.0,1.0,1.0,0.1611475809,0.2080685261,0.384364762,0.7171710579,0.4768683588,0.6666672803
529,1.0,0.0,0.0,0.0,1.0,1.0,0.1956144497,0.2294090005,0.3865132389,0.6806732963,0.4839856554,0.6666661138
530,1.0,0.0,0.0,0.0,1.0,1.0,0.1806618675,0.2141657405,0.3946931392,0.6788996916,0.4928572547,0.6499994518
531,1.0,0.0,0.0,0.0,1.0,1.0,0.1899767457,0.2199473226,0.3966942525,0.6608699662,0.4964788391,0.6560001493
532,1.0,0.0,0.0,0.0,1.0,1.0,0.1865625021,0.2136617447,0.4033333514,0.6785719735,0.4982332715,0.6694205831
533,1.0,0.0,0.0,0.0,1.0,1.0,0.1824779351,0.2058709207,0.3919597373,0.6605494488,0.4894364219,0.6666660562
534,1.0,0.0,0.0,0.0,1.0,1.0,0.1832307071,0.2083640585,0.3599999786,0.6727275209,0.4558305827,0.6610161173
535,1.0,0.0,0.0,0.0,1.0,1.0,0.1968851088,0.2146686798,0.3489148126,0.6779651755,0.4542255226,0.680327349
536,1.0,0.0,0.0,0.0,1.0,1.0,0.1858260557,0.2048326751,0.3500837365,0.693694059,0.4593637811,0.6810342757
537,1.0,0.0,0.0,0.0,1.0,1.0,0.181106793,0.1984953151,0.3506710812,0.6666660031,0.4529616581,0.6578950346
538,1.0,0.0,0.0,0.0,1.0,1.0,0.1923268205,0.2104989568,0.3503290077,0.6666660468,0.4623288475,0.6585377071
539,1.0,0.0,0.0,0.0,1.0,1.0,0.1969345144,0.2151341097,0.3464696293,0.6833327011,0.4576270191,0.669291809
540,1.0,0.0,0.0,0.0,1.0,1.0,0.1926434224,0.2090666945,0.3492585559,0.6923071196,0.4625851624,0.6747979427
541,1.0,0.0,0.0,0.0,1.0,1.0,0.2038662081,0.2173442724,0.3466002596,0.6747957106,0.4589039735,0.6614176161
542,1.0,0.0,0.0,0.0,1.0,1.0,0.1906067314,0.2053649069,0.3316749848,0.6956517641,0.4452053575,0.6666660645
543,1.0,0.0,0.0,0.0,1.0,1.0,0.1962297196,0.2053646988,0.342761955,0.6694918635,0.4486301708,0.6750004012
544,1.0,0.0,0.0,0.0,1.0,1.0,0.1995530736,0.2092258489,0.3406039859,0.6722683284,0.4498271226,0.6694217972
545,1.0,0.0,0.0,0.0,1.0,1.0,0.2015540379,0.2063693452,0.3450000398,0.6694229238,0.4573380126,0.6694211505
546,1.0,0.0,0.0,0.0,1.0,1.0,0.1945670042,0.2053645811,0.3494176573,0.6752137541,0.4589040944,0.6666672666
547,1.0,0.0,0.0,0.0,1.0,1.0,0.2018741547,0.2090670122,0.3576158544,0.672130857,0.4693875151,0.674798077
548,1.0,0.0,0.0,0.0,1.0,1.0,0.2090336425,0.2132142866,0.3496731516,0.6562504772,0.4666667149,0.6796869035
549,1.0,0.0,0.0,0.0,1.0,1.0,0.2028326876,0.2129684247,0.360065383,0.6693546816,0.4765101857,0.6771653135
550,1.0,0.0,0.0,0.0,1.0,1.0,0.2031386843,0.2122557341,0.3560975902,0.6799988219,0.4749163008,0.6771662674
551,1.0,0.0,0.0,0.0,1.0,1.0,0.2035289755,0.2100522168,0.3592714766,0.6666660772,0.4711864257,0.6774192417
552,1.0,0.0,0.0,0.0,1.0,1.0,0.193970504,0.2022284189,0.3601973879,0.6864410509,0.4749162743,0.6942140632
553,1.0,0.0,0.0,0.0,1.0,1.0,0.09839084666,0.1624535698,0.4110535036,0.7719308092,0.4946995309,0.663044083
554,1.0,0.0,0.0,0.0,1.0,1.0,0.03556745401,0.1690233846,0.4341636682,0.7499948033,0.4889706669,0.5217394251
555,1.0,0.0,0.0,0.0,1.0,1.0,0.03588638415,0.173976916,0.4434471166,0.5499968343,0.4962960822,0.48936132
556,1.0,0.0,0.0,0.0,1.0,1.0,0.06674660354,0.1491972043,0.4534271615,0.7894739776,0.5215824777,0.6746985799
557,1.0,0.0,0.0,0.0,1.0,1.0,0.1640109943,0.1863073593,0.4188033648,0.6458343428,0.5087109181,0.6448583726
558,1.0,0.0,0.0,0.0,1.0,1.0,0.1932254049,0.2083584228,0.401666733,0.6637934875,0.5084747308,0.6747968191
559,1.0,0.0,0.0,0.0,1.0,1.0,0.1922004695,0.2087875073,0.4046823211,0.6521735877,0.5068493302,0.6639337759
560,1.0,0.0,0.0,0.0,1.0,1.0,0.1934945491,0.2080751024,0.4090910123,0.6608681942,0.5119454101,0.6721318436
561,1.0,0.0,0.0,0.0,1.0,1.0,0.2089136934,0.2134399872,0.4080266733,0.6479998772,0.5152540463,0.6825398974
562,1.0,0.0,0.0,0.0,1.0,1.0,0.2022281905,0.2100522811,0.4113711694,0.6528920613,0.5186442349,0.6774199718
563,1.0,0.0,0.0,0.0,1.0,1.0,0.2028820422,0.2141659712,0.4076538555,0.6639335849,0.5102041116,0.6904761497
564,1.0,0.0,0.0,0.0,1.0,1.0,0.2032197662,0.2066641703,0.4083333002,0.6639346155,0.5186441114,0.6967210057
565,1.0,0.0,0.0,0.0,1.0,1.0,0.2104960048,0.2136852846,0.4046434853,0.6692921508,0.5151513509,0.6929147439
566,1.0,0.0,0.0,0.0,1.0,1.0,0.2118021083,0.2170503101,0.3990066184,0.6640619636,0.5151513949,0.6899217335
567,1.0,0.0,0.0,0.0,1.0,1.0,0.2095335597,0.2160952763,0.3960066408,0.6666666667,0.5168917103,0.6875004174
568,1.0,0.0,0.0,0.0,1.0,1.0,0.2160509098,0.2237809361,0.3993399575,0.6717560523,0.5151516583,0.6917292867
569,1.0,0.0,0.0,0.0,1.0,1.0,0.2107554234,0.220612969,0.4019769198,0.6796875666,0.5150504111,0.6893929127
570,1.0,0.0,0.0,0.0,1.0,1.0,0.2028569453,0.213685452,0.3976897964,0.6829264868,0.5151516362,0.7007864781
571,1.0,0.0,0.0,0.0,1.0,1.0,0.2005568502,0.2083582079,0.4113712537,0.6916665769,0.525423506,0.7154475676
572,1.0,0.0,0.0,0.0,1.0,1.0,0.2122559142,0.2175656798,0.406354476,0.6771656411,0.5204078606,0.6953118841
573,1.0,0.0,0.0,0.0,1.0,1.0,0.2125059731,0.2144073071,0.4119601825,0.6718739595,0.5270270562,0.6929142974
574,1.0,0.0,0.0,0.0,1.0,1.0,0.2222837761,0.2243642745,0.3963211049,0.6766917416,0.5102041193,0.6969708446
575,1.0,0.0,0.0,0.0,1.0,1.0,0.2161853094,0.2144073468,0.4109817478,0.6846154866,0.5236486634,0.708661217
576,1.0,0.0,0.0,0.0,1.0,1.0,0.2154683426,0.2185219595,0.4145936472,0.6769237071,0.5220338616,0.7209295798
577,1.0,0.0,0.0,0.0,1.0,1.0,0.2191467584,0.2226648985,0.4036545261,0.6742414559,0.5068027149,0.7022891305
578,1.0,0.0,0.0,0.0,1.0,1.0,0.2121536601,0.2192654425,0.4046434653,0.6718748962,0.5170069257,0.6976738052
579,1.0,0.0,0.0,0.0,1.0,1.0,0.2235594739,0.2252976258,0.3947369211,0.6838244475,0.5050847816,0.6992484484
580,1.0,0.0,0.0,0.0,1.0,1.0,0.225946412,0.2294634202,0.3943895292,0.6715331466,0.5068026535,0.6888886751
581,1.0,0.0,0.0,0.0,1.0,1.0,0.2250398627,0.2232429992,0.3940396949,0.683823738,0.5051546885,0.6923070583
582,1.0,0.0,0.0,0.0,1.0,1.0,0.2319239583,0.2265167783,0.3923206222,0.690647482,0.4982699322,0.7175567884
583,1.0,0.0,0.0,0.0,1.0,1.0,0.2265404468,0.2257362704,0.4033333683,0.6911759663,0.5103449535,0.7022892364
584,1.0,0.0,0.0,0.0,1.0,1.0,0.2276785918,0.2246129668,0.4070352308,0.6838239231,0.512195122,0.6821713921
585,1.0,0.0,0.0,0.0,1.0,1.0,0.2272978325,0.2246130183,0.3929765517,0.6838238865,0.5052261641,0.689922519
586,1.0,0.0,0.0,0.0,1.0,1.0,0.228206088,0.2230589014,0.4066666732,0.700730693,0.5190312151,0.7054265629
587,1.0,0.0,0.0,0.0,1.0,1.0,0.2245002857,0.2161422452,0.4076539662,0.7037037037,0.5155710523,0.704
588,1.0,0.0,0.0,0.0,1.0,1.0,0.2246678228,0.2196009034,0.40826454,0.7058821655,0.5190312417,0.6929139231
589,1.0,0.0,0.0,0.0,1.0,1.0,0.2219155565,0.2205667673,0.3996710646,0.7259259496,0.5172413152,0.7031254479
590,1.0,0.0,0.0,0.0,1.0,1.0,0.2259464476,0.2257362723,0.4009900543,0.7226279889,0.5137932208,0.7099242396
591,1.0,0.0,0.0,0.0,1.0,1.0,0.2186279984,0.2180913154,0.4078946595,0.7218043275,0.5223365537,0.6929147024
592,1.0,0.0,0.0,0.0,1.0,1.0,0.2224618949,0.2207669498,0.4140753441,0.7205890632,0.5273971346,0.6976740243
593,1.0,0.0,0.0,0.0,1.0,1.0,0.226103201,0.2276126536,0.403278617,0.7028989145,0.5205479452,0.68421164
594,1.0,0.0,0.0,0.0,1.0,1.0,0.2286305877,0.2302468938,0.406862794,0.7071427358,0.5255973061,0.6814805919
595,1.0,0.0,0.0,0.0,1.0,1.0,0.2282577288,0.2319526481,0.4013049527,0.6928572322,0.5187713973,0.683823636
596,1.0,0.0,0.0,0.0,1.0,1.0,0.2253641782,0.2310352221,0.4084968615,0.7028987331,0.5273972323,0.6962965465
597,1.0,0.0,0.0,0.0,1.0,1.0,0.2336357771,0.2371556321,0.3928571588,0.7013895885,0.5118646882,0.6857144651
598,1.0,0.0,0.0,0.0,1.0,1.0,0.2352582499,0.2362626402,0.4025973452,0.6965504193,0.520408084,0.6906466368
599,1.0,0.0,0.0,0.0,1.0,1.0,0.2343968727,0.2370691267,0.3908795116,0.6875008479,0.5119451183,0.6762583974
600,1.0,0.0,0.0,0.0,1.0,1.0,0.2291403937,0.2345629592,0.3983739385,0.7021270262,0.5170068998,0.6811599075
601,1.0,0.0,0.0,0.0,1.0,1.0,0.2328797374,0.2396620669,0.3996762992,0.6944438145,0.5170067348,0.6808512609
602,1.0,0.0,0.0,0.0,1.0,1.0,0.235934036,0.2369810584,0.3967213464,0.6874997175,0.5120278294,0.6739124284
603,1.0,0.0,0.0,0.0,1.0,1.0,0.234876928,0.2362627207,0.4003241545,0.6965511655,0.5136053039,0.6834527196
604,1.0,0.0,0.0,0.0,1.0,1.0,0.2262580601,0.2276124845,0.3990228154,0.7194247658,0.5136986814,0.6992481079
605,1.0,0.0,0.0,0.0,1.0,1.0,0.2190334759,0.2294640339,0.4090909977,0.6814812179,0.5170065326,0.6888884575
606,1.0,0.0,0.0,0.0,1.0,1.0,0.208492603,0.2193894835,0.4089404435,0.7142859608,0.522648052,0.6904768888
607,1.0,0.0,0.0,0.0,1.0,1.0,0.08860296756,0.1665736013,0.4308509499,0.8400033923,0.4999998038,0.6666666667
608,1.0,0.0,0.0,0.0,1.0,1.0,0.01635453261,0.1933785491,0.4690910515,1.0,0.5172413518,0.495049954
609,1.0,0.0,0.0,0.0,1.0,1.0,0.03366903849,0.1765931056,0.4450354453,0.8421064262,0.4999998028,0.5531916794
610,1.0,0.0,0.0,0.0,1.0,1.0,0.1033905181,0.1732608686,0.4017241691,0.699998945,0.4744523581,0.6631581285
611,1.0,0.0,0.0,0.0,1.0,1.0,0.1674105777,0.198832842,0.3835846093,0.7200005093,0.4929576939,0.6725668869
612,1.0,0.0,0.0,0.0,1.0,1.0,0.2068382748,0.2193897218,0.3741721606,0.6800002727,0.48780486,0.666666103
613,1.0,0.0,0.0,0.0,1.0,1.0,0.2242973957,0.230905388,0.3597359618,0.6911760957,0.4758621076,0.686567864
614,1.0,0.0,0.0,0.0,1.0,1.0,0.2294892457,0.2298365772,0.3594009885,0.6956521739,0.4634145884,0.6893947925
615,1.0,0.0,0.0,0.0,1.0,1.0,0.2287282998,0.2333191259,0.3631841409,0.70289767,0.4703833319,0.6940299099
616,1.0,0.0,0.0,0.0,1.0,1.0,0.2257876618,0.2307741616,0.3621262727,0.6911772649,0.4756944978,0.6766922667
617,1.0,0.0,0.0,0.0,1.0,1.0,0.2246676077,0.2309057121,0.3619834973,0.6911761438,0.4724138239,0.6865658899
618,1.0,0.0,0.0,0.0,1.0,1.0,0.2259462595,0.2309054464,0.3613861831,0.7007299615,0.4724137982,0.6940300548
619,1.0,0.0,0.0,0.0,1.0,1.0,0.2200758054,0.2291824296,0.3625827022,0.676691656,0.4724139228,0.6691721012
620,1.0,0.0,0.0,0.0,1.0,1.0,0.2184210289,0.2274591325,0.3658939723,0.696970097,0.4793101753,0.696970097
621,1.0,0.0,0.0,0.0,1.0,1.0,0.2197122606,0.2282463066,0.3652893028,0.6842101841,0.4775087475,0.6893941379
622,1.0,0.0,0.0,0.0,1.0,1.0,0.2228265336,0.2268356156,0.3606556938,0.6764705882,0.4744028586,0.6992476271
623,1.0,0.0,0.0,0.0,1.0,1.0,0.2293797745,0.2336578221,0.3721312173,0.6857142857,0.484641518,0.7007293712
624,1.0,0.0,0.0,0.0,1.0,1.0,0.2200759384,0.2291821219,0.3741722386,0.6842109507,0.4827587609,0.6842104414
625,1.0,0.0,0.0,0.0,1.0,1.0,0.2339117648,0.2361695519,0.3600653996,0.6713285436,0.4657533889,0.68840518
626,1.0,0.0,0.0,0.0,1.0,1.0,0.2275959629,0.228394505,0.3663366853,0.6811587794,0.4776631286,0.691730272
627,1.0,0.0,0.0,0.0,1.0,1.0,0.2265402893,0.2222898601,0.3716666224,0.691176001,0.4793101139,0.6899217499
628,1.0,0.0,0.0,0.0,1.0,1.0,0.2208071465,0.2257362048,0.3671096005,0.6842108696,0.4724136694,0.7022907841
629,1.0,0.0,0.0,0.0,1.0,1.0,0.2228264176,0.2252980899,0.372131252,0.6691186493,0.4847458228,0.6917297179
630,1.0,0.0,0.0,0.0,1.0,1.0,0.2264748536,0.2312897121,0.3694580487,0.6739121598,0.4864864274,0.7007291568
631,1.0,0.0,0.0,0.0,1.0,1.0,0.2113576117,0.2185218666,0.3770491477,0.6821701582,0.4915253731,0.7054274569
632,1.0,0.0,0.0,0.0,1.0,1.0,0.2142827254,0.2237807246,0.3862521338,0.6717565879,0.5016832118,0.6842113017
633,1.0,0.0,0.0,0.0,1.0,1.0,0.2139328186,0.2262246595,0.392156819,0.6793905092,0.5,0.7089561117
634,1.0,0.0,0.0,0.0,1.0,1.0,0.2220985156,0.2271460666,0.3954248568,0.6838230857,0.5117843674,0.7185188029
635,1.0,0.0,0.0,0.0,1.0,1.0,0.2104088593,0.2168281234,0.4013157936,0.6875011731,0.5152540316,0.7031257732
636,1.0,0.0,0.0,0.0,1.0,1.0,0.2208258544,0.2252979541,0.394435417,0.6740748297,0.511864214,0.6992478283
637,1.0,0.0,0.0,0.0,1.0,1.0,0.2120524062,0.2232427888,0.3881578253,0.6899227683,0.501718353,0.7076923849
638,1.0,0.0,0.0,0.0,1.0,1.0,0.2144018152,0.2190558144,0.389438922,0.6923080779,0.4999998141,0.7031253182
639,1.0,0.0,0.0,0.0,1.0,1.0,0.2195497553,0.2251303661,0.391803266,0.6716425145,0.4982932948,0.70454579
640,1.0,0.0,0.0,0.0,1.0,1.0,0.2144016498,0.2230586397,0.3828383554,0.7076921313,0.4878893931,0.697675263
641,1.0,0.0,0.0,0.0,1.0,1.0,0.2131040697,0.2213296729,0.3702479864,0.7054261737,0.4844290749,0.6953126593
642,1.0,0.0,0.0,0.0,1.0,1.0,0.2193077913,0.2217074715,0.3835845109,0.6946569129,0.492957773,0.6825391159
643,1.0,0.0,0.0,0.0,1.0,1.0,0.2269184562,0.2269858849,0.3756260885,0.7058827264,0.485915616,0.6976744575
644,1.0,0.0,0.0,0.0,1.0,1.0,0.227971703,0.2350601623,0.3851240073,0.6956521739,0.5017420634,0.6962968293
645,1.0,0.0,0.0,0.0,1.0,1.0,0.2277414349,0.2290385309,0.3721311905,0.6978417933,0.4930553666,0.6818182558
646,1.0,0.0,0.0,0.0,1.0,1.0,0.2280280494,0.23616919,0.3737863787,0.6950360196,0.5068493559,0.6666666667
647,1.0,0.0,0.0,0.0,1.0,1.0,0.2251578602,0.2352638986,0.3695299759,0.7050365619,0.4982816833,0.6861311413
648,1.0,0.0,0.0,0.0,1.0,1.0,0.2213747081,0.2290384491,0.3762214392,0.6985290411,0.5034725007,0.6742429447
649,1.0,0.0,0.0,0.0,1.0,1.0,0.2268470854,0.2306403807,0.3684210717,0.7173905415,0.4895104545,0.6818178028
650,1.0,0.0,0.0,0.0,1.0,1.0,0.2336355217,0.2394496357,0.3814935429,0.6944450799,0.503472074,0.6739128013
651,1.0,0.0,0.0,0.0,1.0,1.0,0.2315184699,0.2368015103,0.3833604881,0.7112676597,0.5052265086,0.6838246603
652,1.0,0.0,0.0,0.0,1.0,1.0,0.2298879285,0.2394498308,0.3800977893,0.7021280559,0.506944331,0.6739128021
653,1.0,0.0,0.0,0.0,1.0,1.0,0.233529883,0.2359793879,0.372548947,0.7062933262,0.4895834036,0.6764710552
654,1.0,0.0,0.0,0.0,1.0,1.0,0.2318964918,0.2315782705,0.3758169273,0.7112676056,0.4982576713,0.6766922605
655,1.0,0.0,0.0,0.0,1.0,1.0,0.2271458529,0.230773902,0.3798700665,0.7071433035,0.5,0.6766929041
656,1.0,0.0,0.0,0.0,1.0,1.0,0.2189880491,0.2340241486,0.382207486,0.7067662016,0.4894365253,0.6842111207
657,1.0,0.0,0.0,0.0,1.0,1.0,0.2211742624,0.2242562475,0.3876871384,0.7218044013,0.498233546,0.6929140694
658,1.0,0.0,0.0,0.0,1.0,1.0,0.2144017929,0.2236514958,0.3861386315,0.7153847176,0.4965036126,0.6796864592
659,1.0,0.0,0.0,0.0,1.0,1.0,0.2383535727,0.2403499486,0.3750000774,0.6896551724,0.4913492943,0.6834534489
660,1.0,0.0,0.0,0.0,1.0,1.0,0.2288674225,0.2377143769,0.3772651923,0.6906474597,0.4930552719,0.6861309726
661,1.0,0.0,0.0,0.0,1.0,1.0,0.2233853028,0.224787918,0.3807948087,0.6962970165,0.4913492879,0.6923076923
662,1.0,0.0,0.0,0.0,1.0,1.0,0.2144016347,0.2213297969,0.3778877914,0.7230770512,0.4948095642,0.6953128172
663,1.0,0.0,0.0,0.0,1.0,1.0,0.2110113357,0.2200135488,0.3846153984,0.6976742212,0.5017062986,0.7054262513
664,1.0,0.0,0.0,0.0,1.0,1.0,0.2113575515,0.2173443271,0.3918032458,0.705425233,0.5034246716,0.7086605142
665,1.0,0.0,0.0,0.0,1.0,1.0,0.1998886832,0.2173443227,0.3852458666,0.6967207715,0.5034248014,0.6929140457
666,1.0,0.0,0.0,0.0,1.0,1.0,0.1998884045,0.2126837072,0.3834709385,0.6859489757,0.5017301231,0.691056868
667,1.0,0.0,0.0,0.0,1.0,1.0,0.2021898688,0.2139215496,0.3848684406,0.7073172873,0.4965754475,0.703998701
668,1.0,0.0,0.0,0.0,1.0,1.0,0.1995612162,0.212939265,0.386251968,0.7049178868,0.4982817395,0.7016138503
669,1.0,0.0,0.0,0.0,1.0,1.0,0.2064422613,0.2139218915,0.390163878,0.698411552,0.5034248506,0.6959989322
670,1.0,0.0,0.0,0.0,1.0,1.0,0.2110114903,0.2190557121,0.3878887428,0.6976744969,0.5034245519,0.7031252917
671,1.0,0.0,0.0,0.0,1.0,1.0,0.2051399919,0.2131916376,0.3908045457,0.6959997095,0.5119455334,0.6880012034
672,1.0,0.0,0.0,0.0,1.0,1.0,0.2034697722,0.2148971362,0.3843649218,0.6879992722,0.498293654,0.6825398717
673,1.0,0.0,0.0,0.0,1.0,1.0,0.2051834379,0.2129394925,0.3857616834,0.6935473438,0.5017182297,0.6854843644
674,1.0,0.0,0.0,0.0,1.0,1.0,0.2113575674,0.2215255494,0.3885246004,0.6976743013,0.5017183974,0.7054266955
675,1.0,0.0,0.0,0.0,1.0,1.0,0.2197121679,0.2213294631,0.3818181463,0.6992470264,0.4878893853,0.7031243439
676,1.0,0.0,0.0,0.0,1.0,1.0,0.2191468514,0.2228719766,0.3770764267,0.696968959,0.4912889503,0.6953125262
677,1.0,0.0,0.0,0.0,1.0,1.0,0.219146799,0.2263545055,0.3770764464,0.6818192884,0.484320512,0.6846165128
678,1.0,0.0,0.0,0.0,1.0,1.0,0.2211741816,0.2305053547,0.379367779,0.7067670863,0.4823946428,0.694655804
679,1.0,0.0,0.0,0.0,1.0,1.0,0.2217303365,0.2246131748,0.3824503116,0.694030283,0.4947736264,0.6899232969
680,1.0,0.0,0.0,0.0,1.0,1.0,0.2184212147,0.2298369565,0.3774834793,0.6893932812,0.4912894507,0.6893932812
681,1.0,0.0,0.0,0.0,1.0,1.0,0.2217306268,0.2288932838,0.3758278831,0.6940299959,0.4860139635,0.687022964
682,1.0,0.0,0.0,0.0,1.0,1.0,0.2195113249,0.2234669706,0.3760400255,0.704545936,0.489436669,0.68503913
683,1.0,0.0,0.0,0.0,1.0,1.0,0.2283493118,0.2280955923,0.375827848,0.7028991804,0.4878049521,0.6870217827
684,1.0,0.0,0.0,0.0,1.0,1.0,0.2287279694,0.2325091018,0.3764510465,0.6884052487,0.4895835575,0.6865670188
685,1.0,0.0,0.0,0.0,1.0,1.0,0.2294891361,0.2315781089,0.38768712,0.7028993401,0.4982579635,0.6992470276
686,1.0,0.0,0.0,0.0,1.0,1.0,0.2298715972,0.2279431558,0.3783332801,0.6956522424,0.4982457318,0.692307435
687,1.0,0.0,0.0,0.0,1.0,1.0,0.2332034035,0.2306404147,0.381666707,0.7142857143,0.5,0.6969709328
688,1.0,0.0,0.0,0.0,1.0,1.0,0.2370149482,0.2394495907,0.3946931949,0.6993009311,0.5069442419,0.6811592845
689,1.0,0.0,0.0,0.0,1.0,1.0,0.2325435119,0.2298367663,0.3811881184,0.6950358644,0.494773435,0.674241031
690,1.0,0.0,0.0,0.0,1.0,1.0,0.2276787441,0.2269858432,0.3902846648,0.7058817965,0.4964790937,0.6976748438
691,1.0,0.0,0.0,0.0,1.0,1.0,0.2294889172,0.2314494855,0.3893512094,0.7028994446,0.5017542295,0.6893931974
692,1.0,0.0,0.0,0.0,1.0,1.0,0.2366228629,0.2350603409,0.3940397522,0.7062938955,0.5087108796,0.6888874384
693,1.0,0.0,0.0,0.0,1.0,1.0,0.2274479491,0.2288930638,0.3936875974,0.7153279716,0.503496485,0.6870226109
694,1.0,0.0,0.0,0.0,1.0,1.0,0.2287280492,0.2271458689,0.3897181411,0.7101439919,0.5069931543,0.6923082066
695,1.0,0.0,0.0,0.0,1.0,1.0,0.2332029075,0.2314496585,0.3866666498,0.7071429345,0.4947368021,0.6969698959
696,1.0,0.0,0.0,0.0,1.0,1.0,0.2353579857,0.2368014549,0.3946931846,0.6901407161,0.5017420472,0.683823506
697,1.0,0.0,0.0,0.0,1.0,1.0,0.2303855631,0.2307739192,0.3980100452,0.7194239523,0.5069444287,0.6917284969
698,1.0,0.0,0.0,0.0,1.0,1.0,0.2193495861,0.2220985066,0.3811880973,0.7293233448,0.4999998132,0.6953124211
699,1.0,0.0,0.0,0.0,1.0,1.0,0.228630654,0.234351536,0.3856208206,0.7000006168,0.500000186,0.6911764472
700,1.0,0.0,0.0,0.0,1.0,1.0,0.2302633528,0.2327468054,0.388888879,0.7092200112,0.5068495188,0.6911762356
701,1.0,0.0,0.0,0.0,1.0,1.0,0.2297570513,0.2309056971,0.3858785261,0.7285705447,0.5034481137,0.7014920066
702,1.0,0.0,0.0,0.0,1.0,1.0,0.2269973158,0.2249606534,0.3921568522,0.7122311834,0.512027581,0.6793897359
703,1.0,0.0,0.0,0.0,1.0,1.0,0.2266268482,0.2265170948,0.3882545016,0.7194246736,0.5086507239,0.6870225093
704,1.0,0.0,0.0,0.0,1.0,1.0,0.2235379995,0.2285413304,0.3905996273,0.7246375675,0.5085323652,0.6940300798
705,1.0,0.0,0.0,0.0,1.0,1.0,0.2284909888,0.2232429171,0.3914474573,0.7194240002,0.5120276053,0.6999991658
706,1.0,0.0,0.0,0.0,1.0,1.0,0.2135837442,0.2139216527,0.3915170384,0.7404574985,0.5068491173,0.7040007336
707,1.0,0.0,0.0,0.0,1.0,1.0,0.23468008,0.230111854,0.3973728333,0.7272731408,0.5120274428,0.6940304424
708,1.0,0.0,0.0,0.0,1.0,1.0,0.2206347926,0.2240128399,0.3970345438,0.7164173797,0.5172412892,0.7000003332
709,1.0,0.0,0.0,0.0,1.0,1.0,0.2262579487,0.2241900752,0.3892508227,0.7122295209,0.5068492897,0.694656009
710,1.0,0.0,0.0,0.0,1.0,1.0,0.2264105911,0.225130309,0.386731421,0.7214283076,0.4982933511,0.6969688561
711,1.0,0.0,0.0,0.0,1.0,1.0,0.2155659988,0.2190557942,0.3905229007,0.7348476577,0.5068494175,0.703125
712,1.0,0.0,0.0,0.0,1.0,1.0,0.2246680288,0.2230586977,0.3834711918,0.727940319,0.4948096574,0.7054266438
713,1.0,0.0,0.0,0.0,1.0,1.0,0.2257330338,0.2301122769,0.3895254339,0.7101453603,0.51202743,0.7014918127
714,1.0,0.0,0.0,0.0,1.0,1.0,0.2306404811,0.2301121253,0.3878886869,0.709219426,0.5017181383,0.7014928244
715,1.0,0.0,0.0,0.0,1.0,1.0,0.2263199961,0.2247881683,0.3900826609,0.7153282357,0.5086507257,0.6999998329
716,1.0,0.0,0.0,0.0,1.0,1.0,0.2294892138,0.2271457887,0.391015048,0.7101454493,0.5034967542,0.7076915919
717,1.0,0.0,0.0,0.0,1.0,1.0,0.2324284157,0.2296962979,0.3887043166,0.7000007717,0.5017545029,0.7022903533
718,1.0,0.0,0.0,0.0,1.0,1.0,0.2291079903,0.2263545188,0.3820598441,0.7101443838,0.4912891593,0.6923088412
719,1.0,0.0,0.0,0.0,1.0,1.0,0.2224671695,0.2236513615,0.3870432372,0.7089552477,0.5,0.7031252869
720,1.0,0.0,0.0,0.0,1.0,1.0,0.2211743345,0.2209292903,0.3910149517,0.7142852547,0.501754199,0.6904756245
721,1.0,0.0,0.0,0.0,1.0,1.0,0.1948912916,0.2156688824,0.3933332824,0.726494558,0.5087719954,0.6747962687
722,1.0,0.0,0.0,0.0,1.0,1.0,0.1523121146,0.1991642141,0.3852739157,0.7528092,0.4746376386,0.6818174039
723,1.0,0.0,0.0,0.0,1.0,1.0,0.1281780603,0.188985545,0.4003465704,0.7837821764,0.4872728505,0.6826932184
724,1.0,0.0,0.0,0.0,1.0,1.0,0.1685601336,0.200604921,0.3884156619,0.7272727273,0.4910395072,0.6964296923
725,1.0,0.0,0.0,0.0,1.0,1.0,0.2056186237,0.2161911897,0.3777402839,0.7213115617,0.4893618232,0.688526029
726,1.0,0.0,0.0,0.0,1.0,1.0,0.2211742187,0.2219040681,0.3910150298,0.7142859442,0.5,0.6929145005
727,1.0,0.0,0.0,0.0,1.0,1.0,0.2305139565,0.234244256,0.3789127676,0.6999995446,0.4930556221,0.6888882243
728,1.0,0.0,0.0,0.0,1.0,1.0,0.2233850645,0.2271457098,0.387417154,0.6962970635,0.5000001879,0.6846160847
729,1.0,0.0,0.0,0.0,1.0,1.0,0.2250397183,0.2203630368,0.3857615347,0.7058824454,0.4965277173,0.6929119548
730,1.0,0.0,0.0,0.0,1.0,1.0,0.2275956978,0.2290386095,0.38613872,0.7101450186,0.5034718998,0.6969695975
731,1.0,0.0,0.0,0.0,1.0,1.0,0.2230157218,0.2211310728,0.3884297403,0.7111116092,0.5052266907,0.7086611761
732,1.0,0.0,0.0,0.0,1.0,1.0,0.2353580693,0.2333191301,0.3946931747,0.7112671487,0.5052266004,0.6940304833
733,1.0,0.0,0.0,0.0,1.0,1.0,0.2222812025,0.2213298355,0.3904448314,0.718518756,0.5086504815,0.679686536
734,1.0,0.0,0.0,0.0,1.0,1.0,0.2255742272,0.2230586243,0.3904447446,0.7226271727,0.5051902881,0.6899230914
735,1.0,0.0,0.0,0.0,1.0,1.0,0.2204404228,0.2186279297,0.3963516013,0.7293228636,0.5104165403,0.6984126984
736,1.0,0.0,0.0,0.0,1.0,1.0,0.2191904495,0.2205666621,0.3944353162,0.7164177655,0.5103447167,0.6875008475
737,1.0,0.0,0.0,0.0,1.0,1.0,0.2262579496,0.2266775661,0.3908794649,0.712231472,0.5051548095,0.6969693958
738,1.0,0.0,0.0,0.0,1.0,1.0,0.2246302523,0.2207668973,0.3941367585,0.7173916454,0.5102739967,0.6976744967
739,1.0,0.0,0.0,0.0,1.0,1.0,0.2303908933,0.2268358703,0.397727142,0.7112668755,0.5119454353,0.6992480469
740,1.0,0.0,0.0,0.0,1.0,1.0,0.2233664009,0.219055983,0.3996736359,0.7226279112,0.5205479044,0.6953111717
741,1.0,0.0,0.0,0.0,1.0,1.0,0.2155656895,0.2198087506,0.4068627073,0.7196975362,0.5257731648,0.6875004285
742,1.0,0.0,0.0,0.0,1.0,1.0,0.2239008058,0.2259013535,0.4025973844,0.7246374542,0.523972737,0.6893928729
743,1.0,0.0,0.0,0.0,1.0,1.0,0.1494964684,0.203786716,0.4100840063,0.7415734956,0.51418455,0.6695646479
744,1.0,0.0,0.0,0.0,1.0,1.0,0.03877896546,0.1998883456,0.4462081284,0.9090961935,0.5056602924,0.5283021903
745,1.0,0.0,0.0,0.0,1.0,1.0,0.03830604967,0.196916139,0.4477351983,0.8181844626,0.509293589,0.5283008996
746,1.0,0.0,0.0,0.0,1.0,1.0,0.1085601445,0.1885393143,0.4189655331,0.7936507393,0.501831483,0.6990294312
747,1.0,0.0,0.0,0.0,1.0,1.0,0.1900576186,0.2201568169,0.3918032869,0.7327585398,0.506993124,0.6904760671
748,1.0,0.0,0.0,0.0,1.0,1.0,0.212543651,0.224012956,0.3961038351,0.7328246822,0.5206896032,0.6846153587
749,1.0,0.0,0.0,0.0,1.0,1.0,0.2264105386,0.2327467223,0.3899675996,0.7142857143,0.5136985206,0.6764718572
750,1.0,0.0,0.0,0.0,1.0,1.0,0.2341178519,0.2328629695,0.3747979493,0.7172420512,0.506802804,0.6934307496
751,1.0,0.0,0.0,0.0,1.0,1.0,0.2498607137,0.2447954464,0.3774193119,0.6903221198,0.5135135135,0.689654811
752,1.0,0.0,0.0,0.0,1.0,1.0,0.2457913659,0.2395921074,0.3876222015,0.7086088871,0.5136989281,0.6857149118
753,1.0,0.0,0.0,0.0,1.0,1.0,0.2458173101,0.2456255013,0.3851132612,0.6776310677,0.5118642309,0.6827595778
754,1.0,0.0,0.0,0.0,1.0,1.0,0.2486494593,0.2438911684,0.3780290202,0.7012985897,0.5051195425,0.6923080484
755,1.0,0.0,0.0,0.0,1.0,1.0,0.2388912171,0.2421855349,0.3902439372,0.6938766979,0.5221842173,0.6830989507
756,1.0,0.0,0.0,0.0,1.0,1.0,0.2368808313,0.2353635716,0.3863636263,0.7054792986,0.5153586182,0.6884056483
757,1.0,0.0,0.0,0.0,1.0,1.0,0.2283977111,0.2260641393,0.3824959756,0.7163111463,0.5102038169,0.6992485395
758,1.0,0.0,0.0,0.0,1.0,1.0,0.2312623988,0.2286860241,0.3915857605,0.7202790908,0.5220341313,0.6962963921
759,1.0,0.0,0.0,0.0,1.0,1.0,0.2202985515,0.2226650494,0.3905997646,0.7132352108,0.5170067213,0.7022900892
760,1.0,0.0,0.0,0.0,1.0,1.0,0.2251576866,0.2260643502,0.3922204383,0.726618773,0.5102043853,0.6992485286
761,1.0,0.0,0.0,0.0,1.0,1.0,0.2195865526,0.2200138482,0.3861065999,0.7426479714,0.5085324883,0.7054267386
762,1.0,0.0,0.0,0.0,1.0,1.0,0.2321285544,0.2311633195,0.3919353921,0.7222214612,0.5102042109,0.691177229
763,1.0,0.0,0.0,0.0,1.0,1.0,0.2343968781,0.2327465063,0.3859935489,0.70833327,0.5034247807,0.6985301454
764,1.0,0.0,0.0,0.0,1.0,1.0,0.2347792929,0.2318294374,0.3817291324,0.7152771914,0.5017183279,0.696295702
765,1.0,0.0,0.0,0.0,1.0,1.0,0.231518396,0.2249604609,0.3817291647,0.7394360877,0.4982817818,0.7175568182
766,1.0,0.0,0.0,0.0,1.0,1.0,0.232390436,0.2293242257,0.3886179968,0.7202790863,0.5068493408,0.7014922681
767,1.0,0.0,0.0,0.0,1.0,1.0,0.2331485842,0.2301120883,0.3915170572,0.7132864911,0.5085909568,0.701492706
768,1.0,0.0,0.0,0.0,1.0,1.0,0.230640624,0.2283946148,0.3911620821,0.7234045204,0.5120273787,0.6992474002
769,1.0,0.0,0.0,0.0,1.0,1.0,0.2355478057,0.2326287132,0.3797053973,0.7222223898,0.5000001872,0.7037037037
770,1.0,0.0,0.0,0.0,1.0,1.0,0.2237314654,0.2215259079,0.3921569028,0.7372263006,0.5085910961,0.6976746148
771,1.0,0.0,0.0,0.0,1.0,1.0,0.2282574211,0.2283948639,0.388254568,0.7214282242,0.5051547674,0.6992472142
772,1.0,0.0,0.0,0.0,1.0,1.0,0.2312625727,0.2344581717,0.3786406955,0.7132861538,0.5034246653,0.700729212
773,1.0,0.0,0.0,0.0,1.0,1.0,0.2275154403,0.2310354835,0.3821138342,0.7285713388,0.5068493563,0.7037044278
774,1.0,0.0,0.0,0.0,1.0,1.0,0.2291403504,0.2293241874,0.3804878697,0.7234044889,0.5034248104,0.7089540171
775,1.0,0.0,0.0,0.0,1.0,1.0,0.2327689828,0.2293238134,0.3827360875,0.720279465,0.5034246461,0.7014921497
776,1.0,0.0,0.0,0.0,1.0,1.0,0.2413565205,0.2413037338,0.3743922634,0.7248313356,0.4965754607,0.6879429897
777,1.0,0.0,0.0,0.0,1.0,1.0,0.2336357664,0.2344579267,0.3701299592,0.7222211356,0.493150624,0.6934312341
778,1.0,0.0,0.0,0.0,1.0,1.0,0.2404547882,0.2377979694,0.3780688212,0.7278905328,0.4896550872,0.6884064591
779,1.0,0.0,0.0,0.0,1.0,1.0,0.2377313097,0.2362626403,0.3802588387,0.7074839416,0.5034012932,0.6978419611
780,1.0,0.0,0.0,0.0,1.0,1.0,0.2311413441,0.2368919111,0.3811074393,0.7253531393,0.494809892,0.693430506
781,1.0,0.0,0.0,0.0,1.0,1.0,0.2231923468,0.2298367699,0.3825944618,0.727940932,0.494773659,0.6893932473
782,1.0,0.0,0.0,0.0,1.0,1.0,0.2396034829,0.2420252571,0.3776683606,0.7191781026,0.4947737312,0.6906470438
783,1.0,0.0,0.0,0.0,1.0,1.0,0.2326567375,0.2350603266,0.373770567,0.7183101595,0.4878045749,0.6814804372
784,1.0,0.0,0.0,0.0,1.0,1.0,0.234680158,0.2368017091,0.3661740967,0.7202792299,0.4843207188,0.6838233644
785,1.0,0.0,0.0,0.0,1.0,1.0,0.2342953528,0.2359795676,0.3754097815,0.7272723151,0.4930555425,0.6838236579
786,1.0,0.0,0.0,0.0,1.0,1.0,0.2400618647,0.2395210812,0.3758169662,0.6938773401,0.4965515591,0.669064254
787,1.0,0.0,0.0,0.0,1.0,1.0,0.2350660885,0.2334335117,0.3963815208,0.7062934515,0.5155708044,0.6740748483
788,1.0,0.0,0.0,0.0,1.0,1.0,0.2237556717,0.2276127251,0.4726367553,0.6740751663,0.5856165702,0.6691725776
789,1.0,0.0,0.0,0.0,1.0,1.0,0.16262095,0.18739532,0.4983051669,0.729166196,0.5937501529,0.6851852596
790,1.0,0.0,0.0,0.0,1.0,1.0,0.1279560604,0.1784720446,0.5259516042,0.7027036475,0.6,0.6700007976
791,1.0,0.0,0.0,0.0,1.0,1.0,0.09610010974,0.1653753676,0.5419579314,0.7454530626,0.6151080076,0.6739138511
792,1.0,0.0,0.0,0.0,1.0,1.0,0.1072063004,0.1731176868,0.5311419481,0.7258050507,0.6071428297,0.6494837119
793,1.0,0.0,0.0,0.0,1.0,1.0,0.1571771849,0.18804838,0.5726495255,0.6739131452,0.651567785,0.6759243944
794,1.0,0.0,0.0,0.0,1.0,1.0,0.1713812582,0.1919346037,0.5653650028,0.6831694294,0.6435987583,0.6756745597
795,1.0,0.0,0.0,0.0,1.0,1.0,0.1869702058,0.202636093,0.5765305356,0.672727739,0.659793899,0.6864400234
796,1.0,0.0,0.0,0.0,1.0,1.0,0.1812548052,0.2050576064,0.5728812821,0.6822430287,0.6620691157,0.6722700305
797,1.0,0.0,0.0,0.0,1.0,1.0,0.1880305475,0.2050577857,0.5813558808,0.6756755171,0.6620690765,0.6722690149
798,1.0,0.0,0.0,0.0,1.0,1.0,0.1840189796,0.2002307283,0.5810810548,0.6788987134,0.6643837776,0.6752140437
799,1.0,0.0,0.0,0.0,1.0,1.0,0.183708332,0.2002306833,0.5767284948,0.6788993208,0.6575343333,0.6666666667
800,1.0,0.0,0.0,0.0,1.0,1.0,0.1800341625,0.2019418075,0.5757575979,0.6728963416,0.664383661,0.677967632
801,1.0,0.0,0.0,0.0,1.0,1.0,0.1677031418,0.192995918,0.5745762106,0.6767680065,0.6689656734,0.6785705355
802,1.0,0.0,0.0,0.0,1.0,1.0,0.1123936795,0.1737379318,0.5242215745,0.7384623611,0.6057347726,0.6597940684
803,1.0,0.0,0.0,0.0,1.0,1.0,0.05909759083,0.1733348108,0.476521713,0.7647017687,0.5313654416,0.6063835169
804,1.0,0.0,0.0,0.0,1.0,1.0,0.0488385091,0.1746240268,0.4589878451,0.7857126492,0.513010987,0.5744687627
805,1.0,0.0,0.0,0.0,1.0,1.0,0.07237330062,0.1671859399,0.4379310242,0.78571099,0.5110293478,0.6483526884
806,1.0,0.0,0.0,0.0,1.0,1.0,0.1326989299,0.1909645439,0.3697478631,0.7848087672,0.4678570763,0.7009359854
807,1.0,0.0,0.0,0.0,1.0,1.0,0.1782965651,0.2106838756,0.3715220833,0.7339449541,0.4808363448,0.652892562
808,1.0,0.0,0.0,0.0,1.0,1.0,0.1998887378,0.217120168,0.3837399087,0.6991860286,0.4965518422,0.6666672508
809,1.0,0.0,0.0,0.0,1.0,1.0,0.2119530768,0.2274591999,0.3703099852,0.6999998327,0.4862070038,0.6515141532
810,1.0,0.0,0.0,0.0,1.0,1.0,0.2051399274,0.2211309461,0.3694580955,0.7120006412,0.4843204372,0.6614182276
811,1.0,0.0,0.0,0.0,1.0,1.0,0.211357426,0.223058845,0.3704919135,0.7054249667,0.4775087145,0.6589136535
812,1.0,0.0,0.0,0.0,1.0,1.0,0.2106668792,0.2196007211,0.370915123,0.7209308658,0.4844292326,0.6929133994
813,1.0,0.0,0.0,0.0,1.0,1.0,0.2090338382,0.2188430447,0.3774509695,0.7109371814,0.486206894,0.6771663792
814,1.0,0.0,0.0,0.0,1.0,1.0,0.2122999536,0.2213296287,0.374183095,0.715384344,0.4844289338,0.6796877133
815,1.0,0.0,0.0,0.0,1.0,1.0,0.2107555957,0.2168927309,0.367380445,0.718750211,0.4722221389,0.6880004564
816,1.0,0.0,0.0,0.0,1.0,1.0,0.2067811559,0.2184095676,0.3628900243,0.7301586753,0.4755243346,0.6880007523
817,1.0,0.0,0.0,0.0,1.0,1.0,0.2078046852,0.2159071446,0.3679867784,0.7301584542,0.4773520466,0.693549356
818,1.0,0.0,0.0,0.0,1.0,1.0,0.2012075764,0.2124246829,0.3663366654,0.7213122599,0.4773520777,0.6803276219
819,1.0,0.0,0.0,0.0,1.0,1.0,0.2038337064,0.2159074942,0.3700657375,0.7338708428,0.4808361268,0.6854829407
820,1.0,0.0,0.0,0.0,1.0,1.0,0.2084929451,0.2201569559,0.3625827501,0.7301575335,0.4790209948,0.6746027394
821,1.0,0.0,0.0,0.0,1.0,1.0,0.2008763768,0.2124250511,0.372322956,0.7213115337,0.4808362461,0.6803269941
822,1.0,0.0,0.0,0.0,1.0,1.0,0.2012079994,0.215907445,0.3696370537,0.7213119098,0.4808361533,0.6774182896
823,1.0,0.0,0.0,0.0,1.0,1.0,0.2048440686,0.2191761051,0.3636363474,0.7096768573,0.4666665656,0.671999198
824,1.0,0.0,0.0,0.0,1.0,1.0,0.2104090834,0.2226828851,0.3667763114,0.7265617126,0.4771932298,0.6929131459
825,1.0,0.0,0.0,0.0,1.0,1.0,0.2154684894,0.2234667186,0.3598673463,0.7230774332,0.471831034,0.6850395972
826,1.0,0.0,0.0,0.0,1.0,1.0,0.2187832261,0.2277877123,0.3714759341,0.734847463,0.4805653965,0.6976751534
827,1.0,0.0,0.0,0.0,1.0,1.0,0.2114524473,0.2207248768,0.3669421981,0.7187503666,0.4699647152,0.6879989155
828,1.0,0.0,0.0,0.0,1.0,1.0,0.2114522355,0.2191760869,0.3702480652,0.7109383473,0.4701755347,0.671999417
829,1.0,0.0,0.0,0.0,1.0,1.0,0.2119533279,0.2220982759,0.3752038607,0.7076925397,0.482638608,0.6796887366
830,1.0,0.0,0.0,0.0,1.0,1.0,0.2215511734,0.2288930717,0.3678160695,0.718518352,0.472027825,0.6870226607
831,1.0,0.0,0.0,0.0,1.0,1.0,0.2166279049,0.2271458537,0.3579639306,0.7121215856,0.4615384907,0.6846161933
832,1.0,0.0,0.0,0.0,1.0,1.0,0.2068960515,0.2129092251,0.3656093872,0.725806675,0.4718309912,0.66942225
833,1.0,0.0,0.0,0.0,1.0,1.0,0.2071810097,0.2146686362,0.361525625,0.7280001101,0.4683097192,0.696721167
834,1.0,0.0,0.0,0.0,1.0,1.0,0.2051833934,0.2079257587,0.3658940512,0.7338712477,0.475524465,0.6974787636
835,1.0,0.0,0.0,0.0,1.0,1.0,0.2148799644,0.2154273096,0.3600000072,0.7131787617,0.4628974564,0.6803280139
836,1.0,0.0,0.0,0.0,1.0,1.0,0.2198772276,0.219947615,0.3699999806,0.696970037,0.4683097005,0.7120002573
837,1.0,0.0,0.0,0.0,1.0,1.0,0.2089130805,0.2146687919,0.359531782,0.7040001917,0.4647886953,0.6967220015
838,1.0,0.0,0.0,0.0,1.0,1.0,0.2132143769,0.2199474427,0.3650000129,0.7031239085,0.4683099423,0.6879988146
839,1.0,0.0,0.0,0.0,1.0,1.0,0.1989021496,0.2131674924,0.3388157593,0.7107446085,0.4370632021,0.6885253117
840,1.0,0.0,0.0,0.0,1.0,1.0,0.2025229171,0.2184096596,0.3311366669,0.6747978181,0.4335664599,0.6799994474
841,1.0,0.0,0.0,0.0,1.0,1.0,0.2038336706,0.2236513435,0.325657984,0.6693549517,0.4300701331,0.664061824
842,1.0,0.0,0.0,0.0,1.0,1.0,0.194289999,0.2139157312,0.327841952,0.6864418342,0.4280700883,0.6721322148
843,1.0,0.0,0.0,0.0,1.0,1.0,0.1945667228,0.2104086808,0.3294509184,0.6923079775,0.4315789834,0.6833329117
844,1.0,0.0,0.0,0.0,1.0,1.0,0.1892632143,0.2076303149,0.3338869695,0.6929823072,0.4295775474,0.6779654529
845,1.0,0.0,0.0,0.0,1.0,1.0,0.200551494,0.214165982,0.3399669576,0.6942144548,0.4425084618,0.6829272931
846,1.0,0.0,0.0,0.0,1.0,1.0,0.1929037102,0.2114206831,0.3161398057,0.7068972855,0.4195805533,0.6776850269
847,1.0,0.0,0.0,0.0,1.0,1.0,0.1864506067,0.2059781396,0.2873950268,0.7297291019,0.3906808298,0.6782599922
848,1.0,0.0,0.0,0.0,1.0,1.0,0.1838436854,0.207769101,0.260869573,0.7181829147,0.362007005,0.6896544727
849,1.0,0.0,0.0,0.0,1.0,1.0,0.1802001131,0.207331264,0.2637730352,0.7499995005,0.3687941364,0.6923075504
850,1.0,0.0,0.0,0.0,1.0,1.0,0.182622147,0.2041114854,0.2707640887,0.7181828909,0.376760302,0.6810328269
851,1.0,0.0,0.0,0.0,1.0,1.0,0.1757814358,0.2023958789,0.2646565588,0.7428576113,0.3655912321,0.6991146566
852,1.0,0.0,0.0,0.0,1.0,1.0,0.1818684805,0.2065982054,0.2687812881,0.7155967294,0.3780919454,0.6837616127
853,1.0,0.0,0.0,0.0,1.0,1.0,0.1767719278,0.2074654998,0.2414965491,0.7596151456,0.3429602397,0.7043480867
854,1.0,0.0,0.0,0.0,1.0,1.0,0.1730126852,0.2141661498,0.2487394055,0.7378646847,0.3607141119,0.6916660107
855,1.0,0.0,0.0,0.0,1.0,1.0,0.1773755308,0.2172699244,0.2474403688,0.7692295094,0.3550724302,0.7083333333
856,1.0,0.0,0.0,0.0,1.0,1.0,0.201942237,0.2237018083,0.2328767473,0.7118638557,0.3321301041,0.6693540208
857,1.0,0.0,0.0,0.0,1.0,1.0,0.209145728,0.2289629251,0.2384219458,0.7049182592,0.341818218,0.6666661096
858,1.0,0.0,0.0,0.0,1.0,1.0,0.2077874728,0.2307800091,0.2336769691,0.7024793677,0.3345457714,0.6771656556
859,1.0,0.0,0.0,0.0,1.0,1.0,0.2019422136,0.2237017499,0.2363013236,0.6949151934,0.3429603054,0.6935483595
860,1.0,0.0,0.0,0.0,1.0,1.0,0.2060704377,0.2263226343,0.2371135132,0.6916659302,0.3405799345,0.6879997091
861,1.0,0.0,0.0,0.0,1.0,1.0,0.2070763754,0.2264921397,0.243150643,0.7024800485,0.3489210032,0.6666666667
862,1.0,0.0,0.0,0.0,1.0,1.0,0.2118476431,0.2220978983,0.2512820243,0.6854836088,0.3584231652,0.6612910402
863,1.0,0.0,0.0,0.0,1.0,1.0,0.1985192671,0.2200937815,0.2380137786,0.7155185515,0.3501804625,0.6967225245
864,1.0,0.0,0.0,0.0,1.0,1.0,0.2009187789,0.2193020113,0.2336770866,0.7264951106,0.3417264402,0.6803283362
865,1.0,0.0,0.0,0.0,1.0,1.0,0.2050135608,0.2237015702,0.2393162245,0.7333333333,0.3465704304,0.6935483871
866,1.0,0.0,0.0,0.0,1.0,1.0,0.2049705238,0.2230894466,0.2389829746,0.7190086784,0.3499999034,0.6960003324
867,1.0,0.0,0.0,0.0,1.0,1.0,0.2053182866,0.2195201736,0.2410865664,0.6942157661,0.3535714381,0.6666666667
868,1.0,0.0,0.0,0.0,1.0,1.0,0.2110307945,0.2179632096,0.2499999321,0.6880000824,0.3652483537,0.6666672483
869,1.0,0.0,0.0,0.0,1.0,1.0,0.2036215445,0.2169607675,0.2461799635,0.7083334838,0.3451957542,0.6721321957
870,1.0,0.0,0.0,0.0,1.0,1.0,0.1995530717,0.214668911,0.2382551386,0.7142859763,0.3380283097,0.6721315288
871,1.0,0.0,0.0,0.0,1.0,1.0,0.2019073642,0.2101299394,0.2373737914,0.7083347681,0.3427563303,0.6722693837
872,1.0,0.0,0.0,0.0,1.0,1.0,0.201907394,0.2069020728,0.2289562739,0.7083336375,0.3403509782,0.6864416373
873,1.0,0.0,0.0,0.0,1.0,1.0,0.1988853085,0.2086554992,0.2307692167,0.6974799016,0.3403511849,0.6638657467
874,1.0,0.0,0.0,0.0,1.0,1.0,0.2115485537,0.218409292,0.2316667457,0.6771654768,0.3461535512,0.6640001123
875,1.0,0.0,0.0,0.0,1.0,1.0,0.2065511545,0.2106838486,0.2333333121,0.7016132724,0.3484321366,0.6859493842
876,1.0,0.0,0.0,0.0,1.0,1.0,0.202566702,0.2104089949,0.2378559268,0.6776852542,0.3438597532,0.6749999096
877,1.0,0.0,0.0,0.0,1.0,1.0,0.2032478468,0.2129092741,0.2336134787,0.6942149054,0.33802835,0.6776863171
878,1.0,0.0,0.0,0.0,1.0,1.0,0.1982226775,0.2089424465,0.2299999129,0.6974787936,0.3414634787,0.6749994609
879,1.0,0.0,0.0,0.0,1.0,1.0,0.1995555539,0.2168924757,0.2346090608,0.6750005793,0.3472222222,0.664000575
880,1.0,0.0,0.0,0.0,1.0,1.0,0.1945668892,0.2047470484,0.2362728656,0.7008548418,0.3541667751,0.6864402778
881,1.0,0.0,0.0,0.0,1.0,1.0,0.2022280459,0.2096730561,0.2357859845,0.6859511162,0.3461538314,0.666667275
882,1.0,0.0,0.0,0.0,1.0,1.0,0.187186467,0.2096733635,0.2441471499,0.7053559714,0.3601398522,0.6833332733
883,1.0,0.0,0.0,0.0,1.0,1.0,0.1850817599,0.2058710316,0.2457911666,0.7000015894,0.3626760577,0.692308267
884,1.0,0.0,0.0,0.0,1.0,1.0,0.1803378805,0.2065981317,0.2495783476,0.7102805799,0.360423861,0.6837610598
885,1.0,0.0,0.0,0.0,1.0,1.0,0.1724924915,0.2091028274,0.2504231172,0.7352935014,0.3652484042,0.6949148552
886,1.0,0.0,0.0,0.0,1.0,1.0,0.1569090425,0.2067192196,0.2508531642,0.75,0.359712342,0.6782609513
887,1.0,0.0,0.0,0.0,1.0,1.0,0.1021958792,0.1883009114,0.327556383,0.8135581676,0.4239128437,0.7211533182
888,1.0,0.0,0.0,0.0,1.0,1.0,0.07390247524,0.1750846881,0.3679578189,0.8095240463,0.452555042,0.6770836053
889,1.0,0.0,0.0,0.0,1.0,1.0,0.06710039218,0.1738957236,0.3851590742,0.8157930025,0.4615386708,0.6842114673
890,1.0,0.0,0.0,0.0,1.0,1.0,0.1104648068,0.1910697097,0.3315789619,0.7777781483,0.4154412077,0.7115391608
891,1.0,0.0,0.0,0.0,1.0,1.0,0.1634837124,0.2091030326,0.306914044,0.7113416043,0.414893349,0.6779661322
892,1.0,0.0,0.0,0.0,1.0,1.0,0.1971916629,0.2207245226,0.286677898,0.7094016469,0.3992932942,0.6720006433
893,1.0,0.0,0.0,0.0,1.0,1.0,0.1995530568,0.220724568,0.290268538,0.7226883826,0.4028268857,0.6800001365
894,1.0,0.0,0.0,0.0,1.0,1.0,0.196528871,0.218958818,0.3042017132,0.7094024325,0.4169610811,0.6774200826
895,1.0,0.0,0.0,0.0,1.0,1.0,0.2005624791,0.2189588388,0.2951095382,0.7142859704,0.4063605465,0.6693544502
896,1.0,0.0,0.0,0.0,1.0,1.0,0.1914898785,0.2187391475,0.3025210664,0.7368419082,0.4128112744,0.6910561347
897,1.0,0.0,0.0,0.0,1.0,1.0,0.2028816082,0.2260223469,0.2928451966,0.7131144793,0.4028267759,0.6796866198
898,1.0,0.0,0.0,0.0,1.0,1.0,0.2042049495,0.2277878765,0.2923588172,0.7154475475,0.3957597491,0.6744184898
899,1.0,0.0,0.0,0.0,1.0,1.0,0.2161856271,0.2295536547,0.2928452855,0.7153839306,0.40282699,0.6692314152
900,1.0,0.0,0.0,0.0,1.0,1.0,0.2031926022,0.2244360701,0.3024793203,0.7317069742,0.4140352087,0.6718746042
901,1.0,0.0,0.0,0.0,1.0,1.0,0.2021897244,0.2238335388,0.3157894969,0.7235773635,0.427083279,0.6666672213
902,1.0,0.0,0.0,0.0,1.0,1.0,0.2077399807,0.2257360321,0.3093289654,0.7244085163,0.4310343662,0.6488545681
903,1.0,0.0,0.0,0.0,1.0,1.0,0.2073397894,0.2173445791,0.316045319,0.7187493111,0.4315067246,0.6692902216
904,1.0,0.0,0.0,0.0,1.0,1.0,0.2086924024,0.2213294558,0.3148449342,0.7109388937,0.4325260724,0.6640628216
905,1.0,0.0,0.0,0.0,1.0,1.0,0.1962600852,0.2124249358,0.3184818491,0.7058808544,0.428571267,0.647541711
906,1.0,0.0,0.0,0.0,1.0,1.0,0.1654594851,0.2058709733,0.3528428926,0.7171721388,0.4683097177,0.6666672863
907,1.0,0.0,0.0,0.0,1.0,1.0,0.1648911785,0.2016418205,0.4006734188,0.7244890611,0.5052631105,0.6608692741
908,1.0,0.0,0.0,0.0,1.0,1.0,0.1570068783,0.1981351662,0.4324324547,0.6666674448,0.5263157694,0.6371666625
909,1.0,0.0,0.0,0.0,1.0,1.0,0.1688022151,0.2040382402,0.42809364,0.6930691132,0.5363321261,0.652542846
910,1.0,0.0,0.0,0.0,1.0,1.0,0.2058650413,0.2190556063,0.4418604149,0.6854834622,0.5582192403,0.6796880292
911,1.0,0.0,0.0,0.0,1.0,1.0,0.219712136,0.2276127782,0.4297520527,0.6842116476,0.547945042,0.6766911995
912,1.0,0.0,0.0,0.0,1.0,1.0,0.2284906502,0.2260642024,0.4407894298,0.683452863,0.5476189411,0.69172796
913,1.0,0.0,0.0,0.0,1.0,1.0,0.2306406604,0.2245367439,0.4320785194,0.6808512969,0.5472974181,0.6917297599
914,1.0,0.0,0.0,0.0,1.0,1.0,0.2277414036,0.2305112367,0.4360655833,0.6618711202,0.5521886809,0.6788321403
915,1.0,0.0,0.0,0.0,1.0,1.0,0.2297567452,0.2243644997,0.4351395687,0.6785705395,0.5442177022,0.6893930143
916,1.0,0.0,0.0,0.0,1.0,1.0,0.23419268,0.2234246667,0.4356435232,0.6901408668,0.542662088,0.7022900125
917,1.0,0.0,0.0,0.0,1.0,1.0,0.2301344682,0.2277639424,0.4309210457,0.68571365,0.5408161683,0.6940290577
918,1.0,0.0,0.0,0.0,1.0,1.0,0.229245185,0.2234247755,0.4306930443,0.6906478272,0.5460753002,0.6946569161
919,1.0,0.0,0.0,0.0,1.0,1.0,0.2312760944,0.2318290954,0.4363635519,0.6785716537,0.5532646751,0.6888894699
920,1.0,0.0,0.0,0.0,1.0,1.0,0.2248745422,0.2213295911,0.4383332547,0.6962957524,0.5432527375,0.6953121504
921,1.0,0.0,0.0,0.0,1.0,1.0,0.2179990697,0.2134222594,0.4463086974,0.6923074327,0.5555553441,0.6910568671
922,1.0,0.0,0.0,0.0,1.0,1.0,0.1511184423,0.187395354,0.4467354198,0.75,0.5392858385,0.6857140501
923,1.0,0.0,0.0,0.0,1.0,1.0,0.06510448135,0.1634773486,0.44366203,0.783782849,0.505576189,0.6590904684
924,1.0,0.0,0.0,0.0,1.0,1.0,0.04208203645,0.1839122049,0.4421053352,0.7916618413,0.5018587863,0.5353537099
925,1.0,0.0,0.0,0.0,1.0,1.0,0.04391214346,0.1771397384,0.4446398437,0.7600023912,0.5074626806,0.5368418924
926,1.0,0.0,0.0,0.0,1.0,1.0,0.06928531002,0.1659659193,0.4610051036,0.8250020163,0.536496326,0.6813198241
927,1.0,0.0,0.0,0.0,1.0,1.0,0.1164890952,0.1842942187,0.4408783593,0.7536241391,0.5319148286,0.6923075329
928,1.0,0.0,0.0,0.0,1.0,1.0,0.1794298491,0.2065981956,0.4312080308,0.7289720785,0.5371026004,0.6752142567
929,1.0,0.0,0.0,0.0,1.0,1.0,0.2217306551,0.2238334539,0.4238410488,0.6940301913,0.5416666509,0.6976737886
930,1.0,0.0,0.0,0.0,1.0,1.0,0.2231921115,0.2317042607,0.4252872865,0.6838233529,0.539792424,0.6791041988
931,1.0,0.0,0.0,0.0,1.0,1.0,0.2315184948,0.2334333288,0.4241435381,0.6830981492,0.5397924734,0.6888886382
932,1.0,0.0,0.0,0.0,1.0,1.0,0.2300173075,0.2327470757,0.4246353553,0.6901404502,0.544520452,0.683823374
933,1.0,0.0,0.0,0.0,1.0,1.0,0.2385764673,0.2404800655,0.42258069,0.6824329065,0.5392492278,0.6737593765
934,1.0,0.0,0.0,0.0,1.0,1.0,0.2269263647,0.2259012298,0.4299517505,0.7092208296,0.5410957927,0.68939501
935,1.0,0.0,0.0,0.0,1.0,1.0,0.2345954417,0.2328631081,0.4292605372,0.698630116,0.5374149505,0.6934310499
936,1.0,0.0,0.0,0.0,1.0,1.0,0.2359129738,0.2371557132,0.4210526866,0.6891886498,0.5389828787,0.6857144643
937,1.0,0.0,0.0,0.0,1.0,1.0,0.2362024061,0.2353632129,0.4212218627,0.7074836913,0.5426620015,0.70289839
938,1.0,0.0,0.0,0.0,1.0,1.0,0.2394161076,0.240479766,0.4228295351,0.6979868753,0.5358362661,0.687943784
939,1.0,0.0,0.0,0.0,1.0,1.0,0.2307626249,0.2320738583,0.4267515308,0.7034476568,0.5389831181,0.6861310401
940,1.0,0.0,0.0,0.0,1.0,1.0,0.2306404534,0.2251302748,0.4294871367,0.7013890352,0.5392491026,0.6969690504
941,1.0,0.0,0.0,0.0,1.0,1.0,0.2278021796,0.2276129206,0.4269663081,0.7042249139,0.5376713196,0.6917287239
942,1.0,0.0,0.0,0.0,1.0,1.0,0.2315001718,0.2303800454,0.4249200399,0.7034478448,0.5355931505,0.6838232187
943,1.0,0.0,0.0,0.0,1.0,1.0,0.2394829307,0.2362625777,0.4297124186,0.6999997052,0.5374152293,0.683453947
944,1.0,0.0,0.0,0.0,1.0,1.0,0.2383407873,0.2397310424,0.4292528773,0.7000010368,0.540540571,0.6760571534
945,1.0,0.0,0.0,0.0,1.0,1.0,0.2403116572,0.2405436092,0.4283439858,0.6887416634,0.5389829667,0.6760558976
946,1.0,0.0,0.0,0.0,1.0,1.0,0.2347895924,0.238849462,0.4333332596,0.7027024175,0.5457627823,0.6879442052
947,1.0,0.0,0.0,0.0,1.0,1.0,0.2431074695,0.2473193494,0.4197138645,0.6862752572,0.5355932577,0.6780822339
948,1.0,0.0,0.0,0.0,1.0,1.0,0.2399296433,0.2438911488,0.4213036552,0.6953642776,0.5324233824,0.6993009506
949,1.0,0.0,0.0,0.0,1.0,1.0,0.2371286296,0.2404799858,0.4299363148,0.6979863043,0.53924899,0.6879440185
950,1.0,0.0,0.0,0.0,1.0,1.0,0.2407530591,0.2447614687,0.4263075655,0.697367439,0.53741484,0.6874999035
951,1.0,0.0,0.0,0.0,1.0,1.0,0.2339456923,0.2353631931,0.4267515572,0.7074838515,0.5392491142,0.6811599131
952,1.0,0.0,0.0,0.0,1.0,1.0,0.2323543239,0.2335464234,0.4219746043,0.7054792321,0.529209647,0.6985304138
953,1.0,0.0,0.0,0.0,1.0,1.0,0.2268573166,0.2412446589,0.4142856294,0.7132870317,0.5241378923,0.6785717608
954,1.0,0.0,0.0,0.0,1.0,1.0,0.2189252912,0.2318294679,0.4206348858,0.724637476,0.5257730153,0.7037034655
955,1.0,0.0,0.0,0.0,1.0,1.0,0.2356280098,0.2421331291,0.4145569287,0.7114096105,0.522336656,0.7021270388
956,1.0,0.0,0.0,0.0,1.0,1.0,0.2340465448,0.2429675536,0.4129747249,0.7094601408,0.520689695,0.6950357874
957,1.0,0.0,0.0,0.0,1.0,1.0,0.2368347583,0.2404155432,0.415481812,0.7133328977,0.518900362,0.6928580067
958,1.0,0.0,0.0,0.0,1.0,1.0,0.2301552814,0.2350604527,0.4164037027,0.7054792554,0.5191637457,0.6962954732
959,1.0,0.0,0.0,0.0,1.0,1.0,0.2249139724,0.2386210842,0.4199683768,0.7042256302,0.5328722575,0.6811598507
960,1.0,0.0,0.0,0.0,1.0,1.0,0.1527599823,0.2224904699,0.4357723551,0.7127670742,0.5335690127,0.6587307803
961,1.0,0.0,0.0,0.0,1.0,1.0,0.05959198097,0.2082171343,0.4463373282,0.8000012504,0.4962123926,0.5818186882
962,1.0,0.0,0.0,0.0,1.0,1.0,0.05393277513,0.2179235424,0.4468802016,0.7812497851,0.507518682,0.5603457925
963,1.0,0.0,0.0,0.0,1.0,1.0,0.0904097997,0.2068441273,0.4111843157,0.8727275594,0.4945054989,0.6902669299
964,1.0,0.0,0.0,0.0,1.0,1.0,0.178932022,0.2274718383,0.3999999823,0.7297302632,0.4910393604,0.669291325
965,1.0,0.0,0.0,0.0,1.0,1.0,0.2166509621,0.2394495914,0.4018986953,0.7080293602,0.5138888573,0.6666666667
966,1.0,0.0,0.0,0.0,1.0,1.0,0.2313665152,0.2515957665,0.4015748305,0.7006798839,0.5069444524,0.6689662313
967,1.0,0.0,0.0,0.0,1.0,1.0,0.2364611014,0.2524541382,0.4037853865,0.70666719,0.5051903114,0.664383531
968,1.0,0.0,0.0,0.0,1.0,1.0,0.2357173579,0.2550660365,0.3977987912,0.6933336261,0.5034722262,0.6598627567
969,1.0,0.0,0.0,0.0,1.0,1.0,0.2257820593,0.2438086588,0.3965244781,0.7132868317,0.5017300735,0.6737590535
970,1.0,0.0,0.0,0.0,1.0,1.0,0.2308835639,0.2498602196,0.4003164188,0.705479318,0.5034721984,0.6736108779
971,1.0,0.0,0.0,0.0,1.0,1.0,0.2324649223,0.2489957124,0.4003164587,0.68707468,0.5051905466,0.6736115591
972,1.0,0.0,0.0,0.0,1.0,1.0,0.2347897085,0.2516077477,0.3936508269,0.695945541,0.499999811,0.6666661659
973,1.0,0.0,0.0,0.0,1.0,1.0,0.2308835709,0.2542132475,0.3939873667,0.6917804879,0.4982575157,0.6643841462
974,1.0,0.0,0.0,0.0,1.0,1.0,0.2229764116,0.2455074762,0.398734197,0.6879441248,0.5052264462,0.6666656273
975,1.0,0.0,0.0,0.0,1.0,1.0,0.2169944857,0.240284182,0.3882724921,0.70802929,0.5017419844,0.6666661402
976,1.0,0.0,0.0,0.0,1.0,1.0,0.216308929,0.2394493391,0.3854660762,0.715328985,0.4965278004,0.6594204175
977,1.0,0.0,0.0,0.0,1.0,1.0,0.2180310329,0.2402837163,0.4028662058,0.7153286083,0.5052263831,0.6739134955
978,1.0,0.0,0.0,0.0,1.0,1.0,0.2247934895,0.2542752163,0.4012945533,0.7122305132,0.5123675794,0.6736111218
979,1.0,0.0,0.0,0.0,1.0,1.0,0.2189882903,0.2408726298,0.4003294597,0.7142852416,0.5107913868,0.6641788962
980,1.0,0.0,0.0,0.0,1.0,1.0,0.2294893785,0.249860374,0.397670488,0.7028975667,0.5,0.6594202672
981,1.0,0.0,0.0,0.0,1.0,1.0,0.2132141614,0.2397930517,0.3900000381,0.7031244412,0.494505455,0.6641227345
982,1.0,0.0,0.0,0.0,1.0,1.0,0.217998957,0.239792877,0.3942952468,0.7076928707,0.5018314438,0.6793888594
983,1.0,0.0,0.0,0.0,1.0,1.0,0.2300040198,0.2525862997,0.3907285256,0.6834531251,0.4981815773,0.6618703127
984,1.0,0.0,0.0,0.0,1.0,1.0,0.2187332827,0.2471151509,0.3922559183,0.6999989887,0.4981686172,0.6740744708
985,1.0,0.0,0.0,0.0,1.0,1.0,0.2172700989,0.2480368854,0.3896320116,0.6999996639,0.4963502603,0.6691172101
986,1.0,0.0,0.0,0.0,1.0,1.0,0.2179991543,0.2416831047,0.3926174145,0.7230767946,0.5018180785,0.6766918644
987,1.0,0.0,0.0,0.0,1.0,1.0,0.2252497759,0.2525864573,0.3906511549,0.6962953659,0.4945453701,0.669064714
988,1.0,0.0,0.0,0.0,1.0,1.0,0.2142859908,0.2426180004,0.3902846518,0.7031247043,0.5,0.6716410552
989,1.0,0.0,0.0,0.0,1.0,1.0,0.214645134,0.240807441,0.3942952843,0.6796875267,0.5036232344,0.6691732667
990,1.0,0.0,0.0,0.0,1.0,1.0,0.2269185181,0.2498605003,0.3923205182,0.6838245747,0.5035973161,0.6618709533
991,1.0,0.0,0.0,0.0,1.0,1.0,0.2142856357,0.2408074796,0.3936348903,0.7109368451,0.5072462561,0.6691730561
992,1.0,0.0,0.0,0.0,1.0,1.0,0.2213528769,0.2389969686,0.3909396753,0.7196971369,0.5036230223,0.6818188762
993,1.0,0.0,0.0,0.0,1.0,1.0,0.2239553755,0.2381341283,0.3946488399,0.7089550525,0.5090252894,0.6818190146
994,1.0,0.0,0.0,0.0,1.0,1.0,0.2289691809,0.2435462962,0.3929765022,0.7226270371,0.5090254063,0.6888889249
995,1.0,0.0,0.0,0.0,1.0,1.0,0.226004409,0.2444286868,0.3919598867,0.7259255383,0.4963771925,0.6888892886
996,1.0,0.0,0.0,0.0,1.0,1.0,0.2282057874,0.2435462829,0.3833333687,0.7080291735,0.4909748792,0.6740735518
997,1.0,0.0,0.0,0.0,1.0,1.0,0.2266076449,0.236231595,0.3874788162,0.7164182514,0.5054543562,0.6846154493
998,1.0,0.0,0.0,0.0,1.0,1.0,0.2196758504,0.2353761206,0.3909396852,0.7175573155,0.510869634,0.699999832
999,1.0,0.0,0.0,0.0,1.0,1.0,0.2284437106,0.2435002955,0.3899160341,0.7132355534,0.505454508,0.6791041135
1000,1.0,0.0,0.0,0.0,1.0,1.0,0.2213526079,0.2408079555,0.3825503492,0.712122346,0.5036232402,0.6917282312
1001,1.0,0.0,0.0,0.0,1.0,1.0,0.2273774169,0.2434541461,0.3803056242,0.716417305,0.4981686454,0.6992470264
1002,1.0,0.0,0.0,0.0,1.0,1.0,0.2266077908,0.2379622863,0.3891709993,0.708955865,0.4981686278,0.6923062785
1003,1.0,0.0,0.0,0.0,1.0,1.0,0.2241898817,0.2406063665,0.3972602281,0.7022906465,0.5111108965,0.6923079496
1004,1.0,0.0,0.0,0.0,1.0,1.0,0.2219071002,0.2340703388,0.3958691743,0.6976755557,0.5092937839,0.7063487405
1005,1.0,0.0,0.0,0.0,1.0,1.0,0.2242224354,0.2423456796,0.3843478736,0.6976746499,0.492481132,0.6899234827
1006,1.0,0.0,0.0,0.0,1.0,1.0,0.2232609763,0.2376947237,0.3961606207,0.7187511554,0.5018723998,0.6929137059
1007,1.0,0.0,0.0,0.0,1.0,1.0,0.2347567956,0.2535898628,0.3937823226,0.6838233882,0.5037316387,0.6911758114
1008,1.0,0.0,0.0,0.0,1.0,1.0,0.2148000929,0.2355005309,0.3836590324,0.7024798931,0.4942529582,0.6910577434
1009,1.0,0.0,0.0,0.0,1.0,1.0,0.1948373064,0.2266179389,0.3880866435,0.6759259259,0.4961239055,0.6837606838
1010,1.0,0.0,0.0,0.0,1.0,1.0,0.2078406364,0.2266176535,0.3978300001,0.6869562961,0.5038758282,0.692307412
1011,1.0,0.0,0.0,0.0,1.0,1.0,0.2020530774,0.2257424855,0.4007221213,0.6875,0.5096526685,0.6923069984
1012,1.0,0.0,0.0,0.0,1.0,1.0,0.2045956778,0.2276717913,0.4057970488,0.6902661809,0.5173743696,0.6949151936
1013,1.0,0.0,0.0,0.0,1.0,1.0,0.1926196958,0.2205798475,0.3981818323,0.6792459604,0.5,0.6725654444
1014,1.0,0.0,0.0,0.0,1.0,1.0,0.1932004909,0.2269650657,0.3959107342,0.682691997,0.4900399589,0.7105266067
1015,1.0,0.0,0.0,0.0,1.0,1.0,0.1950128975,0.2298717947,0.4090056646,0.6826921543,0.5079997231,0.6956518603
1016,1.0,0.0,0.0,0.0,1.0,1.0,0.1938656866,0.2258738527,0.3973634414,0.6796108731,0.4919999868,0.6814144599
1017,1.0,0.0,0.0,0.0,1.0,1.0,0.1950129204,0.224774175,0.4108818338,0.6538453059,0.5060241619,0.6785709633
1018,1.0,0.0,0.0,0.0,1.0,1.0,0.2101097806,0.2318705052,0.4185606601,0.639639457,0.5159999804,0.6637922369
1019,1.0,0.0,0.0,0.0,1.0,1.0,0.1949669689,0.2297105327,0.4166666342,0.6407759816,0.5120968895,0.6578941195
1020,1.0,0.0,0.0,0.0,1.0,1.0,0.1889304382,0.2236655769,0.4083176117,0.6500004084,0.5080645095,0.6756753277
1021,1.0,0.0,0.0,0.0,1.0,1.0,0.1786075909,0.2245707749,0.431558906,0.6595746071,0.5182184592,0.6666672814
1022,1.0,0.0,0.0,0.0,1.0,1.0,0.1945478653,0.2207600797,0.4103053532,0.6372541124,0.4979919811,0.6545449793
1023,1.0,0.0,0.0,0.0,1.0,1.0,0.1891870187,0.2245709239,0.4149138709,0.64646583,0.4939271605,0.6666666667
1024,1.0,0.0,0.0,0.0,1.0,1.0,0.1983625146,0.225680262,0.4007632934,0.663461331,0.4919353513,0.6874995446
1025,1.0,0.0,0.0,0.0,1.0,1.0,0.1858544567,0.222547765,0.3946869349,0.6530605396,0.485829877,0.6909103141
1026,1.0,0.0,0.0,0.0,1.0,1.0,0.1810311432,0.2207601028,0.407547173,0.6666673627,0.4939758648,0.672728068
1027,1.0,0.0,0.0,0.0,1.0,1.0,0.1784032529,0.2153270432,0.4088290489,0.6666652004,0.4878046247,0.6886790632
1028,1.0,0.0,0.0,0.0,1.0,1.0,0.1576042203,0.2129957407,0.4134616224,0.6707330739,0.5000002091,0.6923064841
1029,1.0,0.0,0.0,0.0,1.0,1.0,0.1697890757,0.2191400965,0.4131274048,0.6704553313,0.4877048925,0.6822423883
1030,1.0,0.0,0.0,0.0,1.0,1.0,0.1713877035,0.2241549067,0.3988440352,0.68539331,0.4814813726,0.7155958489
1031,1.0,0.0,0.0,0.0,1.0,1.0,0.1811966111,0.2243643327,0.3988550096,0.6421057649,0.493877282,0.690909159
1032,1.0,0.0,0.0,0.0,1.0,1.0,0.1906447633,0.2202853281,0.4065510949,0.6565661399,0.497959302,0.685184267
1033,1.0,0.0,0.0,0.0,1.0,1.0,0.1960807831,0.2295467937,0.3942856026,0.6796110244,0.4878049279,0.6725663717
1034,1.0,0.0,0.0,0.0,1.0,1.0,0.1755776688,0.2223247891,0.4054054001,0.681318486,0.4979593184,0.6880737349
1035,1.0,0.0,0.0,0.0,1.0,1.0,0.1903700012,0.2336096056,0.3961904909,0.6900001213,0.4878047178,0.6869554516
1036,1.0,0.0,0.0,0.0,1.0,1.0,0.1820614388,0.2236656057,0.4079697014,0.6770832881,0.5040320192,0.6756756249
1037,1.0,0.0,0.0,0.0,1.0,1.0,0.1704028345,0.2243644027,0.4099616731,0.6741569176,0.4938773407,0.6909103031
1038,1.0,0.0,0.0,0.0,1.0,1.0,0.178268531,0.2236652369,0.4022770734,0.6808511108,0.4959676813,0.6846856942
1039,1.0,0.0,0.0,0.0,1.0,1.0,0.1791453861,0.2267811652,0.4056603856,0.6842114432,0.4979918195,0.6991154007
1040,1.0,0.0,0.0,0.0,1.0,1.0,0.1748074563,0.2304838807,0.4011406954,0.6739132875,0.4897959958,0.6902644352
1041,1.0,0.0,0.0,0.0,1.0,1.0,0.1815430946,0.2314281304,0.3957935151,0.642105761,0.4795082944,0.6725660838
1042,1.0,0.0,0.0,0.0,1.0,1.0,0.174566501,0.2323804564,0.3953935277,0.6483521953,0.4855967601,0.6725664362
1043,1.0,0.0,0.0,0.0,1.0,1.0,0.1691363501,0.2364932826,0.4000001176,0.6704531232,0.4814815592,0.6869566143
1044,1.0,0.0,0.0,0.0,1.0,1.0,0.165610542,0.2322350567,0.4046242273,0.6627904209,0.4896267427,0.7053580731
1045,1.0,0.0,0.0,0.0,1.0,1.0,0.1520064316,0.2254841532,0.4125474508,0.6625021122,0.5000002112,0.711711948
1046,1.0,0.0,0.0,0.0,1.0,1.0,0.1471451803,0.2282674922,0.4187381033,0.7012993153,0.5061729268,0.7117104971
1047,1.0,0.0,0.0,0.0,1.0,1.0,0.1556822592,0.2343087694,0.4192308126,0.7037049176,0.4979250845,0.7168145591
1048,1.0,0.0,0.0,0.0,1.0,1.0,0.1640305638,0.2323805348,0.4160305503,0.7209291065,0.4979423851,0.734514057
1049,1.0,0.0,0.0,0.0,1.0,1.0,0.1575106027,0.2326636566,0.4296436566,0.7023806011,0.5182185253,0.7304349701
1050,1.0,0.0,0.0,0.0,1.0,1.0,0.1569217217,0.2297103595,0.420560777,0.702380863,0.504032188,0.7192993782
1051,1.0,0.0,0.0,0.0,1.0,1.0,0.1565163534,0.2336092953,0.4264152029,0.7228926581,0.5121950391,0.7304346562
1052,1.0,0.0,0.0,0.0,1.0,1.0,0.1668933975,0.2374707166,0.4414586664,0.7126425072,0.5165289327,0.7304342683
1053,1.0,0.0,0.0,0.0,1.0,1.0,0.1656109208,0.2383604758,0.4065510597,0.6976732422,0.4853555434,0.7105276548
1054,1.0,0.0,0.0,0.0,1.0,1.0,0.1822397467,0.2426032941,0.4203454849,0.6631585525,0.502074414,0.6837609529
1055,1.0,0.0,0.0,0.0,1.0,1.0,0.1758098099,0.2457304131,0.4206500669,0.6847835607,0.4999997867,0.6974793126
1056,1.0,0.0,0.0,0.0,1.0,1.0,0.1694292614,0.2488321853,0.411428568,0.685394176,0.4938270972,0.7107448512
1057,1.0,0.0,0.0,0.0,1.0,1.0,0.1834539179,0.2571175187,0.4130019378,0.6770835794,0.5062239423,0.7096769904
1058,1.0,0.0,0.0,0.0,1.0,1.0,0.1846590348,0.2488322404,0.4285714286,0.7113391033,0.5185185501,0.6942149327
1059,1.0,0.0,0.0,0.0,1.0,1.0,0.2100141325,0.2538901756,0.4071294291,0.6875003497,0.504032331,0.6904759931
1060,1.0,0.0,0.0,0.0,1.0,1.0,0.1953367606,0.2437666994,0.4136622323,0.6990292446,0.5162601557,0.7000005233
1061,1.0,0.0,0.0,0.0,1.0,1.0,0.1961519589,0.2458627402,0.3999999605,0.7333342736,0.5120001996,0.6991884882
1062,1.0,0.0,0.0,0.0,1.0,1.0,0.2137746633,0.2518125981,0.389396673,0.7179480631,0.5039060124,0.7131788076
1063,1.0,0.0,0.0,0.0,1.0,1.0,0.2016729787,0.2460163117,0.3839286061,0.7079644143,0.5038461683,0.6953123273
1064,1.0,0.0,0.0,0.0,1.0,1.0,0.1956203872,0.241244781,0.3896796688,0.7454529481,0.5172415211,0.7222218435
1065,1.0,0.0,0.0,0.0,1.0,1.0,0.1998885171,0.2376028863,0.396460141,0.7168140066,0.5245282664,0.7063500388
1066,1.0,0.0,0.0,0.0,1.0,1.0,0.2182492892,0.2333258858,0.3795493986,0.7063490971,0.5147060053,0.6771657441
1067,1.0,0.0,0.0,0.0,1.0,1.0,0.2092258019,0.2243272776,0.3910034693,0.7190083092,0.529196999,0.6910564202
1068,1.0,0.0,0.0,0.0,1.0,1.0,0.2203629613,0.2313521742,0.3802083556,0.7322834646,0.5148148433,0.704
1069,1.0,0.0,0.0,0.0,1.0,1.0,0.2002333784,0.2241395757,0.3886009444,0.7241385098,0.525735224,0.6967201487
1070,1.0,0.0,0.0,0.0,1.0,1.0,0.2081452229,0.2233184583,0.3786574137,0.7603317496,0.5164835994,0.7377045098
1071,1.0,0.0,0.0,0.0,1.0,1.0,0.2152642418,0.2216944066,0.381196574,0.7380949127,0.5163637388,0.7213111573
1072,1.0,0.0,0.0,0.0,1.0,1.0,0.2056675246,0.219080617,0.3860544369,0.7355372346,0.5217392502,0.7190088732
1073,1.0,0.0,0.0,0.0,1.0,1.0,0.2170503475,0.2238896186,0.3888889092,0.7364342001,0.5232975763,0.7199989549
1074,1.0,0.0,0.0,0.0,1.0,1.0,0.2234047238,0.2300873893,0.3781512713,0.729323752,0.5179853437,0.7031255056
1075,1.0,0.0,0.0,0.0,1.0,1.0,0.2193079719,0.2220981005,0.3986599547,0.7251903881,0.5340503839,0.7177419211
1076,1.0,0.0,0.0,0.0,1.0,1.0,0.2211604894,0.2228969702,0.3749999768,0.7328241713,0.5107915773,0.7096778769
1077,1.0,0.0,0.0,0.0,1.0,1.0,0.2140459292,0.2193022483,0.3726812828,0.724409061,0.5071945054,0.7131144063
1078,1.0,0.0,0.0,0.0,1.0,1.0,0.2096967596,0.2203071766,0.3773265174,0.758064378,0.5197134266,0.7317073171
1079,1.0,0.0,0.0,0.0,1.0,1.0,0.2158656244,0.2172698608,0.3741496549,0.7165357944,0.5036233074,0.7083343077
1080,1.0,0.0,0.0,0.0,1.0,1.0,0.21947224,0.2193023003,0.3716216657,0.7307696176,0.5071943235,0.7131152373
1081,1.0,0.0,0.0,0.0,1.0,1.0,0.2224786069,0.2263225959,0.3835616008,0.7384614361,0.5108694716,0.720000761
1082,1.0,0.0,0.0,0.0,1.0,1.0,0.2089897494,0.2200936076,0.3811130574,0.7419361058,0.5126353055,0.7049189965
1083,1.0,0.0,0.0,0.0,1.0,1.0,0.2106750405,0.221099826,0.3844857156,0.7520005694,0.5107915409,0.7235763466
1084,1.0,0.0,0.0,0.0,1.0,1.0,0.2160955214,0.215706832,0.3851350874,0.7578121155,0.5107912573,0.7333318852
1085,1.0,0.0,0.0,0.0,1.0,1.0,0.2092634946,0.2149334147,0.3752093061,0.7439998613,0.5053763816,0.7083337847
1086,1.0,0.0,0.0,0.0,1.0,1.0,0.2135702917,0.2126473953,0.380634398,0.7578119791,0.5035460168,0.7333330902
1087,1.0,0.0,0.0,0.0,1.0,1.0,0.1945671303,0.2164283871,0.382695468,0.7606830991,0.5070421466,0.7073175435
1088,1.0,0.0,0.0,0.0,1.0,1.0,0.1456812924,0.1959337364,0.423728764,0.779070147,0.5287769184,0.7064211277
1089,1.0,0.0,0.0,0.0,1.0,1.0,0.0992595306,0.1817168814,0.4349314317,0.8103429389,0.5200001592,0.6999984664
1090,1.0,0.0,0.0,0.0,1.0,1.0,0.1191840012,0.1887435352,0.4361158045,0.7999987645,0.5323742293,0.7047622774
1091,1.0,0.0,0.0,0.0,1.0,1.0,0.1553188865,0.1934402922,0.4121620879,0.7934776919,0.5053763694,0.70370498
1092,1.0,0.0,0.0,0.0,1.0,1.0,0.1932254821,0.2129091499,0.3949998885,0.7758610616,0.5070424106,0.7107441302
1093,1.0,0.0,0.0,0.0,1.0,1.0,0.2259465575,0.225398392,0.4075907956,0.7372257399,0.5174824291,0.689922283
1094,1.0,0.0,0.0,0.0,1.0,1.0,0.2206127681,0.2310534484,0.3963210358,0.7500004133,0.5017921133,0.7131777963
1095,1.0,0.0,0.0,0.0,1.0,1.0,0.2213527274,0.2274713179,0.3942953264,0.7651527046,0.505376155,0.7322834105
1096,1.0,0.0,0.0,0.0,1.0,1.0,0.2288673041,0.2321399972,0.3822076701,0.7697843548,0.5000001948,0.732825491
1097,1.0,0.0,0.0,0.0,1.0,1.0,0.2302635048,0.2314498074,0.3872548391,0.7659569201,0.50877195,0.7272736287
1098,1.0,0.0,0.0,0.0,1.0,1.0,0.2339121595,0.2332029948,0.3895253235,0.7412591471,0.5052631982,0.7218045483
1099,1.0,0.0,0.0,0.0,1.0,1.0,0.2264746204,0.2269858248,0.3908047038,0.7681167217,0.5070422427,0.7209304294
1100,1.0,0.0,0.0,0.0,1.0,1.0,0.2351628634,0.2314496584,0.3856209433,0.7638886125,0.505263162,0.7272737899
1101,1.0,0.0,0.0,0.0,1.0,1.0,0.2208259151,0.2269859648,0.3797054211,0.770371223,0.5035212244,0.7131779444
1102,1.0,0.0,0.0,0.0,1.0,1.0,0.2233851689,0.2250518661,0.3874172546,0.7629616018,0.5070924152,0.7244092583
1103,1.0,0.0,0.0,0.0,1.0,1.0,0.219101929,0.2228971079,0.3895446076,0.7538464351,0.4964028749,0.7177413173
1104,1.0,0.0,0.0,0.0,1.0,1.0,0.2172701995,0.2177352706,0.3846154402,0.7384615129,0.4964286885,0.7049184103
1105,1.0,0.0,0.0,0.0,1.0,1.0,0.2065514002,0.2161914406,0.3899999856,0.7338715991,0.5106381596,0.6803291733
1106,1.0,0.0,0.0,0.0,1.0,1.0,0.1474303285,0.1969701858,0.3807890699,0.7441851131,0.4781018767,0.6666673325
1107,1.0,0.0,0.0,0.0,1.0,1.0,0.1110490008,0.1834179784,0.4179894351,0.7619039473,0.4831459496,0.683673043
1108,1.0,0.0,0.0,0.0,1.0,1.0,0.08576654891,0.1690507016,0.4080559995,0.7551026722,0.4758364507,0.6483509684
1109,1.0,0.0,0.0,0.0,1.0,1.0,0.1062125321,0.1787321286,0.41463416,0.7868838593,0.4963504451,0.6836745662
1110,1.0,0.0,0.0,0.0,1.0,1.0,0.1508590362,0.1941361775,0.3825043758,0.772728611,0.4784173904,0.7037045181
1111,1.0,0.0,0.0,0.0,1.0,1.0,0.2029068372,0.2058709849,0.3842281013,0.7438021702,0.4964789094,0.6923074077
1112,1.0,0.0,0.0,0.0,1.0,1.0,0.2274478374,0.2186280339,0.390365462,0.7299270536,0.5,0.7063493158
1113,1.0,0.0,0.0,0.0,1.0,1.0,0.2334223111,0.2230587495,0.3848683735,0.7183102494,0.498269938,0.7054264617
1114,1.0,0.0,0.0,0.0,1.0,1.0,0.225733154,0.2205664406,0.3862520221,0.7391298893,0.5,0.7109379359
1115,1.0,0.0,0.0,0.0,1.0,1.0,0.2315184378,0.2240125645,0.3898858505,0.7323945385,0.503448152,0.7076920764
1116,1.0,0.0,0.0,0.0,1.0,1.0,0.2327686869,0.2240127906,0.3843647236,0.748252683,0.5034481009,0.7153849924
1117,1.0,0.0,0.0,0.0,1.0,1.0,0.2224617314,0.2168927173,0.3911621104,0.7426471406,0.5069442414,0.6959989628
1118,1.0,0.0,0.0,0.0,1.0,1.0,0.2303909374,0.2193899461,0.3847402067,0.7323943445,0.4947734514,0.714286211
1119,1.0,0.0,0.0,0.0,1.0,1.0,0.2347790837,0.2244358364,0.3866231639,0.7361121634,0.5017543256,0.710938299
1120,1.0,0.0,0.0,0.0,1.0,1.0,0.2331487064,0.2244363115,0.3931484134,0.7272738285,0.5017543726,0.7109375925
1121,1.0,0.0,0.0,0.0,1.0,1.0,0.2335297364,0.2226827063,0.3823528967,0.7412592632,0.4947367697,0.7244104617
1122,1.0,0.0,0.0,0.0,1.0,1.0,0.2381167877,0.2298369863,0.3808751601,0.7346929056,0.5017419771,0.7196961033
1123,1.0,0.0,0.0,0.0,1.0,1.0,0.2445959392,0.2358822826,0.3695298708,0.7284759232,0.4930070697,0.6962970211
1124,1.0,0.0,0.0,0.0,1.0,1.0,0.2401257596,0.2376296291,0.3766234226,0.7364862077,0.4965036591,0.691176447
1125,1.0,0.0,0.0,0.0,1.0,1.0,0.2425829735,0.2341349733,0.3786408092,0.7400009018,0.4965035392,0.7089562081
1126,1.0,0.0,0.0,0.0,1.0,1.0,0.2316370979,0.2280958768,0.3857374907,0.7342663437,0.5156794001,0.7099232054
1127,1.0,0.0,0.0,0.0,1.0,1.0,0.2393486119,0.2385427683,0.372168189,0.7364868968,0.4982579581,0.7153288642
1128,1.0,0.0,0.0,0.0,1.0,1.0,0.2364970325,0.2290387078,0.3841167613,0.7397262949,0.5104164883,0.712121187
1129,1.0,0.0,0.0,0.0,1.0,1.0,0.2360246463,0.2246134651,0.3908794594,0.7379310553,0.5087107562,0.7131774645
1130,1.0,0.0,0.0,0.0,1.0,1.0,0.2302634709,0.2238334436,0.3823530013,0.7446809168,0.499999811,0.7209306253
1131,1.0,0.0,0.0,0.0,1.0,1.0,0.2388910298,0.2307740979,0.3821139097,0.7278908515,0.5069445794,0.6992479961
1132,1.0,0.0,0.0,0.0,1.0,1.0,0.2336358183,0.2290386669,0.3879871093,0.7361106643,0.5104168341,0.7121222757
1133,1.0,0.0,0.0,0.0,1.0,1.0,0.1415736021,0.1987944298,0.3878583637,0.7619047619,0.4781022441,0.697247019
1134,1.0,0.0,0.0,0.0,1.0,1.0,0.03977017062,0.2021340098,0.4584774232,1.0,0.5093631703,0.5555566399
1135,1.0,0.0,0.0,0.0,1.0,1.0,0.02602707974,0.20443107,0.4496527649,0.6666666667,0.4924243648,0.4814822865
1136,1.0,0.0,0.0,0.0,1.0,1.0,0.02602701978,0.2082170796,0.4600694049,0.5333295689,0.4924243487,0.4727275877
1137,1.0,0.0,0.0,0.0,1.0,1.0,0.01892226249,0.2112028144,0.4492255791,0.5454616375,0.4867923399,0.4732140121
1138,1.0,0.0,0.0,0.0,1.0,1.0,0.03075184169,0.210409102,0.4547009303,0.6666746366,0.5,0.4910707595
1139,1.0,0.0,0.0,0.0,1.0,1.0,0.04604950665,0.1957859397,0.44539239,0.7777759954,0.5037315904,0.5809520077
1140,1.0,0.0,0.0,0.0,1.0,1.0,0.07739800042,0.173895571,0.4393939477,0.7608681299,0.5128202277,0.6842105263
1141,1.0,0.0,0.0,0.0,1.0,1.0,0.1671199303,0.2103141699,0.3868853621,0.7843135976,0.4784173666,0.7264971198
1142,1.0,0.0,0.0,0.0,1.0,1.0,0.1892146833,0.2181878609,0.3883495822,0.7521363379,0.4964788354,0.7016143501
1143,1.0,0.0,0.0,0.0,1.0,1.0,0.2002114698,0.2146686492,0.4054927159,0.7741929216,0.5105633884,0.7213115637
1144,1.0,0.0,0.0,0.0,1.0,1.0,0.1940661657,0.2181882607,0.4029126386,0.7750002293,0.5105631867,0.701612116
1145,1.0,0.0,0.0,0.0,1.0,1.0,0.1744541575,0.211625486,0.3898858673,0.7663551787,0.4839856996,0.6974789294
1146,1.0,0.0,0.0,0.0,1.0,1.0,0.05023160119,0.1805074063,0.4610051799,0.7586240159,0.4980989946,0.599999547
1147,1.0,0.0,0.0,0.0,1.0,1.0,0.01905343699,0.2101098618,0.4800692385,0.7272674294,0.5265153629,0.4594597196
1148,1.0,0.0,0.0,0.0,1.0,1.0,0.01567075363,0.2128088196,0.4773520187,0.555558209,0.5209123627,0.4285706061
1149,1.0,0.0,0.0,0.0,1.0,1.0,0.02085777139,0.2147092157,0.481739237,0.3333333333,0.5209124986,0.4247791259
1150,1.0,0.0,0.0,0.0,1.0,1.0,0.02074989682,0.201774126,0.4792387993,0.4166726696,0.5207549184,0.4392519778
1151,1.0,0.0,0.0,0.0,1.0,1.0,0.04841591391,0.1740598222,0.484429053,0.785709289,0.5430711748,0.6021496569
1152,1.0,0.0,0.0,0.0,1.0,1.0,0.1228269309,0.1892323658,0.4141413312,0.8082175097,0.4999998008,0.7087379867
1153,1.0,0.0,0.0,0.0,1.0,1.0,0.1759814229,0.2056615239,0.4136212657,0.7830180958,0.5198554784,0.7105255147
1154,1.0,0.0,0.0,0.0,1.0,1.0,0.13568592,0.1969702429,0.4089404903,0.8292681011,0.4890512035,0.722222885
1155,1.0,0.0,0.0,0.0,1.0,1.0,0.02904376223,0.2198020187,0.4752137323,0.5882352941,0.5300749882,0.4871784936
1156,1.0,0.0,0.0,0.0,1.0,1.0,0.03285378692,0.228718136,0.4705883451,0.4736913896,0.50769218,0.4285714286
1157,1.0,0.0,0.0,0.0,1.0,1.0,0.03714112049,0.2058775171,0.4493243544,0.9090971989,0.5093632486,0.554545203
1158,1.0,0.0,0.0,0.0,1.0,1.0,0.1158293293,0.2042654513,0.4089404559,0.8428569175,0.4963502738,0.7053586921
1159,1.0,0.0,0.0,0.0,1.0,1.0,0.2050553805,0.2250515314,0.38287552,0.7637798425,0.4893616522,0.6850398219
1160,1.0,0.0,0.0,0.0,1.0,1.0,0.2502588793,0.2454772347,0.3763955666,0.7324848451,0.487719301,0.692857008
1161,1.0,0.0,0.0,0.0,1.0,1.0,0.2371285643,0.2436800692,0.3821656359,0.7449675375,0.4982330915,0.7101450667
1162,1.0,0.0,0.0,0.0,1.0,1.0,0.2478616153,0.2472118189,0.388800009,0.7483869781,0.4982331034,0.6928564604
1163,1.0,0.0,0.0,0.0,1.0,1.0,0.2374275737,0.2445442905,0.3868378894,0.7364855328,0.4929075582,0.7028985161
1164,1.0,0.0,0.0,0.0,1.0,1.0,0.2518658365,0.2507496136,0.3836276834,0.7388530586,0.4911034414,0.7021281226
1165,1.0,0.0,0.0,0.0,1.0,1.0,0.2422402339,0.2463163161,0.3820224015,0.7615896937,0.4893618018,0.7194240387
1166,1.0,0.0,0.0,0.0,1.0,1.0,0.2438447709,0.2445062066,0.3756018543,0.750000363,0.4785716255,0.7080287502
1167,1.0,0.0,0.0,0.0,1.0,1.0,0.2386489177,0.2427218314,0.3798077952,0.7449674916,0.4857143422,0.6985287404
1168,1.0,0.0,0.0,0.0,1.0,1.0,0.2430642592,0.2489714808,0.3712000268,0.7434207487,0.4839857693,0.6928572884
1169,1.0,0.0,0.0,0.0,1.0,1.0,0.225271085,0.2402164791,0.3825396195,0.7676054825,0.4982453473,0.7153286413
1170,1.0,0.0,0.0,0.0,1.0,1.0,0.2226320339,0.2348515148,0.3846154376,0.7625901505,0.5017667509,0.7142854835
1171,1.0,0.0,0.0,0.0,1.0,1.0,0.2178271436,0.2356841907,0.39423072,0.7794119795,0.510638456,0.729322672
1172,1.0,0.0,0.0,0.0,1.0,1.0,0.06992653737,0.2071086691,0.4436859417,0.9512226423,0.5057031813,0.6513758515
1173,1.0,0.0,0.0,0.0,1.0,1.0,0.03229501593,0.225253245,0.4557823356,0.9473647982,0.5151517902,0.5462190415
1174,1.0,0.0,0.0,0.0,1.0,1.0,0.04604933248,0.2195744077,0.4505120669,0.9629623584,0.5189393355,0.586206307
1175,1.0,0.0,0.0,0.0,1.0,1.0,0.1387183651,0.2065266428,0.3979932912,0.7831328527,0.4760148478,0.7053584537
1176,1.0,0.0,0.0,0.0,1.0,1.0,0.2183790365,0.2357836836,0.3779905335,0.7372262774,0.4929578117,0.6791039526
1177,1.0,0.0,0.0,0.0,1.0,1.0,0.2192325214,0.2373673846,0.3709676402,0.7279413458,0.4785713687,0.6766920328
1178,1.0,0.0,0.0,0.0,1.0,1.0,0.2247935511,0.2355827396,0.3754044733,0.7482018427,0.4892855452,0.6969702087
1179,1.0,0.0,0.0,0.0,1.0,1.0,0.2328796778,0.2400793947,0.3737863619,0.7499996168,0.4839856534,0.6962965264
1180,1.0,0.0,0.0,0.0,1.0,1.0,0.2321281886,0.2393026861,0.3854839289,0.7361119001,0.4929578068,0.7132359635
1181,1.0,0.0,0.0,0.0,1.0,1.0,0.2302715451,0.2376294953,0.3744000535,0.75,0.4895104543,0.6985299998
1182,1.0,0.0,0.0,0.0,1.0,1.0,0.2393486704,0.2375436437,0.381877004,0.7432419835,0.492957855,0.6962969452
1183,1.0,0.0,0.0,0.0,1.0,1.0,0.2307655278,0.2313195139,0.3934960212,0.7464792488,0.49823321,0.7099238848
1184,1.0,0.0,0.0,0.0,1.0,1.0,0.2368807678,0.2375436402,0.3912338557,0.7260267806,0.5,0.6962963324
1185,1.0,0.0,0.0,0.0,1.0,1.0,0.2213748656,0.2269860292,0.3876220527,0.7647061689,0.492957845,0.7054261841
1186,1.0,0.0,0.0,0.0,1.0,1.0,0.2231762633,0.2295537842,0.3802589213,0.7536241533,0.4911661501,0.707691997
1187,1.0,0.0,0.0,0.0,1.0,1.0,0.2320130232,0.2348512639,0.3717531664,0.748251975,0.480565309,0.6917299099
1188,1.0,0.0,0.0,0.0,1.0,1.0,0.2286305039,0.2277877305,0.3888888539,0.7428562438,0.5053005911,0.6899223085
1189,1.0,0.0,0.0,0.0,1.0,1.0,0.2287682624,0.2219042375,0.3766234178,0.7588655871,0.4860138214,0.7086602317
1190,1.0,0.0,0.0,0.0,1.0,1.0,0.2356406159,0.238463603,0.3788618572,0.7379315366,0.4982454002,0.6985300301
1191,1.0,0.0,0.0,0.0,1.0,1.0,0.2282574578,0.2349561092,0.3784665892,0.735713923,0.4982455758,0.7089557931
1192,1.0,0.0,0.0,0.0,1.0,1.0,0.2344967547,0.234134865,0.3786407663,0.7241375641,0.4965037308,0.7089560096
1193,1.0,0.0,0.0,0.0,1.0,1.0,0.2246301795,0.2236513473,0.3859933922,0.7463777134,0.4999998051,0.7187503812
1194,1.0,0.0,0.0,0.0,1.0,1.0,0.2230026015,0.2226827198,0.382736075,0.7445260895,0.4982455378,0.7165355428
1195,1.0,0.0,0.0,0.0,1.0,1.0,0.2174112518,0.2193894947,0.3847402586,0.7462682624,0.5017423361,0.7142849617
1196,1.0,0.0,0.0,0.0,1.0,1.0,0.2287685675,0.2288932209,0.3798701121,0.7375881309,0.4930070995,0.7099240627
1197,1.0,0.0,0.0,0.0,1.0,1.0,0.1787080805,0.2131427543,0.3675497747,0.75,0.4659498659,0.6890760642
1198,1.0,0.0,0.0,0.0,1.0,1.0,0.02429217406,0.1980028657,0.4392360997,0.9285602308,0.4943397835,0.5428578595
1199,1.0,0.0,0.0,0.0,0.0,1.0,0.0,0.2044311115,0.0,0.0,0.4848486212,0.4907416487
1200,1.0,0.0,0.0,0.0,1.0,1.0,0.05067081128,0.1798239342,0.4440559106,0.8965548219,0.496212308,0.6421061051
1201,1.0,0.0,0.0,0.0,1.0,1.0,0.1468776167,0.2039305236,0.4003379545,0.7931018199,0.4816176573,0.7117106411
1202,1.0,0.0,0.0,0.0,1.0,1.0,0.1950132138,0.2209294024,0.3967479478,0.7583333024,0.501754182,0.6984119977
1203,1.0,0.0,0.0,0.0,1.0,1.0,0.2222781529,0.227145664,0.3831167823,0.7445262269,0.4965034535,0.7000001691
1204,1.0,0.0,0.0,0.0,1.0,1.0,0.2235380966,0.2323877972,0.3841166733,0.7681149658,0.4965035479,0.7218039607
1205,1.0,0.0,0.0,0.0,1.0,1.0,0.2295134222,0.2313198144,0.3762214603,0.7304965424,0.4805652448,0.6793896461
1206,1.0,0.0,0.0,0.0,1.0,1.0,0.2405761414,0.2393029722,0.3877220885,0.7248319701,0.4999998088,0.6985295057
1207,1.0,0.0,0.0,0.0,1.0,1.0,0.239801533,0.2428714414,0.3929146861,0.7248321947,0.5034965225,0.7122297436
1208,1.0,0.0,0.0,0.0,1.0,1.0,0.2337403121,0.2385429215,0.3903225046,0.7310341983,0.5087110635,0.7080289846
1209,1.0,0.0,0.0,0.0,1.0,1.0,0.2390318732,0.2429197768,0.3820223829,0.7449659303,0.4999998137,0.7
1210,1.0,0.0,0.0,0.0,1.0,1.0,0.238648965,0.2411846351,0.3798077313,0.7449657678,0.4930553723,0.6906473793
1211,1.0,0.0,0.0,0.0,1.0,1.0,0.2446633606,0.2489956969,0.3760000966,0.725489114,0.4844290764,0.6874998071
1212,1.0,0.0,0.0,0.0,1.0,1.0,0.2434538268,0.2524724695,0.3766026182,0.7236851373,0.4982577085,0.6896548542
1213,1.0,0.0,0.0,0.0,1.0,1.0,0.2474655797,0.2489897142,0.3785942086,0.7290324592,0.4912893079,0.6993005167
1214,1.0,0.0,0.0,0.0,1.0,1.0,0.2438444725,0.2507308777,0.375601924,0.7236837336,0.4947736341,0.6874997131
1215,1.0,0.0,0.0,0.0,1.0,1.0,0.2534698882,0.2507370391,0.3756019538,0.7341776945,0.4912281861,0.7062927094
1216,1.0,0.0,0.0,0.0,1.0,1.0,0.2370474494,0.2446185762,0.3733974247,0.7297287192,0.4860139833,0.6999995257
1217,1.0,0.0,0.0,0.0,1.0,1.0,0.2426758571,0.2437662877,0.3785943432,0.75,0.4878046804,0.707142597
1218,1.0,0.0,0.0,0.0,1.0,1.0,0.2330965022,0.2393770308,0.3833865173,0.7397262583,0.4930070176,0.7007294741
1219,1.0,0.0,0.0,0.0,1.0,1.0,0.2338438154,0.2411240508,0.384615466,0.7465749498,0.5,0.7028995224
1220,1.0,0.0,0.0,0.0,1.0,1.0,0.2322419626,0.2419701122,0.3878204781,0.7517246605,0.4982456776,0.7028994277
1221,1.0,0.0,0.0,0.0,1.0,1.0,0.2390316207,0.2445819333,0.3772071472,0.7516782625,0.4929578125,0.7122306296
1222,1.0,0.0,0.0,0.0,1.0,1.0,0.2374278111,0.2384634907,0.3723916557,0.749999629,0.4807015895,0.7058827329
1223,1.0,0.0,0.0,0.0,1.0,1.0,0.2406360803,0.2472303164,0.3852327593,0.7400001755,0.4947367935,0.6950354941
1224,1.0,0.0,0.0,0.0,1.0,1.0,0.2370470704,0.24372374,0.3830127583,0.7567560684,0.4912280293,0.7050352138
1225,1.0,0.0,0.0,0.0,1.0,1.0,0.2398661352,0.2446183763,0.3839999488,0.7466671208,0.4965035942,0.7071426871
1226,1.0,0.0,0.0,0.0,1.0,1.0,0.2418522922,0.2420253804,0.3798077008,0.7417207261,0.4912890062,0.6978414971
1227,1.0,0.0,0.0,0.0,1.0,1.0,0.239865848,0.2402838793,0.3824000066,0.7533334325,0.4912889551,0.7101445762
1228,1.0,0.0,0.0,0.0,1.0,1.0,0.2378094587,0.2428712445,0.3826366266,0.7432431822,0.4965034693,0.6906479891
1229,1.0,0.0,0.0,0.0,1.0,1.0,0.2365827672,0.2419700398,0.378421932,0.7346946208,0.4912279192,0.6956523847
1230,1.0,0.0,0.0,0.0,1.0,1.0,0.2342189618,0.2393766252,0.3739967172,0.7465758341,0.4930067543,0.7007298223
1231,1.0,0.0,0.0,0.0,1.0,1.0,0.2401257782,0.2489774613,0.3701298471,0.7297303286,0.4876326289,0.6950356809
1232,1.0,0.0,0.0,0.0,1.0,1.0,0.2316372576,0.2330853882,0.384116739,0.7342644686,0.4946996397,0.7121215168
1233,1.0,0.0,0.0,0.0,1.0,1.0,0.2341179042,0.2306403532,0.3877220393,0.7379314758,0.4965032616,0.71212177
1234,1.0,0.0,0.0,0.0,1.0,1.0,0.2325034516,0.2341348478,0.3828757236,0.7361107525,0.4860139767,0.7089558695
1235,1.0,0.0,0.0,0.0,1.0,1.0,0.2251138755,0.2299753912,0.3738019169,0.7446820002,0.4844287254,0.7067679809
1236,1.0,0.0,0.0,0.0,1.0,1.0,0.2267105867,0.233319329,0.3722044351,0.7535213136,0.4843207537,0.7164177871
1237,1.0,0.0,0.0,0.0,1.0,1.0,0.2296452599,0.2271458864,0.3754045102,0.7394364116,0.4825175014,0.707692177
1238,1.0,0.0,0.0,0.0,1.0,1.0,0.2301454687,0.2315781446,0.3784218254,0.7482514684,0.491289208,0.7067661832
1239,1.0,0.0,0.0,0.0,1.0,1.0,0.2381165632,0.2350604835,0.3760130293,0.7414974954,0.4843206871,0.7111110749
1240,1.0,0.0,0.0,0.0,1.0,1.0,0.2325033983,0.2350605097,0.3780291076,0.7361109818,0.4843203107,0.703702784
1241,1.0,0.0,0.0,0.0,1.0,1.0,0.2333642772,0.2368013982,0.3816424914,0.7241374572,0.4947732908,0.6985302616
1242,1.0,0.0,0.0,0.0,1.0,1.0,0.2357327375,0.2342441499,0.3812601886,0.7328765245,0.4930554162,0.7037035817
1243,1.0,0.0,0.0,0.0,1.0,1.0,0.2377315332,0.2333192382,0.3705501826,0.7278910426,0.4773519639,0.7164182342
1244,1.0,0.0,0.0,0.0,1.0,1.0,0.235352258,0.2350603874,0.3774193252,0.7328773939,0.4843206022,0.703704133
1245,1.0,0.0,0.0,0.0,1.0,1.0,0.2406359445,0.2394494389,0.3659710972,0.720001195,0.4722221466,0.7028982919
1246,1.0,0.0,0.0,0.0,1.0,1.0,0.239801751,0.238620875,0.3719806625,0.7315430023,0.4809688235,0.6956525948
1247,1.0,0.0,0.0,0.0,1.0,1.0,0.2311412947,0.2279429495,0.3827362092,0.7394372567,0.4912281247,0.7076907614
1248,1.0,0.0,0.0,0.0,1.0,1.0,0.2273689228,0.2287456815,0.3862519662,0.7338143218,0.4999998072,0.692307433
1249,1.0,0.0,0.0,0.0,1.0,1.0,0.114662071,0.1917745478,0.4160958547,0.8358208955,0.4797047706,0.7211532676
1250,1.0,0.0,0.0,0.0,1.0,1.0,0.0350068084,0.2316714368,0.4640980114,0.5,0.5095786836,0.429751994
1251,1.0,0.0,0.0,0.0,1.0,1.0,0.03531597117,0.2278421478,0.4664310951,0.3999978471,0.5095785599,0.428571687
1252,1.0,0.0,0.0,0.0,1.0,1.0,0.02658068536,0.2160953776,0.4521275659,0.6666714141,0.4942085181,0.4642859187
1253,1.0,0.0,0.0,0.0,1.0,1.0,0.03458288528,0.1878648627,0.4377162069,0.9,0.5,0.5800003438
1254,1.0,0.0,0.0,0.0,1.0,1.0,0.09825027938,0.1922004165,0.406779644,0.7586224825,0.4945056418,0.695238232
1255,1.0,0.0,0.0,0.0,1.0,1.0,0.1815680258,0.2134040584,0.3731587615,0.7207209683,0.4839857155,0.6833336057
1256,1.0,0.0,0.0,0.0,1.0,1.0,0.1998883193,0.2144191977,0.3590163874,0.7459019471,0.471631,0.7190076535
1257,1.0,0.0,0.0,0.0,1.0,1.0,0.2005403929,0.214668883,0.3752038661,0.7398368462,0.489436651,0.7131156699
1258,1.0,0.0,0.0,0.0,1.0,1.0,0.2117043451,0.2232793319,0.374384207,0.7364341347,0.4858155728,0.7063489734
1259,1.0,0.0,0.0,0.0,1.0,1.0,0.2107554686,0.2222955672,0.3789127382,0.7421880931,0.4804272594,0.7040009536
1260,1.0,0.0,0.0,0.0,1.0,1.0,0.1872916375,0.2237016305,0.3847428743,0.7787613378,0.4873643657,0.7177426515
1261,1.0,0.0,0.0,0.0,1.0,1.0,0.01963188694,0.2006603976,0.4803570569,0.909080362,0.5212355656,0.5288453672
1262,1.0,0.0,0.0,0.0,1.0,1.0,0.03476330061,0.2176813823,0.4695651321,0.3999957411,0.5113636547,0.4173900645
1263,1.0,0.0,0.0,0.0,1.0,1.0,0.01938949015,0.2048663395,0.4462081548,0.8181746934,0.490421282,0.4672894749
1264,1.0,0.0,0.0,0.0,1.0,1.0,0.06640266207,0.1845983421,0.3816013811,0.8205086955,0.4589551742,0.6666673951
1265,1.0,0.0,0.0,0.0,1.0,1.0,0.1513297551,0.2056614003,0.3710481768,0.7912083109,0.4657038977,0.7192985177
1266,1.0,0.0,0.0,0.0,1.0,1.0,0.2034694188,0.2217068367,0.3827361336,0.743999944,0.4894366495,0.706349041
1267,1.0,0.0,0.0,0.0,1.0,1.0,0.2191902918,0.2276307814,0.3633387413,0.7537312703,0.4697508703,0.7031254534
1268,1.0,0.0,0.0,0.0,1.0,1.0,0.219389594,0.227788059,0.3674796078,0.7333325661,0.4770318603,0.7054260098
1269,1.0,0.0,0.0,0.0,1.0,1.0,0.2188321065,0.2250515525,0.3676470799,0.731343406,0.4716310523,0.708662317
1270,1.0,0.0,0.0,0.0,1.0,1.0,0.2171990945,0.2242565782,0.3758169019,0.7518796869,0.4840988113,0.7086617028
1271,1.0,0.0,0.0,0.0,1.0,1.0,0.2184750692,0.219175766,0.376835291,0.7388059209,0.4877192479,0.7120004105
1272,1.0,0.0,0.0,0.0,1.0,1.0,0.2152139647,0.2294094022,0.3686786816,0.7348484722,0.4768680978,0.6976741015
1273,1.0,0.0,0.0,0.0,1.0,1.0,0.223731453,0.2287455509,0.3741830688,0.751825646,0.4788731092,0.7076924373
1274,1.0,0.0,0.0,0.0,1.0,1.0,0.2247938633,0.2288930277,0.3754046082,0.7482004896,0.4895104112,0.7099235225
1275,1.0,0.0,0.0,0.0,1.0,1.0,0.2069472015,0.2271460212,0.3820225139,0.7751934515,0.493007107,0.7307694936
1276,1.0,0.0,0.0,0.0,1.0,1.0,0.2240683801,0.2341352694,0.3790322452,0.7553958999,0.4965036417,0.7089554077
1277,1.0,0.0,0.0,0.0,1.0,1.0,0.1884194404,0.2230897793,0.3819671947,0.7739121217,0.4857141858,0.7119992059
1278,1.0,0.0,0.0,0.0,0.0,1.0,0.0,0.2246806348,0.0,0.0,0.5000002083,0.5086216807
1279,1.0,0.0,0.0,0.0,1.0,1.0,0.02287473265,0.2208067242,0.4595070696,0.6153820708,0.4883720833,0.4122802881
1280,1.0,0.0,0.0,0.0,0.0,1.0,0.0,0.221030736,0.0,0.0,0.5076924327,0.495652094
1281,1.0,0.0,0.0,0.0,1.0,1.0,0.07138866387,0.1845986348,0.4302720589,0.761908365,0.5000001975,0.6565651162
1282,1.0,0.0,0.0,0.0,1.0,1.0,0.1280480594,0.1937323101,0.4043260658,0.766235107,0.4891304855,0.700935499
1283,1.0,0.0,0.0,0.0,1.0,1.0,0.2021525632,0.2305052874,0.3786408333,0.7360002378,0.4788732936,0.679389886
1284,1.0,0.0,0.0,0.0,1.0,1.0,0.2285355311,0.2375435718,0.3768116018,0.7535217519,0.4788730886,0.6962961293
1285,1.0,0.0,0.0,0.0,1.0,1.0,0.2289044097,0.2445818888,0.3790323263,0.7394362116,0.4823943058,0.6906471794
1286,1.0,0.0,0.0,0.0,1.0,1.0,0.2330966278,0.2498604254,0.3753993512,0.7397256539,0.4860137523,0.6853148475
1287,1.0,0.0,0.0,0.0,1.0,1.0,0.233364171,0.2437236704,0.375201236,0.7310345036,0.484210587,0.6834535098
1288,1.0,0.0,0.0,0.0,1.0,1.0,0.2313821085,0.2411239984,0.3890675799,0.7361111321,0.4965034539,0.7101452709
1289,1.0,0.0,0.0,0.0,1.0,1.0,0.2381920894,0.2437666424,0.3864733637,0.7364862385,0.4912893199,0.6857145961
1290,1.0,0.0,0.0,0.0,1.0,1.0,0.233843878,0.2446549974,0.3782051452,0.7328775078,0.4861109413,0.6879431738
1291,1.0,0.0,0.0,0.0,1.0,1.0,0.2422402288,0.2489898431,0.3772070041,0.7417219497,0.4912892435,0.6923083944
1292,1.0,0.0,0.0,0.0,1.0,1.0,0.238648748,0.2455074217,0.3782051146,0.738255153,0.4878046903,0.6950347271
1293,1.0,0.0,0.0,0.0,1.0,1.0,0.2313819508,0.2411243221,0.3810289011,0.7430554916,0.4930069714,0.7028985739
1294,1.0,0.0,0.0,0.0,1.0,1.0,0.2378862917,0.2437660403,0.3785943114,0.7516774203,0.4843205291,0.700000478
1295,1.0,0.0,0.0,0.0,1.0,1.0,0.2307628027,0.248113368,0.3742038019,0.7379312222,0.4825173379,0.6830983197
1296,1.0,0.0,0.0,0.0,1.0,1.0,0.236289614,0.2472489695,0.3785942511,0.7364867274,0.484320642,0.697182188
1297,1.0,0.0,0.0,0.0,1.0,1.0,0.2315001967,0.2481133934,0.3769967526,0.7241375742,0.4860138315,0.6760558916
1298,1.0,0.0,0.0,0.0,1.0,1.0,0.2362895092,0.2507373638,0.3722045101,0.7297307655,0.4771928805,0.6853138639
1299,1.0,0.0,0.0,0.0,1.0,1.0,0.232465176,0.2463904936,0.3749999133,0.7482993705,0.4826388149,0.7112672575
1300,1.0,0.0,0.0,0.0,1.0,1.0,0.2396138477,0.2481370839,0.376971585,0.743421336,0.4862067293,0.7013886784
1301,1.0,0.0,0.0,0.0,1.0,1.0,0.2380376827,0.2489959931,0.3769715575,0.7350988926,0.4844290697,0.6874996169
1302,1.0,0.0,0.0,0.0,1.0,1.0,0.2372091081,0.2429675429,0.3781645512,0.7266671284,0.4931032237,0.6950357945
1303,1.0,0.0,0.0,0.0,1.0,1.0,0.2375069342,0.2463662007,0.3684209964,0.7315435034,0.4755243745,0.6879430938
1304,1.0,0.0,0.0,0.0,1.0,1.0,0.2256291018,0.2403502082,0.3831478422,0.732393936,0.4982696951,0.6978422205
1305,1.0,0.0,0.0,0.0,1.0,1.0,0.2434946669,0.2463903437,0.3678344361,0.7385617514,0.4791664028,0.6971826598
1306,1.0,0.0,0.0,0.0,1.0,1.0,0.2316166151,0.2429677213,0.3761904766,0.732876849,0.4931036263,0.6950353249
1307,1.0,0.0,0.0,0.0,1.0,1.0,0.2399295126,0.2463900865,0.3688394774,0.7417219027,0.4861113024,0.7112678462
1308,1.0,0.0,0.0,0.0,1.0,1.0,0.2213951436,0.2438084757,0.3765823161,0.7357146038,0.4878891868,0.6879440913
1309,1.0,0.0,0.0,0.0,1.0,1.0,0.1610940398,0.2172698967,0.3881577937,0.7755113946,0.4710142648,0.6833331196
1310,1.0,0.0,0.0,0.0,1.0,1.0,0.05504642915,0.2223092758,0.4285712938,0.9687560005,0.4828899368,0.6068381359
1311,1.0,0.0,0.0,0.0,1.0,1.0,0.05848706883,0.2147087806,0.4406196205,0.970591676,0.494296447,0.6283191724
1312,1.0,0.0,0.0,0.0,1.0,1.0,0.1494184981,0.2141663766,0.3953489089,0.8111096827,0.4725273057,0.709401215
1313,1.0,0.0,0.0,0.0,1.0,1.0,0.2267105353,0.2472486822,0.3849840965,0.7253518628,0.4947734687,0.6760563598
1314,1.0,0.0,0.0,0.0,1.0,1.0,0.233573911,0.2429677714,0.3863275048,0.7210891375,0.4965519933,0.6879430854
1315,1.0,0.0,0.0,0.0,1.0,1.0,0.2435350678,0.2515836018,0.3813290893,0.7207786371,0.4931035566,0.6849308884
1316,1.0,0.0,0.0,0.0,1.0,1.0,0.2423369601,0.2541538373,0.3882726328,0.7124184021,0.498281727,0.6824318015
1317,1.0,0.0,0.0,0.0,1.0,1.0,0.2364611906,0.2455670333,0.3864353639,0.7333334302,0.5017182941,0.7062938662
1318,1.0,0.0,0.0,0.0,1.0,1.0,0.2305191477,0.2455372958,0.3854661112,0.7191783932,0.4948097692,0.6901408231
1319,1.0,0.0,0.0,0.0,1.0,1.0,0.2226321824,0.2385430372,0.3798076775,0.7338127216,0.4878048126,0.6934302461
1320,1.0,0.0,0.0,0.0,1.0,1.0,0.2346930724,0.2446184698,0.3658146767,0.734693173,0.4755245944,0.699999849
1321,1.0,0.0,0.0,0.0,1.0,1.0,0.2482690505,0.2542132245,0.3614649423,0.7371791838,0.4703835071,0.7123284004
1322,1.0,0.0,0.0,0.0,1.0,1.0,0.2343189587,0.2420254941,0.3668261952,0.7210885069,0.4773519955,0.6978420239
1323,1.0,0.0,0.0,0.0,1.0,1.0,0.2340467105,0.2368920784,0.3765822331,0.722972983,0.4844287867,0.7007298567
1324,1.0,0.0,0.0,0.0,1.0,1.0,0.2312496252,0.2334336016,0.3803486211,0.7397259438,0.4948094634,0.711110378
1325,1.0,0.0,0.0,0.0,1.0,1.0,0.227218179,0.2317047221,0.3799683113,0.7482521494,0.4878890293,0.7089559771
1326,1.0,0.0,0.0,0.0,1.0,1.0,0.2355370665,0.242079092,0.3694266975,0.7229735819,0.4775089458,0.6999995236
1327,1.0,0.0,0.0,0.0,1.0,1.0,0.235912709,0.2368919367,0.3700159512,0.7229730031,0.4809690396,0.7007301964
1328,1.0,0.0,0.0,0.0,1.0,1.0,0.2319847813,0.2368918452,0.3672497382,0.7191785883,0.4740486497,0.6934298828
1329,1.0,0.0,0.0,0.0,1.0,1.0,0.2264978788,0.231704502,0.3708399879,0.7272723036,0.4775086851,0.7014920425
1330,1.0,0.0,0.0,0.0,1.0,1.0,0.2307629769,0.2317045376,0.377388539,0.7241375695,0.4878892617,0.7164188054
1331,1.0,0.0,0.0,0.0,1.0,1.0,0.2323541535,0.2342442202,0.3726114404,0.7328774672,0.4826388371,0.7111105305
1332,1.0,0.0,0.0,0.0,1.0,1.0,0.2231608357,0.2290388524,0.3795852962,0.7357132294,0.4861112721,0.7196960114
1333,1.0,0.0,0.0,0.0,1.0,1.0,0.2235380863,0.2236510303,0.3760130069,0.7463769156,0.4860141178,0.7187508599
1334,1.0,0.0,0.0,0.0,1.0,1.0,0.2251579144,0.2279429076,0.3760128721,0.7338125395,0.4877192779,0.7076916564
1335,1.0,0.0,0.0,0.0,1.0,1.0,0.2239010248,0.2253988537,0.3782467726,0.7246377749,0.486013708,0.7131783348
1336,1.0,0.0,0.0,0.0,1.0,1.0,0.231637243,0.23413488,0.379254347,0.7272728688,0.48951065,0.7164185552
1337,1.0,0.0,0.0,0.0,1.0,1.0,0.2283976415,0.2298365816,0.3743921196,0.7446807502,0.4808361586,0.71212157
1338,1.0,0.0,0.0,0.0,1.0,1.0,0.2308889185,0.2323876358,0.382875524,0.741259022,0.4895104625,0.7142850027
1339,1.0,0.0,0.0,0.0,1.0,1.0,0.2296451379,0.2333192124,0.372168234,0.7323944756,0.4773520288,0.7089546711
1340,1.0,0.0,0.0,0.0,1.0,1.0,0.2231764868,0.2228721511,0.3818770599,0.7318832181,0.4843206047,0.7109365509
1341,1.0,0.0,0.0,0.0,1.0,1.0,0.2251578974,0.2253984101,0.3743922531,0.7338134425,0.4790209737,0.6976738723
1342,1.0,0.0,0.0,0.0,1.0,1.0,0.2179717661,0.2211310593,0.379644528,0.7481481967,0.4878050755,0.7086608271
1343,1.0,0.0,0.0,0.0,1.0,1.0,0.2294064297,0.2298370086,0.3756019034,0.7412581894,0.4843205736,0.7121213645
1344,1.0,0.0,0.0,0.0,1.0,1.0,0.2329889679,0.2317045069,0.3713825428,0.7448275756,0.487889192,0.7164182331
1345,1.0,0.0,0.0,0.0,1.0,1.0,0.2422402772,0.2403500168,0.3788122497,0.7350991243,0.487889272,0.7050356048
1346,1.0,0.0,0.0,0.0,1.0,1.0,0.2326150519,0.2299754808,0.3707865774,0.7448265958,0.4878892519,0.7293235488
1347,1.0,0.0,0.0,0.0,1.0,1.0,0.2329888998,0.2315778093,0.3665595245,0.7517247602,0.4808363499,0.7293237471
1348,1.0,0.0,0.0,0.0,1.0,1.0,0.2169203911,0.2161421331,0.3826366131,0.725925914,0.4948097199,0.7040002931
1349,1.0,0.0,0.0,0.0,1.0,1.0,0.1401558067,0.1977311537,0.4323872592,0.7976194814,0.5215827296,0.7
1350,1.0,0.0,0.0,0.0,1.0,1.0,0.06268279474,0.1822292356,0.4790940826,0.9722180354,0.5413534601,0.6597942758
1351,1.0,0.0,0.0,0.0,1.0,1.0,0.06628056894,0.1778036797,0.4851658311,0.9210517359,0.5430709979,0.6842099292
1352,1.0,0.0,0.0,0.0,1.0,1.0,0.05630651138,0.1834180842,0.4911972129,0.9687525319,0.550561984,0.6530608645
1353,1.0,0.0,0.0,0.0,1.0,1.0,0.121715902,0.1792478393,0.511149279,0.8169012341,0.5833333665,0.7171711566
1354,1.0,0.0,0.0,0.0,1.0,1.0,0.1824776884,0.2023517544,0.5075377023,0.7339446581,0.6021124867,0.7043474438
1355,1.0,0.0,0.0,0.0,1.0,1.0,0.2084220321,0.2126839537,0.472906518,0.7322839998,0.5674741173,0.7073170293
1356,1.0,0.0,0.0,0.0,1.0,1.0,0.2157887195,0.218090952,0.4788960361,0.7142852358,0.5807557469,0.7086615416
1357,1.0,0.0,0.0,0.0,1.0,1.0,0.2159187787,0.2151577286,0.4795416999,0.7196969441,0.5763887545,0.7096762584
1358,1.0,0.0,0.0,0.0,1.0,1.0,0.2141661096,0.2163741579,0.4788961466,0.7196981901,0.5841922286,0.7142862063
1359,1.0,0.0,0.0,0.0,1.0,1.0,0.2116082201,0.2156329993,0.470684119,0.7384617228,0.5719178356,0.7142849575
1360,1.0,0.0,0.0,0.0,1.0,1.0,0.219746871,0.2222895684,0.4804560192,0.7111118039,0.5862068176,0.7209309913
1361,1.0,0.0,0.0,0.0,1.0,1.0,0.2161393796,0.2163742914,0.4813007859,0.7293224015,0.5876290001,0.7063486872
1362,1.0,0.0,0.0,0.0,1.0,1.0,0.2148636872,0.2188434197,0.4788274118,0.7272730306,0.5827587594,0.7007880842
1363,1.0,0.0,0.0,0.0,1.0,1.0,0.2038013242,0.2092257739,0.479608434,0.7280002246,0.5813148461,0.7107434871
1364,1.0,0.0,0.0,0.0,1.0,1.0,0.1391839363,0.188506769,0.4932886421,0.7710845599,0.5765123959,0.7169802742
1365,1.0,0.0,0.0,0.0,1.0,1.0,0.03355001924,0.1907335221,0.485865799,0.7368439073,0.5190840642,0.5300000434
1366,1.0,0.0,0.0,0.0,1.0,1.0,0.02459097337,0.2037321655,0.4833041529,0.4999923291,0.5153848726,0.4433972969
1367,1.0,0.0,0.0,0.0,1.0,1.0,0.0316724523,0.1945477975,0.4806337783,0.6111111111,0.5114503472,0.4705882353
1368,1.0,0.0,0.0,0.0,1.0,1.0,0.03331493651,0.1919080954,0.4859649195,0.6842087553,0.5285171226,0.51485324
1369,1.0,0.0,0.0,0.0,1.0,1.0,0.03150606934,0.1945481093,0.488616511,0.7222195727,0.5267176947,0.5196065436
1370,1.0,0.0,0.0,0.0,1.0,1.0,0.04186130123,0.1831040996,0.472949334,0.7916715948,0.5190838423,0.5729164297
1371,1.0,0.0,0.0,0.0,1.0,1.0,0.06940553233,0.1671927837,0.4774304745,0.8750006853,0.5427507264,0.6888901884
1372,1.0,0.0,0.0,0.0,1.0,1.0,0.1769503104,0.2030666507,0.4245900855,0.7407402863,0.5265016207,0.704347609
1373,1.0,0.0,0.0,0.0,1.0,1.0,0.2131279845,0.2263545265,0.4200323123,0.7272734838,0.5226483435,0.700000676
1374,1.0,0.0,0.0,0.0,1.0,1.0,0.2286723652,0.2368920669,0.4112000343,0.727272868,0.5190311723,0.7007295497
1375,1.0,0.0,0.0,0.0,1.0,1.0,0.2286723102,0.234351781,0.4095999404,0.7272725872,0.5172413662,0.7205882591
1376,1.0,0.0,0.0,0.0,1.0,1.0,0.2264110612,0.229836624,0.409385077,0.7285719022,0.519163924,0.712121136
1377,1.0,0.0,0.0,0.0,1.0,1.0,0.224068423,0.2290390022,0.4096774961,0.7266189452,0.5104168064,0.7121217701
1378,1.0,0.0,0.0,0.0,1.0,1.0,0.2160082994,0.2213299269,0.4129032007,0.731343455,0.5259516518,0.7187505905
1379,1.0,0.0,0.0,0.0,1.0,1.0,0.2188792639,0.2196006078,0.4122382792,0.7352952602,0.5224914088,0.7322827958
1380,1.0,0.0,0.0,0.0,1.0,1.0,0.2157886807,0.2186280267,0.4188311942,0.7218052375,0.5277778205,0.7142849609
1381,1.0,0.0,0.0,0.0,1.0,1.0,0.2183247336,0.2168927358,0.4174757247,0.7407417097,0.5243055808,0.7199991523
1382,1.0,0.0,0.0,0.0,1.0,1.0,0.2170587173,0.227303912,0.4230146704,0.7164174176,0.5347222782,0.6946564628
1383,1.0,0.0,0.0,0.0,1.0,1.0,0.2170587173,0.2299754302,0.4262560946,0.7014923411,0.5294118543,0.6992479709
1384,1.0,0.0,0.0,0.0,1.0,1.0,0.212784373,0.2291824841,0.4241935295,0.6893945665,0.5413791355,0.6766916915
1385,1.0,0.0,0.0,0.0,1.0,1.0,0.1108623246,0.1951464518,0.3865545386,0.8030319771,0.4708029411,0.6822422226
1386,1.0,0.0,0.0,0.0,0.0,1.0,0.0,0.1907334044,0.0,0.0,0.4923660832,0.6200010329
1387,1.0,0.0,0.0,0.0,0.0,1.0,0.0,0.1933787692,0.0,0.0,0.4789272063,0.6138611091
1388,1.0,0.0,0.0,0.0,0.0,1.0,0.0,0.1878649705,0.0,0.0,0.4849626488,0.6499996715
1389,1.0,0.0,0.0,0.0,0.0,1.0,0.0,0.18154625,0.0,0.0,0.4531833814,0.7525776908
1390,1.0,0.0,0.0,0.0,1.0,1.0,0.1168839141,0.1983909495,0.2932203338,0.9130449891,0.3782774103,0.7452841247
1391,1.0,0.0,0.0,0.0,1.0,1.0,0.1811179979,0.2188557799,0.2273476305,0.8090908181,0.3211678305,0.7249988533
1392,1.0,0.0,0.0,0.0,1.0,1.0,0.2058160247,0.2327218908,0.2355847932,0.7920001716,0.3429601462,0.6899235147
1393,1.0,0.0,0.0,0.0,1.0,1.0,0.2088384256,0.2288100355,0.2255389264,0.7619042623,0.3260074265,0.7120000987
1394,1.0,0.0,0.0,0.0,1.0,1.0,0.2161852662,0.2360306193,0.2229617068,0.7384611492,0.3210332014,0.6953128614
1395,1.0,0.0,0.0,0.0,1.0,1.0,0.2155988236,0.2351625268,0.2257524886,0.7596886848,0.3272057847,0.7031256687
1396,1.0,0.0,0.0,0.0,1.0,1.0,0.2139274852,0.2379622102,0.234113709,0.7421860725,0.3333334667,0.6846157468
1397,1.0,0.0,0.0,0.0,1.0,1.0,0.2242971564,0.2390753316,0.235973622,0.7426481928,0.3345321157,0.7067662433
1398,1.0,0.0,0.0,0.0,1.0,1.0,0.1708013979,0.2117777989,0.2504228911,0.782178941,0.342007378,0.7105274678
1399,1.0,0.0,0.0,0.0,0.0,1.0,0.0,0.1633701632,0.0,0.0,0.4846152642,0.7411765893
1400,1.0,0.0,0.0,0.0,0.0,1.0,0.0,0.1716023155,0.0,0.0,0.4905660919,0.6153849834
1401,1.0,0.0,0.0,0.0,0.0,1.0,0.0,0.178472198,0.0,0.0,0.4887218764,0.5473694023
1402,1.0,0.0,0.0,0.0,1.0,1.0,0.04193442949,0.1628308339,0.4370629604,0.7500022751,0.4756552501,0.5517251767
1403,1.0,0.0,0.0,0.0,1.0,1.0,0.03830638589,0.1715457941,0.4320557903,0.7727318366,0.4776117559,0.5000012005
1404,1.0,0.0,0.0,0.0,1.0,1.0,0.03331495328,0.1684451701,0.4508771435,0.7894755047,0.4868914472,0.5
1405,1.0,0.0,0.0,0.0,1.0,1.0,0.03464251514,0.166573735,0.4558057973,0.7499972731,0.4999997981,0.511111165
1406,1.0,0.0,0.0,0.0,1.0,1.0,0.03128685771,0.1795296018,0.4573913344,0.7777696987,0.5000002019,0.4639168303
1407,1.0,0.0,0.0,0.0,1.0,1.0,0.02463442245,0.1810311745,0.4559859037,0.7142790372,0.4943396009,0.4270848244
1408,1.0,0.0,0.0,0.0,1.0,1.0,0.03123267436,0.1758275087,0.4600694613,0.7777831871,0.5,0.4842102593
1409,1.0,0.0,0.0,0.0,1.0,1.0,0.05278169009,0.1611416117,0.4293014914,0.8709629293,0.496376488,0.6292139002
1410,1.0,0.0,0.0,0.0,1.0,1.0,0.1352883445,0.1822087839,0.3807105693,0.7499986257,0.4548735589,0.6534643981
1411,1.0,0.0,0.0,0.0,1.0,1.0,0.1891276772,0.2057677394,0.3588907052,0.7327588857,0.4671279943,0.6722688131
1412,1.0,0.0,0.0,0.0,1.0,1.0,0.2202983637,0.2334334604,0.366288574,0.7058820649,0.4775086359,0.7037032166
1413,1.0,0.0,0.0,0.0,1.0,1.0,0.2275151379,0.233546524,0.359349663,0.6928578135,0.4707903767,0.6911763501
1414,1.0,0.0,0.0,0.0,1.0,1.0,0.2317543959,0.2386981952,0.3607085075,0.7013897251,0.4707904764,0.6906485751
1415,1.0,0.0,0.0,0.0,1.0,1.0,0.2199419159,0.2274592569,0.3559871465,0.6985289288,0.4689655279,0.7045449162
1416,1.0,0.0,0.0,0.0,1.0,1.0,0.2251580422,0.2326285417,0.3614263117,0.6978413801,0.4793104801,0.6962966882
1417,1.0,0.0,0.0,0.0,1.0,1.0,0.2345956965,0.2430149113,0.3601285977,0.7054789046,0.4726029055,0.7042247734
1418,1.0,0.0,0.0,0.0,1.0,1.0,0.2326149315,0.2369810724,0.364365913,0.7172403058,0.4776633911,0.7028989028
1419,1.0,0.0,0.0,0.0,1.0,1.0,0.2272922598,0.2343518671,0.3516129659,0.7304968372,0.4551725523,0.705882159
1420,1.0,0.0,0.0,0.0,1.0,1.0,0.2389617716,0.2438085013,0.3651049075,0.7094590531,0.4705881448,0.7092192089
1421,1.0,0.0,0.0,0.0,1.0,1.0,0.2406358657,0.2464141565,0.3595505638,0.7133339286,0.4758619814,0.7132866696
1422,1.0,0.0,0.0,0.0,1.0,1.0,0.2333637469,0.2404155536,0.3703704233,0.7172422244,0.4810996197,0.7142848077
1423,1.0,0.0,0.0,0.0,1.0,1.0,0.2256803562,0.2317047901,0.3661290046,0.728570953,0.4740484495,0.7014913261
1424,1.0,0.0,0.0,0.0,1.0,1.0,0.2193895878,0.2298365363,0.3674796121,0.7259272269,0.4738676819,0.6893941047
1425,1.0,0.0,0.0,0.0,1.0,1.0,0.2251576139,0.2350606615,0.3679092867,0.726618796,0.4808362343,0.6962953562
1426,1.0,0.0,0.0,0.0,1.0,1.0,0.2300176825,0.2394496796,0.3662885194,0.7112680421,0.4861112437,0.7028986663
1427,1.0,0.0,0.0,0.0,1.0,1.0,0.2249967025,0.2402168234,0.3621533457,0.7173909218,0.4771929078,0.7007303739
1428,1.0,0.0,0.0,0.0,1.0,1.0,0.220105699,0.2375432902,0.3686786021,0.7185185667,0.4859152618,0.6962972234
1429,1.0,0.0,0.0,0.0,1.0,1.0,0.2300173699,0.2428713672,0.3549431937,0.7112669601,0.4720280354,0.7050369418
1430,1.0,0.0,0.0,0.0,1.0,1.0,0.2262580821,0.238463397,0.3648209462,0.7194245059,0.4807019085,0.6985290434
1431,1.0,0.0,0.0,0.0,1.0,1.0,0.2320133351,0.2446186801,0.3538961501,0.7132872997,0.4755244942,0.7000001557
1432,1.0,0.0,0.0,0.0,1.0,1.0,0.2266272017,0.2411240782,0.353996672,0.7050356189,0.4755242958,0.6811585671
1433,1.0,0.0,0.0,0.0,1.0,1.0,0.1926438785,0.2134038118,0.3739704799,0.7435892135,0.4804270156,0.7000003665
1434,1.0,0.0,0.0,0.0,1.0,1.0,0.08372297228,0.1746238254,0.4293194004,0.8333303247,0.4981412595,0.7021290815
1435,1.0,0.0,0.0,0.0,1.0,1.0,0.08630774758,0.1678028672,0.4404145494,0.7799986153,0.509224789,0.6483511258
1436,1.0,0.0,0.0,0.0,1.0,1.0,0.1699387227,0.1988136281,0.4124578732,0.73267314,0.5017920411,0.6756754649
1437,1.0,0.0,0.0,0.0,1.0,1.0,0.2272207816,0.2333195058,0.425041272,0.7101462663,0.5400697704,0.7014927087
1438,1.0,0.0,0.0,0.0,1.0,1.0,0.2321602196,0.2358823923,0.4118615934,0.71631297,0.5244753614,0.7185183385
1439,1.0,0.0,0.0,0.0,1.0,1.0,0.2204651934,0.221329764,0.4101307545,0.7333322608,0.532871919,0.7187505833
1440,1.0,0.0,0.0,0.0,1.0,1.0,0.2267778909,0.2301120929,0.4084279632,0.7285708199,0.5292096285,0.7164187964
1441,1.0,0.0,0.0,0.0,1.0,1.0,0.2249966744,0.2240127485,0.4110930659,0.7246377507,0.5344825554,0.7153848896
1442,1.0,0.0,0.0,0.0,1.0,1.0,0.2311414108,0.2309055789,0.4071661691,0.7253511001,0.5137930019,0.6940301227
1443,1.0,0.0,0.0,0.0,1.0,1.0,0.233636053,0.2283945842,0.407467595,0.7361105949,0.5257733972,0.7142861933
1444,1.0,0.0,0.0,0.0,1.0,1.0,0.2344970199,0.2309054044,0.4158575876,0.7310335028,0.5344826072,0.7313435797
1445,1.0,0.0,0.0,0.0,1.0,1.0,0.2341181279,0.2318292778,0.4119547365,0.7310339118,0.532645976,0.7111120625
1446,1.0,0.0,0.0,0.0,1.0,1.0,0.2297752141,0.2318292985,0.4131832155,0.727272587,0.5326459882,0.7259265919
1447,1.0,0.0,0.0,0.0,1.0,1.0,0.2308886883,0.2291822514,0.4119547017,0.7202801571,0.5275861432,0.714284515
1448,1.0,0.0,0.0,0.0,1.0,1.0,0.2345955882,0.233546789,0.3987138316,0.732877058,0.5189004095,0.6985298705
1449,1.0,0.0,0.0,0.0,1.0,1.0,0.2299034491,0.2302468414,0.3993609523,0.7361111327,0.5153582863,0.7185186288
1450,1.0,0.0,0.0,0.0,1.0,1.0,0.2322423494,0.2309054632,0.3990384182,0.7310341649,0.5172412602,0.7089561421
1451,1.0,0.0,0.0,0.0,1.0,1.0,0.2283071227,0.2291822171,0.3993610908,0.7342655812,0.517241459,0.7142852339
1452,1.0,0.0,0.0,0.0,1.0,1.0,0.2427216918,0.2361694468,0.4031745796,0.7320250312,0.52054806,0.7173909537
1453,1.0,0.0,0.0,0.0,1.0,1.0,0.2319850796,0.2327470089,0.4069952593,0.7260263548,0.5205479765,0.7132355825
1454,1.0,0.0,0.0,0.0,1.0,1.0,0.2338437723,0.2309053914,0.4006410205,0.7328772254,0.5172412467,0.7313434079
1455,1.0,0.0,0.0,0.0,1.0,1.0,0.2278023141,0.2309057952,0.4028891982,0.7323951855,0.5275863953,0.7089552363
1456,1.0,0.0,0.0,0.0,1.0,1.0,0.2290385183,0.2343519929,0.3926282957,0.7342657451,0.5137929708,0.7132349357
1457,1.0,0.0,0.0,0.0,1.0,1.0,0.2238751166,0.2299754234,0.3808000257,0.7357138781,0.5017299564,0.706767532
1458,1.0,0.0,0.0,0.0,1.0,1.0,0.236202714,0.2351629054,0.3874598693,0.7278905097,0.5051904322,0.7058815853
1459,1.0,0.0,0.0,0.0,1.0,1.0,0.2326149578,0.234351591,0.3836275447,0.7241381438,0.5,0.7058821595
1460,1.0,0.0,0.0,0.0,1.0,1.0,0.2442001635,0.245507289,0.3770226534,0.7086083752,0.4878047445,0.6950351786
1461,1.0,0.0,0.0,0.0,1.0,1.0,0.2226322337,0.2290385897,0.3958334024,0.726618624,0.5069443447,0.696968978
1462,1.0,0.0,0.0,0.0,1.0,1.0,0.2210303889,0.2257358727,0.3894230332,0.7391308602,0.5068963765,0.7099239133
1463,1.0,0.0,0.0,0.0,1.0,1.0,0.2373473081,0.2394494397,0.3909531156,0.7142852821,0.5034724486,0.7028979435
1464,1.0,0.0,0.0,0.0,1.0,1.0,0.2377312215,0.2307739511,0.3915857262,0.7346941503,0.4965276331,0.7218042151
1465,1.0,0.0,0.0,0.0,1.0,1.0,0.2422402007,0.2403503956,0.3820224292,0.728478038,0.4948094409,0.7050361422
1466,1.0,0.0,0.0,0.0,1.0,1.0,0.2442004321,0.2411242346,0.3851133678,0.7284763641,0.4999998063,0.7173916188
1467,1.0,0.0,0.0,0.0,1.0,1.0,0.2361140212,0.2350600918,0.3883494374,0.7328761944,0.5017423934,0.7259255867
1468,1.0,0.0,0.0,0.0,1.0,1.0,0.2361141135,0.2333189432,0.3867314768,0.7328756199,0.5052264055,0.7164178116
1469,1.0,0.0,0.0,0.0,1.0,1.0,0.2422402289,0.2403505222,0.3804173524,0.7284769287,0.5017300625,0.6978409767
1470,1.0,0.0,0.0,0.0,1.0,1.0,0.2321284236,0.2298368597,0.391935404,0.7361110036,0.512194961,0.7121211354
1471,1.0,0.0,0.0,0.0,1.0,1.0,0.2357325343,0.2368014972,0.3877220837,0.739725739,0.5052265754,0.7132353416
1472,1.0,0.0,0.0,0.0,1.0,1.0,0.2401886236,0.2429199033,0.4032259167,0.718120936,0.517360935,0.6928563346
1473,1.0,0.0,0.0,0.0,1.0,1.0,0.2414109837,0.2455371893,0.3929147085,0.7199995198,0.5051902831,0.6971839134
1474,1.0,0.0,0.0,0.0,1.0,1.0,0.2195862692,0.22036312,0.3957996968,0.7426472856,0.5138889261,0.7165359807
1475,1.0,0.0,0.0,0.0,1.0,1.0,0.2338439318,0.2317046351,0.3894231201,0.7465745637,0.5086505727,0.716418635
1476,1.0,0.0,0.0,0.0,1.0,1.0,0.2274368442,0.2309054831,0.3910256358,0.7464787172,0.5103447314,0.7089542725
1477,1.0,0.0,0.0,0.0,1.0,1.0,0.2370471049,0.2368918893,0.3974358471,0.729729404,0.5121108414,0.7080288645
1478,1.0,0.0,0.0,0.0,1.0,1.0,0.2345958035,0.2429198369,0.3858520226,0.7328760769,0.5000001926,0.692857664
1479,1.0,0.0,0.0,0.0,1.0,1.0,0.230888969,0.2323876755,0.3893376982,0.7412582955,0.5034965958,0.7218055669
1480,1.0,0.0,0.0,0.0,1.0,1.0,0.2402505978,0.2437664434,0.3782052493,0.726666449,0.4947733936,0.7142863957
1481,1.0,0.0,0.0,0.0,1.0,1.0,0.2362901311,0.2420252965,0.3833865869,0.7229721859,0.4982579063,0.7122305287
1482,1.0,0.0,0.0,0.0,1.0,1.0,0.2302713402,0.23944959,0.3888000063,0.7291674478,0.5,0.710145471
1483,1.0,0.0,0.0,0.0,1.0,1.0,0.2082845192,0.2244359766,0.3990307492,0.7441854885,0.5157895553,0.7031260525
1484,1.0,0.0,0.0,0.0,1.0,1.0,0.1415877375,0.1937320973,0.3999999457,0.7529411163,0.4927534805,0.6822427058
1485,1.0,0.0,0.0,0.0,1.0,1.0,0.062890153,0.1778035515,0.4268707727,0.7837804786,0.5018726033,0.6421047857
1486,1.0,0.0,0.0,0.0,1.0,1.0,0.04644585625,0.1836096531,0.4371772604,0.7777786793,0.4962120238,0.5773201231
1487,1.0,0.0,0.0,0.0,1.0,1.0,0.05969360131,0.1803506389,0.4334471705,0.7714328697,0.4962405054,0.6145821193
1488,1.0,0.0,0.0,0.0,1.0,1.0,0.0656196325,0.1746237537,0.4107743647,0.743590174,0.4869887285,0.6489358985
1489,1.0,0.0,0.0,0.0,1.0,1.0,0.04946068426,0.1866881065,0.430034182,0.9310313773,0.4981133454,0.6161619937
1490,1.0,0.0,0.0,0.0,1.0,1.0,0.05251292236,0.1852898117,0.4372880721,0.8709672815,0.5018726514,0.6161611873
1491,1.0,0.0,0.0,0.0,1.0,1.0,0.04767341378,0.189743405,0.4327086013,0.928568093,0.4962404876,0.6039597124
1492,1.0,0.0,0.0,0.0,1.0,1.0,0.04374663876,0.1920566505,0.4410774274,0.8461525434,0.5074624905,0.5825240851
1493,1.0,0.0,0.0,0.0,1.0,1.0,0.04249301686,0.1991366389,0.4506802448,0.8800027927,0.5225564572,0.5660382795
1494,1.0,0.0,0.0,0.0,1.0,1.0,0.03545322195,0.1904597058,0.4476351559,0.9047644034,0.5094336565,0.5841579406
1495,1.0,0.0,0.0,0.0,1.0,1.0,0.06404520226,0.1763723423,0.4957841564,0.8421061789,0.5772056918,0.6666666667
1496,1.0,0.0,0.0,0.0,1.0,1.0,0.1489956065,0.1849501356,0.5494136579,0.7415721981,0.637010665,0.6923067132
1497,1.0,0.0,0.0,0.0,1.0,1.0,0.1753988086,0.2149149179,0.5745033914,0.6792444896,0.6643356834,0.6585361876
1498,1.0,0.0,0.0,0.0,1.0,1.0,0.1740320953,0.2069019395,0.563847331,0.6952378364,0.6561402955,0.6610171383
1499,1.0,0.0,0.0,0.0,1.0,1.0,0.1793018384,0.2111495554,0.5714284391,0.7037036272,0.6584508162,0.6833333023
1500,1.0,0.0,0.0,0.0,1.0,1.0,0.1734567476,0.2054603858,0.5520660869,0.7238095645,0.6480837981,0.6694911707
1501,1.0,0.0,0.0,0.0,1.0,1.0,0.1784126772,0.2116870409,0.555371926,0.7129643155,0.6458333655,0.6639353966
1502,1.0,0.0,0.0,0.0,1.0,1.0,0.1640876146,0.2026842318,0.575456022,0.6969682599,0.6643354677,0.6637936684
1503,1.0,0.0,0.0,0.0,1.0,1.0,0.1712852281,0.2044313501,0.5806988231,0.718446685,0.6678323522,0.6837610056
1504,1.0,0.0,0.0,0.0,1.0,1.0,0.1712854275,0.2079261336,0.5806987903,0.7087391159,0.667832157,0.6722688763
1505,1.0,0.0,0.0,0.0,1.0,1.0,0.1798995328,0.2054602102,0.5849999475,0.7037030973,0.6724739735,0.6779654985
1506,1.0,0.0,0.0,0.0,1.0,1.0,0.1836722971,0.2184094179,0.5662252593,0.6846843072,0.6503496801,0.6720004819
1507,1.0,0.0,0.0,0.0,1.0,1.0,0.1812631704,0.20894243,0.5823626207,0.7155952174,0.6689897329,0.6750002755
1508,1.0,0.0,0.0,0.0,1.0,1.0,0.1845889064,0.2114201304,0.580698892,0.7027020588,0.6713283347,0.669422451
1509,1.0,0.0,0.0,0.0,1.0,1.0,0.1892633822,0.2131677834,0.5747508373,0.7105259573,0.6643354475,0.6721304619
1510,1.0,0.0,0.0,0.0,1.0,1.0,0.1800647807,0.2072015518,0.5801651565,0.7064216657,0.6620209006,0.6974786023
1511,1.0,0.0,0.0,0.0,1.0,1.0,0.1847150133,0.2096729049,0.5792079957,0.6964290294,0.6608391163,0.6833327196
1512,1.0,0.0,0.0,0.0,1.0,1.0,0.1835366627,0.2086555979,0.5876461098,0.718181358,0.6701754043,0.6890743877
1513,1.0,0.0,0.0,0.0,1.0,1.0,0.1895778793,0.2139156249,0.5840266296,0.7017559458,0.670175566,0.6803264625
1514,1.0,0.0,0.0,0.0,1.0,1.0,0.1905291143,0.2104088367,0.5903009995,0.6929816545,0.6736842719,0.6749999538
1515,1.0,0.0,0.0,0.0,1.0,1.0,0.1733037357,0.1995353861,0.5909091746,0.7087394118,0.6678447607,0.6814161521
1516,1.0,0.0,0.0,0.0,1.0,1.0,0.0592003838,0.1753740093,0.5087107345,0.8235301601,0.5698114731,0.6344091773
1517,1.0,0.0,0.0,0.0,1.0,1.0,0.03929430626,0.191181456,0.4512820906,0.7826021536,0.5037880091,0.5049512796
1518,1.0,0.0,0.0,0.0,1.0,1.0,0.02944604193,0.2018105278,0.4644714927,0.7058778323,0.5076922948,0.4761913649
1519,1.0,0.0,0.0,0.0,1.0,1.0,0.01556209249,0.2075764051,0.4619377621,0.6666666667,0.5000002073,0.4444440007
1520,1.0,0.0,0.0,0.0,1.0,1.0,0.02752328696,0.2025381456,0.4595524127,0.6874941912,0.5037877158,0.4485976299
1521,1.0,0.0,0.0,0.0,1.0,1.0,0.01561640466,0.2099995046,0.453124981,0.8888942204,0.4980543783,0.4537035556
1522,1.0,0.0,0.0,0.0,1.0,1.0,0.01908654309,0.2053115852,0.4461806414,0.6363672113,0.4961237225,0.4150941856
1523,1.0,0.0,0.0,0.0,1.0,1.0,0.0277143639,0.2169330195,0.4523397135,0.4999932804,0.4922480636,0.41964332
1524,1.0,0.0,0.0,0.0,1.0,1.0,0.03128679622,0.2158328347,0.4452173804,0.6111137605,0.490272169,0.4234227616
1525,1.0,0.0,0.0,0.0,1.0,1.0,0.02771424592,0.2106103877,0.4506065887,0.6250016842,0.5019153941,0.4363630662
1526,1.0,0.0,0.0,0.0,1.0,1.0,0.02429201681,0.2018102375,0.4461806678,0.7857077036,0.5000002066,0.457141453
1527,1.0,0.0,0.0,0.0,1.0,1.0,0.03428605818,0.1836097778,0.4579759323,0.7499972996,0.5113635155,0.5154651344
1528,1.0,0.0,0.0,0.0,1.0,1.0,0.04652560686,0.1646589144,0.4224139283,0.9259289157,0.4789273645,0.6860448319
1529,1.0,0.0,0.0,0.0,1.0,1.0,0.1314201932,0.1945342744,0.3376623562,0.7530840401,0.4285717089,0.6880737091
1530,1.0,0.0,0.0,0.0,1.0,1.0,0.1553620793,0.1998883516,0.3445512588,0.752577744,0.4491225681,0.6929822684
1531,1.0,0.0,0.0,0.0,1.0,1.0,0.1841920418,0.205871182,0.3333332739,0.73912993,0.4330983461,0.6752140654
1532,1.0,0.0,0.0,0.0,1.0,1.0,0.1989334114,0.2181879476,0.3248407273,0.7359992637,0.4295774483,0.6854836695
1533,1.0,0.0,0.0,0.0,1.0,1.0,0.1957506552,0.2174225498,0.3328025984,0.731707751,0.4350875901,0.6854831594
1534,1.0,0.0,0.0,0.0,1.0,1.0,0.2017952708,0.2184093935,0.3370428782,0.7401573565,0.4440558628,0.696000653
1535,1.0,0.0,0.0,0.0,1.0,1.0,0.2132566573,0.2298368643,0.3296178183,0.7164187737,0.4355401543,0.6818187156
1536,1.0,0.0,0.0,0.0,1.0,1.0,0.1938501934,0.2184095475,0.3370428692,0.7213114453,0.444055888,0.679998926
1537,1.0,0.0,0.0,0.0,1.0,1.0,0.2084822994,0.2263546255,0.3503184441,0.7328257321,0.4599305934,0.6923079573
1538,1.0,0.0,0.0,0.0,1.0,1.0,0.2103255726,0.2280959175,0.3607595307,0.7142852332,0.4668992455,0.6870232662
1539,1.0,0.0,0.0,0.0,1.0,1.0,0.2148483485,0.2307737375,0.3519108212,0.7037035197,0.4548610747,0.6842099069
1540,1.0,0.0,0.0,0.0,1.0,1.0,0.2141659676,0.2290386799,0.3555556089,0.725925299,0.4618054408,0.704544683
1541,1.0,0.0,0.0,0.0,1.0,1.0,0.210744783,0.2279430564,0.3482427528,0.7196967284,0.4491229677,0.692308216
1542,1.0,0.0,0.0,0.0,1.0,1.0,0.2120029523,0.2273036241,0.3572568136,0.7368420177,0.4652779617,0.6946564499
1543,1.0,0.0,0.0,0.0,1.0,1.0,0.2115723984,0.2220982528,0.3570300081,0.7388054232,0.4652779418,0.7031248638
1544,1.0,0.0,0.0,0.0,1.0,1.0,0.2169946079,0.2255685502,0.3597463831,0.7299270073,0.4652780056,0.6923076923
1545,1.0,0.0,0.0,0.0,1.0,1.0,0.2040330429,0.2166619426,0.3588517997,0.7343738638,0.4650348648,0.6935495113
1546,1.0,0.0,0.0,0.0,1.0,1.0,0.2114203951,0.2193900146,0.3509615488,0.7424237533,0.4634146246,0.6984123311
1547,1.0,0.0,0.0,0.0,1.0,1.0,0.2213851075,0.2296965793,0.3547351895,0.7101447871,0.4596491818,0.6946568263
1548,1.0,0.0,0.0,0.0,1.0,1.0,0.2110823496,0.2253985081,0.3584000455,0.7272731898,0.4650349514,0.6976732482
1549,1.0,0.0,0.0,0.0,1.0,1.0,0.2199728565,0.2317042786,0.3556619197,0.7173924657,0.460207412,0.6865679604
1550,1.0,0.0,0.0,0.0,1.0,1.0,0.2125798907,0.2213297645,0.3587301198,0.7313428595,0.4636676526,0.6953117619
1551,1.0,0.0,0.0,0.0,1.0,1.0,0.2176847642,0.2334333877,0.3497614652,0.7153280493,0.4602075454,0.6740744429
1552,1.0,0.0,0.0,0.0,1.0,1.0,0.2107450264,0.2255683695,0.3530350876,0.7196973509,0.461805721,0.6846149654
1553,1.0,0.0,0.0,0.0,1.0,1.0,0.2187278036,0.2317042765,0.3466453884,0.7153280789,0.4567473361,0.6791048096
1554,1.0,0.0,0.0,0.0,1.0,1.0,0.2162253702,0.2255684124,0.3477563817,0.7259258894,0.454861433,0.7000011936
1555,1.0,0.0,0.0,0.0,1.0,1.0,0.2110821815,0.2255685562,0.3631999572,0.7272722636,0.4687502434,0.6846165665
1556,1.0,0.0,0.0,0.0,1.0,1.0,0.2088863664,0.2176484873,0.3713826493,0.7461536092,0.4773517625,0.6879989181
1557,1.0,0.0,0.0,0.0,1.0,1.0,0.1701176841,0.2108749506,0.3682487511,0.7211528197,0.4645389401,0.6554613695
1558,1.0,0.0,0.0,0.0,1.0,1.0,0.07818754064,0.1813802388,0.4234694213,0.7826093132,0.4962962814,0.6632659864
1559,1.0,0.0,0.0,0.0,1.0,1.0,0.06595326151,0.1708603715,0.4297800805,0.7948702115,0.4963234274,0.6559145354
1560,1.0,0.0,0.0,0.0,1.0,1.0,0.06628940524,0.1726977595,0.447278821,0.8461555593,0.5147059997,0.6808506215
1561,1.0,0.0,0.0,0.0,1.0,1.0,0.1495873653,0.2055591015,0.3865130855,0.7472541417,0.4858157759,0.6810341857
1562,1.0,0.0,0.0,0.0,1.0,1.0,0.1850816929,0.2193894521,0.381642425,0.7565213407,0.4982577731,0.6904759
1563,1.0,0.0,0.0,0.0,1.0,1.0,0.1924490483,0.2184094843,0.3705501129,0.7563035178,0.4790207136,0.6880002259
1564,1.0,0.0,0.0,0.0,1.0,1.0,0.2015005435,0.22113111,0.3709677605,0.7280010565,0.4878047005,0.6614177868
1565,1.0,0.0,0.0,0.0,1.0,1.0,0.2092986018,0.2244362319,0.3717533033,0.720930352,0.4842105426,0.6796876213
1566,1.0,0.0,0.0,0.0,1.0,1.0,0.2157884861,0.2314498532,0.378246698,0.729323246,0.4912279618,0.6818182576
1567,1.0,0.0,0.0,0.0,1.0,1.0,0.2099803085,0.2303678586,0.3713355022,0.7209298321,0.4751771821,0.6692309927
1568,1.0,0.0,0.0,0.0,1.0,1.0,0.216707331,0.2323878699,0.3721682802,0.7313437751,0.4825174906,0.6842108755
1569,1.0,0.0,0.0,0.0,1.0,1.0,0.2018416225,0.2217070362,0.379478829,0.7338708956,0.4929575486,0.6746026995
1570,1.0,0.0,0.0,0.0,1.0,1.0,0.2060540059,0.2234666867,0.3766233998,0.7322831099,0.4894366115,0.6692916523
1571,1.0,0.0,0.0,0.0,1.0,1.0,0.2135839483,0.2260223397,0.3719411767,0.7328245048,0.4805654856,0.6796878241
1572,1.0,0.0,0.0,0.0,1.0,1.0,0.2096390773,0.2252265708,0.3707317095,0.7364329052,0.4823944201,0.6796867826
1573,1.0,0.0,0.0,0.0,1.0,1.0,0.2080138511,0.2207248508,0.3658537021,0.734375858,0.4664309296,0.6719997048
1574,1.0,0.0,0.0,0.0,1.0,1.0,0.2112642692,0.2226826674,0.3707318223,0.7307692308,0.4771929578,0.6929139785
1575,1.0,0.0,0.0,0.0,1.0,1.0,0.2186783462,0.2261896895,0.369529924,0.7185194376,0.4736841292,0.6899223614
1576,1.0,0.0,0.0,0.0,1.0,1.0,0.2177645704,0.2277882247,0.3691057176,0.7388062559,0.4734981483,0.7054267587
1577,1.0,0.0,0.0,0.0,1.0,1.0,0.2106665107,0.2250517859,0.3660130378,0.7286825016,0.4716310284,0.6929137274
1578,1.0,0.0,0.0,0.0,1.0,1.0,0.2145145005,0.2287455341,0.3642276517,0.7196976706,0.4647889635,0.6846154372
1579,1.0,0.0,0.0,0.0,1.0,1.0,0.221558998,0.2332028334,0.3656958136,0.7153286548,0.4736841496,0.6842098295
1580,1.0,0.0,0.0,0.0,1.0,1.0,0.2127845032,0.2288933196,0.3596773894,0.7348495145,0.4755245865,0.6946558839
1581,1.0,0.0,0.0,0.0,1.0,1.0,0.2127843524,0.2288929889,0.3612903718,0.7272721212,0.4790209871,0.6870230802
1582,1.0,0.0,0.0,0.0,1.0,1.0,0.2253168583,0.2358822389,0.3623187971,0.7071430585,0.4720276452,0.6740741703
1583,1.0,0.0,0.0,0.0,1.0,1.0,0.2212010903,0.2287453909,0.3554119277,0.7226273025,0.4577464816,0.7000010178
1584,1.0,0.0,0.0,0.0,1.0,1.0,0.2215592207,0.233085594,0.364077603,0.7226277838,0.4628973697,0.6893932244
1585,1.0,0.0,0.0,0.0,1.0,1.0,0.2167075263,0.2347445431,0.3640776876,0.7238808907,0.4661923516,0.6893940655
1586,1.0,0.0,0.0,0.0,1.0,1.0,0.2193896415,0.2329659041,0.3609756593,0.7333326781,0.4626336367,0.6870230812
1587,1.0,0.0,0.0,0.0,1.0,1.0,0.2264109243,0.2383010032,0.3608414113,0.7285725944,0.4626334631,0.6865675557
1588,1.0,0.0,0.0,0.0,1.0,1.0,0.2167076391,0.2294092405,0.3673139253,0.7313441696,0.4733094463,0.6976743389
1589,1.0,0.0,0.0,0.0,1.0,1.0,0.2195865292,0.2311876828,0.3537965163,0.7205883783,0.4626336793,0.7000001695
1590,1.0,0.0,0.0,0.0,1.0,1.0,0.2228157244,0.2347444335,0.3634894256,0.7246366507,0.4697510068,0.6893943617
1591,1.0,0.0,0.0,0.0,1.0,1.0,0.2208446515,0.2339119661,0.3661290091,0.7153279342,0.4716309724,0.6893941308
1592,1.0,0.0,0.0,0.0,1.0,1.0,0.2118556107,0.2240739659,0.3689320371,0.725191135,0.4697509845,0.6825397658
1593,1.0,0.0,0.0,0.0,1.0,1.0,0.1362875004,0.195463022,0.4023568008,0.7654336608,0.4797050671,0.6886785661
1594,1.0,0.0,0.0,0.0,1.0,1.0,0.01750324132,0.2006603323,0.4640980976,0.6999871045,0.4980694693,0.471153866
1595,1.0,0.0,0.0,0.0,1.0,1.0,0.03325633354,0.2103071583,0.4535901487,0.4210508679,0.4903473528,0.4128431436
1596,1.0,0.0,0.0,0.0,1.0,1.0,0.02580293946,0.1991228357,0.4457832078,0.866675214,0.4904215625,0.5384607482
1597,1.0,0.0,0.0,0.0,1.0,1.0,0.05838652472,0.1615642836,0.4432989633,0.8823521924,0.5075189055,0.6976736579
1598,1.0,0.0,0.0,0.0,1.0,1.0,0.1489234549,0.2042655402,0.3973509001,0.7666656901,0.4890512353,0.6964287816
1599,1.0,0.0,0.0,0.0,1.0,1.0,0.1809757119,0.2077690543,0.388254503,0.756756704,0.4874552403,0.6896552368
1600,1.0,0.0,0.0,0.0,1.0,1.0,0.2073396009,0.2144189582,0.3808752215,0.7265638123,0.4787233165,0.6942153
1601,1.0,0.0,0.0,0.0,1.0,1.0,0.2109211385,0.2207246141,0.3685064301,0.7307685126,0.4664312441,0.6879996328
1602,1.0,0.0,0.0,0.0,1.0,1.0,0.2147429223,0.2277877809,0.3683360452,0.7142861896,0.4734983989,0.6666666667
1603,1.0,0.0,0.0,0.0,1.0,1.0,0.2141659115,0.2242566977,0.3701299039,0.7272724227,0.4734981463,0.6929130019
1604,1.0,0.0,0.0,0.0,1.0,1.0,0.2095604727,0.2252267098,0.3693549424,0.7230761807,0.4753519753,0.687500547
1605,1.0,0.0,0.0,0.0,1.0,1.0,0.2060040086,0.2219037941,0.3735909558,0.7421881382,0.4790211938,0.6850403633
1606,1.0,0.0,0.0,0.0,1.0,1.0,0.2101555772,0.2236515504,0.3691814602,0.7251907228,0.4790211738,0.671875871
1607,1.0,0.0,0.0,0.0,1.0,1.0,0.2137072051,0.22889302,0.3713826944,0.7293240935,0.4755245111,0.6717567304
1608,1.0,0.0,0.0,0.0,1.0,1.0,0.2117595984,0.2228719145,0.3707865228,0.7348488275,0.477352135,0.6953126484
1609,1.0,0.0,0.0,0.0,1.0,1.0,0.2178272399,0.2253984255,0.3733974106,0.7279416803,0.4790209424,0.7054258099
1610,1.0,0.0,0.0,0.0,1.0,1.0,0.2165723142,0.2244361795,0.3659711429,0.7259253161,0.4736844772,0.7031246744
1611,1.0,0.0,0.0,0.0,1.0,1.0,0.2143966922,0.2261894932,0.3693547664,0.7293222434,0.4771931397,0.6899231814
1612,1.0,0.0,0.0,0.0,1.0,1.0,0.2072795636,0.2244360682,0.3585209833,0.7131782014,0.4701754291,0.6796868509
1613,1.0,0.0,0.0,0.0,1.0,1.0,0.2272925682,0.2340241417,0.3532258674,0.7304962985,0.4577465527,0.7067671294
1614,1.0,0.0,0.0,0.0,1.0,1.0,0.2267774361,0.2340242018,0.3614262819,0.7285715862,0.4647890113,0.6917295728
1615,1.0,0.0,0.0,0.0,1.0,1.0,0.2148636676,0.2266591711,0.3631921719,0.7424244194,0.4714286837,0.6850399437
1616,1.0,0.0,0.0,0.0,1.0,1.0,0.2341180237,0.2393030788,0.3602585941,0.717241516,0.4683099345,0.6985296149
1617,1.0,0.0,0.0,0.0,1.0,1.0,0.2219183888,0.2303676235,0.3581848458,0.7372263602,0.4680851985,0.6846152926
1618,1.0,0.0,0.0,0.0,1.0,1.0,0.2186784868,0.2260220796,0.3533225101,0.7333338791,0.4664310871,0.6874991365
1619,1.0,0.0,0.0,0.0,1.0,1.0,0.2244305864,0.2322645198,0.3554120092,0.7338133737,0.468310032,0.6818181818
1620,1.0,0.0,0.0,0.0,1.0,1.0,0.2220980546,0.2375436491,0.3510466532,0.7391302952,0.4612676935,0.6814811047
1621,1.0,0.0,0.0,0.0,1.0,1.0,0.2126811574,0.2288934479,0.35839995,0.7593985587,0.4685316495,0.7022902566
1622,1.0,0.0,0.0,0.0,1.0,1.0,0.2192324971,0.2288933265,0.3500000809,0.7352938282,0.4545453483,0.7022902063
1623,1.0,0.0,0.0,0.0,1.0,1.0,0.2053428198,0.2209291753,0.3370785905,0.7499991307,0.4421053576,0.6984126704
1624,1.0,0.0,0.0,0.0,1.0,1.0,0.2066156237,0.22714612,0.333333274,0.7286821973,0.4475525019,0.6769221293
1625,1.0,0.0,0.0,0.0,1.0,1.0,0.2027854203,0.2184098395,0.331723084,0.7539678349,0.4440560294,0.6960004258
1626,1.0,0.0,0.0,0.0,1.0,1.0,0.08002362108,0.1832307886,0.3594548316,0.9574449429,0.4407409876,0.7171715401
1627,1.0,0.0,0.0,0.0,1.0,1.0,0.03107068041,0.1957862263,0.4300518,0.7222268802,0.4962687572,0.5142848343
1628,1.0,0.0,0.0,0.0,1.0,1.0,0.02275439368,0.1938083173,0.4500874765,0.6923026681,0.4904941908,0.5
1629,1.0,0.0,0.0,0.0,1.0,1.0,0.03452306844,0.1832312234,0.4317789114,0.9500005379,0.4925928168,0.5757578392
1630,1.0,0.0,0.0,0.0,1.0,1.0,0.05134149371,0.1665734294,0.390410964,0.9666599064,0.4629628364,0.7333328505
1631,1.0,0.0,0.0,0.0,1.0,1.0,0.1293392289,0.1969704154,0.3394956887,0.8051944033,0.4233579411,0.6944438872
1632,1.0,0.0,0.0,0.0,1.0,1.0,0.158327631,0.2052423817,0.3184817868,0.7604162165,0.4178571429,0.6869561585
1633,1.0,0.0,0.0,0.0,1.0,1.0,0.18605761,0.2151823704,0.299835325,0.7522136552,0.4056937967,0.6859512188
1634,1.0,0.0,0.0,0.0,1.0,1.0,0.1811182068,0.2108751744,0.3113673084,0.7454546184,0.4113476647,0.6890746798
1635,1.0,0.0,0.0,0.0,1.0,1.0,0.1896630561,0.2187391109,0.3118812011,0.7391293539,0.4163701972,0.6666672626
1636,1.0,0.0,0.0,0.0,1.0,1.0,0.1884197084,0.2161912158,0.3081967446,0.7391292744,0.4113475728,0.6721313832
1637,1.0,0.0,0.0,0.0,1.0,1.0,0.1946542491,0.2171932707,0.2945991536,0.722689653,0.4098938468,0.6747966311
1638,1.0,0.0,0.0,0.0,1.0,1.0,0.2070622226,0.2217073601,0.2985318716,0.71653407,0.411971659,0.6825400462
1639,1.0,0.0,0.0,0.0,1.0,1.0,0.2067249842,0.2261895313,0.2931595993,0.7322834646,0.4070174631,0.6821705426
1640,1.0,0.0,0.0,0.0,1.0,1.0,0.1956491642,0.2104086599,0.3034257408,0.7416673261,0.4175440906,0.691666682
1641,1.0,0.0,0.0,0.0,1.0,1.0,0.207739772,0.2242561835,0.2978722739,0.7401583874,0.4134275632,0.7007884982
1642,1.0,0.0,0.0,0.0,1.0,1.0,0.1956495741,0.2139158595,0.2969003994,0.7333321133,0.4105261334,0.6885237934
1643,1.0,0.0,0.0,0.0,1.0,1.0,0.2034985457,0.2234670038,0.3021346474,0.7258063381,0.4154930118,0.6692906756
1644,1.0,0.0,0.0,0.0,1.0,1.0,0.206780958,0.2279431396,0.3021347125,0.7222219299,0.4105261934,0.6846158292
1645,1.0,0.0,0.0,0.0,1.0,1.0,0.2103228536,0.2269861478,0.2985317529,0.7209293957,0.4049295213,0.6976744585
1646,1.0,0.0,0.0,0.0,1.0,1.0,0.2028325912,0.2199475086,0.2913256166,0.733871463,0.4049294467,0.6960003203
1647,1.0,0.0,0.0,0.0,1.0,1.0,0.2008681787,0.2121623193,0.2941176364,0.7479686781,0.4070176323,0.7024795201
1648,1.0,0.0,0.0,0.0,1.0,1.0,0.2025012367,0.2207247347,0.2941176364,0.7419354839,0.3992932904,0.696
1649,1.0,0.0,0.0,0.0,1.0,1.0,0.2011970489,0.2199475386,0.2913256326,0.7398377607,0.4049296617,0.6879986667
1650,1.0,0.0,0.0,0.0,1.0,1.0,0.1966114444,0.2207247959,0.295082057,0.7499995435,0.409893874,0.6960008134
1651,1.0,0.0,0.0,0.0,1.0,1.0,0.1618929201,0.2073311724,0.3173554092,0.7551012668,0.4361702375,0.6923081236
1652,1.0,0.0,0.0,0.0,1.0,1.0,0.05102803015,0.1734882773,0.4137323761,0.9655156987,0.4754715596,0.6630440914
1653,1.0,0.0,0.0,0.0,0.0,1.0,0.0,0.1836093597,0.0,0.0,0.4886363313,0.5979370951
1654,1.0,0.0,0.0,0.0,1.0,1.0,0.0370821065,0.183609384,0.4469963726,0.8571428571,0.4962121043,0.5876305061
1655,1.0,0.0,0.0,0.0,1.0,1.0,0.04068536607,0.1836094866,0.4513274269,0.9130418486,0.4962123175,0.5876285911
1656,1.0,0.0,0.0,0.0,1.0,1.0,0.0443018393,0.1791454292,0.4592199152,0.7599969161,0.498113011,0.5578952826
1657,1.0,0.0,0.0,0.0,1.0,1.0,0.03531589489,0.1911813641,0.4487633238,0.8,0.5,0.5445537829
1658,1.0,0.0,0.0,0.0,1.0,1.0,0.03028619481,0.1892881761,0.4491977912,0.7646984877,0.4886362533,0.5199985468
1659,1.0,0.0,0.0,0.0,1.0,1.0,0.02126467841,0.1914640619,0.4379434103,0.6666606745,0.4750957696,0.459999396
1660,1.0,0.0,0.0,0.0,1.0,1.0,0.02118960313,0.2078991405,0.4416960804,0.5833318509,0.4770989662,0.4403674756
1661,1.0,0.0,0.0,0.0,1.0,1.0,0.02653395788,0.195293171,0.442477806,0.8,0.4750960421,0.4803913776
1662,1.0,0.0,0.0,0.0,1.0,1.0,0.05058233054,0.1871613389,0.4502617642,0.7931044828,0.4943821597,0.5900002392
1663,1.0,0.0,0.0,0.0,1.0,1.0,0.1171874543,0.1858166717,0.4103851827,0.7142843975,0.4873645005,0.6796118532
1664,1.0,0.0,0.0,0.0,1.0,1.0,0.1952932678,0.2164284439,0.3990147573,0.7142846712,0.5000001911,0.6829271308
1665,1.0,0.0,0.0,0.0,1.0,1.0,0.2220982603,0.237629591,0.4003268723,0.698529529,0.5000001894,0.6911771739
1666,1.0,0.0,0.0,0.0,1.0,1.0,0.2233661252,0.241123871,0.3882545023,0.6934311243,0.5000001916,0.6884063729
1667,1.0,0.0,0.0,0.0,1.0,1.0,0.212889121,0.2290387855,0.3934960053,0.7175576942,0.5034721948,0.689394263
1668,1.0,0.0,0.0,0.0,1.0,1.0,0.2242651015,0.2377142196,0.4016260976,0.7246370744,0.5104165341,0.7007302585
1669,1.0,0.0,0.0,0.0,1.0,1.0,0.2249966921,0.2377142709,0.3964110786,0.7028981341,0.5138890801,0.6788330561
1670,1.0,0.0,0.0,0.0,1.0,1.0,0.2149866037,0.2244362716,0.4088670306,0.7251915307,0.5122807477,0.6875010723
1671,1.0,0.0,0.0,0.0,1.0,1.0,0.2025228163,0.2191761208,0.4069192751,0.7398362841,0.5157893807,0.6959995656
1672,1.0,0.0,0.0,0.0,1.0,1.0,0.2051402376,0.2219040424,0.4105089197,0.7359992333,0.5209792581,0.7007870715
1673,1.0,0.0,0.0,0.0,1.0,1.0,0.2110116967,0.2261893202,0.4058919983,0.7286820795,0.51578933,0.6976741456
1674,1.0,0.0,0.0,0.0,1.0,1.0,0.2117044183,0.2279428881,0.4039409707,0.7286814969,0.5157894899,0.6999989856
1675,1.0,0.0,0.0,0.0,1.0,1.0,0.1952932248,0.216428488,0.4022988299,0.7310916789,0.5140846835,0.699187296
1676,1.0,0.0,0.0,0.0,1.0,1.0,0.2012078781,0.2207249985,0.4026402145,0.7295092283,0.5088339729,0.7039992701
1677,1.0,0.0,0.0,0.0,1.0,1.0,0.2087650023,0.2260221393,0.3963815346,0.7244090792,0.505300126,0.6953114623
1678,1.0,0.0,0.0,0.0,1.0,1.0,0.2051398022,0.2189592771,0.3957307665,0.7359997351,0.4982334548,0.6935491806
1679,1.0,0.0,0.0,0.0,1.0,1.0,0.2071214703,0.2234670098,0.391447459,0.7222218349,0.5,0.700787388
1680,1.0,0.0,0.0,0.0,1.0,1.0,0.2074621359,0.2215074743,0.4003293847,0.7380956098,0.5070920764,0.703999958
1681,1.0,0.0,0.0,0.0,1.0,1.0,0.215918968,0.2287455277,0.3927987648,0.7196958767,0.5035213381,0.692306513
1682,1.0,0.0,0.0,0.0,1.0,1.0,0.2162727095,0.2314497742,0.3868852915,0.7121203819,0.4982455358,0.6818173516
1683,1.0,0.0,0.0,0.0,1.0,1.0,0.2064422149,0.2191758897,0.3950820246,0.7380956609,0.5017542607,0.6960005584
1684,1.0,0.0,0.0,0.0,1.0,1.0,0.1873955969,0.2199476462,0.4029605441,0.7105253116,0.514084631,0.6720008491
1685,1.0,0.0,0.0,0.0,1.0,1.0,0.08357080976,0.1830480919,0.4488055368,0.8979588171,0.5274727222,0.7
1686,1.0,0.0,0.0,0.0,1.0,1.0,0.04193489769,0.2010155292,0.4597901851,0.8333288077,0.5187969219,0.5700932682
1687,1.0,0.0,0.0,0.0,1.0,1.0,0.0626828693,0.183912453,0.4738676254,0.7222235747,0.5278810575,0.5858588318
1688,1.0,0.0,0.0,0.0,1.0,1.0,0.04527084782,0.1927763227,0.4790940224,0.6153910088,0.5318352863,0.5145633716
1689,1.0,0.0,0.0,0.0,1.0,1.0,0.04558881213,0.1972584066,0.4701753304,0.6538471117,0.5225562309,0.504761572
1690,1.0,0.0,0.0,0.0,1.0,1.0,0.02662786951,0.2018101722,0.484902288,0.3999913792,0.5153845995,0.4285699625
1691,1.0,0.0,0.0,0.0,1.0,1.0,0.03012501391,0.2037325915,0.471631166,0.4705889759,0.5038463785,0.433962988
1692,1.0,0.0,0.0,0.0,1.0,1.0,0.03871073036,0.1862076303,0.4718309303,0.5454633767,0.5133082025,0.4795911469
1693,1.0,0.0,0.0,0.0,1.0,1.0,0.05005830254,0.1734106769,0.4818651933,0.6896559425,0.5298507282,0.5591387367
1694,1.0,0.0,0.0,0.0,1.0,1.0,0.08960487596,0.1671793724,0.5448275566,0.7307700324,0.6181817681,0.6956516617
1695,1.0,0.0,0.0,0.0,1.0,1.0,0.1386705451,0.195620311,0.5651437522,0.731706412,0.6548042842,0.6909087676
1696,1.0,0.0,0.0,0.0,1.0,1.0,0.1671306132,0.206902094,0.5635451886,0.6899997582,0.652631656,0.6694907834
1697,1.0,0.0,0.0,0.0,1.0,1.0,0.1687800235,0.2064815649,0.5711920743,0.705881841,0.6597220778,0.6806732562
1698,1.0,0.0,0.0,0.0,1.0,1.0,0.1660201811,0.2064819194,0.5664452295,0.7,0.656250035,0.6890764671
1699,1.0,0.0,0.0,0.0,1.0,1.0,0.1649080991,0.2096731419,0.5750000229,0.6969699663,0.6713285638,0.6833324779
1700,1.0,0.0,0.0,0.0,1.0,1.0,0.165459213,0.2146688557,0.556856276,0.7070704651,0.6443662653,0.68032713
1701,1.0,0.0,0.0,0.0,1.0,1.0,0.1461368702,0.2062906433,0.5546218918,0.7241389682,0.6441281939,0.698275619
1702,1.0,0.0,0.0,0.0,1.0,1.0,0.07661823034,0.1867089187,0.5110732018,0.8444482058,0.5824174511,0.705882855
1703,1.0,0.0,0.0,0.0,1.0,1.0,0.0312327575,0.2075763975,0.4583333333,0.8888809096,0.5,0.5370369262
1704,1.0,0.0,0.0,0.0,1.0,1.0,0.03606210866,0.2048662317,0.4501717429,0.8095286666,0.4904215722,0.514019758
1705,1.0,0.0,0.0,0.0,0.0,1.0,0.0,0.2169333237,0.0,0.0,0.5038760501,0.5
1706,1.0,0.0,0.0,0.0,0.0,1.0,0.0,0.2294438512,0.0,0.0,0.4980547871,0.5084742641
1707,1.0,0.0,0.0,0.0,0.0,1.0,0.0,0.2294438742,0.0,0.0,0.5136184831,0.4830507546
1708,1.0,0.0,0.0,0.0,0.0,1.0,0.0,0.2194854492,0.0,0.0,0.498039224,0.5446425826
1709,1.0,0.0,0.0,0.0,0.0,1.0,0.0,0.2177769247,0.0,0.0,0.5136187393,0.5267856453
1710,1.0,0.0,0.0,0.0,0.0,1.0,0.0,0.2229833822,0.0,0.0,0.5059761194,0.5089281617
1711,1.0,0.0,0.0,0.0,1.0,1.0,0.01464355971,0.2205245426,0.4560438932,1.0,0.5020243762,0.5045879354
1712,1.0,0.0,0.0,0.0,1.0,1.0,0.01684443416,0.2220978992,0.440074799,1.0,0.4897120989,0.5092590053
1713,1.0,0.0,0.0,0.0,1.0,1.0,0.01335133352,0.2279059299,0.4503817082,0.5714328287,0.5062760776,0.4954125631
1714,1.0,0.0,0.0,0.0,1.0,1.0,0.02844740534,0.2250809089,0.4611006629,0.6666621664,0.5206612054,0.5412844719
1715,1.0,0.0,0.0,0.0,1.0,1.0,0.0291663705,0.2141661571,0.4708170833,0.9333333333,0.5168069395,0.5882345972
1716,1.0,0.0,0.0,0.0,1.0,1.0,0.03723409404,0.2040529012,0.4843137617,0.8420986293,0.533333361,0.5918364022
1717,1.0,0.0,0.0,0.0,1.0,1.0,0.02754393589,0.2019705344,0.4980316478,0.8571366832,0.5541668084,0.5567014382
1718,1.0,0.0,0.0,0.0,1.0,1.0,0.03147831969,0.1978065733,0.4803149327,0.9375031255,0.5374999167,0.5684203212
1719,1.0,0.0,0.0,0.0,1.0,1.0,0.04778209094,0.1886911665,0.4681275427,1.0,0.526970788,0.6593401112
1720,1.0,0.0,0.0,0.0,0.0,1.0,0.0,0.1822754386,0.0,0.0,0.5040983832,0.7415719133
1721,1.0,0.0,0.0,0.0,1.0,1.0,0.1184804058,0.1854433229,0.4244741292,1.0,0.5234376327,0.8210517382
1722,1.0,0.0,0.0,0.0,1.0,1.0,0.1518851063,0.2006602667,0.4183864526,0.9259265159,0.5405403948,0.8173079508
1723,1.0,0.0,0.0,0.0,1.0,1.0,0.1620717909,0.2097367857,0.4306305411,0.8777782827,0.5510949082,0.7739125332
1724,1.0,0.0,0.0,0.0,1.0,1.0,0.1739705682,0.2097367727,0.4404973228,0.8469389915,0.5401458549,0.7826091235
1725,1.0,0.0,0.0,0.0,1.0,1.0,0.1900216224,0.2062045521,0.4387568022,0.8365391264,0.5353160374,0.7837835073
1726,1.0,0.0,0.0,0.0,1.0,1.0,0.2075346694,0.2077491774,0.4408014673,0.8421044336,0.5318352173,0.7837844837
1727,1.0,0.0,0.0,0.0,1.0,1.0,0.1892881317,0.2149963347,0.4810605876,0.8400010107,0.5426355993,0.7747742328
1728,1.0,0.0,0.0,0.0,1.0,1.0,0.1926404476,0.2229830558,0.4713741083,0.8316834933,0.541832605,0.7946422699
1729,1.0,0.0,0.0,0.0,1.0,1.0,0.1893475879,0.2193897887,0.4492187042,0.8144327523,0.5203249973,0.8055552204
1730,1.0,0.0,0.0,0.0,1.0,1.0,0.08716087141,0.2110374728,0.5038759837,0.9555529997,0.5737052642,0.6415095928
1731,1.0,0.0,0.0,0.0,1.0,1.0,0.05958200004,0.2161491949,0.5269230397,0.935482158,0.5873016161,0.5688077551
1732,1.0,0.0,0.0,0.0,1.0,1.0,0.04687845452,0.2236104017,0.5028143136,0.91999748,0.5603112311,0.539130051
1733,1.0,0.0,0.0,0.0,1.0,1.0,0.05812865807,0.2214447051,0.4990618747,1.0,0.5568628762,0.5840703972
1734,1.0,0.0,0.0,0.0,1.0,1.0,0.08047941821,0.2205799366,0.4868914791,0.9069755924,0.5507810836,0.6283186258
1735,1.0,0.0,0.0,0.0,1.0,1.0,0.06327940065,0.2276720457,0.5139664758,0.9705910032,0.5598456605,0.6016944557
1736,1.0,0.0,0.0,0.0,1.0,1.0,0.07112806742,0.2316712726,0.4963503359,0.8717952026,0.5593869683,0.5950418379
1737,1.0,0.0,0.0,0.0,1.0,1.0,0.06848044162,0.2324282781,0.4870370245,0.864860777,0.5465115303,0.5750003761
1738,1.0,0.0,0.0,0.0,1.0,1.0,0.06453970967,0.2315307788,0.5073801483,0.8857115688,0.5598452568,0.5583333205
1739,1.0,0.0,0.0,0.0,1.0,1.0,0.08498018893,0.2372216639,0.4787430216,0.8260867729,0.5291827794,0.5819675785
1740,1.0,0.0,0.0,0.0,1.0,1.0,0.06062800483,0.2556712066,0.4852940353,0.9393918289,0.5503876686,0.5454541802
1741,1.0,0.0,0.0,0.0,1.0,1.0,0.0654181298,0.2527547993,0.4890908837,0.9166662616,0.559845582,0.5496188305
1742,1.0,0.0,0.0,0.0,1.0,1.0,0.05684899504,0.2431074346,0.4917432017,0.8709660707,0.552123471,0.5317457507
1743,1.0,0.0,0.0,0.0,1.0,1.0,0.05552444679,0.2508105657,0.4838709577,0.8064487172,0.5437262659,0.5151512756
1744,1.0,0.0,0.0,0.0,1.0,1.0,0.05741875077,0.2489105935,0.4703770812,0.8750020197,0.5247148812,0.5343511752
1745,1.0,0.0,0.0,0.0,1.0,1.0,0.05125329586,0.2653559447,0.4871794462,0.6428562522,0.5387596899,0.4744526478
1746,1.0,0.0,0.0,0.0,1.0,1.0,0.05337710428,0.2674288436,0.4917127171,0.5862045707,0.535156208,0.4671533226
1747,1.0,0.0,0.0,0.0,1.0,1.0,0.0497879133,0.2654768552,0.498155039,0.5555525997,0.5468747645,0.4632349058
1748,1.0,0.0,0.0,0.0,1.0,1.0,0.05153690076,0.2624992019,0.5046040391,0.6428530232,0.5486383522,0.4888888889
1749,1.0,0.0,0.0,0.0,1.0,1.0,0.04133053153,0.2716737313,0.5131579143,0.4090879964,0.5476190643,0.4306575634
1750,1.0,0.0,0.0,0.0,1.0,1.0,0.041719177,0.2652366792,0.5027223099,0.3043447999,0.5423078317,0.4130437304
1751,1.0,0.0,0.0,0.0,1.0,1.0,0.04097538011,0.2536462439,0.4937610838,0.2173949098,0.5340907972,0.4029849201
1752,1.0,0.0,0.0,0.0,1.0,1.0,0.05260200598,0.2632117086,0.4827587232,0.5172382602,0.5229007238,0.4057968456
1753,1.0,0.0,0.0,0.0,1.0,1.0,0.05868598738,0.2667681075,0.4786476281,0.515151171,0.5225564505,0.3661964024
1754,1.0,0.0,0.0,0.0,1.0,1.0,0.05745923739,0.2507892999,0.4790941769,0.4545495823,0.5241633282,0.3851855963
1755,1.0,0.0,0.0,0.0,1.0,1.0,0.04477770884,0.2793117473,0.4784947095,0.5199990947,0.5323196723,0.3945578319
1756,1.0,0.0,0.0,0.0,1.0,1.0,0.05772964291,0.2641112011,0.4711191226,0.4687459514,0.5323193213,0.3884897684
1757,1.0,0.0,0.0,0.0,1.0,1.0,0.05837453415,0.2724043121,0.4778760278,0.4848512602,0.5225563723,0.3862068067
1758,1.0,0.0,0.0,0.0,1.0,1.0,0.05093812232,0.2655344443,0.471001779,0.5517261387,0.5350552132,0.3958326571
1759,1.0,0.0,0.0,0.0,1.0,1.0,0.05542534359,0.2676410231,0.4776386015,0.5806463313,0.5355805191,0.3706297922
1760,1.0,0.0,0.0,0.0,1.0,1.0,0.05814927325,0.267026439,0.4872728445,0.6250007354,0.5381679979,0.3714283025
1761,1.0,0.0,0.0,0.0,1.0,1.0,0.04314154025,0.2679113298,0.4658272607,0.6250028443,0.5323195153,0.3758867904
1762,1.0,0.0,0.0,0.0,1.0,1.0,0.05298686044,0.261304279,0.4698355472,0.5862093087,0.52671767,0.3795618375
1763,1.0,0.0,0.0,0.0,1.0,1.0,0.03595086966,0.254574737,0.4766187283,0.5500045633,0.5320755639,0.4074064059
1764,1.0,0.0,0.0,0.0,1.0,1.0,0.04510126908,0.2536461957,0.4819495766,0.4400032904,0.5265151167,0.3731337869
1765,1.0,0.0,0.0,0.0,1.0,1.0,0.03983905358,0.2608031711,0.4662045703,0.6086903265,0.5109487526,0.3846158898
1766,1.0,0.0,0.0,0.0,1.0,1.0,0.03343212031,0.2683685511,0.4647887112,0.6842057897,0.5185183492,0.4137925613
1767,1.0,0.0,0.0,0.0,1.0,1.0,0.04493914586,0.2660109509,0.4802157775,0.6799984349,0.5361216122,0.4214275733
1768,1.0,0.0,0.0,0.0,1.0,1.0,0.04601495727,0.3017922174,0.4861878193,0.6799952389,0.541176462,0.422078322
1769,1.0,0.0,0.0,0.0,1.0,1.0,0.04149299645,0.2883005254,0.4801443654,0.4782576426,0.5461536246,0.3999992413
1770,1.0,0.0,0.0,0.0,1.0,1.0,0.04109876673,0.298637841,0.4841121129,0.4090920488,0.5537845601,0.3999997548
1771,1.0,0.0,0.0,0.0,1.0,1.0,0.05856865454,0.2994279594,0.4820416135,0.4516151718,0.5465588428,0.3851345462
1772,1.0,0.0,0.0,0.0,1.0,1.0,0.02479531434,0.2771730067,0.480916064,0.461542648,0.566801434,0.4671529737
1773,1.0,0.0,0.0,0.0,1.0,1.0,0.03217895978,0.2764850979,0.481060635,0.5294149431,0.5450819302,0.4814822375
1774,1.0,0.0,0.0,0.0,1.0,1.0,0.02844722667,0.2869883784,0.4895636017,1.0,0.5863451724,0.54545501
1775,1.0,0.0,0.0,0.0,0.0,1.0,0.0,0.2626992657,0.0,0.0,0.5810275511,0.6315784354
1776,1.0,0.0,0.0,0.0,0.0,1.0,0.0,0.2662602989,0.0,0.0,0.5868726099,0.6304343527
1777,1.0,0.0,0.0,0.0,0.0,1.0,0.0,0.2596974431,0.0,0.0,0.5669292689,0.6363624869
1778,1.0,0.0,0.0,0.0,0.0,1.0,0.0,0.2654768878,0.0,0.0,0.5624998626,0.6617653759
1779,1.0,0.0,0.0,0.0,0.0,1.0,0.0,0.263314463,0.0,0.0,0.5538462947,0.6350363206
1780,1.0,0.0,0.0,0.0,0.0,1.0,0.0,0.253617879,0.0,0.0,0.5563909512,0.629628966
1781,1.0,0.0,0.0,0.0,0.0,1.0,0.0,0.2674287178,0.0,0.0,0.5234376663,0.6496344652
1782,1.0,0.0,0.0,0.0,0.0,1.0,0.0,0.264558347,0.0,0.0,0.5333335467,0.6518519813
1783,1.0,0.0,0.0,0.0,0.0,1.0,0.0,0.259253931,0.0,0.0,0.5300751015,0.6666666667
1784,1.0,0.0,0.0,0.0,0.0,1.0,0.0,0.2507894534,0.0,0.0,0.5390334117,0.6370364341
1785,1.0,0.0,0.0,0.0,1.0,1.0,0.07151327731,0.2442247458,0.4432809276,1.0,0.5187971793,0.5923079128
1786,1.0,0.0,0.0,0.0,1.0,1.0,0.07688015906,0.2535621369,0.4700854388,0.8666658394,0.5407406489,0.5839411001
1787,1.0,0.0,0.0,0.0,1.0,1.0,0.05938968797,0.2552920634,0.4804754449,0.8285709532,0.5471013678,0.5460998571
1788,1.0,0.0,0.0,0.0,1.0,1.0,0.06067461084,0.2607238635,0.48229355,0.7222213006,0.5434783079,0.5277781234
1789,1.0,0.0,0.0,0.0,1.0,1.0,0.05938946472,0.2710663072,0.4804753285,0.5142861882,0.5424355547,0.4761910403
1790,1.0,0.0,0.0,0.0,1.0,1.0,0.06886923906,0.2689408452,0.4840336617,0.5609735134,0.5418180835,0.4864870585
1791,1.0,0.0,0.0,0.0,1.0,1.0,0.0675297705,0.2764022171,0.4712838054,0.5249997527,0.5274724598,0.4701989879
1792,1.0,0.0,0.0,0.0,1.0,1.0,0.07742160354,0.2896110556,0.4647887678,0.4545450606,0.5113635338,0.4183006943
1793,1.0,0.0,0.0,0.0,1.0,1.0,0.06745779253,0.2888120988,0.4760213226,0.3947404405,0.5361216039,0.4210527035
1794,1.0,0.0,0.0,0.0,1.0,1.0,0.07138873415,0.2574896573,0.4320558075,0.6341451258,0.5,0.5037036731
1795,1.0,0.0,0.0,0.0,1.0,1.0,0.08652437698,0.2403236234,0.4275618526,1.0,0.4885494487,0.6190480255
1796,1.0,0.0,0.0,0.0,1.0,1.0,0.1674456937,0.2293496551,0.4136125317,0.8333330279,0.5037314387,0.7642273632
1797,1.0,0.0,0.0,0.0,1.0,1.0,0.2076305027,0.2395665614,0.4348591459,0.8474566215,0.5205990861,0.7421872151
1798,1.0,0.0,0.0,0.0,1.0,1.0,0.2061784979,0.2517391973,0.4248252657,0.8389828381,0.5451127327,0.7537307125
1799,1.0,0.0,0.0,0.0,1.0,1.0,0.2254511621,0.2470106174,0.4227354076,0.7795278841,0.5361218372,0.7230768312
1800,1.0,0.0,0.0,0.0,1.0,1.0,0.2368014896,0.2554963605,0.4198606313,0.7794110644,0.5338346596,0.7132351774
1801,1.0,0.0,0.0,0.0,1.0,1.0,0.2574051582,0.2711663249,0.3960923627,0.7448270919,0.5155040434,0.678571539
1802,1.0,0.0,0.0,0.0,1.0,1.0,0.2480625754,0.2693808489,0.4082734133,0.753622895,0.5273436435,0.695652377
1803,1.0,0.0,0.0,0.0,1.0,1.0,0.2706069052,0.2771887226,0.40794217,0.7399994239,0.527343694,0.6901405237
1804,1.0,0.0,0.0,0.0,1.0,1.0,0.2661559319,0.2754367353,0.3913042211,0.7551020408,0.5157480531,0.6999996935
1805,1.0,0.0,0.0,0.0,1.0,1.0,0.2840138666,0.2778370282,0.4028776659,0.7215197449,0.5212356237,0.7013882878
1806,1.0,0.0,0.0,0.0,1.0,1.0,0.2746692838,0.2755114527,0.402482441,0.7290326034,0.5247149425,0.6965527521
1807,1.0,0.0,0.0,0.0,1.0,1.0,0.2805449469,0.2732557808,0.3912280199,0.737500085,0.5243447082,0.7191778575
1808,1.0,0.0,0.0,0.0,1.0,1.0,0.250743318,0.2638977259,0.4275618076,0.7464781407,0.5617976432,0.7092189185
1809,1.0,0.0,0.0,0.0,1.0,1.0,0.2405739141,0.2592540367,0.4176990019,0.7647064437,0.5488720338,0.724637295
1810,1.0,0.0,0.0,0.0,1.0,1.0,0.1870612285,0.2469884835,0.4349376206,0.8095224482,0.5440615559,0.7364333097
1811,1.0,0.0,0.0,0.0,1.0,1.0,0.1053958732,0.2468980575,0.4490909828,0.8103440584,0.5256914656,0.6399991029
1812,1.0,0.0,0.0,0.0,1.0,1.0,0.08389494849,0.2597751461,0.4562044032,0.8043490447,0.5317457883,0.5801532728
1813,1.0,0.0,0.0,0.0,1.0,1.0,0.09553497859,0.24192856,0.4577206043,0.8461509727,0.5317462729,0.6229511677
1814,1.0,0.0,0.0,0.0,1.0,1.0,0.1534859194,0.232562464,0.4321429637,0.8139525,0.523076904,0.7190088665
1815,1.0,0.0,0.0,0.0,1.0,1.0,0.2051488668,0.2479673799,0.4000000745,0.7948719346,0.5113636409,0.7328240435
1816,1.0,0.0,0.0,0.0,1.0,1.0,0.2395214099,0.2628162757,0.4000000555,0.7841724286,0.5111113583,0.7323947281
1817,1.0,0.0,0.0,0.0,1.0,1.0,0.2446907406,0.2682323616,0.3896551885,0.7676054301,0.5073529967,0.7191779199
1818,1.0,0.0,0.0,0.0,1.0,1.0,0.2558298983,0.2615865981,0.3993174932,0.7533326158,0.5198555831,0.7103446126
1819,1.0,0.0,0.0,0.0,1.0,1.0,0.25622379,0.2669991397,0.3921902162,0.7615894135,0.5126355782,0.709459608
1820,1.0,0.0,0.0,0.0,1.0,1.0,0.2498605685,0.2615864781,0.3877550343,0.7551013177,0.5126356123,0.703448441
1821,1.0,0.0,0.0,0.0,1.0,1.0,0.2687577743,0.2678361583,0.3815125251,0.75,0.500000195,0.7046970972
1822,1.0,0.0,0.0,0.0,1.0,1.0,0.2742268893,0.2717781372,0.3867768925,0.7409635433,0.5228068786,0.6967741309
1823,1.0,0.0,0.0,0.0,1.0,1.0,0.2659673536,0.2717779682,0.3801652709,0.7453417892,0.5017544746,0.6903226523
1824,1.0,0.0,0.0,0.0,1.0,1.0,0.2609378299,0.2743225453,0.3842363931,0.7358490566,0.5034966193,0.6942665637
1825,1.0,0.0,0.0,0.0,1.0,1.0,0.2592966481,0.2700246579,0.3793103448,0.7468355465,0.4982457081,0.6948056488
1826,1.0,0.0,0.0,0.0,1.0,1.0,0.2622299366,0.2656967858,0.3927392792,0.7421384581,0.5105634759,0.6887419381
1827,1.0,0.0,0.0,0.0,1.0,1.0,0.2605104127,0.2682712675,0.3852459262,0.7358492796,0.5017544181,0.6862751253
1828,1.0,0.0,0.0,0.0,1.0,1.0,0.2633551479,0.2698840096,0.3878886951,0.7453420009,0.5087106391,0.696775117
1829,1.0,0.0,0.0,0.0,1.0,1.0,0.2813486517,0.2670919382,0.3993452925,0.7325580957,0.5206897117,0.6967740766
1830,1.0,0.0,0.0,0.0,1.0,1.0,0.2705134072,0.2618404527,0.3938411686,0.7305390459,0.5171233661,0.6862742886
1831,1.0,0.0,0.0,0.0,1.0,1.0,0.2728739706,0.2620065203,0.3963815651,0.7289156627,0.5069446397,0.6754966887
1832,1.0,0.0,0.0,0.0,1.0,1.0,0.2645580662,0.2567531827,0.3937908855,0.7345684712,0.513793258,0.6845637682
1833,1.0,0.0,0.0,0.0,1.0,1.0,0.2710904878,0.256753155,0.398692854,0.7228912077,0.5172414048,0.6711404655
1834,1.0,0.0,0.0,0.0,1.0,1.0,0.2643150065,0.2542132186,0.393388323,0.7249999328,0.5087106826,0.6780822826
1835,1.0,0.0,0.0,0.0,1.0,1.0,0.2683840852,0.2550657061,0.3871499411,0.7116564337,0.5034720872,0.6734694174
1836,1.0,0.0,0.0,0.0,1.0,1.0,0.2667374348,0.2524720413,0.3920923061,0.7222224399,0.5087107218,0.6758626527
1837,1.0,0.0,0.0,0.0,1.0,1.0,0.2606515858,0.2533552612,0.3920265709,0.7197456186,0.5069930149,0.6620696355
1838,1.0,0.0,0.0,0.0,1.0,1.0,0.2477677526,0.2472302442,0.3969849616,0.7094596258,0.5122806345,0.6879427343
1839,1.0,0.0,0.0,0.0,1.0,1.0,0.195177233,0.2224906944,0.4225589331,0.6982748659,0.5159013707,0.6507929271
1840,1.0,0.0,0.0,0.0,1.0,1.0,0.06345667209,0.2433586746,0.463844832,0.7777777778,0.513011096,0.5038167939
1841,1.0,0.0,0.0,0.0,1.0,1.0,0.0473420425,0.2479960183,0.4508772237,0.6296293346,0.503731234,0.4661651217
1842,1.0,0.0,0.0,0.0,1.0,1.0,0.07539647309,0.2239491745,0.4578948075,0.8139521077,0.5148149169,0.5785124403
1843,1.0,0.0,0.0,0.0,1.0,1.0,0.1311023088,0.2035227583,0.4054514881,0.7662357813,0.4872725249,0.6785722598
1844,1.0,0.0,0.0,0.0,1.0,1.0,0.2148798105,0.2323878814,0.3849999681,0.7286821835,0.496503536,0.6616540988
1845,1.0,0.0,0.0,0.0,1.0,1.0,0.2457097113,0.2472303103,0.3887043534,0.6959462217,0.5052632614,0.6453894958
1846,1.0,0.0,0.0,0.0,1.0,1.0,0.248609095,0.248112871,0.3873122257,0.7181204742,0.5,0.6549293093
1847,1.0,0.0,0.0,0.0,1.0,1.0,0.2486171636,0.2455075694,0.3764511561,0.713334086,0.4947737642,0.6595744353
1848,1.0,0.0,0.0,0.0,1.0,1.0,0.2510915712,0.2455672448,0.3825943735,0.7189539334,0.5017181452,0.6573428694
1849,1.0,0.0,0.0,0.0,1.0,1.0,0.2515042755,0.2429196424,0.3733552055,0.705882186,0.4895836041,0.6571429458
1850,1.0,0.0,0.0,0.0,1.0,1.0,0.2584479032,0.2481374125,0.3747954613,0.7088610558,0.4931032427,0.6597226105
1851,1.0,0.0,0.0,0.0,1.0,1.0,0.2577072181,0.2498604113,0.3652893356,0.7115379284,0.4861109235,0.6666666667
1852,1.0,0.0,0.0,0.0,1.0,1.0,0.2624959768,0.2550657679,0.3686786034,0.6956530587,0.4861109479,0.6598635615
1853,1.0,0.0,0.0,0.0,1.0,1.0,0.2560145239,0.2533549204,0.3825944889,0.7179484707,0.4999998123,0.6689657319
1854,1.0,0.0,0.0,0.0,1.0,1.0,0.2539837013,0.2551023812,0.3861386944,0.7337655735,0.5034965323,0.6780824132
1855,1.0,0.0,0.0,0.0,1.0,1.0,0.07262379164,0.2397184814,0.4325258699,0.8571421321,0.5055351366,0.5384625475
1856,1.0,0.0,0.0,0.0,1.0,1.0,0.03898533271,0.2761614286,0.4946808993,0.09090732917,0.5451127609,0.4013602285
1857,1.0,0.0,0.0,0.0,1.0,1.0,0.04961766295,0.2763610834,0.4804964072,0.1428592847,0.5265152418,0.3835611318
1858,1.0,0.0,0.0,0.0,1.0,1.0,0.03898549739,0.2677751446,0.4875886447,0.04545585815,0.5358490144,0.3943672055
1859,1.0,0.0,0.0,0.0,1.0,1.0,0.02949724356,0.2693663256,0.4670138792,0.1176470588,0.5278810602,0.4275851559
1860,1.0,0.0,0.0,0.0,1.0,1.0,0.04495749677,0.2266390204,0.4307958026,0.9230744085,0.4981412581,0.5409831497
1861,1.0,0.0,0.0,0.0,1.0,1.0,0.1112422208,0.2021345121,0.4243478179,0.796876251,0.4906368852,0.6851850021
1862,1.0,0.0,0.0,0.0,1.0,1.0,0.187499915,0.2291142501,0.3936347874,0.7589270688,0.4837546918,0.7007862866
1863,1.0,0.0,0.0,0.0,1.0,1.0,0.2303855373,0.2463164898,0.3814262096,0.7410077783,0.4964540698,0.6978413672
1864,1.0,0.0,0.0,0.0,1.0,1.0,0.2403299637,0.2481008084,0.3781094334,0.7448277521,0.4894365319,0.687943087
1865,1.0,0.0,0.0,0.0,1.0,1.0,0.2407895211,0.2489837332,0.3828382452,0.7328767431,0.4912280029,0.6760567283
1866,1.0,0.0,0.0,0.0,1.0,1.0,0.2292448752,0.2368017008,0.3894388992,0.7625900301,0.5017422094,0.7058822582
1867,1.0,0.0,0.0,0.0,1.0,1.0,0.2110308607,0.2318850723,0.3918919275,0.7760003579,0.492805996,0.705425762
1868,1.0,0.0,0.0,0.0,1.0,1.0,0.2089896909,0.2336823816,0.3962900275,0.7580643474,0.4964030147,0.7000001663
1869,1.0,0.0,0.0,0.0,1.0,1.0,0.126024196,0.2009950923,0.4185639246,0.8055552316,0.5018450427,0.6972465228
1870,1.0,0.0,0.0,0.0,0.0,1.0,0.0,0.214166314,0.0,0.0,0.4903473421,0.5495500937
1871,1.0,0.0,0.0,0.0,1.0,1.0,0.02701205754,0.2106100022,0.4594593663,0.8666723378,0.498084416,0.5000009667
1872,1.0,0.0,0.0,0.0,1.0,1.0,0.02172687907,0.2169331672,0.4601449881,0.7499955751,0.4922481114,0.4910710053
1873,1.0,0.0,0.0,0.0,1.0,1.0,0.01988029208,0.2177772488,0.4629295033,0.8181818182,0.4980543442,0.4732153757
1874,1.0,0.0,0.0,0.0,1.0,1.0,0.01445847783,0.2216660779,0.4611211643,0.8750033279,0.4941633145,0.4824565992
1875,1.0,0.0,0.0,0.0,1.0,1.0,0.02002522716,0.2203494541,0.4699453431,0.7272762271,0.488188855,0.4553565014
1876,1.0,0.0,0.0,0.0,1.0,1.0,0.01623649546,0.2177772998,0.4675089173,0.6666588473,0.4941636446,0.5
1877,1.0,0.0,0.0,0.0,1.0,1.0,0.02311868961,0.2220983591,0.4661921096,0.8461538462,0.5019156511,0.4827586839
1878,1.0,0.0,0.0,0.0,1.0,1.0,0.03569451364,0.2149964119,0.4553571814,0.8999978522,0.4961242213,0.5585590641
1879,1.0,0.0,0.0,0.0,1.0,1.0,0.07025953349,0.1885741256,0.4534270251,0.8750006623,0.5094338416,0.6800003391
1880,1.0,0.0,0.0,0.0,1.0,1.0,0.178954243,0.2193019307,0.4020269665,0.7358492494,0.4892087647,0.6885245029
1881,1.0,0.0,0.0,0.0,1.0,1.0,0.2071810205,0.2373676475,0.3681593313,0.7440002051,0.4821427618,0.6842104418
1882,1.0,0.0,0.0,0.0,1.0,1.0,0.2213641353,0.2410000257,0.3735536949,0.7686565265,0.4787233159,0.6985295501
1883,1.0,0.0,0.0,0.0,1.0,1.0,0.224127158,0.2400793026,0.368770834,0.7555558792,0.476868315,0.6888885652
1884,1.0,0.0,0.0,0.0,1.0,1.0,0.2345798878,0.2445443912,0.3768594926,0.7394354977,0.4893616359,0.6739124899
1885,1.0,0.0,0.0,0.0,1.0,1.0,0.227741641,0.2480882568,0.3704917623,0.7410064833,0.4787234412,0.6928573542
1886,1.0,0.0,0.0,0.0,1.0,1.0,0.2380401092,0.2463659357,0.3817292975,0.7534234632,0.4965035984,0.6950359467
1887,1.0,0.0,0.0,0.0,1.0,1.0,0.2416950621,0.2560408389,0.382352825,0.7432441659,0.4946996265,0.6896557348
1888,1.0,0.0,0.0,0.0,1.0,1.0,0.24412607,0.2507434989,0.3704918342,0.7315439173,0.4770318888,0.6830992156
1889,1.0,0.0,0.0,0.0,1.0,1.0,0.2519050904,0.2525093791,0.3780688123,0.7337664287,0.4840991034,0.6853148575
1890,1.0,0.0,0.0,0.0,1.0,1.0,0.2519052295,0.2516325474,0.3747954275,0.7467530004,0.4787231147,0.6971821222
1891,1.0,0.0,0.0,0.0,1.0,1.0,0.2510833197,0.2559974138,0.3752040121,0.7272724712,0.4877191648,0.6712331413
1892,1.0,0.0,0.0,0.0,1.0,1.0,0.2453913919,0.2524904629,0.3739837632,0.7417216312,0.4842104284,0.6874992322
1893,1.0,0.0,0.0,0.0,1.0,1.0,0.2465943975,0.2542441495,0.3741829545,0.7417219121,0.4877192658,0.6758621003
1894,1.0,0.0,0.0,0.0,1.0,1.0,0.2494504356,0.2542749098,0.3760262106,0.7434210809,0.4876324272,0.6944453695
1895,1.0,0.0,0.0,0.0,1.0,1.0,0.240789762,0.2516323461,0.3696370015,0.7465755907,0.4822695423,0.6971829892
1896,1.0,0.0,0.0,0.0,1.0,1.0,0.2363210502,0.2481011831,0.3711001604,0.7500003794,0.4823942917,0.6879431965
1897,1.0,0.0,0.0,0.0,1.0,1.0,0.2457645748,0.2525094855,0.3704918685,0.7333329445,0.4840989004,0.6783214323
1898,1.0,0.0,0.0,0.0,1.0,1.0,0.2396035537,0.2498606906,0.3760263106,0.7397267661,0.492957947,0.6760566851
1899,1.0,0.0,0.0,0.0,1.0,1.0,0.2490413561,0.2516202246,0.3737704282,0.7499996376,0.4859154056,0.6993006131
1900,1.0,0.0,0.0,0.0,1.0,1.0,0.256812134,0.2559973783,0.3846154255,0.7324846915,0.49473695,0.6643837344
1901,1.0,0.0,0.0,0.0,1.0,1.0,0.2346801512,0.2472303799,0.3924465454,0.7482509436,0.5017545992,0.7092197478
1902,1.0,0.0,0.0,0.0,1.0,1.0,0.1398538197,0.2159966297,0.418088637,0.7804872225,0.4981683188,0.6864413654
1903,1.0,0.0,0.0,0.0,1.0,1.0,0.07040750891,0.2173507999,0.4312715079,0.780487677,0.4981411882,0.5897440608
1904,1.0,0.0,0.0,0.0,1.0,1.0,0.09180299783,0.2062048239,0.4211438258,0.7735853669,0.5018588956,0.6486493848
1905,1.0,0.0,0.0,0.0,1.0,1.0,0.1735961649,0.2245121646,0.3996627825,0.7572833366,0.4782609894,0.6774208256
1906,1.0,0.0,0.0,0.0,1.0,1.0,0.2169842597,0.241000304,0.3914473725,0.7272725775,0.4929077891,0.6691177529
1907,1.0,0.0,0.0,0.0,1.0,1.0,0.2310183142,0.2454768727,0.3836065479,0.7375894253,0.4912281309,0.6857151815
1908,1.0,0.0,0.0,0.0,1.0,1.0,0.244125965,0.2533794227,0.3868851547,0.7248320857,0.4964787134,0.6736108453
1909,1.0,0.0,0.0,0.0,1.0,1.0,0.250674353,0.2516076581,0.3778501824,0.7272729866,0.4895103499,0.6736111429
1910,1.0,0.0,0.0,0.0,1.0,1.0,0.2437263333,0.2489898667,0.3731587542,0.7315446553,0.4843206343,0.6783213088
1911,1.0,0.0,0.0,0.0,1.0,1.0,0.2474188337,0.2551023217,0.3697067838,0.7368420284,0.4860137623,0.684931611
1912,1.0,0.0,0.0,0.0,1.0,1.0,0.2409075711,0.2489897204,0.3794787845,0.7162165942,0.4912891365,0.6853147812
1913,1.0,0.0,0.0,0.0,1.0,1.0,0.2490464977,0.2568493888,0.3713355481,0.7385632574,0.4860139403,0.6870758892
1914,1.0,0.0,0.0,0.0,1.0,1.0,0.2425356755,0.249860554,0.3664494538,0.7382552225,0.4790210006,0.678322596
1915,1.0,0.0,0.0,0.0,1.0,1.0,0.248216668,0.2516076732,0.3766447689,0.7350994542,0.4860141037,0.6875008647
1916,1.0,0.0,0.0,0.0,1.0,1.0,0.233912159,0.2454766898,0.3715221618,0.741258529,0.4842105664,0.6857153046
1917,1.0,0.0,0.0,0.0,1.0,1.0,0.2392801721,0.244618931,0.3745928953,0.7414965279,0.4860141836,0.678570481
1918,1.0,0.0,0.0,0.0,1.0,1.0,0.242141332,0.2489900948,0.3723577148,0.7516780314,0.4878049906,0.6923073359
1919,1.0,0.0,0.0,0.0,1.0,1.0,0.2429309888,0.2507310995,0.3654160025,0.7516783284,0.4843206563,0.6875002867
1920,1.0,0.0,0.0,0.0,1.0,1.0,0.2392801775,0.2489902065,0.3583062566,0.7482995519,0.4773518701,0.6853151761
1921,1.0,0.0,0.0,0.0,1.0,1.0,0.2384287821,0.2498604018,0.3627451826,0.7397254551,0.4755245447,0.6783216464
1922,1.0,0.0,0.0,0.0,1.0,1.0,0.2408492646,0.2507371962,0.3754097637,0.7414966594,0.4842103891,0.6853151773
1923,1.0,0.0,0.0,0.0,1.0,1.0,0.2412446095,0.2559974499,0.3596058026,0.7414979046,0.4771929851,0.6849310963
1924,1.0,0.0,0.0,0.0,1.0,1.0,0.2494528008,0.2533551797,0.3654159724,0.7320260689,0.4790209589,0.6758614122
1925,1.0,0.0,0.0,0.0,1.0,1.0,0.2547280001,0.2524541756,0.3620129804,0.7324833377,0.4809688834,0.6849311735
1926,1.0,0.0,0.0,0.0,1.0,1.0,0.2526949704,0.251595657,0.366288512,0.7243593919,0.4791665868,0.6827585261
1927,1.0,0.0,0.0,0.0,1.0,1.0,0.2514831141,0.2516080304,0.3620129802,0.7419353,0.4720280287,0.6944446575
1928,1.0,0.0,0.0,0.0,1.0,1.0,0.2413007105,0.2498607028,0.3752039526,0.7432441662,0.4859154194,0.6830989076
1929,1.0,0.0,0.0,0.0,1.0,1.0,0.2384287254,0.2472116752,0.3758169369,0.7397262129,0.4770318707,0.6785712044
1930,1.0,0.0,0.0,0.0,1.0,1.0,0.2466156838,0.2533795541,0.370129862,0.7236834323,0.4788734948,0.673610593
1931,1.0,0.0,0.0,0.0,1.0,1.0,0.2453621317,0.2507495063,0.3617021201,0.7266667924,0.4661921212,0.6808522458
1932,1.0,0.0,0.0,0.0,1.0,1.0,0.2401257133,0.2463165895,0.3701299544,0.736485731,0.4787233294,0.6834539683
1933,1.0,0.0,0.0,0.0,1.0,1.0,0.2012078503,0.2427214803,0.3877887165,0.7540988265,0.4964286101,0.6838231077
1934,1.0,0.0,0.0,0.0,1.0,1.0,0.0822657302,0.2220981992,0.4220664692,0.8936173118,0.4904217133,0.6465514221
1935,1.0,0.0,0.0,0.0,1.0,1.0,0.06268297741,0.2306405122,0.4372822422,0.8611097835,0.4961537523,0.6
1936,1.0,0.0,0.0,0.0,1.0,1.0,0.08186579634,0.2125679386,0.4419794556,0.8541665725,0.5149256509,0.6578944363
1937,1.0,0.0,0.0,0.0,1.0,1.0,0.1844107772,0.2371867009,0.3822076377,0.7410721949,0.4782608524,0.6793893002
1938,1.0,0.0,0.0,0.0,1.0,1.0,0.220464842,0.2498605807,0.3856210086,0.7333340819,0.4892856825,0.6785709314
1939,1.0,0.0,0.0,0.0,1.0,1.0,0.2291402248,0.2489774799,0.3837398216,0.7517738225,0.4946997165,0.6879426773
1940,1.0,0.0,0.0,0.0,1.0,1.0,0.2368807885,0.2551765671,0.3733765801,0.7602737466,0.4858154185,0.6944438531
1941,1.0,0.0,0.0,0.0,1.0,1.0,0.2311413432,0.2525281308,0.3794787849,0.753521561,0.4875444452,0.6971827512
1942,1.0,0.0,0.0,0.0,1.0,1.0,0.2340155459,0.2551764694,0.3723577195,0.7638883544,0.4822693893,0.7013890279
1943,1.0,0.0,0.0,0.0,1.0,1.0,0.2398018312,0.2516078249,0.3703704266,0.7449660329,0.4860139209,0.6875006746
1944,1.0,0.0,0.0,0.0,1.0,1.0,0.2364969027,0.2507433479,0.3760129952,0.7534252757,0.4805651422,0.690140453
1945,1.0,0.0,0.0,0.0,1.0,1.0,0.2413008876,0.2489716758,0.3800977871,0.7567562729,0.480427186,0.692856557
1946,1.0,0.0,0.0,0.0,1.0,1.0,0.2412444724,0.2560847718,0.3743843398,0.7551018884,0.4839858193,0.6944451221
1947,1.0,0.0,0.0,0.0,1.0,1.0,0.2388191096,0.2560844217,0.3747953985,0.7534236888,0.4839859584,0.6944452496
1948,1.0,0.0,0.0,0.0,1.0,1.0,0.2405161649,0.2525089964,0.3739836661,0.7500007253,0.4876324445,0.6993010983
1949,1.0,0.0,0.0,0.0,1.0,1.0,0.2343970971,0.2436799984,0.3713356247,0.7361102455,0.4770317038,0.6884056822
1950,1.0,0.0,0.0,0.0,1.0,1.0,0.2320132869,0.2489775071,0.3685064658,0.741259373,0.4770318978,0.6950353839
1951,1.0,0.0,0.0,0.0,1.0,1.0,0.2262582336,0.2445816231,0.3729642408,0.7553959703,0.478873157,0.6906486179
1952,1.0,0.0,0.0,0.0,1.0,1.0,0.1637880816,0.2263230115,0.3846153846,0.7857155603,0.4818840508,0.6880002518
1953,1.0,0.0,0.0,0.0,0.0,1.0,0.0,0.2373193802,0.0,0.0,0.505791424,0.5447148067
1954,1.0,0.0,0.0,0.0,1.0,1.0,0.03850753324,0.2355007257,0.4588441553,1.0,0.5057470642,0.5365854953
1955,1.0,0.0,0.0,0.0,1.0,1.0,0.057760948,0.2136212126,0.4465850339,0.8787868818,0.4961830354,0.6160725884
1956,1.0,0.0,0.0,0.0,1.0,1.0,0.1180847274,0.1998881483,0.4058219348,0.8260875033,0.4814814369,0.7037042988
1957,1.0,0.0,0.0,0.0,1.0,1.0,0.169938925,0.2216944703,0.3636364553,0.7524743933,0.4545454905,0.6885247951
1958,1.0,0.0,0.0,0.0,1.0,1.0,0.2028572001,0.2337981823,0.3745875291,0.7398372816,0.4785717355,0.6870223474
1959,1.0,0.0,0.0,0.0,1.0,1.0,0.2104088291,0.241857815,0.3749999098,0.7187491422,0.4804270852,0.6691182526
1960,1.0,0.0,0.0,0.0,1.0,1.0,0.2249965385,0.2436803895,0.3768351769,0.7318838375,0.4805651462,0.6739136005
1961,1.0,0.0,0.0,0.0,1.0,1.0,0.2217355981,0.2357837955,0.3703100265,0.7499995941,0.4753522071,0.6940300229
1962,1.0,0.0,0.0,0.0,1.0,1.0,0.2237314645,0.2340241249,0.3839869067,0.7372255714,0.4964789485,0.6766926906
1963,1.0,0.0,0.0,0.0,1.0,1.0,0.220465164,0.2357839978,0.3725490267,0.7481483539,0.4788734035,0.6865660338
1964,1.0,0.0,0.0,0.0,1.0,1.0,0.2240974403,0.2401486986,0.3895254237,0.7226276326,0.4946997337,0.6691180833
1965,1.0,0.0,0.0,0.0,1.0,1.0,0.2202719431,0.2383827896,0.3667764126,0.7537316117,0.4699645345,0.6814809406
1966,1.0,0.0,0.0,0.0,1.0,1.0,0.2217307905,0.234744332,0.3758278934,0.7537309305,0.4875444592,0.7045462802
1967,1.0,0.0,0.0,0.0,1.0,1.0,0.2114520475,0.2321395516,0.3719008787,0.7500012805,0.4751771155,0.6946569597
1968,1.0,0.0,0.0,0.0,1.0,1.0,0.2144016849,0.2365229029,0.376237639,0.7461530927,0.480427313,0.6766914811
1969,1.0,0.0,0.0,0.0,1.0,1.0,0.2075252272,0.239152301,0.3903654838,0.7520005111,0.4928571896,0.7014922728
1970,1.0,0.0,0.0,0.0,1.0,1.0,0.1464260346,0.2175903222,0.3645655078,0.8139537807,0.4538746329,0.7118644378
1971,1.0,0.0,0.0,0.0,1.0,1.0,0.03844013488,0.2187459546,0.4493006612,1.0,0.5132075579,0.5689641419
1972,1.0,0.0,0.0,0.0,0.0,1.0,0.0,0.225927788,0.0,0.0,0.5057471075,0.4745767972
1973,1.0,0.0,0.0,0.0,1.0,1.0,0.02459088975,0.2176813429,0.4569419214,1.0,0.5113636133,0.5304334687
1974,1.0,0.0,0.0,0.0,0.0,1.0,0.0,0.2117140182,0.0,0.0,0.4885493442,0.6036037078
1975,1.0,0.0,0.0,0.0,1.0,1.0,0.08630763787,0.1880867428,0.4196890923,0.859999828,0.4944647954,0.7156861919
1976,1.0,0.0,0.0,0.0,1.0,1.0,0.169716515,0.2178272178,0.3722127215,0.7474752481,0.465201428,0.6890747566
1977,1.0,0.0,0.0,0.0,1.0,1.0,0.1938716821,0.2222957952,0.3712375155,0.7068961028,0.4661922364,0.6640003175
1978,1.0,0.0,0.0,0.0,1.0,1.0,0.200562416,0.21672512,0.3709949873,0.714286751,0.4695341652,0.6776858914
1979,1.0,0.0,0.0,0.0,1.0,1.0,0.2029067039,0.2222959246,0.365771726,0.7272720756,0.4697510077,0.6879996391
1980,1.0,0.0,0.0,0.0,1.0,1.0,0.1955066576,0.2222958491,0.3693086283,0.7327574307,0.4768683452,0.6880009279
1981,1.0,0.0,0.0,0.0,1.0,1.0,0.2008931547,0.2232797814,0.3685092523,0.7333338175,0.4716312194,0.6984117927
1982,1.0,0.0,0.0,0.0,1.0,1.0,0.1998881835,0.2240744035,0.3579831807,0.7310928217,0.4626333375,0.6666666667
1983,1.0,0.0,0.0,0.0,1.0,1.0,0.2005625039,0.2222955764,0.3659358851,0.7226893211,0.4697509172,0.6800000695
1984,1.0,0.0,0.0,0.0,1.0,1.0,0.206314838,0.2177358064,0.3604059987,0.7213113582,0.4607143691,0.688523828
1985,1.0,0.0,0.0,0.0,1.0,1.0,0.204623366,0.2187391542,0.357021959,0.7190072391,0.4590748433,0.6747968918
1986,1.0,0.0,0.0,0.0,1.0,1.0,0.2109373233,0.227788038,0.3601339997,0.6984119392,0.4628972995,0.6744184106
1987,1.0,0.0,0.0,0.0,1.0,1.0,0.2092633413,0.2232795057,0.3534337562,0.7120000553,0.457446719,0.6825404442
1988,1.0,0.0,0.0,0.0,1.0,1.0,0.2161854278,0.228745499,0.3544093142,0.7076927444,0.4577465058,0.6846165148
1989,1.0,0.0,0.0,0.0,1.0,1.0,0.2202442877,0.2295538435,0.3555925644,0.7121217133,0.4558305658,0.6846154234
1990,1.0,0.0,0.0,0.0,1.0,1.0,0.2119019954,0.230367869,0.3555926037,0.7086616879,0.4609929105,0.6615392622
1991,1.0,0.0,0.0,0.0,1.0,1.0,0.2200454295,0.2303676438,0.3563025081,0.7099237783,0.4574469235,0.6846159258
1992,1.0,0.0,0.0,0.0,1.0,1.0,0.2243303715,0.2330853267,0.3584588583,0.68656714,0.4558305065,0.6742428977
1993,1.0,0.0,0.0,0.0,1.0,1.0,0.2179992986,0.2268234429,0.3540268286,0.715385243,0.4539004562,0.6953120111
1994,1.0,0.0,0.0,0.0,1.0,1.0,0.2151340176,0.2238889062,0.3525424096,0.7165353665,0.4480284878,0.6880011128
1995,1.0,0.0,0.0,0.0,1.0,1.0,0.2198434702,0.2274715134,0.3502537764,0.7076916915,0.4444444013,0.6850405268
1996,1.0,0.0,0.0,0.0,1.0,1.0,0.2220982317,0.2311877631,0.3653197736,0.7121215375,0.4519574016,0.6769232059
1997,1.0,0.0,0.0,0.0,1.0,1.0,0.2200451803,0.2276310573,0.3596637905,0.7251916516,0.4555159952,0.6875004187
1998,1.0,0.0,0.0,0.0,1.0,1.0,0.2155984739,0.2240742803,0.3678930014,0.7209300373,0.4661922874,0.6904763133
1999,1.0,0.0,0.0,0.0,1.0,1.0,0.2163222593,0.2266590901,0.3607383112,0.7131783721,0.4535715863,0.6850392234
2000,1.0,0.0,0.0,0.0,1.0,1.0,0.2133453597,0.2322645671,0.3530377265,0.7076925643,0.461267748,0.6893944122
2001,1.0,0.0,0.0,0.0,1.0,1.0,0.2173414315,0.2314496132,0.3558484488,0.7121216089,0.4631579466,0.6893935922
2002,1.0,0.0,0.0,0.0,1.0,1.0,0.2180599824,0.2261894195,0.3603305348,0.7272737702,0.4631580544,0.6899226756
2003,1.0,0.0,0.0,0.0,1.0,1.0,0.2149866182,0.2288931331,0.3645319774,0.7175579554,0.4720279062,0.6870225239
2004,1.0,0.0,0.0,0.0,1.0,1.0,0.2176999828,0.232139886,0.3547854408,0.6969706494,0.457446438,0.6793896056
2005,1.0,0.0,0.0,0.0,1.0,1.0,0.2139273146,0.2292625977,0.3578594561,0.7109367993,0.4587812702,0.6718740216
2006,1.0,0.0,0.0,0.0,1.0,1.0,0.2187832545,0.2294092227,0.3565505383,0.7196973413,0.4555159227,0.6899229605
2007,1.0,0.0,0.0,0.0,1.0,1.0,0.2239276525,0.2285955228,0.3509061603,0.7279408364,0.4539008728,0.689921881
2008,1.0,0.0,0.0,0.0,1.0,1.0,0.22392774,0.2313196277,0.355848375,0.7279420764,0.4593640062,0.694656224
2009,1.0,0.0,0.0,0.0,1.0,1.0,0.2292451926,0.2321397084,0.3547855814,0.7338128601,0.4574470206,0.6641231584
2010,1.0,0.0,0.0,0.0,1.0,1.0,0.2338068428,0.239228157,0.3607906932,0.7183097735,0.4645388876,0.6814811615
2011,1.0,0.0,0.0,0.0,1.0,1.0,0.2144016134,0.240148635,0.3729373897,0.7384612825,0.4805653629,0.6838229214
2012,1.0,0.0,0.0,0.0,1.0,1.0,0.03433879307,0.2363020097,0.4882458948,0.6842105263,0.5348839219,0.434425473
2013,1.0,0.0,0.0,0.0,1.0,1.0,0.01775200776,0.224209247,0.4564830439,0.4000085454,0.5019009246,0.4152545135
2014,1.0,0.0,0.0,0.0,1.0,1.0,0.01233883806,0.2297566509,0.4409170752,1.0,0.4942530758,0.4666670229
2015,1.0,0.0,0.0,0.0,1.0,1.0,0.05296198592,0.1973065876,0.4512819784,0.8387069783,0.5202952574,0.6168217125
2016,1.0,0.0,0.0,0.0,1.0,1.0,0.1494180081,0.2134040301,0.4169435077,0.7444440399,0.5124554745,0.6749996814
2017,1.0,0.0,0.0,0.0,1.0,1.0,0.2041691422,0.2226826244,0.4052717671,0.7177425503,0.5122807099,0.6692916112
2018,1.0,0.0,0.0,0.0,1.0,1.0,0.2335295543,0.2402167053,0.4003267748,0.7132867664,0.5192984314,0.6788319895
2019,1.0,0.0,0.0,0.0,1.0,1.0,0.2361142428,0.2385425911,0.4029125067,0.7123286856,0.5121948821,0.6788310519
2020,1.0,0.0,0.0,0.0,1.0,1.0,0.2364968591,0.2437665082,0.4051864358,0.7123297185,0.5226480529,0.6785711474
2021,1.0,0.0,0.0,0.0,1.0,1.0,0.2526951461,0.2533550528,0.3954619197,0.7051274129,0.5069930777,0.6758628637
2022,1.0,0.0,0.0,0.0,1.0,1.0,0.2534934188,0.255954705,0.3974152193,0.7197458974,0.5121950941,0.6802718051
2023,1.0,0.0,0.0,0.0,1.0,1.0,0.2470348151,0.2498604328,0.4022618014,0.7189538619,0.5138885592,0.6736112495
2024,1.0,0.0,0.0,0.0,1.0,1.0,0.2478486885,0.2524721826,0.3977455335,0.7142855106,0.5121952339,0.6827589236
2025,1.0,0.0,0.0,0.0,1.0,1.0,0.2454204613,0.2498603549,0.3957996809,0.7171057212,0.5138887614,0.6805552791
2026,1.0,0.0,0.0,0.0,1.0,1.0,0.249860607,0.2489958992,0.3983871085,0.7225800912,0.5121107731,0.6874991335
2027,1.0,0.0,0.0,0.0,1.0,1.0,0.2421911705,0.2489901161,0.4038771735,0.7266672621,0.5261323242,0.6853152975
2028,1.0,0.0,0.0,0.0,1.0,1.0,0.2429761839,0.249860647,0.3987034076,0.7266666959,0.5208332699,0.6736102645
2029,1.0,0.0,0.0,0.0,1.0,1.0,0.2494555861,0.2516076041,0.3954619277,0.727271684,0.5174825499,0.694444274
2030,1.0,0.0,0.0,0.0,1.0,1.0,0.2437665256,0.2472486835,0.3934960094,0.7199997635,0.5121953479,0.6760569977
2031,1.0,0.0,0.0,0.0,1.0,1.0,0.2482380391,0.2533551135,0.397727343,0.7124180082,0.513985991,0.6758624891
2032,1.0,0.0,0.0,0.0,1.0,1.0,0.246615396,0.249860399,0.3879870996,0.7171058069,0.5034963796,0.678321355
2033,1.0,0.0,0.0,0.0,1.0,1.0,0.2514727951,0.2559124604,0.3967741478,0.7115380003,0.5121107069,0.6824327841
2034,1.0,0.0,0.0,0.0,1.0,1.0,0.2454203425,0.251595741,0.3974152266,0.7105266593,0.5069445241,0.6758622367
2035,1.0,0.0,0.0,0.0,1.0,1.0,0.2458175365,0.2498606288,0.3948219634,0.7236839273,0.5138888626,0.6874996213
2036,1.0,0.0,0.0,0.0,1.0,1.0,0.2518915719,0.2559546042,0.3918698944,0.7096773303,0.5087107534,0.6802714853
2037,1.0,0.0,0.0,0.0,1.0,1.0,0.240125848,0.245507533,0.4042207028,0.7229737283,0.5156793649,0.6737589651
2038,1.0,0.0,0.0,0.0,1.0,1.0,0.2117043879,0.2383829518,0.4088670224,0.7364333736,0.5229683832,0.6888884575
2039,1.0,0.0,0.0,0.0,1.0,1.0,0.2074623353,0.2418579008,0.4069192481,0.7619049947,0.5195728771,0.6985301888
2040,1.0,0.0,0.0,0.0,1.0,1.0,0.1965847308,0.2250515428,0.3933883321,0.7731082037,0.5035459667,0.7007880285
2041,1.0,0.0,0.0,0.0,1.0,1.0,0.1734569057,0.2222959897,0.408264564,0.7714273114,0.5088968669,0.6719988992
2042,1.0,0.0,0.0,0.0,1.0,1.0,0.07767686629,0.2179237223,0.3834197518,0.9555575787,0.4661653648,0.6551717087
2043,1.0,0.0,0.0,0.0,0.0,1.0,0.0,0.239488975,0.0,0.0,0.5207547877,0.5118112379
2044,1.0,0.0,0.0,0.0,1.0,1.0,0.02275406227,0.246074709,0.467600724,0.5384538703,0.5151514904,0.4230766675
2045,1.0,0.0,0.0,0.0,1.0,1.0,0.02115199527,0.2346018476,0.4638447854,0.4999909808,0.5114504825,0.4390243473
2046,1.0,0.0,0.0,0.0,1.0,1.0,0.03349094338,0.2403237538,0.462081182,0.3684210526,0.5038167063,0.3888899315
2047,1.0,0.0,0.0,0.0,1.0,1.0,0.03349109227,0.2441820814,0.4656084253,0.4736812187,0.5151513665,0.3953493045
2048,1.0,0.0,0.0,0.0,1.0,1.0,0.03167243384,0.2319457961,0.4559858131,0.3333373005,0.5132078018,0.3739830743
2049,1.0,0.0,0.0,0.0,1.0,1.0,0.0423790323,0.2358234213,0.4593639549,0.3333333333,0.5131086788,0.3571433432
2050,1.0,0.0,0.0,0.0,1.0,1.0,0.03464275063,0.2323427856,0.4662044272,0.1000021725,0.523985432,0.3492072797
2051,1.0,0.0,0.0,0.0,1.0,1.0,0.05014533835,0.2470738199,0.4671281094,0.3448322278,0.5278811487,0.3308276684
2052,1.0,0.0,0.0,0.0,1.0,1.0,0.05067100333,0.2368083584,0.4650348843,0.3103420068,0.5186564328,0.3228356351
2053,1.0,0.0,0.0,0.0,1.0,1.0,0.04398979062,0.2189788568,0.4577465514,0.2799982805,0.5093631543,0.3162389708
2054,1.0,0.0,0.0,0.0,1.0,1.0,0.05552449891,0.231671368,0.4462365329,0.4516115674,0.4980844905,0.3223155255
2055,1.0,0.0,0.0,0.0,1.0,1.0,0.05721295767,0.2240128185,0.4293381157,0.4375016645,0.4827585644,0.2991463264
2056,1.0,0.0,0.0,0.0,1.0,1.0,0.05889571639,0.2117137965,0.4375,0.3939368168,0.4809160903,0.2882885511
2057,1.0,0.0,0.0,0.0,1.0,1.0,0.03531572612,0.1843079742,0.4151943827,0.4500021621,0.4714829741,0.4123722829
2058,1.0,0.0,0.0,0.0,1.0,1.0,0.04493912595,0.17997659,0.4370504142,0.6799989689,0.4827588051,0.4787238662
2059,1.0,0.0,0.0,0.0,1.0,1.0,0.08002626715,0.1697524876,0.402135245,0.9333339747,0.4694657308,0.6292131279
2060,1.0,0.0,0.0,0.0,1.0,1.0,0.05269793805,0.1834913848,0.4436363573,0.6896503455,0.4804687076,0.5000011365
2061,1.0,0.0,0.0,0.0,1.0,1.0,0.08016916772,0.1627444028,0.4099822702,0.9333349302,0.4712643631,0.6352942967
2062,1.0,0.0,0.0,0.0,1.0,1.0,0.07343575642,0.1755778078,0.4139785661,0.9512172098,0.4710425079,0.6043958121
2063,1.0,0.0,0.0,0.0,1.0,1.0,0.05900093822,0.1768247083,0.4221824456,0.6969755161,0.4730766764,0.4891306843
2064,1.0,0.0,0.0,0.0,1.0,1.0,0.1063235006,0.1734878225,0.4166666667,0.9333328557,0.4981133376,0.6956523771
2065,1.0,0.0,0.0,0.0,1.0,1.0,0.1427772276,0.1862430544,0.4268077483,0.8518509592,0.5166052723,0.6435631443
2066,1.0,0.0,0.0,0.0,1.0,1.0,0.09501737326,0.1740601292,0.4260564799,0.8888857635,0.4906367254,0.6021502868
2067,1.0,0.0,0.0,0.0,1.0,1.0,0.05858159896,0.194547555,0.4369450628,0.8484862409,0.4809157814,0.4901966198
2068,1.0,0.0,0.0,0.0,1.0,1.0,0.05837475772,0.1923450638,0.4353982563,0.8787864801,0.4905661229,0.5
2069,1.0,0.0,0.0,0.0,1.0,1.0,0.07300277801,0.1932005979,0.4226088437,1.0,0.4944240077,0.5673081197
2070,1.0,0.0,0.0,0.0,1.0,1.0,0.06386745788,0.1961867839,0.4214162727,1.0,0.4851850608,0.5566041239
2071,1.0,0.0,0.0,0.0,1.0,1.0,0.1049328242,0.1812176162,0.4337349398,0.8360657481,0.5091577354,0.6363646294
2072,1.0,0.0,0.0,0.0,1.0,1.0,0.1843628809,0.2067809819,0.3818770731,0.8157908555,0.5034483681,0.6749994919
2073,1.0,0.0,0.0,0.0,1.0,1.0,0.2869364035,0.2728851143,0.3629031868,0.7022467706,0.4880546153,0.6687496098
2074,1.0,0.0,0.0,0.0,1.0,1.0,0.3103361663,0.2903782123,0.3662420275,0.6769235439,0.4831083795,0.6744186662
2075,1.0,0.0,0.0,0.0,1.0,1.0,0.3086275922,0.2836254639,0.3648001047,0.69948193,0.4864862866,0.6785712423
2076,1.0,0.0,0.0,0.0,1.0,1.0,0.2972196305,0.274933072,0.3839868973,0.6978020693,0.4948098602,0.6918239526
2077,1.0,0.0,0.0,0.0,1.0,1.0,0.2925195932,0.2783913352,0.3804878066,0.6944439631,0.4913495143,0.6645958177
2078,1.0,0.0,0.0,0.0,1.0,1.0,0.2694573408,0.2603438407,0.3741830723,0.7212121939,0.4895103712,0.6912749002
2079,1.0,0.0,0.0,0.0,1.0,1.0,0.2189411905,0.2383008026,0.4063545175,0.7175576185,0.5160142198,0.6567170945
2080,1.0,0.0,0.0,0.0,0.0,1.0,0.0,0.2420524873,0.0,0.0,0.5156251552,0.5322584231
2081,1.0,0.0,0.0,0.0,1.0,1.0,0.02303667502,0.2565617446,0.4627659252,0.6923089583,0.5172413369,0.4626864957
2082,1.0,0.0,0.0,0.0,1.0,1.0,0.02130253691,0.2498604635,0.4653640951,1.0,0.5155037113,0.4806203214
2083,1.0,0.0,0.0,0.0,1.0,1.0,0.106105186,0.2112790994,0.4297944983,0.7741922227,0.5110292884,0.6695647518
2084,1.0,0.0,0.0,0.0,1.0,1.0,0.2109374769,0.2427214275,0.3936348803,0.6746034583,0.496428715,0.63970543
2085,1.0,0.0,0.0,0.0,1.0,1.0,0.2445269886,0.2620912875,0.3924466216,0.6644294232,0.4965032037,0.6399996546
2086,1.0,0.0,0.0,0.0,1.0,1.0,0.2515041417,0.2665175367,0.3865130524,0.6732022156,0.4947366778,0.6447368985
2087,1.0,0.0,0.0,0.0,1.0,1.0,0.259296749,0.2698839514,0.3891625016,0.6772154829,0.4982577536,0.6516132256
2088,1.0,0.0,0.0,0.0,1.0,1.0,0.2576559121,0.2708277377,0.3891625097,0.6751586711,0.4965035895,0.6580646157
2089,1.0,0.0,0.0,0.0,1.0,1.0,0.2568581105,0.2690806058,0.3904448245,0.6794874796,0.4965033653,0.6558442192
2090,1.0,0.0,0.0,0.0,1.0,1.0,0.2580796249,0.2727352506,0.3848682974,0.681528768,0.4929579453,0.6645155153
2091,1.0,0.0,0.0,0.0,1.0,1.0,0.2630108002,0.2752850365,0.3914472979,0.6750001007,0.4982453498,0.6624205651
2092,1.0,0.0,0.0,0.0,1.0,1.0,0.2580797547,0.2700248804,0.3914473413,0.6815276033,0.5052630106,0.655844729
2093,1.0,0.0,0.0,0.0,1.0,1.0,0.2548246217,0.2701669871,0.3923841801,0.6753238487,0.4946997459,0.6535953017
2094,1.0,0.0,0.0,0.0,1.0,1.0,0.2605102525,0.2760695358,0.391803169,0.6855336536,0.4965034044,0.658228366
2095,1.0,0.0,0.0,0.0,1.0,1.0,0.2654254458,0.2752849188,0.3852459205,0.6790125767,0.4912279969,0.6687888516
2096,1.0,0.0,0.0,0.0,1.0,1.0,0.261011288,0.2719329333,0.3917355992,0.6772162525,0.5017667831,0.6623371306
2097,1.0,0.0,0.0,0.0,1.0,1.0,0.2547919733,0.2612577813,0.3930920885,0.6903224997,0.4912279638,0.6644298029
2098,1.0,0.0,0.0,0.0,1.0,1.0,0.2543734915,0.2595041589,0.3957306719,0.6838700023,0.5052630892,0.6689194084
2099,1.0,0.0,0.0,0.0,1.0,1.0,0.2544035187,0.2639369459,0.3900826169,0.6883111027,0.4964789848,0.6733335938
2100,1.0,0.0,0.0,0.0,1.0,1.0,0.2502721102,0.2604179991,0.3904447725,0.6907896231,0.4964785912,0.6689185348
2101,1.0,0.0,0.0,0.0,1.0,1.0,0.2664075648,0.2578063613,0.385761628,0.7018639639,0.4805652048,0.6849314053
2102,1.0,0.0,0.0,0.0,1.0,1.0,0.2637871176,0.2612575373,0.3819672664,0.6894419049,0.4807018709,0.671141898
2103,1.0,0.0,0.0,0.0,1.0,1.0,0.2617980959,0.2648696195,0.3822075302,0.7044017032,0.4805655326,0.6800006847
2104,1.0,0.0,0.0,0.0,1.0,1.0,0.2564790672,0.2551391696,0.3841058633,0.7032268065,0.4823942253,0.6758615588
2105,1.0,0.0,0.0,0.0,1.0,1.0,0.24364515,0.2507436187,0.3930348833,0.7074832608,0.4946997308,0.6619712998
2106,1.0,0.0,0.0,0.0,1.0,1.0,0.2419874961,0.2534048554,0.3847429547,0.6986300766,0.4929076449,0.6573422584
2107,1.0,0.0,0.0,0.0,1.0,1.0,0.2436035115,0.2543064104,0.3873122338,0.7191780822,0.5017795084,0.6853146853
2108,1.0,0.0,0.0,0.0,1.0,1.0,0.2407898783,0.2507373025,0.3894388378,0.7191771655,0.5017544127,0.6643345814
2109,1.0,0.0,0.0,0.0,1.0,1.0,0.2482054834,0.2481009728,0.3890727486,0.7266666379,0.5035210319,0.6737591907
2110,1.0,0.0,0.0,0.0,1.0,1.0,0.2531920123,0.2578067494,0.3866666763,0.7105260145,0.5017668048,0.6712334891
2111,1.0,0.0,0.0,0.0,1.0,1.0,0.240729118,0.2480885142,0.3936877775,0.7241387641,0.5070923224,0.6714279236
2112,1.0,0.0,0.0,0.0,1.0,1.0,0.2340886618,0.2463164427,0.3986711402,0.737589715,0.5035458858,0.6834523244
2113,1.0,0.0,0.0,0.0,1.0,1.0,0.2165457999,0.2392280358,0.4050000823,0.7307691662,0.5141844644,0.6666677448
2114,1.0,0.0,0.0,0.0,1.0,1.0,0.1044710635,0.2074311708,0.4024389721,0.8499994646,0.4792453318,0.700001363
2115,1.0,0.0,0.0,0.0,1.0,1.0,0.05581517799,0.2195743345,0.4397907072,0.8750016822,0.5,0.577587375
2116,1.0,0.0,0.0,0.0,1.0,1.0,0.0409755995,0.2296015369,0.4420677227,1.0,0.498069789,0.5630256495
2117,1.0,0.0,0.0,0.0,1.0,1.0,0.1121997807,0.2088386656,0.3765112419,0.8000026561,0.4589552614,0.6875010839
2118,1.0,0.0,0.0,0.0,1.0,1.0,0.2041693848,0.2383826821,0.3772651674,0.7338712509,0.4840986723,0.6666666667
2119,1.0,0.0,0.0,0.0,1.0,1.0,0.2322762428,0.2437234863,0.3666120377,0.7253519397,0.473684291,0.6618718127
2120,1.0,0.0,0.0,0.0,1.0,1.0,0.2343967108,0.2420253126,0.3729641983,0.7222229748,0.4808362567,0.6618700549
2121,1.0,0.0,0.0,0.0,1.0,1.0,0.2318966736,0.2393766171,0.3692809975,0.7183103372,0.4755243122,0.6715334303
2122,1.0,0.0,0.0,0.0,1.0,1.0,0.2298880057,0.2437234339,0.3719412168,0.7163121783,0.4807017287,0.6618712655
2123,1.0,0.0,0.0,0.0,1.0,1.0,0.2405160779,0.2454770119,0.3691056098,0.7229727465,0.47368433,0.671427647
2124,1.0,0.0,0.0,0.0,1.0,1.0,0.2478224109,0.250731088,0.3752039273,0.7105262405,0.4808360443,0.6666661631
2125,1.0,0.0,0.0,0.0,1.0,1.0,0.2576048764,0.2585968245,0.3654159848,0.7151902665,0.4755242677,0.6756761535
2126,1.0,0.0,0.0,0.0,1.0,1.0,0.2657569929,0.2638386153,0.3637846073,0.7116576316,0.4720279214,0.6887429649
2127,1.0,0.0,0.0,0.0,1.0,1.0,0.2608657835,0.2594371155,0.3735725841,0.718749698,0.4843205146,0.6845631415
2128,1.0,0.0,0.0,0.0,1.0,1.0,0.2579729481,0.2611778847,0.3717532672,0.7169808732,0.4878046835,0.6866672
2129,1.0,0.0,0.0,0.0,1.0,1.0,0.2592355307,0.2568494485,0.3637846265,0.7232696103,0.4720278088,0.6870747277
2130,1.0,0.0,0.0,0.0,1.0,1.0,0.2595953926,0.2516079072,0.3636363393,0.7125003263,0.4720279452,0.6875007633
2131,1.0,0.0,0.0,0.0,1.0,1.0,0.2644624885,0.2646603529,0.3652598441,0.6993865776,0.4773522019,0.6776316932
2132,1.0,0.0,0.0,0.0,1.0,1.0,0.260938216,0.2604177621,0.3743842878,0.7169811321,0.4859154468,0.6824334419
2133,1.0,0.0,0.0,0.0,1.0,1.0,0.2617193835,0.2594371609,0.3682488187,0.7062497882,0.4808360883,0.671140295
2134,1.0,0.0,0.0,0.0,1.0,1.0,0.2486337175,0.2577507325,0.3715221993,0.7105255932,0.4771931473,0.6802729831
2135,1.0,0.0,0.0,0.0,1.0,1.0,0.2527322986,0.2542439297,0.3711001014,0.7337664641,0.4807015057,0.6758614352
2136,1.0,0.0,0.0,0.0,1.0,1.0,0.2375722171,0.2419701527,0.3737703873,0.7241377742,0.4736844743,0.6739126625
2137,1.0,0.0,0.0,0.0,1.0,1.0,0.2482272934,0.2437232388,0.366013035,0.7302634573,0.4771930569,0.6762590264
2138,1.0,0.0,0.0,0.0,1.0,1.0,0.1992185644,0.2294094597,0.3886098048,0.7394969065,0.4875444649,0.6666661112
2139,1.0,0.0,0.0,0.0,1.0,1.0,0.04141829638,0.2227437287,0.4720720205,0.9130422692,0.5271320775,0.5478272154
2140,1.0,0.0,0.0,0.0,1.0,1.0,0.01794333484,0.238238962,0.4596050264,0.7999957459,0.5077521152,0.4715453481
2141,1.0,0.0,0.0,0.0,0.0,1.0,0.0,0.2246806106,0.0,0.0,0.4961241115,0.5689656448
2142,1.0,0.0,0.0,0.0,1.0,1.0,0.1400923914,0.2039303084,0.4136751604,0.7804891562,0.4889704772,0.7027023866
2143,1.0,0.0,0.0,0.0,1.0,1.0,0.2449611279,0.2437661116,0.3807190231,0.7133326839,0.4912892661,0.6571425901
2144,1.0,0.0,0.0,0.0,1.0,1.0,0.2587549346,0.2593703853,0.3721682582,0.7062494562,0.4878893064,0.6600005303
2145,1.0,0.0,0.0,0.0,1.0,1.0,0.2603049503,0.2550298555,0.3745980141,0.7160487056,0.4896551487,0.6756752295
2146,1.0,0.0,0.0,0.0,1.0,1.0,0.2725749226,0.2593708274,0.3782467146,0.7023811363,0.4878893057,0.6800000577
2147,1.0,0.0,0.0,0.0,1.0,1.0,0.2788765566,0.2610228261,0.377419356,0.7052030219,0.487972568,0.6776321403
2148,1.0,0.0,0.0,0.0,1.0,1.0,0.2647953316,0.2515955504,0.382875573,0.7134148312,0.4965276301,0.6689644878
2149,1.0,0.0,0.0,0.0,1.0,1.0,0.2606544111,0.2541831937,0.3856000385,0.7177911777,0.5017301714,0.6734699411
2150,1.0,0.0,0.0,0.0,1.0,1.0,0.2611446358,0.2524542892,0.3870966822,0.7160494333,0.4982698552,0.6780827728
2151,1.0,0.0,0.0,0.0,1.0,1.0,0.2611443871,0.2515956359,0.3887097262,0.7160498387,0.5104166186,0.6827576827
2152,1.0,0.0,0.0,0.0,1.0,1.0,0.2478484691,0.2429202565,0.3896940909,0.7337666095,0.5034721336,0.6785716559
2153,1.0,0.0,0.0,0.0,1.0,1.0,0.2222811647,0.2296962486,0.408566649,0.7333330103,0.5087717957,0.6793895671
2154,1.0,0.0,0.0,0.0,1.0,1.0,0.04134410321,0.2662607321,0.5053958331,0.695651766,0.5559845447,0.4347823368
2155,1.0,0.0,0.0,0.0,1.0,1.0,0.04329714755,0.2661347975,0.4891695581,0.6249966682,0.5440612996,0.4100715341
2156,1.0,0.0,0.0,0.0,1.0,1.0,0.02489737922,0.2489030258,0.4768683582,0.4285801723,0.5287354342,0.4461532884
2157,1.0,0.0,0.0,0.0,0.0,1.0,0.0,0.2182689331,0.0,0.0,0.4865903149,0.5701756231
2158,1.0,0.0,0.0,0.0,1.0,1.0,0.1396153251,0.2131164675,0.4224871229,0.8414636099,0.5073530298,0.7068955761
2159,1.0,0.0,0.0,0.0,1.0,1.0,0.2392800629,0.2463657127,0.3908794038,0.7210889036,0.4965033808,0.6595743381
2160,1.0,0.0,0.0,0.0,1.0,1.0,0.259532426,0.2498603898,0.375806453,0.7267074984,0.4861112728,0.6805557017
2161,1.0,0.0,0.0,0.0,1.0,1.0,0.2675925865,0.2568011943,0.3790322538,0.7168673422,0.4930556377,0.682432312
2162,1.0,0.0,0.0,0.0,1.0,1.0,0.2716929758,0.2585361062,0.375404527,0.7142862719,0.4861108582,0.6778513447
2163,1.0,0.0,0.0,0.0,1.0,1.0,0.2744832485,0.2610999455,0.3764136161,0.7058818969,0.4844288581,0.6821188778
2164,1.0,0.0,0.0,0.0,1.0,1.0,0.2621487219,0.2559974384,0.3836065139,0.7187506834,0.4912281711,0.6849315068
2165,1.0,0.0,0.0,0.0,1.0,1.0,0.257185536,0.2498603709,0.381107511,0.7215195654,0.486013791,0.6923080451
2166,1.0,0.0,0.0,0.0,1.0,1.0,0.2613673996,0.2551393324,0.379934165,0.7106925521,0.4929575075,0.682759392
2167,1.0,0.0,0.0,0.0,1.0,1.0,0.2440882812,0.2401487961,0.3877888133,0.7094590915,0.4911660954,0.6764705882
2168,1.0,0.0,0.0,0.0,0.0,1.0,0.0,0.2144400215,0.0,0.0,0.5095784706,0.5982132277
2169,1.0,0.0,0.0,0.0,1.0,1.0,0.04306381893,0.2246807141,0.4793536759,1.0,0.5193800017,0.5172400862
2170,1.0,0.0,0.0,0.0,1.0,1.0,0.03544115404,0.2267967028,0.4521275852,0.6500059055,0.4961538509,0.4661010472
2171,1.0,0.0,0.0,0.0,1.0,1.0,0.03167259126,0.2307871774,0.4665492738,0.5,0.5076333746,0.4545462635
2172,1.0,0.0,0.0,0.0,1.0,1.0,0.0350684041,0.2176816986,0.4631578807,0.6999978243,0.5037878117,0.4782611986
2173,1.0,0.0,0.0,0.0,1.0,1.0,0.03494529833,0.21957451,0.4650348449,0.8000065564,0.5075755789,0.4827583608
2174,1.0,0.0,0.0,0.0,1.0,1.0,0.03337329734,0.2223093609,0.4727592725,0.6315855912,0.5057035118,0.452990561
2175,1.0,0.0,0.0,0.0,1.0,1.0,0.02800560496,0.2138953758,0.4711032727,0.5,0.5037879731,0.4513266096
2176,1.0,0.0,0.0,0.0,1.0,1.0,0.02771422158,0.2208506378,0.4696706262,0.6249966081,0.5168536541,0.4745750863
2177,1.0,0.0,0.0,0.0,1.0,1.0,0.02805476948,0.2231578904,0.4649123521,0.6249948837,0.5,0.4700848003
2178,1.0,0.0,0.0,0.0,1.0,1.0,0.02960009,0.2328245694,0.473867664,0.588226231,0.5151517781,0.4634149804
2179,1.0,0.0,0.0,0.0,1.0,1.0,0.03319847601,0.23093152,0.4825175307,0.4210508115,0.5189393405,0.4098360067
2180,1.0,0.0,0.0,0.0,1.0,1.0,0.03519165591,0.2326942478,0.4665493126,0.4500010884,0.5,0.409836943
2181,1.0,0.0,0.0,0.0,1.0,1.0,0.0418612257,0.2461031855,0.4799300698,0.4583348519,0.5150376125,0.3740468846
2182,1.0,0.0,0.0,0.0,1.0,1.0,0.03476319409,0.2349436496,0.4730435119,0.3000054493,0.5074623833,0.4047611222
2183,1.0,0.0,0.0,0.0,1.0,1.0,0.02939541479,0.2283367751,0.4705882804,0.4117746861,0.5131089113,0.4262285542
2184,1.0,0.0,0.0,0.0,1.0,1.0,0.0470120025,0.2096206693,0.4581882091,0.7407449549,0.5018726069,0.5000009796
2185,1.0,0.0,0.0,0.0,1.0,1.0,0.0604154983,0.2006313779,0.4421416466,0.9714282054,0.4981412299,0.5462970652
2186,1.0,0.0,0.0,0.0,1.0,1.0,0.2028325018,0.2156691489,0.3780686947,0.7661294959,0.4771929715,0.682927271
2187,1.0,0.0,0.0,0.0,1.0,1.0,0.2098989083,0.2180914947,0.3861066157,0.753845389,0.4914089321,0.6771650089
2188,1.0,0.0,0.0,0.0,1.0,1.0,0.2318705496,0.2243648218,0.3919999716,0.7379313197,0.5068025952,0.6818176464
2189,1.0,0.0,0.0,0.0,1.0,1.0,0.2217356474,0.2163741028,0.3964110997,0.75,0.5085912216,0.6825406556
2190,1.0,0.0,0.0,0.0,1.0,1.0,0.1131125029,0.1798995429,0.3648648812,0.9253741155,0.4436361585,0.7070701678
2191,1.0,0.0,0.0,0.0,0.0,1.0,0.0,0.2069737805,0.0,0.0,0.5,0.5315312456
2192,1.0,0.0,0.0,0.0,1.0,1.0,0.04824900199,0.2192084484,0.4379310191,0.8571451041,0.5018585931,0.4915250758
2193,1.0,0.0,0.0,0.0,1.0,1.0,0.03101703439,0.2157470889,0.4706896944,0.6111056293,0.5202952845,0.4529911935
2194,1.0,0.0,0.0,0.0,1.0,1.0,0.03983903451,0.2099201206,0.4506065163,0.782605347,0.5092933515,0.4778767998
2195,1.0,0.0,0.0,0.0,0.0,1.0,0.0,0.2107031212,0.0,0.0,0.4962688789,0.5398231641
2196,1.0,0.0,0.0,0.0,0.0,1.0,0.0,0.198390718,0.0,0.0,0.4868914489,0.5471707103
2197,1.0,0.0,0.0,0.0,1.0,1.0,0.1403898898,0.1885069241,0.3913042597,0.8928569554,0.4839856493,0.7075470913
2198,1.0,0.0,0.0,0.0,1.0,1.0,0.2433703253,0.2249603696,0.3798701346,0.7466677215,0.494845452,0.6870232661
2199,1.0,0.0,0.0,0.0,1.0,1.0,0.2494606809,0.2422375328,0.3872000182,0.7179486444,0.5084746019,0.6853153632
2200,1.0,0.0,0.0,0.0,1.0,1.0,0.2438055851,0.232746693,0.3893376732,0.7284759456,0.510274204,0.6911751365
2201,1.0,0.0,0.0,0.0,1.0,1.0,0.2379623745,0.2176482356,0.3711002528,0.7655162294,0.4878050492,0.696000774
2202,1.0,0.0,0.0,0.0,1.0,1.0,0.1358302594,0.1923386443,0.3691276096,0.913578277,0.467625905,0.7009344821
2203,1.0,0.0,0.0,0.0,0.0,1.0,0.0,0.1932008783,0.0,0.0,0.4646840404,0.6538463146
2204,1.0,0.0,0.0,0.0,0.0,1.0,0.0,0.2074316885,0.0,0.0,0.4792453173,0.5818188329
2205,1.0,0.0,0.0,0.0,0.0,1.0,0.0,0.1939213699,0.0,0.0,0.4701491261,0.5961547747
2206,1.0,0.0,0.0,0.0,1.0,1.0,0.05142902684,0.2083705945,0.4271012785,1.0,0.4944649373,0.5132745742
2207,1.0,0.0,0.0,0.0,1.0,1.0,0.04644547618,0.2146952434,0.4285714017,1.0,0.5,0.5
2208,1.0,0.0,0.0,0.0,0.0,1.0,0.0,0.2043465974,0.0,0.0,0.4795540448,0.5181825927
2209,1.0,0.0,0.0,0.0,0.0,1.0,0.0,0.213116208,0.0,0.0,0.4926471478,0.5172404009
2210,1.0,0.0,0.0,0.0,1.0,1.0,0.04534970464,0.1953795536,0.4101222037,0.9615407091,0.4699249362,0.5096147826
2211,1.0,0.0,0.0,0.0,1.0,1.0,0.04135636936,0.2046827334,0.4224137956,1.0,0.4944649147,0.4774780141
2212,1.0,0.0,0.0,0.0,1.0,1.0,0.04142761551,0.2109931777,0.4196891349,1.0,0.488888771,0.464911636
2213,1.0,0.0,0.0,0.0,1.0,1.0,0.0378445676,0.2080619877,0.4130809381,1.0,0.4832715998,0.4910713411
2214,1.0,0.0,0.0,0.0,1.0,1.0,0.0425658456,0.2013528788,0.4122657242,1.0,0.4835161528,0.4909098156
2215,1.0,0.0,0.0,0.0,1.0,1.0,0.03765048735,0.2028385984,0.4263698751,1.0,0.4907749166,0.4818191176
2216,1.0,0.0,0.0,0.0,1.0,1.0,0.0500584428,0.198773737,0.421416183,1.0,0.4944239562,0.5233644287
2217,1.0,0.0,0.0,0.0,0.0,1.0,0.0,0.1972582527,0.0,0.0,0.4924813346,0.5238108008
2218,1.0,0.0,0.0,0.0,0.0,1.0,0.0,0.2002626567,0.0,0.0,0.4756553633,0.514019608
2219,1.0,0.0,0.0,0.0,1.0,1.0,0.0484996296,0.200262639,0.4194107457,0.9642846135,0.4794009699,0.4953269709
2220,1.0,0.0,0.0,0.0,1.0,1.0,0.04636552914,0.2043469359,0.4295532931,0.9629683841,0.4981413625,0.5090905099
2221,1.0,0.0,0.0,0.0,1.0,1.0,0.04816603036,0.2062046165,0.4285713488,1.0,0.4944238441,0.5045038899
2222,1.0,0.0,0.0,0.0,0.0,1.0,0.0,0.2099199528,0.0,0.0,0.4795538507,0.5044237548
2223,1.0,0.0,0.0,0.0,0.0,1.0,0.0,0.2130884652,0.0,0.0,0.4905660068,0.4955751362
2224,1.0,0.0,0.0,0.0,1.0,1.0,0.03488484523,0.21308859,0.4328097293,0.9499962216,0.4905660301,0.4690258554
2225,1.0,0.0,0.0,0.0,1.0,1.0,0.03337320834,0.2138957753,0.4411247313,0.7894742826,0.4962122095,0.4424765058
2226,1.0,0.0,0.0,0.0,1.0,1.0,0.04193467287,0.204772797,0.4248252216,0.8333257921,0.4812028327,0.4770646406
2227,1.0,0.0,0.0,0.0,1.0,1.0,0.03314047035,0.2066517322,0.4397905144,0.8421076528,0.4999997974,0.4545456328
2228,1.0,0.0,0.0,0.0,0.0,1.0,0.0,0.1942312984,0.0,0.0,0.4792453547,0.5339800776
2229,1.0,0.0,0.0,0.0,0.0,1.0,0.0,0.1890330961,0.0,0.0,0.4681649284,0.5742569987
2230,1.0,0.0,0.0,0.0,0.0,1.0,0.0,0.1852898803,0.0,0.0,0.471910302,0.6161626893
2231,1.0,0.0,0.0,0.0,0.0,1.0,0.0,0.1883564851,0.0,0.0,0.4923077675,0.5714282626
2232,1.0,0.0,0.0,0.0,0.0,1.0,0.0,0.1883563376,0.0,0.0,0.4923075123,0.5714282544
2233,1.0,0.0,0.0,0.0,0.0,1.0,0.0,0.1902784342,0.0,0.0,0.4769230456,0.575756862
2234,1.0,0.0,0.0,0.0,0.0,1.0,0.0,0.1773818269,0.0,0.0,0.4885495815,0.5698932283
2235,1.0,0.0,0.0,0.0,0.0,1.0,0.0,0.178061523,0.0,0.0,0.498084104,0.5591399585
2236,1.0,0.0,0.0,0.0,0.0,1.0,0.0,0.1729072504,0.0,0.0,0.4904945722,0.5494517657
2237,1.0,0.0,0.0,0.0,1.0,1.0,0.03809131256,0.1665734836,0.4410163539,1.0,0.486589976,0.5402299973
2238,1.0,0.0,0.0,0.0,1.0,1.0,0.05382991437,0.1596853279,0.4380610244,0.9333309545,0.4924813104,0.6117636095
2239,1.0,0.0,0.0,0.0,0.0,1.0,0.0,0.1780613775,0.0,0.0,0.4789269833,0.5698929433
2240,1.0,0.0,0.0,0.0,1.0,1.0,0.1544129416,0.1916492487,0.3463497609,0.7362626451,0.433691561,0.6542061272
2241,1.0,0.0,0.0,0.0,1.0,1.0,0.2420392965,0.2447263349,0.3393739989,0.6734688431,0.4589040713,0.6713293108
2242,1.0,0.0,0.0,0.0,1.0,1.0,0.2622298523,0.2644570176,0.3514851797,0.6603774102,0.4639173598,0.6948051396
2243,1.0,0.0,0.0,0.0,1.0,1.0,0.2584482334,0.2721084929,0.3535188287,0.6392400451,0.4726025866,0.6918229271
2244,1.0,0.0,0.0,0.0,1.0,1.0,0.2551422564,0.2651580455,0.3609755641,0.6560506231,0.4727891707,0.692308893
2245,1.0,0.0,0.0,0.0,1.0,1.0,0.2596589478,0.2696091431,0.3513071492,0.6540888845,0.4604810634,0.7006360604
2246,1.0,0.0,0.0,0.0,1.0,1.0,0.2539034592,0.2633666426,0.3592233254,0.6624201479,0.4763512525,0.6987187337
2247,1.0,0.0,0.0,0.0,1.0,1.0,0.2614914224,0.2692099222,0.3595505718,0.6503069663,0.474747558,0.693749313
2248,1.0,0.0,0.0,0.0,1.0,1.0,0.2486495441,0.2624795021,0.3812600068,0.6493501103,0.4949496073,0.6858978706
2249,1.0,0.0,0.0,0.0,1.0,1.0,0.2283976601,0.247319566,0.4003242356,0.6524812493,0.5050848888,0.6849319826
2250,1.0,0.0,0.0,0.0,1.0,1.0,0.2289046077,0.2524011148,0.3919355553,0.6549292465,0.49830504,0.6778516876
2251,1.0,0.0,0.0,0.0,1.0,1.0,0.2352580803,0.2549597121,0.3879870147,0.6551726243,0.5,0.6733336973
2252,1.0,0.0,0.0,0.0,1.0,1.0,0.2295134578,0.2447612374,0.3859934949,0.6737589973,0.4931972334,0.6944434314
2253,1.0,0.0,0.0,0.0,1.0,1.0,0.2336356643,0.249013105,0.3896103057,0.6597220302,0.5050848563,0.6734690806
2254,1.0,0.0,0.0,0.0,1.0,1.0,0.2219183969,0.2371559501,0.397082575,0.6861317743,0.505084766,0.6857136112
2255,1.0,0.0,0.0,0.0,1.0,1.0,0.22914048,0.2397310204,0.3983740159,0.6737583643,0.5067568098,0.6690139199
2256,1.0,0.0,0.0,0.0,1.0,1.0,0.2242648067,0.2379625418,0.4016259964,0.6739130783,0.4965984552,0.6714275325
2257,1.0,0.0,0.0,0.0,1.0,1.0,0.2146341047,0.2276126438,0.4016392409,0.6870226228,0.5068494778,0.6917292375
2258,1.0,0.0,0.0,0.0,1.0,1.0,0.2235591158,0.2360751126,0.3930920116,0.6911761663,0.5,0.6788314247
2259,1.0,0.0,0.0,0.0,1.0,1.0,0.2196760035,0.2306406574,0.3976510555,0.702291143,0.5104894815,0.6969701914
2260,1.0,0.0,0.0,0.0,1.0,1.0,0.2289690033,0.2323876012,0.4080267151,0.700730201,0.5209792906,0.6917296019
2261,1.0,0.0,0.0,0.0,1.0,1.0,0.1778667974,0.2151823724,0.3999999082,0.7238099954,0.4982205268,0.669419919
2262,1.0,0.0,0.0,0.0,0.0,1.0,0.0,0.2021340854,0.0,0.0,0.5018727163,0.6203708671
2263,1.0,0.0,0.0,0.0,1.0,1.0,0.03247283714,0.2120029571,0.4819493632,1.0,0.5340910361,0.5357150927
2264,1.0,0.0,0.0,0.0,1.0,1.0,0.02691464957,0.2117138168,0.4757629823,0.8666713444,0.5229005672,0.4954961789
2265,1.0,0.0,0.0,0.0,1.0,1.0,0.02672317816,0.2090091734,0.4634580512,1.0,0.5095056056,0.4999990385
2266,1.0,0.0,0.0,0.0,1.0,1.0,0.02886464729,0.2059917815,0.4747292344,0.8125108024,0.51908405,0.4907416344
2267,1.0,0.0,0.0,0.0,1.0,1.0,0.03259062309,0.2006604747,0.471014456,0.8888823647,0.5135135466,0.5
2268,1.0,0.0,0.0,0.0,1.0,1.0,0.02886467107,0.1998884595,0.4584838666,1.0,0.4961539226,0.5000010153
2269,1.0,0.0,0.0,0.0,1.0,1.0,0.05910670381,0.1922001326,0.4372760229,0.8787886616,0.4884617165,0.5800005541
2270,1.0,0.0,0.0,0.0,1.0,1.0,0.04810136645,0.1938080226,0.4545453506,0.7777768971,0.4942964991,0.5392171673
2271,1.0,0.0,0.0,0.0,1.0,1.0,0.0511177263,0.1980026448,0.4426808141,0.7931031925,0.4981133836,0.5428576111
2272,1.0,0.0,0.0,0.0,1.0,1.0,0.06192747657,0.1940312001,0.4423407624,0.7222192004,0.5018317717,0.5377357329
2273,1.0,0.0,0.0,0.0,1.0,1.0,0.05657217747,0.1995222429,0.4356774986,0.8181806089,0.501831362,0.5412846808
2274,1.0,0.0,0.0,0.0,1.0,1.0,0.02781062134,0.2117776842,0.4660869955,0.8124889053,0.5204460212,0.4824563421
2275,1.0,0.0,0.0,0.0,1.0,1.0,0.05040673875,0.1961870195,0.4539130883,0.7931008534,0.5111111291,0.4999989706
2276,1.0,0.0,0.0,0.0,1.0,1.0,0.03643797679,0.2072915855,0.4479165993,0.857135402,0.5148148869,0.4732148449
2277,1.0,0.0,0.0,0.0,1.0,1.0,0.04684858255,0.2006311176,0.4409721654,0.8148151107,0.5018587271,0.4907415915
2278,1.0,0.0,0.0,0.0,0.0,1.0,0.0,0.205877479,0.0,0.0,0.5056181605,0.5272720441
2279,1.0,0.0,0.0,0.0,1.0,1.0,0.04892342374,0.1939213612,0.4510490118,0.8928626843,0.5074628135,0.5384607351
2280,1.0,0.0,0.0,0.0,1.0,1.0,0.04193465641,0.206973879,0.4510489537,0.8333333333,0.5111940555,0.4954950027
2281,1.0,0.0,0.0,0.0,1.0,1.0,0.04375850657,0.2043470273,0.4518389319,0.7199996545,0.5130111584,0.4727269158
2282,1.0,0.0,0.0,0.0,1.0,1.0,0.03682151255,0.2104088824,0.435087705,0.7619042721,0.4924810489,0.464285301
2283,1.0,0.0,0.0,0.0,1.0,1.0,0.05848704746,0.1929070846,0.4371772935,0.8235301618,0.5000001991,0.514286658
2284,1.0,0.0,0.0,0.0,1.0,1.0,0.04668698064,0.1995154756,0.4256054261,0.8888825346,0.4813433419,0.504673533
2285,1.0,0.0,0.0,0.0,1.0,1.0,0.06104808943,0.1946478517,0.4345550191,0.9714262348,0.4906368106,0.5673070409
2286,1.0,0.0,0.0,0.0,1.0,1.0,0.08112892708,0.1924849326,0.3989637655,0.9148948935,0.4666665864,0.6153847758
2287,1.0,0.0,0.0,0.0,1.0,1.0,0.06593565623,0.1920568667,0.4322916577,0.8684205966,0.4925374539,0.5436888032
2288,1.0,0.0,0.0,0.0,1.0,1.0,0.06814398507,0.1871613238,0.4318182766,0.8717905904,0.4831463276,0.5600011288
2289,1.0,0.0,0.0,0.0,1.0,1.0,0.05827126013,0.2006453339,0.4381624997,0.9696967713,0.4886361034,0.547171119
2290,1.0,0.0,0.0,0.0,1.0,1.0,0.06487571761,0.1923453753,0.435087661,0.9189236374,0.4905660148,0.5588240261
2291,1.0,0.0,0.0,0.0,1.0,1.0,0.06420005138,0.196519177,0.4201389809,0.9189213355,0.4794005419,0.5428568428
2292,1.0,0.0,0.0,0.0,1.0,1.0,0.06083595871,0.1950582952,0.4243477742,0.9714260666,0.4832712075,0.5523806542
2293,1.0,0.0,0.0,0.0,1.0,1.0,0.08833880498,0.1801970406,0.4176776228,0.9411782251,0.4832713334,0.6288644551
2294,1.0,0.0,0.0,0.0,1.0,1.0,0.08818609167,0.1832307735,0.4307957746,0.9803923247,0.5037038294,0.6363638368
2295,1.0,0.0,0.0,0.0,0.0,1.0,0.0,0.1834180936,0.0,0.0,0.4868912702,0.6020400836
2296,1.0,0.0,0.0,0.0,1.0,1.0,0.08615883198,0.1869326573,0.4206895441,1.0,0.4888890051,0.6336626205
2297,1.0,0.0,0.0,0.0,1.0,1.0,0.08945092224,0.1850815398,0.4199655682,0.961536857,0.4962962011,0.65
2298,1.0,0.0,0.0,0.0,1.0,1.0,0.09007078932,0.1857698756,0.426343186,1.0,0.4944238024,0.6299986051
2299,1.0,0.0,0.0,0.0,1.0,1.0,0.09117118925,0.1869325391,0.4234078933,0.9433953772,0.5000002007,0.6336644931
2300,1.0,0.0,0.0,0.0,1.0,1.0,0.09960096879,0.1751789587,0.4089346411,0.9137912925,0.4833948117,0.6631579671
2301,1.0,0.0,0.0,0.0,1.0,1.0,0.128573178,0.1830477499,0.4356775507,0.8933337202,0.5128205843,0.7100011751
2302,1.0,0.0,0.0,0.0,1.0,1.0,0.1541512463,0.1858170923,0.4389831443,0.868132784,0.5198555547,0.6990275738
2303,1.0,0.0,0.0,0.0,1.0,1.0,0.1677030116,0.1905409988,0.4322034074,0.8484860743,0.5143884288,0.6981136828
2304,1.0,0.0,0.0,0.0,1.0,1.0,0.1798655418,0.1909647191,0.4499151031,0.8584908408,0.539285755,0.7102810287
2305,1.0,0.0,0.0,0.0,1.0,1.0,0.1817168549,0.1956203585,0.4377104672,0.8611111681,0.5302491117,0.7090913122
2306,1.0,0.0,0.0,0.0,1.0,1.0,0.1821724113,0.1966983441,0.4431438408,0.8440361335,0.5390069631,0.7027036269
2307,1.0,0.0,0.0,0.0,1.0,1.0,0.1812545104,0.1927492986,0.4389830574,0.8504678157,0.5285714684,0.7129620643
2308,1.0,0.0,0.0,0.0,1.0,1.0,0.1743992554,0.1956203512,0.437919512,0.855769375,0.5338078052,0.6999991895
2309,1.0,0.0,0.0,0.0,1.0,1.0,0.1736681419,0.1905412159,0.4412264894,0.8627453525,0.5251800616,0.7075473073
2310,1.0,0.0,0.0,0.0,1.0,1.0,0.1806422785,0.1927494498,0.4358107419,0.8504680001,0.5250000981,0.7222212045
2311,1.0,0.0,0.0,0.0,1.0,1.0,0.104108459,0.1843990466,0.4461805428,0.9333352907,0.5202950456,0.6400000881
2312,1.0,0.0,0.0,0.0,1.0,1.0,0.05232683713,0.1894852029,0.4589877753,0.833335761,0.5055761026,0.5
2313,1.0,0.0,0.0,0.0,1.0,1.0,0.05591294439,0.1827339691,0.459790271,0.8749974556,0.5111938999,0.520407485
2314,1.0,0.0,0.0,0.0,1.0,1.0,0.05388288066,0.1850818632,0.460869557,0.9677382943,0.5111112101,0.539998994
2315,1.0,0.0,0.0,0.0,1.0,1.0,0.05341829892,0.1924852227,0.4293103187,0.9677389957,0.4925924526,0.5384628244
2316,1.0,0.0,0.0,0.0,1.0,1.0,0.05205403675,0.1890329054,0.4253471071,0.9666707913,0.4906367944,0.5247525609
2317,1.0,0.0,0.0,0.0,0.0,1.0,0.0,0.1901925493,0.0,0.0,0.48880599,0.5196076325
2318,1.0,0.0,0.0,0.0,1.0,1.0,0.07448173294,0.1813798707,0.4194107653,0.9767455993,0.4851850986,0.59183678
2319,1.0,0.0,0.0,0.0,0.0,1.0,0.0,0.1873953328,0.0,0.0,0.5036764958,0.6176457285
2320,1.0,0.0,0.0,0.0,1.0,1.0,0.09380436525,0.1805561287,0.4180886365,1.0,0.5109488443,0.6767692308
2321,1.0,0.0,0.0,0.0,1.0,1.0,0.1268071881,0.1784715411,0.4090150496,0.9078945859,0.5035712438,0.7000013079
2322,1.0,0.0,0.0,0.0,1.0,1.0,0.150166611,0.1913823106,0.4173622612,0.8999995092,0.5177302605,0.7129637015
2323,1.0,0.0,0.0,0.0,1.0,1.0,0.1144143813,0.1810585036,0.4090908335,0.9264694953,0.4963765464,0.6700006372
2324,1.0,0.0,0.0,0.0,1.0,1.0,0.09824995274,0.1842037431,0.4016948949,0.948278345,0.4890511446,0.6534648079
2325,1.0,0.0,0.0,0.0,1.0,1.0,0.1040374654,0.1812172154,0.4163822863,0.9836069071,0.5054943004,0.6868682885
2326,1.0,0.0,0.0,0.0,1.0,1.0,0.1018105184,0.1805558569,0.4091680377,0.9333338229,0.5,0.676767969
2327,1.0,0.0,0.0,0.0,1.0,1.0,0.1070831092,0.1775566337,0.4047620148,0.9365070594,0.4945056958,0.6907219732
2328,1.0,0.0,0.0,0.0,1.0,1.0,0.1255667571,0.1810582829,0.4057726054,0.9459440289,0.5,0.6999997813
2329,1.0,0.0,0.0,0.0,1.0,1.0,0.1676917454,0.1995289635,0.3473154608,0.899999342,0.4532373704,0.7027041445
2330,1.0,0.0,0.0,0.0,1.0,1.0,0.2739092746,0.2386984018,0.3931483701,0.7380960206,0.518900285,0.7122314275
2331,1.0,0.0,0.0,0.0,1.0,1.0,0.3255137942,0.2772426198,0.3846153279,0.6984928097,0.5102739779,0.7098758385
2332,1.0,0.0,0.0,0.0,1.0,1.0,0.3304075975,0.2880337679,0.3750000565,0.6915428601,0.4930554549,0.6987950211
2333,1.0,0.0,0.0,0.0,1.0,1.0,0.3293244801,0.2974116287,0.3721310801,0.676616236,0.4948097342,0.6918608849
2334,1.0,0.0,0.0,0.0,1.0,1.0,0.3222420835,0.2870369414,0.3682487127,0.7005072325,0.4913495365,0.710843871
2335,1.0,0.0,0.0,0.0,1.0,1.0,0.3013144166,0.2629193398,0.3640857045,0.721311692,0.4912889865,0.7218534754
2336,1.0,0.0,0.0,0.0,1.0,1.0,0.1084141238,0.1858166879,0.410169523,0.8749995718,0.5090252622,0.689318983
2337,1.0,0.0,0.0,0.0,1.0,1.0,0.0176891268,0.2082169528,0.4584070079,1.0,0.5113633725,0.4909089486
2338,1.0,0.0,0.0,0.0,1.0,1.0,0.02311880642,0.1968597584,0.4572953054,0.9230781907,0.503788143,0.519229462
2339,1.0,0.0,0.0,0.0,1.0,1.0,0.09164433166,0.1684042521,0.4411763913,0.7735826086,0.5091576087,0.663043834
2340,1.0,0.0,0.0,0.0,1.0,1.0,0.2276787113,0.2436799323,0.3685092603,0.6838231045,0.4770317422,0.6521743257
2341,1.0,0.0,0.0,0.0,1.0,1.0,0.2672926648,0.2629192198,0.3737541207,0.6708067895,0.4808361523,0.6688735798
2342,1.0,0.0,0.0,0.0,1.0,1.0,0.2803715815,0.2706822305,0.3712871229,0.6647054214,0.486111048,0.6794873949
2343,1.0,0.0,0.0,0.0,1.0,1.0,0.2716768781,0.2768489717,0.3805601454,0.6545460062,0.494773263,0.6729563709
2344,1.0,0.0,0.0,0.0,1.0,1.0,0.2824870286,0.2838135161,0.3752066452,0.6608188169,0.4878048689,0.6809820914
2345,1.0,0.0,0.0,0.0,1.0,1.0,0.2805739959,0.2810931122,0.3787375863,0.6627220155,0.4930556842,0.6790119472
2346,1.0,0.0,0.0,0.0,1.0,1.0,0.2789901751,0.2860469824,0.3727422325,0.6705888815,0.4896553195,0.6807225921
2347,1.0,0.0,0.0,0.0,1.0,1.0,0.2349681308,0.2533547377,0.3807946745,0.6901409099,0.4895103777,0.6689660768
2348,1.0,0.0,0.0,0.0,0.0,1.0,0.0,0.1995084125,0.0,0.0,0.4942968297,0.4952375136
2349,1.0,0.0,0.0,0.0,1.0,1.0,0.02902194234,0.1914639605,0.4519056188,0.8749967063,0.4942528968,0.4599999578
2350,1.0,0.0,0.0,0.0,1.0,1.0,0.04019721459,0.1755774292,0.4460694766,0.8181800577,0.4826254414,0.5274724246
2351,1.0,0.0,0.0,0.0,0.0,1.0,0.0,0.1815391674,0.0,0.0,0.4687500639,0.4731201687
2352,1.0,0.0,0.0,0.0,1.0,1.0,0.0421010539,0.176258326,0.448717862,0.9130474721,0.4922480351,0.549450575
2353,1.0,0.0,0.0,0.0,1.0,1.0,0.171481237,0.1998883931,0.3899480304,0.6969700294,0.4763636521,0.6545441622
2354,1.0,0.0,0.0,0.0,1.0,1.0,0.288429397,0.2850522701,0.3758388792,0.6337209228,0.4753524313,0.6666666667
2355,1.0,0.0,0.0,0.0,1.0,1.0,0.3048300382,0.294572201,0.3783333857,0.6393446962,0.4842106604,0.6547619048
2356,1.0,0.0,0.0,0.0,1.0,1.0,0.3153500649,0.2998324426,0.3823038859,0.6507931012,0.4912280031,0.6725148288
2357,1.0,0.0,0.0,0.0,1.0,1.0,0.3210127958,0.2967088996,0.379139188,0.675257826,0.5,0.6900588503
2358,1.0,0.0,0.0,0.0,1.0,1.0,0.3079003502,0.2848060927,0.3838551336,0.6791445494,0.5069931637,0.6871166809
2359,1.0,0.0,0.0,0.0,1.0,1.0,0.2727234729,0.2550303228,0.4558822598,0.6946105321,0.5655169622,0.6891887441
2360,1.0,0.0,0.0,0.0,1.0,1.0,0.239140517,0.235263863,0.526402726,0.6827584078,0.6323024319,0.6788322718
2361,1.0,0.0,0.0,0.0,1.0,1.0,0.2392109473,0.2411849437,0.5606557329,0.671232919,0.6527779569,0.6834534006
2362,1.0,0.0,0.0,0.0,1.0,1.0,0.2502665473,0.2498603075,0.565853713,0.6623384157,0.6655171856,0.682758387
2363,1.0,0.0,0.0,0.0,1.0,1.0,0.2392106345,0.2489839693,0.5573770823,0.6643840345,0.6596492578,0.6619712312
2364,1.0,0.0,0.0,0.0,1.0,1.0,0.2691437791,0.2673330273,0.5681444807,0.652438898,0.671328735,0.686274074
2365,1.0,0.0,0.0,0.0,1.0,1.0,0.2632676707,0.2653689757,0.5674795882,0.6543211915,0.67586191,0.6753240549
2366,1.0,0.0,0.0,0.0,1.0,1.0,0.2600838113,0.2637412644,0.5711948776,0.6477991234,0.6736109382,0.6710524375
2367,1.0,0.0,0.0,0.0,1.0,1.0,0.2465730655,0.2507309836,0.582236767,0.6666661668,0.6759579753,0.6666661459
2368,1.0,0.0,0.0,0.0,1.0,1.0,0.2371832138,0.248137416,0.5957447224,0.6620688139,0.6931032711,0.6666671936
2369,1.0,0.0,0.0,0.0,1.0,1.0,0.2490412465,0.2515954408,0.5950819422,0.684210837,0.6909721952,0.6896555992
2370,1.0,0.0,0.0,0.0,1.0,1.0,0.1603201234,0.1937323585,0.5819111976,0.744682006,0.6557970884,0.6728965374
2371,1.0,0.0,0.0,0.0,1.0,1.0,0.03810695316,0.2257427609,0.485268549,0.8181773311,0.5444018211,0.4700868503
2372,1.0,0.0,0.0,0.0,1.0,1.0,0.03551325529,0.2176816121,0.4670051496,0.6190421476,0.5189394238,0.426086575
2373,1.0,0.0,0.0,0.0,1.0,1.0,0.04285773089,0.2138959943,0.480274533,0.8400013907,0.5303033481,0.5132751701
2374,1.0,0.0,0.0,0.0,0.0,1.0,0.0,0.1942311513,0.0,0.0,0.5245282847,0.5533990906
2375,1.0,0.0,0.0,0.0,1.0,1.0,0.1603031279,0.1959337783,0.3551555422,0.7959190533,0.4496401941,0.6788990271
2376,1.0,0.0,0.0,0.0,1.0,1.0,0.2321283557,0.2356841395,0.3403226826,0.7222223077,0.4503546907,0.6616540852
2377,1.0,0.0,0.0,0.0,1.0,1.0,0.2656741241,0.2584764189,0.3370253425,0.7142855247,0.4517241724,0.6866659434
2378,1.0,0.0,0.0,0.0,1.0,1.0,0.280158442,0.2652626597,0.344881928,0.7078656121,0.4589042849,0.6967739577
2379,1.0,0.0,0.0,0.0,1.0,1.0,0.2810439062,0.2669741505,0.3475514016,0.7134833858,0.458904306,0.7051272504
2380,1.0,0.0,0.0,0.0,1.0,1.0,0.2918307419,0.2718075668,0.3579277429,0.7043012819,0.4797298826,0.7080742325
2381,1.0,0.0,0.0,0.0,1.0,1.0,0.2853299988,0.2668579556,0.351735036,0.7071818885,0.4659862738,0.7070069436
2382,1.0,0.0,0.0,0.0,1.0,1.0,0.2887275267,0.2668575216,0.3555554855,0.6978018778,0.4761905477,0.7006367545
2383,1.0,0.0,0.0,0.0,1.0,1.0,0.2834954893,0.2669743928,0.3525640734,0.6949163199,0.4726029015,0.6858971981
2384,1.0,0.0,0.0,0.0,1.0,1.0,0.2905726862,0.2677685792,0.353035034,0.7032969064,0.4675766208,0.7006361968
2385,1.0,0.0,0.0,0.0,1.0,1.0,0.285783022,0.271956952,0.3594249037,0.6871505723,0.479591693,0.68124944
2386,1.0,0.0,0.0,0.0,1.0,1.0,0.3038951488,0.2801201804,0.3300813098,0.6898398231,0.4463666783,0.6728397819
2387,1.0,0.0,0.0,0.0,1.0,1.0,0.3081613044,0.2880950261,0.2666665574,0.6972969587,0.3772243543,0.6728392062
2388,1.0,0.0,0.0,0.0,1.0,1.0,0.2998323988,0.2809820832,0.2600000453,0.6999995164,0.3736653744,0.6772147192
2389,1.0,0.0,0.0,0.0,1.0,1.0,0.3003331947,0.2855549687,0.245408935,0.7000005957,0.3607143677,0.6937496817
2390,1.0,0.0,0.0,0.0,1.0,1.0,0.3070072729,0.2885714187,0.2537562771,0.6956526376,0.3732394555,0.6829268617
2391,1.0,0.0,0.0,0.0,1.0,1.0,0.3085525991,0.287558868,0.2567114596,0.6956519689,0.3789474325,0.6829271518
2392,1.0,0.0,0.0,0.0,1.0,1.0,0.2989926056,0.2799854008,0.2470588819,0.696630152,0.3723403266,0.7025310325
2393,1.0,0.0,0.0,0.0,1.0,1.0,0.297813631,0.2825276987,0.2542087548,0.6892662156,0.3745583134,0.6875003391
2394,1.0,0.0,0.0,0.0,1.0,1.0,0.2988197304,0.2799854936,0.2516891779,0.7005648146,0.3723403246,0.696202909
2395,1.0,0.0,0.0,0.0,1.0,1.0,0.3018449997,0.2868114568,0.2432884741,0.6944445793,0.3697181338,0.6932519039
2396,1.0,0.0,0.0,0.0,1.0,1.0,0.3064957188,0.2862984371,0.2533332701,0.6902166601,0.3784720137,0.6909085598
2397,1.0,0.0,0.0,0.0,1.0,1.0,0.297991158,0.2805450178,0.2495813517,0.6910112152,0.3719300471,0.699999178
2398,1.0,0.0,0.0,0.0,1.0,1.0,0.2956332543,0.2789960885,0.2386554847,0.6931815214,0.3639575548,0.6962017424
2399,1.0,0.0,0.0,0.0,1.0,1.0,0.2966304117,0.2842937359,0.2293422585,0.6931825648,0.3533570361,0.6956525275
2400,1.0,0.0,0.0,0.0,1.0,1.0,0.2917834907,0.2772307564,0.2449664715,0.7068959522,0.3674912497,0.7070063519
2401,1.0,0.0,0.0,0.0,1.0,1.0,0.2896206025,0.2762540247,0.2378560352,0.7052023341,0.3626762028,0.7070058011
2402,1.0,0.0,0.0,0.0,1.0,1.0,0.2380429701,0.241000486,0.2618242843,0.7234037282,0.3794324348,0.6911762345
2403,1.0,0.0,0.0,0.0,0.0,1.0,0.0,0.2064485139,0.0,0.0,0.451737541,0.6261675886
2404,1.0,0.0,0.0,0.0,1.0,1.0,0.0385812784,0.2017741635,0.4687499271,0.9047657463,0.5169813024,0.5233654478
2405,1.0,0.0,0.0,0.0,1.0,1.0,0.03094801486,0.2058773937,0.4681238626,0.7058845638,0.5093633541,0.4636372965
2406,1.0,0.0,0.0,0.0,1.0,1.0,0.02388394508,0.2195742299,0.4669117546,0.3846141242,0.5113635722,0.4137925336
2407,1.0,0.0,0.0,0.0,1.0,1.0,0.02972298211,0.2229524451,0.4665428291,0.5000066288,0.4961538273,0.3965519764
2408,1.0,0.0,0.0,0.0,1.0,1.0,0.02586351935,0.2210306155,0.465804107,0.4285649602,0.5000002031,0.4086949492
2409,1.0,0.0,0.0,0.0,1.0,1.0,0.0526023606,0.1791453124,0.4573502495,0.7586201846,0.4981131637,0.5578948545
2410,1.0,0.0,0.0,0.0,1.0,1.0,0.1440321492,0.1864900653,0.4358524283,0.7073180906,0.5253624801,0.6601937314
2411,1.0,0.0,0.0,0.0,1.0,1.0,0.2388500008,0.2420250766,0.4186441457,0.6666661566,0.5296167431,0.6762595177
2412,1.0,0.0,0.0,0.0,1.0,1.0,0.2327008527,0.235162606,0.407035174,0.6834524098,0.5224912407,0.6617652506
2413,1.0,0.0,0.0,0.0,1.0,1.0,0.2564792824,0.2490017521,0.4072847442,0.7032255507,0.5189004744,0.6689652354
2414,1.0,0.0,0.0,0.0,1.0,1.0,0.2383536077,0.237881154,0.4144737346,0.710344611,0.5308219826,0.6690650063
2415,1.0,0.0,0.0,0.0,1.0,1.0,0.2531266195,0.249013356,0.4133987117,0.6838711423,0.5288135188,0.6666666667
2416,1.0,0.0,0.0,0.0,1.0,1.0,0.2486417478,0.2490078051,0.4178860895,0.6797382257,0.5290102975,0.6712322609
2417,1.0,0.0,0.0,0.0,1.0,1.0,0.2502692502,0.2472846928,0.4140752583,0.6862750771,0.5292095528,0.673611474
2418,1.0,0.0,0.0,0.0,1.0,1.0,0.2584479771,0.2515719613,0.4108018892,0.6898736285,0.5273971472,0.6734689921
2419,1.0,0.0,0.0,0.0,1.0,1.0,0.2623332125,0.2557893893,0.4106279597,0.6871165393,0.5220341292,0.6821192248
2420,1.0,0.0,0.0,0.0,1.0,1.0,0.2575049587,0.2490133954,0.4074073411,0.6875003474,0.5288136755,0.6802725307
2421,1.0,0.0,0.0,0.0,1.0,1.0,0.2759294379,0.2634586184,0.4012841191,0.6802329924,0.5170070281,0.6838711614
2422,1.0,0.0,0.0,0.0,1.0,1.0,0.265552464,0.2591776106,0.4025765759,0.6848482495,0.5220339021,0.6862747364
2423,1.0,0.0,0.0,0.0,1.0,1.0,0.2623334636,0.2541241671,0.4041867383,0.6871163294,0.5187712181,0.6845647631
2424,1.0,0.0,0.0,0.0,1.0,1.0,0.2619114925,0.2592408038,0.4131833545,0.6871166827,0.5255970868,0.6842105263
2425,1.0,0.0,0.0,0.0,1.0,1.0,0.2615664937,0.2498605752,0.4054926417,0.697530754,0.5205478774,0.6917803001
2426,1.0,0.0,0.0,0.0,1.0,1.0,0.2563087212,0.2515718268,0.4080645353,0.6918233041,0.5205477532,0.6802728053
2427,1.0,0.0,0.0,0.0,1.0,1.0,0.2639427568,0.2541243996,0.4009661541,0.701219363,0.5187716802,0.6912741433
2428,1.0,0.0,0.0,0.0,1.0,1.0,0.2614909931,0.2592405753,0.3980738235,0.6809824328,0.5119451062,0.6776316656
2429,1.0,0.0,0.0,0.0,1.0,1.0,0.2352582339,0.2343517261,0.4074676166,0.7034482864,0.520689502,0.654411176
2430,1.0,0.0,0.0,0.0,1.0,1.0,0.08186543439,0.1867087355,0.4215016075,0.7708353439,0.4981684375,0.6274508108
2431,1.0,0.0,0.0,0.0,1.0,1.0,0.03296775397,0.2093171255,0.4444444023,0.421054448,0.4943396055,0.4234240975
2432,1.0,0.0,0.0,0.0,1.0,1.0,0.02776198266,0.2244028038,0.4635416318,0.1874940568,0.5207548268,0.4033610836
2433,1.0,0.0,0.0,0.0,1.0,1.0,0.02580295837,0.2181615594,0.4664371958,0.3999970815,0.522387883,0.4358978676
2434,1.0,0.0,0.0,0.0,1.0,1.0,0.03882996177,0.1984447973,0.4729729479,0.9130451426,0.5379061788,0.5090898176
2435,1.0,0.0,0.0,0.0,1.0,1.0,0.1209407351,0.1759582133,0.5277310757,0.7361099121,0.6126760756,0.649999334
2436,1.0,0.0,0.0,0.0,1.0,1.0,0.1740324426,0.2067811502,0.5538971349,0.6952385089,0.6413793347,0.6583340459
2437,1.0,0.0,0.0,0.0,1.0,1.0,0.1982498181,0.2234245492,0.5508196427,0.6694224047,0.645051244,0.6717557122
2438,1.0,0.0,0.0,0.0,1.0,1.0,0.2067247222,0.2311634414,0.5407166282,0.685039657,0.6360544536,0.6764691109
2439,1.0,0.0,0.0,0.0,1.0,1.0,0.2093759921,0.2279133597,0.5433714925,0.6874996678,0.635135073,0.6814812575
2440,1.0,0.0,0.0,0.0,1.0,1.0,0.1995610846,0.226991832,0.5482814736,0.6885257043,0.6508475824,0.6716410672
2441,1.0,0.0,0.0,0.0,1.0,1.0,0.1982500433,0.220216347,0.5475410128,0.7190072933,0.6508474882,0.6769232347
2442,1.0,0.0,0.0,0.0,1.0,1.0,0.1979091714,0.2202158538,0.5577558375,0.7083327914,0.6576271186,0.6846148437
2443,1.0,0.0,0.0,0.0,1.0,1.0,0.2018576341,0.2279130261,0.5599343345,0.6910564442,0.6554053223,0.6814813941
2444,1.0,0.0,0.0,0.0,1.0,1.0,0.2048445808,0.2177835719,0.5768595494,0.677418291,0.6655405755,0.697674951
2445,1.0,0.0,0.0,0.0,1.0,1.0,0.2088385569,0.2187330109,0.5837479709,0.6984121545,0.6700338348,0.6923089024
2446,1.0,0.0,0.0,0.0,1.0,1.0,0.1932805605,0.2019074515,0.5884298067,0.7264949641,0.6767677462,0.708334515
2447,1.0,0.0,0.0,0.0,1.0,1.0,0.190923405,0.2009015163,0.5913620696,0.7043486617,0.6790539486,0.6890750091
2448,1.0,0.0,0.0,0.0,1.0,1.0,0.1949323198,0.2052724186,0.5719008261,0.6949142221,0.6666666667,0.6885245298
2449,1.0,0.0,0.0,0.0,1.0,1.0,0.2163573869,0.2213529299,0.4830372006,0.7164181618,0.5872483336,0.7121214452
2450,1.0,0.0,0.0,0.0,1.0,1.0,0.2137067487,0.2175655625,0.4180063866,0.7443611954,0.5340136237,0.7265624312
2451,1.0,0.0,0.0,0.0,1.0,1.0,0.2317545128,0.2277639101,0.3929146397,0.7291664048,0.5068025955,0.7014933436
2452,1.0,0.0,0.0,0.0,1.0,1.0,0.2355372568,0.2362627737,0.3964968364,0.7162168825,0.5102042319,0.7050360656
2453,1.0,0.0,0.0,0.0,1.0,1.0,0.2358232917,0.2302470365,0.3932584977,0.7074830036,0.5051194004,0.7037037652
2454,1.0,0.0,0.0,0.0,1.0,1.0,0.2301452349,0.2224783663,0.3913043243,0.7342662381,0.5000001917,0.7153839792
2455,1.0,0.0,0.0,0.0,1.0,1.0,0.2297751375,0.2311637697,0.3922829375,0.7342653257,0.5102042775,0.6985283984
2456,1.0,0.0,0.0,0.0,1.0,1.0,0.2328793949,0.2276122952,0.3867313413,0.729166537,0.5034245524,0.7067667906
2457,1.0,0.0,0.0,0.0,1.0,1.0,0.2357329453,0.2294638739,0.390953082,0.7123282192,0.5068027445,0.7037038269
2458,1.0,0.0,0.0,0.0,1.0,1.0,0.2337402304,0.2302468522,0.387096754,0.7310350625,0.505119272,0.7037030957
2459,1.0,0.0,0.0,0.0,1.0,1.0,0.2332572853,0.2318289428,0.3857374739,0.7222223943,0.5017183934,0.6962967246
2460,1.0,0.0,0.0,0.0,1.0,1.0,0.2348770513,0.2327466394,0.3841166288,0.7103448701,0.5000001914,0.6911762287
2461,1.0,0.0,0.0,0.0,1.0,1.0,0.2126469965,0.2151579073,0.3977086743,0.7307692961,0.5104164752,0.6935476407
2462,1.0,0.0,0.0,0.0,1.0,1.0,0.1962897506,0.2033345338,0.4124385972,0.7333337004,0.5275863338,0.6949151277
2463,1.0,0.0,0.0,0.0,0.0,1.0,0.0,0.1987738243,0.0,0.0,0.5315985623,0.5233646561
2464,1.0,0.0,0.0,0.0,1.0,1.0,0.02064258942,0.2112791832,0.4578313162,0.5833211785,0.5183823441,0.4434777646
2465,1.0,0.0,0.0,0.0,1.0,1.0,0.02046633785,0.2006179651,0.4488054386,0.8333272984,0.5072992079,0.4818185589
2466,1.0,0.0,0.0,0.0,0.0,1.0,0.0,0.1800465475,0.0,0.0,0.4889705867,0.6020407934
2467,1.0,0.0,0.0,0.0,1.0,1.0,0.1095507784,0.1817166386,0.3305227508,0.8461522693,0.4218182156,0.6999995559
2468,1.0,0.0,0.0,0.0,1.0,1.0,0.1823085708,0.1991895108,0.309446201,0.7589273963,0.4195803631,0.6842098153
2469,1.0,0.0,0.0,0.0,1.0,1.0,0.2129958332,0.2219042381,0.3147540831,0.7384617229,0.4230768333,0.6771659617
2470,1.0,0.0,0.0,0.0,1.0,1.0,0.2215590716,0.2299754655,0.3106796824,0.7299282639,0.4325259436,0.676692006
2471,1.0,0.0,0.0,0.0,1.0,1.0,0.214634349,0.2213296052,0.3098361204,0.7633593441,0.4359863202,0.6874989231
2472,1.0,0.0,0.0,0.0,1.0,1.0,0.2189881399,0.2271456227,0.3097198912,0.7443605549,0.4230768198,0.6846152028
2473,1.0,0.0,0.0,0.0,1.0,1.0,0.2136964474,0.2255688963,0.3108552181,0.7307701454,0.4340278017,0.6846149535
2474,1.0,0.0,0.0,0.0,1.0,1.0,0.2270705456,0.2349565756,0.3034825172,0.7372261601,0.4210526722,0.6865676544
2475,1.0,0.0,0.0,0.0,1.0,1.0,0.2142856752,0.2277880097,0.314907821,0.7265620074,0.4275617014,0.6744177789
2476,1.0,0.0,0.0,0.0,1.0,1.0,0.2278262528,0.2288933718,0.3227952491,0.72262814,0.4405592611,0.6793893004
2477,1.0,0.0,0.0,0.0,1.0,1.0,0.23127598,0.2333191616,0.3074380404,0.7142854894,0.4320556809,0.6865676306
2478,1.0,0.0,0.0,0.0,1.0,1.0,0.2305134779,0.2315780317,0.309719886,0.7142859399,0.4320558685,0.6691737447
2479,1.0,0.0,0.0,0.0,1.0,1.0,0.2259467053,0.2282464565,0.3448845744,0.7080288347,0.4671282443,0.6818179551
2480,1.0,0.0,0.0,0.0,1.0,1.0,0.2374909354,0.2368920324,0.3432344322,0.7013894183,0.4671279962,0.6788319296
2481,1.0,0.0,0.0,0.0,1.0,1.0,0.2382776084,0.2385425509,0.3476820709,0.7152773346,0.4668986706,0.6788330844
2482,1.0,0.0,0.0,0.0,1.0,1.0,0.2334224382,0.235163024,0.347039549,0.7112666308,0.4809689784,0.6911763525
2483,1.0,0.0,0.0,0.0,1.0,1.0,0.2403301333,0.2368014965,0.3432835141,0.7103453507,0.4703834394,0.6911769939
2484,1.0,0.0,0.0,0.0,1.0,1.0,0.2283491619,0.2290387456,0.3476822141,0.7173922809,0.4722222969,0.6893937996
2485,1.0,0.0,0.0,0.0,1.0,1.0,0.2307679447,0.2323874027,0.3455149624,0.7194245635,0.4685316903,0.6917287227
2486,1.0,0.0,0.0,0.0,1.0,1.0,0.2213640232,0.2280955988,0.3438017112,0.7238795517,0.4634145497,0.6870224375
2487,1.0,0.0,0.0,0.0,1.0,1.0,0.2305136806,0.229975315,0.3525536486,0.7214283462,0.4740487044,0.6917297975
2488,1.0,0.0,0.0,0.0,1.0,1.0,0.2274474499,0.2288930589,0.3588040738,0.7226283722,0.4755241546,0.7022891118
2489,1.0,0.0,0.0,0.0,1.0,1.0,0.2330391267,0.2377982135,0.3661740389,0.7183099468,0.4896550071,0.7028982956
2490,1.0,0.0,0.0,0.0,1.0,1.0,0.2254129395,0.2298367449,0.3648425031,0.7205885228,0.4808364251,0.6969693918
2491,1.0,0.0,0.0,0.0,0.0,1.0,0.0,0.2069739884,0.0,0.0,0.4776118134,0.5135140424
2492,1.0,0.0,0.0,0.0,1.0,1.0,0.0226750043,0.2120584809,0.453752264,0.4615384615,0.520295039,0.3999996258
2493,1.0,0.0,0.0,0.0,1.0,1.0,0.02082169355,0.2028386617,0.4461806045,0.4999910122,0.5129153023,0.4000011766
2494,1.0,0.0,0.0,0.0,1.0,1.0,0.02404167729,0.2031832271,0.4450172801,0.5714374766,0.5054943475,0.3963947496
2495,1.0,0.0,0.0,0.0,1.0,1.0,0.02082180849,0.2020929609,0.44965267,0.6666546034,0.5183824233,0.4363639594
2496,1.0,0.0,0.0,0.0,0.0,1.0,0.0,0.1755290187,0.0,0.0,0.4838707414,0.561224082
2497,1.0,0.0,0.0,0.0,1.0,1.0,0.03224014253,0.1708139919,0.4108659273,0.9473647663,0.4909089165,0.5744686326
2498,1.0,0.0,0.0,0.0,1.0,1.0,0.07674872931,0.1599828764,0.4607507625,0.9555581219,0.5359711076,0.7303360803
2499,1.0,0.0,0.0,0.0,1.0,1.0,0.1629705645,0.1746430444,0.5041597533,0.7551019477,0.5882352714,0.702969245
2500,1.0,0.0,0.0,0.0,1.0,1.0,0.2393485874,0.2347684646,0.4854369576,0.7094597226,0.5973152666,0.721427859
2501,1.0,0.0,0.0,0.0,1.0,1.0,0.250264178,0.2406063132,0.4878837426,0.6838702455,0.599326681,0.7062929128
2502,1.0,0.0,0.0,0.0,1.0,1.0,0.2498603916,0.243971512,0.4918831844,0.6818173186,0.6026936103,0.7103443889
2503,1.0,0.0,0.0,0.0,1.0,1.0,0.2546657225,0.2490248148,0.4807692083,0.6855343424,0.5986623028,0.7046974097
2504,1.0,0.0,0.0,0.0,1.0,1.0,0.2530637102,0.2515485742,0.4839742723,0.7025326466,0.6013515106,0.7114089599
2505,1.0,0.0,0.0,0.0,1.0,1.0,0.2627563149,0.254095477,0.4854838171,0.6993870578,0.5932205698,0.71333377
2506,1.0,0.0,0.0,0.0,1.0,1.0,0.2575548688,0.2515604059,0.4927066317,0.7044027197,0.6088435257,0.7094605035
2507,1.0,0.0,0.0,0.0,1.0,1.0,0.2571380241,0.2507133878,0.4822007288,0.716981317,0.5972694924,0.7142859307
2508,1.0,0.0,0.0,0.0,1.0,1.0,0.2498606202,0.2490080161,0.4903224815,0.7096772802,0.6075086194,0.7260269161
2509,1.0,0.0,0.0,0.0,1.0,1.0,0.2372659323,0.2421328211,0.495935044,0.7123286014,0.608247536,0.7021275263
2510,1.0,0.0,0.0,0.0,1.0,1.0,0.2397362365,0.2378808961,0.473257648,0.722973266,0.5856163683,0.7122312352
2511,1.0,0.0,0.0,0.0,1.0,1.0,0.1992349694,0.2067814058,0.490196121,0.7459008795,0.5965515608,0.6916666205
2512,1.0,0.0,0.0,0.0,0.0,1.0,0.0,0.2017389868,0.0,0.0,0.5407408134,0.532109571
2513,1.0,0.0,0.0,0.0,1.0,1.0,0.04887677333,0.1867089694,0.4435075691,0.8965496262,0.4981686017,0.5784307154
2514,1.0,0.0,0.0,0.0,1.0,1.0,0.105823077,0.1708139154,0.4386555724,0.8412707379,0.5127271037,0.7234039029
2515,1.0,0.0,0.0,0.0,1.0,1.0,0.1928183539,0.2082170742,0.3922829416,0.7583320598,0.4930555076,0.6833329344
2516,1.0,0.0,0.0,0.0,1.0,1.0,0.2215668481,0.2274593553,0.4035087626,0.7266190845,0.5137931061,0.6969706149
2517,1.0,0.0,0.0,0.0,1.0,1.0,0.2302713908,0.2318291835,0.4112000123,0.7361113056,0.5223368292,0.7111114798
2518,1.0,0.0,0.0,0.0,1.0,1.0,0.2359127849,0.2378810252,0.4066985255,0.7162165417,0.5102739687,0.7050354524
2519,1.0,0.0,0.0,0.0,1.0,1.0,0.2346932504,0.236981065,0.4073483204,0.7346934108,0.5154638461,0.7028991274
2520,1.0,0.0,0.0,0.0,1.0,1.0,0.2414650113,0.2446911355,0.4015998909,0.7218549876,0.5103447418,0.6901412032
2521,1.0,0.0,0.0,0.0,1.0,1.0,0.2363761626,0.2404157048,0.4063492796,0.7181204121,0.5085910666,0.6999995203
2522,1.0,0.0,0.0,0.0,1.0,1.0,0.2434944263,0.2421325445,0.4092356586,0.7189535891,0.5257732803,0.7021280363
2523,1.0,0.0,0.0,0.0,1.0,1.0,0.2390318469,0.2352639366,0.4060994605,0.738255606,0.51890042,0.700730426
2524,1.0,0.0,0.0,0.0,1.0,1.0,0.2462851374,0.2387745065,0.4022257611,0.7419356713,0.5187711895,0.7071425241
2525,1.0,0.0,0.0,0.0,1.0,1.0,0.2574562346,0.2446909492,0.3936000442,0.7391313411,0.5068967538,0.7112680828
2526,1.0,0.0,0.0,0.0,1.0,1.0,0.2482484781,0.2402839369,0.4016128629,0.7337660649,0.5156794938,0.7173919353
2527,1.0,0.0,0.0,0.0,1.0,1.0,0.2426758115,0.234352114,0.3993610507,0.743420408,0.5103448487,0.7205882593
2528,1.0,0.0,0.0,0.0,1.0,1.0,0.2300173672,0.2253985689,0.4003240984,0.760562543,0.5069932716,0.7286807022
2529,1.0,0.0,0.0,0.0,1.0,1.0,0.2490467054,0.2384634493,0.3941368625,0.7385625935,0.5122808914,0.7205889545
2530,1.0,0.0,0.0,0.0,1.0,1.0,0.2450245744,0.2368014713,0.3951613357,0.7434210143,0.498257837,0.7132366835
2531,1.0,0.0,0.0,0.0,1.0,1.0,0.2522707214,0.2472665555,0.3938907659,0.7388532122,0.5121108742,0.7062935857
2532,1.0,0.0,0.0,0.0,1.0,1.0,0.2413563303,0.2325092732,0.3938411046,0.7382549623,0.5069443382,0.7014927136
2533,1.0,0.0,0.0,0.0,1.0,1.0,0.222097971,0.2240128517,0.3993558493,0.7391298694,0.5172412727,0.684614482
2534,1.0,0.0,0.0,0.0,0.0,1.0,0.0,0.2057675761,0.0,0.0,0.5220590172,0.5267853802
2535,1.0,0.0,0.0,0.0,1.0,1.0,0.02165465319,0.2038574074,0.4349998981,0.8461577965,0.4981949893,0.486725472
2536,1.0,0.0,0.0,0.0,0.0,1.0,0.0,0.1889854113,0.0,0.0,0.4872729891,0.5480757087
2537,1.0,0.0,0.0,0.0,1.0,1.0,0.08481112452,0.173737833,0.3910149744,0.8627439077,0.4802868974,0.7010304813
2538,1.0,0.0,0.0,0.0,1.0,1.0,0.1753987458,0.1984704688,0.3807947441,0.7547170593,0.4893616276,0.6964290967
2539,1.0,0.0,0.0,0.0,1.0,1.0,0.2086925511,0.2211308136,0.3670473373,0.7109379159,0.4808361716,0.6850392065
2540,1.0,0.0,0.0,0.0,1.0,1.0,0.2186278486,0.2269858729,0.3634868037,0.7293220174,0.4788734136,0.6976741811
2541,1.0,0.0,0.0,0.0,1.0,1.0,0.2306404929,0.240350322,0.3567920808,0.7021274585,0.4775086013,0.7050357068
2542,1.0,0.0,0.0,0.0,1.0,1.0,0.2306401611,0.2385427808,0.3682487622,0.7021281579,0.484320671,0.7007292936
2543,1.0,0.0,0.0,0.0,1.0,1.0,0.2334221417,0.2385427535,0.363486813,0.7183111238,0.4843203734,0.6934307623
2544,1.0,0.0,0.0,0.0,1.0,1.0,0.2362316612,0.2357837868,0.3553719694,0.7202798484,0.4718307478,0.7089555765
2545,1.0,0.0,0.0,0.0,1.0,1.0,0.2287280182,0.2349567026,0.3582090105,0.7173905493,0.4771927251,0.6940296809
2546,1.0,0.0,0.0,0.0,1.0,1.0,0.2308942539,0.233319145,0.3613861279,0.7071424559,0.4808360978,0.7089548224
2547,1.0,0.0,0.0,0.0,1.0,1.0,0.2387466187,0.2420253297,0.3624380886,0.6965509152,0.4878047854,0.6906478883
2548,1.0,0.0,0.0,0.0,1.0,1.0,0.2350659929,0.2402837503,0.3651314917,0.6993010952,0.4912890898,0.6956516225
2549,1.0,0.0,0.0,0.0,1.0,1.0,0.242039288,0.2341349906,0.3542009378,0.7142857143,0.4720280361,0.7164183973
2550,1.0,0.0,0.0,0.0,1.0,1.0,0.2391406404,0.2323879281,0.3531352501,0.7310349012,0.4720276993,0.7218038523
2551,1.0,0.0,0.0,0.0,1.0,1.0,0.2334221298,0.2325093308,0.3651315011,0.7183105109,0.4826389364,0.6940298751
2552,1.0,0.0,0.0,0.0,1.0,1.0,0.237962265,0.2359793899,0.3678161498,0.710345161,0.4861113012,0.6985293762
2553,1.0,0.0,0.0,0.0,1.0,1.0,0.2370998506,0.2306404829,0.360790864,0.7291671101,0.4790208934,0.70454602
2554,1.0,0.0,0.0,0.0,1.0,1.0,0.2315182939,0.2317046377,0.3588907265,0.7183088233,0.4809689558,0.7089556722
2555,1.0,0.0,0.0,0.0,1.0,1.0,0.2379624374,0.2332029473,0.3596058981,0.7241371505,0.4771930525,0.6992486893
2556,1.0,0.0,0.0,0.0,1.0,1.0,0.2375724353,0.2402839316,0.3590164266,0.7103451188,0.4808363338,0.7028980224
2557,1.0,0.0,0.0,0.0,1.0,1.0,0.2330391501,0.2341348596,0.3546797909,0.7183107105,0.472027847,0.6940300591
2558,1.0,0.0,0.0,0.0,1.0,1.0,0.2282575014,0.2307738616,0.3376835704,0.7285721856,0.4583332545,0.699248256
2559,1.0,0.0,0.0,0.0,1.0,1.0,0.2326570343,0.2342441421,0.3327868526,0.7112671716,0.4583333175,0.7037036437
2560,1.0,0.0,0.0,0.0,1.0,1.0,0.2162725832,0.22383337,0.3393443883,0.7196964396,0.4618056973,0.6976741014
2561,1.0,0.0,0.0,0.0,1.0,1.0,0.2262577464,0.2360749489,0.3273614474,0.7122298948,0.4517239576,0.7007303637
2562,1.0,0.0,0.0,0.0,1.0,1.0,0.2237312027,0.2317048704,0.3333332735,0.7153280808,0.4567472944,0.7014921457
2563,1.0,0.0,0.0,0.0,1.0,1.0,0.2237315942,0.2351627625,0.348039315,0.7153272926,0.4671280646,0.7058809227
2564,1.0,0.0,0.0,0.0,1.0,1.0,0.2224617017,0.2291823256,0.3371522012,0.7205889528,0.4586207843,0.7142847639
2565,1.0,0.0,0.0,0.0,1.0,1.0,0.2262579777,0.2293238491,0.3338761776,0.7122301363,0.45890386,0.7014922684
2566,1.0,0.0,0.0,0.0,1.0,1.0,0.2269977353,0.2285415791,0.3464052592,0.7050356873,0.4607509414,0.7164176905
2567,1.0,0.0,0.0,0.0,1.0,1.0,0.2287683446,0.2329776125,0.3457792503,0.7021279642,0.4729729627,0.7246379403
2568,1.0,0.0,0.0,0.0,1.0,1.0,0.2287683168,0.2280608276,0.3441558848,0.6950359892,0.4664428197,0.7132356082
2569,1.0,0.0,0.0,0.0,1.0,1.0,0.2316372745,0.2263832691,0.3371151869,0.6853141204,0.4597317761,0.7111120253
2570,1.0,0.0,0.0,0.0,1.0,1.0,0.2344969127,0.2265400631,0.3414240063,0.6827578638,0.4666666176,0.7132352105
2571,1.0,0.0,0.0,0.0,1.0,1.0,0.2195864694,0.2174868164,0.3521809235,0.6985296384,0.4817275894,0.7328247875
2572,1.0,0.0,0.0,0.0,1.0,1.0,0.233529709,0.2272978849,0.3447712928,0.6993003917,0.4816052808,0.7058836162
2573,1.0,0.0,0.0,0.0,1.0,1.0,0.240848885,0.2289691922,0.3524590254,0.6870755006,0.4816053213,0.7007304022
2574,1.0,0.0,0.0,0.0,1.0,1.0,0.2222811926,0.2163223002,0.3542009455,0.7111111476,0.4899328585,0.7131771626
2575,1.0,0.0,0.0,0.0,1.0,1.0,0.2206345804,0.2136855768,0.3574958396,0.7089555546,0.4848485185,0.7165356376
2576,1.0,0.0,0.0,0.0,0.0,1.0,0.0,0.1914989332,0.0,0.0,0.5036495599,0.5714297531
2577,1.0,0.0,0.0,0.0,0.0,1.0,0.0,0.1763719388,0.0,0.0,0.518382366,0.46875
2578,1.0,0.0,0.0,0.0,0.0,1.0,0.0,0.1848781902,0.0,0.0,0.5311355753,0.4752479623
2579,1.0,0.0,0.0,0.0,0.0,1.0,0.0,0.1848785597,0.0,0.0,0.5311355832,0.4752471229
2580,1.0,0.0,0.0,0.0,1.0,1.0,0.02810365383,0.1817170217,0.4551844875,0.8750102261,0.5272727561,0.5199993019
2581,1.0,0.0,0.0,0.0,1.0,1.0,0.03843983543,0.1599823692,0.4527970997,1.0,0.5323741035,0.5730350825
2582,1.0,0.0,0.0,0.0,1.0,1.0,0.09704951815,0.1589220263,0.3901193296,0.7719296221,0.4876326183,0.6777773176
2583,1.0,0.0,0.0,0.0,1.0,1.0,0.1564782363,0.1810833908,0.3686868032,0.7526888128,0.4843205629,0.6730777429
2584,1.0,0.0,0.0,0.0,1.0,1.0,0.2054775093,0.2097803386,0.3700657756,0.7279986117,0.5017064305,0.6991867431
2585,1.0,0.0,0.0,0.0,1.0,1.0,0.2208071387,0.2166026189,0.388704311,0.7067671549,0.5153584506,0.7007887457
2586,1.0,0.0,0.0,0.0,1.0,1.0,0.1978759085,0.2012764631,0.3791947015,0.7457629294,0.5034723552,0.6982757656
2587,1.0,0.0,0.0,0.0,0.0,1.0,0.0,0.2050139858,0.0,0.0,0.5494506157,0.4553559527
2588,1.0,0.0,0.0,0.0,1.0,1.0,0.02835298953,0.2223022432,0.4539006589,0.5625008451,0.533088342,0.3884293974
2589,1.0,0.0,0.0,0.0,1.0,1.0,0.03912415812,0.2212787747,0.4661922301,0.3181818182,0.5350555323,0.3583339766
2590,1.0,0.0,0.0,0.0,0.0,1.0,0.0,0.1958614447,0.0,0.0,0.5311352345,0.4579446829
2591,1.0,0.0,0.0,0.0,1.0,1.0,0.0676702067,0.1629127565,0.3958333155,0.9230764904,0.4871796107,0.6966292135
2592,1.0,0.0,0.0,0.0,1.0,1.0,0.1838437505,0.1956951933,0.3578595403,0.7363637439,0.4720278925,0.6696421826
2593,1.0,0.0,0.0,0.0,1.0,1.0,0.2413006742,0.2379624421,0.3572593875,0.6891899593,0.4795918637,0.6857139686
2594,1.0,0.0,0.0,0.0,1.0,1.0,0.2351625115,0.2395924283,0.3496732005,0.701389501,0.4760273803,0.6785710877
2595,1.0,0.0,0.0,0.0,1.0,1.0,0.248227351,0.2430150258,0.3513073203,0.6973692901,0.4828766074,0.6901417975
2596,1.0,0.0,0.0,0.0,1.0,1.0,0.2486334985,0.2455964513,0.3584288794,0.7039480525,0.4880543445,0.7013884595
2597,1.0,0.0,0.0,0.0,1.0,1.0,0.2384289737,0.2378810547,0.3578431234,0.6986303047,0.4897259423,0.690647748
2598,1.0,0.0,0.0,0.0,1.0,1.0,0.2445268077,0.2386982762,0.3661739784,0.711409396,0.4948452126,0.6978417266
2599,1.0,0.0,0.0,0.0,1.0,1.0,0.245391718,0.2438501889,0.3560975592,0.7218546233,0.4845361487,0.7042254176
2600,1.0,0.0,0.0,0.0,1.0,1.0,0.2498604181,0.2464377812,0.3620130742,0.7142861277,0.4828766797,0.6944434989
2601,1.0,0.0,0.0,0.0,1.0,1.0,0.2359340347,0.2403502457,0.3639344555,0.7222221365,0.4878893332,0.7050361207
2602,1.0,0.0,0.0,0.0,1.0,1.0,0.2428397436,0.2472303232,0.3619834132,0.7006799861,0.4877193064,0.6666671884
2603,1.0,0.0,0.0,0.0,1.0,1.0,0.2543442982,0.2481491822,0.3588906681,0.6987182744,0.4897258842,0.6827585893
2604,1.0,0.0,0.0,0.0,1.0,1.0,0.2336357101,0.2360753515,0.3571427928,0.7430556198,0.4793104148,0.6934306451
2605,1.0,0.0,0.0,0.0,1.0,1.0,0.2269977134,0.2368014625,0.3676470246,0.712230534,0.4912892825,0.6764701609
2606,1.0,0.0,0.0,0.0,1.0,1.0,0.1042150589,0.1896751481,0.3726496914,0.8852470005,0.4744525949,0.7211527917
2607,1.0,0.0,0.0,0.0,1.0,1.0,0.02074948971,0.2251491062,0.4498269418,0.5833333333,0.5274725012,0.439024045
2608,1.0,0.0,0.0,0.0,1.0,1.0,0.02420762378,0.2370001276,0.4688581313,0.4285714286,0.5367648466,0.4263558978
2609,1.0,0.0,0.0,0.0,0.0,1.0,0.0,0.2079132383,0.0,0.0,0.50364943,0.5087710951
2610,1.0,0.0,0.0,0.0,1.0,1.0,0.09209851666,0.1780821378,0.4146757297,0.851852596,0.5090908446,0.6836740116
2611,1.0,0.0,0.0,0.0,1.0,1.0,0.2235592967,0.228095601,0.3799342031,0.705882735,0.4982577379,0.6641222532
2612,1.0,0.0,0.0,0.0,1.0,1.0,0.2421411285,0.24812527,0.3609756456,0.7248322148,0.4895836004,0.6923076923
2613,1.0,0.0,0.0,0.0,1.0,1.0,0.2469978552,0.2472484566,0.3666121845,0.721853968,0.4912889591,0.6760561858
2614,1.0,0.0,0.0,0.0,1.0,1.0,0.1142707507,0.189675208,0.4027304213,0.8805973052,0.5036493748,0.730769793
2615,1.0,0.0,0.0,0.0,1.0,1.0,0.02247879717,0.2241396463,0.4498271069,0.4615294177,0.5294118827,0.4508197748
2616,1.0,0.0,0.0,0.0,1.0,1.0,0.02078565431,0.2239487577,0.4506065571,0.2500045255,0.5370368658,0.4297526893
2617,1.0,0.0,0.0,0.0,1.0,1.0,0.02240124761,0.2223022161,0.4551725127,0.5384628339,0.5367646704,0.4628105155
2618,1.0,0.0,0.0,0.0,1.0,1.0,0.04520087157,0.2088118503,0.4170854253,0.8518473876,0.5142857143,0.5726487485
2619,1.0,0.0,0.0,0.0,1.0,1.0,0.05858794629,0.1987739255,0.4137931002,1.0,0.5092936142,0.6355151784
2620,1.0,0.0,0.0,0.0,1.0,1.0,0.1182874196,0.1855579584,0.4150942441,0.8840563623,0.5147061366,0.7425739357
2621,1.0,0.0,0.0,0.0,1.0,1.0,0.2160511822,0.2171928724,0.3877887808,0.7480904281,0.5159011983,0.6910569692
2622,1.0,0.0,0.0,0.0,1.0,1.0,0.2230160155,0.2191760756,0.3884296593,0.7777779611,0.5228070381,0.7199989307
2623,1.0,0.0,0.0,0.0,1.0,1.0,0.2235595364,0.2166621776,0.381578945,0.772058235,0.517482451,0.7016115155
2624,1.0,0.0,0.0,0.0,1.0,1.0,0.2264746042,0.2149152298,0.3875204385,0.7681162687,0.5244756792,0.7154466845
2625,1.0,0.0,0.0,0.0,1.0,1.0,0.2298877891,0.223833271,0.3817291936,0.7801426561,0.5208334453,0.7286822902
2626,1.0,0.0,0.0,0.0,1.0,1.0,0.2252033569,0.214914822,0.3733553152,0.766423565,0.5104894629,0.6991862774
2627,1.0,0.0,0.0,0.0,1.0,1.0,0.2330391896,0.2228720002,0.380952402,0.7605633161,0.5226480941,0.718751422
2628,1.0,0.0,0.0,0.0,1.0,1.0,0.2408491654,0.2279429802,0.3868851644,0.7482985562,0.5192984459,0.7153838995
2629,1.0,0.0,0.0,0.0,1.0,1.0,0.2379622575,0.2209291717,0.3793104143,0.7655176238,0.5087717512,0.7142857143
2630,1.0,0.0,0.0,0.0,1.0,1.0,0.2424873524,0.2271458723,0.3754097136,0.7432437545,0.510489505,0.7076931824
2631,1.0,0.0,0.0,0.0,1.0,1.0,0.242582844,0.2325091008,0.3818770951,0.7533336264,0.5138890213,0.7238795565
2632,1.0,0.0,0.0,0.0,1.0,1.0,0.2376523035,0.2322647591,0.3729641698,0.7397253986,0.5035213427,0.7045460699
2633,1.0,0.0,0.0,0.0,1.0,1.0,0.2342952656,0.2323879761,0.3803278324,0.7482522486,0.5104893964,0.6992476677
2634,1.0,0.0,0.0,0.0,1.0,1.0,0.1606547403,0.2035228235,0.3874788375,0.7894723526,0.4981818889,0.6964290592
2635,1.0,0.0,0.0,0.0,1.0,1.0,0.0631229028,0.1995084026,0.442105351,0.9444407723,0.5209128257,0.6285721938
2636,1.0,0.0,0.0,0.0,1.0,1.0,0.04121400203,0.2181616313,0.4261168212,0.9166726944,0.5037314097,0.5384623945
2637,1.0,0.0,0.0,0.0,1.0,1.0,0.04480264056,0.2173505485,0.4379310682,0.7692307692,0.5204461698,0.5299141509
2638,1.0,0.0,0.0,0.0,1.0,1.0,0.04441954913,0.2149536631,0.4376067804,0.7692333431,0.5220588088,0.5384623964
2639,1.0,0.0,0.0,0.0,0.0,1.0,0.0,0.2210661138,0.0,0.0,0.513011416,0.504202006
2640,1.0,0.0,0.0,0.0,1.0,1.0,0.03612439183,0.2035899889,0.4320137868,0.857144342,0.5111112548,0.5272724386
2641,1.0,0.0,0.0,0.0,1.0,1.0,0.05485815179,0.1892325958,0.4202400771,0.8749982909,0.5,0.6019433766
2642,1.0,0.0,0.0,0.0,1.0,1.0,0.06778824242,0.1747145779,0.4069564954,0.9230743785,0.4849626277,0.698924234
2643,1.0,0.0,0.0,0.0,1.0,1.0,0.1167732022,0.1825548228,0.4054982144,0.8529421044,0.498154837,0.7171713888
2644,1.0,0.0,0.0,0.0,1.0,1.0,0.1988770278,0.2175047575,0.3456999371,0.7627123987,0.4604315104,0.6942137701
2645,1.0,0.0,0.0,0.0,1.0,1.0,0.2243301861,0.2193022008,0.3500837932,0.7462679794,0.460431562,0.704918383
2646,1.0,0.0,0.0,0.0,1.0,1.0,0.2361411843,0.2346360952,0.3377703585,0.7394362553,0.4551971909,0.7022911467
2647,1.0,0.0,0.0,0.0,1.0,1.0,0.235162808,0.2310539115,0.3411765348,0.7428578505,0.4551971632,0.7054262784
2648,1.0,0.0,0.0,0.0,1.0,1.0,0.2193079357,0.2193017905,0.3433834894,0.7480920962,0.4604315985,0.7131158184
2649,1.0,0.0,0.0,0.0,1.0,1.0,0.2241581176,0.2218977427,0.3406407915,0.7518801374,0.4584836732,0.7073172012
2650,1.0,0.0,0.0,0.0,1.0,1.0,0.2110307528,0.2126082705,0.3395270698,0.7840005816,0.4472726787,0.717949856
2651,1.0,0.0,0.0,0.0,1.0,1.0,0.1992186191,0.2085165445,0.3551087668,0.7563039539,0.4712231081,0.724137161
2652,1.0,0.0,0.0,0.0,0.0,1.0,0.0,0.174145345,0.0,0.0,0.4924243508,0.6847837001
2653,1.0,0.0,0.0,0.0,1.0,1.0,0.02196591671,0.194444198,0.4432233987,0.9166709869,0.4980544371,0.4900004562
2654,1.0,0.0,0.0,0.0,0.0,1.0,0.0,0.1929426116,0.0,0.0,0.4942085143,0.5100000207
2655,1.0,0.0,0.0,0.0,0.0,1.0,0.0,0.1922004139,0.0,0.0,0.4884615663,0.5
2656,1.0,0.0,0.0,0.0,0.0,1.0,0.0,0.1919081007,0.0,0.0,0.494296584,0.5148515259
2657,1.0,0.0,0.0,0.0,1.0,1.0,0.0407573075,0.1634425878,0.4414893867,1.0,0.5075188659,0.6551730023
2658,1.0,0.0,0.0,0.0,1.0,1.0,0.08401592224,0.1678027049,0.411558618,0.8750005525,0.4907747749,0.703295986
2659,1.0,0.0,0.0,0.0,1.0,1.0,0.1523122683,0.2020533626,0.3852739578,0.786515715,0.480144305,0.6964278865
2660,1.0,0.0,0.0,0.0,1.0,1.0,0.1951770369,0.2134037443,0.395622943,0.7672423394,0.5088967208,0.7166670554
2661,1.0,0.0,0.0,0.0,1.0,1.0,0.1803380074,0.2149337658,0.3878584285,0.775700403,0.4982078407,0.7249999094
2662,1.0,0.0,0.0,0.0,1.0,1.0,0.1871863587,0.2179635073,0.3963209529,0.7767862479,0.510638306,0.7235769932
2663,1.0,0.0,0.0,0.0,1.0,1.0,0.1914897692,0.2222961486,0.4084033494,0.7807014883,0.5195728771,0.7360001383
2664,1.0,0.0,0.0,0.0,1.0,1.0,0.1890837841,0.2175044101,0.4020269127,0.794643187,0.5071943601,0.7438015785
2665,1.0,0.0,0.0,0.0,1.0,1.0,0.2019073649,0.2238895344,0.3973064164,0.7750011169,0.512544723,0.7360002196
2666,1.0,0.0,0.0,0.0,1.0,1.0,0.2126118714,0.2294091138,0.3953099545,0.7795273607,0.5053381039,0.7286818629
2667,1.0,0.0,0.0,0.0,1.0,1.0,0.2125057151,0.2313193894,0.3986710006,0.7656252406,0.5194344568,0.7175577497
2668,1.0,0.0,0.0,0.0,1.0,1.0,0.2220981157,0.2287454435,0.3996682949,0.7611944168,0.5211267713,0.7153834206
2669,1.0,0.0,0.0,0.0,1.0,1.0,0.2213641977,0.2305051285,0.4,0.7611948558,0.51408448,0.7175564258
2670,1.0,0.0,0.0,0.0,1.0,1.0,0.2209986007,0.2332030076,0.3927392608,0.7611929287,0.5122805328,0.7067668304
2671,1.0,0.0,0.0,0.0,1.0,1.0,0.2101474642,0.2244363618,0.4122516775,0.7637790286,0.5298245306,0.7187502124
2672,1.0,0.0,0.0,0.0,1.0,1.0,0.2188321006,0.2298368895,0.4068627697,0.7686566674,0.5331008999,0.7196964775
2673,1.0,0.0,0.0,0.0,1.0,1.0,0.2269975992,0.2334336199,0.4117647584,0.7553950043,0.5397924386,0.7185196105
2674,1.0,0.0,0.0,0.0,1.0,1.0,0.2335296581,0.2359792833,0.4150327415,0.7482514838,0.5451390857,0.7058824465
2675,1.0,0.0,0.0,0.0,1.0,1.0,0.2343969424,0.2334338287,0.4153095377,0.7430549312,0.5397926554,0.7037031017
2676,1.0,0.0,0.0,0.0,1.0,1.0,0.2277415355,0.231578208,0.4098361303,0.7553963302,0.5331012235,0.7142847724
2677,1.0,0.0,0.0,0.0,1.0,1.0,0.2269972151,0.2325089188,0.4133986402,0.7482012228,0.5381944444,0.7014928798
2678,1.0,0.0,0.0,0.0,1.0,1.0,0.223559257,0.2325092793,0.4144735728,0.7499995992,0.5416664775,0.7164170363
2679,1.0,0.0,0.0,0.0,1.0,1.0,0.2252029856,0.2349566646,0.4078947915,0.7372262188,0.5333333077,0.7014926352
2680,1.0,0.0,0.0,0.0,1.0,1.0,0.2012187106,0.2268237906,0.4193010753,0.7768596365,0.5425530778,0.7109372634
2681,1.0,0.0,0.0,0.0,0.0,1.0,0.0,0.2273169555,0.0,0.0,0.5150375253,0.5702477123
2682,1.0,0.0,0.0,0.0,1.0,1.0,0.03650126106,0.2349431668,0.4643479003,0.7142944716,0.5261194209,0.4761903951
2683,1.0,0.0,0.0,0.0,1.0,1.0,0.03112460498,0.2442663866,0.4671280174,0.4999940511,0.5261195281,0.4274817022
2684,1.0,0.0,0.0,0.0,1.0,1.0,0.03452308267,0.2489249298,0.4525042012,0.5000054467,0.5131088021,0.4135336622
2685,1.0,0.0,0.0,0.0,1.0,1.0,0.04503551846,0.2592535522,0.4627382186,0.5,0.5225563956,0.3985495593
2686,1.0,0.0,0.0,0.0,1.0,1.0,0.03790984929,0.249860598,0.4637931812,0.4545364823,0.5225566103,0.4060149148
2687,1.0,0.0,0.0,0.0,1.0,1.0,0.02894459782,0.2443077037,0.4480408245,0.2352896127,0.5074075353,0.4090910585
2688,1.0,0.0,0.0,0.0,1.0,1.0,0.03069930286,0.2526473217,0.4658702459,0.2222195199,0.5204462448,0.4117650846
2689,1.0,0.0,0.0,0.0,1.0,1.0,0.0324607241,0.246131064,0.4615384048,0.2631620805,0.5149255113,0.4090915781
2690,1.0,0.0,0.0,0.0,1.0,1.0,0.03557355573,0.2397183313,0.4542372532,0.3809553674,0.5129148752,0.4461543397
2691,1.0,0.0,0.0,0.0,1.0,1.0,0.0407932135,0.2313521018,0.442176901,0.9166659108,0.5111111648,0.5119991502
2692,1.0,0.0,0.0,0.0,1.0,1.0,0.07584314893,0.2102145445,0.4249579233,0.8888856408,0.5018449767,0.6315793523
2693,1.0,0.0,0.0,0.0,1.0,1.0,0.123676815,0.205661282,0.3913043085,0.8243238501,0.4909746038,0.710526116
2694,1.0,0.0,0.0,0.0,1.0,1.0,0.1391840612,0.2027851463,0.4110737259,0.8192782201,0.5072465146,0.7053586778
2695,1.0,0.0,0.0,0.0,1.0,1.0,0.06031096057,0.2107031831,0.4482757904,0.8571455408,0.5223882732,0.5929206629
2696,1.0,0.0,0.0,0.0,1.0,1.0,0.03810685993,0.2319458867,0.4644713989,0.5454590477,0.5169810964,0.4552842216
2697,1.0,0.0,0.0,0.0,1.0,1.0,0.04300507575,0.2310739572,0.4578312133,0.3200031434,0.5037594756,0.4308957806
2698,1.0,0.0,0.0,0.0,1.0,1.0,0.03637474004,0.2319457879,0.454072889,0.4761855457,0.5094336992,0.4390242609
2699,1.0,0.0,0.0,0.0,1.0,1.0,0.04495779138,0.2261096954,0.4394462818,0.6923051459,0.4942964178,0.4873952619
2700,1.0,0.0,0.0,0.0,1.0,1.0,0.04300519691,0.2262886456,0.4302926642,0.6799996507,0.494339851,0.4916659845
2701,1.0,0.0,0.0,0.0,1.0,1.0,0.05938942081,0.2210661544,0.4329372841,0.8571410758,0.505576273,0.5462183949
2702,1.0,0.0,0.0,0.0,1.0,1.0,0.05485770876,0.2168597076,0.4185249303,0.9062512841,0.4867923998,0.5652183027
2703,1.0,0.0,0.0,0.0,1.0,1.0,0.06458965866,0.2171074406,0.4200681631,0.9210558144,0.4868910651,0.5862059857
2704,1.0,0.0,0.0,0.0,1.0,1.0,0.1169916491,0.2035225119,0.4147157415,0.8571433059,0.5018182821,0.7053567046
2705,1.0,0.0,0.0,0.0,1.0,1.0,0.1949730074,0.2240740974,0.3672130503,0.7899151851,0.4768681762,0.7142847107
2706,1.0,0.0,0.0,0.0,1.0,1.0,0.2578687506,0.2524719925,0.3766026618,0.7391311508,0.4982577459,0.696551514
2707,1.0,0.0,0.0,0.0,1.0,1.0,0.2711165935,0.2611783915,0.375601961,0.7396457401,0.4982579304,0.7066663736
2708,1.0,0.0,0.0,0.0,1.0,1.0,0.2738854223,0.2602713672,0.3701922294,0.7485385288,0.4965278582,0.7133340942
2709,1.0,0.0,0.0,0.0,1.0,1.0,0.2653523672,0.2524542301,0.3815581078,0.7365270018,0.5086504872,0.7054786295
2710,1.0,0.0,0.0,0.0,1.0,1.0,0.2646051883,0.2507248365,0.3827751499,0.7469877572,0.5086507009,0.7034486585
2711,1.0,0.0,0.0,0.0,1.0,1.0,0.2108320234,0.2322644262,0.3784218916,0.7938939542,0.4894365677,0.7196964749
2712,1.0,0.0,0.0,0.0,1.0,1.0,0.08203135688,0.238755707,0.4154105093,0.9183658601,0.4962962259,0.596898474
2713,1.0,0.0,0.0,0.0,1.0,1.0,0.06310490828,0.2545748742,0.4419796401,0.6216241878,0.5056601867,0.4888899732
2714,1.0,0.0,0.0,0.0,1.0,1.0,0.06036925643,0.2480096148,0.4395973874,0.6944466645,0.5111111748,0.4925361302
2715,1.0,0.0,0.0,0.0,1.0,1.0,0.06257078061,0.2470736845,0.4534687282,0.6486481661,0.5204458594,0.4887227381
2716,1.0,0.0,0.0,0.0,1.0,1.0,0.05969341472,0.2451461627,0.4436860195,0.685715351,0.5018866578,0.5076918701
2717,1.0,0.0,0.0,0.0,1.0,1.0,0.06921830826,0.2340700292,0.4239865565,0.8780468063,0.501858762,0.5555557507
2718,1.0,0.0,0.0,0.0,1.0,1.0,0.09438206448,0.2231227631,0.4350759216,0.8749990096,0.5092251572,0.6115702934
2719,1.0,0.0,0.0,0.0,1.0,1.0,0.1324955418,0.2098473702,0.389525348,0.8271601545,0.4946622331,0.7033895107
2720,1.0,0.0,0.0,0.0,1.0,1.0,0.2018416684,0.2321399637,0.3745927963,0.7983873416,0.489361602,0.7251903881
2721,1.0,0.0,0.0,0.0,1.0,1.0,0.2725751528,0.2628292213,0.3748005941,0.7368420367,0.5017301957,0.6907888281
2722,1.0,0.0,0.0,0.0,1.0,1.0,0.2800982304,0.2618401143,0.3821655757,0.7500009502,0.5136986798,0.7124181101
2723,1.0,0.0,0.0,0.0,1.0,1.0,0.2857805033,0.2745907333,0.3775671829,0.7348056489,0.5085324557,0.6894410885
2724,1.0,0.0,0.0,0.0,1.0,1.0,0.2835186675,0.2696086834,0.3755942513,0.7318430773,0.5017183126,0.6942678443
2725,1.0,0.0,0.0,0.0,1.0,1.0,0.2705495173,0.2619224787,0.3789808132,0.7411760888,0.5137932883,0.6973676761
2726,1.0,0.0,0.0,0.0,1.0,1.0,0.2721410121,0.260128843,0.3742038804,0.730994258,0.5068490921,0.7105270434
2727,1.0,0.0,0.0,0.0,1.0,1.0,0.2744500343,0.2652628361,0.363492065,0.7283238792,0.5,0.6967742652
2728,1.0,0.0,0.0,0.0,1.0,1.0,0.2674790877,0.2584763209,0.3701922705,0.7365270346,0.5034482865,0.7133342407
2729,1.0,0.0,0.0,0.0,1.0,1.0,0.2725752361,0.2618401042,0.3716108388,0.7309938236,0.5102740812,0.7189543152
2730,1.0,0.0,0.0,0.0,1.0,1.0,0.249057181,0.2438086302,0.3810289358,0.7548392666,0.5155708713,0.7304955051
2731,1.0,0.0,0.0,0.0,1.0,1.0,0.143259174,0.2133846944,0.3811129964,0.8705865669,0.485401381,0.735042279
2732,1.0,0.0,0.0,0.0,1.0,1.0,0.04676763144,0.2245936619,0.4350086828,1.0,0.5131085321,0.5416662898
2733,1.0,0.0,0.0,0.0,1.0,1.0,0.04858386474,0.2338316833,0.4427083589,0.8571417462,0.5132075332,0.5241932369
2734,1.0,0.0,0.0,0.0,1.0,1.0,0.04457206574,0.224966407,0.4322470062,0.961536235,0.505535266,0.524589875
2735,1.0,0.0,0.0,0.0,1.0,1.0,0.04954497105,0.2128442077,0.4085469164,0.8620717921,0.4814812,0.5130424978
2736,1.0,0.0,0.0,0.0,1.0,1.0,0.05023191159,0.2168597814,0.4246099974,0.7931024244,0.4867923824,0.5130435596
2737,1.0,0.0,0.0,0.0,1.0,1.0,0.04322830813,0.2208502722,0.4273356222,0.5599996507,0.4943821464,0.4661007541
2738,1.0,0.0,0.0,0.0,1.0,1.0,0.03337319342,0.2337096029,0.455184624,0.2105215614,0.5133077631,0.4065046039
2739,1.0,0.0,0.0,0.0,1.0,1.0,0.0330823853,0.2367098602,0.4477352506,0.1578977546,0.5075187277,0.3968251223
2740,1.0,0.0,0.0,0.0,1.0,1.0,0.04511380681,0.2386725855,0.4444445075,0.2692298008,0.5037311156,0.3750008524
2741,1.0,0.0,0.0,0.0,1.0,1.0,0.03662867864,0.2330787114,0.4485165118,0.2857069535,0.5111939039,0.408000069
2742,1.0,0.0,0.0,0.0,1.0,1.0,0.03990817485,0.2330787386,0.4531250516,0.217387603,0.5111938936,0.3999993038
2743,1.0,0.0,0.0,0.0,1.0,1.0,0.04472529488,0.2330788526,0.449225522,0.3076929652,0.5111938799,0.3840011805
2744,1.0,0.0,0.0,0.0,1.0,1.0,0.04107294344,0.2183963785,0.4297944902,0.7083337182,0.4925926929,0.4830500515
2745,1.0,0.0,0.0,0.0,1.0,1.0,0.04503529852,0.2077489801,0.4367418789,0.8461538462,0.5056179035,0.5225224332
2746,1.0,0.0,0.0,0.0,0.0,1.0,0.0,0.1878649952,0.0,0.0,0.4812029766,0.609999256
2747,1.0,0.0,0.0,0.0,1.0,1.0,0.1359785219,0.1846795588,0.4081631951,0.8625,0.4927535026,0.7058823529
2748,1.0,0.0,0.0,0.0,1.0,1.0,0.1170824561,0.1720052532,0.41086592,0.8840582492,0.5,0.7263171102
2749,1.0,0.0,0.0,0.0,1.0,1.0,0.08742971853,0.1770228999,0.4048026954,0.9215715019,0.4797049078,0.6458325698
2750,1.0,0.0,0.0,0.0,1.0,1.0,0.07274950392,0.1890330674,0.3882149931,0.9761919634,0.4606740975,0.6138626505
2751,1.0,0.0,0.0,0.0,0.0,1.0,0.0,0.1862427533,0.0,0.0,0.4575644279,0.6435652716
2752,1.0,0.0,0.0,0.0,1.0,1.0,0.08271250509,0.1771397869,0.3672413984,1.0,0.4552240655,0.6842104057
2753,1.0,0.0,0.0,0.0,0.0,1.0,0.0,0.182554966,0.0,0.0,0.4612547425,0.6060603432
2754,1.0,0.0,0.0,0.0,0.0,1.0,0.0,0.1765929205,0.0,0.0,0.4511280513,0.6595742726
2755,1.0,0.0,0.0,0.0,0.0,1.0,0.0,0.1759318055,0.0,0.0,0.4569286498,0.6595756316
2756,1.0,0.0,0.0,0.0,0.0,1.0,0.0,0.1859866357,0.0,0.0,0.4661656145,0.595959838
2757,1.0,0.0,0.0,0.0,0.0,1.0,0.0,0.1748075431,0.0,0.0,0.4828899396,0.5869553074
2758,1.0,0.0,0.0,0.0,0.0,1.0,0.0,0.1765929566,0.0,0.0,0.4812031753,0.5851061141
2759,1.0,0.0,0.0,0.0,0.0,1.0,0.0,0.184802801,0.0,0.0,0.4905658517,0.530611655
2760,1.0,0.0,0.0,0.0,0.0,1.0,0.0,0.1836095331,0.0,0.0,0.4810607602,0.5566995691
2761,1.0,0.0,0.0,0.0,0.0,1.0,0.0,0.1760380083,0.0,0.0,0.4886365426,0.5698913387
2762,1.0,0.0,0.0,0.0,0.0,1.0,0.0,0.1665735983,0.0,0.0,0.4734847828,0.6363625362
2763,1.0,0.0,0.0,0.0,0.0,1.0,0.0,0.169716699,0.0,0.0,0.4867922787,0.5888902139
2764,1.0,0.0,0.0,0.0,0.0,1.0,0.0,0.1829165833,0.0,0.0,0.4943394893,0.5773185806
2765,1.0,0.0,0.0,0.0,0.0,1.0,0.0,0.1608950358,0.0,0.0,0.4810606782,0.6235306259
2766,1.0,0.0,0.0,0.0,0.0,1.0,0.0,0.1646810422,0.0,0.0,0.4848484359,0.6436779635
2767,1.0,0.0,0.0,0.0,1.0,1.0,0.05306760121,0.1546307011,0.4017699731,1.0,0.4754718305,0.6341472321
2768,1.0,0.0,0.0,0.0,0.0,1.0,0.0,0.1716599617,0.0,0.0,0.4809160089,0.5666668242
2769,1.0,0.0,0.0,0.0,0.0,1.0,0.0,0.1615066805,0.0,0.0,0.4980988099,0.6117627818
2770,1.0,0.0,0.0,0.0,0.0,1.0,0.0,0.1634070762,0.0,0.0,0.4980989272,0.639534393
2771,1.0,0.0,0.0,0.0,1.0,1.0,0.06757823059,0.158402028,0.418149528,1.0,0.4981134085,0.6785713383
2772,1.0,0.0,0.0,0.0,1.0,1.0,0.1166595297,0.1739771028,0.3972125117,0.910445541,0.50370382,0.7127671574
2773,1.0,0.0,0.0,0.0,1.0,1.0,0.1824777297,0.1900343804,0.3400334675,0.7981643544,0.4683096433,0.7037028874
2774,1.0,0.0,0.0,0.0,1.0,1.0,0.2045836737,0.1953135092,0.3506711098,0.7622959284,0.4718307598,0.7207198569
2775,1.0,0.0,0.0,0.0,1.0,1.0,0.2148800588,0.2051485683,0.3533332801,0.7519385156,0.4807017517,0.7350418531
2776,1.0,0.0,0.0,0.0,1.0,1.0,0.2174865687,0.2072012981,0.3637873055,0.7557253182,0.491289237,0.7394947954
2777,1.0,0.0,0.0,0.0,1.0,1.0,0.2012298201,0.194628243,0.3640940243,0.7750003609,0.4877195886,0.7297299406
2778,1.0,0.0,0.0,0.0,1.0,1.0,0.1758746943,0.1802565016,0.3536379143,0.8076907386,0.464285863,0.7326716868
2779,1.0,0.0,0.0,0.0,1.0,1.0,0.08698539052,0.1449005171,0.4067495038,0.9795883926,0.4869887597,0.7179493453
2780,1.0,0.0,0.0,0.0,1.0,1.0,0.09165969015,0.1499161873,0.3932980041,0.8846167828,0.4666665889,0.679013082
2781,1.0,0.0,0.0,0.0,1.0,1.0,0.2087117977,0.2098471413,0.3463497708,0.7073167741,0.4519575626,0.6779663802
2782,1.0,0.0,0.0,0.0,1.0,1.0,0.2589310871,0.253330555,0.346534657,0.6751591114,0.454861206,0.6986301575
2783,1.0,0.0,0.0,0.0,1.0,1.0,0.2606519203,0.2515955947,0.3471761243,0.6751594555,0.4513887897,0.696551147
2784,1.0,0.0,0.0,0.0,1.0,1.0,0.2808351696,0.264558117,0.342148793,0.6705882503,0.4567470756,0.6993463309
2785,1.0,0.0,0.0,0.0,1.0,1.0,0.2685067324,0.2593706477,0.3515753952,0.6728391751,0.4636678942,0.7066674197
2786,1.0,0.0,0.0,0.0,1.0,1.0,0.2736176486,0.2670921543,0.3508197233,0.6646704024,0.4620688523,0.6967743378
2787,1.0,0.0,0.0,0.0,1.0,1.0,0.2740668929,0.2670921389,0.3513957337,0.6646715535,0.4620691445,0.68387112
2788,1.0,0.0,0.0,0.0,1.0,1.0,0.2763356722,0.2644573871,0.3526490124,0.6526952021,0.4604808628,0.7012980609
2789,1.0,0.0,0.0,0.0,1.0,1.0,0.2594225369,0.2524541813,0.3610649023,0.6666666667,0.4775087965,0.7054789052
2790,1.0,0.0,0.0,0.0,1.0,1.0,0.2638792989,0.2584174112,0.3580857636,0.6624995425,0.4726029304,0.7086086437
2791,1.0,0.0,0.0,0.0,1.0,1.0,0.2602197038,0.2532833473,0.366500831,0.6687894519,0.4828765228,0.7162163166
2792,1.0,0.0,0.0,0.0,1.0,1.0,0.2469403471,0.2395213542,0.3606010177,0.6824333539,0.4793103618,0.6906476637
2793,1.0,0.0,0.0,0.0,1.0,1.0,0.05961573253,0.1438043068,0.4228069541,1.0,0.5035971869,0.7125013916
2794,1.0,0.0,0.0,0.0,1.0,1.0,0.03397032492,0.153617829,0.4579606862,0.8421040734,0.5037039186,0.518072445
2795,1.0,0.0,0.0,0.0,1.0,1.0,0.04615551456,0.1477277063,0.4564830469,0.807694541,0.5036496494,0.5432092191
2796,1.0,0.0,0.0,0.0,1.0,1.0,0.0574594539,0.1473998409,0.4442507782,0.8787884816,0.532374112,0.6951230251
2797,1.0,0.0,0.0,0.0,1.0,1.0,0.1992298323,0.2158655466,0.3772652565,0.6859506392,0.4965985961,0.6850396162
2798,1.0,0.0,0.0,0.0,1.0,1.0,0.236795863,0.2439714455,0.3725491146,0.6758621735,0.4949494837,0.703448694
2799,1.0,0.0,0.0,0.0,1.0,1.0,0.2486417144,0.2506959986,0.3756097131,0.6797381838,0.5016724314,0.7066670208
2800,1.0,0.0,0.0,0.0,1.0,1.0,0.2539035477,0.2548577747,0.3786407907,0.6687907133,0.5066667112,0.7058825243
2801,1.0,0.0,0.0,0.0,1.0,1.0,0.2457644295,0.2447955537,0.3754097447,0.6666666667,0.4898649915,0.7034485059
2802,1.0,0.0,0.0,0.0,1.0,1.0,0.2062078485,0.2200135571,0.3893510376,0.693548101,0.4948804526,0.6744182478
2803,1.0,0.0,0.0,0.0,1.0,1.0,0.03601583701,0.1628720934,0.4522522117,0.9000075393,0.50370394,0.5454534328
2804,1.0,0.0,0.0,0.0,1.0,1.0,0.03747893089,0.1770232162,0.4607142078,0.8095189039,0.5129153853,0.4791673709
2805,1.0,0.0,0.0,0.0,1.0,1.0,0.04223011762,0.1726310465,0.4595069756,0.8333318464,0.52,0.5263155522
2806,1.0,0.0,0.0,0.0,1.0,1.0,0.05075988272,0.1587561048,0.4255691493,0.93103603,0.4981946196,0.6818170616
2807,1.0,0.0,0.0,0.0,1.0,1.0,0.1695922585,0.1914185693,0.390444921,0.7281550874,0.5152540246,0.690265312
2808,1.0,0.0,0.0,0.0,1.0,1.0,0.2461920986,0.245682297,0.3768353046,0.6754971201,0.4983277885,0.6870752042
2809,1.0,0.0,0.0,0.0,1.0,1.0,0.2733102796,0.2688267988,0.3851131991,0.6627222821,0.5115511137,0.7055223325
2810,1.0,0.0,0.0,0.0,1.0,1.0,0.2728687182,0.270613041,0.384491093,0.6508873724,0.5083058054,0.6993864614
2811,1.0,0.0,0.0,0.0,1.0,1.0,0.2795864282,0.2754237708,0.3858520553,0.6494256912,0.5148514525,0.7065862525
2812,1.0,0.0,0.0,0.0,1.0,1.0,0.2762682631,0.2761616313,0.4357723673,0.62941242,0.5559210924,0.6904766009
2813,1.0,0.0,0.0,0.0,1.0,1.0,0.2506797857,0.2572336634,0.5081966352,0.6143786789,0.6196720005,0.6878982058
2814,1.0,0.0,0.0,0.0,1.0,1.0,0.2390690786,0.2465729626,0.5531561189,0.6250005758,0.6513155695,0.6933329403
2815,1.0,0.0,0.0,0.0,1.0,1.0,0.2312895918,0.2423896225,0.5979728915,0.6496352017,0.6843853601,0.6986303032
2816,1.0,0.0,0.0,0.0,1.0,1.0,0.2289319897,0.2407292305,0.6017093945,0.641792562,0.6910297937,0.6965516301
2817,1.0,0.0,0.0,0.0,1.0,1.0,0.2135558105,0.2263835941,0.6017093155,0.6560006132,0.6946310416,0.703704779
2818,1.0,0.0,0.0,0.0,1.0,1.0,0.2186814854,0.2280606081,0.5982905999,0.6640622464,0.6812079675,0.71323611
2819,1.0,0.0,0.0,0.0,1.0,1.0,0.2135558281,0.2196761246,0.5863248017,0.6720001684,0.6778523342,0.7251909291
2820,1.0,0.0,0.0,0.0,1.0,1.0,0.2026359792,0.2103202793,0.5962200123,0.6610166953,0.6835015971,0.711999392
2821,1.0,0.0,0.0,0.0,1.0,1.0,0.09118329385,0.1381045424,0.518783625,0.7058793482,0.5745455564,0.6710522933
2822,1.0,0.0,0.0,0.0,1.0,1.0,0.04329724878,0.1721885371,0.4675090381,0.4166703574,0.5056178926,0.4021739382
2823,1.0,0.0,0.0,0.0,1.0,1.0,0.05741874185,0.1909046597,0.450628297,0.4375033575,0.4906365701,0.3823536227
2824,1.0,0.0,0.0,0.0,1.0,1.0,0.03390965014,0.172765696,0.4482142409,0.6842141191,0.5018586823,0.4731185295
2825,1.0,0.0,0.0,0.0,1.0,1.0,0.0426050536,0.1537605952,0.4564830715,0.9166726393,0.5091574673,0.5714285714
2826,1.0,0.0,0.0,0.0,1.0,1.0,0.1028587231,0.1636410268,0.4425386,0.7499981871,0.5316899791,0.7096770421
2827,1.0,0.0,0.0,0.0,1.0,1.0,0.1900578271,0.2069549393,0.4278687857,0.6982769665,0.5454545794,0.7073166333
2828,1.0,0.0,0.0,0.0,1.0,1.0,0.2383540684,0.2447614592,0.4177631044,0.668965737,0.5306121533,0.6875004775
2829,1.0,0.0,0.0,0.0,1.0,1.0,0.2437264929,0.2507071224,0.4238953026,0.6644289291,0.5322033459,0.689189369
2830,1.0,0.0,0.0,0.0,1.0,1.0,0.2523344135,0.2515717379,0.4356434807,0.6601296663,0.5410958112,0.7074826703
2831,1.0,0.0,0.0,0.0,1.0,1.0,0.2581342118,0.2558710936,0.4321192864,0.6602557053,0.5360823627,0.6845631324
2832,1.0,0.0,0.0,0.0,1.0,1.0,0.2589913334,0.2558706805,0.4269103725,0.6666666667,0.532645923,0.7046977918
2833,1.0,0.0,0.0,0.0,1.0,1.0,0.259359388,0.2618397741,0.428099259,0.6687894563,0.5308217281,0.70588252
2834,1.0,0.0,0.0,0.0,1.0,1.0,0.2510995674,0.2549948153,0.4314048899,0.6644746493,0.541096001,0.697985737
2835,1.0,0.0,0.0,0.0,1.0,1.0,0.2577073061,0.2567532517,0.4264463502,0.6730761533,0.5344826882,0.6979868197
2836,1.0,0.0,0.0,0.0,1.0,1.0,0.2618769089,0.2550298063,0.4295189693,0.6772141123,0.5344825975,0.7027033366
2837,1.0,0.0,0.0,0.0,1.0,1.0,0.258991796,0.2594371729,0.4285713517,0.6730776694,0.5296167156,0.7046974217
2838,1.0,0.0,0.0,0.0,1.0,1.0,0.2736369209,0.2620917056,0.4223706423,0.658536393,0.5279721544,0.7000002874
2839,1.0,0.0,0.0,0.0,1.0,1.0,0.2763357572,0.2698840451,0.4105961023,0.6586827519,0.5156794676,0.6903214202
2840,1.0,0.0,0.0,0.0,1.0,1.0,0.2772539745,0.2700247184,0.3720929396,0.6766460621,0.4807018343,0.681818054
2841,1.0,0.0,0.0,0.0,1.0,1.0,0.281299724,0.2681432031,0.3791390487,0.6764705132,0.4912892249,0.6883119624
2842,1.0,0.0,0.0,0.0,1.0,1.0,0.2779904343,0.267333217,0.3791391017,0.684524338,0.4860140758,0.6993464329
2843,1.0,0.0,0.0,0.0,1.0,1.0,0.2758790088,0.2673332129,0.3801653335,0.682635064,0.4895105503,0.6928098293
2844,1.0,0.0,0.0,0.0,1.0,1.0,0.281766565,0.270975661,0.3764510628,0.6764701013,0.4859153991,0.6883115422
2845,1.0,0.0,0.0,0.0,1.0,1.0,0.2857910429,0.2751077215,0.3785123276,0.6878608289,0.4912892157,0.6898738616
2846,1.0,0.0,0.0,0.0,1.0,1.0,0.2812996342,0.277038194,0.3774834985,0.6705882052,0.4877193932,0.6708860411
2847,1.0,0.0,0.0,0.0,1.0,1.0,0.2801088689,0.2700245001,0.3797678715,0.6745561216,0.4912281103,0.6883123856
2848,1.0,0.0,0.0,0.0,1.0,1.0,0.2672927304,0.265809157,0.320597958,0.7018632043,0.4290778001,0.6999997125
2849,1.0,0.0,0.0,0.0,1.0,1.0,0.2650910857,0.2675810836,0.2998353328,0.7142855228,0.4078015377,0.6953637937
2850,1.0,0.0,0.0,0.0,1.0,1.0,0.2740671661,0.2709755573,0.3070607771,0.7185629976,0.4225350408,0.7012986832
2851,1.0,0.0,0.0,0.0,1.0,1.0,0.2787219705,0.275464814,0.3003300536,0.710059058,0.4098939997,0.6923083324
2852,1.0,0.0,0.0,0.0,1.0,1.0,0.2881420605,0.2868114527,0.3113673236,0.6971431525,0.4119717563,0.6932515175
2853,1.0,0.0,0.0,0.0,1.0,1.0,0.2779902848,0.2772303763,0.3129138789,0.6726187489,0.4134277844,0.675159262
2854,1.0,0.0,0.0,0.0,1.0,1.0,0.268757352,0.2693534177,0.3058823116,0.7000005369,0.4113476824,0.6776314767
2855,1.0,0.0,0.0,0.0,1.0,1.0,0.1810953687,0.2193017868,0.3299145793,0.7169815081,0.4244603634,0.6557379036
2856,1.0,0.0,0.0,0.0,1.0,1.0,0.02406070875,0.2304914344,0.4722223364,0.538454203,0.5077519613,0.4369744543
2857,1.0,0.0,0.0,0.0,1.0,1.0,0.04450171692,0.2431076638,0.4749535416,0.5000043323,0.5096525205,0.3809526953
2858,1.0,0.0,0.0,0.0,1.0,1.0,0.02009814038,0.2138957814,0.4789762524,0.9090909091,0.5303029349,0.504423786
2859,1.0,0.0,0.0,0.0,1.0,1.0,0.07592935273,0.1878650524,0.3692580158,0.8372089612,0.4398497844,0.690000042
2860,1.0,0.0,0.0,0.0,1.0,1.0,0.208005694,0.2310535239,0.2910321639,0.7317064283,0.3978497172,0.6666661152
2861,1.0,0.0,0.0,0.0,1.0,1.0,0.2565681441,0.2587208161,0.2718121453,0.7058830209,0.3829789281,0.6712332842
2862,1.0,0.0,0.0,0.0,1.0,1.0,0.2686314845,0.2684014339,0.270450675,0.6956523483,0.3780917358,0.6842103027
2863,1.0,0.0,0.0,0.0,1.0,1.0,0.2753051302,0.2736989174,0.2687813204,0.6969706836,0.3780917468,0.6774195337
2864,1.0,0.0,0.0,0.0,1.0,1.0,0.2694002068,0.2630113116,0.2678868318,0.7098763796,0.3789474278,0.6866669052
2865,1.0,0.0,0.0,0.0,1.0,1.0,0.242697302,0.2462909377,0.2715008084,0.7152776949,0.3892859279,0.6739124344
2866,1.0,0.0,0.0,0.0,0.0,1.0,0.0,0.2136352401,0.0,0.0,0.4460967525,0.6434780683
2867,1.0,0.0,0.0,0.0,1.0,1.0,0.02553320259,0.2093169511,0.470802969,0.7142899391,0.5132075958,0.4774773263
2868,1.0,0.0,0.0,0.0,1.0,1.0,0.02745731721,0.2044311881,0.4725274725,0.7333259702,0.5075756922,0.4722222755
2869,1.0,0.0,0.0,0.0,1.0,1.0,0.03654278286,0.2014087001,0.45155398,0.8500057714,0.5057036283,0.5566046888
2870,1.0,0.0,0.0,0.0,1.0,1.0,0.1196512204,0.1991510236,0.380281698,0.7647073461,0.4686347151,0.6666660139
2871,1.0,0.0,0.0,0.0,1.0,1.0,0.2312900428,0.2357837716,0.3462839082,0.7080289878,0.4542255417,0.656715727
2872,1.0,0.0,0.0,0.0,1.0,1.0,0.2644111076,0.2620063637,0.3410981204,0.6918240599,0.4548610995,0.6754970542
2873,1.0,0.0,0.0,0.0,1.0,1.0,0.2926817951,0.2810930451,0.3394341947,0.6818185699,0.4583331782,0.679012771
2874,1.0,0.0,0.0,0.0,1.0,1.0,0.2912946933,0.2822983436,0.3350084638,0.678161004,0.4491228044,0.6832299452
2875,1.0,0.0,0.0,0.0,1.0,1.0,0.2814616509,0.2762541277,0.3372681221,0.6706591775,0.4577466266,0.6687900719
2876,1.0,0.0,0.0,0.0,1.0,1.0,0.2963169728,0.2865533244,0.3400335209,0.6723158867,0.4580420167,0.682926988
2877,1.0,0.0,0.0,0.0,1.0,1.0,0.2958215729,0.2830585542,0.3327759011,0.6666666667,0.4580418702,0.6851848907
2878,1.0,0.0,0.0,0.0,1.0,1.0,0.2893558063,0.2793579124,0.3693843832,0.6781611481,0.4826387378,0.6832290879
2879,1.0,0.0,0.0,0.0,1.0,1.0,0.2810410316,0.2724170717,0.3743760356,0.6804739858,0.4965279347,0.6751591765
2880,1.0,0.0,0.0,0.0,1.0,1.0,0.2827040497,0.2706819837,0.3743760065,0.682352105,0.4930554958,0.6858980388
2881,1.0,0.0,0.0,0.0,1.0,1.0,0.2881420512,0.276478042,0.3772652298,0.6742852508,0.4948452314,0.6770186584
2882,1.0,0.0,0.0,0.0,1.0,1.0,0.2848491005,0.2730435999,0.3739703756,0.6763001509,0.4982817805,0.6792450773
2883,1.0,0.0,0.0,0.0,1.0,1.0,0.2927988829,0.2789539288,0.3666120656,0.6815640017,0.4897261662,0.6748460453
2884,1.0,0.0,0.0,0.0,1.0,1.0,0.2949173246,0.2789539804,0.3721311757,0.6888888889,0.4931508066,0.6871161085
2885,1.0,0.0,0.0,0.0,1.0,1.0,0.3011349165,0.2780019202,0.3517915579,0.6918918344,0.4744028411,0.68711626
2886,1.0,0.0,0.0,0.0,1.0,1.0,0.2920447,0.2797069789,0.3603896761,0.6888882489,0.4812288173,0.6768296457
2887,1.0,0.0,0.0,0.0,1.0,1.0,0.2707847608,0.2584176397,0.3678161686,0.7090910741,0.4931504543,0.6754957696
2888,1.0,0.0,0.0,0.0,1.0,1.0,0.08505912296,0.1965197223,0.3989362298,0.8749983122,0.4681647107,0.6761902802
2889,1.0,0.0,0.0,0.0,1.0,1.0,0.05464311215,0.2080622895,0.4444444757,0.8387138909,0.4981410461,0.5714282996
2890,1.0,0.0,0.0,0.0,1.0,1.0,0.07214282968,0.1943359453,0.436619641,0.8292679085,0.5037035798,0.6380939104
2891,1.0,0.0,0.0,0.0,1.0,1.0,0.1759700832,0.2159506211,0.4085468985,0.7087378029,0.507142813,0.644627833
2892,1.0,0.0,0.0,0.0,1.0,1.0,0.2482058368,0.2524721867,0.3841059416,0.6733325433,0.494773615,0.6551722572
2893,1.0,0.0,0.0,0.0,1.0,1.0,0.2519050223,0.2575880853,0.3862521015,0.6818186983,0.5017181705,0.6600008166
2894,1.0,0.0,0.0,0.0,1.0,1.0,0.2535407533,0.25415348,0.3797053203,0.6903224806,0.4982818166,0.6824323626
2895,1.0,0.0,0.0,0.0,1.0,1.0,0.2656538247,0.2635513976,0.3857374095,0.6890244557,0.5034247763,0.6623389064
2896,1.0,0.0,0.0,0.0,1.0,1.0,0.2680245802,0.2694738773,0.3764135336,0.6686747625,0.4982936661,0.6645573576
2897,1.0,0.0,0.0,0.0,1.0,1.0,0.2632676175,0.2670919592,0.3804878127,0.6728391213,0.5000001892,0.6580652017
2898,1.0,0.0,0.0,0.0,1.0,1.0,0.2624140865,0.2644573961,0.3743922008,0.6851848627,0.498282011,0.6818183099
2899,1.0,0.0,0.0,0.0,1.0,1.0,0.2599516689,0.2635517583,0.3780289824,0.6770190584,0.4931506799,0.6623371161
2900,1.0,0.0,0.0,0.0,1.0,1.0,0.2643684426,0.2678914724,0.3774193377,0.695123143,0.494845116,0.6666671358
2901,1.0,0.0,0.0,0.0,1.0,1.0,0.2825563818,0.273819323,0.3747980273,0.68571361,0.4965751382,0.6750001702
2902,1.0,0.0,0.0,0.0,1.0,1.0,0.2754872065,0.2772425967,0.3669872371,0.6860467507,0.4863014321,0.6728389418
2903,1.0,0.0,0.0,0.0,1.0,1.0,0.2756522277,0.271326192,0.3661290341,0.6959061567,0.4845360284,0.6835443737
2904,1.0,0.0,0.0,0.0,1.0,1.0,0.2747660544,0.2770564105,0.3681672691,0.6900586863,0.486394453,0.6809814082
2905,1.0,0.0,0.0,0.0,1.0,1.0,0.2839509146,0.2753563485,0.3627608747,0.6892658689,0.4863945678,0.6728396053
2906,1.0,0.0,0.0,0.0,1.0,1.0,0.2699454702,0.2633662425,0.3713826574,0.6904756915,0.4932429521,0.6730771401
2907,1.0,0.0,0.0,0.0,1.0,1.0,0.2663038514,0.259989932,0.3723915965,0.6987949426,0.4932432807,0.681817859
2908,1.0,0.0,0.0,0.0,1.0,1.0,0.2647953263,0.2575355043,0.3747980757,0.7134153173,0.498293353,0.6887414791
2909,1.0,0.0,0.0,0.0,1.0,1.0,0.2700756917,0.2610229,0.3818771192,0.6946103571,0.4948452183,0.677630995
2910,1.0,0.0,0.0,0.0,1.0,1.0,0.2765443466,0.2677686921,0.3851132966,0.6900590684,0.4948805854,0.6815292814
2911,1.0,0.0,0.0,0.0,1.0,1.0,0.2772644976,0.2668577214,0.3774192851,0.709302608,0.4863942642,0.6751593784
2912,1.0,0.0,0.0,0.0,1.0,1.0,0.2673873404,0.2593051966,0.3800979478,0.6951224359,0.4914090809,0.6821189956
2913,1.0,0.0,0.0,0.0,1.0,1.0,0.2657571589,0.261022453,0.3703100618,0.6993866508,0.4776634631,0.6776313431
2914,1.0,0.0,0.0,0.0,1.0,1.0,0.2715343416,0.2559123041,0.381342114,0.7108432149,0.494809699,0.6959456068
2915,1.0,0.0,0.0,0.0,1.0,1.0,0.2804303818,0.2696089699,0.3735726036,0.7093027788,0.4845361054,0.6878981243
2916,1.0,0.0,0.0,0.0,1.0,1.0,0.2822726811,0.269745468,0.3678161311,0.6976745958,0.47750884,0.6858977321
2917,1.0,0.0,0.0,0.0,1.0,1.0,0.2694571227,0.2706824204,0.3741829986,0.7030305028,0.4861111635,0.68589681
2918,1.0,0.0,0.0,0.0,1.0,1.0,0.2679424153,0.2672117376,0.3733552608,0.6932509393,0.4791666354,0.6753253139
2919,1.0,0.0,0.0,0.0,1.0,1.0,0.2691437332,0.2645583205,0.376026323,0.6951223189,0.4844292072,0.6797393335
2920,1.0,0.0,0.0,0.0,1.0,1.0,0.2771697093,0.2670922492,0.3719411593,0.699999618,0.4827587236,0.6903221932
2921,1.0,0.0,0.0,0.0,1.0,1.0,0.2878918299,0.2730434542,0.3666120826,0.6931823376,0.4776631597,0.685534875
2922,1.0,0.0,0.0,0.0,1.0,1.0,0.2715342599,0.2610228078,0.3666121598,0.7108428396,0.4776631153,0.6907898951
2923,1.0,0.0,0.0,0.0,1.0,1.0,0.2768944837,0.2644570419,0.3655737591,0.6982246457,0.4742269587,0.6883123142
2924,1.0,0.0,0.0,0.0,1.0,1.0,0.2731698504,0.2636460839,0.3682487105,0.6946109493,0.4862065941,0.6993464422
2925,1.0,0.0,0.0,0.0,1.0,1.0,0.2822727711,0.2705383923,0.3743841821,0.691860858,0.4896553745,0.6815284179
2926,1.0,0.0,0.0,0.0,1.0,1.0,0.277073134,0.2619227611,0.3828383237,0.6904752666,0.4931036303,0.6907885426
2927,1.0,0.0,0.0,0.0,1.0,1.0,0.2716768921,0.2637418525,0.36573308,0.69090857,0.4791666278,0.6907886924
2928,1.0,0.0,0.0,0.0,1.0,1.0,0.2440500474,0.2428710977,0.3687708186,0.7074825714,0.4790211302,0.6906479763
2929,1.0,0.0,0.0,0.0,1.0,1.0,0.1188147826,0.1936184459,0.4020979898,0.7941163776,0.4797047899,0.7047615435
2930,1.0,0.0,0.0,0.0,1.0,1.0,0.04870904346,0.1723177549,0.4458483665,0.8148185344,0.4904212448,0.5777783443
2931,1.0,0.0,0.0,0.0,1.0,1.0,0.04477804507,0.1748071298,0.4444442973,0.879998986,0.4904944645,0.6086971496
2932,1.0,0.0,0.0,0.0,1.0,1.0,0.08431152793,0.1641150468,0.4446396799,0.8749994478,0.5129152908,0.719101659
2933,1.0,0.0,0.0,0.0,1.0,1.0,0.16685433,0.1995349121,0.3946036393,0.7373740223,0.4911660992,0.6637171338
2934,1.0,0.0,0.0,0.0,1.0,1.0,0.2155988286,0.2357837048,0.3913043009,0.7131786568,0.4929577251,0.6791047054
2935,1.0,0.0,0.0,0.0,1.0,1.0,0.2378043004,0.2481128682,0.3860232608,0.6923078082,0.4895107079,0.6760566798
2936,1.0,0.0,0.0,0.0,1.0,1.0,0.2395356225,0.2446547163,0.3752067049,0.6965518686,0.4756943908,0.6879431096
2937,1.0,0.0,0.0,0.0,1.0,1.0,0.2420397907,0.2472668846,0.372322903,0.7006798511,0.4740486062,0.6853137638
2938,1.0,0.0,0.0,0.0,1.0,1.0,0.2398660463,0.2507311108,0.3783334045,0.6944449008,0.4808360986,0.6944449008
2939,1.0,0.0,0.0,0.0,1.0,1.0,0.2369291878,0.2533798822,0.3739565116,0.6901409092,0.4753521995,0.6805558676
2940,1.0,0.0,0.0,0.0,1.0,1.0,0.235260963,0.2472303187,0.3739566931,0.7021279518,0.4771929017,0.6950352878
2941,1.0,0.0,0.0,0.0,1.0,1.0,0.2377234324,0.2542749296,0.3768843659,0.6971826922,0.4770315815,0.6805555764
2942,1.0,0.0,0.0,0.0,1.0,1.0,0.2415317132,0.2472303531,0.3800000071,0.7103448175,0.4877193231,0.6808513523
2943,1.0,0.0,0.0,0.0,1.0,1.0,0.2414757019,0.2507436152,0.3724831954,0.6874994452,0.4770317237,0.6901407394
2944,1.0,0.0,0.0,0.0,1.0,1.0,0.244419668,0.2489838726,0.3852596092,0.6986308741,0.487719165,0.7042245729
2945,1.0,0.0,0.0,0.0,1.0,1.0,0.2498606008,0.2612577511,0.380872552,0.6845641277,0.4842107772,0.6845641277
2946,1.0,0.0,0.0,0.0,1.0,1.0,0.246506488,0.2533798438,0.3859061299,0.6938774628,0.4859153303,0.6875002758
2947,1.0,0.0,0.0,0.0,1.0,1.0,0.2548910302,0.2595727706,0.3842280885,0.6973679979,0.4876324584,0.6870750561
2948,1.0,0.0,0.0,0.0,1.0,1.0,0.2498603707,0.2559972542,0.3766666963,0.6933342261,0.484210475,0.6849322888
2949,1.0,0.0,0.0,0.0,1.0,1.0,0.2577074797,0.2638388186,0.3768594608,0.6987171179,0.4790209659,0.7019859059
2950,1.0,0.0,0.0,0.0,1.0,1.0,0.2535897958,0.2585972037,0.3830846504,0.6928100962,0.486013831,0.6824323235
2951,1.0,0.0,0.0,0.0,1.0,1.0,0.2547922205,0.2585360739,0.3832236935,0.6838707708,0.4861109816,0.684563584
2952,1.0,0.0,0.0,0.0,1.0,1.0,0.2543440767,0.2593055769,0.3833604328,0.6858966002,0.4982816644,0.6953631852
2953,1.0,0.0,0.0,0.0,1.0,1.0,0.2641265427,0.264558204,0.3768352954,0.6975316917,0.4913496791,0.6928105861
2954,1.0,0.0,0.0,0.0,1.0,1.0,0.2617194737,0.2593706827,0.382978714,0.7000004074,0.4878890588,0.6933335265
2955,1.0,0.0,0.0,0.0,1.0,1.0,0.2649914114,0.2610999069,0.3780687468,0.6975300424,0.4844290282,0.6953644588
2956,1.0,0.0,0.0,0.0,1.0,1.0,0.259297003,0.2593709905,0.3973726704,0.6835441148,0.5017301859,0.6933337338
2957,1.0,0.0,0.0,0.0,1.0,1.0,0.2707847017,0.2645578305,0.3842363997,0.6848482857,0.4948095186,0.6732022346
2958,1.0,0.0,0.0,0.0,1.0,1.0,0.2636963568,0.2584174,0.3778500945,0.6975298032,0.4931508226,0.6887406342
2959,1.0,0.0,0.0,0.0,1.0,1.0,0.260083749,0.2628286738,0.3747953522,0.6981135927,0.4878893458,0.6776317194
2960,1.0,0.0,0.0,0.0,1.0,1.0,0.2692709719,0.2690806336,0.3719007968,0.6932519098,0.4825176258,0.6818185665
2961,1.0,0.0,0.0,0.0,1.0,1.0,0.2716769906,0.2733664986,0.3838550599,0.690908853,0.4878047863,0.6878981855
2962,1.0,0.0,0.0,0.0,1.0,1.0,0.2757078093,0.2636458089,0.3809523042,0.6904757577,0.4896553176,0.6732018968
2963,1.0,0.0,0.0,0.0,1.0,1.0,0.2811439732,0.2721084668,0.382113785,0.6878614251,0.4931506593,0.6666666667
2964,1.0,0.0,0.0,0.0,1.0,1.0,0.2779798446,0.2693412902,0.3762057472,0.699422104,0.4881354377,0.6666657508
2965,1.0,0.0,0.0,0.0,1.0,1.0,0.2832814014,0.2725750345,0.3805732524,0.7078655053,0.5016835961,0.6790126167
2966,1.0,0.0,0.0,0.0,1.0,1.0,0.276645523,0.2693413223,0.3775999291,0.6994215635,0.4949154852,0.6729557586
2967,1.0,0.0,0.0,0.0,1.0,1.0,0.2786904738,0.2676472204,0.3798076575,0.706896202,0.4915256644,0.6898734707
2968,1.0,0.0,0.0,0.0,1.0,1.0,0.2744498893,0.2736568705,0.3650793428,0.6878607022,0.4829931768,0.6708068813
2969,1.0,0.0,0.0,0.0,1.0,1.0,0.2760365048,0.2727289298,0.3650793369,0.6954027875,0.4847457331,0.6770192822
2970,1.0,0.0,0.0,0.0,1.0,1.0,0.2809932546,0.2668578908,0.376996724,0.7102271726,0.4931971034,0.6878981341
2971,1.0,0.0,0.0,0.0,1.0,1.0,0.278951003,0.2667428737,0.3779904349,0.7085713631,0.4932432331,0.6835438935
2972,1.0,0.0,0.0,0.0,1.0,1.0,0.2776227547,0.2675274966,0.3809523726,0.6971436046,0.4983163447,0.6792459951
2973,1.0,0.0,0.0,0.0,1.0,1.0,0.2699912893,0.2641622875,0.3807267162,0.6959070978,0.4983165697,0.6815276493
2974,1.0,0.0,0.0,0.0,1.0,1.0,0.2737327139,0.2608711748,0.3789809225,0.7151164507,0.5016946947,0.6883114091
2975,1.0,0.0,0.0,0.0,1.0,1.0,0.2737326456,0.262565296,0.383757869,0.7034882017,0.4983048746,0.6774198566
2976,1.0,0.0,0.0,0.0,1.0,1.0,0.2734321889,0.2657378694,0.3726415216,0.7068969193,0.4916386728,0.6855341078
2977,1.0,0.0,0.0,0.0,1.0,1.0,0.2710083715,0.2640667663,0.3793102428,0.6936422944,0.5016720917,0.6835437695
2978,1.0,0.0,0.0,0.0,1.0,1.0,0.2658919949,0.2675273341,0.3787166546,0.7117646441,0.4983163958,0.6918226272
2979,1.0,0.0,0.0,0.0,1.0,1.0,0.2612714521,0.2625654926,0.371653512,0.7048186127,0.4847458653,0.6838704811
2980,1.0,0.0,0.0,0.0,1.0,1.0,0.2370472412,0.2464139683,0.3830127659,0.7162164161,0.5034484086,0.6713286499
2981,1.0,0.0,0.0,0.0,1.0,1.0,0.09147430988,0.1894852601,0.398305152,0.8148155623,0.4795538627,0.6666659544
2982,1.0,0.0,0.0,0.0,1.0,1.0,0.04293103925,0.2152354837,0.4381443309,0.8399986162,0.5018724258,0.5478252368
2983,1.0,0.0,0.0,0.0,1.0,1.0,0.06321261011,0.2035898413,0.4307692565,0.7837821945,0.4999997987,0.5909099001
2984,1.0,0.0,0.0,0.0,1.0,1.0,0.1446780899,0.2107916257,0.3893511138,0.7701148554,0.4727271637,0.6896554339
2985,1.0,0.0,0.0,0.0,1.0,1.0,0.1989099865,0.2224904731,0.3670473063,0.7295089459,0.4699648267,0.6825392143
2986,1.0,0.0,0.0,0.0,1.0,1.0,0.2274370924,0.2463662624,0.3701923111,0.7183108569,0.4860141223,0.6595742701
2987,1.0,0.0,0.0,0.0,1.0,1.0,0.244236533,0.2533553839,0.3665595566,0.7105265048,0.4755244809,0.6620694537
2988,1.0,0.0,0.0,0.0,1.0,1.0,0.2526767081,0.2604181234,0.3542672575,0.7006366946,0.4683099403,0.6621629397
2989,1.0,0.0,0.0,0.0,1.0,1.0,0.2550745343,0.2639370483,0.3467095084,0.6981132597,0.464788558,0.6733326688
2990,1.0,0.0,0.0,0.0,1.0,1.0,0.2586981321,0.2612573983,0.3617362761,0.7018634553,0.4771929529,0.6778534623
2991,1.0,0.0,0.0,0.0,1.0,1.0,0.2558958176,0.2595042706,0.3558775762,0.7106918672,0.4701756286,0.6756750757
2992,1.0,0.0,0.0,0.0,1.0,1.0,0.2582828247,0.2577507029,0.3451043404,0.7018638249,0.4596491105,0.666667673
2993,1.0,0.0,0.0,0.0,1.0,1.0,0.2578685547,0.2620916523,0.3541666904,0.7018632356,0.4650348404,0.666667154
2994,1.0,0.0,0.0,0.0,1.0,1.0,0.2585858424,0.2629192729,0.37301594,0.7055209607,0.4878048967,0.6622516845
2995,1.0,0.0,0.0,0.0,1.0,1.0,0.2732972218,0.2722615603,0.3863274693,0.7034888838,0.5034481794,0.6708862341
2996,1.0,0.0,0.0,0.0,1.0,1.0,0.2675673582,0.2678917143,0.3748031262,0.6882348593,0.4914091455,0.6730771405
2997,1.0,0.0,0.0,0.0,1.0,1.0,0.2699915122,0.2669741686,0.371248102,0.6959069112,0.4863014948,0.6666671411
2998,1.0,0.0,0.0,0.0,1.0,1.0,0.2751631349,0.2730433443,0.3781646427,0.6954023426,0.4914089621,0.6603779878
2999,1.0,0.0,0.0,0.0,1.0,1.0,0.2763071075,0.2721083223,0.3775670489,0.7028572447,0.4897261292,0.672955922
3000,1.0,0.0,0.0,0.0,1.0,1.0,0.270119686,0.2732039483,0.3783783452,0.705882582,0.4982698012,0.6835444098
3001,1.0,0.0,0.0,0.0,1.0,1.0,0.2689581495,0.2758876847,0.3773884969,0.698225526,0.4930555396,0.6792446791
3002,1.0,0.0,0.0,0.0,1.0,1.0,0.2619116043,0.264764437,0.3569131374,0.7055213388,0.4701756078,0.6688735205
3003,1.0,0.0,0.0,0.0,1.0,1.0,0.2610006088,0.2645581089,0.3471337754,0.7317069542,0.4671280264,0.6797393013
3004,1.0,0.0,0.0,0.0,1.0,1.0,0.2677932783,0.2689470048,0.3492823186,0.726190539,0.46875,0.6774192164
3005,1.0,0.0,0.0,0.0,1.0,1.0,0.2755986857,0.2722615781,0.3549921963,0.7126441302,0.4793100982,0.6772153137
3006,1.0,0.0,0.0,0.0,1.0,1.0,0.2657752253,0.264558173,0.342356708,0.7185629538,0.4671279068,0.6797383251
3007,1.0,0.0,0.0,0.0,1.0,1.0,0.2594705889,0.2630110139,0.2868589502,0.7283954159,0.396491303,0.6733342088
3008,1.0,0.0,0.0,0.0,1.0,1.0,0.256308739,0.2569484555,0.2645162359,0.7421376817,0.3794327189,0.6896547045
3009,1.0,0.0,0.0,0.0,1.0,1.0,0.2542581971,0.2542437641,0.2608000068,0.748427998,0.3754387482,0.6827594025
3010,1.0,0.0,0.0,0.0,1.0,1.0,0.2530844788,0.2533796537,0.2790322157,0.7452232165,0.3943662081,0.6736117178
3011,1.0,0.0,0.0,0.0,1.0,1.0,0.2575545488,0.2507372303,0.2820098149,0.7358494514,0.4000001556,0.6783227195
3012,1.0,0.0,0.0,0.0,1.0,1.0,0.2641267085,0.2613381779,0.2887438341,0.7283952625,0.4063604185,0.6824310595
3013,1.0,0.0,0.0,0.0,1.0,1.0,0.2636962122,0.2585969402,0.2931597117,0.7283959617,0.4090908223,0.6824315139
3014,1.0,0.0,0.0,0.0,1.0,1.0,0.2591743987,0.2542438732,0.3014587318,0.73124982,0.4210526113,0.6827594033
3015,1.0,0.0,0.0,0.0,1.0,1.0,0.258392152,0.2647646163,0.3024390707,0.7106916167,0.4210525711,0.6887415208
3016,1.0,0.0,0.0,0.0,1.0,1.0,0.2621486813,0.2621775886,0.3147540713,0.7062501881,0.4260563462,0.6778521912
3017,1.0,0.0,0.0,0.0,1.0,1.0,0.2737745489,0.26651782,0.3118812069,0.7048193168,0.4280703276,0.690789862
3018,1.0,0.0,0.0,0.0,1.0,1.0,0.2659673223,0.2604927693,0.3289255554,0.7142857143,0.4432623348,0.6870744878
3019,1.0,0.0,0.0,0.0,1.0,1.0,0.2704759031,0.2648697066,0.3316832395,0.7195131933,0.4452295064,0.6866663876
3020,1.0,0.0,0.0,0.0,1.0,1.0,0.2681834444,0.2640366945,0.3516666889,0.7204964855,0.4574467392,0.6979859829
3021,1.0,0.0,0.0,0.0,1.0,1.0,0.2668495785,0.2622649758,0.3499171772,0.7142859055,0.4574466095,0.6891892679
3022,1.0,0.0,0.0,0.0,1.0,1.0,0.2589915769,0.2587204596,0.353820589,0.7179479461,0.4574470017,0.6917807919
3023,1.0,0.0,0.0,0.0,1.0,1.0,0.2333134429,0.2375436218,0.3973509874,0.7092199671,0.5105635453,0.6814822183
3024,1.0,0.0,0.0,0.0,1.0,1.0,0.1118259241,0.1787321382,0.4772727507,0.7656224851,0.5547446284,0.6836751676
3025,1.0,0.0,0.0,0.0,1.0,1.0,0.02485289413,0.1961169405,0.4689165198,0.8571406816,0.5094340609,0.5192300202
3026,1.0,0.0,0.0,0.0,1.0,1.0,0.02616351118,0.207749049,0.4642233552,0.600008515,0.5093632914,0.4414409577
3027,1.0,0.0,0.0,0.0,1.0,1.0,0.03156152822,0.1972584168,0.4649122782,0.6666706417,0.5075187273,0.4666665304
3028,1.0,0.0,0.0,0.0,1.0,1.0,0.02267504987,0.2114925597,0.4432810183,0.5384653433,0.490636952,0.4336291075
3029,1.0,0.0,0.0,0.0,1.0,1.0,0.0261633809,0.1883279503,0.4258288961,0.8666666667,0.4850745491,0.5049494204
3030,1.0,0.0,0.0,0.0,1.0,1.0,0.0720008267,0.1671859688,0.404802728,0.7380933708,0.4742647904,0.6483524174
3031,1.0,0.0,0.0,0.0,1.0,1.0,0.1274456636,0.1876208562,0.3590604002,0.7500007193,0.4476532502,0.6826918629
3032,1.0,0.0,0.0,0.0,1.0,1.0,0.2132360112,0.2290387415,0.3599348779,0.7099231122,0.475694613,0.6515151768
3033,1.0,0.0,0.0,0.0,1.0,1.0,0.2413563498,0.2420789898,0.3452188196,0.724830982,0.4602075522,0.6714286385
3034,1.0,0.0,0.0,0.0,1.0,1.0,0.2522704588,0.252436258,0.3424438005,0.7133756091,0.460480952,0.673469784
3035,1.0,0.0,0.0,0.0,1.0,1.0,0.2490571879,0.2472667145,0.3392283516,0.7161286744,0.4602077918,0.6713282832
3036,1.0,0.0,0.0,0.0,1.0,1.0,0.2526767358,0.2541830309,0.3478260441,0.7133762384,0.4636676963,0.6734691098
3037,1.0,0.0,0.0,0.0,1.0,1.0,0.2607238945,0.2567530511,0.3478261024,0.703704056,0.4586207197,0.6845638179
3038,1.0,0.0,0.0,0.0,1.0,1.0,0.251067779,0.2472668568,0.3429951888,0.7243581126,0.463667968,0.6853140376
3039,1.0,0.0,0.0,0.0,1.0,1.0,0.256308296,0.2533069379,0.3483871459,0.7106914721,0.4586207967,0.6802729217
3040,1.0,0.0,0.0,0.0,1.0,1.0,0.2579208593,0.2550300444,0.34677419,0.7187494416,0.4586205916,0.6891893699
3041,1.0,0.0,0.0,0.0,1.0,1.0,0.2434123884,0.2498608286,0.3483871776,0.7152316128,0.462069042,0.6827581666
3042,1.0,0.0,0.0,0.0,1.0,1.0,0.2486497216,0.2498606945,0.3424878924,0.7077925365,0.458620515,0.6827578051
3043,1.0,0.0,0.0,0.0,1.0,1.0,0.2429762773,0.2515954692,0.3484602221,0.6999997053,0.4618053984,0.6758617956
3044,1.0,0.0,0.0,0.0,1.0,1.0,0.2470164684,0.2498603382,0.3528455417,0.7236835502,0.4615384615,0.6993004435
3045,1.0,0.0,0.0,0.0,1.0,1.0,0.2100632981,0.2287453975,0.4088669262,0.7187503733,0.5211269175,0.6692298646
3046,1.0,0.0,0.0,0.0,1.0,1.0,0.04717646661,0.19380794,0.4388112348,0.8148151097,0.4980988609,0.5490185333
3047,1.0,0.0,0.0,0.0,1.0,1.0,0.03291053852,0.2152358777,0.4627382788,0.6842183176,0.5205993116,0.4869573397
3048,1.0,0.0,0.0,0.0,1.0,1.0,0.03101716201,0.1976084772,0.4534483392,0.7777831117,0.4980987345,0.5192302899
3049,1.0,0.0,0.0,0.0,1.0,1.0,0.04434389667,0.193921467,0.4692832524,0.846151242,0.5298508473,0.5673068582
3050,1.0,0.0,0.0,0.0,1.0,1.0,0.1415734451,0.1873953381,0.5379427019,0.7380967586,0.6142857941,0.6952368991
3051,1.0,0.0,0.0,0.0,1.0,1.0,0.2202718048,0.226677482,0.5855263127,0.6865669121,0.6769759597,0.6818177142
3052,1.0,0.0,0.0,0.0,1.0,1.0,0.2354537263,0.2421328182,0.5831960113,0.6853145142,0.6735395099,0.6666661497
3053,1.0,0.0,0.0,0.0,1.0,1.0,0.2210146846,0.2378807716,0.5691057218,0.6838244608,0.660958754,0.6762587347
3054,1.0,0.0,0.0,0.0,1.0,1.0,0.2204651334,0.2378805424,0.5637254461,0.7111100856,0.6541097077,0.6978413466
3055,1.0,0.0,0.0,0.0,1.0,1.0,0.2257332564,0.2395921545,0.5679214345,0.710144905,0.6643834761,0.6785713738
3056,1.0,0.0,0.0,0.0,1.0,1.0,0.2210147767,0.2378807254,0.5674796317,0.7058818633,0.6643834767,0.669064549
3057,1.0,0.0,0.0,0.0,1.0,1.0,0.2184752124,0.2395216672,0.5693311558,0.7089549604,0.6655172039,0.6834528759
3058,1.0,0.0,0.0,0.0,1.0,1.0,0.2376521429,0.2498605886,0.5684039745,0.6849312993,0.665517198,0.6758619532
3059,1.0,0.0,0.0,0.0,1.0,1.0,0.2287681201,0.2404157292,0.5665584758,0.6879429438,0.663230099,0.6785720057
3060,1.0,0.0,0.0,0.0,1.0,1.0,0.2283973768,0.2455675168,0.5705024247,0.7021273856,0.6666666667,0.6783206906
3061,1.0,0.0,0.0,0.0,1.0,1.0,0.2315184572,0.2412442349,0.5676998313,0.7042250703,0.6655172479,0.6928578677
3062,1.0,0.0,0.0,0.0,1.0,1.0,0.2213744715,0.2291821242,0.5667752885,0.6985295931,0.6655171271,0.6917295887
3063,1.0,0.0,0.0,0.0,1.0,1.0,0.216491179,0.2240129273,0.5684038363,0.7142861988,0.6689655226,0.6999993061
3064,1.0,0.0,0.0,0.0,1.0,1.0,0.2177001183,0.2263544792,0.5676567328,0.7121210371,0.6585365484,0.7076922561
3065,1.0,0.0,0.0,0.0,1.0,1.0,0.1975831528,0.2134225408,0.5502470744,0.7083341808,0.6354166025,0.6829267853
3066,1.0,0.0,0.0,0.0,1.0,1.0,0.06192750002,0.1739767295,0.4750431178,0.8333373831,0.5518518983,0.6382964864
3067,1.0,0.0,0.0,0.0,1.0,1.0,0.05151745572,0.1796750448,0.429553264,0.7333352575,0.4906367633,0.5624981679
3068,1.0,0.0,0.0,0.0,1.0,1.0,0.07926625425,0.1653353961,0.425862114,0.8043482373,0.4944235364,0.6629209913
3069,1.0,0.0,0.0,0.0,1.0,1.0,0.1643598172,0.2034580019,0.3754152198,0.7373749851,0.4642856447,0.6578952409
3070,1.0,0.0,0.0,0.0,1.0,1.0,0.203499093,0.2141660068,0.3760262666,0.7258064516,0.4808365393,0.6829280539
3071,1.0,0.0,0.0,0.0,1.0,1.0,0.2239276123,0.2402836822,0.3657331414,0.6838228612,0.473867648,0.6521744693
3072,1.0,0.0,0.0,0.0,1.0,1.0,0.2308941525,0.2428714259,0.3597359534,0.6928563081,0.4685314339,0.6618694197
3073,1.0,0.0,0.0,0.0,1.0,1.0,0.2220982604,0.2350603058,0.373134263,0.7014926108,0.4738674824,0.6814827611
3074,1.0,0.0,0.0,0.0,1.0,1.0,0.2279718822,0.2403502024,0.3702479928,0.7028983795,0.4740485743,0.6762589478
3075,1.0,0.0,0.0,0.0,1.0,1.0,0.2345797549,0.2472668836,0.3669421195,0.6971825977,0.4775084745,0.6713294981
3076,1.0,0.0,0.0,0.0,1.0,1.0,0.236710031,0.2464140777,0.3667764106,0.6875001896,0.4724138541,0.6713294512
3077,1.0,0.0,0.0,0.0,1.0,1.0,0.2413008292,0.2541832801,0.3703099626,0.6824330589,0.477508631,0.6734696599
3078,1.0,0.0,0.0,0.0,1.0,1.0,0.2380398993,0.2472845818,0.3686786473,0.6917806662,0.4776632224,0.6875
3079,1.0,0.0,0.0,0.0,1.0,1.0,0.222648273,0.2368919357,0.3729372288,0.6888880243,0.4809687102,0.6642338448
3080,1.0,0.0,0.0,0.0,1.0,1.0,0.2342951267,0.2463901183,0.3655738387,0.6923072212,0.4722224016,0.6760565769
3081,1.0,0.0,0.0,0.0,1.0,1.0,0.2354533392,0.2437663588,0.3607907605,0.7062933464,0.4634148456,0.6714285273
3082,1.0,0.0,0.0,0.0,1.0,1.0,0.2359339193,0.2489897059,0.355737629,0.6944436007,0.4599302048,0.6573422509
3083,1.0,0.0,0.0,0.0,1.0,1.0,0.2363210758,0.2516078963,0.3579639051,0.7013886788,0.4650350582,0.6736110586
3084,1.0,0.0,0.0,0.0,1.0,1.0,0.2317783506,0.2463658818,0.3519736992,0.6950364548,0.4615386074,0.6666656401
3085,1.0,0.0,0.0,0.0,1.0,1.0,0.239997391,0.2507311347,0.3601974203,0.6917820014,0.4703832885,0.6597220852
3086,1.0,0.0,0.0,0.0,1.0,1.0,0.2330390709,0.2481132568,0.3645319269,0.6901403296,0.4720282234,0.6760570468
3087,1.0,0.0,0.0,0.0,1.0,1.0,0.2345795775,0.2481008835,0.3438015734,0.7042247271,0.4542254625,0.6808515228
3088,1.0,0.0,0.0,0.0,1.0,1.0,0.2308942496,0.2472300283,0.3547855264,0.6857145071,0.4631579027,0.6879429678
3089,1.0,0.0,0.0,0.0,1.0,1.0,0.2366228226,0.2481010244,0.35927159,0.7062931149,0.4647886789,0.6737578551
3090,1.0,0.0,0.0,0.0,1.0,1.0,0.2265400878,0.242822177,0.3566667519,0.6911765648,0.4647887108,0.6594195807
3091,1.0,0.0,0.0,0.0,1.0,1.0,0.2248744711,0.245446087,0.3566665724,0.6888887451,0.4664311227,0.6618710009
3092,1.0,0.0,0.0,0.0,1.0,1.0,0.2293526051,0.2419143627,0.361809093,0.7007296241,0.47349815,0.6788313247
3093,1.0,0.0,0.0,0.0,1.0,1.0,0.2364451574,0.2472119408,0.3590604687,0.6950355812,0.4734982319,0.6928574533
3094,1.0,0.0,0.0,0.0,1.0,1.0,0.238924109,0.2498602845,0.3686869339,0.7042256564,0.4858154279,0.6950349649
3095,1.0,0.0,0.0,0.0,1.0,1.0,0.2364828266,0.2571554383,0.379965463,0.6861318936,0.4890510086,0.673759311
3096,1.0,0.0,0.0,0.0,1.0,1.0,0.2344366674,0.2572635519,0.3844797531,0.6842112068,0.4962962639,0.6690646926
3097,1.0,0.0,0.0,0.0,1.0,1.0,0.2305017883,0.2527104287,0.3981982304,0.6874992849,0.4980986945,0.6842095327
3098,1.0,0.0,0.0,0.0,1.0,1.0,0.2307804262,0.2508177506,0.3890908469,0.6771649217,0.4980843238,0.671756329
3099,1.0,0.0,0.0,0.0,1.0,1.0,0.2319146862,0.2537342367,0.3996317124,0.6746046092,0.5038761917,0.6717548729
3100,1.0,0.0,0.0,0.0,1.0,1.0,0.2290771774,0.2527771934,0.4029575109,0.6612898854,0.5058366506,0.6769228283
3101,1.0,0.0,0.0,0.0,1.0,1.0,0.224139706,0.2498604816,0.4044117031,0.6639351702,0.4999998014,0.6666666667
3102,1.0,0.0,0.0,0.0,1.0,1.0,0.226639413,0.2527999227,0.4089219906,0.6639338325,0.4980388761,0.6821696782
3103,1.0,0.0,0.0,0.0,1.0,1.0,0.2185695231,0.2430018004,0.4074766832,0.6752138102,0.5058823813,0.677419515
3104,1.0,0.0,0.0,0.0,1.0,1.0,0.2208507678,0.2400235119,0.4176030522,0.6694910061,0.5236220312,0.6803287573
3105,1.0,0.0,0.0,0.0,1.0,1.0,0.2098063152,0.2287875427,0.4083968584,0.6818190339,0.4939759535,0.684211764
3106,1.0,0.0,0.0,0.0,1.0,1.0,0.1983625047,0.2307949601,0.4141221247,0.6730755188,0.5060239475,0.6869556371
3107,1.0,0.0,0.0,0.0,1.0,1.0,0.2089228549,0.2278725501,0.4086629516,0.6756752723,0.4959998576,0.684211578
3108,1.0,0.0,0.0,0.0,1.0,1.0,0.1991298026,0.2317253711,0.4117647399,0.6761905684,0.4959678361,0.6869569215
3109,1.0,0.0,0.0,0.0,1.0,1.0,0.2128088234,0.2379622296,0.4144487258,0.6517858457,0.5079365404,0.6666660945
3110,1.0,0.0,0.0,0.0,1.0,1.0,0.2040844839,0.2338694852,0.4179389283,0.6355138054,0.5,0.6495718469
3111,1.0,0.0,0.0,0.0,1.0,1.0,0.1736485358,0.218501652,0.4266409551,0.6666666667,0.5060727559,0.6851863389
3112,1.0,0.0,0.0,0.0,1.0,1.0,0.1675367801,0.2245707352,0.4354528318,0.6666666667,0.5182183034,0.675675973
3113,1.0,0.0,0.0,0.0,1.0,1.0,0.08923559752,0.2069973309,0.4583332424,0.7111115063,0.5230124613,0.7171713498
3114,1.0,0.0,0.0,0.0,1.0,1.0,0.07351745146,0.2138721692,0.4691848551,0.7837814298,0.5267491911,0.6826931084
3115,1.0,0.0,0.0,0.0,1.0,1.0,0.09192509676,0.2039678643,0.4579256995,0.7659573549,0.5142857852,0.7400012583
3116,1.0,0.0,0.0,0.0,1.0,1.0,0.09315213036,0.2063624996,0.4563105945,0.7291665775,0.5182184503,0.7352957754
3117,1.0,0.0,0.0,0.0,1.0,1.0,0.1119220557,0.2162059987,0.4361492739,0.6315791361,0.502040505,0.6792445919
3118,1.0,0.0,0.0,0.0,1.0,1.0,0.1047959383,0.2043394289,0.4388349728,0.6666691876,0.5060726805,0.7029697365
3119,1.0,0.0,0.0,0.0,1.0,1.0,0.1088884377,0.2083857714,0.4299611274,0.7142857143,0.4979755263,0.7087368646
3120,1.0,0.0,0.0,0.0,1.0,1.0,0.1193939332,0.2067118973,0.4335259711,0.7419371666,0.5060239449,0.7281549778
3121,1.0,0.0,0.0,0.0,1.0,1.0,0.1020621824,0.2110377285,0.4547205505,0.7547163978,0.5418327765,0.7358498951
3122,1.0,0.0,0.0,0.0,1.0,1.0,0.1049030917,0.2085448674,0.4465648217,0.7818188638,0.5393700979,0.7547167975
3123,1.0,0.0,0.0,0.0,1.0,1.0,0.1051037794,0.2113444621,0.4512427786,0.7999992823,0.5415018669,0.7663534681
3124,1.0,0.0,0.0,0.0,1.0,1.0,0.1029959892,0.2062339907,0.4599237382,0.7777790636,0.5476188804,0.7499994993
3125,1.0,0.0,0.0,0.0,1.0,1.0,0.1029960448,0.2054187981,0.4599235874,0.7777777778,0.5454543283,0.7596168569
3126,1.0,0.0,0.0,0.0,1.0,1.0,0.1175816212,0.2136060313,0.4592031354,0.7741932332,0.5411763868,0.7706417599
3127,1.0,0.0,0.0,0.0,1.0,1.0,0.1228047089,0.2147238967,0.4574669479,0.7538475236,0.5390624401,0.75454472
3128,1.0,0.0,0.0,0.0,1.0,1.0,0.1258696682,0.2203493074,0.4379700014,0.731342738,0.5354330645,0.7499986333
3129,1.0,0.0,0.0,0.0,1.0,1.0,0.1169156761,0.2203494657,0.4320754859,0.7419350642,0.5236217645,0.7589281213
3130,1.0,0.0,0.0,0.0,1.0,1.0,0.1047033669,0.2141659668,0.4476190068,0.7454541396,0.5357141408,0.7592605573
3131,1.0,0.0,0.0,0.0,1.0,1.0,0.1189355795,0.2150193821,0.4299423261,0.7419341238,0.5059763747,0.7500004655
3132,1.0,0.0,0.0,0.0,1.0,1.0,0.1136165491,0.2078839586,0.4296724295,0.779660671,0.5040002375,0.7596155331
3133,1.0,0.0,0.0,0.0,1.0,1.0,0.1093438093,0.2090465164,0.4510556987,0.7192988741,0.5258965536,0.7523812487
3134,1.0,0.0,0.0,0.0,1.0,1.0,0.1197048276,0.2070554643,0.4334601174,0.7301587816,0.4980080297,0.7403849366
3135,1.0,0.0,0.0,0.0,1.0,1.0,0.09861693205,0.1987079869,0.440227768,0.7692286263,0.5118108826,0.7722759497
3136,1.0,0.0,0.0,0.0,1.0,1.0,0.1039116076,0.204963664,0.4593572341,0.7454540651,0.5351563149,0.7714283455
3137,1.0,0.0,0.0,0.0,1.0,1.0,0.1095793677,0.2065776853,0.4385632607,0.7413785737,0.5078741357,0.73333294
3138,1.0,0.0,0.0,0.0,1.0,1.0,0.1223426019,0.209686985,0.4538606889,0.7230747132,0.5254903177,0.7289722285
3139,1.0,0.0,0.0,0.0,1.0,1.0,0.1171365993,0.2038075391,0.446124715,0.7258065054,0.5137253965,0.73076946
3140,1.0,0.0,0.0,0.0,1.0,1.0,0.123270775,0.2077273211,0.4345352095,0.7538473349,0.513725503,0.7452815755
3141,1.0,0.0,0.0,0.0,1.0,1.0,0.1308565831,0.2093692836,0.4459203725,0.7246386039,0.5177865074,0.7547182844
3142,1.0,0.0,0.0,0.0,1.0,1.0,0.1327532093,0.2046102912,0.4269449296,0.7142848868,0.4960630235,0.7307693807
3143,1.0,0.0,0.0,0.0,1.0,1.0,0.1254051912,0.2073938372,0.4277567474,0.7121213083,0.4980236664,0.7333330674
3144,1.0,0.0,0.0,0.0,1.0,1.0,0.1280354411,0.2110375574,0.4302102616,0.7313445662,0.4940237282,0.7358489834
3145,1.0,0.0,0.0,0.0,1.0,1.0,0.1282810557,0.2110376542,0.4291187494,0.6865660612,0.4940238651,0.7169809852
3146,1.0,0.0,0.0,0.0,1.0,1.0,0.1277915079,0.211037855,0.4255725651,0.701492122,0.4900398981,0.7169815008
3147,1.0,0.0,0.0,0.0,1.0,1.0,0.1131805819,0.2098830196,0.4337811881,0.7627111458,0.492000125,0.7428580504
3148,1.0,0.0,0.0,0.0,1.0,1.0,0.1336354758,0.2113446212,0.4274952213,0.6760568319,0.4980238936,0.7102807182
3149,1.0,0.0,0.0,0.0,1.0,1.0,0.1363726737,0.2133196433,0.4242989619,0.6849312315,0.4901187391,0.722221144
3150,1.0,0.0,0.0,0.0,1.0,1.0,0.1261242842,0.2078839245,0.4397706154,0.6818174753,0.500000205,0.7307686997
3151,1.0,0.0,0.0,0.0,1.0,1.0,0.1131804446,0.2006912291,0.4606525579,0.694917794,0.5140562713,0.7299995682
3152,1.0,0.0,0.0,0.0,1.0,1.0,0.1083044874,0.1998885755,0.4486691676,0.6842093714,0.5039998633,0.7299994371
3153,1.0,0.0,0.0,0.0,1.0,1.0,0.1014756682,0.1986842242,0.4731800607,0.679247788,0.5220884618,0.7272734874
3154,1.0,0.0,0.0,0.0,1.0,1.0,0.07941289306,0.1929818106,0.4709302893,0.7073180417,0.5121952833,0.715788955
3155,1.0,0.0,0.0,0.0,1.0,1.0,0.06103450624,0.2098827137,0.4732824635,0.75,0.5319999675,0.6571424696
3156,1.0,0.0,0.0,0.0,1.0,1.0,0.05402369116,0.2156054795,0.4787645411,0.7857148124,0.5322579035,0.6542061124
3157,1.0,0.0,0.0,0.0,1.0,1.0,0.06416624379,0.2048036855,0.4824902274,0.6969721452,0.5245898747,0.6899995078
3158,1.0,0.0,0.0,0.0,1.0,1.0,0.04507271264,0.2188861778,0.4862744836,0.565221507,0.5330578614,0.5943392879
3159,1.0,0.0,0.0,0.0,1.0,1.0,0.03767743996,0.2340465327,0.4801586868,0.578940888,0.523206725,0.5585590965
3160,1.0,0.0,0.0,0.0,1.0,1.0,0.05007214083,0.2267637702,0.5070140056,0.4400006176,0.5504199757,0.5370372356
3161,1.0,0.0,0.0,0.0,1.0,1.0,0.01813523724,0.2444985741,0.49798391,0.0,0.5236050695,0.4649121457
3162,1.0,0.0,0.0,0.0,0.0,1.0,0.0,0.2455890511,0.0,0.0,0.5213676842,0.4608689205
3163,1.0,0.0,0.0,0.0,0.0,1.0,0.0,0.2563783222,0.0,0.0,0.4956522314,0.4576267688
3164,1.0,0.0,0.0,0.0,0.0,1.0,0.0,0.249860742,0.0,0.0,0.5043478374,0.4695657145
3165,1.0,0.0,0.0,0.0,1.0,1.0,0.01218823401,0.2553157077,0.4735772962,0.1666500183,0.4803495487,0.4786330332
3166,1.0,0.0,0.0,0.0,1.0,1.0,0.008092344368,0.2487791733,0.4777326544,0.25,0.4891775895,0.4869570263
3167,1.0,0.0,0.0,0.0,1.0,1.0,0.02986373681,0.2360386574,0.4840637679,0.6000027443,0.5148939225,0.5405405907
3168,1.0,0.0,0.0,0.0,1.0,1.0,0.03590819396,0.2413905647,0.4950099902,0.722220967,0.5423725748,0.5526314381
3169,1.0,0.0,0.0,0.0,1.0,1.0,0.04957550723,0.2435615565,0.4861111056,0.76,0.5462185971,0.5775862069
3170,1.0,0.0,0.0,0.0,1.0,1.0,0.03966021746,0.2530498688,0.4861111393,0.8000061338,0.5319147641,0.5378157758
3171,1.0,0.0,0.0,0.0,1.0,1.0,0.04694081588,0.2445892059,0.4618395404,0.9583286003,0.510548318,0.5862063355
3172,1.0,0.0,0.0,0.0,1.0,1.0,0.06547431633,0.2446763143,0.4759151131,0.9411742876,0.5311201673,0.618644687
3173,1.0,0.0,0.0,0.0,1.0,1.0,0.0728960485,0.2363823962,0.4664107087,0.8947350628,0.5352697593,0.622808385
3174,1.0,0.0,0.0,0.0,1.0,1.0,0.09120382389,0.2344368694,0.4505703379,0.8541688128,0.522633985,0.6491228732
3175,1.0,0.0,0.0,0.0,0.0,1.0,0.0,0.2404518578,0.0,0.0,0.5271965481,0.6260865045
3176,1.0,0.0,0.0,0.0,1.0,1.0,0.0811925856,0.2351628371,0.456479757,0.9047633486,0.5252098968,0.6428568721
3177,1.0,0.0,0.0,0.0,1.0,1.0,0.08056912599,0.2311212034,0.4452975123,0.8809507926,0.5208331837,0.6576584623
3178,1.0,0.0,0.0,0.0,1.0,1.0,0.08119278523,0.221633585,0.4680851891,0.8333324931,0.5313806475,0.6415090571
3179,1.0,0.0,0.0,0.0,1.0,1.0,0.07084162057,0.2332026932,0.4444445788,0.9459476373,0.516666915,0.6517858485
3180,1.0,0.0,0.0,0.0,1.0,1.0,0.07820067119,0.2447192955,0.4484731979,0.9756066028,0.5267492906,0.6554619154
3181,1.0,0.0,0.0,0.0,1.0,1.0,0.1029388907,0.2407562577,0.4475655416,0.9636359369,0.5384616724,0.7142857143
3182,1.0,0.0,0.0,0.0,1.0,1.0,0.1598372231,0.2399452647,0.3970587182,0.8735621314,0.5039683954,0.7768588091
3183,1.0,0.0,0.0,0.0,1.0,1.0,0.1947443409,0.2468978497,0.4191175443,0.7830188679,0.5217390752,0.736
3184,1.0,0.0,0.0,0.0,1.0,1.0,0.1867089407,0.2488731532,0.4120879563,0.7745097226,0.5138337872,0.7380941184
3185,1.0,0.0,0.0,0.0,1.0,1.0,0.1973067982,0.255809477,0.4022141504,0.7757008597,0.5079366159,0.7519372248
3186,1.0,0.0,0.0,0.0,1.0,1.0,0.2006112743,0.2488883546,0.4050632812,0.7927922313,0.5136184448,0.7343763195
3187,1.0,0.0,0.0,0.0,1.0,1.0,0.2052906435,0.2556713937,0.4036037204,0.7982459163,0.5116280741,0.7499987602
3188,1.0,0.0,0.0,0.0,1.0,1.0,0.2163370502,0.2613927587,0.4025044781,0.7851238492,0.5153846823,0.7352939778
3189,1.0,0.0,0.0,0.0,1.0,1.0,0.2073976228,0.2536752212,0.4078712392,0.8189648966,0.5229009005,0.7744360539
3190,1.0,0.0,0.0,0.0,1.0,1.0,0.2030953723,0.2527104983,0.4171123685,0.8157882074,0.5323195961,0.7518800094
3191,1.0,0.0,0.0,0.0,1.0,1.0,0.2177356805,0.2517534763,0.4160714374,0.7786877076,0.526514968,0.7293221987
3192,1.0,0.0,0.0,0.0,1.0,1.0,0.187838122,0.2498603962,0.434397148,0.7924538722,0.5413534661,0.7293234308
3193,1.0,0.0,0.0,0.0,1.0,1.0,0.08904139755,0.2430548261,0.4472727605,0.8367347811,0.529182881,0.639999799
3194,1.0,0.0,0.0,0.0,1.0,1.0,0.07396600018,0.2517972803,0.4404332257,0.7804852908,0.5387596566,0.584616635
3195,1.0,0.0,0.0,0.0,1.0,1.0,0.08463746059,0.2353895353,0.4234233739,0.8085128283,0.5057915904,0.6311478378
3196,1.0,0.0,0.0,0.0,1.0,1.0,0.1511611894,0.2376030952,0.391459135,0.7529421078,0.5018869316,0.7063495507
3197,1.0,0.0,0.0,0.0,1.0,1.0,0.1928746174,0.2545397502,0.3649122762,0.7454557516,0.4794007432,0.6911760648
3198,1.0,0.0,0.0,0.0,1.0,1.0,0.1998886712,0.2618463911,0.3773912677,0.7304341767,0.4944648083,0.6971834855
3199,1.0,0.0,0.0,0.0,1.0,1.0,0.2033649853,0.2572635344,0.3652173086,0.7264949495,0.485185381,0.7122313707
3200,1.0,0.0,0.0,0.0,1.0,1.0,0.2078562245,0.2589135185,0.3778162894,0.7083342821,0.492753568,0.6783212877
3201,1.0,0.0,0.0,0.0,1.0,1.0,0.2012644555,0.2625347945,0.3683305024,0.7264964342,0.4855071801,0.7034486164
3202,1.0,0.0,0.0,0.0,1.0,1.0,0.19311247,0.2614198773,0.3813559758,0.7368431865,0.508896715,0.7074830031
3203,1.0,0.0,0.0,0.0,1.0,1.0,0.1931124914,0.2640369124,0.3728814346,0.7631573596,0.5,0.7114096143
3204,1.0,0.0,0.0,0.0,1.0,1.0,0.19513717,0.2596414734,0.3769099853,0.756523051,0.494662136,0.7054801667
3205,1.0,0.0,0.0,0.0,1.0,1.0,0.1965289579,0.26217761,0.3815125499,0.7521382179,0.4929579611,0.7046980912
3206,1.0,0.0,0.0,0.0,1.0,1.0,0.1985306647,0.2605686044,0.3820033776,0.7264953398,0.492857016,0.6917812292
3207,1.0,0.0,0.0,0.0,1.0,1.0,0.1961990295,0.2568986098,0.375838964,0.7350424391,0.4894364744,0.698630277
3208,1.0,0.0,0.0,0.0,1.0,1.0,0.1931694113,0.2560406745,0.378151244,0.7478257327,0.4946994872,0.7103446048
3209,1.0,0.0,0.0,0.0,1.0,1.0,0.1850815253,0.2525093033,0.3787879761,0.7545458865,0.4946997106,0.7132871427
3210,1.0,0.0,0.0,0.0,1.0,1.0,0.1878262702,0.2498603726,0.3758621509,0.7431188313,0.4818839699,0.702898388
3211,1.0,0.0,0.0,0.0,1.0,1.0,0.1916736041,0.248964687,0.3852740296,0.7321425586,0.4838710999,0.6906485048
3212,1.0,0.0,0.0,0.0,1.0,1.0,0.185902893,0.2445443538,0.3771331366,0.7431191773,0.4858156187,0.7028984843
3213,1.0,0.0,0.0,0.0,1.0,1.0,0.1944769122,0.2481012161,0.3604060543,0.7217385575,0.4753520097,0.6808504604
3214,1.0,0.0,0.0,0.0,1.0,1.0,0.1940496432,0.2418577717,0.3419243831,0.7610624052,0.4555161611,0.6985305192
3215,1.0,0.0,0.0,0.0,1.0,1.0,0.2047048157,0.2427213637,0.3390705064,0.7226889435,0.4428572011,0.7058829822
3216,1.0,0.0,0.0,0.0,1.0,1.0,0.2026358062,0.2409368273,0.3505153869,0.7203388938,0.4571426037,0.6888881388
3217,1.0,0.0,0.0,0.0,1.0,1.0,0.1943836556,0.2372777926,0.3425129232,0.7699116344,0.4496403267,0.7272727273
3218,1.0,0.0,0.0,0.0,1.0,1.0,0.2077877882,0.2453826203,0.3402062133,0.7355382181,0.4551973111,0.7153283001
3219,1.0,0.0,0.0,0.0,1.0,1.0,0.209423039,0.2489775581,0.3475298811,0.7479672154,0.4664308,0.716312533
3220,1.0,0.0,0.0,0.0,1.0,1.0,0.2084308179,0.2471928004,0.343589808,0.7540981347,0.4555159637,0.7194251567
3221,1.0,0.0,0.0,0.0,1.0,1.0,0.198194505,0.2436801744,0.3525423699,0.7521368907,0.4628973726,0.6956520411
3222,1.0,0.0,0.0,0.0,1.0,1.0,0.2012413394,0.248088392,0.3553299538,0.7563022527,0.4716312176,0.6999990953
3223,1.0,0.0,0.0,0.0,1.0,1.0,0.2083580517,0.2516325084,0.3423729041,0.7642278122,0.4574466066,0.7183090731
3224,1.0,0.0,0.0,0.0,1.0,1.0,0.2104090524,0.2480885947,0.344651934,0.75,0.4645392497,0.6928565987
3225,1.0,0.0,0.0,0.0,1.0,1.0,0.2200138984,0.2560850628,0.346416268,0.7441864671,0.4626333822,0.7152772152
3226,1.0,0.0,0.0,0.0,1.0,1.0,0.2073041986,0.2472118043,0.3473860706,0.7723577935,0.4699646907,0.7142852828
3227,1.0,0.0,0.0,0.0,1.0,1.0,0.2076543249,0.2472302592,0.3614865363,0.7642264955,0.4842104117,0.7092196427
3228,1.0,0.0,0.0,0.0,1.0,1.0,0.2096968381,0.2402167356,0.3570219359,0.7580653715,0.4771931495,0.7153279699
3229,1.0,0.0,0.0,0.0,1.0,1.0,0.2192655766,0.2480884005,0.3537415182,0.7596891264,0.4716313856,0.7142844061
3230,1.0,0.0,0.0,0.0,1.0,1.0,0.2251301761,0.2463412689,0.358361753,0.7575758067,0.4718311184,0.7214283969
3231,1.0,0.0,0.0,0.0,1.0,1.0,0.2167463326,0.2480887312,0.3562822795,0.7460328174,0.4716311616,0.7071419785
3232,1.0,0.0,0.0,0.0,1.0,1.0,0.1158522786,0.2175044037,0.3979238161,0.8656722996,0.5035969095,0.7024789211
3233,1.0,0.0,0.0,0.0,0.0,1.0,0.0,0.2425653738,0.0,0.0,0.5401457793,0.5639088401
3234,1.0,0.0,0.0,0.0,1.0,1.0,0.02525645871,0.2377852964,0.4711191155,1.0,0.5390333436,0.5078129019
3235,1.0,0.0,0.0,0.0,1.0,1.0,0.02196576553,0.2339516957,0.4780219218,1.0,0.5468164475,0.5199997351
3236,1.0,0.0,0.0,0.0,0.0,1.0,0.0,0.2357176058,0.0,0.0,0.5320755832,0.5199996092
3237,1.0,0.0,0.0,0.0,0.0,1.0,0.0,0.2320799694,0.0,0.0,0.5355808057,0.5000008299
3238,1.0,0.0,0.0,0.0,0.0,1.0,0.0,0.2303546622,0.0,0.0,0.5353160529,0.4999991577
3239,1.0,0.0,0.0,0.0,1.0,1.0,0.0285044949,0.2204648111,0.4688057666,0.875,0.5367647656,0.5500007896
3240,1.0,0.0,0.0,0.0,1.0,1.0,0.02691518086,0.2239492436,0.466786231,1.0,0.5370370515,0.528925548
3241,1.0,0.0,0.0,0.0,1.0,1.0,0.04810158464,0.2175906073,0.4652405499,0.8518501086,0.5313652387,0.5762722816
3242,1.0,0.0,0.0,0.0,0.0,1.0,0.0,0.2146951515,0.0,0.0,0.5148146612,0.6120685055
3243,1.0,0.0,0.0,0.0,0.0,1.0,0.0,0.2146948818,0.0,0.0,0.5148147462,0.6637928502
3244,1.0,0.0,0.0,0.0,1.0,1.0,0.09543254782,0.2074652471,0.4427082429,0.9090905536,0.5342957515,0.6956516046
3245,1.0,0.0,0.0,0.0,1.0,1.0,0.1338383965,0.2053401464,0.4417391195,0.8961020631,0.5345455292,0.7787608951
3246,1.0,0.0,0.0,0.0,1.0,1.0,0.1882511514,0.2324711299,0.3852739849,0.8363622458,0.4835162579,0.7480317636
3247,1.0,0.0,0.0,0.0,1.0,1.0,0.2094230124,0.2318848085,0.4293015993,0.8130087696,0.5395683759,0.759689199
3248,1.0,0.0,0.0,0.0,1.0,1.0,0.210408642,0.2352704415,0.4006792179,0.814516242,0.510948749,0.7596904446
3249,1.0,0.0,0.0,0.0,1.0,1.0,0.2112915566,0.2363302128,0.4060401745,0.8412703911,0.5126355738,0.7709931295
3250,1.0,0.0,0.0,0.0,1.0,1.0,0.2196757182,0.2416836351,0.3859059566,0.8091605984,0.4909089826,0.7669167617
3251,1.0,0.0,0.0,0.0,1.0,1.0,0.2352607378,0.2571554088,0.365609255,0.8014182099,0.4744525229,0.7517731481
3252,1.0,0.0,0.0,0.0,1.0,1.0,0.2241273772,0.2562204339,0.3737541613,0.7925928777,0.4872727645,0.751773213
3253,1.0,0.0,0.0,0.0,1.0,1.0,0.2265402547,0.2571554785,0.3749999662,0.8161764355,0.4927005297,0.7588654115
3254,1.0,0.0,0.0,0.0,1.0,1.0,0.2312757568,0.2552921712,0.3685950465,0.7857148276,0.489130301,0.7304952359
3255,1.0,0.0,0.0,0.0,1.0,1.0,0.2052279396,0.2517114554,0.3088480625,0.8211377279,0.4185184787,0.7352945364
3256,1.0,0.0,0.0,0.0,1.0,1.0,0.2055708849,0.2480094799,0.2909699125,0.8130078416,0.3999998384,0.7313424572
3257,1.0,0.0,0.0,0.0,1.0,1.0,0.2165456929,0.2581581196,0.2833332669,0.7923081171,0.3911440343,0.728571584
3258,1.0,0.0,0.0,0.0,1.0,1.0,0.2230295767,0.2609653768,0.2852349184,0.7894744404,0.3962962861,0.7163124625
3259,1.0,0.0,0.0,0.0,1.0,1.0,0.2250399928,0.2616721602,0.2814569232,0.7794115784,0.4109092048,0.7083335827
3260,1.0,0.0,0.0,0.0,1.0,1.0,0.2230160123,0.2597116355,0.2876032129,0.7703693959,0.4157707893,0.6965515002
3261,1.0,0.0,0.0,0.0,1.0,1.0,0.2232084414,0.2552923193,0.2783333084,0.7835826431,0.405796971,0.7304963778
3262,1.0,0.0,0.0,0.0,1.0,1.0,0.2182116504,0.247154309,0.2949999275,0.7938918657,0.4151624493,0.7299268471
3263,1.0,0.0,0.0,0.0,1.0,1.0,0.221352967,0.2579785129,0.2936242007,0.7878776469,0.4187724717,0.7342657977
3264,1.0,0.0,0.0,0.0,1.0,1.0,0.2139270922,0.2534816482,0.2826086722,0.8046874738,0.4057971465,0.7428573182
3265,1.0,0.0,0.0,0.0,1.0,1.0,0.2087120657,0.2507757217,0.288624867,0.8130075904,0.4139193721,0.7372261171
3266,1.0,0.0,0.0,0.0,1.0,1.0,0.2104087049,0.2489515588,0.2903225981,0.8064529995,0.4145454095,0.7372272202
3267,1.0,0.0,0.0,0.0,1.0,1.0,0.2224727375,0.2571027985,0.298482317,0.7954540633,0.4275360312,0.7464792578
3268,1.0,0.0,0.0,0.0,1.0,1.0,0.2237807441,0.2534815164,0.2929292362,0.7819547899,0.4239128359,0.7285724608
3269,1.0,0.0,0.0,0.0,1.0,1.0,0.215367913,0.2507626516,0.2929291941,0.8046878156,0.4187725983,0.7482017065
3270,1.0,0.0,0.0,0.0,1.0,1.0,0.2347683102,0.2570508763,0.3036912657,0.7857137313,0.4388487775,0.7202796034
3271,1.0,0.0,0.0,0.0,1.0,1.0,0.2306405574,0.2534555736,0.3127091279,0.775362398,0.4388487538,0.7304954248
3272,1.0,0.0,0.0,0.0,1.0,1.0,0.2303853536,0.2498604411,0.3167496047,0.7697840833,0.4392855355,0.7285706582
3273,1.0,0.0,0.0,0.0,1.0,1.0,0.2307681819,0.250749776,0.3222590087,0.7697845418,0.4519572584,0.7304960952
3274,1.0,0.0,0.0,0.0,1.0,1.0,0.2241270597,0.24538244,0.3305648403,0.7703710096,0.4551972739,0.7299267774
3275,1.0,0.0,0.0,0.0,1.0,1.0,0.2245001955,0.2418579091,0.3327786833,0.7777772446,0.4590746784,0.7279412115
3276,1.0,0.0,0.0,0.0,1.0,1.0,0.2174865741,0.2516449329,0.3255814288,0.7938936732,0.4499998452,0.7304963448
3277,1.0,0.0,0.0,0.0,1.0,1.0,0.2121532916,0.250762489,0.3300166214,0.7890626988,0.4512633965,0.7266198741
3278,1.0,0.0,0.0,0.0,1.0,1.0,0.1988857574,0.2434536124,0.3344482108,0.8067226891,0.4542124939,0.7368416716
3279,1.0,0.0,0.0,0.0,1.0,1.0,0.1841515669,0.2370002316,0.3551088518,0.809091741,0.4595585989,0.7364339113
3280,1.0,0.0,0.0,0.0,1.0,1.0,0.1116213596,0.2176816512,0.4089347017,0.8615405165,0.5037877285,0.7130435583
3281,1.0,0.0,0.0,0.0,0.0,1.0,0.0,0.236406369,0.0,0.0,0.5076923459,0.6016261016
3282,1.0,0.0,0.0,0.0,0.0,1.0,0.0,0.2449994552,0.0,0.0,0.5097274575,0.619047619
3283,1.0,0.0,0.0,0.0,0.0,1.0,0.0,0.2280472569,0.0,0.0,0.5238096229,0.6086955729
3284,1.0,0.0,0.0,0.0,1.0,1.0,0.05706146899,0.2205249219,0.4480968903,0.8484835137,0.5182185895,0.623852442
3285,1.0,0.0,0.0,0.0,0.0,1.0,0.0,0.2170916088,0.0,0.0,0.5122952619,0.5943396777
3286,1.0,0.0,0.0,0.0,1.0,1.0,0.04441974208,0.2202851685,0.4376069285,0.8846193931,0.5061224455,0.6203706027
3287,1.0,0.0,0.0,0.0,0.0,1.0,0.0,0.2273318254,0.0,0.0,0.5204916753,0.6126132229
3288,1.0,0.0,0.0,0.0,0.0,1.0,0.0,0.226594162,0.0,0.0,0.53846167,0.625
3289,1.0,0.0,0.0,0.0,1.0,1.0,0.07635833978,0.2070557312,0.4821731695,0.95555545,0.5577689803,0.7019243225
3290,1.0,0.0,0.0,0.0,1.0,1.0,0.110670716,0.209368965,0.5298126913,0.8769224771,0.6284585129,0.7547175074
3291,1.0,0.0,0.0,0.0,1.0,1.0,0.1299951928,0.2147235341,0.5354729686,0.8571432493,0.6367188548,0.7545459786
3292,1.0,0.0,0.0,0.0,1.0,1.0,0.1533711106,0.2236102624,0.5598649814,0.835165628,0.6692606459,0.7478274481
3293,1.0,0.0,0.0,0.0,1.0,1.0,0.1527157945,0.2244838446,0.5738539983,0.8222215899,0.6914065755,0.7652173106
3294,1.0,0.0,0.0,0.0,1.0,1.0,0.1575394234,0.2205798876,0.5745762182,0.8279560607,0.6835939434,0.7699112396
3295,1.0,0.0,0.0,0.0,1.0,1.0,0.1677029986,0.2225316773,0.5627117509,0.8383845759,0.6757809971,0.7807017707
3296,1.0,0.0,0.0,0.0,1.0,1.0,0.1710452897,0.2274991279,0.5704698299,0.8333350782,0.6887161343,0.7777783862
3297,1.0,0.0,0.0,0.0,1.0,1.0,0.1738894534,0.2303402785,0.5641892606,0.834951257,0.683593779,0.7796613814
3298,1.0,0.0,0.0,0.0,1.0,1.0,0.175577652,0.2264359402,0.5743242717,0.8173086153,0.691406303,0.7844837908
3299,1.0,0.0,0.0,0.0,1.0,1.0,0.1702624595,0.2291212267,0.5672914013,0.8200001702,0.6877470256,0.7758616894
3300,1.0,0.0,0.0,0.0,1.0,1.0,0.1651546909,0.2271461536,0.5638842771,0.8453623507,0.6837947747,0.7913042041
3301,1.0,0.0,0.0,0.0,1.0,1.0,0.1716727329,0.237021611,0.5629252234,0.8118813149,0.68774698,0.7916662175
3302,1.0,0.0,0.0,0.0,1.0,1.0,0.1826394166,0.2360887984,0.5566836218,0.7870371636,0.6732283644,0.7583336994
3303,1.0,0.0,0.0,0.0,1.0,1.0,0.1708013906,0.2370213843,0.5600677286,0.801980468,0.6719367655,0.7416664019
3304,1.0,0.0,0.0,0.0,1.0,1.0,0.1696846336,0.233071184,0.5585737608,0.8099996208,0.6719367013,0.7627129235
3305,1.0,0.0,0.0,0.0,1.0,1.0,0.1671422998,0.2389101799,0.5597269085,0.8163265306,0.6772908266,0.7666680215
3306,1.0,0.0,0.0,0.0,1.0,1.0,0.1737414777,0.2329379611,0.5524957165,0.7920782973,0.6653388112,0.76068319
3307,1.0,0.0,0.0,0.0,1.0,1.0,0.1696845348,0.2291210593,0.5568760931,0.8099985626,0.6758894118,0.7758635358
3308,1.0,0.0,0.0,0.0,1.0,1.0,0.1798657509,0.2380562794,0.555178307,0.8018872482,0.6732282341,0.7685955659
3309,1.0,0.0,0.0,0.0,1.0,1.0,0.1804784368,0.2329375268,0.5468484814,0.8018866791,0.6613543442,0.7606835745
3310,1.0,0.0,0.0,0.0,1.0,1.0,0.1744787352,0.2260644635,0.564406822,0.8058257821,0.6746031179,0.7807022273
3311,1.0,0.0,0.0,0.0,1.0,1.0,0.1537600417,0.2326637562,0.5299144823,0.8111125399,0.6356275769,0.7565221051
3312,1.0,0.0,0.0,0.0,1.0,1.0,0.0580873346,0.2227918963,0.4615384685,0.9705891557,0.5333332447,0.6728983487
3313,1.0,0.0,0.0,0.0,1.0,1.0,0.03701642097,0.2296589135,0.4656083748,0.9523771947,0.5276593495,0.6111104718
3314,1.0,0.0,0.0,0.0,1.0,1.0,0.05360315145,0.2288639505,0.4705882037,0.8709664473,0.5420169586,0.6422023061
3315,1.0,0.0,0.0,0.0,1.0,1.0,0.05735943389,0.2225648423,0.4660869898,1.0,0.5462184274,0.6698114911
3316,1.0,0.0,0.0,0.0,1.0,1.0,0.121507491,0.2182453906,0.4931506983,0.8028160356,0.5795918592,0.7009331272
3317,1.0,0.0,0.0,0.0,1.0,1.0,0.1457162121,0.2254836893,0.5265866374,0.7882360703,0.6178860073,0.720720569
3318,1.0,0.0,0.0,0.0,1.0,1.0,0.1529756986,0.2336092314,0.5119047236,0.766665421,0.6097561496,0.7130430491
3319,1.0,0.0,0.0,0.0,1.0,1.0,0.1654368229,0.232663336,0.5221843443,0.7731952741,0.6113358777,0.7043475405
3320,1.0,0.0,0.0,0.0,1.0,1.0,0.1753706466,0.2387327454,0.522998374,0.786407727,0.6234815884,0.7203383887
3321,1.0,0.0,0.0,0.0,1.0,1.0,0.1691105369,0.2328017143,0.5228426387,0.7399995802,0.6184739903,0.7068964893
3322,1.0,0.0,0.0,0.0,1.0,1.0,0.1750722594,0.2358683346,0.5204080253,0.7572818888,0.6200000167,0.7203386674
3323,1.0,0.0,0.0,0.0,1.0,1.0,0.1826391889,0.2389102642,0.5059221899,0.7314813732,0.6135459286,0.7083334795
3324,1.0,0.0,0.0,0.0,1.0,1.0,0.1762716066,0.2357551828,0.522260329,0.7475722039,0.6209674971,0.7094012354
3325,1.0,0.0,0.0,0.0,1.0,1.0,0.1877123914,0.2339964146,0.5329949775,0.7567574667,0.6428570544,0.7203379361
3326,1.0,0.0,0.0,0.0,1.0,1.0,0.1809621483,0.2342440004,0.5199335932,0.8073385151,0.6328123567,0.7499995552
3327,1.0,0.0,0.0,0.0,1.0,1.0,0.1601778479,0.2212202962,0.4941568593,0.8333325915,0.6007906256,0.7500004769
3328,1.0,0.0,0.0,0.0,0.0,1.0,0.0,0.1978065496,0.0,0.0,0.5208332332,0.7368410585
3329,1.0,0.0,0.0,0.0,1.0,1.0,0.03804091092,0.2049068051,0.4653979083,0.8636346238,0.5230123958,0.62244887
3330,1.0,0.0,0.0,0.0,1.0,1.0,0.03600045038,0.2126911048,0.45797586,0.8095195339,0.5123965333,0.5922332467
3331,1.0,0.0,0.0,0.0,1.0,1.0,0.037779329,0.2064962426,0.4312714818,0.9090953517,0.491735506,0.630000258
3332,1.0,0.0,0.0,0.0,1.0,1.0,0.0360007984,0.2039677614,0.4288165115,1.0,0.4897960074,0.6500011761
3333,1.0,0.0,0.0,0.0,0.0,1.0,0.0,0.1975180787,0.0,0.0,0.5098815342,0.6899990498
3334,1.0,0.0,0.0,0.0,1.0,1.0,0.06448031915,0.1888709276,0.4159593654,0.9736837602,0.4842521213,0.7291656789
3335,1.0,0.0,0.0,0.0,1.0,1.0,0.09672022303,0.1952035603,0.4142613991,0.8771945128,0.4804685456,0.7500005405
3336,1.0,0.0,0.0,0.0,1.0,1.0,0.1411174821,0.2090085266,0.3621261772,0.8588222189,0.4486691379,0.7363642187
3337,1.0,0.0,0.0,0.0,1.0,1.0,0.1717033203,0.2165456268,0.3257698144,0.8113195829,0.4222222403,0.7264955502
3338,1.0,0.0,0.0,0.0,1.0,1.0,0.1931290927,0.2216945873,0.3123993371,0.7666667276,0.4218179471,0.6967203097
3339,1.0,0.0,0.0,0.0,1.0,1.0,0.1714254707,0.2123353379,0.3058252643,0.7830197687,0.4139194124,0.7241384543
3340,1.0,0.0,0.0,0.0,1.0,1.0,0.1701178164,0.2042651659,0.3126023241,0.8076936014,0.41970784,0.7410713763
3341,1.0,0.0,0.0,0.0,1.0,1.0,0.1868875774,0.2049212998,0.3056910546,0.7478266469,0.4172662856,0.7105259136
3342,1.0,0.0,0.0,0.0,1.0,1.0,0.1839362884,0.2052423185,0.3159608223,0.7699127523,0.4250002469,0.721738779
3343,1.0,0.0,0.0,0.0,1.0,1.0,0.1867809151,0.2123812721,0.3114753251,0.7280708949,0.4250000485,0.6806727296
3344,1.0,0.0,0.0,0.0,1.0,1.0,0.1893505044,0.2095602973,0.319604534,0.739131006,0.4265232573,0.7094019144
3345,1.0,0.0,0.0,0.0,1.0,1.0,0.1949730505,0.2111498606,0.3311475333,0.7563023656,0.4401408301,0.741666575
3346,1.0,0.0,0.0,0.0,1.0,1.0,0.2025228895,0.2197354441,0.317957142,0.7073159544,0.4326241517,0.7016121129
3347,1.0,0.0,0.0,0.0,1.0,1.0,0.1956141135,0.2093901965,0.3190790022,0.7310920829,0.4295775539,0.7310925755
3348,1.0,0.0,0.0,0.0,1.0,1.0,0.1922641108,0.2065980174,0.3266999247,0.7413794725,0.4381623182,0.7264967146
3349,1.0,0.0,0.0,0.0,1.0,1.0,0.2018574868,0.2104086738,0.3267652847,0.7398368979,0.4526316588,0.7166672976
3350,1.0,0.0,0.0,0.0,1.0,1.0,0.2071811055,0.2118958276,0.3266997939,0.7360007971,0.4487633559,0.7249990896
3351,1.0,0.0,0.0,0.0,1.0,1.0,0.2035286758,0.2146688018,0.3427151738,0.7317083098,0.4542252968,0.7131145347
3352,1.0,0.0,0.0,0.0,1.0,1.0,0.2118025668,0.217193345,0.3278146322,0.7343745187,0.4416961185,0.6991868326
3353,1.0,0.0,0.0,0.0,1.0,1.0,0.1832309151,0.2116255308,0.3266666594,0.7636369067,0.4306047618,0.7142854513
3354,1.0,0.0,0.0,0.0,1.0,1.0,0.09301089011,0.1864903528,0.36717421,0.8545425009,0.4601448885,0.728155781
3355,1.0,0.0,0.0,0.0,1.0,1.0,0.04186124619,0.1790044326,0.4380454635,0.7916711092,0.4888059108,0.6041662039
3356,1.0,0.0,0.0,0.0,1.0,1.0,0.02986036502,0.1810313266,0.428822411,1.0,0.4792452482,0.5937506237
3357,1.0,0.0,0.0,0.0,1.0,1.0,0.02785928713,0.1901923074,0.419860646,1.0,0.4813432064,0.5784332191
3358,1.0,0.0,0.0,0.0,1.0,1.0,0.05232681866,0.1665738362,0.4083769619,0.9333300455,0.4644195631,0.7078651952
3359,1.0,0.0,0.0,0.0,1.0,1.0,0.1183775256,0.1944369255,0.3604060914,0.8,0.4472725594,0.7383171122
3360,1.0,0.0,0.0,0.0,1.0,1.0,0.1508280422,0.20702708,0.3466003672,0.7912092299,0.4535713782,0.7241382487
3361,1.0,0.0,0.0,0.0,1.0,1.0,0.1839363469,0.2168927719,0.3371336132,0.7522132465,0.4583334441,0.7200002101
3362,1.0,0.0,0.0,0.0,1.0,1.0,0.1911409294,0.2211311555,0.3403566135,0.737288263,0.4564459634,0.6929138258
3363,1.0,0.0,0.0,0.0,1.0,1.0,0.1914515167,0.216893029,0.3376623412,0.7542363846,0.4548610765,0.7119999859
3364,1.0,0.0,0.0,0.0,1.0,1.0,0.1962897382,0.2178712206,0.3453355674,0.7583341241,0.4602075011,0.7222217395
3365,1.0,0.0,0.0,0.0,1.0,1.0,0.202832967,0.2159071239,0.340425628,0.7419353689,0.4564460801,0.709678109
3366,1.0,0.0,0.0,0.0,1.0,1.0,0.2011969273,0.2168929849,0.3436988228,0.7479682213,0.4618056907,0.7200004224
3367,1.0,0.0,0.0,0.0,1.0,1.0,0.2117044865,0.2193897624,0.3415434424,0.7519379713,0.4529616631,0.7063495106
3368,1.0,0.0,0.0,0.0,1.0,1.0,0.2261034922,0.2273038837,0.3426229658,0.7391307153,0.454861091,0.7022901023
3369,1.0,0.0,0.0,0.0,1.0,1.0,0.2159189415,0.2273035279,0.3453354754,0.750000421,0.4583333494,0.7099227834
3370,1.0,0.0,0.0,0.0,1.0,1.0,0.2061041765,0.2246133778,0.3289689925,0.7539676922,0.456445799,0.7131778501
3371,1.0,0.0,0.0,0.0,1.0,1.0,0.2211880565,0.2290389047,0.3475410028,0.7407404346,0.4583334302,0.7045455698
3372,1.0,0.0,0.0,0.0,1.0,1.0,0.2140483416,0.2211310528,0.3492586431,0.7538470156,0.4599302908,0.7086609111
3373,1.0,0.0,0.0,0.0,1.0,1.0,0.2215510565,0.2265170334,0.3579639772,0.7481483676,0.4705881675,0.7022915009
3374,1.0,0.0,0.0,0.0,1.0,1.0,0.2261032881,0.2257357249,0.3557376993,0.7391309884,0.4724138166,0.7099235617
3375,1.0,0.0,0.0,0.0,1.0,1.0,0.2211876913,0.2265171367,0.3540983647,0.7407419296,0.4705883014,0.7022896471
3376,1.0,0.0,0.0,0.0,1.0,1.0,0.220271723,0.2306404329,0.3453946931,0.7388061153,0.4615386075,0.6893930916
3377,1.0,0.0,0.0,0.0,1.0,1.0,0.2219155033,0.2333191724,0.3470395144,0.7407409205,0.4599300724,0.7014918561
3378,1.0,0.0,0.0,0.0,1.0,1.0,0.2177003475,0.2288930342,0.3498348773,0.7499987438,0.4580417946,0.7022903211
3379,1.0,0.0,0.0,0.0,1.0,1.0,0.216983976,0.2298367189,0.3470395531,0.7424248291,0.4668992068,0.7272719621
3380,1.0,0.0,0.0,0.0,1.0,1.0,0.2120525147,0.223833248,0.3503290602,0.751938116,0.465277725,0.7131774922
3381,1.0,0.0,0.0,0.0,1.0,1.0,0.2100631832,0.2196003477,0.3497536857,0.7656247046,0.4671280527,0.7165347102
3382,1.0,0.0,0.0,0.0,1.0,1.0,0.2138108455,0.2236515478,0.3466003379,0.7519372018,0.4615384907,0.718750371
3383,1.0,0.0,0.0,0.0,1.0,1.0,0.2182112853,0.2242563451,0.3399999283,0.7557248396,0.4522969595,0.7244107567
3384,1.0,0.0,0.0,0.0,1.0,1.0,0.2079376625,0.2207246641,0.3523490841,0.7499991174,0.4664311336,0.7200001401
3385,1.0,0.0,0.0,0.0,1.0,1.0,0.2220983364,0.2217068823,0.3468013499,0.7424249153,0.4612676191,0.7142864528
3386,1.0,0.0,0.0,0.0,1.0,1.0,0.2155988191,0.2181879976,0.3428093903,0.7364342779,0.4577465568,0.7177417522
3387,1.0,0.0,0.0,0.0,1.0,1.0,0.2217302507,0.2247877625,0.3443707817,0.7313434056,0.4602075784,0.6923080813
3388,1.0,0.0,0.0,0.0,1.0,1.0,0.2184209531,0.2207673834,0.3509933039,0.7348483854,0.4691782282,0.6899225978
3389,1.0,0.0,0.0,0.0,1.0,1.0,0.2165457486,0.2196004389,0.3550000339,0.7384610241,0.4740484403,0.7007882638
3390,1.0,0.0,0.0,0.0,1.0,1.0,0.2145226846,0.2213296947,0.3444259778,0.7364332597,0.4671281538,0.6953132693
3391,1.0,0.0,0.0,0.0,1.0,1.0,0.1988771256,0.2121624459,0.3322092005,0.762710596,0.4491229183,0.7190087205
3392,1.0,0.0,0.0,0.0,1.0,1.0,0.2008930732,0.2156691097,0.2814071273,0.7416667123,0.3964913978,0.6991862392
3393,1.0,0.0,0.0,0.0,1.0,1.0,0.2045838374,0.2244359835,0.2533557098,0.7540979763,0.3754386967,0.7031250537
3394,1.0,0.0,0.0,0.0,1.0,1.0,0.2138107729,0.2220982276,0.2636815796,0.7364344323,0.375,0.6953121843
3395,1.0,0.0,0.0,0.0,1.0,1.0,0.2204407336,0.225568163,0.2553897794,0.7368424479,0.3715277673,0.7076926407
3396,1.0,0.0,0.0,0.0,1.0,1.0,0.2124022391,0.2249599837,0.2537067317,0.7364343988,0.3780067834,0.6870235533
3397,1.0,0.0,0.0,0.0,1.0,1.0,0.2197118809,0.231035154,0.254545347,0.7443612263,0.3801370276,0.7037032199
3398,1.0,0.0,0.0,0.0,1.0,1.0,0.2204651044,0.2353632745,0.2549019467,0.7407406803,0.378839661,0.7101444878
3399,1.0,0.0,0.0,0.0,1.0,1.0,0.2175544329,0.2319522177,0.2553191832,0.7218041275,0.3822527433,0.6985291868
3400,1.0,0.0,0.0,0.0,1.0,1.0,0.2273689726,0.2396621255,0.2569558443,0.7122295563,0.3843537174,0.6950357373
3401,1.0,0.0,0.0,0.0,1.0,1.0,0.2199099384,0.2353636201,0.2594416812,0.701492829,0.3890783674,0.6811590765
3402,1.0,0.0,0.0,0.0,1.0,1.0,0.2051836564,0.2283947468,0.2599337449,0.701612065,0.3814435387,0.6842115636
3403,1.0,0.0,0.0,0.0,1.0,1.0,0.2124020482,0.225900831,0.2668862849,0.7054269624,0.3938355394,0.7045455677
3404,1.0,0.0,0.0,0.0,1.0,1.0,0.2140486775,0.2285411148,0.2619439392,0.7076918146,0.3890784345,0.7014931968
3405,1.0,0.0,0.0,0.0,1.0,1.0,0.2121534468,0.2266775472,0.2603647649,0.7109372321,0.3814432795,0.6969693443
3406,1.0,0.0,0.0,0.0,1.0,1.0,0.2121532919,0.2301122412,0.2570481582,0.7187511133,0.3848795572,0.6940293428
3407,1.0,0.0,0.0,0.0,1.0,1.0,0.2107555388,0.2283949441,0.2570016445,0.7109364113,0.3848796827,0.6842109567
3408,1.0,0.0,0.0,0.0,1.0,1.0,0.2164080994,0.2326284999,0.2545453849,0.7175575789,0.3793103833,0.7037031709
3409,1.0,0.0,0.0,0.0,1.0,1.0,0.2114519575,0.2283949532,0.2595042224,0.726563524,0.3848796569,0.7067674716
3410,1.0,0.0,0.0,0.0,1.0,1.0,0.1982224323,0.2228718221,0.2549999914,0.7058813867,0.3763065056,0.6796882689
3411,1.0,0.0,0.0,0.0,1.0,1.0,0.1418125689,0.2016419243,0.2888513966,0.7857133805,0.3999999253,0.7043468602
3412,1.0,0.0,0.0,0.0,0.0,1.0,0.0,0.1903701868,0.0,0.0,0.5091574069,0.5769220582
3413,1.0,0.0,0.0,0.0,1.0,1.0,0.03714736745,0.1889853202,0.4371681376,0.809525241,0.490908792,0.5384612272
3414,1.0,0.0,0.0,0.0,1.0,1.0,0.04961739934,0.1812174188,0.4414894301,0.8571482591,0.5054942031,0.6363644142
3415,1.0,0.0,0.0,0.0,1.0,1.0,0.1249303355,0.1909647853,0.4010416024,0.7361106574,0.4892856121,0.6822413473
3416,1.0,0.0,0.0,0.0,1.0,1.0,0.1951372093,0.2131673582,0.3887945451,0.704347436,0.4930068669,0.6639349028
3417,1.0,0.0,0.0,0.0,1.0,1.0,0.2124663689,0.2244362978,0.3826529593,0.7200000684,0.4912281754,0.6796876435
3418,1.0,0.0,0.0,0.0,1.0,1.0,0.2042779371,0.2253983875,0.3902027512,0.7190086636,0.4965034489,0.6821704776
3419,1.0,0.0,0.0,0.0,1.0,1.0,0.2099667591,0.2236515971,0.3983194604,0.7359997342,0.503496418,0.710936326
3420,1.0,0.0,0.0,0.0,1.0,1.0,0.211901986,0.2271458894,0.4040067337,0.7322824794,0.5069931972,0.7076923335
3421,1.0,0.0,0.0,0.0,1.0,1.0,0.2091088955,0.2222895156,0.3986820829,0.7401583793,0.5068966212,0.6976747307
3422,1.0,0.0,0.0,0.0,1.0,1.0,0.2164912635,0.2276124288,0.4022800726,0.7142857143,0.5171232851,0.6842111318
3423,1.0,0.0,0.0,0.0,1.0,1.0,0.2127523946,0.226517184,0.392739302,0.7441851375,0.508650641,0.7022906001
3424,1.0,0.0,0.0,0.0,1.0,1.0,0.2242970562,0.2368018386,0.3828383122,0.7132350065,0.49825795,0.6764705403
3425,1.0,0.0,0.0,0.0,1.0,1.0,0.2224616091,0.2360752401,0.39116197,0.7352946384,0.5068966051,0.7007298804
3426,1.0,0.0,0.0,0.0,1.0,1.0,0.2166276883,0.2317045693,0.3825944159,0.7272725775,0.498269848,0.6865669219
3427,1.0,0.0,0.0,0.0,1.0,1.0,0.2173413727,0.2282460016,0.3706754563,0.750000419,0.4913495802,0.704546102
3428,1.0,0.0,0.0,0.0,1.0,1.0,0.2217305572,0.2288931238,0.3874171482,0.7313420977,0.5034966362,0.6946563893
3429,1.0,0.0,0.0,0.0,1.0,1.0,0.2233855019,0.2306405089,0.3824502508,0.7333326923,0.499999811,0.7045453056
3430,1.0,0.0,0.0,0.0,1.0,1.0,0.2242970686,0.2307738962,0.3844883374,0.7279419915,0.5034720498,0.6992478609
3431,1.0,0.0,0.0,0.0,1.0,1.0,0.2235591672,0.2411849545,0.3749999887,0.7352937849,0.4895831029,0.6906478574
3432,1.0,0.0,0.0,0.0,1.0,1.0,0.2313981609,0.2360748082,0.3776683778,0.7234036882,0.4965516795,0.6934302447
3433,1.0,0.0,0.0,0.0,1.0,1.0,0.2367100443,0.2411846585,0.3667762265,0.7152772765,0.482638725,0.6834537869
3434,1.0,0.0,0.0,0.0,1.0,1.0,0.2315184553,0.2369813233,0.3752039628,0.7253511845,0.4982820399,0.7028981622
3435,1.0,0.0,0.0,0.0,1.0,1.0,0.2261034478,0.2377984924,0.3622951206,0.7391304348,0.4862068255,0.7028980161
3436,1.0,0.0,0.0,0.0,1.0,1.0,0.2298879624,0.2386981919,0.3670472296,0.737588597,0.4948452084,0.6978418066
3437,1.0,0.0,0.0,0.0,1.0,1.0,0.2433280242,0.2395215672,0.3676471223,0.7248320362,0.4862069502,0.6834541836
3438,1.0,0.0,0.0,0.0,1.0,1.0,0.2340156303,0.2455377154,0.3674796686,0.7083325782,0.4948096704,0.6690140414
3439,1.0,0.0,0.0,0.0,1.0,1.0,0.2389618825,0.2481373837,0.3634895423,0.7297291701,0.4862067951,0.68749943
3440,1.0,0.0,0.0,0.0,1.0,1.0,0.2320131332,0.2455671818,0.3766232979,0.7552455721,0.5017184011,0.6923079288
3441,1.0,0.0,0.0,0.0,1.0,1.0,0.2352582828,0.246437816,0.3766233626,0.737931761,0.5034246523,0.6874990391
3442,1.0,0.0,0.0,0.0,1.0,1.0,0.2368806904,0.2447261873,0.3814935829,0.7397261493,0.5068494877,0.6923081584
3443,1.0,0.0,0.0,0.0,1.0,1.0,0.2233662536,0.2421328448,0.381729171,0.7299276354,0.5051546662,0.687942351
3444,1.0,0.0,0.0,0.0,1.0,1.0,0.1131125927,0.2023959481,0.4104728774,0.7761219921,0.4910393505,0.6725668697
3445,1.0,0.0,0.0,0.0,1.0,1.0,0.05142934295,0.2297985019,0.4442538619,0.7000007198,0.5145985416,0.5396823493
3446,1.0,0.0,0.0,0.0,1.0,1.0,0.04833241235,0.228810215,0.4455958045,0.9285736417,0.5091575062,0.5520006802
3447,1.0,0.0,0.0,0.0,1.0,1.0,0.09273151479,0.2071567815,0.4415807985,0.8518528962,0.5200000632,0.6842102251
3448,1.0,0.0,0.0,0.0,1.0,1.0,0.1833688867,0.2279426573,0.3801653321,0.7657654849,0.4771929532,0.7000006655
3449,1.0,0.0,0.0,0.0,1.0,1.0,0.2086925996,0.2395213548,0.3898858429,0.7343760191,0.496551792,0.6834533284
3450,1.0,0.0,0.0,0.0,1.0,1.0,0.2164912474,0.2395922397,0.3843648287,0.7368417578,0.5034245495,0.6928568293
3451,1.0,0.0,0.0,0.0,1.0,1.0,0.2050971904,0.2377980502,0.381107532,0.7460319369,0.5000001864,0.6884063425
3452,1.0,0.0,0.0,0.0,1.0,1.0,0.2208256596,0.2463901341,0.3682488197,0.7185187964,0.4895831304,0.6619717873
3453,1.0,0.0,0.0,0.0,1.0,1.0,0.2181193336,0.2377984315,0.3794788569,0.7238802531,0.4999998165,0.6811592414
3454,1.0,0.0,0.0,0.0,1.0,1.0,0.2097190111,0.2351625394,0.3918032254,0.7343749204,0.5051904011,0.6911756952
3455,1.0,0.0,0.0,0.0,1.0,1.0,0.2124019764,0.2333192429,0.38385496,0.7364347598,0.4947734521,0.6940298387
3456,1.0,0.0,0.0,0.0,1.0,1.0,0.2129956595,0.2377146283,0.3803278364,0.7230761437,0.4930554815,0.6861312348
3457,1.0,0.0,0.0,0.0,1.0,1.0,0.2096387622,0.2299754727,0.3869919188,0.7286818055,0.5017301882,0.6842097536
3458,1.0,0.0,0.0,0.0,1.0,1.0,0.2122996357,0.2385424743,0.3709149729,0.7307694833,0.4843207918,0.6934313617
3459,1.0,0.0,0.0,0.0,1.0,1.0,0.2175544491,0.2377144125,0.3780687934,0.7142854815,0.496527655,0.6861324031
3460,1.0,0.0,0.0,0.0,1.0,1.0,0.2134568365,0.2340242261,0.3675496611,0.7441849116,0.4788734708,0.7067669296
3461,1.0,0.0,0.0,0.0,1.0,1.0,0.2118025306,0.2340239741,0.374172201,0.7343739028,0.482394459,0.7067676916
3462,1.0,0.0,0.0,0.0,1.0,1.0,0.210063117,0.2306403856,0.3825944717,0.7265632385,0.4930068568,0.6969697944
3463,1.0,0.0,0.0,0.0,1.0,1.0,0.2088386926,0.2244359516,0.3797677561,0.7222222222,0.4842105505,0.6953124467
3464,1.0,0.0,0.0,0.0,1.0,1.0,0.2138109804,0.227942927,0.3681593048,0.7286806423,0.4771930103,0.7076909304
3465,1.0,0.0,0.0,0.0,1.0,1.0,0.2078048993,0.2296961555,0.3712870576,0.7301586231,0.4736840144,0.6946560303
3466,1.0,0.0,0.0,0.0,1.0,1.0,0.2045449634,0.2261896135,0.3727120816,0.7154468447,0.4807015801,0.6976738809
3467,1.0,0.0,0.0,0.0,1.0,1.0,0.2147561542,0.2315780591,0.3719007449,0.7076928478,0.4773520205,0.691728365
3468,1.0,0.0,0.0,0.0,1.0,1.0,0.2124021066,0.2315779037,0.3624381345,0.7131778471,0.47038306,0.6917295957
3469,1.0,0.0,0.0,0.0,1.0,1.0,0.2051398652,0.2265170701,0.3612479371,0.7280008818,0.4671279256,0.6946553543
3470,1.0,0.0,0.0,0.0,1.0,1.0,0.221915831,0.234244131,0.3651315798,0.7037031654,0.4722219385,0.6814813977
3471,1.0,0.0,0.0,0.0,1.0,1.0,0.2153402643,0.2247877793,0.3667763533,0.7099246035,0.477508528,0.6999998324
3472,1.0,0.0,0.0,0.0,1.0,1.0,0.2078049362,0.2211309707,0.3630362079,0.7380951565,0.4668988853,0.7007880304
3473,1.0,0.0,0.0,0.0,1.0,1.0,0.2041692388,0.2203630125,0.3607907958,0.7419369506,0.46875,0.7086611619
3474,1.0,0.0,0.0,0.0,1.0,1.0,0.2101475095,0.2236511037,0.3625828325,0.7244095431,0.4720280026,0.6953134149
3475,1.0,0.0,0.0,0.0,1.0,1.0,0.2095334746,0.2261893136,0.3660565901,0.7222222222,0.4807017397,0.6899225721
3476,1.0,0.0,0.0,0.0,1.0,1.0,0.2048443039,0.2238334863,0.3603306277,0.7177425731,0.4756944497,0.689922821
3477,1.0,0.0,0.0,0.0,1.0,1.0,0.2061555372,0.2238329579,0.3630364028,0.7200006229,0.475694292,0.6976744966
3478,1.0,0.0,0.0,0.0,1.0,1.0,0.2078046178,0.2193895614,0.3630363323,0.7222226049,0.4703831989,0.6825383977
3479,1.0,0.0,0.0,0.0,1.0,1.0,0.2121534737,0.2228720396,0.3681591414,0.7265635641,0.4773518132,0.6875007357
3480,1.0,0.0,0.0,0.0,1.0,1.0,0.2084928187,0.2201567369,0.3658940821,0.7301590026,0.4720281041,0.7142862046
3481,1.0,0.0,0.0,0.0,1.0,1.0,0.209882836,0.2199473731,0.3700000349,0.7301585947,0.4753518901,0.6959993668
3482,1.0,0.0,0.0,0.0,1.0,1.0,0.2025668646,0.2179632095,0.3584589938,0.727273215,0.468085139,0.7073172877
3483,1.0,0.0,0.0,0.0,1.0,1.0,0.186672528,0.2174225462,0.3289256577,0.7433621243,0.4350876306,0.6935471839
3484,1.0,0.0,0.0,0.0,1.0,1.0,0.1915595973,0.2174226456,0.3183332901,0.7391308479,0.4245613968,0.6774196391
3485,1.0,0.0,0.0,0.0,1.0,1.0,0.2002250977,0.2174224474,0.3249159157,0.7478994039,0.435087827,0.6935487807
3486,1.0,0.0,0.0,0.0,1.0,1.0,0.1972144839,0.2151575727,0.3260869213,0.745761908,0.4305556801,0.685483703
3487,1.0,0.0,0.0,0.0,1.0,1.0,0.2012297517,0.225398793,0.2885905479,0.7416675556,0.4055944745,0.6821708295
3488,1.0,0.0,0.0,0.0,1.0,1.0,0.2012412552,0.2226826174,0.2774957644,0.7478988217,0.3929822701,0.6929136151
3489,1.0,0.0,0.0,0.0,1.0,1.0,0.2042781047,0.2236512181,0.278716163,0.7190073854,0.3951048584,0.6718751571
3490,1.0,0.0,0.0,0.0,1.0,1.0,0.2045836792,0.2171200876,0.285234794,0.7377058457,0.4068966184,0.6904772505
3491,1.0,0.0,0.0,0.0,1.0,1.0,0.2132141414,0.2249601233,0.2650000254,0.7265635368,0.3848795657,0.6717560551
3492,1.0,0.0,0.0,0.0,1.0,1.0,0.1866527933,0.2144130221,0.2903225687,0.7454555221,0.4117646836,0.7016127324
3493,1.0,0.0,0.0,0.0,1.0,1.0,0.1906941638,0.2050576269,0.2776830325,0.6964291642,0.3931036198,0.6890749971
3494,1.0,0.0,0.0,0.0,1.0,1.0,0.1697163512,0.2012766969,0.2315608813,0.7272731281,0.3472224116,0.6982750186
3495,1.0,0.0,0.0,0.0,1.0,1.0,0.1747273249,0.2009189311,0.218531451,0.7299993376,0.3367695301,0.7008544912
3496,1.0,0.0,0.0,0.0,1.0,1.0,0.1622708737,0.2027335279,0.2029519899,0.7499993755,0.2953737921,0.701753777
3497,1.0,0.0,0.0,0.0,1.0,1.0,0.1925954955,0.2013011107,0.1861553709,0.6990299037,0.2932861554,0.6578954384
3498,1.0,0.0,0.0,0.0,1.0,1.0,0.199888511,0.2095603025,0.1666665953,0.6666659527,0.2724016272,0.6666654218
3499,1.0,0.0,0.0,0.0,1.0,1.0,0.199107834,0.2141663405,0.1992187891,0.6274500377,0.3163263644,0.6507932577
3500,1.0,0.0,0.0,0.0,1.0,1.0,0.228848994,0.2260642528,0.1874368363,0.6194687526,0.3061223428,0.639098659
3501,1.0,-0.7853981853,0.0,0.0,1.0,1.0,0.2544777431,0.2296018723,0.1714578626,0.596773225,0.2972972573,0.6323529175
3502,1.0,-0.7853981853,0.0,0.0,1.0,1.0,0.2545165436,0.2286859065,0.1832299864,0.5934955271,0.2983051012,0.6296305365
3503,1.0,-0.7853981853,0.0,0.0,1.0,1.0,0.2663802608,0.2364450852,0.1632232885,0.5813951497,0.2885906712,0.6312056626
3504,1.0,-0.7853981853,0.0,0.0,1.0,1.0,0.2581203915,0.228969096,0.1797521973,0.5760006349,0.3076924211,0.6204380737
3505,1.0,-0.7853981853,0.0,0.0,1.0,1.0,0.2531783332,0.2280603581,0.1705823223,0.5806445825,0.2953021336,0.6250008179
3506,1.0,-0.7853981853,0.0,0.0,1.0,1.0,0.2488320686,0.228685732,0.1635802576,0.5867775159,0.2847458923,0.6296303041
3507,1.0,-0.7853981853,0.0,0.0,1.0,1.0,0.2490947884,0.2262248483,0.1624104725,0.5819677512,0.2905407207,0.6194033196
3508,1.0,-0.7853981853,0.0,0.0,1.0,1.0,0.2346865449,0.2252981923,0.1781376582,0.594827355,0.3016950352,0.6240596228
3509,1.0,-0.7853981853,0.0,0.0,1.0,1.0,0.2287878774,0.2269918999,0.171686796,0.5789462252,0.2915255452,0.6119400478
3510,1.0,0.0,0.0,0.0,1.0,1.0,0.2275957362,0.2294638096,0.1673266962,0.5999992255,0.2925171175,0.6370364384
3511,1.0,0.0,0.0,0.0,1.0,1.0,0.2188123751,0.2251299562,0.1834319761,0.6036042008,0.3071671498,0.6287880835
3512,1.0,0.0,0.0,0.0,1.0,1.0,0.2271016852,0.2259012061,0.1929481063,0.6034485762,0.3150683668,0.636363791
3513,1.0,0.0,0.0,0.0,1.0,1.0,0.2192191313,0.2244361879,0.1774675485,0.5999991971,0.2982454103,0.6406252695
3514,1.0,0.0,0.0,0.0,1.0,1.0,0.2181322427,0.226022122,0.1775793303,0.6,0.3003532263,0.632812061
3515,1.0,0.0,0.0,0.0,1.0,1.0,0.2126889177,0.2294091078,0.1793102931,0.6018530844,0.3024910577,0.6589157627
3516,1.0,0.0,0.0,0.0,1.0,1.0,0.2205387213,0.2256803336,0.1955867022,0.6090906606,0.3189962531,0.6507934073
3517,1.0,0.0,0.0,0.0,1.0,1.0,0.2203650263,0.2330854488,0.1980488019,0.6106185457,0.3180211646,0.659090458
3518,1.0,0.0,0.0,0.0,1.0,1.0,0.2264357516,0.2339119282,0.2050781321,0.5862063786,0.322694733,0.6439392564
3519,1.0,0.0,0.0,0.0,1.0,1.0,0.2173953148,0.2382182341,0.1819057226,0.628319696,0.293907026,0.6541357088
3520,1.0,0.0,0.0,0.0,1.0,1.0,0.2202159462,0.2402167684,0.1939735654,0.6239316562,0.3052631579,0.6350363905
3521,1.0,0.0,0.0,0.0,1.0,1.0,0.2101097918,0.2391522251,0.1912878614,0.612611952,0.2999999607,0.6417914368
3522,1.0,0.0,0.0,0.0,1.0,1.0,0.2377854651,0.2559974635,0.1970260457,0.624999787,0.3157894737,0.6438358211
3523,1.0,0.0,0.0,0.0,1.0,1.0,0.232644624,0.2560406385,0.1955305996,0.6480003481,0.3074203983,0.6689661174
3524,1.0,0.0,0.0,0.0,1.0,1.0,0.2255617212,0.2516200124,0.2018348515,0.6422760506,0.3133803286,0.6643361938
3525,1.0,0.0,0.0,0.0,1.0,1.0,0.2314886208,0.2516200595,0.2058823412,0.6507926131,0.3204225715,0.6573432192
3526,1.0,0.0,0.0,0.0,1.0,1.0,0.2353757869,0.255102064,0.2101449461,0.6307697191,0.3181819562,0.650684147
3527,1.0,0.0,0.0,0.0,1.0,1.0,0.2158504388,0.2454770051,0.2232305059,0.6470581997,0.3333335792,0.6499994742
3528,1.0,0.0,0.0,0.0,1.0,1.0,0.07973284589,0.202351876,0.3562151298,0.7209317412,0.4612674049,0.7043479721
3529,1.0,0.0,0.0,0.0,1.0,1.0,0.05977958175,0.1945339296,0.4149532956,0.6250016649,0.4857144922,0.6238533186
3530,1.0,0.0,0.0,0.0,1.0,1.0,0.0510112213,0.1948370142,0.4517957484,0.5925914338,0.5054150813,0.5833346369
3531,1.0,0.0,0.0,0.0,1.0,1.0,0.04117569319,0.1998883918,0.4494381733,0.63636451,0.5107140809,0.5535710578
3532,1.0,0.0,0.0,0.0,1.0,1.0,0.04288626748,0.1988135499,0.4458955891,0.5652141706,0.5053761021,0.5405402813
3533,1.0,0.0,0.0,0.0,1.0,1.0,0.030058431,0.2009744851,0.4417293486,0.6875090557,0.489130244,0.5135137188
3534,1.0,0.0,0.0,0.0,1.0,1.0,0.0355605076,0.1955433021,0.4606741086,0.5263175395,0.4999998094,0.5000009749
3535,1.0,0.0,0.0,0.0,1.0,1.0,0.05201560975,0.1889854668,0.4535316369,0.6071423218,0.5018181763,0.5384616937
3536,1.0,0.0,0.0,0.0,1.0,1.0,0.04812137304,0.1969701967,0.4518518187,0.7307654976,0.5072993121,0.5833331711
3537,1.0,0.0,0.0,0.0,1.0,1.0,0.06167146217,0.194534105,0.4410163228,0.794115085,0.5071429138,0.6513759687
3538,1.0,0.0,0.0,0.0,1.0,1.0,0.1304387766,0.2116256035,0.3915344555,0.7162167254,0.4768684373,0.6890761603
3539,1.0,0.0,0.0,0.0,1.0,1.0,0.2082873086,0.2413616234,0.361344473,0.7096767367,0.4727892762,0.6619718961
3540,1.0,0.0,0.0,0.0,1.0,1.0,0.2306403578,0.2565684188,0.3502454393,0.6950355495,0.4765099656,0.6601311886
3541,1.0,0.0,0.0,0.0,1.0,1.0,0.2363214464,0.2507014518,0.3546798799,0.6944444444,0.4747473669,0.6644302596
3542,1.0,0.0,0.0,0.0,1.0,1.0,0.2332570663,0.2548913005,0.3776337498,0.7013887922,0.496644348,0.6644731055
3543,1.0,0.0,0.0,0.0,1.0,1.0,0.2421413082,0.259241026,0.3609755859,0.7248324153,0.4709899062,0.684210064
3544,1.0,0.0,0.0,0.0,1.0,1.0,0.2311413149,0.2610227732,0.3664494154,0.7323942136,0.474226808,0.6907892834
3545,1.0,0.0,0.0,0.0,1.0,1.0,0.2429313158,0.2620065036,0.3491028139,0.7516781999,0.4583336043,0.6887414318
3546,1.0,0.0,0.0,0.0,1.0,1.0,0.2409076948,0.2645580961,0.3599349277,0.7635134633,0.4740485285,0.6993472891
3547,1.0,0.0,0.0,0.0,1.0,1.0,0.2457643869,0.2701671996,0.3639344036,0.7600000576,0.4734980015,0.7058821039
3548,1.0,0.0,0.0,0.0,1.0,1.0,0.2296454645,0.2682710153,0.3640777281,0.7464792628,0.4807016376,0.6862745098
3549,1.0,0.0,0.0,0.0,1.0,1.0,0.07312995359,0.2648894955,0.4790940344,0.7380968374,0.5375938639,0.5390061316
3550,1.0,0.0,0.0,0.0,1.0,1.0,0.04944232252,0.288300575,0.4681978704,0.5,0.523076859,0.4733341815
3551,1.0,0.0,0.0,0.0,1.0,1.0,0.0439896337,0.2710026485,0.4612676006,0.4,0.5076924473,0.4893613782
3552,1.0,0.0,0.0,0.0,1.0,1.0,0.04368193971,0.2680491267,0.4580419886,0.3600030995,0.5134100185,0.4714290327
3553,1.0,0.0,0.0,0.0,1.0,1.0,0.04808331682,0.2592536383,0.4467353462,0.7142868282,0.5112779519,0.5217393368
3554,1.0,0.0,0.0,0.0,1.0,1.0,0.09791825693,0.2316225545,0.4341215303,0.8448264006,0.5109491381,0.6535426339
3555,1.0,0.0,0.0,0.0,1.0,1.0,0.1872918716,0.2391521888,0.3996682276,0.7787611846,0.4928570402,0.7089555105
3556,1.0,0.0,0.0,0.0,1.0,1.0,0.2286307743,0.2516198411,0.3921567698,0.7428575987,0.5035211032,0.7062930837
3557,1.0,0.0,0.0,0.0,1.0,1.0,0.2660854536,0.2681432017,0.3977272393,0.7256093143,0.519163731,0.6883117254
3558,1.0,0.0,0.0,0.0,1.0,1.0,0.2611443153,0.267212053,0.399999982,0.7222224518,0.5138886899,0.6883118012
3559,1.0,0.0,0.0,0.0,1.0,1.0,0.260794228,0.262006493,0.3954618371,0.7329201813,0.5104167981,0.7019869772
3560,1.0,0.0,0.0,0.0,1.0,1.0,0.2575054247,0.2541536234,0.4041867473,0.7312490461,0.5189005072,0.7027035865
3561,1.0,0.0,0.0,0.0,1.0,1.0,0.2578687386,0.2567530156,0.3926281366,0.7267087425,0.5068964436,0.6778523589
3562,1.0,0.0,0.0,0.0,1.0,1.0,0.2546348053,0.2515720129,0.3980891152,0.7250000343,0.5171232324,0.693877612
3563,1.0,0.0,0.0,0.0,1.0,1.0,0.2518529398,0.2481490886,0.395534303,0.746834382,0.5068491309,0.7034471869
3564,1.0,0.0,0.0,0.0,1.0,1.0,0.2571381578,0.2498600617,0.4045306914,0.7358482481,0.5137931034,0.7172414107
3565,1.0,0.0,0.0,0.0,1.0,1.0,0.2522705053,0.2421857113,0.4196141688,0.7261142397,0.5324234947,0.7112678671
3566,1.0,0.0,0.0,0.0,1.0,1.0,0.240188383,0.2421326472,0.4145161585,0.7248322748,0.5292097624,0.7092198693
3567,1.0,0.0,0.0,0.0,1.0,1.0,0.2301452393,0.2343521399,0.4154589566,0.755244983,0.5275863373,0.7279410566
3568,1.0,0.0,0.0,0.0,1.0,1.0,0.2316372547,0.2318294994,0.4311183272,0.7412596594,0.546391808,0.7185182119
3569,1.0,0.0,0.0,0.0,1.0,1.0,0.2393486082,0.240350157,0.4174756705,0.7432420231,0.5363323318,0.719424933
3570,1.0,0.0,0.0,0.0,1.0,1.0,0.2425828859,0.2386984743,0.4255663586,0.7266666271,0.5395189082,0.7338119121
3571,1.0,0.0,0.0,0.0,1.0,1.0,0.2303909067,0.2309058192,0.4334416409,0.7394365976,0.5551723992,0.7238808452
3572,1.0,0.0,0.0,0.0,1.0,1.0,0.2353526578,0.2334335981,0.427419397,0.7465750906,0.5467128269,0.7185174139
3573,1.0,0.0,0.0,0.0,1.0,1.0,0.2434537064,0.2429679368,0.4278845488,0.7302636253,0.5413793405,0.7163117464
3574,1.0,0.0,0.0,0.0,1.0,1.0,0.2490570519,0.2438087084,0.4196141036,0.7290328751,0.532872102,0.7092195799
3575,1.0,0.0,0.0,0.0,1.0,1.0,0.2391008539,0.2421329621,0.4306220494,0.7266673042,0.5429550404,0.7092192459
3576,1.0,0.0,0.0,0.0,1.0,1.0,0.2070040507,0.2306403898,0.4498381043,0.7343751905,0.5559438666,0.7045464527
3577,1.0,0.0,0.0,0.0,1.0,1.0,0.06651565691,0.2058775671,0.4488054528,0.9487159073,0.5280898177,0.645455077
3578,1.0,0.0,0.0,0.0,1.0,1.0,0.03376467966,0.2149743944,0.4375000349,0.9000077214,0.4943393087,0.5614040859
3579,1.0,0.0,0.0,0.0,1.0,1.0,0.03382200542,0.2130886852,0.4433164277,0.8499977976,0.5018867329,0.5309741585
3580,1.0,0.0,0.0,0.0,0.0,1.0,0.0,0.2214672015,0.0,0.0,0.5,0.5299158051
3581,1.0,0.0,0.0,0.0,1.0,1.0,0.0335946599,0.212002906,0.4352941111,0.9500022045,0.4962121101,0.535713653
3582,1.0,0.0,0.0,0.0,0.0,1.0,0.0,0.2130884161,0.0,0.0,0.4905658586,0.5575220553
3583,1.0,0.0,0.0,0.0,1.0,1.0,0.04871212688,0.2082169911,0.4352940961,0.9655216582,0.5075757043,0.6000007946
3584,1.0,0.0,0.0,0.0,1.0,1.0,0.06886900087,0.2040061805,0.4487394461,0.9512221155,0.5280896622,0.6880728604
3585,1.0,0.0,0.0,0.0,1.0,1.0,0.1332591293,0.2088387973,0.4233333771,0.7874985186,0.5074626252,0.7232143384
3586,1.0,0.0,0.0,0.0,1.0,1.0,0.1500812357,0.2196578282,0.4323432072,0.8461530981,0.5384617254,0.7499990782
3587,1.0,0.0,0.0,0.0,1.0,1.0,0.2050553265,0.2354798068,0.426494413,0.7716533914,0.5323740546,0.7328240901
3588,1.0,0.0,0.0,0.0,1.0,1.0,0.2281685369,0.2400796807,0.421221826,0.7535201613,0.5338077198,0.7185180504
3589,1.0,0.0,0.0,0.0,1.0,1.0,0.2332568126,0.2489649514,0.4197730319,0.756945183,0.5268818763,0.7122300007
3590,1.0,0.0,0.0,0.0,1.0,1.0,0.230017237,0.2471735749,0.4327389734,0.7394373583,0.5340502776,0.7028991947
3591,1.0,0.0,0.0,0.0,1.0,1.0,0.2394161298,0.2463160497,0.4244373556,0.7248320747,0.5319148434,0.6978416806
3592,1.0,0.0,0.0,0.0,1.0,1.0,0.2438444054,0.2489839732,0.4237560903,0.7302639487,0.5368419468,0.704226029
3593,1.0,0.0,0.0,0.0,1.0,1.0,0.2374276274,0.2507372597,0.4221508534,0.7297286062,0.5298248223,0.6993003662
3594,1.0,0.0,0.0,0.0,1.0,1.0,0.2291716447,0.247230449,0.4156051484,0.7430558876,0.5263157485,0.7021282293
3595,1.0,0.0,0.0,0.0,1.0,1.0,0.238267019,0.2463414596,0.3935999689,0.7449655998,0.5070419588,0.7071431605
3596,1.0,0.0,0.0,0.0,1.0,1.0,0.2426761356,0.2463412826,0.3913738519,0.7368418725,0.507042198,0.6999988795
3597,1.0,0.0,0.0,0.0,1.0,1.0,0.2350689771,0.2393029789,0.3952000169,0.7414971282,0.5105631499,0.7132347112
3598,1.0,0.0,0.0,0.0,1.0,1.0,0.220862533,0.2375432687,0.3958663934,0.7410077246,0.5105634148,0.7185189341
3599,1.0,0.0,0.0,0.0,1.0,1.0,0.203469375,0.2372777366,0.4006515796,0.7680009114,0.5035970504,0.7196958459
3600,1.0,0.0,0.0,0.0,1.0,1.0,0.1900578527,0.2353760102,0.3901639356,0.8103446641,0.4927535308,0.7230763763
3601,1.0,0.0,0.0,0.0,1.0,1.0,0.1687799976,0.2279749432,0.3940398086,0.8235275397,0.4963504543,0.7120003878
3602,1.0,0.0,0.0,0.0,1.0,1.0,0.1179895861,0.210908997,0.4374999239,0.9411774039,0.5247149723,0.7657659759
3603,1.0,0.0,0.0,0.0,1.0,1.0,0.09839071635,0.2078993047,0.4196890921,0.9824569386,0.5000002061,0.7522929777
3604,1.0,0.0,0.0,0.0,0.0,1.0,0.0,0.197207843,0.0,0.0,0.5172412228,0.7864079904
3605,1.0,0.0,0.0,0.0,1.0,1.0,0.1038152502,0.2037321371,0.434859078,0.9491548674,0.5230768584,0.7547169422
3606,1.0,0.0,0.0,0.0,1.0,1.0,0.1205621239,0.2114205323,0.4283217199,0.9130444464,0.5153847939,0.7636357106
3607,1.0,0.0,0.0,0.0,1.0,1.0,0.1619303113,0.2223094877,0.3832752833,0.8494622388,0.4866919375,0.7350425107
3608,1.0,0.0,0.0,0.0,1.0,1.0,0.2126838912,0.2545394401,0.361591652,0.7642286619,0.479400678,0.7058824483
3609,1.0,0.0,0.0,0.0,1.0,1.0,0.2317045637,0.2536463581,0.347750894,0.7537321948,0.4621210837,0.7164167669
3610,1.0,0.0,0.0,0.0,1.0,1.0,0.222098136,0.2555392549,0.3645832892,0.7421875265,0.484848572,0.7259262236
3611,1.0,0.0,0.0,0.0,1.0,1.0,0.2271458145,0.2565615403,0.3618881807,0.7230765908,0.4827584068,0.7164184638
3612,1.0,0.0,0.0,0.0,1.0,1.0,0.1880666917,0.2459562774,0.3637993015,0.8000008203,0.4765623818,0.753968783
3613,1.0,0.0,0.0,0.0,1.0,1.0,0.2222958956,0.2614818936,0.3718860885,0.7199997288,0.4844959046,0.7111102742
3614,1.0,0.0,0.0,0.0,1.0,1.0,0.2163369755,0.2566133011,0.3774597004,0.7107445348,0.4980697584,0.7218052133
3615,1.0,0.0,0.0,0.0,1.0,1.0,0.1926196833,0.2558094884,0.3527272818,0.7169819563,0.4603172549,0.697674115
3616,1.0,0.0,0.0,0.0,1.0,1.0,0.2136489385,0.2655995976,0.3677535625,0.6949157359,0.4842518662,0.6962966183
3617,1.0,0.0,0.0,0.0,1.0,1.0,0.1167930397,0.2363827613,0.4367816485,0.7704940067,0.4979250254,0.736841717
3618,1.0,0.0,0.0,0.0,1.0,1.0,0.1230084816,0.238550244,0.4519230769,0.7500008173,0.518518646,0.7241368737
3619,1.0,0.0,0.0,0.0,1.0,1.0,0.1110491171,0.2466977155,0.4346978899,0.7543859649,0.4936709302,0.7094017094
3620,1.0,0.0,0.0,0.0,1.0,1.0,0.1108330033,0.2477430311,0.4260700537,0.7192961624,0.4872881411,0.7008539067
3621,1.0,0.0,0.0,0.0,1.0,1.0,0.1056161678,0.2404515457,0.4637965218,0.6851830944,0.5271964643,0.7130441237
3622,1.0,0.0,0.0,0.0,1.0,1.0,0.09462161085,0.2456255505,0.4694280129,0.6875,0.5296609967,0.6896555381
3623,1.0,0.0,0.0,0.0,1.0,1.0,0.09817727595,0.2392733346,0.4675834943,0.6799978869,0.5254238674,0.7168135069
3624,1.0,0.0,0.0,0.0,1.0,1.0,0.1101900976,0.2404517594,0.4448743284,0.6842097702,0.5104603334,0.7043466341
3625,1.0,0.0,0.0,0.0,1.0,1.0,0.1056160652,0.241390826,0.4520547669,0.6851844782,0.5211865239,0.7192979601
3626,1.0,0.0,0.0,0.0,1.0,1.0,0.08725271469,0.2433985561,0.4384921043,0.7272740198,0.4913790122,0.6814161415
3627,1.0,0.0,0.0,0.0,1.0,1.0,0.08812707814,0.2444521881,0.4448896949,0.6363632172,0.4891773562,0.6725661493
3628,1.0,0.0,0.0,0.0,1.0,1.0,0.08595196135,0.2347825444,0.4180000315,0.6976760557,0.4741377474,0.6880743796
3629,1.0,0.0,0.0,0.0,1.0,1.0,0.06949060707,0.2378583795,0.4621677146,0.6470609283,0.5021832728,0.6330290759
3630,1.0,0.0,0.0,0.0,1.0,1.0,0.06057240424,0.2411697787,0.4505049095,0.6333324348,0.4869563881,0.6216215232
3631,1.0,0.0,0.0,0.0,1.0,1.0,0.05676319478,0.2498606078,0.4503042746,0.5714306697,0.4956520341,0.591302793
3632,1.0,0.0,0.0,0.0,1.0,1.0,0.05687909284,0.2401254366,0.4674796376,0.4642864986,0.5021645885,0.5765767596
3633,1.0,0.0,0.0,0.0,1.0,1.0,0.06474120213,0.2412446726,0.4574898567,0.5312556019,0.495689522,0.5625002287
3634,1.0,0.0,0.0,0.0,1.0,1.0,0.0592717415,0.2401254713,0.4703476928,0.4482761057,0.5064936331,0.531531781
3635,1.0,0.0,0.0,0.0,1.0,1.0,0.07239443188,0.2339122581,0.4788733037,0.4722198892,0.5148938943,0.5454538791
3636,1.0,0.0,0.0,0.0,1.0,1.0,0.06513659009,0.2380644673,0.4725051532,0.5312491944,0.5021462132,0.5585578556
3637,1.0,0.0,0.0,0.0,1.0,1.0,0.06057243464,0.2403718398,0.4686868172,0.4333324394,0.506328867,0.5263162538
3638,1.0,0.0,0.0,0.0,1.0,1.0,0.05820015066,0.2341788471,0.4678714281,0.5517267437,0.5146442748,0.5803563646
3639,1.0,0.0,0.0,0.0,1.0,1.0,0.07254003972,0.2099666447,0.4395162275,0.6944436716,0.483193196,0.6599990785
3640,1.0,0.0,0.0,0.0,1.0,1.0,0.05484710055,0.220465039,0.4308943948,0.7777819728,0.4789915679,0.6476195099
3641,1.0,0.0,0.0,0.0,1.0,1.0,0.09856405952,0.2121265392,0.408283943,0.7800012828,0.4857144609,0.7211536608
3642,1.0,0.0,0.0,0.0,1.0,1.0,0.104067662,0.2182451287,0.4047150118,0.7169832993,0.4816326902,0.7009343845
3643,1.0,0.0,0.0,0.0,1.0,1.0,0.1801649771,0.2419909983,0.362428941,0.6842120371,0.4645666724,0.6910559123
3644,1.0,0.0,0.0,0.0,1.0,1.0,0.2013939035,0.2440044722,0.3578154693,0.6728971778,0.4609375838,0.6880004734
3645,1.0,0.0,0.0,0.0,1.0,1.0,0.2177555593,0.240250182,0.363128535,0.6666672607,0.4769232434,0.6880001068
3646,1.0,0.0,0.0,0.0,1.0,1.0,0.2223023341,0.2403238315,0.3676470791,0.6776866396,0.484732615,0.6825403857
3647,1.0,0.0,0.0,0.0,1.0,1.0,0.1946476185,0.2372218742,0.3857676955,0.7307686839,0.505836611,0.737704918
3648,1.0,0.0,0.0,0.0,1.0,1.0,0.154764429,0.2194854028,0.3787313123,0.7831334579,0.4862745687,0.7410713097
3649,1.0,0.0,0.0,0.0,1.0,1.0,0.1425096411,0.2057676433,0.3996248393,0.8289480988,0.5019608119,0.7523800532
3650,1.0,0.0,0.0,0.0,1.0,1.0,0.1561627667,0.2056545134,0.4007352764,0.8235302991,0.5153844543,0.7570099057
3651,1.0,0.0,0.0,0.0,1.0,1.0,0.1197833182,0.1900898723,0.4119848936,0.8906236078,0.5058826354,0.7835044363
3652,1.0,0.0,0.0,0.0,1.0,1.0,0.112507456,0.1836917036,0.4090055708,0.9166654762,0.5019763515,0.7849453694
3653,1.0,0.0,0.0,0.0,1.0,1.0,0.1292539978,0.1914641527,0.3989070683,0.9014079356,0.5057470026,0.7800003895
3654,1.0,0.0,0.0,0.0,1.0,1.0,0.1289600064,0.1881076318,0.3870967061,0.9027798035,0.498098946,0.7777782588
3655,1.0,0.0,0.0,0.0,1.0,1.0,0.1302843235,0.1866882841,0.3946429423,0.8493152699,0.5094340157,0.7777782595
3656,1.0,0.0,0.0,0.0,1.0,1.0,0.1213089532,0.178061647,0.3949276269,0.8805981607,0.49808456,0.7419361529
3657,1.0,0.0,0.0,0.0,1.0,1.0,0.1244855361,0.1786076073,0.3932384206,0.8714298792,0.5019010049,0.7340427466
3658,1.0,0.0,0.0,0.0,1.0,1.0,0.1110491165,0.1773818988,0.403225914,0.903227154,0.5114506268,0.7311842182
3659,1.0,0.0,0.0,0.0,1.0,1.0,0.1024608179,0.1742323832,0.4082732511,0.9473672248,0.5095785187,0.7472511045
3660,1.0,0.0,0.0,0.0,1.0,1.0,0.1199330902,0.1780615558,0.4254545575,0.8636341417,0.5210728474,0.7419359315
3661,1.0,0.0,0.0,0.0,1.0,1.0,0.1235868026,0.1767073861,0.4336916793,0.8840587423,0.5399237983,0.7526867734
3662,1.0,0.0,0.0,0.0,1.0,1.0,0.1126642981,0.1691361457,0.4272726806,0.9354826278,0.5269229581,0.784089731
3663,1.0,0.0,0.0,0.0,1.0,1.0,0.1158774925,0.1665739642,0.4384057672,0.9218761398,0.5363983522,0.7816090833
3664,1.0,0.0,0.0,0.0,1.0,1.0,0.1144812074,0.1704027325,0.43818185,0.9365087084,0.5363983599,0.7752814791
3665,1.0,0.0,0.0,0.0,1.0,1.0,0.1376041901,0.1780613075,0.4311593233,0.9078947368,0.5210728799,0.7849462366
3666,1.0,0.0,0.0,0.0,1.0,1.0,0.1422630001,0.1831040683,0.4396396177,0.898733477,0.5381681966,0.7708340446
3667,1.0,0.0,0.0,0.0,1.0,1.0,0.1547181006,0.193074011,0.4181494486,0.885056092,0.5265152598,0.7549019181
3668,1.0,0.0,0.0,0.0,1.0,1.0,0.1504533682,0.1836095462,0.4372759906,0.8928576093,0.5378789924,0.78350716
3669,1.0,0.0,0.0,0.0,1.0,1.0,0.1978064031,0.1940310384,0.4236111503,0.8596486474,0.553113491,0.7830183377
3670,1.0,0.0,0.0,0.0,1.0,1.0,0.254591217,0.2190806374,0.4010327843,0.7905401106,0.5326089154,0.7438027896
3671,1.0,0.0,0.0,0.0,1.0,1.0,0.2325087648,0.2086745818,0.4097222976,0.7985077807,0.5384613838,0.7456144914
3672,1.0,0.0,0.0,0.0,1.0,1.0,0.2232431993,0.2071567957,0.4089347196,0.8153834184,0.53818167,0.76315825
3673,1.0,0.0,0.0,0.0,1.0,1.0,0.2130527414,0.2050137036,0.407279051,0.8130070932,0.5347985585,0.7321427867
3674,1.0,0.0,0.0,0.0,1.0,1.0,0.1939991187,0.1919220063,0.4211438168,0.8571425767,0.5507244935,0.7641501803
3675,1.0,0.0,0.0,0.0,1.0,1.0,0.2077876883,0.1959336933,0.4329896672,0.8099169927,0.5683452265,0.7431185026
3676,1.0,0.0,0.0,0.0,1.0,1.0,0.2037188837,0.2013527055,0.4094075759,0.7948721844,0.5311355699,0.7181823874
3677,1.0,0.0,0.0,0.0,1.0,1.0,0.2348601264,0.2161913733,0.4373926327,0.7591230723,0.5531913808,0.7295073184
3678,1.0,0.0,0.0,0.0,1.0,1.0,0.2536912503,0.2321398005,0.4395229664,0.7382556937,0.5602834731,0.7251913314
3679,1.0,0.0,0.0,0.0,1.0,1.0,0.2460427624,0.2329656142,0.4363328026,0.7379306015,0.5551602421,0.717557653
3680,1.0,0.0,0.0,0.0,1.0,1.0,0.2309055854,0.219080506,0.4448275157,0.7686561804,0.5615942176,0.7355380156
3681,1.0,0.0,0.0,0.0,1.0,1.0,0.2278519304,0.2182896653,0.4525042745,0.7575755013,0.5667867913,0.7107441219
3682,1.0,0.0,0.0,0.0,1.0,1.0,0.2099519356,0.1987940041,0.4461804762,0.7768604147,0.554744543,0.7155958888
3683,1.0,0.0,0.0,0.0,1.0,1.0,0.1349154963,0.1779307658,0.3996448704,0.8684226412,0.4848484347,0.6914881749
3684,1.0,0.0,0.0,0.0,1.0,1.0,0.0861281073,0.1761468948,0.4165169747,1.0,0.4980842912,0.6956542218
3685,1.0,0.0,0.0,0.0,1.0,1.0,0.08706546189,0.1787460071,0.4500907229,0.9375022746,0.5076923981,0.6559143825
3686,1.0,0.0,0.0,0.0,1.0,1.0,0.1046348064,0.179289063,0.4566786731,0.8965509575,0.5267174227,0.7127656169
3687,1.0,0.0,0.0,0.0,1.0,1.0,0.1884759854,0.2079131824,0.4152248405,0.7798155382,0.5145985576,0.6929829441
3688,1.0,0.0,0.0,0.0,1.0,1.0,0.2674093922,0.2525277963,0.4080269017,0.7187491865,0.5266903401,0.6971837617
3689,1.0,0.0,0.0,0.0,1.0,1.0,0.2808349709,0.2620914093,0.4082644798,0.7000001305,0.5279719995,0.6999995564
3690,1.0,0.0,0.0,0.0,1.0,1.0,0.3027628749,0.2833468563,0.410423434,0.6827955429,0.5360826932,0.715151573
3691,1.0,0.0,0.0,0.0,1.0,1.0,0.3006454187,0.2728849706,0.4081300607,0.6810805734,0.5324232857,0.7187505289
3692,1.0,0.0,0.0,0.0,1.0,1.0,0.2944344967,0.2757077527,0.4157119397,0.6888889441,0.5379310132,0.7062503233
3693,1.0,0.0,0.0,0.0,1.0,1.0,0.2955864111,0.2732036528,0.4101307036,0.685082976,0.5363321301,0.7088605251
3694,1.0,0.0,0.0,0.0,1.0,1.0,0.2944345338,0.2688153075,0.4140751941,0.6999998764,0.5344825867,0.7051285343
3695,1.0,0.0,0.0,0.0,1.0,1.0,0.2695865573,0.2472669205,0.4161183854,0.7256095568,0.5432526099,0.7202804413
3696,1.0,0.0,0.0,0.0,1.0,1.0,0.1719655148,0.1970223239,0.4327086177,0.8118809502,0.5304656284,0.7090906174
3697,1.0,0.0,0.0,0.0,1.0,1.0,0.08226582071,0.18323107,0.4728546884,0.8510654404,0.537036816,0.6161622741
3698,1.0,0.0,0.0,0.0,1.0,1.0,0.062465092,0.1807108505,0.4583333969,0.8333312975,0.5202951281,0.5612241006
3699,1.0,0.0,0.0,0.0,1.0,1.0,0.0629018445,0.1864629645,0.4493007269,0.8888902556,0.522388263,0.5700001771
3700,1.0,0.0,0.0,0.0,1.0,1.0,0.0638677486,0.1830482193,0.4576856616,0.9189173008,0.5274723983,0.6099985823
3701,1.0,0.0,0.0,0.0,1.0,1.0,0.1591150033,0.1931546262,0.4162521043,0.7916658915,0.5177307461,0.6972484768
3702,1.0,0.0,0.0,0.0,1.0,1.0,0.235068656,0.2260642711,0.4079999814,0.748299413,0.5272109361,0.6992479937
3703,1.0,0.0,0.0,0.0,1.0,1.0,0.2717082887,0.2532370846,0.4022256829,0.7192980844,0.5236488278,0.7200002394
3704,1.0,0.0,0.0,0.0,1.0,1.0,0.272430789,0.2540955517,0.3819334254,0.7151172426,0.5016947648,0.7133322299
3705,1.0,0.0,0.0,0.0,1.0,1.0,0.2812893332,0.2591148331,0.3805030714,0.7318435754,0.5050503694,0.7207796342
3706,1.0,0.0,0.0,0.0,1.0,1.0,0.2771828735,0.2566137332,0.3771789729,0.7142855281,0.4966217712,0.7236842105
3707,1.0,0.0,0.0,0.0,1.0,1.0,0.2686500474,0.247319652,0.3920000146,0.7321418651,0.5118643284,0.7260278244
3708,1.0,0.0,0.0,0.0,1.0,1.0,0.2611446041,0.2490019107,0.3870967914,0.7345673548,0.5085911265,0.7172411589
3709,1.0,0.0,0.0,0.0,1.0,1.0,0.2588129814,0.2446910951,0.3908795635,0.7421390251,0.5206896163,0.7183100158
3710,1.0,0.0,0.0,0.0,1.0,1.0,0.2257333457,0.2196006916,0.415711881,0.760868932,0.5397922219,0.7165360561
3711,1.0,0.0,0.0,0.0,1.0,1.0,0.1955061064,0.1998883404,0.4064081176,0.7672423132,0.5,0.7053579688
3712,1.0,0.0,0.0,0.0,1.0,1.0,0.08576645654,0.1709082875,0.4465849983,0.836731947,0.5092938564,0.6304345748
3713,1.0,0.0,0.0,0.0,1.0,1.0,0.07151329429,0.17397709,0.4397905754,0.9024419226,0.5074075622,0.5957452824
3714,1.0,0.0,0.0,0.0,0.0,1.0,0.0,0.1684452722,0.0,0.0,0.5018727475,0.6777768664
3715,1.0,0.0,0.0,0.0,1.0,1.0,0.1847708448,0.1945343942,0.3983194073,0.7818183977,0.4928572483,0.6972486593
3716,1.0,0.0,0.0,0.0,1.0,1.0,0.2263198127,0.2201569329,0.3834710076,0.759123654,0.4965032707,0.7301592566
3717,1.0,0.0,0.0,0.0,1.0,1.0,0.2519051917,0.2299755282,0.3911621025,0.7402596654,0.5051903327,0.7443596104
3718,1.0,0.0,0.0,0.0,1.0,1.0,0.2599516551,0.2387743666,0.3861065815,0.739129834,0.5085325475,0.7357141155
3719,1.0,0.0,0.0,0.0,1.0,1.0,0.2563086111,0.2413035159,0.388709626,0.7421378372,0.5171232538,0.7446808846
3720,1.0,0.0,0.0,0.0,1.0,1.0,0.2579205371,0.2421330258,0.3935483871,0.7437503109,0.5223368689,0.7375877073
3721,1.0,0.0,0.0,0.0,1.0,1.0,0.2610722022,0.2524188657,0.3830128835,0.7177917584,0.5153585111,0.7229733429
3722,1.0,0.0,0.0,0.0,1.0,1.0,0.2647954115,0.2455671645,0.3844910649,0.7439023891,0.5120276963,0.7412577883
3723,1.0,0.0,0.0,0.0,1.0,1.0,0.2719900603,0.2515721438,0.3864733929,0.7278101567,0.5136987404,0.7278912809
3724,1.0,0.0,0.0,0.0,1.0,1.0,0.263431042,0.2422377678,0.3833866251,0.7393941038,0.5084747498,0.7342661065
3725,1.0,0.0,0.0,0.0,1.0,1.0,0.2709809067,0.2490078818,0.3748006799,0.7470589557,0.5017064127,0.7397257323
3726,1.0,0.0,0.0,0.0,1.0,1.0,0.2673669189,0.2515601782,0.3773885719,0.7380944822,0.5,0.7432424316
3727,1.0,0.0,0.0,0.0,1.0,1.0,0.2672557427,0.2507018946,0.3813290629,0.7337277237,0.5084176044,0.7248324793
3728,1.0,0.0,0.0,0.0,1.0,1.0,0.2724309289,0.2507017999,0.3787638694,0.7267436808,0.5050504444,0.7315432122
3729,1.0,0.0,0.0,0.0,1.0,1.0,0.2692632897,0.2473364441,0.380348583,0.7352949402,0.5117844015,0.7346932175
3730,1.0,0.0,0.0,0.0,1.0,1.0,0.2630112486,0.2439316332,0.3684211466,0.7393933471,0.498305095,0.7222228271
3731,1.0,0.0,0.0,0.0,1.0,1.0,0.2705495688,0.2507074639,0.3694267572,0.7352952745,0.4915253469,0.7229725456
3732,1.0,0.0,0.0,0.0,1.0,1.0,0.2636760886,0.248172011,0.3649289175,0.7485026555,0.4864865993,0.7346945953
3733,1.0,0.0,0.0,0.0,1.0,1.0,0.2633447557,0.2481610193,0.3698412182,0.7469884332,0.496598642,0.7260278744
3734,1.0,0.0,0.0,0.0,1.0,1.0,0.2574077949,0.2405435815,0.3593004879,0.7530872928,0.488135511,0.7253529102
3735,1.0,0.0,0.0,0.0,1.0,1.0,0.2582291308,0.2387747404,0.3652313827,0.7592587726,0.4914674307,0.7428563197
3736,1.0,0.0,0.0,0.0,1.0,1.0,0.2574562261,0.2386985147,0.3679999928,0.7577640877,0.4879726092,0.7338121599
3737,1.0,0.0,0.0,0.0,1.0,1.0,0.2398660212,0.2148971652,0.3872000179,0.7733330922,0.5085325574,0.7222225212
3738,1.0,0.0,0.0,0.0,1.0,1.0,0.1002783694,0.1797559597,0.3996655134,0.8666651928,0.4928057239,0.7199997347
3739,1.0,0.0,0.0,0.0,1.0,1.0,0.05107880182,0.1980376794,0.4241908566,0.966662282,0.4962964556,0.5607474338
3740,1.0,0.0,0.0,0.0,1.0,1.0,0.05116590145,0.1958613822,0.4215016485,0.8666696103,0.4945052547,0.5327089884
3741,1.0,0.0,0.0,0.0,1.0,1.0,0.08385727838,0.1733347353,0.4195204772,0.8163268932,0.4907750381,0.638298759
3742,1.0,0.0,0.0,0.0,1.0,1.0,0.1191386158,0.1796146731,0.390728402,0.8055571697,0.4768680891,0.6732670677
3743,1.0,0.0,0.0,0.0,1.0,1.0,0.1995611467,0.2096732879,0.3747955318,0.72950799,0.4720280593,0.6749992216
3744,1.0,0.0,0.0,0.0,1.0,1.0,0.2108321443,0.2173444841,0.3784218421,0.7251907348,0.4965752871,0.6771642939
3745,1.0,0.0,0.0,0.0,1.0,1.0,0.2150902869,0.2198085305,0.3786407332,0.7142859521,0.4914091216,0.6796875676
3746,1.0,0.0,0.0,0.0,1.0,1.0,0.2303309497,0.2335463013,0.3714746642,0.6993004497,0.4948452508,0.6838242493
3747,1.0,0.0,0.0,0.0,1.0,1.0,0.2286724912,0.2320738866,0.3744000049,0.6993002252,0.4949152011,0.678832868
3748,1.0,0.0,0.0,0.0,1.0,1.0,0.2354456014,0.2245367654,0.3733973536,0.7006797773,0.4932432737,0.6842106145
3749,1.0,0.0,0.0,0.0,1.0,1.0,0.2338438385,0.2245367105,0.3733973539,0.7054803174,0.4932435069,0.6917295369
3750,1.0,0.0,0.0,0.0,1.0,1.0,0.2240400512,0.2219101568,0.372019123,0.7092194108,0.4881355294,0.6870229655
3751,1.0,0.0,0.0,0.0,1.0,1.0,0.2302715653,0.2260644689,0.3663999719,0.7013882855,0.4829932734,0.6917288766
3752,1.0,0.0,0.0,0.0,1.0,1.0,0.2235175416,0.2251300838,0.3706070194,0.6857143312,0.4880547217,0.6893936835
3753,1.0,0.0,0.0,0.0,1.0,1.0,0.2258353081,0.2226650289,0.3749999888,0.702127288,0.4931973177,0.7022895023
3754,1.0,0.0,0.0,0.0,1.0,1.0,0.2245936735,0.222664727,0.3723917147,0.7,0.4931971483,0.6946558948
3755,1.0,0.0,0.0,0.0,1.0,1.0,0.2240682675,0.2217193282,0.3758064687,0.6906479198,0.491467442,0.6846161485
3756,1.0,0.0,0.0,0.0,1.0,1.0,0.2285357624,0.2285412717,0.378421871,0.6901408451,0.4982933287,0.7014925373
3757,1.0,0.0,0.0,0.0,1.0,1.0,0.228168567,0.2252978982,0.3762057095,0.690140823,0.4983051628,0.691730444
3758,1.0,0.0,0.0,0.0,1.0,1.0,0.2185275365,0.2177834408,0.3874598221,0.6985287749,0.5067568506,0.6976746991
3759,1.0,0.0,0.0,0.0,1.0,1.0,0.2192321348,0.2158658115,0.3612903249,0.7279408507,0.4897961661,0.7165350872
3760,1.0,0.0,0.0,0.0,1.0,1.0,0.222098085,0.2224783868,0.3317230563,0.7463757935,0.4623289291,0.7000005143
3761,1.0,0.0,0.0,0.0,1.0,1.0,0.2322419618,0.228541376,0.3237180182,0.7379311189,0.4539249611,0.7238803871
3762,1.0,0.0,0.0,0.0,1.0,1.0,0.2251578111,0.2190559506,0.3306320046,0.741008067,0.4554795028,0.7187495125
3763,1.0,0.0,0.0,0.0,1.0,1.0,0.2320133753,0.2222899601,0.3279220139,0.7342657561,0.4482758223,0.7131787637
3764,1.0,0.0,0.0,0.0,1.0,1.0,0.2336356421,0.2232432922,0.3246754,0.729167087,0.4467356893,0.723076156
3765,1.0,0.0,0.0,0.0,1.0,1.0,0.233635758,0.2274590802,0.3246753804,0.7361123446,0.4482760848,0.7196979821
3766,1.0,0.0,0.0,0.0,1.0,1.0,0.242535824,0.2318294721,0.3241042397,0.7315433641,0.4501721319,0.7111110014
3767,1.0,0.0,0.0,0.0,1.0,1.0,0.2401885785,0.2301120094,0.325806401,0.7382544355,0.4501718618,0.7164172449
3768,1.0,0.0,0.0,0.0,1.0,1.0,0.2394829337,0.2303797563,0.3194888131,0.7400003834,0.4474575509,0.7279420135
3769,1.0,0.0,0.0,0.0,1.0,1.0,0.2454771594,0.235558888,0.3173843245,0.7272727273,0.4478115739,0.7142866224
3770,1.0,0.0,0.0,0.0,1.0,1.0,0.2506537749,0.2346664088,0.3333333333,0.7215190051,0.4527028263,0.7194236476
3771,1.0,0.0,0.0,0.0,1.0,1.0,0.2498606909,0.2347681632,0.3180380406,0.7151898379,0.4429532073,0.7214280737
3772,1.0,0.0,0.0,0.0,1.0,1.0,0.2379622071,0.2279133547,0.3269840521,0.7333342341,0.4560810387,0.7259246656
3773,1.0,0.0,0.0,0.0,1.0,1.0,0.2399294223,0.2320738955,0.3259141863,0.7350993182,0.4508477111,0.7080295059
3774,1.0,0.0,0.0,0.0,1.0,1.0,0.222805348,0.2166027966,0.3391720056,0.7428568726,0.4675768445,0.6929123048
3775,1.0,0.0,0.0,0.0,1.0,1.0,0.1489235331,0.1907064193,0.360927117,0.7777794097,0.462897686,0.6851857141
3776,1.0,0.0,0.0,0.0,1.0,1.0,0.07609933434,0.1761607751,0.4060914764,0.8444436834,0.4928054109,0.6632653061
3777,1.0,0.0,0.0,0.0,1.0,1.0,0.09070569783,0.1737382715,0.3949580465,0.8148164654,0.4874552098,0.6804123944
3778,1.0,0.0,0.0,0.0,1.0,1.0,0.1489232002,0.1907061037,0.3692053415,0.8000009929,0.4805651954,0.7129615264
3779,1.0,0.0,0.0,0.0,1.0,1.0,0.2089814214,0.2141662198,0.3375896885,0.7404577696,0.4693880707,0.6904751423
3780,1.0,0.0,0.0,0.0,1.0,1.0,0.2326148992,0.2241898891,0.3274479415,0.7517240332,0.4554796625,0.7022912828
3781,1.0,0.0,0.0,0.0,1.0,1.0,0.2332029265,0.2252982612,0.3285714006,0.7414965364,0.450847446,0.7067663472
3782,1.0,0.0,0.0,0.0,1.0,1.0,0.234514714,0.2288284674,0.321259892,0.7248321949,0.4444444032,0.6985293998
3783,1.0,0.0,0.0,0.0,1.0,1.0,0.2205119695,0.2211603641,0.3333333929,0.7410075789,0.4628378186,0.6946556487
3784,1.0,0.0,0.0,0.0,1.0,1.0,0.250256442,0.2422379188,0.3232964071,0.7215199008,0.450847333,0.6993006886
3785,1.0,0.0,0.0,0.0,1.0,1.0,0.2327250253,0.2268357057,0.3285486169,0.7534241517,0.4607507604,0.7067660918
3786,1.0,0.0,0.0,0.0,1.0,1.0,0.2434946767,0.2354614593,0.3216560436,0.7254893412,0.454237495,0.7050354073
3787,1.0,0.0,0.0,0.0,1.0,1.0,0.2391009934,0.2294636224,0.320574155,0.7333342253,0.4489797001,0.6962964921
3788,1.0,0.0,0.0,0.0,1.0,1.0,0.2385304678,0.2294636581,0.3253779835,0.72,0.4523809705,0.6962963209
3789,1.0,0.0,0.0,0.0,1.0,1.0,0.2378865792,0.2311634099,0.3450479601,0.7181204229,0.4727893237,0.7132348108
3790,1.0,0.0,0.0,0.0,1.0,1.0,0.2349732642,0.2249602276,0.3510466716,0.7191775489,0.4810994946,0.7099244825
3791,1.0,0.0,0.0,0.0,1.0,1.0,0.2393484219,0.2291825489,0.3527508154,0.7297302113,0.4793104584,0.7067675758
3792,1.0,0.0,0.0,0.0,1.0,1.0,0.2430204402,0.2310354677,0.3478260146,0.7284778614,0.4726027627,0.7111107887
3793,1.0,0.0,0.0,0.0,1.0,1.0,0.2466362562,0.2352640921,0.3516128623,0.7189545419,0.4810996315,0.7080292325
3794,1.0,0.0,0.0,0.0,1.0,1.0,0.2422403873,0.2378807751,0.3547350774,0.7152319535,0.4863014921,0.7050352594
3795,1.0,0.0,0.0,0.0,1.0,1.0,0.2462391761,0.2343516644,0.3478260676,0.7385618839,0.4758619876,0.7132360705
3796,1.0,0.0,0.0,0.0,1.0,1.0,0.2543149618,0.2369808716,0.3565640565,0.7261139347,0.4845359482,0.7101453727
3797,1.0,0.0,0.0,0.0,1.0,1.0,0.2518787494,0.2404156781,0.3441033504,0.7179497745,0.4707903571,0.7071419863
3798,1.0,0.0,0.0,0.0,1.0,1.0,0.2421912647,0.2352638627,0.3602585325,0.7199997628,0.4845361769,0.7226282466
3799,1.0,0.0,0.0,0.0,1.0,1.0,0.2506689361,0.2369810092,0.3559869945,0.7225803717,0.4845360166,0.7101455946
3800,1.0,0.0,0.0,0.0,1.0,1.0,0.2510752271,0.2386981689,0.3549432668,0.7290328925,0.4776634882,0.6978407869
3801,1.0,0.0,0.0,0.0,1.0,1.0,0.2559347547,0.239521466,0.3565640416,0.7278479482,0.4862068445,0.7122309952
3802,1.0,0.0,0.0,0.0,1.0,1.0,0.2389618022,0.2360748669,0.3505653275,0.7162159515,0.4758619497,0.7153283246
3803,1.0,0.0,0.0,0.0,1.0,1.0,0.2543149861,0.2438502702,0.35332246,0.7133765617,0.4776633947,0.7183091193
3804,1.0,0.0,0.0,0.0,1.0,1.0,0.2449931688,0.2368917624,0.3587661615,0.7218535055,0.4878891377,0.7080304284
3805,1.0,0.0,0.0,0.0,1.0,1.0,0.1876027473,0.2033949784,0.3637872982,0.7610618604,0.4807016511,0.7241381281
3806,1.0,0.0,0.0,0.0,0.0,1.0,0.0,0.2031834837,0.0,0.0,0.5274724789,0.5585596107
3807,1.0,0.0,0.0,0.0,1.0,1.0,0.01928767119,0.2220979482,0.4736841906,0.8181746733,0.5444446311,0.4750005403
3808,1.0,0.0,0.0,0.0,1.0,1.0,0.03296769888,0.200617936,0.463541636,0.8421070828,0.5291970147,0.5090908005
3809,1.0,0.0,0.0,0.0,1.0,1.0,0.02416622662,0.2097367919,0.442141693,0.85715184,0.5182483568,0.4956509924
3810,1.0,0.0,0.0,0.0,0.0,1.0,0.0,0.2028389094,0.0,0.0,0.5055348302,0.5363638027
3811,1.0,0.0,0.0,0.0,1.0,1.0,0.04220638949,0.1851483072,0.4155405743,1.0,0.5,0.6019433598
3812,1.0,0.0,0.0,0.0,0.0,1.0,0.0,0.1787324739,0.0,0.0,0.4927006342,0.6632659051
3813,1.0,0.0,0.0,0.0,1.0,1.0,0.1099216884,0.1802564636,0.3790185403,0.8461525703,0.4785713983,0.7128712449
3814,1.0,0.0,0.0,0.0,1.0,1.0,0.1919458897,0.2054599695,0.3476822102,0.7413794749,0.47038311,0.6949150634
3815,1.0,0.0,0.0,0.0,1.0,1.0,0.2396034257,0.2368014685,0.3251231568,0.7123288089,0.4459929097,0.6985284598
3816,1.0,0.0,0.0,0.0,1.0,1.0,0.2383539322,0.2370690233,0.3486841852,0.7034477984,0.4778156501,0.7050354968
3817,1.0,0.0,0.0,0.0,1.0,1.0,0.244928877,0.2380425521,0.3470395357,0.6979872972,0.4763512627,0.7163114069
3818,1.0,0.0,0.0,0.0,1.0,1.0,0.2311524301,0.2266777409,0.3377703879,0.7050352075,0.4673540377,0.7045448857
3819,1.0,0.0,0.0,0.0,1.0,1.0,0.219349707,0.2129682047,0.3481848353,0.7067668801,0.4832214272,0.7244094081
3820,1.0,0.0,0.0,0.0,1.0,1.0,0.2008846302,0.2019075046,0.3637873476,0.7107431347,0.4915825507,0.7083325627
3821,1.0,0.0,0.0,0.0,1.0,1.0,0.08429016234,0.1596334255,0.3752151702,0.7959196415,0.4791664376,0.6956509347
3822,1.0,0.0,0.0,0.0,1.0,1.0,0.03761349344,0.1629916898,0.4498207249,0.9047614067,0.5125447831,0.5384611671
3823,1.0,0.0,0.0,0.0,1.0,1.0,0.04291013977,0.1594854235,0.4472272092,0.8333348438,0.5106385029,0.5777787982
3824,1.0,0.0,0.0,0.0,1.0,1.0,0.03961740206,0.1466573338,0.4108107697,1.0,0.4746376328,0.6666684512
3825,1.0,0.0,0.0,0.0,1.0,1.0,0.07880894696,0.1604941393,0.347670205,0.9090944899,0.4233575114,0.7272736225
3826,1.0,0.0,0.0,0.0,1.0,1.0,0.1659972418,0.1995354042,0.2525950684,0.7291660911,0.3674912488,0.7079637363
3827,1.0,0.0,0.0,0.0,1.0,1.0,0.1975047344,0.2079259596,0.2197615458,0.6896537307,0.3426573346,0.6974776684
3828,1.0,0.0,0.0,0.0,1.0,1.0,0.2134401994,0.2211305935,0.2254237338,0.6904761078,0.3449474897,0.6850402243
3829,1.0,0.0,0.0,0.0,1.0,1.0,0.2274592105,0.2234668943,0.2275861796,0.6742415697,0.345070428,0.6929136709
3830,1.0,0.0,0.0,0.0,1.0,1.0,0.2317042763,0.2252262739,0.2231833619,0.6716422726,0.3415493025,0.6875003167
3831,1.0,0.0,0.0,0.0,1.0,1.0,0.2511593675,0.2393765641,0.2287694391,0.6689655277,0.3461536254,0.6861314802
3832,1.0,0.0,0.0,0.0,1.0,1.0,0.2541535457,0.2455074765,0.2250859551,0.6621620215,0.3379792009,0.687942886
3833,1.0,0.0,0.0,0.0,1.0,1.0,0.2656211888,0.2532599127,0.2262405482,0.664557536,0.3469388998,0.6912749863
3834,1.0,0.0,0.0,0.0,1.0,1.0,0.2747202191,0.2669742446,0.2293422788,0.6503066813,0.3527397927,0.6794872345
3835,1.0,0.0,0.0,0.0,1.0,1.0,0.2797763971,0.2678914519,0.2310286884,0.6566270396,0.3505152943,0.6858975732
3836,1.0,0.0,0.0,0.0,1.0,1.0,0.2528297246,0.2412445022,0.2308998225,0.6912756926,0.3448275463,0.692856617
3837,1.0,0.0,0.0,0.0,1.0,1.0,0.1840625636,0.2174223375,0.2616178234,0.7383173157,0.3754387343,0.7016127175
3838,1.0,0.0,0.0,0.0,0.0,1.0,0.0,0.1948369982,0.0,0.0,0.4981949881,0.6111114452
3839,1.0,0.0,0.0,0.0,1.0,1.0,0.02192531151,0.1903698427,0.4424131591,0.9166726387,0.4761904387,0.5192322401
3840,1.0,0.0,0.0,0.0,1.0,1.0,0.02196578385,0.2020928584,0.4450548867,0.7499866882,0.488970663,0.4727276952
3841,1.0,0.0,0.0,0.0,1.0,1.0,0.0309478269,0.1969705668,0.4444443686,0.7058897622,0.4890511376,0.5092589288
3842,1.0,0.0,0.0,0.0,1.0,1.0,0.04785520624,0.1894850876,0.4475137145,0.7307685992,0.483271514,0.5490189513
3843,1.0,0.0,0.0,0.0,1.0,1.0,0.07356763874,0.1757259995,0.3913823649,0.853658792,0.457875468,0.6875
3844,1.0,0.0,0.0,0.0,1.0,1.0,0.2101390933,0.2228722415,0.3555555136,0.707317424,0.4668987535,0.6718745411
3845,1.0,0.0,0.0,0.0,1.0,1.0,0.2569994635,0.2489956774,0.3411765888,0.686274036,0.4567474725,0.6666671701
3846,1.0,0.0,0.0,0.0,1.0,1.0,0.2528097623,0.2463901704,0.3524451853,0.6933335458,0.4652777385,0.6619723913
3847,1.0,0.0,0.0,0.0,1.0,1.0,0.2598550624,0.2568011455,0.3416666047,0.6858974721,0.4548611018,0.6554056569
3848,1.0,0.0,0.0,0.0,1.0,1.0,0.2658615974,0.257535207,0.331691214,0.6728395994,0.4470989424,0.649006164
3849,1.0,0.0,0.0,0.0,1.0,1.0,0.2722786894,0.2652627659,0.3344208637,0.6826358257,0.4486303879,0.6580641635
3850,1.0,0.0,0.0,0.0,1.0,1.0,0.2752086378,0.2701193966,0.3413848774,0.6842115531,0.4594596929,0.6687494527
3851,1.0,0.0,0.0,0.0,1.0,1.0,0.2670639756,0.2662872772,0.3409836166,0.6871159198,0.4532873733,0.6623375142
3852,1.0,0.0,0.0,0.0,1.0,1.0,0.2771696588,0.2635516184,0.3507341829,0.7117655699,0.4657533733,0.6818181818
3853,1.0,0.0,0.0,0.0,1.0,1.0,0.277442478,0.2660628181,0.3457792798,0.6959071405,0.4607508532,0.6602561542
3854,1.0,0.0,0.0,0.0,1.0,1.0,0.2818524914,0.2703966339,0.3419772806,0.6954019053,0.4623286119,0.670886677
3855,1.0,0.0,0.0,0.0,1.0,1.0,0.2857856767,0.2764780994,0.3457189442,0.6892658307,0.4639175918,0.670807961
3856,1.0,0.0,0.0,0.0,1.0,1.0,0.2781619868,0.2644570169,0.3478963614,0.7034878429,0.4604809531,0.6688316498
3857,1.0,0.0,0.0,0.0,1.0,1.0,0.2825896382,0.2745905128,0.3498402987,0.7005654158,0.4709899629,0.6645960177
3858,1.0,0.0,0.0,0.0,1.0,1.0,0.2715525994,0.2696089684,0.3553054262,0.7278102634,0.4776632668,0.6751592267
3859,1.0,0.0,0.0,0.0,1.0,1.0,0.2728685575,0.2670925238,0.3731825055,0.7159765443,0.4896553402,0.6709673441
3860,1.0,0.0,0.0,0.0,1.0,1.0,0.2809417511,0.2724175412,0.3570274408,0.7183908481,0.4687500833,0.6687895508
3861,1.0,0.0,0.0,0.0,1.0,1.0,0.2652239073,0.2681430414,0.3737865001,0.7317072841,0.4878047743,0.6948046612
3862,1.0,0.0,0.0,0.0,1.0,1.0,0.2786126804,0.2708278513,0.3646678073,0.7209304112,0.4755243894,0.6774191716
3863,1.0,0.0,0.0,0.0,1.0,1.0,0.2759896765,0.2665179192,0.3807189847,0.7278108515,0.4877192576,0.6973687453
3864,1.0,0.0,0.0,0.0,1.0,1.0,0.2982205885,0.2757081774,0.3677420042,0.7081084298,0.482758516,0.6750004817
3865,1.0,0.0,0.0,0.0,1.0,1.0,0.2878654303,0.2776227704,0.3705502045,0.7134827752,0.4791667308,0.6750006236
3866,1.0,0.0,0.0,0.0,1.0,1.0,0.283472247,0.2716252466,0.3743922407,0.7199994895,0.4912890021,0.685898115
3867,1.0,0.0,0.0,0.0,1.0,1.0,0.2869365505,0.2706821144,0.3758065164,0.7247195155,0.4895836551,0.6858978382
3868,1.0,0.0,0.0,0.0,1.0,1.0,0.2987025407,0.2783910305,0.3796445072,0.7189190943,0.4913493639,0.6708076163
3869,1.0,0.0,0.0,0.0,1.0,1.0,0.2931912429,0.2724173268,0.3792543846,0.7182321931,0.5,0.6815279968
3870,1.0,0.0,0.0,0.0,1.0,1.0,0.2871589157,0.2721082575,0.3756019874,0.7094973464,0.4965753136,0.672956258
3871,1.0,0.0,0.0,0.0,1.0,1.0,0.2908342455,0.268815508,0.3697748883,0.7237567781,0.493103464,0.6794872339
3872,1.0,0.0,0.0,0.0,1.0,1.0,0.2834955114,0.2670920525,0.3717948068,0.7175145923,0.4965516185,0.6903233943
3873,1.0,0.0,0.0,0.0,1.0,1.0,0.2630954126,0.2584171575,0.3900480951,0.7378058213,0.51712326,0.7019875132
3874,1.0,0.0,0.0,0.0,1.0,1.0,0.09477490014,0.2333252307,0.4482758366,0.8909097998,0.5220588264,0.6299217385
3875,1.0,0.0,0.0,0.0,1.0,1.0,0.03302489274,0.2461034451,0.4417390757,0.7894706632,0.5075185675,0.4961829646
3876,1.0,0.0,0.0,0.0,1.0,1.0,0.03096392565,0.2415010814,0.4492255043,0.4444390095,0.5092939448,0.4615379406
3877,1.0,0.0,0.0,0.0,1.0,1.0,0.02420805609,0.2330787303,0.4463668984,0.8571428571,0.5149254245,0.5039991515
3878,1.0,0.0,0.0,0.0,1.0,1.0,0.05169550616,0.2109932015,0.4241379685,0.8999949321,0.4962964184,0.6228058644
3879,1.0,0.0,0.0,0.0,1.0,1.0,0.1118018673,0.1984187938,0.3677966706,0.8030310966,0.4522056036,0.7129623332
3880,1.0,0.0,0.0,0.0,1.0,1.0,0.1827645128,0.2284440095,0.3130148587,0.7657663652,0.4214285742,0.7031252387
3881,1.0,0.0,0.0,0.0,1.0,1.0,0.2002164735,0.2365226727,0.2939244619,0.7377060317,0.4092526111,0.6992486258
3882,1.0,0.0,0.0,0.0,1.0,1.0,0.2180603069,0.2347442569,0.3024792785,0.7121207392,0.4234876131,0.6666672142
3883,1.0,0.0,0.0,0.0,1.0,1.0,0.220806882,0.2330852763,0.2840532345,0.7293233083,0.4063606257,0.6742424242
3884,1.0,0.0,0.0,0.0,1.0,1.0,0.2373254263,0.2400796206,0.2976588185,0.7253517352,0.4092525108,0.6888894616
3885,1.0,0.0,0.0,0.0,1.0,1.0,0.2481835807,0.2481007881,0.2936241631,0.6959456468,0.4049294963,0.6595739408
3886,1.0,0.0,0.0,0.0,1.0,1.0,0.2381221416,0.2401486943,0.3070469822,0.7183107831,0.4134273983,0.6764696513
3887,1.0,0.0,0.0,0.0,1.0,1.0,0.2286862438,0.231187664,0.3016949196,0.7333327961,0.4092525217,0.6846162988
3888,1.0,0.0,0.0,0.0,1.0,1.0,0.2005682776,0.2227014715,0.2431972911,0.7457628349,0.355072239,0.7235779719
3889,1.0,0.0,0.0,0.0,1.0,1.0,0.1913463356,0.2188556641,0.2205128814,0.76785607,0.3211676694,0.7166672395
3890,1.0,0.0,0.0,0.0,1.0,1.0,0.2053644107,0.2253285127,0.2345891107,0.7500004488,0.3418180608,0.6935471541
3891,1.0,0.0,0.0,0.0,1.0,1.0,0.208504077,0.2253286143,0.2241379929,0.7438019445,0.3345454094,0.7096774749
3892,1.0,0.0,0.0,0.0,1.0,1.0,0.2203896553,0.2294095478,0.2410255369,0.7131773292,0.3558716285,0.6821703839
3893,1.0,0.0,0.0,0.0,1.0,1.0,0.2262252255,0.2322647654,0.2280404776,0.7238799354,0.3521125343,0.6818182576
3894,1.0,0.0,0.0,0.0,1.0,1.0,0.2443827461,0.2394496536,0.2310286434,0.7172418302,0.3576390881,0.6884069664
3895,1.0,0.0,0.0,0.0,1.0,1.0,0.2338762331,0.2334335187,0.2441077803,0.7122291384,0.3737023228,0.674073588
3896,1.0,0.0,0.0,0.0,1.0,1.0,0.2460936926,0.2404153159,0.2546063282,0.7006811351,0.3848796228,0.6785724359
3897,1.0,0.0,0.0,0.0,1.0,1.0,0.2393265939,0.2393770368,0.2512647964,0.6971832404,0.3776223185,0.6715333977
3898,1.0,0.0,0.0,0.0,1.0,1.0,0.2385222644,0.2395215727,0.2537814029,0.7112678989,0.3931032869,0.683452648
3899,1.0,0.0,0.0,0.0,1.0,1.0,0.252384087,0.2464142115,0.2643097354,0.7000008774,0.4034484049,0.6713289931
3900,1.0,0.0,0.0,0.0,1.0,1.0,0.2447958203,0.2342441781,0.2753377522,0.7103454636,0.4062497266,0.6814820708
3901,1.0,0.0,0.0,0.0,1.0,1.0,0.2494390459,0.2368921876,0.2698144666,0.7162164781,0.4048444557,0.686131857
3902,1.0,0.0,0.0,0.0,1.0,1.0,0.2561805806,0.2446907171,0.2613827664,0.7236840982,0.3999997763,0.690141596
3903,1.0,0.0,0.0,0.0,1.0,1.0,0.2469012408,0.2393766363,0.2842639082,0.7054788056,0.4055942212,0.6861317831
3904,1.0,0.0,0.0,0.0,1.0,1.0,0.2569990028,0.2446549699,0.2907563096,0.7124190399,0.4131946886,0.6808511299
3905,1.0,0.0,0.0,0.0,1.0,1.0,0.2582452998,0.2481255203,0.2852350056,0.6883122051,0.4097219269,0.6783219566
3906,1.0,0.0,0.0,0.0,1.0,1.0,0.2566136835,0.2411237953,0.2922297736,0.7105268843,0.4125873698,0.6811593743
3907,1.0,0.0,0.0,0.0,1.0,1.0,0.2511162857,0.2420794797,0.3115577323,0.7000002946,0.4325261419,0.6714283009
3908,1.0,0.0,0.0,0.0,1.0,1.0,0.2569991899,0.2446549942,0.3008403915,0.7058829462,0.4305557521,0.6737592311
3909,1.0,0.0,0.0,0.0,1.0,1.0,0.2581889043,0.2464141384,0.3100000201,0.7032259345,0.4379308674,0.6713279301
3910,1.0,0.0,0.0,0.0,1.0,1.0,0.2548915039,0.2498603133,0.3120806197,0.703947416,0.4370630954,0.6713285639
3911,1.0,0.0,0.0,0.0,1.0,1.0,0.2452410445,0.2402168235,0.3109243161,0.7123287671,0.4315787351,0.6642338425
3912,1.0,0.0,0.0,0.0,1.0,1.0,0.2426974424,0.2410627116,0.3170320969,0.7222218022,0.4366197777,0.6788319892
3913,1.0,0.0,0.0,0.0,1.0,1.0,0.2015681858,0.2217071606,0.3462185632,0.7333328453,0.4718311927,0.6825407338
3914,1.0,0.0,0.0,0.0,1.0,1.0,0.1415592535,0.2041871961,0.3839589523,0.7228908757,0.4838710302,0.6754377646
3915,1.0,0.0,0.0,0.0,1.0,1.0,0.06755313838,0.192200057,0.4107451817,0.8974360388,0.4945057238,0.6571433839
3916,1.0,0.0,0.0,0.0,1.0,1.0,0.05951142019,0.190634364,0.4378282761,0.8529428757,0.5074071471,0.6213599022
3917,1.0,0.0,0.0,0.0,1.0,1.0,0.06041501641,0.1936190812,0.4490500859,0.8285752057,0.523985021,0.6190479188
3918,1.0,0.0,0.0,0.0,1.0,1.0,0.06094152231,0.1880868706,0.4477350884,0.8285705311,0.5166050942,0.6372536974
3919,1.0,0.0,0.0,0.0,1.0,1.0,0.07200086343,0.180046242,0.4271011984,0.8333359562,0.5036766105,0.6938788357
3920,1.0,0.0,0.0,0.0,1.0,1.0,0.09893821463,0.180749936,0.4647652002,0.7796612075,0.5638297206,0.6862743823
3921,1.0,0.0,0.0,0.0,1.0,1.0,0.1411170894,0.1935538239,0.4501662605,0.7764707101,0.5492957692,0.6909101464
3922,1.0,0.0,0.0,0.0,1.0,1.0,0.1797676071,0.2124247498,0.4471947482,0.7706425784,0.5644598462,0.7131149645
3923,1.0,0.0,0.0,0.0,1.0,1.0,0.2122999484,0.2153972302,0.4542484018,0.7307685692,0.5758619746,0.6959996852
3924,1.0,0.0,0.0,0.0,1.0,1.0,0.245420345,0.2387745242,0.4442649161,0.7171053791,0.5767919206,0.7000003189
3925,1.0,0.0,0.0,0.0,1.0,1.0,0.2546657297,0.2498602957,0.453525682,0.704403037,0.5850339542,0.6938781402
3926,1.0,0.0,0.0,0.0,1.0,1.0,0.2634313048,0.2549945024,0.4361022972,0.7090902052,0.5650684686,0.6912764674
3927,1.0,0.0,0.0,0.0,1.0,1.0,0.2658771903,0.2481492725,0.447115432,0.7289153213,0.5684932084,0.7103449874
3928,1.0,0.0,0.0,0.0,1.0,1.0,0.2719897133,0.2498603452,0.4460547265,0.7218927997,0.5684931221,0.7191770828
3929,1.0,0.0,0.0,0.0,1.0,1.0,0.2700754956,0.2438500947,0.4514563927,0.7305394003,0.5738834028,0.7112678371
3930,1.0,0.0,0.0,0.0,1.0,1.0,0.2734472772,0.250713169,0.4479998885,0.7192980633,0.5699659285,0.7142854985
3931,1.0,0.0,0.0,0.0,1.0,1.0,0.275046447,0.2515720174,0.4431999507,0.720930083,0.5650684932,0.7074831775
3932,1.0,0.0,0.0,0.0,1.0,1.0,0.2762037542,0.2507132894,0.4408946005,0.7167627308,0.5631399071,0.7142854981
3933,1.0,0.0,0.0,0.0,1.0,1.0,0.2673669239,0.2473195403,0.4347134147,0.7321429525,0.5661015442,0.7260271237
3934,1.0,0.0,0.0,0.0,1.0,1.0,0.2709810382,0.2515602061,0.438596435,0.7176467496,0.5714288427,0.7162166854
3935,1.0,0.0,0.0,0.0,1.0,1.0,0.2737324165,0.244761338,0.4331210516,0.7325581852,0.5544220433,0.7222215274
3936,1.0,0.0,0.0,0.0,1.0,1.0,0.265352613,0.2430613848,0.4419714393,0.7245504367,0.564626007,0.7132872654
3937,1.0,0.0,0.0,0.0,1.0,1.0,0.2674786869,0.2481489695,0.4423077476,0.7245507133,0.5616439775,0.7103446037
3938,1.0,0.0,0.0,0.0,1.0,1.0,0.2646995009,0.2430151516,0.4414125474,0.7272727273,0.5650687673,0.7112665289
3939,1.0,0.0,0.0,0.0,1.0,1.0,0.2699458158,0.2490019977,0.4356913337,0.7202380555,0.560137604,0.7103452649
3940,1.0,0.0,0.0,0.0,1.0,1.0,0.2615662953,0.2438083342,0.4426493802,0.7222223768,0.5674740404,0.7021287136
3941,1.0,0.0,0.0,0.0,1.0,1.0,0.2630110265,0.2430614431,0.4433812528,0.7151527054,0.5680272574,0.7132862324
3942,1.0,0.0,0.0,0.0,1.0,1.0,0.2542576543,0.2387746716,0.4463999719,0.7169808129,0.5665526936,0.7142854856
3943,1.0,0.0,0.0,0.0,1.0,1.0,0.2041343001,0.2196006325,0.4477124014,0.7280003555,0.5640135909,0.6850395905
3944,1.0,0.0,0.0,0.0,1.0,1.0,0.04954499126,0.1894851886,0.4649572402,1.0,0.5390334134,0.617647943
3945,1.0,0.0,0.0,0.0,1.0,1.0,0.02914304363,0.2133640802,0.4665522073,0.9411840445,0.5318352351,0.5526311242
3946,1.0,0.0,0.0,0.0,1.0,1.0,0.02575876034,0.2021341628,0.4536082706,0.9333352766,0.5168538222,0.5462959027
3947,1.0,0.0,0.0,0.0,0.0,1.0,0.0,0.2010153384,0.0,0.0,0.5112779827,0.5700936105
3948,1.0,0.0,0.0,0.0,1.0,1.0,0.07138886843,0.1727657721,0.4251701074,0.7380943654,0.4944238268,0.6559135462
3949,1.0,0.0,0.0,0.0,1.0,1.0,0.08121488827,0.1780824667,0.3880597684,0.8163275425,0.4799998234,0.6938761711
3950,1.0,0.0,0.0,0.0,1.0,1.0,0.1565191715,0.1963191221,0.3572594255,0.7604162363,0.4642857564,0.7090897073
3951,1.0,0.0,0.0,0.0,1.0,1.0,0.1918283542,0.2121621881,0.372580586,0.7394959996,0.4912281376,0.6942149509
3952,1.0,0.0,0.0,0.0,1.0,1.0,0.2134732467,0.2260219254,0.3721683282,0.7348491282,0.4911663267,0.6875003284
3953,1.0,0.0,0.0,0.0,1.0,1.0,0.2228157518,0.2252260953,0.3602584738,0.7246380576,0.4823944856,0.6953119394
3954,1.0,0.0,0.0,0.0,1.0,1.0,0.2128894614,0.2215076203,0.3560975225,0.7328248517,0.4751774103,0.6880004659
3955,1.0,0.0,0.0,0.0,1.0,1.0,0.2168447611,0.2197356964,0.3572593129,0.736841323,0.4716314058,0.6935490442
3956,1.0,0.0,0.0,0.0,1.0,1.0,0.2195496294,0.2268236736,0.3721310727,0.7313424442,0.4822695565,0.6953127706
3957,1.0,0.0,0.0,0.0,1.0,1.0,0.2152141399,0.2217070335,0.3670473306,0.7424236778,0.4823944341,0.7063486149
3958,1.0,0.0,0.0,0.0,1.0,1.0,0.2162727381,0.2230897768,0.3196720749,0.7272733342,0.4321429414,0.6959999013
3959,1.0,0.0,0.0,0.0,1.0,1.0,0.18903934,0.2121118989,0.2812499656,0.7739126727,0.3956832803,0.6779653012
3960,1.0,0.0,0.0,0.0,1.0,1.0,0.2073396913,0.2199478044,0.2884927156,0.7421865718,0.3978873073,0.6719988407
3961,1.0,0.0,0.0,0.0,1.0,1.0,0.1998884811,0.2171932872,0.2813009098,0.7560976931,0.3922260805,0.6991858909
3962,1.0,0.0,0.0,0.0,1.0,1.0,0.2041344466,0.2156691375,0.2892156753,0.7280003101,0.4105263199,0.6747960346
3963,1.0,0.0,0.0,0.0,1.0,1.0,0.2098002658,0.2224906801,0.2842974893,0.7322830961,0.3957598945,0.6825400153
3964,1.0,0.0,0.0,0.0,1.0,1.0,0.2140486353,0.2287457135,0.2899504906,0.7230764535,0.4049296321,0.6846148498
3965,1.0,0.0,0.0,0.0,1.0,1.0,0.2248335606,0.233319009,0.2873562782,0.7153291358,0.4076656829,0.6791053482
3966,1.0,0.0,0.0,0.0,1.0,1.0,0.2259463973,0.2376297404,0.2838284434,0.7153288212,0.4055943433,0.6764701092
3967,1.0,0.0,0.0,0.0,1.0,1.0,0.2415870391,0.2463657534,0.2880795759,0.719177795,0.3986015883,0.7021271646
3968,1.0,0.0,0.0,0.0,1.0,1.0,0.2374910264,0.240283727,0.2673266953,0.7222228946,0.3902437452,0.7028976927
3969,1.0,0.0,0.0,0.0,1.0,1.0,0.2407896394,0.2369811233,0.2821783012,0.7054801793,0.4054984171,0.7028985393
3970,1.0,0.0,0.0,0.0,1.0,1.0,0.2374911386,0.2386210761,0.2887788033,0.7152788609,0.4083046274,0.7028980813
3971,1.0,0.0,0.0,0.0,1.0,1.0,0.2269183151,0.2253983793,0.2554256483,0.7279407341,0.3706295285,0.713179265
3972,1.0,0.0,0.0,0.0,1.0,1.0,0.2431074966,0.2314499636,0.250000023,0.7222221381,0.3859649391,0.7121212372
3973,1.0,0.0,0.0,0.0,1.0,1.0,0.259551705,0.242920054,0.268128098,0.7077916811,0.3923610543,0.7000006261
3974,1.0,0.0,0.0,0.0,1.0,1.0,0.2444555372,0.2412444231,0.2628952775,0.7074839046,0.3965514641,0.6999996874
3975,1.0,0.0,0.0,0.0,1.0,1.0,0.2548242479,0.2421853529,0.2599337589,0.7272736369,0.3890784919,0.7112677912
3976,1.0,0.0,0.0,0.0,1.0,1.0,0.2511162045,0.2421329083,0.2579564007,0.7133330308,0.3883160164,0.7021280241
3977,1.0,0.0,0.0,0.0,1.0,1.0,0.2506960165,0.242132872,0.2591972562,0.7199999419,0.3883160817,0.6879445785
3978,1.0,0.0,0.0,0.0,1.0,1.0,0.2469209602,0.2455375648,0.2521008463,0.7346940835,0.3840829702,0.7112675741
3979,1.0,0.0,0.0,0.0,1.0,1.0,0.2641621668,0.2489959142,0.254208795,0.719745028,0.3944636613,0.7013881307
3980,1.0,0.0,0.0,0.0,1.0,1.0,0.2633665828,0.2541830809,0.2652026505,0.7051286875,0.3944636782,0.6938769475
3981,1.0,0.0,0.0,0.0,1.0,1.0,0.2673124357,0.255997359,0.2572402321,0.7133751282,0.385964799,0.6849315678
3982,1.0,0.0,0.0,0.0,1.0,1.0,0.2574835531,0.2602715815,0.2576271676,0.7039467371,0.3923609573,0.6799997712
3983,1.0,0.0,0.0,0.0,1.0,1.0,0.2690149987,0.2637415745,0.2555367052,0.7088602073,0.3819444185,0.6776326138
3984,1.0,0.0,0.0,0.0,1.0,1.0,0.2490075204,0.2524723162,0.2662117182,0.7054801151,0.3937282477,0.6758626801
3985,1.0,0.0,0.0,0.0,1.0,1.0,0.2592409489,0.2559546566,0.2645050145,0.7039473777,0.3902439842,0.6802716533
3986,1.0,0.0,0.0,0.0,1.0,1.0,0.2515955795,0.2604929566,0.2586805214,0.7172424386,0.3794326774,0.6802716867
3987,1.0,0.0,0.0,0.0,1.0,1.0,0.2099522644,0.2507560221,0.2690972945,0.7438014951,0.3870964952,0.7071432428
3988,1.0,0.0,0.0,0.0,1.0,1.0,0.126488961,0.2172698995,0.3279857012,0.7887326012,0.4347825266,0.6833333044
3989,1.0,0.0,0.0,0.0,1.0,1.0,0.05622966512,0.2196571805,0.4210527117,0.8387133878,0.4945055662,0.5749999563
3990,1.0,0.0,0.0,0.0,1.0,1.0,0.03306994602,0.2165457857,0.4411763975,0.9444457296,0.4962965018,0.538460854
3991,1.0,0.0,0.0,0.0,1.0,1.0,0.03134756382,0.2245933102,0.4520294422,0.8823615516,0.5018728205,0.5416668107
3992,1.0,0.0,0.0,0.0,1.0,1.0,0.07604478247,0.1998883384,0.4438406502,0.6904736887,0.5127270894,0.6181803593
3993,1.0,0.0,0.0,0.0,1.0,1.0,0.07590669817,0.2050135542,0.4249548578,0.7857160679,0.4945054313,0.6249992983
3994,1.0,0.0,0.0,0.0,1.0,1.0,0.1346764297,0.2193019618,0.4024823652,0.7368437241,0.4964028475,0.6803273406
3995,1.0,0.0,0.0,0.0,1.0,1.0,0.1960713303,0.2339120786,0.3767360909,0.7079647684,0.4787235607,0.6742427661
3996,1.0,0.0,0.0,0.0,1.0,1.0,0.219221288,0.2410625194,0.3886011181,0.7165357668,0.4964788012,0.6715319979
3997,1.0,0.0,0.0,0.0,1.0,1.0,0.2247468207,0.2446552123,0.3850085617,0.7196971935,0.5,0.6950349816
3998,1.0,0.0,0.0,0.0,1.0,1.0,0.2298547543,0.2472667582,0.3764906738,0.7111103239,0.4982698051,0.6783227201
3999,1.0,0.0,0.0,0.0,1.0,1.0,0.2119506085,0.245445932,0.3775861238,0.7317059951,0.4911660442,0.6906475599
4000,1.0,0.0,0.0,0.0,1.0,1.0,0.1529581403,0.2224906663,0.4069565258,0.727272506,0.505300332,0.6904755025
4001,1.0,0.0,0.0,0.0,1.0,1.0,0.1112454142,0.2154596176,0.4134276209,0.7777770277,0.4963767544,0.6890747743
4002,1.0,0.0,0.0,0.0,1.0,1.0,0.09085845175,0.2170316505,0.4153298118,0.8235284318,0.4890508715,0.6554618249
4003,1.0,0.0,0.0,0.0,1.0,1.0,0.09509949467,0.2159966298,0.4111311203,0.8113227898,0.4945054434,0.6694914342
4004,1.0,0.0,0.0,0.0,1.0,1.0,0.06007565591,0.2247814413,0.4371583726,0.9090938082,0.501858614,0.5785124111
4005,1.0,0.0,0.0,0.0,1.0,1.0,0.05612810041,0.2181619132,0.4293477932,0.9677421529,0.4925374355,0.6068368437
4006,1.0,0.0,0.0,0.0,1.0,1.0,0.08158723237,0.2093171029,0.4526901069,0.8863614769,0.5207544061,0.6486489031
4007,1.0,0.0,0.0,0.0,1.0,1.0,0.03420162564,0.2199545945,0.4733841404,0.8333372098,0.5250968229,0.5175435375
4008,1.0,0.0,0.0,0.0,1.0,1.0,0.04483484265,0.2157886118,0.463551267,0.8749923257,0.5189393773,0.5438587097
4009,1.0,0.0,0.0,0.0,1.0,1.0,0.02078242198,0.2125253018,0.4763705093,0.5454527807,0.5172411678,0.4774773388
4010,1.0,0.0,0.0,0.0,1.0,1.0,0.0331916789,0.2138958181,0.4612545291,0.6666666667,0.5151514069,0.4690268278
4011,1.0,0.0,0.0,0.0,1.0,1.0,0.02388368926,0.2189789782,0.4724265847,0.7692282813,0.5205992318,0.4444436458
4012,1.0,0.0,0.0,0.0,1.0,1.0,0.02212793751,0.2198020046,0.4797048855,0.5833392039,0.522556185,0.4017102508
4013,1.0,0.0,0.0,0.0,1.0,1.0,0.02907469475,0.202489429,0.4563636591,0.7500066725,0.5055762259,0.4403668646
4014,1.0,0.0,0.0,0.0,1.0,1.0,0.02918072269,0.1991507778,0.498175111,0.624998334,0.5461254337,0.4166655149
4015,1.0,0.0,0.0,0.0,1.0,1.0,0.02950402319,0.1871616305,0.4778598388,0.6250016398,0.5168539988,0.4200005877
4016,1.0,0.0,0.0,0.0,1.0,1.0,0.02950355393,0.1890331492,0.4889299548,0.6875050135,0.5280899191,0.435642474
4017,1.0,0.0,0.0,0.0,1.0,1.0,0.02600777782,0.1961170113,0.4739776377,0.6428560639,0.5169811968,0.4423071449
4018,1.0,0.0,0.0,0.0,1.0,1.0,0.035428074,0.1892881168,0.4682835362,0.5263163672,0.5,0.3799990824
4019,1.0,0.0,0.0,0.0,1.0,1.0,0.03175794158,0.1938084027,0.4579438561,0.4705867929,0.5019011618,0.3921569028
4020,1.0,0.0,0.0,0.0,1.0,1.0,0.03169890665,0.1848022245,0.4626865701,0.4117661548,0.5056605144,0.4081630473
4021,1.0,0.0,0.0,0.0,1.0,1.0,0.03343863354,0.1900081761,0.4442380379,0.3888856763,0.4942967208,0.3900004372
4022,1.0,0.0,0.0,0.0,1.0,1.0,0.03325318595,0.1897437491,0.4417745736,0.4444431518,0.4887217276,0.3861384907
4023,1.0,0.0,0.0,0.0,1.0,1.0,0.03516561001,0.1866881408,0.4425926678,0.421051482,0.4867924986,0.3939397115
4024,1.0,0.0,0.0,0.0,1.0,1.0,0.03893922308,0.1919081013,0.4434137567,0.3333366387,0.4904945493,0.3861372666
4025,1.0,0.0,0.0,0.0,1.0,1.0,0.03844011807,0.1890329164,0.446886464,0.4285742663,0.4981274169,0.4158423611
4026,1.0,0.0,0.0,0.0,1.0,1.0,0.04401184445,0.1976084065,0.4403669787,0.375,0.4866920684,0.3653848486
4027,1.0,0.0,0.0,0.0,1.0,1.0,0.04601500372,0.2006453196,0.4438306322,0.280004707,0.492424137,0.3490562858
4028,1.0,0.0,0.0,0.0,1.0,1.0,0.05511645,0.2052087198,0.4613970521,0.2999985974,0.5019012319,0.3611117063
4029,1.0,0.0,0.0,0.0,1.0,1.0,0.05471363689,0.2066516928,0.4525547368,0.3666622222,0.5075187598,0.3636363636
4030,1.0,0.0,0.0,0.0,1.0,1.0,0.05705857527,0.2090086528,0.4511969894,0.3225837197,0.4942965597,0.3454549641
4031,1.0,0.0,0.0,0.0,1.0,1.0,0.05985767441,0.2120025819,0.4446460335,0.3333354835,0.4924242485,0.3214276212
4032,1.0,0.0,0.0,0.0,1.0,1.0,0.05412148333,0.2021342468,0.4476534572,0.3333380461,0.4981273245,0.379629066
4033,1.0,0.0,0.0,0.0,1.0,1.0,0.05373349017,0.2066517944,0.4498208239,0.3333333333,0.4962407451,0.3727276578
4034,1.0,0.0,0.0,0.0,1.0,1.0,0.0606803402,0.2021345198,0.4446427814,0.2941191364,0.4943817509,0.3796294451
4035,1.0,0.0,0.0,0.0,1.0,1.0,0.07112826296,0.1914642388,0.4343065614,0.5897428792,0.475095925,0.4700011673
4036,1.0,0.0,0.0,0.0,1.0,1.0,0.1048365277,0.1837210626,0.4038460874,0.8333339435,0.4705880929,0.5900011422
4037,1.0,0.0,0.0,0.0,1.0,1.0,0.1126130863,0.178866637,0.4031690598,0.8906271339,0.4686346343,0.6185560972
4038,1.0,0.0,0.0,0.0,1.0,1.0,0.1108505355,0.1864630124,0.4114490582,0.903227175,0.4738808075,0.6000008768
4039,1.0,0.0,0.0,0.0,1.0,1.0,0.1137719389,0.1862427465,0.415061245,0.8153864407,0.4797047641,0.5742587001
4040,1.0,0.0,0.0,0.0,1.0,1.0,0.08416344582,0.2065271089,0.4192982568,0.6666697216,0.4833948624,0.4732134967
4041,1.0,0.0,0.0,0.0,1.0,1.0,0.1146619381,0.1766870563,0.4109589041,0.8805959851,0.4892858125,0.6161613017
4042,1.0,0.0,0.0,0.0,1.0,1.0,0.1112422825,0.1912290175,0.4243477669,0.7968748381,0.4945847843,0.5660380506
4043,1.0,0.0,0.0,0.0,1.0,1.0,0.1122181571,0.1763720529,0.4157895925,0.7968751599,0.4779411617,0.5833337123
4044,1.0,0.0,0.0,0.0,1.0,1.0,0.1662878972,0.1820412745,0.4048027222,0.8865963998,0.4964285602,0.6960788108
4045,1.0,0.0,0.0,0.0,1.0,1.0,0.1725532509,0.1791113442,0.4068375498,0.9009919161,0.4910396504,0.7200000883
4046,1.0,0.0,0.0,0.0,1.0,1.0,0.2073672136,0.1907061126,0.3860544051,0.8442629215,0.4840987751,0.7129634007
4047,1.0,0.0,0.0,0.0,1.0,1.0,0.2781778391,0.233546536,0.4366667101,0.7604796739,0.5567009763,0.7132346033
4048,1.0,0.0,0.0,0.0,1.0,1.0,0.3031640363,0.2532832537,0.4433333779,0.7362630992,0.5684932946,0.7162164718
4049,1.0,0.0,0.0,0.0,1.0,1.0,0.3159631288,0.258359159,0.4409317376,0.7315792985,0.5646258915,0.7302622915
4050,1.0,0.0,0.0,0.0,1.0,1.0,0.3298485271,0.2668579178,0.4422440986,0.7349999288,0.5646256654,0.7452230011
4051,1.0,0.0,0.0,0.0,1.0,1.0,0.3114927419,0.2601996133,0.4399999414,0.7379679961,0.5620689381,0.7350990775
4052,1.0,0.0,0.0,0.0,1.0,1.0,0.3270291367,0.2645580632,0.4424040119,0.7500005587,0.5674740878,0.738561764
4053,1.0,0.0,0.0,0.0,1.0,1.0,0.213439931,0.1891799257,0.3932203675,0.8650794901,0.4892856623,0.716982702
4054,1.0,0.0,0.0,0.0,1.0,1.0,0.1247076518,0.1697163659,0.4420675963,0.7714282171,0.4981131303,0.6000009646
4055,1.0,0.0,0.0,0.0,1.0,1.0,0.1141715012,0.1716023571,0.3936730349,0.8000013313,0.4641509896,0.5934082653
4056,1.0,0.0,0.0,0.0,1.0,1.0,0.1747750899,0.1840130109,0.4006791027,0.8543692617,0.5018050157,0.6666659523
4057,1.0,0.0,0.0,0.0,1.0,1.0,0.2946431355,0.264976623,0.408710139,0.7386367714,0.5266903019,0.6845636211
4058,1.0,0.0,0.0,0.0,1.0,1.0,0.323251725,0.2774314241,0.4092410466,0.7142855534,0.5379312155,0.6956520547
4059,1.0,0.0,0.0,0.0,1.0,1.0,0.3370210086,0.2903306078,0.4053156869,0.7241387542,0.5316900166,0.7030306914
4060,1.0,0.0,0.0,0.0,1.0,1.0,0.3392752014,0.2955338553,0.4030100523,0.7142852461,0.5232974626,0.6969699413
4061,1.0,0.0,0.0,0.0,1.0,1.0,0.359276601,0.3068464221,0.392156799,0.7136361215,0.512280563,0.6914285353
4062,1.0,0.0,0.0,0.0,1.0,1.0,0.3575237962,0.3085996146,0.395121836,0.7000001016,0.5122805986,0.6818185283
4063,1.0,0.0,0.0,0.0,1.0,1.0,0.3428983785,0.3065665062,0.4032521715,0.7061612639,0.5177302531,0.682080985
4064,1.0,0.0,0.0,0.0,1.0,1.0,0.3271497748,0.3012759117,0.3895253742,0.7199997782,0.5126354946,0.6646703486
4065,1.0,0.0,0.0,0.0,1.0,1.0,0.345586248,0.3165490925,0.3993505332,0.7089200855,0.5195729677,0.6741568291
4066,1.0,0.0,0.0,0.0,1.0,1.0,0.3391253217,0.3145725609,0.3898858938,0.7115381132,0.5071941257,0.6800001013
4067,1.0,0.0,0.0,0.0,1.0,1.0,0.3368725069,0.3110148281,0.4105432312,0.7109008078,0.5279719179,0.6853931163
4068,1.0,0.0,0.0,0.0,1.0,1.0,0.3481200397,0.3207428896,0.39325852,0.6866360828,0.5070921366,0.674033067
4069,1.0,0.0,0.0,0.0,1.0,1.0,0.3470733205,0.3213751105,0.3987138683,0.6990737166,0.5123675286,0.6648354737
4070,1.0,0.0,0.0,0.0,1.0,1.0,0.3535991028,0.3296034685,0.3893377713,0.6940642276,0.4964540931,0.6666670642
4071,1.0,0.0,0.0,0.0,1.0,1.0,0.3390106815,0.3343202985,0.4047999654,0.6839620781,0.5070424334,0.6526307136
4072,1.0,0.0,0.0,0.0,1.0,1.0,0.3412333615,0.3378894655,0.402912602,0.6729858066,0.5017792498,0.6526319068
4073,1.0,0.0,0.0,0.0,1.0,1.0,0.3298652259,0.330750393,0.3957307272,0.6666663062,0.5000001954,0.652173913
4074,1.0,0.0,0.0,0.0,1.0,1.0,0.3309839985,0.3289977047,0.3993506321,0.6715687323,0.5017793097,0.6432426058
4075,1.0,0.0,0.0,0.0,1.0,1.0,0.3261164836,0.3242870136,0.3912337256,0.6716411116,0.4964541772,0.6502730874
4076,1.0,0.0,0.0,0.0,1.0,1.0,0.276616618,0.2804190495,0.4184513968,0.690475726,0.5179854392,0.6538466387
4077,1.0,0.0,0.0,0.0,1.0,1.0,0.1087473342,0.2575482995,0.4127806972,0.9047640283,0.4730767521,0.6567175492
4078,1.0,0.0,0.0,0.0,1.0,1.0,0.06790602303,0.2680494948,0.458188202,0.8717958561,0.5134101735,0.5500012222
4079,1.0,0.0,0.0,0.0,1.0,1.0,0.0816932283,0.2479532237,0.422608817,0.9361735627,0.4923662569,0.630769952
4080,1.0,0.0,0.0,0.0,1.0,1.0,0.2022088897,0.2617586644,0.3184080023,0.7540987401,0.4102564103,0.6783207329
4081,1.0,0.0,0.0,0.0,1.0,1.0,0.2658613637,0.276631057,0.2824301743,0.6851848868,0.3821427837,0.6516126678
4082,1.0,0.0,0.0,0.0,1.0,1.0,0.2955866194,0.2980791013,0.2826797087,0.6850819966,0.3929825873,0.6647061458
4083,1.0,0.0,0.0,0.0,1.0,1.0,0.297131152,0.2931225153,0.2820946499,0.6704553806,0.399293145,0.6746988265
4084,1.0,0.0,0.0,0.0,1.0,1.0,0.2947506748,0.2928189012,0.2779662007,0.6609193274,0.3964910972,0.664671013
4085,1.0,0.0,0.0,0.0,1.0,1.0,0.2884638592,0.28555483,0.2886247668,0.658823277,0.4076655495,0.6707320583
4086,1.0,0.0,0.0,0.0,1.0,1.0,0.3006726272,0.2981384566,0.2840336054,0.6480444806,0.4067796736,0.6647725787
4087,1.0,0.0,0.0,0.0,1.0,1.0,0.2805741795,0.2815094585,0.2973422028,0.6449698454,0.4233331944,0.6568043571
4088,1.0,0.0,0.0,0.0,1.0,1.0,0.272267841,0.2776228116,0.2588832955,0.6583854213,0.387205423,0.6606072863
4089,1.0,0.0,0.0,0.0,1.0,1.0,0.2867667961,0.2920665078,0.2325976602,0.6390528601,0.3614863926,0.6647390811
4090,1.0,0.0,0.0,0.0,1.0,1.0,0.2857966565,0.2891363259,0.2453468127,0.6390535215,0.3779266285,0.647399026
4091,1.0,0.0,0.0,0.0,1.0,1.0,0.2993250687,0.2905352197,0.2521150624,0.644067503,0.3887045206,0.6685720793
4092,1.0,0.0,0.0,0.0,1.0,1.0,0.2981388887,0.2924785882,0.2440678066,0.6306816216,0.3745820055,0.6628576826
4093,1.0,0.0,0.0,0.0,1.0,1.0,0.2937548952,0.293855703,0.2550675416,0.6321842704,0.3887043722,0.6553670706
4094,1.0,0.0,0.0,0.0,1.0,1.0,0.2964443425,0.293460273,0.2457627602,0.6514286565,0.3758388162,0.6571427154
4095,1.0,0.0,0.0,0.0,1.0,1.0,0.2986446548,0.2937548972,0.2495755785,0.6590912438,0.3716215157,0.6666666667
4096,1.0,0.0,0.0,0.0,1.0,1.0,0.3072606529,0.3045436256,0.2398648655,0.6318681187,0.3636365305,0.6629831923
4097,1.0,0.0,0.0,0.0,1.0,1.0,0.3012015587,0.2991406137,0.2465752034,0.642045813,0.3529413979,0.664739266
4098,1.0,0.0,0.0,0.0,1.0,1.0,0.3056712232,0.2994843356,0.2388315399,0.6460676259,0.3484320662,0.6627901314
4099,1.0,0.0,0.0,0.0,1.0,1.0,0.240283904,0.2507561187,0.2473868464,0.6594196681,0.3369177963,0.6571429011
4100,1.0,0.0,0.0,0.0,1.0,1.0,0.0691783576,0.2069738916,0.3570128466,0.763154069,0.4291045929,0.6036025689
4101,1.0,0.0,0.0,0.0,1.0,1.0,0.02212784709,0.2262885335,0.4409594806,0.83334501,0.4792450602,0.4750008757
4102,1.0,0.0,0.0,0.0,1.0,1.0,0.02944946892,0.2122876406,0.441989028,0.7499901135,0.4812028586,0.4867265557
4103,1.0,0.0,0.0,0.0,1.0,1.0,0.02781376196,0.2160451189,0.4656772074,0.6000056773,0.5075186872,0.4782603061
4104,1.0,0.0,0.0,0.0,1.0,1.0,0.03823006226,0.2107032904,0.4426229858,0.7142842641,0.4925373906,0.5132748872
4105,1.0,0.0,0.0,0.0,1.0,1.0,0.04361210372,0.2062048006,0.4654544246,0.7916595912,0.5167285431,0.5405402272
4106,1.0,0.0,0.0,0.0,1.0,1.0,0.08137048939,0.1908026516,0.4371682008,0.7826052221,0.5018182175,0.6761908291
4107,1.0,0.0,0.0,0.0,1.0,1.0,0.1699731955,0.2164284482,0.397959166,0.6900004086,0.4964789372,0.6666666667
4108,1.0,0.0,0.0,0.0,1.0,1.0,0.231152441,0.2437663385,0.3643925887,0.6834532938,0.477351599,0.6571430351
4109,1.0,0.0,0.0,0.0,1.0,1.0,0.2589915783,0.2593706053,0.3571427656,0.6730770318,0.474048373,0.6599998824
4110,1.0,0.0,0.0,0.0,1.0,1.0,0.2584481577,0.2627397965,0.3469721349,0.6708863935,0.4707903026,0.6601309447
4111,1.0,0.0,0.0,0.0,1.0,1.0,0.2636964724,0.2688151974,0.3501628692,0.6790132181,0.472413886,0.6666671371
4112,1.0,0.0,0.0,0.0,1.0,1.0,0.2623336156,0.2669742605,0.3462156857,0.6993869079,0.4726027574,0.6730759155
4113,1.0,0.0,0.0,0.0,1.0,1.0,0.2646049442,0.2643574598,0.3460924142,0.692771044,0.4709899253,0.6774188925
4114,1.0,0.0,0.0,0.0,1.0,1.0,0.2646050907,0.2635516261,0.3460925826,0.6927703116,0.4657533051,0.6753246379
4115,1.0,0.0,0.0,0.0,1.0,1.0,0.2705497192,0.2635512043,0.3535031174,0.6941172165,0.4657536695,0.6753250314
4116,1.0,0.0,0.0,0.0,1.0,1.0,0.2565920261,0.2601994557,0.3502376096,0.7037034001,0.4620688998,0.6622507139
4117,1.0,0.0,0.0,0.0,1.0,1.0,0.2655748952,0.2541538897,0.3647799349,0.7218943746,0.4845360825,0.6824324122
4118,1.0,0.0,0.0,0.0,1.0,1.0,0.2835182113,0.267091994,0.3645008628,0.7094965285,0.4862070441,0.6903229221
4119,1.0,0.0,0.0,0.0,1.0,1.0,0.2732848001,0.2661746177,0.3656250609,0.7142853518,0.4914090303,0.6903226638
4120,1.0,0.0,0.0,0.0,1.0,1.0,0.2819744032,0.2677685158,0.3667710811,0.7166658471,0.4880545573,0.6878972183
4121,1.0,0.0,0.0,0.0,1.0,1.0,0.2783257305,0.2636455897,0.3686709407,0.7215908875,0.4862068251,0.6928104195
4122,1.0,0.0,0.0,0.0,1.0,1.0,0.2819343373,0.2689468718,0.3613312225,0.7134829214,0.482638909,0.6903220251
4123,1.0,0.0,0.0,0.0,1.0,1.0,0.2799070916,0.2670920286,0.3670885423,0.7118637601,0.4896548835,0.6903223089
4124,1.0,0.0,0.0,0.0,1.0,1.0,0.2734322222,0.2662874031,0.3726414836,0.7183912862,0.4948097996,0.6948057072
4125,1.0,0.0,0.0,0.0,1.0,1.0,0.2730107616,0.2637419393,0.3801917268,0.7251459245,0.5000001933,0.6907891651
4126,1.0,0.0,0.0,0.0,1.0,1.0,0.2748861874,0.2620065205,0.3815580455,0.7225432199,0.5034721039,0.695364548
4127,1.0,0.0,0.0,0.0,1.0,1.0,0.2855545511,0.2688150966,0.3698411614,0.722221745,0.4965518423,0.6923074745
4128,1.0,0.0,0.0,0.0,1.0,1.0,0.2814885652,0.2696087901,0.3829113274,0.7078652797,0.5120273849,0.6815281891
4129,1.0,0.0,0.0,0.0,1.0,1.0,0.2715702238,0.2619228339,0.3791469562,0.7267437932,0.506896476,0.6973686725
4130,1.0,0.0,0.0,0.0,1.0,1.0,0.2681040944,0.2593705168,0.3698412912,0.7218938507,0.4948097714,0.6800002977
4131,1.0,0.0,0.0,0.0,1.0,1.0,0.2734321318,0.2697455199,0.3742138406,0.7298858208,0.4982699765,0.6987174332
4132,1.0,0.0,0.0,0.0,1.0,1.0,0.2637637187,0.2594369317,0.3688393884,0.7349404871,0.4912890458,0.6979860752
4133,1.0,0.0,0.0,0.0,1.0,1.0,0.2702491389,0.260271154,0.3647999981,0.7278107367,0.4930556146,0.7000008916
4134,1.0,0.0,0.0,0.0,1.0,1.0,0.2630110624,0.2533068346,0.3684210434,0.7333320926,0.4931032254,0.7006802823
4135,1.0,0.0,0.0,0.0,1.0,1.0,0.2704185256,0.2628288818,0.3655063431,0.7192973796,0.4913494663,0.6973694594
4136,1.0,0.0,0.0,0.0,1.0,1.0,0.2681042367,0.2601997806,0.3730158491,0.7218932484,0.4896551776,0.695364837
4137,1.0,0.0,0.0,0.0,1.0,1.0,0.2652546638,0.2567530799,0.3649288634,0.7261908167,0.4862067032,0.6912754924
4138,1.0,0.0,0.0,0.0,1.0,1.0,0.2720001002,0.2628289887,0.368670861,0.7151166288,0.4913495244,0.6907895023
4139,1.0,0.0,0.0,0.0,1.0,1.0,0.2699914345,0.2645582114,0.3665087725,0.7076016627,0.4878892023,0.6797382053
4140,1.0,0.0,0.0,0.0,1.0,1.0,0.2633450898,0.2585362015,0.3698413249,0.728916458,0.489583349,0.6979873494
4141,1.0,0.0,0.0,0.0,1.0,1.0,0.2629276377,0.2593704007,0.3645007849,0.734938958,0.4878890911,0.6933328232
4142,1.0,0.0,0.0,0.0,1.0,1.0,0.2720000543,0.2697454749,0.3607594579,0.7209297264,0.4775084858,0.6987186455
4143,1.0,0.0,0.0,0.0,1.0,1.0,0.2668336626,0.2628289771,0.3601895793,0.7159763859,0.4878894826,0.6907890303
4144,1.0,0.0,0.0,0.0,1.0,1.0,0.2612715251,0.2601994498,0.3685039896,0.7289151414,0.4896550831,0.6887427008
4145,1.0,0.0,0.0,0.0,1.0,1.0,0.2581760181,0.2533305465,0.3613312008,0.7300610353,0.4861112329,0.7054798336
4146,1.0,0.0,0.0,0.0,1.0,1.0,0.2403113778,0.2472485008,0.3821656189,0.7483446297,0.5052263549,0.6901402381
4147,1.0,0.0,0.0,0.0,1.0,1.0,0.1012948255,0.2062045702,0.4138513089,0.8499992734,0.4907065079,0.6756759411
4148,1.0,0.0,0.0,0.0,1.0,1.0,0.05657236785,0.2271461458,0.4442538731,0.8787872934,0.5151514298,0.5833330382
4149,1.0,0.0,0.0,0.0,0.0,1.0,0.0,0.2176815662,0.0,0.0,0.4848482475,0.5913035737
4150,1.0,0.0,0.0,0.0,1.0,1.0,0.1364369027,0.2067193662,0.457236854,0.7710840826,0.5467625757,0.6869562398
4151,1.0,0.0,0.0,0.0,1.0,1.0,0.2080808422,0.2234666998,0.4786885124,0.74015774,0.5774647833,0.7007864447
4152,1.0,0.0,0.0,0.0,1.0,1.0,0.2353522906,0.2377145001,0.4629032541,0.719177989,0.5694443434,0.7007300093
4153,1.0,0.0,0.0,0.0,1.0,1.0,0.2506636811,0.2472669917,0.4646301236,0.7179489017,0.5778548813,0.6993001964
4154,1.0,0.0,0.0,0.0,1.0,1.0,0.258229037,0.2533066411,0.45773515,0.6975316369,0.5689653848,0.6938771488
4155,1.0,0.0,0.0,0.0,1.0,1.0,0.265027985,0.2558711021,0.460063805,0.7168667801,0.5738830687,0.7046976126
4156,1.0,0.0,0.0,0.0,1.0,1.0,0.2514519523,0.2489960656,0.4633758319,0.708861545,0.5743943711,0.7013883845
4157,1.0,0.0,0.0,0.0,1.0,1.0,0.2550080065,0.2481493966,0.4516639792,0.7080744238,0.571917905,0.7172411176
4158,1.0,0.0,0.0,0.0,1.0,1.0,0.2526412212,0.2515836401,0.4244834034,0.7169813156,0.541379414,0.7054799287
4159,1.0,0.0,0.0,0.0,1.0,1.0,0.2466975657,0.2490018986,0.4303796873,0.7115385723,0.5498283073,0.7034474639
4160,1.0,0.0,0.0,0.0,1.0,1.0,0.257717753,0.2524187149,0.4261005535,0.7073170398,0.5392493074,0.7094592443
4161,1.0,0.0,0.0,0.0,1.0,1.0,0.2581235363,0.2549595332,0.4299213575,0.7134146176,0.5510205008,0.7000001483
4162,1.0,0.0,0.0,0.0,1.0,1.0,0.2597600452,0.2524186446,0.4278921756,0.7195128423,0.5494881053,0.7027031917
4163,1.0,0.0,0.0,0.0,1.0,1.0,0.2581234511,0.2524190967,0.4267717386,0.7256098056,0.5460750646,0.7094596116
4164,1.0,0.0,0.0,0.0,1.0,1.0,0.2725749153,0.256753223,0.4226474926,0.7192983836,0.5344825255,0.711408245
4165,1.0,0.0,0.0,0.0,1.0,1.0,0.2748862276,0.2635513414,0.4244833009,0.6994217274,0.5410959426,0.7012985137
4166,1.0,0.0,0.0,0.0,1.0,1.0,0.2735815484,0.2652627688,0.3987341659,0.7109827418,0.5239723331,0.6967746722
4167,1.0,0.0,0.0,0.0,1.0,1.0,0.2864639839,0.2714749588,0.3996815475,0.7055552469,0.5294115613,0.6878982875
4168,1.0,0.0,0.0,0.0,1.0,1.0,0.2876210451,0.269080563,0.4083600804,0.7094966444,0.527971975,0.6948058794
4169,1.0,0.0,0.0,0.0,1.0,1.0,0.2910375396,0.2768490983,0.3951999424,0.6923082575,0.5261322311,0.6855346617
4170,1.0,0.0,0.0,0.0,1.0,1.0,0.289647411,0.2785899113,0.4028662287,0.6978024755,0.5261324164,0.6875004382
4171,1.0,0.0,0.0,0.0,1.0,1.0,0.2864644011,0.2724171362,0.4028662128,0.7,0.5208332523,0.6751590357
4172,1.0,0.0,0.0,0.0,1.0,1.0,0.2860088721,0.2741528434,0.3942766995,0.7055551742,0.5173609555,0.6835436019
4173,1.0,0.0,0.0,0.0,1.0,1.0,0.2903140805,0.2766620886,0.3968254729,0.6994533914,0.5224914031,0.6812500875
4174,1.0,0.0,0.0,0.0,1.0,1.0,0.2875978866,0.2714748389,0.3958664907,0.701657397,0.5190310667,0.6815276346
4175,1.0,0.0,0.0,0.0,1.0,1.0,0.2916351642,0.2781950204,0.3895898639,0.7027024394,0.5223369027,0.6913573895
4176,1.0,0.0,0.0,0.0,1.0,1.0,0.2984115481,0.279912723,0.3965245333,0.6984121329,0.5257733866,0.6932513394
4177,1.0,0.0,0.0,0.0,1.0,1.0,0.2776228352,0.2680163865,0.4047618493,0.7028568554,0.5190311743,0.6645157626
4178,1.0,0.0,0.0,0.0,1.0,1.0,0.2860087409,0.271474865,0.3974562379,0.6944445134,0.5224913735,0.6815285628
4179,1.0,0.0,0.0,0.0,1.0,1.0,0.2896471396,0.2722617074,0.3964967577,0.7087907183,0.5206895895,0.6898742674
4180,1.0,0.0,0.0,0.0,1.0,1.0,0.2853270129,0.2732038074,0.3939393181,0.7039106985,0.5190311499,0.6772147406
4181,1.0,0.0,0.0,0.0,1.0,1.0,0.286008732,0.2714745447,0.3990461484,0.7055556315,0.525951723,0.6878979077
4182,1.0,0.0,0.0,0.0,1.0,1.0,0.2869210169,0.27147471,0.4003189656,0.7055556802,0.5259516135,0.6815287079
4183,1.0,0.0,0.0,0.0,1.0,1.0,0.05979550565,0.2431590459,0.4136751544,1.0,0.4865900188,0.574803904
4184,1.0,0.0,0.0,0.0,1.0,1.0,0.02429234795,0.2517825152,0.4583333174,0.2857165305,0.5192306147,0.4503812051
4185,1.0,0.0,0.0,0.0,1.0,1.0,0.0256270298,0.258410862,0.4512820071,0.2666725141,0.5095057208,0.4411768974
4186,1.0,0.0,0.0,0.0,1.0,1.0,0.03234974164,0.2432605148,0.4497444077,0.6842062704,0.5056605757,0.4883732801
4187,1.0,0.0,0.0,0.0,1.0,1.0,0.1079132337,0.1991508437,0.395348773,0.7846150175,0.4797050428,0.6944448434
4188,1.0,0.0,0.0,0.0,1.0,1.0,0.2451160965,0.254213665,0.3496835661,0.7225812733,0.4703833035,0.6712332723
4189,1.0,0.0,0.0,0.0,1.0,1.0,0.2721406958,0.2700244644,0.3582802652,0.7192983813,0.4842106199,0.6688309086
4190,1.0,0.0,0.0,0.0,1.0,1.0,0.2920959945,0.2845633134,0.3570299719,0.7081080822,0.4826390747,0.6829268953
4191,1.0,0.0,0.0,0.0,1.0,1.0,0.2963644529,0.2880335882,0.3533122796,0.7021278862,0.4826392025,0.6807227139
4192,1.0,0.0,0.0,0.0,1.0,1.0,0.2920956585,0.2766620509,0.3507109449,0.713514265,0.4671277809,0.693750407
4193,1.0,0.0,0.0,0.0,1.0,1.0,0.2922896718,0.2816296763,0.3569182762,0.7043008503,0.4845362124,0.6829264324
4194,1.0,0.0,0.0,0.0,1.0,1.0,0.2943240927,0.2781954715,0.3543307678,0.7219251972,0.4776632931,0.6851853374
4195,1.0,0.0,0.0,0.0,1.0,1.0,0.295609828,0.2814129013,0.3568075602,0.7195768449,0.4812288423,0.6909082521
4196,1.0,0.0,0.0,0.0,1.0,1.0,0.2932117684,0.278953929,0.3533123528,0.7258063355,0.4794521489,0.6993872755
4197,1.0,0.0,0.0,0.0,1.0,1.0,0.2848805504,0.2738197435,0.3559054226,0.7237561009,0.482876487,0.6937495023
4198,1.0,0.0,0.0,0.0,1.0,1.0,0.2758713613,0.2660632136,0.3580441286,0.7257144535,0.4846417488,0.6987178477
4199,1.0,0.0,0.0,0.0,1.0,1.0,0.2692633769,0.2653692387,0.3581616681,0.7294120583,0.4827583686,0.7012990967
4200,1.0,0.0,0.0,0.0,1.0,1.0,0.2712772502,0.2635514188,0.3650794067,0.7251460179,0.4897259757,0.6948061802
4201,1.0,0.0,0.0,0.0,1.0,1.0,0.2633449183,0.2627398346,0.3587302117,0.7168675904,0.4810996407,0.6928107034
4202,1.0,0.0,0.0,0.0,1.0,1.0,0.2744499141,0.2652629215,0.3714286017,0.722543308,0.489726146,0.703225501
4203,1.0,0.0,0.0,0.0,1.0,1.0,0.2668337149,0.2617583839,0.3696681971,0.7218934834,0.4863944848,0.7077922545
4204,1.0,0.0,0.0,0.0,1.0,1.0,0.2558190481,0.2583593852,0.3751987622,0.714286107,0.496598619,0.7105262775
4205,1.0,0.0,0.0,0.0,1.0,1.0,0.2414655042,0.2481606954,0.3760000743,0.7152321212,0.4965985775,0.7054793997
4206,1.0,0.0,0.0,0.0,1.0,1.0,0.2514726065,0.2490019482,0.3629033082,0.7179490468,0.4845360667,0.7172413159
4207,1.0,0.0,0.0,0.0,1.0,1.0,0.2514726043,0.2430148768,0.3806451024,0.7179487179,0.4931508933,0.7112677709
4208,1.0,0.0,0.0,0.0,1.0,1.0,0.2434538389,0.2413619381,0.3782050542,0.710526697,0.5,0.7042251555
4209,1.0,0.0,0.0,0.0,1.0,1.0,0.2490519658,0.2438909203,0.3770226443,0.7142855083,0.491467569,0.6993010685
4210,1.0,0.0,0.0,0.0,1.0,1.0,0.2367957825,0.2343517779,0.3676471573,0.7310354108,0.4827583967,0.7132346468
4211,1.0,0.0,0.0,0.0,1.0,1.0,0.2462158709,0.2430150485,0.3808752594,0.7039472441,0.4965755963,0.6971836027
4212,1.0,0.0,0.0,0.0,1.0,1.0,0.2539300392,0.2490016928,0.3729641891,0.711538244,0.4914088748,0.710345814
4213,1.0,0.0,0.0,0.0,1.0,1.0,0.2547917239,0.2464141938,0.3749999548,0.7096774194,0.486206979,0.7062933618
4214,1.0,0.0,0.0,0.0,1.0,1.0,0.2461677832,0.2481373837,0.382594333,0.7066675616,0.5,0.7083321934
4215,1.0,0.0,0.0,0.0,1.0,1.0,0.2399323944,0.2446549856,0.3725165062,0.7034482966,0.4895833609,0.702128417
4216,1.0,0.0,0.0,0.0,1.0,1.0,0.2399320443,0.2438082058,0.3741721155,0.6965513296,0.4878893334,0.6950354171
4217,1.0,0.0,0.0,0.0,1.0,1.0,0.2374089561,0.2446549671,0.3737541546,0.6993003098,0.4895833489,0.6950365113
4218,1.0,0.0,0.0,0.0,1.0,1.0,0.2569047625,0.2611781624,0.3698177109,0.6967738527,0.4843207392,0.7066665134
4219,1.0,0.0,0.0,0.0,1.0,1.0,0.2457373309,0.2490019735,0.3712871077,0.6845643305,0.4914088494,0.7034484217
4220,1.0,0.0,0.0,0.0,1.0,1.0,0.2440497159,0.2420794144,0.3770764004,0.6938772488,0.4913495747,0.707141791
4221,1.0,0.0,0.0,0.0,1.0,1.0,0.2440498627,0.2472668055,0.3737541209,0.6938770964,0.4913495084,0.7132866386
4222,1.0,0.0,0.0,0.0,1.0,1.0,0.2473537518,0.2446548741,0.3729096392,0.7027018722,0.4861110902,0.7092196512
4223,1.0,0.0,0.0,0.0,1.0,1.0,0.2444916069,0.2490019766,0.3652892809,0.6959458366,0.4810996512,0.7103445789
4224,1.0,0.0,0.0,0.0,1.0,1.0,0.2316589726,0.2403502152,0.3327815488,0.6928569983,0.4429064531,0.7050348091
4225,1.0,0.0,0.0,0.0,1.0,1.0,0.23953554,0.2455374865,0.3239668369,0.6965511418,0.4394465251,0.6901417342
4226,1.0,0.0,0.0,0.0,1.0,1.0,0.2423893536,0.2429196006,0.3172756535,0.6917810439,0.4305556903,0.6928573843
4227,1.0,0.0,0.0,0.0,1.0,1.0,0.245737419,0.2455672825,0.3234324279,0.6912752371,0.4364262219,0.6993000543
4228,1.0,0.0,0.0,0.0,1.0,1.0,0.2344781644,0.2325091885,0.3227953631,0.7163124916,0.4409720386,0.6940287314
4229,1.0,0.0,0.0,0.0,1.0,1.0,0.2398660937,0.2359794364,0.3283333627,0.7013874997,0.4444444444,0.6985291444
4230,1.0,0.0,0.0,0.0,1.0,1.0,0.24153209,0.2402838994,0.3249999728,0.7103443926,0.4355398306,0.6956512134
4231,1.0,0.0,0.0,0.0,1.0,1.0,0.2370153972,0.2395212101,0.3349917047,0.7132870938,0.4517241777,0.7050359265
4232,1.0,0.0,0.0,0.0,1.0,1.0,0.2395355637,0.2464143542,0.3206611362,0.7034481412,0.4310346187,0.6993010935
4233,1.0,0.0,0.0,0.0,1.0,1.0,0.2374911888,0.2421327771,0.3366335698,0.7152788527,0.4501718011,0.7092193623
4234,1.0,0.0,0.0,0.0,1.0,1.0,0.245737233,0.2446552299,0.3201320297,0.6979869092,0.4340277895,0.7021279213
4235,1.0,0.0,0.0,0.0,1.0,1.0,0.2469790184,0.2498602516,0.3130147804,0.7066673082,0.423611235,0.6944449085
4236,1.0,0.0,0.0,0.0,1.0,1.0,0.2428395848,0.2454767495,0.3239670389,0.7074822787,0.43157914,0.6928577641
4237,1.0,0.0,0.0,0.0,1.0,1.0,0.2431974117,0.240148586,0.3200000504,0.7191779403,0.4346289793,0.6985294234
4238,1.0,0.0,0.0,0.0,1.0,1.0,0.2335923251,0.2366170493,0.3322204047,0.7214294456,0.4416961631,0.7014929963
4239,1.0,0.0,0.0,0.0,1.0,1.0,0.247386835,0.2489897901,0.3333334525,0.7066660885,0.4494774243,0.6783219434
4240,1.0,0.0,0.0,0.0,1.0,1.0,0.2490411229,0.2489899144,0.3409834999,0.7105265057,0.4599304707,0.678321335
4241,1.0,0.0,0.0,0.0,1.0,1.0,0.2519051942,0.2489960781,0.3355155981,0.7077914789,0.4532872719,0.6805555133
4242,1.0,0.0,0.0,0.0,1.0,1.0,0.2551421937,0.2602714163,0.3349593554,0.7070063427,0.4513889577,0.6866666862
4243,1.0,0.0,0.0,0.0,1.0,1.0,0.2647956072,0.2601995055,0.3327948122,0.695122278,0.455172607,0.6887421844
4244,1.0,0.0,0.0,0.0,1.0,1.0,0.2539033411,0.2576414181,0.3300970986,0.6878979369,0.4463666698,0.6711407109
4245,1.0,0.0,0.0,0.0,1.0,1.0,0.2579724684,0.2568010441,0.331168894,0.6981140648,0.4479166508,0.6891902685
4246,1.0,0.0,0.0,0.0,1.0,1.0,0.2470349795,0.2472666007,0.3360259227,0.7189544262,0.4532871828,0.7062935241
4247,1.0,0.0,0.0,0.0,1.0,1.0,0.2546655726,0.2524366606,0.3317308082,0.7169806156,0.4501720974,0.6938772489
4248,1.0,0.0,0.0,0.0,1.0,1.0,0.2442366556,0.2481372202,0.3279742948,0.7236835881,0.4482758491,0.6875000946
4249,1.0,0.0,0.0,0.0,1.0,1.0,0.2478617945,0.2472844987,0.3295999954,0.7225808683,0.4501718516,0.694444703
4250,1.0,0.0,0.0,0.0,1.0,1.0,0.240250295,0.2404154898,0.3269230701,0.7399990232,0.4536082985,0.7071426533
4251,1.0,0.0,0.0,0.0,1.0,1.0,0.2446298059,0.255065928,0.3349437148,0.7171051314,0.4583332704,0.7006801413
4252,1.0,0.0,0.0,0.0,1.0,1.0,0.2482588567,0.2541533124,0.3269231355,0.729032044,0.453608291,0.7094601841
4253,1.0,0.0,0.0,0.0,1.0,1.0,0.2470528976,0.2541834144,0.3306581128,0.727273118,0.4636679442,0.7006796594
4254,1.0,0.0,0.0,0.0,1.0,1.0,0.2421910924,0.2455376376,0.3295638033,0.7400002073,0.4567471657,0.697183418
4255,1.0,0.0,0.0,0.0,1.0,1.0,0.2430642652,0.2515719247,0.3392000123,0.7171047174,0.4657534298,0.6802724773
4256,1.0,0.0,0.0,0.0,1.0,1.0,0.1590399211,0.2131425414,0.3685091856,0.7578947126,0.4731183301,0.6722684752
4257,1.0,0.0,0.0,0.0,1.0,1.0,0.0713884489,0.1758278529,0.4477351726,0.8292694603,0.5148145502,0.684210768
4258,1.0,0.0,0.0,0.0,1.0,1.0,0.08516987111,0.1795294972,0.4556521022,0.7142876268,0.5185183237,0.6701029069
4259,1.0,0.0,0.0,0.0,1.0,1.0,0.1484980572,0.2105964481,0.3756260557,0.7640436162,0.4785713957,0.6864416182
4260,1.0,0.0,0.0,0.0,1.0,1.0,0.2126811504,0.2326286121,0.3648000399,0.7368419319,0.4896549355,0.703704425
4261,1.0,0.0,0.0,0.0,1.0,1.0,0.2284438681,0.2421326882,0.3587302384,0.7291662799,0.4879724337,0.6950365254
4262,1.0,0.0,0.0,0.0,1.0,1.0,0.2398657316,0.2438087152,0.3552000021,0.7333332349,0.4809690171,0.7092193905
4263,1.0,0.0,0.0,0.0,1.0,1.0,0.2326148733,0.2429199041,0.3515249767,0.7517247356,0.4756946224,0.7142859392
4264,1.0,0.0,0.0,0.0,1.0,1.0,0.237047439,0.2446549714,0.3461538023,0.7499996298,0.4652777514,0.7092188
4265,1.0,0.0,0.0,0.0,1.0,1.0,0.2414651958,0.2472485633,0.3503999069,0.7417222713,0.466898834,0.6971837675
4266,1.0,0.0,0.0,0.0,1.0,1.0,0.2490623066,0.2489958444,0.3482428132,0.743590034,0.477508747,0.7083332694
4267,1.0,0.0,0.0,0.0,1.0,1.0,0.2454768507,0.248125192,0.3524721264,0.7402600199,0.4687497483,0.6993007966
4268,1.0,0.0,0.0,0.0,1.0,1.0,0.2522402516,0.2498604046,0.3523809864,0.7358492701,0.4724139788,0.6965515316
4269,1.0,0.0,0.0,0.0,1.0,1.0,0.2687176179,0.2618401312,0.3710691491,0.7368428659,0.4965753609,0.6993461173
4270,1.0,0.0,0.0,0.0,1.0,1.0,0.2628450546,0.2567059543,0.3748031191,0.7485028491,0.4965751964,0.706667006
4271,1.0,0.0,0.0,0.0,1.0,1.0,0.273284995,0.2600587783,0.376562551,0.731429146,0.4965986472,0.705882096
4272,1.0,0.0,0.0,0.0,1.0,1.0,0.2676794365,0.2524364682,0.375594361,0.7337271997,0.4982815638,0.7074826619
4273,1.0,0.0,0.0,0.0,1.0,1.0,0.2747278953,0.2592408072,0.3696682713,0.7241385455,0.4948804455,0.703946592
4274,1.0,0.0,0.0,0.0,1.0,1.0,0.2722887658,0.2575355466,0.3858267579,0.7341048011,0.5051195287,0.7019870853
4275,1.0,0.0,0.0,0.0,1.0,1.0,0.2734322027,0.2634582947,0.3773585136,0.7241390726,0.4999998117,0.6903224608
4276,1.0,0.0,0.0,0.0,1.0,1.0,0.278841121,0.2608710337,0.3793103388,0.7247201617,0.5050845399,0.707792614
4277,1.0,0.0,0.0,0.0,1.0,1.0,0.2781466159,0.2626520675,0.3789308841,0.7231638418,0.5017066758,0.7012987013
4278,1.0,0.0,0.0,0.0,1.0,1.0,0.2707149589,0.2652627684,0.3795275753,0.7325572409,0.5034246277,0.6967743134
4279,1.0,0.0,0.0,0.0,1.0,1.0,0.2738628744,0.2618401192,0.3795274882,0.7413793103,0.5,0.7124178159
4280,1.0,0.0,0.0,0.0,1.0,1.0,0.2737123105,0.2600589558,0.3787167302,0.725714579,0.5000001908,0.7058822666
4281,1.0,0.0,0.0,0.0,1.0,1.0,0.2714338587,0.2600586827,0.3767660491,0.7341045444,0.4999998109,0.7124185478
4282,1.0,0.0,0.0,0.0,1.0,1.0,0.2741415887,0.2634584612,0.3824451754,0.7257146511,0.4965986084,0.7096777454
4283,1.0,0.0,0.0,0.0,1.0,1.0,0.2790951301,0.2650548605,0.3712949713,0.7206709461,0.4966217898,0.7070059493
4284,1.0,0.0,0.0,0.0,1.0,1.0,0.2698652317,0.2575352917,0.3704866887,0.7383721844,0.488054635,0.7019865179
4285,1.0,0.0,0.0,0.0,1.0,1.0,0.2642381329,0.2574835959,0.3701399423,0.7352945806,0.4915253213,0.7105263544
4286,1.0,0.0,0.0,0.0,1.0,1.0,0.2616091113,0.2574832053,0.3746082264,0.7365277564,0.498304892,0.7039476686
4287,1.0,0.0,0.0,0.0,1.0,1.0,0.2664126659,0.2660631015,0.3706624823,0.7218934597,0.4948806243,0.6987181144
4288,1.0,0.0,0.0,0.0,1.0,1.0,0.2569541284,0.2558300963,0.3769715113,0.7300607209,0.4982937138,0.6999998515
4289,1.0,0.0,0.0,0.0,1.0,1.0,0.2596976091,0.2601285779,0.3685038959,0.7272719983,0.4897260313,0.697368402
4290,1.0,0.0,0.0,0.0,1.0,1.0,0.2553432395,0.2515603972,0.3746081143,0.7423310347,0.489795934,0.7162162778
4291,1.0,0.0,0.0,0.0,1.0,1.0,0.2526059363,0.2532830394,0.3720564994,0.7329192199,0.4897258953,0.7094594903
4292,1.0,0.0,0.0,0.0,1.0,1.0,0.2526238176,0.252436394,0.3759873995,0.7312491573,0.4914088962,0.7074833364
4293,1.0,0.0,0.0,0.0,1.0,1.0,0.2542022211,0.2558709947,0.3759873784,0.7329196155,0.4914087901,0.7114087038
4294,1.0,0.0,0.0,0.0,1.0,1.0,0.2522250673,0.2567059123,0.3690851746,0.73125,0.4863013489,0.7
4295,1.0,0.0,0.0,0.0,1.0,1.0,0.2455321731,0.2507192908,0.3748031061,0.7307699445,0.4948452741,0.6986303668
4296,1.0,0.0,0.0,0.0,1.0,1.0,0.2471061467,0.2515717337,0.3763778921,0.7324839956,0.4965754125,0.6938776432
4297,1.0,0.0,0.0,0.0,1.0,1.0,0.2459192261,0.2541535986,0.3738169766,0.7307701615,0.4914091024,0.6959463717
4298,1.0,0.0,0.0,0.0,1.0,1.0,0.244342955,0.2472848354,0.3769716127,0.7290324343,0.4948452346,0.6944446164
4299,1.0,0.0,0.0,0.0,1.0,1.0,0.2510369999,0.2584171005,0.3767661908,0.7187504393,0.4931504898,0.6953642877
4300,1.0,0.0,0.0,0.0,1.0,1.0,0.2371288872,0.2429199305,0.3789809075,0.7382540519,0.4930553733,0.7142854874
4301,1.0,0.0,0.0,0.0,1.0,1.0,0.1969584012,0.2201570846,0.4462539995,0.7520652621,0.5559439387,0.7063487003
4302,1.0,0.0,0.0,0.0,1.0,1.0,0.08458153499,0.1957862225,0.4818653135,0.9387750514,0.5559699975,0.6857137461
4303,1.0,0.0,0.0,0.0,1.0,1.0,0.04628634527,0.2109088088,0.4614064833,1.0,0.524714628,0.5585584869
4304,1.0,0.0,0.0,0.0,0.0,1.0,0.0,0.1968599765,0.0,0.0,0.4962120697,0.5576917848
4305,1.0,0.0,0.0,0.0,0.0,1.0,0.0,0.2033084622,0.0,0.0,0.5019014753,0.5140202327
4306,1.0,0.0,0.0,0.0,0.0,1.0,0.0,0.2071083769,0.0,0.0,0.5019011549,0.5229362405
4307,1.0,0.0,0.0,0.0,1.0,1.0,0.02187321008,0.203732717,0.420875347,0.9230781978,0.480769183,0.4905672648
4308,1.0,0.0,0.0,0.0,1.0,1.0,0.02194748294,0.2040843728,0.4307432512,0.8461422037,0.4847327019,0.4859815948
4309,1.0,0.0,0.0,0.0,1.0,1.0,0.03213090431,0.1907334042,0.4247039318,0.8421076868,0.4732825128,0.5399989063
4310,1.0,0.0,0.0,0.0,1.0,1.0,0.1090302094,0.191774701,0.419834667,0.8181830188,0.505534953,0.7019222307
4311,1.0,0.0,0.0,0.0,1.0,1.0,0.1954396249,0.220724788,0.3799682907,0.7398378077,0.4876326289,0.6800000708
4312,1.0,0.0,0.0,0.0,1.0,1.0,0.2268575889,0.2419701562,0.3841268893,0.7342653963,0.4947367968,0.7028986327
4313,1.0,0.0,0.0,0.0,1.0,1.0,0.2293023507,0.2446184853,0.3765823977,0.7241381414,0.4860141874,0.6928576168
4314,1.0,0.0,0.0,0.0,1.0,1.0,0.2284438719,0.2350603751,0.3857142993,0.7222217162,0.4912894294,0.696296836
4315,1.0,0.0,0.0,0.0,1.0,1.0,0.244729072,0.2542133148,0.3807267213,0.703226715,0.4878048024,0.6986293846
4316,1.0,0.0,0.0,0.0,1.0,1.0,0.2351628303,0.247230189,0.3783784462,0.7162169924,0.4877191159,0.7021267386
4317,1.0,0.0,0.0,0.0,1.0,1.0,0.2340465541,0.2446188434,0.374999978,0.7229716909,0.4860139193,0.7071416404
4318,1.0,0.0,0.0,0.0,1.0,1.0,0.2348846277,0.2463901416,0.3848581367,0.718121401,0.4861112624,0.7112673055
4319,1.0,0.0,0.0,0.0,1.0,1.0,0.2408102674,0.244655148,0.3779526843,0.7189536086,0.4826387376,0.7163121786
4320,1.0,0.0,0.0,0.0,1.0,1.0,0.2407530569,0.2481133083,0.3898573684,0.7302636754,0.5,0.7183095297
4321,1.0,0.0,0.0,0.0,1.0,1.0,0.2411900485,0.2446549843,0.3895898584,0.7320267853,0.4965277913,0.7163120455
4322,1.0,0.0,0.0,0.0,1.0,1.0,0.2490771064,0.2559124439,0.3918495078,0.7232698206,0.4982698212,0.7229725847
4323,1.0,0.0,0.0,0.0,1.0,1.0,0.2537522297,0.2550301341,0.3816199866,0.7361972129,0.4965518573,0.7229721853
4324,1.0,0.0,0.0,0.0,1.0,1.0,0.2506438288,0.2550300297,0.3902822143,0.7187492537,0.503448372,0.7162161546
4325,1.0,0.0,0.0,0.0,1.0,1.0,0.2522250007,0.2550656431,0.3911672372,0.7312498681,0.5034722615,0.7278920314
4326,1.0,0.0,0.0,0.0,1.0,1.0,0.2494659755,0.2515955849,0.383886178,0.7341770358,0.4965279248,0.7172409746
4327,1.0,0.0,0.0,0.0,1.0,1.0,0.2538012488,0.2559126231,0.3864352972,0.7329192547,0.5051903316,0.7229733946
4328,1.0,0.0,0.0,0.0,1.0,1.0,0.2584763445,0.2575880978,0.3824451047,0.733332352,0.5051547877,0.7199989402
4329,1.0,0.0,0.0,0.0,1.0,1.0,0.2541751068,0.2584764358,0.3908948964,0.728396003,0.5103446301,0.7266673155
4330,1.0,0.0,0.0,0.0,1.0,1.0,0.2526237176,0.2559122754,0.4012637663,0.7187495622,0.5155709624,0.7162160729
4331,1.0,0.0,0.0,0.0,1.0,1.0,0.2518155679,0.2575881208,0.3990610132,0.7267075586,0.5189001674,0.7133343734
4332,1.0,0.0,0.0,0.0,1.0,1.0,0.2553779272,0.2541832921,0.3911672971,0.7160492147,0.508650585,0.7142859285
4333,1.0,0.0,0.0,0.0,1.0,1.0,0.2482890464,0.252436349,0.3883648095,0.7278479372,0.5085910532,0.7210889302
4334,1.0,0.0,0.0,0.0,1.0,1.0,0.2588821688,0.2610224391,0.3893248658,0.7151517036,0.505154418,0.717105041
4335,1.0,0.0,0.0,0.0,1.0,1.0,0.2654766801,0.2644570632,0.3859374996,0.7176474782,0.5017183349,0.7142850896
4336,1.0,0.0,0.0,0.0,1.0,1.0,0.263176005,0.2661744036,0.3840125656,0.7083332216,0.4982819398,0.7161280292
4337,1.0,0.0,0.0,0.0,1.0,1.0,0.2573604704,0.2576415722,0.3886255163,0.7300605798,0.5086506188,0.7248335368
4338,1.0,0.0,0.0,0.0,1.0,1.0,0.2681809524,0.2626520842,0.3837752659,0.7267438122,0.5051194604,0.7272724661
4339,1.0,0.0,0.0,0.0,1.0,1.0,0.2639150951,0.2635511148,0.3843750041,0.7159763868,0.5034245979,0.7207793351
4340,1.0,0.0,0.0,0.0,1.0,1.0,0.2549435624,0.2567057233,0.3849764889,0.7300622912,0.5034248172,0.7200000596
4341,1.0,0.0,0.0,0.0,1.0,1.0,0.2647424473,0.2627398123,0.3840124889,0.7159760283,0.4982817202,0.7189545517
4342,1.0,0.0,0.0,0.0,1.0,1.0,0.2651580667,0.2627398827,0.3908948096,0.7159759953,0.5085908861,0.7254908827
4343,1.0,0.0,0.0,0.0,1.0,1.0,0.2593487522,0.2567530301,0.3892404598,0.7134143845,0.5034483025,0.7248328802
4344,1.0,0.0,0.0,0.0,1.0,1.0,0.2604510604,0.2575880535,0.3877550596,0.7228912454,0.5017183291,0.72
4345,1.0,0.0,0.0,0.0,1.0,1.0,0.2651581064,0.260946277,0.3893249066,0.698225066,0.5085324232,0.705882092
4346,1.0,0.0,0.0,0.0,1.0,1.0,0.2678752343,0.2608711023,0.3902820643,0.70175413,0.51186424,0.7077922461
4347,1.0,0.0,0.0,0.0,1.0,1.0,0.2624322409,0.257483332,0.3915093748,0.7065869633,0.508474544,0.7105274828
4348,1.0,0.0,0.0,0.0,1.0,1.0,0.2530230458,0.259370717,0.3560126739,0.7249998238,0.4740482675,0.6933323712
4349,1.0,0.0,0.0,0.0,1.0,1.0,0.2518657241,0.2489838704,0.3402889233,0.7388535215,0.4491227418,0.7042260232
4350,1.0,0.0,0.0,0.0,1.0,1.0,0.249860196,0.2533549549,0.3445512865,0.7307700005,0.4580419758,0.6965513529
4351,1.0,0.0,0.0,0.0,1.0,1.0,0.2478613628,0.2559972694,0.3439999814,0.7290331635,0.4561400887,0.6986298424
4352,1.0,0.0,0.0,0.0,1.0,1.0,0.2591147598,0.2603440922,0.3462158157,0.7204970652,0.4615383723,0.7046987143
4353,1.0,0.0,0.0,0.0,1.0,1.0,0.2550743788,0.2629192338,0.3402889925,0.7169815824,0.4529617849,0.701986941
4354,1.0,0.0,0.0,0.0,1.0,1.0,0.2546655952,0.2610998748,0.3461538599,0.710691992,0.4602073903,0.6887424282
4355,1.0,0.0,0.0,0.0,1.0,1.0,0.249460543,0.253307112,0.3440000483,0.705127621,0.4620686382,0.6938774277
4356,1.0,0.0,0.0,0.0,1.0,1.0,0.2494579125,0.2533068368,0.3429951656,0.7161286536,0.4620688838,0.7006800565
4357,1.0,0.0,0.0,0.0,1.0,1.0,0.2494581817,0.257588222,0.3462157353,0.709676819,0.4707904081,0.6933339448
4358,1.0,0.0,0.0,0.0,1.0,1.0,0.2430204426,0.2558706284,0.3542673377,0.7019858841,0.4673538545,0.6912745447
4359,1.0,0.0,0.0,0.0,1.0,1.0,0.2462394426,0.2515719329,0.3413848828,0.7124175184,0.4623288339,0.6802717368
4360,1.0,0.0,0.0,0.0,1.0,1.0,0.2586978189,0.2558297019,0.3520900911,0.6956526537,0.4744027136,0.6866667061
4361,1.0,0.0,0.0,0.0,1.0,1.0,0.2554843989,0.2515720627,0.3472668567,0.7106923704,0.4623288558,0.7006811753
4362,1.0,0.0,0.0,0.0,1.0,1.0,0.2510831856,0.2498606943,0.3474715201,0.7207789145,0.4620688399,0.6965515671
4363,1.0,0.0,0.0,0.0,1.0,1.0,0.2478223349,0.248125383,0.3523653629,0.7105257119,0.4687499527,0.6992998251
4364,1.0,0.0,0.0,0.0,1.0,1.0,0.2441636002,0.2507310275,0.3583062538,0.713332479,0.4703831162,0.6875
4365,1.0,0.0,0.0,0.0,1.0,1.0,0.2502666837,0.2498605741,0.3609756639,0.7142859155,0.4689655868,0.6965506305
4366,1.0,0.0,0.0,0.0,1.0,1.0,0.2547597885,0.2550660791,0.3513071732,0.7179487179,0.4618056542,0.6938780358
4367,1.0,0.0,0.0,0.0,1.0,1.0,0.2539566337,0.2533549797,0.3622950649,0.7032258247,0.4685314551,0.6965526105
4368,1.0,0.0,0.0,0.0,1.0,1.0,0.2415316398,0.2472302406,0.3616667155,0.7034485127,0.4736840107,0.6808507044
4369,1.0,0.0,0.0,0.0,1.0,1.0,0.1688711961,0.1998884216,0.381034506,0.7040806957,0.4581814671,0.6363634593
4370,1.0,0.0,0.0,0.0,1.0,1.0,0.08180483518,0.1715463497,0.4217081225,0.7826090978,0.4850745795,0.695650666
4371,1.0,0.0,0.0,0.0,1.0,1.0,0.1273622497,0.1832307203,0.39823003,0.7500007411,0.4777777119,0.676768243
4372,1.0,0.0,0.0,0.0,1.0,1.0,0.2085644137,0.2211308393,0.3806343642,0.7040008927,0.4947734173,0.6771643679
4373,1.0,0.0,0.0,0.0,1.0,1.0,0.2275957397,0.2411846485,0.3646864581,0.7101437569,0.4756944997,0.6906482512
4374,1.0,0.0,0.0,0.0,1.0,1.0,0.2378835873,0.2455074591,0.3586776042,0.7083335864,0.4703831147,0.6950347681
4375,1.0,0.0,0.0,0.0,1.0,1.0,0.2371000492,0.24376608,0.3607908024,0.7083324505,0.4668989018,0.7000001557
4376,1.0,0.0,0.0,0.0,1.0,1.0,0.2473865203,0.2507251546,0.3597359883,0.7066665324,0.4636676445,0.7034479064
4377,1.0,0.0,0.0,0.0,1.0,1.0,0.2350662115,0.2394496288,0.3585527272,0.7062931689,0.4652776454,0.688406605
4378,1.0,0.0,0.0,0.0,1.0,1.0,0.2345795632,0.2402839895,0.3570247801,0.704225137,0.4668988047,0.6884057174
4379,1.0,0.0,0.0,0.0,1.0,1.0,0.2278260033,0.2332031781,0.3610649245,0.7080296702,0.4666668692,0.6917288458
4380,1.0,0.0,0.0,0.0,1.0,1.0,0.2361412118,0.2463412926,0.3494175821,0.7112678202,0.4577463824,0.7071427689
4381,1.0,0.0,0.0,0.0,1.0,1.0,0.2345794176,0.2429198454,0.3719008429,0.7042253087,0.4756945103,0.7000003123
4382,1.0,0.0,0.0,0.0,1.0,1.0,0.2350659084,0.2533307294,0.3684211845,0.6923086292,0.4791664621,0.6986298306
4383,1.0,0.0,0.0,0.0,1.0,1.0,0.2394671012,0.2507371002,0.369384373,0.7013892567,0.47719278,0.6993007419
4384,1.0,0.0,0.0,0.0,1.0,1.0,0.2344779461,0.249860465,0.3793677516,0.6808514847,0.479021017,0.6923076923
4385,1.0,0.0,0.0,0.0,1.0,1.0,0.2415867764,0.2603440743,0.3824503418,0.684930899,0.4860139649,0.7114093376
4386,1.0,0.0,0.0,0.0,1.0,1.0,0.2324281015,0.2420251602,0.3853820898,0.7142850485,0.4912893649,0.7050355885
4387,1.0,0.0,0.0,0.0,1.0,1.0,0.2337005239,0.2472485594,0.3814262541,0.7092194404,0.494773376,0.704225829
4388,1.0,0.0,0.0,0.0,1.0,1.0,0.2328149724,0.2402838082,0.3810315573,0.7142848432,0.4982578786,0.7173912035
4389,1.0,0.0,0.0,0.0,1.0,1.0,0.2333134734,0.2446550587,0.3824502794,0.7092186852,0.5000001873,0.7092202166
4390,1.0,0.0,0.0,0.0,1.0,1.0,0.2391405419,0.2550660633,0.381188065,0.6965516316,0.4895832747,0.7006802021
4391,1.0,0.0,0.0,0.0,1.0,1.0,0.238353831,0.2463901763,0.3815789132,0.7172414519,0.5,0.7042240769
4392,1.0,0.0,0.0,0.0,1.0,1.0,0.2337002491,0.2516074426,0.3764510238,0.7092202745,0.4895104735,0.7083337745
4393,1.0,0.0,0.0,0.0,1.0,1.0,0.2345798162,0.2515955042,0.376859424,0.6971837636,0.4895832102,0.703448715
4394,1.0,0.0,0.0,0.0,1.0,1.0,0.2366228429,0.2585362988,0.3774835424,0.6993010177,0.5034722811,0.7046971557
4395,1.0,0.0,0.0,0.0,1.0,1.0,0.2297375812,0.2542748637,0.3741610888,0.6934299494,0.4982333908,0.6944446124
4396,1.0,0.0,0.0,0.0,1.0,1.0,0.2384456812,0.2516323477,0.3688663578,0.6950355698,0.5,0.690140287
4397,1.0,0.0,0.0,0.0,1.0,1.0,0.239661971,0.2615868969,0.3775509257,0.7021273984,0.498195005,0.7034491916
4398,1.0,0.0,0.0,0.0,1.0,1.0,0.23966218,0.2552531667,0.3741496599,0.7092200782,0.4964028777,0.7042242457
4399,1.0,0.0,0.0,0.0,1.0,1.0,0.2349626194,0.2552924089,0.3696762809,0.7101446085,0.4963767845,0.7021278233
4400,1.0,0.0,0.0,0.0,1.0,1.0,0.2382087298,0.2526063051,0.3868740423,0.7028991821,0.5018315766,0.695652105
4401,1.0,0.0,0.0,0.0,1.0,1.0,0.2382886136,0.2534814713,0.3893653879,0.690647687,0.510869314,0.6714285041
4402,1.0,0.0,0.0,0.0,1.0,1.0,0.2434756848,0.2634891094,0.3901192587,0.685314965,0.509091069,0.6689649209
4403,1.0,0.0,0.0,0.0,1.0,1.0,0.2481255032,0.2683688915,0.392361132,0.6573429044,0.503703776,0.6689653292
4404,1.0,0.0,0.0,0.0,1.0,1.0,0.2574591484,0.2765630704,0.384615297,0.6597215256,0.4999997974,0.6620696425
4405,1.0,0.0,0.0,0.0,1.0,1.0,0.2521114487,0.279766882,0.3927926553,0.6714288303,0.4980694508,0.6758615863
4406,1.0,0.0,0.0,0.0,1.0,1.0,0.2611969493,0.283625284,0.4101633514,0.6805559969,0.5135136762,0.6734691279
4407,1.0,0.0,0.0,0.0,1.0,1.0,0.2788298513,0.2926123901,0.4293478384,0.6753252898,0.5209123565,0.6818182433
4408,1.0,0.0,0.0,0.0,1.0,1.0,0.2657899214,0.2888119697,0.4499089813,0.6986304284,0.5437264213,0.703947216
4409,1.0,0.0,0.0,0.0,1.0,1.0,0.2409368366,0.280512215,0.4303570397,0.7481485503,0.5278810149,0.7218548465
4410,1.0,0.0,0.0,0.0,1.0,1.0,0.2397251179,0.2850259181,0.4056437944,0.7647056149,0.5148148614,0.7337654342
4411,1.0,0.0,0.0,0.0,1.0,1.0,0.2462393867,0.2790892834,0.443840613,0.7867652716,0.5660376675,0.7567567958
4412,1.0,0.0,0.0,0.0,1.0,1.0,0.2209105216,0.2628161694,0.4224599001,0.7903228268,0.555555642,0.7605634846
4413,1.0,0.0,0.0,0.0,1.0,1.0,0.2400796075,0.2600024219,0.4537365797,0.7629633276,0.5535054247,0.7375886427
4414,1.0,0.0,0.0,0.0,1.0,1.0,0.238482459,0.2517532697,0.4663023494,0.7862602341,0.5681819204,0.7593981493
4415,1.0,0.0,0.0,0.0,1.0,1.0,0.2319458397,0.2508251947,0.4773585245,0.8455282347,0.5868725731,0.8153851858
4416,1.0,0.0,0.0,0.0,1.0,1.0,0.2400895313,0.2556262923,0.45437617,0.7829460373,0.5807691458,0.7518796364
4417,1.0,0.0,0.0,0.0,1.0,1.0,0.2352735158,0.2586790916,0.4406779101,0.8079993435,0.5725490279,0.7651508851
4418,1.0,0.0,0.0,0.0,1.0,1.0,0.2301977302,0.2588915732,0.4433780889,0.7833328026,0.582329395,0.7441857185
4419,1.0,0.0,0.0,0.0,1.0,1.0,0.218509303,0.2654766393,0.467680689,0.8173910632,0.5742186878,0.7794119755
4420,1.0,0.0,0.0,0.0,1.0,1.0,0.2064486883,0.2669192492,0.4555985348,0.8504673701,0.5702810384,0.7744358196
4421,1.0,0.0,0.0,0.0,1.0,1.0,0.1550856666,0.2498606601,0.4808429927,0.9506173113,0.5912701403,0.81745964
4422,1.0,0.0,0.0,0.0,1.0,1.0,0.1599106482,0.248880576,0.5066667181,0.9047619048,0.5921566494,0.7716539602
4423,1.0,0.0,0.0,0.0,1.0,1.0,0.1427771859,0.2605546965,0.5028571921,0.9466671355,0.5953307965,0.7388062443
4424,1.0,0.0,0.0,0.0,1.0,1.0,0.1175811327,0.2615724257,0.4857684546,0.9516139012,0.5781250836,0.6865671845
4425,1.0,0.0,0.0,0.0,1.0,1.0,0.1277481273,0.2596207824,0.4981203585,0.9264712021,0.5937500541,0.6691726415
4426,1.0,0.0,0.0,0.0,1.0,1.0,0.1435981358,0.2246809393,0.515325729,0.893333946,0.6085270242,0.7586212289
4427,1.0,0.0,0.0,0.0,1.0,1.0,0.1215537479,0.2349285028,0.4826254475,0.9841253844,0.5657372471,0.7457630988
4428,1.0,0.0,0.0,0.0,0.0,1.0,0.0,0.2397035293,0.0,0.0,0.5569106752,0.7796609331
4429,1.0,0.0,0.0,0.0,0.0,1.0,0.0,0.2398659573,0.0,0.0,0.5559999266,0.7833341035
4430,1.0,0.0,0.0,0.0,1.0,1.0,0.1142217972,0.2380558593,0.4761904288,0.9833331223,0.5629920907,0.7272724419
4431,1.0,0.0,0.0,0.0,0.0,1.0,0.0,0.2428923549,0.0,0.0,0.5577690213,0.7295080041
4432,1.0,0.0,0.0,0.0,1.0,1.0,0.131965203,0.2388224219,0.4388349149,0.9411743938,0.550200513,0.7899146753
4433,1.0,0.0,0.0,0.0,1.0,1.0,0.1337834067,0.2366026061,0.4527559116,0.9852936471,0.5551022351,0.8017231678
4434,1.0,0.0,0.0,0.0,1.0,1.0,0.1367253119,0.2389103623,0.458574152,0.985914793,0.5617530897,0.7916668601
4435,1.0,0.0,0.0,0.0,0.0,1.0,0.0,0.2448025433,0.0,0.0,0.5303644773,0.8016520856
4436,1.0,0.0,0.0,0.0,1.0,1.0,0.1288962754,0.2467243206,0.4424603992,0.9384610465,0.4979080143,0.7881352675
4437,1.0,0.0,0.0,0.0,1.0,1.0,0.1254281117,0.2477783597,0.4342629876,1.0,0.4958333685,0.7815118172
4438,1.0,0.0,0.0,0.0,1.0,1.0,0.1424984409,0.2508803743,0.4472656445,0.9452063104,0.5102040175,0.7804878049
4439,1.0,0.0,0.0,0.0,1.0,1.0,0.126852375,0.2589647883,0.4211539109,0.9848480379,0.4858301461,0.7812494297
4440,1.0,0.0,0.0,0.0,1.0,1.0,0.1414122906,0.2698492828,0.4225620721,0.9459475317,0.4880000087,0.7777777778
4441,1.0,0.0,0.0,0.0,1.0,1.0,0.1389187741,0.2689261783,0.4285714021,1.0,0.4899600313,0.8059698712
4442,1.0,0.0,0.0,0.0,1.0,1.0,0.1502051276,0.2815889918,0.4354527796,0.9743584135,0.5158731531,0.7887332216
4443,1.0,0.0,0.0,0.0,1.0,1.0,0.1490562873,0.2754366801,0.4416825784,0.9743589744,0.5039369571,0.7928571429
4444,1.0,0.0,0.0,0.0,1.0,1.0,0.1525864114,0.2785008402,0.4293893507,0.9625004339,0.5138341453,0.8014184211
4445,1.0,0.0,0.0,0.0,0.0,1.0,0.0,0.2677078978,0.0,0.0,0.5119049034,0.8296289221
4446,1.0,0.0,0.0,0.0,0.0,1.0,0.0,0.2669192947,0.0,0.0,0.5341363102,0.7894744516
4447,1.0,0.0,0.0,0.0,1.0,1.0,0.1051040139,0.2675668031,0.4665392127,1.0,0.5551181644,0.7058827731
4448,1.0,0.0,0.0,0.0,1.0,1.0,0.09764638654,0.2636324598,0.4674328389,0.9607869061,0.5314962286,0.7164173526
4449,1.0,0.0,0.0,0.0,1.0,1.0,0.1020220906,0.2624994674,0.4725896904,0.9259273891,0.5369649072,0.7037034377
4450,1.0,0.0,0.0,0.0,0.0,1.0,0.0,0.2881453002,0.0,0.0,0.5282255526,0.6993009148
4451,1.0,0.0,0.0,0.0,1.0,1.0,0.09472472713,0.2798436002,0.4506770248,0.938775183,0.5119998524,0.7214281506
4452,1.0,0.0,0.0,0.0,1.0,1.0,0.09068310519,0.2689264554,0.4498070085,0.9361678698,0.5140564211,0.7164173767
4453,1.0,0.0,0.0,0.0,1.0,1.0,0.1030551095,0.2780704876,0.4494163933,0.8867947642,0.5161289702,0.7391306754
4454,1.0,0.0,0.0,0.0,1.0,1.0,0.1834539126,0.2900340505,0.4493308031,0.7604164769,0.5215684692,0.7229731415
4455,1.0,0.0,0.0,0.0,1.0,1.0,0.2067809427,0.2872414485,0.4425288484,0.759258293,0.5314960193,0.7191781825
4456,1.0,0.0,0.0,0.0,1.0,1.0,0.2018100208,0.2752367702,0.4673077444,0.7904764505,0.5468750816,0.7304959925
4457,1.0,0.0,0.0,0.0,1.0,1.0,0.2160955858,0.2774042067,0.4710424851,0.7946413044,0.5472440652,0.7375886335
4458,1.0,0.0,0.0,0.0,1.0,1.0,0.2156791422,0.2782761712,0.452793925,0.8035715826,0.5411766443,0.7535209351
4459,1.0,0.0,0.0,0.0,1.0,1.0,0.2223128579,0.2763160976,0.4584139723,0.791305441,0.5294116536,0.7446815201
4460,1.0,0.0,0.0,0.0,1.0,1.0,0.2118278545,0.2824510519,0.4547206045,0.7818176439,0.5415021452,0.7412586476
4461,1.0,0.0,0.0,0.0,1.0,1.0,0.2121186524,0.2754364426,0.4512428639,0.7927933636,0.5472443517,0.7428577011
4462,1.0,0.0,0.0,0.0,1.0,1.0,0.2134914905,0.2748463443,0.4442343495,0.787610501,0.5384616223,0.7342657065
4463,1.0,0.0,0.0,0.0,1.0,1.0,0.2149745102,0.2786904283,0.4622640962,0.7807011921,0.5346154821,0.7310342115
4464,1.0,0.0,0.0,0.0,1.0,1.0,0.2168599201,0.2729244715,0.4754716016,0.8173907916,0.5461538778,0.7394373101
4465,1.0,0.0,0.0,0.0,1.0,1.0,0.2059916561,0.278500891,0.4503816229,0.8055554096,0.5415019792,0.7304959971
4466,1.0,0.0,0.0,0.0,1.0,1.0,0.2093172568,0.257608112,0.4566038892,0.8018007468,0.5426356756,0.7443610597
4467,1.0,0.0,0.0,0.0,1.0,1.0,0.1979847728,0.254798245,0.4685714667,0.8365371822,0.5533597065,0.7596910057
4468,1.0,0.0,0.0,0.0,1.0,1.0,0.2066515882,0.2488883147,0.4774436678,0.8454543281,0.5525289839,0.7812504708
4469,1.0,0.0,0.0,0.0,1.0,1.0,0.2058220461,0.252800084,0.4564007146,0.8198192648,0.5411766837,0.7596904001
4470,1.0,0.0,0.0,0.0,1.0,1.0,0.2220981499,0.272940014,0.4557438822,0.805085093,0.5261043647,0.7499996445
4471,1.0,0.0,0.0,0.0,1.0,1.0,0.2253822358,0.2695345428,0.4750461616,0.8114756576,0.5433069533,0.7664236945
4472,1.0,0.0,0.0,0.0,1.0,1.0,0.2416833116,0.2774044825,0.4600000892,0.804511655,0.5157482122,0.7588649968
4473,1.0,0.0,0.0,0.0,1.0,1.0,0.2393543867,0.2844264149,0.4497258136,0.8091603163,0.5138340347,0.7708326793
4474,1.0,0.0,0.0,0.0,1.0,1.0,0.2363673947,0.3006289657,0.4301675849,0.8110234212,0.5338645796,0.7682121044
4475,1.0,0.0,0.0,0.0,1.0,1.0,0.2351628414,0.3042655316,0.4421252889,0.8306453232,0.5443549927,0.8079465412
4476,1.0,0.0,0.0,0.0,1.0,1.0,0.2287652252,0.3138245596,0.4165103152,0.7950814265,0.5320000292,0.7579622732
4477,1.0,0.0,0.0,0.0,1.0,1.0,0.2232152942,0.3019590463,0.4305834541,0.8378386829,0.5106381078,0.767605824
4478,1.0,0.0,0.0,0.0,1.0,1.0,0.2602918668,0.3052691155,0.3956262327,0.7480925366,0.4853557822,0.7328766
4479,1.0,0.0,0.0,0.0,1.0,1.0,0.2436259414,0.2908212084,0.4203455457,0.7480313185,0.5245901896,0.7323931163
4480,1.0,0.0,0.0,0.0,1.0,1.0,0.1665736713,0.2742372136,0.4109849446,0.7840907805,0.4837397305,0.7259256854
4481,1.0,0.0,0.0,0.0,1.0,1.0,0.1093728444,0.3006621019,0.4415093985,0.844827397,0.514522723,0.6413781597
4482,1.0,0.0,0.0,0.0,1.0,1.0,0.09599172129,0.2890947284,0.4500942528,0.8431361914,0.5082643121,0.6214290165
4483,1.0,0.0,0.0,0.0,1.0,1.0,0.1310132292,0.2651579016,0.451310787,0.8428556976,0.5224489528,0.6846150418
4484,1.0,0.0,0.0,0.0,1.0,1.0,0.2049671356,0.2804758102,0.4192377068,0.7522113723,0.5177863252,0.7112685664
4485,1.0,0.0,0.0,0.0,1.0,1.0,0.2298181437,0.2844566422,0.4010695044,0.7519380361,0.5192306503,0.7094591264
4486,1.0,0.0,0.0,0.0,1.0,1.0,0.2361024843,0.2959886757,0.4014209824,0.7593976565,0.5192307215,0.7207789938
4487,1.0,0.0,0.0,0.0,1.0,1.0,0.2330855419,0.2896113772,0.4134275411,0.7575768907,0.5303032642,0.7058823529
4488,1.0,0.0,0.0,0.0,1.0,1.0,0.2428218529,0.2983125745,0.4084506782,0.7391313625,0.5209127906,0.6878987803
4489,1.0,0.0,0.0,0.0,1.0,1.0,0.2337262344,0.2855546916,0.4101222132,0.7686565854,0.5300750868,0.7105264639
4490,1.0,0.0,0.0,0.0,1.0,1.0,0.2352667562,0.291821958,0.4000000375,0.7368426084,0.5114505359,0.6928106204
4491,1.0,0.0,0.0,0.0,1.0,1.0,0.2294089241,0.2940666437,0.387900308,0.7441860844,0.4961538011,0.7189551913
4492,1.0,0.0,0.0,0.0,1.0,1.0,0.1797555719,0.2750402826,0.4190647254,0.7700011597,0.5155039304,0.7253525338
4493,1.0,0.0,0.0,0.0,1.0,1.0,0.0832869381,0.2864015608,0.4293477361,0.8260877339,0.5098813635,0.6275861091
4494,1.0,0.0,0.0,0.0,1.0,1.0,0.07074103541,0.2824508708,0.4264972052,0.7948739505,0.5019761758,0.6223780032
4495,1.0,0.0,0.0,0.0,1.0,1.0,0.08634898128,0.2538580301,0.4154412552,0.8085072112,0.4959999509,0.7007879724
4496,1.0,0.0,0.0,0.0,1.0,1.0,0.1877306687,0.2847246982,0.3846153425,0.7047622935,0.4806198946,0.7074836637
4497,1.0,0.0,0.0,0.0,1.0,1.0,0.1807500889,0.2836251813,0.3918438738,0.7254900768,0.5019305512,0.7142861164
4498,1.0,0.0,0.0,0.0,1.0,1.0,0.1724386078,0.2852814444,0.3961266526,0.7346939634,0.5019155469,0.7181216322
4499,1.0,0.0,0.0,0.0,1.0,1.0,0.1732133975,0.2907119238,0.3916811419,0.7299997548,0.4980989272,0.7124186586
4500,1.0,0.0,0.0,0.0,1.0,1.0,0.1857826992,0.2890177351,0.3907056355,0.7129633152,0.5074626637,0.6903215803
4501,1.0,0.0,0.0,0.0,1.0,1.0,0.1906152899,0.2953741567,0.3831615449,0.7117120823,0.5018587819,0.7044018835
4502,1.0,0.0,0.0,0.0,1.0,1.0,0.1815597651,0.2871530797,0.3961937824,0.7047613049,0.5074625255,0.7077923647
4503,1.0,0.0,0.0,0.0,1.0,1.0,0.1843799535,0.2898010105,0.3931034664,0.719626346,0.5018588963,0.7051286401
4504,1.0,0.0,0.0,0.0,1.0,1.0,0.1781011557,0.2871532912,0.3961938088,0.7378635892,0.507462877,0.7077915697
4505,1.0,0.0,0.0,0.0,1.0,1.0,0.1723173716,0.2831751372,0.4017240901,0.7099998345,0.5185183909,0.6928100951
4506,1.0,0.0,0.0,0.0,1.0,1.0,0.1859030365,0.2895060056,0.3924914814,0.7155974401,0.5129148642,0.7197451644
4507,1.0,0.0,0.0,0.0,1.0,1.0,0.1722009476,0.2884418731,0.4003378773,0.7058817545,0.5147056917,0.7133749458
4508,1.0,0.0,0.0,0.0,1.0,1.0,0.1746923204,0.2889295774,0.3731092162,0.7019236555,0.4945457234,0.7169813796
4509,1.0,0.0,0.0,0.0,1.0,1.0,0.1798993991,0.2894066692,0.3883333741,0.6944436888,0.5107915189,0.7080740646
4510,1.0,0.0,0.0,0.0,1.0,1.0,0.1756894084,0.2901606288,0.393034914,0.6886784511,0.5089606801,0.6975307377
4511,1.0,0.0,0.0,0.0,1.0,1.0,0.1616258302,0.2858116942,0.3927393128,0.7142854038,0.5071943644,0.7106919587
4512,1.0,0.0,0.0,0.0,1.0,1.0,0.1715214442,0.2901605147,0.3927392107,0.6923078457,0.5053763002,0.6975301452
4513,1.0,0.0,0.0,0.0,1.0,1.0,0.1868738858,0.2983946753,0.4023372849,0.6964287703,0.5143884368,0.7048190055
4514,1.0,0.0,0.0,0.0,1.0,1.0,0.1874971403,0.29983253,0.3996737512,0.66956429,0.503571259,0.6964293448
4515,1.0,0.0,0.0,0.0,1.0,1.0,0.1925833861,0.3034671039,0.4036544388,0.6896555375,0.509090997,0.6766468534
4516,1.0,0.0,0.0,0.0,1.0,1.0,0.1710009256,0.2936316938,0.410299069,0.6893216663,0.5036493603,0.6894412046
4517,1.0,0.0,0.0,0.0,1.0,1.0,0.07868329856,0.3035341991,0.4405360269,0.8297862175,0.5222223062,0.6341460379
4518,1.0,0.0,0.0,0.0,1.0,1.0,0.04711156046,0.3156132763,0.4646465388,0.6785691005,0.5300750891,0.5476186165
4519,1.0,0.0,0.0,0.0,1.0,1.0,0.05142930899,0.3140008131,0.4614065915,0.7666633469,0.5210726873,0.5487799398
4520,1.0,0.0,0.0,0.0,1.0,1.0,0.04352968968,0.3344435903,0.4773519018,0.84,0.5369649488,0.5348837209
4521,1.0,0.0,0.0,0.0,1.0,1.0,0.03643806611,0.3344436506,0.4722222222,0.714287061,0.5252918288,0.5232555597
4522,1.0,0.0,0.0,0.0,1.0,1.0,0.0418614171,0.3220856481,0.465968485,0.7500021212,0.5117188618,0.5212121437
4523,1.0,0.0,0.0,0.0,1.0,1.0,0.04457179521,0.3183551842,0.4476843497,0.7307686268,0.501930657,0.5393931071
4524,1.0,0.0,0.0,0.0,1.0,1.0,0.04307949214,0.3201337049,0.4448275368,0.8399937145,0.5039064518,0.5609749948
4525,1.0,0.0,0.0,0.0,1.0,1.0,0.0668581256,0.3190528904,0.4305317134,0.897438861,0.515384467,0.590360732
4526,1.0,0.0,0.0,0.0,1.0,1.0,0.1323540705,0.2899145998,0.3786077683,0.8076905812,0.4694656788,0.7171054058
4527,1.0,0.0,0.0,0.0,1.0,1.0,0.1588857786,0.2888121432,0.3931623865,0.7634416361,0.4866919418,0.7105257525
4528,1.0,0.0,0.0,0.0,1.0,1.0,0.1899623244,0.2907125189,0.4160959234,0.7387389689,0.4980989208,0.712418266
4529,1.0,0.0,0.0,0.0,1.0,1.0,0.2220979385,0.3009470935,0.3956229225,0.7121222963,0.4944237904,0.6975312163
4530,1.0,0.0,0.0,0.0,1.0,1.0,0.2219125288,0.292876847,0.3939899368,0.7518801918,0.5018315269,0.7062499433
4531,1.0,0.0,0.0,0.0,1.0,1.0,0.2233851311,0.2904515331,0.3907285031,0.7481483083,0.4981949812,0.708073963
4532,1.0,0.0,0.0,0.0,1.0,1.0,0.2298716464,0.2889296759,0.4000000859,0.7536225819,0.5127274077,0.6981133299
4533,1.0,0.0,0.0,0.0,1.0,1.0,0.2433281113,0.2891241586,0.3774509619,0.7449658745,0.4928571348,0.6975317538
4534,1.0,0.0,0.0,0.0,1.0,1.0,0.2453325378,0.2873393897,0.3739703201,0.7382551469,0.4892857825,0.7018640255
4535,1.0,0.0,0.0,0.0,1.0,1.0,0.24614355,0.2756468675,0.3834710658,0.7583881242,0.5017794353,0.7096774632
4536,1.0,0.0,0.0,0.0,1.0,1.0,0.2378039497,0.2776227943,0.3760398352,0.7412585115,0.4874551368,0.6967736958
4537,1.0,0.0,0.0,0.0,1.0,1.0,0.2494473488,0.275464772,0.3818181084,0.7615897022,0.4946995485,0.7051281178
4538,1.0,0.0,0.0,0.0,1.0,1.0,0.2461920258,0.2725747692,0.3752038909,0.7549679188,0.4930068951,0.6923080086
4539,1.0,0.0,0.0,0.0,1.0,1.0,0.2444915761,0.2665179898,0.3768595232,0.7432434377,0.4947369443,0.6973689188
4540,1.0,0.0,0.0,0.0,1.0,1.0,0.2334223392,0.2620913871,0.3355262555,0.7605634228,0.4545454886,0.6933329715
4541,1.0,0.0,0.0,0.0,1.0,1.0,0.2320428935,0.261257597,0.3349917787,0.7500003843,0.4491225436,0.6912745475
4542,1.0,0.0,0.0,0.0,1.0,1.0,0.2365347189,0.2576959013,0.3266666679,0.7464787872,0.4459929195,0.6891887733
4543,1.0,0.0,0.0,0.0,1.0,1.0,0.2440107615,0.268401473,0.3411370664,0.7260281955,0.4628977163,0.6710526132
4544,1.0,0.0,0.0,0.0,1.0,1.0,0.2375582055,0.2640369169,0.3276739823,0.7428576648,0.4432625707,0.684564824
4545,1.0,0.0,0.0,0.0,1.0,1.0,0.2236039458,0.2568984945,0.3338982463,0.7651516239,0.4542254864,0.7054793533
4546,1.0,0.0,0.0,0.0,1.0,1.0,0.2363543823,0.266401567,0.3243242954,0.7428577036,0.4529615609,0.6928107103
4547,1.0,0.0,0.0,0.0,1.0,1.0,0.2410120401,0.2672118905,0.3254638105,0.741259319,0.4583335774,0.6883107097
4548,1.0,0.0,0.0,0.0,1.0,1.0,0.2341646546,0.2672118615,0.3242785136,0.7536232325,0.46180583,0.7142862985
4549,1.0,0.0,0.0,0.0,1.0,1.0,0.2275288175,0.2628287729,0.3322090303,0.7481477672,0.4567473885,0.7039472136
4550,1.0,0.0,0.0,0.0,1.0,1.0,0.2389238205,0.261022505,0.326599311,0.7464789152,0.4570446361,0.7039471854
4551,1.0,0.0,0.0,0.0,1.0,1.0,0.2490135669,0.2653691971,0.3271186966,0.72789101,0.4517241317,0.694804919
4552,1.0,0.0,0.0,0.0,1.0,1.0,0.232863464,0.2584173181,0.3282313569,0.7226275348,0.4589041393,0.6953648679
4553,1.0,0.0,0.0,0.0,1.0,1.0,0.2368425013,0.2548909645,0.3462184335,0.7092198364,0.469798699,0.6842109001
4554,1.0,0.0,0.0,0.0,1.0,1.0,0.227223936,0.2541243966,0.3196580749,0.7142859432,0.4436860043,0.6778517155
4555,1.0,0.0,0.0,0.0,1.0,1.0,0.2377144696,0.2559126129,0.2847222765,0.7226274628,0.4048441006,0.6824328734
4556,1.0,0.0,0.0,0.0,1.0,1.0,0.2421855821,0.2583589994,0.2696246771,0.7112675841,0.3979592741,0.6710534591
4557,1.0,0.0,0.0,0.0,1.0,1.0,0.2425994893,0.2523843437,0.2649571861,0.7323944305,0.3939395592,0.69333293
4558,1.0,0.0,0.0,0.0,1.0,1.0,0.2502891287,0.2532143883,0.2675814977,0.7054790338,0.3959731911,0.6754967364
4559,1.0,0.0,0.0,0.0,1.0,1.0,0.2429201863,0.2473367161,0.2743055726,0.7214288708,0.4040404336,0.7006805335
4560,1.0,0.0,0.0,0.0,1.0,1.0,0.2606488551,0.251515058,0.2694299984,0.6953631708,0.4105960625,0.6842111338
4561,1.0,0.0,0.0,0.0,1.0,1.0,0.2611778533,0.2515262667,0.2804878562,0.7000001466,0.413333431,0.6887409793
4562,1.0,0.0,0.0,0.0,1.0,1.0,0.2604181095,0.2473367879,0.2816901868,0.7094591309,0.414141403,0.7006801107
4563,1.0,0.0,0.0,0.0,1.0,1.0,0.2634734211,0.2481946702,0.2899823524,0.6999992681,0.4199998903,0.6912750689
4564,1.0,0.0,0.0,0.0,1.0,1.0,0.2604179793,0.2465286545,0.2816901272,0.7027023813,0.4100000843,0.6959456044
4565,1.0,0.0,0.0,0.0,1.0,1.0,0.2617168656,0.2448964581,0.2882249551,0.7046978899,0.4205297884,0.6824321089
4566,1.0,0.0,0.0,0.0,1.0,1.0,0.2690805807,0.2473864937,0.2849651139,0.7012976123,0.4158414049,0.6866659301
4567,1.0,0.0,0.0,0.0,1.0,1.0,0.2687424101,0.2498605595,0.2864674831,0.6928106446,0.4199998322,0.6799995912
4568,1.0,0.0,0.0,0.0,1.0,1.0,0.2646607744,0.2498603721,0.275261392,0.7039475191,0.4072847074,0.6821196539
4569,1.0,0.0,0.0,0.0,1.0,1.0,0.2713020378,0.255709744,0.264448214,0.6967737807,0.3913041128,0.6797384608
4570,1.0,0.0,0.0,0.0,1.0,1.0,0.2520485091,0.2498605611,0.2661997363,0.701388733,0.3933333477,0.6733333046
4571,1.0,0.0,0.0,0.0,1.0,1.0,0.2564014942,0.2540390178,0.2547992698,0.7142861307,0.3879598207,0.6842104521
4572,1.0,0.0,0.0,0.0,1.0,1.0,0.2516078242,0.2548910976,0.2639859395,0.72222188,0.3959731943,0.6907897904
4573,1.0,0.0,0.0,0.0,1.0,1.0,0.244191798,0.2515263048,0.2635253169,0.7428562156,0.4000001442,0.6953642479
4574,1.0,0.0,0.0,0.0,1.0,1.0,0.2494245198,0.251537244,0.2705062168,0.7202789957,0.4060400743,0.6800002822
4575,1.0,0.0,0.0,0.0,1.0,1.0,0.2630106957,0.2557493194,0.2561402736,0.7266668977,0.3939396259,0.6842114263
4576,1.0,0.0,0.0,0.0,1.0,1.0,0.2533796306,0.2549599348,0.2605633857,0.7222226407,0.3911565253,0.6799993636
4577,1.0,0.0,0.0,0.0,1.0,1.0,0.2719329568,0.2591776872,0.266784527,0.7012985544,0.3966098633,0.6862748725
4578,1.0,0.0,0.0,0.0,1.0,1.0,0.2740120531,0.2618399303,0.2530756516,0.7115390434,0.3835617495,0.6732031001
4579,1.0,0.0,0.0,0.0,1.0,1.0,0.2738435739,0.2685572821,0.2530540188,0.713375551,0.3843539299,0.6898742303
4580,1.0,0.0,0.0,0.0,1.0,1.0,0.2792817352,0.2686857844,0.2513180283,0.71069284,0.3835615435,0.6815289924
4581,1.0,0.0,0.0,0.0,1.0,1.0,0.2722496647,0.2682711535,0.2544803073,0.7236844872,0.3719299976,0.6862746463
4582,1.0,0.0,0.0,0.0,1.0,1.0,0.2622650729,0.2673331056,0.2482269369,0.7162158654,0.3741256811,0.6862753851
4583,1.0,0.0,0.0,0.0,1.0,1.0,0.2538261655,0.2630106964,0.2663139249,0.7222225559,0.3824561204,0.6799995963
4584,1.0,0.0,0.0,0.0,1.0,1.0,0.2126473205,0.2524905175,0.2712766461,0.7416667112,0.3964912912,0.7013891054
4585,1.0,0.0,0.0,0.0,1.0,1.0,0.1442854723,0.2343518372,0.3397887735,0.7926843679,0.4655170536,0.6985296509
4586,1.0,0.0,0.0,0.0,1.0,1.0,0.1163372824,0.2282461512,0.4109346383,0.7878786904,0.5155709266,0.6818191326
4587,1.0,0.0,0.0,0.0,1.0,1.0,0.09485037005,0.2368015587,0.4077328686,0.7777782168,0.5087109063,0.6544118339
4588,1.0,0.0,0.0,0.0,1.0,1.0,0.09610001124,0.2341348943,0.4370628791,0.7636345515,0.5349646988,0.6417903637
4589,1.0,0.0,0.0,0.0,1.0,1.0,0.09510258157,0.223466662,0.4256054168,0.7636358666,0.5176054954,0.6456702368
4590,1.0,0.0,0.0,0.0,1.0,1.0,0.09493817996,0.2136616274,0.4214161841,0.781820534,0.515900834,0.6694204125
4591,1.0,0.0,0.0,0.0,1.0,1.0,0.118490599,0.2164852926,0.4158075204,0.7971005506,0.5054153645,0.7249997772
4592,1.0,0.0,0.0,0.0,1.0,1.0,0.1603832301,0.2300872888,0.4020271047,0.8000013383,0.5,0.7187501035
4593,1.0,0.0,0.0,0.0,1.0,1.0,0.2058650468,0.2480629789,0.3787375051,0.7419351538,0.4820143803,0.6956513079
4594,1.0,0.0,0.0,0.0,1.0,1.0,0.2302636091,0.256040857,0.3643791504,0.7517736287,0.4805655413,0.6965511867
4595,1.0,0.0,0.0,0.0,1.0,1.0,0.2318967117,0.2632940455,0.3643790608,0.7676056444,0.476702293,0.7074831816
4596,1.0,0.0,0.0,0.0,1.0,1.0,0.2409078868,0.2686673896,0.3583061957,0.7635133776,0.4731184106,0.7066669501
4597,1.0,0.0,0.0,0.0,1.0,1.0,0.2592352911,0.2742151782,0.3523654823,0.7484273107,0.4512637765,0.6973689373
4598,1.0,0.0,0.0,0.0,1.0,1.0,0.2498604617,0.2724112474,0.3660129903,0.7450974635,0.4801443458,0.701985995
4599,1.0,0.0,0.0,0.0,1.0,1.0,0.2474030389,0.2689407978,0.3655737473,0.754966283,0.476363635,0.7027024704
4600,1.0,0.0,0.0,0.0,1.0,1.0,0.2634443159,0.274391961,0.3607908153,0.7562502934,0.4690908141,0.7152319858
4601,1.0,0.0,0.0,0.0,1.0,1.0,0.2589314093,0.2743921542,0.3580858205,0.7452223563,0.4690910834,0.6953642847
4602,1.0,0.0,0.0,0.0,1.0,1.0,0.2436035529,0.2673781497,0.3572621881,0.7465749312,0.4612546481,0.7034484049
4603,1.0,0.0,0.0,0.0,1.0,1.0,0.2556327271,0.2755813701,0.3580858067,0.7419358795,0.4558825355,0.700000704
4604,1.0,0.0,0.0,0.0,1.0,1.0,0.2391404992,0.269080685,0.3630363096,0.7586205897,0.4688644181,0.7006803499
4605,1.0,0.0,0.0,0.0,1.0,1.0,0.2502747893,0.2720703483,0.3432835298,0.7284759029,0.4481481279,0.6734697107
4606,1.0,0.0,0.0,0.0,1.0,1.0,0.2597234022,0.2765980664,0.3404604769,0.740506567,0.4428043992,0.6866661859
4607,1.0,0.0,0.0,0.0,1.0,1.0,0.2429311099,0.2737444521,0.3474714889,0.7516774024,0.4522057575,0.6979866921
4608,1.0,0.0,0.0,0.0,1.0,1.0,0.230385385,0.2685065719,0.3648425516,0.7625897639,0.4589552533,0.7083341288
4609,1.0,0.0,0.0,0.0,1.0,1.0,0.1803629687,0.2658893761,0.3807947234,0.7614672666,0.4641511256,0.6808517982
4610,1.0,0.0,0.0,0.0,1.0,1.0,0.1249305774,0.2508403757,0.4366437695,0.7808200044,0.5098041455,0.6562505588
4611,1.0,0.0,0.0,0.0,1.0,1.0,0.0711406647,0.2639656628,0.4322916871,0.9024419602,0.4919354805,0.5877857203
4612,1.0,0.0,0.0,0.0,1.0,1.0,0.07274968238,0.2548776283,0.4280762472,0.8809536671,0.4899599607,0.5905501069
4613,1.0,0.0,0.0,0.0,1.0,1.0,0.1240801793,0.2389104434,0.4115645385,0.7397256417,0.4741035319,0.6666655248
4614,1.0,0.0,0.0,0.0,1.0,1.0,0.1660202005,0.261664878,0.3920266453,0.7399995794,0.4645670203,0.6541350768
4615,1.0,0.0,0.0,0.0,1.0,1.0,0.161845889,0.2547597302,0.3989984187,0.7525767867,0.4705884761,0.6538461538
4616,1.0,0.0,0.0,0.0,1.0,1.0,0.1794298399,0.2616648389,0.3892617222,0.7289727429,0.4606299808,0.6541361018
4617,1.0,0.0,0.0,0.0,1.0,1.0,0.1886363885,0.2663881644,0.3807946589,0.7192986303,0.4552527985,0.6423349119
4618,1.0,0.0,0.0,0.0,1.0,1.0,0.1962602896,0.2633145067,0.3927393115,0.7310917276,0.4692309301,0.6569352878
4619,1.0,0.0,0.0,0.0,1.0,1.0,0.1892630605,0.269229185,0.3887043327,0.7280689402,0.4728684268,0.669064036
4620,1.0,0.0,0.0,0.0,1.0,1.0,0.1906066226,0.2701193139,0.4013266593,0.7478268144,0.4864866501,0.6642845192
4621,1.0,0.0,0.0,0.0,1.0,1.0,0.2126472941,0.2686471514,0.3895254221,0.7153837759,0.4699249631,0.6503487909
4622,1.0,0.0,0.0,0.0,1.0,1.0,0.1959368179,0.2660109607,0.406919342,0.722688153,0.4828896227,0.650000301
4623,1.0,0.0,0.0,0.0,1.0,1.0,0.2034987363,0.2676407891,0.4088669916,0.7177421992,0.4981271792,0.643356539
4624,1.0,0.0,0.0,0.0,1.0,1.0,0.2050971179,0.2693661381,0.3892508243,0.7142847503,0.4684016764,0.6620688947
4625,1.0,0.0,0.0,0.0,1.0,1.0,0.1992297389,0.2600775491,0.395387042,0.7272724167,0.4721191646,0.6714281497
4626,1.0,0.0,0.0,0.0,1.0,1.0,0.18997652,0.2535622395,0.3950412247,0.7391305139,0.4814813094,0.6642337995
4627,1.0,0.0,0.0,0.0,1.0,1.0,0.1870877019,0.2553720313,0.4088670775,0.7280701593,0.4999998069,0.6690652051
4628,1.0,0.0,0.0,0.0,1.0,1.0,0.1933348379,0.252606221,0.3967213081,0.7033894223,0.4835163819,0.6666661581
4629,1.0,0.0,0.0,0.0,1.0,1.0,0.1838053314,0.2516973983,0.3891626756,0.7321437637,0.4742644285,0.6788320831
4630,1.0,0.0,0.0,0.0,1.0,1.0,0.1926435263,0.2516839815,0.3838550706,0.7179486716,0.4708028197,0.6811602647
4631,1.0,0.0,0.0,0.0,1.0,1.0,0.181117812,0.2553321074,0.3937397372,0.7272723732,0.4854013843,0.685714548
4632,1.0,0.0,0.0,0.0,1.0,1.0,0.1863646531,0.2525663096,0.3976898128,0.7079649835,0.4873646692,0.6571431166
4633,1.0,0.0,0.0,0.0,1.0,1.0,0.1693684668,0.2416231454,0.4077181235,0.7128717597,0.4981684054,0.6666666667
4634,1.0,0.0,0.0,0.0,1.0,1.0,0.1718574327,0.2444287477,0.4006677106,0.6796107637,0.4891304224,0.6444453048
4635,1.0,0.0,0.0,0.0,1.0,1.0,0.1312396919,0.2235118531,0.4057239763,0.7307681854,0.490909252,0.6666666667
4636,1.0,0.0,0.0,0.0,1.0,1.0,0.09822116731,0.2181613797,0.4327586593,0.7719272465,0.5074629255,0.6752132928
4637,1.0,0.0,0.0,0.0,1.0,1.0,0.074096626,0.218396467,0.4465518372,0.7906937495,0.5222221739,0.6694909122
4638,1.0,0.0,0.0,0.0,1.0,1.0,0.06697290156,0.2154931785,0.4329897019,0.8205117112,0.4981412261,0.6551730408
4639,1.0,0.0,0.0,0.0,1.0,1.0,0.05160655178,0.2099200836,0.4096386257,0.966660296,0.4869888256,0.6637168641
4640,1.0,0.0,0.0,0.0,1.0,1.0,0.06651581534,0.2083709997,0.4112628605,0.8717938904,0.4870851668,0.6725662882
4641,1.0,0.0,0.0,0.0,1.0,1.0,0.09316840356,0.2086748655,0.3677966096,0.8727298085,0.4578757036,0.7192974586
4642,1.0,0.0,0.0,0.0,1.0,1.0,0.1384361145,0.2180597667,0.3783783956,0.8292693834,0.4618184028,0.7416666517
4643,1.0,0.0,0.0,0.0,1.0,1.0,0.1955788441,0.2390748894,0.3001658541,0.7627131399,0.3848920093,0.6992483162
4644,1.0,0.0,0.0,0.0,1.0,1.0,0.1952166822,0.2336825023,0.2988314246,0.7777767639,0.3920862785,0.7076926362
4645,1.0,0.0,0.0,0.0,1.0,1.0,0.2015542056,0.2311877672,0.3100001038,0.7603302583,0.4092528012,0.6846143884
4646,1.0,0.0,0.0,0.0,1.0,1.0,0.2049279074,0.2372777853,0.2974789281,0.7377050044,0.4028777699,0.6969700412
4647,1.0,0.0,0.0,0.0,1.0,1.0,0.2252980739,0.243591669,0.308474509,0.7443610217,0.4229390654,0.6911766533
4648,1.0,0.0,0.0,0.0,1.0,1.0,0.21660253,0.2426702663,0.3088737968,0.7401568707,0.4208632375,0.6888899445
4649,1.0,0.0,0.0,0.0,1.0,1.0,0.2188929403,0.2419142453,0.3174872712,0.7519390895,0.4346292061,0.6934311756
4650,1.0,0.0,0.0,0.0,1.0,1.0,0.2012527762,0.2355828141,0.3259385069,0.75423829,0.4357141188,0.7045449003
4651,1.0,0.0,0.0,0.0,1.0,1.0,0.2147701348,0.238463523,0.316412782,0.708661404,0.4350876837,0.6838238768
4652,1.0,0.0,0.0,0.0,1.0,1.0,0.2260643317,0.2402166767,0.3129252125,0.7067660993,0.4280700655,0.6861310014
4653,1.0,0.0,0.0,0.0,1.0,1.0,0.2252500285,0.2438503832,0.318864774,0.7037031739,0.4398624505,0.6619715969
4654,1.0,0.0,0.0,0.0,1.0,1.0,0.2206123881,0.2421325038,0.3093644983,0.6893943812,0.432989509,0.6595753392
4655,1.0,0.0,0.0,0.0,1.0,1.0,0.2343750938,0.245596515,0.2998324784,0.6857141547,0.4163824207,0.6458337668
4656,1.0,0.0,0.0,0.0,1.0,1.0,0.2294892777,0.2389236845,0.306156371,0.6811593747,0.4309765097,0.6478885521
4657,1.0,0.0,0.0,0.0,1.0,1.0,0.2302552657,0.2406060852,0.2838064097,0.6811595569,0.4141415247,0.6573430709
4658,1.0,0.0,0.0,0.0,1.0,1.0,0.2337003658,0.2364447908,0.2918739778,0.680851427,0.4228185531,0.6595745341
4659,1.0,0.0,0.0,0.0,1.0,1.0,0.2395355584,0.2481837245,0.2793388617,0.6758614592,0.4060402025,0.6554054155
4660,1.0,0.0,0.0,0.0,1.0,1.0,0.2339119829,0.2423894105,0.2880524086,0.6643361284,0.4152825539,0.6506845691
4661,1.0,0.0,0.0,0.0,1.0,1.0,0.2461921513,0.248216844,0.2952691848,0.6622516945,0.4309210227,0.6556292362
4662,1.0,0.0,0.0,0.0,1.0,1.0,0.2519053274,0.2523183073,0.299509032,0.6623376811,0.4295080868,0.6493507243
4663,1.0,0.0,0.0,0.0,1.0,1.0,0.2478090917,0.2523343164,0.2939244574,0.6688734368,0.425742704,0.6470595869
4664,1.0,0.0,0.0,0.0,1.0,1.0,0.2445267313,0.2482057925,0.2906404416,0.6644293505,0.4205296653,0.6533337471
4665,1.0,0.0,0.0,0.0,1.0,1.0,0.2436449207,0.2456820553,0.2819236334,0.6802730103,0.4080267534,0.6530613156
4666,1.0,0.0,0.0,0.0,1.0,1.0,0.2406681059,0.2473193682,0.2809363604,0.6666671761,0.4135591767,0.6369860433
4667,1.0,0.0,0.0,0.0,1.0,1.0,0.2385981249,0.2447957401,0.2938230431,0.6713284673,0.415540538,0.6413796445
4668,1.0,0.0,0.0,0.0,1.0,1.0,0.2135699047,0.2363545684,0.327212073,0.6796868782,0.4459460992,0.6428578063
4669,1.0,0.0,0.0,0.0,1.0,1.0,0.2330912059,0.2439714094,0.3271811881,0.6546759899,0.4377105482,0.6275874229
4670,1.0,0.0,0.0,0.0,1.0,1.0,0.2096966761,0.2361691598,0.3248730827,0.6854839959,0.4452053319,0.6521735096
4671,1.0,0.0,0.0,0.0,1.0,1.0,0.2211457701,0.2420251877,0.3310462666,0.6821710946,0.4494770487,0.6546764359
4672,1.0,0.0,0.0,0.0,1.0,1.0,0.2249166412,0.2455374709,0.3231810375,0.669172318,0.4429063768,0.6408458841
4673,1.0,0.0,0.0,0.0,1.0,1.0,0.2275291486,0.2542136775,0.3119730002,0.6962958131,0.4320557361,0.6506844176
4674,1.0,0.0,0.0,0.0,1.0,1.0,0.2266077912,0.255102491,0.3265651371,0.7089554838,0.4405594509,0.6643830938
4675,1.0,0.0,0.0,0.0,1.0,1.0,0.2540670632,0.26466039,0.3164982314,0.7152319481,0.4390244996,0.6710529103
4676,1.0,0.0,0.0,0.0,1.0,1.0,0.2552831929,0.2584764713,0.3171952741,0.7189543501,0.4344827766,0.6599995671
4677,1.0,0.0,0.0,0.0,1.0,1.0,0.2627485815,0.2670921946,0.3128120557,0.708860446,0.4344827457,0.6580649504
4678,1.0,0.0,0.0,0.0,1.0,1.0,0.2613671147,0.269474072,0.3108552456,0.7106918154,0.4402730036,0.6645579831
4679,1.0,0.0,0.0,0.0,1.0,1.0,0.2498603996,0.2592408554,0.3088235242,0.7124175587,0.4300343167,0.6644732896
4680,1.0,0.0,0.0,0.0,1.0,1.0,0.2543153079,0.2617583598,0.3176660848,0.6942671246,0.4319726637,0.6493502796
4681,1.0,0.0,0.0,0.0,1.0,1.0,0.2563504457,0.2660628868,0.316558393,0.6898729992,0.4368600277,0.6474350924
4682,1.0,0.0,0.0,0.0,1.0,1.0,0.2690178565,0.2651582373,0.3213702129,0.6969699341,0.4455783308,0.6538461538
4683,1.0,0.0,0.0,0.0,1.0,1.0,0.2653241961,0.2643578071,0.3192181845,0.6993860304,0.4368601401,0.6516129573
4684,1.0,0.0,0.0,0.0,1.0,1.0,0.2636966859,0.2626519753,0.3241041972,0.7037041472,0.4539246625,0.6558440922
4685,1.0,0.0,0.0,0.0,1.0,1.0,0.2559745062,0.2540953092,0.3866230849,0.7133769096,0.5118643261,0.6533337943
4686,1.0,0.0,0.0,0.0,1.0,1.0,0.2649913703,0.2593051911,0.3944353377,0.6975309712,0.5223367978,0.6357621672
4687,1.0,0.0,0.0,0.0,1.0,1.0,0.2709228977,0.2593708503,0.4049586236,0.6951220785,0.522491151,0.6466676845
4688,1.0,0.0,0.0,0.0,1.0,1.0,0.2673873737,0.2584174681,0.4013050983,0.7073174569,0.5171234616,0.6622519008
4689,1.0,0.0,0.0,0.0,1.0,1.0,0.248641738,0.254124395,0.4178862044,0.6862738965,0.5255970898,0.6375836183
4690,1.0,0.0,0.0,0.0,1.0,1.0,0.2458173037,0.2473193891,0.4045306648,0.6907899153,0.5152543358,0.6575347558
4691,1.0,0.0,0.0,0.0,1.0,1.0,0.2470532536,0.2490189481,0.3948635414,0.6948045166,0.5084174801,0.6756753978
4692,1.0,0.0,0.0,0.0,1.0,1.0,0.2438447864,0.2507073026,0.4044944718,0.6907894737,0.5220339549,0.6689184398
4693,1.0,0.0,0.0,0.0,1.0,1.0,0.247053113,0.2498605473,0.3964687581,0.6883116883,0.5101351512,0.6756756757
4694,1.0,0.0,0.0,0.0,1.0,1.0,0.2514621718,0.2532372824,0.395833319,0.7006362613,0.5135133367,0.6733328931
4695,1.0,0.0,0.0,0.0,1.0,1.0,0.2414651026,0.2515487252,0.3967998958,0.6887417887,0.5101349873,0.6778526238
4696,1.0,0.0,0.0,0.0,1.0,1.0,0.2078836683,0.2269919042,0.391999978,0.7230763629,0.5118645773,0.6716406648
4697,1.0,0.0,0.0,0.0,1.0,1.0,0.1425434431,0.2051490077,0.4049179779,0.7356334569,0.5017543794,0.6752135188
4698,1.0,0.0,0.0,0.0,1.0,1.0,0.07415762745,0.1828688528,0.4333895628,0.8181813781,0.5072464048,0.6831672311
4699,1.0,0.0,0.0,0.0,1.0,1.0,0.07921381684,0.1851485319,0.4333895601,0.8085109275,0.5179855785,0.6990302303
4700,1.0,0.0,0.0,0.0,1.0,1.0,0.1364371836,0.2005923582,0.4457237862,0.7469875443,0.531690098,0.6929822567
4701,1.0,0.0,0.0,0.0,1.0,1.0,0.1759923898,0.2119504436,0.4054927691,0.7155961471,0.5103447448,0.6747973953
4702,1.0,0.0,0.0,0.0,1.0,1.0,0.1899103691,0.2183080494,0.4041867448,0.737287618,0.5153584469,0.6875003199
4703,1.0,0.0,0.0,0.0,1.0,1.0,0.2148482291,0.2320739101,0.4044586558,0.7037034637,0.5186438744,0.6715333827
4704,1.0,0.0,0.0,0.0,1.0,1.0,0.1944251121,0.2217193497,0.4019292447,0.7107437423,0.5153581898,0.684614922
4705,1.0,0.0,0.0,0.0,1.0,1.0,0.20600415,0.2190557148,0.3929147111,0.7187496821,0.5034245443,0.6796882682
4706,1.0,0.0,0.0,0.0,1.0,1.0,0.2107449603,0.2260644718,0.3977635692,0.7045454922,0.517007111,0.6842098346
4707,1.0,0.0,0.0,0.0,1.0,1.0,0.1973008617,0.218091157,0.3915857844,0.7213118554,0.4982817805,0.6850402872
4708,1.0,0.0,0.0,0.0,1.0,1.0,0.2072796843,0.2243645586,0.4067525157,0.7209308579,0.5238095238,0.6893944247
4709,1.0,0.0,0.0,0.0,1.0,1.0,0.2034405604,0.2234246669,0.407108301,0.7222231737,0.5187714969,0.6870223726
4710,1.0,0.0,0.0,0.0,1.0,1.0,0.210920883,0.2259010947,0.40097408,0.7153844352,0.5171231806,0.6893940392
4711,1.0,0.0,0.0,0.0,1.0,1.0,0.2131281172,0.2279133032,0.4038771552,0.7045458301,0.5270267534,0.6888891043
4712,1.0,0.0,0.0,0.0,1.0,1.0,0.2206560439,0.2277642022,0.3977272023,0.7058825392,0.5102041115,0.6940298268
4713,1.0,0.0,0.0,0.0,1.0,1.0,0.2154388388,0.2269919735,0.3954618729,0.706766206,0.5152540417,0.6940299595
4714,1.0,0.0,0.0,0.0,1.0,1.0,0.2132358486,0.2285411427,0.3876221169,0.6870226977,0.5051193284,0.6791043563
4715,1.0,0.0,0.0,0.0,1.0,1.0,0.2074623148,0.2276126963,0.4036242679,0.6904771277,0.5171232359,0.6691721887
4716,1.0,0.0,0.0,0.0,1.0,1.0,0.2090334659,0.2268359916,0.3905228518,0.7031249739,0.5085324182,0.6766921648
4717,1.0,0.0,0.0,0.0,1.0,1.0,0.2081479094,0.2301121186,0.4016527946,0.682539764,0.5120276656,0.6641788285
4718,1.0,0.0,0.0,0.0,1.0,1.0,0.2074622994,0.2274594401,0.4036244237,0.7063497722,0.517241392,0.6742418718
4719,1.0,0.0,0.0,0.0,1.0,1.0,0.1992298686,0.2207671621,0.4036243291,0.68595091,0.513698748,0.6589133402
4720,1.0,0.0,0.0,0.0,1.0,1.0,0.1919457715,0.2163738017,0.4072847565,0.7068969979,0.5223366989,0.6825393043
4721,1.0,0.0,0.0,0.0,1.0,1.0,0.1995585833,0.2163740362,0.3976898613,0.6859514064,0.5120277364,0.6666677817
4722,1.0,0.0,0.0,0.0,1.0,1.0,0.2094541666,0.2282459017,0.4009900439,0.6850397127,0.5121106313,0.6742423511
4723,1.0,0.0,0.0,0.0,1.0,1.0,0.2058652833,0.2263542694,0.4036545369,0.6854840099,0.5121949224,0.6615382594
4724,1.0,0.0,0.0,0.0,1.0,1.0,0.2145224306,0.2298368719,0.4009984087,0.6899219533,0.5087109364,0.6666661262
4725,1.0,0.0,0.0,0.0,1.0,1.0,0.2077397677,0.2301118864,0.4058920407,0.6850394229,0.5189004932,0.6716415775
4726,1.0,0.0,0.0,0.0,1.0,1.0,0.2113571454,0.2317046097,0.4016393313,0.6899225708,0.5155709984,0.6716418627
4727,1.0,0.0,0.0,0.0,1.0,1.0,0.2084929693,0.222872157,0.4039735544,0.6825396825,0.5087109593,0.6796883335
4728,1.0,0.0,0.0,0.0,1.0,1.0,0.2104087517,0.2273033127,0.4078947641,0.6875010274,0.5104168378,0.6870228517
4729,1.0,0.0,0.0,0.0,1.0,1.0,0.2077398365,0.2240127114,0.4026187092,0.7007877315,0.517241354,0.6846158128
4730,1.0,0.0,0.0,0.0,1.0,1.0,0.2090335637,0.2230590603,0.3970587957,0.6953120882,0.5086503374,0.6744181866
4731,1.0,0.0,0.0,0.0,1.0,1.0,0.1916960128,0.2184095485,0.4016393776,0.7179497101,0.5104893103,0.6879986616
4732,1.0,0.0,0.0,0.0,1.0,1.0,0.1949732328,0.2176486159,0.4049180513,0.7142849464,0.5087105556,0.7040010098
4733,1.0,0.0,0.0,0.0,1.0,1.0,0.1903698752,0.2193898677,0.4088669243,0.6982748141,0.5121951673,0.6904765135
4734,1.0,0.0,0.0,0.0,1.0,1.0,0.2113572154,0.2288932205,0.4000000875,0.7054268057,0.5034965165,0.6870218432
4735,1.0,0.0,0.0,0.0,1.0,1.0,0.2103229753,0.2271459404,0.4045675885,0.7054276097,0.4965034072,0.6846156645
4736,1.0,0.0,0.0,0.0,1.0,1.0,0.2179721524,0.2334338934,0.4054926602,0.7037041197,0.5086506033,0.7037041197
4737,1.0,0.0,0.0,0.0,1.0,1.0,0.2054320157,0.223833561,0.3947796923,0.6904754233,0.493055589,0.6821698621
4738,1.0,0.0,0.0,0.0,1.0,1.0,0.207676325,0.2257357291,0.3977271716,0.6874997879,0.5103447553,0.6717551305
4739,1.0,0.0,0.0,0.0,1.0,1.0,0.2008605089,0.2213296539,0.4051863759,0.6854837322,0.5121107139,0.6796875781
4740,1.0,0.0,0.0,0.0,1.0,1.0,0.210921158,0.2299754897,0.3977273254,0.6769235877,0.5086506004,0.6766911438
4741,1.0,0.0,0.0,0.0,1.0,1.0,0.2082843368,0.2273036129,0.4054926943,0.697674458,0.5104167457,0.6870231172
4742,1.0,0.0,0.0,0.0,1.0,1.0,0.1995639354,0.2213299268,0.396103965,0.7154475259,0.5086505152,0.7031248153
4743,1.0,0.0,0.0,0.0,1.0,1.0,0.2105792032,0.2273036337,0.3954619787,0.7076931037,0.5104163686,0.6870224582
4744,1.0,0.0,0.0,0.0,1.0,1.0,0.2264109772,0.2420253475,0.4012944843,0.6999998458,0.5191639752,0.6762593168
4745,1.0,0.0,0.0,0.0,1.0,1.0,0.2034406268,0.2246130735,0.3941841733,0.7063480421,0.498257914,0.689922274
4746,1.0,0.0,0.0,0.0,1.0,1.0,0.2140512067,0.2315780702,0.3832528816,0.714285949,0.4912892583,0.6992482809
4747,1.0,0.0,0.0,0.0,1.0,1.0,0.1882065216,0.2191758121,0.4042208052,0.7241381912,0.5087716741,0.7040009801
4748,1.0,0.0,0.0,0.0,1.0,1.0,0.1576357695,0.2164282966,0.422764184,0.7216489554,0.5211268839,0.6910577833
4749,1.0,0.0,0.0,0.0,1.0,1.0,0.1033904505,0.198103738,0.4482758317,0.7777777778,0.5357142994,0.7297289988
4750,1.0,0.0,0.0,0.0,1.0,1.0,0.05233536261,0.1980375507,0.4307432672,0.8709722184,0.5074075534,0.6728982859
4751,1.0,0.0,0.0,0.0,1.0,1.0,0.0740968811,0.1930740607,0.4396552463,0.744185815,0.5037879586,0.6568644116
4752,1.0,0.0,0.0,0.0,1.0,1.0,0.08683394254,0.2040062793,0.4258944331,0.7647039151,0.5018726936,0.6880739687
4753,1.0,0.0,0.0,0.0,1.0,1.0,0.1290671948,0.2180602048,0.3857616301,0.7051292171,0.4836363608,0.6666660769
4754,1.0,0.0,0.0,0.0,1.0,1.0,0.1583272913,0.2289628142,0.3861386523,0.7395839376,0.4909090555,0.6984131301
4755,1.0,0.0,0.0,0.0,1.0,1.0,0.1746597621,0.2266590531,0.3656958424,0.7407409618,0.4714285112,0.6929124932
4756,1.0,0.0,0.0,0.0,1.0,1.0,0.1899100479,0.2294094387,0.3800322746,0.6949160332,0.4911030999,0.6666661061
4757,1.0,0.0,0.0,0.0,1.0,1.0,0.1866912686,0.2311874767,0.3703704607,0.7327581542,0.4768686274,0.6769219755
4758,1.0,0.0,0.0,0.0,1.0,1.0,0.1982891187,0.2321398437,0.3775999365,0.7258061161,0.478723384,0.694655762
4759,1.0,0.0,0.0,0.0,1.0,1.0,0.2043586518,0.2330855012,0.3769968222,0.7187503162,0.4770316553,0.6893929483
4760,1.0,0.0,0.0,0.0,1.0,1.0,0.1989259738,0.2314493363,0.3820225536,0.7258069008,0.4877193075,0.6969702916
4761,1.0,0.0,0.0,0.0,1.0,1.0,0.2174786,0.2376296059,0.3808000223,0.7132359327,0.4895107073,0.6764714706
4762,1.0,0.0,0.0,0.0,1.0,1.0,0.2008602884,0.2277881581,0.3824958785,0.7096775867,0.4911659319,0.6744181794
4763,1.0,0.0,0.0,0.0,1.0,1.0,0.2170587351,0.2410624501,0.3760130303,0.6940291756,0.4823941999,0.6569347794
4764,1.0,0.0,0.0,0.0,1.0,1.0,0.2107452048,0.2307741437,0.3801916811,0.7121213621,0.4895834278,0.6842109573
4765,1.0,0.0,0.0,0.0,1.0,1.0,0.214280499,0.230773805,0.3807999537,0.7164187077,0.4861110275,0.6917294827
4766,1.0,0.0,0.0,0.0,1.0,1.0,0.2133639813,0.2334336732,0.3852326832,0.7142859436,0.4948095787,0.6740738867
4767,1.0,0.0,0.0,0.0,1.0,1.0,0.2172700911,0.2317044863,0.3896939717,0.7259263774,0.4948098285,0.6716417428
4768,1.0,0.0,0.0,0.0,1.0,1.0,0.2140511352,0.2343517276,0.3880837565,0.6992493668,0.4965518728,0.6617639952
4769,1.0,0.0,0.0,0.0,1.0,1.0,0.2108320552,0.229182381,0.3832528382,0.7099231829,0.4931035516,0.6691729323
4770,1.0,0.0,0.0,0.0,1.0,1.0,0.1943809978,0.228246029,0.367909307,0.7416676818,0.4809688712,0.681817731
4771,1.0,0.0,0.0,0.0,1.0,1.0,0.2117600956,0.232746702,0.3643660464,0.7272719782,0.4828764344,0.6764711057
4772,1.0,0.0,0.0,0.0,1.0,1.0,0.2018105245,0.2311634357,0.375000054,0.7460304946,0.4863945503,0.6985294234
4773,1.0,0.0,0.0,0.0,1.0,1.0,0.2005303892,0.2285414863,0.3739966816,0.735999596,0.4846415191,0.6791036897
4774,1.0,0.0,0.0,0.0,1.0,1.0,0.2018257617,0.2327467908,0.3764135896,0.7199997253,0.4863016013,0.6838232161
4775,1.0,0.0,0.0,0.0,1.0,1.0,0.2107447677,0.2380427792,0.3753992913,0.7196968203,0.4932433224,0.6737582542
4776,1.0,0.0,0.0,0.0,1.0,1.0,0.2053869896,0.2337676182,0.3770227354,0.7244086175,0.488135469,0.6666666667
4777,1.0,0.0,0.0,0.0,1.0,1.0,0.2031387388,0.2276125112,0.375609615,0.7279995139,0.4828765292,0.6842107839
4778,1.0,0.0,0.0,0.0,1.0,1.0,0.1966380038,0.2268356121,0.377235885,0.7107434766,0.4914673829,0.676691925
4779,1.0,0.0,0.0,0.0,1.0,1.0,0.2038015687,0.2294638792,0.3784664954,0.7119994165,0.4897960464,0.674072752
4780,1.0,0.0,0.0,0.0,1.0,1.0,0.2015137825,0.2353637249,0.3739836581,0.7177422883,0.4812285691,0.6739127358
4781,1.0,0.0,0.0,0.0,1.0,1.0,0.2018417918,0.2268359694,0.366449542,0.725806592,0.4846417287,0.6842099285
4782,1.0,0.0,0.0,0.0,1.0,1.0,0.1976020741,0.2302471469,0.3758169773,0.7190069799,0.4880544766,0.688888284
4783,1.0,0.0,0.0,0.0,1.0,1.0,0.2139329618,0.2294637061,0.3676470224,0.7099239673,0.4727888625,0.6740740979
4784,1.0,0.0,0.0,0.0,1.0,1.0,0.1910696335,0.2276128816,0.3300654632,0.7350429253,0.4452053039,0.6766922816
4785,1.0,0.0,0.0,0.0,1.0,1.0,0.1975831701,0.2259012301,0.3311368108,0.7416670773,0.4417807962,0.6969698478
4786,1.0,0.0,0.0,0.0,1.0,1.0,0.1946540046,0.2262249687,0.3338789048,0.7142851916,0.4493243206,0.6791047929
4787,1.0,0.0,0.0,0.0,1.0,1.0,0.2028570435,0.2269917104,0.330033042,0.7235771928,0.4508476008,0.6791046346
4788,1.0,0.0,0.0,0.0,1.0,1.0,0.2005407915,0.2279132933,0.3246328822,0.6991871206,0.4425675293,0.6518520418
4789,1.0,0.0,0.0,0.0,1.0,1.0,0.199888059,0.2237808694,0.3262295739,0.704918207,0.4478115409,0.6541351917
4790,1.0,0.0,0.0,0.0,1.0,1.0,0.1926437088,0.2209649741,0.3294892894,0.7008542443,0.4489794423,0.6692316108
4791,1.0,0.0,0.0,0.0,1.0,1.0,0.1913125308,0.2202159675,0.3250824304,0.6810350615,0.4474575116,0.6538467299
4792,1.0,0.0,0.0,0.0,1.0,1.0,0.198236228,0.2168280891,0.3289256984,0.6916670708,0.4508473079,0.6640624605
4793,1.0,0.0,0.0,0.0,1.0,1.0,0.1962599723,0.2144073632,0.3432343731,0.6806718568,0.4628381128,0.6614165723
4794,1.0,0.0,0.0,0.0,1.0,1.0,0.1880138976,0.2127192312,0.336633725,0.7017544523,0.4594594201,0.6507941939
4795,1.0,0.0,0.0,0.0,1.0,1.0,0.1823194914,0.2131916483,0.3316749835,0.7272723739,0.4470989226,0.6800002053
4796,1.0,0.0,0.0,0.0,1.0,1.0,0.137047435,0.2009186005,0.3662207827,0.7317074448,0.4742265761,0.6666672783
4797,1.0,0.0,0.0,0.0,1.0,1.0,0.04527109887,0.1701556497,0.4303134903,0.8461563478,0.4946236885,0.5894744572
4798,1.0,0.0,0.0,0.0,1.0,1.0,0.03023212376,0.1846796137,0.4555160781,0.7647066099,0.5072466637,0.5294110371
4799,1.0,0.0,0.0,0.0,1.0,1.0,0.05426037565,0.1725014851,0.4378283985,0.7419337205,0.4982206808,0.5876305319
4800,1.0,0.0,0.0,0.0,1.0,1.0,0.07967825378,0.1712824878,0.4315424761,0.7826099085,0.5053002386,0.6804114165
4801,1.0,0.0,0.0,0.0,1.0,1.0,0.1468773373,0.2030116285,0.3783784584,0.7241380995,0.4861111982,0.6752144205
4802,1.0,0.0,0.0,0.0,1.0,1.0,0.1764692461,0.2168281721,0.3778878486,0.7196259434,0.4983050108,0.6796875131
4803,1.0,0.0,0.0,0.0,1.0,1.0,0.2008762931,0.2236041053,0.375617743,0.7131145944,0.4949152021,0.6893926622
4804,1.0,0.0,0.0,0.0,1.0,1.0,0.1975643239,0.2266774798,0.3621261646,0.7226895768,0.4742267927,0.696969697
4805,1.0,0.0,0.0,0.0,1.0,1.0,0.2064962304,0.2260642243,0.3752066515,0.6960009904,0.4897959556,0.6766922639
4806,1.0,0.0,0.0,0.0,1.0,1.0,0.1985646076,0.2224783125,0.3758278594,0.7166664868,0.4897260717,0.6846148736
4807,1.0,0.0,0.0,0.0,1.0,1.0,0.1906067514,0.220566476,0.3747926792,0.7391291228,0.4827584918,0.6874993646
4808,1.0,0.0,0.0,0.0,1.0,1.0,0.1942434469,0.2171203939,0.3803987166,0.7350428773,0.4896554373,0.6825398189
4809,1.0,0.0,0.0,0.0,1.0,1.0,0.2055237521,0.2249604927,0.3747927523,0.7177415575,0.4914089372,0.67938846
4810,1.0,0.0,0.0,0.0,1.0,1.0,0.196885187,0.2238334488,0.3789649386,0.728814648,0.4930554363,0.6899220505
4811,1.0,0.0,0.0,0.0,1.0,1.0,0.2091854857,0.2247880294,0.3687707317,0.7142857143,0.4844288919,0.6769242905
4812,1.0,0.0,0.0,0.0,1.0,1.0,0.2136966337,0.2291824318,0.3684211375,0.7076927204,0.4793102114,0.6691726859
4813,1.0,0.0,0.0,0.0,1.0,1.0,0.2048441728,0.2257360088,0.3586776713,0.7177426062,0.4724140421,0.6641227384
4814,1.0,0.0,0.0,0.0,1.0,1.0,0.2098825197,0.2314496175,0.3533333548,0.7142852261,0.4701755379,0.6666666667
4815,1.0,0.0,0.0,0.0,1.0,1.0,0.2094539156,0.2280955897,0.3828383185,0.7086609086,0.4878050248,0.6717555239
4816,1.0,0.0,0.0,0.0,1.0,1.0,0.2164080594,0.229836877,0.371900853,0.702290643,0.4808361727,0.6515141346
4817,1.0,0.0,0.0,0.0,1.0,1.0,0.2145140411,0.2327467993,0.378861716,0.727272427,0.4965751623,0.6838239891
4818,1.0,0.0,0.0,0.0,1.0,1.0,0.2154391146,0.2377981997,0.3598055534,0.7218050531,0.4724138759,0.6811606327
4819,1.0,0.0,0.0,0.0,1.0,1.0,0.2105795393,0.2369810373,0.3808752473,0.7230764864,0.4948452724,0.6884065152
4820,1.0,0.0,0.0,0.0,1.0,1.0,0.09178546785,0.1962540156,0.4030612452,0.870370954,0.4909091261,0.7222237543
4821,1.0,0.0,0.0,0.0,1.0,1.0,0.07701165907,0.2006177629,0.4349314464,0.8666676215,0.5072994445,0.6636360618
4822,1.0,0.0,0.0,0.0,1.0,1.0,0.07384220818,0.2002556431,0.4278350454,0.7906974416,0.4999998023,0.6422011103
4823,1.0,0.0,0.0,0.0,1.0,1.0,0.08868763635,0.2002557408,0.3976109086,0.7884619341,0.4889704408,0.6697242304
4824,1.0,0.0,0.0,0.0,1.0,1.0,0.1164890323,0.2139092305,0.4121622102,0.811594157,0.5035970658,0.6974799639
4825,1.0,0.0,0.0,0.0,1.0,1.0,0.1323762259,0.2230897169,0.4039735099,0.7625016808,0.5035714775,0.6799995785
4826,1.0,0.0,0.0,0.0,1.0,1.0,0.09269696798,0.2031241979,0.4148396684,0.8181828829,0.5071940849,0.6725662035
4827,1.0,0.0,0.0,0.0,1.0,1.0,0.09070305437,0.2050138932,0.4195205378,0.8113186002,0.4908425213,0.696428985
4828,1.0,0.0,0.0,0.0,1.0,1.0,0.02598209436,0.2302086885,0.4332756159,0.8666637884,0.4831459721,0.5040646982
4829,1.0,0.0,0.0,0.0,1.0,1.0,0.04142739283,0.2200261211,0.4525043599,0.7083362939,0.5074627162,0.5338975397
4830,1.0,0.0,0.0,0.0,1.0,1.0,0.03107064196,0.2171072208,0.4473228831,0.7777804053,0.4943820538,0.5258626067
4831,1.0,0.0,0.0,0.0,1.0,1.0,0.03039438663,0.2710022479,0.4704829628,0.6470595544,0.5153845498,0.4255318193
4832,1.0,0.0,0.0,0.0,1.0,1.0,0.05858175551,0.2786905215,0.4831260059,0.4848477191,0.5346155865,0.372414745
4833,1.0,0.0,0.0,0.0,1.0,1.0,0.05483670279,0.2717114664,0.4831859067,0.5161323378,0.532319078,0.3706286561
4834,1.0,0.0,0.0,0.0,1.0,1.0,0.0470941742,0.2686468927,0.4677138742,0.4074091646,0.5225561995,0.3706298196
4835,1.0,0.0,0.0,0.0,1.0,1.0,0.04391235766,0.264889419,0.4657293544,0.5200051273,0.5150375185,0.3900710617
4836,1.0,0.0,0.0,0.0,1.0,1.0,0.02096721246,0.2442242931,0.4685314191,0.3333215059,0.5187969444,0.4307686765
4837,1.0,0.0,0.0,0.0,1.0,1.0,0.02251797798,0.2498603592,0.4731368802,0.3076858856,0.5223878664,0.3955218682
4838,1.0,0.0,0.0,0.0,1.0,1.0,0.02243993949,0.2442665374,0.4732296108,0.3077049965,0.5261194627,0.396946115
4839,1.0,0.0,0.0,0.0,1.0,1.0,0.02766632064,0.2452160768,0.4619376998,0.3125050641,0.5130110107,0.3939401876
4840,1.0,0.0,0.0,0.0,1.0,1.0,0.03279674881,0.2359277505,0.4766838801,0.0,0.5167286335,0.3779539793
4841,1.0,0.0,0.0,0.0,1.0,1.0,0.03405269431,0.2223024051,0.4616694605,0.05000761648,0.5110293824,0.3719014656
4842,1.0,0.0,0.0,0.0,1.0,1.0,0.0360624927,0.2340698982,0.4639175524,0.09523614342,0.5130112787,0.380951649
4843,1.0,0.0,0.0,0.0,1.0,1.0,0.04441973068,0.2086746265,0.4564103862,0.3461532062,0.5018315801,0.4122801192
4844,1.0,0.0,0.0,0.0,1.0,1.0,0.05920038801,0.204346983,0.4651567371,0.2647107428,0.505576344,0.3636365422
4845,1.0,0.0,0.0,0.0,1.0,1.0,0.0545468982,0.2104086979,0.4471830284,0.2580633778,0.4962403605,0.3928577708
4846,1.0,0.0,0.0,0.0,1.0,1.0,0.0660501447,0.2096207007,0.4243479035,0.3421049632,0.4831461038,0.4107143202
4847,1.0,0.0,0.0,0.0,1.0,1.0,0.07821725607,0.1972582009,0.422608619,0.4222251925,0.473684338,0.4380954719
4848,1.0,0.0,0.0,0.0,1.0,1.0,0.09633177204,0.1980378925,0.4302926861,0.5892855065,0.4962964809,0.4953260027
4849,1.0,0.0,0.0,0.0,1.0,1.0,0.09054756954,0.1910698075,0.4376069286,0.5471675611,0.5036765987,0.4807683038
4850,1.0,0.0,0.0,0.0,1.0,1.0,0.09348529673,0.1936187777,0.4132653165,0.5818186139,0.4833949629,0.4857152342
4851,1.0,0.0,0.0,0.0,1.0,1.0,0.09649794268,0.1909045014,0.4206896863,0.5178563078,0.4868915387,0.4509815249
4852,1.0,0.0,0.0,0.0,1.0,1.0,0.1083732098,0.1827335554,0.4268501993,0.6666678288,0.4962684703,0.5306129768
4853,1.0,0.0,0.0,0.0,1.0,1.0,0.1514308019,0.1708137273,0.4343434817,0.8888888889,0.5236362827,0.7340421751
4854,1.0,0.0,0.0,0.0,1.0,1.0,0.1645943002,0.1818840336,0.4414260898,0.9381431936,0.5294117175,0.757575624
4855,1.0,0.0,0.0,0.0,1.0,1.0,0.2176339919,0.1909649013,0.4221105603,0.8846153187,0.5321428927,0.7570101828
4856,1.0,0.0,0.0,0.0,1.0,1.0,0.1764719405,0.1751788082,0.4295415064,0.903846887,0.5239851559,0.7368439359
4857,1.0,0.0,0.0,0.0,1.0,1.0,0.1570798479,0.1949671279,0.4317788993,0.7692318635,0.4962120934,0.5922332334
4858,1.0,0.0,0.0,0.0,1.0,1.0,0.1604689857,0.2021774668,0.4223386511,0.7500011733,0.4961832564,0.5754720055
4859,1.0,0.0,0.0,0.0,1.0,1.0,0.1548190551,0.1968596657,0.4096384462,0.7111097712,0.4848482732,0.5576927492
4860,1.0,0.0,0.0,0.0,1.0,1.0,0.1596330053,0.2021772118,0.4131944641,0.7391306408,0.4923666629,0.6037741281
4861,1.0,0.0,0.0,0.0,1.0,1.0,0.1694858424,0.196801143,0.4195805208,0.7113400919,0.4903475176,0.5784302973
4862,1.0,0.0,0.0,0.0,1.0,1.0,0.1746429869,0.197966017,0.427335621,0.6633670159,0.5038463379,0.5631075922
4863,1.0,0.0,0.0,0.0,1.0,1.0,0.1804546513,0.2037324124,0.4166666357,0.7211533317,0.4923076733,0.5943385179
4864,1.0,0.0,0.0,0.0,1.0,1.0,0.1750336499,0.2147238242,0.4133100652,0.69,0.4960938476,0.5727272727
4865,1.0,0.0,0.0,0.0,1.0,1.0,0.1998885559,0.2046104662,0.4548672432,0.7345128716,0.5236221153,0.6346146714
4866,1.0,0.0,0.0,0.0,1.0,1.0,0.2134227536,0.1914642517,0.4149305984,0.8292684636,0.509578307,0.7299985134
4867,1.0,0.0,0.0,0.0,1.0,1.0,0.2134224929,0.1991225059,0.4236111464,0.8617885606,0.5172412934,0.7692315709
4868,1.0,0.0,0.0,0.0,1.0,1.0,0.2116871615,0.2002696356,0.4079862063,0.8606557377,0.5076334613,0.7523809524
4869,1.0,0.0,0.0,0.0,1.0,1.0,0.2074312781,0.2033083747,0.4150942833,0.8016532048,0.509505911,0.6822439032
4870,1.0,0.0,0.0,0.0,1.0,1.0,0.2063691235,0.2122876256,0.4180887563,0.8512392517,0.5075186936,0.7079649952
4871,1.0,0.0,0.0,0.0,1.0,1.0,0.1995443124,0.2052088397,0.4113597569,0.853449453,0.4980986447,0.72222143
4872,1.0,0.0,0.0,0.0,1.0,1.0,0.1880485266,0.2067813148,0.4181184912,0.8703688139,0.5057470979,0.7037041484
4873,1.0,0.0,0.0,0.0,1.0,1.0,0.1880306306,0.2021342922,0.4033898071,0.9008997215,0.4943819993,0.7314802357
4874,1.0,0.0,0.0,0.0,1.0,1.0,0.1789541808,0.2069738047,0.3868243982,0.9339620288,0.4813434124,0.7297293541
4875,1.0,0.0,0.0,0.0,1.0,1.0,0.1750723171,0.2021342238,0.4013605849,0.9223313824,0.4906368382,0.7500005091
4876,1.0,0.0,0.0,0.0,1.0,1.0,0.1617495808,0.2088383839,0.4122658444,0.957892644,0.4999997952,0.7053568277
4877,1.0,0.0,0.0,0.0,1.0,1.0,0.16800219,0.2028945305,0.4099485491,0.9489796829,0.4849622824,0.7592589217
4878,1.0,0.0,0.0,0.0,1.0,1.0,0.16351477,0.2082169514,0.4123539937,0.9285706159,0.5072465699,0.721739063
4879,1.0,0.0,0.0,0.0,1.0,1.0,0.1469264345,0.2133639316,0.4102564054,0.9418601938,0.4868911794,0.692981135
4880,1.0,0.0,0.0,0.0,1.0,1.0,0.1364423053,0.2210664439,0.4112627915,0.912502162,0.4907063952,0.6470593751
4881,1.0,0.0,0.0,0.0,1.0,1.0,0.1323537573,0.233325809,0.4278438228,0.8846162563,0.5110295162,0.598424594
4882,1.0,0.0,0.0,0.0,1.0,1.0,0.137854148,0.2198018825,0.4293104651,0.8875016544,0.4924810846,0.6410266079
4883,1.0,0.0,0.0,0.0,1.0,1.0,0.1490397001,0.1995082812,0.4122806699,0.9411767721,0.471482586,0.723809425
4884,1.0,0.0,0.0,0.0,1.0,1.0,0.1998882728,0.2262889493,0.4034481477,0.8534483572,0.4716980353,0.7083335614
4885,1.0,0.0,0.0,0.0,1.0,1.0,0.2857935775,0.2597828594,0.3745820257,0.748537778,0.4801443627,0.6805552154
4886,1.0,0.0,0.0,0.0,1.0,1.0,0.3287419129,0.2959340894,0.3785123631,0.7035174659,0.4858155904,0.6886226678
4887,1.0,0.0,0.0,0.0,1.0,1.0,0.355321135,0.3296401898,0.3701299082,0.6621012526,0.4771929838,0.664894058
4888,1.0,0.0,0.0,0.0,1.0,1.0,0.370524891,0.3360191718,0.3886177732,0.6710522791,0.5034483484,0.676922256
4889,1.0,0.0,0.0,0.0,1.0,1.0,0.3588978134,0.3274623744,0.384863063,0.6636773919,0.4948805394,0.6770832094
4890,1.0,0.0,0.0,0.0,1.0,1.0,0.351241347,0.337099754,0.3817891615,0.631818009,0.4915251706,0.6633167313
4891,1.0,0.0,0.0,0.0,1.0,1.0,0.3352965008,0.3382989227,0.3790322651,0.6153850972,0.4810997627,0.6497456166
4892,1.0,0.0,0.0,0.0,1.0,1.0,0.3079006679,0.3164320888,0.3887974211,0.6042775659,0.4844292813,0.6338796972
4893,1.0,0.0,0.0,0.0,1.0,1.0,0.2832295734,0.2960675179,0.3973941811,0.6149426077,0.5034245519,0.6242778994
4894,1.0,0.0,0.0,0.0,1.0,1.0,0.2523674729,0.2764414791,0.392976552,0.6423837602,0.4929078992,0.647436414
4895,1.0,0.0,0.0,0.0,1.0,1.0,0.2402022513,0.2640372366,0.3882353646,0.6503495273,0.4858156701,0.6375833352
4896,1.0,0.0,0.0,0.0,1.0,1.0,0.2138023941,0.2596412408,0.4193549657,0.6507946606,0.5266904809,0.6575346622
4897,1.0,0.0,0.0,0.0,1.0,1.0,0.1862206703,0.2480754326,0.4153845343,0.6422014232,0.5107142667,0.6474821905
4898,1.0,0.0,0.0,0.0,1.0,1.0,0.04082973717,0.2413746794,0.4476020946,0.8260873479,0.5056604216,0.5468756571
4899,1.0,0.0,0.0,0.0,1.0,1.0,0.04283355477,0.2385032013,0.4517857274,0.8749978235,0.5113635105,0.5793662244
4900,1.0,0.0,0.0,0.0,1.0,1.0,0.1781688985,0.2480760362,0.4244481445,0.6380953151,0.5142857792,0.6474816737
4901,1.0,0.0,0.0,0.0,1.0,1.0,0.224500086,0.2621775751,0.4059900274,0.6592595639,0.5070424123,0.6577181785
4902,1.0,0.0,0.0,0.0,1.0,1.0,0.240729209,0.2603443823,0.4003322559,0.6689665202,0.5,0.6577180441
4903,1.0,0.0,0.0,0.0,1.0,1.0,0.2580796099,0.2791544509,0.3980262973,0.6496815462,0.5034480287,0.6419762166
4904,1.0,0.0,0.0,0.0,1.0,1.0,0.2519054432,0.2791541648,0.4075286498,0.6493513119,0.5241379184,0.6419755514
4905,1.0,0.0,0.0,0.0,1.0,1.0,0.2612174773,0.286781191,0.4058442193,0.6397521693,0.512027587,0.658682303
4906,1.0,0.0,0.0,0.0,1.0,1.0,0.2600836888,0.2801203724,0.4026186595,0.6540881776,0.5121107023,0.6543220015
4907,1.0,0.0,0.0,0.0,1.0,1.0,0.2669521194,0.2946629671,0.403908884,0.6524384877,0.5103450168,0.6491227199
4908,1.0,0.0,0.0,0.0,1.0,1.0,0.2633554116,0.2949742255,0.4124385711,0.6397515123,0.5208331208,0.6411760201
4909,1.0,0.0,0.0,0.0,1.0,1.0,0.2605100855,0.2890372412,0.4065573079,0.641508736,0.5087108702,0.6385545828
4910,1.0,0.0,0.0,0.0,1.0,1.0,0.2625791034,0.2862984395,0.4055829803,0.6499997373,0.5138888231,0.6363644468
4911,1.0,0.0,0.0,0.0,1.0,1.0,0.2477955249,0.2698840298,0.4132231051,0.6733338407,0.5226482055,0.6580643138
4912,1.0,0.0,0.0,0.0,1.0,1.0,0.2494500662,0.2680164428,0.4105089629,0.6842112588,0.5190311343,0.6516125686
4913,1.0,0.0,0.0,0.0,1.0,1.0,0.2408491076,0.2662873606,0.4147541922,0.6666671497,0.522491324,0.6558435541
4914,1.0,0.0,0.0,0.0,1.0,1.0,0.2564356335,0.274932765,0.4177632283,0.6602565143,0.5190311444,0.6415098344
4915,1.0,0.0,0.0,0.0,1.0,1.0,0.2213640386,0.2585363278,0.4181818374,0.6716417436,0.5312498038,0.6577186864
4916,1.0,0.0,0.0,0.0,1.0,1.0,0.151378399,0.2462391301,0.4406196035,0.6931812225,0.5326085058,0.6911772415
4917,1.0,0.0,0.0,0.0,1.0,1.0,0.03201050157,0.2461033069,0.4697508317,0.8333411826,0.5187971721,0.5572522418
4918,1.0,0.0,0.0,0.0,1.0,1.0,0.04979427518,0.2312139505,0.4875445987,0.75,0.544775969,0.6048398401
4919,1.0,0.0,0.0,0.0,1.0,1.0,0.1643149721,0.2373672846,0.4152541941,0.6907227489,0.5071431505,0.6616544337
4920,1.0,0.0,0.0,0.0,1.0,1.0,0.2071808889,0.2516077497,0.4029850981,0.6879995268,0.5069931851,0.6597219573
4921,1.0,0.0,0.0,0.0,1.0,1.0,0.2142831129,0.2490075028,0.3944354185,0.6717566492,0.5051195665,0.6575340631
4922,1.0,0.0,0.0,0.0,1.0,1.0,0.2197118025,0.2533067085,0.4082645467,0.6466175986,0.513793,0.6462590406
4923,1.0,0.0,0.0,0.0,1.0,1.0,0.2111035411,0.2472847247,0.3960395553,0.6718741802,0.5085910704,0.6597228073
4924,1.0,0.0,0.0,0.0,1.0,1.0,0.2131041022,0.2472844929,0.3950412566,0.6666666667,0.5085910537,0.6527776938
4925,1.0,0.0,0.0,0.0,1.0,1.0,0.2028570247,0.2378808746,0.3943894304,0.6585371018,0.5068493914,0.6546763264
4926,1.0,0.0,0.0,0.0,1.0,1.0,0.2064961516,0.236262497,0.3966943352,0.6719995962,0.5068028418,0.661870346
4927,1.0,0.0,0.0,0.0,1.0,1.0,0.2038661489,0.2361695331,0.3980100165,0.6504062901,0.5102740927,0.637681318
4928,1.0,0.0,0.0,0.0,1.0,1.0,0.2031922862,0.2353635113,0.4000000535,0.658536671,0.5085324194,0.6521745934
4929,1.0,0.0,0.0,0.0,1.0,1.0,0.2038662329,0.237798267,0.3946932728,0.66666725,0.5000001855,0.6521747269
4930,1.0,0.0,0.0,0.0,1.0,1.0,0.2270705614,0.2636461602,0.3930348329,0.6277379345,0.4999998153,0.6339869098
4931,1.0,0.0,0.0,0.0,1.0,1.0,0.2231924427,0.2532832306,0.3891625153,0.6691169231,0.496575121,0.6554062928
4932,1.0,0.0,0.0,0.0,1.0,1.0,0.2202443273,0.2559975977,0.3923205965,0.6742435434,0.4877190101,0.6575337096
4933,1.0,0.0,0.0,0.0,1.0,1.0,0.226540327,0.2568989825,0.4016666005,0.6617649115,0.5,0.6506843962
4934,1.0,0.0,0.0,0.0,1.0,1.0,0.230255324,0.2577507989,0.397328878,0.6666666667,0.5017544804,0.6530619544
4935,1.0,0.0,0.0,0.0,1.0,1.0,0.2256266919,0.2578066316,0.3946488027,0.6740740395,0.4876322352,0.657534286
4936,1.0,0.0,0.0,0.0,1.0,1.0,0.2301237301,0.2613383013,0.3983192866,0.6788318806,0.4946995716,0.6554065717
4937,1.0,0.0,0.0,0.0,1.0,1.0,0.2332029432,0.2665177885,0.3983333743,0.6857150579,0.501754214,0.6644747487
4938,1.0,0.0,0.0,0.0,1.0,1.0,0.246979024,0.2724173321,0.4036242963,0.6866661566,0.5104166705,0.6496810631
4939,1.0,0.0,0.0,0.0,1.0,1.0,0.2419873423,0.277230488,0.3897180624,0.6849309719,0.4876327513,0.6496811603
4940,1.0,0.0,0.0,0.0,1.0,1.0,0.2452720857,0.2746691898,0.3889815417,0.6734696228,0.4822695355,0.6516129825
4941,1.0,0.0,0.0,0.0,1.0,1.0,0.245302762,0.2727353027,0.3980099386,0.682432816,0.4964786364,0.6580650145
4942,1.0,0.0,0.0,0.0,1.0,1.0,0.1985308645,0.2651945844,0.4006790256,0.6837606226,0.4909745779,0.6462585615
4943,1.0,0.0,0.0,0.0,1.0,1.0,0.02855565182,0.248910166,0.4749999625,0.8124909624,0.5171100337,0.5419851741
4944,1.0,0.0,0.0,0.0,1.0,1.0,0.03229797235,0.2403235932,0.4847396429,0.6111130836,0.522900799,0.5317449583
4945,1.0,0.0,0.0,0.0,1.0,1.0,0.07487084248,0.2183967098,0.4668989065,0.7906977876,0.5259259661,0.6779659214
4946,1.0,0.0,0.0,0.0,1.0,1.0,0.1888579177,0.2605689133,0.3979932717,0.7079634186,0.4964288443,0.6643829415
4947,1.0,0.0,0.0,0.0,1.0,1.0,0.2077398853,0.2629195388,0.3977086529,0.7007866095,0.505226464,0.655628971
4948,1.0,0.0,0.0,0.0,1.0,1.0,0.230263652,0.2673333593,0.3937908927,0.6737587583,0.5000001858,0.64705866
4949,1.0,0.0,0.0,0.0,1.0,1.0,0.2290046824,0.2655859479,0.3829788048,0.69285762,0.4860137393,0.6381583087
4950,1.0,0.0,0.0,0.0,1.0,1.0,0.2362315189,0.2684010413,0.3900825915,0.6853144991,0.498233007,0.651316055
4951,1.0,0.0,0.0,0.0,1.0,1.0,0.2388193236,0.2708278451,0.3993452502,0.7054787269,0.5069931803,0.6645158999
4952,1.0,0.0,0.0,0.0,1.0,1.0,0.2465727771,0.2646604396,0.4013157489,0.6933331045,0.5052265056,0.6447370278
4953,1.0,0.0,0.0,0.0,1.0,1.0,0.2474030692,0.2698840256,0.395081871,0.6887414795,0.5087106634,0.6580645073
4954,1.0,0.0,0.0,0.0,1.0,1.0,0.249452987,0.281311472,0.3915171737,0.6928095133,0.5,0.652174029
4955,1.0,0.0,0.0,0.0,1.0,1.0,0.2445618103,0.2813115104,0.3964110359,0.6933333144,0.5069928987,0.6521735093
4956,1.0,0.0,0.0,0.0,1.0,1.0,0.2563926586,0.2803310868,0.3921568358,0.6815292003,0.4982578333,0.6583856615
4957,1.0,0.0,0.0,0.0,1.0,1.0,0.2535168375,0.2828280278,0.3983739433,0.6794873182,0.5173611759,0.6441709615
4958,1.0,0.0,0.0,0.0,1.0,1.0,0.2648929116,0.2848057594,0.3918698503,0.6625762991,0.5000001838,0.638036208
4959,1.0,0.0,0.0,0.0,1.0,1.0,0.2636964078,0.2855549192,0.3925081528,0.679011943,0.5052267053,0.6463411333
4960,1.0,0.0,0.0,0.0,1.0,1.0,0.2551764458,0.2848059634,0.3944352704,0.6730773678,0.5104895649,0.6380371612
4961,1.0,0.0,0.0,0.0,1.0,1.0,0.2691435992,0.2840518274,0.3957307184,0.6768294574,0.5017545163,0.6481484146
4962,1.0,0.0,0.0,0.0,1.0,1.0,0.2658610817,0.2840514984,0.3957307926,0.6790127483,0.5052629785,0.6481477616
4963,1.0,0.0,0.0,0.0,1.0,1.0,0.2461436845,0.2853017346,0.3966942941,0.6845632024,0.503546144,0.6521741956
4964,1.0,0.0,0.0,0.0,1.0,1.0,0.1804784822,0.2608031877,0.3969335507,0.7075473379,0.4890509357,0.6643354284
4965,1.0,0.0,0.0,0.0,1.0,1.0,0.04853425679,0.2375098292,0.4712229284,0.7407401716,0.5285170638,0.6
4966,1.0,0.0,0.0,0.0,1.0,1.0,0.03575829054,0.242288979,0.472271929,0.79999583,0.5340910167,0.5546875255
4967,1.0,0.0,0.0,0.0,1.0,1.0,0.07403295096,0.2183966545,0.469135829,0.714287881,0.537037088,0.6610162782
4968,1.0,0.0,0.0,0.0,1.0,1.0,0.1654594112,0.2542749907,0.3879599359,0.7272729247,0.4911659811,0.6666671645
4969,1.0,0.0,0.0,0.0,1.0,1.0,0.2071212069,0.2637415502,0.3881578837,0.6746040639,0.4999998144,0.6578942183
4970,1.0,0.0,0.0,0.0,1.0,1.0,0.1955064202,0.2480885312,0.3760539027,0.7155170698,0.482269588,0.678571268
4971,1.0,0.0,0.0,0.0,1.0,1.0,0.198208693,0.2445814965,0.3697479267,0.7033890884,0.4683098069,0.6690648574
4972,1.0,0.0,0.0,0.0,1.0,1.0,0.1941482614,0.2383829559,0.3817567324,0.6956523353,0.4805652938,0.6666666667
4973,1.0,0.0,0.0,0.0,1.0,1.0,0.2025446224,0.2377981002,0.3737541718,0.6803287441,0.4827587239,0.6594203469
4974,1.0,0.0,0.0,0.0,1.0,1.0,0.2049275723,0.2368918036,0.3764706042,0.6721314375,0.4775088196,0.6350374275
4975,1.0,0.0,0.0,0.0,1.0,1.0,0.2058651746,0.2353635962,0.3787375039,0.6532259463,0.4880544298,0.6376804369
4976,1.0,0.0,0.0,0.0,1.0,1.0,0.2012413369,0.2291826686,0.3773265869,0.6638654387,0.4827587629,0.6466163323
4977,1.0,0.0,0.0,0.0,1.0,1.0,0.1982226655,0.2260640148,0.3816666565,0.6638649589,0.496598523,0.6315786875
4978,1.0,0.0,0.0,0.0,1.0,1.0,0.2105846645,0.2312900052,0.3729096434,0.6507927975,0.4831082115,0.6496342333
4979,1.0,0.0,0.0,0.0,1.0,1.0,0.215238758,0.2406064882,0.3756261774,0.6434113914,0.481481536,0.6433569107
4980,1.0,0.0,0.0,0.0,1.0,1.0,0.2189409507,0.2356544059,0.372909683,0.6412217678,0.4782606637,0.6453900819
4981,1.0,0.0,0.0,0.0,1.0,1.0,0.220797327,0.2447955691,0.367364034,0.6363636364,0.4763513748,0.6482758415
4982,1.0,0.0,0.0,0.0,1.0,1.0,0.2230299774,0.2406683004,0.3674496008,0.6390974253,0.4782606487,0.6527788874
4983,1.0,0.0,0.0,0.0,1.0,1.0,0.222466896,0.2382773312,0.3704318854,0.6567159811,0.4867551209,0.6527776727
4984,1.0,0.0,0.0,0.0,1.0,1.0,0.2195111502,0.2348689905,0.3693844231,0.643939356,0.48666652,0.652481749
4985,1.0,0.0,0.0,0.0,1.0,1.0,0.2228372878,0.2357488553,0.3560732601,0.6417908017,0.4784052049,0.6478871508
4986,1.0,0.0,0.0,0.0,1.0,1.0,0.2228374587,0.2406684795,0.3627287542,0.649254446,0.4782607115,0.6527779875
4987,1.0,0.0,0.0,0.0,1.0,1.0,0.2211743489,0.2415317259,0.3660565091,0.6541355099,0.4833334777,0.6551725684
4988,1.0,0.0,0.0,0.0,1.0,1.0,0.2178485251,0.2340883937,0.3693843768,0.6488555181,0.4850497621,0.652481964
4989,1.0,0.0,0.0,0.0,1.0,1.0,0.2220985201,0.2348688348,0.3565504846,0.6567162232,0.4666667395,0.6453904007
4990,1.0,0.0,0.0,0.0,1.0,1.0,0.2161855887,0.2315371737,0.3544093769,0.653845506,0.4666667883,0.6618702543
4991,1.0,0.0,0.0,0.0,1.0,1.0,0.2197122239,0.2365345341,0.3586776485,0.6541344037,0.4666668116,0.6549291999
4992,1.0,0.0,0.0,0.0,1.0,1.0,0.2174864674,0.2397987895,0.3571429025,0.6488548219,0.4630873048,0.6433571772
4993,1.0,0.0,0.0,0.0,1.0,1.0,0.2213638655,0.2366227264,0.3619834687,0.6417909232,0.4701985727,0.6573426147
4994,1.0,0.0,0.0,0.0,1.0,1.0,0.2272205878,0.2382004601,0.3476111639,0.6449273887,0.4600001656,0.6643357066
4995,1.0,0.0,0.0,0.0,1.0,1.0,0.2266947677,0.2365346555,0.3476821303,0.6423353592,0.4633333418,0.6549291226
4996,1.0,0.0,0.0,0.0,1.0,1.0,0.2303854488,0.2348687,0.348258647,0.6546765934,0.4666668341,0.6595746631
4997,1.0,0.0,0.0,0.0,1.0,1.0,0.2303852396,0.2382005119,0.3482586586,0.6618709979,0.45666661,0.657342116
4998,1.0,0.0,0.0,0.0,1.0,1.0,0.2273689235,0.2399975649,0.3797054566,0.647482726,0.4934207768,0.6643827606
4999,1.0,0.0,0.0,0.0,1.0,1.0,0.2139330271,0.2341926277,0.3856208973,0.6564879939,0.5016503413,0.6690133035
5000,1.0,0.0,0.0,0.0,1.0,1.0,0.2410229309,0.253126714,0.369774987,0.6600003863,0.4934641367,0.6709682893
5001,1.0,0.0,0.0,0.0,1.0,1.0,0.2364098308,0.2432853271,0.3703099441,0.675861726,0.4901316983,0.6756758353
5002,1.0,0.0,0.0,0.0,1.0,1.0,0.2334223825,0.2414760372,0.3799341524,0.676056338,0.4899330255,0.6805555556
5003,1.0,0.0,0.0,0.0,1.0,1.0,0.2272206929,0.2405434177,0.3739703451,0.6811590802,0.4881357308,0.6901418301
5004,1.0,0.0,0.0,0.0,1.0,1.0,0.2296241251,0.239662007,0.3719007863,0.6906475722,0.4863946006,0.6879436897
5005,1.0,0.0,0.0,0.0,1.0,1.0,0.2274477078,0.2361693433,0.3687707416,0.7007290903,0.4760273771,0.6811599625
5006,1.0,0.0,0.0,0.0,1.0,1.0,0.2198771525,0.2326287356,0.3750000112,0.7045447513,0.4827585696,0.6888894197
5007,1.0,0.0,0.0,0.0,1.0,1.0,0.1850817501,0.2168929789,0.3838382794,0.7090919336,0.4895832329,0.6719997948
5008,1.0,0.0,0.0,0.0,1.0,1.0,0.07852727875,0.1782095367,0.4571428141,0.7727261825,0.518382199,0.6804123711
5009,1.0,0.0,0.0,0.0,1.0,1.0,0.05138968086,0.1830479461,0.4450353267,0.7586199424,0.4945054018,0.5800013408
5010,1.0,0.0,0.0,0.0,1.0,1.0,0.07701487966,0.175084667,0.4343257107,0.7045451279,0.4963501601,0.6562510979
5011,1.0,0.0,0.0,0.0,1.0,1.0,0.1582593627,0.2077690171,0.3975904056,0.7282614479,0.4767026319,0.6896564378
5012,1.0,0.0,0.0,0.0,1.0,1.0,0.2062605453,0.2234668408,0.4043625264,0.691057209,0.5070421256,0.677165661
5013,1.0,0.0,0.0,0.0,1.0,1.0,0.2232086565,0.2342443779,0.3949999309,0.6865678404,0.5,0.6814814339
5014,1.0,0.0,0.0,0.0,1.0,1.0,0.2111033453,0.224787671,0.3943893806,0.7031251859,0.5017300882,0.6769225876
5015,1.0,0.0,0.0,0.0,1.0,1.0,0.2284909043,0.2359794574,0.3914473752,0.7050356435,0.4965278028,0.6764706355
5016,1.0,0.0,0.0,0.0,1.0,1.0,0.2308887659,0.2429673984,0.3909531689,0.6923089858,0.4965516436,0.687944175
5017,1.0,0.0,0.0,0.0,1.0,1.0,0.2280280781,0.2437664943,0.3867313937,0.7163125931,0.4947735363,0.6857136195
5018,1.0,0.0,0.0,0.0,1.0,1.0,0.2333638395,0.2420251219,0.3880836363,0.7034479686,0.491289027,0.6834525803
5019,1.0,0.0,0.0,0.0,1.0,1.0,0.2358233211,0.2446552108,0.388442992,0.6938780402,0.5,0.6808518281
5020,1.0,0.0,0.0,0.0,1.0,1.0,0.2322420765,0.2411846371,0.3878205498,0.7034481713,0.4965277235,0.6906472886
5021,1.0,0.0,0.0,0.0,1.0,1.0,0.2431074053,0.2489957717,0.3799681787,0.7058821012,0.4809687236,0.6874996211
5022,1.0,0.0,0.0,0.0,1.0,1.0,0.2378862741,0.2472669075,0.386581464,0.7114102864,0.4982697327,0.6923073339
5023,1.0,0.0,0.0,0.0,1.0,1.0,0.2423367478,0.2524363117,0.3740095563,0.6993460567,0.4810999608,0.6802713538
5024,1.0,0.0,0.0,0.0,1.0,1.0,0.2411349587,0.2507250381,0.3777776967,0.7105267327,0.4948094764,0.6896548601
5025,1.0,0.0,0.0,0.0,1.0,1.0,0.2415187619,0.2498603156,0.3720189966,0.730263082,0.4862070412,0.6896551203
5026,1.0,0.0,0.0,0.0,1.0,1.0,0.2454769816,0.2498606267,0.3795853698,0.727272468,0.4965519068,0.6896549113
5027,1.0,0.0,0.0,0.0,1.0,1.0,0.2371289957,0.2489959764,0.3773885916,0.7248319697,0.487889065,0.6944437308
5028,1.0,0.0,0.0,0.0,1.0,1.0,0.2354454655,0.244654796,0.3894231002,0.7278911259,0.5,0.7021280251
5029,1.0,0.0,0.0,0.0,1.0,1.0,0.2354455639,0.2403500756,0.3846153579,0.7278903146,0.4948099076,0.6906475829
5030,1.0,0.0,0.0,0.0,1.0,1.0,0.2338435468,0.2489958364,0.3862179652,0.7191781548,0.5017301951,0.694445042
5031,1.0,0.0,0.0,0.0,1.0,1.0,0.239548724,0.2515835414,0.3857142968,0.7086088523,0.5068964536,0.684931038
5032,1.0,0.0,0.0,0.0,1.0,1.0,0.2367519425,0.2489958895,0.3910969372,0.7248314736,0.5051904177,0.6944457988
5033,1.0,0.0,0.0,0.0,1.0,1.0,0.2394829457,0.2463903154,0.3913738295,0.7200006453,0.5,0.7042245884
5034,1.0,0.0,0.0,0.0,1.0,1.0,0.2362898551,0.2446549936,0.3945687115,0.7229731832,0.5034723993,0.7021280236
5035,1.0,0.0,0.0,0.0,1.0,1.0,0.2281684596,0.2428711035,0.3987137347,0.7112672299,0.5034963739,0.6906470339
5036,1.0,0.0,0.0,0.0,1.0,1.0,0.2306405418,0.2428715863,0.4038460627,0.708332382,0.5069930338,0.6906472778
5037,1.0,0.0,0.0,0.0,1.0,1.0,0.2450245915,0.2542438171,0.3903225843,0.7039480869,0.4982453912,0.6827580157
5038,1.0,0.0,0.0,0.0,1.0,1.0,0.2353524138,0.2393768051,0.400000088,0.7260271515,0.5,0.7007313456
5039,1.0,0.0,0.0,0.0,1.0,1.0,0.233740644,0.2437666046,0.396774212,0.717241474,0.5017424005,0.7071430829
5040,1.0,0.0,0.0,0.0,1.0,1.0,0.2385031264,0.2498603116,0.4009740146,0.7006803331,0.5104165437,0.6944444021
5041,1.0,0.0,0.0,0.0,1.0,1.0,0.2365829358,0.2524544242,0.3977455686,0.6938778513,0.508650651,0.6849312024
5042,1.0,0.0,0.0,0.0,1.0,1.0,0.2356409329,0.247248914,0.3999999822,0.7172419622,0.5017422306,0.6901404978
5043,1.0,0.0,0.0,0.0,1.0,1.0,0.2323908204,0.243766335,0.4000000877,0.7062935479,0.4982577886,0.6928563386
5044,1.0,0.0,0.0,0.0,1.0,1.0,0.2326567902,0.2437659873,0.3967213202,0.7112680982,0.501742155,0.6928573301
5045,1.0,0.0,0.0,0.0,1.0,1.0,0.2469976868,0.2542134958,0.3927987002,0.688741948,0.4912891165,0.6849318696
5046,1.0,0.0,0.0,0.0,1.0,1.0,0.2396034566,0.2428715165,0.3875205336,0.7054804097,0.4895104764,0.6978412929
5047,1.0,0.0,0.0,0.0,1.0,1.0,0.238353622,0.2481130255,0.3947368468,0.7034483481,0.4930069996,0.6901398119
5048,1.0,0.0,0.0,0.0,1.0,1.0,0.2404548396,0.2463657095,0.3895253064,0.7006813305,0.4895104051,0.6950352331
5049,1.0,0.0,0.0,0.0,1.0,1.0,0.2335295574,0.2420250395,0.3888888889,0.6993005195,0.4912891934,0.6834528793
5050,1.0,0.0,0.0,0.0,1.0,1.0,0.2313978624,0.2358820977,0.389162539,0.7092197716,0.4895104186,0.6962960721
5051,1.0,0.0,0.0,0.0,1.0,1.0,0.2355475875,0.2446188601,0.3927987228,0.6875001844,0.4965033771,0.6857149359
5052,1.0,0.0,0.0,0.0,1.0,1.0,0.231397962,0.2437235898,0.3924465951,0.6950349973,0.494736763,0.6906470048
5053,1.0,0.0,0.0,0.0,1.0,1.0,0.2424874495,0.2455075055,0.3885246874,0.6959455697,0.487804832,0.6879431751
5054,1.0,0.0,0.0,0.0,1.0,1.0,0.2356405275,0.2472666577,0.3902439324,0.696552053,0.5017302046,0.6923081572
5055,1.0,0.0,0.0,0.0,1.0,1.0,0.2371833423,0.243766145,0.3862520079,0.7034486295,0.4843206748,0.6928573163
5056,1.0,0.0,0.0,0.0,1.0,1.0,0.2412446414,0.2446186817,0.3908045691,0.7074828029,0.4965035944,0.7071433209
5057,1.0,0.0,0.0,0.0,1.0,1.0,0.235162856,0.2368919054,0.3905228473,0.7083321475,0.4948098718,0.6861303756
5058,1.0,0.0,0.0,0.0,1.0,1.0,0.234015539,0.2403503367,0.4113822294,0.7083334577,0.5224915707,0.6906478157
5059,1.0,0.0,0.0,0.0,1.0,1.0,0.2413561594,0.2413035081,0.4051863132,0.6979868213,0.5171232102,0.6950361154
5060,1.0,0.0,0.0,0.0,1.0,1.0,0.2295137813,0.2377981984,0.3957654526,0.7021270492,0.5034481797,0.6956526435
5061,1.0,0.0,0.0,0.0,1.0,1.0,0.2425831347,0.2421854441,0.3996763243,0.713333513,0.5085324108,0.697182877
5062,1.0,0.0,0.0,0.0,1.0,1.0,0.2418004416,0.2413034128,0.3967741999,0.7133341394,0.503424595,0.69503618
5063,1.0,0.0,0.0,0.0,1.0,1.0,0.2381166418,0.2370686632,0.3970825818,0.7074829449,0.5119453961,0.7050358632
5064,1.0,0.0,0.0,0.0,1.0,1.0,0.2474345132,0.2447263825,0.3980583372,0.7058818547,0.5102740777,0.7062936218
5065,1.0,0.0,0.0,0.0,1.0,1.0,0.2302636554,0.2386982656,0.3954248084,0.7092188591,0.5120275628,0.6978419836
5066,1.0,0.0,0.0,0.0,1.0,1.0,0.2340157095,0.2361696531,0.4016261094,0.7013877062,0.5136984402,0.6884063145
5067,1.0,0.0,0.0,0.0,1.0,1.0,0.2355476626,0.2368922652,0.397708626,0.6944446112,0.5086505707,0.6934299547
5068,1.0,0.0,0.0,0.0,1.0,1.0,0.2367957187,0.2429677252,0.3872548335,0.7034490735,0.5034485347,0.6808515568
5069,1.0,0.0,0.0,0.0,1.0,1.0,0.2334225433,0.241184761,0.3980263452,0.6901414005,0.5069445924,0.6834533489
5070,1.0,0.0,0.0,0.0,1.0,1.0,0.2320426894,0.2411239483,0.3880598032,0.6928579044,0.4965032533,0.6884050928
5071,1.0,0.0,0.0,0.0,1.0,1.0,0.2436857867,0.2507310193,0.3904448402,0.6891891696,0.5017421941,0.6944451066
5072,1.0,0.0,0.0,0.0,1.0,1.0,0.2334223675,0.2429199791,0.3881579012,0.6830983341,0.503472028,0.6785710975
5073,1.0,0.0,0.0,0.0,1.0,1.0,0.2329277831,0.2411242872,0.3966942709,0.7021266814,0.5034965959,0.6811595338
5074,1.0,0.0,0.0,0.0,1.0,1.0,0.2325432499,0.2402837471,0.3960395406,0.6879437723,0.5052263762,0.688406839
5075,1.0,0.0,0.0,0.0,1.0,1.0,0.2202441765,0.2357837648,0.3973289553,0.6893935684,0.5035211241,0.6641782526
5076,1.0,0.0,0.0,0.0,1.0,1.0,0.1471260349,0.2128776618,0.3840948259,0.7471262963,0.4801441467,0.6779666516
5077,1.0,0.0,0.0,0.0,1.0,1.0,0.1049331392,0.1984186637,0.4061962216,0.7213103355,0.4852942036,0.6759257623
5078,1.0,0.0,0.0,0.0,1.0,1.0,0.1182872196,0.1995221221,0.3910806454,0.7391296197,0.4725277414,0.6605506583
5079,1.0,0.0,0.0,0.0,1.0,1.0,0.1643379203,0.2108754325,0.3976509832,0.7448961878,0.5,0.6890750596
5080,1.0,0.0,0.0,0.0,1.0,1.0,0.1915597924,0.2277881104,0.3966667063,0.7043473263,0.4982335002,0.674418374
5081,1.0,0.0,0.0,0.0,1.0,1.0,0.2025228281,0.2271458508,0.3855025357,0.7073156447,0.4895103775,0.6769221986
5082,1.0,0.0,0.0,0.0,1.0,1.0,0.2028569871,0.2226827791,0.3894388651,0.7235771644,0.4912280635,0.692912743
5083,1.0,0.0,0.0,0.0,1.0,1.0,0.1995585109,0.2211307777,0.3960395783,0.7355382859,0.5017420537,0.6850396927
5084,1.0,0.0,0.0,0.0,1.0,1.0,0.1955790804,0.2226827509,0.3847428742,0.737288789,0.4982457327,0.6771665228
5085,1.0,0.0,0.0,0.0,1.0,1.0,0.2035287957,0.2226827402,0.382450406,0.7235774513,0.4947366535,0.6771653139
5086,1.0,0.0,0.0,0.0,1.0,1.0,0.2055236605,0.2236512159,0.3930348921,0.7177422177,0.5104896271,0.6953129635
5087,1.0,0.0,0.0,0.0,1.0,1.0,0.2041692928,0.2236513107,0.3904448262,0.7096776459,0.5000001902,0.6796879917
5088,1.0,0.0,0.0,0.0,1.0,1.0,0.2005514254,0.2201569117,0.3946931065,0.7107436982,0.5034966727,0.6746034063
5089,1.0,0.0,0.0,0.0,1.0,1.0,0.2075254492,0.2261897282,0.3970100255,0.7279998881,0.5017542878,0.6821704113
5090,1.0,0.0,0.0,0.0,1.0,1.0,0.2118020217,0.2209292579,0.3874171952,0.7265630783,0.4912280304,0.6984124543
5091,1.0,0.0,0.0,0.0,1.0,1.0,0.20980012,0.2253987083,0.3867768172,0.7165343261,0.4930068195,0.6899218601
5092,1.0,0.0,0.0,0.0,1.0,1.0,0.2169842687,0.2255684654,0.3832237207,0.7272733182,0.4930554496,0.7076916477
5093,1.0,0.0,0.0,0.0,1.0,1.0,0.2071813314,0.2244361565,0.3864013276,0.7200004836,0.4842107176,0.7031242884
5094,1.0,0.0,0.0,0.0,1.0,1.0,0.2141661787,0.2287455474,0.3837210358,0.6899233313,0.4859155355,0.6846147627
5095,1.0,0.0,0.0,0.0,1.0,1.0,0.2204408076,0.2323878373,0.3747926863,0.6992479625,0.4825173723,0.6917292019
5096,1.0,0.0,0.0,0.0,1.0,1.0,0.2138108329,0.2271457032,0.3764511317,0.6976740314,0.4860140293,0.6769220349
5097,1.0,0.0,0.0,0.0,1.0,1.0,0.2101476832,0.22714598,0.3725166038,0.6929127713,0.482517472,0.6769226179
5098,1.0,0.0,0.0,0.0,1.0,1.0,0.212401957,0.2265169673,0.3739702472,0.7131783334,0.477508951,0.6946555216
5099,1.0,0.0,0.0,0.0,1.0,1.0,0.2226478621,0.234244049,0.3811880904,0.7037041208,0.4861109018,0.6888892464
5100,1.0,0.0,0.0,0.0,1.0,1.0,0.2230160267,0.2404156028,0.3818182206,0.6888895972,0.4914089779,0.6714284397
5101,1.0,0.0,0.0,0.0,1.0,1.0,0.2204409397,0.2360752044,0.3880597494,0.6842102707,0.4965516551,0.6788319447
5102,1.0,0.0,0.0,0.0,1.0,1.0,0.2186277088,0.237155737,0.3930919998,0.6766909311,0.5084747758,0.6642860357
5103,1.0,0.0,0.0,0.0,1.0,1.0,0.2281157102,0.239662306,0.3908046129,0.6834530478,0.5000001832,0.6737583448
5104,1.0,0.0,0.0,0.0,1.0,1.0,0.2147560924,0.2336579441,0.3851239286,0.69999967,0.4948806122,0.6715321953
5105,1.0,0.0,0.0,0.0,1.0,1.0,0.2167663319,0.2413033699,0.3956954551,0.6793900138,0.5068493956,0.6666666667
5106,1.0,0.0,0.0,0.0,1.0,1.0,0.1982225511,0.224012966,0.3983333138,0.6974787183,0.5068965964,0.6769230769
5107,1.0,0.0,0.0,0.0,1.0,1.0,0.1935478486,0.2240129442,0.4056761592,0.7068969675,0.5068966361,0.6769234079
5108,1.0,0.0,0.0,0.0,1.0,1.0,0.1346397984,0.1960035264,0.4196891163,0.7051280305,0.5053004952,0.6756771241
5109,1.0,0.0,0.0,0.0,1.0,1.0,0.06616522463,0.1731175963,0.4372822861,0.7368406271,0.514285834,0.6288657298
5110,1.0,0.0,0.0,0.0,1.0,1.0,0.05961551777,0.1749927611,0.4350878192,0.7647084535,0.4981948809,0.6082470617
5111,1.0,0.0,0.0,0.0,1.0,1.0,0.06790606117,0.1742798456,0.4198605755,0.7692337077,0.501779451,0.6632650402
5112,1.0,0.0,0.0,0.0,1.0,1.0,0.1221730668,0.1936632082,0.4210526799,0.6944442774,0.5155707814,0.6607147344
5113,1.0,0.0,0.0,0.0,1.0,1.0,0.1788299501,0.2129397477,0.3996655756,0.6915895186,0.5085911949,0.6693538303
5114,1.0,0.0,0.0,0.0,1.0,1.0,0.183536822,0.2190559711,0.3939898701,0.6999996075,0.5068493201,0.6718752371
5115,1.0,0.0,0.0,0.0,1.0,1.0,0.185634503,0.2192655043,0.3980098868,0.6964291891,0.5170066459,0.6666666667
5116,1.0,0.0,0.0,0.0,1.0,1.0,0.1906066042,0.2192651289,0.4013266447,0.6869558391,0.5170067779,0.6666661112
5117,1.0,0.0,0.0,0.0,1.0,1.0,0.1866727757,0.2202158917,0.4016529172,0.6814156426,0.5220340231,0.6615386653
5118,1.0,0.0,0.0,0.0,1.0,1.0,0.177641587,0.2183079419,0.3986711252,0.6822429153,0.5085323994,0.6640629608
5119,1.0,0.0,0.0,0.0,1.0,1.0,0.1938716356,0.2190558343,0.3929765483,0.6810336347,0.5034246071,0.6796867247
5120,1.0,0.0,0.0,0.0,1.0,1.0,0.1801995887,0.2129393954,0.3873121734,0.6851848506,0.4982816628,0.6693559527
5121,1.0,0.0,0.0,0.0,1.0,1.0,0.200551368,0.2260642336,0.3864013938,0.7024802763,0.5,0.6766922466
5122,1.0,0.0,0.0,0.0,1.0,1.0,0.1982362825,0.2276129162,0.3884296719,0.6999994565,0.4965752647,0.6691723424
5123,1.0,0.0,0.0,0.0,1.0,1.0,0.2100631303,0.2236038298,0.389162516,0.6953126058,0.501695092,0.6742422501
5124,1.0,0.0,0.0,0.0,1.0,1.0,0.1962298284,0.2198088807,0.400998349,0.7033891282,0.5120273375,0.6718747613
5125,1.0,0.0,0.0,0.0,1.0,1.0,0.2028817316,0.2282463306,0.3893510515,0.7131143914,0.4948094857,0.6893944228
5126,1.0,0.0,0.0,0.0,1.0,1.0,0.2178480655,0.2335465728,0.3876871202,0.6946568535,0.4948453111,0.6691170982
5127,1.0,0.0,0.0,0.0,1.0,1.0,0.2115486132,0.22839477,0.3866665544,0.700786655,0.4948453646,0.6766924709
5128,1.0,0.0,0.0,0.0,1.0,1.0,0.2091856964,0.2317047859,0.3853820285,0.7063485388,0.4913492726,0.6716416706
5129,1.0,0.0,0.0,0.0,1.0,1.0,0.2065512218,0.2282465607,0.3916667662,0.7016131697,0.5051903205,0.6742423005
5130,1.0,0.0,0.0,0.0,1.0,1.0,0.2048858636,0.2317042331,0.3816665956,0.6991866492,0.4913493465,0.6791054521
5131,1.0,0.0,0.0,0.0,1.0,1.0,0.2152385393,0.2376294338,0.3856427601,0.6821699609,0.4930072177,0.6544114391
5132,1.0,0.0,0.0,0.0,1.0,1.0,0.2163220046,0.2393769032,0.3825503078,0.6976746505,0.4930068515,0.6788326309
5133,1.0,0.0,0.0,0.0,1.0,1.0,0.220612823,0.2402838109,0.3846153707,0.6969701442,0.4912894928,0.673913555
5134,1.0,0.0,0.0,0.0,1.0,1.0,0.2129680708,0.2333189698,0.3859060658,0.7086610153,0.4947736241,0.679104285
5135,1.0,0.0,0.0,0.0,1.0,1.0,0.2155988183,0.2377143668,0.3795986751,0.6976743022,0.4861109347,0.6715332711
5136,1.0,0.0,0.0,0.0,1.0,1.0,0.2139273103,0.2402167129,0.3862876949,0.7031261531,0.4947368976,0.6715330755
5137,1.0,0.0,0.0,0.0,1.0,1.0,0.2155986762,0.2384631304,0.3812708871,0.705426266,0.4877191816,0.6691181361
5138,1.0,0.0,0.0,0.0,1.0,1.0,0.2195112914,0.2411240667,0.3826955413,0.7045456368,0.4895103783,0.6666661553
5139,1.0,0.0,0.0,0.0,1.0,1.0,0.2367101396,0.2524540496,0.3766447759,0.7152772576,0.4844289315,0.6917809838
5140,1.0,0.0,0.0,0.0,1.0,1.0,0.2300040271,0.2489958624,0.3758278679,0.7050365418,0.4878892423,0.6805562018
5141,1.0,0.0,0.0,0.0,1.0,1.0,0.2209985015,0.2429200071,0.3828383305,0.7164186836,0.4861110222,0.6785708198
5142,1.0,0.0,0.0,0.0,1.0,1.0,0.2248336474,0.2464141898,0.3809524319,0.7226283162,0.4896549735,0.6713287457
5143,1.0,0.0,0.0,0.0,1.0,1.0,0.2322761384,0.2507190733,0.3780687546,0.7112683687,0.4914088925,0.6643843038
5144,1.0,0.0,0.0,0.0,1.0,1.0,0.2281155122,0.2498603788,0.3760262538,0.6978413993,0.4896552502,0.6620684365
5145,1.0,0.0,0.0,0.0,1.0,1.0,0.2288674433,0.2585362474,0.3673804929,0.7122303158,0.4791668141,0.6711402433
5146,1.0,0.0,0.0,0.0,1.0,1.0,0.2344779247,0.2629192611,0.3710482928,0.7021285684,0.4773517102,0.6688751156
5147,1.0,0.0,0.0,0.0,1.0,1.0,0.2255741826,0.25591259,0.3690280354,0.7153280713,0.4844289806,0.6824326553
5148,1.0,0.0,0.0,0.0,1.0,1.0,0.2250399565,0.250725175,0.3725165695,0.713234467,0.484428992,0.675861978
5149,1.0,0.0,0.0,0.0,1.0,1.0,0.2294891365,0.2585361839,0.3727120735,0.7101437554,0.4826390117,0.6845630623
5150,1.0,0.0,0.0,0.0,1.0,1.0,0.2343752507,0.2603440146,0.368509173,0.7,0.4755245276,0.6711404695
5151,1.0,0.0,0.0,0.0,1.0,1.0,0.2297374353,0.2559973482,0.3741611415,0.6934312994,0.47719305,0.6849311432
5152,1.0,0.0,0.0,0.0,1.0,1.0,0.2335924708,0.2603445018,0.3639397829,0.7071434799,0.4755243578,0.6778516352
5153,1.0,0.0,0.0,0.0,1.0,1.0,0.2314142306,0.2542437859,0.3708054415,0.7028979192,0.4807016764,0.6896546106
5154,1.0,0.0,0.0,0.0,1.0,1.0,0.2177837434,0.2542750726,0.378378398,0.7131788881,0.4840988984,0.6874992545
5155,1.0,0.0,0.0,0.0,1.0,1.0,0.2166856827,0.2525092388,0.3731092994,0.7054262928,0.4805656293,0.6783213253
5156,1.0,0.0,0.0,0.0,1.0,1.0,0.1972142853,0.2446185986,0.3812709128,0.7288139559,0.4930068685,0.6857151525
5157,1.0,0.0,0.0,0.0,1.0,1.0,0.1351063198,0.2256802652,0.3916811487,0.71794976,0.476702494,0.6587298659
5158,1.0,0.0,0.0,0.0,1.0,1.0,0.04414517254,0.2133845779,0.4257951511,0.8800003376,0.5036494019,0.6239315469
5159,1.0,0.0,0.0,0.0,1.0,1.0,0.05690781024,0.1896751308,0.4412811837,0.7187473114,0.5072991192,0.6057698378
5160,1.0,0.0,0.0,0.0,1.0,1.0,0.05762553456,0.1910696532,0.452252219,0.718748145,0.518382313,0.6538453733
5161,1.0,0.0,0.0,0.0,1.0,1.0,0.134540305,0.2013008852,0.4108391586,0.6623368085,0.5053001165,0.6578954672
5162,1.0,0.0,0.0,0.0,1.0,1.0,0.1743992017,0.2117458962,0.3892618068,0.6826927058,0.5084746134,0.6639999311
5163,1.0,0.0,0.0,0.0,1.0,1.0,0.1922641858,0.2129682791,0.3864013543,0.6551713759,0.4966442167,0.6456696702
5164,1.0,0.0,0.0,0.0,1.0,1.0,0.1998882465,0.2105848424,0.39000001,0.6500002718,0.5050167455,0.6666655162
5165,1.0,0.0,0.0,0.0,1.0,1.0,0.2008762814,0.2200758589,0.3920922564,0.6393451552,0.5099338664,0.6541357503
5166,1.0,0.0,0.0,0.0,1.0,1.0,0.1914000515,0.2055706098,0.3871773027,0.6521744091,0.5016721259,0.6585361517
5167,1.0,0.0,0.0,0.0,1.0,1.0,0.1952164762,0.2139272461,0.3823037757,0.6495719711,0.4983278878,0.6640629724
5168,1.0,0.0,0.0,0.0,1.0,1.0,0.1951771228,0.2103202402,0.3838383617,0.646552159,0.4949495355,0.6640005548
5169,1.0,0.0,0.0,0.0,1.0,1.0,0.1970494307,0.2129682232,0.3751044197,0.6440690286,0.4899329486,0.6614164853
5170,1.0,0.0,0.0,0.0,1.0,1.0,0.2028813801,0.2172698406,0.3777037523,0.6557383771,0.4916388118,0.6615379467
5171,1.0,0.0,0.0,0.0,1.0,1.0,0.2022282614,0.2206125816,0.3779263992,0.6528933322,0.491638754,0.6515151008
5172,1.0,0.0,0.0,0.0,1.0,1.0,0.2062074315,0.2256264709,0.3826954428,0.6370976349,0.4983278381,0.6592581942
5173,1.0,0.0,0.0,0.0,1.0,1.0,0.2042412439,0.2247067902,0.3785595245,0.6557375865,0.4932883786,0.6641793498
5174,1.0,0.0,0.0,0.0,1.0,1.0,0.2148797373,0.230768007,0.3816666511,0.6279066234,0.4983387359,0.6474827922
5175,1.0,0.0,0.0,0.0,1.0,1.0,0.2022086479,0.2265401598,0.3880597069,0.6393439079,0.499999817,0.6544118835
5176,1.0,0.0,0.0,0.0,1.0,1.0,0.2071809983,0.2282058693,0.3781093927,0.631999888,0.4900000474,0.6496342554
5177,1.0,0.0,0.0,0.0,1.0,1.0,0.2041693575,0.2239553064,0.3509061987,0.6612904088,0.4648831544,0.656717132
5178,1.0,0.0,0.0,0.0,1.0,1.0,0.2113574045,0.2259464208,0.3311476221,0.6589150706,0.4455446938,0.6423366642
5179,1.0,0.0,0.0,0.0,1.0,1.0,0.2127526452,0.2339828349,0.328382942,0.6434105755,0.4381270007,0.6428564704
5180,1.0,0.0,0.0,0.0,1.0,1.0,0.2111034042,0.2291079891,0.3382837739,0.6406240649,0.4518271073,0.6376822168
5181,1.0,0.0,0.0,0.0,1.0,1.0,0.2173414728,0.2365346343,0.3311367945,0.6212111398,0.4500001826,0.633802295
5182,1.0,0.0,0.0,0.0,1.0,1.0,0.2202442462,0.234768435,0.3305508244,0.651516132,0.446308747,0.6428571429
5183,1.0,0.0,0.0,0.0,1.0,1.0,0.2183654828,0.2355586721,0.3378150622,0.6538462185,0.4511784277,0.6499988293
5184,1.0,0.0,0.0,0.0,1.0,1.0,0.2142853825,0.2329778088,0.303182495,0.6640636689,0.4189190977,0.6449278448
5185,1.0,0.0,0.0,0.0,1.0,1.0,0.220982149,0.2320737301,0.2914573205,0.6666666667,0.4067797677,0.6569343532
5186,1.0,0.0,0.0,0.0,1.0,1.0,0.2222839321,0.2380425636,0.2859532753,0.6541355237,0.3952701007,0.6524824674
5187,1.0,0.0,0.0,0.0,1.0,1.0,0.2185757686,0.236354586,0.2888147743,0.6564886902,0.4020269419,0.6571429915
5188,1.0,0.0,0.0,0.0,1.0,1.0,0.2289691131,0.2422889233,0.28929756,0.6715329863,0.4074073802,0.6597215167
5189,1.0,0.0,0.0,0.0,1.0,1.0,0.2452721709,0.2515372828,0.2888146247,0.6598637328,0.4127517197,0.6466669975
5190,1.0,0.0,0.0,0.0,1.0,1.0,0.2348686614,0.2540389917,0.2850000818,0.6595740377,0.4080267191,0.6513153621
5191,1.0,0.0,0.0,0.0,1.0,1.0,0.2361410459,0.2506963083,0.2878535373,0.6619717875,0.4080269729,0.6533332163
5192,1.0,0.0,0.0,0.0,1.0,1.0,0.2386727963,0.24655097,0.2918738596,0.6527785158,0.4172183969,0.6442953316
5193,1.0,0.0,0.0,0.0,1.0,1.0,0.2390690445,0.2515263136,0.3006644192,0.6666661624,0.4233334289,0.6357604716
5194,1.0,0.0,0.0,0.0,1.0,1.0,0.2300042974,0.2432418325,0.2947019778,0.6474821278,0.4172185647,0.6326528787
5195,1.0,0.0,0.0,0.0,1.0,1.0,0.2328153137,0.246529175,0.2928452407,0.6571420938,0.4166668499,0.6351355771
5196,1.0,0.0,0.0,0.0,1.0,1.0,0.2301945403,0.2481948636,0.2941176578,0.640286906,0.4166666972,0.6442961428
5197,1.0,0.0,0.0,0.0,1.0,1.0,0.226383656,0.2422373268,0.2969799046,0.6666677387,0.4101695937,0.6433573653
5198,1.0,0.0,0.0,0.0,1.0,1.0,0.1467232019,0.2092260652,0.335060575,0.6705888644,0.4394461816,0.6528921333
5199,1.0,0.0,0.0,0.0,1.0,1.0,0.07416335034,0.1748139461,0.383392218,0.7619050047,0.4593641727,0.6565658313
5200,1.0,0.0,0.0,0.0,1.0,1.0,0.04126940918,0.1885070246,0.4254936837,0.7391308424,0.4839857829,0.5566044069
5201,1.0,0.0,0.0,0.0,1.0,1.0,0.06057200508,0.1807502577,0.4420676126,0.6764715247,0.4999998082,0.6078434286
5202,1.0,0.0,0.0,0.0,1.0,1.0,0.09543285695,0.1915306901,0.3958332978,0.6727277789,0.4878049524,0.6636361105
5203,1.0,0.0,0.0,0.0,1.0,1.0,0.1364423394,0.2047470088,0.3890785106,0.6875018601,0.4826389815,0.6694915254
