frame_index,face_detected,yaw,pitch,roll,left_eye_valid,right_eye_valid,left_eye_aspect_ratio,right_eye_aspect_ratio,left_eyelid_gap_ratio,right_eyelid_gap_ratio,left_pupil_rel_x,left_pupil_rel_y,right_pupil_rel_x,right_pupil_rel_y
0,1.0,0.0,0.0,0.0,1.0,1.0,0.3066279142,0.2907786692,0.05168795586,0.04665893316,0.4859039222,0.5783781914,0.6097560794,0.6347298887
1,1.0,0.0,0.0,0.0,1.0,1.0,0.3139691407,0.2904949749,0.05437922478,0.04783093929,0.4819078316,0.5811524752,0.6124568902,0.6428576769
2,1.0,0.0,0.0,0.0,1.0,1.0,0.2993338138,0.280331157,0.04951089621,0.04428470135,0.4775374415,0.5777777778,0.6132403945,0.6397518621
3,1.0,0.0,0.0,0.0,1.0,1.0,0.3046874993,0.2785902515,0.04970836639,0.04369968176,0.4840870939,0.5769238148,0.6132402367,0.6375001875
4,1.0,0.0,0.0,0.0,1.0,1.0,0.3006723875,0.2724172203,0.04980736971,0.04368579388,0.4840335406,0.5754192351,0.6111109872,0.6496808682
5,1.0,0.0,0.0,0.0,1.0,1.0,0.3113837672,0.2758877269,0.05144715309,0.04397904873,0.4639865791,0.5913976875,0.5937501753,0.6477977789
6,1.0,0.0,0.0,0.0,1.0,1.0,0.3270599859,0.2922245661,0.05452460051,0.0467749238,0.4551495213,0.5837559345,0.5813148286,0.6390533072
7,1.0,0.0,0.0,0.0,1.0,1.0,0.3270901739,0.2922243372,0.05459058285,0.04659497738,0.4528925623,0.5858585969,0.5778545678,0.6508863629
8,1.0,0.0,0.0,0.0,1.0,1.0,0.3298489097,0.2946630712,0.05451267958,0.04660832882,0.4438944684,0.5900001203,0.5724137593,0.6374280972
9,1.0,0.0,0.0,0.0,1.0,1.0,0.32486013,0.2860472948,0.05308538675,0.04496008158,0.4344942459,0.581632,0.5551726701,0.6506028728
10,1.0,0.0,0.0,0.0,1.0,1.0,0.322188833,0.2872544749,0.05324488878,0.04591006041,0.444078813,0.5765301953,0.5680272515,0.6331365556
11,1.0,0.0,0.0,0.0,1.0,1.0,0.3194263532,0.2814127089,0.0526458621,0.04477608204,0.448105482,0.5773194709,0.5802046337,0.6363638784
12,1.0,0.0,0.0,0.0,1.0,1.0,0.3265174345,0.2857990061,0.05482560396,0.04647648335,0.4461028684,0.5939079451,0.5753424658,0.6287432061
13,1.0,0.0,0.0,0.0,1.0,1.0,0.3287421993,0.2840880241,0.0538905859,0.0449539423,0.4512396953,0.5829147007,0.5821916983,0.6325294815
14,1.0,0.0,0.0,0.0,1.0,1.0,0.3370019488,0.2940535132,0.05506813526,0.04669994116,0.4446279816,0.578431415,0.5748300596,0.6184966081
15,1.0,0.0,0.0,0.0,1.0,1.0,0.3364788098,0.2892217728,0.05491262674,0.04594171047,0.4516666508,0.5742569314,0.5787669986,0.6094678855
16,1.0,0.0,0.0,0.0,1.0,1.0,0.3409860746,0.2823767651,0.05526930094,0.04492336512,0.45546223,0.5714288796,0.5821916833,0.6242428906
17,1.0,0.0,0.0,0.0,1.0,1.0,0.343714564,0.289668865,0.05592155457,0.04642033577,0.4524206951,0.5825243443,0.5796609463,0.6257312495
18,1.0,0.0,0.0,0.0,1.0,1.0,0.3442894785,0.2872544282,0.05502229929,0.04513961077,0.4113712524,0.5776696663,0.5408162956,0.6153843107
19,1.0,0.0,0.0,0.0,1.0,1.0,0.3403058098,0.2826702494,0.05664891005,0.04619908333,0.3983470796,0.5679616503,0.5353536569,0.5952377266
20,1.0,0.0,0.0,0.0,1.0,1.0,0.343930672,0.2747603968,0.05406230688,0.04282158613,0.4037478344,0.5742573166,0.5292094051,0.6062508787
21,1.0,0.0,0.0,0.0,1.0,1.0,0.3561036491,0.2870015355,0.05755877495,0.04615557194,0.4033614778,0.5754714832,0.5337838213,0.5941174799
22,1.0,0.0,0.0,0.0,1.0,1.0,0.3559653731,0.2892217684,0.05670446157,0.04607236385,0.4041095436,0.5865381886,0.5376712021,0.6094679455
23,1.0,0.0,0.0,0.0,1.0,1.0,0.3602840084,0.2904952144,0.0578352809,0.04671311378,0.4142115048,0.5817306751,0.5467129156,0.607142128
24,1.0,0.0,0.0,0.0,1.0,1.0,0.3552025054,0.2793576409,0.05625933409,0.04440069199,0.411149793,0.578431466,0.5312497891,0.6024848306
25,1.0,0.0,0.0,0.0,1.0,1.0,0.3693209634,0.2808774582,0.05807244778,0.0448616147,0.4605955077,0.5734603723,0.5827584135,0.6012265945
26,1.0,0.0,0.0,0.0,1.0,1.0,0.3825026204,0.2902159545,0.06012105942,0.0468223691,0.4744267375,0.5760372136,0.6013745514,0.603549874
27,1.0,0.0,0.0,0.0,1.0,1.0,0.378791761,0.2853079027,0.0592366457,0.04588758945,0.4697509551,0.5774642644,0.6020759207,0.6060613146
28,1.0,0.0,0.0,0.0,1.0,1.0,0.3800696042,0.2710348935,0.05895197392,0.0436680913,0.4630281869,0.5787038067,0.5898304897,0.6062495479
29,1.0,0.0,0.0,0.0,1.0,1.0,0.3865438748,0.2817221591,0.06046849489,0.04575997591,0.4651567538,0.5810804017,0.5973151949,0.6130945325
30,1.0,0.0,0.0,0.0,1.0,1.0,0.3899403034,0.2994901413,0.0619186759,0.04880976677,0.4604570136,0.5855858024,0.599314922,0.5999997558
31,1.0,0.0,0.0,0.0,1.0,1.0,0.3906268802,0.2906543474,0.06196653843,0.04773104191,0.4647888038,0.5945945946,0.6020408385,0.596491732
32,1.0,0.0,0.0,0.0,1.0,1.0,0.3843331265,0.2896685602,0.06161284447,0.04810863733,0.4609306013,0.5890410296,0.5932203268,0.6081877866
33,1.0,0.0,0.0,0.0,1.0,1.0,0.3976560729,0.2889542939,0.06390374899,0.0482828021,0.460654191,0.5955553773,0.5884354931,0.6058828395
34,1.0,0.0,0.0,0.0,1.0,1.0,0.3969416599,0.2916461459,0.06274271011,0.04789733887,0.4592199317,0.5937502375,0.5938568721,0.5964914682
35,1.0,0.0,0.0,0.0,1.0,1.0,0.3962849138,0.2793052703,0.0625910759,0.04577147961,0.4724890879,0.599118754,0.6026934741,0.6024093718
36,1.0,0.0,0.0,0.0,1.0,1.0,0.3941710025,0.2785607004,0.06204682589,0.04550099373,0.4688869937,0.6044441114,0.6013514598,0.6060612015
37,1.0,0.0,0.0,0.0,1.0,1.0,0.4018829297,0.2910831493,0.06332868338,0.04784214497,0.4714662208,0.5982537067,0.6026936845,0.6069372011
38,1.0,0.0,0.0,0.0,1.0,1.0,0.3920412037,0.2759398387,0.06314665079,0.04643964767,0.472295536,0.5964122047,0.6026938495,0.609756035
39,1.0,0.0,0.0,0.0,1.0,1.0,0.3980231563,0.2843529758,0.06165134907,0.04589903355,0.4789472611,0.5947137203,0.6094277698,0.6094670791
40,1.0,0.0,0.0,0.0,1.0,1.0,0.396645266,0.2857935782,0.06199461222,0.04649597406,0.483028741,0.5964905196,0.6120403825,0.6081866697
41,1.0,0.0,0.0,0.0,1.0,1.0,0.3897738635,0.2796451294,0.06173115969,0.04616177082,0.4823122116,0.6017696637,0.6125829584,0.6153840194
42,1.0,0.0,0.0,0.0,1.0,1.0,0.3880994588,0.2838947356,0.0607419014,0.04595959187,0.4793814546,0.5929200848,0.6146180344,0.6140357475
43,1.0,0.0,0.0,0.0,1.0,1.0,0.3821145687,0.2813002369,0.06037944555,0.04562008381,0.4749363433,0.5822226873,0.6059603258,0.6117643831
44,1.0,0.0,0.0,0.0,1.0,1.0,0.3848675444,0.2750143456,0.06036275625,0.04459232092,0.4796182598,0.5900896497,0.6174494523,0.6097562606
45,1.0,0.0,0.0,0.0,1.0,1.0,0.3740503798,0.2872149057,0.0589017868,0.04610860348,0.4784081526,0.5927598238,0.6112956182,0.6069361173
46,1.0,0.0,0.0,0.0,1.0,1.0,0.3822908161,0.2930566204,0.06158685684,0.04777812958,0.4854203103,0.5874439635,0.6135593307,0.6069370147
47,1.0,0.0,0.0,0.0,1.0,1.0,0.3726733743,0.2817219258,0.05966216326,0.04556018114,0.4830508198,0.5818185451,0.6140940389,0.6011907799
48,1.0,0.0,0.0,0.0,1.0,1.0,0.3736389399,0.2951374976,0.06018865108,0.04750317335,0.473595972,0.5874432312,0.6107383594,0.6022728556
49,1.0,0.0,0.0,0.0,1.0,1.0,0.3775294565,0.2954433759,0.06109148264,0.04772776365,0.485666233,0.5892862544,0.6148649446,0.5999995005
50,1.0,0.0,0.0,0.0,1.0,1.0,0.358513596,0.2808778511,0.05791372061,0.04452806711,0.4873096287,0.5801883637,0.6137930957,0.6012272156
51,1.0,0.0,0.0,0.0,1.0,1.0,0.3649553629,0.2933518291,0.06035649776,0.04762077332,0.4790620748,0.5825694687,0.6075084973,0.5930227901
52,1.0,0.0,0.0,0.0,1.0,1.0,0.3564675639,0.2795048499,0.05986052752,0.04615414143,0.4733333392,0.5700935882,0.6033900618,0.6181822408
53,1.0,0.0,0.0,0.0,1.0,1.0,0.368822044,0.3021962361,0.06041771173,0.04828023911,0.476111952,0.5669640435,0.611486552,0.6089384302
54,1.0,0.0,0.0,0.0,1.0,1.0,0.3481389256,0.2772426179,0.05674129725,0.04398131371,0.4350000375,0.5741632273,0.5650683259,0.6049379035
55,1.0,0.0,0.0,0.0,1.0,1.0,0.3404508724,0.2741522638,0.05469238758,0.04277914762,0.396290064,0.5792078345,0.5208333413,0.6012651261
56,1.0,0.0,0.0,0.0,1.0,1.0,0.3359467475,0.2688155417,0.05380386114,0.04196703434,0.394958002,0.5699999668,0.5241378099,0.5961539008
57,1.0,0.0,0.0,0.0,1.0,1.0,0.3492225401,0.2909334593,0.05677109957,0.04595756531,0.3926787859,0.5666667717,0.5171234324,0.5764707408
58,1.0,0.0,0.0,0.0,1.0,1.0,0.3403414623,0.2770563303,0.05570930243,0.04429572821,0.3970099633,0.5707320518,0.5272107664,0.5950920328
59,1.0,0.0,0.0,0.0,1.0,1.0,0.3364622136,0.2728850156,0.05533844233,0.04361647367,0.3847430055,0.571429033,0.5119455694,0.5937496157
60,1.0,0.0,0.0,0.0,1.0,1.0,0.344866177,0.2857993252,0.05535030365,0.04487133026,0.4388610426,0.5728152622,0.5684931923,0.6047905464
61,1.0,0.0,0.0,0.0,1.0,1.0,0.3331472071,0.2620916124,0.05268526077,0.04052716494,0.5213675471,0.5743592122,0.6433564601,0.6333329902
62,1.0,0.0,0.0,0.0,1.0,1.0,0.3240973222,0.2420792917,0.05153334141,0.03777313232,0.5636672622,0.5759161032,0.6712802438,0.6357143759
63,1.0,0.0,0.0,0.0,1.0,1.0,0.3236920512,0.2559546028,0.05194324255,0.03935909271,0.5943238384,0.5721654276,0.6829266307,0.6394562768
64,1.0,0.0,0.0,0.0,1.0,1.0,0.3126374154,0.2577507011,0.05017924309,0.03923588991,0.6006656285,0.5797868549,0.6912280757,0.6394559063
65,1.0,0.0,0.0,0.0,1.0,1.0,0.3198875926,0.2678359248,0.05316638947,0.04104554653,0.5953564542,0.569947443,0.6834531982,0.6308728926
66,1.0,0.0,0.0,0.0,1.0,1.0,0.3315301535,0.2853018414,0.05474847555,0.04299759865,0.5970873848,0.5756096446,0.6879433494,0.6335398819
67,1.0,0.0,0.0,0.0,1.0,1.0,0.3222422569,0.2772174783,0.05428880453,0.04188781977,0.6006545571,0.5685270884,0.6970801005,0.6315788725
68,1.0,0.0,0.0,0.0,1.0,1.0,0.3080140402,0.2614199262,0.05200207233,0.03981411457,0.5939005488,0.5729164995,0.6975086893,0.6530622633
69,1.0,0.7853981853,0.0,0.0,1.0,1.0,0.3077697622,0.2543707143,0.05048388243,0.03746438026,0.6045382085,0.573683645,0.7003608267,0.6453890554
70,1.0,0.7853981853,0.0,0.0,1.0,1.0,0.3150242322,0.2659227379,0.05325418711,0.04027849436,0.6015999841,0.5685276404,0.6999999606,0.637583406
71,1.0,0.7853981853,0.0,0.0,1.0,1.0,0.3044553828,0.2587206905,0.05063980818,0.03870892525,0.599680922,0.5654447119,0.7021274816,0.6369867021
72,1.0,0.7853981853,0.0,0.0,1.0,1.0,0.3033449182,0.2534044452,0.05110603571,0.03846400976,0.6102236603,0.5789470001,0.7092197941,0.650349672
73,1.0,0.0,0.0,0.0,1.0,1.0,0.2930219741,0.2471931608,0.04940634966,0.03712153435,0.5483359295,0.5783790827,0.65124544,0.6402883127
74,1.0,0.0,0.0,0.0,1.0,1.0,0.2801715151,0.2028389465,0.0448948741,0.0288797617,0.4721312085,0.5847949645,0.5682657074,0.65454613
75,1.0,0.0,0.0,0.0,1.0,1.0,0.2542135243,0.159444291,0.03890836239,0.0218526721,0.4390244401,0.60958923,0.5136185231,0.5853660532
76,1.0,0.0,0.0,0.0,1.0,1.0,0.2615989292,0.1822287423,0.04265189171,0.02652066946,0.3993287109,0.5833337992,0.4812028474,0.608248697
77,1.0,0.0,0.0,0.0,1.0,1.0,0.2853273046,0.2427722653,0.0466376543,0.03569471836,0.3732057988,0.5698319381,0.4787234043,0.6058397817
78,1.0,0.0,0.0,0.0,1.0,1.0,0.3025685829,0.2719329813,0.05064046383,0.04148209095,0.36392919,0.574467459,0.4876322879,0.590909744
79,1.0,0.0,0.0,0.0,1.0,1.0,0.3236737682,0.287254434,0.0554330349,0.04569846392,0.3807267983,0.5756097771,0.5068028256,0.5917166323
80,1.0,0.0,0.0,0.0,1.0,1.0,0.3188010562,0.2804554587,0.05330705643,0.04397833347,0.3779903172,0.5799994186,0.5102039575,0.6060604418
81,1.0,0.0,0.0,0.0,1.0,1.0,0.3162169906,0.2732039659,0.05267602205,0.04312336445,0.3688525243,0.5751286836,0.5017302528,0.601264703
82,1.0,0.0,0.0,0.0,1.0,1.0,0.3244088876,0.2789533439,0.05214077234,0.04292392731,0.3786885422,0.5707077347,0.506849453,0.6012269768
83,1.0,0.0,0.0,0.0,1.0,1.0,0.3148484946,0.2675272883,0.05109739304,0.04166400433,0.3747981863,0.5743591299,0.5050504432,0.6163523632
84,1.0,0.0,0.0,0.0,1.0,1.0,0.3113014138,0.2532142484,0.05112928152,0.04063433409,0.3836066377,0.5736849897,0.516778349,0.6225167991
85,1.0,0.0,0.0,0.0,1.0,1.0,0.3156992985,0.2648520141,0.05227810144,0.04306846857,0.3895252584,0.5906740655,0.5266668597,0.6289309395
86,1.0,0.0,0.0,0.0,1.0,1.0,0.3254762655,0.2748464372,0.05268836021,0.04390692711,0.3914472658,0.5808087207,0.5266667488,0.6181818429
87,1.0,0.0,0.0,0.0,1.0,1.0,0.3260119868,0.2697167959,0.05193209648,0.04275220633,0.4316309187,0.5808079185,0.5629136632,0.6196318505
88,1.0,0.0,0.0,0.0,1.0,1.0,0.321428479,0.2598546013,0.0518450737,0.04212409258,0.4455612238,0.5781245689,0.5666666912,0.6282061622
89,1.0,0.0,0.0,0.0,1.0,1.0,0.3155234111,0.2490192698,0.05057704449,0.04046165943,0.4590443182,0.5729734061,0.5757574201,0.6283789557
90,1.0,0.0,0.0,0.0,1.0,1.0,0.3211882462,0.2532142929,0.0516602397,0.0414930582,0.454700947,0.5851058306,0.5738255241,0.6357618748
91,1.0,0.0,0.0,0.0,1.0,1.0,0.3206398867,0.2523844461,0.05149942636,0.0410900116,0.4453924185,0.5797872033,0.5656562883,0.6199998259
92,1.0,0.0,0.0,0.0,1.0,1.0,0.3291469877,0.2650547541,0.05061221123,0.04138606787,0.4459691237,0.5781244848,0.5641892472,0.6114643627
93,1.0,0.0,0.0,0.0,1.0,1.0,0.3342781841,0.2674091496,0.05241823196,0.04257321358,0.4516129124,0.57868033,0.5685617352,0.606249825
94,1.0,0.0,0.0,0.0,1.0,1.0,0.3308495281,0.2574320526,0.05175560713,0.0412427783,0.4672414425,0.5677087232,0.5824917378,0.6078440441
95,1.0,0.0,0.0,0.0,1.0,1.0,0.3302945928,0.2624796397,0.05265456438,0.04256021976,0.4520547766,0.575129868,0.5757574978,0.6153853695
96,1.0,0.0,0.0,0.0,1.0,1.0,0.3371200624,0.2707519325,0.05246531963,0.04292619228,0.4599658867,0.575758161,0.5752509556,0.6111108025
97,1.0,0.0,0.0,0.0,1.0,1.0,0.3376723826,0.2681833574,0.05443787575,0.04404264688,0.4634974156,0.5778897994,0.5799997314,0.6211177771
98,1.0,0.0,0.0,0.0,1.0,1.0,0.3325816658,0.2707516668,0.0529319644,0.04374986887,0.456706243,0.5714288932,0.5719064174,0.611110884
99,1.0,0.0,0.0,0.0,1.0,1.0,0.3377188472,0.26752717,0.05352962017,0.04320406914,0.4614064693,0.5786802483,0.5824917639,0.6163519323
100,1.0,0.0,0.0,0.0,1.0,1.0,0.3461563341,0.279108431,0.05757278204,0.04713070393,0.4719864377,0.5833332471,0.6086957136,0.6107785037
101,1.0,0.0,0.0,0.0,1.0,1.0,0.3581618678,0.287464859,0.05575799942,0.04566842318,0.4880546219,0.5714287241,0.6153847308,0.6046510717
102,1.0,0.0,0.0,0.0,1.0,1.0,0.3662339534,0.3045438932,0.05954217911,0.05036044121,0.4691781356,0.5700934579,0.5959596142,0.591160221
103,1.0,0.0,0.0,0.0,1.0,1.0,0.3515278128,0.2882350108,0.05812066793,0.04814898968,0.467241429,0.5686271091,0.5972696733,0.6094681149
104,1.0,0.0,0.0,0.0,1.0,1.0,0.3591744061,0.2865292944,0.05576276779,0.04525673389,0.468749985,0.5797097731,0.5972694352,0.6011903351
105,1.0,0.0,0.0,0.0,1.0,1.0,0.3574395857,0.2843239718,0.05632054806,0.04511106014,0.4687499675,0.5728160169,0.5965518433,0.6121204274
106,1.0,0.0,0.0,0.0,1.0,1.0,0.358552199,0.2791547158,0.05785530806,0.04527807236,0.459272147,0.560386792,0.5931034483,0.6049378653
107,1.0,0.0,0.0,0.0,1.0,1.0,0.3566972534,0.2772423211,0.05779927969,0.04523420334,0.4758620094,0.574879526,0.6061641796,0.6111115503
108,1.0,0.0,0.0,0.0,1.0,1.0,0.3296587139,0.2377142125,0.05397313833,0.03912335634,0.4746944919,0.5608463213,0.6006944759,0.6204384344
109,1.0,0.0,0.0,0.0,1.0,1.0,0.3142185412,0.1081487733,0.04577350616,0.01599317789,0.465909249,0.5843373023,0.5485075589,0.672414757
110,1.0,0.0,0.0,0.0,1.0,1.0,0.3344437524,0.08232933263,0.04876101017,0.01219022274,0.4319066864,0.5465116848,0.4942525497,0.5581366921
111,1.0,0.0,0.0,0.0,1.0,1.0,0.3283879602,0.2108750749,0.05251944065,0.03396636248,0.4446427878,0.5815214554,0.5602837221,0.6218481349
112,1.0,0.0,0.0,0.0,1.0,1.0,0.3371200819,0.254066895,0.05367225409,0.04093188047,0.4412265277,0.5757575758,0.575757643,0.6092718607
113,1.0,0.0,0.0,0.0,1.0,1.0,0.3610023087,0.284609283,0.05750185251,0.04578852654,0.4314380439,0.578704102,0.5662250343,0.5988370277
114,1.0,0.0,0.0,0.0,1.0,1.0,0.3635874081,0.2958214077,0.058996737,0.04856938124,0.4399323298,0.5767442142,0.5752507475,0.5875703649
115,1.0,0.0,0.0,0.0,1.0,1.0,0.3731025075,0.306495526,0.06081479788,0.05063313246,0.4493243685,0.5791857909,0.5733334536,0.586957008
116,1.0,0.0,0.0,0.0,1.0,1.0,0.375002594,0.307260978,0.06220310926,0.05122613907,0.4312393282,0.5746606682,0.5675675482,0.5879127144
117,1.0,0.0,0.0,0.0,1.0,1.0,0.3703516608,0.3041778129,0.0612872839,0.05093276501,0.4280879334,0.5890413623,0.5652173449,0.5934067477
118,1.0,0.0,0.0,0.0,1.0,1.0,0.3716091297,0.2941504465,0.05943244696,0.04776310921,0.4312393266,0.584474547,0.5585283888,0.6022722168
119,1.0,0.0,0.0,0.0,1.0,1.0,0.3747906814,0.298836287,0.06021219492,0.04882067442,0.4273648808,0.5810810409,0.5581396791,0.6
120,1.0,0.0,0.0,0.0,1.0,1.0,0.3709791264,0.3031639169,0.0596396327,0.04956352711,0.4305084985,0.5799085937,0.5633333892,0.5879117972
121,1.0,0.0,0.0,0.0,1.0,1.0,0.3737339271,0.2971763456,0.06079602242,0.04924201965,0.4297801109,0.5837107888,0.558139468,0.5977650385
122,1.0,0.0,0.0,0.0,1.0,1.0,0.367417029,0.2952146481,0.05886828899,0.04833680391,0.4384486096,0.5779823945,0.5643565654,0.5921793634
123,1.0,0.0,0.0,0.0,1.0,1.0,0.3705411685,0.2945374832,0.05857521296,0.04782748222,0.4438775553,0.5871557673,0.5695364554,0.5898877385
124,1.0,0.0,0.0,0.0,1.0,1.0,0.3660645559,0.2898383491,0.05793935061,0.04689049721,0.436115764,0.5767436406,0.5600001326,0.5977015147
125,1.0,0.0,0.0,0.0,1.0,1.0,0.3666893897,0.2908075829,0.05828863382,0.04717314243,0.443685946,0.5813956342,0.5685617218,0.5862068094
126,1.0,0.0,0.0,0.0,1.0,1.0,0.3609096781,0.2742577131,0.05678784847,0.04450201988,0.4618055674,0.5769232384,0.5723905625,0.6012268624
127,1.0,0.0,0.0,0.0,1.0,1.0,0.3544729818,0.2701191526,0.05513763428,0.0430342555,0.4740485443,0.5707319341,0.5878379693,0.5874999134
128,1.0,0.0,0.0,0.0,1.0,1.0,0.357803689,0.2707518282,0.05600851774,0.04362201691,0.4698794355,0.5721154409,0.5852845544,0.6049386765
129,1.0,0.0,0.0,0.0,1.0,1.0,0.3560834068,0.2759402409,0.05576860905,0.04418385029,0.4629948768,0.5700481594,0.582491496,0.5914631679
130,1.0,0.0,0.0,0.0,1.0,1.0,0.361718996,0.2791084314,0.05916833878,0.04682993889,0.4596912682,0.5734597252,0.5752509193,0.5988028144
131,1.0,0.0,0.0,0.0,1.0,1.0,0.3486025621,0.2699833615,0.05687624216,0.04510873556,0.472508584,0.5812800964,0.5906040101,0.6086953075
132,1.0,0.0,0.0,0.0,1.0,1.0,0.3570657414,0.2748462089,0.05600517988,0.04421454668,0.4820513483,0.593301909,0.6000000741,0.6303031692
133,1.0,0.0,0.0,0.0,1.0,1.0,0.3626594092,0.2872149034,0.05847322941,0.04749232531,0.4821124578,0.5821595526,0.6079732794,0.612716792
134,1.0,0.0,0.0,0.0,1.0,1.0,0.3764790764,0.3054773563,0.06369686127,0.05255705118,0.472972942,0.5874444162,0.6046512353,0.5923906818
135,1.0,0.0,0.0,0.0,1.0,1.0,0.369285214,0.2991640113,0.06120228767,0.05025327206,0.4711863889,0.5917429227,0.5953176118,0.6033518758
136,1.0,0.0,0.0,0.0,1.0,1.0,0.3605367226,0.2886179442,0.05918157101,0.048171103,0.4731542933,0.5906977728,0.6039604137,0.6171432743
137,1.0,0.0,0.0,0.0,1.0,1.0,0.372275087,0.3067591666,0.05970823765,0.05002582073,0.4664428592,0.5900904228,0.6039605951,0.6075272789
138,1.0,0.0,0.0,0.0,1.0,1.0,0.3720791944,0.3087977472,0.06060558558,0.05054998398,0.4691153023,0.5964124458,0.6013288577,0.5967741555
139,1.0,0.0,0.0,0.0,1.0,1.0,0.3655674875,0.2978468926,0.05921494961,0.04889309406,0.4748321904,0.5917428145,0.6059604236,0.6055553524
140,1.0,0.0,0.0,0.0,1.0,1.0,0.3691023015,0.3112738943,0.06043046713,0.05104857683,0.4637436185,0.5844750975,0.5892256614,0.5945953835
141,1.0,0.0,0.0,0.0,1.0,1.0,0.364661334,0.30388432,0.05794632435,0.04828858376,0.4662161123,0.5833335048,0.5912163467,0.6000002469
142,1.0,0.0,0.0,0.0,1.0,1.0,0.3620428643,0.3028614898,0.05770564079,0.04876536131,0.4693877284,0.586854174,0.599326643,0.5999997555
143,1.0,0.0,0.0,0.0,1.0,1.0,0.3565761919,0.2950569596,0.05647063255,0.04696834087,0.4716982091,0.5865381774,0.5972698175,0.6069368196
144,1.0,0.0,0.0,0.0,1.0,1.0,0.3565759174,0.2923537632,0.05640107393,0.04663938284,0.4648371099,0.5817313129,0.595237775,0.5988377963
145,1.0,0.0,0.0,0.0,1.0,1.0,0.366689359,0.3025519155,0.06050264835,0.05009055138,0.453925046,0.5813956925,0.5850339083,0.6123598848
146,1.0,0.0,0.0,0.0,1.0,1.0,0.368215449,0.308949064,0.05859649181,0.04941546917,0.4584041429,0.5714281355,0.5912162074,0.5956282703
147,1.0,0.0,0.0,0.0,1.0,1.0,0.3655678145,0.300835491,0.05915677547,0.04884505272,0.4597315847,0.5779819564,0.5852842134,0.6111113823
148,1.0,0.0,0.0,0.0,1.0,1.0,0.3603432598,0.2964447503,0.0577981472,0.04771071672,0.454081589,0.5801883485,0.5796611036,0.6057132649
149,1.0,0.0,0.0,0.0,1.0,1.0,0.3545318504,0.2951371089,0.05781573057,0.04845505953,0.457770259,0.5761901964,0.5805368908,0.6022724896
150,1.0,0.0,0.0,0.0,1.0,1.0,0.3647963046,0.3071371894,0.05822831392,0.04918825626,0.4533333707,0.5936069787,0.5847174645,0.6162156071
151,1.0,0.0,0.0,0.0,1.0,1.0,0.3628226057,0.3081612541,0.05751633644,0.04926168919,0.4554620986,0.587962867,0.5866668804,0.6108105034
152,1.0,0.0,0.0,0.0,1.0,1.0,0.364046172,0.3108630753,0.05887901783,0.05070137978,0.4553120025,0.59259323,0.5819398372,0.6021504112
153,1.0,0.0,0.0,0.0,1.0,1.0,0.3599331564,0.3054772579,0.05800592899,0.04964226484,0.4472362106,0.5953484357,0.5780729228,0.614130363
154,1.0,0.0,0.0,0.0,1.0,1.0,0.352152334,0.297492935,0.0573554039,0.04861557484,0.4429530668,0.5904762103,0.5652173913,0.6067415042
155,1.0,0.0,0.0,0.0,1.0,1.0,0.3409860472,0.2774370639,0.05386942625,0.04405087233,0.4352941021,0.5911323454,0.5551838297,0.620482213
156,1.0,0.0,0.0,0.0,1.0,1.0,0.3426659335,0.2824509717,0.05440360308,0.04506963491,0.4420168515,0.5784313403,0.5585285743,0.6035498576
157,1.0,0.0,0.0,0.0,1.0,1.0,0.3421362169,0.282670595,0.05476868153,0.04532581568,0.4418212865,0.5862062586,0.565656408,0.6071424345
158,1.0,0.0,0.0,0.0,1.0,1.0,0.3483670027,0.2824511512,0.05534780025,0.04540675879,0.4416243236,0.5873783898,0.5585284194,0.6035502803
159,1.0,0.0,0.0,0.0,1.0,1.0,0.3432426758,0.2813000407,0.05578798056,0.0464900136,0.4393939866,0.5980392471,0.5562915293,0.6117647662
160,1.0,0.0,0.0,0.0,1.0,1.0,0.2737210722,0.1807498922,0.04223120213,0.02833932638,0.3891892419,0.5986843034,0.4822696276,0.6078430135
161,1.0,0.0,0.0,0.0,1.0,1.0,0.2632498769,0.1397820751,0.04026740789,0.02221649885,0.3533151774,0.6068963476,0.437062983,0.5499998659
162,1.0,0.0,0.0,0.0,1.0,1.0,0.2728333717,0.1188989849,0.04095184803,0.01962274313,0.3497631077,0.6041658783,0.451724047,0.55072521
163,1.0,0.0,0.0,0.0,1.0,1.0,0.2500957711,0.1660257997,0.03742432594,0.02841997147,0.3132642958,0.6090215265,0.4111841292,0.5544558816
164,1.0,0.0,0.0,0.0,1.0,1.0,0.300339791,0.2025894897,0.04341053963,0.03519773483,0.2730964092,0.6486486486,0.3851351351,0.575
165,1.0,-0.7853981853,0.0,0.0,1.0,1.0,0.3511550478,0.242389767,0.04999321699,0.043189466,0.2765072769,0.6390532544,0.3953487594,0.6095881998
166,1.0,-0.7853981853,0.0,0.0,1.0,1.0,0.3881327681,0.2594865763,0.05487960577,0.0472574234,0.2578210232,0.6277778321,0.3835845403,0.6000002523
167,1.0,-0.7853981853,0.0,0.0,1.0,1.0,0.3993304294,0.2597887785,0.0576518774,0.05056619644,0.2712053901,0.6368711734,0.4006622415,0.6050957141
168,1.0,-0.7853981853,0.0,0.0,1.0,1.0,0.4235301348,0.2761617891,0.05750650167,0.05111694336,0.2903586764,0.6243383337,0.4210526994,0.6011905317
169,1.0,-0.7853981853,0.0,0.0,1.0,1.0,0.4261815999,0.2686313053,0.05535250902,0.04843342304,0.3012746747,0.6141304523,0.429048472,0.5900615079
170,1.0,-0.7853981853,0.0,0.0,1.0,1.0,0.4291793239,0.2638119384,0.0543962121,0.04688286781,0.2906288423,0.6187842216,0.4179356727,0.6025650805
171,1.0,-0.7853981853,0.0,0.0,1.0,1.0,0.4254463299,0.2645090398,0.05429172516,0.04792231321,0.309155795,0.6256982382,0.4271354337,0.5822776781
172,1.0,-0.7853981853,0.0,0.0,1.0,1.0,0.4266204167,0.2667429524,0.05508339405,0.04889422655,0.3093524981,0.6179770296,0.4256758492,0.594936786
173,1.0,-0.7853981853,0.0,0.0,1.0,1.0,0.4301688424,0.26908029,0.05564302206,0.04868763685,0.3017543181,0.6304348525,0.4247489446,0.6086959183
174,1.0,-0.7853981853,0.0,0.0,1.0,1.0,0.417885125,0.2719684885,0.05430454016,0.04917579889,0.3101044209,0.6333336626,0.4390651779,0.6073623722
175,1.0,-0.7853981853,0.0,0.0,1.0,1.0,0.4235120737,0.2757657687,0.05457222462,0.0494748354,0.3550640169,0.631868672,0.4648828465,0.6060610807
176,1.0,-0.7853981853,0.0,0.0,1.0,1.0,0.4002370715,0.2689529421,0.0525881052,0.04896134138,0.3924052298,0.6494250138,0.5116279374,0.6296298551
177,1.0,-0.7853981853,0.0,0.0,1.0,1.0,0.4011292148,0.2808351553,0.05209046602,0.04974931479,0.3618940258,0.651684969,0.4909092928,0.6235294822
178,1.0,-0.7853981853,0.0,0.0,1.0,1.0,0.3997769558,0.285788298,0.0548055172,0.0524096489,0.3661201069,0.6448083925,0.4869280865,0.6285710711
179,1.0,-0.7853981853,0.0,0.0,1.0,1.0,0.3909950651,0.2841863692,0.054651618,0.05202132463,0.3682008573,0.6470593368,0.4984023791,0.629214011
180,1.0,-0.7853981853,0.0,0.0,1.0,1.0,0.3808355479,0.2839683718,0.0551508069,0.05223280191,0.3669354046,0.6402115258,0.5047620189,0.6256988022
181,1.0,-0.7853981853,0.0,0.0,1.0,1.0,0.3648756445,0.2811933208,0.05215597153,0.04960483313,0.3551586317,0.6467397764,0.4823150789,0.6342854328
182,1.0,0.0,0.0,0.0,1.0,1.0,0.3623817942,0.2873794925,0.0531873107,0.05092406273,0.3558342632,0.6329786459,0.4824280419,0.611110721
183,1.0,0.0,0.0,0.0,1.0,1.0,0.3418379912,0.2626738892,0.04918378592,0.04557144642,0.4338164701,0.6158195856,0.560897437,0.6341460863
184,1.0,0.0,0.0,0.0,1.0,1.0,0.351742879,0.2712772395,0.05216765404,0.047960639,0.4872279764,0.6075262674,0.6126985283,0.6374268933
185,1.0,0.0,0.0,0.0,1.0,1.0,0.3476318173,0.2797179298,0.05346363783,0.04956525564,0.4981884871,0.609375331,0.6194968712,0.6179778659
186,1.0,0.0,0.0,0.0,1.0,1.0,0.3301887864,0.2714142586,0.05068558455,0.04632556438,0.481350016,0.6075276088,0.5974442401,0.635293497
187,1.0,0.0,0.0,0.0,1.0,1.0,0.3317224526,0.2779700052,0.05226641893,0.04795581102,0.4816081267,0.6134019854,0.5906248931,0.6348312442
188,1.0,0.0,0.0,0.0,1.0,1.0,0.3183154835,0.2721409568,0.05117106438,0.0470443368,0.4726026915,0.61827962,0.5955411904,0.6491226737
189,1.0,0.0,0.0,0.0,1.0,1.0,0.321337462,0.2864444647,0.05209189653,0.04915338755,0.4674360026,0.6051281699,0.5887850467,0.6250004547
190,1.0,0.0,0.0,0.0,1.0,1.0,0.3242742589,0.2902104435,0.05303633213,0.04934221506,0.4640838731,0.6169158981,0.5869565598,0.6417105064
191,1.0,0.0,0.0,0.0,1.0,1.0,0.3277915424,0.2913734511,0.05252462626,0.0478900671,0.4630225669,0.6225492699,0.5799374723,0.6505372998
192,1.0,0.0,0.0,0.0,1.0,1.0,0.3232782346,0.2878141986,0.05218660831,0.04701966047,0.4587670676,0.6039602716,0.5822784949,0.6483516066
193,1.0,0.0,0.0,0.0,1.0,1.0,0.3267406851,0.2957213733,0.05329149961,0.04885059595,0.4487179405,0.6176473549,0.5727850042,0.6310157557
194,1.0,0.0,0.0,0.0,1.0,1.0,0.3213640661,0.293384412,0.05213838816,0.04744589329,0.442122243,0.5999997714,0.5645161171,0.6373625959
195,1.0,0.0,0.0,0.0,1.0,1.0,0.3149366669,0.2890542145,0.0516833663,0.04667323828,0.4389067293,0.6020415106,0.5588234317,0.6384176173
196,1.0,0.0,0.0,0.0,1.0,1.0,0.3196925084,0.2945374561,0.05204463005,0.04678755999,0.4394184813,0.606060259,0.5496689214,0.6404489372
197,1.0,0.0,0.0,0.0,1.0,1.0,0.3212491722,0.291503942,0.05314576626,0.04697227478,0.4512987411,0.5959593467,0.5700000222,0.6457140537
198,1.0,0.0,0.0,0.0,1.0,1.0,0.3202094179,0.2984912756,0.05262684822,0.04731106758,0.4563107148,0.6010100438,0.5704696901,0.6404488578
199,1.0,0.0,0.0,0.0,1.0,1.0,0.3234440483,0.3068754897,0.05222457647,0.04778546095,0.4546925445,0.5950001313,0.5671141209,0.6338799586
200,1.0,0.0,0.0,0.0,1.0,1.0,0.3195605275,0.298819298,0.05365127325,0.04845035076,0.4518759761,0.6020403969,0.5608106767,0.6440675047
201,1.0,0.0,0.0,0.0,1.0,1.0,0.3331474984,0.307260843,0.05625844002,0.04994648695,0.4569105622,0.5853664738,0.5641891842,0.6373622702
202,1.0,0.0,0.0,0.0,1.0,1.0,0.3347643981,0.3125346429,0.05390644073,0.04869812727,0.4546925222,0.5893719593,0.5685618883,0.6417109027
203,1.0,0.0,0.0,0.0,1.0,1.0,0.3283189127,0.3004967694,0.05466419458,0.04850113392,0.4589373139,0.602940968,0.5747506551,0.6519329887
204,1.0,0.0,0.0,0.0,1.0,1.0,0.3159525263,0.2872147048,0.05118381977,0.04517751932,0.4596774401,0.6020400083,0.5780732458,0.653179023
205,1.0,0.0,0.0,0.0,1.0,1.0,0.3159525449,0.2865067247,0.05088925362,0.04465794563,0.4516129898,0.5969383213,0.5833332377,0.6569772408
206,1.0,0.0,0.0,0.0,1.0,1.0,0.3298969779,0.3031642933,0.05447071791,0.0488358736,0.4764227862,0.615763563,0.6033333161,0.6593399485
207,1.0,0.0,0.0,0.0,1.0,1.0,0.3320726817,0.3051102117,0.05662053823,0.05084854364,0.4612903916,0.6116502708,0.5973600417,0.6486483952
208,1.0,0.0,0.0,0.0,1.0,1.0,0.3326142616,0.3106818806,0.05764126778,0.05237597227,0.4527999086,0.6057690319,0.5921052027,0.6507932534
209,1.0,0.0,0.0,0.0,1.0,1.0,0.3277652884,0.3031641003,0.05597352982,0.05018317699,0.4588045649,0.5960589087,0.5866667195,0.6428568035
210,1.0,0.0,0.0,0.0,1.0,1.0,0.3331470278,0.3114928844,0.05399346352,0.04901355505,0.4611650418,0.5922327954,0.5966666199,0.6417109828
211,1.0,0.0,0.0,0.0,1.0,1.0,0.3282720828,0.3058493017,0.05324089527,0.04823309183,0.460162555,0.5990098899,0.5886288586,0.6338806525
212,1.0,0.0,0.0,0.0,1.0,1.0,0.3320675683,0.3102291939,0.05371570587,0.04847508669,0.4359805454,0.6048779405,0.5704697551,0.6378380306
213,1.0,0.0,0.0,0.0,1.0,1.0,0.3342186974,0.3121179181,0.05644583702,0.05101829767,0.4405144405,0.6009615588,0.5647841271,0.6436172885
214,1.0,0.0,0.0,0.0,1.0,1.0,0.3293797569,0.3064954157,0.05450308323,0.04915964603,0.4378029198,0.61274483,0.5633331649,0.6576078917
215,1.0,0.0,0.0,0.0,1.0,1.0,0.3347567352,0.3131586318,0.05626070499,0.05085104704,0.4315620696,0.6201920123,0.5533330911,0.648936457
216,1.0,0.0,0.0,0.0,1.0,1.0,0.3336822033,0.3110843285,0.05484342575,0.04956996441,0.4301764949,0.5961537626,0.5596024954,0.6382980258
217,1.0,0.0,0.0,0.0,1.0,1.0,0.3266470481,0.3001678028,0.05326610804,0.04743593931,0.4357724056,0.606965536,0.5604023947,0.6592179613
218,1.0,0.0,0.0,0.0,1.0,1.0,0.3299128817,0.3048296596,0.05588936806,0.05013602972,0.42718456,0.5980389648,0.5566667524,0.6448083144
219,1.0,0.0,0.0,0.0,1.0,1.0,0.330994497,0.3064951874,0.05585581064,0.05013394356,0.4248788491,0.6048777885,0.5566666351,0.6467397766
220,1.0,0.0,0.0,0.0,1.0,1.0,0.3229212176,0.3001679448,0.05575340986,0.04989933968,0.4248789503,0.6049998557,0.5570470833,0.6536315118
221,1.0,0.0,0.0,0.0,1.0,1.0,0.3266786755,0.3014978927,0.05281001329,0.04731976986,0.4288026096,0.5940598529,0.563333265,0.6464087145
222,1.0,0.0,0.0,0.0,1.0,1.0,0.3283190029,0.2971761064,0.05319941044,0.04667985439,0.4090176654,0.5931366508,0.5415281484,0.636871487
223,1.0,0.0,0.0,0.0,1.0,1.0,0.3262179273,0.3028110378,0.05562704802,0.04990071058,0.4015999855,0.617646397,0.5298013125,0.6448079599
224,1.0,0.0,0.0,0.0,1.0,1.0,0.3278426007,0.3031095619,0.05338698626,0.04794460535,0.4140128065,0.6019415308,0.5377047574,0.6324323048
225,1.0,0.0,0.0,0.0,1.0,1.0,0.3347413686,0.3096630568,0.05661821365,0.05095636845,0.4114833265,0.604761995,0.5475412223,0.6402119063
226,1.0,0.0,0.0,0.0,1.0,1.0,0.3326190832,0.303401978,0.05401104689,0.04809558392,0.4072899394,0.6047618785,0.5422078471,0.6417109715
227,1.0,0.0,0.0,0.0,1.0,1.0,0.3342081671,0.3053852703,0.05743277073,0.05114257336,0.4092356742,0.5999997924,0.5457513781,0.631016398
228,1.0,0.0,0.0,0.0,1.0,1.0,0.3246593838,0.2962516646,0.05283761024,0.04713946581,0.4124203819,0.6078425843,0.5407166282,0.6538453271
229,1.0,0.0,0.0,0.0,1.0,1.0,0.3312803198,0.297879158,0.05628442764,0.04975867271,0.4203362704,0.603864678,0.5472312587,0.6448086515
230,1.0,0.0,0.0,0.0,1.0,1.0,0.3240565891,0.290687013,0.05462020636,0.04813063145,0.4157302576,0.5990102305,0.5424837872,0.6460672348
231,1.0,0.0,0.0,0.0,1.0,1.0,0.3267095634,0.2906873055,0.05209577084,0.04568004608,0.4202899661,0.6059115217,0.5490198012,0.6460677676
232,1.0,0.0,0.0,0.0,1.0,1.0,0.331537717,0.2897404688,0.05412101746,0.04676479101,0.4154588406,0.6067962555,0.5472313786,0.6573033063
233,1.0,0.0,0.0,0.0,1.0,1.0,0.3347568697,0.2998328174,0.05714195967,0.05027395487,0.4202897792,0.6009619447,0.5475407657,0.6338793797
234,1.0,0.0,0.0,0.0,1.0,1.0,0.3358253993,0.3027626301,0.05446094275,0.04846763611,0.4276527804,0.6172246343,0.5570033071,0.634409065
235,1.0,0.0,0.0,0.0,1.0,1.0,0.3407187785,0.3001570632,0.05492705107,0.04838812351,0.4285713758,0.5999991319,0.5551950645,0.6324323925
236,1.0,0.0,0.0,0.0,1.0,1.0,0.3390674579,0.3027627774,0.0549685955,0.04868650436,0.4281097997,0.6,0.5504886947,0.6290326925
237,1.0,0.0,0.0,0.0,1.0,1.0,0.3342237207,0.2995069795,0.05375474691,0.04778200388,0.424878785,0.6038653664,0.5504886492,0.6358705618
238,1.0,0.0,0.0,0.0,1.0,1.0,0.338520575,0.2991855045,0.05490535498,0.04836899042,0.4548387316,0.6000006514,0.588996864,0.6378372317
239,1.0,0.0,0.0,0.0,1.0,1.0,0.3352964983,0.2982206981,0.05464172363,0.0485996604,0.4661290503,0.6057698181,0.6032260637,0.6378379306
240,1.0,0.0,0.0,0.0,1.0,1.0,0.3428506629,0.3008027936,0.0579366684,0.05083119869,0.4692556286,0.603774012,0.6051779479,0.6397856019
241,1.0,0.0,0.0,0.0,1.0,1.0,0.3449687852,0.3062807614,0.05741792917,0.05097854137,0.4548386788,0.602804073,0.5903227401,0.6315794397
242,1.0,0.0,0.0,0.0,1.0,1.0,0.3422967136,0.2966084933,0.05653917789,0.04907172918,0.4604199691,0.5943388469,0.5967743272,0.6304338584
243,1.0,0.0,0.0,0.0,1.0,1.0,0.3527442138,0.3034023455,0.05646920204,0.04888772964,0.4640523496,0.5833336852,0.5974026214,0.6203206535
244,1.0,0.0,0.0,0.0,1.0,1.0,0.3515951019,0.3060179804,0.05698758364,0.04960030317,0.4609120633,0.5787031178,0.5928335995,0.6063834262
245,1.0,0.0,0.0,0.0,1.0,1.0,0.3502176353,0.2981943359,0.05595111847,0.04803353548,0.4644627338,0.5801882169,0.5934425065,0.6208788277
246,1.0,0.0,0.0,0.0,1.0,1.0,0.3458967003,0.2912283338,0.05433267355,0.04597383738,0.4692179121,0.5817304792,0.5927153743,0.6250004862
247,1.0,0.0,0.0,0.0,1.0,1.0,0.3047703927,0.2296014095,0.04849022627,0.03684169054,0.4770017168,0.5865922749,0.6013511581,0.6691171831
248,1.0,0.0,0.0,0.0,1.0,1.0,0.2643453408,0.1513751426,0.03878927231,0.02205139399,0.4474637418,0.6575334677,0.536496098,0.6385537935
249,1.0,0.0,0.0,0.0,1.0,1.0,0.2850458797,0.1647825619,0.04225689173,0.02429771423,0.4509803173,0.6500007758,0.5519715391,0.6630450781
250,1.0,0.0,0.0,0.0,1.0,1.0,0.2989924987,0.2177835724,0.04802823067,0.03480696678,0.4554622588,0.6067412941,0.5810812726,0.6744182861
251,1.0,0.0,0.0,0.0,1.0,1.0,0.3070068653,0.245654264,0.04790616035,0.03801256418,0.4590985122,0.5815221989,0.5858585236,0.6301374374
252,1.0,0.0,0.0,0.0,1.0,1.0,0.3259766096,0.2623952509,0.05191445351,0.04137349129,0.4569537254,0.5888321201,0.5819398284,0.6305731475
253,1.0,0.0,0.0,0.0,1.0,1.0,0.3186867522,0.2565681099,0.05124759674,0.04105174541,0.450751356,0.5654460614,0.5738251608,0.6339878676
254,1.0,0.0,0.0,0.0,1.0,1.0,0.2762092175,0.1427774273,0.04036480188,0.02124464512,0.4854545987,0.6381574964,0.5714285714,0.6500002806
255,1.0,0.0,0.0,0.0,1.0,1.0,0.2816107478,0.1376041073,0.04171234369,0.02071982622,0.4972376319,0.5686272268,0.5760869909,0.5789466114
256,1.0,0.0,0.0,0.0,1.0,1.0,0.28912415,0.1791112789,0.043646276,0.0269421339,0.4714284473,0.6172836809,0.5698922473,0.6300003982
257,1.0,0.0,0.0,0.0,1.0,1.0,0.3156134426,0.2175654864,0.05060744286,0.03482657671,0.4821732539,0.5913972289,0.6054421439,0.6640623797
258,1.0,0.0,0.0,0.0,1.0,1.0,0.3254382216,0.2607236043,0.05208539963,0.04124522209,0.4743802238,0.5736043339,0.6053513936,0.6346151623
259,1.0,0.0,0.0,0.0,1.0,1.0,0.3364456134,0.2765123119,0.05406349897,0.04399287701,0.4768977054,0.5735291361,0.6099999963,0.6265055997
260,1.0,0.0,0.0,0.0,1.0,1.0,0.3359192165,0.2751843275,0.05536913872,0.04467904568,0.4675540835,0.569306952,0.5912162311,0.6380367934
261,1.0,0.0,0.0,0.0,1.0,1.0,0.3430919623,0.293056687,0.05580079556,0.04663544893,0.4593698303,0.5797109964,0.5932201803,0.6184968808
262,1.0,0.0,0.0,0.0,1.0,1.0,0.3469824834,0.2886901228,0.05704015493,0.04666918516,0.4601328194,0.5741623344,0.5945944551,0.6257307029
263,1.0,0.0,0.0,0.0,1.0,1.0,0.3447495349,0.290378205,0.05609041452,0.04638242722,0.4593698227,0.5721153489,0.5945945341,0.633721767
264,1.0,0.0,0.0,0.0,1.0,1.0,0.3386266429,0.2910833883,0.0564956069,0.04744535685,0.4490132073,0.5728156364,0.58922554,0.6242781102
265,1.0,0.0,0.0,0.0,1.0,1.0,0.3391845858,0.2826705122,0.05696022511,0.04645299911,0.4629324208,0.572815534,0.5959593835,0.619047619
266,1.0,0.0,0.0,0.0,1.0,1.0,0.3375820573,0.2882350953,0.05557203293,0.04626441002,0.4392678331,0.5665022781,0.5733787268,0.6272191789
267,1.0,0.0,0.0,0.0,1.0,1.0,0.3469135946,0.3005077228,0.05631268024,0.04773169756,0.4330578799,0.5809519777,0.5675676588,0.6235962563
268,1.0,0.0,0.0,0.0,1.0,1.0,0.3380463568,0.2958213275,0.05478352308,0.04684388638,0.4395423741,0.5797098296,0.5652174404,0.6271188813
269,1.0,0.0,0.0,0.0,1.0,1.0,0.3435579463,0.2978133608,0.05497831106,0.0465605855,0.4407893561,0.5789471402,0.5690233418,0.6214691797
270,1.0,0.0,0.0,0.0,1.0,1.0,0.3408311404,0.2978134611,0.05516016483,0.04716593027,0.4365733108,0.5797107087,0.5690236184,0.6271197364
271,1.0,0.0,0.0,0.0,1.0,1.0,0.3391548322,0.292765586,0.05512404442,0.04633611441,0.4409835559,0.5797099569,0.5622896688,0.626436375
272,1.0,0.0,0.0,0.0,1.0,1.0,0.3397444947,0.2944483938,0.05579787493,0.04740107059,0.4339933215,0.5776700533,0.5622895099,0.6228582422
273,1.0,0.0,0.0,0.0,1.0,1.0,0.3448076586,0.2998326235,0.05674141645,0.04851800203,0.4433333041,0.579710556,0.5661019184,0.6214691209
274,1.0,0.0,0.0,0.0,1.0,1.0,0.3370018771,0.2927657444,0.05417305231,0.0462064147,0.4512397859,0.5686273,0.5824917236,0.6091948685
275,1.0,0.0,0.0,0.0,1.0,1.0,0.3488310629,0.3024625219,0.05734992027,0.04908084869,0.4529220255,0.5767440749,0.5855259944,0.625
276,1.0,0.0,0.0,0.0,1.0,1.0,0.3407559592,0.2998325848,0.05587553978,0.04812246561,0.4502447794,0.5837326495,0.5833332714,0.6277786517
277,1.0,0.0,0.0,0.0,1.0,1.0,0.3484896791,0.3058492597,0.0562261343,0.04853481054,0.4539472639,0.5754718981,0.5886290854,0.6174861442
278,1.0,0.0,0.0,0.0,1.0,1.0,0.3423411428,0.3048294523,0.05647224188,0.0489782691,0.4464285182,0.5876771999,0.5766667112,0.6284155532
279,1.0,0.0,0.0,0.0,1.0,1.0,0.3353283005,0.3011788239,0.05554240942,0.04849803448,0.4386251154,0.5853664818,0.5690235865,0.6256983858
280,1.0,0.0,0.0,0.0,1.0,1.0,0.3369638792,0.3015264995,0.05533087254,0.04781019688,0.4468085145,0.5776701016,0.5728812527,0.6292135112
281,1.0,0.0,0.0,0.0,1.0,1.0,0.3402010143,0.3066085164,0.0580098629,0.05023819208,0.4771986139,0.5789473143,0.6101693436,0.6408845154
282,1.0,0.0,0.0,0.0,1.0,1.0,0.3337004801,0.2988021742,0.0541793108,0.04690152407,0.4933555194,0.5721392597,0.6185568067,0.6379307058
283,1.0,0.0,0.0,0.0,1.0,1.0,0.33698281,0.3159747043,0.05697417259,0.05113780499,0.4901315357,0.5756098122,0.6082473467,0.6304341745
284,1.0,0.0,0.0,0.0,1.0,1.0,0.3386265429,0.3125401483,0.05740958452,0.05072110891,0.4868421249,0.5728150602,0.6082474908,0.6373632572
285,1.0,0.0,0.0,0.0,1.0,1.0,0.3336925682,0.3105904838,0.05663084984,0.04969078302,0.4746317989,0.5637264395,0.597222217,0.6312846884
286,1.0,0.0,0.0,0.0,1.0,1.0,0.3320620834,0.3077865894,0.05605977774,0.04891490936,0.4771987051,0.5735295212,0.5951554861,0.634832378
287,1.0,0.0,0.0,0.0,1.0,1.0,0.3304478941,0.3129738184,0.05410575867,0.0480055213,0.4781200367,0.5686272782,0.6055363093,0.6243091933
288,1.0,0.0,0.0,0.0,1.0,1.0,0.3288068061,0.3108229028,0.0561259985,0.0502910614,0.4837133103,0.5742578358,0.6082476316,0.6353597774
289,1.0,0.0,0.0,0.0,1.0,1.0,0.3271789387,0.3043285562,0.05501431227,0.04817175865,0.485342053,0.5820894552,0.605536211,0.6477267665
290,1.0,0.0,0.0,0.0,1.0,1.0,0.3315301974,0.3114698759,0.05593705177,0.04966115952,0.4757281416,0.5804875606,0.6027399821,0.6373635342
291,1.0,0.0,0.0,0.0,1.0,1.0,0.336413521,0.3114700376,0.05668413639,0.05008018017,0.4836601007,0.5776707094,0.6095890716,0.637362742
292,1.0,0.0,0.0,0.0,1.0,1.0,0.3347802828,0.3087015975,0.05663269758,0.05000257492,0.4869280818,0.5804876971,0.6040954928,0.6353587538
293,1.0,0.0,0.0,0.0,1.0,1.0,0.3347884551,0.3012017516,0.05655485392,0.04879242182,0.486042792,0.5882352321,0.6061642891,0.6420453921
294,1.0,0.0,0.0,0.0,1.0,1.0,0.3233008172,0.2892223931,0.05410861969,0.04641807079,0.4384237041,0.5786799179,0.5616440493,0.6331362694
295,1.0,0.0,0.0,0.0,1.0,1.0,0.3298809335,0.3001736482,0.05589932203,0.04870438576,0.4411764189,0.5742577319,0.5597271443,0.6363636364
296,1.0,0.0,0.0,0.0,1.0,1.0,0.3298969401,0.2991527473,0.05546146631,0.04808485508,0.4357724191,0.5763550133,0.5612244671,0.6363640871
297,1.0,0.0,0.0,0.0,1.0,1.0,0.333695072,0.3029128187,0.05500215292,0.04795753956,0.4440790092,0.5714279522,0.5616439336,0.6271187705
298,1.0,0.0,0.0,0.0,1.0,1.0,0.3336954621,0.3043283723,0.05494296551,0.04763525724,0.4523027155,0.5714284165,0.5709341875,0.6306821808
299,1.0,0.0,0.0,0.0,1.0,1.0,0.3287200403,0.2956827577,0.05473130941,0.04726797342,0.4534883763,0.5707076262,0.5743946804,0.6315790801
300,1.0,0.0,0.0,0.0,1.0,1.0,0.3259769684,0.2862983918,0.05447924137,0.04562979937,0.4536423649,0.5736042275,0.5694444912,0.6363630426
301,1.0,0.0,0.0,0.0,1.0,1.0,0.3353497715,0.294662731,0.05532211065,0.04660135508,0.4661157179,0.5665026488,0.5862067536,0.6198830709
302,1.0,0.0,0.0,0.0,1.0,1.0,0.3309733849,0.2909332687,0.05545151234,0.04643720388,0.4551386556,0.5714279572,0.571917656,0.6352949029
303,1.0,0.0,0.0,0.0,1.0,1.0,0.3233965087,0.2919334106,0.05463647842,0.04667443037,0.4487805351,0.5778892225,0.5670103208,0.6294122981
304,1.0,0.0,0.0,0.0,1.0,1.0,0.321306773,0.2899402027,0.05337816477,0.045599401,0.4474959154,0.5778890208,0.5665527924,0.6294124029
305,1.0,0.0,0.0,0.0,1.0,1.0,0.3244941021,0.2909333852,0.05495023727,0.04670768976,0.4480520092,0.5800000434,0.5719179532,0.6411765832
306,1.0,0.0,0.0,0.0,1.0,1.0,0.3304863109,0.3005081813,0.05571228266,0.04790723324,0.4520767235,0.5748793459,0.5777029099,0.6235956454
307,1.0,0.0,0.0,0.0,1.0,1.0,0.3213071502,0.2855551103,0.05493402481,0.04637646675,0.4507270235,0.5778894145,0.5714287811,0.6309525646
308,1.0,0.0,0.0,0.0,1.0,1.0,0.3260475494,0.2884987371,0.05330401659,0.04500037432,0.4819671653,0.5778889022,0.6048109808,0.6428572375
309,1.0,0.0,0.0,0.0,1.0,1.0,0.3315062859,0.2916457589,0.05426460505,0.04593682289,0.5106733027,0.5792078066,0.641638304,0.6432751346
310,1.0,0.0,0.0,0.0,1.0,1.0,0.3276042457,0.2897687277,0.05369031429,0.04551410675,0.5124791343,0.5786801129,0.6388888151,0.6467063908
311,1.0,0.0,0.0,0.0,1.0,1.0,0.3375161765,0.3050017763,0.05699700117,0.0489731431,0.5098361376,0.577670507,0.6413793129,0.638417639
312,1.0,0.0,0.0,0.0,1.0,1.0,0.3337010109,0.2956825567,0.05460608006,0.04645586014,0.5182724322,0.5820891612,0.6435985713,0.6491224018
313,1.0,0.0,0.0,0.0,1.0,1.0,0.3353499252,0.2949740121,0.05487436056,0.04595386982,0.520661157,0.5862069715,0.6388890908,0.629412253
314,1.0,0.0,0.0,0.0,1.0,1.0,0.3303939163,0.2932389376,0.05421453714,0.04581129551,0.5355371727,0.5749998076,0.6493056337,0.639052754
315,1.0,0.0,0.0,0.0,1.0,1.0,0.3233487789,0.2925193377,0.0552944541,0.04691648483,0.5506535731,0.5757577717,0.6620208127,0.6369053064
316,1.0,0.0,0.0,0.0,1.0,1.0,0.3180044051,0.2920903525,0.05356371403,0.04536515474,0.560064889,0.5765303511,0.6654930875,0.6506022197
317,1.0,0.0,0.0,0.0,1.0,1.0,0.3161330123,0.2965970071,0.05198597908,0.0446754694,0.5634266821,0.5624997134,0.6654677953,0.6363641215
318,1.0,0.0,0.0,0.0,1.0,1.0,0.2998324486,0.284787146,0.0513471961,0.04389357567,0.5596773991,0.5752690481,0.6559139743,0.6540890154
319,1.0,0.0,0.0,0.0,1.0,1.0,0.2792557822,0.253507796,0.04835349321,0.03930485249,0.5816992879,0.5438595626,0.6751822039,0.6618710818
320,1.0,0.0,0.0,0.0,1.0,1.0,0.277990418,0.2498604571,0.04698312283,0.03775429726,0.5811258272,0.5476196517,0.6777776331,0.659259692
321,1.0,0.7853981853,0.0,0.0,1.0,1.0,0.2789139377,0.2591837965,0.04768037796,0.03944987059,0.5863788073,0.5595241667,0.6791043958,0.6618705797
322,1.0,0.7853981853,0.0,0.0,1.0,1.0,0.2786422157,0.2638974078,0.04680585861,0.03951871395,0.5859765901,0.5508982875,0.6779027007,0.6595743076
323,1.0,0.0,0.0,0.0,1.0,1.0,0.28579082,0.2796945908,0.04756700993,0.04124307632,0.6000000358,0.566473945,0.6902984607,0.6533346629
324,1.0,0.0,0.0,0.0,1.0,1.0,0.2829543414,0.2591145791,0.04649949074,0.03806978464,0.6076158058,0.5555559828,0.6999998377,0.6642863294
325,1.0,0.0,0.0,0.0,1.0,1.0,0.2817662184,0.2666421895,0.04626238346,0.03891485929,0.6036482938,0.5470589599,0.6977614379,0.6433557008
326,1.0,0.7853981853,0.0,0.0,1.0,1.0,0.2775307252,0.2563142901,0.04563087225,0.03775411844,0.5851239045,0.5535719651,0.6863468246,0.6546765202
327,1.0,0.7853981853,0.0,0.0,1.0,1.0,0.2819794105,0.2666419135,0.04618573189,0.03908020258,0.5859766128,0.5562134454,0.6791042652,0.6503507169
328,1.0,0.0,0.0,0.0,1.0,1.0,0.2853166094,0.2732556089,0.04651796818,0.03971707821,0.585976661,0.5614036661,0.68164796,0.6506838831
329,1.0,0.0,0.0,0.0,1.0,1.0,0.2751841276,0.2517250531,0.04505211115,0.03731310368,0.5962837624,0.5521473204,0.6902982854,0.6740738966
330,1.0,0.0,0.0,0.0,1.0,1.0,0.2502860359,0.2107031874,0.04055052996,0.03117150068,0.5672912857,0.5510204682,0.6529852415,0.663717491
331,1.0,0.0,0.0,0.0,1.0,1.0,0.2472303247,0.1926407231,0.03877651691,0.02777612209,0.5298245174,0.581560251,0.6068704057,0.6336635151
332,1.0,0.0,0.0,0.0,1.0,1.0,0.2392282933,0.1781952538,0.0361713171,0.02465009689,0.4875886728,0.6148150956,0.5581394547,0.6195642712
333,1.0,0.0,0.0,0.0,1.0,1.0,0.2507431703,0.1665734582,0.03974068165,0.02490788698,0.4805655032,0.6126754437,0.5468162361,0.5955059406
334,1.0,0.0,0.0,0.0,1.0,1.0,0.2647078177,0.1959338666,0.04280126095,0.02990603447,0.4499151138,0.5961542211,0.5467626433,0.6055048431
335,1.0,0.0,0.0,0.0,1.0,1.0,0.2860355337,0.2409368631,0.04748743773,0.03771060705,0.459595951,0.5647057199,0.5607145251,0.6222223276
336,1.0,0.0,0.0,0.0,1.0,1.0,0.2878915316,0.2447265383,0.04715871811,0.03831648827,0.4500817708,0.5738644981,0.565068325,0.6433567086
337,1.0,0.0,0.0,0.0,1.0,1.0,0.3082856935,0.2515718251,0.052067101,0.04114979506,0.4610282619,0.5752689341,0.5719176959,0.6462580698
338,1.0,0.0,0.0,0.0,1.0,1.0,0.3105702794,0.2515602954,0.05140393972,0.04046696424,0.4545455855,0.5744682085,0.5714286244,0.655405694
339,1.0,0.0,0.0,0.0,1.0,1.0,0.3121179598,0.2549944777,0.05040603876,0.03994947672,0.4534884365,0.5797879322,0.5719177783,0.6442951118
340,1.0,0.0,0.0,0.0,1.0,1.0,0.3093116151,0.2447264233,0.05014115572,0.03854936361,0.4509150659,0.5806456981,0.56506837,0.6363639175
341,1.0,0.0,0.0,0.0,1.0,1.0,0.2769323376,0.1840128576,0.04253160954,0.02780914307,0.4635879201,0.6217946023,0.566786894,0.6274498457
342,1.0,0.0,0.0,0.0,1.0,1.0,0.2925641119,0.1604271878,0.0430637598,0.02327048779,0.4472727383,0.5652175117,0.5202951196,0.5977014144
343,1.0,0.0,0.0,0.0,1.0,1.0,0.2928769052,0.1528999252,0.04274260998,0.02190560102,0.4230769898,0.5999997211,0.500000208,0.6585363863
344,1.0,0.0,0.0,0.0,1.0,1.0,0.3058120669,0.2085042746,0.04895377159,0.03309166431,0.454700842,0.597764785,0.5620687661,0.6363633089
345,1.0,0.0,0.0,0.0,1.0,1.0,0.3292862324,0.2657375911,0.0539021492,0.0430675149,0.4437086539,0.5829146062,0.575250814,0.6289310265
346,1.0,0.0,0.0,0.0,1.0,1.0,0.3314816979,0.2683066973,0.05431365967,0.04366928339,0.4466667243,0.5728639907,0.5805367972,0.6312504351
347,1.0,0.0,0.0,0.0,1.0,1.0,0.3320407082,0.2724232377,0.05390179157,0.0439299345,0.4568106986,0.5749998341,0.5819400243,0.631901083
348,1.0,0.0,0.0,0.0,1.0,1.0,0.3380949819,0.2739333789,0.05645799637,0.04544180632,0.4405940598,0.5658535401,0.5714285201,0.6303032449
349,1.0,0.0,0.0,0.0,1.0,1.0,0.3481386797,0.2807793395,0.0574554801,0.04618430138,0.4483333365,0.5693780649,0.578595451,0.613095023
350,1.0,0.0,0.0,0.0,1.0,1.0,0.3442337355,0.2766910019,0.05641704798,0.04497009516,0.4509151859,0.5700475742,0.5805368328,0.6242423519
351,1.0,0.0,0.0,0.0,1.0,1.0,0.350974468,0.2807797203,0.05734485388,0.04587590694,0.4515049679,0.5714285714,0.5785954849,0.6309522263
352,1.0,0.0,0.0,0.0,1.0,1.0,0.3476321331,0.2791083731,0.05762892962,0.0462693572,0.4548495359,0.5673075431,0.578595331,0.622754167
353,1.0,0.0,0.0,0.0,1.0,1.0,0.3415177172,0.277436845,0.05535179377,0.04504114389,0.457286519,0.5735288575,0.5819398128,0.6325302879
354,1.0,0.0,0.0,0.0,1.0,1.0,0.3504751688,0.2781782187,0.05697852373,0.04552835226,0.4580536722,0.5693782357,0.5800000146,0.6287424444
355,1.0,0.0,0.0,0.0,1.0,1.0,0.3437146268,0.2737743293,0.05586695671,0.04501897097,0.454090117,0.5825239093,0.5841585666,0.6265065346
356,1.0,0.0,0.0,0.0,1.0,1.0,0.3415602813,0.270751694,0.05463427305,0.04359972477,0.4562288449,0.5763546368,0.5819398439,0.6172838156
357,1.0,0.0,0.0,0.0,1.0,1.0,0.3493847538,0.273933424,0.05655139685,0.04486048222,0.4504202035,0.5817311797,0.574750856,0.630302378
358,1.0,0.0,0.0,0.0,1.0,1.0,0.3477050755,0.2706130646,0.05616694689,0.04422807693,0.4453780722,0.5797097604,0.568106036,0.6257668216
359,1.0,0.0,0.0,0.0,1.0,1.0,0.3534405445,0.2733372931,0.05782061815,0.04509454966,0.4433164502,0.5789474769,0.5637585057,0.6319027811
360,1.0,0.0,0.0,0.0,1.0,1.0,0.3486621627,0.2802492747,0.05619829893,0.04528605938,0.4428450373,0.5728158532,0.5777028585,0.6325301998
361,1.0,0.0,0.0,0.0,1.0,1.0,0.3466762401,0.2759403206,0.05606144667,0.04484915733,0.4483925834,0.5707311109,0.5690235863,0.6341455311
362,1.0,0.0,0.0,0.0,1.0,1.0,0.3467451638,0.2795047687,0.05623376369,0.04548317194,0.4489795562,0.5637248979,0.5762710623,0.6181820803
363,1.0,0.0,0.0,0.0,1.0,1.0,0.3450453789,0.2838552301,0.05575478077,0.04586726427,0.4489795975,0.5714285714,0.56802732,0.6167661869
364,1.0,0.0,0.0,0.0,1.0,1.0,0.3473357801,0.2797071315,0.05605357885,0.04506266117,0.4497444214,0.5784311953,0.5699658147,0.6219508324
365,1.0,0.0,0.0,0.0,1.0,1.0,0.3387650124,0.2742575622,0.05661606789,0.0459125638,0.4114672096,0.5771145221,0.538720631,0.6134963033
366,1.0,0.0,0.0,0.0,1.0,1.0,0.3314645162,0.2591774351,0.05381327868,0.04179412127,0.3602694122,0.5837565363,0.4847455497,0.61437929
367,1.0,0.0,0.0,0.0,1.0,1.0,0.3196867707,0.2584172822,0.05156242847,0.04097855091,0.3232324035,0.5947364041,0.4349314721,0.6092717736
368,1.0,0.0,0.0,0.0,1.0,1.0,0.3331472851,0.2768722066,0.05356121063,0.04392015934,0.3200000222,0.5950002671,0.442567254,0.609756561
369,1.0,0.0,0.0,0.0,1.0,1.0,0.3420909266,0.2879747868,0.05494374037,0.04578644037,0.3221476249,0.5931364945,0.4474574759,0.6117638176
370,1.0,0.0,0.0,0.0,1.0,1.0,0.3376721879,0.2838555443,0.05404096842,0.04535102844,0.3157894002,0.5979901992,0.4421767591,0.6047900808
371,1.0,0.0,0.0,0.0,1.0,1.0,0.3421819085,0.2899404657,0.05560874939,0.04679942131,0.3203390937,0.5990096038,0.4368600947,0.5941179168
372,1.0,0.0,0.0,0.0,1.0,1.0,0.3457986844,0.2867525905,0.05581128597,0.04655474424,0.3147679169,0.6000002136,0.4429530275,0.6081870896
373,1.0,0.0,0.0,0.0,1.0,1.0,0.3508587667,0.2994959437,0.05624949932,0.04813659191,0.3164557691,0.6009611003,0.4478117013,0.5898875431
374,1.0,0.0,0.0,0.0,1.0,1.0,0.3542325681,0.2994961228,0.0570153594,0.04832732677,0.3164557079,0.6047624872,0.4478113421,0.6067417532
375,1.0,0.0,0.0,0.0,1.0,1.0,0.362822569,0.3081611028,0.05978703499,0.05120646954,0.324369837,0.6111110003,0.4466664801,0.6108110562
376,1.0,0.0,0.0,0.0,1.0,1.0,0.3618962885,0.3064953474,0.05836910009,0.05018645525,0.3231810528,0.602803514,0.4500000182,0.5978260999
377,1.0,0.0,0.0,0.0,1.0,1.0,0.3588173643,0.2991643004,0.05745357275,0.04851037264,0.3226078976,0.6037735849,0.4481607072,0.6089382935
378,1.0,0.0,0.0,0.0,1.0,1.0,0.360815334,0.302506588,0.05844908953,0.04966801405,0.3254237229,0.6056344348,0.4581940674,0.6077348729
379,1.0,0.0,0.0,0.0,1.0,1.0,0.3615898949,0.3098268777,0.05779796839,0.05023562908,0.3169906296,0.6074772427,0.4500002573,0.6021506525
380,1.0,0.0,0.0,0.0,1.0,1.0,0.3500583567,0.2968141333,0.0573143959,0.04900795221,0.31472082,0.6086955165,0.4463086897,0.6101698213
381,1.0,0.0,0.0,0.0,1.0,1.0,0.3457984512,0.2931695542,0.05545789003,0.04761260748,0.3232068536,0.6097563597,0.4566666679,0.6136363352
382,1.0,0.0,0.0,0.0,1.0,1.0,0.3449848204,0.2894005346,0.05534821749,0.04666614532,0.3299491405,0.6029416674,0.4579121916,0.6104648192
383,1.0,0.0,0.0,0.0,1.0,1.0,0.344041825,0.2838551439,0.05610221624,0.04684537649,0.3218588637,0.599999575,0.4489793191,0.610778245
384,1.0,0.0,0.0,0.0,1.0,1.0,0.3291676055,0.27117976,0.05261403322,0.04334527254,0.3344709354,0.6010363457,0.4539248765,0.6037735849
385,1.0,0.0,0.0,0.0,1.0,1.0,0.35023195,0.286035476,0.0561452508,0.04655945301,0.4051281546,0.5804879395,0.5319865554,0.617647586
386,1.0,0.0,0.0,0.0,1.0,1.0,0.3545846366,0.2814129317,0.0554946661,0.04488539696,0.4400000838,0.5882351678,0.5665531127,0.6303030866
387,1.0,0.0,0.0,0.0,1.0,1.0,0.3504989531,0.2797072244,0.05581063032,0.04531157017,0.4461804953,0.5940596809,0.5699658075,0.621951797
388,1.0,0.0,0.0,0.0,1.0,1.0,0.3565762161,0.2937549484,0.05614954233,0.0469712615,0.4339622784,0.5913465876,0.5540540238,0.6091946293
389,1.0,0.0,0.0,0.0,1.0,1.0,0.3539686266,0.2899406548,0.05583149195,0.04652631283,0.4392360572,0.5931373753,0.5597268864,0.6294111317
390,1.0,0.0,0.0,0.0,1.0,1.0,0.3458937999,0.28334691,0.05471038818,0.04536288977,0.4278259919,0.587939923,0.5532644372,0.6242426711
391,1.0,0.0,0.0,0.0,1.0,1.0,0.3486026545,0.2840877675,0.05535250902,0.04526358843,0.4295533207,0.5911328246,0.5582189564,0.620481777
392,1.0,0.0,0.0,0.0,1.0,1.0,0.3552438099,0.2877183904,0.05613774061,0.04593092203,0.4710884793,0.5885170969,0.6026937347,0.6257310928
393,1.0,0.0,0.0,0.0,1.0,1.0,0.3573048953,0.2924787915,0.05639851093,0.04655534029,0.4806070116,0.5990562349,0.615384673,0.6342858313
394,1.0,0.0,0.0,0.0,1.0,1.0,0.3521520804,0.2874650135,0.05641531944,0.04620689154,0.4798658648,0.5904762005,0.6153845583,0.6279070667
395,1.0,0.0,0.0,0.0,1.0,1.0,0.3487983695,0.2867525006,0.05606073141,0.0460883975,0.4748321311,0.5769231178,0.6140939224,0.6198827006
396,1.0,0.0,0.0,0.0,1.0,1.0,0.3410256903,0.281721639,0.05337452888,0.04439067841,0.478040575,0.579208153,0.6107379631,0.619047683
397,1.0,0.0,0.0,0.0,1.0,1.0,0.3437676728,0.2891363217,0.05729144812,0.04834842682,0.4681207665,0.5853654477,0.6086954197,0.6242775707
398,1.0,0.0,0.0,0.0,1.0,1.0,0.3544238025,0.292882813,0.05586236715,0.0468608737,0.4756302082,0.5829377464,0.6158941532,0.6214679564
399,1.0,0.0,0.0,0.0,1.0,1.0,0.3526456358,0.2945377233,0.05569446087,0.0469840169,0.4732440779,0.5829389618,0.6125828347,0.6179780555
400,1.0,0.0,0.0,0.0,1.0,1.0,0.3533381775,0.2941498345,0.05577969551,0.04674863815,0.4797979712,0.5809518416,0.612040194,0.6193185875
401,1.0,0.0,0.0,0.0,1.0,1.0,0.3444021547,0.291083411,0.05420708656,0.04596978426,0.4645271393,0.5833333333,0.5959596417,0.6184973647
402,1.0,0.0,0.0,0.0,1.0,1.0,0.3393374392,0.2879746554,0.05475836992,0.04631304741,0.4611487622,0.5870655377,0.6033897815,0.6235296086
403,1.0,0.0,0.0,0.0,1.0,1.0,0.3538290825,0.2988195734,0.05605834723,0.04702526331,0.4546978891,0.5829380661,0.5912162265,0.6271184722
404,1.0,0.0,0.0,0.0,1.0,1.0,0.3465401242,0.2961310735,0.0555871129,0.0472624898,0.4572863584,0.5797102071,0.5959598034,0.619318404
405,1.0,0.0,0.0,0.0,1.0,1.0,0.3581335127,0.3018450832,0.05660676956,0.04739171267,0.4533333861,0.5860468104,0.5973154006,0.6277781062
406,1.0,0.0,0.0,0.0,1.0,1.0,0.3520573102,0.2994962482,0.05656605959,0.04771924019,0.4641068079,0.5924168169,0.5993265603,0.6179771071
407,1.0,0.0,0.0,0.0,1.0,1.0,0.3510647199,0.2903784242,0.05601733923,0.04610037804,0.4638655277,0.5789469204,0.5979730021,0.6220928428
408,1.0,0.0,0.0,0.0,1.0,1.0,0.3538289666,0.2994958573,0.05634582043,0.04753345251,0.4630872647,0.5781994783,0.6026935433,0.6292140608
409,1.0,0.0,0.0,0.0,1.0,1.0,0.3643451011,0.307260951,0.05889821053,0.04917192459,0.454849544,0.5825686031,0.5945946047,0.6263733866
410,1.0,0.0,0.0,0.0,1.0,1.0,0.3534403211,0.2967625872,0.0564648509,0.04700905085,0.4636209778,0.574162139,0.6006827171,0.6034480354
411,1.0,0.0,0.0,0.0,1.0,1.0,0.3506515902,0.2933515045,0.05554014444,0.04614931345,0.4610170585,0.5845414672,0.6006825926,0.6162798657
412,1.0,0.0,0.0,0.0,1.0,1.0,0.3580343048,0.3035846089,0.05713379383,0.04819816351,0.4516130147,0.5829381167,0.593856458,0.6179777921
413,1.0,0.0,0.0,0.0,1.0,1.0,0.3611427971,0.304914313,0.05937218666,0.04970693588,0.4638655531,0.5720931633,0.603389895,0.6166661071
414,1.0,0.0,0.0,0.0,1.0,1.0,0.3596665495,0.3091916818,0.05965799093,0.05086046457,0.4577114794,0.5714285714,0.591973163,0.6108107728
415,1.0,0.0,0.0,0.0,1.0,1.0,0.3501333914,0.299164044,0.05764341354,0.04844212532,0.4161183855,0.5727694045,0.5518392137,0.6089385819
416,1.0,0.0,0.0,0.0,1.0,1.0,0.3529385738,0.2998325895,0.05657935143,0.04759007692,0.4191419774,0.5700936745,0.5466665114,0.6055554094
417,1.0,0.0,0.0,0.0,1.0,1.0,0.3453218806,0.2978134007,0.05515891314,0.04693812132,0.4219268291,0.5769229522,0.5488217233,0.6045199247
418,1.0,0.0,0.0,0.0,1.0,1.0,0.3442893536,0.2920667255,0.05545979738,0.04657548666,0.4230769195,0.5776706385,0.5506757767,0.6127165485
419,1.0,0.0,0.0,0.0,1.0,1.0,0.3392445337,0.2797072638,0.05515223742,0.04433810711,0.3760398587,0.5686279384,0.5017065501,0.6036578972
420,1.0,0.0,0.0,0.0,1.0,1.0,0.346276318,0.2964444373,0.05809444189,0.04818254709,0.3481116841,0.5829378975,0.467796553,0.6114286916
421,1.0,0.0,0.0,0.0,1.0,1.0,0.3439637655,0.3014982059,0.05717170238,0.04881167412,0.3376622468,0.5943397603,0.4666668139,0.607734051
422,1.0,0.0,0.0,0.0,1.0,1.0,0.350936735,0.308797962,0.05890226364,0.05048769712,0.3365696738,0.5990785415,0.4717610032,0.6021500679
423,1.0,0.0,0.0,0.0,1.0,1.0,0.3503696752,0.3041065046,0.05784630775,0.04931598902,0.3279483626,0.5990788253,0.4638156686,0.6054061894
424,1.0,0.0,0.0,0.0,1.0,1.0,0.3613618023,0.3137782998,0.06018781662,0.05124098063,0.3241042304,0.5945944875,0.4617939011,0.6031737354
425,1.0,0.0,0.0,0.0,1.0,1.0,0.3604545041,0.3143942828,0.05912345648,0.05106121302,0.3245900936,0.6090911932,0.4635763728,0.5947365656
426,1.0,0.0,0.0,0.0,1.0,1.0,0.3590709089,0.3091916741,0.05890190601,0.05021589994,0.3195364464,0.6082947956,0.4448159713,0.5945947871
427,1.0,0.0,0.0,0.0,1.0,1.0,0.3552081351,0.3031644179,0.05737501383,0.04925596714,0.3243924244,0.6132072434,0.4566667682,0.5989014712
428,1.0,0.0,0.0,0.0,1.0,1.0,0.356640359,0.3028610875,0.05772310495,0.04947692156,0.3169074693,0.6142861716,0.4511785015,0.6055560575
429,1.0,0.0,0.0,0.0,1.0,1.0,0.3589902702,0.3068757539,0.05815422535,0.04996347427,0.3237774032,0.6103287395,0.4597315449,0.601092994
430,1.0,0.0,0.0,0.0,1.0,1.0,0.3583860721,0.3058494537,0.05712795258,0.04908174276,0.3249158205,0.619718545,0.4648827754,0.6010929559
431,1.0,0.0,0.0,0.0,1.0,1.0,0.3552441151,0.30830219,0.05669742823,0.04937279224,0.3112245246,0.617225157,0.4474576006,0.6098899242
432,1.0,0.0,0.0,0.0,1.0,1.0,0.3563376272,0.3099964436,0.05795121193,0.05050033331,0.3073005215,0.6238094748,0.4406778793,0.6065564677
433,1.0,0.0,0.0,0.0,1.0,1.0,0.357427257,0.3116903356,0.05755209923,0.05018764734,0.3135593471,0.620852683,0.447457789,0.6032607727
434,1.0,0.0,0.0,0.0,1.0,1.0,0.3520372954,0.303954028,0.05763453245,0.04976248741,0.3230241188,0.6097562741,0.4536082699,0.6101696539
435,1.0,0.0,0.0,0.0,1.0,1.0,0.3502319263,0.2994904612,0.05664265156,0.04835349321,0.3162392265,0.5999993686,0.4452051962,0.594285024
436,1.0,0.0,0.0,0.0,1.0,1.0,0.3495501946,0.2957531685,0.05642366409,0.04765880108,0.3293718861,0.6116505675,0.4489793956,0.6091958048
437,1.0,0.0,0.0,0.0,1.0,1.0,0.358385945,0.3099964635,0.05734550953,0.04926866293,0.3181818944,0.6103286775,0.4440678309,0.5901636964
438,1.0,0.0,0.0,0.0,1.0,1.0,0.3512683635,0.310637403,0.05677264929,0.04974365234,0.3221757546,0.6142855493,0.4527029467,0.5923912002
439,1.0,0.0,0.0,0.0,1.0,1.0,0.3381947838,0.2879750044,0.05384707451,0.04554235935,0.324915812,0.6119399516,0.4508475407,0.6058824145
440,1.0,0.0,0.0,0.0,1.0,1.0,0.3471925369,0.2974529468,0.05575037003,0.04736071825,0.3305227027,0.6067958466,0.4625852072,0.6000005034
441,1.0,0.0,0.0,0.0,1.0,1.0,0.3462230269,0.2902161165,0.05405509472,0.04500156641,0.387372072,0.5911330321,0.5051545005,0.5976336455
442,1.0,0.0,0.0,0.0,1.0,1.0,0.3562200956,0.291783529,0.05702024698,0.04702144861,0.4358107989,0.5924176363,0.5604026957,0.6149432937
443,1.0,0.0,0.0,0.0,1.0,1.0,0.3514332335,0.28458689,0.05449128151,0.0446562767,0.4562606968,0.5902438384,0.5864406355,0.625
444,1.0,0.0,0.0,0.0,1.0,1.0,0.3564563872,0.2930565616,0.05654621124,0.04680615664,0.4539249775,0.5837324811,0.5796610625,0.6069361512
445,1.0,0.0,0.0,0.0,1.0,1.0,0.3638993885,0.3005078291,0.05892431736,0.04924190044,0.45470086,0.5821587601,0.5945947716,0.6067419402
446,1.0,0.0,0.0,0.0,1.0,1.0,0.360482364,0.2998328219,0.05746042728,0.04820144176,0.4547008072,0.5781991357,0.5932202573,0.6101688418
447,1.0,0.0,0.0,0.0,1.0,1.0,0.3565761035,0.293351444,0.05608814955,0.04638057947,0.4493997481,0.5769237718,0.5836179623,0.5988367087
448,1.0,0.0,0.0,0.0,1.0,1.0,0.3559656306,0.2909336802,0.05547428131,0.04533958435,0.4486300813,0.5769234902,0.5787670643,0.6176472908
449,1.0,0.0,0.0,0.0,1.0,1.0,0.3434509889,0.2728850372,0.05434912443,0.04347926378,0.472508538,0.5750005209,0.6040954023,0.6187500086
450,1.0,0.0,0.0,0.0,1.0,1.0,0.3474084406,0.2751840074,0.05510991812,0.04425084591,0.4897260168,0.5812808042,0.6148648574,0.613497197
451,1.0,0.0,0.0,0.0,1.0,1.0,0.3468145881,0.2811988908,0.05449062586,0.04455888271,0.4820512645,0.5812813594,0.6135592532,0.6144568966
452,1.0,0.0,0.0,0.0,1.0,1.0,0.3580340462,0.2910832739,0.05653756857,0.04635548592,0.4855687869,0.5781994069,0.6195286397,0.6184969835
453,1.0,0.0,0.0,0.0,1.0,1.0,0.3608154513,0.2944485199,0.05704528093,0.04686820507,0.4830509545,0.5821593399,0.6161614573,0.617142174
454,1.0,0.0,0.0,0.0,1.0,1.0,0.3603429889,0.2903784925,0.0569858551,0.04623383284,0.4795917617,0.5754719349,0.614864923,0.616278725
455,1.0,0.0,0.0,0.0,1.0,1.0,0.3569435786,0.2961307461,0.05621051788,0.04710972309,0.4761904762,0.5809517144,0.6161615443,0.6136366512
456,1.0,0.0,0.0,0.0,1.0,1.0,0.3663497078,0.3041780449,0.05743926764,0.04817485809,0.4814189873,0.585253681,0.6153847312,0.6098893893
457,1.0,0.0,0.0,0.0,1.0,1.0,0.3680378119,0.305198575,0.05877661705,0.04907035828,0.4695946728,0.5917424866,0.6073824732,0.6153846154
458,1.0,0.0,0.0,0.0,1.0,1.0,0.353440391,0.2894007515,0.0556179285,0.04577171803,0.4534687518,0.5789474812,0.5892255106,0.6162800389
459,1.0,0.0,0.0,0.0,1.0,1.0,0.3618961145,0.2984909809,0.05669552088,0.04715794325,0.4568527875,0.5841117418,0.5973154717,0.6123595293
460,1.0,0.0,0.0,0.0,1.0,1.0,0.3460254934,0.2910830112,0.05487954617,0.04608809948,0.4504201505,0.5825240082,0.5892256032,0.6127167854
461,1.0,0.0,0.0,0.0,1.0,1.0,0.3550206251,0.2944486877,0.05613130331,0.04655444622,0.454545506,0.5829385799,0.5925926205,0.6171429888
462,1.0,0.0,0.0,0.0,1.0,1.0,0.3511552095,0.2947508013,0.05718624592,0.04783850908,0.4459459719,0.5673079529,0.5830509209,0.6091949011
463,1.0,0.0,0.0,0.0,1.0,1.0,0.346090718,0.281937154,0.0547440052,0.04459631443,0.4510135929,0.5756098305,0.58108102,0.6167652586
464,1.0,0.0,0.0,0.0,1.0,1.0,0.3387655631,0.2778111524,0.05459266901,0.0445432663,0.4435075109,0.5721394936,0.5694918216,0.615853887
465,1.0,0.0,0.0,0.0,1.0,1.0,0.3409861512,0.2828929869,0.05501955748,0.04526239634,0.4487394558,0.5763551174,0.5796609652,0.6107783091
466,1.0,0.0,0.0,0.0,1.0,1.0,0.3466079671,0.2870020474,0.05676990747,0.04684895277,0.4444443535,0.5776704279,0.5810809676,0.6117647059
467,1.0,0.0,0.0,0.0,1.0,1.0,0.3370601349,0.2795047014,0.05395042896,0.04428762197,0.4546980648,0.577114208,0.5830509533,0.6121210245
468,1.0,0.0,0.0,0.0,1.0,1.0,0.3359898554,0.2660631581,0.05360913277,0.04245191813,0.5068260337,0.5736036433,0.6348121821,0.6282059742
469,1.0,0.0,0.0,0.0,1.0,1.0,0.3202439241,0.2085043157,0.04886490107,0.0324870944,0.5457745856,0.6208788059,0.6655173693,0.710743923
470,1.0,0.0,0.0,0.0,1.0,1.0,0.3194644802,0.1911216062,0.04823827744,0.02937418222,0.5732142614,0.6201118492,0.6877193091,0.7247700465
471,1.0,0.0,0.0,0.0,1.0,1.0,0.3198936877,0.1911214814,0.04835283756,0.02977663279,0.622061586,0.6158197592,0.7122808145,0.7247707524
472,1.0,0.0,0.0,0.0,1.0,1.0,0.3225147811,0.197121676,0.04909443855,0.03075146675,0.611702099,0.6098901499,0.7197231332,0.7192978036
473,1.0,0.0,0.0,0.0,1.0,1.0,0.3278593116,0.207496716,0.05033290386,0.03247284889,0.6049382381,0.6182799137,0.7128027352,0.7166669114
474,1.0,0.0,0.0,0.0,1.0,1.0,0.3244259897,0.2153972138,0.05025017262,0.0337703228,0.595113434,0.607527596,0.7068966632,0.7040005507
475,1.0,0.0,0.0,0.0,1.0,1.0,0.3218840176,0.1943360876,0.0483481288,0.02991712093,0.6120996537,0.6187842648,0.7222222007,0.723214179
476,1.0,0.0,0.0,0.0,1.0,1.0,0.3238119421,0.2104988318,0.05073750019,0.03373360634,0.6112083833,0.6108108934,0.7226027117,0.6991868626
477,1.0,0.0,0.0,0.0,1.0,1.0,0.3296033837,0.2050577022,0.05061519146,0.03238278627,0.6170212394,0.6075270083,0.7310342771,0.7058824612
478,1.0,0.0,0.0,0.0,1.0,1.0,0.3301887511,0.2064819221,0.04976707697,0.03184020519,0.6056837976,0.6129027622,0.7222221149,0.7058818024
479,1.0,0.0,0.0,0.0,1.0,1.0,0.3360493805,0.2259011294,0.05230647326,0.03577435017,0.5574913466,0.6010367418,0.6815067101,0.6666677774
480,1.0,0.0,0.0,0.0,1.0,1.0,0.3456334119,0.2583592522,0.0553458333,0.04144120216,0.4889267281,0.5862070822,0.6156460765,0.6578945097
481,1.0,0.0,0.0,0.0,1.0,1.0,0.3415180455,0.2693412344,0.05512827635,0.04296761751,0.4589615721,0.583333964,0.5966100555,0.6415088843
482,1.0,0.0,0.0,0.0,1.0,1.0,0.348367519,0.2780017787,0.05502831936,0.04354178905,0.4602369763,0.5728156391,0.5972697973,0.6319010007
483,1.0,0.0,0.0,0.0,1.0,1.0,0.3483673426,0.2797073659,0.05528306961,0.04401177168,0.4619290131,0.5679614791,0.5972694255,0.6158533034
484,1.0,0.0,0.0,0.0,1.0,1.0,0.3522483585,0.2838550517,0.05582392216,0.04460573196,0.4603710254,0.5693776226,0.5952380049,0.6107795713
485,1.0,0.0,0.0,0.0,1.0,1.0,0.3534405784,0.2872548169,0.0566008091,0.04576814175,0.4551607653,0.564593241,0.5918366813,0.6153840143
486,1.0,0.0,0.0,0.0,1.0,1.0,0.3501443182,0.2823763363,0.05551856756,0.04446876049,0.4659863744,0.5728152004,0.5993147833,0.6181818669
487,1.0,0.0,0.0,0.0,1.0,1.0,0.3534403037,0.288234872,0.05655246973,0.0457290411,0.4450083918,0.559808093,0.5802048961,0.6094673399
488,1.0,0.0,0.0,0.0,1.0,1.0,0.3482901947,0.2840877332,0.0563622117,0.04519867897,0.4309765237,0.5700480435,0.5650686291,0.602409575
489,1.0,0.0,0.0,0.0,1.0,1.0,0.3499730358,0.2840881252,0.05716079473,0.0456187129,0.4309764595,0.5625000652,0.5684932422,0.6024093395
490,1.0,0.0,0.0,0.0,1.0,1.0,0.3511554002,0.2894937064,0.05663496256,0.04574364424,0.4375000693,0.5673079858,0.5689655758,0.6071423452
491,1.0,0.0,0.0,0.0,1.0,1.0,0.3489575562,0.2857993917,0.05513060093,0.04469329119,0.4338983869,0.567961312,0.5650684932,0.6107792577
492,1.0,0.0,0.0,0.0,1.0,1.0,0.3478534528,0.2843240468,0.05544000864,0.04462242126,0.4261459013,0.5658537687,0.5586205666,0.6060603227
493,1.0,0.0,0.0,0.0,1.0,1.0,0.3439860094,0.2747604722,0.05400055647,0.04298549891,0.4589041096,0.5721390893,0.5910655042,0.6187496273
494,1.0,0.0,0.0,0.0,1.0,1.0,0.3404139201,0.2778110335,0.05416876078,0.04376196861,0.4697985986,0.5665024576,0.6067795815,0.6219511199
495,1.0,0.0,0.0,0.0,1.0,1.0,0.3410259487,0.273656551,0.05475187302,0.04363882542,0.474662205,0.5742577707,0.6088435705,0.6335403981
496,1.0,0.0,0.0,0.0,1.0,1.0,0.3471925375,0.2804556747,0.05552887917,0.04447698593,0.468802722,0.5679611859,0.6020408393,0.6242428303
497,1.0,0.0,0.0,0.0,1.0,1.0,0.3518443118,0.2867815775,0.05601352453,0.04518967867,0.4659864538,0.5748788775,0.6048109563,0.6167667119
498,1.0,0.0,0.0,0.0,1.0,1.0,0.3517492313,0.2889541276,0.05613940954,0.04588317871,0.4670050349,0.5769225461,0.6054421386,0.6294115813
499,1.0,0.0,0.0,0.0,1.0,1.0,0.344459677,0.2770561841,0.05458462238,0.04382902384,0.4651952617,0.5714277915,0.6020408586,0.6319021826
500,1.0,0.0,0.0,0.0,1.0,1.0,0.3586430676,0.2977788481,0.05648559332,0.04658055305,0.4625850926,0.5734595656,0.5993147397,0.6206896552
501,1.0,0.0,0.0,0.0,1.0,1.0,0.3553570454,0.2912164583,0.05586546659,0.04539066553,0.4649572556,0.5721155231,0.6034482693,0.6213013556
502,1.0,0.0,0.0,0.0,1.0,1.0,0.355244021,0.2936504933,0.0565277338,0.04624992609,0.4642856574,0.5789474239,0.6048111383,0.6140357886
503,1.0,0.0,0.0,0.0,1.0,1.0,0.3571829479,0.2950571987,0.05706775188,0.04635083675,0.4412752276,0.5774650682,0.5767915615,0.6184960097
504,1.0,0.0,0.0,0.0,1.0,1.0,0.347559558,0.2867524522,0.05778741837,0.04728060961,0.4276205872,0.5837318156,0.5671140066,0.6257310236
505,1.0,0.0,0.0,0.0,1.0,1.0,0.349804553,0.2981383654,0.05583548546,0.0467954278,0.4266666766,0.5809531536,0.5627120176,0.6193183772
506,1.0,0.0,0.0,0.0,1.0,1.0,0.3431418288,0.2853138211,0.05548989773,0.04552328587,0.42166677,0.5728146893,0.5540539379,0.6094671845
507,1.0,0.0,0.0,0.0,1.0,1.0,0.3519627736,0.2947507187,0.05767500401,0.04733705521,0.4269102611,0.5754713081,0.5627120582,0.6091950984
508,1.0,0.0,0.0,0.0,1.0,1.0,0.3558747789,0.2974525976,0.0580343008,0.04745787382,0.4193011155,0.5747657792,0.561224627,0.605713812
509,1.0,0.0,0.0,0.0,1.0,1.0,0.3580090128,0.3021961895,0.05857491493,0.04854124784,0.4278607781,0.5833336725,0.5675675676,0.603351969
510,1.0,0.0,0.0,0.0,1.0,1.0,0.3506518568,0.288234988,0.05580604076,0.04556143284,0.4932202982,0.5700481699,0.6211603246,0.6272197322
511,1.0,0.0,0.0,0.0,1.0,1.0,0.3557332171,0.2855550904,0.05737137794,0.0458971858,0.4881355829,0.5714282746,0.6224489607,0.6250001623
512,1.0,0.0,0.0,0.0,1.0,1.0,0.3511553653,0.283854987,0.05679517984,0.04559993744,0.4966215395,0.5769232787,0.629251712,0.628742288
513,1.0,0.0,0.0,0.0,1.0,1.0,0.352345756,0.2875105837,0.05593144894,0.04517537355,0.4932202822,0.5721162351,0.6301370642,0.619047996
514,1.0,0.0,0.0,0.0,1.0,1.0,0.3529438624,0.2899405344,0.05574786663,0.04556316137,0.4889643486,0.5721152921,0.6245735795,0.6235304275
515,1.0,0.0,0.0,0.0,1.0,1.0,0.3634334398,0.3014984615,0.05974173546,0.04915118217,0.4859503587,0.5727277262,0.6233331335,0.6132594407
516,1.0,0.0,0.0,0.0,1.0,1.0,0.3620927465,0.3077753194,0.05911976099,0.04975694418,0.4901638921,0.5746608661,0.6324502371,0.612902994
517,1.0,0.0,0.0,0.0,1.0,1.0,0.362833733,0.3064956948,0.05929285288,0.0495904088,0.4950495889,0.5772727136,0.6333331,0.6141307157
518,1.0,0.0,0.0,0.0,1.0,1.0,0.3594053997,0.3038169281,0.05865675211,0.04901450872,0.4926108658,0.5844749044,0.634551603,0.6229516968
519,1.0,0.0,0.0,0.0,1.0,1.0,0.3640349744,0.2998324496,0.05858635902,0.04793429375,0.4867549666,0.5818187922,0.6266664629,0.6222227196
520,1.0,0.0,0.0,0.0,1.0,1.0,0.3549573168,0.3014985247,0.05949681997,0.04962641001,0.4615383726,0.585253724,0.5999997827,0.6132600202
521,1.0,0.0,0.0,0.0,1.0,1.0,0.3501333464,0.2931696006,0.05678248405,0.04691886902,0.463815817,0.5821601172,0.600000149,0.625
522,1.0,0.0,0.0,0.0,1.0,1.0,0.3540034455,0.290807319,0.05855840445,0.04739141464,0.4530477828,0.5767445979,0.5852842198,0.6264363045
523,1.0,0.0,0.0,0.0,1.0,1.0,0.3595350847,0.3108632293,0.05944555998,0.0507196188,0.4636963496,0.5871561197,0.5986623442,0.6236558887
524,1.0,0.0,0.0,0.0,1.0,1.0,0.3520570209,0.2954431668,0.05720925331,0.04744845629,0.4557595889,0.5876775869,0.5912162726,0.6342856569
525,1.0,0.0,0.0,0.0,1.0,1.0,0.3464732036,0.2947507577,0.05558621883,0.04650002718,0.4566667007,0.586539307,0.593220371,0.6264367595
526,1.0,0.0,0.0,0.0,1.0,1.0,0.3581333412,0.3038845296,0.05892640352,0.0493337512,0.4583333786,0.5813957017,0.5945945847,0.6166672506
527,1.0,0.0,0.0,0.0,1.0,1.0,0.358603691,0.3045435802,0.0591506362,0.0495660305,0.4584718682,0.5787029806,0.5892257976,0.6132602997
528,1.0,0.0,0.0,0.0,1.0,1.0,0.3580093386,0.3011786826,0.05889552832,0.04880690575,0.4444444545,0.5833329116,0.579124672,0.6145248668
529,1.0,0.0,0.0,0.0,1.0,1.0,0.3492226261,0.2954428863,0.05552726984,0.04627269506,0.4459235515,0.5809521969,0.5810808959,0.6171432914
530,1.0,0.0,0.0,0.0,1.0,1.0,0.3546939907,0.3038839991,0.05704301596,0.04798007011,0.4461028656,0.5887852225,0.5878377996,0.6166661698
531,1.0,0.0,0.0,0.0,1.0,1.0,0.3498047073,0.2954432745,0.05628931522,0.04690778255,0.443333438,0.5857146185,0.5844594785,0.6228566854
532,1.0,0.0,0.0,0.0,1.0,1.0,0.3449252204,0.2960674118,0.05430245399,0.04582595825,0.456228936,0.5853658001,0.5924656136,0.6184979293
533,1.0,0.0,0.0,0.0,1.0,1.0,0.3493033952,0.2913627143,0.05779772997,0.04756557941,0.4481605408,0.5837318304,0.5830507398,0.6279068893
534,1.0,0.0,0.0,0.0,1.0,1.0,0.3503885212,0.2947504862,0.05862808228,0.04857754707,0.4457428941,0.5714292976,0.5898304435,0.6149428954
535,1.0,0.0,0.0,0.0,1.0,1.0,0.3459608311,0.2930567027,0.05496382713,0.04593592882,0.4498328376,0.5797102392,0.5864408082,0.6184964648
536,1.0,0.0,0.0,0.0,1.0,1.0,0.3552831694,0.3021961446,0.05788856745,0.04842084646,0.4518271471,0.5841121736,0.5945946951,0.6089378323
537,1.0,0.0,0.0,0.0,1.0,1.0,0.3546938999,0.3015264564,0.05748409033,0.04781389236,0.4560530616,0.5794397272,0.5932205938,0.6123595085
538,1.0,0.0,0.0,0.0,1.0,1.0,0.359798978,0.3049144318,0.05782341957,0.04818618298,0.4566666997,0.5833333333,0.5932202431,0.6111104239
539,1.0,0.0,0.0,0.0,1.0,1.0,0.3631308708,0.3052901821,0.05882829428,0.04830390215,0.4533332818,0.5779812052,0.5938565627,0.6089387405
540,1.0,0.0,0.0,0.0,1.0,1.0,0.3635845215,0.3059514445,0.05875152349,0.04828888178,0.4518272281,0.5799082264,0.5918366422,0.616667469
541,1.0,0.0,0.0,0.0,1.0,1.0,0.3489575721,0.2848236155,0.05489724874,0.04450404644,0.4864406752,0.5922327673,0.6279864549,0.6347304106
542,1.0,0.0,0.0,0.0,1.0,1.0,0.3496337944,0.2865294841,0.05514538288,0.04519236088,0.501706484,0.5902434754,0.6348122957,0.6309519099
543,1.0,0.0,0.0,0.0,1.0,1.0,0.3473358772,0.2840877627,0.05584067106,0.04543894529,0.5042589706,0.5931380764,0.633561931,0.6385545013
544,1.0,0.0,0.0,0.0,1.0,1.0,0.3450453203,0.285064088,0.05581051111,0.04563814402,0.5017006383,0.5960591449,0.635738847,0.6445778333
545,1.0,0.0,0.0,0.0,1.0,1.0,0.3562199215,0.2981386496,0.05699467659,0.04754060507,0.5084459607,0.5876772097,0.6440677586,0.6249995298
546,1.0,0.0,0.0,0.0,1.0,1.0,0.3561038908,0.2910834922,0.05677217245,0.04632824659,0.5092436233,0.584905284,0.6464648886,0.630057677
547,1.0,0.0,0.0,0.0,1.0,1.0,0.3594629398,0.2988195422,0.05860877037,0.04847550392,0.5042015977,0.5934585047,0.6418919217,0.6327678892
548,1.0,0.0,0.0,0.0,1.0,1.0,0.3506516424,0.2889543075,0.05699825287,0.04681015015,0.5000000458,0.5845408001,0.6394557823,0.6352948517
549,1.0,0.0,0.0,0.0,1.0,1.0,0.3557335912,0.2896686902,0.05669510365,0.04616600275,0.4762710665,0.5809526213,0.6101694472,0.6257299522
550,1.0,0.0,0.0,0.0,1.0,1.0,0.3616071478,0.3038842667,0.05869191885,0.04890990257,0.4522613139,0.5833335872,0.5912161637,0.6111115173
551,1.0,0.0,0.0,0.0,1.0,1.0,0.3670740696,0.3089490813,0.05908465385,0.0491476655,0.455759616,0.5818177783,0.5945947465,0.6065567011
552,1.0,0.0,0.0,0.0,1.0,1.0,0.3631306286,0.3038844359,0.05784296989,0.04776024818,0.4516665543,0.5871559822,0.5945945946,0.6111104178
553,1.0,0.0,0.0,0.0,1.0,1.0,0.3563515946,0.3005081675,0.0583140254,0.04827862978,0.4660033035,0.5813949447,0.6047297385,0.6179774587
554,1.0,0.0,0.0,0.0,1.0,1.0,0.3658522356,0.3146389808,0.06008583307,0.05107295513,0.447587342,0.5818179834,0.5858585005,0.6042781685
555,1.0,0.0,0.0,0.0,1.0,1.0,0.3641892625,0.304543941,0.05804562569,0.04797381163,0.4642261828,0.5753426627,0.5993268656,0.613259085
556,1.0,0.0,0.0,0.0,1.0,1.0,0.3482142647,0.2896687388,0.05512112379,0.04531592131,0.4489113021,0.591345608,0.5898303612,0.6257314787
557,1.0,0.0,0.0,0.0,1.0,1.0,0.3525483101,0.3005077916,0.05897963047,0.04952067137,0.4475874164,0.5849053172,0.5878377425,0.6179769601
558,1.0,0.0,0.0,0.0,1.0,1.0,0.3275198145,0.2721084719,0.05144095421,0.04216039181,0.4493242102,0.582473964,0.5856163751,0.6289306042
559,1.0,0.0,0.0,0.0,1.0,1.0,0.3024861899,0.2034576917,0.04800462723,0.03200304508,0.460177056,0.6023387601,0.5785714665,0.6754388906
560,1.0,0.0,0.0,0.0,1.0,1.0,0.2818937739,0.1548950576,0.04183709621,0.0228202343,0.4615383534,0.6688307618,0.5571953824,0.6666666667
561,1.0,0.0,0.0,0.0,1.0,1.0,0.2989321586,0.1792475388,0.0446523428,0.02662998438,0.4558558598,0.6506029564,0.5579711889,0.6969696291
562,1.0,0.0,0.0,0.0,1.0,1.0,0.2940596554,0.1665733832,0.04546910524,0.02538454533,0.4458483967,0.6564413478,0.5384615385,0.6923067892
563,1.0,0.0,0.0,0.0,1.0,1.0,0.3137346881,0.1244591814,0.04460817575,0.01762962341,0.4661654632,0.5748509155,0.5169809257,0.6666666667
564,1.0,0.0,0.0,0.0,1.0,1.0,0.3000198854,0.1300390971,0.04370516539,0.01912105083,0.4521576852,0.6375006648,0.5390336592,0.6857149982
565,1.0,0.0,0.0,0.0,1.0,1.0,0.307520475,0.195694826,0.04706674814,0.02995157242,0.4842657212,0.6193182034,0.6013987103,0.687500995
566,1.0,0.0,0.0,0.0,1.0,1.0,0.3229488584,0.2404152945,0.05084657669,0.03746587038,0.4778912567,0.5789471833,0.6013746256,0.650000875
567,1.0,0.0,0.0,0.0,1.0,1.0,0.3258313085,0.2532834089,0.05290961266,0.04057323933,0.4628378648,0.5751298897,0.5958901994,0.6351346984
568,1.0,0.0,0.0,0.0,1.0,1.0,0.3331473933,0.2699833398,0.05506080389,0.04410338402,0.4759535571,0.5721399444,0.6107383701,0.6397520313
569,1.0,0.0,0.0,0.0,1.0,1.0,0.3425707514,0.2833987699,0.05480283499,0.04495960474,0.4692180038,0.5873788256,0.6073823738,0.6390533172
570,1.0,0.0,0.0,0.0,1.0,1.0,0.3425241156,0.2850755824,0.05665224791,0.0465259552,0.4668874802,0.584541073,0.6040271177,0.6411765158
571,1.0,0.0,0.0,0.0,1.0,1.0,0.3386538747,0.2867525136,0.05447053909,0.04543638229,0.4694214244,0.5853660939,0.6040270451,0.6315788093
572,1.0,0.0,0.0,0.0,1.0,1.0,0.3430423613,0.2891362876,0.05668234825,0.0471445322,0.4653464257,0.581731113,0.6053509774,0.6300581323
573,1.0,0.0,0.0,0.0,1.0,1.0,0.3314815127,0.272728731,0.05511462688,0.04459017515,0.4783332682,0.5778894092,0.6135591676,0.6397522253
574,1.0,0.0,0.0,0.0,1.0,1.0,0.3393062926,0.2761168395,0.05628687143,0.04541957378,0.4924370053,0.5693073553,0.6237288713,0.6319017761
575,1.0,0.0,0.0,0.0,1.0,1.0,0.3438214365,0.2814129649,0.05557084084,0.04494702816,0.4957842577,0.5735291594,0.6245733572,0.6363637569
576,1.0,0.0,0.0,0.0,1.0,1.0,0.3337148348,0.2730435853,0.05312055349,0.04309272766,0.5008517785,0.5765309157,0.6323023172,0.6289309742
577,1.0,0.0,0.0,0.0,1.0,1.0,0.3409860996,0.2855548122,0.05407267809,0.04474979639,0.4974789858,0.5714288864,0.6292515519,0.6190479996
578,1.0,0.0,0.0,0.0,1.0,1.0,0.3325846549,0.2719571684,0.05284148455,0.04291695356,0.4949324464,0.5837560474,0.6292516737,0.6374997049
579,1.0,0.0,0.0,0.0,1.0,1.0,0.3370599741,0.2753565602,0.05765545368,0.04646861553,0.4748322602,0.5721390926,0.6122448115,0.6296295346
580,1.0,0.0,0.0,0.0,1.0,1.0,0.3408310671,0.2930567596,0.05735403299,0.04793357849,0.4464580733,0.5700484598,0.5864407607,0.63005725
581,1.0,0.0,0.0,0.0,1.0,1.0,0.3314816188,0.2745907946,0.0536391139,0.04339647293,0.4399998895,0.5778890229,0.5733790185,0.6273294399
582,1.0,0.0,0.0,0.0,1.0,1.0,0.337040545,0.2755310487,0.05347055197,0.04261761904,0.4440734144,0.5742575692,0.5753425713,0.6149061895
583,1.0,0.0,0.0,0.0,1.0,1.0,0.3359329941,0.2797071523,0.05345535278,0.04361528158,0.4431438805,0.5721394865,0.5767916719,0.6158542002
584,1.0,0.0,0.0,0.0,1.0,1.0,0.3419576517,0.2855551286,0.05600070953,0.04544991255,0.4462809481,0.5700484069,0.5816325996,0.6190475566
585,1.0,0.0,0.0,0.0,1.0,1.0,0.3403056417,0.2903783546,0.05552196503,0.04635816813,0.4479340084,0.5679610608,0.5844592375,0.6220921337
586,1.0,0.0,0.0,0.0,1.0,1.0,0.3430919419,0.2964447325,0.05668157339,0.04791921377,0.4494195823,0.5700487613,0.5830508825,0.6171420895
587,1.0,0.0,0.0,0.0,1.0,1.0,0.3331472285,0.2762964097,0.05469191074,0.04430049658,0.4333333303,0.5650004686,0.5699656432,0.629629231
588,1.0,0.0,0.0,0.0,1.0,1.0,0.3430919722,0.2913627415,0.05594027042,0.04648178816,0.446102785,0.5700484379,0.5762711801,0.6104650343
589,1.0,0.0,0.0,0.0,1.0,1.0,0.3259414409,0.2721082482,0.05231368542,0.04243808985,0.4342761436,0.5714282459,0.5650685246,0.6289317451
590,1.0,0.0,0.0,0.0,1.0,1.0,0.3381195583,0.2892222236,0.0538636446,0.04462236166,0.4195688207,0.5784313509,0.5547944412,0.6153847181
591,1.0,0.0,0.0,0.0,1.0,1.0,0.344749519,0.2889543442,0.0576492548,0.04711717367,0.4262023557,0.572115832,0.5510202291,0.6176471704
592,1.0,0.0,0.0,0.0,1.0,1.0,0.337001962,0.2865294314,0.05478185415,0.04511445761,0.4280992881,0.5735289477,0.5563140617,0.6190475561
593,1.0,0.0,0.0,0.0,1.0,1.0,0.3486425735,0.2988021262,0.05861455202,0.0485663414,0.4252491627,0.5714279903,0.5601373714,0.6034489107
594,1.0,0.0,0.0,0.0,1.0,1.0,0.3424775329,0.3001737201,0.05664736032,0.0479323864,0.4316309336,0.5673079857,0.5563138339,0.6079545172
595,1.0,0.0,0.0,0.0,1.0,1.0,0.353623241,0.3039538081,0.05803149939,0.04822331667,0.4219269531,0.568075209,0.5532645093,0.5988705313
596,1.0,0.0,0.0,0.0,1.0,1.0,0.3492228616,0.2970850933,0.05796712637,0.04775387049,0.4259567543,0.5714288652,0.5601375411,0.6069357957
597,1.0,0.0,0.0,0.0,1.0,1.0,0.3601294477,0.3172288504,0.05851721764,0.04992753267,0.4280992242,0.5779816981,0.5733789003,0.607527055
598,1.0,0.0,0.0,0.0,1.0,1.0,0.3613239887,0.3148925037,0.05805265903,0.04899853468,0.4295191328,0.5688076126,0.5582191387,0.5978257035
599,1.0,0.0,0.0,0.0,1.0,1.0,0.3575372369,0.3087016683,0.05860155821,0.04933440685,0.4459234889,0.5720927489,0.5767918216,0.613259248
600,1.0,0.0,0.0,0.0,1.0,1.0,0.3565849427,0.3039541479,0.05756390095,0.04783481359,0.463986476,0.5727694815,0.6048109393,0.6214694686
601,1.0,0.0,0.0,0.0,1.0,1.0,0.3567031696,0.3039542497,0.05728447437,0.0478271842,0.4629629303,0.5707552176,0.6048110265,0.6101691536
602,1.0,0.0,0.0,0.0,1.0,1.0,0.3576599333,0.3056712189,0.0570821166,0.04747951031,0.4665551499,0.5700939459,0.6048109293,0.6179777397
603,1.0,0.0,0.0,0.0,1.0,1.0,0.347121509,0.2926446522,0.05620366335,0.04642909765,0.4697985391,0.5797096531,0.6027397621,0.6198823803
604,1.0,0.0,0.0,0.0,1.0,1.0,0.3498046571,0.2977792893,0.05958497524,0.04937046766,0.4650001137,0.5809527144,0.5993150673,0.6149421888
605,1.0,0.0,0.0,0.0,1.0,1.0,0.363731221,0.3152603675,0.06301867962,0.05336719751,0.4639344114,0.5765768322,0.600671187,0.6063831807
606,1.0,0.0,0.0,0.0,1.0,1.0,0.3542737171,0.3112737712,0.06181001663,0.0524533987,0.455284516,0.5825689489,0.5993267458,0.6216219595
607,1.0,0.0,0.0,0.0,1.0,1.0,0.3458964264,0.2930563114,0.05541610718,0.04609125853,0.499168071,0.5817314311,0.637288133,0.6358383671
608,1.0,0.0,0.0,0.0,1.0,1.0,0.3375597162,0.287001874,0.05760645866,0.04800540209,0.4950332259,0.578431332,0.628378583,0.6294113338
609,1.0,0.0,0.0,0.0,1.0,1.0,0.3547451182,0.3125343599,0.0609536171,0.05204713345,0.4894650397,0.575341863,0.6321071371,0.6203209781
610,1.0,0.0,0.0,0.0,1.0,1.0,0.352553943,0.3131585933,0.05862390995,0.05055642128,0.4935275235,0.5825685835,0.6333335672,0.6276603521
611,1.0,0.0,0.0,0.0,1.0,1.0,0.3563648574,0.3154386269,0.05996704102,0.05178976059,0.4975688711,0.5772731791,0.6411962219,0.6263154745
612,1.0,0.0,0.0,0.0,1.0,1.0,0.3547454558,0.310458131,0.05795425177,0.04948604107,0.500810418,0.5799080747,0.6411960804,0.6310154438
613,1.0,0.0,0.0,0.0,1.0,1.0,0.3425238767,0.2971314429,0.05564367771,0.04731059074,0.5165564159,0.5700479676,0.6418921119,0.6363632928
614,1.0,0.0,0.0,0.0,1.0,1.0,0.3115807251,0.2302468648,0.05060696602,0.03733301163,0.5792164408,0.5901649384,0.6996586792,0.674073672
615,1.0,0.0,0.0,0.0,1.0,1.0,0.3135164186,0.2386210569,0.04827803373,0.03680866957,0.6135181508,0.5966843257,0.7266437711,0.6811594907
616,1.0,0.0,0.0,0.0,1.0,1.0,0.3071201186,0.2306405565,0.04787069559,0.03570020199,0.6180555443,0.6045195278,0.723776213,0.6893931046
617,1.0,0.0,0.0,0.0,1.0,1.0,0.3091419884,0.2276309752,0.04834228754,0.03515803814,0.6221442066,0.5965903416,0.7224202159,0.7031248411
618,1.0,0.0,0.0,0.0,1.0,1.0,0.3135164822,0.2533797211,0.05034035444,0.04004979134,0.6135180877,0.5911604827,0.7218307549,0.6736118966
619,1.0,0.0,0.0,0.0,1.0,1.0,0.3117841753,0.246365785,0.04977077246,0.03898710012,0.6152514237,0.6,0.7167830206,0.6737599278
620,1.0,0.0,0.0,0.0,1.0,1.0,0.3170641594,0.2498601392,0.04977011681,0.03868001699,0.6206896093,0.5815217652,0.7272727623,0.6783215167
621,1.0,0.0,0.0,0.0,1.0,1.0,0.3198212235,0.2568990861,0.05165982246,0.04099100828,0.6278261085,0.5869566221,0.7323944662,0.6849319849
622,1.0,0.0,0.0,0.0,1.0,1.0,0.3141595999,0.2603441864,0.04939055443,0.04043513536,0.6252158426,0.5824173702,0.7377623008,0.6778529723
623,1.0,0.0,0.0,0.0,1.0,1.0,0.3192664205,0.2586584352,0.0511701107,0.04088044167,0.6319444929,0.5815220177,0.7394366808,0.680271484
624,1.0,0.0,0.0,0.0,1.0,1.0,0.3187128419,0.2489839623,0.04954963923,0.03823941946,0.6273829158,0.5869566525,0.7298243939,0.6901415476
625,1.0,0.0,0.0,0.0,1.0,1.0,0.3192659914,0.2489837111,0.04961776733,0.03829199076,0.6197916242,0.5923913566,0.7263156916,0.6901404504
626,1.0,0.0,0.0,0.0,1.0,1.0,0.3205109851,0.2689467693,0.05304396152,0.0442032218,0.629310334,0.5860213725,0.7361111665,0.6774194418
627,1.0,0.0,0.0,0.0,1.0,1.0,0.3147030946,0.262091126,0.04948526621,0.04078453779,0.624567519,0.5824168147,0.7272727969,0.6733333236
628,1.0,0.0,0.0,0.0,1.0,1.0,0.3164320028,0.2594367706,0.05021083355,0.04088205099,0.6211072742,0.5846998687,0.7282232008,0.6644286887
629,1.0,0.0,0.0,0.0,1.0,1.0,0.3128542928,0.2542135626,0.05055749416,0.03989940882,0.5313028016,0.5783788053,0.644599413,0.6643835309
630,1.0,0.0,0.0,0.0,1.0,1.0,0.3255139693,0.286781312,0.05310404301,0.04456466436,0.4533551417,0.567838615,0.5738829018,0.6227551958
631,1.0,0.0,0.0,0.0,1.0,1.0,0.3201461387,0.2821555368,0.05325931311,0.04487848282,0.4455285556,0.5736041802,0.5748300365,0.6265061041
632,1.0,0.0,0.0,0.0,1.0,1.0,0.3309837745,0.2930568615,0.05684459209,0.04820650816,0.4464284971,0.5637258911,0.5694917158,0.6242780713
633,1.0,0.0,0.0,0.0,1.0,1.0,0.3250219228,0.284587138,0.05504232645,0.04623556137,0.4471545531,0.5750002436,0.5694916237,0.6190479874
634,1.0,0.0,0.0,0.0,1.0,1.0,0.3250610562,0.2870016612,0.05440080166,0.04601061344,0.4449838915,0.5771145641,0.5743241836,0.6235293356
635,1.0,0.0,0.0,0.0,1.0,1.0,0.3293614078,0.2877182,0.05424827337,0.04569685459,0.4626623346,0.581280799,0.5824913816,0.6198827129
636,1.0,0.0,0.0,0.0,1.0,1.0,0.3217155242,0.2797075621,0.05378252268,0.04477334023,0.4395423852,0.5736040722,0.5631398568,0.6219507649
637,1.0,0.0,0.0,0.0,1.0,1.0,0.3428978772,0.3072607142,0.05625289679,0.0485214591,0.4341464,0.5876778908,0.56756769,0.6263741393
638,1.0,0.0,0.0,0.0,1.0,1.0,0.3418283532,0.3072610409,0.05852764845,0.05072402954,0.4413681405,0.5857142712,0.574324339,0.6263736651
639,1.0,0.0,0.0,0.0,1.0,1.0,0.3363816847,0.2951368901,0.0564134717,0.04773443937,0.4401294119,0.5913460777,0.5738255899,0.6306816124
640,1.0,0.0,0.0,0.0,1.0,1.0,0.3358648055,0.2910831811,0.05714976788,0.04799467325,0.438825324,0.5825248693,0.5690234315,0.6358385379
641,1.0,0.0,0.0,0.0,1.0,1.0,0.3342291583,0.2974925479,0.05778062344,0.04992687702,0.4350650173,0.5873789713,0.5618729905,0.6179775415
642,1.0,0.0,0.0,0.0,1.0,1.0,0.3439114727,0.3041780978,0.05950713158,0.05084645748,0.4394183815,0.5680753713,0.5719063271,0.6043956946
643,1.0,0.0,0.0,0.0,1.0,1.0,0.3396161295,0.2891364109,0.05888551474,0.04851049185,0.4401295233,0.5809521882,0.5685617695,0.624277066
644,1.0,0.0,0.0,0.0,1.0,1.0,0.3491640381,0.3071373242,0.06029379368,0.05116671324,0.4423077172,0.5871562989,0.5813954071,0.62702709
645,1.0,0.0,0.0,0.0,1.0,1.0,0.3331473424,0.2898380159,0.05724328756,0.04811751842,0.4412238976,0.5748800218,0.576666632,0.6149430556
646,1.0,0.0,0.0,0.0,1.0,1.0,0.3406819442,0.2931699068,0.05784338713,0.04824858904,0.4378028784,0.5734601747,0.5700000616,0.6249998456
647,1.0,0.0,0.0,0.0,1.0,1.0,0.3449685221,0.2912281236,0.05955499411,0.04897981882,0.4435484664,0.5794396732,0.576158877,0.6250004563
648,1.0,0.0,0.0,0.0,1.0,1.0,0.3449684077,0.2961923231,0.05916279554,0.04948669672,0.4435483486,0.5841120224,0.579470253,0.6312841087
649,1.0,0.0,0.0,0.0,1.0,1.0,0.3509367787,0.303163766,0.05809539557,0.04872512817,0.4368932983,0.5806455253,0.5733332839,0.6153849918
650,1.0,0.0,0.0,0.0,1.0,1.0,0.3543772535,0.3054775199,0.05900961161,0.05003583431,0.468954222,0.5944695899,0.6046512559,0.6304347308
651,1.0,0.0,0.0,0.0,1.0,1.0,0.352076147,0.3044656165,0.05693471432,0.04827642441,0.4659091475,0.5806443846,0.6092714311,0.6195650563
652,1.0,0.0,0.0,0.0,1.0,1.0,0.3518933809,0.3057504506,0.06143438816,0.05217719078,0.46302253,0.5844747928,0.605263213,0.6236560245
653,1.0,0.0,0.0,0.0,1.0,1.0,0.3467121447,0.2998328137,0.05671936274,0.04793184996,0.464169308,0.5774643151,0.6000000746,0.6166660242
654,1.0,0.0,0.0,0.0,1.0,1.0,0.3515052647,0.3051097858,0.05856472254,0.04992842674,0.4554294796,0.5806445047,0.6006600768,0.6162166034
655,1.0,0.0,0.0,0.0,1.0,1.0,0.3532228741,0.3038170348,0.05797088146,0.04888790846,0.4560260965,0.5852527787,0.5946842955,0.6229506598
656,1.0,0.0,0.0,0.0,1.0,1.0,0.3581063572,0.3087977667,0.05992257595,0.05066180229,0.4560260586,0.5818185797,0.5946843118,0.6236558254
657,1.0,0.0,0.0,0.0,1.0,1.0,0.3597339415,0.3127395613,0.05866914988,0.05017411709,0.4609120249,0.5882353539,0.5993378012,0.6243386055
658,1.0,0.0,0.0,0.0,1.0,1.0,0.3478448787,0.3004966677,0.0579957366,0.04928278923,0.4640522958,0.5774644992,0.5946841367,0.6243100137
659,1.0,0.0,0.0,0.0,1.0,1.0,0.3564784408,0.3077749872,0.05904120207,0.05014455318,0.4560260352,0.5844750426,0.5960266257,0.6236559268
660,1.0,0.0,0.0,0.0,1.0,1.0,0.3583526598,0.3125345562,0.06009501219,0.05154937506,0.4572367918,0.5871554719,0.5919732006,0.6203213255
661,1.0,0.0,0.0,0.0,1.0,1.0,0.3605892013,0.3131585971,0.05775755644,0.04958188534,0.4629324835,0.5844742733,0.6033334224,0.6223399523
662,1.0,0.0,0.0,0.0,1.0,1.0,0.3540031208,0.3079090164,0.05830568075,0.04962766171,0.454695244,0.5813953488,0.592592483,0.6229501306
663,1.0,0.0,0.0,0.0,1.0,1.0,0.3570629588,0.3066085259,0.05829244852,0.04930341244,0.4590984588,0.5794393575,0.6000000741,0.6243100001
664,1.0,0.0,0.0,0.0,1.0,1.0,0.3515621414,0.2974531091,0.05660754442,0.04717302322,0.4589613981,0.5761905915,0.5986394532,0.622857049
665,1.0,0.0,0.0,0.0,1.0,1.0,0.3531360326,0.2981385287,0.0564917922,0.04689884186,0.468333308,0.5849057002,0.6033899564,0.625
666,1.0,0.0,0.0,0.0,1.0,1.0,0.3531359732,0.2964446379,0.05865418911,0.04841738939,0.4699999821,0.5801886888,0.599999781,0.6285723782
667,1.0,0.0,0.0,0.0,1.0,1.0,0.360537017,0.3018792456,0.05721116066,0.04709941149,0.4664430097,0.5720929651,0.5972693234,0.6101693628
668,1.0,0.0,0.0,0.0,1.0,1.0,0.34872019,0.2923535574,0.05711823702,0.04700636864,0.4607680006,0.5789478078,0.598639428,0.6337207533
669,1.0,0.0,0.0,0.0,1.0,1.0,0.3470516388,0.2964443718,0.05688405037,0.04785913229,0.4624373556,0.591345368,0.6033898217,0.628571393
670,1.0,0.0,0.0,0.0,1.0,1.0,0.3420017739,0.2906541514,0.05618220568,0.04663670063,0.4651163677,0.5825239422,0.5986394381,0.6257307326
671,1.0,0.0,0.0,0.0,1.0,1.0,0.3353830523,0.278755799,0.05471777916,0.04486858845,0.4664428617,0.5750001089,0.6054422499,0.6402433678
672,1.0,0.0,0.0,0.0,1.0,1.0,0.3235481522,0.251571859,0.05079448223,0.03909313679,0.4745762374,0.5916227602,0.6095890306,0.6598630225
673,1.0,0.0,0.0,0.0,1.0,1.0,0.32586825,0.2541242758,0.05227851868,0.04015207291,0.4537814619,0.5927831643,0.5904435933,0.6644290719
674,1.0,0.0,0.0,0.0,1.0,1.0,0.3353497426,0.2819371224,0.05487847328,0.04514634609,0.452892594,0.57635537,0.587837951,0.6407192744
675,1.0,0.0,0.0,0.0,1.0,1.0,0.3243224694,0.2751840494,0.05323505402,0.04427194595,0.4486754779,0.5714280916,0.5743242567,0.6319026334
676,1.0,0.0,0.0,0.0,1.0,1.0,0.3396797286,0.2884296529,0.05836826563,0.0482660532,0.4591503142,0.5769231162,0.5939598499,0.6279066896
677,1.0,0.0,0.0,0.0,1.0,1.0,0.3326012966,0.2860354693,0.05615103245,0.04702299833,0.449180318,0.5763541098,0.5791247024,0.6294125476
678,1.0,0.0,0.0,0.0,1.0,1.0,0.3050571122,0.2336576409,0.04830151796,0.03655970097,0.4586846968,0.5856348682,0.5870304905,0.6642336599
679,1.0,0.0,0.0,0.0,1.0,1.0,0.2855549546,0.186945874,0.04453802109,0.02859228849,0.428571374,0.629629134,0.5251798729,0.6538454322
680,1.0,0.0,0.0,0.0,1.0,1.0,0.2730619056,0.1689964125,0.04025650024,0.02446961403,0.4303571699,0.6274519094,0.5199999177,0.6236541853
681,1.0,0.0,0.0,0.0,1.0,1.0,0.297596021,0.2141662376,0.04602724314,0.03272461891,0.4475043192,0.6127162465,0.5644599697,0.6585365409
682,1.0,0.0,0.0,0.0,1.0,1.0,0.2977789272,0.2228721928,0.04627436399,0.03404092789,0.458904059,0.5977007941,0.5818816636,0.6718734679
683,1.0,0.0,0.0,0.0,1.0,1.0,0.3000037601,0.2161420692,0.0466054678,0.03328961134,0.4631217641,0.6057142126,0.5813150329,0.6800004297
684,1.0,0.0,0.0,0.0,1.0,1.0,0.2882284052,0.1381804498,0.04169440269,0.01976424456,0.4812732564,0.5909100006,0.5416669966,0.6712345705
685,1.0,0.0,0.0,0.0,1.0,1.0,0.2908140432,0.1406620159,0.04261493683,0.02049827576,0.4511970972,0.6012658051,0.5296294812,0.6710535498
686,1.0,0.0,0.0,0.0,1.0,1.0,0.2968980968,0.2076302828,0.04592335224,0.03150552511,0.4490501539,0.6046509515,0.5704226376,0.67796623
687,1.0,0.0,0.0,0.0,1.0,1.0,0.3103442441,0.2498605534,0.04891860485,0.03866147995,0.4507513261,0.56989246,0.581632881,0.6326530298
688,1.0,0.0,0.0,0.0,1.0,1.0,0.3298651394,0.274257594,0.05407506227,0.04385191202,0.4614122027,0.5820900787,0.5993266884,0.6380368432
689,1.0,0.0,0.0,0.0,1.0,1.0,0.3331474169,0.2795051579,0.05312746763,0.04361212254,0.4626866285,0.5820890331,0.6,0.6303024505
690,1.0,0.0,0.0,0.0,1.0,1.0,0.3359051695,0.287001973,0.05583530664,0.04675865173,0.4652318028,0.5862060867,0.6013512302,0.6235289619
691,1.0,0.0,0.0,0.0,1.0,1.0,0.3375378595,0.290378504,0.05411720276,0.0454056859,0.4645798194,0.5853661492,0.60135122,0.6337201899
692,1.0,0.0,0.0,0.0,1.0,1.0,0.3359048676,0.2785606247,0.05499380827,0.04469943047,0.461920481,0.5714290359,0.6013514015,0.6363630302
693,1.0,0.0,0.0,0.0,1.0,1.0,0.3320513297,0.2800450581,0.0532874465,0.04405450821,0.4654605556,0.5841579839,0.5973153091,0.6347305956
694,1.0,0.0,0.0,0.0,1.0,1.0,0.3325930864,0.2819370442,0.05319029093,0.04441386461,0.4642261686,0.5849997479,0.5979729346,0.6347308764
695,1.0,0.0,0.0,0.0,1.0,1.0,0.3337006329,0.2862807562,0.05383187532,0.04526162148,0.4584717942,0.5870648143,0.5932200195,0.6331364142
696,1.0,0.0,0.0,0.0,1.0,1.0,0.3303804921,0.2838548462,0.05284661055,0.04434859753,0.460132917,0.5778897136,0.5884351561,0.6287433841
697,1.0,0.0,0.0,0.0,1.0,1.0,0.3342562114,0.2872546728,0.0541844368,0.04555803537,0.459234506,0.5721390353,0.5884354304,0.6272194071
698,1.0,0.0,0.0,0.0,1.0,1.0,0.3342503106,0.2870018152,0.05314707756,0.04472774267,0.4536424778,0.5841587601,0.5945945946,0.6352939138
699,1.0,0.0,0.0,0.0,1.0,1.0,0.3298488022,0.2802489719,0.0529076457,0.04391336441,0.4537953953,0.5750003098,0.5912162201,0.6385542332
700,1.0,0.0,0.0,0.0,1.0,1.0,0.3303803065,0.2838550233,0.05455094576,0.04577893019,0.4501661038,0.5829145784,0.5918367422,0.6407193347
701,1.0,0.0,0.0,0.0,1.0,1.0,0.3293054968,0.2793051622,0.05356860161,0.04446190596,0.4530478819,0.5800004896,0.5959593728,0.6385547499
702,1.0,0.0,0.0,0.0,1.0,1.0,0.3216595314,0.2761170559,0.05354630947,0.04453086853,0.4532019268,0.5714280944,0.5898306977,0.6503070523
703,1.0,0.0,0.0,0.0,1.0,1.0,0.3216593812,0.267647124,0.05359596014,0.0432049036,0.4532020176,0.576530459,0.5864407405,0.6455692011
704,1.0,0.0,0.0,0.0,1.0,1.0,0.3156130051,0.2625651986,0.05228292942,0.04220759869,0.4572368939,0.5833335233,0.5898304494,0.6580650901
705,1.0,0.0,0.0,0.0,1.0,1.0,0.3038843628,0.2290388731,0.04999309778,0.03666162491,0.4611486734,0.5944440801,0.5833334264,0.6893932497
706,1.0,0.0,0.0,0.0,1.0,1.0,0.2875344531,0.1973985182,0.04516303539,0.03019934893,0.4575390893,0.6325295958,0.5658363239,0.6936946005
707,1.0,0.0,0.0,0.0,1.0,1.0,0.2735699442,0.154764434,0.03962612152,0.02192646265,0.4233576117,0.6266666266,0.4962685139,0.6265070066
708,1.0,0.0,0.0,0.0,1.0,1.0,0.2826518741,0.1527447086,0.04181921482,0.02213954926,0.4750460849,0.5947705991,0.5358491963,0.6419771699
709,1.0,0.0,0.0,0.0,1.0,1.0,0.3053322998,0.1646590493,0.04519063234,0.02413910627,0.4895634311,0.5341617283,0.5478927234,0.5465113695
710,1.0,0.0,0.0,0.0,1.0,1.0,0.3124431791,0.1729070461,0.04604887962,0.02524363995,0.4952919504,0.5,0.5551333655,0.5054944536
711,1.0,0.0,0.0,0.0,1.0,1.0,0.3161112939,0.169107123,0.04767751694,0.02540898323,0.4924242477,0.5089824177,0.5475286016,0.5280910737
712,1.0,0.0,0.0,0.0,1.0,1.0,0.3039350708,0.1665737177,0.04652893543,0.0251199007,0.4832090324,0.4969319495,0.537878701,0.4886366333
713,1.0,0.0,0.0,0.0,1.0,1.0,0.3072286428,0.1665736084,0.04387241602,0.02356112003,0.5085388131,0.4938272444,0.5593871217,0.482759493
714,1.0,0.0,0.0,0.0,1.0,1.0,0.3134003514,0.1806682991,0.0442250967,0.02534854412,0.5066922507,0.4878055026,0.557692373,0.4574466584
715,1.0,0.0,0.0,0.0,1.0,1.0,0.3209744423,0.1736482158,0.04454964399,0.02400881052,0.4961537941,0.4670659964,0.5366794302,0.4333330851
716,1.0,0.0,0.0,0.0,1.0,1.0,0.3135131303,0.1697526112,0.04507470131,0.02431303263,0.4980988633,0.496969168,0.5496184254,0.4606758927
717,1.0,0.0,0.0,0.0,1.0,1.0,0.3015393251,0.1564011578,0.04284095764,0.02209407091,0.504743751,0.5345905124,0.5610685896,0.5487823631
718,1.0,0.0,0.0,0.0,1.0,1.0,0.276741637,0.1576181216,0.04335319996,0.02429986,0.4567901047,0.636943078,0.5591398515,0.6704555489
719,1.0,0.0,0.0,0.0,1.0,1.0,0.3033719581,0.2139212516,0.05002933741,0.03474253416,0.4671163286,0.5888892993,0.5958902727,0.6719993549
720,1.0,0.0,0.0,0.0,1.0,1.0,0.3046875219,0.237880589,0.05019319057,0.03833431005,0.4639865975,0.5769229856,0.5890411364,0.6546771091
721,1.0,0.0,0.0,0.0,1.0,1.0,0.3104576334,0.2558302331,0.04983150959,0.03997188807,0.4634550338,0.5828877773,0.5904435753,0.6400001789
722,1.0,0.0,0.0,0.0,1.0,1.0,0.3223483488,0.2748467476,0.05371278524,0.04453575611,0.4521879842,0.5678393521,0.593333223,0.6363636364
723,1.0,0.0,0.0,0.0,1.0,1.0,0.3293799481,0.2865068171,0.05504125357,0.04640734196,0.4588045893,0.5637253787,0.6000000736,0.6337206166
724,1.0,0.0,0.0,0.0,1.0,1.0,0.3336955829,0.2783677247,0.0535428524,0.04378372431,0.467105279,0.5763542246,0.6006709756,0.6385540364
725,1.0,0.0,0.0,0.0,1.0,1.0,0.3331472788,0.283398759,0.05486679077,0.04545336962,0.452614308,0.5735297313,0.5906038298,0.6213018683
726,1.0,0.0,0.0,0.0,1.0,1.0,0.3369639564,0.2857932986,0.05472671986,0.04542845488,0.4549918247,0.572815037,0.5886285343,0.6315788093
727,1.0,0.0,0.0,0.0,1.0,1.0,0.3359053554,0.2793052089,0.05440157652,0.04448598623,0.4668874736,0.5763547338,0.6060606174,0.6325294667
728,1.0,0.0,0.0,0.0,1.0,1.0,0.3353390016,0.282450967,0.05477446318,0.04537689686,0.46875,0.5833325172,0.6053511855,0.6390533011
729,1.0,0.0,0.0,0.0,1.0,1.0,0.3413126708,0.2915036483,0.0554933548,0.0464656949,0.4656862215,0.5789474815,0.6033334468,0.6285710621
730,1.0,0.0,0.0,0.0,1.0,1.0,0.3478449682,0.2974926419,0.05614542961,0.04691964388,0.4656863858,0.5821602524,0.6020066877,0.6235948276
731,1.0,0.0,0.0,0.0,1.0,1.0,0.3364297484,0.288429474,0.05305188894,0.04451179504,0.4696224023,0.5853653056,0.6040266668,0.6337200583
732,1.0,0.0,0.0,0.0,1.0,1.0,0.3440704201,0.2958214816,0.05552053452,0.04679584503,0.4655736579,0.5809528922,0.6020066474,0.6271181907
733,1.0,0.0,0.0,0.0,1.0,1.0,0.3515951681,0.3081611605,0.05753487349,0.04927754402,0.4592834019,0.5879630157,0.5999999255,0.6216210659
734,1.0,0.0,0.0,0.0,1.0,1.0,0.3440701452,0.3001680862,0.05640643835,0.04807978868,0.4590163651,0.5857146933,0.5973153089,0.6256977977
735,1.0,0.0,0.0,0.0,1.0,1.0,0.3549570085,0.3068755426,0.05866098404,0.04946988821,0.464811876,0.5760368149,0.5973155827,0.6174859964
736,1.0,0.0,0.0,0.0,1.0,1.0,0.3495583788,0.3055726212,0.05620390177,0.04776012897,0.4581280724,0.5821590867,0.5945948317,0.6298344403
737,1.0,0.0,0.0,0.0,1.0,1.0,0.350623762,0.3045440736,0.05863153934,0.04959028959,0.4622949639,0.584112216,0.5959596034,0.6243090337
738,1.0,0.0,0.0,0.0,1.0,1.0,0.3463414787,0.2998325359,0.0575209856,0.04848194122,0.4587458408,0.5809519171,0.5932201203,0.6271182898
739,1.0,0.0,0.0,0.0,1.0,1.0,0.3320461323,0.2845869362,0.054502666,0.0455544591,0.44628112,0.5820890789,0.5762710728,0.6309518669
740,1.0,0.0,0.0,0.0,1.0,1.0,0.3342343491,0.2836254468,0.05390542746,0.04417616129,0.4323001957,0.5804874705,0.5641890599,0.6309520436
741,1.0,0.0,0.0,0.0,1.0,1.0,0.3342289158,0.2891359373,0.05536603928,0.04649668932,0.4318182554,0.5728150218,0.5652173268,0.6300582629
742,1.0,0.0,0.0,0.0,1.0,1.0,0.3326040166,0.2860355639,0.05406397581,0.04505330324,0.4355629061,0.583332874,0.5690237155,0.6352939464
743,1.0,0.0,0.0,0.0,1.0,1.0,0.3422525051,0.3004968076,0.0554677844,0.04713463783,0.4276527976,0.582159801,0.5647841125,0.6243089172
744,1.0,0.0,0.0,0.0,1.0,1.0,0.3358515118,0.2924784819,0.05443632603,0.04602098465,0.4350649476,0.5797096213,0.5685618134,0.6342863138
745,1.0,0.0,0.0,0.0,1.0,1.0,0.3369084935,0.2941500545,0.05449467897,0.04589027166,0.4387097695,0.5789477714,0.5719064158,0.6250008118
746,1.0,0.0,0.0,0.0,1.0,1.0,0.3353282937,0.2857934561,0.05357891321,0.04469263554,0.4680851421,0.5804873707,0.6020065283,0.6374266822
747,1.0,0.0,0.0,0.0,1.0,1.0,0.3265504201,0.2766911216,0.05372422934,0.04477018118,0.4719471863,0.5909082336,0.6073826146,0.6424255012
748,1.0,0.0,0.0,0.0,1.0,1.0,0.320482119,0.2718076715,0.05167579651,0.04288560152,0.4776859996,0.577319326,0.6114863231,0.645962966
749,1.0,0.0,0.0,0.0,1.0,1.0,0.3182303421,0.2693409633,0.05106574297,0.04228878021,0.4792703302,0.5729164357,0.6135592217,0.6415090882
750,1.0,0.0,0.0,0.0,1.0,1.0,0.3046874721,0.2175657754,0.04964840412,0.034917593,0.4874372411,0.5989012704,0.622448991,0.7031255334
751,1.0,0.0,0.0,0.0,1.0,1.0,0.2732417407,0.1482690612,0.0401006937,0.02179974318,0.4972477955,0.6174503328,0.5677657623,0.6666666667
752,1.0,0.0,0.0,0.0,1.0,1.0,0.2754643961,0.1784714889,0.04202222824,0.02693730593,0.4575971259,0.628205601,0.5607141813,0.6600004868
753,1.0,0.0,0.0,0.0,1.0,1.0,0.3000038383,0.2085043912,0.04565560818,0.03156763315,0.485420141,0.6057150765,0.6103447298,0.6859504132
754,1.0,0.0,0.0,0.0,1.0,1.0,0.3123255377,0.2481948002,0.04957461357,0.03887695074,0.4769736502,0.5894743929,0.6133333638,0.6711414541
755,1.0,0.0,0.0,0.0,1.0,1.0,0.3281993363,0.2716604646,0.052724123,0.04292118549,0.4785477238,0.5728641455,0.6140939395,0.648147891
756,1.0,0.0,0.0,0.0,1.0,1.0,0.3353282316,0.2815095617,0.05662304163,0.04667949677,0.4697218632,0.5707317125,0.6100001689,0.6331363516
757,1.0,0.0,0.0,0.0,1.0,1.0,0.3238321619,0.2666296508,0.05369126797,0.04333460331,0.4736842105,0.5736042807,0.6107381812,0.6540877043
758,1.0,0.0,0.0,0.0,1.0,1.0,0.3374951802,0.2822344285,0.05419278145,0.0445061326,0.4665578436,0.5748786851,0.6112958179,0.6352952836
759,1.0,0.0,0.0,0.0,1.0,1.0,0.3358781123,0.2824512196,0.05446881056,0.04490357637,0.460655654,0.5804877248,0.5986620481,0.6390529324
760,1.0,0.0,0.0,0.0,1.0,1.0,0.3287639352,0.2750141842,0.05270957947,0.04322183132,0.472039479,0.5800004523,0.6073824383,0.6524391085
761,1.0,0.0,0.0,0.0,1.0,1.0,0.3188301758,0.2666295363,0.05205798149,0.04288715124,0.4644628971,0.5803113851,0.6073826374,0.6540880328
762,1.0,0.0,0.0,0.0,1.0,1.0,0.3265828186,0.27242314,0.05189657211,0.04250824451,0.4630541184,0.5778885469,0.6053514376,0.6441717963
763,1.0,0.0,0.0,0.0,1.0,1.0,0.3237391879,0.2742575768,0.0524405241,0.0438349247,0.4734218213,0.5692311714,0.6060608095,0.6441718292
764,1.0,0.0,0.0,0.0,1.0,1.0,0.3413528405,0.2865068154,0.05463159084,0.04517614841,0.4679802249,0.576922993,0.6033332363,0.6395353133
765,1.0,0.0,0.0,0.0,1.0,1.0,0.3276589765,0.2683066637,0.05413204432,0.04352325201,0.4662272433,0.5678391517,0.607382522,0.6437491697
766,1.0,0.0,0.0,0.0,1.0,1.0,0.3050574964,0.2158660092,0.04915213585,0.03448796272,0.4890387927,0.5966850829,0.6224490024,0.6929133858
767,1.0,0.0,0.0,0.0,1.0,1.0,0.2901602261,0.1527450649,0.04162484407,0.02203673124,0.5123340086,0.588235968,0.577358291,0.6419755758
768,1.0,0.0,0.0,0.0,1.0,1.0,0.3005982645,0.1691074277,0.04348504543,0.02465081215,0.5019157238,0.47770705,0.539923872,0.4382018125
769,1.0,0.0,0.0,0.0,1.0,1.0,0.3266660097,0.1886105017,0.04683047533,0.02703899145,0.5038910045,0.4345240141,0.5369652701,0.3711343161
770,1.0,0.0,0.0,0.0,1.0,1.0,0.3311758951,0.1859428423,0.04585838318,0.02620482445,0.5246547893,0.434523562,0.5503873281,0.354166098
771,1.0,0.0,0.0,0.0,1.0,1.0,0.3225922653,0.1776351621,0.04422342777,0.02468913794,0.5346535288,0.4417181304,0.5507811461,0.3626377606
772,1.0,0.0,0.0,0.0,1.0,1.0,0.3245712685,0.1854434302,0.0477924943,0.02768468857,0.5247524933,0.4207314564,0.5468750998,0.3368405415
773,1.0,0.0,0.0,0.0,1.0,1.0,0.3115907498,0.1956272662,0.04242396355,0.02694857121,0.5274511654,0.4276732476,0.5581397059,0.3465347849
774,1.0,0.0,0.0,0.0,1.0,1.0,0.3215259166,0.1929424969,0.04463171959,0.02688658237,0.5174418973,0.4277106181,0.552123714,0.3500006651
775,1.0,0.0,0.0,0.0,1.0,1.0,0.3195094862,0.1944436365,0.04378074408,0.02669554949,0.5282650377,0.4085367431,0.56031123,0.3299990846
776,1.0,0.0,0.0,0.0,1.0,1.0,0.3152084462,0.1968013926,0.04398751259,0.02735811472,0.5230769543,0.4085364532,0.5482627403,0.3333340596
777,1.0,0.0,0.0,0.0,1.0,1.0,0.3090250574,0.1983328208,0.04382282495,0.02829068899,0.5166341204,0.4303798157,0.5447469939,0.36274516
778,1.0,0.0,0.0,0.0,1.0,1.0,0.3017544555,0.1898168207,0.04267072678,0.02663528919,0.5173077738,0.4331215707,0.5426357873,0.3571428571
779,1.0,0.0,0.0,0.0,1.0,1.0,0.3000273538,0.1820691034,0.04197192192,0.02561926842,0.5282651321,0.4155845447,0.5503873342,0.3297868875
780,1.0,0.0,0.0,0.0,1.0,1.0,0.3099046508,0.1948716674,0.0444265604,0.02804422379,0.5213178621,0.4249993963,0.5521236896,0.3663369493
781,1.0,0.0,0.0,0.0,1.0,1.0,0.3124466685,0.196801364,0.04584866762,0.02904701233,0.5203882527,0.4285718,0.5521239232,0.3627454199
782,1.0,0.0,0.0,0.0,1.0,1.0,0.3066249306,0.187879303,0.0444265604,0.0272744894,0.528155369,0.411392439,0.5465116136,0.3195874036
783,1.0,0.0,0.0,0.0,1.0,1.0,0.2967094589,0.1847214184,0.04133814573,0.02583628893,0.5292968071,0.4210520245,0.5525291,0.3578937898
784,1.0,0.0,0.0,0.0,1.0,1.0,0.2974993486,0.1866665404,0.0430790782,0.02703005075,0.5350194512,0.4248374604,0.56031122,0.3437503446
785,1.0,0.0,0.0,0.0,1.0,1.0,0.3089877435,0.1902783348,0.0446575284,0.02729070187,0.4980914807,0.4691369394,0.5423075085,0.4141400684
786,1.0,0.0,0.0,0.0,1.0,1.0,0.2966803727,0.1721887561,0.04307967424,0.0247708559,0.5046382669,0.524999412,0.5805243647,0.5652163451
787,1.0,0.0,0.0,0.0,1.0,1.0,0.2865532227,0.1902852293,0.0443418622,0.02893036604,0.4842657905,0.6280498378,0.5765124444,0.6822430677
788,1.0,0.0,0.0,0.0,1.0,1.0,0.3018449099,0.2413617315,0.04800611734,0.03787147999,0.4798658315,0.5833334368,0.5986396057,0.6760558282
789,1.0,0.0,0.0,0.0,1.0,1.0,0.3105701845,0.2583017993,0.0496134758,0.04037696123,0.4727271761,0.5744675483,0.6013511968,0.660130526
790,1.0,0.0,0.0,0.0,1.0,1.0,0.3149152693,0.2693409334,0.05121725798,0.04286074638,0.4693200748,0.5631578886,0.6000001498,0.6540877005
791,1.0,0.0,0.0,0.0,1.0,1.0,0.3244517024,0.2774369608,0.05251407623,0.04380571842,0.4698206409,0.5628144012,0.6053509458,0.6445781821
792,1.0,0.0,0.0,0.0,1.0,1.0,0.3320619472,0.283175122,0.05488228798,0.04573523998,0.4706840845,0.5735296034,0.6033333998,0.6411763173
793,1.0,0.0,0.0,0.0,1.0,1.0,0.3397116089,0.2915039155,0.05418437719,0.04580807686,0.4630542516,0.5748787488,0.5966664113,0.6342858853
794,1.0,0.0,0.0,0.0,1.0,1.0,0.3418713763,0.2931695323,0.05862689018,0.04936999083,0.4566284119,0.5837315321,0.5933333734,0.6363633071
795,1.0,0.0,0.0,0.0,1.0,1.0,0.3271200723,0.2793053989,0.05405676365,0.0450925827,0.4588815373,0.5778887269,0.58922545,0.6445775966
796,1.0,0.0,0.0,0.0,1.0,1.0,0.32822396,0.280045023,0.05285423994,0.04413330555,0.4614121784,0.5799997068,0.5939597925,0.6467058509
797,1.0,0.0,0.0,0.0,1.0,1.0,0.3309409139,0.2795052288,0.05287069082,0.04361838102,0.4718541958,0.5749997463,0.5966102407,0.6484848899
798,1.0,0.0,0.0,0.0,1.0,1.0,0.33593271,0.2889543863,0.05351763964,0.04526370764,0.4698996451,0.5771146827,0.5884354169,0.6411767727
799,1.0,0.0,0.0,0.0,1.0,1.0,0.3353610201,0.2920669283,0.05344551802,0.0457726717,0.46179401,0.5742577791,0.5878378533,0.6300573744
800,1.0,0.0,0.0,0.0,1.0,1.0,0.3359186154,0.2923536832,0.05373293161,0.04575282335,0.4625624103,0.5693070021,0.5850341483,0.6279075827
801,1.0,0.0,0.0,0.0,1.0,1.0,0.3021959174,0.2498602362,0.04758566618,0.03854703903,0.4442567285,0.5810059435,0.5586206364,0.6620690508
802,1.0,0.0,0.0,0.0,1.0,1.0,0.3093509059,0.252454091,0.04908442497,0.03937542439,0.4455781885,0.5769228901,0.5570934666,0.650684973
803,1.0,0.0,0.0,0.0,1.0,1.0,0.3093512285,0.2568497836,0.04863375425,0.03928112984,0.4523810404,0.5714287465,0.5594406603,0.6530602645
804,1.0,0.0,0.0,0.0,1.0,1.0,0.3132834096,0.257695802,0.04996156693,0.04018646479,0.4548552255,0.5652170801,0.560975703,0.6351352754
805,1.0,0.0,0.0,0.0,1.0,1.0,0.3123255546,0.2567532626,0.05055820942,0.04071986675,0.4510135311,0.5675680774,0.5620688307,0.6442943589
806,1.0,0.0,0.0,0.0,1.0,1.0,0.3150783748,0.2593708144,0.05062383413,0.040825665,0.4491525188,0.5591403547,0.5605535336,0.6266671144
807,1.0,0.0,0.0,0.0,1.0,1.0,0.3138178035,0.2550659197,0.04946833849,0.03952091932,0.4539250102,0.5760867339,0.5555554701,0.6598632684
808,1.0,0.0,0.0,0.0,1.0,1.0,0.3166887625,0.257641476,0.04980111122,0.03989440203,0.4548551911,0.5698926662,0.5640137929,0.6308729645
809,1.0,0.0,0.0,0.0,1.0,1.0,0.3274621123,0.264558058,0.05185669661,0.04132330418,0.4709897643,0.5729168942,0.5916955123,0.6470582296
810,1.0,0.0,0.0,0.0,1.0,1.0,0.3320182314,0.2774314245,0.05308228731,0.04360330105,0.4593219666,0.576529942,0.5827583709,0.6521744479
811,1.0,0.0,0.0,0.0,1.0,1.0,0.3286532668,0.2806653524,0.05243819952,0.0441018343,0.4502529993,0.5692302621,0.5753426164,0.6402434904
812,1.0,0.0,0.0,0.0,1.0,1.0,0.3303662909,0.2814125397,0.05262625217,0.04385519028,0.4641069561,0.5707072652,0.5904439497,0.6424239706
813,1.0,0.0,0.0,0.0,1.0,1.0,0.3309301651,0.2821557268,0.05286574364,0.04409909248,0.4559067288,0.577889147,0.5850339929,0.6445787041
814,1.0,0.0,0.0,0.0,1.0,1.0,0.3270599661,0.2736568599,0.05365407467,0.04384928942,0.4568107034,0.5736042019,0.581632562,0.6397510293
815,1.0,0.0,0.0,0.0,1.0,1.0,0.330366088,0.2778108354,0.05311757326,0.04399639368,0.4607679497,0.5707068837,0.58644053,0.6463420747
816,1.0,0.0,0.0,0.0,1.0,1.0,0.3314814615,0.2802491962,0.05313575268,0.04432433844,0.4566666828,0.5778893289,0.5810810811,0.6385544599
817,1.0,0.0,0.0,0.0,1.0,1.0,0.3225623457,0.27025726,0.0512611866,0.04223072529,0.4515050512,0.5751296481,0.5748298386,0.6415088481
818,1.0,0.0,0.0,0.0,1.0,1.0,0.3186868705,0.2643575285,0.05106765032,0.04144233465,0.462437386,0.5706809155,0.5802050948,0.6451623574
819,1.0,0.0,0.0,0.0,1.0,1.0,0.3092290387,0.2368016135,0.0494557023,0.03716009855,0.4683760816,0.5856345867,0.5783972364,0.6617653899
820,1.0,0.0,0.0,0.0,1.0,1.0,0.3053356226,0.2034579365,0.04705536366,0.03118789196,0.46181163,0.6104643946,0.5678570943,0.6403508101
821,1.0,0.0,0.0,0.0,1.0,1.0,0.2823704873,0.1596854737,0.04144948721,0.02317899466,0.4665427941,0.6118416985,0.5338344938,0.6470598824
822,1.0,0.0,0.0,0.0,1.0,1.0,0.2940598567,0.1798993211,0.04416906834,0.0268265605,0.4747292249,0.6257661592,0.5672727331,0.6565661279
823,1.0,0.0,0.0,0.0,1.0,1.0,0.3052399928,0.2171934031,0.04713404179,0.03312849998,0.4607328878,0.6000002529,0.5689046779,0.6666666667
824,1.0,0.0,0.0,0.0,1.0,1.0,0.3165187585,0.2481132863,0.05003708601,0.03861558437,0.4543890343,0.5760867105,0.5734265386,0.6619712223
825,1.0,0.0,0.0,0.0,1.0,1.0,0.3217384819,0.2629196061,0.05136495829,0.04125589132,0.4554794575,0.5744678629,0.5714285714,0.6490069478
826,1.0,0.0,0.0,0.0,1.0,1.0,0.3275482236,0.2747608149,0.05261176825,0.04316866398,0.4571427909,0.5692307169,0.5807561585,0.6249996548
827,1.0,0.0,0.0,0.0,1.0,1.0,0.3331474271,0.2757080209,0.05329060555,0.04328167439,0.4636208974,0.5685283446,0.5827584243,0.6374998967
828,1.0,0.0,0.0,0.0,1.0,1.0,0.3399117168,0.2814127176,0.05489569902,0.04506361485,0.4619288872,0.5721397572,0.5836175531,0.6303036075
829,1.0,0.0,0.0,0.0,1.0,1.0,0.3359612571,0.2738198147,0.05408060551,0.04348188639,0.46621631,0.5728638785,0.5856164319,0.6374994003
830,1.0,0.0,0.0,0.0,1.0,1.0,0.3382204075,0.2772427483,0.05420303345,0.04390454292,0.4686970965,0.5749997801,0.5821918556,0.6358017149
831,1.0,0.0,0.0,0.0,1.0,1.0,0.3292078746,0.2736567502,0.05251854658,0.043361485,0.4594594746,0.5743597601,0.5850341467,0.6335402105
832,1.0,0.0,0.0,0.0,1.0,1.0,0.3314479202,0.2678916324,0.05284881592,0.04227900505,0.4625849361,0.5641026509,0.5876289088,0.6410258218
833,1.0,0.0,0.0,0.0,1.0,1.0,0.33370923,0.2806653212,0.05488181114,0.04545766115,0.455312003,0.5606061922,0.5924659147,0.6280484047
834,1.0,0.0,0.0,0.0,1.0,1.0,0.3285835601,0.2610998619,0.05177587271,0.04071956873,0.4623287632,0.5572914448,0.5847751592,0.6291386657
835,1.0,0.0,0.0,0.0,1.0,1.0,0.3297653803,0.2730436709,0.05243384838,0.04275375605,0.4585449439,0.5692308917,0.5841926112,0.6415099074
836,1.0,0.0,0.0,0.0,1.0,1.0,0.3314477028,0.2713261903,0.05381530523,0.04360419512,0.462585019,0.5692308203,0.5876289348,0.6329117212
837,1.0,0.0,0.0,0.0,1.0,1.0,0.3286069692,0.2593057174,0.05206537247,0.04073512554,0.4633730054,0.5751289049,0.587628776,0.6357609208
838,1.0,0.0,0.0,0.0,1.0,1.0,0.3303096387,0.264456953,0.05267643929,0.04181528091,0.4667803001,0.5721651934,0.5945015252,0.6428563283
839,1.0,0.0,0.0,0.0,1.0,1.0,0.3280482741,0.2661747132,0.05198836327,0.04175233841,0.4591837118,0.5751289812,0.5876288386,0.6387090143
840,1.0,0.0,0.0,0.0,1.0,1.0,0.3240512322,0.2567532918,0.05205881596,0.04082506895,0.4658702559,0.5684209562,0.5965515871,0.6375839318
841,1.0,0.0,0.0,0.0,1.0,1.0,0.3331473754,0.2524544967,0.05233252048,0.03938430548,0.4707904497,0.5876293004,0.5951556142,0.6506850455
842,1.0,0.0,0.0,0.0,1.0,1.0,0.3337207676,0.2515834801,0.05237221718,0.0394141078,0.4750430582,0.5824744497,0.5931034535,0.6506845275
843,1.0,0.0,0.0,0.0,1.0,1.0,0.3279687828,0.2429199232,0.05098330975,0.03756666183,0.469775468,0.5789470608,0.597222083,0.6642867116
844,1.0,0.0,0.0,0.0,1.0,1.0,0.327941962,0.2323877914,0.0515267849,0.03625959158,0.4739583333,0.5925925069,0.5979020979,0.6616551735
845,1.0,0.0,0.0,0.0,1.0,1.0,0.3187129866,0.2314495878,0.05064159632,0.03632980585,0.4731369076,0.5978260997,0.5894737682,0.6590917667
846,1.0,0.0,0.0,0.0,1.0,1.0,0.3202436867,0.2179632086,0.04976469278,0.03363215923,0.4735916703,0.6098898927,0.5957447548,0.6747971658
847,1.0,0.0,0.0,0.0,1.0,1.0,0.3236118579,0.2203069897,0.05137914419,0.03491508961,0.4865831851,0.596685147,0.6021508005,0.658536169
848,1.0,0.0,0.0,0.0,1.0,1.0,0.314211506,0.2088118806,0.04832476377,0.03194350004,0.4760212949,0.6045204778,0.5928572959,0.6837605402
849,1.0,0.0,0.0,0.0,1.0,1.0,0.3072422943,0.1941363225,0.04623520374,0.02937299013,0.4719710494,0.6117651457,0.5755396987,0.6666680195
850,1.0,0.0,0.0,0.0,1.0,1.0,0.3000163708,0.1763717906,0.04453980923,0.02623200417,0.4843461851,0.6257671421,0.5698528071,0.6666666667
851,1.0,0.0,0.0,0.0,1.0,1.0,0.2901004025,0.1559278983,0.04317170382,0.02311772108,0.471910055,0.6516130725,0.5563907961,0.6626488007
852,1.0,0.0,0.0,0.0,1.0,1.0,0.2920567343,0.150859078,0.04210698605,0.02187377214,0.4762808137,0.6363629929,0.5584903116,0.6750022481
853,1.0,0.0,0.0,0.0,1.0,1.0,0.2882284377,0.1497289785,0.0421282649,0.021884799,0.4700374163,0.6428568397,0.5468166596,0.6625014299
854,1.0,0.0,0.0,0.0,1.0,1.0,0.2922016359,0.1603581202,0.04294538498,0.02352422476,0.4785847908,0.6305738761,0.5597015259,0.6511626139
855,1.0,0.0,0.0,0.0,1.0,1.0,0.2892633735,0.157904276,0.04222011566,0.02300453186,0.4730984034,0.6346154932,0.5576207494,0.647059738
856,1.0,0.0,0.0,0.0,1.0,1.0,0.3083580058,0.1720053136,0.04630744457,0.02587765455,0.4754990709,0.6294113861,0.5760869608,0.6736833619
857,1.0,0.0,0.0,0.0,1.0,1.0,0.2983678697,0.1714373988,0.04439026117,0.02559936047,0.4853479259,0.6257672089,0.5802919999,0.6489361702
858,1.0,0.0,0.0,0.0,1.0,1.0,0.3007497271,0.1671858897,0.04570841789,0.02536255121,0.4825687735,0.6402433299,0.5735294869,0.6703296962
859,1.0,0.0,0.0,0.0,1.0,1.0,0.3014770342,0.1793869687,0.04504936934,0.02675658464,0.478976119,0.6181809281,0.5750916014,0.6530615882
860,1.0,0.0,0.0,0.0,1.0,1.0,0.3016497839,0.1769085833,0.04493695498,0.02625834942,0.4727273473,0.6325298408,0.5693431595,0.6597940718
861,1.0,0.0,0.0,0.0,1.0,1.0,0.3027507957,0.1745350454,0.04468131065,0.02557063103,0.4689781381,0.6445783775,0.5661766441,0.6736836953
862,1.0,0.0,0.0,0.0,1.0,1.0,0.305283884,0.1793872534,0.04694449902,0.02738434076,0.4690909457,0.6309525926,0.5677655592,0.6632653728
863,1.0,0.0,0.0,0.0,1.0,1.0,0.3048838128,0.1889851022,0.04482096434,0.02758210897,0.4675090083,0.6390538997,0.5709089766,0.6730768815
864,1.0,0.0,0.0,0.0,1.0,1.0,0.3105406791,0.1959337374,0.04760628939,0.02982234955,0.4678571165,0.6149422625,0.5719424122,0.6697259442
865,1.0,0.0,0.0,0.0,1.0,1.0,0.312099887,0.1980711936,0.04705637693,0.02964824438,0.4765341979,0.6127160455,0.5781816068,0.6605510489
866,1.0,0.0,0.0,0.0,1.0,1.0,0.3137993629,0.2035224212,0.04777860641,0.0309317708,0.4863883862,0.6242764399,0.5927272998,0.6785714974
867,1.0,0.0,0.0,0.0,1.0,1.0,0.3133386102,0.2038576142,0.04732036591,0.03073108196,0.4720720955,0.6091958222,0.5776172657,0.6637159559
868,1.0,0.0,0.0,0.0,1.0,1.0,0.3047298852,0.1775564685,0.04548859596,0.02626425028,0.4773139702,0.6309521314,0.5750916208,0.6701033267
869,1.0,0.0,0.0,0.0,1.0,1.0,0.2924294108,0.1715458879,0.04268091917,0.02485215664,0.4796295111,0.6455694788,0.5634328926,0.6630435304
870,1.0,0.0,0.0,0.0,1.0,1.0,0.2879431699,0.1684451842,0.04151427746,0.02410507202,0.4721189337,0.6451613366,0.5543068447,0.6444453236
871,1.0,0.0,0.0,0.0,1.0,1.0,0.3165491807,0.2185159342,0.04861313105,0.03331911564,0.471530269,0.6011245805,0.5806451865,0.6639350128
872,1.0,0.0,0.0,0.0,1.0,1.0,0.3162566868,0.2445816408,0.04964518547,0.03812533617,0.4562937571,0.5911601281,0.5739436202,0.6546760116
873,1.0,0.0,0.0,0.0,1.0,1.0,0.3221769371,0.2533550933,0.05044573545,0.03932601213,0.4592720766,0.5806455806,0.5769232098,0.6620696868
874,1.0,0.0,0.0,0.0,1.0,1.0,0.3232976549,0.2507371589,0.05069684982,0.03897660971,0.457391271,0.5967736247,0.5754386718,0.6573428819
875,1.0,0.0,0.0,0.0,1.0,1.0,0.3203786281,0.2516202131,0.05029565096,0.03908848763,0.4564460784,0.5923910403,0.5774650049,0.6573431372
876,1.0,0.0,0.0,0.0,1.0,1.0,0.3233996575,0.2603438745,0.05100476742,0.04042392969,0.4509466195,0.5851063084,0.5734263077,0.6442957176
877,1.0,0.0,0.0,0.0,1.0,1.0,0.3153410579,0.2524723602,0.04897552729,0.03880578279,0.4499999904,0.5846997528,0.5749126501,0.6551724668
878,1.0,0.0,0.0,0.0,1.0,1.0,0.3159750253,0.2568007861,0.04979133606,0.04004949331,0.4553264379,0.5923913043,0.5798611045,0.6554048926
879,1.0,0.0,0.0,0.0,1.0,1.0,0.3194090593,0.2611779959,0.05050188303,0.04072731733,0.4518899814,0.5860216386,0.5783974323,0.6599999122
880,1.0,0.0,0.0,0.0,1.0,1.0,0.3170643195,0.2576956143,0.05033189058,0.0404843092,0.4499999718,0.5815219515,0.5679441914,0.6554046295
881,1.0,0.0,0.0,0.0,1.0,1.0,0.3211265664,0.2595041572,0.05053305626,0.03999406099,0.4415808458,0.5882350166,0.5684208816,0.6554056773
882,1.0,0.0,0.0,0.0,1.0,1.0,0.3177710931,0.2664017805,0.0506773591,0.04168623686,0.4358973976,0.5806451233,0.5574912228,0.6405225207
883,1.0,0.0,0.0,0.0,1.0,1.0,0.3200938699,0.2672118435,0.05102396011,0.04179620743,0.4446337331,0.590425681,0.56597243,0.6558446374
884,1.0,0.0,0.0,0.0,1.0,1.0,0.3207035653,0.2662871868,0.05099254847,0.0415495038,0.4499151489,0.5925929822,0.5778544836,0.6558439789
885,1.0,0.0,0.0,0.0,1.0,1.0,0.3167722611,0.262739706,0.05051839352,0.04133319855,0.4491526081,0.5828887227,0.573883418,0.647059078
886,1.0,0.0,0.0,0.0,1.0,1.0,0.324097709,0.2749330809,0.05154532194,0.04290944338,0.4499151329,0.5811511968,0.5709342785,0.6477987946
887,1.0,0.0,0.0,0.0,1.0,1.0,0.321188305,0.267212127,0.05056732893,0.04142218828,0.4529914951,0.5851064206,0.5798609549,0.6493512474
888,1.0,0.0,0.0,0.0,1.0,1.0,0.326904292,0.2697455007,0.05208295584,0.04231739044,0.4480408534,0.5781242311,0.5709341062,0.6346159264
889,1.0,0.0,0.0,0.0,1.0,1.0,0.3228435818,0.2673333044,0.05097323656,0.04148358107,0.467353901,0.5851069179,0.5944054977,0.6470583164
890,1.0,0.0,0.0,0.0,1.0,1.0,0.3303096726,0.2774313652,0.05215775967,0.04328554869,0.4599659069,0.5773190928,0.5896553516,0.6397520831
891,1.0,0.0,0.0,0.0,1.0,1.0,0.3223455568,0.2672118732,0.05102723837,0.0415777564,0.4573378191,0.5873016429,0.5798612455,0.6558441652
892,1.0,0.0,0.0,0.0,1.0,1.0,0.318861506,0.2646605265,0.05199873447,0.04249358177,0.4579761201,0.5806447545,0.5818816288,0.6513148667
893,1.0,0.0,0.0,0.0,1.0,1.0,0.3176120831,0.2604178262,0.0501036644,0.04030072689,0.4611398915,0.5869569355,0.5809860253,0.6554055853
894,1.0,0.0,0.0,0.0,1.0,1.0,0.3274621174,0.2828284789,0.05218225718,0.04430061579,0.4624572554,0.5781251963,0.5902778888,0.6441719442
895,1.0,0.0,0.0,0.0,1.0,1.0,0.3257565106,0.2680165825,0.05185782909,0.04208362103,0.4573379459,0.5811512247,0.5882352941,0.6387090926
896,1.0,0.0,0.0,0.0,1.0,1.0,0.3136179661,0.2498603875,0.04935640097,0.03850883245,0.4655172887,0.5769222873,0.5880282071,0.6549295666
897,1.0,0.0,0.0,0.0,1.0,1.0,0.3126461198,0.2602713382,0.04960054159,0.04065614939,0.456410214,0.5846995586,0.5798612211,0.6599999707
898,1.0,0.0,0.0,0.0,1.0,1.0,0.3139164179,0.2524544533,0.04911518097,0.03876119852,0.4601018647,0.5945952506,0.588235317,0.6575345415
899,1.0,0.0,0.0,0.0,1.0,1.0,0.3064243084,0.2121115409,0.04654055834,0.03192895651,0.4723708011,0.6104651386,0.5827336734,0.6694923639
900,1.0,0.0,0.0,0.0,1.0,1.0,0.2795511469,0.1739771922,0.04174387455,0.02564662695,0.458866559,0.6339866295,0.5518516152,0.6170205843
901,1.0,0.0,0.0,0.0,1.0,1.0,0.2772036081,0.1640302674,0.03959053755,0.02316176891,0.4679245224,0.6190473323,0.5381677778,0.6511644664
902,1.0,0.0,0.0,0.0,1.0,1.0,0.2869119358,0.1633702352,0.04120826721,0.02319669724,0.4657794458,0.6092715807,0.526922909,0.6588227434
903,1.0,0.0,0.0,0.0,1.0,1.0,0.2967688891,0.1646591763,0.04235053062,0.0234977603,0.4846743677,0.5870976913,0.5363983794,0.6279072717
904,1.0,0.0,0.0,0.0,1.0,1.0,0.3008030698,0.1743211958,0.04194033146,0.0243524313,0.5087378803,0.5419360982,0.5542638007,0.5333336597
905,1.0,0.0,0.0,0.0,1.0,1.0,0.3117169328,0.1749994345,0.04345178604,0.02444159985,0.5224171617,0.5,0.5564200359,0.47777897
906,1.0,0.0,0.0,0.0,1.0,1.0,0.3128174195,0.1810012971,0.04298150539,0.02486979961,0.5019684753,0.4905659331,0.5354332143,0.4347818793
907,1.0,0.0,0.0,0.0,1.0,1.0,0.321751982,0.1699051892,0.04357415438,0.0231487751,0.5070423806,0.4812496495,0.5280000665,0.458825559
908,1.0,0.0,0.0,0.0,1.0,1.0,0.3191830011,0.1725229974,0.04398667812,0.02391779423,0.5029940139,0.4687495765,0.5317462024,0.4022986787
909,1.0,0.0,0.0,0.0,1.0,1.0,0.3171878182,0.1725227344,0.04310339689,0.02358490229,0.5189621102,0.4528296147,0.539682422,0.3908043944
910,1.0,0.0,0.0,0.0,1.0,1.0,0.318634299,0.1711645692,0.04413247108,0.02384799719,0.5108910578,0.44720564,0.5314960125,0.3908043679
911,1.0,0.0,0.0,0.0,1.0,1.0,0.3186336973,0.1744122845,0.04480630159,0.02476871014,0.5188119347,0.4409937145,0.5372548921,0.3707857057
912,1.0,0.0,0.0,0.0,1.0,1.0,0.3053283499,0.1598296793,0.04162710905,0.02192360163,0.5030548705,0.4800003436,0.5263159267,0.3797459063
913,1.0,0.0,0.0,0.0,1.0,1.0,0.3086209697,0.1557830841,0.04287284613,0.02186226845,0.5214724571,0.4768207961,0.5384613751,0.3766235537
914,1.0,0.0,0.0,0.0,1.0,1.0,0.3153975821,0.1557834521,0.04291701317,0.02145850658,0.5286886202,0.4740260101,0.5425103527,0.4155838384
915,1.0,0.0,0.0,0.0,1.0,1.0,0.3164566046,0.153301124,0.04382950068,0.02135998011,0.5090179462,0.4620262546,0.5418325756,0.36363611
916,1.0,0.0,0.0,0.0,1.0,1.0,0.3111103536,0.1416529972,0.04324811697,0.01946163177,0.4824903604,0.5249998966,0.5314959178,0.5555538541
917,1.0,0.0,0.0,0.0,1.0,1.0,0.2817096745,0.178082214,0.04190272093,0.02615582943,0.4721722882,0.6050957951,0.5599999026,0.6428574684
918,1.0,0.0,0.0,0.0,1.0,1.0,0.3019149193,0.2101300353,0.04581207037,0.03133124113,0.4687500368,0.5977004914,0.5759718671,0.6638644272
919,1.0,0.0,0.0,0.0,1.0,1.0,0.3056713088,0.2323874689,0.04775416851,0.03568142653,0.4707902698,0.5674153938,0.587412525,0.6466160515
920,1.0,0.0,0.0,0.0,1.0,1.0,0.317469765,0.2438502601,0.05121779442,0.03848111629,0.4655461465,0.5714285714,0.5945018623,0.6549288575
921,1.0,0.0,0.0,0.0,1.0,1.0,0.3203555683,0.2617586437,0.05111342669,0.04099720716,0.4574289753,0.5572911383,0.5782312485,0.6363636364
922,1.0,0.0,0.0,0.0,1.0,1.0,0.331464455,0.2686857369,0.05190247297,0.04136395454,0.4663299285,0.548222913,0.5890413611,0.6178347253
923,1.0,0.0,0.0,0.0,1.0,1.0,0.3274911972,0.2585359118,0.05204153061,0.04017710686,0.4719864969,0.5595857118,0.5972223288,0.64429576
924,1.0,0.0,0.0,0.0,1.0,1.0,0.325756661,0.2665179647,0.05169999599,0.04114347696,0.4675767937,0.5549734719,0.5859647687,0.6250005433
925,1.0,0.0,0.0,0.0,1.0,1.0,0.326313344,0.2681428449,0.05175882578,0.04173225164,0.4564103518,0.5654451046,0.5818815891,0.6363641557
926,1.0,0.0,0.0,0.0,1.0,1.0,0.3342902553,0.2795639015,0.05296134949,0.04345542192,0.4545454545,0.5743587262,0.5804196635,0.6312503343
927,1.0,0.0,0.0,0.0,1.0,1.0,0.3354527441,0.2780137174,0.05320781469,0.04333418608,0.4567472982,0.5567017931,0.5809857916,0.6139235544
928,1.0,0.0,0.0,0.0,1.0,1.0,0.3371820509,0.2807620403,0.05328774452,0.0434499979,0.451557188,0.5692299949,0.5759717886,0.6100621425
929,1.0,0.0,0.0,0.0,1.0,1.0,0.3337297847,0.2802003823,0.05248695612,0.04314368963,0.445804132,0.575917146,0.5678572286,0.6305739876
930,1.0,0.0,0.0,0.0,1.0,1.0,0.3290844539,0.2712771618,0.05346602201,0.04299914837,0.4529615862,0.5714277751,0.575000141,0.6315791662
931,1.0,0.0,0.0,0.0,1.0,1.0,0.3302351448,0.2694922763,0.0517360568,0.04133409262,0.4527973057,0.5661375113,0.5714283494,0.6291395026
932,1.0,0.0,0.0,0.0,1.0,1.0,0.3267405768,0.2659229373,0.05102092028,0.04065304995,0.4632867795,0.5721931006,0.5857143303,0.6308733295
933,1.0,0.0,0.0,0.0,1.0,1.0,0.3273433866,0.2720899954,0.05174934864,0.04211515188,0.4581880855,0.569149169,0.5765123267,0.6339878994
934,1.0,0.0,0.0,0.0,1.0,1.0,0.3331475054,0.2756468888,0.05251163244,0.04239219427,0.4652777942,0.5729166548,0.5907473696,0.6258065333
935,1.0,0.0,0.0,0.0,1.0,1.0,0.3360646583,0.2728974269,0.05259257555,0.04218363762,0.4711033248,0.5781254073,0.5886526026,0.6493505943
936,1.0,0.0,0.0,0.0,1.0,1.0,0.3394986035,0.2764411577,0.05305469036,0.04222714901,0.4748699099,0.5714293739,0.5921988196,0.6410253877
937,1.0,0.0,0.0,0.0,1.0,1.0,0.3331474193,0.2827605014,0.05276322365,0.04369455576,0.4722222222,0.5677085922,0.5978647344,0.6415090994
938,1.0,0.0,0.0,0.0,1.0,1.0,0.3308378012,0.2782134018,0.05218684673,0.04289704561,0.4575389869,0.570681286,0.5851062185,0.643311801
939,1.0,0.0,0.0,0.0,1.0,1.0,0.3354409227,0.2832923201,0.05274939537,0.04355204105,0.4698796026,0.5641025641,0.5950704294,0.6459622654
940,1.0,0.0,0.0,0.0,1.0,1.0,0.3257566066,0.2797731401,0.05190676451,0.04321032763,0.4658703155,0.5706797144,0.5915491762,0.6477986727
941,1.0,0.0,0.0,0.0,1.0,1.0,0.3325788287,0.2692161664,0.05300396681,0.04158776999,0.5000000467,0.5794869661,0.6232392817,0.653595174
942,1.0,0.0,0.0,0.0,1.0,1.0,0.3337092719,0.2828280994,0.05413937569,0.04456925392,0.5025295715,0.5808084923,0.6354164894,0.6503059854
943,1.0,0.0,0.0,0.0,1.0,1.0,0.3280993626,0.2749329755,0.05282688141,0.04307425022,0.4932660146,0.564102188,0.6262976424,0.6415093556
944,1.0,0.0,0.0,0.0,1.0,1.0,0.3303801127,0.2816296694,0.05458623171,0.04498565197,0.4883721392,0.5678392234,0.6185565702,0.646341625
945,1.0,0.0,0.0,0.0,1.0,1.0,0.3269983836,0.273366566,0.05392217636,0.04341429472,0.493288486,0.5743590991,0.620209139,0.662420662
946,1.0,0.0,0.0,0.0,1.0,1.0,0.3235967984,0.271625401,0.05364227295,0.04358434677,0.4822934121,0.578125,0.6132403379,0.666665755
947,1.0,0.0,0.0,0.0,1.0,1.0,0.3269986811,0.2733663057,0.05326759815,0.04288721085,0.4832213586,0.5743586645,0.6202092472,0.6560509112
948,1.0,0.0,0.0,0.0,1.0,1.0,0.3287200711,0.276478126,0.05514931679,0.04484367371,0.4584717578,0.5656567076,0.5876288357,0.6521734507
949,1.0,0.0,0.0,0.0,1.0,1.0,0.3264846203,0.2732039154,0.05287247896,0.04262167215,0.4549999862,0.5612246393,0.5847751169,0.6518984775
950,1.0,0.0,0.0,0.0,1.0,1.0,0.3271199017,0.2780021674,0.05443364382,0.04458642006,0.4506578164,0.5728648939,0.5904437266,0.6441722056
951,1.0,0.0,0.0,0.0,1.0,1.0,0.3303383346,0.2776224901,0.05255573988,0.04290258884,0.4603710344,0.5612250337,0.5937499397,0.64374967
952,1.0,0.0,0.0,0.0,1.0,1.0,0.3225091603,0.2724174804,0.05197781324,0.04250270128,0.4571428836,0.562499785,0.5833333652,0.6496815912
953,1.0,0.0,0.0,0.0,1.0,1.0,0.3308960208,0.2793579786,0.05350553989,0.04395103455,0.4611485875,0.5714279349,0.5937501184,0.6459635247
954,1.0,0.0,0.0,0.0,1.0,1.0,0.3308965171,0.2793580685,0.05473327637,0.04495948553,0.466216257,0.571428727,0.6006945666,0.6397510258
955,1.0,0.0,0.0,0.0,1.0,1.0,0.3163216782,0.2602712718,0.05059117079,0.04036527872,0.4276094389,0.569149331,0.5520833093,0.6466671687
956,1.0,0.0,0.0,0.0,1.0,1.0,0.3125347699,0.2628286817,0.05021136999,0.04081344604,0.3963211431,0.5668447674,0.5155708307,0.631579178
957,1.0,0.0,0.0,0.0,1.0,1.0,0.3124306863,0.2602710549,0.04985457659,0.04020524025,0.3932771938,0.5698924346,0.5138888246,0.6200002372
958,1.0,0.0,0.0,0.0,1.0,1.0,0.308302146,0.2551019032,0.04920482635,0.03947198391,0.3932202434,0.5659341991,0.513986247,0.6164383975
959,1.0,0.0,0.0,0.0,1.0,1.0,0.3147323148,0.266174528,0.0499368906,0.04117137194,0.3919598821,0.5744674756,0.5154639493,0.6193551563
960,1.0,0.0,0.0,0.0,1.0,1.0,0.3093513736,0.2568009256,0.04911768436,0.03994178772,0.3945576948,0.5934060467,0.5173608649,0.6418912062
961,1.0,0.0,0.0,0.0,1.0,1.0,0.3097587184,0.2507249765,0.04939800501,0.03957295418,0.3921231693,0.591160781,0.5086504354,0.6275868925
962,1.0,0.0,0.0,0.0,1.0,1.0,0.3280740628,0.2669741733,0.0519118309,0.04174351692,0.3891708581,0.5670106644,0.5034247594,0.6217937002
963,1.0,0.0,0.0,0.0,1.0,1.0,0.3263138186,0.2732035623,0.05217432976,0.04315984249,0.3948717241,0.5654454269,0.5086507305,0.6075953388
964,1.0,0.0,0.0,0.0,1.0,1.0,0.3251609004,0.266174661,0.05213928223,0.04253470898,0.3972603096,0.5736837412,0.5154638252,0.6193544409
965,1.0,0.0,0.0,0.0,1.0,1.0,0.3216792984,0.2670924106,0.05237030983,0.04340857267,0.4096386303,0.5989303778,0.524137797,0.6387092788
966,1.0,0.0,0.0,0.0,1.0,1.0,0.3285836911,0.2721082307,0.05239790678,0.04339200258,0.414383561,0.578124449,0.5273972628,0.6289311632
967,1.0,0.0,0.0,0.0,1.0,1.0,0.3113580478,0.2593056331,0.04916852713,0.04101908207,0.4027538533,0.5856352988,0.5120275121,0.6423844716
968,1.0,0.0,0.0,0.0,1.0,1.0,0.289983925,0.1909648051,0.04278898239,0.0287951231,0.4270072676,0.6477990751,0.5178571711,0.607476268
969,1.0,0.0,0.0,0.0,1.0,1.0,0.2852919023,0.1744479116,0.04247033596,0.02630418539,0.4530386392,0.6580640362,0.5236366482,0.614584726
970,1.0,0.0,0.0,0.0,1.0,1.0,0.3072426884,0.1765798233,0.04581522942,0.02695012093,0.4520795687,0.6529404724,0.5512368844,0.6800007962
971,1.0,0.0,0.0,0.0,1.0,1.0,0.3203784943,0.2369810262,0.05061411858,0.03796058893,0.4721255686,0.6086963178,0.5910655593,0.6666666667
972,1.0,0.0,0.0,0.0,1.0,1.0,0.3208738029,0.2301121265,0.04927104712,0.03607821465,0.4736842207,0.6120215671,0.5841925744,0.6716427774
973,1.0,0.0,0.0,0.0,1.0,1.0,0.3168963214,0.2343518811,0.04968869686,0.03712999821,0.4773518886,0.6153846154,0.5827587128,0.669117954
974,1.0,0.0,0.0,0.0,1.0,1.0,0.3243804485,0.2489897708,0.05092030764,0.03935998678,0.4649122374,0.5783781126,0.5783970641,0.6573428374
975,1.0,0.0,0.0,0.0,1.0,1.0,0.3221768519,0.2585361574,0.05021339655,0.04022473097,0.4662044842,0.591398092,0.5868054651,0.630872523
976,1.0,0.0,0.0,0.0,1.0,1.0,0.3308615909,0.2739846407,0.05298745632,0.04365283251,0.4648371027,0.590673377,0.5862069611,0.6352200313
977,1.0,0.0,0.0,0.0,1.0,1.0,0.331429813,0.2757082102,0.05186843872,0.04299980402,0.4587627997,0.5854922042,0.5758619214,0.6374995322
978,1.0,0.0,0.0,0.0,1.0,1.0,0.3251609771,0.2644570642,0.05102258921,0.04135513306,0.4503424284,0.5842103603,0.5738832336,0.6363631123
979,1.0,0.0,0.0,0.0,1.0,1.0,0.3240043763,0.2644573935,0.05124264956,0.04175329208,0.4631218514,0.5925923772,0.5945017338,0.6428571429
980,1.0,0.0,0.0,0.0,1.0,1.0,0.32507801,0.258476219,0.05020391941,0.04005628824,0.4705881672,0.5904245846,0.5965515119,0.6399998214
981,1.0,0.0,0.0,0.0,1.0,1.0,0.3274329289,0.2654766948,0.05222958326,0.04183834791,0.4648370014,0.5863874824,0.5972220541,0.6405230714
982,1.0,0.0,0.0,0.0,1.0,1.0,0.3262783798,0.2550658272,0.05216366053,0.04035818577,0.4725086471,0.5894732512,0.5972223321,0.6462580011
983,1.0,0.0,0.0,0.0,1.0,1.0,0.3246486978,0.2532833326,0.05154371262,0.03993964195,0.4761904985,0.5968592442,0.5993149274,0.6621622025
984,1.0,0.0,0.0,0.0,1.0,1.0,0.3147031297,0.2394497782,0.04891842604,0.03709203005,0.4792387253,0.5989009583,0.59722211,0.6449274547
985,1.0,0.0,0.0,0.0,1.0,1.0,0.3080592086,0.2305054374,0.04814767838,0.03583723307,0.4711033843,0.6079546017,0.5880281123,0.6641225183
986,1.0,0.0,0.0,0.0,1.0,1.0,0.3186372646,0.2340240007,0.04899644852,0.03560942411,0.46341462,0.6120210602,0.5809859196,0.6691729701
987,1.0,0.0,0.0,0.0,1.0,1.0,0.313205432,0.2318848431,0.04858404398,0.03520977497,0.4735915857,0.6011225548,0.5899280858,0.6589156998
988,1.0,0.0,0.0,0.0,1.0,1.0,0.3161679621,0.2320131799,0.04901206493,0.03539758921,0.481546654,0.5999992703,0.5892855748,0.6692306268
989,1.0,0.0,0.0,0.0,1.0,1.0,0.3203116076,0.2136619438,0.05047875643,0.03337669373,0.4763572981,0.6284146876,0.5901061999,0.6859499114
990,1.0,0.0,0.0,0.0,1.0,1.0,0.3155206004,0.2098471225,0.04896557331,0.03227895498,0.4902998768,0.6201123303,0.5943058706,0.6779656948
991,1.0,0.0,0.0,0.0,1.0,1.0,0.3124366279,0.208069212,0.04725676775,0.03141504526,0.4795737536,0.6420449601,0.5978646591,0.6752134968
992,1.0,0.0,0.0,0.0,1.0,1.0,0.3135505014,0.2077694089,0.04686909914,0.03089100122,0.4759358694,0.6363639832,0.6021506368,0.6896549063
993,1.0,0.0,0.0,0.0,1.0,1.0,0.3153320817,0.2067190001,0.04796868563,0.03116607666,0.4919787369,0.638418402,0.6079135013,0.6869568543
994,1.0,0.0,0.0,0.0,1.0,1.0,0.3147706066,0.205242502,0.04882520437,0.03172260523,0.5053381056,0.6384183136,0.6107142265,0.6956523373
995,1.0,0.0,0.0,0.0,1.0,1.0,0.2989324153,0.1930331679,0.04507911205,0.02905702591,0.5045045277,0.6506025371,0.6064981635,0.6915892643
996,1.0,0.0,0.0,0.0,1.0,1.0,0.3001921235,0.1919215883,0.0465683341,0.02955830097,0.4982014781,0.6347308991,0.6159420318,0.6981141587
997,1.0,0.0,0.0,0.0,1.0,1.0,0.300368796,0.1959339169,0.04531598091,0.02940148115,0.4901609126,0.6369055448,0.6187051103,0.7064213674
998,1.0,0.0,0.0,0.0,1.0,1.0,0.3028612847,0.1984452655,0.04578197002,0.02962362766,0.4955437425,0.641176731,0.613718462,0.7090897019
999,1.0,0.0,0.0,0.0,1.0,1.0,0.3044894994,0.1984448852,0.04827451706,0.03123641014,0.500000047,0.6529413072,0.6137186207,0.7090905621
1000,1.0,0.0,0.0,0.0,1.0,1.0,0.3077926877,0.2041872881,0.04913544655,0.03219223022,0.476106196,0.6379306998,0.5985661795,0.7105255362
1001,1.0,0.0,0.0,0.0,1.0,1.0,0.3031817973,0.2080688248,0.04723519087,0.03213089705,0.4726631861,0.639535632,0.5836299908,0.7008535117
1002,1.0,0.0,0.0,0.0,1.0,1.0,0.3012502748,0.2092696652,0.04572618008,0.03120142221,0.4769503141,0.6235286603,0.581227203,0.6724148141
1003,1.0,0.0,0.0,0.0,1.0,1.0,0.2975165019,0.2089742308,0.04668784142,0.03215032816,0.4723707641,0.6167661613,0.5890910472,0.6695656043
1004,1.0,0.0,0.0,0.0,1.0,1.0,0.2915802953,0.1909044891,0.04292458296,0.02753651142,0.4733946215,0.6477980435,0.5580526326,0.6568640608
1005,1.0,0.0,0.0,0.0,1.0,1.0,0.2823702014,0.1678306992,0.04100048542,0.02400684357,0.4925651813,0.6184199432,0.5622641777,0.6853945696
1006,1.0,0.0,0.0,0.0,1.0,1.0,0.2899144373,0.1729804315,0.04140585661,0.02451664209,0.5038167668,0.5460524706,0.5576923158,0.5888879975
1007,1.0,0.0,0.0,0.0,1.0,1.0,0.2926121763,0.1840059359,0.04212397337,0.02598559856,0.4752852301,0.532467459,0.5310078403,0.5789488171
1008,1.0,0.0,0.0,0.0,1.0,1.0,0.2931692194,0.1859425084,0.04171103239,0.02600169182,0.4838094382,0.5389606956,0.531007894,0.5729169532
1009,1.0,0.0,0.0,0.0,1.0,1.0,0.2918219516,0.1917531986,0.04320204258,0.02795422077,0.5019083113,0.52287634,0.5426357857,0.5252519222
1010,1.0,0.0,0.0,0.0,1.0,1.0,0.2973859719,0.1987305789,0.04390662909,0.02862262726,0.493408612,0.5000006788,0.5405406524,0.4951458535
1011,1.0,0.0,0.0,0.0,1.0,1.0,0.2957151275,0.1811964968,0.04330015182,0.02603489161,0.5018726028,0.5189880736,0.5458013842,0.5473691199
1012,1.0,0.0,0.0,0.0,1.0,1.0,0.300020299,0.1922006954,0.04429030418,0.02768146992,0.4878048165,0.5187492935,0.5423077592,0.5400006029
1013,1.0,0.0,0.0,0.0,1.0,1.0,0.2925196073,0.19220051,0.04228103161,0.02710324526,0.500938147,0.4871799571,0.5461536608,0.4799996481
1014,1.0,0.0,0.0,0.0,1.0,1.0,0.3015396469,0.1905553546,0.04380679131,0.02700042725,0.5009486759,0.4968555941,0.5447468051,0.5
1015,1.0,0.0,0.0,0.0,1.0,1.0,0.3024625166,0.1987306778,0.04303121567,0.02752929926,0.4943609617,0.4782600867,0.5405406452,0.4757277559
1016,1.0,0.0,0.0,0.0,1.0,1.0,0.3060674186,0.1929425578,0.0442699194,0.0273271203,0.5028356708,0.5185182692,0.5444014957,0.4999989094
1017,1.0,0.0,0.0,0.0,1.0,1.0,0.29606087,0.182068788,0.0424028635,0.02538770437,0.5018868937,0.5095543729,0.542635818,0.5106389473
1018,1.0,0.0,0.0,0.0,1.0,1.0,0.2909527369,0.1775072648,0.04341804981,0.02593809366,0.5009450829,0.558441808,0.5598456654,0.6086968511
1019,1.0,0.0,0.0,0.0,1.0,1.0,0.2753939169,0.1653350469,0.04012280703,0.02364850044,0.5000000511,0.6026496363,0.5873608008,0.6629212917
1020,1.0,0.0,0.0,0.0,1.0,1.0,0.2801327215,0.1790045281,0.04245334864,0.02629369497,0.4556961465,0.6258064244,0.5410446202,0.6250014168
1021,1.0,0.0,0.0,0.0,1.0,1.0,0.3069836542,0.2213049782,0.04723924398,0.03328222036,0.4624781262,0.6136361055,0.5642854255,0.6612898315
1022,1.0,0.0,0.0,0.0,1.0,1.0,0.3089810933,0.2383011153,0.04820007086,0.0360827446,0.4749568478,0.592178695,0.5800710847,0.6417914393
1023,1.0,0.0,0.0,0.0,1.0,1.0,0.3132833112,0.2333193199,0.04873901606,0.03549474478,0.4752981049,0.5815226763,0.5923342354,0.6641780142
1024,1.0,0.0,0.0,0.0,1.0,1.0,0.3141102803,0.2395213498,0.04990792274,0.03709733486,0.4689075498,0.5828874642,0.5896553131,0.6762592587
1025,1.0,0.0,0.0,0.0,1.0,1.0,0.3150781741,0.2568010025,0.05120843649,0.04074651003,0.4711864295,0.5645166359,0.5868058034,0.6486476998
1026,1.0,0.0,0.0,0.0,1.0,1.0,0.313384472,0.2629192314,0.0496699214,0.04054135084,0.4694915493,0.5729735049,0.5853658065,0.6556292462
1027,1.0,0.0,0.0,0.0,1.0,1.0,0.3133843265,0.2611782999,0.0493427515,0.04000765085,0.4745762359,0.5729723592,0.5958189184,0.6599996722
1028,1.0,0.0,0.0,0.0,1.0,1.0,0.3173900187,0.2672116934,0.05142086744,0.04212135077,0.4746622531,0.5585111377,0.5937501536,0.6428576482
1029,1.0,0.0,0.0,0.0,1.0,1.0,0.3174700184,0.2636461374,0.05102550983,0.04130637646,0.4672268072,0.576719552,0.5896552695,0.6535946298
1030,1.0,0.0,0.0,0.0,1.0,1.0,0.324097438,0.2611780461,0.05156886578,0.04049909115,0.4685908885,0.5759169747,0.5993031787,0.6666671573
1031,1.0,0.0,0.0,0.0,1.0,1.0,0.3207036087,0.2576958009,0.05185443163,0.04060560465,0.4753821007,0.5661382595,0.595818532,0.6554049988
1032,1.0,0.0,0.0,0.0,1.0,1.0,0.3219679828,0.2653688936,0.0506118536,0.04059487581,0.4681207045,0.5677084437,0.5999998441,0.6493512405
1033,1.0,0.0,0.0,0.0,1.0,1.0,0.3159633077,0.2515717602,0.05075365305,0.03926730156,0.4492511732,0.5789478629,0.5787671076,0.6598643586
1034,1.0,0.0,0.0,0.0,1.0,1.0,0.3185407639,0.2584763658,0.05060809851,0.04016512632,0.4451939977,0.5767192776,0.5724140338,0.6533340061
1035,1.0,0.0,0.0,0.0,1.0,1.0,0.3213692642,0.2662872078,0.05138283968,0.04142910242,0.4461279515,0.5811514498,0.5709341938,0.6493507801
1036,1.0,0.0,0.0,0.0,1.0,1.0,0.3120127833,0.2619224606,0.05154716969,0.04189926386,0.4507513153,0.5668452784,0.575861803,0.6381578854
1037,1.0,0.0,0.0,0.0,1.0,1.0,0.3164902263,0.2619225594,0.05208319426,0.04166650772,0.4499999366,0.5842110022,0.575862215,0.6447368421
1038,1.0,0.0,0.0,0.0,1.0,1.0,0.3126375807,0.2584763005,0.05153268576,0.04111647606,0.4475873036,0.5638296273,0.572413607,0.6466672465
1039,1.0,0.0,0.0,0.0,1.0,1.0,0.3202906439,0.2541834659,0.05124181509,0.03943747282,0.4546980022,0.5706802994,0.58131496,0.6530602992
1040,1.0,0.0,0.0,0.0,1.0,1.0,0.3158770863,0.2585363294,0.05028039217,0.03963905573,0.4481605041,0.576720229,0.5729168448,0.6644286825
1041,1.0,0.0,0.0,0.0,1.0,1.0,0.3147322081,0.2593706826,0.05102258921,0.04070949554,0.4489111714,0.5797875509,0.5709339657,0.6533341533
1042,1.0,0.0,0.0,0.0,1.0,1.0,0.3179272583,0.2612573426,0.05041074753,0.03995317221,0.4500846927,0.5744686386,0.5754386457,0.6510070819
1043,1.0,0.0,0.0,0.0,1.0,1.0,0.3213094949,0.2664016184,0.05196368694,0.04184442759,0.4551606251,0.5736838242,0.5853657518,0.6405225965
1044,1.0,0.0,0.0,0.0,1.0,1.0,0.3252018564,0.2585968904,0.05148935318,0.03989750147,0.4667802815,0.5863867254,0.5979022316,0.6554053146
1045,1.0,0.0,0.0,0.0,1.0,1.0,0.3257943244,0.2603440097,0.05184859037,0.0402366519,0.4719864165,0.5833332375,0.5909091961,0.6577188068
1046,1.0,0.0,0.0,0.0,1.0,1.0,0.3211881323,0.2586582459,0.05181276798,0.04051315784,0.4717948813,0.5904260337,0.6021126546,0.6598636453
1047,1.0,0.0,0.0,0.0,1.0,1.0,0.3200937683,0.2604927928,0.05095714331,0.03984415531,0.4650765672,0.5744684584,0.5921985512,0.6530605528
1048,1.0,0.0,0.0,0.0,1.0,1.0,0.3262782924,0.2701670677,0.05196154118,0.04184269905,0.4673538783,0.5842114319,0.5936394876,0.6535945664
1049,1.0,0.0,0.0,0.0,1.0,1.0,0.3240041671,0.2709754834,0.05261445045,0.04287105799,0.4631216698,0.5873013535,0.5950703098,0.655844851
1050,1.0,0.0,0.0,0.0,1.0,1.0,0.3227363896,0.2596411458,0.05087971687,0.03993779421,0.4652777279,0.575268855,0.5943061808,0.6506846555
1051,1.0,0.0,0.0,0.0,1.0,1.0,0.3227903863,0.2703114971,0.05092561245,0.04139405489,0.4628671481,0.5721930266,0.5943060277,0.6447369747
1052,1.0,0.0,0.0,0.0,1.0,1.0,0.3203786554,0.2642408798,0.05019319057,0.04009997845,0.4703833064,0.5923914205,0.5935252999,0.6530606481
1053,1.0,0.0,0.0,0.0,1.0,1.0,0.3173665837,0.2462651697,0.0500524044,0.03788495064,0.4736842901,0.596685879,0.5899280659,0.6788314737
1054,1.0,0.0,0.0,0.0,1.0,1.0,0.3016172164,0.1937325215,0.0462910533,0.02930855751,0.5035715427,0.6331352566,0.619565363,0.663551725
1055,1.0,0.0,0.0,0.0,1.0,1.0,0.2811531516,0.1554251209,0.04055070877,0.02194184065,0.5144509686,0.6232875907,0.5826769027,0.708860897
1056,1.0,0.0,0.0,0.0,1.0,1.0,0.2909529361,0.1504947919,0.04206293821,0.02130454779,0.5198486399,0.5649349085,0.5714285113,0.6153859067
1057,1.0,0.0,0.0,0.0,1.0,1.0,0.2682811699,0.1678751403,0.03941518068,0.0238711834,0.5406426842,0.5985903033,0.6054687729,0.6627897686
1058,1.0,0.0,0.0,0.0,1.0,1.0,0.2631071118,0.1857201974,0.03959304094,0.02667033672,0.5539304205,0.6249998118,0.6475095785,0.6804118412
1059,1.0,0.0,0.0,0.0,1.0,1.0,0.2628229855,0.1995083221,0.0411400795,0.02938574553,0.5581395747,0.5918364686,0.6539923031,0.6571415242
1060,1.0,0.0,0.0,0.0,1.0,1.0,0.2659226935,0.2114206274,0.04196768999,0.03098291159,0.5571428477,0.6040269791,0.6576923249,0.6818184442
1061,1.0,0.0,0.0,0.0,1.0,1.0,0.2547596152,0.2069155422,0.04081559181,0.03025490046,0.561497358,0.5944051451,0.6601561019,0.6792449856
1062,1.0,0.0,0.0,0.0,1.0,1.0,0.2511594299,0.2210302214,0.0413531065,0.03279727697,0.5563257937,0.5862076421,0.6576923154,0.6695647591
1063,1.0,0.7853981853,0.0,0.0,1.0,1.0,0.2417729247,0.2106103964,0.0393178463,0.03045749664,0.5758091829,0.5774645112,0.6743294056,0.645454332
1064,1.0,0.7853981853,0.0,0.0,1.0,1.0,0.2397961359,0.2054186419,0.03821569681,0.02901041508,0.5709281225,0.5912410922,0.6798418655,0.6923080084
1065,1.0,0.7853981853,0.0,0.0,1.0,1.0,0.2311756,0.1994932036,0.03659969568,0.02779370546,0.5756522463,0.5864657246,0.6758894819,0.6831681682
1066,1.0,0.7853981853,0.0,0.0,1.0,1.0,0.2309115247,0.2085451509,0.03607475758,0.0291903019,0.5696649205,0.6259545895,0.6574802647,0.7075461681
1067,1.0,0.7853981853,0.0,0.0,1.0,1.0,0.2442243193,0.2183655296,0.03632086515,0.02905672789,0.5281956142,0.5307690162,0.5672269171,0.5769234714
1068,1.0,0.7853981853,0.0,0.0,1.0,1.0,0.2609762115,0.2150973326,0.03789180517,0.02778732777,0.5261120305,0.5111110412,0.5521737706,0.5656572157
1069,1.0,0.7853981853,0.0,0.0,1.0,1.0,0.2563625216,0.2165458428,0.04018610716,0.03028517962,0.5223048295,0.4999992584,0.5583334399,0.5384618412
1070,1.0,0.7853981853,0.0,0.0,1.0,1.0,0.2744679211,0.2197940186,0.04064571857,0.02971339226,0.5625000126,0.475862342,0.5850624474,0.5
1071,1.0,0.7853981853,0.0,0.0,1.0,1.0,0.2847357105,0.2218674072,0.04167062044,0.02992451191,0.5430210901,0.4697983313,0.5809129951,0.4672901105
1072,1.0,0.7853981853,0.0,0.0,1.0,1.0,0.2773017978,0.2147560886,0.0404818058,0.02923685312,0.5356454882,0.4444441172,0.5661157586,0.432691896
1073,1.0,0.0,0.0,0.0,1.0,1.0,0.2750404867,0.239449875,0.03943628073,0.0319378376,0.5523256533,0.4436627063,0.5666666369,0.4086964474
1074,1.0,0.0,0.0,0.0,1.0,1.0,0.2903516636,0.2290390308,0.04112678766,0.0307751894,0.5335968687,0.4557814355,0.5500002883,0.4090916134
1075,1.0,0.0,0.0,0.0,1.0,1.0,0.2825347332,0.2267808004,0.04207283258,0.03234165907,0.5326922384,0.4761902063,0.5662651005,0.424778337
1076,1.0,0.0,0.0,0.0,1.0,1.0,0.3111101044,0.2083860615,0.04686844349,0.03017163277,0.5155641205,0.4750000636,0.5465587211,0.4660190914
1077,1.0,0.0,0.0,0.0,1.0,1.0,0.2913501804,0.174412235,0.04410117865,0.02484178543,0.4852399363,0.52531643,0.545098077,0.5617981842
1078,1.0,0.0,0.0,0.0,1.0,1.0,0.2711252707,0.1897436928,0.04260581732,0.02812540531,0.4680851548,0.6274504866,0.5488720716,0.6039617179
1079,1.0,0.0,0.0,0.0,1.0,1.0,0.3033390005,0.2259768563,0.04822796583,0.03428930044,0.4789474079,0.5838152289,0.5735296139,0.626016246
1080,1.0,0.0,0.0,0.0,1.0,1.0,0.3106375549,0.2516453675,0.05124843121,0.03927189112,0.4510135527,0.5815218782,0.5607143676,0.645389931
1081,1.0,0.0,0.0,0.0,1.0,1.0,0.3125346673,0.256849483,0.05203914642,0.04090774059,0.4531772722,0.5775399967,0.5699300503,0.6530617003
1082,1.0,0.0,0.0,0.0,1.0,1.0,0.319549486,0.2498602421,0.05357581377,0.04046678543,0.4642856159,0.5691486817,0.5633801573,0.6478878218
1083,1.0,0.0,0.0,0.0,1.0,1.0,0.3219111743,0.2551024878,0.05313110352,0.04061335325,0.4620573682,0.5602092009,0.5839162921,0.6506848611
1084,1.0,0.0,0.0,0.0,1.0,1.0,0.3253216555,0.2645581047,0.0526919961,0.04155606031,0.4563758389,0.5721648143,0.5847751259,0.6535947619
1085,1.0,0.0,0.0,0.0,1.0,1.0,0.3198216294,0.2652627819,0.05153375864,0.04160273075,0.4716667406,0.5677087369,0.5924659955,0.638709243
1086,1.0,0.0,0.0,0.0,1.0,1.0,0.3157898078,0.2602712932,0.05189007521,0.04140168428,0.4621848968,0.5638299461,0.5902776295,0.6466668106
1087,1.0,0.0,0.0,0.0,1.0,1.0,0.319007045,0.2559548315,0.05407506227,0.04228210449,0.4651952093,0.569148473,0.5818814363,0.6394549576
1088,1.0,0.0,0.0,0.0,1.0,1.0,0.2893120309,0.1621231237,0.0430046916,0.02373635769,0.4511278022,0.6168823519,0.5267175635,0.670587349
1089,1.0,0.0,0.0,0.0,1.0,1.0,0.3075207145,0.1594440037,0.04602319002,0.02358686924,0.4730770372,0.5499992877,0.5252918445,0.5609746236
1090,1.0,0.0,0.0,0.0,1.0,1.0,0.2871120655,0.1559280971,0.04375785589,0.02298676968,0.4381817963,0.5949368985,0.5150377171,0.6024078578
1091,1.0,0.0,0.0,0.0,1.0,1.0,0.2932173716,0.1937324229,0.04531782866,0.02956712246,0.4776386211,0.6036587852,0.5652172555,0.6261697315
1092,1.0,0.0,0.0,0.0,1.0,1.0,0.3108230067,0.2332031055,0.04899525642,0.03600203991,0.4536081431,0.5856346198,0.5684209388,0.6466174625
1093,1.0,0.0,0.0,0.0,1.0,1.0,0.3206399087,0.2612574818,0.05151796341,0.04083073139,0.4641638175,0.5691485177,0.571930036,0.6308724048
1094,1.0,0.0,0.0,0.0,1.0,1.0,0.3240511757,0.2716252023,0.05170595646,0.04245328903,0.4539248968,0.5631575064,0.5679440555,0.6217946558
1095,1.0,0.0,0.0,0.0,1.0,1.0,0.3325784964,0.2793579923,0.05246847868,0.04332017899,0.4539248296,0.5743591491,0.5694445566,0.6149063281
1096,1.0,0.0,0.0,0.0,1.0,1.0,0.3200939079,0.2690802462,0.05049943924,0.04136651754,0.4514479627,0.5691492375,0.5664334688,0.6233770163
1097,1.0,0.0,0.0,0.0,1.0,1.0,0.3297475233,0.2803311949,0.05245584249,0.04353296757,0.4489796262,0.57216472,0.5679443177,0.6211180209
1098,1.0,0.0,0.0,0.0,1.0,1.0,0.3297303389,0.2778167543,0.05340343714,0.04399555922,0.4512820159,0.5751299443,0.5664334348,0.6100622796
1099,1.0,0.0,0.0,0.0,1.0,1.0,0.3165186326,0.2631040117,0.05018460751,0.04063862562,0.4543890157,0.5706519803,0.5724381816,0.6308713807
1100,1.0,0.0,0.0,0.0,1.0,1.0,0.3210016581,0.2569487607,0.05206233263,0.04080557823,0.4583333831,0.5567563978,0.5780142323,0.6275861666
1101,1.0,0.0,0.0,0.0,1.0,1.0,0.3221770485,0.2560407633,0.05157858133,0.04020911455,0.4575389158,0.5698929329,0.5724381102,0.6482759336
1102,1.0,0.0,0.0,0.0,1.0,1.0,0.3221773823,0.2560845901,0.05060517788,0.03917813301,0.4540727872,0.5698928404,0.5729535245,0.638889396
1103,1.0,0.0,0.0,0.0,1.0,1.0,0.3165188677,0.2622647396,0.05083143711,0.04088610411,0.457831398,0.5597823665,0.5815601264,0.6283779548
1104,1.0,0.0,0.0,0.0,1.0,1.0,0.325756964,0.2700244292,0.05241841078,0.04226398468,0.4590443781,0.570681176,0.5789474686,0.6363641492
1105,1.0,0.0,0.0,0.0,1.0,1.0,0.3155235463,0.2568495255,0.04953080416,0.03935688734,0.4522184333,0.5675670797,0.5699302386,0.6394557617
1106,1.0,0.0,0.0,0.0,1.0,1.0,0.317390347,0.2672117999,0.04996275902,0.04092693329,0.4577702866,0.5744670952,0.5798609692,0.629870092
1107,1.0,0.0,0.0,0.0,1.0,1.0,0.3110510569,0.2551024716,0.04876101017,0.03890222311,0.464285643,0.5628415033,0.5804192825,0.6369855563
1108,1.0,0.0,0.0,0.0,1.0,1.0,0.316321622,0.262739813,0.05090326071,0.04142659903,0.4696970413,0.5585100964,0.5979382223,0.6470591621
1109,1.0,0.0,0.0,0.0,1.0,1.0,0.3240973442,0.2628289666,0.05179595947,0.04121983051,0.471986487,0.5863874466,0.5951556594,0.6513157324
1110,1.0,0.0,0.0,0.0,1.0,1.0,0.3208292369,0.2757079158,0.05105304718,0.04276692867,0.4605042248,0.5811520464,0.5793101673,0.6437499129
1111,1.0,0.0,0.0,0.0,1.0,1.0,0.3280218106,0.2778166441,0.05153375864,0.04267638922,0.4735042278,0.5729169679,0.5979019147,0.6352202751
1112,1.0,0.0,0.0,0.0,1.0,1.0,0.3222339854,0.2719326877,0.0508929491,0.04191178083,0.4706897263,0.5721925134,0.586572501,0.6363645414
1113,1.0,0.0,0.0,0.0,1.0,1.0,0.3189344104,0.2727346231,0.05118113756,0.04242283106,0.4726961507,0.5721918719,0.5880281204,0.6322588259
1114,1.0,0.0,0.0,0.0,1.0,1.0,0.3219680809,0.2793579907,0.05322378874,0.04463034868,0.4479864938,0.5781250175,0.5729168182,0.6459634629
1115,1.0,0.0,0.0,0.0,1.0,1.0,0.3209520512,0.2766622369,0.05274677277,0.04372793436,0.4542428965,0.5751290477,0.577854516,0.6374999489
1116,1.0,0.0,0.0,0.0,1.0,1.0,0.3148242483,0.2714744646,0.05123072863,0.04255670309,0.4516666967,0.5767199645,0.5743947097,0.6433122357
1117,1.0,0.0,0.0,0.0,1.0,1.0,0.3236927176,0.2845632503,0.05151683092,0.04355025291,0.4424039973,0.5773189912,0.5729167721,0.6402446035
1118,1.0,0.0,0.0,0.0,1.0,1.0,0.3220236678,0.281849566,0.05185687542,0.04379624128,0.4490818911,0.5751298255,0.5743946083,0.6257663869
1119,1.0,0.0,0.0,0.0,1.0,1.0,0.3143938622,0.2713262175,0.05174362659,0.04302895069,0.4370861617,0.573683871,0.5704466979,0.6455701989
1120,1.0,0.0,0.0,0.0,1.0,1.0,0.319426297,0.2772424216,0.0526393652,0.04395657778,0.4448104376,0.5670096089,0.5753426202,0.6358016405
1121,1.0,0.0,0.0,0.0,1.0,1.0,0.3113015306,0.2660631785,0.05153101683,0.04230970144,0.4409836161,0.5736842531,0.5733788767,0.6474355452
1122,1.0,0.0,0.0,0.0,1.0,1.0,0.3243657065,0.2806652695,0.05227571726,0.04351890087,0.4415157045,0.5685275831,0.5650685089,0.6219515536
1123,1.0,0.0,0.0,0.0,1.0,1.0,0.3298486162,0.283855184,0.05487805605,0.04582321644,0.4455444959,0.5699993809,0.5782314407,0.6227545767
1124,1.0,0.0,0.0,0.0,1.0,1.0,0.3314898642,0.2884989125,0.0544475317,0.04573595524,0.4494194524,0.580000832,0.5841926078,0.6309528464
1125,1.0,0.0,0.0,0.0,1.0,1.0,0.3281996649,0.2811990542,0.05532604456,0.04615139961,0.4521451877,0.5879401045,0.5898304617,0.6445785311
1126,1.0,0.0,0.0,0.0,1.0,1.0,0.3298489733,0.2838553071,0.05607759953,0.04682481289,0.4471948142,0.5750000531,0.5816329259,0.6347305847
1127,1.0,0.0,0.0,0.0,1.0,1.0,0.3152601979,0.2689471475,0.05164498091,0.04257965088,0.4395972993,0.574468036,0.5729165922,0.6451618774
1128,1.0,0.0,0.0,0.0,1.0,1.0,0.3258682737,0.2783913911,0.05261194706,0.04366254807,0.4521009647,0.5824747757,0.5709342508,0.621117597
1129,1.0,0.0,0.0,0.0,1.0,1.0,0.3303240878,0.271778056,0.0533002615,0.0423668623,0.4610168687,0.5589747604,0.5859647728,0.6258064879
1130,1.0,0.0,0.0,0.0,1.0,1.0,0.3398777106,0.282072491,0.05456793308,0.04376238585,0.4646465153,0.5544556078,0.5923345202,0.6296296296
1131,1.0,0.0,0.0,0.0,1.0,1.0,0.338246353,0.2822985524,0.05489313602,0.04441106319,0.4625850915,0.5678394361,0.5929825266,0.6149076492
1132,1.0,0.0,0.0,0.0,1.0,1.0,0.3354059219,0.2741524898,0.05317240953,0.04243052006,0.4966100723,0.5606057719,0.6250000963,0.6265828119
1133,1.0,0.0,0.0,0.0,1.0,1.0,0.3471216384,0.2789534491,0.05694955587,0.04484426975,0.489932953,0.5652176188,0.6164381733,0.6257665858
1134,1.0,0.0,0.0,0.0,1.0,1.0,0.3493034251,0.2833469944,0.05645221472,0.04456752539,0.4949832242,0.5645927457,0.6185565018,0.6242425296
1135,1.0,0.0,0.0,0.0,1.0,1.0,0.3382204155,0.2628288258,0.05370897055,0.04081881046,0.4856175427,0.5850001165,0.6193770564,0.6381577218
1136,1.0,0.0,0.0,0.0,1.0,1.0,0.3445761034,0.2735316388,0.05440419912,0.04222416878,0.4957117735,0.5671645389,0.6210527047,0.621794908
1137,1.0,0.0,0.0,0.0,1.0,1.0,0.3445759386,0.2690803853,0.05419123173,0.04151964188,0.4991424714,0.5721387891,0.6293705321,0.6298694773
1138,1.0,0.0,0.0,0.0,1.0,1.0,0.341646039,0.2751077002,0.05409258604,0.04252052307,0.4965987317,0.5721397695,0.6271775754,0.6139244942
1139,1.0,0.0,0.0,0.0,1.0,1.0,0.3468146832,0.2793578912,0.05516046286,0.04374796152,0.4803417971,0.566501952,0.6076389721,0.6149074416
1140,1.0,0.0,0.0,0.0,1.0,1.0,0.3490384267,0.2872960767,0.05691379309,0.0458086729,0.4497443591,0.5658545015,0.5853656348,0.6060605666
1141,1.0,0.0,0.0,0.0,1.0,1.0,0.3477047792,0.292939768,0.05629712343,0.04623436928,0.4537814283,0.5700485649,0.5827586077,0.6058820344
1142,1.0,0.0,0.0,0.0,1.0,1.0,0.3600679297,0.3036498555,0.05745375156,0.04698324203,0.4494949868,0.5654207741,0.5868055569,0.6000002537
1143,1.0,0.0,0.0,0.0,1.0,1.0,0.3602051367,0.3005313558,0.06035929918,0.0487408042,0.450084617,0.5586854831,0.583916215,0.5930234122
1144,1.0,0.0,0.0,0.0,1.0,1.0,0.3491200219,0.2858053221,0.05640757084,0.0450707674,0.4520547086,0.5588231565,0.5789473883,0.6012269858
1145,1.0,0.0,0.0,0.0,1.0,1.0,0.3469565294,0.2832927985,0.05594152212,0.0448089242,0.4525043911,0.572138943,0.5880282566,0.6149069728
1146,1.0,0.0,0.0,0.0,1.0,1.0,0.3470285494,0.2819853245,0.05502605438,0.0434705615,0.4548610259,0.5650000433,0.575000058,0.6012655711
1147,1.0,0.0,0.0,0.0,1.0,1.0,0.3452932389,0.2738684717,0.05462992191,0.04227644205,0.4548610912,0.5628146351,0.5800711235,0.6038960581
1148,1.0,0.0,0.0,0.0,1.0,1.0,0.3532509601,0.2878247156,0.05589973927,0.0444470644,0.4568966402,0.5609750896,0.5865722868,0.6012273065
1149,1.0,0.0,0.0,0.0,1.0,1.0,0.3543633019,0.281532778,0.05773925781,0.04484599829,0.4492254211,0.5679609045,0.5845070554,0.6124993521
1150,1.0,0.0,0.0,0.0,1.0,1.0,0.3554715148,0.278791627,0.05827724934,0.04476368427,0.4484536218,0.5652173913,0.5789474661,0.6037735849
1151,1.0,0.0,0.0,0.0,1.0,1.0,0.34306558,0.2516452787,0.05429577827,0.03905975819,0.4553414186,0.5816328771,0.5785713243,0.6170217636
1152,1.0,0.0,0.0,0.0,1.0,1.0,0.3349007426,0.2418002263,0.05207413435,0.03680628538,0.4526316213,0.5863878241,0.5770607607,0.6296301095
1153,1.0,0.0,0.0,0.0,1.0,1.0,0.3331470701,0.2383009971,0.05384582281,0.037776649,0.4485165337,0.5863869477,0.5800710406,0.6268667549
1154,1.0,0.0,0.0,0.0,1.0,1.0,0.3372028877,0.2454770725,0.05213665962,0.03762441874,0.4660868824,0.5876292431,0.5964913236,0.6214282206
1155,1.0,0.0,0.0,0.0,1.0,1.0,0.3246824369,0.1853510558,0.04857218266,0.02767801285,0.4700543517,0.6201120129,0.5781818545,0.6960784736
1156,1.0,0.0,0.0,0.0,1.0,1.0,0.3429458699,0.1391380463,0.04740613699,0.01923334599,0.4666667242,0.5714289307,0.5254899424,0.7042227332
1157,1.0,0.0,0.0,0.0,1.0,1.0,0.3417066928,0.1455880282,0.04796862602,0.02051836252,0.4841896753,0.5375717587,0.5393702736,0.5945950657
1158,1.0,0.0,0.0,0.0,1.0,1.0,0.3471956694,0.1467434059,0.04712474346,0.02015739679,0.4899597767,0.5086703886,0.5277776934,0.5270281059
1159,1.0,0.0,0.0,0.0,1.0,1.0,0.3385206179,0.1571701993,0.04686051607,0.02175664902,0.5141127763,0.4880963738,0.5524191309,0.4743572884
1160,1.0,0.0,0.0,0.0,1.0,1.0,0.3412236496,0.149714113,0.04680269957,0.02049350739,0.4969697687,0.4852073116,0.5263154915,0.4729745451
1161,1.0,0.0,0.0,0.0,1.0,1.0,0.3284740183,0.140165623,0.04557394981,0.01917439699,0.4929858641,0.5121945478,0.5203251112,0.5362317489
1162,1.0,0.0,0.0,0.0,1.0,1.0,0.3364457873,0.1585464101,0.04780805111,0.02221673727,0.4930691524,0.5058821623,0.5341368093,0.4936697654
1163,1.0,0.0,0.0,0.0,1.0,1.0,0.3229555191,0.1601419873,0.046687603,0.0229293704,0.4760994102,0.5384609492,0.5405403493,0.5903621348
1164,1.0,0.0,0.0,0.0,1.0,1.0,0.3122065447,0.1422281477,0.0463065505,0.02089440823,0.4933332181,0.5914634539,0.5692306818,0.6891884182
1165,1.0,0.0,0.0,0.0,1.0,1.0,0.2926544812,0.1665739308,0.04440641403,0.02485644817,0.4696132477,0.6289301169,0.5543072268,0.6404482258
1166,1.0,0.0,0.0,0.0,1.0,1.0,0.3085995246,0.2016731917,0.04915165901,0.03155761957,0.4807016303,0.619318044,0.5928570721,0.6637164297
1167,1.0,0.0,0.0,0.0,1.0,1.0,0.3127622132,0.2070274337,0.04950553179,0.03208184242,0.486014118,0.592178818,0.5964287418,0.6637937441
1168,1.0,0.0,0.0,0.0,1.0,1.0,0.3216197452,0.2174222398,0.05256491899,0.03504323959,0.4653978407,0.6021501475,0.5964910853,0.6854835966
1169,1.0,0.0,0.0,0.0,1.0,1.0,0.3274033632,0.225398544,0.05384165049,0.03655564785,0.4758620515,0.6000002214,0.6013986939,0.6899227461
1170,1.0,0.0,0.0,0.0,1.0,1.0,0.3256799683,0.2271459312,0.05525052547,0.03800302744,0.4775862475,0.6031749285,0.6013986761,0.6769230769
1171,1.0,0.0,0.0,0.0,1.0,1.0,0.3222340111,0.2358820779,0.05182260275,0.03741198778,0.4827586686,0.5882344822,0.6013986014,0.6740734368
1172,1.0,0.0,0.0,0.0,1.0,1.0,0.331988625,0.2271459234,0.05479073524,0.03729212284,0.4904347537,0.6020945655,0.6118880408,0.6846152371
1173,1.0,0.0,0.0,0.0,1.0,1.0,0.3325729401,0.2358820536,0.05221456289,0.03652310371,0.4827586567,0.5958550938,0.6118880311,0.6592591505
1174,1.0,0.0,0.0,0.0,1.0,1.0,0.3296951906,0.2314498393,0.05385053158,0.03721606731,0.4835924128,0.5968585286,0.6070173136,0.6742426912
1175,1.0,0.0,0.0,0.0,1.0,1.0,0.3226820373,0.2356839372,0.05017066002,0.0360686183,0.4764398418,0.6054050972,0.5921984863,0.6842105263
1176,1.0,0.0,0.0,0.0,1.0,1.0,0.3174493328,0.2374560481,0.04973483086,0.0366179347,0.469459019,0.5989019813,0.5851063871,0.6791031778
1177,1.0,0.0,0.0,0.0,1.0,1.0,0.3227363955,0.2481009496,0.05169254541,0.03918629885,0.4670138435,0.5913967832,0.5880280481,0.6524822911
1178,1.0,0.0,0.0,0.0,1.0,1.0,0.3250358735,0.2418578349,0.05100136995,0.03709191084,0.4747825509,0.5989299501,0.5907473586,0.6617638788
1179,1.0,0.0,0.0,0.0,1.0,1.0,0.3279955007,0.2489837953,0.05299276114,0.03939777613,0.4690721069,0.5916231662,0.5894736604,0.6549286292
1180,1.0,0.0,0.0,0.0,1.0,1.0,0.3285599965,0.2507369467,0.0522236228,0.03909933567,0.4647159698,0.58638707,0.5859651403,0.6573436914
1181,1.0,0.0,0.0,0.0,1.0,1.0,0.3274032363,0.2516200238,0.05304574966,0.03992390633,0.4689654227,0.5894736842,0.5915492799,0.6433566434
1182,1.0,0.0,0.0,0.0,1.0,1.0,0.3382988174,0.2604179737,0.05335271358,0.04008227587,0.4725086149,0.5888326574,0.6091552077,0.6418912991
1183,1.0,0.0,0.0,0.0,1.0,1.0,0.3360193258,0.2551392804,0.05541169643,0.04120355844,0.4793103582,0.5846153515,0.6091548542,0.6413788315
1184,1.0,0.0,0.0,0.0,1.0,1.0,0.3320005509,0.2542747158,0.05334413052,0.03980076313,0.473321954,0.5803114308,0.6042403109,0.6388881401
1185,1.0,0.0,0.0,0.0,1.0,1.0,0.3314388606,0.2612575887,0.05605322123,0.04305118322,0.4649572475,0.5824735197,0.5964912408,0.6308725576
1186,1.0,0.0,0.0,0.0,1.0,1.0,0.3296770162,0.2569490318,0.0525265336,0.04008609056,0.4635416555,0.5789476073,0.5921985314,0.6344818767
1187,1.0,0.0,0.0,0.0,1.0,1.0,0.3314299483,0.2516199392,0.05304580927,0.03930336237,0.4707904318,0.5751296967,0.591549414,0.6363639121
1188,1.0,0.0,0.0,0.0,1.0,1.0,0.3320005826,0.2498605697,0.05237162113,0.0385324955,0.4733217798,0.5958550048,0.5915495407,0.6549295557
1189,1.0,0.0,0.0,0.0,1.0,1.0,0.330294905,0.2437232868,0.05288410187,0.03808748722,0.4794520089,0.5906736335,0.6070174542,0.6474815415
1190,1.0,0.0,0.0,0.0,1.0,1.0,0.3239092862,0.234851234,0.05006027222,0.03560435772,0.4818024905,0.5882360645,0.6007066665,0.6616544626
1191,1.0,0.0,0.0,0.0,1.0,1.0,0.3216793023,0.240216886,0.05065983534,0.03711444139,0.4767641166,0.5935823026,0.6,0.6642336235
1192,1.0,0.0,0.0,0.0,1.0,1.0,0.326206798,0.2393029402,0.0515615344,0.03729981184,0.4722222746,0.6010642049,0.6021129305,0.6617651054
1193,1.0,0.0,0.0,0.0,1.0,1.0,0.3196094097,0.2193020029,0.05066329241,0.03414875269,0.4734981618,0.591159415,0.5827339975,0.6639344692
1194,1.0,0.0,0.0,0.0,1.0,1.0,0.3002124519,0.1394567663,0.04495793581,0.02048712969,0.4600759836,0.6012655962,0.5387597198,0.6805569698
1195,1.0,0.0,0.0,0.0,1.0,1.0,0.3285017478,0.1533008036,0.04604268074,0.02148658037,0.5000000532,0.5333334196,0.549800807,0.5714301566
1196,1.0,0.0,0.0,0.0,1.0,1.0,0.3385205333,0.1551551526,0.04701977968,0.02155071497,0.5020161398,0.482143242,0.5322580299,0.4675338325
1197,1.0,0.0,0.0,0.0,1.0,1.0,0.3583657996,0.1639402509,0.04944425821,0.02279931307,0.4960158693,0.4777773626,0.5415018374,0.4578323647
1198,1.0,0.0,0.0,0.0,1.0,1.0,0.3532165535,0.1520889832,0.04827994108,0.0211224556,0.5220884353,0.4772723064,0.5494071604,0.4545454545
1199,1.0,0.0,0.0,0.0,1.0,1.0,0.3627006233,0.1606244568,0.04908180237,0.02208679914,0.5141128804,0.4722219524,0.5476190579,0.4321004979
1200,1.0,0.0,0.0,0.0,1.0,1.0,0.3586706857,0.1599109765,0.05056035519,0.02272379398,0.5100805333,0.4775281694,0.544000245,0.4750001312
1201,1.0,0.0,0.0,0.0,1.0,1.0,0.368531685,0.1619649541,0.05026745796,0.02240180969,0.5110221649,0.4945657072,0.5335970406,0.5
1202,1.0,0.0,0.0,0.0,1.0,1.0,0.3677947244,0.1548153889,0.05030739307,0.02159935236,0.511999973,0.4945652818,0.5411765007,0.4810128678
1203,1.0,0.0,0.0,0.0,1.0,1.0,0.3663291493,0.1542106763,0.05080157518,0.0218115449,0.5039840507,0.5054352353,0.5429685525,0.5063275919
1204,1.0,0.0,0.0,0.0,1.0,1.0,0.3663292431,0.1405466212,0.0494427681,0.01934719086,0.501991983,0.5217392877,0.5390624019,0.5833323064
1205,1.0,0.0,0.0,0.0,1.0,1.0,0.3501981569,0.1364623071,0.04757982492,0.01897847652,0.492125875,0.5280905773,0.5384613736,0.5915497824
1206,1.0,0.0,0.0,0.0,1.0,1.0,0.314603885,0.1321098314,0.04550862312,0.01914685965,0.5047984831,0.5853664926,0.5708814766,0.6666666667
1207,1.0,0.0,0.0,0.0,1.0,1.0,0.3101714354,0.1774371054,0.0465824604,0.02669638395,0.5117968187,0.6198824348,0.6014493959,0.6632662858
1208,1.0,0.0,0.0,0.0,1.0,1.0,0.3171135798,0.1876208867,0.04798460007,0.02803593874,0.4991087867,0.6179780585,0.5992779409,0.6826932276
1209,1.0,0.0,0.0,0.0,1.0,1.0,0.3248629968,0.2256802253,0.05042213202,0.03471684456,0.5115453662,0.5846989691,0.6164875219,0.6428564071
1210,1.0,0.0,0.0,0.0,1.0,1.0,0.324863275,0.2310535274,0.05154001713,0.03633141518,0.4991118555,0.5792345998,0.598566387,0.643411425
1211,1.0,0.0,0.0,0.0,1.0,1.0,0.3278311974,0.2292624723,0.05220758915,0.03612196445,0.4982269883,0.5837837282,0.6021505864,0.664062268
1212,1.0,0.0,0.0,0.0,1.0,1.0,0.3278309843,0.2346360148,0.05203211308,0.03684437275,0.5000000469,0.583783338,0.6021505499,0.6564889201
1213,1.0,0.0,0.0,0.0,1.0,1.0,0.3272817676,0.2409369903,0.05129766464,0.03723222017,0.4982393477,0.5860216678,0.6035715512,0.651851508
1214,1.0,0.0,0.0,0.0,1.0,1.0,0.3221197387,0.2454146149,0.05044019222,0.03762567043,0.4947735944,0.5783779185,0.6014235318,0.6376815038
1215,1.0,0.0,0.0,0.0,1.0,1.0,0.3337239017,0.2568494988,0.05469840765,0.04166144133,0.487889291,0.5647666361,0.6048949507,0.6326529444
1216,1.0,0.0,0.0,0.0,1.0,1.0,0.3203785538,0.232264722,0.04981923103,0.03573989868,0.4895470799,0.5923910182,0.598591342,0.659090151
1217,1.0,0.0,0.0,0.0,1.0,1.0,0.3302650838,0.2489775598,0.05342024565,0.0394359231,0.4775086339,0.5863878435,0.6042399848,0.6453897601
1218,1.0,0.0,0.0,0.0,1.0,1.0,0.3354293559,0.2690807818,0.05513954163,0.04332393408,0.4811644419,0.5765310976,0.6048950635,0.6298697815
1219,1.0,0.0,0.0,0.0,1.0,1.0,0.338325835,0.2585969401,0.05653387308,0.04268884659,0.4870465605,0.5816321044,0.6188811151,0.6418919296
1220,1.0,0.0,0.0,0.0,1.0,1.0,0.337742421,0.254213721,0.0539380908,0.04017841816,0.4844827248,0.5867353423,0.6097558676,0.6506849315
1221,1.0,0.0,0.0,0.0,1.0,1.0,0.3337265415,0.2410624425,0.05248093605,0.03744733334,0.4904348464,0.5937495741,0.6091551714,0.6569345273
1222,1.0,0.0,0.0,0.0,1.0,1.0,0.3377188024,0.2611783966,0.05395168066,0.04107999802,0.4785591828,0.5685277393,0.6062716951,0.6399998259
1223,1.0,0.0,0.0,0.0,1.0,1.0,0.3331474788,0.2577506751,0.05423140526,0.04109281301,0.4621993233,0.5721644839,0.5859650579,0.6394550225
1224,1.0,0.0,0.0,0.0,1.0,1.0,0.3394006988,0.2664015468,0.05552178621,0.04268759489,0.4641637516,0.5728646561,0.5888502364,0.6274520755
1225,1.0,0.0,0.0,0.0,1.0,1.0,0.3354406781,0.2577505289,0.05336743593,0.04023081064,0.4578313603,0.5999997766,0.5824562944,0.6530614361
1226,1.0,0.0,0.0,0.0,1.0,1.0,0.3269043911,0.2585360277,0.05123615265,0.03976136446,0.4548551729,0.5885411819,0.5798611757,0.6510069931
1227,1.0,0.0,0.0,0.0,1.0,1.0,0.3365124747,0.2592410895,0.05325508118,0.04047387838,0.4646464865,0.5800002686,0.597269764,0.6513160511
1228,1.0,0.0,0.0,0.0,1.0,1.0,0.335932606,0.2617586211,0.05401855707,0.04138737917,0.4515050378,0.5920393344,0.588435446,0.6558438285
1229,1.0,0.0,0.0,0.0,1.0,1.0,0.3297821858,0.2592411954,0.05122935772,0.03972893953,0.4579125177,0.59693817,0.5938564588,0.6513162731
1230,1.0,0.0,0.0,0.0,1.0,1.0,0.3320179351,0.2654766678,0.05404192209,0.04218578339,0.4627118236,0.5816319665,0.5868056116,0.6470583249
1231,1.0,0.0,0.0,0.0,1.0,1.0,0.3246051685,0.2429198574,0.05375826359,0.03961133957,0.473504276,0.5947363052,0.5972223339,0.6428567129
1232,1.0,0.0,0.0,0.0,1.0,1.0,0.2994841692,0.21059655,0.04661810398,0.03198218346,0.4616725324,0.6220934841,0.5607141189,0.6525424361
1233,1.0,0.0,0.0,0.0,1.0,1.0,0.2687264016,0.1734106102,0.03924649954,0.02499949932,0.4622468193,0.6369867279,0.5410445601,0.6129029951
1234,1.0,0.0,0.0,0.0,1.0,1.0,0.3011751908,0.1639707834,0.04300314188,0.02300804853,0.4971210916,0.5541399332,0.5351560758,0.6071433197
1235,1.0,0.0,0.0,0.0,1.0,1.0,0.315104615,0.1632949147,0.04462349415,0.02272242308,0.4816246707,0.5276080667,0.519685009,0.5421686747
1236,1.0,0.0,0.0,0.0,1.0,1.0,0.3181820315,0.1777662258,0.04444593191,0.02454066277,0.4980469892,0.5398770785,0.545454467,0.555556635
1237,1.0,0.0,0.0,0.0,1.0,1.0,0.3147846627,0.1732100196,0.04351252317,0.02365994453,0.5019684309,0.518749512,0.537848729,0.5517246591
1238,1.0,0.0,0.0,0.0,1.0,1.0,0.3135505237,0.1771921221,0.04390519857,0.02442228794,0.4882351564,0.5124998812,0.5258965384,0.5393251297
1239,1.0,0.0,0.0,0.0,1.0,1.0,0.3143879409,0.1691969426,0.04408168793,0.02340137959,0.4912620835,0.5123463968,0.5393702552,0.5581391202
1240,1.0,0.0,0.0,0.0,1.0,1.0,0.3221501202,0.1691970285,0.04571986198,0.02368623018,0.4873786192,0.4879512732,0.5157480214,0.5000012582
1241,1.0,0.0,0.0,0.0,1.0,1.0,0.3248186215,0.1743215873,0.04572826624,0.02435237169,0.4942307334,0.4911254404,0.5271320277,0.4999987762
1242,1.0,0.0,0.0,0.0,1.0,1.0,0.3185245701,0.1570003441,0.04497915506,0.02208554745,0.4885494717,0.5089812821,0.5325670612,0.5487809486
1243,1.0,0.0,0.0,0.0,1.0,1.0,0.3299318791,0.1665734422,0.04641187191,0.02334159613,0.486486412,0.502924247,0.5193799802,0.5348831865
1244,1.0,0.0,0.0,0.0,1.0,1.0,0.3236287024,0.172317557,0.04658907652,0.02466481924,0.4914286329,0.5117644425,0.5363982409,0.5333331722
1245,1.0,0.0,0.0,0.0,1.0,1.0,0.3250065017,0.1596851616,0.04607093334,0.02263599634,0.5000001051,0.4855500154,0.5451128483,0.4941187933
1246,1.0,0.0,0.0,0.0,1.0,1.0,0.3203585397,0.1697894641,0.04499602318,0.02371048927,0.4875240683,0.4970062577,0.5250964839,0.488637392
1247,1.0,0.0,0.0,0.0,1.0,1.0,0.3223390388,0.1520065238,0.04616737366,0.02185440063,0.5057250282,0.5029590994,0.5437262941,0.5249989091
1248,1.0,0.0,0.0,0.0,1.0,1.0,0.3242463568,0.1615069684,0.0474589467,0.02372950315,0.4942747375,0.5058821018,0.5323192436,0.5294123557
1249,1.0,0.0,0.0,0.0,1.0,1.0,0.3286883454,0.1729802707,0.04652905464,0.02434659004,0.500956061,0.4941854507,0.5384613756,0.5
1250,1.0,0.0,0.0,0.0,1.0,1.0,0.3097129735,0.1665736171,0.04424732924,0.02361667156,0.501901216,0.5214731116,0.5478929313,0.5517235287
1251,1.0,0.0,0.0,0.0,1.0,1.0,0.3097131136,0.167213964,0.04426395893,0.02362549305,0.5019012846,0.5214724505,0.5500000844,0.5632187098
1252,1.0,0.0,0.0,0.0,1.0,1.0,0.3167113665,0.1684883471,0.04507172108,0.02375036478,0.4952562067,0.5149700203,0.5440613529,0.556819294
1253,1.0,0.0,0.0,0.0,1.0,1.0,0.3153114225,0.1633706665,0.04532057047,0.02334702015,0.4990441376,0.5151515152,0.54230788,0.5176462479
1254,1.0,0.0,0.0,0.0,1.0,1.0,0.2922894864,0.1452016885,0.04244357347,0.02108484507,0.4792452032,0.580645569,0.5396226632,0.6753254463
1255,1.0,0.0,0.0,0.0,1.0,1.0,0.2855547215,0.1653352375,0.04216432571,0.02405530214,0.4706960265,0.6346154934,0.5576209778,0.6629226847
1256,1.0,0.0,0.0,0.0,1.0,1.0,0.3165187895,0.2261892847,0.05053395033,0.03542864323,0.4922548341,0.6032608375,0.5894737203,0.674419661
1257,1.0,0.0,0.0,0.0,1.0,1.0,0.3166887785,0.2455074816,0.04992175102,0.03784388304,0.4872232854,0.5860213385,0.5923341916,0.6737594796
1258,1.0,0.0,0.0,0.0,1.0,1.0,0.3252818598,0.243850085,0.05468529463,0.04023480415,0.4856660324,0.5854924482,0.6013747517,0.6619725404
1259,1.0,0.0,0.0,0.0,1.0,1.0,0.3269985174,0.2438502137,0.05606859922,0.04082947969,0.4966442393,0.5897435352,0.6048110406,0.6549295261
1260,1.0,0.0,0.0,0.0,1.0,1.0,0.3308134787,0.2383826466,0.05169171095,0.03692263365,0.5096322429,0.59788433,0.6148412736,0.6592591277
1261,1.0,0.0,0.0,0.0,1.0,1.0,0.3048841569,0.1887435338,0.047121346,0.02927654982,0.498194997,0.6153851992,0.5863308026,0.6571433225
1262,1.0,0.0,0.0,0.0,1.0,1.0,0.2990755337,0.1506792511,0.04349040985,0.02174520493,0.4981061025,0.6202525053,0.5763358274,0.6582297217
1263,1.0,0.0,0.0,0.0,1.0,1.0,0.3170376228,0.1278814255,0.0444688201,0.01762485504,0.4700192618,0.5304873717,0.5157479651,0.5846139278
1264,1.0,0.0,0.0,0.0,1.0,1.0,0.3425507861,0.1456675339,0.04601657391,0.01948934793,0.5100806738,0.4764711216,0.5222673165,0.4305532193
1265,1.0,0.0,0.0,0.0,1.0,1.0,0.3452616829,0.1424910902,0.04893541336,0.02031826973,0.5353534716,0.4561400731,0.5461849135,0.3661978855
1266,1.0,0.0,0.0,0.0,1.0,1.0,0.3365261301,0.1465043268,0.04574865103,0.02011835575,0.5314401916,0.4337339665,0.5381526296,0.3150682902
1267,1.0,0.0,0.0,0.0,1.0,1.0,0.3458789544,0.1442705265,0.04647707939,0.01967430115,0.5541400638,0.4294471604,0.54811742,0.2898539748
1268,1.0,0.0,0.0,0.0,1.0,1.0,0.3477227015,0.1540805109,0.04741597176,0.02101063728,0.5291665601,0.4371257109,0.5333331876,0.3513531915
1269,1.0,0.0,0.0,0.0,1.0,1.0,0.3220654723,0.139505141,0.04375451803,0.01891320944,0.5405405643,0.4322586534,0.5374999945,0.3134306721
1270,1.0,0.0,0.0,0.0,1.0,1.0,0.343623942,0.1561629973,0.04605728388,0.02106279135,0.5450734797,0.4390245796,0.5583332597,0.36
1271,1.0,0.0,0.0,0.0,1.0,1.0,0.3224003409,0.1479173892,0.04512912035,0.0208722353,0.556451655,0.3874998184,0.5639998327,0.2567579916
1272,1.0,0.0,0.0,0.0,1.0,1.0,0.3211057262,0.1324563168,0.0455699563,0.01879763603,0.5502007391,0.3812490435,0.5542167814,0.1969705617
1273,1.0,0.0,0.0,0.0,1.0,1.0,0.327848808,0.1413551866,0.04732245207,0.02036297321,0.5129225301,0.3878786657,0.5219124248,0.2676050979
1274,1.0,0.0,0.0,0.0,1.0,1.0,0.3064956019,0.1069439456,0.04546010494,0.01552981138,0.4819048327,0.496893905,0.5369649406,0.5636372708
1275,1.0,0.0,0.0,0.0,1.0,1.0,0.2820296658,0.1563874237,0.04268211126,0.02320837975,0.4691357806,0.5999997207,0.5647482058,0.6666658106
1276,1.0,0.0,0.0,0.0,1.0,1.0,0.2963257824,0.2085167652,0.04674476385,0.03208518028,0.4859649012,0.5562125198,0.5863310927,0.6551718373
1277,1.0,0.0,0.0,0.0,1.0,1.0,0.3176916578,0.2463164919,0.05071377754,0.0381039381,0.4742266838,0.5675676629,0.5886523292,0.6402879498
1278,1.0,0.0,0.0,0.0,1.0,1.0,0.320575978,0.2613379495,0.05357426405,0.04240095615,0.4819896763,0.5508023235,0.5901060642,0.6418924048
1279,1.0,0.0,0.0,0.0,1.0,1.0,0.3208291131,0.2584761625,0.05366230011,0.04214316607,0.4689075903,0.5654456717,0.5896551775,0.6466660538
1280,1.0,0.0,0.0,0.0,1.0,1.0,0.317548483,0.258536269,0.05392551422,0.04228895903,0.4632106699,0.568421169,0.5833333637,0.6375838453
1281,1.0,0.0,0.0,0.0,1.0,1.0,0.3280219047,0.2744944763,0.05198377371,0.04223680496,0.4649572457,0.5520826287,0.5809858568,0.6217951613
1282,1.0,0.0,0.0,0.0,1.0,1.0,0.338793812,0.2838135501,0.05324107409,0.04339146614,0.4593219625,0.5550005206,0.5783973783,0.6196324665
1283,1.0,0.0,0.0,0.0,1.0,1.0,0.3320293685,0.2774313115,0.05383467674,0.0437746644,0.4614093647,0.5555549405,0.5758617681,0.6211185199
1284,1.0,0.0,0.0,0.0,1.0,1.0,0.3247347192,0.2636460831,0.05237835646,0.04152274132,0.4882154913,0.5803111874,0.6034484912,0.6405224536
1285,1.0,0.0,0.0,0.0,1.0,1.0,0.3452019264,0.2974529847,0.05664908886,0.04720759392,0.4588816134,0.5666667368,0.5816327067,0.6171421645
1286,1.0,0.0,0.0,0.0,1.0,1.0,0.3520573496,0.3032792058,0.0580406189,0.04841303825,0.4724541227,0.5734595794,0.5931033736,0.6079538459
1287,1.0,0.0,0.0,0.0,1.0,1.0,0.3617509792,0.3105902792,0.06056517363,0.05042397976,0.4831649521,0.562790629,0.6006941869,0.597765416
1288,1.0,0.0,0.0,0.0,1.0,1.0,0.3505629168,0.3032787987,0.05882787704,0.04977744818,0.4839796965,0.5721158133,0.606896419,0.6022724687
1289,1.0,0.0,0.0,0.0,1.0,1.0,0.355619136,0.312973834,0.0610088706,0.05233460665,0.487352536,0.5592418219,0.6055362458,0.607735052
1290,1.0,0.0,0.0,0.0,1.0,1.0,0.3448658087,0.2936501965,0.05745065212,0.04768961668,0.4840872092,0.5679609737,0.60824754,0.6198832894
1291,1.0,0.0,0.0,0.0,1.0,1.0,0.3487199392,0.2988019483,0.05810177326,0.04837179184,0.4741236376,0.5645936647,0.5979382127,0.6091955581
1292,1.0,0.0,0.0,0.0,1.0,1.0,0.3479903674,0.2950571918,0.05621808767,0.0460935235,0.4752474846,0.5687210223,0.5972695074,0.6242776286
1293,1.0,0.0,0.0,0.0,1.0,1.0,0.3485655059,0.310406882,0.05728429556,0.04941111803,0.4710744191,0.5734602334,0.5904437422,0.6098897321
1294,1.0,0.0,0.0,0.0,1.0,1.0,0.3436099905,0.2998322175,0.05709421635,0.04776144028,0.4611571093,0.567307873,0.5931035567,0.6206895261
1295,1.0,0.0,0.0,0.0,1.0,1.0,0.3453220544,0.2998326808,0.05882275105,0.04920750856,0.465116334,0.5817301359,0.5896552613,0.6264364405
1296,1.0,0.0,0.0,0.0,1.0,1.0,0.3370016458,0.3008698907,0.0575171113,0.04905873537,0.4611569717,0.5735297318,0.5847751396,0.6379307203
1297,1.0,0.0,0.0,0.0,1.0,1.0,0.3298323643,0.2880332441,0.05529212952,0.0461230278,0.461028079,0.5728638449,0.5902780182,0.6385549019
1298,1.0,0.0,0.0,0.0,1.0,1.0,0.3314731286,0.2862982459,0.05816090107,0.04846739769,0.4623114912,0.5808083396,0.5868052854,0.6484846547
1299,1.0,0.0,0.0,0.0,1.0,1.0,0.3364623302,0.2974115599,0.05572843552,0.04721814394,0.4626865349,0.561576439,0.5882350733,0.6279069767
1300,1.0,0.0,0.0,0.0,1.0,1.0,0.3259411106,0.2848059359,0.05521404743,0.04591780901,0.4742097317,0.5663256824,0.6013985704,0.6441723685
1301,1.0,0.0,0.0,0.0,1.0,1.0,0.3269675867,0.2840516165,0.05341821909,0.04460692406,0.4856660338,0.5721656444,0.610526132,0.6358026671
1302,1.0,0.0,0.0,0.0,1.0,1.0,0.3270597999,0.2781949005,0.05361300707,0.04408782721,0.4767442082,0.5685281558,0.5979382607,0.6358029448
1303,1.0,0.0,0.0,0.0,1.0,1.0,0.3023523002,0.2524906771,0.05086928606,0.04069542885,0.4806722963,0.5722219944,0.5929826884,0.6597232393
1304,1.0,0.0,0.0,0.0,1.0,1.0,0.2917196143,0.2336823296,0.04706001282,0.03619998693,0.4835924436,0.5857984943,0.5899282679,0.6692303259
1305,1.0,0.0,0.0,0.0,1.0,1.0,0.2822987995,0.2133848561,0.04429572821,0.03219008446,0.4824562528,0.5900621536,0.5802917516,0.6495722697
1306,1.0,0.0,0.0,0.0,1.0,1.0,0.2909987576,0.2309178847,0.04590791464,0.03497743607,0.4731370293,0.5773811456,0.5776173853,0.6718760651
1307,1.0,0.0,0.0,0.0,1.0,1.0,0.2925194192,0.2289631306,0.04601919651,0.03451442719,0.4790940648,0.5833339809,0.5818181315,0.6825402034
1308,1.0,0.0,0.0,0.0,1.0,1.0,0.2760697932,0.2071571485,0.04314255714,0.03112816811,0.4720279437,0.5759492796,0.5672728008,0.6666673049
1309,1.0,0.0,0.0,0.0,1.0,1.0,0.2767413744,0.2002561025,0.04276257753,0.02968871593,0.4708994393,0.5923572383,0.5625000754,0.6330270993
1310,1.0,0.0,0.0,0.0,1.0,1.0,0.2808207732,0.2045958064,0.04452210665,0.03124839067,0.4677138087,0.5838502082,0.5760871644,0.6460179186
1311,1.0,0.0,0.0,0.0,1.0,1.0,0.2817575438,0.2094417048,0.04450118542,0.03190648556,0.4734042508,0.5911953561,0.5735292967,0.6491232986
1312,1.0,0.0,0.0,0.0,1.0,1.0,0.2863168193,0.2120585698,0.04350274801,0.03107339144,0.4715302859,0.583851587,0.5571955104,0.6521728288
1313,1.0,0.0,0.0,0.0,1.0,1.0,0.2690802861,0.1703167937,0.04103314877,0.02540147305,0.4816850282,0.619047619,0.5655432268,0.6483529892
1314,1.0,0.0,0.0,0.0,1.0,1.0,0.2673783552,0.1596065902,0.0400390625,0.02319502831,0.4667896598,0.6482767245,0.5513307111,0.6666666667
1315,1.0,0.0,0.0,0.0,1.0,1.0,0.2927308495,0.2116254213,0.04701185226,0.0331029892,0.4644713189,0.5857989066,0.5800711418,0.6806721933
1316,1.0,0.0,0.0,0.0,1.0,1.0,0.3058849496,0.2498603639,0.05191618204,0.04108870029,0.4615384818,0.5561492476,0.5810811839,0.6283781627
1317,1.0,0.0,0.0,0.0,1.0,1.0,0.3288066776,0.2826704169,0.05652558804,0.04701137543,0.4625406949,0.5643565296,0.5892254661,0.625
1318,1.0,0.0,0.0,0.0,1.0,1.0,0.3156132638,0.271179527,0.05277836323,0.04370707273,0.4671053065,0.557291349,0.5938566225,0.628931804
1319,1.0,0.0,0.0,0.0,1.0,1.0,0.3336953339,0.2916462654,0.05795228481,0.04881697893,0.4671053574,0.5763547051,0.587030814,0.6315784975
1320,1.0,0.0,0.0,0.0,1.0,1.0,0.3265827582,0.2819370567,0.05671048164,0.04759120941,0.4646960937,0.56783899,0.5945947187,0.62874226
1321,1.0,0.0,0.0,0.0,1.0,1.0,0.3243659859,0.278002051,0.05104720592,0.04223704338,0.4497528709,0.568527492,0.5836175653,0.6319014422
1322,1.0,0.0,0.0,0.0,1.0,1.0,0.3282481144,0.2809875414,0.05632406473,0.04679656029,0.4591503546,0.572138956,0.5959595309,0.6407193332
1323,1.0,0.0,0.0,0.0,1.0,1.0,0.3304079122,0.2853135966,0.05298060179,0.0445458293,0.455592145,0.5771144614,0.5945943676,0.6272186578
1324,1.0,0.0,0.0,0.0,1.0,1.0,0.330962679,0.2826706055,0.05204969645,0.04328888655,0.4590164835,0.5643567871,0.6026937246,0.6250001721
1325,1.0,0.0,0.0,0.0,1.0,1.0,0.3298326388,0.2865294793,0.05684649944,0.04799097776,0.4543946701,0.5628136383,0.5938566383,0.6130956151
1326,1.0,0.0,0.0,0.0,1.0,1.0,0.3249011554,0.2719568351,0.05413508415,0.04396754503,0.4719470849,0.5634515699,0.5952381479,0.6187502796
1327,1.0,0.0,0.0,0.0,1.0,1.0,0.3342450426,0.2768725776,0.05576598644,0.04505234957,0.4579901027,0.5665029211,0.5844594458,0.6219516229
1328,1.0,0.0,0.0,0.0,1.0,1.0,0.3271199651,0.2707520863,0.05543786287,0.04513037205,0.4621711278,0.572864219,0.5919730779,0.6172840158
1329,1.0,0.0,0.0,0.0,1.0,1.0,0.3342449303,0.2774370229,0.05529385805,0.04521566629,0.4843492876,0.5812809847,0.6153844747,0.6204829204
1330,1.0,0.0,0.0,0.0,1.0,1.0,0.3190401864,0.255671109,0.05538219213,0.04351454973,0.4934853889,0.5816324224,0.6146177924,0.629870708
1331,1.0,0.0,0.0,0.0,1.0,1.0,0.319756928,0.2646549207,0.05575811863,0.04511088133,0.4614149083,0.5879401282,0.5921051297,0.6335396751
1332,1.0,0.0,0.0,0.0,1.0,1.0,0.3267099683,0.2622295417,0.05421173573,0.04246133566,0.4589371963,0.5615763005,0.5841585871,0.59748478
1333,1.0,0.0,0.0,0.0,1.0,1.0,0.3239234033,0.2531918984,0.05364871025,0.04097789526,0.4625407468,0.5778900893,0.5966666077,0.6118429952
1334,1.0,0.0,0.0,0.0,1.0,1.0,0.3221885736,0.2583015997,0.05425322056,0.04235070944,0.4736842944,0.5765300181,0.5979729275,0.6143791862
1335,1.0,0.0,0.0,0.0,1.0,1.0,0.3220240012,0.2558297101,0.05218219757,0.04055607319,0.4791318647,0.5699474112,0.6075088019,0.6333342151
1336,1.0,0.0,0.0,0.0,1.0,1.0,0.3159634361,0.2541243105,0.05078458786,0.03982579708,0.4792014212,0.5736833704,0.6040954814,0.6308716696
1337,1.0,0.0,0.0,0.0,1.0,1.0,0.3208909231,0.2584763063,0.05375915766,0.04199934006,0.4715718338,0.5624999307,0.5965517026,0.613332917
1338,1.0,0.0,0.0,0.0,1.0,1.0,0.3174697223,0.2567532233,0.05100274086,0.04020851851,0.4705882844,0.5767199106,0.5965516913,0.6241611534
1339,1.0,0.0,0.0,0.0,1.0,1.0,0.3170184877,0.2559124431,0.05334550142,0.0415533185,0.4724542084,0.5631577595,0.6055363652,0.6216217767
1340,1.0,0.0,0.0,0.0,1.0,1.0,0.3174695118,0.2515836348,0.05086416006,0.03929191828,0.4806722686,0.5661380498,0.6034482364,0.6369861455
1341,1.0,0.0,0.0,0.0,1.0,1.0,0.3122197632,0.2463662213,0.05184537172,0.03972935677,0.4702885989,0.5815219453,0.5944058012,0.6453893793
1342,1.0,0.0,0.0,0.0,1.0,1.0,0.3068754498,0.2438083302,0.05035305023,0.03879660368,0.4614093998,0.5792344552,0.588235228,0.6453904523
1343,1.0,0.0,0.0,0.0,1.0,1.0,0.3148239918,0.2524360339,0.04947245121,0.0384785533,0.4749999573,0.5767195576,0.594501772,0.632652429
1344,1.0,0.0,0.0,0.0,1.0,1.0,0.3109743758,0.2455966283,0.05211436749,0.04013085365,0.4675541819,0.577540162,0.5938567648,0.645832962
1345,1.0,0.0,0.0,0.0,1.0,1.0,0.3126373388,0.2507074531,0.04928284883,0.03879714012,0.4708819425,0.5904255898,0.6,0.6486477352
1346,1.0,0.0,0.0,0.0,1.0,1.0,0.3137781722,0.2532597252,0.05212378502,0.04109227657,0.4717608274,0.57671997,0.5952382702,0.6375849635
1347,1.0,0.7853981853,0.0,0.0,1.0,1.0,0.3123255212,0.247336701,0.05248069763,0.04060351849,0.4621710398,0.584210885,0.5858586005,0.6394554428
1348,1.0,0.0,0.0,0.0,1.0,1.0,0.3157847396,0.2565680512,0.05283761024,0.04167085886,0.4576545965,0.5773192039,0.587248316,0.6143800572
1349,1.0,0.0,0.0,0.0,1.0,1.0,0.3189708777,0.2624799336,0.05199360847,0.04159492254,0.4697217212,0.5743590567,0.5959597061,0.6153841745
1350,1.0,0.0,0.0,0.0,1.0,1.0,0.3221345129,0.2583592085,0.05235731602,0.04081183672,0.4611571315,0.5743593538,0.5850338519,0.6315792548
1351,1.0,0.0,0.0,0.0,1.0,1.0,0.3114924607,0.2507188713,0.04916477203,0.03838533163,0.4749999646,0.566845043,0.6048107731,0.6301376244
1352,1.0,0.0,0.0,0.0,1.0,1.0,0.3158767901,0.2610997912,0.05125099421,0.04094660282,0.4782608296,0.5608461486,0.602076043,0.6291380992
1353,1.0,0.0,0.0,0.0,1.0,1.0,0.3264842514,0.2730431058,0.05255442858,0.04263341427,0.4749999699,0.5663268373,0.6013747016,0.6163518671
1354,1.0,0.0,0.0,0.0,1.0,1.0,0.3110845178,0.2575878587,0.05037999153,0.04019677639,0.4668874443,0.5797871837,0.6013745862,0.6400005931
1355,1.0,0.0,0.0,0.0,1.0,1.0,0.3232025498,0.2816297847,0.05135089159,0.04318743944,0.461028212,0.5794875366,0.5841923664,0.6219511017
1356,1.0,0.0,0.0,0.0,1.0,1.0,0.3090381187,0.2524187781,0.05301815271,0.04173767567,0.4621711052,0.5744684917,0.5904435556,0.6554062738
1357,1.0,0.0,0.0,0.0,1.0,1.0,0.3227708353,0.2795051128,0.05471819639,0.04582995176,0.4672130686,0.5837558918,0.5898307118,0.6303025495
1358,1.0,0.0,0.0,0.0,1.0,1.0,0.3115144483,0.2667429897,0.05120187998,0.04213488102,0.4577922446,0.5781252001,0.5844595321,0.639240578
1359,1.0,0.0,0.0,0.0,1.0,1.0,0.316654549,0.2755310017,0.05361908674,0.04496186972,0.4587458589,0.5781248784,0.5890410008,0.6335408008
1360,1.0,0.0,0.0,0.0,1.0,1.0,0.3214869796,0.2870368786,0.05115878582,0.04400187731,0.449999911,0.5751297329,0.5847752009,0.6204822623
1361,1.0,0.0,0.0,0.0,1.0,1.0,0.3192894283,0.2845630409,0.05219119787,0.04457992315,0.4392677758,0.5677077921,0.5659723741,0.6219510728
1362,1.0,0.0,0.0,0.0,1.0,1.0,0.319821431,0.2768488545,0.05296248198,0.04385954142,0.4433333072,0.5781244549,0.5679442089,0.6352201087
1363,1.0,0.0,0.0,0.0,1.0,1.0,0.3286979368,0.2897689948,0.05471110344,0.04637950659,0.4774624906,0.5685281621,0.597222367,0.6227543602
1364,1.0,0.0,0.0,0.0,1.0,1.0,0.3264505847,0.2855548607,0.05424028635,0.04561752081,0.4857621514,0.5743587095,0.6097561795,0.6341458316
1365,1.0,0.0,0.0,0.0,1.0,1.0,0.326450879,0.287295846,0.05394250154,0.04564362764,0.4874372566,0.5743592577,0.6097560976,0.6363635176
1366,1.0,0.0,0.0,0.0,1.0,1.0,0.3231527108,0.2877700241,0.05436062813,0.04679495096,0.4849999486,0.5721650841,0.6137929947,0.6347305847
1367,1.0,0.0,0.0,0.0,1.0,1.0,0.3276039044,0.2894934179,0.05504435301,0.04694139957,0.4891846202,0.5736038575,0.6172414782,0.6309523507
1368,1.0,0.0,0.0,0.0,1.0,1.0,0.3314811773,0.2922241514,0.05657225847,0.04804378748,0.4966667217,0.5728644804,0.6228372072,0.6213021422
1369,1.0,0.0,0.0,0.0,1.0,1.0,0.3353609215,0.295367699,0.05764126778,0.04908066988,0.5000000867,0.5742570265,0.6185566086,0.622092522
1370,1.0,0.0,0.0,0.0,1.0,1.0,0.3226675218,0.2816297089,0.05249130726,0.04414653778,0.4602649264,0.5692311885,0.5945017535,0.6280486488
1371,1.0,0.0,0.0,0.0,1.0,1.0,0.3287636457,0.2828930666,0.05488282442,0.04582720995,0.455592159,0.5749999185,0.5830510607,0.6287417751
1372,1.0,0.0,0.0,0.0,1.0,1.0,0.3220794232,0.280665323,0.05444276333,0.04602378607,0.455149487,0.5721645986,0.5856165342,0.6097563818
1373,1.0,0.0,0.0,0.0,1.0,1.0,0.3173902096,0.2681429488,0.05323135853,0.04360443354,0.469594636,0.5744686331,0.5958189315,0.6363638849
1374,1.0,0.0,0.0,0.0,1.0,1.0,0.3105225218,0.2585364283,0.05056148767,0.04116761684,0.4651952482,0.5737709556,0.5902776426,0.6308728525
1375,1.0,0.0,0.0,0.0,1.0,1.0,0.3072610691,0.2673332217,0.05150812864,0.04330074787,0.4493241976,0.5769235665,0.580419547,0.6339870001
1376,1.0,0.0,0.0,0.0,1.0,1.0,0.2963861179,0.2330852257,0.04717373848,0.03620308638,0.4655171639,0.5697674125,0.5865726375,0.6439387079
1377,1.0,0.0,0.0,0.0,1.0,1.0,0.2678013673,0.1898582309,0.04220479727,0.02923995256,0.4711032772,0.5816992172,0.5734766234,0.66981134
1378,1.0,0.0,0.0,0.0,1.0,1.0,0.2581586407,0.155216317,0.03768998384,0.02207553387,0.452029622,0.614285511,0.5265149229,0.6463417268
1379,1.0,0.0,0.0,0.0,1.0,1.0,0.2555824972,0.1283330141,0.03713530302,0.01829051971,0.4847329407,0.5895522987,0.5291829803,0.6060600136
1380,1.0,0.0,0.0,0.0,1.0,1.0,0.2638217514,0.1023048655,0.03783804178,0.01436185837,0.4797687008,0.5401462154,0.5196848722,0.5576919884
1381,1.0,0.0,0.0,0.0,1.0,1.0,0.2748956815,0.1079397359,0.03945243359,0.01521736383,0.4813360455,0.5214276434,0.5159997548,0.537040011
1382,1.0,0.0,0.0,0.0,1.0,1.0,0.2819438084,0.1050997176,0.04231989384,0.01546859741,0.4824902952,0.4827593978,0.5119047137,0.490567201
1383,1.0,0.0,0.0,0.0,1.0,1.0,0.2889476141,0.1198517101,0.04200017452,0.01697266102,0.473267427,0.5068488291,0.5,0.5593213792
1384,1.0,0.0,0.0,0.0,1.0,1.0,0.2902225133,0.1038637526,0.04157656431,0.01459312439,0.4807693608,0.4834439365,0.5137257863,0.4716989609
1385,1.0,0.0,0.0,0.0,1.0,1.0,0.2944090316,0.09994389753,0.04117238522,0.01381438971,0.4903100273,0.4802637103,0.5215688338,0.4509787847
1386,1.0,0.0,0.0,0.0,1.0,1.0,0.3051133102,0.1066600737,0.04286205769,0.01483690739,0.4716244019,0.4807691773,0.5098813603,0.4259245868
1387,1.0,0.0,0.0,0.0,1.0,1.0,0.3070574091,0.1223803316,0.04263472557,0.01671946049,0.4819276578,0.4640524429,0.5183675642,0.4666673797
1388,1.0,0.0,0.0,0.0,1.0,1.0,0.3145652589,0.1092504019,0.04718929529,0.01612794399,0.4541832555,0.4620256282,0.4898785245,0.4444456764
1389,1.0,0.0,0.0,0.0,1.0,1.0,0.3125745168,0.09913459766,0.04396885633,0.01372271776,0.4541832623,0.4585989765,0.4939269407,0.4285732901
1390,1.0,0.0,0.0,0.0,1.0,1.0,0.3123254185,0.1126419232,0.04488557577,0.01592713594,0.4596772956,0.451612432,0.4959017534,0.4181832471
1391,1.0,0.0,0.0,0.0,1.0,1.0,0.3249211082,0.1166016443,0.04402941465,0.01560539007,0.4650205761,0.4620253936,0.5,0.4642858507
1392,1.0,0.0,0.0,0.0,1.0,1.0,0.3255913333,0.1087261273,0.04577708244,0.01506590843,0.4762885881,0.4683546611,0.5020920286,0.4807686221
1393,1.0,0.0,0.0,0.0,1.0,1.0,0.3249718932,0.1244116276,0.04661685228,0.01759123802,0.4805725041,0.446540792,0.5186723671,0.3833335592
1394,1.0,0.0,0.0,0.0,1.0,1.0,0.3304109983,0.1094429981,0.04465579987,0.01470035315,0.4948665456,0.4596276028,0.5330579704,0.4339600456
1395,1.0,0.0,0.0,0.0,1.0,1.0,0.327685831,0.1064980012,0.04602849483,0.01495927572,0.5102460434,0.4624995144,0.540983537,0.4615360096
1396,1.0,0.0,0.0,0.0,1.0,1.0,0.3256378785,0.1202647887,0.04559141397,0.01663082838,0.4897540102,0.4654090681,0.5186723154,0.4655166852
1397,1.0,0.0,0.0,0.0,1.0,1.0,0.3290848321,0.1146899992,0.04620689154,0.0159727335,0.4939025387,0.4567898527,0.5286885491,0.4285724948
1398,1.0,0.0,0.0,0.0,1.0,1.0,0.3231128285,0.1081031457,0.04775857925,0.01572179794,0.4718875798,0.4596271354,0.5102042406,0.4150958418
1399,1.0,0.0,0.0,0.0,1.0,1.0,0.3219546384,0.1075098685,0.04501283169,0.01491224766,0.4920949114,0.5030681021,0.5378484275,0.5925911122
1400,1.0,0.0,0.0,0.0,1.0,1.0,0.3147848905,0.10624012,0.04408174753,0.01487761736,0.492125898,0.506250262,0.5354330943,0.5370365177
1401,1.0,0.0,0.0,0.0,1.0,1.0,0.3142777025,0.1086347858,0.04420697689,0.01510173082,0.4921874975,0.5217387787,0.5296441569,0.5818167466
1402,1.0,0.0,0.0,0.0,1.0,1.0,0.3069152302,0.1055185443,0.04448801279,0.01511448622,0.4921258871,0.5128211312,0.5298801167,0.5849064788
1403,1.0,0.0,0.0,0.0,1.0,1.0,0.3172830253,0.112386975,0.04538673162,0.01588535309,0.4980159472,0.5062491546,0.5381529221,0.5535735727
1404,1.0,0.0,0.0,0.0,1.0,1.0,0.3199004933,0.1143938149,0.04499256611,0.01592904329,0.5029822346,0.5031052527,0.5461847183,0.5614062003
1405,1.0,0.0,0.0,0.0,1.0,1.0,0.3211778767,0.1059407976,0.04544323683,0.01495957375,0.5009979266,0.5031052805,0.5319998362,0.5471671049
1406,1.0,0.0,0.0,0.0,1.0,1.0,0.3174699896,0.1027091286,0.0439106226,0.01409471035,0.4882354361,0.4938278643,0.5335966611,0.5384615385
1407,1.0,0.0,0.0,0.0,1.0,1.0,0.322529183,0.1075097277,0.04388737679,0.0146291256,0.5079680882,0.4876546228,0.5418326274,0.5
1408,1.0,0.0,0.0,0.0,1.0,1.0,0.3147849835,0.1139362314,0.04461228848,0.01589310169,0.5000000526,0.5062500835,0.5400000171,0.6140330481
1409,1.0,0.0,0.0,0.0,1.0,1.0,0.3055495491,0.1066599464,0.04297560453,0.01497215033,0.5049310432,0.5290321507,0.5415020568,0.6296284501
1410,1.0,0.0,0.0,0.0,1.0,1.0,0.3105831441,0.1173435556,0.04337704182,0.01612740755,0.4860557964,0.4871795929,0.5222673592,0.4827606598
1411,1.0,0.0,0.0,0.0,1.0,1.0,0.31184139,0.1239462001,0.04668468237,0.01826786995,0.4941859626,0.5217398521,0.5314961108,0.5555559181
1412,1.0,0.0,0.0,0.0,1.0,1.0,0.3031572846,0.1090660862,0.04339742661,0.0153990984,0.4970645597,0.5032262584,0.5357145269,0.5818179707
1413,1.0,0.0,0.0,0.0,1.0,1.0,0.2869117157,0.114878375,0.04378956556,0.01739984751,0.5057033441,0.5562914899,0.5670498687,0.6333323057
1414,1.0,0.0,0.0,0.0,1.0,1.0,0.2764027862,0.1547643137,0.04163479805,0.02288532257,0.4798535277,0.6225168786,0.5522386796,0.6265053965
1415,1.0,0.0,0.0,0.0,1.0,1.0,0.286565622,0.1962541463,0.04347723722,0.02898484468,0.4849556653,0.5740738964,0.5672726935,0.6388887175
1416,1.0,0.0,0.0,0.0,1.0,1.0,0.3006870662,0.2191756999,0.0502396822,0.03568154573,0.4923076388,0.5624998517,0.6000001464,0.6480003742
1417,1.0,0.0,0.0,0.0,1.0,1.0,0.2969479568,0.2385426793,0.04622328281,0.03618621826,0.4957554138,0.5714289399,0.6027876029,0.627737587
1418,1.0,0.0,0.0,0.0,1.0,1.0,0.3013392961,0.2515836346,0.05032455921,0.04081881046,0.4840870926,0.5666665877,0.596551657,0.6369851612
1419,1.0,0.0,0.0,0.0,1.0,1.0,0.3089181537,0.2591771809,0.05076158047,0.04153221846,0.472727337,0.5561494438,0.5932202066,0.6339870407
1420,1.0,0.0,0.0,0.0,1.0,1.0,0.3076484489,0.2643575057,0.0506541729,0.0424399972,0.4758736707,0.572972903,0.5904436632,0.6258066781
1421,1.0,0.0,0.0,0.0,1.0,1.0,0.3172568724,0.275356689,0.05224758387,0.0438555479,0.4802632174,0.5647667212,0.59863941,0.6234563874
1422,1.0,0.0,0.0,0.0,1.0,1.0,0.3073939928,0.2591776492,0.05146414042,0.04210710526,0.4819078382,0.5614975244,0.6000000734,0.6339873167
1423,1.0,0.0,0.0,0.0,1.0,1.0,0.326082135,0.2836252376,0.05187797546,0.04357749224,0.4747145927,0.5599999081,0.5945946994,0.6130946275
1424,1.0,0.0,0.0,0.0,1.0,1.0,0.3182302451,0.2713264679,0.05042028427,0.0414917469,0.4792703719,0.5625005911,0.5945015655,0.6329117561
1425,1.0,0.0,0.0,0.0,1.0,1.0,0.3149153106,0.2686856121,0.05119538307,0.04230356216,0.4792703406,0.5684211262,0.5924654488,0.6305724946
1426,1.0,0.0,0.0,0.0,1.0,1.0,0.317703546,0.2721081291,0.05427002907,0.04494231939,0.4867548938,0.5624997254,0.6061643106,0.6289305006
1427,1.0,0.0,0.0,0.0,1.0,1.0,0.312637211,0.2643574698,0.0529319644,0.04364073277,0.492512452,0.5797876473,0.6109214943,0.6451616428
1428,1.0,0.0,0.0,0.0,1.0,1.0,0.2936589469,0.2309055702,0.0491591692,0.03742802143,0.4891486024,0.5681815426,0.6068963007,0.6567161089
1429,1.0,0.0,0.0,0.0,1.0,1.0,0.2955866527,0.2473368677,0.0506131053,0.04110568762,0.4934640187,0.5801103931,0.6060604865,0.6530605143
1430,1.0,0.0,0.0,0.0,1.0,1.0,0.3042490673,0.2573812928,0.05190819502,0.0429777503,0.4909984287,0.5860209559,0.6153846154,0.6493501811
1431,1.0,0.0,0.0,0.0,1.0,1.0,0.3203556576,0.2728854091,0.05428540707,0.04523783922,0.4874792426,0.5781250343,0.6075086858,0.637499753
1432,1.0,0.0,0.0,0.0,1.0,1.0,0.3030677355,0.2516076676,0.0496840477,0.04019379616,0.4804089538,0.5674156629,0.6048952941,0.6388883946
1433,1.0,0.0,0.0,0.0,1.0,1.0,0.2707580668,0.1514303152,0.04189509153,0.02249395847,0.4709092235,0.6308731325,0.5416667503,0.6375011262
1434,1.0,0.0,0.0,0.0,1.0,1.0,0.2776228304,0.1259137907,0.04111164808,0.01814579964,0.4980843317,0.5793104348,0.5511811708,0.6406239735
1435,1.0,0.0,0.0,0.0,1.0,1.0,0.2786904068,0.1141095647,0.04014801979,0.01605921984,0.4865383338,0.5379320993,0.5196851694,0.5862063846
1436,1.0,0.0,0.0,0.0,1.0,1.0,0.3064695435,0.1194552749,0.04347395897,0.01661425829,0.4863280407,0.4777068492,0.5219123404,0.5166660089
1437,1.0,0.0,0.0,0.0,1.0,1.0,0.2888558479,0.1058233099,0.04235833883,0.0152490139,0.5009633203,0.5000007036,0.5294118864,0.5370393533
1438,1.0,0.0,0.0,0.0,1.0,1.0,0.2990456368,0.1099387456,0.04295164347,0.01554173231,0.4783463846,0.4671062948,0.5120000101,0.472726436
1439,1.0,0.0,0.0,0.0,1.0,1.0,0.3054388572,0.1101746203,0.04393285513,0.0155711174,0.4951644197,0.4746829003,0.531495965,0.4642857143
1440,1.0,0.0,0.0,0.0,1.0,1.0,0.3088823345,0.1110488644,0.04607599974,0.0164347291,0.4901573667,0.4713379998,0.5238095622,0.4642855848
1441,1.0,0.0,0.0,0.0,1.0,1.0,0.3085658091,0.11456069,0.04484808445,0.01635968685,0.493203913,0.4716982135,0.5296442011,0.4655153569
1442,1.0,0.0,0.0,0.0,1.0,1.0,0.3078203149,0.1130322048,0.04258060455,0.01536136866,0.5087719336,0.4683545544,0.543650691,0.473682781
1443,1.0,0.0,0.0,0.0,1.0,1.0,0.3090251392,0.1106102904,0.04315042496,0.01529383659,0.4970645143,0.4936707812,0.5375493373,0.5535722637
1444,1.0,0.0,0.0,0.0,1.0,1.0,0.302919804,0.1165354958,0.04548186064,0.01709187031,0.4691119628,0.4840765917,0.5177862994,0.4915258375
1445,1.0,0.0,0.0,0.0,1.0,1.0,0.3032654949,0.1171221496,0.04530459642,0.01709610224,0.4694656272,0.4779873304,0.5117187484,0.5166669572
1446,1.0,0.0,0.0,0.0,1.0,1.0,0.3142185667,0.1114763559,0.04725325108,0.01651018858,0.4772727228,0.5060243851,0.538461848,0.5689633387
1447,1.0,0.0,0.0,0.0,1.0,1.0,0.3004106143,0.1249301347,0.0445548892,0.01827889681,0.4990367359,0.5320512049,0.5624998982,0.5937509171
1448,1.0,0.0,0.0,0.0,1.0,1.0,0.2941752987,0.120161917,0.04416304827,0.01783508062,0.4811320699,0.5512819648,0.5381679527,0.603172216
1449,1.0,0.0,0.0,0.0,1.0,1.0,0.2952897292,0.1201619418,0.04395478964,0.01775097847,0.4924242409,0.5641022512,0.5572517513,0.6349206882
1450,1.0,0.0,0.0,0.0,1.0,1.0,0.2874336434,0.1201622848,0.04176652431,0.01719802618,0.4642857363,0.6078438648,0.5305343845,0.6190479491
1451,1.0,0.0,0.0,0.0,1.0,1.0,0.2903903325,0.1731884162,0.04528421164,0.02667045593,0.4884135196,0.5889570552,0.5776175213,0.65625
1452,1.0,0.0,0.0,0.0,1.0,1.0,0.2939534689,0.2042655343,0.04688590765,0.03182560205,0.5044562567,0.5636365948,0.6021897685,0.6517862327
1453,1.0,0.0,0.0,0.0,1.0,1.0,0.3036499117,0.237456147,0.04756629467,0.03642219305,0.5104165983,0.5542861797,0.6099293068,0.6417914356
1454,1.0,0.0,0.0,0.0,1.0,1.0,0.3101715921,0.2542752493,0.04908561707,0.03926855326,0.5051725083,0.5444445794,0.6183746565,0.645833365
1455,1.0,0.0,0.0,0.0,1.0,1.0,0.314354479,0.2586584986,0.05145388842,0.04110717773,0.5059828651,0.554347335,0.6232393746,0.639456315
1456,1.0,0.0,0.0,0.0,1.0,1.0,0.316688657,0.2672120768,0.04976826906,0.04120600224,0.4957410162,0.5698926792,0.6145832931,0.6363633734
1457,1.0,0.0,0.0,0.0,1.0,1.0,0.3098271121,0.2550301519,0.05037987232,0.04008722305,0.5016666925,0.5752690971,0.6137932394,0.648648729
1458,1.0,0.0,0.0,0.0,1.0,1.0,0.3146390762,0.2662875071,0.0518476963,0.04269814491,0.4983165909,0.5721932265,0.6159168971,0.649350323
1459,1.0,0.0,0.0,0.0,1.0,1.0,0.3077751477,0.2574834629,0.05059254169,0.04134446383,0.488410596,0.5860224175,0.6101694915,0.6513158748
1460,1.0,0.0,0.0,0.0,1.0,1.0,0.3127393832,0.2591775929,0.05139893293,0.04160869122,0.495033088,0.5767193804,0.6203390837,0.653594584
1461,1.0,0.0,0.0,0.0,1.0,1.0,0.3180804557,0.2705383671,0.05149400234,0.04255026579,0.4840871133,0.5631581872,0.6068965256,0.6433115041
1462,1.0,0.0,0.0,0.0,1.0,1.0,0.319426239,0.2685574638,0.05357909203,0.04363656044,0.4645799022,0.5721653384,0.5816325183,0.6392405409
1463,1.0,0.0,0.0,0.0,1.0,1.0,0.311384011,0.2602714219,0.05041509867,0.04065734148,0.4589614225,0.5698932994,0.5798611946,0.6533321996
1464,1.0,0.0,0.0,0.0,1.0,1.0,0.3187590797,0.2670924942,0.05157423019,0.0416354537,0.4551494998,0.5677081889,0.579310213,0.6580647563
1465,1.0,0.0,0.0,0.0,1.0,1.0,0.3142059334,0.2559124042,0.05132186413,0.04040229321,0.4581940269,0.5691490968,0.5709343148,0.6554058639
1466,1.0,0.0,0.0,0.0,1.0,1.0,0.3208910355,0.269745615,0.05379360914,0.04370731115,0.4498327646,0.5624997922,0.5709342751,0.6538463112
1467,1.0,0.0,0.0,0.0,1.0,1.0,0.3192197291,0.273203701,0.05300050974,0.04384332895,0.453177255,0.5706808697,0.5674738698,0.6582278481
1468,1.0,0.0,0.0,0.0,1.0,1.0,0.3219679508,0.272417526,0.05251580477,0.04294264317,0.4580536205,0.5729165366,0.5729166785,0.649681175
1469,1.0,0.0,0.0,0.0,1.0,1.0,0.3247766919,0.276661787,0.05084973574,0.04193788767,0.4656616213,0.5721653654,0.5847747368,0.6375005152
1470,1.0,0.0,0.0,0.0,1.0,1.0,0.3175485267,0.2611002133,0.05180078745,0.04116803408,0.4648828686,0.5736848343,0.5743943852,0.635761599
1471,1.0,0.0,0.0,0.0,1.0,1.0,0.316236291,0.2604178227,0.05160158873,0.04083973169,0.4636209786,0.5775396746,0.5809861243,0.6486484514
1472,1.0,0.0,0.0,0.0,1.0,1.0,0.2989478268,0.1851486933,0.04680782557,0.02852791548,0.4637167852,0.6153851052,0.5683452403,0.6407769019
1473,1.0,0.0,0.0,0.0,1.0,1.0,0.2824112367,0.1634774832,0.04183185101,0.02390390635,0.4825688557,0.6428567358,0.5613381445,0.636363863
1474,1.0,0.0,0.0,0.0,1.0,1.0,0.3080987015,0.1525867002,0.04522621632,0.02206158638,0.4699248269,0.5853657894,0.5267174723,0.6999989193
1475,1.0,0.0,0.0,0.0,1.0,1.0,0.311021967,0.1444060811,0.04623627663,0.02142655849,0.510436382,0.5853650047,0.566539927,0.736843423
1476,1.0,0.0,0.0,0.0,1.0,1.0,0.313513155,0.1419663774,0.04563730955,0.02074426413,0.5038023861,0.5575752906,0.5492422404,0.6666676244
1477,1.0,0.0,0.0,0.0,1.0,1.0,0.3143877776,0.1399999058,0.0438401103,0.01948451996,0.5067961194,0.5308647682,0.5447471984,0.625
1478,1.0,0.0,0.0,0.0,1.0,1.0,0.311364327,0.1322215533,0.04378640652,0.01837944984,0.4942307994,0.524691879,0.5330738265,0.6029427026
1479,1.0,0.0,0.0,0.0,1.0,1.0,0.3186338061,0.1422129735,0.04377561808,0.01957666874,0.4930694079,0.5031051165,0.5296444091,0.5972226451
1480,1.0,0.0,0.0,0.0,1.0,1.0,0.3331471924,0.1613275446,0.04794281721,0.02312541008,0.5137254691,0.4823527657,0.5511810991,0.4878060725
1481,1.0,0.0,0.0,0.0,1.0,1.0,0.3552229947,0.1685804006,0.04949706793,0.0234901309,0.5341364912,0.4576270166,0.554216852,0.4047612402
1482,1.0,0.0,0.0,0.0,1.0,1.0,0.3547715565,0.1584479579,0.04873722792,0.02172285318,0.5314401337,0.4514287461,0.5487801061,0.4102576767
1483,1.0,0.0,0.0,0.0,1.0,1.0,0.3473669677,0.1618528677,0.04727488756,0.02211689949,0.5467478622,0.473683746,0.5668017113,0.4250013475
1484,1.0,0.0,0.0,0.0,1.0,1.0,0.3453357858,0.1665733759,0.04927611351,0.02376842499,0.5345528041,0.4411768975,0.5528457594,0.3780493921
1485,1.0,0.0,0.0,0.0,1.0,1.0,0.3454105017,0.1679392774,0.04822766781,0.02340042591,0.5419223135,0.4497037544,0.5532785448,0.414634457
1486,1.0,0.0,0.0,0.0,1.0,1.0,0.3461177862,0.1604040796,0.04874479771,0.02249759436,0.5286884409,0.4319529666,0.5432100025,0.4102562744
1487,1.0,0.0,0.0,0.0,1.0,1.0,0.3222019987,0.1466120488,0.04584300518,0.02073150873,0.5195071443,0.4394904293,0.5330579679,0.3943654278
1488,1.0,0.0,0.0,0.0,1.0,1.0,0.3290088166,0.1472206992,0.04591286182,0.02050197124,0.5320911092,0.4339625336,0.5477181318,0.3661989848
1489,1.0,0.0,0.0,0.0,1.0,1.0,0.3180973379,0.1569371853,0.04440695047,0.02177375555,0.5277207191,0.4387101104,0.537189898,0.3947353293
1490,1.0,0.0,0.0,0.0,1.0,1.0,0.3317817454,0.1523535378,0.04682052135,0.02167612314,0.5143443216,0.444444303,0.5365853352,0.3866663
1491,1.0,0.0,0.0,0.0,1.0,1.0,0.3255440076,0.1555148827,0.04515230656,0.02156960964,0.5207468608,0.4585983393,0.5352697309,0.4266658929
1492,1.0,0.0,0.0,0.0,1.0,1.0,0.339472956,0.1547256019,0.04650628567,0.02137559652,0.5527426858,0.465838979,0.5690374493,0.4459474155
1493,1.0,0.0,0.0,0.0,1.0,1.0,0.3118095863,0.1513679232,0.04449218512,0.02150946856,0.524793385,0.4635765049,0.531120546,0.4109579931
1494,1.0,0.0,0.0,0.0,1.0,1.0,0.3331471187,0.1528074006,0.04757726192,0.02159953117,0.5051126251,0.4417173841,0.5247933571,0.4054059275
1495,1.0,0.0,0.0,0.0,1.0,1.0,0.3239839724,0.1303617677,0.04560983181,0.01824390888,0.5009824339,0.5030305565,0.5415020722,0.5606046746
1496,1.0,0.0,0.0,0.0,1.0,1.0,0.3167108397,0.1244515431,0.04802727699,0.0186932683,0.4705881659,0.5269458551,0.5287356276,0.615386087
1497,1.0,0.0,0.0,0.0,1.0,1.0,0.3137346398,0.1254052838,0.04588526487,0.01813429594,0.4736841784,0.5269469634,0.5323192412,0.5757568785
1498,1.0,0.0,0.0,0.0,1.0,1.0,0.3040970635,0.1403712669,0.04502141476,0.02058911324,0.4730983541,0.5731702796,0.5468163622,0.6266660491
1499,1.0,0.0,0.0,0.0,1.0,1.0,0.3048205908,0.1441141812,0.04590809345,0.02142375708,0.4842884083,0.5939393153,0.5505617122,0.675322941
1500,1.0,0.0,0.0,0.0,1.0,1.0,0.3093509347,0.137982766,0.04643690586,0.0203333497,0.4652014347,0.573963973,0.5373135958,0.6891893873
1501,1.0,0.0,0.0,0.0,1.0,1.0,0.3124397777,0.1462147141,0.04822134972,0.02227771282,0.4862889058,0.5789473684,0.5555555121,0.6962018204
1502,1.0,0.0,0.0,0.0,1.0,1.0,0.3148425523,0.1547646595,0.04584944248,0.02212506533,0.4780218307,0.5348844163,0.5485075638,0.6385531133
1503,1.0,0.0,0.0,0.0,1.0,1.0,0.3238933849,0.1390199348,0.0475435853,0.02010411024,0.4777777552,0.5199993982,0.5375940872,0.6216204998
1504,1.0,0.0,0.0,0.0,1.0,1.0,0.3250522591,0.1489732059,0.04780715704,0.02170550823,0.4822430592,0.5287362341,0.5396225659,0.6202527474
1505,1.0,0.0,0.0,0.0,1.0,1.0,0.3331474777,0.1452018424,0.04943209887,0.02138352394,0.4943819503,0.5280894406,0.5433959057,0.597403249
1506,1.0,0.0,0.0,0.0,1.0,1.0,0.3293831562,0.1527448164,0.04987865686,0.02308666706,0.4952918765,0.5314289129,0.5509433322,0.5925928795
1507,1.0,0.0,0.0,0.0,1.0,1.0,0.3122101874,0.1566290098,0.04582363367,0.02277624607,0.4935304022,0.5443793063,0.5559702303,0.5952365998
1508,1.0,0.0,0.0,0.0,1.0,1.0,0.315613052,0.1331373098,0.04803442955,0.02015239,0.4809436857,0.5689652605,0.5437955874,0.6849314258
1509,1.0,0.0,0.0,0.0,1.0,1.0,0.3115377701,0.1435564135,0.04808032513,0.02195578814,0.4846847494,0.5722552668,0.5600000624,0.67088721
1510,1.0,0.0,0.0,0.0,1.0,1.0,0.2899282431,0.1617281413,0.0442057848,0.02443677187,0.4774774933,0.6335400796,0.5563634886,0.6629209646
1511,1.0,0.0,0.0,0.0,1.0,1.0,0.2840331763,0.1665738596,0.04409462214,0.02535444498,0.4582594648,0.6499996621,0.543478363,0.6630447815
1512,1.0,0.0,0.0,0.0,1.0,1.0,0.2865782674,0.1720650807,0.04426062107,0.02600312233,0.4623655935,0.6500006733,0.5567764282,0.6702127172
1513,1.0,0.0,0.0,0.0,1.0,1.0,0.2886475417,0.1739771647,0.04358875751,0.02560842037,0.4548736345,0.6500004102,0.5481480522,0.6702130631
1514,1.0,0.0,0.0,0.0,1.0,1.0,0.2937426303,0.1757258435,0.04551368952,0.02664214373,0.4551970582,0.6341467248,0.5494504501,0.6562493708
1515,1.0,0.0,0.0,0.0,1.0,1.0,0.2934302258,0.1830479306,0.04562985897,0.02765446901,0.4430605067,0.6363635176,0.5421247155,0.6400008621
1516,1.0,0.0,0.0,0.0,1.0,1.0,0.2944784405,0.1903699263,0.04576522112,0.02884596586,0.4571429037,0.6121217015,0.5531134278,0.6346147886
1517,1.0,0.0,0.0,0.0,1.0,1.0,0.293122557,0.1864899575,0.04434448481,0.02751493454,0.4487632328,0.6144571674,0.5471014156,0.6310677088
1518,1.0,0.0,0.0,0.0,1.0,1.0,0.2994782569,0.1995225696,0.04699385166,0.03030967712,0.4468085147,0.6094674706,0.5494502174,0.6330273425
1519,1.0,0.0,0.0,0.0,1.0,1.0,0.304407759,0.1966411678,0.04601985216,0.02899515629,0.4559860351,0.6127162165,0.5559568217,0.6422013822
1520,1.0,0.0,0.0,0.0,1.0,1.0,0.3050925054,0.1995288688,0.04810172319,0.03068560362,0.4561403509,0.6091958866,0.5575536989,0.6486493311
1521,1.0,0.0,0.0,0.0,1.0,1.0,0.3045582602,0.1970228922,0.04915320873,0.03107392788,0.453590268,0.6149427517,0.5555554716,0.6363636364
1522,1.0,0.0,0.0,0.0,1.0,1.0,0.302115879,0.1923388562,0.04669326544,0.02904760838,0.446397082,0.6162796487,0.5395684731,0.6168224107
1523,1.0,0.0,0.0,0.0,1.0,1.0,0.2818464455,0.1408987268,0.04090684652,0.02018427849,0.4916511107,0.6184207267,0.5676691354,0.6666656823
1524,1.0,0.0,0.0,0.0,1.0,1.0,0.3032657731,0.1359395617,0.04279577732,0.01911008358,0.5057252452,0.5660381563,0.5632184639,0.6478849957
1525,1.0,0.0,0.0,0.0,1.0,1.0,0.2969769028,0.1306963242,0.04207706451,0.01834130287,0.5009523789,0.5641021282,0.5538462519,0.6323525589
1526,1.0,0.0,0.0,0.0,1.0,1.0,0.2946333813,0.1327386309,0.04318028688,0.01919126511,0.4836224071,0.5751630559,0.5429686775,0.6911757398
1527,1.0,0.0,0.0,0.0,1.0,1.0,0.2984847582,0.1254200839,0.04174101353,0.01723498106,0.4894027059,0.5419350048,0.5450979661,0.6093755944
1528,1.0,0.0,0.0,0.0,1.0,1.0,0.3066248483,0.1366423973,0.04393845797,0.01946640015,0.4854368639,0.6139236128,0.5468750131,0.6857148981
1529,1.0,0.0,0.0,0.0,1.0,1.0,0.2981448755,0.1665735483,0.04646039009,0.02571392059,0.455909967,0.6226413642,0.5378789488,0.6136372065
1530,1.0,0.0,0.0,0.0,1.0,1.0,0.323893244,0.2051094034,0.04859316349,0.03054428101,0.4685185511,0.6114285294,0.5634328672,0.6727277695
1531,1.0,0.0,0.0,0.0,1.0,1.0,0.3220426637,0.2152354576,0.04801046848,0.03173100948,0.4685185766,0.6091954879,0.5655430333,0.6695663445
1532,1.0,0.0,0.0,0.0,1.0,1.0,0.3160943013,0.215235662,0.04775619507,0.03174543381,0.4643509894,0.6127161714,0.5655432195,0.6782613594
1533,1.0,0.0,0.0,0.0,1.0,1.0,0.3191651061,0.2245935659,0.04964387417,0.03404146433,0.4689781649,0.6057143475,0.5543072914,0.6499988619
1534,1.0,0.0,0.0,0.0,1.0,1.0,0.3081132838,0.1912994081,0.04571539164,0.02800065279,0.4701349131,0.5999997392,0.5468749173,0.6326523661
1535,1.0,0.0,0.0,0.0,1.0,1.0,0.3324586435,0.149294624,0.04730170965,0.02115362883,0.4876031967,0.5341618038,0.5394191081,0.4722216743
1536,1.0,0.0,0.0,0.0,1.0,1.0,0.3338425507,0.1548722929,0.04635155201,0.02172732353,0.4947807185,0.549999357,0.5537188783,0.5200014265
1537,1.0,0.0,0.0,0.0,1.0,1.0,0.301228694,0.1873952085,0.04343903065,0.02675384283,0.4590817825,0.609272132,0.5403226076,0.5806440833
1538,1.0,0.0,0.0,0.0,1.0,1.0,0.3223389495,0.2315311212,0.04851710796,0.03445005417,0.4828244288,0.5562125452,0.5791506781,0.6166657439
1539,1.0,0.0,0.0,0.0,1.0,1.0,0.3224613691,0.2403237501,0.04952210188,0.03648996353,0.494339753,0.5555550206,0.5801526028,0.6111123816
1540,1.0,0.0,0.0,0.0,1.0,1.0,0.3325175473,0.2565617087,0.05053782463,0.03847765923,0.4858222454,0.5625002949,0.5785439745,0.6119405528
1541,1.0,0.0,0.0,0.0,1.0,1.0,0.3344068617,0.2527324316,0.05095094442,0.03799730539,0.4839319892,0.5536718471,0.5823753453,0.5984856209
1542,1.0,0.0,0.0,0.0,1.0,1.0,0.3331476661,0.2631106641,0.05015963316,0.03939086199,0.480226039,0.5593216714,0.579545441,0.5899278072
1543,1.0,0.0,0.0,0.0,1.0,1.0,0.3381292779,0.2650032912,0.05159288645,0.03990602493,0.4803738745,0.5524864687,0.5833332344,0.5642856289
1544,1.0,0.0,0.0,0.0,1.0,1.0,0.3269549766,0.2583465731,0.05005407333,0.03896260262,0.4423791923,0.5511367425,0.5433963308,0.5912413337
1545,1.0,0.0,0.0,0.0,1.0,1.0,0.3288128205,0.2583462907,0.05051422119,0.03909856081,0.4368029785,0.5593223739,0.547170012,0.5912403863
1546,1.0,0.0,0.0,0.0,1.0,1.0,0.3387938116,0.2687895166,0.05318129063,0.04195415974,0.4519772756,0.5611117711,0.5530303233,0.5985915093
1547,1.0,0.0,0.0,0.0,1.0,1.0,0.3156130083,0.248903133,0.04794114828,0.03709733486,0.4398495861,0.5476185444,0.5440612414,0.5692299041
1548,1.0,0.0,0.0,0.0,1.0,1.0,0.3098459512,0.2261096185,0.04658132792,0.0337998867,0.4555765918,0.5487808779,0.5513306969,0.5798316957
1549,1.0,0.0,0.0,0.0,1.0,1.0,0.3180039854,0.2375099565,0.04818058014,0.03584867716,0.4734848988,0.547618812,0.5665399164,0.5759999734
1550,1.0,0.0,0.0,0.0,1.0,1.0,0.3268495521,0.2470106073,0.04956561327,0.03724586964,0.4763704883,0.5491339906,0.5817490705,0.5846159755
1551,1.0,0.0,0.0,0.0,1.0,1.0,0.3312435041,0.2527323829,0.05445772409,0.04131275415,0.4800000616,0.5517239115,0.5747127233,0.5757574883
1552,1.0,0.0,0.0,0.0,1.0,1.0,0.3267773375,0.2489032759,0.0492529273,0.03744375706,0.4837476296,0.5497085294,0.5747127439,0.5846160948
1553,1.0,0.0,0.0,0.0,1.0,1.0,0.3198973421,0.238416225,0.04785329103,0.03539437056,0.4753788383,0.5562132167,0.564885441,0.5839995015
1554,1.0,0.0,0.0,0.0,1.0,1.0,0.3211133977,0.2450739331,0.05099248886,0.03862154484,0.4714829122,0.5562131215,0.5708813913,0.5859386816
1555,1.0,0.0,0.0,0.0,1.0,1.0,0.3261136156,0.2469662526,0.04872876406,0.03668987751,0.4644914005,0.5529415938,0.5637064878,0.5859372208
1556,1.0,0.0,0.0,0.0,1.0,1.0,0.3248664819,0.2469885599,0.04939484596,0.03748196363,0.4684513178,0.5588240973,0.5747126617,0.5891486428
1557,1.0,0.0,0.0,0.0,1.0,1.0,0.3337904018,0.2527543782,0.0502898097,0.03808069229,0.4787645147,0.5491328315,0.575289502,0.5725197531
1558,1.0,0.0,0.0,0.0,1.0,1.0,0.3344285206,0.2556264393,0.05046224594,0.03857171535,0.4846153345,0.5459771608,0.5846152327,0.5789475311
1559,1.0,0.0,0.0,0.0,1.0,1.0,0.3389581411,0.2508250903,0.05139970779,0.03818261623,0.4554264585,0.5542857607,0.5675677369,0.5692306251
1560,1.0,0.0,0.0,0.0,1.0,1.0,0.3312103577,0.2460163365,0.04982203245,0.03729367256,0.463178294,0.5555555556,0.5615382922,0.578124101
1561,1.0,0.0,0.0,0.0,1.0,1.0,0.3516198463,0.272748412,0.05298554897,0.04117900133,0.4646270909,0.5543472636,0.5725190388,0.5734256422
1562,1.0,0.0,0.0,0.0,1.0,1.0,0.3446354514,0.2622109345,0.05372238159,0.04118710756,0.4521072841,0.5611109139,0.5627377811,0.5724632962
1563,1.0,0.0,0.0,0.0,1.0,1.0,0.3433197645,0.2746558566,0.05696159601,0.04556930065,0.4561068366,0.5611113611,0.5648855538,0.5902781593
1564,1.0,0.0,0.0,0.0,1.0,1.0,0.3375727258,0.2555391725,0.05476731062,0.04153698683,0.4573054136,0.5505619567,0.564394038,0.5851852915
1565,1.0,0.0,0.0,0.0,1.0,1.0,0.3369115651,0.2479815238,0.05094408989,0.03756767511,0.4613936282,0.5474868375,0.5676689703,0.6060598368
1566,1.0,0.0,0.0,0.0,1.0,1.0,0.3331472568,0.2405376327,0.04991585016,0.03637939692,0.4538606212,0.5593224184,0.5597015867,0.6046514676
1567,1.0,0.0,0.0,0.0,1.0,1.0,0.3331471368,0.2442663784,0.05072796345,0.03733348846,0.4662920425,0.5617972115,0.5746268744,0.6183200501
1568,1.0,0.0,0.0,0.0,1.0,1.0,0.336278401,0.2591836425,0.05251127481,0.0407769084,0.4586466366,0.5642462539,0.5634328839,0.6043167676
1569,1.0,0.0,0.0,0.0,1.0,1.0,0.3469760221,0.2753181747,0.05372095108,0.04262644053,0.4566037917,0.5652177772,0.5698113338,0.5890403872
1570,1.0,0.0,0.0,0.0,1.0,1.0,0.3453668366,0.2652367897,0.05157798529,0.03976410627,0.4652510379,0.5586587853,0.5653845298,0.5869566847
1571,1.0,0.0,0.0,0.0,1.0,1.0,0.3421689612,0.2681899373,0.05275183916,0.04142653942,0.4545454545,0.5536722525,0.5559845172,0.5827340717
1572,1.0,0.0,0.0,0.0,1.0,1.0,0.3247703844,0.2411779487,0.0513625145,0.03821611404,0.4448743146,0.5714292346,0.5598457298,0.6
1573,1.0,0.0,0.0,0.0,1.0,1.0,0.3395417163,0.2651193985,0.05175602436,0.04064458609,0.4548943084,0.5649712895,0.5610685598,0.5899284796
1574,1.0,0.0,0.0,0.0,1.0,1.0,0.3275640573,0.2536176395,0.05268341303,0.04041051865,0.4581005286,0.556818169,0.5714286249,0.5925932481
1575,1.0,0.0,0.0,0.0,1.0,1.0,0.3306566581,0.2545393704,0.05104112625,0.03921800852,0.4523364919,0.5593218953,0.569288262,0.6029417799
1576,1.0,0.0,0.0,0.0,1.0,1.0,0.3275325204,0.2517392577,0.05186384916,0.03971290588,0.451310728,0.5714288998,0.5639098114,0.6119407689
1577,1.0,0.0,0.0,0.0,1.0,1.0,0.3467453249,0.2683688418,0.05443876982,0.04221189022,0.4601114042,0.5614974199,0.5777779209,0.5862061175
1578,1.0,0.0,0.0,0.0,1.0,1.0,0.341137765,0.2683686595,0.05376952887,0.04214370251,0.4557195502,0.5513516749,0.5666666793,0.579310774
1579,1.0,0.0,0.0,0.0,1.0,1.0,0.3409649508,0.2772177698,0.05283284187,0.04248994589,0.4693139892,0.5555558063,0.5802917451,0.5855262512
1580,1.0,0.0,0.0,0.0,1.0,1.0,0.3379665888,0.2800633654,0.05343639851,0.0437207222,0.4647378934,0.5561497088,0.5860803721,0.5947714557
1581,1.0,0.0,0.0,0.0,1.0,1.0,0.3349479039,0.2633906618,0.05527234077,0.0433858037,0.4630631763,0.564516303,0.5776174043,0.5958911543
1582,1.0,0.0,0.0,0.0,1.0,1.0,0.3360955166,0.2730615522,0.05898493528,0.04749834538,0.4619468756,0.5631581553,0.5750000086,0.594770922
1583,1.0,0.0,0.0,0.0,1.0,1.0,0.3367104226,0.2730617314,0.05798727274,0.04694205523,0.4616755312,0.5502644252,0.5642856945,0.5816988485
1584,1.0,0.0,0.0,0.0,1.0,1.0,0.3307758906,0.2686670752,0.05602002144,0.04517745972,0.4608540568,0.5537633265,0.5734767686,0.5799997889
1585,1.0,0.0,0.0,0.0,1.0,1.0,0.3523213067,0.2918077654,0.05737549067,0.04683709145,0.460431606,0.545917779,0.5766422626,0.5812500954
1586,1.0,0.0,0.0,0.0,1.0,1.0,0.3452616671,0.276402184,0.05327099562,0.04233640432,0.4600000502,0.5578944188,0.5787546614,0.5894040015
1587,1.0,0.0,0.0,0.0,1.0,1.0,0.3415814374,0.2782328254,0.05663722754,0.04554951191,0.4629295448,0.55026494,0.5824177465,0.5789472307
1588,1.0,0.0,0.0,0.0,1.0,1.0,0.3247739719,0.2571556704,0.0555446744,0.04326957464,0.4524236286,0.56906056,0.5729927796,0.5886522771
1589,1.0,0.0,0.0,0.0,1.0,1.0,0.3331473875,0.2679663262,0.05247831345,0.04175692797,0.4587813637,0.5483871701,0.5760871519,0.5608102032
1590,1.0,0.0,0.0,0.0,1.0,1.0,0.3319512351,0.2617585333,0.05464816093,0.04224151373,0.4667863753,0.5513511568,0.5860806416,0.5664340795
1591,1.0,0.0,0.0,0.0,1.0,1.0,0.3428740013,0.2755813394,0.05780780315,0.04612326622,0.4689780914,0.563830226,0.5845588694,0.5866661498
1592,1.0,0.0,0.0,0.0,1.0,1.0,0.3374263778,0.2692227067,0.05354344845,0.04248559475,0.4752293182,0.5489129588,0.5940961291,0.5821911082
1593,1.0,0.0,0.0,0.0,1.0,1.0,0.358915433,0.2882282469,0.0549274683,0.04337859154,0.4806629651,0.5538463208,0.5955057159,0.571428964
1594,1.0,0.0,0.0,0.0,1.0,1.0,0.3392936588,0.2724045126,0.05226403475,0.04118639231,0.4778597388,0.5543476897,0.5939850424,0.5655180298
1595,1.0,0.0,0.0,0.0,1.0,1.0,0.3418166455,0.2647777647,0.05212879181,0.04022985697,0.4851301184,0.5543474781,0.600746538,0.5774648305
1596,1.0,0.0,0.0,0.0,1.0,1.0,0.3468980913,0.2638975484,0.05210089684,0.03970932961,0.4859287996,0.551351778,0.5955056625,0.5602841138
1597,1.0,0.0,0.0,0.0,1.0,1.0,0.3541622701,0.2805123568,0.05599081516,0.04426497221,0.4860854252,0.5549740784,0.6022303709,0.5695361028
1598,1.0,0.0,0.0,0.0,1.0,1.0,0.3528531712,0.2802863421,0.05522596836,0.04394942522,0.4805915389,0.5602090794,0.5940960939,0.5723680374
1599,1.0,0.0,0.0,0.0,1.0,1.0,0.3597988358,0.2831752009,0.05742752552,0.04437583685,0.490909186,0.550504736,0.6111113013,0.5686276617
1600,1.0,0.0,0.0,0.0,1.0,1.0,0.3522019512,0.2757719166,0.05484414101,0.04278415442,0.4667897283,0.5602098395,0.585185134,0.5637594926
1601,1.0,0.0,0.0,0.0,1.0,1.0,0.3540458119,0.2761616281,0.05515670776,0.04222935438,0.450184426,0.5416673871,0.5714287385,0.544218628
1602,1.0,0.0,0.0,0.0,1.0,1.0,0.3561646766,0.2839742893,0.05706274509,0.04483503103,0.4527272749,0.5510208345,0.5756458637,0.5454535786
1603,1.0,0.0,0.0,0.0,1.0,1.0,0.3543475732,0.2729103949,0.06009441614,0.04561012983,0.4581817517,0.5435893265,0.5830258737,0.5540537185
1604,1.0,0.0,0.0,0.0,1.0,1.0,0.3476320732,0.2702195112,0.0586001873,0.04456055164,0.4528985251,0.5468749364,0.570370199,0.5547938609
1605,1.0,0.0,0.0,0.0,1.0,1.0,0.3463770406,0.2821302065,0.055560112,0.04427444935,0.4548735701,0.5520831545,0.575645863,0.5555558547
1606,1.0,0.0,0.0,0.0,1.0,1.0,0.3542326634,0.2802859305,0.0570063591,0.04420894384,0.4520795439,0.5459186874,0.5682658054,0.5460528001
1607,1.0,0.0,0.0,0.0,1.0,1.0,0.3549931304,0.273744047,0.05511540174,0.04211378098,0.4735883346,0.5435895328,0.5955883379,0.5436245315
1608,1.0,0.0,0.0,0.0,1.0,1.0,0.3645876819,0.2845126849,0.05756062269,0.04467391968,0.4700544848,0.5472633004,0.5912407762,0.5320518636
1609,1.0,0.0,0.0,0.0,1.0,1.0,0.3531728375,0.2784424276,0.05619162321,0.04373675585,0.4754098084,0.5515460801,0.59040582,0.5496694518
1610,1.0,0.0,0.0,0.0,1.0,1.0,0.3510054423,0.271384197,0.05265152454,0.040181458,0.4768946199,0.5473687547,0.6067416409,0.5448272077
1611,1.0,0.0,0.0,0.0,1.0,1.0,0.3449566588,0.2650036362,0.0528100729,0.03996437788,0.4757463239,0.5459455128,0.6022726195,0.5428573985
1612,1.0,0.0,0.0,0.0,1.0,1.0,0.3448262808,0.2769987958,0.05266439915,0.04168087244,0.4741697968,0.5614976651,0.5880147513,0.5608110524
1613,1.0,0.0,0.0,0.0,1.0,1.0,0.3511050043,0.2742829777,0.05338382721,0.04123830795,0.4628254005,0.5608464191,0.5939849654,0.5684932299
1614,1.0,0.0,0.0,0.0,1.0,1.0,0.3543473759,0.273744358,0.05496871471,0.04200178385,0.4654546447,0.5589738696,0.595588301,0.5906044364
1615,1.0,0.0,0.0,0.0,1.0,1.0,0.3482627766,0.271066493,0.05412179232,0.04143702984,0.480943817,0.5625007571,0.597785998,0.5850347671
1616,1.0,0.0,0.0,0.0,1.0,1.0,0.3426655017,0.2733982655,0.05544418097,0.04360461235,0.4749999332,0.5781257559,0.5978261601,0.5960257749
1617,1.0,0.0,0.0,0.0,1.0,1.0,0.3408400248,0.2624431571,0.05449754,0.04144078493,0.4742451184,0.5729172705,0.5935251079,0.6027391152
1618,1.0,0.0,0.0,0.0,1.0,1.0,0.3435580734,0.2746691121,0.05594164133,0.043792665,0.4652777727,0.575757156,0.5780141791,0.6000008166
1619,1.0,0.0,0.0,0.0,1.0,1.0,0.3462902262,0.2810931002,0.05822438002,0.04669481516,0.4665523643,0.574257071,0.5868057835,0.5987651406
1620,1.0,0.0,0.0,0.0,1.0,1.0,0.3462900482,0.2716250739,0.05676168203,0.04383575916,0.4665522794,0.5693072478,0.5818815666,0.5897433108
1621,1.0,0.0,0.0,0.0,1.0,1.0,0.3505630941,0.2793579711,0.05929642916,0.04589772224,0.458684588,0.5624996859,0.5798609007,0.5900620231
1622,1.0,0.0,0.0,0.0,1.0,1.0,0.3455071401,0.2670921878,0.05649465322,0.04271543026,0.4502528998,0.5658535402,0.5724138239,0.6064514419
1623,1.0,0.0,0.0,0.0,1.0,1.0,0.3314208443,0.251632523,0.05532246828,0.04091560841,0.4404145059,0.5729170819,0.5567378278,0.6197188433
1624,1.0,0.0,0.0,0.0,1.0,1.0,0.338881384,0.2612577832,0.0578622818,0.04376387596,0.457831257,0.5634518237,0.582456023,0.6241603517
1625,1.0,0.0,0.0,0.0,1.0,1.0,0.34222811,0.2689471511,0.06122994423,0.04721713066,0.4514480185,0.5621892242,0.5763888512,0.6193541302
1626,1.0,0.0,0.0,0.0,1.0,1.0,0.3354059984,0.2628289519,0.05780267715,0.04437375069,0.4474576239,0.570706602,0.5709342109,0.6052630872
1627,1.0,0.0,0.0,0.0,1.0,1.0,0.3309188261,0.2677688372,0.0572938323,0.0454300046,0.4498328332,0.5656569545,0.5802049856,0.6305732568
1628,1.0,0.0,0.0,0.0,1.0,1.0,0.3409858892,0.2738195852,0.05990469456,0.04721552134,0.4453782411,0.5812808323,0.5787673115,0.6250004734
1629,1.0,0.0,0.0,0.0,1.0,1.0,0.3337060817,0.2626518449,0.05947589874,0.04602658749,0.4345637653,0.5778902429,0.5665529254,0.6298695412
1630,1.0,0.0,0.0,0.0,1.0,1.0,0.3398773164,0.2799125405,0.05971622467,0.04818689823,0.4494949701,0.5841584554,0.580756147,0.625766598
1631,1.0,0.0,0.0,0.0,1.0,1.0,0.3437144846,0.2762960288,0.06088000536,0.04787647724,0.4457429495,0.5776705825,0.569966118,0.6296297218
1632,1.0,0.0,0.0,0.0,1.0,1.0,0.3353942716,0.2609466986,0.05715227127,0.04394125938,0.4519392478,0.5728639128,0.5733789145,0.6274504484
1633,1.0,0.0,0.0,0.0,1.0,1.0,0.3467452235,0.2783910766,0.05892717838,0.04650622606,0.4438774575,0.5784314519,0.5709342511,0.6211177258
1634,1.0,0.0,0.0,0.0,1.0,1.0,0.3426658388,0.2757082298,0.05996501446,0.04703140259,0.4504201211,0.5686270807,0.5793102822,0.6187507604
1635,1.0,0.0,0.0,0.0,1.0,1.0,0.3425707008,0.2797075248,0.05868119001,0.0467171073,0.4392679443,0.5679614264,0.5699658691,0.621951484
1636,1.0,0.0,0.0,0.0,1.0,1.0,0.3375166319,0.2778112811,0.06011593342,0.0478593111,0.4393442343,0.5679610303,0.5728815811,0.6341460073
1637,1.0,0.0,0.0,0.0,1.0,1.0,0.3436096925,0.2802492747,0.0590210557,0.047103405,0.4578511559,0.5769226497,0.5777029435,0.6144579533
1638,1.0,0.0,0.0,0.0,1.0,1.0,0.3386813793,0.2804557733,0.05818837881,0.04706412554,0.4601328496,0.5735296377,0.5816326784,0.6060612585
1639,1.0,0.0,0.0,0.0,1.0,1.0,0.3337118717,0.2778170083,0.05685943365,0.04589164257,0.483050823,0.5685276793,0.5979022657,0.6100626807
1640,1.0,0.0,0.0,0.0,1.0,1.0,0.3370996932,0.2840519203,0.05747693777,0.0467903018,0.4711865082,0.5728645457,0.5894736537,0.6111111819
1641,1.0,0.0,0.0,0.0,1.0,1.0,0.3303098112,0.2795640715,0.05587124825,0.0460793376,0.4616694729,0.5721651354,0.5769228544,0.6124995634
1642,1.0,0.0,0.0,0.0,1.0,1.0,0.3200934742,0.2611781047,0.05484038591,0.04375565052,0.4633730938,0.5691486182,0.5958185773,0.6200003269
1643,1.0,0.0,0.0,0.0,1.0,1.0,0.2771262456,0.1623179217,0.04470044374,0.02566665411,0.4525939164,0.6258065548,0.5583941565,0.6853941456
1644,1.0,0.0,0.0,0.0,1.0,1.0,0.2769988639,0.1206225224,0.0431868434,0.01838362217,0.4700374111,0.5945953033,0.54022993,0.7142847879
1645,1.0,0.0,0.0,0.0,1.0,1.0,0.2794738237,0.1258841529,0.04232168198,0.0184982419,0.4537037347,0.5827812518,0.5190840747,0.6969701852
1646,1.0,0.0,0.0,0.0,1.0,1.0,0.3005839947,0.1273420257,0.046220541,0.01906597614,0.4661654427,0.5249996131,0.5328182177,0.6515159094
1647,1.0,0.0,0.0,0.0,1.0,1.0,0.3035055492,0.1436204663,0.04454493523,0.02071195841,0.5280463125,0.5414001659,0.5826769636,0.6027413817
1648,1.0,0.0,0.0,0.0,1.0,1.0,0.2960573957,0.1294820612,0.0444175005,0.01907861233,0.5109343194,0.5234889332,0.5506072088,0.5781258787
1649,1.0,0.0,0.0,0.0,1.0,1.0,0.2872889158,0.1213315437,0.04039436579,0.01678359509,0.5161943253,0.5422521599,0.5308641763,0.6440681578
1650,1.0,0.0,0.0,0.0,1.0,1.0,0.3067394602,0.1398397117,0.04463684559,0.02010136843,0.4959349593,0.4834433195,0.5226338438,0.5000014826
1651,1.0,0.0,0.0,0.0,1.0,1.0,0.2955228192,0.1409999349,0.04128271341,0.01949459314,0.5092403016,0.5208321001,0.5311205198,0.5294115849
1652,1.0,0.0,0.0,0.0,1.0,1.0,0.3021087682,0.1338164176,0.04209458828,0.01845240593,0.5258798512,0.5205485465,0.5355647884,0.5937495962
1653,1.0,0.0,0.0,0.0,1.0,1.0,0.3144538516,0.1543853726,0.04403215647,0.02131491899,0.4989979866,0.4968155108,0.5365852816,0.5131583731
1654,1.0,0.0,0.0,0.0,1.0,1.0,0.2938396874,0.1357508015,0.04256504774,0.01932227612,0.4951644128,0.5592103881,0.5472443978,0.6376822324
1655,1.0,0.0,0.0,0.0,1.0,1.0,0.2905782134,0.1411848612,0.0445818305,0.02158099413,0.4925925203,0.6114653343,0.5836429125,0.6842121253
1656,1.0,0.0,0.0,0.0,1.0,1.0,0.2894069355,0.1702346478,0.04654324055,0.02688521147,0.4622302223,0.6335401977,0.5641026996,0.6666666667
1657,1.0,0.0,0.0,0.0,1.0,1.0,0.3107806028,0.1977310958,0.05125302076,0.03203308582,0.4929327549,0.6136358086,0.604316687,0.7090911121
1658,1.0,0.0,0.0,0.0,1.0,1.0,0.3087283033,0.2171934226,0.05009645224,0.03481280804,0.4938918572,0.5875697073,0.6007066218,0.6504069773
1659,1.0,0.0,0.0,0.0,1.0,1.0,0.311784352,0.2269860508,0.05166697502,0.03702801466,0.4974002924,0.5777778291,0.612676028,0.6511629404
1660,1.0,0.0,0.0,0.0,1.0,1.0,0.3207036018,0.2602714428,0.05408596992,0.04292541742,0.470288701,0.571428414,0.5937498193,0.6399997778
1661,1.0,0.0,0.0,0.0,1.0,1.0,0.3177714676,0.245507395,0.05192953348,0.03936588764,0.4905982947,0.5806449021,0.6167248358,0.6382981301
1662,1.0,0.0,0.0,0.0,1.0,1.0,0.3114697716,0.2420251758,0.05234593153,0.03997850418,0.4931506594,0.5769232959,0.6132406457,0.6474815424
1663,1.0,0.0,0.0,0.0,1.0,1.0,0.3122194541,0.2403500901,0.05283606052,0.03991419077,0.4804752774,0.5760873244,0.6089966764,0.6474824871
1664,1.0,0.0,0.0,0.0,1.0,1.0,0.3138179862,0.2412445652,0.05318516493,0.04046696424,0.4948804933,0.5815214407,0.6206896184,0.6428564064
1665,1.0,0.0,0.0,0.0,1.0,1.0,0.3063358131,0.2393766544,0.05024892092,0.03845864534,0.4863013854,0.5810053414,0.6153847866,0.6642339386
1666,1.0,0.0,0.0,0.0,1.0,1.0,0.3121121498,0.2402169807,0.05077797174,0.03801417351,0.4829350734,0.5846993766,0.6070174461,0.6496349793
1667,1.0,0.0,0.0,0.0,1.0,1.0,0.3050019111,0.2279429582,0.0506914258,0.03723102808,0.5034482845,0.587570741,0.6210526277,0.6538463386
1668,1.0,0.0,0.0,0.0,1.0,1.0,0.3071200003,0.2226826699,0.05080348253,0.03645223379,0.500000045,0.5819208509,0.6210527312,0.6535440925
1669,1.0,0.0,0.0,0.0,1.0,1.0,0.28150627,0.139768771,0.04278433323,0.02096146345,0.4896030628,0.5906043728,0.563218368,0.6575332338
1670,1.0,0.0,0.0,0.0,1.0,1.0,0.2598929588,0.1375203221,0.03997266293,0.02086812258,0.495219846,0.6029405186,0.5581394344,0.6760551714
1671,1.0,0.0,0.0,0.0,1.0,1.0,0.2840334063,0.1840126002,0.04646831751,0.02962350845,0.4777975314,0.6187499118,0.588447489,0.666665996
1672,1.0,0.0,0.0,0.0,1.0,1.0,0.3113579292,0.2350603307,0.05201929808,0.03879892826,0.4802065816,0.5911607021,0.6132405376,0.6814811856
1673,1.0,0.0,0.0,0.0,1.0,1.0,0.3259052528,0.2745907446,0.05414450169,0.04470390081,0.471571853,0.5794875351,0.6109213605,0.6273288116
1674,1.0,0.0,0.0,0.0,1.0,1.0,0.3247765079,0.2755310568,0.05260133743,0.04365372658,0.4706867989,0.5773197629,0.5993150736,0.6273286837
1675,1.0,0.0,0.0,0.0,1.0,1.0,0.3174697043,0.2636459454,0.05250883102,0.04250717163,0.4739496239,0.5820112787,0.5999997782,0.6470584111
1676,1.0,0.0,0.0,0.0,1.0,1.0,0.323000984,0.2705385105,0.0543603301,0.04468357563,0.4737732916,0.5811516258,0.6034480519,0.6305728151
1677,1.0,0.0,0.0,0.0,1.0,1.0,0.3269676682,0.2678913681,0.05383324623,0.04328852892,0.4738616868,0.5824737702,0.601374829,0.6538462068
1678,1.0,0.0,0.0,0.0,1.0,1.0,0.3292278439,0.2799122551,0.05512011051,0.04583966732,0.4672269015,0.5816328958,0.5979382794,0.6380369853
1679,1.0,0.0,0.0,0.0,1.0,1.0,0.3280998141,0.2757082393,0.05292773247,0.04342788458,0.4646465412,0.5794871506,0.5931035005,0.6437491679
1680,1.0,0.0,0.0,0.0,1.0,1.0,0.3303666613,0.27705642,0.0558885932,0.04600930214,0.4707846039,0.5858583381,0.6054422233,0.6441713261
1681,1.0,0.0,0.0,0.0,1.0,1.0,0.3275482064,0.2772424074,0.05470508337,0.04544728994,0.460504176,0.5794874477,0.5993149651,0.6604942562
1682,1.0,0.0,0.0,0.0,1.0,1.0,0.3247768822,0.2652627391,0.05521225929,0.04411286116,0.4623114988,0.5927833939,0.5993150611,0.6516131124
1683,1.0,0.0,0.0,0.0,1.0,1.0,0.3236922606,0.2609465901,0.05352383852,0.04221212864,0.4590984277,0.5927831435,0.5972697591,0.6470583252
1684,1.0,0.0,0.0,0.0,1.0,1.0,0.3259409236,0.2686857285,0.05433857441,0.04352635145,0.4559067608,0.5816333023,0.5958905949,0.6433116832
1685,1.0,0.0,0.0,0.0,1.0,1.0,0.3304077841,0.2843530886,0.05368059874,0.04513442516,0.4506579092,0.5870647816,0.5892255778,0.6568044055
1686,1.0,0.0,0.0,0.0,1.0,1.0,0.337516326,0.2867526585,0.05876243114,0.04877853394,0.4540984027,0.5873786605,0.5906039281,0.6432741749
1687,1.0,0.0,0.0,0.0,1.0,1.0,0.3369454638,0.2874649208,0.05799007416,0.04818499088,0.434853425,0.5845410479,0.5785952939,0.6395343947
1688,1.0,0.0,0.0,0.0,1.0,1.0,0.3428505445,0.298166676,0.06087958813,0.05140304565,0.4304207815,0.5849058636,0.5733333057,0.6368715213
1689,1.0,0.0,0.0,0.0,1.0,1.0,0.3358916187,0.2836253321,0.05732744932,0.04721081257,0.4464580022,0.5882355388,0.581080902,0.6428567821
1690,1.0,0.0,0.0,0.0,1.0,1.0,0.3435067104,0.2954434196,0.05857741833,0.04881459475,0.4484452096,0.580952129,0.581080969,0.6342858678
1691,1.0,0.0,0.0,0.0,1.0,1.0,0.3402011255,0.2951370575,0.0563198328,0.04742717743,0.4462540711,0.5885171819,0.5872481753,0.6420454545
1692,1.0,0.0,0.0,0.0,1.0,1.0,0.3320565436,0.2836254597,0.05613338947,0.04645526409,0.4468084281,0.5862075556,0.5810808401,0.6488099668
1693,1.0,0.0,0.0,0.0,1.0,1.0,0.3445787646,0.2937547822,0.05902254581,0.04867261648,0.4542483612,0.5829379722,0.5945945071,0.6494254774
1694,1.0,0.0,0.0,0.0,1.0,1.0,0.3358778916,0.2841222285,0.05787628889,0.04799497128,0.4540984154,0.5756099621,0.595317898,0.6411772157
1695,1.0,0.0,0.0,0.0,1.0,1.0,0.3336923221,0.286035744,0.05553382635,0.0462782383,0.4484451141,0.5833328861,0.5858586156,0.6352940419
1696,1.0,0.0,0.0,0.0,1.0,1.0,0.3402705403,0.2886899526,0.05635750294,0.04655617476,0.4506577811,0.584540603,0.5844592647,0.6374277766
1697,1.0,0.0,0.0,0.0,1.0,1.0,0.3353282537,0.2845869304,0.05722105503,0.04689335823,0.4435351962,0.5756096291,0.5966103068,0.6250006355
1698,1.0,0.0,0.0,0.0,1.0,1.0,0.3325957751,0.2804556158,0.05565583706,0.04568761587,0.4569536471,0.5671646586,0.6122446665,0.6303027615
1699,1.0,0.0,0.0,0.0,1.0,1.0,0.3336979889,0.2831185729,0.05662626028,0.04653447866,0.4578511921,0.5693077384,0.6006827028,0.6265058235
1700,1.0,0.0,0.0,0.0,1.0,1.0,0.3314897263,0.2719570476,0.05731832981,0.04585468769,0.4510778849,0.5700000624,0.598639285,0.6312506987
1701,1.0,0.0,0.0,0.0,1.0,1.0,0.3247768565,0.2686855141,0.05445116758,0.04406613111,0.4539363603,0.5618555968,0.609589071,0.6242048297
1702,1.0,0.0,0.0,0.0,1.0,1.0,0.2922557599,0.1568467037,0.04600065947,0.02442008257,0.4909747791,0.6234569421,0.6021899529,0.6860466535
1703,1.0,0.0,0.0,0.0,1.0,1.0,0.295244143,0.1224218302,0.04237282276,0.01746451855,0.5129739172,0.5608118183,0.5461848833,0.672129581
1704,1.0,0.0,0.0,0.0,1.0,1.0,0.3044391368,0.1148553143,0.04337018728,0.01626384258,0.5030060829,0.5263148491,0.5322578337,0.6315793331
1705,1.0,0.0,0.0,0.0,1.0,1.0,0.3500152429,0.1555147316,0.04875892401,0.02202963829,0.5126582455,0.4578314726,0.5518669964,0.3866681458
1706,1.0,0.0,0.0,0.0,1.0,1.0,0.3630451268,0.156163024,0.0506375432,0.02234011889,0.521367693,0.4705876121,0.5541667639,0.3866677339
1707,1.0,0.0,0.0,0.0,1.0,1.0,0.360909239,0.1472210649,0.04937958717,0.02074533701,0.5299145094,0.4497037849,0.5560167081,0.3661984376
1708,1.0,0.0,0.0,0.0,1.0,1.0,0.350755873,0.1466123112,0.04888033867,0.02090662718,0.5285411833,0.463855789,0.5661156714,0.3661986287
1709,1.0,0.0,0.0,0.0,1.0,1.0,0.350868191,0.1534410545,0.04886853695,0.02191674709,0.5361703179,0.4606063341,0.5601661344,0.3783770553
1710,1.0,0.0,0.0,0.0,1.0,1.0,0.3479069748,0.1542352297,0.04911077023,0.02232313156,0.533755158,0.4727274493,0.5720165931,0.3866682687
1711,1.0,0.0,0.0,0.0,1.0,1.0,0.3436240426,0.163842892,0.04663652182,0.02274948359,0.5366876267,0.4634146653,0.5737705763,0.3624987882
1712,1.0,0.0,0.0,0.0,1.0,1.0,0.3486423727,0.1562911866,0.048414886,0.02230018377,0.5412262855,0.4545451188,0.5761316683,0.3684204899
1713,1.0,0.0,0.0,0.0,1.0,1.0,0.3436233526,0.1638431547,0.04719853401,0.02302372456,0.5324948005,0.4634152502,0.5614756463,0.387499547
1714,1.0,0.0,0.0,0.0,1.0,1.0,0.3483528708,0.1583477424,0.04835253954,0.02216160297,0.4999998926,0.4583325629,0.5390948272,0.3896102848
1715,1.0,0.0,0.0,0.0,1.0,1.0,0.3029804722,0.1209643602,0.04483962059,0.01776117086,0.486220499,0.5,0.5317462283,0.5409838816
1716,1.0,0.0,0.0,0.0,1.0,1.0,0.2902864778,0.1331305178,0.04224383831,0.01956260204,0.5146200172,0.6040277452,0.5868725649,0.6666666667
1717,1.0,0.0,0.0,0.0,1.0,1.0,0.2938467185,0.1903700484,0.0464438796,0.02981585264,0.4972776624,0.5864188737,0.5970694033,0.6538471534
1718,1.0,0.0,0.0,0.0,1.0,1.0,0.3083202385,0.2295537845,0.05128836632,0.03745776415,0.4627383435,0.5730339951,0.5865725517,0.6307696714
1719,1.0,0.0,0.0,0.0,1.0,1.0,0.3240509664,0.2698841114,0.05424630642,0.04425358772,0.453924939,0.5684209023,0.5818815901,0.6193545172
1720,1.0,0.0,0.0,0.0,1.0,1.0,0.325831483,0.2680161292,0.05462360382,0.04386866093,0.4527027532,0.5647663984,0.5951557875,0.6064519548
1721,1.0,0.0,0.0,0.0,1.0,1.0,0.3529437893,0.3127625259,0.05778110027,0.0497251153,0.4567064002,0.5769233943,0.5874124039,0.6089380988
1722,1.0,0.0,0.0,0.0,1.0,1.0,0.3445174345,0.3008882033,0.05536329746,0.04686695337,0.4539248704,0.5792083045,0.5880280248,0.6198840896
1723,1.0,0.0,0.0,0.0,1.0,1.0,0.3434510602,0.2984199662,0.05579322577,0.04714524746,0.455326513,0.5750004006,0.5936397973,0.6094674107
1724,1.0,0.0,0.0,0.0,1.0,1.0,0.342274934,0.3008881592,0.05655616522,0.04835546017,0.4589041831,0.5699996311,0.5915491547,0.6198836392
1725,1.0,0.0,0.0,0.0,1.0,1.0,0.3394008455,0.2945721205,0.05462664366,0.04611694813,0.4436859578,0.5678392289,0.5824560482,0.6130947611
1726,1.0,0.0,0.0,0.0,1.0,1.0,0.3252821041,0.2733667041,0.05588924885,0.04546433687,0.4569983806,0.5647671986,0.592334486,0.617833802
1727,1.0,0.0,0.0,0.0,1.0,1.0,0.3348296015,0.2880335905,0.05445730686,0.04542672634,0.4478114398,0.567839482,0.579861224,0.6204814376
1728,1.0,0.0,0.0,0.0,1.0,1.0,0.3348299198,0.2818492815,0.05608046055,0.04593521357,0.4612795721,0.5628139368,0.5951557903,0.6319010205
1729,1.0,0.0,0.0,0.0,1.0,1.0,0.33425588,0.2894935119,0.05745762587,0.04802429676,0.4442595807,0.5671638075,0.5793103944,0.6190472053
1730,1.0,0.0,0.0,0.0,1.0,1.0,0.3281748123,0.2772425903,0.05534762144,0.04528445005,0.4427860784,0.5757582284,0.5821916683,0.6358024448
1731,1.0,0.0,0.0,0.0,1.0,1.0,0.3276314376,0.279707481,0.05339372158,0.04422515631,0.442052986,0.5707067888,0.5733789425,0.6280481148
1732,1.0,0.0,0.0,0.0,1.0,1.0,0.3281996105,0.280455633,0.05636191368,0.04673224688,0.4455445699,0.5829149023,0.5884353997,0.6424250386
1733,1.0,0.0,0.0,0.0,1.0,1.0,0.3353499322,0.2882348497,0.05790144205,0.04820364714,0.4479339391,0.5812811077,0.5802048487,0.6331364386
1734,1.0,0.0,0.0,0.0,1.0,1.0,0.3315060791,0.2870018579,0.05503070354,0.0463129878,0.4384236135,0.5841581263,0.5810812208,0.6294119843
1735,1.0,0.0,0.0,0.0,1.0,1.0,0.3243657329,0.2725750966,0.05655813217,0.04650974274,0.4497528428,0.5685275818,0.5925926185,0.6481486703
1736,1.0,0.0,0.0,0.0,1.0,1.0,0.3276585484,0.2710350002,0.05679708719,0.04566603899,0.4481054226,0.5628142391,0.5932202071,0.6375000163
1737,1.0,0.0,0.0,0.0,1.0,1.0,0.3161329946,0.2641625997,0.05345380306,0.04370969534,0.4514002971,0.5781250348,0.5925925526,0.6560511204
1738,1.0,0.0,0.0,0.0,1.0,1.0,0.3320461626,0.2795050103,0.05770856142,0.04737269878,0.4495867638,0.5671640558,0.5898304715,0.6363631788
1739,1.0,0.0,0.0,0.0,1.0,1.0,0.329865221,0.2800449397,0.05514830351,0.04581969976,0.4433497879,0.5671640178,0.583892681,0.6526946497
1740,1.0,0.0,0.0,0.0,1.0,1.0,0.3248185997,0.2745908275,0.05656445026,0.04670196772,0.4600000394,0.5641026181,0.6006826142,0.6459633275
1741,1.0,0.0,0.0,0.0,1.0,1.0,0.3287637142,0.2778111599,0.05693024397,0.04668283463,0.4638156952,0.5649999843,0.5966103979,0.6341457186
1742,1.0,0.0,0.0,0.0,1.0,1.0,0.3170986761,0.2668574707,0.05281740427,0.043415308,0.4518272969,0.5654447603,0.5918365328,0.6496812139
1743,1.0,0.0,0.0,0.0,1.0,1.0,0.325438309,0.2761170156,0.05620628595,0.04650568962,0.461157043,0.573604034,0.5999998584,0.6441717634
1744,1.0,0.0,0.0,0.0,1.0,1.0,0.323152709,0.2744232302,0.05438143015,0.04541134834,0.4633332826,0.5670107161,0.6000001441,0.641974547
1745,1.0,0.0,0.0,0.0,1.0,1.0,0.3237394454,0.2745904674,0.05541956425,0.04575663805,0.451827364,0.5692309843,0.5938568946,0.6397522891
1746,1.0,0.0,0.0,0.0,1.0,1.0,0.3192892709,0.2702573815,0.05425000191,0.04492580891,0.4542428222,0.572917628,0.5850339234,0.654088334
1747,1.0,0.0,0.0,0.0,1.0,1.0,0.3309517419,0.2785605544,0.05569428205,0.04571920633,0.4514002789,0.5721391917,0.5945947615,0.6424245901
1748,1.0,0.0,0.0,0.0,1.0,1.0,0.3259770498,0.2770561464,0.05422079563,0.0448628664,0.4586092813,0.5736043901,0.5986393706,0.6319017264
1749,1.0,0.0,0.0,0.0,1.0,1.0,0.3358779896,0.2826706047,0.05774688721,0.04732429981,0.4360655107,0.5707315613,0.5757576944,0.642856783
1750,1.0,0.0,0.0,0.0,1.0,1.0,0.3281751695,0.2736566508,0.05707222223,0.04640716314,0.4411276734,0.5707066118,0.5884354519,0.6397519596
1751,1.0,0.0,0.0,0.0,1.0,1.0,0.333697686,0.2753562857,0.05948466063,0.04770553112,0.4380165193,0.5742579813,0.5782314797,0.6419750464
1752,1.0,0.0,0.0,0.0,1.0,1.0,0.3353502521,0.2826703935,0.05730760098,0.04742693901,0.441322417,0.57142872,0.5858586648,0.636904732
1753,1.0,0.0,0.0,0.0,1.0,1.0,0.3370019417,0.2836254055,0.05587220192,0.04601240158,0.4429752075,0.5735294118,0.5844595352,0.6369047619
1754,1.0,0.0,0.0,0.0,1.0,1.0,0.3380949118,0.2831183443,0.05756765604,0.0466157794,0.4372937775,0.5658540626,0.5836176585,0.6265063938
1755,1.0,0.0,0.0,0.0,1.0,1.0,0.3348046272,0.2804556745,0.05673390627,0.04634207487,0.4477612702,0.56930756,0.5850340627,0.630303116
1756,1.0,0.0,0.0,0.0,1.0,1.0,0.3342449088,0.2821555108,0.05934745073,0.0485304594,0.4431630747,0.5714287149,0.5850338085,0.6325303424
1757,1.0,0.0,0.0,0.0,1.0,1.0,0.3342449583,0.2787561109,0.05611532927,0.04533457756,0.4448105678,0.5763543606,0.5884353604,0.6463420406
1758,1.0,0.0,0.0,0.0,1.0,1.0,0.3248185794,0.2688153681,0.05676686764,0.04541349411,0.4533333561,0.5743592436,0.5862069087,0.6346152837
1759,1.0,0.0,0.0,0.0,1.0,1.0,0.3275765766,0.2713261644,0.0559387207,0.04509341717,0.4565217903,0.5765309602,0.5945016196,0.6329113255
1760,1.0,0.0,0.0,0.0,1.0,1.0,0.339911643,0.2722616479,0.05652606487,0.04443341494,0.4636209685,0.5771149892,0.5999997809,0.6392405318
1761,1.0,0.0,0.0,0.0,1.0,1.0,0.3398438213,0.2843242897,0.05464297533,0.04441428185,0.4673367356,0.5763544756,0.6000000763,0.6363635144
1762,1.0,0.0,0.0,0.0,1.0,1.0,0.3348213947,0.2781948228,0.05524134636,0.04474544525,0.4706867445,0.5649992016,0.6048109252,0.6234574479
1763,1.0,0.0,0.0,0.0,1.0,1.0,0.3353719765,0.2806654321,0.05571514368,0.04545915127,0.4741235232,0.5721399954,0.6061642928,0.6341457338
1764,1.0,0.0,0.0,0.0,1.0,1.0,0.3376041043,0.2867812749,0.05382341146,0.04449754953,0.4715719826,0.5693078791,0.6082473554,0.6227541541
1765,1.0,0.0,0.0,0.0,1.0,1.0,0.3387088616,0.2840882492,0.05847615004,0.04781800508,0.469115124,0.5665025936,0.606164329,0.6325298877
1766,1.0,0.0,0.0,0.0,1.0,1.0,0.3364951355,0.2791545145,0.05371141434,0.04328984022,0.4623115967,0.5721395851,0.5999998463,0.6358017467
1767,1.0,0.0,0.0,0.0,1.0,1.0,0.333147336,0.2730433465,0.05781960487,0.04596656561,0.461666542,0.5700003711,0.6013743673,0.6226408244
1768,1.0,0.0,0.0,0.0,1.0,1.0,0.3364957167,0.274760744,0.05413502455,0.04309254885,0.4639867222,0.5721393692,0.5945018436,0.6249998271
1769,1.0,0.0,0.0,0.0,1.0,1.0,0.3370213089,0.2823767887,0.05669587851,0.04608285427,0.4568106845,0.5665018571,0.589041191,0.6363643419
1770,1.0,0.0,0.0,0.0,1.0,1.0,0.3364954113,0.2808775514,0.05798768997,0.04702484608,0.453936347,0.5721389864,0.586207007,0.625766529
1771,1.0,0.0,0.0,0.0,1.0,1.0,0.3437146774,0.2882349678,0.05964452028,0.04893165827,0.4557595331,0.5728157862,0.5904439089,0.6272186538
1772,1.0,0.0,0.0,0.0,1.0,1.0,0.3380951005,0.285313817,0.0575453043,0.04743981361,0.4504950434,0.5707317831,0.5810811489,0.6272194776
1773,1.0,0.0,0.0,0.0,1.0,1.0,0.3397770715,0.2848237129,0.05738461018,0.04674744606,0.4610282788,0.5707314641,0.5870308196,0.634730432
1774,1.0,0.0,0.0,0.0,1.0,1.0,0.3408310973,0.2906538431,0.05871713161,0.04850542545,0.456342725,0.5700480149,0.5884352211,0.6198828685
1775,1.0,0.0,0.0,0.0,1.0,1.0,0.3347963342,0.2797072369,0.05720299482,0.04621326923,0.457095615,0.5665020678,0.5870305714,0.6158538945
1776,1.0,0.0,0.0,0.0,1.0,1.0,0.3292671164,0.2711798435,0.05605649948,0.04501509666,0.4525791346,0.5808083601,0.5870308883,0.6352200925
1777,1.0,0.0,0.0,0.0,1.0,1.0,0.3331472991,0.2780014721,0.05680298805,0.04583603144,0.4521451822,0.5693066917,0.5870309771,0.6196324842
1778,1.0,0.0,0.0,0.0,1.0,1.0,0.3232028616,0.2609463838,0.05522328615,0.04332900047,0.4461028557,0.5692304205,0.5904436921,0.6339862987
1779,1.0,0.0,0.0,0.0,1.0,1.0,0.3276041663,0.2694740909,0.05421358347,0.04348093271,0.460898516,0.5786809565,0.5904438133,0.6392406191
1780,1.0,0.0,0.0,0.0,1.0,1.0,0.3337004558,0.2823767098,0.05816048384,0.0477437377,0.4684384984,0.567163812,0.5958903796,0.6181818636
1781,1.0,0.0,0.0,0.0,1.0,1.0,0.3364956895,0.2823764126,0.05758148432,0.04726833105,0.4773870213,0.5671642564,0.5958902841,0.6363635217
1782,1.0,0.0,0.0,0.0,1.0,1.0,0.3470516415,0.2933516484,0.06115794182,0.05057293177,0.4674457284,0.5721156658,0.597269824,0.6279068397
1783,1.0,0.0,0.0,0.0,1.0,1.0,0.3469822777,0.2795047487,0.0591095686,0.04666543007,0.466777348,0.5693782558,0.6033898317,0.636363288
1784,1.0,0.0,0.0,0.0,1.0,1.0,0.330393918,0.2753563822,0.05708312988,0.04623734951,0.4561983876,0.5800003341,0.5952381798,0.6234559785
1785,1.0,0.0,0.0,0.0,1.0,1.0,0.3375380443,0.2906542945,0.06048625708,0.05045443773,0.4514003521,0.5756101503,0.5884354968,0.6198834002
1786,1.0,0.0,0.0,0.0,1.0,1.0,0.3408312638,0.2923537486,0.05908298492,0.04909306765,0.4546951815,0.574879344,0.5952381882,0.6104656739
1787,1.0,0.0,0.0,0.0,1.0,1.0,0.3392144931,0.2836255065,0.05695861578,0.04667830467,0.4602649215,0.5804875854,0.597973017,0.630952381
1788,1.0,0.0,0.0,0.0,1.0,1.0,0.3403418108,0.2845868156,0.05687958002,0.04661345482,0.4684384908,0.5804872988,0.6000000728,0.6309517112
1789,1.0,0.0,0.0,0.0,1.0,1.0,0.3409080061,0.2862807302,0.05608546734,0.04623627663,0.4658901515,0.575610176,0.6033899781,0.6272179509
1790,1.0,0.0,0.0,0.0,1.0,1.0,0.3409079718,0.2855549674,0.05622297525,0.04607540369,0.4675541277,0.5804879859,0.602040805,0.6309524888
1791,1.0,0.0,0.0,0.0,1.0,1.0,0.3453222408,0.2923536489,0.05932074785,0.04905366898,0.4651163598,0.5721159885,0.5986393035,0.6220935036
1792,1.0,0.0,0.0,0.0,1.0,1.0,0.3426659133,0.2894935117,0.05611896515,0.04621559381,0.4655462475,0.568627326,0.600000224,0.6190471891
1793,1.0,0.0,0.0,0.0,1.0,1.0,0.332029504,0.2764781802,0.05510139465,0.04480469227,0.4664429307,0.5858588044,0.5945017587,0.6335403314
1794,1.0,0.0,0.0,0.0,1.0,1.0,0.3348300628,0.2843242712,0.05658626556,0.04691827297,0.4696969817,0.572863824,0.5999999278,0.624241893
1795,1.0,0.0,0.0,0.0,1.0,1.0,0.3381697105,0.2867813654,0.05728167295,0.04735660553,0.4589614347,0.5693065856,0.5945016053,0.6227545965
1796,1.0,0.0,0.0,0.0,1.0,1.0,0.3337090779,0.2747607822,0.05519515276,0.04460215569,0.4620573095,0.5757580012,0.5945018469,0.6374996659
1797,1.0,0.0,0.0,0.0,1.0,1.0,0.3381696298,0.2840880893,0.05555230379,0.04565191269,0.458961538,0.5693075097,0.5958905608,0.6265067005
1798,1.0,0.0,0.0,0.0,1.0,1.0,0.3303527687,0.2764777499,0.05561584234,0.04545247555,0.4530201927,0.5685274237,0.5876287912,0.6273293066
1799,1.0,0.0,0.0,0.0,1.0,1.0,0.3308965369,0.2776228233,0.05397695303,0.04406279325,0.4510134856,0.5612240954,0.5833334898,0.6187506003
1800,1.0,0.0,0.0,0.0,1.0,1.0,0.3016498809,0.191343154,0.04530620575,0.02811169624,0.4727272294,0.5963857958,0.5762080759,0.6699022127
1801,1.0,0.0,0.0,0.0,1.0,1.0,0.2850046447,0.1407940631,0.04125595093,0.01979166269,0.491329544,0.5810809639,0.5436507432,0.6478863059
1802,1.0,0.0,0.0,0.0,1.0,1.0,0.2808649141,0.1709570587,0.04300910234,0.02541446686,0.4653283695,0.6168828379,0.5601503548,0.6373644414
1803,1.0,0.0,0.0,0.0,1.0,1.0,0.3081904524,0.2080690933,0.05090022087,0.03364592791,0.4616725198,0.5819214862,0.5836295955,0.658118462
1804,1.0,0.0,0.0,0.0,1.0,1.0,0.317469492,0.2438909982,0.05382168293,0.04072225094,0.4605042333,0.5767194771,0.6006826889,0.6433564694
1805,1.0,0.0,0.0,0.0,1.0,1.0,0.3219680409,0.2697454633,0.05227899551,0.04247665405,0.4580536611,0.5677075257,0.5847750367,0.6217950157
1806,1.0,0.0,0.0,0.0,1.0,1.0,0.3342727517,0.2793579257,0.05331611633,0.04335302114,0.4628379155,0.5707068562,0.5902780125,0.6211182345
1807,1.0,0.0,0.0,0.0,1.0,1.0,0.3348299223,0.2801205256,0.05657821894,0.04605865479,0.444444415,0.5678390266,0.577854798,0.6172832636
1808,1.0,0.0,0.0,0.0,1.0,1.0,0.3348384116,0.2741523526,0.05512785912,0.04399091005,0.4568527524,0.5757580345,0.5868055323,0.6329112723
1809,1.0,0.0,0.0,0.0,1.0,1.0,0.3348559242,0.2770380518,0.05383247137,0.04339551926,0.4478632501,0.5663266379,0.5824562405,0.6202531124
1810,1.0,0.0,0.0,0.0,1.0,1.0,0.3399811632,0.2770384015,0.05390250683,0.04279696941,0.452991514,0.5678388737,0.5894737492,0.6202525299
1811,1.0,0.0,0.0,0.0,1.0,1.0,0.3325699967,0.2604930357,0.05393660069,0.04129523039,0.4540728253,0.572916966,0.585106283,0.6258503303
1812,1.0,0.0,0.0,0.0,1.0,1.0,0.3348822281,0.2569483677,0.05509924889,0.04139578342,0.4652778388,0.5699482482,0.6028367299,0.6275856508
1813,1.0,0.0,0.0,0.0,1.0,1.0,0.3145098196,0.2048326368,0.05200713873,0.03351569176,0.4720278617,0.5777773957,0.5971732878,0.655173395
1814,1.0,0.0,0.0,0.0,1.0,1.0,0.2957727876,0.1427772953,0.0439465642,0.02125519514,0.5067697598,0.6405226631,0.5984556479,0.7027030059
1815,1.0,0.0,0.0,0.0,1.0,1.0,0.2996463291,0.1665734669,0.04589927197,0.0250877738,0.4394786496,0.608695144,0.5454543656,0.6590900991
1816,1.0,0.0,0.0,0.0,1.0,1.0,0.3142117109,0.2172700506,0.04937690496,0.03347587585,0.4760213146,0.5762710841,0.6014493903,0.6666660732
1817,1.0,0.0,0.0,0.0,1.0,1.0,0.3296220166,0.2534816651,0.05423772335,0.04060578346,0.4726630215,0.5721923429,0.5942028123,0.6214293683
1818,1.0,0.0,0.0,0.0,1.0,1.0,0.3372028017,0.268667321,0.05381077528,0.04160630703,0.4678260038,0.5567011337,0.5949821989,0.6066661127
1819,1.0,0.0,0.0,0.0,1.0,1.0,0.3360191748,0.275464356,0.05562233925,0.04449784756,0.4637929912,0.5641028389,0.5936396164,0.6089746166
1820,1.0,0.0,0.0,0.0,1.0,1.0,0.3451679822,0.2830586577,0.05781108141,0.0465940237,0.4707903994,0.5671645484,0.5979019308,0.6172839822
1821,1.0,0.0,0.0,0.0,1.0,1.0,0.3460250117,0.2967093728,0.05814385414,0.04826509953,0.4655462411,0.567961603,0.5937499885,0.6081871778
1822,1.0,0.0,0.0,0.0,1.0,1.0,0.3415601279,0.2870366677,0.05560141802,0.04546713829,0.4680135568,0.5763547115,0.6020762795,0.6084343193
1823,1.0,0.0,0.0,0.0,1.0,1.0,0.3431419391,0.2840881276,0.05528581142,0.04455071688,0.4750001434,0.5631065763,0.6027398666,0.6265063142
1824,1.0,0.0,0.0,0.0,1.0,1.0,0.3431921988,0.2875107818,0.05488753319,0.04498100281,0.4740368799,0.5658536585,0.6061642218,0.6130952381
1825,1.0,0.0,0.0,0.0,1.0,1.0,0.3364786734,0.2823766469,0.05893206596,0.04813760519,0.4700000442,0.5643572067,0.5993147703,0.6242417489
1826,1.0,0.0,0.0,0.0,1.0,1.0,0.3364619433,0.2916461145,0.05756855011,0.04849374294,0.4626866426,0.5714290152,0.5938566443,0.6315785592
1827,1.0,0.0,0.0,0.0,1.0,1.0,0.3441240563,0.2940534307,0.05820739269,0.04818123579,0.4563427124,0.5693773437,0.5850340854,0.6242776926
1828,1.0,0.0,0.0,0.0,1.0,1.0,0.3293054792,0.2736567564,0.05662745237,0.04558509588,0.4612849833,0.5650001947,0.6020408565,0.6211187109
1829,1.0,0.0,0.0,0.0,1.0,1.0,0.3359609551,0.2783911117,0.05393308401,0.04363429546,0.4864865166,0.5678385407,0.6089962911,0.6397518243
1830,1.0,0.0,0.0,0.0,1.0,1.0,0.3257942792,0.2735313792,0.05513602495,0.04479801655,0.4872665977,0.5625002027,0.614035158,0.6346153334
1831,1.0,0.0,0.0,0.0,1.0,1.0,0.3212492011,0.2656968471,0.05130332708,0.04098838568,0.4812924957,0.5714285714,0.6091549309,0.6423842215
1832,1.0,0.0,0.0,0.0,1.0,1.0,0.3163449881,0.2462654731,0.05114889145,0.03850221634,0.4904347994,0.571428072,0.6151078355,0.6569338659
1833,1.0,0.0,0.0,0.0,1.0,1.0,0.3111307139,0.2426700888,0.04985570908,0.03760063648,0.4886955946,0.5642460906,0.6115106668,0.6444452899
1834,1.0,0.0,0.0,0.0,1.0,1.0,0.3139610218,0.2408727293,0.05196338892,0.03868383169,0.4886561094,0.5722223306,0.6151077161,0.656715567
1835,1.0,0.0,0.0,0.0,1.0,1.0,0.3111303572,0.2453825509,0.04923802614,0.03768497705,0.4817390377,0.569831868,0.6093189241,0.6496348749
1836,1.0,0.0,0.0,0.0,1.0,1.0,0.3174494401,0.2498603707,0.04986661673,0.03781092167,0.4869111199,0.5659347161,0.6123190432,0.6594200157
1837,1.0,0.0,0.0,0.0,1.0,1.0,0.3209378067,0.2534812919,0.05299401283,0.04032146931,0.4921466361,0.5652170979,0.6195652296,0.6571423926
1838,1.0,0.0,0.0,0.0,1.0,1.0,0.3156133288,0.2498605237,0.05167925358,0.03990787268,0.473684268,0.5666663591,0.611510684,0.6546763987
1839,1.0,0.0,0.0,0.0,1.0,1.0,0.3111305206,0.2516450059,0.05133968592,0.0404407382,0.4817390701,0.5754193771,0.6107141519,0.6524820813
1840,1.0,0.0,0.0,0.0,1.0,1.0,0.3084482623,0.2507436397,0.05054855347,0.04010003805,0.4810344094,0.5754188363,0.6113074231,0.6619721241
1841,1.0,0.0,0.0,0.0,1.0,1.0,0.3222898229,0.2595043318,0.05336523056,0.04201096296,0.485420158,0.5797871152,0.6210527711,0.6486485336
1842,1.0,0.0,0.0,0.0,1.0,1.0,0.3143543586,0.2542439652,0.05306094885,0.04181432724,0.4837605887,0.5815224412,0.6140350114,0.6689654583
1843,1.0,0.0,0.0,0.0,1.0,1.0,0.3163217802,0.2541830881,0.05163663626,0.04037541151,0.4562289341,0.579787584,0.6020761311,0.6530609533
1844,1.0,0.0,0.0,0.0,1.0,1.0,0.3110507896,0.2446186162,0.05032074451,0.03849673271,0.4693878265,0.5792355746,0.6048950387,0.6642858912
1845,1.0,0.0,0.0,0.0,1.0,1.0,0.3168550041,0.2542136402,0.05251079798,0.04077970982,0.4637438063,0.5744683508,0.592334465,0.6438355964
1846,1.0,0.0,0.0,0.0,1.0,1.0,0.3157019681,0.2515957237,0.052939713,0.04104954004,0.4628378898,0.5775399384,0.5902778488,0.6482763828
1847,1.0,0.0,0.0,0.0,1.0,1.0,0.2925640312,0.1845982032,0.04486250877,0.02758622169,0.4599999242,0.6024847609,0.5522390739,0.6565662677
1848,1.0,0.0,0.0,0.0,1.0,1.0,0.276681752,0.1588257527,0.04081529379,0.022767663,0.453860751,0.6122447489,0.5193801447,0.6341464692
1849,1.0,0.0,0.0,0.0,1.0,1.0,0.2844854809,0.1595264743,0.04325294495,0.0236184001,0.4419475971,0.6184211977,0.5192308931,0.6506002509
1850,1.0,0.0,0.0,0.0,1.0,1.0,0.2936315484,0.1746236099,0.04662334919,0.02722108364,0.479927066,0.6149064829,0.5724903979,0.6595751203
1851,1.0,0.0,0.0,0.0,1.0,1.0,0.2884417327,0.1834182521,0.04450857639,0.02778244019,0.463235248,0.6050955499,0.5505616916,0.6224491109
1852,1.0,0.0,0.0,0.0,1.0,1.0,0.2798434991,0.1528559479,0.04175299406,0.02215468884,0.4476191047,0.6054426916,0.5254899735,0.6153852362
1853,1.0,0.0,0.0,0.0,1.0,1.0,0.2923416444,0.1796751145,0.04712951183,0.02827769518,0.4606948079,0.5999997471,0.5655429137,0.6249997365
1854,1.0,0.0,0.0,0.0,1.0,1.0,0.3102323742,0.2210993226,0.04853248596,0.03391754627,0.4603174392,0.5852279426,0.5863311645,0.6747972909
1855,1.0,0.0,0.0,0.0,1.0,1.0,0.3205107105,0.2622646508,0.05205947161,0.04142361879,0.4568965565,0.5537632254,0.5851064874,0.6148656135
1856,1.0,0.0,0.0,0.0,1.0,1.0,0.3388812313,0.2835297519,0.05418783426,0.04401046038,0.4681583036,0.5685271818,0.6028368604,0.6062491451
1857,1.0,0.0,0.0,0.0,1.0,1.0,0.3331473167,0.2860594374,0.05445098877,0.0452362299,0.4598290221,0.5794878363,0.5971731702,0.6111118431
1858,1.0,0.0,0.0,0.0,1.0,1.0,0.3404879198,0.2820723561,0.05581283569,0.0449834466,0.4627118632,0.5721392078,0.5923344935,0.6296301695
1859,1.0,0.0,0.0,0.0,1.0,1.0,0.3422280117,0.2858053669,0.05492472649,0.04454094172,0.4684837439,0.5721390713,0.5964911945,0.6196316473
1860,1.0,0.0,0.0,0.0,1.0,1.0,0.3382726871,0.2803314826,0.05446797609,0.04428964853,0.4666665803,0.5757571778,0.6027871791,0.6211178954
1861,1.0,0.0,0.0,0.0,1.0,1.0,0.3525486426,0.2940535594,0.05754488707,0.04695880413,0.4725456848,0.5707545655,0.602040584,0.6242768183
1862,1.0,0.0,0.0,0.0,1.0,1.0,0.3448076593,0.284823895,0.05829060078,0.04702669382,0.4566666919,0.5555557828,0.6040955188,0.610778261
1863,1.0,0.0,0.0,0.0,1.0,1.0,0.3474089025,0.2832926671,0.05865412951,0.04651880264,0.4606163581,0.5615764598,0.6021127093,0.6149071825
1864,1.0,0.0,0.0,0.0,1.0,1.0,0.3290199262,0.2553319074,0.05381560326,0.04050636292,0.4619470178,0.5860206717,0.5948903862,0.6357153788
1865,1.0,0.0,0.0,0.0,1.0,1.0,0.3307762982,0.2526266067,0.05141562223,0.03787064552,0.4590747201,0.5913975129,0.5830259814,0.6350359794
1866,1.0,0.0,0.0,0.0,1.0,1.0,0.3248185506,0.2572092872,0.0501371026,0.03856700659,0.4642857763,0.5714280619,0.595588247,0.6214278097
1867,1.0,0.0,0.0,0.0,1.0,1.0,0.3355270394,0.2507758657,0.05255067348,0.03829491138,0.4553570103,0.5851070828,0.5750914235,0.6131378
1868,1.0,0.0,0.0,0.0,1.0,1.0,0.3073757291,0.1704028293,0.04610168934,0.02517205477,0.4754716944,0.6134967897,0.5708813745,0.6741570905
1869,1.0,0.0,0.0,0.0,1.0,1.0,0.3145242981,0.1353409623,0.04320478439,0.01847571135,0.4968943776,0.5855259527,0.5291667413,0.7076920099
1870,1.0,0.0,0.0,0.0,1.0,1.0,0.3359646562,0.1265114751,0.04536032677,0.01711708307,0.5010570358,0.51572232,0.5232069351,0.5666679435
1871,1.0,0.0,0.0,0.0,1.0,1.0,0.3403738415,0.1233351065,0.04492735863,0.01659733057,0.5162690628,0.4968146191,0.5361702278,0.4655189132
1872,1.0,0.0,0.0,0.0,1.0,1.0,0.3498046326,0.123862308,0.04661613703,0.01679337025,0.5217390915,0.5031051453,0.5427351912,0.4482761068
1873,1.0,0.0,0.0,0.0,1.0,1.0,0.3404210961,0.1212089241,0.04535329342,0.01657140255,0.5152837329,0.5256406213,0.5404252091,0.5087726871
1874,1.0,0.0,0.0,0.0,1.0,1.0,0.3646315842,0.1378540473,0.04844486713,0.01867753267,0.5076924043,0.4879510809,0.5387929385,0.437497806
1875,1.0,0.0,0.0,0.0,1.0,1.0,0.3419146555,0.1368803306,0.04488444328,0.01812642813,0.5263157835,0.5064100521,0.552174005,0.4285704891
1876,1.0,0.0,0.0,0.0,1.0,1.0,0.3448624768,0.1347075353,0.04520118237,0.0178501606,0.5142857468,0.4904463638,0.5521737781,0.4193558081
1877,1.0,0.0,0.0,0.0,1.0,1.0,0.3526165508,0.1302691005,0.04727649689,0.01769244671,0.5043290296,0.4846627701,0.5341880136,0.4098339117
1878,1.0,0.0,0.0,0.0,1.0,1.0,0.3481928224,0.1281332887,0.04653006792,0.01723331213,0.5010752722,0.49382754,0.5384618794,0.4333320651
1879,1.0,0.0,0.0,0.0,1.0,1.0,0.3459607787,0.1159693594,0.04630577564,0.01572114229,0.5235042466,0.4753089916,0.5400841025,0.4000007583
1880,1.0,0.0,0.0,0.0,1.0,1.0,0.3470865038,0.1238806648,0.04714941978,0.01675796509,0.5104602767,0.4759024874,0.5336136546,0.4067799624
1881,1.0,0.0,0.0,0.0,1.0,1.0,0.3436234302,0.1108167288,0.04792153835,0.01548683643,0.5073374559,0.5,0.5313808566,0.471696443
1882,1.0,0.0,0.0,0.0,1.0,1.0,0.3387231456,0.1161177699,0.04621046782,0.0159739852,0.510460267,0.5308642135,0.543568373,0.6071440565
1883,1.0,0.0,0.0,0.0,1.0,1.0,0.3249212296,0.1131057922,0.04518675804,0.01572960615,0.4753085401,0.544303714,0.5226338877,0.672727066
1884,1.0,0.0,0.0,0.0,1.0,1.0,0.31071792,0.1314006524,0.04458081722,0.01874095201,0.479208015,0.5923560918,0.5418326826,0.6818183264
1885,1.0,0.0,0.0,0.0,1.0,1.0,0.3298160101,0.1164008152,0.04638928175,0.01630651951,0.4719999881,0.5757571475,0.5381528394,0.7068952913
1886,1.0,0.0,0.0,0.0,1.0,1.0,0.3185471431,0.1249303396,0.04531008005,0.01755768061,0.482071805,0.6062495971,0.5604839291,0.7580634758
1887,1.0,0.0,0.0,0.0,1.0,1.0,0.3249214523,0.1300926464,0.04634892941,0.01848089695,0.4732510666,0.53797553,0.5247933277,0.6507943675
1888,1.0,0.0,0.0,0.0,1.0,1.0,0.3317735788,0.1362872193,0.04614633322,0.01891708374,0.4762886563,0.5279505352,0.5247931382,0.590911096
1889,1.0,0.0,0.0,0.0,1.0,1.0,0.3084215342,0.1352185438,0.04471951723,0.01952940226,0.5,0.6392400592,0.5843138582,0.7246382562
1890,1.0,0.0,0.0,0.0,1.0,1.0,0.3112707939,0.1754748508,0.04742395878,0.02628320456,0.4765478973,0.6204825788,0.5839697375,0.6847824854
1891,1.0,0.0,0.0,0.0,1.0,1.0,0.3203339763,0.2189788033,0.04857611656,0.03247660398,0.4652013471,0.5885711411,0.5767790443,0.6495731986
1892,1.0,0.0,0.0,0.0,1.0,1.0,0.3313754663,0.2471545669,0.05346369743,0.03916859627,0.4574468016,0.5828877602,0.5884474403,0.6350366741
1893,1.0,0.0,0.0,0.0,1.0,1.0,0.3260965562,0.2489520681,0.05076181889,0.03759121895,0.463844784,0.5783780039,0.5854543617,0.6350360565
1894,1.0,0.0,0.0,0.0,1.0,1.0,0.3343201828,0.2597829333,0.05219781399,0.03956049681,0.4630280742,0.5789474886,0.5848377401,0.6388886796
1895,1.0,0.0,0.0,0.0,1.0,1.0,0.3272822857,0.2606457946,0.05189371109,0.04045474529,0.4683098846,0.5645163513,0.5863307253,0.6275861256
1896,1.0,0.0,0.0,0.0,1.0,1.0,0.3296590778,0.2686672771,0.05198603868,0.04125875235,0.4554973228,0.5767197405,0.5806453616,0.6466663874
1897,1.0,0.0,0.0,0.0,1.0,1.0,0.3291266598,0.2658090035,0.05262511969,0.04132860899,0.4517241534,0.5654449016,0.5851065012,0.6133341217
1898,1.0,0.0,0.0,0.0,1.0,1.0,0.3371820165,0.2656968412,0.05539613962,0.04289650917,0.4584775758,0.5589745135,0.5950704147,0.622516271
1899,1.0,0.0,0.0,0.0,1.0,1.0,0.336599477,0.2711251184,0.05502617359,0.04317438602,0.4611398907,0.5641019253,0.5851064706,0.6274515218
1900,1.0,0.0,0.0,0.0,1.0,1.0,0.3399117324,0.2795642528,0.05471950769,0.0435578227,0.4686970734,0.5721400242,0.6048948869,0.6249988026
1901,1.0,0.0,0.0,0.0,1.0,1.0,0.3360043242,0.26569659,0.05719006062,0.04405969381,0.4648370612,0.5714285714,0.6056337674,0.6357611415
1902,1.0,0.0,0.0,0.0,1.0,1.0,0.3377188735,0.2647645073,0.05471390486,0.04193806648,0.466552358,0.5634519204,0.6035087495,0.6357610247
1903,1.0,0.0,0.0,0.0,1.0,1.0,0.3354289229,0.2665178319,0.0564467907,0.04377508163,0.467465764,0.5612246837,0.5999997097,0.6381572498
1904,1.0,0.0,0.0,0.0,1.0,1.0,0.3331476317,0.2630107889,0.05408895016,0.04203796387,0.4715025697,0.5699478325,0.6035088491,0.6466665721
1905,1.0,0.0,0.0,0.0,1.0,1.0,0.3389111889,0.2648698834,0.05659240484,0.04331052303,0.4688581755,0.5663264393,0.6113072827,0.6333333333
1906,1.0,0.0,0.0,0.0,1.0,1.0,0.3394986069,0.2631037288,0.05710709095,0.04341298342,0.4731369971,0.5765307933,0.614841043,0.6375844547
1907,1.0,0.0,0.0,0.0,1.0,1.0,0.3378149524,0.2659232698,0.05359846354,0.04137915373,0.4781085762,0.5751290266,0.6071429529,0.6442950217
1908,1.0,0.0,0.0,0.0,1.0,1.0,0.3366356527,0.2694923911,0.05402719975,0.04227000475,0.478184953,0.5751291335,0.6071428843,0.6357616548
1909,1.0,0.0,0.0,0.0,1.0,1.0,0.3429118858,0.2728974837,0.05467140675,0.04230856895,0.4689655591,0.5628138512,0.6028369312,0.6168831535
1910,1.0,0.0,0.0,0.0,1.0,1.0,0.3417337066,0.2754645966,0.05855298042,0.04590082169,0.4707903129,0.5728646234,0.5971729831,0.6282048285
1911,1.0,0.0,0.0,0.0,1.0,1.0,0.3388815949,0.2690805907,0.05370044708,0.04197901487,0.4750429788,0.5786808059,0.5979021914,0.6233758489
1912,1.0,0.0,0.0,0.0,1.0,1.0,0.3445172287,0.2822983252,0.05658483505,0.04509979486,0.4744027019,0.574257165,0.6035088387,0.6149073084
1913,1.0,0.0,0.0,0.0,1.0,1.0,0.3435042599,0.2748466395,0.05671513081,0.0438901186,0.4697754377,0.5728643163,0.5928570495,0.6168826407
1914,1.0,0.0,0.0,0.0,1.0,1.0,0.3452302299,0.2774254181,0.05610066652,0.04375857115,0.4663211233,0.5700006269,0.5871886108,0.6089747694
1915,1.0,0.0,0.0,0.0,1.0,1.0,0.3457622954,0.2774252615,0.05845808983,0.04537045956,0.4681583736,0.5721386592,0.5907471701,0.6217948213
1916,1.0,0.0,0.0,0.0,1.0,1.0,0.3418230189,0.2812048559,0.0542743206,0.04325413704,0.4618055181,0.5837572427,0.5949820664,0.6242041991
1917,1.0,0.0,0.0,0.0,1.0,1.0,0.3441557193,0.2724113191,0.05442339182,0.04150474072,0.4765216365,0.5757579076,0.6064981187,0.6291391775
1918,1.0,0.0,0.0,0.0,1.0,1.0,0.3354768822,0.2678363573,0.0527189374,0.04091215134,0.4702797967,0.5833334276,0.5935251055,0.6308727374
1919,1.0,0.0,0.0,0.0,1.0,1.0,0.3477848626,0.2770191108,0.05533522367,0.04275900126,0.4586994448,0.570707185,0.5869564378,0.6209148049
1920,1.0,0.0,0.0,0.0,1.0,1.0,0.3553183913,0.2868435992,0.05675274134,0.04445165396,0.4658495284,0.5763548505,0.5956681241,0.6163521169
1921,1.0,0.0,0.0,0.0,1.0,1.0,0.3425154204,0.2806402555,0.05385571718,0.0428083539,0.4692443708,0.5846146695,0.5978260105,0.6129030012
1922,1.0,0.0,0.0,0.0,1.0,1.0,0.3418683906,0.2778231768,0.05501180887,0.04322355986,0.4624780787,0.5867348542,0.5956679765,0.6233771069
1923,1.0,0.0,0.0,0.0,1.0,1.0,0.3424663529,0.280418731,0.05492794514,0.04371809959,0.4615383686,0.561224822,0.5899281126,0.6025634384
1924,1.0,0.0,0.0,0.0,1.0,1.0,0.3407991009,0.2788300289,0.05503320694,0.04391252995,0.4505299933,0.5751291016,0.5833331756,0.6233762708
1925,1.0,0.0,0.0,0.0,1.0,1.0,0.3419609305,0.2834782575,0.05445557833,0.04378902912,0.4550264238,0.5773199374,0.5854544613,0.6153843013
1926,1.0,0.0,0.0,0.0,1.0,1.0,0.3414024841,0.2796272312,0.05368006229,0.04311090708,0.4566371286,0.5803107255,0.577617249,0.6258065676
1927,1.0,0.0,0.0,0.0,1.0,1.0,0.3384632924,0.2762096703,0.05299711227,0.04217576981,0.4556737712,0.5811522093,0.5818178908,0.625
1928,1.0,0.0,0.0,0.0,1.0,1.0,0.3390648198,0.270606971,0.05383014679,0.04227495193,0.476021297,0.5811520064,0.6028881541,0.6133328446
1929,1.0,0.0,0.0,0.0,1.0,1.0,0.3425646715,0.2778233709,0.05607420206,0.0445125699,0.4770318349,0.5824745501,0.5992779837,0.6233769016
1930,1.0,0.0,0.0,0.0,1.0,1.0,0.3378894244,0.2742153044,0.05313366652,0.04250699282,0.478647688,0.5894742746,0.6028880797,0.631579095
1931,1.0,0.0,0.0,0.0,1.0,1.0,0.3433333876,0.2764024265,0.0575221777,0.04547566175,0.4856114753,0.575916366,0.6007325277,0.6158934668
1932,1.0,0.0,0.0,0.0,1.0,1.0,0.3380738289,0.2637932415,0.0541459918,0.04201489687,0.4935304819,0.5792349125,0.6059479623,0.6338025771
1933,1.0,0.0,0.0,0.0,1.0,1.0,0.3535930388,0.2715874901,0.05516636372,0.04221916199,0.4873646299,0.5867344183,0.6123187503,0.6333338039
1934,1.0,0.0,0.0,0.0,1.0,1.0,0.3403898555,0.2671236755,0.05322688818,0.04161888361,0.4710145135,0.5904250733,0.599999847,0.6326525351
1935,1.0,0.0,0.0,0.0,1.0,1.0,0.3416740394,0.2690804905,0.05677604675,0.04463142157,0.4789763596,0.5935830786,0.6007322901,0.6394548011
1936,1.0,0.0,0.0,0.0,1.0,1.0,0.3417682654,0.2692221092,0.05445486307,0.0429751873,0.4695009285,0.5945943579,0.5719556507,0.6232878042
1937,1.0,0.0,0.0,0.0,1.0,1.0,0.3350729404,0.2651189915,0.05176264048,0.0413506031,0.4778420024,0.6034489707,0.5839693023,0.6330929963
1938,1.0,0.0,0.0,0.0,1.0,1.0,0.3438533612,0.2753177085,0.0538443923,0.04319381714,0.476370618,0.5879113398,0.581132011,0.6232875011
1939,1.0,0.0,0.0,0.0,1.0,1.0,0.3465499631,0.2759078874,0.053404212,0.04219228029,0.46360148,0.5911600113,0.5830116086,0.6223778694
1940,1.0,0.0,0.0,0.0,1.0,1.0,0.3496145436,0.2833666588,0.05475562811,0.04404258728,0.4714830019,0.5869566874,0.5823755627,0.6216220605
1941,1.0,0.0,0.0,0.0,1.0,1.0,0.3536487303,0.2786903772,0.05409264565,0.04262733459,0.467307647,0.592390945,0.5769230769,0.6137928431
1942,1.0,0.0,0.0,0.0,1.0,1.0,0.3623930433,0.2937290325,0.05548804998,0.0449745059,0.4541983596,0.584210498,0.5763359848,0.6168827124
1943,1.0,0.0,0.0,0.0,1.0,1.0,0.3513664136,0.2711663702,0.05275201797,0.04102933407,0.4785156636,0.5888894413,0.5891472471,0.6071419232
1944,1.0,0.0,0.0,0.0,1.0,1.0,0.3506814041,0.2662607524,0.05372041464,0.04118567705,0.4736841286,0.5833332409,0.5945947196,0.5942030244
1945,1.0,0.0,0.0,0.0,1.0,1.0,0.3559657329,0.2855548062,0.05437189341,0.04421448708,0.471624383,0.5934067741,0.5945946778,0.5945933923
1946,1.0,0.0,0.0,0.0,1.0,1.0,0.3404042702,0.2674286248,0.05100345612,0.04062479734,0.4792078731,0.5930236907,0.6093751533,0.6131393501
1947,1.0,0.0,0.0,0.0,1.0,1.0,0.3668585259,0.30256569,0.05548888445,0.04649072886,0.492063442,0.5837838593,0.6171876909,0.5935485939
1948,1.0,0.0,0.0,0.0,1.0,1.0,0.3511551505,0.2952018713,0.05402779579,0.04541897774,0.4980695272,0.5879124395,0.617760522,0.5882357573
1949,1.0,0.0,0.0,0.0,1.0,1.0,0.3369332306,0.2774118858,0.05525201559,0.04531908035,0.4924242046,0.5898875374,0.6121674363,0.5958901948
1950,1.0,0.0,0.0,0.0,1.0,1.0,0.3555708657,0.3120861864,0.05466395617,0.0481633544,0.4884616041,0.5783783607,0.6168580851,0.5950928597
1951,1.0,0.0,0.0,0.0,1.0,1.0,0.3392940427,0.2751274246,0.05951368809,0.04754626751,0.4630996652,0.5978262829,0.5880148805,0.5918359672
1952,1.0,0.0,0.0,0.0,1.0,1.0,0.3234495869,0.2875587874,0.05662876368,0.04913818836,0.4863012603,0.5978835311,0.6140348858,0.6341469332
1953,1.0,0.0,0.0,0.0,1.0,1.0,0.3189513704,0.3046625535,0.05507409573,0.05131906271,0.5122393735,0.6022727519,0.6022307477,0.5975614147
1954,1.0,0.0,0.0,0.0,1.0,1.0,0.3166545137,0.3015190531,0.05242180824,0.04685199261,0.4811880935,0.5812503127,0.5864981072,0.5944054165
1955,1.0,0.0,0.0,0.0,1.0,1.0,0.3075207599,0.2967095305,0.05213397741,0.0471688509,0.5018315083,0.5297617482,0.6093751816,0.5197368587
1956,1.0,0.0,0.0,0.0,1.0,1.0,0.2693528793,0.2603107012,0.04789686203,0.0431702137,0.4946807838,0.5460528936,0.5931557186,0.5255482717
1957,1.0,0.0,0.0,0.0,1.0,1.0,0.192805761,0.1534413464,0.03246599436,0.02451515198,0.5039370762,0.479592942,0.5601659705,0.5540535284
1958,1.0,0.0,0.0,-3.141592741,1.0,1.0,0.3667456518,0.4016447721,0.04536983371,0.051679492,0.6026729983,0.4437087441,0.6261680252,0.6976747271
1959,1.0,0.0,0.0,0.0,1.0,1.0,0.1950129632,0.166573564,0.03370690346,0.02754890919,0.517823562,0.4711533701,0.5529413121,0.5058828111
1960,1.0,0.0,0.0,0.0,1.0,1.0,0.2351629879,0.2025383703,0.04287654161,0.03529065847,0.5276017363,0.4846159514,0.5946968025,0.5607478056
1961,1.0,0.0,0.0,0.0,1.0,1.0,0.2600318139,0.2451814042,0.04805552959,0.0428249836,0.5327433708,0.5034009809,0.6142321676,0.5419856253
1962,1.0,0.0,0.0,0.0,1.0,1.0,0.2681643675,0.274754193,0.04920691252,0.04823571444,0.5163283516,0.5394734451,0.5940958783,0.5503354295
1963,1.0,0.0,0.0,0.0,1.0,1.0,0.2429024254,0.2516327334,0.04746478796,0.04680556059,0.5105485335,0.5416669283,0.5815604064,0.5492959719
1964,1.0,0.0,0.0,0.0,1.0,1.0,0.2466922018,0.2542749822,0.05025303364,0.0495646596,0.5080304602,0.5410956629,0.5901059412,0.569445029
1965,1.0,0.0,0.0,0.0,1.0,1.0,0.2468354311,0.2515486495,0.05089825392,0.04956758022,0.5334947191,0.5294116269,0.6249998109,0.5503351347
1966,1.0,0.0,0.0,0.0,1.0,1.0,0.2484396182,0.2447612536,0.04960823059,0.04669010639,0.515840754,0.5490202911,0.5986394133,0.5624998404
1967,1.0,0.0,0.0,0.0,1.0,1.0,0.2341459884,0.2415316471,0.04704856873,0.0457854867,0.5157232518,0.557047371,0.6066667065,0.544827658
1968,1.0,0.0,0.0,0.0,1.0,1.0,0.2420461108,0.2389969332,0.04799950123,0.04545646906,0.4819567672,0.5562909631,0.5919731718,0.5104893179
1969,1.0,0.0,0.0,0.0,1.0,1.0,0.2393484227,0.228060533,0.04637402296,0.04261398315,0.4838187392,0.5472972018,0.5838924976,0.5367651173
1970,1.0,0.0,0.0,0.0,1.0,1.0,0.2243487873,0.218119082,0.04545849562,0.04230159521,0.5042868629,0.5555557012,0.609120394,0.5298512195
1971,1.0,0.0,0.0,0.0,1.0,1.0,0.2352595678,0.209780577,0.04624468088,0.03977692127,0.4897119404,0.5314690723,0.5802046548,0.544714436
1972,1.0,0.0,0.0,0.0,1.0,1.0,0.2380005855,0.2323116542,0.04681950808,0.04397237301,0.4899437306,0.5405403685,0.5953177047,0.5251798074
1973,1.0,0.0,0.0,0.0,1.0,1.0,0.231825249,0.2136854414,0.04623639584,0.0410630703,0.4874289945,0.5384611418,0.5824916796,0.5433066637
1974,1.0,0.0,0.0,0.0,1.0,1.0,0.2381578065,0.223424824,0.04630714655,0.04183614254,0.4921939752,0.5724136156,0.5836177496,0.5496186034
1975,1.0,0.0,0.0,0.0,1.0,1.0,0.2389430117,0.2243644296,0.04695260525,0.04274308681,0.4938169681,0.5586200418,0.5884354593,0.5606057648
1976,1.0,0.0,0.0,0.0,1.0,1.0,0.2207771789,0.2111496115,0.04327124357,0.03994268179,0.4987256147,0.5461540475,0.5950703704,0.5916669527
1977,1.0,0.0,0.0,0.0,1.0,1.0,0.2276787535,0.2193897016,0.04443240166,0.04116529226,0.4958124112,0.5588233716,0.5818816449,0.5714287783
1978,1.0,0.0,0.0,0.0,1.0,1.0,0.2150592687,0.2144132054,0.04236185551,0.04071992636,0.5029190687,0.5503873569,0.6055362833,0.5645149722
1979,1.0,0.0,0.0,0.0,1.0,1.0,0.2323894201,0.226189335,0.04618859291,0.04317623377,0.4810446392,0.5507242075,0.5754384431,0.5736432824
1980,1.0,0.0,0.0,0.0,1.0,1.0,0.2371000427,0.2247881689,0.04727613926,0.04267984629,0.4892915744,0.5486104982,0.5743946125,0.5615383863
1981,1.0,0.0,0.0,0.0,1.0,1.0,0.2473866076,0.243808424,0.05052274466,0.04749137163,0.4933993007,0.5599995753,0.5847751045,0.5673761536
1982,1.0,0.0,0.0,0.0,1.0,1.0,0.2422393156,0.2396623339,0.0486587286,0.04667264223,0.5020610244,0.5578226709,0.5918366847,0.574468384
1983,1.0,0.0,0.0,0.0,1.0,1.0,0.2444557792,0.2429199384,0.04910582304,0.04676747322,0.5041597234,0.5442169109,0.5868056394,0.5571430028
1984,1.0,0.0,0.0,0.0,1.0,1.0,0.2550300312,0.2480756163,0.0499997139,0.04695916176,0.5137931391,0.5337829139,0.5964285782,0.5755403354
1985,1.0,0.0,0.0,0.0,1.0,1.0,0.2524540821,0.2400090913,0.0510225296,0.046828866,0.513840846,0.5410950263,0.6057347429,0.5522390149
1986,1.0,0.0,0.0,0.0,1.0,1.0,0.2679971352,0.2427217467,0.05380219221,0.04660576582,0.5098206746,0.5286616865,0.592857369,0.5294117647
1987,1.0,0.0,0.0,0.0,1.0,1.0,0.2562237959,0.2410001993,0.04954648018,0.04462462664,0.4991511114,0.5430459115,0.5815603271,0.536765521
1988,1.0,0.0,0.0,0.0,1.0,1.0,0.2537176637,0.2210997165,0.05113339424,0.04249602556,0.5094339385,0.5202709949,0.5971222754,0.5203256822
1989,1.0,0.0,0.0,0.0,1.0,1.0,0.2632343793,0.2373674135,0.05338478088,0.04580760002,0.4987255595,0.529032611,0.5857142945,0.5187970707
1990,1.0,0.0,0.0,0.0,1.0,1.0,0.2678740228,0.2454147087,0.05323165655,0.04649353027,0.5012722891,0.5316461366,0.5943061719,0.5362318469
1991,1.0,0.0,0.0,0.0,1.0,1.0,0.2687136387,0.2370939199,0.05219531059,0.04377675056,0.5108412767,0.5161289586,0.5912408005,0.5076928104
1992,1.0,0.0,0.0,0.0,1.0,1.0,0.2579204649,0.2225033191,0.04772138596,0.03933787346,0.5065388004,0.5270273984,0.5912409251,0.5081957029
1993,1.0,0.0,0.0,0.0,1.0,1.0,0.260199303,0.2281336859,0.05104225874,0.04259163141,0.5103448082,0.523179272,0.5942029309,0.5238094572
1994,1.0,0.0,0.0,0.0,1.0,1.0,0.2624279842,0.2291139297,0.04848068953,0.03998082876,0.5106564757,0.5129860789,0.5920577445,0.5196856733
1995,1.0,0.0,0.0,0.0,1.0,1.0,0.2636824591,0.2205175693,0.05326294899,0.04261040688,0.5131914962,0.5290318754,0.5943061453,0.5322583804
1996,1.0,0.0,0.0,0.0,1.0,1.0,0.2625144749,0.2182894024,0.05024194717,0.03973376751,0.496995707,0.5098040146,0.5848374754,0.4876031694
1997,1.0,0.0,0.0,0.0,1.0,1.0,0.2598202742,0.2208913362,0.04901242256,0.03986346722,0.5025996894,0.5133334631,0.5942027741,0.4918032052
1998,1.0,0.0,0.0,0.0,1.0,1.0,0.2690472935,0.226151123,0.05395793915,0.04288965464,0.4926660856,0.5256411389,0.576642322,0.5000006949
1999,1.0,0.0,0.0,0.0,1.0,1.0,0.2660573223,0.210027899,0.05258285999,0.0396078825,0.500432135,0.5194809758,0.5833333597,0.5086213902
2000,1.0,0.0,0.0,0.0,1.0,1.0,0.2571179755,0.2178715977,0.05125230551,0.04166316986,0.4887967021,0.5483869092,0.5778547662,0.5317457138
2001,1.0,0.0,0.0,0.0,1.0,1.0,0.2434854568,0.2112223489,0.04796528816,0.03986304998,0.5078189798,0.5202703039,0.594501639,0.5365861682
2002,1.0,0.0,0.0,0.0,1.0,1.0,0.2500674027,0.2129394342,0.05029469728,0.04130160809,0.5128416985,0.5231789335,0.5979381697,0.5403232091
2003,1.0,0.0,0.0,0.0,1.0,1.0,0.2415869762,0.20707607,0.04847157001,0.04017162323,0.5165562289,0.5273973277,0.6027394945,0.537190193
2004,1.0,0.0,0.0,0.0,1.0,1.0,0.2365346089,0.1964420635,0.0477951169,0.03837072849,0.5166666888,0.5422531611,0.6034482653,0.5614038903
2005,1.0,0.0,0.0,0.0,1.0,1.0,0.2341927345,0.1985193147,0.0506734252,0.04139518738,0.5099010049,0.5281682603,0.6027395537,0.55172384
2006,1.0,0.0,0.0,0.0,1.0,1.0,0.2414758059,0.2019418529,0.05170828104,0.0423720479,0.5251677633,0.5208335014,0.61986293,0.5338978878
2007,1.0,0.0,0.0,0.0,1.0,1.0,0.2475133372,0.194335769,0.05172759295,0.03995507956,0.5251921886,0.5379313126,0.6145832639,0.5178574892
2008,1.0,0.0,0.0,0.0,1.0,1.0,0.255363939,0.2045122667,0.0473009944,0.03751462698,0.5224669337,0.5310347174,0.6014234829,0.5217392686
2009,1.0,0.0,0.0,0.0,1.0,1.0,0.2474474761,0.183171674,0.04945605993,0.03612744808,0.5206321171,0.560283705,0.6120997904,0.5339801821
2010,1.0,0.0,0.0,0.0,1.0,1.0,0.2436033604,0.2097803913,0.04786491394,0.04032456875,0.5158597075,0.5342461148,0.6040956129,0.5528458289
2011,1.0,0.0,0.0,0.0,1.0,1.0,0.2535255849,0.2005802615,0.05065304041,0.0399711132,0.547886081,0.5510198078,0.6297578455,0.5431029341
2012,1.0,0.0,0.0,0.0,1.0,1.0,0.2453567639,0.2095048976,0.0493119359,0.04207026958,0.5364806841,0.5384610736,0.6323024636,0.5245897691
2013,1.0,0.0,0.0,0.0,1.0,1.0,0.2638120146,0.2134400161,0.05438613892,0.04392725229,0.522842688,0.564103379,0.6101693295,0.5555560079
2014,1.0,0.0,0.0,0.0,1.0,1.0,0.2585787524,0.1995474509,0.05308747292,0.04086345434,0.5131914437,0.5526317562,0.6040954708,0.5384618751
2015,1.0,0.0,0.0,0.0,1.0,1.0,0.2537176646,0.2100522088,0.04924744368,0.04126137495,0.5471697722,0.5472970765,0.6440678429,0.556451345
2016,1.0,0.0,0.0,0.0,1.0,1.0,0.2692158532,0.2291825165,0.05198967457,0.04519367218,0.6091550279,0.5359475925,0.6896552245,0.5413532149
2017,1.0,0.0,0.0,0.0,1.0,1.0,0.2353726134,0.1963814879,0.04484993219,0.03805446625,0.6181980172,0.5227262156,0.6912280918,0.5625
2018,1.0,0.0,0.0,0.0,1.0,1.0,0.240467105,0.1841077596,0.04552620649,0.0348560214,0.6090225812,0.5078128785,0.6766916536,0.5714285714
2019,1.0,0.0,0.0,0.0,1.0,1.0,0.2530934296,0.209620625,0.0480992198,0.03932195902,0.6284657228,0.5109489684,0.7041198204,0.5625006632
2020,1.0,0.0,0.0,0.0,1.0,1.0,0.2356838145,0.1987940891,0.04324293137,0.03543972969,0.6117021963,0.4887221983,0.7007299392,0.5779827778
2021,1.0,0.0,0.0,0.0,1.0,1.0,0.2367546408,0.1988134696,0.0446524024,0.03540289402,0.6277495845,0.5142863245,0.7096776137,0.5855862833
2022,1.0,0.0,0.0,0.0,1.0,1.0,0.2404801822,0.2399382308,0.04888516665,0.04611152411,0.6228668708,0.5035462722,0.7184115792,0.5413541221
2023,1.0,0.0,0.0,0.0,1.0,1.0,0.2422374567,0.2453176602,0.04578250647,0.04322129488,0.637288118,0.4895098704,0.71999977,0.5703698494
2024,1.0,0.0,0.0,0.0,1.0,1.0,0.2176486434,0.2261093954,0.03971940279,0.03781282902,0.6463414086,0.488000108,0.7262357455,0.5546222064
2025,1.0,0.0,0.0,0.0,1.0,1.0,0.2135408705,0.2296015492,0.03923904896,0.03827416897,0.639229355,0.5,0.7142858164,0.5378160945
2026,1.0,0.0,0.0,0.0,1.0,1.0,0.2230740301,0.2392489372,0.04096698761,0.0399993062,0.6186292611,0.4881887702,0.6911197847,0.5564517932
2027,1.0,0.0,0.0,0.0,1.0,1.0,0.2270612751,0.2508803758,0.04149097204,0.04183107615,0.6145251069,0.5163934073,0.6693876603,0.5691064093
2028,1.0,0.0,0.0,0.0,1.0,1.0,0.2141660955,0.21667614,0.03974425793,0.03676348925,0.5964285095,0.5,0.6757813021,0.5495493597
2029,1.0,0.0,0.0,0.0,1.0,1.0,0.189287968,0.2363825339,0.03410369158,0.03887826204,0.6117423945,0.4900002622,0.6721990709,0.5877191772
2030,1.0,0.0,0.0,-3.141592741,1.0,1.0,0.5442253752,0.4922993792,0.06248539686,0.05810558796,0.6463106888,0.560747512,0.6435643414,0.7035174642
2031,1.0,0.0,0.0,0.0,1.0,1.0,0.1159049508,0.1903698481,0.01946657896,0.0280829072,0.5513307803,0.3606546334,0.5714287446,0.5000010612
2032,0.0,0.0,0.0,0.0,0.0,0.0,0.0,0.0,0.0,0.0,0.0,0.0,0.0,0.0
2033,0.0,0.0,0.0,0.0,0.0,0.0,0.0,0.0,0.0,0.0,0.0,0.0,0.0,0.0
2034,0.0,0.0,0.0,0.0,0.0,0.0,0.0,0.0,0.0,0.0,0.0,0.0,0.0,0.0
2035,0.0,0.0,0.0,0.0,0.0,0.0,0.0,0.0,0.0,0.0,0.0,0.0,0.0,0.0
2036,0.0,0.0,0.0,0.0,0.0,0.0,0.0,0.0,0.0,0.0,0.0,0.0,0.0,0.0
2037,0.0,0.0,0.0,0.0,0.0,0.0,0.0,0.0,0.0,0.0,0.0,0.0,0.0,0.0
2038,0.0,0.0,0.0,0.0,0.0,0.0,0.0,0.0,0.0,0.0,0.0,0.0,0.0,0.0
2039,0.0,0.0,0.0,0.0,0.0,0.0,0.0,0.0,0.0,0.0,0.0,0.0,0.0,0.0
2040,0.0,0.0,0.0,0.0,0.0,0.0,0.0,0.0,0.0,0.0,0.0,0.0,0.0,0.0
2041,1.0,0.0,0.0,0.0,1.0,1.0,0.129220594,0.288727494,0.02096635103,0.04258793592,0.519191953,0.484374156,0.5511109333,0.5769222695
2042,1.0,0.0,0.0,0.0,1.0,1.0,0.1324563441,0.2791233445,0.02261644602,0.042491436,0.5140562571,0.4545449754,0.5405405194,0.5725808262
2043,1.0,0.0,0.0,0.0,1.0,1.0,0.1360185488,0.2918722304,0.02187597752,0.0418497324,0.5049310328,0.5217400781,0.5353985317,0.583333096
2044,1.0,0.0,0.0,0.0,1.0,1.0,0.1329901761,0.297611433,0.02191007137,0.04448407888,0.5120967461,0.530302783,0.5422224225,0.6343279482
2045,1.0,0.0,0.0,0.0,1.0,1.0,0.145147139,0.270876989,0.02208995819,0.03660625219,0.5228216527,0.5142873332,0.5280374759,0.6034476863
2046,1.0,0.0,0.0,0.0,1.0,1.0,0.1313436351,0.2555651176,0.02054274082,0.03594976664,0.4948664417,0.4687509067,0.5342466334,0.5982140044
2047,1.0,0.0,0.0,0.0,1.0,1.0,0.1891375647,0.2861836961,0.03061079979,0.04188841581,0.4820716435,0.5368405885,0.5506608396,0.5846157568
2048,1.0,0.0,0.0,0.0,1.0,1.0,0.2333912237,0.2998328533,0.03934150934,0.04663878679,0.4425611257,0.6048381843,0.5428569129,0.5918368651
2049,1.0,0.0,0.0,0.0,1.0,1.0,0.2739211055,0.2990299488,0.04922896624,0.04956161976,0.4481482612,0.5878378787,0.574296988,0.5973149923
2050,1.0,0.0,0.0,0.0,1.0,1.0,0.2753934773,0.2875380411,0.04667073488,0.04481631517,0.4507299859,0.5827817191,0.5753969316,0.58620708
2051,1.0,0.0,0.0,0.0,1.0,1.0,0.2873175314,0.3009684343,0.05123269558,0.04997545481,0.4585537553,0.6012271652,0.5795453934,0.6226413294
2052,1.0,0.0,0.0,0.0,1.0,1.0,0.2886176874,0.2915039256,0.05187851191,0.04772824049,0.4851485132,0.6000009191,0.6123188947,0.6273292313
2053,1.0,0.0,0.0,0.0,1.0,1.0,0.2979598311,0.2947073042,0.05380117893,0.04949706793,0.4633731341,0.5999995569,0.586080434,0.6397510666
2054,1.0,0.0,0.0,0.0,1.0,1.0,0.2919333224,0.2884416845,0.04953318834,0.04574531317,0.4656357553,0.6058825865,0.5955880557,0.643312716
2055,1.0,0.0,0.0,0.0,1.0,1.0,0.3054320794,0.2937427453,0.05334109068,0.0485996604,0.4617995737,0.5833336127,0.605734736,0.6524387178
2056,1.0,0.0,0.0,0.0,1.0,1.0,0.2991408087,0.2884417652,0.05282390118,0.04793846607,0.4480968902,0.5953761856,0.5882354418,0.6433118564
2057,1.0,0.0,0.0,0.0,1.0,1.0,0.299129003,0.2693665284,0.051025033,0.04352134466,0.4718309281,0.5588231171,0.5910778173,0.6344822486
2058,1.0,0.0,0.0,0.0,1.0,1.0,0.2987655042,0.2657691893,0.04862833023,0.04110252857,0.4750889437,0.5714287465,0.5992511601,0.6408439266
2059,1.0,0.0,0.0,0.0,1.0,1.0,0.3224579425,0.2813242402,0.05226176977,0.04388833046,0.4830659445,0.563535647,0.6074074923,0.6184206952
2060,1.0,0.0,0.0,0.0,1.0,1.0,0.3126643851,0.2629129381,0.05201178789,0.04239112139,0.4810126219,0.5549138049,0.6082088738,0.6312047862
2061,1.0,0.0,0.0,0.0,1.0,1.0,0.3144716339,0.2554544938,0.05169928074,0.04070580006,0.4882458808,0.5574714366,0.6007461682,0.6350358016
2062,1.0,0.0,0.0,0.0,1.0,1.0,0.326021082,0.2762093324,0.0545604229,0.04531794786,0.4777184807,0.5573766731,0.607272615,0.6315787397
2063,1.0,0.0,0.0,0.0,1.0,1.0,0.325982846,0.2709107391,0.05522406101,0.04490745068,0.4731182001,0.5659348132,0.6043955728,0.6283782528
2064,1.0,0.0,0.0,0.0,1.0,1.0,0.3216388105,0.2646672747,0.05380386114,0.04346865416,0.4781818914,0.5706214502,0.5888887961,0.629370217
2065,1.0,0.0,0.0,0.0,1.0,1.0,0.3022431625,0.2024891771,0.04969131947,0.03322917223,0.4935064535,0.6073610801,0.6059478447,0.6330267824
2066,1.0,0.0,0.0,0.0,1.0,1.0,0.2936105238,0.1477773725,0.04500591755,0.02265197039,0.4552530378,0.5761580984,0.5214007464,0.6052621192
2067,1.0,0.0,0.0,0.0,1.0,1.0,0.3141103731,0.1506791506,0.0481389761,0.02304834127,0.4628570584,0.5575752998,0.5305343036,0.594935956
2068,1.0,0.0,0.0,0.0,1.0,1.0,0.3037870377,0.1791113567,0.04979336262,0.02946352959,0.5,0.6213020443,0.6021504987,0.6399995145
2069,1.0,0.0,0.0,0.0,1.0,1.0,0.3119856731,0.2017056832,0.0522403121,0.03371322155,0.48275859,0.6279067645,0.5854544417,0.6306297227
2070,1.0,0.0,0.0,0.0,1.0,1.0,0.3241432846,0.2172700045,0.05511045456,0.03674030304,0.4666666784,0.6,0.5760869757,0.6333338741
2071,1.0,0.0,0.0,0.0,1.0,1.0,0.3283880355,0.2256804388,0.05404210091,0.03700709343,0.4732142704,0.6032607017,0.5878135849,0.6507933951
2072,1.0,0.0,0.0,0.0,1.0,1.0,0.3225150892,0.2141662002,0.05592304468,0.03687232733,0.4840424755,0.6098900806,0.5821430018,0.6749997979
2073,1.0,0.0,0.0,0.0,1.0,1.0,0.3208736762,0.2123813101,0.05328071117,0.03464698792,0.4719299428,0.6065575421,0.5749998904,0.663865951
2074,1.0,0.0,0.0,0.0,1.0,1.0,0.3205924057,0.2062906122,0.0535518527,0.03394544125,0.4671340518,0.6065572858,0.5729536928,0.6465522993
2075,1.0,0.0,0.0,0.0,1.0,1.0,0.3057734249,0.1810837821,0.04941362143,0.02936583757,0.4825173639,0.6285712218,0.5993031974,0.6346145649
2076,1.0,0.0,0.0,0.0,1.0,1.0,0.3039349122,0.1510349251,0.04843956232,0.02407115698,0.4682836018,0.5950920472,0.5261193067,0.6419757978
2077,1.0,0.0,0.0,0.0,1.0,1.0,0.3117354604,0.1608947002,0.0482224226,0.02484178543,0.4669186763,0.5757578754,0.5189396089,0.6000009597
2078,1.0,0.0,0.0,0.0,1.0,1.0,0.2998322616,0.1569518834,0.04784059525,0.0252250433,0.4672726205,0.6484852336,0.5595666973,0.6781614627
2079,1.0,0.0,0.0,0.0,1.0,1.0,0.3069841857,0.1887061345,0.05103546381,0.03131723404,0.4589877567,0.6306811347,0.5734265031,0.6481473727
2080,1.0,0.0,0.0,0.0,1.0,1.0,0.320160248,0.2190556806,0.05586963892,0.03783762455,0.4576271505,0.6137568452,0.5684929876,0.6562499015
2081,1.0,0.0,0.0,0.0,1.0,1.0,0.3205756142,0.2315780042,0.05566352606,0.03958958387,0.4648370263,0.6042784986,0.5714285216,0.6541343535
2082,1.0,0.0,0.0,0.0,1.0,1.0,0.3256413747,0.221131086,0.05554002523,0.03751909733,0.4523397479,0.5957446123,0.5609757554,0.6535428443
2083,1.0,0.0,0.0,0.0,1.0,1.0,0.3299962858,0.2249603549,0.05814653635,0.03967291117,0.4651762259,0.6093751442,0.5670104382,0.6717553008
2084,1.0,0.0,0.0,0.0,1.0,1.0,0.335173201,0.2296960175,0.05603981018,0.03803735971,0.4509123227,0.6010357459,0.564912167,0.6488550695
2085,1.0,0.0,0.0,0.0,1.0,1.0,0.3314122688,0.2236512879,0.0562223196,0.03767776489,0.4513887986,0.607329521,0.5629369516,0.648438291
2086,1.0,0.0,0.0,0.0,1.0,1.0,0.3322817749,0.2274589905,0.05618947744,0.03863024712,0.470129807,0.604166954,0.5793102964,0.6666666667
2087,1.0,0.0,0.0,0.0,1.0,1.0,0.3258314871,0.2194719461,0.0567022562,0.03819322586,0.4594594872,0.6217620829,0.5743245881,0.6692307452
2088,1.0,0.0,0.0,0.0,1.0,1.0,0.3303239981,0.218733167,0.05652797222,0.03768533468,0.4677966302,0.6307690361,0.5892256475,0.6923076923
2089,1.0,0.0,0.0,0.0,1.0,1.0,0.3328642242,0.2345629484,0.05741691589,0.04042619467,0.4545454703,0.6020413248,0.5782311678,0.6521742336
2090,1.0,0.0,0.0,0.0,1.0,1.0,0.3313846325,0.2253987331,0.05467367172,0.03751546144,0.4708995454,0.6170209055,0.5874125799,0.6666677259
2091,1.0,0.0,0.0,0.0,1.0,1.0,0.3291054609,0.2326288161,0.05397057533,0.03834754229,0.4627382682,0.6052639717,0.5827585696,0.65185237
2092,1.0,0.0,0.0,0.0,1.0,1.0,0.3331470268,0.234351849,0.05329149961,0.03794580698,0.4816754473,0.5863873936,0.6068966533,0.6397046927
2093,1.0,0.0,0.0,0.0,1.0,1.0,0.3203117818,0.2279429689,0.05280202627,0.03750962019,0.4763573403,0.6010931614,0.596491101,0.6307700375
2094,1.0,0.0,0.0,0.0,1.0,1.0,0.3290200838,0.2296966035,0.05308330059,0.03738665581,0.479646087,0.6129026825,0.6035089261,0.6564877464
2095,1.0,0.0,0.0,0.0,1.0,1.0,0.3284634985,0.245507636,0.05447739363,0.04107654095,0.4745167653,0.5935825659,0.5993029671,0.6382979032
2096,1.0,0.0,0.0,0.0,1.0,1.0,0.3302043608,0.2420251179,0.0544334054,0.04046118259,0.4787986011,0.6042786077,0.592334501,0.640287791
2097,1.0,0.0,0.0,0.0,1.0,1.0,0.3302197132,0.2481009831,0.05491769314,0.04118829966,0.4657293012,0.6010640723,0.588028322,0.645390543
2098,1.0,0.0,0.0,0.0,1.0,1.0,0.3284632421,0.2647644428,0.05513477325,0.04452061653,0.4622144481,0.5989310363,0.5859650018,0.6490068708
2099,1.0,0.0,0.0,0.0,1.0,1.0,0.316980668,0.2550299575,0.05361890793,0.04336392879,0.4766030683,0.5846999031,0.6000000701,0.6351360639
2100,1.0,0.0,0.0,0.0,1.0,1.0,0.3255223797,0.2681429005,0.05259954929,0.04378557205,0.4718309255,0.5783785131,0.5993030329,0.642855976
2101,1.0,0.0,0.0,0.0,1.0,1.0,0.3110149041,0.2568495635,0.05110299587,0.04220306873,0.4615385383,0.5955064698,0.5874126483,0.6462580326
2102,1.0,0.0,0.0,0.0,1.0,1.0,0.3116726939,0.2593707601,0.05187380314,0.04346966743,0.4668989803,0.5921787709,0.6055363014,0.6533333333
2103,1.0,0.0,0.0,0.0,1.0,1.0,0.3095156861,0.2696088725,0.05130112171,0.04499596357,0.4532872489,0.5810059371,0.5979379345,0.643312355
2104,1.0,0.0,0.0,0.0,1.0,1.0,0.307388359,0.2745908531,0.05150622129,0.04632687569,0.4587629797,0.5810056577,0.6075083624,0.6397516327
2105,1.0,0.0,0.0,0.0,1.0,1.0,0.3099313716,0.2724173741,0.05156803131,0.04548418522,0.4581880775,0.5730343702,0.6041666295,0.6242042306
2106,1.0,0.0,0.0,0.0,1.0,1.0,0.3027570509,0.2697452993,0.04989564419,0.04422563314,0.4543890161,0.5738636499,0.5986159786,0.6346156179
2107,1.0,0.0,0.0,0.0,1.0,1.0,0.3027569988,0.2575879506,0.04938292503,0.04208767414,0.4733219211,0.5909092006,0.6151203063,0.6599996601
2108,1.0,0.0,0.0,0.0,1.0,1.0,0.3110509763,0.2625652151,0.05273789167,0.04466867447,0.4693877336,0.579234738,0.6271187569,0.6516127224
2109,1.0,0.0,0.0,0.0,1.0,1.0,0.3087014833,0.2532601346,0.0521274209,0.04291152954,0.4880546473,0.5801100677,0.6292518945,0.6577181861
2110,1.0,0.0,0.0,0.0,1.0,1.0,0.3125403579,0.2651580789,0.05054426193,0.04332363605,0.489690678,0.5769228955,0.6258504047,0.6602558987
2111,1.0,0.0,0.0,0.0,1.0,1.0,0.3097582297,0.2507073802,0.0509275198,0.04164242744,0.4982876093,0.5745860945,0.6372880955,0.6621627038
2112,1.0,0.0,0.0,0.0,1.0,1.0,0.3072548088,0.2438908907,0.05147844553,0.04135626554,0.4991364001,0.6067421975,0.6313992346,0.6713291047
2113,1.0,0.0,0.0,0.0,1.0,1.0,0.3095157553,0.2455965728,0.05255997181,0.04228287935,0.5051903761,0.5921785872,0.6382251685,0.6736106706
2114,1.0,0.0,0.0,0.0,1.0,1.0,0.3096378141,0.2584173353,0.05258822441,0.04411566257,0.4888124948,0.5944446459,0.619863211,0.6688739127
2115,1.0,0.0,0.0,0.0,1.0,1.0,0.3116727708,0.2628291298,0.05219268799,0.0443200469,0.4895470679,0.5921785923,0.6297578478,0.6644740824
2116,1.0,0.0,0.0,0.0,1.0,1.0,0.3096862902,0.2368015338,0.05093324184,0.03935748339,0.5017605902,0.590908559,0.6341464377,0.6691170346
2117,1.0,0.0,0.0,0.0,1.0,1.0,0.3135164679,0.2498606124,0.05318200588,0.04260438681,0.4870018336,0.5856355758,0.6275862744,0.6758624646
2118,1.0,0.0,0.0,0.0,1.0,1.0,0.3081902365,0.2429197111,0.05234968662,0.04140651226,0.4930314086,0.5875709624,0.6319442186,0.6785713258
2119,1.0,0.0,0.0,0.0,1.0,1.0,0.3101715117,0.2481492989,0.05348229408,0.0430830121,0.4844826788,0.5944450141,0.6198629161,0.6689655554
2120,1.0,0.0,0.0,0.0,1.0,1.0,0.3108228566,0.2507133235,0.05253106356,0.0426633954,0.4845360934,0.5856352651,0.6211602601,0.6666666667
2121,1.0,0.0,0.0,0.0,1.0,1.0,0.3097587061,0.2626522059,0.05317157507,0.04523992538,0.476027383,0.5966845688,0.6143345123,0.6623372859
2122,1.0,0.0,0.0,0.0,1.0,1.0,0.3142574855,0.2558298704,0.05319303274,0.04360085726,0.4810996482,0.5683061211,0.6245734135,0.6533333516
2123,1.0,0.0,0.0,0.0,1.0,1.0,0.3145450188,0.2507073951,0.05267179012,0.04191088676,0.4737731878,0.5913978495,0.6135593813,0.6689189189
2124,1.0,0.0,0.0,0.0,1.0,1.0,0.3146393517,0.2591771554,0.05312216282,0.04346352816,0.4747473838,0.5882352941,0.606779508,0.6732035376
2125,1.0,0.0,0.0,0.0,1.0,1.0,0.3140136939,0.2549598397,0.05329871178,0.0429828763,0.4695945451,0.5967743378,0.6122447248,0.6600003051
2126,1.0,0.0,0.0,0.0,1.0,1.0,0.3163216459,0.2609466305,0.0536634922,0.04367297888,0.4730639254,0.5797868323,0.6075086114,0.647058663
2127,1.0,0.0,0.0,0.0,1.0,1.0,0.3156130734,0.2696090073,0.05186539888,0.04377889633,0.4787776262,0.5806457915,0.6219931864,0.662420625
2128,1.0,0.0,0.0,0.0,1.0,1.0,0.3131812998,0.261022555,0.05282777548,0.04387879372,0.4965753972,0.5846995892,0.6288660671,0.664472862
2129,1.0,0.0,0.0,0.0,1.0,1.0,0.312854079,0.2617587266,0.05309450626,0.04419761896,0.4957698857,0.5783786757,0.6224488679,0.6688311601
2130,1.0,0.0,0.0,0.0,1.0,1.0,0.3140139562,0.2557495405,0.05249077082,0.04289567471,0.4831081587,0.5913979349,0.6262628093,0.6710533995
2131,1.0,0.0,0.0,0.0,1.0,1.0,0.3097096155,0.2633665564,0.0538444519,0.04540401697,0.4773869657,0.5837838735,0.6114865052,0.6474355861
2132,1.0,0.0,0.0,0.0,1.0,1.0,0.3169371741,0.2675273954,0.05310410261,0.04467487335,0.4815436822,0.5767196183,0.619528372,0.6540879496
2133,1.0,0.0,0.0,0.0,1.0,1.0,0.3135832369,0.2642593088,0.05386835337,0.04493832588,0.4798658591,0.5721933122,0.6101696757,0.6538464599
2134,1.0,0.0,0.0,0.0,1.0,1.0,0.3094716372,0.2711796588,0.0534209013,0.04641491175,0.4771573832,0.5683054134,0.6109216681,0.6415097732
2135,1.0,0.0,0.0,0.0,1.0,1.0,0.3064726969,0.268016472,0.05237537622,0.04510104656,0.4684838632,0.5722221021,0.602075926,0.6516129885
2136,1.0,0.0,0.0,0.0,1.0,1.0,0.3042516744,0.2714747617,0.05300658941,0.04649186134,0.4540816903,0.5865919715,0.5951555925,0.6496812837
2137,1.0,0.0,0.0,0.0,1.0,1.0,0.3056708991,0.2725751661,0.05050039291,0.04425883293,0.4553264558,0.5786515528,0.5909092911,0.6474358284
2138,1.0,0.0,0.0,0.0,1.0,1.0,0.3050019129,0.2778168238,0.050357759,0.04523664713,0.4517241314,0.5875710026,0.587412485,0.6352199435
2139,1.0,0.0,0.0,0.0,1.0,1.0,0.3098097102,0.2774252718,0.05192011595,0.04576009512,0.4640981112,0.5762707,0.5943059174,0.6346149087
2140,1.0,0.0,0.0,0.0,1.0,1.0,0.3032791258,0.2735314666,0.05065649748,0.0449000597,0.4620690996,0.5738632152,0.5964911771,0.6410251985
2141,1.0,0.0,0.0,0.0,1.0,1.0,0.3012257276,0.2711250256,0.0508069396,0.04493325949,0.4616725239,0.5780344651,0.5921984413,0.6339879685
2142,1.0,0.0,0.0,0.0,1.0,1.0,0.3043282211,0.2639371417,0.05022460222,0.04280507565,0.4567474948,0.5852267131,0.5915492337,0.64
2143,1.0,0.0,0.0,0.0,1.0,1.0,0.3129737823,0.2694923501,0.05160450935,0.04305130243,0.463667922,0.5690602694,0.5928569776,0.6622505645
2144,1.0,0.0,0.0,0.0,1.0,1.0,0.3040262878,0.2738683198,0.05031394958,0.04453068972,0.4702795888,0.5804593616,0.5978646291,0.642856856
2145,1.0,0.0,0.0,0.0,1.0,1.0,0.3017512912,0.2660383742,0.04903185368,0.04194629192,0.4607329781,0.5780337897,0.5863310481,0.6486482262
2146,1.0,0.0,0.0,0.0,1.0,1.0,0.3017179901,0.2717776813,0.04982942343,0.04388386011,0.4596911862,0.5795449516,0.5964912669,0.6451608084
2147,1.0,0.0,0.0,0.0,1.0,1.0,0.3020384165,0.2689470667,0.05105775595,0.04446041584,0.4617996896,0.5674153959,0.5937497521,0.6451612903
2148,1.0,0.0,0.0,0.0,1.0,1.0,0.30239536,0.2698842505,0.05013370514,0.04390239716,0.4666666067,0.5706214689,0.5958185089,0.6516129032
2149,1.0,0.0,0.0,0.0,1.0,1.0,0.2976341601,0.2689469052,0.04961436987,0.04369443655,0.4703890767,0.5909085994,0.6006943515,0.6580644985
2150,1.0,0.0,0.0,0.0,1.0,1.0,0.2981668958,0.2702571953,0.05225563049,0.04641699791,0.4683333033,0.5810056758,0.6088435669,0.6477987744
2151,1.0,0.0,0.0,0.0,1.0,1.0,0.3021568074,0.265158024,0.05082023144,0.04356020689,0.4700997046,0.5824175309,0.6054422016,0.6602565067
2152,1.0,0.0,0.0,0.0,1.0,1.0,0.2881725106,0.2677687156,0.05087172985,0.04616683722,0.4716666233,0.5895949084,0.5972695266,0.6433120608
2153,1.0,0.0,0.0,0.0,1.0,1.0,0.298836496,0.2668577039,0.05166852474,0.04506641626,0.4667774536,0.5888880942,0.6054422681,0.6560510734
2154,1.0,0.0,0.0,0.0,1.0,1.0,0.3036699218,0.2676473079,0.0505540967,0.04388767481,0.4757930275,0.5934066452,0.6067795033,0.6645570566
2155,1.0,0.0,0.0,0.0,1.0,1.0,0.3071376671,0.2718077531,0.05253136158,0.04571646452,0.4784054337,0.5891890665,0.6081080746,0.658384996
2156,1.0,0.0,0.0,0.0,1.0,1.0,0.2988365493,0.266062956,0.05174094439,0.04484212399,0.4784053965,0.5777778034,0.600682764,0.6410253002
2157,1.0,0.0,0.0,0.0,1.0,1.0,0.3026595208,0.2652628037,0.05108708143,0.04350823164,0.4625624373,0.582416967,0.6061644284,0.6580642156
2158,1.0,0.0,0.0,0.0,1.0,1.0,0.3072664161,0.2727289795,0.05301576853,0.04588997364,0.4710744515,0.5806452701,0.6067798784,0.6521744213
2159,1.0,0.0,0.0,0.0,1.0,1.0,0.3114084916,0.2690803954,0.05380493402,0.04535388947,0.4730833174,0.5811518151,0.6153844794,0.6583849381
2160,1.0,0.0,0.0,0.0,1.0,1.0,0.3125292265,0.279843811,0.05461490154,0.04778802395,0.4739412881,0.5677081173,0.6166668586,0.6488094793
2161,1.0,0.0,0.0,0.0,1.0,1.0,0.311812807,0.2759402139,0.05314022303,0.04586839676,0.4729064436,0.5684211117,0.6026935532,0.6402440926
2162,1.0,0.0,0.0,0.0,1.0,1.0,0.3135502064,0.2774371826,0.05315822363,0.04595977068,0.4738561672,0.5625000701,0.612040147,0.6385536075
2163,1.0,0.0,0.0,0.0,1.0,1.0,0.3133563363,0.2734959302,0.05203986168,0.04437083006,0.4603961351,0.5789477301,0.6013512794,0.6481484218
2164,1.0,0.0,0.0,0.0,1.0,1.0,0.3072665693,0.2744231442,0.05331945419,0.04643952847,0.4611570396,0.5698930861,0.6135591716,0.6604939381
2165,1.0,0.0,0.0,0.0,1.0,1.0,0.3162169824,0.2640666181,0.05290907621,0.04331415892,0.4901638952,0.5699479647,0.6287625053,0.6582274997
2166,1.0,0.0,0.0,0.0,1.0,1.0,0.3080245919,0.2768722681,0.0515255332,0.04494780302,0.4754098419,0.5585102753,0.6148646937,0.6463408651
2167,1.0,0.0,0.0,0.0,1.0,1.0,0.3126372874,0.280248689,0.05225139856,0.04613685608,0.4841930372,0.5744684492,0.6216214748,0.6566259457
2168,1.0,0.0,0.0,0.0,1.0,1.0,0.3159634872,0.2719571501,0.05554586649,0.04677546024,0.4841929679,0.5736840129,0.6224491953,0.6687505256
2169,1.0,0.0,0.0,0.0,1.0,1.0,0.3241886141,0.2843240803,0.05542254448,0.04738199711,0.4739495526,0.5751293777,0.5931033693,0.660606236
2170,1.0,0.0,0.0,0.0,1.0,1.0,0.3281246457,0.2909335627,0.05390626192,0.04675549269,0.4723617379,0.5612247719,0.6027398886,0.6411762981
2171,1.0,0.0,0.0,0.0,1.0,1.0,0.3331473006,0.2963861202,0.05502444506,0.0477989912,0.4747474529,0.5707068245,0.6068968296,0.6511633127
2172,1.0,0.0,0.0,0.0,1.0,1.0,0.3275198817,0.279912777,0.05550336838,0.04663431644,0.4729730027,0.5618551276,0.6116838722,0.650306623
2173,1.0,0.0,0.0,0.0,1.0,1.0,0.3247346849,0.275531187,0.05282890797,0.04406970739,0.4831649506,0.5544034786,0.6198629065,0.6397513008
2174,1.0,0.0,0.0,0.0,1.0,1.0,0.334267128,0.2865294458,0.05612200499,0.0473793745,0.4806721901,0.5628136381,0.6245733026,0.6607145104
2175,1.0,0.0,0.0,0.0,1.0,1.0,0.320225995,0.2721082345,0.05412369967,0.04529297352,0.4688027879,0.5789481799,0.6130135981,0.6540880917
2176,1.0,0.0,0.0,0.0,1.0,1.0,0.3280997803,0.2823764813,0.05656445026,0.04786217213,0.4781144135,0.574358742,0.6164384429,0.6484842975
2177,1.0,0.0,0.0,0.0,1.0,1.0,0.3219111295,0.266974044,0.05429977179,0.0443495512,0.48397978,0.5759161097,0.6198631513,0.6474352944
2178,1.0,0.0,0.0,0.0,1.0,1.0,0.3252821795,0.2710352077,0.058342278,0.04836666584,0.4704889937,0.5699479271,0.6101694066,0.6437498922
2179,1.0,0.0,0.0,0.0,1.0,1.0,0.3217961897,0.271474816,0.05433160067,0.04513263702,0.4667802474,0.5820107445,0.6020760725,0.6496804015
2180,1.0,0.0,0.0,0.0,1.0,1.0,0.3228967968,0.2733661432,0.0532913208,0.04426836967,0.4769231158,0.576720204,0.6167246194,0.6496822405
2181,1.0,0.0,0.0,0.0,1.0,1.0,0.3360045482,0.2758874548,0.06027364731,0.04889541864,0.4922813327,0.5663265508,0.6215276085,0.6289305876
2182,1.0,0.0,0.0,0.0,1.0,1.0,0.3251607646,0.2627399933,0.05303698778,0.04270875454,0.4794520072,0.5684205558,0.6219932091,0.640522292
2183,1.0,0.0,0.0,0.0,1.0,1.0,0.3223454335,0.2541537082,0.05472636223,0.0428545475,0.4795221672,0.5820111179,0.6151203393,0.6689184678
2184,1.0,0.0,0.0,0.0,1.0,1.0,0.3185404613,0.249007492,0.05557775497,0.04293304682,0.4704889996,0.5767202179,0.6245734048,0.6643828865
2185,1.0,0.0,0.0,0.0,1.0,1.0,0.3269359853,0.2619227574,0.05756908655,0.04533940554,0.4745762454,0.5647673705,0.6206896077,0.6381579899
2186,1.0,0.0,0.0,0.0,1.0,1.0,0.3261703895,0.2674564106,0.05504512787,0.04474258423,0.4834205678,0.5614972973,0.6197182547,0.6381578246
2187,1.0,0.0,0.0,0.0,1.0,1.0,0.3077929573,0.2435914449,0.05067241192,0.03960597515,0.4407079793,0.5747122245,0.5842293421,0.6544114327
2188,1.0,0.0,0.0,0.0,1.0,1.0,0.3058788868,0.2435004704,0.05191868544,0.04044830799,0.4323843566,0.5755816824,0.5672727416,0.6417913087
2189,1.0,0.0,0.0,0.0,1.0,1.0,0.3144717202,0.2526263907,0.05269163847,0.04148709774,0.4448462608,0.5689662779,0.5719559365,0.6350357308
2190,1.0,0.0,0.0,0.0,1.0,1.0,0.3188949551,0.2589792777,0.05393403769,0.04278564453,0.4313724903,0.5865926665,0.5620438114,0.6408451097
2191,1.0,0.0,0.0,0.0,1.0,1.0,0.3179243354,0.263198226,0.05425548553,0.0443636179,0.4305798758,0.5966848886,0.5587186813,0.6486487939
2192,1.0,0.0,0.0,0.0,1.0,1.0,0.3147708983,0.2615026135,0.05244463682,0.04325938225,0.4288255553,0.5819212956,0.5698926746,0.6369865467
2193,1.0,0.0,0.0,0.0,1.0,1.0,0.3168110487,0.2738685121,0.05371236801,0.04570001364,0.4273205338,0.580110393,0.5622777352,0.623377013
2194,1.0,0.0,0.0,0.0,1.0,1.0,0.3189709379,0.2686670751,0.05291229486,0.04409354925,0.4858155251,0.594444651,0.6093189287,0.6333331982
2195,1.0,0.0,0.0,0.0,1.0,1.0,0.3176800499,0.2804188884,0.05346339941,0.04685550928,0.4750000598,0.5898879223,0.6043165185,0.6346162408
2196,1.0,0.0,0.0,0.0,1.0,1.0,0.3026984994,0.2580376444,0.05062758923,0.04253911972,0.4677418636,0.5917164082,0.5890910103,0.6408444586
2197,1.0,0.0,0.0,0.0,1.0,1.0,0.3079360369,0.2605686902,0.05157923698,0.04403841496,0.4792792706,0.602339384,0.6178572512,0.6506844494
2198,1.0,0.0,0.0,0.0,1.0,1.0,0.3001919613,0.2525471195,0.04888665676,0.04127556086,0.4784172817,0.5988024609,0.6093192644,0.6595743759
2199,1.0,0.0,0.0,0.0,1.0,1.0,0.3069581907,0.2634892247,0.04889822006,0.04220384359,0.5082267314,0.5833337397,0.6400000595,0.6482756478
2200,1.0,0.0,0.0,0.0,1.0,1.0,0.3088487193,0.254610549,0.04935598373,0.04107886553,0.556621886,0.5776396765,0.6692016066,0.6641792019
2201,1.0,0.0,0.0,0.0,1.0,1.0,0.3005984926,0.2440497718,0.04801219702,0.03853207827,0.5785440913,0.5605100365,0.6782946819,0.6428570324
2202,1.0,0.0,0.0,0.0,1.0,1.0,0.2734503385,0.2130283725,0.0440197587,0.033169806,0.5992293706,0.5563383428,0.6852591228,0.6728967092
2203,1.0,0.0,0.0,0.0,1.0,1.0,0.2884417152,0.2557167017,0.04853051901,0.04049366713,0.6102940428,0.5350310179,0.7109374559,0.6335875391
2204,1.0,0.7853981853,0.0,0.0,1.0,1.0,0.2791082122,0.2295017773,0.04864674807,0.03612101078,0.627090312,0.5329342271,0.7518517004,0.6854837379
2205,1.0,0.7853981853,0.0,0.0,1.0,1.0,0.2798439473,0.2334603122,0.05088567734,0.03664976358,0.6183333646,0.5297615143,0.7528957529,0.6859506148
2206,1.0,0.7853981853,0.0,0.0,1.0,1.0,0.2978133186,0.2528231479,0.05093944073,0.03683757782,0.6380471288,0.5310733868,0.7707507763,0.6875
2207,1.0,0.7853981853,0.0,0.0,1.0,1.0,0.297312894,0.2723889764,0.05127561092,0.03852915764,0.6268907424,0.5310730917,0.7581969061,0.6842106892
2208,1.0,0.7853981853,0.0,0.0,1.0,1.0,0.2952145067,0.2776228119,0.05324393511,0.04015606642,0.6237624073,0.5251403527,0.7654323837,0.6666666667
2209,1.0,0.7853981853,0.0,0.0,1.0,1.0,0.3090712378,0.3078449542,0.05412936211,0.04295045137,0.6100840388,0.5217389389,0.7383965758,0.6438358065
2210,1.0,0.7853981853,0.0,0.0,1.0,1.0,0.3035847047,0.2888679259,0.05385565758,0.0414506793,0.6331057073,0.5112368131,0.7721517042,0.6715327418
2211,1.0,0.7853981853,0.0,0.0,1.0,1.0,0.2961952362,0.2797583877,0.04976844788,0.03812670708,0.6291161901,0.5204676542,0.769230601,0.6717553075
2212,1.0,0.7853981853,0.0,0.0,1.0,1.0,0.3015266142,0.3099535743,0.05410325527,0.04468077421,0.6203389003,0.5224710312,0.7552743698,0.6530610884
2213,1.0,0.7853981853,0.0,0.0,1.0,1.0,0.294356316,0.2915037897,0.04946917295,0.04026556015,0.6267123688,0.5348844214,0.7458334502,0.6642853759
2214,1.0,0.7853981853,0.0,0.0,1.0,1.0,0.3005194165,0.295668243,0.05184209347,0.04206615686,0.6254296079,0.5371421739,0.75,0.654928849
2215,1.0,0.7853981853,0.0,0.0,1.0,1.0,0.2185724816,0.1701179853,0.0372851491,0.02405500412,0.5802469201,0.5322576778,0.6723402731,0.6875012389
2216,1.0,0.7853981853,0.0,0.0,1.0,1.0,0.2167012203,0.1592027686,0.0339012146,0.02104210854,0.5588784776,0.482759227,0.6327433828,0.541668083
2217,1.0,0.7853981853,0.0,0.0,1.0,1.0,0.2394099553,0.1377010418,0.03597688675,0.01770293713,0.5342204893,0.4523800846,0.5688890022,0.4838690127
2218,1.0,0.7853981853,0.0,0.0,1.0,1.0,0.2479532432,0.1701635275,0.03669506311,0.0222992897,0.4847328206,0.3923081796,0.5301722785,0.37974714
2219,1.0,0.0,0.0,0.0,1.0,1.0,0.2534965237,0.1565948403,0.03734964132,0.02081787586,0.4968814721,0.3770496774,0.5069127234,0.3676481536
2220,1.0,0.0,0.0,0.0,1.0,1.0,0.2493232459,0.168887167,0.03724241257,0.02343702316,0.5182795441,0.3534483311,0.5277779806,0.2876696303
2221,1.0,0.0,0.0,0.0,1.0,1.0,0.2509148426,0.1725494548,0.03666818142,0.02372646332,0.5021096849,0.3697475577,0.511210877,0.3116885727
2222,1.0,0.0,0.0,0.0,1.0,1.0,0.2524903352,0.1629044319,0.03604996204,0.02223080397,0.5073683613,0.3750004133,0.5154185965,0.3243254838
2223,1.0,0.0,0.0,0.0,1.0,1.0,0.2640444666,0.1665737206,0.03696632385,0.02291303873,0.5371179485,0.3966948945,0.5600000693,0.3200014568
2224,1.0,0.0,0.0,0.0,1.0,1.0,0.2704115752,0.1637018045,0.03743606806,0.0227611661,0.5216449963,0.4160010063,0.5474137173,0.3684221552
2225,1.0,0.0,0.0,0.0,1.0,1.0,0.2462092102,0.1472208281,0.03449141979,0.02075332403,0.5135699176,0.5084746056,0.5228213996,0.5070408377
2226,1.0,0.0,0.0,0.0,1.0,1.0,0.2383606375,0.1415873478,0.03341042995,0.01992899179,0.4979079329,0.5263159773,0.5125001006,0.5441165475
2227,1.0,0.0,0.0,0.0,1.0,1.0,0.2296853573,0.127500647,0.03306919336,0.01847106218,0.4927536232,0.4954966484,0.5308643702,0.5322579084
2228,1.0,0.0,0.0,0.0,1.0,1.0,0.2246168161,0.1377832211,0.03283601999,0.02018362284,0.5030928302,0.5596327444,0.5432099167,0.5373111849
2229,1.0,0.0,0.0,0.0,1.0,1.0,0.2329375496,0.1856672021,0.03480947018,0.02796661854,0.4980079856,0.589743941,0.5731223732,0.6276593024
2230,1.0,0.0,0.0,0.0,1.0,1.0,0.2537343273,0.2053116422,0.03931641579,0.03181326389,0.5019380026,0.5648843273,0.5968992725,0.6509448456
2231,1.0,0.0,0.0,0.0,1.0,1.0,0.2744678664,0.2281745762,0.04320091009,0.03605043888,0.498106099,0.5655175078,0.6037738483,0.6446283725
2232,1.0,0.0,0.0,0.0,1.0,1.0,0.2869119664,0.2356099311,0.04462593794,0.03664648533,0.5038022018,0.5629138011,0.6159697537,0.6532254654
2233,1.0,0.0,0.0,0.0,1.0,1.0,0.2746560111,0.2250652564,0.04282951355,0.03509640694,0.5038167691,0.5694444444,0.6183205611,0.6694915254
2234,1.0,0.0,0.0,0.0,1.0,1.0,0.2703252058,0.2287184466,0.04138314724,0.03468024731,0.4819047871,0.5704226164,0.5923078889,0.6386554333
2235,1.0,0.0,0.0,0.0,1.0,1.0,0.2464107064,0.2065773924,0.03695136309,0.03103911877,0.4871794617,0.5680008259,0.5866143403,0.6380950552
2236,1.0,0.0,0.0,0.0,1.0,1.0,0.249860512,0.1376348702,0.03608089685,0.01987504959,0.519067726,0.5593215019,0.559321831,0.6307700151
2237,1.0,0.0,0.0,0.0,1.0,1.0,0.2450242778,0.1374779667,0.03542363644,0.01957625151,0.4967742414,0.5350877488,0.5196506824,0.5714281365
2238,1.0,0.0,0.0,0.0,1.0,1.0,0.255721042,0.1406144821,0.03742158413,0.02027004957,0.5031982441,0.4833330679,0.5194803208,0.4923090495
2239,1.0,0.0,0.0,0.0,1.0,1.0,0.2568157758,0.1449405133,0.03680688143,0.02055048943,0.5010705908,0.5083325641,0.5281382934,0.4925372701
2240,1.0,0.0,0.0,0.0,1.0,1.0,0.2503956729,0.1368799719,0.03573018312,0.01923930645,0.4967880426,0.4786330204,0.5130435483,0.4444454771
2241,1.0,0.0,0.0,0.0,1.0,1.0,0.25038633,0.1427777463,0.03707820177,0.02056443691,0.5010525021,0.4957986976,0.5238096026,0.5
2242,1.0,0.0,0.0,0.0,1.0,1.0,0.2610007741,0.1378537324,0.03753888607,0.01953238249,0.5053078891,0.5121943861,0.5344828892,0.5312497139
2243,1.0,0.0,0.0,0.0,1.0,1.0,0.2622192128,0.1374780143,0.0387493372,0.0200099349,0.4989247236,0.5,0.5240173224,0.4761923202
2244,1.0,0.0,0.0,0.0,1.0,1.0,0.2555275623,0.1332589723,0.03649282455,0.01883500814,0.5113401812,0.5725800656,0.5499998946,0.640625445
2245,1.0,0.0,0.0,0.0,1.0,1.0,0.2478929071,0.1692605087,0.0373185873,0.02487909794,0.4822833948,0.6111112886,0.5524192093,0.6666666667
2246,1.0,0.0,0.0,0.0,1.0,1.0,0.2824108225,0.2136354791,0.0443379283,0.03310954571,0.5064220086,0.5714287635,0.6059477924,0.6782601182
2247,1.0,0.0,0.0,0.0,1.0,1.0,0.313654716,0.2606458509,0.04974895716,0.04075479507,0.4875887058,0.5932194252,0.6151079233,0.6620689958
2248,1.0,0.0,0.0,0.0,1.0,1.0,0.3267739977,0.2842937269,0.05331224203,0.04565572739,0.4852174507,0.5904256449,0.6254416712,0.6397511149
2249,1.0,0.0,0.0,0.0,1.0,1.0,0.3236627886,0.2732285927,0.05256438255,0.04389989376,0.498220538,0.5989007625,0.6258992859,0.6513160574
2250,1.0,0.0,0.0,0.0,1.0,1.0,0.3140076047,0.2737442851,0.05123758316,0.04362517595,0.4739675658,0.57714303,0.6102941396,0.6241609271
2251,1.0,0.0,0.0,0.0,1.0,1.0,0.3265326848,0.2850258545,0.05231958628,0.04451495409,0.4909747319,0.5801108938,0.6222224427,0.6428564734
2252,1.0,0.0,0.0,0.0,1.0,1.0,0.3222244216,0.2685066693,0.05115824938,0.04162025452,0.4826958762,0.5819213252,0.6119402009,0.6388885706
2253,1.0,0.0,0.0,0.0,1.0,1.0,0.3254817577,0.2770191074,0.0537212491,0.044670403,0.4407079978,0.581522324,0.5760871534,0.6274509804
2254,1.0,0.0,0.0,0.0,1.0,1.0,0.3302045007,0.282450904,0.05443638563,0.0454121232,0.4381625148,0.582887601,0.5760869364,0.6217953009
2255,1.0,0.0,0.0,0.0,1.0,1.0,0.3354768838,0.2947991303,0.0562209487,0.04802203178,0.4353146104,0.5885419372,0.5647483357,0.6280489924
2256,1.0,0.0,0.0,0.0,1.0,1.0,0.3308011848,0.2896933934,0.05455094576,0.04642635584,0.4313379971,0.5797874375,0.5724637951,0.6249991976
2257,1.0,0.0,0.0,0.0,1.0,1.0,0.3284132875,0.2808649839,0.05382996798,0.04480981827,0.4351686882,0.5891894406,0.5656934688,0.6233771934
2258,1.0,0.0,0.0,0.0,1.0,1.0,0.3124363359,0.2690806114,0.05129051208,0.04283928871,0.4404973205,0.5738641646,0.5677654663,0.619047089
2259,1.0,0.0,0.0,0.0,1.0,1.0,0.3186626291,0.27475433,0.05075228214,0.04296642542,0.4492753406,0.5795448406,0.5719557013,0.6241598542
2260,1.0,0.0,0.0,0.0,1.0,1.0,0.3009268838,0.2433586197,0.04813456535,0.03821593523,0.445255537,0.5696972624,0.572490585,0.6335874053
2261,1.0,0.0,0.0,0.0,1.0,1.0,0.2910464244,0.2358231813,0.04549521208,0.03605276346,0.450549461,0.572327695,0.5730335852,0.6587304605
2262,1.0,0.0,0.0,0.0,1.0,1.0,0.2942799871,0.227145762,0.04688948393,0.03538829088,0.4537036708,0.5786163282,0.5681817573,0.6583338527
2263,1.0,0.0,0.0,0.0,1.0,1.0,0.2874333148,0.2182688229,0.04528188705,0.03373944759,0.4454887405,0.5816989248,0.5593869776,0.6491235818
2264,1.0,0.0,0.0,0.0,1.0,1.0,0.2592611694,0.1479175794,0.03797781467,0.02145314217,0.4792077699,0.6183199877,0.5479999375,0.6351340839
2265,1.0,0.0,0.0,0.0,1.0,1.0,0.2798437411,0.1143431662,0.03930169344,0.01595711708,0.4778947708,0.5488714279,0.5084746414,0.611110281
2266,1.0,0.0,0.0,0.0,1.0,1.0,0.2903638301,0.1212709423,0.04006558657,0.01683914661,0.4926316597,0.5362316253,0.5230124356,0.5862081171
2267,1.0,0.0,0.0,0.0,1.0,1.0,0.2966087129,0.1217268795,0.0424541235,0.01753538847,0.4924732513,0.5217391915,0.5213677336,0.5263175785
2268,1.0,0.0,0.0,0.0,1.0,1.0,0.2788665659,0.1121823707,0.04097002745,0.01644784212,0.5091649761,0.5620436363,0.5591836818,0.6181830701
2269,1.0,0.0,0.0,0.0,1.0,1.0,0.2659962487,0.1738159159,0.03982150555,0.02576684952,0.479452093,0.5882345897,0.5415021002,0.647727483
2270,1.0,0.0,0.0,0.0,1.0,1.0,0.2893122338,0.2250654068,0.04541069269,0.03479522467,0.4605261859,0.5779225978,0.5610687317,0.6440668966
2271,1.0,0.0,0.0,0.0,1.0,1.0,0.3104881789,0.2591839161,0.04991465807,0.0410541296,0.470588159,0.5857989155,0.5858210359,0.6187051195
2272,1.0,0.0,0.0,0.0,1.0,1.0,0.3198936863,0.2709107355,0.05100655556,0.04264950752,0.4575044589,0.5762712855,0.5824175699,0.6216214328
2273,1.0,0.0,0.0,0.0,1.0,1.0,0.3211850973,0.2725748468,0.05127102137,0.04296451807,0.4631957634,0.5865924191,0.5963634755,0.633334027
2274,1.0,0.0,0.0,0.0,1.0,1.0,0.3278026467,0.2778232342,0.05295687914,0.0443226099,0.463458184,0.5923909557,0.5884475509,0.6233765011
2275,1.0,0.0,0.0,0.0,1.0,1.0,0.3175119516,0.2625347615,0.05091780424,0.04194939137,0.4747292605,0.590908612,0.5978259937,0.6275870496
2276,1.0,0.0,0.0,0.0,1.0,1.0,0.3224005775,0.2733981166,0.05183255672,0.04348176718,0.4659498716,0.5833342916,0.597826091,0.6225169739
2277,1.0,0.0,0.0,0.0,1.0,1.0,0.3109772149,0.2552923169,0.04925453663,0.04014390707,0.4640287452,0.5838151688,0.5942030139,0.6312058001
2278,1.0,0.0,0.0,0.0,1.0,1.0,0.2913500698,0.2218911748,0.04627239704,0.0348507762,0.4612546444,0.5632907479,0.5708954332,0.6554620412
2279,1.0,0.0,0.0,0.0,1.0,1.0,0.2718791503,0.1614483417,0.04225474596,0.02499574423,0.4731801428,0.6267602554,0.561538275,0.6785713434
2280,1.0,0.0,0.0,0.0,1.0,1.0,0.2508404512,0.1377183118,0.03742700815,0.02046787739,0.4803921353,0.5937498507,0.5354328056,0.6142856311
2281,1.0,0.0,0.0,0.0,1.0,1.0,0.2798440998,0.1294824517,0.04080444574,0.0186534524,0.4539999759,0.5500003652,0.4979757571,0.5781251498
2282,1.0,0.0,0.0,0.0,1.0,1.0,0.2855547456,0.1239148337,0.0415686965,0.01785701513,0.4688129053,0.5492961786,0.5081301906,0.6393449736
2283,1.0,0.0,0.0,0.0,1.0,1.0,0.2930093445,0.1450802262,0.04339843988,0.02140194178,0.4879516781,0.5410964078,0.5362903601,0.597223344
2284,1.0,0.0,0.0,0.0,1.0,1.0,0.2878716662,0.1460089963,0.04085826874,0.02042913437,0.4827586316,0.5140848563,0.5144032782,0.591549378
2285,1.0,0.0,0.0,0.0,1.0,1.0,0.2795217783,0.1433624999,0.04233503342,0.02131980658,0.4828972643,0.5323738779,0.5163934985,0.5714269739
2286,1.0,0.0,0.0,0.0,1.0,1.0,0.2938359284,0.1482913469,0.04328197241,0.02149379253,0.4880000469,0.5238097861,0.5203249525,0.5890417797
2287,1.0,0.0,0.0,0.0,1.0,1.0,0.2791965236,0.1331223104,0.04091566801,0.01927185059,0.4898784544,0.5434779758,0.5368852324,0.6461549881
2288,1.0,0.0,0.0,0.0,1.0,1.0,0.2707244456,0.1316137674,0.03887218237,0.01870542765,0.4745417621,0.5563912311,0.5267490592,0.6718744523
2289,1.0,0.0,0.0,0.0,1.0,1.0,0.263434384,0.1398395337,0.03861367702,0.02004373074,0.4808852701,0.5648858497,0.5267488155,0.6617649683
2290,1.0,0.0,0.0,0.0,1.0,1.0,0.2538579038,0.1386979475,0.03838026524,0.02055007219,0.4680000718,0.5826771898,0.5183670497,0.6323523014
2291,1.0,0.0,0.0,0.0,1.0,1.0,0.2553905145,0.1474589819,0.03692859411,0.02093595266,0.4668007459,0.5905506982,0.5204916209,0.6666676157
2292,1.0,0.0,0.0,0.0,1.0,1.0,0.2513445423,0.1529757907,0.03753703833,0.02216756344,0.459405909,0.6141731783,0.5346938037,0.6399989245
2293,1.0,0.0,0.0,0.0,1.0,1.0,0.2732698375,0.1854431843,0.04137802124,0.02748888731,0.4875716208,0.6083925855,0.5742189715,0.6736833432
2294,1.0,0.0,0.0,0.0,1.0,1.0,0.2809753203,0.202589313,0.04437196255,0.03126877546,0.4641509135,0.5973150215,0.5637067531,0.6476192473
2295,1.0,0.0,0.0,0.0,1.0,1.0,0.2844709883,0.2094982222,0.04433733225,0.03221845627,0.4705881622,0.5999997311,0.5769231664,0.6697241257
2296,1.0,0.0,0.0,0.0,1.0,1.0,0.2918886083,0.2338316218,0.04611104727,0.03618842363,0.491682034,0.5759492771,0.6037736358,0.6612911992
2297,1.0,0.0,0.0,0.0,1.0,1.0,0.2985581109,0.2461590428,0.04761636257,0.03861576319,0.4936247097,0.5731708538,0.6074073596,0.6691733617
2298,1.0,0.0,0.0,0.0,1.0,1.0,0.2959956866,0.2424016721,0.04679965973,0.03755521774,0.4789762211,0.5679013918,0.589551989,0.6692314529
2299,1.0,0.0,0.0,0.0,1.0,1.0,0.3007331242,0.2443082258,0.04760652781,0.0376291275,0.482882897,0.5748492873,0.5888888889,0.6363636364
2300,1.0,0.0,0.0,0.0,1.0,1.0,0.3151391536,0.2644508977,0.05024576187,0.04163223505,0.4720720849,0.5771426267,0.5985400686,0.6482755955
2301,1.0,0.0,0.0,0.0,1.0,1.0,0.305186546,0.2626270387,0.04935890436,0.04156541824,0.4839284653,0.5789471142,0.598540124,0.6458330943
2302,1.0,0.0,0.0,0.0,1.0,1.0,0.3107354037,0.261846095,0.05001461506,0.04153257608,0.48363633,0.573099227,0.601475926,0.6408458082
2303,1.0,0.0,0.0,0.0,1.0,1.0,0.3005704318,0.2517251027,0.04733228683,0.03920155764,0.4649447448,0.5766876883,0.5932833807,0.6370373411
2304,1.0,0.0,0.0,0.0,1.0,1.0,0.2977853299,0.2451813644,0.04679864645,0.03831636906,0.476722454,0.5812499761,0.6029965247,0.6488546175
2305,1.0,0.0,0.0,0.0,1.0,1.0,0.3072355342,0.2546108574,0.04872024059,0.03932845592,0.4796297041,0.572288626,0.5969580458,0.6492538897
2306,1.0,0.0,0.0,0.0,1.0,1.0,0.3093957002,0.2460745532,0.04870331287,0.03837227821,0.4727954535,0.5878784393,0.5871212396,0.6538460344
2307,1.0,0.0,0.0,0.0,1.0,1.0,0.3013584262,0.2412446186,0.04663294554,0.03718829155,0.484732716,0.5759492619,0.5938699377,0.6587313036
2308,1.0,0.0,0.0,0.0,1.0,1.0,0.3070805427,0.247938237,0.04822260141,0.03863793612,0.4885496835,0.5900615667,0.5923075452,0.6434112832
2309,1.0,0.0,0.0,0.0,1.0,1.0,0.3055987543,0.2344844122,0.04725211859,0.03625631332,0.4884616337,0.5974842291,0.5961539129,0.6639343723
2310,1.0,0.0,0.0,0.0,1.0,1.0,0.2833063,0.1975183906,0.04325705767,0.03003966808,0.4862204317,0.5972223945,0.569169962,0.6700001191
2311,1.0,0.0,0.0,0.0,1.0,1.0,0.2674856641,0.1317257506,0.03947639465,0.01927918196,0.4896266633,0.5813961564,0.5397489216,0.6349215183
2312,1.0,0.0,0.0,0.0,1.0,1.0,0.2868352164,0.0995021327,0.0392614603,0.01380288601,0.5022422813,0.5078123814,0.5221238786,0.5555545959
2313,1.0,0.0,0.0,0.0,1.0,1.0,0.2846093726,0.1008207247,0.03944915533,0.0140671134,0.5099336367,0.5038762735,0.5307015633,0.521738762
2314,1.0,0.0,0.0,0.0,1.0,1.0,0.2666624415,0.1249303811,0.03561210632,0.0167927146,0.5054228739,0.5447150661,0.5431033871,0.6379292598
2315,1.0,0.0,0.0,0.0,1.0,1.0,0.2805448921,0.1091092193,0.03825503588,0.01494336128,0.4758770921,0.5312497565,0.5152841602,0.5600020741
2316,1.0,0.0,0.0,0.0,1.0,1.0,0.2702351535,0.1124373093,0.03749996424,0.01607143879,0.50429184,0.5317470535,0.5375001616,0.6111135836
2317,1.0,0.0,0.0,0.0,1.0,1.0,0.3011421742,0.09538250616,0.04172497988,0.01390832663,0.482532703,0.5217383851,0.5228213631,0.4782616149
2318,1.0,0.0,0.0,0.0,1.0,1.0,0.2978335268,0.09845810034,0.04101753235,0.01459014416,0.4859999935,0.5369129272,0.5427507709,0.5094328831
2319,1.0,0.0,0.0,0.0,1.0,1.0,0.3180935643,0.08745127015,0.04445338249,0.01344579458,0.4734773639,0.5,0.546428649,0.4897975468
2320,1.0,0.0,0.0,0.0,1.0,1.0,0.3248189759,0.08517947101,0.04336196184,0.01250821352,0.4416667504,0.5320518548,0.5113637978,0.600000953
2321,1.0,0.0,0.0,0.0,1.0,1.0,0.2879048103,0.1346110746,0.03899741173,0.02033436298,0.4650204729,0.6285711666,0.5608857909,0.6438353354
2322,1.0,0.0,0.0,0.0,1.0,1.0,0.2945509436,0.1148993963,0.03966957331,0.01723575592,0.4166665837,0.6206898106,0.5109488355,0.6666643612
2323,1.0,0.0,0.0,0.0,1.0,1.0,0.2673158783,0.1231454441,0.03695935011,0.01903128624,0.4590819069,0.6343281055,0.5642856151,0.6666656227
2324,1.0,0.0,0.0,0.0,1.0,1.0,0.2666495741,0.1445619827,0.0365742445,0.02194452286,0.4347827221,0.6444442272,0.5464285728,0.6666684774
2325,1.0,0.0,0.0,0.0,1.0,1.0,0.2478452966,0.1678169291,0.03457200527,0.02529662848,0.4233871411,0.6260159097,0.5261195387,0.6333330977
2326,1.0,0.0,0.0,0.0,1.0,1.0,0.2702770402,0.2002489992,0.03971368074,0.03171378374,0.3988328093,0.6258988271,0.5198553878,0.6486489534
2327,1.0,0.0,0.0,0.0,1.0,1.0,0.2842277083,0.218959235,0.04258179665,0.0345107913,0.4014869951,0.6013068236,0.5159011536,0.6370970388
2328,1.0,0.0,0.0,0.0,1.0,1.0,0.2873856679,0.2330852833,0.04364049435,0.03669130802,0.3919412877,0.6050950194,0.5053004564,0.643939517
2329,1.0,0.0,0.0,0.0,1.0,1.0,0.2921720161,0.2384634996,0.04531252384,0.03757625818,0.3832441664,0.6097566751,0.5052630862,0.6470587302
2330,1.0,0.0,0.0,0.0,1.0,1.0,0.2767416294,0.2213299191,0.04309684038,0.03513628244,0.3756615144,0.617834298,0.5017299349,0.6640615855
2331,1.0,0.0,0.0,0.0,1.0,1.0,0.300749496,0.2380488841,0.04698830843,0.03753334284,0.3577981389,0.5914632522,0.476363525,0.6183196894
2332,1.0,0.0,0.0,0.0,1.0,1.0,0.2818461352,0.2225174688,0.04386854172,0.03405588865,0.3988868871,0.5921056207,0.5056602701,0.6101690169
2333,1.0,0.0,0.0,0.0,1.0,1.0,0.2936213656,0.2310740903,0.04551786184,0.03588908911,0.4764595053,0.5641035378,0.58270664,0.6422766928
2334,1.0,0.0,0.0,0.0,1.0,1.0,0.2908821636,0.2318096339,0.04633581638,0.03623700142,0.4850746681,0.5769231759,0.5779466738,0.6639345611
2335,1.0,0.0,0.0,0.0,1.0,1.0,0.3188519494,0.2613923176,0.05146700144,0.04093277454,0.4925374402,0.5614037729,0.5846155134,0.624999636
2336,1.0,0.0,0.0,0.0,1.0,1.0,0.3062199067,0.2371227557,0.04851669073,0.03601551056,0.486842062,0.552147179,0.5843134962,0.6446279624
2337,1.0,0.0,0.0,0.0,1.0,1.0,0.3011259665,0.2420521991,0.04842215776,0.03683644533,0.4695008994,0.5398768324,0.5585938081,0.6370966307
2338,1.0,0.0,0.0,0.0,1.0,1.0,0.2914262443,0.230186387,0.04782378674,0.03586781025,0.4785046585,0.5448719387,0.5669292543,0.6239310558
2339,1.0,0.0,0.0,0.0,1.0,1.0,0.2936212935,0.2307951255,0.04772895575,0.03518486023,0.4877589806,0.5384616345,0.5742971118,0.6260875752
2340,1.0,0.0,0.0,0.0,1.0,1.0,0.279227498,0.2080468825,0.04432696104,0.03118169308,0.4836223246,0.5310340562,0.5632654733,0.6274510554
2341,1.0,0.0,0.0,0.0,1.0,1.0,0.2763164202,0.1973690277,0.04286497831,0.02857667208,0.4862746157,0.5319145386,0.5630251859,0.6276591085
2342,1.0,0.0,0.0,0.0,1.0,1.0,0.2513812537,0.138450666,0.03766947985,0.01944226027,0.5010142436,0.5645161546,0.5411255613,0.5937514371
2343,1.0,0.0,0.0,0.0,1.0,1.0,0.2783256511,0.1254906234,0.04093998671,0.01736849546,0.5021097525,0.499999272,0.5246635941,0.5535716124
2344,1.0,0.0,0.0,0.0,1.0,1.0,0.2870516005,0.1344540041,0.04214161634,0.01845616102,0.4947589116,0.4598546857,0.5246638465,0.4333345175
2345,1.0,0.0,0.0,0.0,1.0,1.0,0.2534081033,0.120019981,0.0369746089,0.01626878977,0.5070995046,0.584001122,0.5589520188,0.6545457876
2346,1.0,0.0,0.0,0.0,1.0,1.0,0.2725749445,0.1596617602,0.04305511713,0.02351236343,0.5570599135,0.5673757,0.6224065265,0.7012994585
2347,1.0,0.0,0.0,0.0,1.0,1.0,0.2863566643,0.2055303591,0.04488861561,0.02992576361,0.5936330542,0.5359471309,0.6774194605,0.6666666667
2348,1.0,0.7853981853,0.0,0.0,1.0,1.0,0.294707345,0.2101999285,0.04820531607,0.0317376256,0.5989009753,0.5341619361,0.6865079318,0.6603783507
2349,1.0,0.7853981853,0.0,0.0,1.0,1.0,0.2929397247,0.2299095575,0.04996854067,0.03556585312,0.5862068664,0.5529413729,0.6806085188,0.6528936008
2350,1.0,0.0,0.0,0.0,1.0,1.0,0.2935424767,0.226796251,0.0496994853,0.03490793705,0.587412532,0.5416667166,0.6846155902,0.6440687227
2351,1.0,0.7853981853,0.0,0.0,1.0,1.0,0.288845925,0.2197217796,0.04759013653,0.03299194574,0.5904256094,0.5337424696,0.6809337579,0.654868088
2352,1.0,0.0,0.0,0.0,1.0,1.0,0.2891241323,0.2065777108,0.04622942209,0.02996355295,0.5821429174,0.5555549825,0.6771654385,0.6857142857
2353,1.0,0.0,0.0,0.0,1.0,1.0,0.2933144806,0.2049637426,0.04760354757,0.03085416555,0.6105071409,0.5679010336,0.6796873082,0.6857143961
2354,1.0,0.0,0.0,0.0,1.0,1.0,0.2852882043,0.1841078125,0.04578137398,0.0272294879,0.5820895744,0.6013079299,0.6680163379,0.7032976895
2355,1.0,0.0,0.0,0.0,1.0,1.0,0.2791737625,0.1793355073,0.04508137703,0.0267482996,0.5083798914,0.5800010577,0.5967742451,0.6741569028
2356,1.0,0.0,0.0,0.0,1.0,1.0,0.2686471326,0.1774519259,0.04258030653,0.02590548992,0.4511278839,0.5524476503,0.5265307006,0.6321838287
2357,1.0,0.0,0.0,0.0,1.0,1.0,0.2613045484,0.174083225,0.04019290209,0.02493721247,0.4293892586,0.547445223,0.5040985039,0.599999522
2358,1.0,0.0,0.0,0.0,1.0,1.0,0.267402707,0.1873953955,0.04114896059,0.02801632881,0.3984818975,0.5602833284,0.4804685164,0.5624994681
2359,1.0,0.0,0.0,0.0,1.0,1.0,0.2744292302,0.1940305958,0.04205489159,0.03012037277,0.3710574796,0.5810812343,0.4798534334,0.6132078459
2360,1.0,0.0,0.0,0.0,1.0,1.0,0.2805774645,0.2156692602,0.04243886471,0.03411751986,0.3724770407,0.6143796541,0.4877191462,0.6422762523
2361,1.0,0.0,0.0,0.0,1.0,1.0,0.3066576425,0.2263546463,0.04631572962,0.03671371937,0.3844715521,0.5853659164,0.5017422525,0.6153852398
2362,1.0,0.0,0.0,0.0,1.0,1.0,0.2929399415,0.2064819674,0.04323720932,0.03362894058,0.362068962,0.5947711607,0.4861113246,0.6470595533
2363,1.0,0.0,0.0,0.0,1.0,1.0,0.2888785419,0.1995413994,0.04149192572,0.03202396631,0.3132881332,0.6107375319,0.4340275108,0.6434773383
2364,1.0,0.0,0.0,0.0,1.0,1.0,0.3003200566,0.2063694783,0.04406791925,0.03462481499,0.3034146038,0.6168837756,0.4232079159,0.6280994581
2365,1.0,0.0,0.0,0.0,1.0,1.0,0.3253521875,0.2234668039,0.04728329182,0.03753113747,0.2614444398,0.6312496691,0.3873238162,0.6377948379
2366,1.0,0.0,0.0,0.0,1.0,1.0,0.3444837951,0.2310540719,0.04705691338,0.038664639,0.2733260508,0.6369426106,0.3763440324,0.6279072277
2367,1.0,-0.7853981853,0.0,0.0,1.0,1.0,0.3798351075,0.2443079734,0.05066275597,0.04179680347,0.2802851333,0.6187498529,0.3962962589,0.6136368174
2368,1.0,-0.7853981853,0.0,0.0,1.0,1.0,0.4039315605,0.2618860309,0.05567538738,0.04676735401,0.2840647171,0.63428643,0.4081999053,0.6462582173
2369,1.0,-0.7853981853,0.0,0.0,1.0,1.0,0.4025690451,0.2476649155,0.0548465848,0.04470157623,0.3119907584,0.618497826,0.4411248958,0.6382979007
2370,1.0,-0.7853981853,0.0,0.0,1.0,1.0,0.3969580706,0.2315783242,0.05362403393,0.04220122099,0.3243242945,0.6331355554,0.4425087894,0.6541349879
2371,1.0,-0.7853981853,0.0,0.0,1.0,1.0,0.3880871964,0.2219040254,0.05239993334,0.0400891304,0.3274853362,0.6325300725,0.4510489718,0.6614162692
2372,1.0,-0.7853981853,0.0,0.0,1.0,1.0,0.381834904,0.2224843781,0.05173093081,0.0398889184,0.3130035115,0.6204820596,0.4399999468,0.6484366245
2373,1.0,0.0,0.0,0.0,1.0,1.0,0.3380632793,0.1863967644,0.0462038517,0.03255975246,0.3530080302,0.6040272352,0.4706929303,0.6380949068
2374,1.0,0.0,0.0,0.0,1.0,1.0,0.3073576955,0.1878381551,0.04077595472,0.02980858088,0.346765774,0.6206894536,0.4751773289,0.6792453585
2375,1.0,0.0,0.0,0.0,1.0,1.0,0.2921754843,0.1576301175,0.03945702314,0.02557903528,0.4193547462,0.6344823627,0.5469797585,0.7127660814
2376,1.0,0.0,0.0,0.0,1.0,1.0,0.2840518772,0.1384120265,0.03675079346,0.02096158266,0.4400000553,0.6370374455,0.5359713759,0.7012997722
2377,1.0,0.0,0.0,0.0,1.0,1.0,0.2826286632,0.1334992386,0.03810268641,0.02043187618,0.438524573,0.6376809327,0.5667870064,0.7162169258
2378,1.0,0.0,0.0,0.0,1.0,1.0,0.3022027995,0.1332589159,0.04158484936,0.02065652609,0.4505929731,0.6274513457,0.5684211295,0.6973675478
2379,1.0,0.0,0.0,0.0,1.0,1.0,0.3125827432,0.09428692976,0.04252922535,0.01398986578,0.4629630441,0.5855264449,0.5283018262,0.6200007669
2380,1.0,0.0,0.0,0.0,1.0,1.0,0.2849383959,0.09357314985,0.03818893433,0.01359754801,0.4492440252,0.6439385426,0.5099601103,0.6383011366
2381,1.0,0.0,0.0,0.0,1.0,1.0,0.2875947977,0.1422284997,0.04058718681,0.02130109072,0.4428571957,0.5957441184,0.5269231749,0.6216222266
2382,1.0,0.0,0.0,0.0,1.0,1.0,0.3045172705,0.1969159618,0.04667925835,0.03171795607,0.4707031882,0.5833341846,0.5687734378,0.632075454
2383,1.0,0.0,0.0,0.0,1.0,1.0,0.3159155598,0.2196577075,0.04782110453,0.0347790122,0.4521072752,0.5696973096,0.5677656422,0.6083325478
2384,1.0,0.0,0.0,0.0,1.0,1.0,0.335619624,0.2453825492,0.0516242981,0.03907471895,0.4638218509,0.5801108864,0.5913979018,0.6058392379
2385,1.0,0.0,0.0,0.0,1.0,1.0,0.3411375989,0.2498606673,0.05245816708,0.03941458464,0.4612546032,0.5729733599,0.586330923,0.5899281228
2386,1.0,0.0,0.0,0.0,1.0,1.0,0.3343789476,0.2372775859,0.05281031132,0.03851360083,0.4731977636,0.5745860656,0.5935250108,0.5984839457
2387,1.0,0.0,0.0,0.0,1.0,1.0,0.3386386197,0.2371861753,0.0536558032,0.03799408674,0.4743589949,0.5783780181,0.5978262973,0.58778699
2388,1.0,0.0,0.0,0.0,1.0,1.0,0.335605933,0.2434537858,0.0529050827,0.03866142035,0.4501845814,0.5769231636,0.5750913565,0.5864659568
2389,1.0,0.0,0.0,0.0,1.0,1.0,0.3306561894,0.2339518278,0.05259037018,0.037140131,0.4504673416,0.5706217699,0.5580522362,0.600000321
2390,1.0,0.0,0.0,0.0,1.0,1.0,0.3344143014,0.2421126111,0.05268508196,0.03741830587,0.467680581,0.5511359201,0.5775194232,0.5920003186
2391,1.0,0.0,0.0,0.0,1.0,1.0,0.328713662,0.238416473,0.05068564415,0.03662258387,0.456273801,0.5549129549,0.5648855228,0.592000651
2392,1.0,0.0,0.0,0.0,1.0,1.0,0.332527826,0.2366105467,0.05233871937,0.03654944897,0.4721189211,0.5586597396,0.5795457001,0.5840006001
2393,1.0,0.0,0.0,0.0,1.0,1.0,0.3300221646,0.2479385425,0.05279898643,0.03869926929,0.4634146296,0.556818541,0.5807690736,0.5969001919
2394,1.0,0.0,0.0,0.0,1.0,1.0,0.3425053516,0.257490094,0.05370217562,0.03961640596,0.4625468108,0.540984025,0.5839697111,0.5851850514
2395,1.0,0.0,0.0,0.0,1.0,1.0,0.3362958304,0.2498603665,0.05250275135,0.03804975748,0.4631378862,0.5505613896,0.5736433047,0.5736431437
2396,1.0,0.0,0.0,0.0,1.0,1.0,0.330642441,0.239248412,0.05163288116,0.03637766838,0.4586465548,0.5625,0.5714284594,0.6129038072
2397,1.0,0.0,0.0,0.0,1.0,1.0,0.3318972744,0.240250577,0.05253452063,0.03710067272,0.4540337038,0.5593221108,0.5730768637,0.6000006426
2398,1.0,0.0,0.0,0.0,1.0,1.0,0.3281750147,0.2431595683,0.05197203159,0.03750258684,0.4421642751,0.5511373411,0.5632183419,0.606299538
2399,1.0,0.0,0.0,0.0,1.0,1.0,0.3294038642,0.2402506508,0.05204212666,0.0369617939,0.4606740895,0.5568179475,0.580768976,0.6079991485
2400,1.0,0.0,0.0,0.0,1.0,1.0,0.3281470446,0.2393300629,0.05405980349,0.03861415386,0.4634145856,0.5657136431,0.582375435,0.6000003087
2401,1.0,0.0,0.0,0.0,1.0,1.0,0.3287884578,0.2489031261,0.05317652225,0.03927809,0.4560747002,0.5568186658,0.5632183127,0.5923074705
2402,1.0,0.0,0.0,0.0,1.0,1.0,0.3199720625,0.2307870797,0.04972499609,0.03539246321,0.4651601237,0.5588237057,0.5725191789,0.5950416564
2403,1.0,0.0,0.0,0.0,1.0,1.0,0.3256185341,0.2385034931,0.05088573694,0.03706133366,0.472693074,0.5549131391,0.5833333014,0.5873017405
2404,1.0,0.0,0.0,0.0,1.0,1.0,0.325052092,0.2451463907,0.05074292421,0.0379114151,0.4672897062,0.5574710011,0.5773586622,0.5923074988
2405,1.0,0.0,0.0,0.0,1.0,1.0,0.328788476,0.2470319498,0.05159747601,0.03840494156,0.4635514265,0.5568189432,0.5773583184,0.580151724
2406,1.0,0.0,0.0,0.0,1.0,1.0,0.3350729258,0.2431075944,0.05330532789,0.03860044479,0.4797687612,0.5459765295,0.5984554825,0.5873012687
2407,1.0,0.0,0.0,0.0,1.0,1.0,0.3407188147,0.2537342696,0.0541600585,0.03941649199,0.4640151128,0.5611106526,0.5736432889,0.61068745
2408,1.0,0.0,0.0,0.0,1.0,1.0,0.3387941572,0.2584106265,0.05361926556,0.04051226377,0.4745762776,0.5555558026,0.5855513785,0.5955879432
2409,1.0,0.0,0.0,0.0,1.0,1.0,0.3293398865,0.2366105238,0.05146878958,0.03718847036,0.4780951596,0.5549141115,0.5795453985,0.5919999231
2410,1.0,0.0,0.0,0.0,1.0,1.0,0.329968394,0.2346021252,0.05099701881,0.03625804186,0.4790076551,0.5664747519,0.580152869,0.5934960686
2411,1.0,0.0,0.0,0.0,1.0,1.0,0.3387621416,0.2602320007,0.05379617214,0.04101586342,0.4850186755,0.5580111905,0.5886789784,0.5869571536
2412,1.0,0.0,0.0,0.0,1.0,1.0,0.3337793912,0.2479675139,0.0518193841,0.03857010603,0.470588303,0.5624999281,0.5757576222,0.595418939
2413,1.0,0.0,0.0,0.0,1.0,1.0,0.3414121135,0.2479676743,0.05315893888,0.03890407085,0.4694656295,0.5418995604,0.5833335233,0.5801529641
2414,1.0,0.0,0.0,0.0,1.0,1.0,0.3363140865,0.2441383658,0.05241435766,0.03790414333,0.4733840475,0.5480226117,0.5839693763,0.585937672
2415,1.0,0.0,0.0,0.0,1.0,1.0,0.342014393,0.2546108532,0.05398875475,0.04019165039,0.4752851847,0.544443966,0.5893536064,0.5895515969
2416,1.0,0.0,0.0,0.0,1.0,1.0,0.3350618952,0.2460457137,0.05187600851,0.03824001551,0.475095812,0.5599993106,0.5801528445,0.5891474077
2417,1.0,0.0,0.0,0.0,1.0,1.0,0.3318900555,0.2470318384,0.05205702782,0.03874701262,0.4830188751,0.5625002862,0.5811319048,0.6030532237
2418,1.0,0.0,0.0,0.0,1.0,1.0,0.3350297969,0.2489178589,0.05198925734,0.03855383396,0.4708097509,0.5561803872,0.5849057475,0.5984855278
2419,1.0,0.0,0.0,0.0,1.0,1.0,0.3435011582,0.2516841889,0.05537003279,0.04064393044,0.4680074091,0.563829249,0.5875911116,0.6014486165
2420,1.0,0.0,0.0,0.0,1.0,1.0,0.338608664,0.2416832816,0.05341148376,0.03819209337,0.4699452767,0.5645154091,0.59636372,0.6015025977
2421,1.0,0.0,0.0,0.0,1.0,1.0,0.334365444,0.2389178501,0.05394804478,0.03861856461,0.4698354675,0.5628418138,0.5766423869,0.5954203657
2422,1.0,0.0,0.0,0.0,1.0,1.0,0.3331475602,0.2332033371,0.05222427845,0.03676122427,0.4729980488,0.5754184652,0.5888889897,0.619047233
2423,1.0,0.0,0.0,0.0,1.0,1.0,0.3361758868,0.2471545665,0.05418521166,0.0401263833,0.4800001072,0.5675679838,0.5956679509,0.5985392352
2424,1.0,0.0,0.0,0.0,1.0,1.0,0.3293828602,0.2376951642,0.05194103718,0.03769439459,0.4915253725,0.5657141283,0.5955054913,0.6062994243
2425,1.0,0.0,0.0,0.0,1.0,1.0,0.3209748984,0.229756735,0.04942941666,0.0355181098,0.4923077444,0.5568861481,0.5862069231,0.6
2426,1.0,0.0,0.0,0.0,1.0,1.0,0.3156129016,0.117089113,0.04541689157,0.01695561409,0.4778947556,0.6000007874,0.5355649311,0.6607140346
2427,1.0,0.0,0.0,0.0,1.0,1.0,0.3309113146,0.08510500149,0.0447678566,0.01179689169,0.4966443175,0.5067569367,0.5283842438,0.6153830607
2428,1.0,0.0,0.0,0.0,1.0,1.0,0.3415525053,0.112271989,0.04540663958,0.01554185152,0.5458714712,0.4161069156,0.5550658005,0.2941180982
2429,1.0,0.0,0.0,0.0,1.0,1.0,0.2996089111,0.1047449492,0.04073548317,0.01459181309,0.5525727653,0.4477604078,0.5676854494,0.4374984682
2430,1.0,0.0,0.0,0.0,1.0,1.0,0.2930532604,0.08615898703,0.04089909792,0.01220870018,0.516411276,0.388059571,0.5086206099,0.2249985354
2431,1.0,0.0,0.0,0.0,1.0,1.0,0.2487879354,0.09105081805,0.03422045708,0.01268517971,0.5278970682,0.3706899555,0.5338983776,0.3255819417
2432,1.0,0.0,0.0,0.0,1.0,1.0,0.2275327747,0.08080598177,0.03230524063,0.01147288084,0.5340425226,0.3925242439,0.5234041088,0.5263166098
2433,1.0,0.0,0.0,0.0,1.0,1.0,0.2291299101,0.09383406884,0.03208947182,0.01314139366,0.5393012919,0.3619040366,0.5240175397,0.4418621528
2434,1.0,0.0,0.0,0.0,1.0,1.0,0.2318182715,0.09424567741,0.03256756067,0.01321136951,0.5339169029,0.3679256506,0.5131578276,0.3953485224
2435,1.0,0.0,0.0,0.0,1.0,1.0,0.2311343429,0.108164542,0.03229922056,0.01495331526,0.5417558654,0.3425928831,0.5281383023,0.32
2436,1.0,0.0,0.0,0.0,1.0,1.0,0.2347829004,0.118981415,0.03348183632,0.01689451933,0.5452587015,0.3119263279,0.5324676797,0.3636357222
2437,1.0,0.0,0.0,0.0,1.0,1.0,0.2360709962,0.1035457745,0.03247505426,0.01396125555,0.5364238195,0.3364486153,0.522522646,0.3478275719
2438,1.0,0.0,0.0,0.0,1.0,1.0,0.2291714697,0.1179600929,0.03338718414,0.01700276136,0.5477706837,0.3518523808,0.5321885466,0.3636344515
2439,1.0,0.0,0.0,0.0,1.0,1.0,0.2423541963,0.1194983563,0.03421503305,0.01665329933,0.5579399051,0.3274341371,0.539130498,0.2727275981
2440,1.0,0.0,0.0,0.0,1.0,1.0,0.2392729506,0.126566817,0.03298228979,0.01692897081,0.5444914567,0.3362820344,0.5240173972,0.2931015664
2441,1.0,0.0,0.0,0.0,1.0,1.0,0.2399497478,0.130269429,0.03352099657,0.01778072119,0.5365344396,0.304348058,0.5170942298,0.2459010898
2442,1.0,0.0,0.0,0.0,1.0,1.0,0.2383606551,0.1355174207,0.03320175409,0.01863956451,0.5355648759,0.3070177171,0.5296611198,0.2343726017
2443,1.0,0.0,0.0,0.0,1.0,1.0,0.2477063243,0.1122718827,0.0350009203,0.01552212238,0.5474138799,0.3652170063,0.5374450859,0.3725472126
2444,1.0,0.0,0.0,0.0,1.0,1.0,0.2407259116,0.1276343354,0.0345506072,0.01820075512,0.554838772,0.3303574663,0.5584414933,0.220338095
2445,1.0,0.0,0.0,0.0,1.0,1.0,0.2251962208,0.1132698236,0.03213214874,0.0156069994,0.5515021979,0.3619038079,0.5244447078,0.3725490945
2446,1.0,0.0,0.0,0.0,1.0,1.0,0.2309635271,0.126016877,0.03229403496,0.01702779531,0.5567225375,0.3454551831,0.5434783568,0.3793103448
2447,1.0,0.0,0.0,0.0,1.0,1.0,0.2225651575,0.1362871582,0.03116166592,0.01852053404,0.5357143161,0.3018863594,0.5367965634,0.2698416274
2448,1.0,0.0,0.0,0.0,1.0,1.0,0.2164398882,0.1254806704,0.03047549725,0.01703041792,0.5350318822,0.3333346372,0.5198236473,0.3508747983
2449,1.0,0.0,0.0,0.0,1.0,1.0,0.2045762782,0.1282470561,0.02889192104,0.01745557785,0.5309168151,0.2708334193,0.5088494568,0.293103095
2450,1.0,0.0,0.0,0.0,1.0,1.0,0.2225646185,0.1265957153,0.03102552891,0.01668351889,0.5420166495,0.2641502184,0.5200002352,0.1929811399
2451,1.0,0.0,0.0,0.0,1.0,1.0,0.2220979028,0.1139717534,0.03159034252,0.01549720764,0.5387840974,0.2735840513,0.5263158587,0.25
2452,1.0,0.0,0.0,0.0,1.0,1.0,0.230332516,0.1164606053,0.03330117464,0.01592665911,0.5350700932,0.2869567085,0.5254236328,0.2909114725
2453,1.0,0.0,0.0,0.0,1.0,1.0,0.2443961548,0.1217804561,0.03577208519,0.01686811447,0.5188866577,0.2682919108,0.5210082045,0.2068939929
2454,1.0,0.0,0.0,0.0,1.0,1.0,0.2484163429,0.1254357475,0.03658783436,0.01758480072,0.5163776431,0.2713190039,0.5263157671,0.1774194642
2455,1.0,0.0,0.0,0.0,1.0,1.0,0.230938958,0.1203409984,0.03376293182,0.01673960686,0.5048542403,0.2605040533,0.5102040292,0.1864415832
2456,1.0,0.0,0.0,0.0,1.0,1.0,0.2317253156,0.1122255406,0.0329837203,0.01520121098,0.5262096145,0.2695640389,0.5254236169,0.2075487974
2457,1.0,0.0,0.0,0.0,1.0,1.0,0.2250266496,0.1163146554,0.03295016289,0.01602983475,0.5192697783,0.2702709058,0.5172411556,0.2222238748
2458,1.0,0.0,0.0,0.0,1.0,1.0,0.2264045426,0.1120066296,0.03165924549,0.01483136415,0.5224490039,0.2342352689,0.517241519,0.1923087743
2459,1.0,0.0,0.0,0.0,1.0,1.0,0.2358933447,0.1194981337,0.03355646133,0.01618945599,0.5196687427,0.2807024711,0.5086957249,0.2000007363
2460,1.0,0.0,0.0,0.0,1.0,1.0,0.2262109612,0.1060014107,0.0325357914,0.01449322701,0.5185184686,0.2636353644,0.5108222089,0.1428547928
2461,1.0,0.0,0.0,0.0,1.0,1.0,0.2312760572,0.1129803908,0.03335475922,0.01548612118,0.5082643685,0.2678573981,0.4956523592,0.1730776633
2462,1.0,0.0,0.0,0.0,1.0,1.0,0.2207101864,0.09777146783,0.03156900406,0.01340192556,0.5208333681,0.3113208972,0.5086954064,0.3777768883
2463,1.0,0.0,0.0,0.0,1.0,1.0,0.227616353,0.1021169688,0.03231996298,0.01380944252,0.5175984382,0.2727266021,0.5043476536,0.1914892699
2464,1.0,0.0,0.0,0.0,1.0,1.0,0.2274303264,0.1091093685,0.03211784363,0.01473295689,0.5240083177,0.2568813469,0.5065504554,0.1599980581
2465,1.0,0.0,0.0,0.0,1.0,1.0,0.2172700277,0.1064622147,0.03170067072,0.01479363441,0.5217390949,0.2571425348,0.5,0.2244919338
2466,1.0,0.0,0.0,0.0,1.0,1.0,0.2193393653,0.1030127073,0.03067851067,0.01360273361,0.5155280509,0.2641499903,0.4956139163,0.212763347
2467,1.0,0.0,0.0,0.0,1.0,1.0,0.2248745044,0.1091091833,0.03259289265,0.01508927345,0.5208334147,0.2592581078,0.5021834249,0.140000632
2468,1.0,0.0,0.0,0.0,1.0,1.0,0.2140176946,0.1003804716,0.03071165085,0.01371586323,0.5322244487,0.2621357151,0.5065502888,0.2173922491
2469,1.0,0.0,0.0,0.0,1.0,1.0,0.2253436512,0.09994437828,0.03226155043,0.01374107599,0.5260961303,0.2685183988,0.5130433576,0.2173924359
2470,1.0,0.0,0.0,0.0,1.0,1.0,0.2256123171,0.1030810898,0.03298610449,0.01418089867,0.5168776085,0.299066704,0.5067262495,0.3260856773
2471,1.0,0.0,0.0,0.0,1.0,1.0,0.2291713409,0.102621164,0.03191757202,0.01359450817,0.5222930829,0.268519556,0.5089285875,0.2608668964
2472,1.0,0.0,0.0,0.0,1.0,1.0,0.2223335393,0.1066067764,0.03146845102,0.01438552141,0.521186314,0.2571441018,0.5111112682,0.2499989642
2473,1.0,0.0,0.0,0.0,1.0,1.0,0.2324282003,0.1030816649,0.03353989124,0.01402580738,0.5116277917,0.2454549978,0.5067264122,0.2173903805
2474,1.0,0.0,0.0,0.0,1.0,1.0,0.2365417779,0.1093140344,0.03381860256,0.01492893696,0.518123598,0.2612613724,0.5044643714,0.2244895515
2475,1.0,0.0,0.0,0.0,1.0,1.0,0.230479328,0.1078689968,0.03323745728,0.01480573416,0.5178197394,0.2272717491,0.511013191,0.183672237
2476,1.0,0.0,0.0,0.0,1.0,1.0,0.2286860261,0.09994445451,0.03322970867,0.01384574175,0.521186505,0.2685192161,0.506666965,0.2222236572
2477,1.0,0.0,0.0,0.0,1.0,1.0,0.2289938945,0.1040143686,0.03238201141,0.01392126083,0.5160598786,0.2523358121,0.5067872537,0.1956542216
2478,1.0,0.0,0.0,0.0,1.0,1.0,0.2218633346,0.1043860185,0.03114426136,0.01394075155,0.5179703424,0.2666665391,0.5155554524,0.2553198767
2479,1.0,0.0,0.0,0.0,1.0,1.0,0.2230334157,0.1003904481,0.0326448679,0.01385867596,0.5073685445,0.2547170845,0.5044642684,0.2222227001
2480,1.0,0.0,0.0,0.0,1.0,1.0,0.2216335949,0.1105579367,0.03168910742,0.01494771242,0.5146442922,0.264150624,0.5044248568,0.2399982455
2481,1.0,0.0,0.0,0.0,1.0,1.0,0.2357763528,0.1243845347,0.03361803293,0.01695775986,0.5260958724,0.2743357026,0.5065500981,0.2456134184
2482,1.0,0.0,0.0,0.0,1.0,1.0,0.2225562894,0.1064622898,0.03160375357,0.01433873177,0.5113403503,0.2500004715,0.5000002213,0.2040787483
2483,1.0,0.0,0.0,0.0,1.0,1.0,0.2209508943,0.1060015061,0.03158634901,0.01446479559,0.506198219,0.252336625,0.5021647669,0.1836747308
2484,1.0,0.0,0.0,0.0,1.0,1.0,0.230963702,0.1227385023,0.03373116255,0.01717221737,0.5357142493,0.2454555896,0.5175439008,0.1607139138
2485,1.0,0.0,0.0,0.0,1.0,1.0,0.2257466891,0.1319609794,0.03125596046,0.01733285189,0.5359342151,0.2636368491,0.5151513914,0.1803285453
2486,1.0,0.0,0.0,0.0,1.0,1.0,0.2205247272,0.129714658,0.03081423044,0.01724463701,0.5121456091,0.284403368,0.519148713,0.1967219348
2487,1.0,0.0,0.0,0.0,1.0,1.0,0.2160412603,0.1196813977,0.03153139353,0.01679712534,0.486868672,0.4392515061,0.5042014558,0.4912298756
2488,1.0,0.0,0.0,0.0,1.0,1.0,0.2261093528,0.1800610419,0.03433686495,0.02568048239,0.4657795285,0.5630254289,0.5263160094,0.5842700541
2489,1.0,0.0,0.0,0.0,1.0,1.0,0.2942606983,0.2655343307,0.04829335213,0.04114937782,0.4756097472,0.5502957192,0.5719558374,0.5694451687
2490,1.0,0.0,0.0,0.0,1.0,1.0,0.3076512636,0.2784159858,0.05196332932,0.04478609562,0.4846940144,0.5469614591,0.5857141851,0.5576933826
2491,1.0,0.0,0.0,0.0,1.0,1.0,0.3194093135,0.2926936845,0.05149960518,0.0454082489,0.4725086535,0.5645158677,0.5714285714,0.560976026
2492,1.0,0.0,0.0,0.0,1.0,1.0,0.3303381871,0.2960021869,0.0532784462,0.04621094465,0.4789206904,0.5561226316,0.5923346265,0.5882359011
2493,1.0,0.0,0.0,0.0,1.0,1.0,0.3342845884,0.3012498306,0.05561840534,0.0482403636,0.4829350863,0.566326804,0.60283689,0.5941181631
2494,1.0,0.0,0.0,0.0,1.0,1.0,0.3382461979,0.3005437199,0.05593889952,0.04750591516,0.4676869567,0.5628135992,0.5871884376,0.6094675521
2495,1.0,0.0,0.0,0.0,1.0,1.0,0.3376493377,0.2980789972,0.05639570951,0.0479363203,0.4780405152,0.5599997041,0.6,0.6117641793
2496,1.0,0.0,0.0,0.0,1.0,1.0,0.3342898548,0.2898737507,0.05563592911,0.04650598764,0.4734133278,0.5641021795,0.5871886399,0.6257669105
2497,1.0,0.0,0.0,0.0,1.0,1.0,0.3286303752,0.2888458639,0.05444127321,0.0457418561,0.4661017948,0.5670104109,0.5886524396,0.6196312063
2498,1.0,0.0,0.0,0.0,1.0,1.0,0.315613212,0.2720900229,0.05333298445,0.04387068748,0.4617996495,0.5645159307,0.5907474428,0.627451673
2499,1.0,0.0,0.0,0.0,1.0,1.0,0.3143544336,0.2678363147,0.05101072788,0.04130762815,0.4598290077,0.570651704,0.5755396518,0.6308715245
2500,1.0,0.0,0.0,0.0,1.0,1.0,0.3186864588,0.2743225932,0.05475187302,0.04500555992,0.4808012436,0.5497385106,0.5944053403,0.624203383
2501,1.0,0.0,0.0,0.0,1.0,1.0,0.3089490451,0.2595725847,0.04961007833,0.03985077143,0.4763513034,0.5464479364,0.5901060482,0.6258501163
2502,1.0,0.0,0.0,0.0,1.0,1.0,0.3122196377,0.259572514,0.05309575796,0.04241889715,0.456706377,0.5597828466,0.5724381625,0.6326532906
2503,1.0,0.0,0.0,0.0,1.0,1.0,0.3149861321,0.2658090813,0.05301207304,0.04298275709,0.454855246,0.5513511994,0.5744679439,0.6333329173
2504,1.0,0.0,0.0,0.0,1.0,1.0,0.3255223708,0.275581521,0.0538071394,0.04362744093,0.4630282158,0.5621622759,0.5772058754,0.6133326593
2505,1.0,0.0,0.0,0.0,1.0,1.0,0.3160627875,0.272090376,0.05237030983,0.04331171513,0.4735042354,0.5513505147,0.5836300185,0.6274506296
2506,1.0,0.0,0.0,0.0,1.0,1.0,0.3044771529,0.2226824962,0.05110400915,0.03666782379,0.4853699627,0.5762722144,0.5859648462,0.637794546
2507,1.0,0.0,0.0,0.0,1.0,1.0,0.2819437855,0.1592735295,0.04210442305,0.02323001623,0.4610896163,0.6137925665,0.5099601382,0.6374998396
2508,1.0,0.0,0.0,0.0,1.0,1.0,0.2809749765,0.1450171824,0.04213184118,0.02092456818,0.4584904991,0.5637577721,0.5137254837,0.6081081081
2509,1.0,0.0,0.0,0.0,1.0,1.0,0.2883344703,0.1970227764,0.04569917917,0.03083997965,0.4601770461,0.6134967165,0.5627240457,0.6090906807
2510,1.0,0.0,0.0,0.0,1.0,1.0,0.3120127971,0.237068978,0.05259895325,0.03909760714,0.4607679169,0.5614971262,0.580204936,0.6402875833
2511,1.0,0.0,0.0,0.0,1.0,1.0,0.3200182357,0.2633665605,0.05468505621,0.04374808073,0.4515599295,0.5641023126,0.5878380124,0.6474356616
2512,1.0,0.0,0.0,0.0,1.0,1.0,0.3149155693,0.2628290817,0.05269318819,0.04215455055,0.462686631,0.5736845975,0.5778545067,0.6447366933
2513,1.0,0.0,0.0,0.0,1.0,1.0,0.323202802,0.2738194742,0.05454486609,0.04475468397,0.4610282801,0.5794870786,0.5753425757,0.6312503413
2514,1.0,0.0,0.0,0.0,1.0,1.0,0.3135834231,0.2585361106,0.05245822668,0.04179823399,0.4530202344,0.5721921184,0.5659721326,0.644294967
2515,1.0,0.0,0.0,0.0,1.0,1.0,0.3247344072,0.2801204875,0.05393874645,0.04527503252,0.4545454382,0.5699481293,0.5709344602,0.6234568958
2516,1.0,0.0,0.0,0.0,1.0,1.0,0.3191494086,0.2628290758,0.05440044403,0.04352039099,0.4571428671,0.5684209719,0.5813149175,0.6315789474
2517,1.0,0.0,0.0,0.0,1.0,1.0,0.3337091339,0.2816298629,0.05582648516,0.04624015093,0.463743706,0.5707063643,0.5876286751,0.6158529276
2518,1.0,0.0,0.0,0.0,1.0,1.0,0.3296950877,0.2637414248,0.05387824774,0.04287689924,0.4507771803,0.5811520178,0.5763887896,0.6250001738
2519,1.0,0.0,0.0,0.0,1.0,1.0,0.3222896678,0.2638388725,0.05186837912,0.04166030884,0.4493996422,0.5585107911,0.5664338357,0.6225162531
2520,1.0,0.0,0.0,0.0,1.0,1.0,0.3199588957,0.2655857518,0.05281805992,0.04316312075,0.4561101366,0.5591396393,0.5769230346,0.6184211435
2521,1.0,0.0,0.0,0.0,1.0,1.0,0.3164322326,0.2428223992,0.05305546522,0.04000908136,0.4584774301,0.5683057285,0.5704226957,0.6376815481
2522,1.0,0.0,0.0,0.0,1.0,1.0,0.3233488773,0.2437232928,0.05344223976,0.03972440958,0.4411765183,0.5775396716,0.561403759,0.6330940109
2523,1.0,0.0,0.0,0.0,1.0,1.0,0.3145453077,0.262006549,0.05217885971,0.04236024618,0.446700519,0.5591398832,0.5694442499,0.6158941981
2524,1.0,0.0,0.0,0.0,1.0,1.0,0.31914935,0.2730434618,0.05354422331,0.04480808973,0.4436974547,0.5631582404,0.5773195464,0.616352402
2525,1.0,0.0,0.0,0.0,1.0,1.0,0.3128542033,0.2645581699,0.05135172606,0.04246926308,0.450084583,0.556757152,0.5778544721,0.6143791859
2526,1.0,0.0,0.0,0.0,1.0,1.0,0.3138179847,0.2620912833,0.05140566826,0.04190677404,0.4607509197,0.5597824323,0.5874125327,0.6066672451
2527,1.0,0.0,0.0,0.0,1.0,1.0,0.3269045576,0.287558559,0.05364429951,0.04582113028,0.4684837919,0.5624998611,0.5929825703,0.6036584017
2528,1.0,0.0,0.0,0.0,1.0,1.0,0.3178495913,0.2645583107,0.05338144302,0.0436757803,0.4642857428,0.5668451706,0.5882351455,0.6143788263
2529,1.0,0.0,0.0,0.0,1.0,1.0,0.3187873744,0.274669543,0.05300796032,0.04441213608,0.4551723514,0.562161682,0.5815601687,0.6129024898
2530,1.0,0.0,0.0,0.0,1.0,1.0,0.3226817592,0.2742151422,0.05323851109,0.04374194145,0.441535711,0.5567569867,0.5703968502,0.6118430017
2531,1.0,0.0,0.0,0.0,1.0,1.0,0.3098626226,0.2526264416,0.04932361841,0.03905975819,0.4426522101,0.5664744844,0.571955556,0.6204384463
2532,1.0,0.0,0.0,0.0,1.0,1.0,0.3172833185,0.2661555826,0.05257821083,0.04293882847,0.4462082166,0.566666969,0.5833333641,0.6122441331
2533,1.0,0.0,0.0,0.0,1.0,1.0,0.3208086561,0.2697768493,0.05174934864,0.04236620665,0.4391533365,0.5659333571,0.5724638121,0.6174507975
2534,1.0,0.0,0.0,0.0,1.0,1.0,0.3319947053,0.2766314015,0.05562329292,0.04490423203,0.458477582,0.5677075966,0.5785715754,0.6193546846
2535,1.0,0.0,0.0,0.0,1.0,1.0,0.3273735,0.2766314788,0.05461168289,0.04478740692,0.4558059424,0.5661382707,0.5857143488,0.6193545983
2536,1.0,0.0,0.0,0.0,1.0,1.0,0.3201751618,0.2608032118,0.05298906565,0.04186427593,0.4389381457,0.5911604944,0.5693430738,0.6293698727
2537,1.0,0.0,0.0,0.0,1.0,1.0,0.3244262565,0.2776228026,0.05498957634,0.04582464695,0.431064581,0.5752689221,0.5627241347,0.619354587
2538,1.0,0.0,0.0,0.0,1.0,1.0,0.3286068326,0.2858051148,0.05501055717,0.04645967484,0.4258943924,0.5751296965,0.564912291,0.6196322088
2539,1.0,0.0,0.0,0.0,1.0,1.0,0.3314645128,0.2890372447,0.05657947063,0.04767614603,0.4309764801,0.5685280739,0.5644601192,0.6204810014
2540,1.0,0.0,0.0,0.0,1.0,1.0,0.3348298505,0.2915039168,0.05734884739,0.04841512442,0.4343434853,0.5728635956,0.5729166218,0.6250007694
2541,1.0,0.0,0.0,0.0,1.0,1.0,0.3286755044,0.2870368202,0.05606073141,0.04747998714,0.4244966327,0.5765307913,0.5605538502,0.6204822605
2542,1.0,0.0,0.0,0.0,1.0,1.0,0.3263487045,0.2917949233,0.0541254282,0.047077775,0.4370747739,0.5729169649,0.5734265993,0.6107789738
2543,1.0,0.0,0.0,0.0,1.0,1.0,0.3251607227,0.2820723763,0.05524849892,0.04710662365,0.4400684478,0.5842104355,0.5714285714,0.6296300983
2544,1.0,0.0,0.0,0.0,1.0,1.0,0.337695299,0.2984200334,0.05732685328,0.04893052578,0.4470988886,0.590908571,0.5830390337,0.6213020058
2545,1.0,0.0,0.0,0.0,1.0,1.0,0.3274035287,0.2875585737,0.0538264513,0.04646068811,0.4689654622,0.5894737658,0.6000001476,0.6280486631
2546,1.0,0.0,0.0,0.0,1.0,1.0,0.3302952705,0.2920905459,0.05624562502,0.04837703705,0.4691780534,0.5906733994,0.6021128585,0.6265056085
2547,1.0,0.0,0.0,0.0,1.0,1.0,0.3303093055,0.2931224343,0.0545694828,0.04669350386,0.4701874803,0.5876285056,0.5971733458,0.632530282
2548,1.0,0.0,0.0,0.0,1.0,1.0,0.318861126,0.2797733471,0.053134799,0.04542171955,0.4751285771,0.5806457765,0.5985916062,0.6289311725
2549,1.0,0.0,0.0,0.0,1.0,1.0,0.2899281882,0.2002490868,0.04617774487,0.03183680773,0.4918918069,0.6149065357,0.6137185956,0.6756744107
2550,1.0,0.0,0.0,0.0,1.0,1.0,0.2631105855,0.1614484892,0.03927737474,0.02373600006,0.4678030267,0.654676652,0.5538460291,0.6428567841
2551,1.0,0.0,0.0,0.0,1.0,1.0,0.2665177803,0.1452678051,0.04040253162,0.02164423466,0.464761813,0.6357145175,0.5387598171,0.6666675846
2552,1.0,0.0,0.0,0.0,1.0,1.0,0.2770915665,0.14583302,0.04022282362,0.02080494165,0.4818354816,0.5931031212,0.5525292837,0.6799990832
2553,1.0,0.0,0.0,0.0,1.0,1.0,0.2841737994,0.1481388027,0.04163205624,0.02124089003,0.4835589649,0.5782309906,0.5415018777,0.6666657313
2554,1.0,0.0,0.0,0.0,1.0,1.0,0.2833668811,0.1361104223,0.04157114029,0.01966196299,0.4846744476,0.5810813136,0.5447470239,0.6857154117
2555,1.0,0.0,0.0,0.0,1.0,1.0,0.255886732,0.1565165656,0.03824615479,0.02300316095,0.4693876778,0.6521730999,0.5660376058,0.6506015355
2556,1.0,0.0,0.0,0.0,1.0,1.0,0.2860656535,0.194031149,0.04595857859,0.03044760227,0.4490161377,0.6062496028,0.5494505453,0.6509437656
2557,1.0,0.0,0.0,0.0,1.0,1.0,0.2904357966,0.2217071643,0.04844754934,0.0359082222,0.4427349914,0.5823526879,0.5739434831,0.63491966
2558,1.0,0.0,0.0,0.0,1.0,1.0,0.2978133236,0.2533309054,0.0502653718,0.04146188498,0.4444443954,0.5649717246,0.5729164656,0.6232873069
2559,1.0,0.0,0.0,0.0,1.0,1.0,0.3038844629,0.2619226672,0.05098712444,0.04305577278,0.4729729538,0.5722228327,0.6068966292,0.631579166
2560,1.0,0.0,0.0,0.0,1.0,1.0,0.3072607727,0.2541835384,0.05027133226,0.04060381651,0.4662162261,0.5604395474,0.6020761723,0.6258501304
2561,1.0,0.0,0.0,0.0,1.0,1.0,0.3164902299,0.2780019423,0.05359894037,0.04598224163,0.4699999982,0.568420479,0.607508482,0.619632538
2562,1.0,0.0,0.0,0.0,1.0,1.0,0.3054319758,0.2636457869,0.0506528616,0.04305493832,0.4821732,0.5666675296,0.6241377171,0.6405220796
2563,1.0,0.0,0.0,0.0,1.0,1.0,0.3264170468,0.2960677599,0.05539560318,0.0493991971,0.4696969817,0.5824750587,0.613013991,0.6300578802
2564,1.0,0.0,0.0,0.0,1.0,1.0,0.3297991218,0.2892220178,0.05544835329,0.04756736755,0.484087185,0.5736039791,0.6335617977,0.6331361021
2565,1.0,0.0,0.0,0.0,1.0,1.0,0.3202908825,0.2894938681,0.05391693115,0.04742437601,0.4748322354,0.5811518325,0.613793264,0.6428575917
2566,1.0,0.0,0.0,0.0,1.0,1.0,0.3314559653,0.301555488,0.05537331104,0.04944044352,0.4771573907,0.5867342655,0.6172414646,0.6342858658
2567,1.0,0.0,0.0,0.0,1.0,1.0,0.3196182335,0.2900479092,0.05320101976,0.04672688246,0.4585449083,0.5873017651,0.6048951114,0.6325300052
2568,1.0,0.0,0.0,0.0,1.0,1.0,0.3173099786,0.2858051549,0.05382990837,0.0469212532,0.4533106982,0.5828874696,0.5929823058,0.6257672686
2569,1.0,0.0,0.0,0.0,1.0,1.0,0.3263829764,0.2994842197,0.05592954159,0.04984390736,0.4534686378,0.5906737629,0.595819035,0.6279067543
2570,1.0,0.0,0.0,0.0,1.0,1.0,0.3130783306,0.285052213,0.05172228813,0.04603850842,0.4578312742,0.5824171772,0.5950705473,0.6358030445
2571,1.0,0.0,0.0,0.0,1.0,1.0,0.3213094428,0.2925198764,0.05473995209,0.04840171337,0.451776679,0.5789473684,0.5958187877,0.6250003079
2572,1.0,0.0,0.0,0.0,1.0,1.0,0.3285363298,0.2962631852,0.05315184593,0.04643791914,0.4532871271,0.5894733891,0.5821428857,0.6385542787
2573,1.0,0.0,0.0,0.0,1.0,1.0,0.3252017064,0.2920905666,0.05383276939,0.04678660631,0.4599659554,0.591622341,0.5950703072,0.6385535876
2574,1.0,0.0,0.0,0.0,1.0,1.0,0.3263829264,0.2973694565,0.05448043346,0.04770570993,0.4602369555,0.5906731727,0.5985914159,0.6331354663
2575,1.0,0.0,0.0,0.0,1.0,1.0,0.3141101385,0.2828285049,0.05101239681,0.04446542263,0.4672269305,0.5828875756,0.6111109005,0.6319010839
2576,1.0,0.0,0.0,0.0,1.0,1.0,0.3114927166,0.2808777221,0.05261921883,0.04586595297,0.4666665843,0.5775392952,0.6172412623,0.6319013701
2577,1.0,0.0,0.0,0.0,1.0,1.0,0.2894006146,0.2429199709,0.048799932,0.03972089291,0.4545453742,0.5755813598,0.5972219741,0.6642857357
2578,1.0,0.0,0.0,0.0,1.0,1.0,0.2826701622,0.2307738611,0.04704970121,0.03724771738,0.4612795077,0.5773807488,0.6041666205,0.6541358557
2579,1.0,0.0,0.0,0.0,1.0,1.0,0.2994960408,0.255954732,0.04957783222,0.04094350338,0.4713805475,0.5730339105,0.6202091254,0.6802718811
2580,1.0,0.0,0.0,0.0,1.0,1.0,0.2962569415,0.2577504727,0.04904061556,0.04143083096,0.4684838682,0.5804597911,0.6105264407,0.673470063
2581,1.0,0.0,0.0,0.0,1.0,1.0,0.30337179,0.2664017803,0.05087149143,0.0432407856,0.4721754482,0.5722217926,0.6202090938,0.6535949604
2582,1.0,0.0,0.0,0.0,1.0,1.0,0.3000011153,0.2637413231,0.04970175028,0.04244190454,0.462057382,0.5898877146,0.6076391448,0.6578953651
2583,1.0,0.0,0.0,0.0,1.0,1.0,0.3025992171,0.2614196805,0.04879409075,0.04098701477,0.4757785504,0.5885706468,0.6120998146,0.6530608684
2584,1.0,0.0,0.0,0.0,1.0,1.0,0.3013917243,0.2659230825,0.04849398136,0.04152643681,0.4610053059,0.5919537263,0.5964285973,0.6577182653
2585,1.0,0.0,0.0,0.0,1.0,1.0,0.294260897,0.2543382691,0.04810756445,0.04042172432,0.4564459886,0.5976327915,0.5913978696,0.6549300759
2586,1.0,0.0,0.0,0.0,1.0,1.0,0.3010575213,0.2607241448,0.04906535149,0.04107803106,0.4570927293,0.5930233971,0.5869566616,0.6597221315
2587,1.0,0.0,0.0,0.0,1.0,1.0,0.3021158979,0.2669990715,0.04941964149,0.04252392054,0.4657292758,0.5872089096,0.5884474913,0.6554056232
2588,1.0,0.0,0.0,0.0,1.0,1.0,0.300179576,0.2661557357,0.04949378967,0.04205542803,0.4583333861,0.5895952156,0.5833333962,0.6530607039
2589,1.0,0.0,0.0,0.0,1.0,1.0,0.3069957359,0.2682713091,0.05102688074,0.04337286949,0.4709898122,0.5888885385,0.603508693,0.647058581
2590,1.0,0.0,0.0,0.0,1.0,1.0,0.3121178425,0.2789536455,0.05237048864,0.04540634155,0.4501660576,0.5744686905,0.5993150221,0.6380363669
2591,1.0,0.0,0.0,0.0,1.0,1.0,0.314915297,0.2902157377,0.0536904335,0.04775619507,0.4643449785,0.5789474853,0.6082473667,0.6272191269
2592,1.0,0.0,0.0,0.0,1.0,1.0,0.3177036704,0.2867815879,0.05360865593,0.04662835598,0.458609249,0.5781250695,0.6013745679,0.6407181955
2593,1.0,0.0,0.0,0.0,1.0,1.0,0.3183773441,0.2950572026,0.05433535576,0.04845368862,0.4646962296,0.5721646431,0.6109214844,0.6300586283
2594,1.0,0.0,0.0,0.0,1.0,1.0,0.3209521844,0.2887660727,0.05416345596,0.04686683416,0.4658900977,0.5751294139,0.6089965728,0.6287423931
2595,1.0,0.0,0.0,0.0,1.0,1.0,0.322719447,0.2960675087,0.05523204803,0.04875069857,0.4662272796,0.581632565,0.6095891874,0.6300579165
2596,1.0,0.0,0.0,0.0,1.0,1.0,0.3127392356,0.284323881,0.0518348217,0.04525262117,0.4569536007,0.5873012405,0.5965516208,0.6363629179
2597,1.0,0.0,0.0,0.0,1.0,1.0,0.3138744049,0.2816297048,0.05250161886,0.045317173,0.4677685618,0.5789476074,0.618556617,0.6402440628
2598,1.0,0.0,0.0,0.0,1.0,1.0,0.318758972,0.2887657644,0.05366224051,0.04667490721,0.4601328671,0.583333611,0.6020761118,0.6287430961
2599,1.0,0.0,0.0,0.0,1.0,1.0,0.328175006,0.3008699941,0.05577665567,0.04901582003,0.4643449415,0.5808082481,0.6089965854,0.6379310974
2600,1.0,0.0,0.0,0.0,1.0,1.0,0.3232027203,0.2953677313,0.05488067865,0.04840755463,0.4643449651,0.5846157188,0.6151204374,0.6220941114
2601,1.0,0.0,0.0,0.0,1.0,1.0,0.3177033537,0.291216555,0.05360549688,0.04718399048,0.4486755192,0.58333287,0.5965518244,0.6331365207
2602,1.0,0.0,0.0,0.0,1.0,1.0,0.3269675559,0.298784182,0.05475914478,0.04826706648,0.4502530405,0.5876286864,0.5874125642,0.6140355427
2603,1.0,0.0,0.0,0.0,1.0,1.0,0.3308962238,0.305092914,0.05470371246,0.04856353998,0.4510135584,0.581633209,0.5894734911,0.614942296
2604,1.0,0.0,0.0,0.0,1.0,1.0,0.3140137038,0.2885709827,0.05262583494,0.04640126228,0.4408783841,0.5752682874,0.5880281912,0.6280488745
2605,1.0,0.0,0.0,0.0,1.0,1.0,0.3191496499,0.2893119997,0.05330455303,0.04629075527,0.4453781753,0.5842109265,0.585964924,0.6303040058
2606,1.0,0.0,0.0,0.0,1.0,1.0,0.3298324063,0.2974119007,0.05573034286,0.04816895723,0.4411277376,0.5778898396,0.581314898,0.6279065163
2607,1.0,0.0,0.0,0.0,1.0,1.0,0.3221341992,0.2833470383,0.05424958467,0.04590350389,0.4495867306,0.5846156213,0.5979381785,0.6363628101
2608,1.0,0.0,0.0,0.0,1.0,1.0,0.3287419286,0.2943560144,0.0563903451,0.04873937368,0.4479339113,0.5778898668,0.6027399183,0.6104650665
2609,1.0,0.0,0.0,0.0,1.0,1.0,0.322615288,0.2867814952,0.05588358641,0.04810595512,0.4608985472,0.5721646681,0.6013747023,0.622754261
2610,1.0,0.0,0.0,0.0,1.0,1.0,0.316937341,0.2925198214,0.05323976278,0.04732424021,0.4597315019,0.5873009298,0.5853657009,0.6250004723
2611,1.0,0.0,0.0,0.0,1.0,1.0,0.3170988302,0.2967094262,0.05390143394,0.04825729132,0.4667774021,0.586387944,0.5937497824,0.6257307413
2612,1.0,0.0,0.0,0.0,1.0,1.0,0.3227194108,0.3001734862,0.05495578051,0.04934799671,0.4612849938,0.576530496,0.5972695417,0.6136363087
2613,1.0,0.0,0.0,0.0,1.0,1.0,0.3336897373,0.3028611854,0.05719178915,0.05021721125,0.4609120382,0.5804877235,0.602693777,0.6333327399
2614,1.0,0.0,0.0,0.0,1.0,1.0,0.3331475114,0.3064956993,0.05860441923,0.05234569311,0.4660194495,0.582524341,0.6099997836,0.6195646852
2615,1.0,0.0,0.0,0.0,1.0,1.0,0.3255511052,0.2978132608,0.05677640438,0.05024707317,0.4478826875,0.58,0.5858584574,0.6158188672
2616,1.0,0.0,0.0,0.0,1.0,1.0,0.3342341587,0.3045438564,0.05783301592,0.0510623455,0.4632953331,0.5756098516,0.6026934878,0.6187847561
2617,1.0,0.0,0.0,0.0,1.0,1.0,0.3309941915,0.3008352294,0.05726259947,0.05027937889,0.462035515,0.5609754067,0.6086953731,0.611111638
2618,1.0,0.0,0.0,0.0,1.0,1.0,0.3282480244,0.3015265643,0.05560487509,0.04924213886,0.4607841964,0.5671645791,0.6067795719,0.6067426339
2619,1.0,0.0,0.0,0.0,1.0,1.0,0.3239679635,0.2917831968,0.05637460947,0.04904592037,0.4554295245,0.574999815,0.5973152601,0.609195556
2620,1.0,0.0,0.0,0.0,1.0,1.0,0.3201463548,0.2870016424,0.05599176884,0.04831773043,0.4520325839,0.5634520847,0.5979731655,0.6176476031
2621,1.0,0.0,0.0,0.0,1.0,1.0,0.3249416939,0.294053279,0.05571049452,0.04867631197,0.4581279923,0.5858589209,0.5986393627,0.6184964728
2622,1.0,0.0,0.0,0.0,1.0,1.0,0.326582929,0.2947504051,0.05669993162,0.04957675934,0.4548440438,0.5879390329,0.5932202729,0.6206898625
2623,1.0,0.0,0.0,0.0,1.0,1.0,0.3233490046,0.2920666679,0.05610519648,0.04902118444,0.4493464928,0.5808078072,0.5878379746,0.624277302
2624,1.0,0.0,0.0,0.0,1.0,1.0,0.3320673241,0.3038842409,0.05942994356,0.05218237638,0.4554294579,0.5804884115,0.5979727513,0.6111116822
2625,1.0,0.0,0.0,0.0,1.0,1.0,0.3220240956,0.2857994178,0.05454289913,0.04719513655,0.4808013458,0.5854921657,0.6130136059,0.6407187141
2626,1.0,0.0,0.0,0.0,1.0,1.0,0.3287417764,0.2899401409,0.05641192198,0.04819107056,0.5008264698,0.557788966,0.6382253416,0.6176469861
2627,1.0,0.0,0.0,0.0,1.0,1.0,0.3210126625,0.2744231703,0.05503541231,0.0459574461,0.5033111978,0.5670104544,0.6372881066,0.6296291493
2628,1.0,0.0,0.0,0.0,1.0,1.0,0.3226671569,0.2795050075,0.05497521162,0.04651755095,0.5033113116,0.5743588798,0.6406781166,0.6363630539
2629,1.0,0.0,0.0,0.0,1.0,1.0,0.3243661142,0.2776226133,0.05622965097,0.04709583521,0.5024711428,0.5634513031,0.639730816,0.6363630611
2630,1.0,0.0,0.0,0.0,1.0,1.0,0.3227705584,0.2862808274,0.05548745394,0.04760092497,0.4950820331,0.573604748,0.6338982516,0.627219009
2631,1.0,0.0,0.0,0.0,1.0,1.0,0.3265827945,0.277622783,0.05605429411,0.0464771986,0.5024629969,0.5628140169,0.6363636364,0.642423675
2632,1.0,0.0,0.0,0.0,1.0,1.0,0.313257971,0.2736565855,0.05339354277,0.04548335075,0.4842453931,0.582010393,0.6326530685,0.6397513249
2633,1.0,0.0,0.0,0.0,1.0,1.0,0.3228212008,0.2795048177,0.05555576086,0.04629647732,0.4877650733,0.5757576408,0.62372901,0.6424247418
2634,1.0,0.0,0.0,0.0,1.0,1.0,0.31975709,0.2781778148,0.05497932434,0.0461384058,0.4742765665,0.5678393322,0.6100000036,0.6407178125
2635,1.0,0.0,0.0,0.0,1.0,1.0,0.3218816143,0.2865066897,0.05567830801,0.04788333178,0.4621577781,0.5699995825,0.6033335176,0.6337208361
2636,1.0,0.0,0.0,0.0,1.0,1.0,0.3143406088,0.2793053087,0.05432468653,0.04624563456,0.4516129616,0.5692301109,0.5959594178,0.6325300661
2637,1.0,0.0,0.0,0.0,1.0,1.0,0.318004145,0.2853135441,0.05530488491,0.04768633842,0.4626623716,0.5714287254,0.5979728874,0.6331364275
2638,1.0,0.0,0.0,0.0,1.0,1.0,0.3124251213,0.2757657352,0.05582821369,0.04699826241,0.4577352312,0.5714285714,0.6020065673,0.6363639822
2639,1.0,0.0,0.0,0.0,1.0,1.0,0.3078925851,0.2666293832,0.05304789543,0.04416024685,0.458064582,0.5811520501,0.5939599332,0.6477987167
2640,1.0,0.0,0.0,0.0,1.0,1.0,0.3066469755,0.2633665139,0.05312466621,0.04384893179,0.4659091241,0.5767196539,0.5979730105,0.6538455788
2641,1.0,0.0,0.0,0.0,1.0,1.0,0.2724229573,0.194049474,0.04654639959,0.03226834536,0.4698995916,0.6134964062,0.5945016813,0.663716144
2642,1.0,0.0,0.0,0.0,1.0,1.0,0.2403720008,0.168445069,0.03867357969,0.02617007494,0.4376130214,0.6315796774,0.5243446038,0.6111109846
2643,1.0,0.0,0.0,0.0,1.0,1.0,0.2381339398,0.169078361,0.04026842117,0.02745574713,0.4223826524,0.6363633672,0.5037594095,0.5888878517
2644,1.0,0.0,0.0,0.0,1.0,1.0,0.2712055005,0.20403833,0.04556882381,0.03319209814,0.4489113369,0.6172830463,0.5709340342,0.6694907797
2645,1.0,0.0,0.0,0.0,1.0,1.0,0.2797129346,0.2294636435,0.04790449142,0.03781932592,0.4615385753,0.5672511273,0.588435304,0.6370371771
2646,1.0,0.0,0.0,0.0,1.0,1.0,0.2908343887,0.2498606337,0.04968523979,0.04090112448,0.4517685596,0.5745855227,0.5906041417,0.6375845772
2647,1.0,0.0,0.0,0.0,1.0,1.0,0.3036888118,0.2623954147,0.05314272642,0.04414504766,0.4646303052,0.5661376848,0.5919734314,0.636942013
2648,1.0,0.0,0.0,0.0,1.0,1.0,0.3061497753,0.2667431987,0.05316340923,0.04444354773,0.453808809,0.5767198021,0.5844593724,0.645569773
2649,1.0,0.0,0.0,0.0,1.0,1.0,0.3080244635,0.2728852032,0.05313563347,0.04522186518,0.4557376885,0.5744681806,0.5870306541,0.6437497446
2650,1.0,0.0,0.0,0.0,1.0,1.0,0.3100578638,0.2694741242,0.05422770977,0.04557436705,0.452145282,0.5744677343,0.5904436391,0.6392400842
2651,1.0,0.0,0.0,0.0,1.0,1.0,0.3155263097,0.2764776291,0.05355685949,0.04514473677,0.4628099043,0.5759163527,0.5979383626,0.6335398724
2652,1.0,0.0,0.0,0.0,1.0,1.0,0.3165727965,0.2755311568,0.05356180668,0.0451489687,0.464344968,0.5602091211,0.5958904982,0.6335412173
2653,1.0,0.0,0.0,0.0,1.0,1.0,0.3127391365,0.2738200809,0.0537416935,0.04549568892,0.4652318794,0.57671943,0.5958905338,0.6312494186
2654,1.0,0.0,0.0,0.0,1.0,1.0,0.317178043,0.2781951861,0.05420178175,0.04573279619,0.4578512339,0.5729170676,0.5910651974,0.6358030886
2655,1.0,0.0,0.0,0.0,1.0,1.0,0.3159631903,0.2721080403,0.05334699154,0.04464298487,0.4708818439,0.5684212761,0.5993152477,0.6226413079
2656,1.0,0.0,0.0,0.0,1.0,1.0,0.320544764,0.2804558791,0.05536043644,0.04684346914,0.4638157049,0.5692306367,0.6020407289,0.624242432
2657,1.0,0.0,0.0,0.0,1.0,1.0,0.3189008607,0.2828927051,0.05454856157,0.04695671797,0.4621710029,0.5824734777,0.6033897441,0.6347310178
2658,1.0,0.0,0.0,0.0,1.0,1.0,0.317930006,0.2783680598,0.0550429821,0.04685711861,0.4518760457,0.57435883,0.6006712289,0.644577501
2659,1.0,0.0,0.0,0.0,1.0,1.0,0.3180042501,0.2783680489,0.05549776554,0.04700320959,0.4529220524,0.5612244898,0.5973153107,0.6325294864
2660,1.0,0.0,0.0,0.0,1.0,1.0,0.3140634531,0.2744228941,0.05412870646,0.04567110538,0.4500817685,0.5677089929,0.5932203147,0.6419749058
2661,1.0,0.0,0.0,0.0,1.0,1.0,0.3153581144,0.2750139581,0.05515658855,0.04638803005,0.4530744659,0.5589739932,0.6006710484,0.6341463415
2662,1.0,0.0,0.0,0.0,1.0,1.0,0.3152712714,0.2751843182,0.05464851856,0.04591602087,0.4569105479,0.5824747778,0.6047297768,0.6503064219
2663,1.0,0.0,0.0,0.0,1.0,1.0,0.3217714474,0.2817217947,0.05595237017,0.04747474194,0.4878048801,0.5656566087,0.634228271,0.6309513945
2664,1.0,0.0,0.0,0.0,1.0,1.0,0.3244091104,0.2783681132,0.05610269308,0.04703557491,0.4852459731,0.5757574792,0.6308726205,0.6385545528
2665,1.0,0.0,0.0,0.0,1.0,1.0,0.3239682101,0.2848411863,0.05668920279,0.04846930504,0.4862237116,0.5799995163,0.629999993,0.6432745518
2666,1.0,0.0,0.0,0.0,1.0,1.0,0.3282954795,0.2872152812,0.05802351236,0.04944866896,0.4805825206,0.5665026149,0.6345514433,0.6358377601
2667,1.0,0.0,0.0,0.0,1.0,1.0,0.3207283734,0.2812997975,0.05618852377,0.04824268818,0.4813614252,0.5707069261,0.6291388496,0.6411763107
2668,1.0,0.0,0.0,0.0,1.0,1.0,0.3145784556,0.2707518258,0.055727005,0.04701966047,0.4836065367,0.5729166667,0.63210709,0.6481475143
2669,1.0,0.0,0.0,0.0,1.0,1.0,0.2881724054,0.2283946052,0.04908156395,0.03773319721,0.4566665888,0.5780336923,0.597938215,0.6390978394
2670,1.0,0.0,0.0,0.0,1.0,1.0,0.2995017093,0.2464607998,0.05135905743,0.0411439538,0.4586093203,0.5801102985,0.5952379592,0.6551723139
2671,1.0,0.0,0.0,0.0,1.0,1.0,0.2921192528,0.2396618682,0.04972320795,0.03938746452,0.461412164,0.5786515978,0.5952381125,0.6524820978
2672,1.0,0.0,0.0,0.0,1.0,1.0,0.3016260169,0.2515372884,0.05364966393,0.04349970818,0.4535073426,0.5729725406,0.5973154108,0.6533329497
2673,1.0,0.0,0.0,0.0,1.0,1.0,0.2973546974,0.2490135275,0.05205571651,0.04251217842,0.452892552,0.5722219042,0.5898306221,0.6394559445
2674,1.0,0.0,0.0,0.0,1.0,1.0,0.3043906327,0.2557101285,0.05249148607,0.04294753075,0.4657980878,0.5614975569,0.6020068848,0.6274502456
2675,1.0,0.0,0.0,0.0,1.0,1.0,0.2993334534,0.2430146924,0.05100512505,0.04023736715,0.4559068339,0.5611108255,0.5958903518,0.6408451852
2676,1.0,0.0,0.0,0.0,1.0,1.0,0.3001682553,0.2447264006,0.05154055357,0.04117482901,0.4563758075,0.5754191882,0.5924658311,0.6503498123
2677,1.0,0.0,0.0,0.0,1.0,1.0,0.3123256352,0.2697453869,0.05185109377,0.04372304678,0.4729729075,0.5837832805,0.5986158813,0.6346157254
2678,1.0,0.0,0.0,0.0,1.0,1.0,0.3142059071,0.2660630577,0.05258893967,0.04363763332,0.4648829771,0.5744682057,0.6040954751,0.6346149118
2679,1.0,0.0,0.0,0.0,1.0,1.0,0.3186868956,0.2764777236,0.05358916521,0.04517197609,0.4590985425,0.5759161896,0.5979380729,0.6397514053
2680,1.0,0.0,0.0,0.0,1.0,1.0,0.3164898924,0.2703971956,0.05386072397,0.04478949308,0.4583332859,0.5789474267,0.6061642283,0.6392407674
2681,1.0,0.0,0.0,0.0,1.0,1.0,0.3227191265,0.2778109837,0.05456447601,0.04565602541,0.4596375914,0.5663265752,0.5999999275,0.6402443403
2682,1.0,0.0,0.0,0.0,1.0,1.0,0.3232517658,0.2828925037,0.05480438471,0.04669553041,0.4570956595,0.5714279499,0.5932205838,0.6227545598
2683,1.0,0.0,0.0,0.0,1.0,1.0,0.3375165133,0.2981386708,0.0583165884,0.0498238802,0.4622950633,0.5679606292,0.5932203632,0.6079547222
2684,1.0,0.0,0.0,0.0,1.0,1.0,0.3348049229,0.2855547798,0.05498677492,0.04573154449,0.4693200886,0.5693070648,0.6054424706,0.613095114
2685,1.0,0.0,0.0,0.0,1.0,1.0,0.3380951282,0.2974528758,0.05696624517,0.04862970114,0.4702969969,0.5707314266,0.6054422066,0.6171429062
2686,1.0,0.0,0.0,0.0,1.0,1.0,0.3265502538,0.2867812391,0.05425995588,0.04576468468,0.4372937607,0.5808085191,0.5704470447,0.6227552865
2687,1.0,0.0,0.0,0.0,1.0,1.0,0.3249011519,0.2919332159,0.05462175608,0.0471355319,0.429042866,0.583756456,0.5670101951,0.623529501
2688,1.0,0.0,0.0,0.0,1.0,1.0,0.3193581522,0.2791546875,0.05426979065,0.04555290937,0.4271522616,0.5803100728,0.5586205813,0.6296295327
2689,1.0,0.0,0.0,0.0,1.0,1.0,0.3249010959,0.2902160097,0.05568242073,0.0477681756,0.4405940478,0.5837554432,0.5704466856,0.6213020188
2690,1.0,0.0,0.0,0.0,1.0,1.0,0.3143940579,0.2791543874,0.05298817158,0.04517936707,0.4321191593,0.5789476644,0.5620689681,0.6172847976
2691,1.0,0.0,0.0,0.0,1.0,1.0,0.3271789837,0.2964446551,0.05557399988,0.04838532209,0.4250813932,0.5671632827,0.5661017048,0.6171432584
2692,1.0,0.0,0.0,0.0,1.0,1.0,0.3196267505,0.2853136847,0.05502688885,0.04720580578,0.4220779575,0.573603929,0.5608108425,0.6272188004
2693,1.0,0.0,0.0,0.0,1.0,1.0,0.319176549,0.282670274,0.05560493469,0.04717993736,0.4193548442,0.5707067026,0.5555553572,0.6309522606
2694,1.0,0.0,0.0,0.0,1.0,1.0,0.3148486795,0.2768725327,0.05495417118,0.04621785879,0.4216477633,0.5794867123,0.5540539286,0.6219507949
2695,1.0,0.0,0.0,0.0,1.0,1.0,0.3149367182,0.2793053101,0.05507647991,0.04664641619,0.4260451027,0.5663268509,0.5555555952,0.6144580161
2696,1.0,0.0,0.0,0.0,1.0,1.0,0.3144311427,0.2783681476,0.05403023958,0.04576033354,0.4478331104,0.5612243885,0.5771810426,0.6144574076
2697,1.0,0.0,0.0,0.0,1.0,1.0,0.3127286656,0.2708924216,0.05399340391,0.0448089242,0.4709676773,0.561855653,0.5993264525,0.6273296717
2698,1.0,0.0,0.0,0.0,1.0,1.0,0.319040116,0.2838552717,0.05475050211,0.04664969444,0.4723126476,0.5714285714,0.5952382507,0.6347303783
2699,1.0,0.0,0.0,0.0,1.0,1.0,0.3180041921,0.2725749721,0.05577915907,0.04610317945,0.4772727871,0.5612249805,0.6026936003,0.629629869
2700,1.0,0.0,0.0,0.0,1.0,1.0,0.3092734655,0.2668579371,0.05386197567,0.04450702667,0.4755701482,0.5684210992,0.6020407179,0.6433124772
2701,1.0,0.0,0.0,0.0,1.0,1.0,0.3174125185,0.2821552781,0.05564576387,0.04737019539,0.4625407526,0.5641031683,0.5918366188,0.6265055238
2702,1.0,0.0,0.0,0.0,1.0,1.0,0.3124281034,0.2787561148,0.05463963747,0.04691570997,0.4779051594,0.57068008,0.6054420685,0.6280479981
2703,1.0,0.0,0.0,0.0,1.0,1.0,0.3103955728,0.2734961559,0.0537481904,0.04558753967,0.4747967638,0.5654447765,0.611486501,0.6296297749
2704,1.0,0.0,0.0,0.0,1.0,1.0,0.3032564438,0.2650546953,0.05172336102,0.04365897179,0.4828711152,0.5645167982,0.6216215727,0.6305735615
2705,1.0,0.0,0.0,0.0,1.0,1.0,0.3101717382,0.2693411568,0.0526996851,0.04433465004,0.4794746101,0.560846866,0.6135592508,0.6352196523
2706,1.0,0.0,0.0,0.0,1.0,1.0,0.3097779476,0.2725749264,0.05391895771,0.04597300291,0.4845024559,0.5578945623,0.6161618446,0.6296300138
2707,1.0,0.0,0.0,0.0,1.0,1.0,0.3014710387,0.2617583935,0.05148047209,0.04308688641,0.4573769825,0.5652177437,0.5884354961,0.6428567476
2708,1.0,0.0,0.0,0.0,1.0,1.0,0.2557985667,0.1772595116,0.04040229321,0.02712726593,0.4588665434,0.6357153184,0.5396226342,0.6382975918
2709,1.0,0.0,0.0,0.0,1.0,1.0,0.2641781196,0.1501064891,0.04034024477,0.02228587866,0.4676525769,0.5734260051,0.5323194954,0.6202516749
2710,1.0,0.0,0.0,0.0,1.0,1.0,0.2507622961,0.1678026084,0.03972446918,0.026006639,0.4801443697,0.6474823922,0.5719558402,0.6483513209
2711,1.0,0.0,0.0,0.0,1.0,1.0,0.269341027,0.2102272665,0.04443442822,0.03409433365,0.4898305143,0.572327314,0.6137932885,0.6557373323
2712,1.0,0.0,0.0,0.0,1.0,1.0,0.2898384043,0.248149138,0.04808223248,0.04006850719,0.4900000512,0.5574709366,0.623287565,0.6413799874
2713,1.0,0.0,0.0,0.0,1.0,1.0,0.2927990454,0.2557894321,0.05034190416,0.04246717691,0.4599017112,0.5754188092,0.593220053,0.642383446
2714,1.0,0.0,0.0,0.0,1.0,1.0,0.3082853847,0.2703969154,0.05321192741,0.04520153999,0.4693200967,0.5698920636,0.5958903987,0.6455701544
2715,1.0,0.0,0.0,0.0,1.0,1.0,0.3075204814,0.2708922568,0.05482298136,0.0469494462,0.4648118797,0.5691488263,0.5993263469,0.6397513714
2716,1.0,0.0,0.0,0.0,1.0,1.0,0.3113015183,0.2759404048,0.05292677879,0.04568421841,0.4655737133,0.5631579659,0.5993266866,0.6341463415
2717,1.0,0.0,0.0,0.0,1.0,1.0,0.317412447,0.28603573,0.0545462966,0.04755318165,0.4609120013,0.5794871795,0.5993266162,0.6352941176
2718,1.0,0.0,0.0,0.0,1.0,1.0,0.3146693289,0.2809877509,0.05411630869,0.04682600498,0.4584012454,0.5544039625,0.5959593503,0.6347297005
2719,1.0,0.0,0.0,0.0,1.0,1.0,0.3233965395,0.2908075407,0.0569382906,0.04978525639,0.4617886432,0.5628139178,0.5953178084,0.6206896552
2720,1.0,0.0,0.0,0.0,1.0,1.0,0.3174122781,0.2843532584,0.05479830503,0.04749190807,0.4706840581,0.5641025362,0.6026937084,0.621301686
2721,1.0,0.0,0.0,0.0,1.0,1.0,0.3211321027,0.2843529216,0.05538541079,0.04775577784,0.4639344439,0.5765308923,0.5959596928,0.6213023069
2722,1.0,0.0,0.0,0.0,1.0,1.0,0.3266783499,0.2901062292,0.05412060022,0.04635077715,0.4676375469,0.5693072524,0.6040268231,0.6127164731
2723,1.0,0.0,0.0,0.0,1.0,1.0,0.3158688772,0.2774371408,0.05401706696,0.04598379135,0.4635332449,0.5589745061,0.6020067335,0.614457925
2724,1.0,0.0,0.0,0.0,1.0,1.0,0.3154438148,0.2724230738,0.05403226614,0.04493498802,0.4589372561,0.5612242984,0.5986623198,0.6196311369
2725,1.0,0.0,0.0,0.0,1.0,1.0,0.3230195097,0.2895733924,0.05583161116,0.04836899042,0.441599988,0.5693066823,0.5794704374,0.6171433782
2726,1.0,0.0,0.0,0.0,1.0,1.0,0.3231159485,0.2968637713,0.05595004559,0.04936766624,0.4532488189,0.5686278479,0.5907590913,0.6166661837
2727,1.0,0.0,0.0,0.0,1.0,1.0,0.3241003353,0.2909560253,0.05678635836,0.04951322079,0.452076606,0.5665019098,0.5953948267,0.6101693283
2728,1.0,0.0,0.0,0.0,1.0,1.0,0.3208482029,0.2876683959,0.05724567175,0.05008995533,0.4654895165,0.5749997657,0.6052633831,0.6228577888
2729,1.0,0.0,0.0,0.0,1.0,1.0,0.3294517396,0.297531209,0.05895340443,0.05130076408,0.4500792632,0.5769224547,0.5921053723,0.6187845946
2730,1.0,0.0,0.0,0.0,1.0,1.0,0.3235831481,0.2862639692,0.05576986074,0.04752802849,0.4465710485,0.5714290295,0.5860928329,0.6242770145
2731,1.0,0.0,0.0,0.0,1.0,1.0,0.3336768017,0.2925997842,0.05813223124,0.04927402735,0.4467409148,0.5761906373,0.5756579134,0.6179771883
2732,1.0,0.0,0.0,0.0,1.0,1.0,0.3219356994,0.2848411834,0.05646961927,0.04804134369,0.4342949464,0.5721387836,0.5766669835,0.6140347395
2733,1.0,0.0,0.0,0.0,1.0,1.0,0.3223483897,0.2841221233,0.05618399382,0.04799634218,0.4538088116,0.5829149034,0.5886288345,0.6235294848
2734,1.0,0.0,0.0,0.0,1.0,1.0,0.3260822377,0.2954433593,0.05708187819,0.04994666576,0.4486132971,0.5850001305,0.5777026408,0.6171431776
2735,1.0,0.0,0.0,0.0,1.0,1.0,0.3326063227,0.2984910705,0.05684685707,0.04935973883,0.4594155086,0.5756103392,0.5906040728,0.6067413017
2736,1.0,0.0,0.0,0.0,1.0,1.0,0.3298969462,0.2908077192,0.05724924803,0.04907083511,0.4975609777,0.5665024784,0.6254178759,0.609194774
2737,1.0,0.0,0.0,0.0,1.0,1.0,0.326082417,0.2881724366,0.05663657188,0.04899060726,0.4861337485,0.5799996632,0.6166667017,0.6242776114
2738,1.0,0.0,0.0,0.0,1.0,1.0,0.3288066622,0.294835361,0.05559021235,0.04871022701,0.4869706276,0.5742578398,0.6233334331,0.6214688298
2739,1.0,0.0,0.0,0.0,1.0,1.0,0.3336874303,0.303164106,0.05698359013,0.05034470558,0.4878443872,0.5679615408,0.6233333752,0.6098900839
2740,1.0,0.0,0.0,0.0,1.0,1.0,0.3238782361,0.2879748528,0.05570012331,0.0478233099,0.4893616726,0.5656564576,0.6237288476,0.6176468389
2741,1.0,0.0,0.0,0.0,1.0,1.0,0.3309518063,0.2988196455,0.05629217625,0.04957073927,0.4843492998,0.5820900738,0.6216214954,0.6214686548
2742,1.0,0.0,0.0,0.0,1.0,1.0,0.3347965868,0.3025518337,0.05661582947,0.04964339733,0.4851485951,0.566502712,0.6292517847,0.617977663
2743,1.0,0.0,0.0,0.0,1.0,1.0,0.3287637397,0.2957529537,0.0567240119,0.04934984446,0.4819079,0.5750001839,0.6292515561,0.6206898218
2744,1.0,0.0,0.0,0.0,1.0,1.0,0.3293428726,0.3021959681,0.05602329969,0.04964441061,0.4518760707,0.569306799,0.5912159098,0.6089387018
2745,1.0,0.0,0.0,0.0,1.0,1.0,0.3228715933,0.2998325043,0.05568522215,0.04952907562,0.4415584214,0.5728648756,0.5830507459,0.6214679407
2746,1.0,0.0,0.0,0.0,1.0,1.0,0.3239233168,0.2998322419,0.05501127243,0.04892957211,0.444625321,0.5778894745,0.5796609848,0.6158189406
2747,1.0,0.0,0.0,0.0,1.0,1.0,0.3265828892,0.2984682641,0.05593758821,0.04919135571,0.4515599326,0.5678391692,0.5938567096,0.6171437088
2748,1.0,0.0,0.0,0.0,1.0,1.0,0.3320569846,0.2977786705,0.05567085743,0.04771780968,0.4517185645,0.5714291832,0.5890410195,0.6321842383
2749,1.0,0.0,0.0,0.0,1.0,1.0,0.3374739212,0.3110508908,0.05780059099,0.05085343122,0.4545454071,0.5721152111,0.5884354907,0.6174858969
2750,1.0,0.0,0.0,0.0,1.0,1.0,0.3358645514,0.2974528634,0.0586990118,0.04986566305,0.4567700228,0.5582520821,0.5986396783,0.622856371
2751,1.0,0.0,0.0,0.0,1.0,1.0,0.3385467568,0.3066086387,0.05843281746,0.05060452223,0.4651540372,0.5645928963,0.5966102711,0.6187846215
2752,1.0,0.0,0.0,0.0,1.0,1.0,0.338520427,0.3068756586,0.05778706074,0.05035734177,0.4580644485,0.5761903485,0.5939597303,0.6229511301
2753,1.0,0.0,0.0,0.0,1.0,1.0,0.3369087643,0.3018448304,0.05894118547,0.05076271296,0.4580644634,0.5645934901,0.5939597506,0.6166660991
2754,1.0,0.0,0.0,0.0,1.0,1.0,0.3460224971,0.3085525777,0.06142234802,0.05256611109,0.46054749,0.5674413098,0.5973156077,0.6250004252
2755,1.0,0.0,0.0,0.0,1.0,1.0,0.3342184437,0.305849266,0.0594047308,0.05226475,0.4598070653,0.5817311262,0.5953177549,0.6229510627
2756,1.0,0.0,0.0,0.0,1.0,1.0,0.3358383382,0.3055722616,0.05801475048,0.05048394203,0.4620355476,0.5673083838,0.5878378647,0.6298342346
2757,1.0,0.0,0.0,0.0,1.0,1.0,0.3304210341,0.2988022369,0.05647140741,0.04864370823,0.4680851305,0.5643554742,0.5945015081,0.626437007
2758,1.0,0.0,0.0,0.0,1.0,1.0,0.3249417633,0.2970847989,0.05599927902,0.04892861843,0.466338305,0.5707069202,0.5910651553,0.6242779144
2759,1.0,0.0,0.0,0.0,1.0,1.0,0.3271198975,0.2988021231,0.05746388435,0.0502448082,0.4671053446,0.5678384871,0.5945016195,0.6321841398
2760,1.0,0.0,0.0,0.0,1.0,1.0,0.3260473713,0.2943561689,0.05550277233,0.04797226191,0.4704917399,0.5628137142,0.5958905613,0.62790663
2761,1.0,0.0,0.0,0.0,1.0,1.0,0.2632842997,0.2064066892,0.04340291023,0.03255224228,0.4783362087,0.5723680958,0.576086899,0.6315789474
2762,1.0,0.0,0.0,0.0,1.0,1.0,0.2395667081,0.1735674664,0.03633064032,0.02582883835,0.4962546023,0.5859379486,0.5687020531,0.6043947422
2763,1.0,0.0,0.0,0.0,1.0,1.0,0.2560238703,0.1723845122,0.03731441498,0.02459990978,0.4762808667,0.5629632351,0.5426354258,0.5505623695
2764,1.0,0.0,0.0,0.0,1.0,1.0,0.2550559969,0.1608296168,0.03752279282,0.02334749699,0.4952741279,0.6074074545,0.5670497722,0.61904847
2765,1.0,0.0,0.0,0.0,1.0,1.0,0.2849971163,0.1739027107,0.04164743423,0.02481728792,0.4843749363,0.5,0.5279998964,0.5172408824
2766,1.0,0.0,0.0,0.0,1.0,1.0,0.2912547025,0.1929815999,0.04165178537,0.02710217237,0.5029940257,0.4657534835,0.5243903474,0.4526313011
2767,1.0,0.0,0.0,0.0,1.0,1.0,0.2736113004,0.1659229891,0.0406613946,0.02400153875,0.4866919889,0.5138899272,0.5507813868,0.5294117647
2768,1.0,0.0,0.0,0.0,1.0,1.0,0.2684806341,0.2013263492,0.04391086102,0.03172916174,0.4592721049,0.5935480018,0.5719424379,0.6517854627
2769,1.0,0.0,0.0,0.0,1.0,1.0,0.2988365886,0.2568010653,0.05095690489,0.04189789295,0.4584717411,0.5722217998,0.5868057598,0.6554052324
2770,1.0,0.0,0.0,0.0,1.0,1.0,0.3118127748,0.2772426679,0.05215525627,0.04446923733,0.4630542824,0.5789467669,0.5924658756,0.6358022706
2771,1.0,0.0,0.0,0.0,1.0,1.0,0.3216594794,0.2902155772,0.05506700277,0.04748117924,0.4630541306,0.5765307061,0.5945018021,0.6331367483
2772,1.0,0.0,0.0,0.0,1.0,1.0,0.323251796,0.2946628066,0.05459958315,0.04763531685,0.462046112,0.576530874,0.5896552334,0.6198829312
2773,1.0,0.0,0.0,0.0,1.0,1.0,0.326550025,0.2936503809,0.0549402833,0.04744845629,0.46039614,0.5757579374,0.5979382394,0.6257309501
2774,1.0,0.0,0.0,0.0,1.0,1.0,0.2727291223,0.2236512847,0.04434496164,0.03525561094,0.4677965114,0.5900629717,0.6013985697,0.6718749736
2775,1.0,0.0,0.0,0.0,1.0,1.0,0.265476831,0.1579119036,0.03879857063,0.02253741026,0.5019529981,0.5220591398,0.5439997528,0.5696203536
2776,1.0,0.0,0.0,0.0,1.0,1.0,0.2804760238,0.1954551048,0.039914608,0.02726554871,0.5138340476,0.4507045408,0.5443546871,0.4123710213
2777,1.0,0.0,0.0,0.0,1.0,1.0,0.2708037066,0.171218972,0.03818827868,0.02362728119,0.5087718408,0.4748202337,0.5378487226,0.4767431887
2778,1.0,0.0,0.0,0.0,1.0,1.0,0.2659962203,0.1692280691,0.03871309757,0.02419567108,0.5068492702,0.4705880542,0.5338649155,0.435295219
2779,1.0,0.0,0.0,0.0,1.0,1.0,0.2743567094,0.1818984125,0.04023820162,0.02615481615,0.5215687326,0.4642852382,0.5520002587,0.4175841205
2780,1.0,0.0,0.0,0.0,1.0,1.0,0.2723970714,0.1886498409,0.04007387161,0.02710032463,0.513725437,0.4676259207,0.5461849139,0.4255324764
2781,1.0,0.0,0.0,0.0,1.0,1.0,0.2658708086,0.1851557679,0.03827619553,0.02598315477,0.5242718567,0.4525544717,0.5537848995,0.4301060962
2782,1.0,0.0,0.0,0.0,1.0,1.0,0.2872184177,0.190369874,0.04104071856,0.02662098408,0.518446578,0.4527027125,0.5595239922,0.4375002799
2783,1.0,0.0,0.0,0.0,1.0,1.0,0.254063664,0.1621233125,0.03685051203,0.02303159237,0.5009345305,0.5514703623,0.572518847,0.6117632749
2784,1.0,0.0,0.0,0.0,1.0,1.0,0.2686110612,0.1916491983,0.04386669397,0.0304787755,0.4956370288,0.5909090291,0.6021507029,0.6355131231
2785,1.0,0.0,0.0,0.0,1.0,1.0,0.286738555,0.2446909148,0.04750263691,0.0389906168,0.464345041,0.5549135341,0.5862068708,0.6549298789
2786,1.0,0.0,0.0,0.0,1.0,1.0,0.3091563246,0.2711798729,0.05260759592,0.04425722361,0.4648117593,0.5714285714,0.5938567238,0.6477987591
2787,1.0,0.0,0.0,0.0,1.0,1.0,0.3098918937,0.2761170843,0.05157995224,0.044018507,0.4707791469,0.5654449899,0.5966102088,0.6257670872
2788,1.0,0.0,0.0,0.0,1.0,1.0,0.3067756074,0.2701196302,0.05175584555,0.04358386993,0.4604200823,0.568421283,0.5979731128,0.6312498632
2789,1.0,0.0,0.0,0.0,1.0,1.0,0.2982205133,0.2583014742,0.05160552263,0.04267913103,0.4548387505,0.5675683792,0.5912164721,0.6405227663
2790,1.0,0.0,0.0,0.0,1.0,1.0,0.3043903663,0.2642593505,0.05190223455,0.04329812527,0.4625406978,0.5668444776,0.586440821,0.647434962
2791,1.0,0.0,0.0,0.0,1.0,1.0,0.2951041151,0.2540954545,0.04912245274,0.04070925713,0.4584013156,0.5690600361,0.5864406628,0.6333332357
2792,1.0,0.0,0.0,0.0,1.0,1.0,0.275060021,0.2146689049,0.04315286875,0.03269970417,0.4700855107,0.5776404207,0.59154918,0.6639343067
2793,1.0,0.0,0.0,0.0,1.0,1.0,0.2691494511,0.1889855289,0.03998172283,0.02772068977,0.5170555672,0.5999997018,0.6000000813,0.6250010751
2794,1.0,0.0,0.0,0.0,1.0,1.0,0.2673783791,0.1703171792,0.0406781435,0.02552908659,0.5110700653,0.5586197701,0.580524352,0.6373629196
2795,1.0,0.0,0.0,0.0,1.0,1.0,0.2896113883,0.1808330755,0.04194760323,0.02549755573,0.5018939591,0.5228755662,0.5603112281,0.5376340064
2796,1.0,0.0,0.0,0.0,1.0,1.0,0.2839109185,0.1920493502,0.0399286747,0.02643918991,0.5009596783,0.4662169424,0.5529411204,0.4387748661
2797,1.0,0.0,0.0,0.0,1.0,1.0,0.2973388442,0.1920496263,0.04232871532,0.02676266432,0.5105566347,0.4516135846,0.5529413979,0.4387743512
2798,1.0,0.0,0.0,0.0,1.0,1.0,0.2877773833,0.1923530446,0.04188007116,0.02744841576,0.5233462208,0.4729722998,0.5634919011,0.4639181078
2799,1.0,0.0,0.0,0.0,1.0,1.0,0.2791410071,0.1777664617,0.03990465403,0.02511483431,0.529296945,0.4895106566,0.5533598505,0.488889469
2800,1.0,0.0,0.0,0.0,1.0,1.0,0.2858327703,0.1911281371,0.04100084305,0.02677601576,0.525291887,0.4489794732,0.5577691769,0.4375004174
2801,1.0,0.0,0.0,0.0,1.0,1.0,0.2892082542,0.1946705533,0.04153954983,0.0274105072,0.529527508,0.4285712236,0.5542166584,0.3814430972
2802,1.0,0.0,0.0,0.0,1.0,1.0,0.2806125651,0.1940091892,0.04077661037,0.02764987946,0.5288460158,0.4520550548,0.5725489343,0.4242424896
2803,1.0,0.0,0.0,0.0,1.0,1.0,0.2869303211,0.1975181339,0.04147487879,0.02783548832,0.5163777157,0.4429525475,0.5573121577,0.4000004283
2804,1.0,0.0,0.0,0.0,1.0,1.0,0.2863787103,0.1998886081,0.04127937555,0.02825838327,0.5230769978,0.4429523805,0.568627451,0.4117659466
2805,1.0,0.0,0.0,0.0,1.0,1.0,0.2814517727,0.2054188829,0.04118788242,0.02913975716,0.5229885327,0.4149660356,0.5652174826,0.3750010227
2806,1.0,0.0,0.0,0.0,1.0,1.0,0.295201739,0.2065774852,0.04244548082,0.02912926674,0.5270270928,0.4313729345,0.5669290373,0.3999995908
2807,1.0,0.0,0.0,0.0,1.0,1.0,0.2730921568,0.1659228055,0.03964531422,0.02340173721,0.4914611228,0.5,0.5273438177,0.5529397681
2808,1.0,0.0,0.0,0.0,1.0,1.0,0.2593144829,0.1708606474,0.04024142027,0.02598929405,0.4954955785,0.5972222017,0.5735294291,0.6021494032
2809,1.0,0.0,0.0,0.0,1.0,1.0,0.2903784821,0.2411849709,0.04915380478,0.03972315788,0.4881756361,0.5697678085,0.6111109302,0.6618710649
2810,1.0,0.0,0.0,0.0,1.0,1.0,0.3001624126,0.2575355002,0.04993468523,0.04142934084,0.4735972876,0.571428742,0.5972696537,0.6688746009
2811,1.0,0.0,0.0,0.0,1.0,1.0,0.3052482878,0.2626517951,0.05149507523,0.04263567924,0.4614120751,0.5806452733,0.5836180257,0.6623384612
2812,1.0,0.0,0.0,0.0,1.0,1.0,0.315357915,0.2809875948,0.05402040482,0.04626357555,0.4708737957,0.5743596024,0.5959594643,0.6407184472
2813,1.0,0.0,0.0,0.0,1.0,1.0,0.3288277656,0.294448633,0.05673289299,0.0489076972,0.4651539456,0.5812811246,0.5892256134,0.6342849482
2814,1.0,0.0,0.0,0.0,1.0,1.0,0.325551042,0.291362936,0.05387818813,0.04633527994,0.4511401162,0.5799999115,0.579661111,0.6279076947
2815,1.0,0.0,0.0,0.0,1.0,1.0,0.3315142178,0.2957531443,0.05615901947,0.04813629389,0.4526144307,0.5763549255,0.5816327502,0.6379314828
2816,1.0,0.0,0.0,0.0,1.0,1.0,0.3440166055,0.3116901493,0.0575158596,0.05015599728,0.4404567893,0.5876775729,0.5694914965,0.6304347826
2817,1.0,0.0,0.0,0.0,1.0,1.0,0.3418286839,0.3066084665,0.05743598938,0.04950433969,0.4413680512,0.5666665975,0.5694915079,0.624309339
2818,1.0,0.0,0.0,0.0,1.0,1.0,0.3450262479,0.3195493166,0.05932146311,0.05235880613,0.4457051122,0.5821598414,0.5748300916,0.6223408676
2819,1.0,0.0,0.0,0.0,1.0,1.0,0.3439638361,0.309996673,0.05925613642,0.05115038157,0.4431817848,0.5801883613,0.5627117958,0.6174866954
2820,1.0,0.0,0.0,0.0,1.0,1.0,0.3353390612,0.3008527068,0.05805891752,0.05037468672,0.4555921043,0.5735293363,0.5782312368,0.621468218
2821,1.0,0.0,0.0,0.0,1.0,1.0,0.3282238085,0.2943560816,0.0576492548,0.04957836866,0.4548439188,0.5750004653,0.578767316,0.6337211329
2822,1.0,0.0,0.0,0.0,1.0,1.0,0.3303803486,0.2939536183,0.05270731449,0.04502636194,0.4451826647,0.5829147263,0.5709342682,0.6470585121
2823,1.0,0.0,0.0,0.0,1.0,1.0,0.3320460318,0.2970849529,0.05623954535,0.04840517044,0.4462810252,0.5721392666,0.5738829189,0.6358372819
2824,1.0,0.0,0.0,0.0,1.0,1.0,0.3292476725,0.2897685849,0.05547261238,0.04702496529,0.4498328336,0.5736045627,0.5729168618,0.6347313131
2825,1.0,0.0,0.0,0.0,1.0,1.0,0.3304077437,0.2936506126,0.05501270294,0.0468018651,0.4539472907,0.5870644448,0.5738832129,0.6491222038
2826,1.0,0.0,0.0,0.0,1.0,1.0,0.3309628653,0.2957533173,0.05683547258,0.04895728827,0.4508196359,0.5841584158,0.57142852,0.6494246786
2827,1.0,0.0,0.0,0.0,1.0,1.0,0.3331474202,0.2981388165,0.05740964413,0.04952991009,0.4575164179,0.5882353552,0.5762712108,0.6420453588
2828,1.0,0.0,0.0,0.0,1.0,1.0,0.3309734125,0.3012016507,0.05511569977,0.04778504372,0.4584013512,0.5862063745,0.5821915698,0.6306823001
2829,1.0,0.0,0.0,0.0,1.0,1.0,0.3298809603,0.2933518064,0.05615842342,0.04781812429,0.4624182098,0.5841588992,0.5802047544,0.651162037
2830,1.0,0.0,0.0,0.0,1.0,1.0,0.3358648814,0.3008525233,0.05621230602,0.04829889536,0.4600326521,0.5825237571,0.5748298815,0.638418602
2831,1.0,0.0,0.0,0.0,1.0,1.0,0.3265502176,0.2884987631,0.0552919507,0.04691439867,0.4620462311,0.5757568898,0.5841922824,0.6428579596
2832,1.0,0.0,0.0,0.0,1.0,1.0,0.3348047767,0.3015558261,0.05400896072,0.04678994417,0.4626865892,0.5792080519,0.5827588763,0.6457143585
2833,1.0,0.0,0.0,0.0,1.0,1.0,0.3331475407,0.2956826723,0.05572795868,0.04741030931,0.4626866363,0.5820890733,0.5813147516,0.6374273491
2834,1.0,0.0,0.0,0.0,1.0,1.0,0.3375599222,0.3005192421,0.05773895979,0.04953092337,0.4635760637,0.5931378065,0.580755928,0.6457145745
2835,1.0,0.0,0.0,0.0,1.0,1.0,0.3325930512,0.3012254764,0.05595493317,0.04840099812,0.4608985243,0.5849997017,0.5749126038,0.6358379083
2836,1.0,0.0,0.0,0.0,1.0,1.0,0.3293052729,0.2998327828,0.05562436581,0.04839324951,0.4662273328,0.5900000214,0.5896550629,0.6436783166
2837,1.0,0.0,0.0,0.0,1.0,1.0,0.336982888,0.3052903579,0.05695462227,0.04973113537,0.468750113,0.5756096029,0.5904436635,0.6312854318
2838,1.0,0.0,0.0,0.0,1.0,1.0,0.3320567404,0.3001736701,0.0537686944,0.04661720991,0.4582651471,0.5763544395,0.587030587,0.6306822468
2839,1.0,0.0,0.0,0.0,1.0,1.0,0.3331469578,0.2988193762,0.05668115616,0.04893934727,0.4601625811,0.5756094945,0.58445973,0.6327688639
2840,1.0,0.0,0.0,0.0,1.0,1.0,0.3304074719,0.2916462442,0.0532361865,0.04529052973,0.4671052838,0.582089335,0.5938567863,0.643275177
2841,1.0,0.0,0.0,0.0,1.0,1.0,0.3282239797,0.2926447632,0.05558228493,0.04752284288,0.4597700219,0.5850001501,0.5856165628,0.6491237312
2842,1.0,0.0,0.0,0.0,1.0,1.0,0.3237861062,0.2797070606,0.05093121529,0.0426158905,0.4595040959,0.5714279027,0.5870305458,0.6341471602
2843,1.0,0.0,0.0,0.0,1.0,1.0,0.3046876394,0.2568009988,0.05062896013,0.04117077589,0.4723618302,0.5714287396,0.5902778397,0.6486490399
2844,1.0,0.0,0.0,0.0,1.0,1.0,0.2983159147,0.2446186077,0.04943299294,0.03909951448,0.4671164227,0.5593225039,0.5874126656,0.6499990091
2845,1.0,0.0,0.0,0.0,1.0,1.0,0.2688765521,0.1892322829,0.04307210445,0.02918696404,0.4761061512,0.6052627209,0.569852819,0.6504852188
2846,1.0,0.0,0.0,0.0,1.0,1.0,0.2600025944,0.1665734419,0.03990232944,0.02490353584,0.4704796367,0.6170214355,0.5303030967,0.6249988033
2847,1.0,0.0,0.0,0.0,1.0,1.0,0.2747996023,0.1717188439,0.03985917568,0.02429771423,0.4651601697,0.5684929254,0.5212354887,0.5955064173
2848,1.0,0.0,0.0,0.0,1.0,1.0,0.2715464144,0.1691665282,0.03938436508,0.02379477024,0.4962264558,0.5555557237,0.5447470702,0.5632173543
2849,1.0,0.0,0.0,0.0,1.0,1.0,0.2727449377,0.1704029283,0.03888207674,0.02370208502,0.4841123031,0.5753426547,0.5517240197,0.6067420251
2850,1.0,0.0,0.0,0.0,1.0,1.0,0.262239233,0.1621232413,0.03902637959,0.0231974721,0.4422018349,0.6293707255,0.5152673839,0.6705867843
2851,1.0,0.0,0.0,0.0,1.0,1.0,0.2872544456,0.2295539745,0.04712980986,0.03625375032,0.4302719802,0.5857985322,0.554770126,0.6307689272
2852,1.0,0.0,0.0,0.0,1.0,1.0,0.2955162522,0.2541834273,0.04894965887,0.04042470455,0.4368771979,0.5674158193,0.5501728314,0.6258511325
2853,1.0,0.0,0.0,0.0,1.0,1.0,0.3013147146,0.259370756,0.04839873314,0.03967106342,0.4233937889,0.5683057552,0.5467128068,0.6333323317
2854,1.0,0.0,0.0,0.0,1.0,1.0,0.3076459302,0.2668578281,0.05264747143,0.0437335968,0.4267100126,0.5820104203,0.5578228695,0.6560510162
2855,1.0,0.0,0.0,0.0,1.0,1.0,0.2960700877,0.2567056847,0.05025464296,0.04164749384,0.4353518991,0.5801101368,0.5547944878,0.6599997996
2856,1.0,0.0,0.0,0.0,1.0,1.0,0.2948353389,0.2559546204,0.0492169261,0.04087507725,0.4333333006,0.5706211405,0.5505228302,0.6394563775
2857,1.0,0.0,0.0,0.0,1.0,1.0,0.3061203341,0.258476361,0.05075198412,0.04115027189,0.4288078879,0.5783785117,0.5517241379,0.6666666667
2858,1.0,0.0,0.0,0.0,1.0,1.0,0.3021568541,0.2602711299,0.04916185141,0.04051798582,0.4219270417,0.5879117215,0.5381943793,0.6533329214
2859,1.0,0.0,0.0,0.0,1.0,1.0,0.3109746258,0.2698844316,0.04996758699,0.04141700268,0.417637353,0.582888096,0.5365855364,0.6516128382
2860,1.0,0.0,0.0,0.0,1.0,1.0,0.317703351,0.2757077966,0.05325978994,0.04438310862,0.4221853436,0.5885416725,0.5482761251,0.6437508813
2861,1.0,0.0,0.0,0.0,1.0,1.0,0.3144866971,0.2749329658,0.05075204372,0.04224908352,0.4283361313,0.5759162304,0.5467129115,0.641509434
2862,1.0,0.0,0.0,0.0,1.0,1.0,0.3133564661,0.2747608095,0.05103600025,0.0429776907,0.4306930448,0.5842110058,0.553264758,0.6375002427
2863,1.0,0.0,0.0,0.0,1.0,1.0,0.3184496282,0.2789538358,0.05267393589,0.0440300107,0.4362744087,0.5743593574,0.5547945102,0.6319024883
2864,1.0,0.0,0.0,0.0,1.0,1.0,0.3233486437,0.2872544539,0.0527561903,0.04502928257,0.4411763712,0.5858590309,0.5646258452,0.6508870022
2865,1.0,0.0,0.0,0.0,1.0,1.0,0.3206065047,0.2804557354,0.05392247438,0.04539394379,0.446808488,0.5816326192,0.5748299683,0.6484852623
2866,1.0,0.0,0.0,0.0,1.0,1.0,0.3227704364,0.2823763426,0.05184608698,0.0434243679,0.4540983806,0.5786800455,0.5753424764,0.6363631372
2867,1.0,0.0,0.0,0.0,1.0,1.0,0.3233488534,0.2896687212,0.05542951822,0.04787093401,0.4591503267,0.5808078473,0.5898304094,0.6491238774
2868,1.0,0.0,0.0,0.0,1.0,1.0,0.3260474684,0.2870018263,0.0542858839,0.04637485743,0.4737704208,0.5829148212,0.6047296737,0.6411770074
2869,1.0,0.0,0.0,0.0,1.0,1.0,0.3288277803,0.290106286,0.05784344673,0.04929512739,0.4716369047,0.5812806816,0.6040269398,0.641618553
2870,1.0,0.0,0.0,0.0,1.0,1.0,0.3261166874,0.2877184876,0.05226498842,0.04446429014,0.4805195747,0.5671640089,0.6060606294,0.6374266576
2871,1.0,0.0,0.0,0.0,1.0,1.0,0.3140635181,0.2744227609,0.05256551504,0.0443521142,0.4828151057,0.5833328609,0.6169491888,0.6419752589
2872,1.0,0.0,0.0,0.0,1.0,1.0,0.2700247521,0.1880667505,0.04026263952,0.02745175362,0.4824560562,0.6168824344,0.587813743,0.6285706221
2873,1.0,0.0,0.0,0.0,1.0,1.0,0.2893123263,0.1820691331,0.04272699356,0.02608013153,0.4868421292,0.5129875565,0.5271317346,0.521277471
2874,1.0,0.0,0.0,0.0,1.0,1.0,0.3036765,0.2065776232,0.04394775629,0.0292057991,0.4961539559,0.4683550313,0.5433071762,0.4380949077
2875,1.0,0.0,0.0,0.0,1.0,1.0,0.3045918053,0.2186276955,0.04262375832,0.02983659506,0.5009522913,0.449999161,0.5507815042,0.4017859462
2876,1.0,0.0,0.0,0.0,1.0,1.0,0.3082571258,0.2138881412,0.04443603754,0.03035998344,0.5114943687,0.4596271292,0.5642024294,0.4181829604
2877,1.0,0.0,0.0,0.0,1.0,1.0,0.2990751052,0.2025895969,0.04209452868,0.02797424793,0.5113636568,0.4810125328,0.5598457948,0.4095242154
2878,1.0,0.0,0.0,0.0,1.0,1.0,0.3073753429,0.1878794962,0.04460042715,0.02654135227,0.4924528275,0.4785271646,0.5465116622,0.4226818478
2879,1.0,0.0,0.0,0.0,1.0,1.0,0.2475851827,0.1590870932,0.03686797619,0.02304244041,0.4863388591,0.6176460127,0.5617977482,0.6117649798
2880,1.0,0.0,0.0,0.0,1.0,1.0,0.2771415567,0.2103141026,0.04270774126,0.03123003244,0.4835356583,0.5937500436,0.5935251163,0.6495716219
2881,1.0,0.0,0.0,0.0,1.0,1.0,0.3033717249,0.2542438783,0.0478503108,0.03854608536,0.4738616121,0.5666664591,0.5964912005,0.6551718273
2882,1.0,0.0,0.0,0.0,1.0,1.0,0.3248183456,0.283813695,0.0532951951,0.04454934597,0.4666666546,0.5846154706,0.5923343638,0.6503075939
2883,1.0,0.0,0.0,0.0,1.0,1.0,0.3270292426,0.2887659577,0.05296009779,0.04512417316,0.4774623887,0.5867343895,0.6020759042,0.6526950379
2884,1.0,0.0,0.0,0.0,1.0,1.0,0.3298157891,0.2922242231,0.05359065533,0.04574149847,0.476666667,0.5858590015,0.6020759928,0.6508877205
2885,1.0,0.0,0.0,0.0,1.0,1.0,0.3298324105,0.2912166917,0.05294978619,0.04496741295,0.4742951821,0.5929656104,0.5999999228,0.6508878249
2886,1.0,0.0,0.0,0.0,1.0,1.0,0.3298158174,0.2904955007,0.05211985111,0.04422295094,0.4733332944,0.590908779,0.6020763942,0.6607142376
2887,1.0,0.0,0.0,0.0,1.0,1.0,0.3292671282,0.2939534601,0.05302798748,0.04552906752,0.4708817275,0.5808082171,0.5986159942,0.6470594396
2888,1.0,0.0,0.0,0.0,1.0,1.0,0.3437145883,0.3118947161,0.05496561527,0.04829502106,0.4741236125,0.5873786829,0.5965519193,0.6353596888
2889,1.0,0.0,0.0,0.0,1.0,1.0,0.3364789829,0.3071199798,0.05296504498,0.04640990496,0.4716666238,0.5841587835,0.6006942089,0.6327686228
2890,1.0,0.0,0.0,0.0,1.0,1.0,0.3353833532,0.3064488788,0.05338686705,0.04698038101,0.4748321975,0.5849993804,0.5993031223,0.636363867
2891,1.0,0.0,0.0,0.0,1.0,1.0,0.3348216675,0.3047079575,0.05406022072,0.04730266333,0.4706867687,0.579999559,0.5993029713,0.6342849798
2892,1.0,0.0,0.0,0.0,1.0,1.0,0.3325872983,0.2932387818,0.05311328173,0.04533404112,0.4722689025,0.5909091419,0.5972223668,0.6508883364
2893,1.0,0.0,0.0,0.0,1.0,1.0,0.3022368537,0.2472119808,0.04622322321,0.03676849604,0.4776631291,0.5681814372,0.5936396935,0.6571433666
2894,1.0,0.0,0.0,0.0,1.0,1.0,0.3042619152,0.1652618924,0.04279738665,0.02275300026,0.4874758356,0.4746838881,0.5196853837,0.4523802039
2895,1.0,0.0,0.0,0.0,1.0,1.0,0.310583495,0.2083856261,0.04300439358,0.02839392424,0.5199204486,0.41025705,0.5384616058,0.3300977599
2896,1.0,0.0,0.0,0.0,1.0,1.0,0.3044389446,0.2060076882,0.04330796003,0.02877706289,0.5230461283,0.4144734216,0.5306121317,0.3168316422
2897,1.0,0.0,0.0,0.0,1.0,1.0,0.3195770231,0.2056465357,0.04296588898,0.027366817,0.5336048907,0.4267515482,0.539094829,0.3300002831
2898,1.0,0.0,0.0,0.0,1.0,1.0,0.3204622847,0.2092325946,0.04441273212,0.02859067917,0.5350700907,0.4249988592,0.5487806048,0.3300963992
2899,1.0,0.0,0.0,0.0,1.0,1.0,0.3167965883,0.2027555068,0.04436987638,0.02833944559,0.5398773652,0.4193548387,0.5409835576,0.3232321745
2900,1.0,0.0,0.0,0.0,1.0,1.0,0.3020180911,0.1914253288,0.042722404,0.02670150995,0.5188866385,0.421052705,0.5282255756,0.32631586
2901,1.0,0.0,0.0,0.0,1.0,1.0,0.282493485,0.1831643638,0.03988677263,0.02530741692,0.4912281313,0.475862574,0.5139441372,0.4239121219
2902,1.0,0.0,0.0,0.0,1.0,1.0,0.2725749211,0.1430499643,0.03888469934,0.0202524662,0.4886363921,0.5694452747,0.5496182724,0.6266672553
2903,1.0,0.0,0.0,0.0,1.0,1.0,0.2719451385,0.2159509038,0.04238027334,0.03266251087,0.4558058505,0.5796169744,0.5535715764,0.6198351783
2904,1.0,0.0,0.0,0.0,1.0,1.0,0.2996625671,0.2516326794,0.04664838314,0.0376367569,0.4548551966,0.573863767,0.5567377017,0.6338021031
2905,1.0,0.0,0.0,0.0,1.0,1.0,0.3231024664,0.2832922353,0.05185431242,0.04325670004,0.4522612263,0.5751295158,0.5633804246,0.6335412628
2906,1.0,0.0,0.0,0.0,1.0,1.0,0.3208908987,0.2830588212,0.05055832863,0.04265862703,0.4515050155,0.5677082105,0.5664336494,0.6234558673
2907,1.0,0.0,0.0,0.0,1.0,1.0,0.3208911519,0.2785901612,0.05133211613,0.04277676344,0.4481604445,0.5833339139,0.5644599425,0.6437496081
2908,1.0,0.0,0.0,0.0,1.0,1.0,0.3314898238,0.2974117416,0.05582535267,0.04800981283,0.4427861392,0.5800005125,0.5640137667,0.62790715
2909,1.0,0.0,0.0,0.0,1.0,1.0,0.3336951445,0.3005193602,0.05429023504,0.04680192471,0.4572368364,0.5812805556,0.5807557323,0.6342857798
2910,1.0,0.0,0.0,0.0,1.0,1.0,0.341914448,0.3101712797,0.05527985096,0.04783827066,0.4638158619,0.5721155609,0.5896551991,0.6333334579
2911,1.0,0.0,0.0,0.0,1.0,1.0,0.3419578476,0.306057474,0.0562480092,0.04809612036,0.4578512226,0.5748793294,0.5847748621,0.6327685926
2912,1.0,0.0,0.0,0.0,1.0,1.0,0.3469137271,0.3153411658,0.0568125844,0.04950809479,0.4661156512,0.5904756509,0.5862069751,0.6338802419
2913,1.0,0.0,0.0,0.0,1.0,1.0,0.3512888426,0.3155235491,0.05565226078,0.04833650589,0.4636963623,0.5821589607,0.5904437006,0.621621255
2914,1.0,0.0,0.0,0.0,1.0,1.0,0.3442336,0.305002278,0.05623263121,0.04808300734,0.4658901868,0.5845412523,0.5827584838,0.6271186651
2915,1.0,0.0,0.0,0.0,1.0,1.0,0.344807114,0.3050018061,0.05556076765,0.04750847816,0.4716667098,0.5845411975,0.5931031158,0.6384186887
2916,1.0,0.0,0.0,0.0,1.0,1.0,0.3303804268,0.2912167209,0.05295324326,0.04497033358,0.4651163396,0.5829146068,0.589655219,0.6272185898
2917,1.0,0.0,0.0,0.0,1.0,1.0,0.2776227369,0.1860277769,0.04139220715,0.02723878622,0.49999995,0.5935479505,0.5802923095,0.6568619513
2918,1.0,0.0,0.0,0.0,1.0,1.0,0.3081282018,0.1652465195,0.04194581509,0.02231734991,0.5177864618,0.4679481168,0.5378487937,0.3614468128
2919,1.0,0.0,0.0,0.0,1.0,1.0,0.324415558,0.2162057283,0.04458898306,0.02935671806,0.536290212,0.3664586227,0.54693872,0.2641495643
2920,1.0,0.0,0.0,0.0,1.0,1.0,0.3195771405,0.206495909,0.04339045286,0.02763718367,0.5295314431,0.3566886593,0.53305805,0.28
2921,1.0,0.0,0.0,0.0,1.0,1.0,0.3131979885,0.2075452606,0.04267287254,0.0279955864,0.5229541575,0.3375795467,0.5282256835,0.2524271431
2922,1.0,0.0,0.0,0.0,1.0,1.0,0.3206870858,0.2172700071,0.0455083847,0.03071117401,0.5255905694,0.3496929944,0.549407033,0.245454616
2923,1.0,0.0,0.0,0.0,1.0,1.0,0.3115668649,0.2051702741,0.04268664122,0.02799582481,0.5384615385,0.3506492237,0.5447151701,0.2475239093
2924,1.0,0.0,0.0,0.0,1.0,1.0,0.3215418791,0.2019281139,0.0448898077,0.02830630541,0.5307377618,0.3566879911,0.5346938047,0.2323242107
2925,1.0,0.0,0.0,0.0,1.0,1.0,0.3157191023,0.1974706227,0.04255408049,0.02656245232,0.5251508445,0.356687336,0.5322579573,0.2448972723
2926,1.0,0.0,0.0,0.0,1.0,1.0,0.3181896558,0.2114999711,0.0444368124,0.02905482054,0.5122448596,0.3397440197,0.5186719201,0.2450975364
2927,1.0,0.0,0.0,0.0,1.0,1.0,0.3116763087,0.1965429386,0.04158776999,0.02606165409,0.5197504989,0.339999742,0.5230124639,0.2234026008
2928,1.0,0.0,0.0,0.0,1.0,1.0,0.3219956761,0.2202158892,0.0428468585,0.02893555164,0.5292887549,0.3181813756,0.521186556,0.240385368
2929,1.0,0.0,0.0,0.0,1.0,1.0,0.3206540072,0.2204652247,0.04382610321,0.02988147736,0.5354167035,0.3311690784,0.5294115319,0.2571430281
2930,1.0,0.0,0.0,0.0,1.0,1.0,0.3170501003,0.2053937252,0.04270452261,0.02743268013,0.5273109732,0.3245038474,0.5169491639,0.247423106
2931,1.0,0.0,0.0,0.0,1.0,1.0,0.3137542662,0.2150695716,0.04273974895,0.02887052298,0.5322245559,0.3178812195,0.5232070283,0.2843133409
2932,1.0,0.0,0.0,0.0,1.0,1.0,0.3092534126,0.199059214,0.04179263115,0.02657020092,0.5081967719,0.3245032546,0.5145226141,0.2291676948
2933,1.0,0.0,0.0,0.0,1.0,1.0,0.3068828962,0.1931697491,0.04112267494,0.02556276321,0.5228214808,0.3108110459,0.5126052729,0.25
2934,1.0,0.0,0.0,0.0,1.0,1.0,0.3060791777,0.1990416863,0.04100835323,0.02622306347,0.5166667112,0.3129260501,0.5084744843,0.2340425048
2935,1.0,0.0,0.0,0.0,1.0,1.0,0.3111660234,0.2162659265,0.04266983271,0.02910596132,0.5298968983,0.2980132173,0.529411895,0.2330105239
2936,1.0,0.0,0.0,0.0,1.0,1.0,0.3076794494,0.2087442423,0.04103207588,0.0272629261,0.5247933266,0.3355703918,0.5232069128,0.272728664
2937,1.0,0.0,0.0,0.0,1.0,1.0,0.310310335,0.201132532,0.04243141413,0.02672630548,0.5020162101,0.3376617721,0.4937759634,0.268041651
2938,1.0,0.0,0.0,0.0,1.0,1.0,0.2800740613,0.1302772886,0.03974324465,0.01823830605,0.5086372631,0.4520539727,0.5447473203,0.2985084382
2939,1.0,0.0,0.0,0.0,1.0,1.0,0.2372776012,0.1585830266,0.03602105379,0.023468256,0.4802159057,0.5606064868,0.5645757453,0.6395339977
2940,1.0,0.0,0.0,0.0,1.0,1.0,0.2838554203,0.2340241565,0.0437746644,0.0348623991,0.4693877867,0.5808389512,0.5633802253,0.6390987085
2941,1.0,0.0,0.0,0.0,1.0,1.0,0.3109745606,0.2733663444,0.04982304573,0.04183000326,0.4642263294,0.5721923406,0.5714286827,0.6178349395
2942,1.0,0.0,0.0,0.0,1.0,1.0,0.3114926511,0.2749329571,0.05081099272,0.04320293665,0.4599999178,0.5828882526,0.5709342771,0.6163529128
2943,1.0,0.0,0.0,0.0,1.0,1.0,0.3158769534,0.2724176062,0.0518463254,0.04306817055,0.473244203,0.5873019888,0.569444502,0.6305739007
2944,1.0,0.0,0.0,0.0,1.0,1.0,0.3148241325,0.2714747229,0.04962956905,0.04122668505,0.4583333373,0.5820108425,0.5605539008,0.6242031955
2945,1.0,0.0,0.0,0.0,1.0,1.0,0.3098271616,0.2654768282,0.04833191633,0.03975689411,0.4599999618,0.5806455989,0.5624999502,0.6339859972
2946,1.0,0.0,0.0,0.0,1.0,1.0,0.3000011069,0.2551022159,0.04644554853,0.03809577227,0.4671162806,0.5898871574,0.5734266879,0.6369862049
2947,1.0,0.0,0.0,0.0,1.0,1.0,0.2998326392,0.2533797566,0.04755347967,0.03868758678,0.4728813561,0.5875698,0.5809859196,0.6458332691
2948,1.0,0.0,0.0,0.0,1.0,1.0,0.3164059032,0.2758877018,0.04896223545,0.04119050503,0.4790619178,0.5873017226,0.5937500873,0.6352194159
2949,1.0,0.0,0.0,0.0,1.0,1.0,0.3163216451,0.2751076479,0.05165624619,0.04341322184,0.4747475448,0.5957447545,0.5818815344,0.6392408626
2950,1.0,0.0,0.0,0.0,1.0,1.0,0.3083025665,0.259436767,0.04790395498,0.03921800852,0.4813558646,0.5879120811,0.5923346624,0.6375832296
2951,1.0,0.0,0.0,0.0,1.0,1.0,0.2668667291,0.2013262168,0.04038459063,0.0295625329,0.4764397524,0.5686268432,0.5683450989,0.6607141057
2952,1.0,0.0,0.0,0.0,1.0,1.0,0.2607238729,0.1998886366,0.04077869654,0.03044813871,0.4800000152,0.5666671052,0.5750000587,0.6607143207
2953,1.0,0.0,0.0,0.0,1.0,1.0,0.2705388922,0.2118954944,0.04189687967,0.03202301264,0.4741379667,0.573248752,0.583038879,0.6833340468
2954,1.0,0.0,0.0,0.0,1.0,1.0,0.2699347882,0.2171931582,0.04194074869,0.0326500535,0.4649573394,0.5886073881,0.5689046273,0.6829257161
2955,1.0,0.0,0.0,0.0,1.0,1.0,0.2699349601,0.219735476,0.04132682085,0.03243368864,0.4700853936,0.5696207826,0.5673757548,0.6612900558
2956,1.0,0.0,0.0,0.0,1.0,1.0,0.2471346526,0.1671926753,0.03587651253,0.02374178171,0.4999999487,0.5735295095,0.5799256802,0.6555566992
2957,1.0,0.0,0.0,0.0,1.0,1.0,0.238398968,0.1258557597,0.03498548269,0.01830011606,0.5339449824,0.5384618006,0.5851849089,0.5588242
2958,1.0,0.0,0.0,0.0,1.0,1.0,0.26601093,0.1394568468,0.03909689188,0.02010697126,0.4980988632,0.4214276676,0.5271318246,0.305556132
2959,1.0,0.0,0.0,0.0,1.0,1.0,0.2858290148,0.1744121919,0.04080438614,0.0243730545,0.500959727,0.3624157152,0.5215688533,0.2247182768
2960,1.0,0.0,0.0,0.0,1.0,1.0,0.2841739155,0.1632948341,0.04102021456,0.02316111326,0.5067698307,0.387755102,0.5275590684,0.2409651577
2961,1.0,0.0,0.0,0.0,1.0,1.0,0.2844566955,0.1711642883,0.04109436274,0.02415680885,0.5057693385,0.3918926563,0.5314960214,0.2413788849
2962,1.0,0.0,0.0,0.0,1.0,1.0,0.2655063088,0.1483545199,0.03693366051,0.0200496912,0.4990511801,0.4428575117,0.5390622623,0.3157905689
2963,1.0,0.0,0.0,0.0,1.0,1.0,0.2526061732,0.1371414082,0.03686857224,0.01950293779,0.4945054608,0.4927540449,0.552631612,0.4246573249
2964,1.0,0.0,0.0,0.0,1.0,1.0,0.2328449143,0.1106391872,0.03357023001,0.01549392939,0.4767024341,0.5923084435,0.5461254471,0.6166689107
2965,1.0,0.0,0.0,0.0,1.0,1.0,0.2371258751,0.1513750705,0.0350895524,0.02157354355,0.4622144013,0.6,0.5510951088,0.638554583
2966,1.0,0.0,0.0,0.0,1.0,1.0,0.2528918699,0.1927494176,0.03929549456,0.02906787395,0.4731369829,0.5890402855,0.5607142603,0.6666673502
2967,1.0,0.0,0.0,0.0,1.0,1.0,0.2467315728,0.1524883482,0.03650599718,0.02195650339,0.4830053265,0.5942031352,0.5588232737,0.6746984681
2968,1.0,0.0,0.0,0.0,1.0,1.0,0.2416831199,0.1114621019,0.0353935957,0.01596707106,0.4890907914,0.5864659502,0.5539031895,0.6333324623
2969,1.0,0.0,0.0,0.0,1.0,1.0,0.2811532952,0.153611005,0.03985416889,0.02156496048,0.5202312746,0.4315074434,0.5486379654,0.3291155334
2970,1.0,0.0,0.0,0.0,1.0,1.0,0.2822409246,0.1619648745,0.03983002901,0.02237027884,0.5183752659,0.4041096198,0.533596693,0.2439043886
2971,1.0,0.0,0.0,0.0,1.0,1.0,0.2880745013,0.1858960573,0.04071819782,0.02576047182,0.5000001054,0.3673459828,0.5040001789,0.2473130968
2972,1.0,0.0,0.0,0.0,1.0,1.0,0.2992340294,0.1958089943,0.04167109728,0.02666950226,0.5049899802,0.3533330949,0.5020406252,0.2812511175
2973,1.0,0.0,0.0,0.0,1.0,1.0,0.2982523582,0.1978893165,0.04096084833,0.02685511112,0.5296443533,0.337748778,0.5239999332,0.2424237716
2974,1.0,0.0,0.0,0.0,1.0,1.0,0.2903514583,0.1982695249,0.03904128075,0.02602750063,0.5237152525,0.3605443631,0.5303643614,0.2448971647
2975,1.0,0.0,0.0,0.0,1.0,1.0,0.3016427122,0.2129961691,0.04191893339,0.02906382084,0.5251510823,0.3266665055,0.5204919429,0.269231558
2976,1.0,0.0,0.0,0.0,1.0,1.0,0.3016426256,0.2097593394,0.04180401564,0.02842670679,0.5271629108,0.3266676647,0.5185186163,0.264706314
2977,1.0,0.0,0.0,0.0,1.0,1.0,0.3150851855,0.222325052,0.04263049364,0.02959698439,0.5200803637,0.3184707943,0.5061223284,0.2568819164
2978,1.0,0.0,0.0,0.0,1.0,1.0,0.3082953615,0.2177206013,0.04110813141,0.02821147442,0.5100806835,0.3137252059,0.497925189,0.2380955399
2979,1.0,0.0,0.0,0.0,1.0,1.0,0.3040896619,0.212690955,0.04081976414,0.02802956104,0.5314402456,0.3199993575,0.5165287798,0.2621348281
2980,1.0,0.0,0.0,0.0,1.0,1.0,0.3047077719,0.2106262039,0.04096388817,0.02785545588,0.5243903439,0.3066670547,0.5206611868,0.2450972211
2981,1.0,0.0,0.0,0.0,1.0,1.0,0.3004458257,0.2090883099,0.04004758596,0.02724325657,0.5173825068,0.3265310982,0.5062760894,0.2899996937
2982,1.0,0.0,0.0,0.0,1.0,1.0,0.2847016199,0.1806221413,0.03914862871,0.02463901043,0.5159361581,0.3006995988,0.5140561179,0.222222491
2983,1.0,0.0,0.0,0.0,1.0,1.0,0.301831313,0.1958088887,0.04147040844,0.02636528015,0.5059998994,0.2980131023,0.5020409302,0.2395825798
2984,1.0,0.0,0.0,0.0,1.0,1.0,0.3067392449,0.2094265761,0.04210484028,0.02816283703,0.5162602495,0.3178813197,0.49792521,0.2673261459
2985,1.0,0.0,0.0,0.0,1.0,1.0,0.3026763785,0.2040526193,0.04058295488,0.02669215202,0.5203252286,0.2885900225,0.5,0.2346925104
2986,1.0,0.0,0.0,0.0,1.0,1.0,0.3064425119,0.2019279959,0.0416687727,0.02696210146,0.5090180657,0.3006539968,0.5020409348,0.2626268655
2987,1.0,0.0,0.0,0.0,1.0,1.0,0.2852738355,0.1813503063,0.03914010525,0.02429383993,0.5098425603,0.2896558656,0.508064552,0.2111103751
2988,1.0,0.0,0.0,0.0,1.0,1.0,0.2958349698,0.196611459,0.04108089209,0.02664703131,0.5079999828,0.3108108696,0.5040983534,0.2395836828
2989,1.0,0.0,0.0,0.0,1.0,1.0,0.2909267655,0.2011074746,0.04222303629,0.02843594551,0.5069307049,0.285714689,0.5,0.2323235711
2990,1.0,0.0,0.0,0.0,1.0,1.0,0.2847015933,0.1958086176,0.03895968199,0.02615469694,0.5059759741,0.2937052024,0.4938774527,0.2500005697
2991,1.0,0.0,0.0,0.0,1.0,1.0,0.3020625442,0.2085613122,0.0413942337,0.02805918455,0.5212981974,0.3154360097,0.5041321948,0.2673258914
2992,1.0,0.0,0.0,0.0,1.0,1.0,0.2906742475,0.1966111353,0.03978341818,0.02615892887,0.5179283524,0.2945202298,0.5040984359,0.2499988607
2993,1.0,0.0,0.0,0.0,1.0,1.0,0.2869684287,0.1986594942,0.04102855921,0.02744668722,0.5168316638,0.2965518744,0.5040986984,0.2680404535
2994,1.0,0.0,0.0,0.0,1.0,1.0,0.2954696328,0.2100867696,0.04078245163,0.0281919241,0.5138888964,0.2885901528,0.5061222858,0.2524282108
2995,1.0,0.0,0.0,0.0,1.0,1.0,0.2847137018,0.1909503187,0.03901124001,0.02529001236,0.5009823601,0.2896546982,0.500000225,0.2446806003
2996,1.0,0.0,0.0,0.0,1.0,1.0,0.2847134414,0.195455301,0.03939467669,0.02635365725,0.5088408501,0.2896556837,0.5080646017,0.2371144047
2997,1.0,0.0,0.0,0.0,1.0,1.0,0.2844413949,0.1966777153,0.03995507956,0.02681922913,0.5009746266,0.2876710898,0.5060240069,0.2346939229
2998,1.0,0.0,0.0,0.0,1.0,1.0,0.2734505172,0.1871467595,0.03843128681,0.02544045448,0.4874758989,0.2887324162,0.5019919585,0.2340424535
2999,1.0,0.0,0.0,0.0,1.0,1.0,0.2785972419,0.1886499306,0.03919523954,0.02576470375,0.495126782,0.2867133931,0.5100404393,0.2446814417
3000,1.0,0.0,0.0,0.0,1.0,1.0,0.2512883018,0.1580142932,0.03549236059,0.02151048183,0.5123809379,0.2803028904,0.5138339021,0.212499238
3001,1.0,0.0,0.0,0.0,1.0,1.0,0.2598927637,0.1672292451,0.03674429655,0.02296519279,0.4990438997,0.27941155,0.5039368917,0.2117640647
3002,1.0,0.0,0.0,0.0,1.0,1.0,0.2569993538,0.1599899433,0.03748679161,0.02249211073,0.4933331971,0.2814823413,0.5098814263,0.2098766414
3003,1.0,0.0,0.0,0.0,1.0,1.0,0.2465417441,0.1580143695,0.03569990396,0.02196913958,0.4971537558,0.2846154488,0.5059288453,0.2375000339
3004,1.0,0.0,0.0,0.0,1.0,1.0,0.2598931434,0.1685564445,0.03643202782,0.02276998758,0.5028680692,0.2720588716,0.503968401,0.2470570681
3005,1.0,0.0,0.0,0.0,1.0,1.0,0.2722289763,0.1777665849,0.0387057662,0.02436029911,0.4876190576,0.2727283927,0.501976233,0.2444445532
3006,1.0,0.0,0.0,0.0,1.0,1.0,0.2651193664,0.1672296147,0.03757852316,0.02297967672,0.484732875,0.2805763383,0.4960629785,0.2352938125
3007,1.0,0.0,0.0,0.0,1.0,1.0,0.2598931409,0.171164152,0.03680372238,0.02354353666,0.491395878,0.2867648964,0.5000002167,0.2298839226
3008,1.0,0.0,0.0,0.0,1.0,1.0,0.2446052059,0.1526923586,0.03461420536,0.02082258463,0.4894836673,0.2812494619,0.5000002185,0.2207788862
3009,1.0,0.0,0.0,0.0,1.0,1.0,0.2508104372,0.1632946502,0.03534287214,0.02222317457,0.5076046166,0.2878785068,0.5157479263,0.2048207959
3010,1.0,0.0,0.0,0.0,1.0,1.0,0.2409204391,0.1554248121,0.03421473503,0.02111685276,0.504708107,0.2890625544,0.5118109994,0.189874168
3011,1.0,0.0,0.0,0.0,1.0,1.0,0.262808894,0.1691964913,0.03771102428,0.02367258072,0.504798435,0.2992700961,0.511810866,0.2325586665
3012,1.0,0.0,0.0,0.0,1.0,1.0,0.2657248347,0.1794915953,0.03708177805,0.02435219288,0.5079365096,0.2985072228,0.5102037678,0.2499987762
3013,1.0,0.0,0.0,0.0,1.0,1.0,0.2886403588,0.1970442919,0.04071116447,0.0268638134,0.5206286766,0.3265307019,0.5284551282,0.2680408254
3014,1.0,0.0,0.0,0.0,1.0,1.0,0.2349365386,0.1491101123,0.03294628859,0.01998376846,0.4759152613,0.2540981679,0.4798388782,0.1756752726
3015,1.0,0.0,0.0,0.0,1.0,1.0,0.2592614067,0.1427772098,0.03538018465,0.01890540123,0.4653464265,0.2977100008,0.4571427543,0.1857147361
3016,1.0,0.0,0.0,0.0,1.0,1.0,0.2440498168,0.1481387116,0.03405946493,0.02027350664,0.4980619663,0.3888887917,0.5059288933,0.2266672155
3017,1.0,0.0,0.0,0.0,1.0,1.0,0.2410627536,0.1991508659,0.03649812937,0.02877223492,0.4876761506,0.5547451812,0.5645755712,0.5648142394
3018,1.0,0.0,0.0,0.0,1.0,1.0,0.3030672752,0.279413727,0.04685276747,0.04106199741,0.4787051941,0.5561796252,0.562723962,0.5897437386
3019,1.0,0.0,0.0,0.0,1.0,1.0,0.3205444151,0.3050928327,0.05390363932,0.04809868336,0.4621710729,0.5641027342,0.5508772872,0.5862072811
3020,1.0,0.0,0.0,0.0,1.0,1.0,0.3270900164,0.3154264525,0.05557465553,0.04996103048,0.4628100022,0.5505047255,0.5531917376,0.5898877008
3021,1.0,0.0,0.0,0.0,1.0,1.0,0.3249417885,0.3284381634,0.0541395545,0.05085831881,0.4614121989,0.5555553109,0.554770231,0.5860211588
3022,1.0,0.0,0.0,0.0,1.0,1.0,0.3125345517,0.3175120443,0.05136239529,0.04834103584,0.4515049773,0.5561494596,0.5415163006,0.5965909932
3023,1.0,0.0,0.0,0.0,1.0,1.0,0.3095473134,0.3201057663,0.05188912153,0.04968100786,0.4596376072,0.5638299705,0.5587188995,0.5777778044
3024,1.0,0.0,0.0,0.0,1.0,1.0,0.3177797554,0.3218843308,0.05378454924,0.05044043064,0.4563427234,0.5595857506,0.5480428292,0.5801098966
3025,1.0,0.0,0.0,0.0,1.0,1.0,0.3243224522,0.316548905,0.05525547266,0.05018091202,0.4552979659,0.5408156991,0.5551600085,0.5842693159
3026,1.0,0.0,0.0,0.0,1.0,1.0,0.3077750393,0.297706082,0.05125582218,0.04629558325,0.4685430542,0.5537636784,0.5673759844,0.6011901467
3027,1.0,0.0,0.0,0.0,1.0,1.0,0.3083024155,0.2850397668,0.04902094603,0.04255670309,0.4711863937,0.5494513244,0.5667871261,0.6139235808
3028,1.0,0.0,0.0,0.0,1.0,1.0,0.2974526959,0.268667068,0.04794901609,0.04109919071,0.4591836395,0.5371427222,0.5555555556,0.6
3029,1.0,0.0,0.0,0.0,1.0,1.0,0.2781053835,0.2471345425,0.04432010651,0.03767210245,0.4817391984,0.5499994621,0.5709092473,0.5955875722
3030,1.0,0.0,0.0,0.0,1.0,1.0,0.2417696423,0.1731320402,0.03491342068,0.0241920352,0.5161903626,0.5354332053,0.5551179473,0.5113643363
3031,1.0,0.0,0.0,0.0,1.0,1.0,0.2909269098,0.2109479728,0.04030644894,0.02824193239,0.5108910446,0.4013604839,0.5327869765,0.3203889232
3032,1.0,0.0,0.0,0.0,1.0,1.0,0.3023853429,0.2124319418,0.04166001081,0.02840453386,0.5186641362,0.3961046672,0.5344126649,0.3047619447
3033,1.0,0.0,0.0,0.0,1.0,1.0,0.2795373309,0.2062341437,0.04032248259,0.02872288227,0.5076627535,0.417808452,0.5317459095,0.3461536865
3034,1.0,0.0,0.0,0.0,1.0,1.0,0.3069150997,0.2107254673,0.04331994057,0.02915763855,0.5137796302,0.3653844037,0.5261046218,0.2571425067
3035,1.0,0.0,0.0,0.0,1.0,1.0,0.3237628073,0.2306401598,0.04600560665,0.03257536888,0.5331992302,0.3540382408,0.5425102001,0.2543859007
3036,1.0,0.0,0.0,0.0,1.0,1.0,0.3244681081,0.2338693077,0.04481965303,0.03236973286,0.5390781892,0.3333324467,0.5360001998,0.2564088872
3037,1.0,0.0,0.0,0.0,1.0,1.0,0.3364657583,0.2398662187,0.0466273427,0.0331081748,0.5219123155,0.3491129101,0.5279999309,0.2583340385
3038,1.0,0.0,0.0,0.0,1.0,1.0,0.3165564772,0.2078840069,0.04463011026,0.02919203043,0.5159362325,0.3899373505,0.5279999355,0.2884611065
3039,1.0,0.0,0.0,0.0,1.0,1.0,0.2924724995,0.1886107556,0.04216575623,0.02708661556,0.4922481293,0.4304632017,0.5369648659,0.3711331359
3040,1.0,0.0,0.0,0.0,1.0,1.0,0.2688032018,0.1696134981,0.04109662771,0.02565091848,0.4548735924,0.5973151053,0.5328468477,0.5591389354
3041,1.0,0.0,0.0,0.0,1.0,1.0,0.2979596792,0.2585966635,0.04951632023,0.04187661409,0.4565587401,0.5485720064,0.5559441975,0.601351034
3042,1.0,0.0,0.0,0.0,1.0,1.0,0.3168549055,0.2803312311,0.05096226931,0.04364323616,0.4451940109,0.5585101842,0.5540069059,0.6149066117
3043,1.0,0.0,0.0,0.0,1.0,1.0,0.3230519352,0.2845634689,0.05210953951,0.04451024532,0.4444444034,0.5624996426,0.5555556826,0.6158541321
3044,1.0,0.0,0.0,0.0,1.0,1.0,0.330366224,0.2877705401,0.0528396368,0.04456681013,0.4440735312,0.5555554302,0.5517241247,0.6227546352
3045,1.0,0.0,0.0,0.0,1.0,1.0,0.3292671507,0.2894933205,0.0541267395,0.04592567682,0.4492512185,0.5555558003,0.5655174927,0.6130953076
3046,1.0,0.0,0.0,0.0,1.0,1.0,0.34034147,0.2957533009,0.0548261404,0.04653537273,0.4401992772,0.5609764848,0.5612245555,0.6149431176
3047,1.0,0.0,0.0,0.0,1.0,1.0,0.3364620997,0.2984681555,0.05566626787,0.04798817635,0.4427860867,0.5665026635,0.5563141273,0.6114285288
3048,1.0,0.0,0.0,0.0,1.0,1.0,0.3387089738,0.2899402763,0.05750006437,0.04815274477,0.4507512575,0.5517238162,0.5699657147,0.617647168
3049,1.0,0.0,0.0,0.0,1.0,1.0,0.3402011991,0.2968142762,0.05659604073,0.04793059826,0.4495114053,0.5550233591,0.563758585,0.6158190966
3050,1.0,0.0,0.0,0.0,1.0,1.0,0.3407560784,0.2874645867,0.0572412014,0.04710751772,0.4535073315,0.5693779755,0.565217328,0.616279467
3051,1.0,0.0,0.0,0.0,1.0,1.0,0.3364136199,0.2857937472,0.05574601889,0.04627460241,0.4526143588,0.5679610976,0.5652175354,0.6257311373
3052,1.0,0.0,0.0,0.0,1.0,1.0,0.333147499,0.2795051026,0.05677509308,0.04637569189,0.4587458353,0.5594061277,0.5694912648,0.6303037703
3053,1.0,0.0,0.0,0.0,1.0,1.0,0.3463414514,0.3038845456,0.05863291025,0.05025678873,0.4554455027,0.5619047329,0.5675677819,0.6222216424
3054,1.0,0.0,0.0,0.0,1.0,1.0,0.3469822544,0.3039541852,0.05566596985,0.04714298248,0.4534882738,0.5645933271,0.5670103212,0.6214687051
3055,1.0,0.0,0.0,0.0,1.0,1.0,0.3474173259,0.3110507376,0.0570691824,0.04949599504,0.4332783491,0.5639816515,0.5408163609,0.6120218448
3056,1.0,0.0,0.0,0.0,1.0,1.0,0.3507103306,0.3155234692,0.05806905031,0.05043554306,0.4382207904,0.5633803684,0.5494880101,0.6000002364
3057,1.0,0.0,0.0,0.0,1.0,1.0,0.355429609,0.3252421089,0.06310802698,0.05558139086,0.4371941264,0.5733945864,0.549152488,0.6093752178
3058,1.0,0.0,0.0,0.0,1.0,1.0,0.3456472279,0.3116903832,0.0577043891,0.05008304119,0.4339313878,0.5707542151,0.5457625333,0.6086957039
3059,1.0,0.0,0.0,0.0,1.0,1.0,0.3429455082,0.2988195822,0.05863767862,0.04942321777,0.4297384945,0.571428281,0.5472972559,0.6101697573
3060,1.0,0.0,0.0,0.0,1.0,1.0,0.3429457055,0.3083025802,0.05703645945,0.04943162203,0.4411765075,0.5666669802,0.5491527604,0.6043951406
3061,1.0,0.0,0.0,0.0,1.0,1.0,0.3445229788,0.3133843484,0.05673104525,0.04950588942,0.4357723089,0.561320839,0.5457628436,0.5999992776
3062,1.0,0.0,0.0,0.0,1.0,1.0,0.3430429701,0.3091056952,0.05612891912,0.04857307673,0.4323432932,0.5625000664,0.539518727,0.6055556305
3063,1.0,0.0,0.0,0.0,1.0,1.0,0.3381195977,0.3015558264,0.05615031719,0.04816818237,0.4494195807,0.5588230299,0.5620688677,0.6057134513
3064,1.0,0.0,0.0,0.0,1.0,1.0,0.349639916,0.3138178951,0.05807840824,0.05040764809,0.4422442901,0.5660379682,0.5563141148,0.6250005912
3065,1.0,0.0,0.0,0.0,1.0,1.0,0.3437149243,0.3032791895,0.05781018734,0.04939121008,0.4557595419,0.5631068962,0.5655173625,0.6193179967
3066,1.0,0.0,0.0,0.0,1.0,1.0,0.3364457479,0.295056997,0.05556297302,0.04711955786,0.4488448383,0.5637261423,0.5631401483,0.62427723
3067,1.0,0.0,0.0,0.0,1.0,1.0,0.3276313748,0.2838550161,0.05491775274,0.04631954432,0.4536423138,0.5555560379,0.5680270854,0.6167661588
3068,1.0,0.0,0.0,0.0,1.0,1.0,0.3170181161,0.2686855041,0.05222147703,0.04315143824,0.464106911,0.5526319694,0.5753423234,0.6305740226
3069,1.0,0.0,0.0,0.0,1.0,1.0,0.3250489371,0.2713261434,0.0526008606,0.04283988476,0.4601844555,0.5567005403,0.5635736497,0.6139239274
3070,1.0,0.0,0.0,0.0,1.0,1.0,0.3273024286,0.271179735,0.05429011583,0.0440415144,0.4603175402,0.5510206546,0.559727005,0.6289305367
3071,1.0,0.0,0.0,0.0,1.0,1.0,0.32423349,0.2669741726,0.05413854122,0.04353410006,0.4581939775,0.5567008039,0.5616439808,0.6282050053
3072,1.0,0.0,0.0,0.0,1.0,1.0,0.3269675341,0.2697451795,0.0541009903,0.0435038209,0.4637436908,0.541236625,0.5640140928,0.6153851423
3073,1.0,0.0,0.0,0.0,1.0,1.0,0.326998329,0.2730433991,0.05219185352,0.04255646467,0.4630872396,0.5589744117,0.5635739449,0.6163528619
3074,1.0,0.0,0.0,0.0,1.0,1.0,0.3231023412,0.2644572062,0.05354934931,0.04272854328,0.4639865337,0.5492231267,0.5670103777,0.6103902263
3075,1.0,0.0,0.0,0.0,1.0,1.0,0.3220237836,0.2617585103,0.05393022299,0.04303240776,0.4641068808,0.5492225345,0.5646260329,0.6103891607
3076,1.0,0.0,0.0,0.0,1.0,1.0,0.3247767675,0.2592409947,0.05358880758,0.04198712111,0.4723617923,0.5515459847,0.5802046689,0.6184203615
3077,1.0,0.0,0.0,0.0,1.0,1.0,0.3359187833,0.2845867491,0.05282145739,0.04393070936,0.460898563,0.5594060914,0.5728814449,0.6130957146
3078,1.0,0.0,0.0,0.0,1.0,1.0,0.3303941226,0.2778110602,0.0526176095,0.04314643145,0.4611570477,0.5700001246,0.5728811868,0.6280486878
3079,1.0,0.0,0.0,0.0,1.0,1.0,0.3408693771,0.288690302,0.05560404062,0.04615676403,0.4619205726,0.5728158254,0.5743243823,0.6315784716
3080,1.0,0.0,0.0,0.0,1.0,1.0,0.3331474012,0.2776226604,0.05301618576,0.0430919528,0.453201898,0.5665029726,0.5656565114,0.6242421811
3081,1.0,0.0,0.0,0.0,1.0,1.0,0.3325903042,0.2789535542,0.05390447378,0.04415285587,0.4531771688,0.562813548,0.5616438769,0.6134966426
3082,1.0,0.0,0.0,0.0,1.0,1.0,0.3297822602,0.276661866,0.05216407776,0.04258286953,0.4595959096,0.556121796,0.5674743339,0.6124993351
3083,1.0,0.0,0.0,0.0,1.0,1.0,0.3320292887,0.278195144,0.05392116308,0.0441173315,0.4328859282,0.5707076904,0.5429553484,0.6111115615
3084,1.0,0.0,0.0,0.0,1.0,1.0,0.330907683,0.2791545404,0.05360341072,0.04407995939,0.4302520886,0.5786809086,0.5413795056,0.6172831994
3085,1.0,0.0,0.0,0.0,1.0,1.0,0.333708875,0.2816296264,0.05507045984,0.04561394453,0.4401348808,0.570707273,0.5532644417,0.6097559701
3086,1.0,0.0,0.0,0.0,1.0,1.0,0.3398440061,0.2865293967,0.05414676666,0.04481106997,0.4355108951,0.5812807123,0.5529008717,0.613095151
3087,1.0,0.0,0.0,0.0,1.0,1.0,0.3353830678,0.2850642198,0.05303990841,0.04402315617,0.4345636828,0.5699996179,0.5532647149,0.6144578966
3088,1.0,0.0,0.0,0.0,1.0,1.0,0.3314644908,0.2739850261,0.05292099714,0.04271292686,0.4377103871,0.5786801402,0.5517238479,0.6163529648
3089,1.0,0.0,0.0,0.0,1.0,1.0,0.339946264,0.2872960519,0.05531281233,0.04563307762,0.4353740537,0.5749998653,0.5505226782,0.6181824356
3090,1.0,0.0,0.0,0.0,1.0,1.0,0.3314646396,0.274932834,0.0518732667,0.04186725616,0.4377103399,0.5685272364,0.5467128583,0.6037732626
3091,1.0,0.0,0.0,0.0,1.0,1.0,0.3393064873,0.2814127086,0.05691117048,0.04648679495,0.4487395645,0.5693063863,0.5631400549,0.6060603729
3092,1.0,0.0,0.0,0.0,1.0,1.0,0.3421816935,0.2870368321,0.05456954241,0.04484426975,0.462711857,0.5792086508,0.5743945178,0.6144568705
3093,1.0,0.0,0.0,0.0,1.0,1.0,0.3466761282,0.2919332486,0.05576378107,0.04624313116,0.4602369324,0.5804880708,0.5738832908,0.6176474
3094,1.0,0.0,0.0,0.0,1.0,1.0,0.3460905307,0.2956823372,0.0561953783,0.04687511921,0.4628378372,0.5707317125,0.581314767,0.6140349985
3095,1.0,0.0,0.0,0.0,1.0,1.0,0.3432940546,0.2904949251,0.05414706469,0.04481130838,0.4602368667,0.576354772,0.574394481,0.619046859
3096,1.0,0.0,0.0,0.0,1.0,1.0,0.3444024385,0.2929398243,0.05514490604,0.04595404863,0.4577702855,0.5784313937,0.5655173593,0.6117647517
3097,1.0,0.0,0.0,0.0,1.0,1.0,0.3466759851,0.2974115629,0.05443197489,0.04566973448,0.4636209579,0.5756090831,0.5778547626,0.6162793278
3098,1.0,0.0,0.0,0.0,1.0,1.0,0.3485234987,0.3005316548,0.05495911837,0.04633808136,0.4666665659,0.5784313619,0.5839160609,0.5988366709
3099,1.0,0.0,0.0,0.0,1.0,1.0,0.3513395799,0.2922244136,0.05536574125,0.04542142153,0.4624572472,0.5679617347,0.5674743523,0.6035509714
3100,1.0,0.0,0.0,0.0,1.0,1.0,0.3562200519,0.2970849975,0.05748552084,0.04713267088,0.4594594595,0.5734591948,0.5738830595,0.6069364089
3101,1.0,0.0,0.0,0.0,1.0,1.0,0.3506517082,0.2894934351,0.05538058281,0.04494655132,0.4576271762,0.574879565,0.5689654444,0.6130944014
3102,1.0,0.0,0.0,0.0,1.0,1.0,0.3539337252,0.2926449299,0.05616992712,0.04573839903,0.4569983434,0.5714285714,0.5684930462,0.6081867382
3103,1.0,0.0,0.0,0.0,1.0,1.0,0.3551315412,0.2998325733,0.05642586946,0.04675287008,0.4534687231,0.5666669131,0.5689656622,0.5919544406
3104,1.0,0.0,0.0,0.0,1.0,1.0,0.3612847812,0.3077864141,0.05743902922,0.04777634144,0.4594594189,0.5654204201,0.5778545411,0.5842700554
3105,1.0,0.0,0.0,0.0,1.0,1.0,0.3479284197,0.2907784212,0.05454039574,0.04464828968,0.4522183319,0.5637253616,0.5574913852,0.5868272027
3106,1.0,0.0,0.0,0.0,1.0,1.0,0.3314474771,0.2690803492,0.05231690407,0.04131692648,0.4455782952,0.5589735819,0.559440383,0.6103900413
3107,1.0,0.0,0.0,0.0,1.0,1.0,0.3371611163,0.2789958338,0.05618035793,0.04528820515,0.4629948639,0.5816328046,0.572438086,0.6202537476
3108,1.0,0.0,0.0,0.0,1.0,1.0,0.3263136695,0.2612577926,0.05169016123,0.04032373428,0.4547009253,0.5654455575,0.5614034207,0.6107387808
3109,1.0,0.0,0.0,0.0,1.0,1.0,0.3246053528,0.2559545381,0.05136549473,0.03974062204,0.4581197716,0.5631572229,0.5679445385,0.6258494729
3110,1.0,0.0,0.0,0.0,1.0,1.0,0.3175307671,0.2525093022,0.0487408042,0.03808712959,0.4652778931,0.5737702312,0.5830389349,0.6223779179
3111,1.0,0.0,0.0,0.0,1.0,1.0,0.2845124172,0.1775565025,0.04250913858,0.02643197775,0.4835765623,0.5897431943,0.5750916,0.6494841641
3112,1.0,0.0,0.0,0.0,1.0,1.0,0.272228807,0.126366056,0.03925263882,0.01811659336,0.4628570755,0.5664338319,0.51341007,0.5606061603
3113,1.0,0.0,0.0,0.0,1.0,1.0,0.2816607759,0.1745349184,0.04166251421,0.02553510666,0.4854546361,0.5806452536,0.5735292021,0.6315778417
3114,1.0,0.0,0.0,0.0,1.0,1.0,0.3046244276,0.2428220327,0.04770982265,0.03698849678,0.4708905103,0.5617974159,0.5809860023,0.6376812061
3115,1.0,0.0,0.0,0.0,1.0,1.0,0.3225089336,0.2601997218,0.05058556795,0.03978347778,0.4672268777,0.5781249816,0.579310205,0.6291381005
3116,1.0,0.0,0.0,0.0,1.0,1.0,0.3309076166,0.267092216,0.05204212666,0.04094684124,0.4605041808,0.5786808716,0.5724138896,0.6258067991
3117,1.0,0.0,0.0,0.0,1.0,1.0,0.3381950096,0.2757082064,0.05528026819,0.04400420189,0.4663299238,0.5721392767,0.5758622557,0.6187509143
3118,1.0,0.0,0.0,0.0,1.0,1.0,0.3464732121,0.2950571895,0.05477023125,0.04555410147,0.4650000189,0.5817310413,0.5767917114,0.6127172168
3119,1.0,0.0,0.0,0.0,1.0,1.0,0.3397770062,0.2916459761,0.0554805398,0.04627889395,0.4693200264,0.5804885857,0.5802047,0.6198838017
3120,1.0,0.0,0.0,0.0,1.0,1.0,0.3282237903,0.2872546331,0.05386167765,0.04551315308,0.4646962442,0.5949998285,0.5816328488,0.6213016512
3121,1.0,0.0,0.0,0.0,1.0,1.0,0.3105702127,0.2652630121,0.05068421364,0.04178756475,0.4644628772,0.5851059576,0.5753424761,0.6451612443
3122,1.0,0.0,0.0,0.0,1.0,1.0,0.2716432284,0.1970732774,0.0423925519,0.0298614502,0.4803417592,0.5911949597,0.5845070395,0.6607151412
3123,1.0,0.0,0.0,0.0,1.0,1.0,0.3028010007,0.180061199,0.04117000103,0.02394855022,0.5247524709,0.4117657278,0.5263156715,0.3033724085
3124,1.0,0.0,0.0,0.0,1.0,1.0,0.3067594644,0.1914252258,0.04398977757,0.02696144581,0.5287129005,0.3741927791,0.540322666,0.2631571966
3125,1.0,0.0,0.0,0.0,1.0,1.0,0.310717485,0.1813502579,0.04300862551,0.02465462685,0.5207921355,0.3821651549,0.5362905701,0.2666668278
3126,1.0,0.0,0.0,0.0,1.0,1.0,0.2992678125,0.1499162915,0.04201883078,0.0206130147,0.4839923799,0.4276730987,0.5192308526,0.3205138956
3127,1.0,0.0,0.0,0.0,1.0,1.0,0.2590498079,0.1665735067,0.0397721529,0.02499192953,0.4570927622,0.6081083106,0.548386943,0.6129026103
3128,1.0,0.0,0.0,0.0,1.0,1.0,0.2993338766,0.248995787,0.04692351818,0.03753876686,0.4675540962,0.566666582,0.567474017,0.6319443121
3129,1.0,0.0,0.0,0.0,1.0,1.0,0.2737967362,0.2226826881,0.04392641783,0.03422486782,0.4588236125,0.5582817591,0.5649121133,0.6377956733
3130,1.0,0.0,0.0,0.0,1.0,1.0,0.2858254502,0.1524242072,0.04091912508,0.02140796185,0.4943183309,0.4635758599,0.5250963563,0.3797464125
3131,1.0,0.0,0.0,0.0,1.0,1.0,0.3013585384,0.1581148017,0.04283642769,0.0219604373,0.4694656725,0.4177209201,0.5,0.2962964973
3132,1.0,0.0,0.0,0.0,1.0,1.0,0.2855549913,0.1263661108,0.04040408134,0.01754385233,0.4812030946,0.5,0.5325668458,0.5000016987
3133,1.0,0.0,0.0,0.0,1.0,1.0,0.2780907122,0.2219039802,0.04316741228,0.03322583437,0.4620573243,0.5757571155,0.5734264732,0.6377958406
3134,1.0,0.0,0.0,0.0,1.0,1.0,0.3171783588,0.2772424032,0.05115801096,0.04316455126,0.4545454545,0.5833338188,0.5684931507,0.6296298853
3135,1.0,0.0,0.0,0.0,1.0,1.0,0.3282482987,0.2974526421,0.05417084694,0.04716360569,0.4607843155,0.5820896179,0.5816328142,0.6171427344
3136,1.0,0.0,0.0,0.0,1.0,1.0,0.3298970697,0.3015266919,0.05488610268,0.04812675714,0.4504066276,0.5812804886,0.5694917052,0.6235960135
3137,1.0,0.0,0.0,0.0,1.0,1.0,0.3450261446,0.3140135308,0.05585408211,0.04877394438,0.4521880229,0.5727699781,0.5743245162,0.6075271511
3138,1.0,0.0,0.0,0.0,1.0,1.0,0.3461480613,0.325242281,0.05775105953,0.05205732584,0.4504065061,0.5774650068,0.5694917388,0.6041663566
3139,1.0,0.0,0.0,0.0,1.0,1.0,0.3465807348,0.3242334109,0.05824673176,0.05255746841,0.4532257624,0.586046307,0.5785952587,0.6134017111
3140,1.0,0.0,0.0,0.0,1.0,1.0,0.3508508012,0.3275759191,0.05717641115,0.05140626431,0.4573269919,0.5779824261,0.5785952568,0.612244827
3141,1.0,0.0,0.0,0.0,1.0,1.0,0.3406822442,0.310229464,0.05491304398,0.04814648628,0.4571890095,0.5829382343,0.5771811797,0.6162171129
3142,1.0,0.0,0.0,0.0,1.0,1.0,0.3385469917,0.3146392262,0.05514973402,0.04934448004,0.4538087264,0.578947084,0.5757577485,0.6096262304
3143,1.0,0.0,0.0,0.0,1.0,1.0,0.3396476085,0.3089491518,0.05722647905,0.05010741949,0.4504064509,0.5837323365,0.5777026431,0.6120217019
3144,1.0,0.0,0.0,0.0,1.0,1.0,0.3450842595,0.3163218125,0.05628269911,0.04991108179,0.4511400732,0.5849055405,0.5656567717,0.6223409274
3145,1.0,0.0,0.0,0.0,1.0,1.0,0.3336868762,0.3062264602,0.05484127998,0.0484520793,0.4489464889,0.5922328831,0.5656565238,0.6153838584
3146,1.0,0.0,0.0,0.0,1.0,1.0,0.3401668133,0.3045439727,0.05820482969,0.05016702414,0.4538086515,0.5857145052,0.5723905383,0.6132597013
3147,1.0,0.0,0.0,0.0,1.0,1.0,0.3477730805,0.3140137977,0.05787742138,0.05030471087,0.453658541,0.5887848061,0.5675675877,0.6182792577
3148,1.0,0.0,0.0,0.0,1.0,1.0,0.3336926376,0.3005078478,0.05683672428,0.04959279299,0.4484450838,0.5931371007,0.5641892368,0.6235960525
3149,1.0,0.0,0.0,0.0,1.0,1.0,0.2884295639,0.2386208513,0.04703569412,0.03773790598,0.4513422592,0.5697681491,0.5605536163,0.6521732263
3150,1.0,0.0,0.0,0.0,1.0,1.0,0.2975440666,0.1601420231,0.04293382168,0.02284294367,0.4828245351,0.4551276534,0.5057915736,0.3493989422
3151,1.0,0.0,0.0,0.0,1.0,1.0,0.3005983271,0.1562829393,0.04159021378,0.02145731449,0.4770113909,0.4267521583,0.4980694394,0.2839491769
3152,1.0,0.0,0.0,0.0,1.0,1.0,0.2923793721,0.1574996069,0.04127520323,0.02185159922,0.48374753,0.4640518251,0.5175096942,0.3703700673
3153,1.0,0.0,0.0,0.0,1.0,1.0,0.2764779212,0.1998884971,0.04427540302,0.03135031462,0.4707904228,0.596273919,0.5719296232,0.6403508939
3154,1.0,0.0,0.0,0.0,1.0,1.0,0.2950260239,0.2446909071,0.04817819595,0.03843426704,0.4626864419,0.5730338886,0.5793101433,0.6478877826
3155,1.0,0.0,0.0,0.0,1.0,1.0,0.3102841864,0.2668575086,0.05199921131,0.04296773672,0.4509803503,0.5842100316,0.5714285714,0.6369432318
3156,1.0,0.0,0.0,0.0,1.0,1.0,0.3239236448,0.2819373417,0.05386471748,0.04520303011,0.45602603,0.5879395817,0.5844595248,0.6407175285
3157,1.0,0.0,0.0,0.0,1.0,1.0,0.3282482379,0.2870017872,0.05349558592,0.04524499178,0.4558824094,0.5771141618,0.5810810249,0.629411726
3158,1.0,0.0,0.0,0.0,1.0,1.0,0.3172571342,0.27365692,0.05014628172,0.04183191061,0.4572369482,0.5803117738,0.5782312236,0.6335400806
3159,1.0,0.0,0.0,0.0,1.0,1.0,0.3238778807,0.2862809261,0.05405580997,0.04613858461,0.4615384615,0.5808077133,0.5830507484,0.6390527041
3160,1.0,0.0,0.0,0.0,1.0,1.0,0.2939536634,0.2411848085,0.04646545649,0.03690683842,0.4621847551,0.5657145496,0.5798611071,0.6618701086
3161,1.0,0.0,0.0,0.0,1.0,1.0,0.2628162159,0.1393273386,0.03975206614,0.02099579573,0.5074073198,0.6056341829,0.5799256079,0.6666666667
3162,1.0,0.0,0.0,0.0,1.0,1.0,0.2802172723,0.1489735547,0.04003208876,0.02108359337,0.5046728816,0.4866659619,0.5509432246,0.4430403365
3163,1.0,0.0,0.0,0.0,1.0,1.0,0.2896654157,0.1691660483,0.04049342871,0.02333062887,0.4990403887,0.4304639466,0.5214010136,0.3333324817
3164,1.0,0.0,0.0,0.0,1.0,1.0,0.3015721315,0.1724527075,0.04170686007,0.02352696657,0.5029012944,0.4102554575,0.5176469149,0.3068198228
3165,1.0,0.0,0.0,0.0,1.0,1.0,0.2981126035,0.167875163,0.04284727573,0.0236209631,0.5124282356,0.4423084949,0.5351562517,0.3255815127
3166,1.0,0.0,0.0,0.0,1.0,1.0,0.2576256107,0.1361179725,0.03762722015,0.01948076487,0.4808042842,0.5673758079,0.5485071224,0.5753427591
3167,1.0,0.0,0.0,0.0,1.0,1.0,0.2789139815,0.2222896611,0.04500359297,0.03455632925,0.4667773898,0.5892852649,0.5827587185,0.6511619483
3168,1.0,0.0,0.0,0.0,1.0,1.0,0.3033133613,0.2584765442,0.04856526852,0.03980761766,0.4643449335,0.5683059439,0.5862067097,0.6466659979
3169,1.0,0.0,0.0,0.0,1.0,1.0,0.3179301447,0.2770564087,0.05131024122,0.04289013147,0.4518759961,0.5743590875,0.5714286264,0.6380373469
3170,1.0,0.0,0.0,0.0,1.0,1.0,0.3271788243,0.2845868833,0.05273079872,0.04407352209,0.4657981233,0.5721394047,0.5864407001,0.6249994929
3171,1.0,0.0,0.0,0.0,1.0,1.0,0.3261165611,0.2903784941,0.05349069834,0.04577314854,0.4496752825,0.5771145221,0.5709458156,0.6337203397
3172,1.0,0.0,0.0,0.0,1.0,1.0,0.32661505,0.2882349598,0.05293887854,0.04473334551,0.4509804102,0.5749999719,0.573379031,0.6272196839
3173,1.0,0.0,0.0,0.0,1.0,1.0,0.3309736374,0.2906540658,0.05332493782,0.04491901398,0.4518760123,0.5714284117,0.5748298769,0.6315789474
3174,1.0,0.0,0.0,0.0,1.0,1.0,0.3293244223,0.2889543525,0.05301994085,0.04484272003,0.4557376606,0.5721389008,0.5816327079,0.6235299122
3175,1.0,0.0,0.0,0.0,1.0,1.0,0.3358916,0.2936506891,0.0538675189,0.04515367746,0.4579901351,0.5882354243,0.5738831588,0.643275124
3176,1.0,0.0,0.0,0.0,1.0,1.0,0.3309519707,0.2909332752,0.05317938328,0.04497754574,0.4579900221,0.5820890336,0.5753423179,0.6294119518
3177,1.0,0.0,0.0,0.0,1.0,1.0,0.3342451754,0.2899407503,0.05474191904,0.04584300518,0.4530477744,0.5763547495,0.569965842,0.617646447
3178,1.0,0.0,0.0,0.0,1.0,1.0,0.3358776971,0.295753252,0.05446845293,0.04623180628,0.4459017183,0.5756098789,0.5646258763,0.6264367149
3179,1.0,0.0,0.0,0.0,1.0,1.0,0.3402009731,0.3042517858,0.05453324318,0.04670548439,0.4527686582,0.5741619996,0.5714286269,0.6256974328
3180,1.0,0.0,0.0,0.0,1.0,1.0,0.3364294291,0.3018792798,0.05286246538,0.04564225674,0.4548440455,0.5804878874,0.5665529979,0.6327691805
3181,1.0,0.0,0.0,0.0,1.0,1.0,0.3374951318,0.3025522582,0.05365365744,0.04613697529,0.4486133041,0.5797098068,0.5714287948,0.6179768749
3182,1.0,0.0,0.0,0.0,1.0,1.0,0.3336899878,0.2954430941,0.05338740349,0.04557460546,0.4527686793,0.5853663983,0.5675676616,0.6171432682
3183,1.0,0.0,0.0,0.0,1.0,1.0,0.3429459195,0.3042520556,0.05464911461,0.04658186436,0.4526143847,0.5857142857,0.5680270493,0.625698324
3184,1.0,0.0,0.0,0.0,1.0,1.0,0.3402356683,0.3042518582,0.05505794287,0.04738157988,0.4500818849,0.5865387634,0.5646260248,0.6145250342
3185,1.0,0.0,0.0,0.0,1.0,1.0,0.3181555492,0.2818496141,0.05124664307,0.04373407364,0.4533333395,0.5863876172,0.5640138302,0.6441717457
3186,1.0,0.0,0.0,0.0,1.0,1.0,0.3108631304,0.268947121,0.05036562681,0.04197138548,0.4615384615,0.5806448559,0.5763887006,0.6322584402
3187,1.0,0.0,0.0,0.0,1.0,1.0,0.2823763261,0.2159507465,0.04387003183,0.0321713686,0.4537671239,0.5696974391,0.5642859829,0.6446291404
3188,1.0,0.0,0.0,0.0,1.0,1.0,0.2597421444,0.13593909,0.03797906637,0.01953989267,0.4839924843,0.5869569653,0.5325669132,0.6197178373
3189,1.0,0.0,0.0,0.0,1.0,1.0,0.2979107228,0.1756831267,0.04183357954,0.02429044247,0.5019231418,0.458064461,0.5429689201,0.3555552284
3190,1.0,0.0,0.0,0.0,1.0,1.0,0.3044277623,0.1827774009,0.04316401482,0.02551835775,0.4885058522,0.4276732599,0.5214005988,0.3510640534
3191,1.0,0.0,0.0,0.0,1.0,1.0,0.3067783706,0.1854433934,0.0437759757,0.0261554718,0.4980695271,0.4339625211,0.5234375759,0.3578948808
3192,1.0,0.0,0.0,0.0,1.0,1.0,0.3021125418,0.1840059098,0.04278963804,0.02556616068,0.4942966548,0.4276721675,0.5271316366,0.347367513
3193,1.0,0.0,0.0,0.0,1.0,1.0,0.2975437511,0.1842108814,0.04186362028,0.02522552013,0.4961832401,0.4358963772,0.5333333624,0.3404258838
3194,1.0,0.0,0.0,0.0,1.0,1.0,0.2979107383,0.1815390525,0.04319417477,0.02591645718,0.5,0.4451604713,0.5351562141,0.3440844883
3195,1.0,0.0,0.0,0.0,1.0,1.0,0.2948541963,0.1847217701,0.04089957476,0.02523028851,0.5134100712,0.4350645092,0.5486384159,0.357895458
3196,1.0,0.0,0.0,0.0,1.0,1.0,0.2831439379,0.1368056278,0.04029363394,0.01921284199,0.4990618447,0.5033113171,0.5475285155,0.4861108526
3197,1.0,0.0,0.0,0.0,1.0,1.0,0.2774315494,0.1942377233,0.04345852137,0.0296921134,0.4655173496,0.5714285714,0.5618377741,0.6363632714
3198,1.0,0.0,0.0,0.0,1.0,1.0,0.3035216457,0.2489898543,0.04794985056,0.03788304329,0.4513423635,0.5635360146,0.5644601078,0.6363637794
3199,1.0,0.0,0.0,0.0,1.0,1.0,0.3276589675,0.2833466358,0.05234193802,0.04339903593,0.4497528385,0.5678390529,0.556701043,0.6121217115
3200,1.0,0.0,0.0,0.0,1.0,1.0,0.3347964139,0.2946630987,0.05353546143,0.0450963974,0.4521451893,0.5615759049,0.5689655642,0.6023391736
3201,1.0,0.0,0.0,0.0,1.0,1.0,0.334788259,0.2882349945,0.05373477936,0.04451560974,0.44499187,0.5686274292,0.5597269585,0.6153849244
3202,1.0,0.0,0.0,0.0,1.0,1.0,0.3293051096,0.2875107045,0.0523391366,0.04396492243,0.4514003497,0.5800001139,0.5582192328,0.6130958272
3203,1.0,0.0,0.0,0.0,1.0,1.0,0.3243657587,0.2781951785,0.05474478006,0.04501855373,0.4530478123,0.5736037846,0.5635739148,0.6234565449
3204,1.0,0.0,0.0,0.0,1.0,1.0,0.3254760556,0.281412785,0.05252766609,0.04377305508,0.4539472791,0.5808074275,0.5699659802,0.6242418878
3205,1.0,0.0,0.0,0.0,1.0,1.0,0.3259769461,0.2799127039,0.0519811511,0.0430098176,0.4519867479,0.5736034556,0.5601372904,0.6257668882
3206,1.0,0.0,0.0,0.0,1.0,1.0,0.318758803,0.2749328482,0.05022114515,0.04158937931,0.4501660243,0.5781245735,0.564013575,0.635219576
3207,1.0,0.0,0.0,0.0,1.0,1.0,0.3183040927,0.2730433489,0.05152273178,0.04244619608,0.4521451404,0.5854920362,0.5670102223,0.6415101758
3208,1.0,0.0,0.0,0.0,1.0,1.0,0.3216027267,0.2745909332,0.05143147707,0.04246395826,0.4587457756,0.574358802,0.5665528234,0.6397511605
3209,1.0,0.0,0.0,0.0,1.0,1.0,0.2914324549,0.2207249326,0.04627001286,0.03402209282,0.4751286028,0.5764709216,0.5830388638,0.6559996917
3210,1.0,0.0,0.0,0.0,1.0,1.0,0.288727571,0.2174227785,0.0448693037,0.03292191029,0.4752135856,0.5739643084,0.5754387028,0.6693546343
3211,1.0,0.0,0.0,0.0,1.0,1.0,0.288429545,0.2315782098,0.04738515615,0.03664088249,0.4681208276,0.5755813588,0.5714285714,0.6766916315
3212,1.0,0.0,0.0,0.0,1.0,1.0,0.2901063671,0.2368015104,0.04642808437,0.03649836779,0.4647651978,0.5780348528,0.5714287924,0.6617652582
3213,1.0,0.0,0.0,0.0,1.0,1.0,0.2905940935,0.2334335165,0.04597711563,0.03587806225,0.4621847996,0.5780340901,0.5674739491,0.6666677742
3214,1.0,0.0,0.0,0.0,1.0,1.0,0.2927657624,0.2385425991,0.04583668709,0.03608977795,0.4646463733,0.5804603829,0.5714285151,0.6642333596
3215,1.0,0.0,0.0,0.0,1.0,1.0,0.2669860625,0.1864900211,0.04056346416,0.02748709917,0.4657293242,0.5855259484,0.5543479843,0.6213588865
3216,1.0,0.0,0.0,0.0,1.0,1.0,0.2594532238,0.1417117329,0.03800493479,0.02034062147,0.4734916454,0.5633805247,0.5298504519,0.5657902063
3217,1.0,0.0,0.0,0.0,1.0,1.0,0.2621484855,0.1388113478,0.03864037991,0.02012521029,0.4863387415,0.5833330762,0.555555784,0.6
3218,1.0,0.0,0.0,0.0,1.0,1.0,0.2676767812,0.1826935379,0.04176414013,0.02766191959,0.4678259986,0.6038967526,0.5627239678,0.6372557047
3219,1.0,0.0,0.0,0.0,1.0,1.0,0.2910834007,0.2342442019,0.04582953453,0.03576290607,0.4680133342,0.5722546209,0.5763887316,0.6518528272
3220,1.0,0.0,0.0,0.0,1.0,1.0,0.3135504016,0.2651580843,0.05125850439,0.04164755344,0.4689543264,0.5729166546,0.5850338406,0.6538462639
3221,1.0,0.0,0.0,0.0,1.0,1.0,0.3227705403,0.2787558193,0.05141085386,0.04279887676,0.46229502,0.5786794909,0.5782310311,0.6402431042
3222,1.0,0.0,0.0,0.0,1.0,1.0,0.3238324537,0.2789539672,0.05356514454,0.04432040453,0.4605262601,0.5685276307,0.5787668406,0.6380368841
3223,1.0,0.0,0.0,0.0,1.0,1.0,0.3238324438,0.2780017014,0.05212062597,0.04312515259,0.4687499797,0.5736031902,0.5836176032,0.6441715502
3224,1.0,0.0,0.0,0.0,1.0,1.0,0.3178551758,0.2780016826,0.0521826148,0.04384416342,0.4540983243,0.5824742798,0.5733788718,0.6441720377
3225,1.0,0.0,0.0,0.0,1.0,1.0,0.3139694143,0.2703967514,0.04947584867,0.04092764854,0.4572368458,0.575916161,0.5753422823,0.6329115768
3226,1.0,0.0,0.0,0.0,1.0,1.0,0.3156134464,0.2711799118,0.0512778759,0.04246449471,0.4539472821,0.5781250726,0.5699659444,0.6540882269
3227,1.0,0.0,0.0,0.0,1.0,1.0,0.3172572016,0.2753566559,0.05274313688,0.04427146912,0.4539473448,0.5803106173,0.5816325093,0.6543206885
3228,1.0,0.0,0.0,0.0,1.0,1.0,0.3211910612,0.2744228784,0.0533388257,0.04386234283,0.4486134035,0.5786806455,0.5694913902,0.6419754093
3229,1.0,0.0,0.0,0.0,1.0,1.0,0.3162165897,0.2772426609,0.05282062292,0.04433655739,0.4475409647,0.5699477422,0.5684931124,0.6358026683
3230,1.0,0.0,0.0,0.0,1.0,1.0,0.3123256439,0.2660631143,0.05068922043,0.04161852598,0.4457237494,0.5842097589,0.5631396105,0.6538454378
3231,1.0,0.0,0.0,0.0,1.0,1.0,0.3100579804,0.2652628037,0.05175042152,0.04266655445,0.4537954139,0.5797877977,0.5719177752,0.6645162372
3232,1.0,0.0,0.0,0.0,1.0,1.0,0.3177031229,0.2694741944,0.05138725042,0.04228746891,0.4569536839,0.5781252356,0.5699658042,0.651898752
3233,1.0,0.0,0.0,0.0,1.0,1.0,0.3155261221,0.2694743193,0.04988223314,0.04126387835,0.454545506,0.586387616,0.5699659407,0.6518988347
3234,1.0,0.0,0.0,0.0,1.0,1.0,0.3221886489,0.2821554913,0.05117017031,0.04333800077,0.4572368017,0.5816319993,0.5748297577,0.644578189
3235,1.0,0.0,0.0,0.0,1.0,1.0,0.3205448834,0.2804556155,0.05302846432,0.04487019777,0.4572369177,0.579486776,0.5782311481,0.6424241861
3236,1.0,0.0,0.0,0.0,1.0,1.0,0.3233485267,0.2862807902,0.05364024639,0.04578387737,0.454248442,0.5808081482,0.5796611483,0.6449697055
3237,1.0,0.0,0.0,0.0,1.0,1.0,0.326047261,0.2855546706,0.05447590351,0.04598969221,0.4622951422,0.5778901345,0.5816325171,0.6488097784
3238,1.0,0.0,0.0,0.0,1.0,1.0,0.3293051548,0.2872549191,0.05436271429,0.04593658447,0.4695222899,0.5800001096,0.5782315004,0.6390536767
3239,1.0,0.0,0.0,0.0,1.0,1.0,0.3347885041,0.2940535846,0.05630612373,0.04774981737,0.4794745083,0.5784313933,0.5918368471,0.6300578323
3240,1.0,0.0,0.0,0.0,1.0,1.0,0.3298487343,0.2865296222,0.05190324783,0.0435987711,0.4719472116,0.5749995406,0.5836176565,0.630952088
3241,1.0,0.0,0.0,0.0,1.0,1.0,0.3244090017,0.2845871243,0.05189156532,0.04402923584,0.463934392,0.5757572973,0.5864408425,0.6369048908
3242,1.0,0.0,0.0,0.0,1.0,1.0,0.3364132764,0.2964445158,0.05405783653,0.04592293501,0.4673203605,0.5873784374,0.5864407797,0.6342855363
3243,1.0,0.0,0.0,0.0,1.0,1.0,0.3358917155,0.2950569313,0.05411356688,0.04589039087,0.4645798186,0.5784320529,0.5836176611,0.6358380752
3244,1.0,0.0,0.0,0.0,1.0,1.0,0.3413937529,0.3008525043,0.05646920204,0.0482852459,0.4669966628,0.5797100684,0.5918366816,0.6214689196
3245,1.0,0.0,0.0,0.0,1.0,1.0,0.3380707145,0.3001738396,0.05391985178,0.04606747627,0.4663382097,0.5825242504,0.583617758,0.6306819652
3246,1.0,0.0,0.0,0.0,1.0,1.0,0.3386537904,0.2960675159,0.05572527647,0.04702669382,0.4677685929,0.5756095474,0.5890410548,0.6300576569
3247,1.0,0.0,0.0,0.0,1.0,1.0,0.3419143147,0.3063357809,0.05558389425,0.04783421755,0.4621710338,0.5913453857,0.582191624,0.6312850067
3248,1.0,0.0,0.0,0.0,1.0,1.0,0.3369829262,0.3008524357,0.05542129278,0.0478515625,0.4720394849,0.5902442959,0.5952382469,0.6214686802
3249,1.0,0.0,0.0,0.0,1.0,1.0,0.3381200266,0.2943561448,0.05492717028,0.04631108046,0.4859038228,0.5784314045,0.6130136792,0.6337212071
3250,1.0,0.0,0.0,0.0,1.0,1.0,0.3337008634,0.2857990848,0.05215656757,0.04333400726,0.4833887393,0.5870643923,0.6027398068,0.6407188759
3251,1.0,0.0,0.0,0.0,1.0,1.0,0.3248601798,0.2840876316,0.0506721139,0.0429161191,0.4776119517,0.5816333132,0.6027398179,0.6506021419
3252,1.0,0.0,0.0,0.0,1.0,1.0,0.3331469509,0.2797072723,0.05323427916,0.04343497753,0.4875622373,0.5771142385,0.6075086516,0.6463405597
3253,1.0,0.0,0.0,0.0,1.0,1.0,0.3281749891,0.2840880089,0.05151861906,0.04319238663,0.4792703894,0.5808079932,0.5993150349,0.638554167
3254,1.0,0.0,0.0,0.0,1.0,1.0,0.3325984845,0.2855548329,0.0545283556,0.04535031319,0.4794069184,0.5792078126,0.598639729,0.6428569551
3255,1.0,0.0,0.0,0.0,1.0,1.0,0.3303941104,0.2857995051,0.0525302887,0.04386281967,0.4809917724,0.5749995461,0.599314994,0.6407182537
3256,1.0,0.0,0.0,0.0,1.0,1.0,0.3331473245,0.2892220199,0.05239826441,0.04405623674,0.4859039092,0.5820893485,0.5993149211,0.63905263
3257,1.0,0.0,0.0,0.0,1.0,1.0,0.3347966301,0.288690002,0.05474585295,0.04611593485,0.4834983852,0.5862068215,0.6047297285,0.6432750806
3258,1.0,0.0,0.0,0.0,1.0,1.0,0.3348045789,0.2970850496,0.05436772108,0.04656249285,0.4494195907,0.5940596773,0.5738830726,0.6300575149
3259,1.0,0.0,0.0,0.0,1.0,1.0,0.3298323739,0.2912164925,0.05283176899,0.04486715794,0.4378110133,0.5929645633,0.5586206149,0.6272195402
3260,1.0,0.0,0.0,0.0,1.0,1.0,0.3298321573,0.2919329763,0.05358463526,0.04577583075,0.4361525544,0.5829148132,0.5601373774,0.6235294424
3261,1.0,0.0,0.0,0.0,1.0,1.0,0.3270600137,0.2833465975,0.05191481113,0.04348188639,0.4401992507,0.5837567998,0.5601372328,0.6363643841
3262,1.0,0.0,0.0,0.0,1.0,1.0,0.332046085,0.2946631072,0.0539779067,0.0459215045,0.4380165138,0.5820898654,0.5586209139,0.6257309182
3263,1.0,0.0,0.0,0.0,1.0,1.0,0.3320456284,0.2970849407,0.05592727661,0.0481364727,0.4413222529,0.5870645335,0.563573954,0.6300576031
3264,1.0,0.0,0.0,0.0,1.0,1.0,0.3381196355,0.2994903838,0.05650883913,0.04847574234,0.4543947241,0.5882353562,0.5753426625,0.6342857635
3265,1.0,0.0,0.0,0.0,1.0,1.0,0.3331471129,0.3005194496,0.05271190405,0.04566627741,0.4570957145,0.589109174,0.5738830146,0.6171430511
3266,1.0,0.0,0.0,0.0,1.0,1.0,0.3320407886,0.2919335431,0.05520665646,0.04692566395,0.4551494493,0.5849997949,0.5738829755,0.6294110624
3267,1.0,0.0,0.0,0.0,1.0,1.0,0.3454257422,0.3076512109,0.05493670702,0.04712575674,0.4561833976,0.5971562953,0.5748299558,0.6353582356
3268,1.0,0.0,0.0,0.0,1.0,1.0,0.3359188535,0.2991409659,0.05395776033,0.04621136189,0.4525789646,0.5891085554,0.5743941926,0.6358380906
3269,1.0,0.0,0.0,0.0,1.0,1.0,0.3397772546,0.2977789011,0.05510103703,0.04676866531,0.4543946761,0.590243628,0.5753426373,0.6379319134
3270,1.0,0.0,0.0,0.0,1.0,1.0,0.3342397188,0.2960676909,0.05361807346,0.04547023773,0.4426229935,0.5882351633,0.5616438994,0.6242777218
3271,1.0,0.0,0.0,0.0,1.0,1.0,0.3381197025,0.306725167,0.05641788244,0.04922735691,0.449419663,0.5980391639,0.5724139058,0.6292132927
3272,1.0,0.0,0.0,0.0,1.0,1.0,0.2841050246,0.2271460015,0.0465657711,0.03603309393,0.4636210495,0.5654763429,0.5699302407,0.6461544824
3273,1.0,0.0,0.0,0.0,1.0,1.0,0.2516842433,0.1449007188,0.03640902042,0.02057904005,0.4689780223,0.5942027562,0.5278810674,0.6025621345
3274,1.0,0.0,0.0,0.0,1.0,1.0,0.2585709641,0.147857611,0.03816026449,0.02138060331,0.4697248188,0.5886527038,0.5280899247,0.5696208884
3275,1.0,0.0,0.0,0.0,1.0,1.0,0.2819371176,0.2261897554,0.04496705532,0.03473508358,0.452702728,0.5808380456,0.5649119784,0.651162232
3276,1.0,0.0,0.0,0.0,1.0,1.0,0.3177035532,0.2747608784,0.05161893368,0.04301577806,0.4486754419,0.5833339107,0.5773197446,0.6437503897
3277,1.0,0.0,0.0,0.0,1.0,1.0,0.3391255968,0.3008521798,0.05636793375,0.04796689749,0.4502447166,0.5817307235,0.5816326187,0.6271182018
3278,1.0,0.0,0.0,0.0,1.0,1.0,0.333684435,0.3038847525,0.05476427078,0.04762119055,0.4467741363,0.5845414414,0.5743245376,0.6333329578
3279,1.0,0.0,0.0,0.0,1.0,1.0,0.3363977439,0.3042519833,0.0535043478,0.04626703262,0.4487804723,0.5845414826,0.5748298893,0.631285492
3280,1.0,0.0,0.0,0.0,1.0,1.0,0.3396799503,0.3076513689,0.05650269985,0.0491681695,0.4460783905,0.5913458191,0.5748298026,0.6187839812
3281,1.0,0.0,0.0,0.0,1.0,1.0,0.3445231454,0.3116906323,0.05666095018,0.04917746782,0.4536584924,0.5801887834,0.5830507232,0.6249998485
3282,1.0,0.0,0.0,0.0,1.0,1.0,0.3456471388,0.3116904215,0.0553407073,0.04803156853,0.4518759783,0.5849053759,0.5762711996,0.6304347287
3283,1.0,0.0,0.0,0.0,1.0,1.0,0.3380950324,0.2984683581,0.05400842428,0.04610478878,0.4702970366,0.5804884832,0.6040956198,0.634285271
3284,1.0,0.0,0.0,0.0,1.0,1.0,0.3358912663,0.2940538353,0.05361229181,0.04546540976,0.4892915322,0.5784316232,0.6156459556,0.6416189139
3285,1.0,0.0,0.0,0.0,1.0,1.0,0.3491427097,0.3104072773,0.05539381504,0.04778051376,0.4950330921,0.5781994805,0.6211603448,0.6208783669
3286,1.0,0.0,0.0,0.0,1.0,1.0,0.3469134853,0.3097587769,0.0547760129,0.04721176624,0.4909091252,0.5857143013,0.6198628677,0.6298337798
3287,1.0,0.0,0.0,0.0,1.0,1.0,0.3476318415,0.3080474056,0.05722236633,0.04951941967,0.5033444418,0.5769224359,0.6232876687,0.6333332531
3288,1.0,0.0,0.0,0.0,1.0,1.0,0.3398775495,0.3019149178,0.05423802137,0.04671990871,0.5050505616,0.5841578174,0.6215276587,0.6379304186
3289,1.0,0.0,0.0,0.0,1.0,1.0,0.2996622876,0.2446188808,0.04750752449,0.03779011965,0.5127769585,0.5795451694,0.6328673838,0.6714278729
3290,1.0,0.0,0.0,0.0,1.0,1.0,0.2821145318,0.2033952767,0.04507285357,0.03188079596,0.5043029912,0.5975612175,0.6105261717,0.67241447
3291,1.0,0.0,0.0,0.0,1.0,1.0,0.2690803431,0.1840126882,0.04048997164,0.02681803703,0.4930069449,0.6168827441,0.5920578754,0.6470600002
3292,1.0,0.0,0.0,0.0,1.0,1.0,0.289973567,0.1672294596,0.04080313444,0.0231217742,0.5357833951,0.4799996494,0.5472442116,0.4000010311
3293,1.0,0.0,0.0,0.0,1.0,1.0,0.2852773422,0.1612644572,0.03902941942,0.02150601149,0.510679684,0.4557830194,0.5179282797,0.3950627891
3294,1.0,0.0,0.0,0.0,1.0,1.0,0.2584452645,0.1467578806,0.03836387396,0.02119398117,0.4737793432,0.6153853325,0.5539035237,0.6329111076
3295,1.0,0.0,0.0,0.0,1.0,1.0,0.286517716,0.2357836894,0.04449051619,0.0350689888,0.473861722,0.5705889524,0.5845067883,0.656716976
3296,1.0,0.0,0.0,0.0,1.0,1.0,0.3204821234,0.2850640673,0.0504027009,0.04312807322,0.4644628152,0.5721644669,0.5876290447,0.6385541669
3297,1.0,0.0,0.0,0.0,1.0,1.0,0.3364622924,0.2994903687,0.05523878336,0.04761964083,0.4709784286,0.5763552964,0.5924659293,0.6457139281
3298,1.0,0.0,0.0,0.0,1.0,1.0,0.3314899545,0.2967626279,0.05302107334,0.04612833261,0.4726368168,0.5750000562,0.5972697554,0.6321835367
3299,1.0,0.0,0.0,0.0,1.0,1.0,0.3342451807,0.3001737024,0.05391317606,0.04674243927,0.4695222755,0.5665026373,0.600682714,0.625
3300,1.0,0.0,0.0,0.0,1.0,1.0,0.325438334,0.2872547234,0.05217522383,0.04475945234,0.464462837,0.5837563046,0.5884353559,0.6449711628
3301,1.0,0.0,0.0,0.0,1.0,1.0,0.2466394557,0.1566289407,0.03662753105,0.02296054363,0.5138121314,0.6343286011,0.5858209608,0.6428582554
3302,1.0,0.0,0.0,0.0,1.0,1.0,0.2669073931,0.1705394235,0.03634351492,0.02281415462,0.5126705316,0.4671541945,0.5238095238,0.3837202619
3303,1.0,0.0,0.0,0.0,1.0,1.0,0.2838883471,0.1790338258,0.04165869951,0.02596533298,0.5077821148,0.438356772,0.5236221362,0.3626367572
3304,1.0,0.0,0.0,0.0,1.0,1.0,0.2769988563,0.1621736302,0.03998839855,0.02323651314,0.5112359156,0.5,0.5547168147,0.465116816
3305,1.0,0.0,0.0,0.0,1.0,1.0,0.2550659306,0.1707231746,0.03839337826,0.02507323027,0.4635416239,0.6054423458,0.5587189522,0.6145833086
3306,1.0,0.0,0.0,0.0,1.0,1.0,0.2872149706,0.2412445122,0.04697686434,0.03801596165,0.4617940326,0.5722542032,0.5793103031,0.6642860951
3307,1.0,0.0,0.0,0.0,1.0,1.0,0.3161334404,0.2753564608,0.05057775974,0.04267495871,0.4645800331,0.5729169858,0.5850340712,0.641975119
3308,1.0,0.0,0.0,0.0,1.0,1.0,0.3281998145,0.2929395028,0.05405110121,0.04617422819,0.4669966422,0.5829149331,0.5862068574,0.6411772679
3309,1.0,0.0,0.0,0.0,1.0,1.0,0.330393938,0.293351596,0.0522351861,0.04492229223,0.4595042061,0.5800007075,0.5836177634,0.6337208145
3310,1.0,0.0,0.0,0.0,1.0,1.0,0.3353391381,0.303584793,0.05652791262,0.04932337999,0.4605263204,0.5833330697,0.5836178989,0.6292137004
3311,1.0,0.0,0.0,0.0,1.0,1.0,0.3336978873,0.3022366847,0.05470061302,0.04765993357,0.4595041005,0.5841592897,0.5841926178,0.6363636364
3312,1.0,0.0,0.0,0.0,1.0,1.0,0.3407186378,0.307260636,0.05848407745,0.05068618059,0.4626623661,0.5857144313,0.5844594314,0.6263733679
3313,1.0,0.0,0.0,0.0,1.0,1.0,0.3402007719,0.3079091337,0.05470705032,0.04790145159,0.4641694769,0.5933013885,0.5925925075,0.6338792987
3314,1.0,0.0,0.0,0.0,1.0,1.0,0.3434563458,0.3140138196,0.05538392067,0.04882186651,0.4674267628,0.5829390823,0.5979728331,0.6290320415
3315,1.0,0.0,0.0,0.0,1.0,1.0,0.3434562687,0.3163216788,0.05705457926,0.05083537102,0.4609120464,0.5829388738,0.5892256966,0.6276586514
3316,1.0,0.0,0.0,0.0,1.0,1.0,0.3440164189,0.3123254672,0.0562338829,0.04930460453,0.4616639389,0.5781993284,0.5945946762,0.6216220137
3317,1.0,0.0,0.0,0.0,1.0,1.0,0.2665180695,0.1802562336,0.0396116972,0.02632087469,0.4929824723,0.5986842699,0.5892853936,0.6336632767
3318,1.0,0.0,0.0,0.0,1.0,1.0,0.2764810495,0.1741453266,0.04086279869,0.02540123463,0.4990655268,0.4864855798,0.5530305909,0.4456521229
3319,1.0,0.0,0.0,0.0,1.0,1.0,0.2734149787,0.1609585897,0.04046320915,0.02351236343,0.4861368344,0.520270748,0.54307121,0.4883717983
3320,1.0,0.0,0.0,0.0,1.0,1.0,0.2750759974,0.1609587239,0.04037874937,0.02315044403,0.4807338224,0.5399996752,0.539325689,0.5465113285
3321,1.0,0.0,0.0,0.0,1.0,1.0,0.2700180697,0.1729805604,0.03813672066,0.02383548021,0.4878049321,0.4930559463,0.5307689313,0.4333334167
3322,1.0,0.0,0.0,0.0,1.0,1.0,0.2743192014,0.1896170334,0.03899735212,0.02617996931,0.4836851401,0.440558671,0.509881324,0.3645836891
3323,1.0,0.0,0.0,0.0,1.0,1.0,0.2608835402,0.1608947087,0.03817015886,0.02284830809,0.4577205785,0.5140844081,0.5037880441,0.4588227928
3324,1.0,0.0,0.0,0.0,1.0,1.0,0.2622891431,0.2037868833,0.04034954309,0.03032809496,0.4596912154,0.5882358155,0.5602838641,0.6173919709
3325,1.0,0.0,0.0,0.0,1.0,1.0,0.3139692136,0.270396764,0.05088210106,0.0420909524,0.4638157157,0.570681536,0.5821918569,0.6518977752
3326,1.0,0.0,0.0,0.0,1.0,1.0,0.321249017,0.2872549173,0.05267894268,0.04496341944,0.4642858246,0.5858582087,0.5850337934,0.6508873073
3327,1.0,0.0,0.0,0.0,1.0,1.0,0.3331471844,0.3045436565,0.05395001173,0.04740267992,0.4660193505,0.5825245186,0.5959594838,0.6353596509
3328,1.0,0.0,0.0,0.0,1.0,1.0,0.3396161683,0.3072606947,0.05823594332,0.05047112703,0.4644012658,0.5809524102,0.5912164369,0.6373621961
3329,1.0,0.0,0.0,0.0,1.0,1.0,0.3412726446,0.3076512867,0.05768966675,0.04972302914,0.4699186823,0.5761908599,0.5952380865,0.6353597518
3330,1.0,0.0,0.0,0.0,1.0,1.0,0.3379991547,0.3095915601,0.05694705248,0.05013519526,0.4692556823,0.5885172172,0.5892254368,0.6413047226
3331,1.0,0.0,0.0,0.0,1.0,1.0,0.3374526424,0.3095910471,0.05482077599,0.04826325178,0.4684975957,0.5885163198,0.5925925076,0.6250001544
3332,1.0,0.0,0.0,0.0,1.0,1.0,0.3439639948,0.320160247,0.05567491055,0.04963469505,0.4675324532,0.5849058422,0.5898303912,0.629629941
3333,1.0,0.0,0.0,0.0,1.0,1.0,0.343406404,0.314013812,0.05892670155,0.05169981718,0.4683954405,0.5849057176,0.5878380237,0.6290318304
3334,1.0,0.0,0.0,0.0,1.0,1.0,0.3417863777,0.3150782036,0.05550992489,0.04893290997,0.4667747599,0.5829387245,0.5898304746,0.6290321795
3335,1.0,0.0,0.0,0.0,1.0,1.0,0.3445787656,0.3131812756,0.05904841423,0.05121260881,0.4754901436,0.5829379772,0.5958906132,0.6338801567
3336,1.0,0.0,0.0,0.0,1.0,1.0,0.3440165441,0.3173902403,0.05656689405,0.05040085316,0.4714518485,0.5829384585,0.5979729628,0.6276593983
3337,1.0,0.0,0.0,0.0,1.0,1.0,0.3380229643,0.3093510409,0.05675750971,0.04966276884,0.4682927202,0.5865381687,0.5952379715,0.6318676241
3338,1.0,0.0,0.0,0.0,1.0,1.0,0.3053384104,0.2602714161,0.04807025194,0.03940188885,0.4590985629,0.5683056721,0.5729168963,0.6333340393
3339,1.0,0.0,0.0,0.0,1.0,1.0,0.2860855411,0.1796748912,0.04113095999,0.02564007044,0.4981412874,0.4740262846,0.5430712002,0.4062496368
3340,1.0,0.0,0.0,0.0,1.0,1.0,0.2839324366,0.1857200009,0.04129111767,0.02670156956,0.4924243014,0.4733338145,0.5363985548,0.4123706968
3341,1.0,0.0,0.0,0.0,1.0,1.0,0.2821304649,0.1484132625,0.04138958454,0.02137106657,0.4667897869,0.5359474771,0.5225564797,0.5443024206
3342,1.0,0.0,0.0,0.0,1.0,1.0,0.275587934,0.1885067547,0.04115509987,0.02761036158,0.4973821425,0.5949370572,0.5978646007,0.6415111447
3343,1.0,0.0,0.0,0.0,1.0,1.0,0.2898379339,0.2259010276,0.04649955034,0.03527551889,0.479999948,0.5689658045,0.5958905155,0.6742432307
3344,1.0,0.0,0.0,0.0,1.0,1.0,0.3089184732,0.257535364,0.04996407032,0.04034531116,0.4876033941,0.5721925708,0.6040957164,0.6556283074
3345,1.0,0.0,0.0,0.0,1.0,1.0,0.3098267908,0.2558300079,0.04902774096,0.0395385623,0.4833333004,0.5752690721,0.6006823964,0.6599999698
3346,1.0,0.0,0.0,0.0,1.0,1.0,0.3110843181,0.256659499,0.04926609993,0.03957015276,0.4850993525,0.5691490391,0.5986396846,0.662250688
3347,1.0,0.0,0.0,0.0,1.0,1.0,0.2954434973,0.2265171394,0.04611474276,0.03452014923,0.4898649977,0.5714283868,0.5986160658,0.6564891427
3348,1.0,0.0,0.0,0.0,1.0,1.0,0.2899402436,0.2191760573,0.04459238052,0.0327885747,0.4897611179,0.5764700536,0.5929823149,0.6720002327
3349,1.0,0.0,0.0,0.0,1.0,1.0,0.2621485944,0.1446077914,0.03793120384,0.02080947161,0.4954461373,0.5902778214,0.5750914659,0.6202534909
3350,1.0,0.0,0.0,0.0,1.0,1.0,0.2640729866,0.1462143216,0.03860795498,0.02118068933,0.4844036639,0.5763893821,0.5555554184,0.5822773411
3351,1.0,0.0,0.0,0.0,1.0,1.0,0.2760889065,0.1547645091,0.04145634174,0.02293920517,0.4788213659,0.5266663024,0.5410448301,0.4939743696
3352,1.0,0.0,0.0,0.0,1.0,1.0,0.2784423788,0.1566287359,0.03953528404,0.02199310064,0.4852397627,0.5099337848,0.5410447745,0.452381275
3353,1.0,0.0,0.0,0.0,1.0,1.0,0.2802865507,0.1540493592,0.04062342644,0.02191525698,0.4778598473,0.5131582809,0.5375938306,0.4756103863
3354,1.0,0.0,0.0,0.0,1.0,1.0,0.2747545397,0.1491703553,0.04037570953,0.0216782093,0.4741698175,0.5167790585,0.5335819916,0.4875006874
3355,1.0,0.0,0.0,0.0,1.0,1.0,0.2831754589,0.1516006763,0.04050070047,0.02144151926,0.4740740231,0.5032678969,0.5468162632,0.4567910844
3356,1.0,0.0,0.0,0.0,1.0,1.0,0.2593833335,0.1382992083,0.03792303801,0.01988971233,0.4736841247,0.5874123566,0.5535055978,0.6133313755
3357,1.0,0.0,0.0,0.0,1.0,1.0,0.2611971575,0.1388115133,0.03826111555,0.01992768049,0.4646098125,0.5972223737,0.5407404947,0.6000011964
3358,1.0,0.0,0.0,0.0,1.0,1.0,0.2589794228,0.1430430418,0.03743261099,0.02029800415,0.4708030356,0.6197192742,0.5539032474,0.6363641703
3359,1.0,0.0,0.0,0.0,1.0,1.0,0.2686107597,0.1749928041,0.04027181864,0.02536606789,0.4607330363,0.6103894182,0.5595664367,0.6494835187
3360,1.0,0.0,0.0,0.0,1.0,1.0,0.2810930091,0.1998883789,0.04341435432,0.03001487255,0.4704861255,0.598765466,0.5714284013,0.6517854661
3361,1.0,0.0,0.0,0.0,1.0,1.0,0.2855547761,0.2118958608,0.04420614243,0.03195625544,0.4716006878,0.5843369433,0.5689044819,0.6666672884
3362,1.0,0.0,0.0,0.0,1.0,1.0,0.2875105113,0.2126471974,0.04398870468,0.03142052889,0.4708903633,0.583333785,0.5780142187,0.6500002845
3363,1.0,0.0,0.0,0.0,1.0,1.0,0.2862897787,0.2108751268,0.04443693161,0.03166460991,0.4596912507,0.5868257128,0.5602839751,0.6470586021
3364,1.0,0.0,0.0,0.0,1.0,1.0,0.291432396,0.2197354962,0.04495769739,0.03279268742,0.4631216879,0.5882349042,0.5673762463,0.6532271843
3365,1.0,0.0,0.0,0.0,1.0,1.0,0.2899407694,0.2242563957,0.04462867975,0.03334021568,0.4624574537,0.5823531376,0.572438028,0.6614177733
3366,1.0,0.0,0.0,0.0,1.0,1.0,0.290160707,0.2209294704,0.04498744011,0.03314864635,0.4617996435,0.5789478565,0.5719297354,0.6428573997
3367,1.0,0.0,0.0,0.0,1.0,1.0,0.292561016,0.221130904,0.04502934217,0.03305619955,0.4636210335,0.5838150442,0.5749125988,0.6692914238
3368,1.0,0.0,0.0,0.0,1.0,1.0,0.3030135583,0.250731068,0.0489295125,0.03892731667,0.4673366621,0.563535676,0.5853657413,0.6597217544
3369,1.0,0.0,0.0,0.0,1.0,1.0,0.3063615442,0.2602711977,0.04858493805,0.03982371092,0.475711784,0.5737707331,0.5937499635,0.6600008082
3370,1.0,0.0,0.0,0.0,1.0,1.0,0.3036699963,0.2541833889,0.04815000296,0.03889042139,0.4657763076,0.5769234102,0.5916956311,0.6666666667
3371,1.0,0.0,0.0,0.0,1.0,1.0,0.3182303007,0.27724251,0.05153614283,0.04348361492,0.4709783276,0.5781250542,0.5924656636,0.6481479958
3372,1.0,0.0,0.0,0.0,1.0,1.0,0.3160486978,0.2722617698,0.05059403181,0.04185265303,0.461920564,0.5706804802,0.5827584723,0.6455692417
3373,1.0,0.0,0.0,0.0,1.0,1.0,0.3160486187,0.2749333289,0.04961854219,0.04130554199,0.4619205267,0.570680188,0.5847752622,0.647798243
3374,1.0,0.0,0.0,0.0,1.0,1.0,0.3104577923,0.2670920049,0.05007213354,0.04150360823,0.4568105634,0.5775404698,0.579310194,0.6516131349
3375,1.0,0.0,0.0,0.0,1.0,1.0,0.3204190501,0.2808778053,0.05119234324,0.04323500395,0.4584717899,0.5699487114,0.5758621731,0.6319015445
3376,1.0,0.0,0.0,0.0,1.0,1.0,0.3183042668,0.27553124,0.05073815584,0.04232561588,0.455445601,0.5803111913,0.5753424711,0.6459627154
3377,1.0,0.0,0.0,0.0,1.0,1.0,0.3178553987,0.2772421521,0.05117815733,0.04273635149,0.4590164617,0.5824741127,0.578767261,0.6419747921
3378,1.0,0.0,0.0,0.0,1.0,1.0,0.3183040405,0.2781948662,0.05153411627,0.04325658083,0.4636964636,0.5803106411,0.5841925439,0.6358028179
3379,1.0,0.0,0.0,0.0,1.0,1.0,0.2776227111,0.2332029861,0.04438513517,0.03577709198,0.4528618906,0.5636365101,0.5649123216,0.6466163535
3380,1.0,0.0,0.0,0.0,1.0,1.0,0.272574882,0.1576039761,0.03839254379,0.02186238766,0.526515188,0.4791669254,0.5769231926,0.4512200442
3381,1.0,0.0,0.0,0.0,1.0,1.0,0.2796875844,0.1858963157,0.03841215372,0.0249813199,0.50097855,0.4335657282,0.5279999681,0.3763435986
3382,1.0,0.0,0.0,0.0,1.0,1.0,0.2699081515,0.1766082304,0.03793388605,0.02418971062,0.5185910279,0.4420285187,0.5421687638,0.375001232
3383,1.0,0.0,0.0,0.0,1.0,1.0,0.2601287108,0.1764888792,0.03645086288,0.02439194918,0.5244619307,0.4285709614,0.5396826013,0.3595492988
3384,1.0,0.0,0.0,0.0,1.0,1.0,0.2688557032,0.1851558034,0.03856098652,0.02598679066,0.5068226271,0.4057973927,0.53386464,0.3333340979
3385,1.0,0.0,0.0,0.0,1.0,1.0,0.2699077964,0.177192118,0.03841847181,0.024777174,0.5029354941,0.4130431073,0.5219122283,0.337078895
3386,1.0,0.0,0.0,0.0,1.0,1.0,0.2674285975,0.1764889579,0.03769737482,0.02448958158,0.5058594101,0.4233584259,0.5277778732,0.3483146614
3387,1.0,0.0,0.0,0.0,1.0,1.0,0.2766485091,0.1844205567,0.03976052999,0.02604031563,0.5009746467,0.3802818591,0.5198414491,0.3118264803
3388,1.0,0.0,0.0,0.0,1.0,1.0,0.2755742457,0.1798994453,0.03843826056,0.02436226606,0.4970873749,0.3732390326,0.5159998011,0.299999266
3389,1.0,0.0,0.0,0.0,1.0,1.0,0.2777312977,0.1798994057,0.03852403164,0.0244166255,0.5009784446,0.3943660011,0.5239999526,0.3000002441
3390,1.0,0.0,0.0,0.0,1.0,1.0,0.2791410759,0.1851555645,0.03952974081,0.02570813894,0.4921874474,0.4125880769,0.5179282509,0.3333325605
3391,1.0,0.0,0.0,0.0,1.0,1.0,0.2796874728,0.1838974647,0.04025363922,0.02589744329,0.5048924518,0.3986013054,0.5239998663,0.3260880072
3392,1.0,0.0,0.0,0.0,1.0,1.0,0.2780547977,0.1831644945,0.03949433565,0.02540892363,0.5097275432,0.37762166,0.5338642337,0.304348438
3393,1.0,0.0,0.0,0.0,1.0,1.0,0.2785971099,0.1757909616,0.03857803345,0.02401006222,0.5126704948,0.3986020469,0.5335968017,0.3258436729
3394,1.0,0.0,0.0,0.0,1.0,1.0,0.2720486961,0.1802914439,0.03803288937,0.02481579781,0.4961390706,0.3971627649,0.5215685884,0.3260868521
3395,1.0,0.0,0.0,0.0,1.0,1.0,0.2753179998,0.1840058178,0.03905463219,0.02541226149,0.475471662,0.4178087628,0.5155038994,0.3473696308
3396,1.0,0.0,0.0,0.0,1.0,1.0,0.2807423544,0.158308912,0.03993576765,0.022097826,0.4906365582,0.4933336915,0.5419849121,0.4578302854
3397,1.0,0.0,0.0,0.0,1.0,1.0,0.2418007026,0.154325849,0.03566616774,0.02219229937,0.4802868332,0.5925926545,0.5625000518,0.5952380313
3398,1.0,0.0,0.0,0.0,1.0,1.0,0.2807232483,0.2159074768,0.04378569126,0.03270739317,0.4619290194,0.5783131546,0.5818814289,0.6451609964
3399,1.0,0.0,0.0,0.0,1.0,1.0,0.298340868,0.2438501275,0.0472034812,0.03723829985,0.4593696983,0.5777776936,0.5807559977,0.6549287321
3400,1.0,0.0,0.0,0.0,1.0,1.0,0.3287855877,0.2855548683,0.05428874493,0.04537564516,0.4517185714,0.5721387682,0.5714285714,0.6249998358
3401,1.0,0.0,0.0,0.0,1.0,1.0,0.3254760754,0.2840878921,0.05188214779,0.04349714518,0.4523027203,0.5757572624,0.5684930547,0.6204825964
3402,1.0,0.0,0.0,0.0,1.0,1.0,0.3309629795,0.2906539229,0.05573898554,0.04718494415,0.4459016945,0.5693074336,0.56122431,0.6432749055
3403,1.0,0.0,0.0,0.0,1.0,1.0,0.3374950967,0.3021962694,0.05600041151,0.04842549562,0.4486133522,0.5748793813,0.5743244852,0.6256989704
3404,1.0,0.0,0.0,0.0,1.0,1.0,0.3358648551,0.3042520818,0.05412518978,0.04703110456,0.4535073396,0.5873787263,0.5748299923,0.6312849233
3405,1.0,0.0,0.0,0.0,1.0,1.0,0.3385730546,0.3059514853,0.0550969243,0.04768002033,0.4543974302,0.5817305352,0.578231165,0.6222219722
3406,1.0,0.0,0.0,0.0,1.0,1.0,0.3320515434,0.2988021721,0.05311107635,0.04574912786,0.4490131683,0.5841585714,0.5704465976,0.6321834738
3407,1.0,0.0,0.0,0.0,1.0,1.0,0.3326011407,0.3029129362,0.05325549841,0.04643458128,0.4508196149,0.5812805897,0.5684930388,0.638417905
3408,1.0,0.0,0.0,0.0,1.0,1.0,0.3276588505,0.295367854,0.05248653889,0.04536527395,0.4546952229,0.5778886141,0.5773194396,0.6279071295
3409,1.0,0.0,0.0,0.0,1.0,1.0,0.3342395126,0.3063358035,0.05460673571,0.04791474342,0.4524589697,0.5882351015,0.5787671207,0.6368718559
3410,1.0,0.0,0.0,0.0,1.0,1.0,0.2994959708,0.2524722349,0.04769027233,0.03884881735,0.4713804969,0.5786516854,0.5853656553,0.6482758621
3411,1.0,0.0,0.0,0.0,1.0,1.0,0.238218416,0.1488137846,0.03515923023,0.02141273022,0.4838709352,0.6015030329,0.5551468395,0.5925911492
3412,1.0,0.0,0.0,0.0,1.0,1.0,0.2576257663,0.1572155576,0.03845345974,0.02290844917,0.5191956338,0.5319139042,0.5805243982,0.5238096477
3413,1.0,0.0,0.0,0.0,1.0,1.0,0.2608034236,0.1554683724,0.03779345751,0.02220028639,0.5109489014,0.517483113,0.5740741205,0.4880939916
3414,1.0,0.0,0.0,0.0,1.0,1.0,0.2659067909,0.1328847167,0.03782618046,0.01852178574,0.5100917375,0.5517240293,0.5730339097,0.5915512448
3415,1.0,0.0,0.0,0.0,1.0,1.0,0.2668580714,0.1960036292,0.0409412384,0.02894568443,0.4744897196,0.5796179828,0.5936396131,0.64864876
3416,1.0,0.0,0.0,0.0,1.0,1.0,0.3032564913,0.2660629565,0.05008518696,0.04200690985,0.4632953055,0.5698925371,0.5836174511,0.6410248042
3417,1.0,0.0,0.0,0.0,1.0,1.0,0.3342238377,0.307908851,0.05354636908,0.04733806849,0.4636509873,0.5845413693,0.5892256075,0.6338798365
3418,1.0,0.0,0.0,0.0,1.0,1.0,0.3320671039,0.2994960196,0.05359041691,0.04653221369,0.4570502415,0.5853655553,0.5824915437,0.6348316406
3419,1.0,0.0,0.0,0.0,1.0,1.0,0.3438594013,0.3236445252,0.05542731285,0.0499881506,0.4581992823,0.5794394332,0.5872482833,0.6062179996
3420,1.0,0.0,0.0,0.0,1.0,1.0,0.342208892,0.3192196576,0.05656784773,0.05048811436,0.4655999386,0.5841119181,0.5886289138,0.6125647837
3421,1.0,0.0,0.0,0.0,1.0,1.0,0.3396161734,0.314639191,0.05524033308,0.04919022322,0.4546926167,0.5857135304,0.5824916839,0.6256690194
3422,1.0,0.0,0.0,0.0,1.0,1.0,0.3309837678,0.3099963434,0.05537223816,0.04967218637,0.4577922587,0.5833333333,0.5762712621,0.622950918
3423,1.0,0.0,0.0,0.0,1.0,1.0,0.3255877732,0.2954431597,0.05264735222,0.04583728313,0.453808629,0.5870645189,0.5743243036,0.6228573435
3424,1.0,0.0,0.0,0.0,1.0,1.0,0.3299285793,0.3072608472,0.05305194855,0.04709976912,0.4444444856,0.5951212497,0.5675675781,0.6208784325
3425,1.0,0.0,0.0,0.0,1.0,1.0,0.3320726378,0.3123257603,0.05405682325,0.04854619503,0.4467742052,0.5922321961,0.5743243813,0.627027392
3426,1.0,0.0,0.0,0.0,1.0,1.0,0.3315455165,0.3119063566,0.05480146408,0.04924190044,0.4503205143,0.5990335169,0.5738252854,0.6290322971
3427,1.0,0.0,0.0,0.0,1.0,1.0,0.3282955627,0.3049144264,0.05193269253,0.04604870081,0.4514563239,0.5911331067,0.5762711329,0.6333337216
3428,1.0,0.0,0.0,0.0,1.0,1.0,0.3320622948,0.3069961501,0.05294048786,0.04671221972,0.4511399764,0.5882352279,0.5733789198,0.6277776856
3429,1.0,0.0,0.0,0.0,1.0,1.0,0.3347803591,0.3087011822,0.05526566505,0.04879552126,0.4493464554,0.5951225405,0.5699659154,0.6298333971
3430,1.0,0.0,0.0,0.0,1.0,1.0,0.3342291276,0.3093508392,0.05491375923,0.04851597548,0.4496752168,0.5825236079,0.5714288972,0.6263736804
3431,1.0,0.0,0.0,0.0,1.0,1.0,0.3304343452,0.2981385317,0.05461555719,0.04735141993,0.4462541621,0.5911325695,0.5694916005,0.6420455046
3432,1.0,0.0,0.0,0.0,1.0,1.0,0.3201463827,0.2906544113,0.051861763,0.04501712322,0.4520325994,0.5989844799,0.574830055,0.6432747841
3433,1.0,0.0,0.0,0.0,1.0,1.0,0.3026594132,0.2585363023,0.04897558689,0.04009544849,0.4592347193,0.5769234514,0.5798609256,0.6510071504
3434,1.0,0.0,0.0,0.0,1.0,1.0,0.3026132662,0.2626519758,0.0482724309,0.04018354416,0.4533552157,0.578379186,0.5767919485,0.6363636364
3435,1.0,0.0,0.0,0.0,1.0,1.0,0.3046073697,0.2652625551,0.04798209667,0.04020118713,0.4563427106,0.5729733691,0.5787673226,0.6387101461
3436,1.0,0.0,0.0,0.0,1.0,1.0,0.2317815021,0.1390200269,0.03419083357,0.02024096251,0.5435992163,0.624001311,0.6052629855,0.6351362096
3437,1.0,0.0,0.0,0.0,1.0,1.0,0.2907819303,0.1802916091,0.04196047783,0.02556532621,0.526011575,0.4238415864,0.5490194018,0.3260855881
3438,1.0,0.0,0.0,0.0,1.0,1.0,0.2961310329,0.1943357623,0.04165750742,0.02685809135,0.5321637117,0.3947377081,0.5436509785,0.2755102041
3439,1.0,0.0,0.0,0.0,1.0,1.0,0.2959133426,0.1951101849,0.04089546204,0.02654141188,0.5392156493,0.3973520358,0.5498007671,0.2755097229
3440,1.0,0.0,0.0,0.0,1.0,1.0,0.30675913,0.2135903578,0.0418292284,0.02860581875,0.5366336326,0.3806445913,0.544354871,0.2924534199
3441,1.0,0.0,0.0,0.0,1.0,1.0,0.2892086122,0.2006909772,0.04064631462,0.02765053511,0.5452756805,0.3741502085,0.5502007563,0.2800006036
3442,1.0,0.0,0.0,0.0,1.0,1.0,0.2934869957,0.2043392491,0.04140877724,0.0282586813,0.5515872601,0.3716209603,0.5506072613,0.2772272633
3443,1.0,0.0,0.0,0.0,1.0,1.0,0.2956928865,0.2030737971,0.04000043869,0.02720028162,0.5502958489,0.3733325783,0.5498009067,0.2549014452
3444,1.0,0.0,0.0,0.0,1.0,1.0,0.3081282576,0.2018871624,0.04237145185,0.02743279934,0.5434782138,0.3782057324,0.539999886,0.2772278303
3445,1.0,0.0,0.0,0.0,1.0,1.0,0.2962771716,0.2138806698,0.04100519419,0.02925038338,0.5513833224,0.3533337306,0.54799981,0.2897196071
3446,1.0,0.0,0.0,0.0,1.0,1.0,0.3026199477,0.2124322116,0.04123866558,0.02848726511,0.5438247151,0.355263272,0.546558789,0.285713389
3447,1.0,0.0,0.0,0.0,1.0,1.0,0.2980441412,0.2031386456,0.04103142023,0.02735430002,0.5347911841,0.3600007554,0.5284550974,0.2700003704
3448,1.0,0.0,0.0,0.0,1.0,1.0,0.2855548844,0.1925150177,0.03963714838,0.02623862028,0.5372233651,0.3802821349,0.5245903145,0.2978707938
3449,1.0,0.0,0.0,0.0,1.0,1.0,0.2861301968,0.200707519,0.03926873207,0.02710098028,0.5362903204,0.3873243071,0.5286885517,0.2959186591
3450,1.0,0.0,0.0,0.0,1.0,1.0,0.2844103059,0.1896898656,0.03871035576,0.02535253763,0.5390780506,0.4014076483,0.5265305813,0.31182687
3451,1.0,0.0,0.0,0.0,1.0,1.0,0.2593358616,0.1800612209,0.0359467268,0.02460968494,0.5389220842,0.3923072331,0.534412643,0.3033699701
3452,1.0,0.0,0.0,0.0,1.0,1.0,0.2729243079,0.1738159368,0.03768754005,0.02335566282,0.5038462074,0.4225357904,0.5217392462,0.3636354356
3453,1.0,0.0,0.0,0.0,1.0,1.0,0.2572094463,0.161563806,0.0370079875,0.02273344994,0.4944853893,0.5285710374,0.5451124284,0.5232561798
3454,1.0,0.0,0.0,0.0,1.0,1.0,0.2436364905,0.1477276184,0.0362264514,0.02141851187,0.480427032,0.6277363976,0.5729928838,0.6666666667
3455,1.0,0.0,0.0,0.0,1.0,1.0,0.2683066039,0.2092258135,0.04218298197,0.03190088272,0.4681208362,0.5874994525,0.5847750622,0.6528919598
3456,1.0,0.0,0.0,0.0,1.0,1.0,0.3016260734,0.2599900475,0.04941850901,0.0411375761,0.4698205216,0.5891895478,0.59121636,0.6688313382
3457,1.0,0.0,0.0,0.0,1.0,1.0,0.3125293229,0.2768723528,0.05146741867,0.04396170378,0.47231269,0.5833325613,0.5945945033,0.6524381233
3458,1.0,0.0,0.0,0.0,1.0,1.0,0.3142494583,0.283398813,0.05071777105,0.04418194294,0.4732576833,0.5876286721,0.5973156159,0.6449699831
3459,1.0,0.0,0.0,0.0,1.0,1.0,0.3211909334,0.2836252749,0.05223405361,0.04454475641,0.4779772282,0.5837572546,0.6013514514,0.6547621756
3460,1.0,0.0,0.0,0.0,1.0,1.0,0.3255880761,0.2927655522,0.05198317766,0.04500031471,0.4716369515,0.587064129,0.5892254769,0.6551723224
3461,1.0,0.0,0.0,0.0,1.0,1.0,0.3282721958,0.2944483612,0.05298662186,0.04590421915,0.4764228195,0.5792075755,0.6026934276,0.645714768
3462,1.0,0.0,0.0,0.0,1.0,1.0,0.3293799165,0.2978134906,0.05347818136,0.0464001894,0.4652665929,0.5882358186,0.5925924792,0.6384183767
3463,1.0,0.0,0.0,0.0,1.0,1.0,0.32880687,0.2920668439,0.05552244186,0.04755139351,0.4657980841,0.5891088896,0.5878378824,0.6473990323
3464,1.0,0.0,0.0,0.0,1.0,1.0,0.3315222005,0.2954431349,0.05650609732,0.04847335815,0.4650405667,0.5882354182,0.5878379213,0.6457144684
3465,1.0,0.0,0.0,0.0,1.0,1.0,0.3210727501,0.2772426212,0.05154073238,0.04281848669,0.4761120199,0.584614495,0.5890410483,0.6419752915
3466,1.0,0.0,0.0,0.0,1.0,1.0,0.3292862781,0.2933516944,0.05187195539,0.04483407736,0.4701986605,0.5929651475,0.5836177381,0.6395343736
3467,1.0,0.0,0.0,0.0,1.0,1.0,0.3260122308,0.287254747,0.05216389894,0.04452377558,0.4678747582,0.5808081905,0.5850339194,0.6272187527
3468,1.0,0.0,0.0,0.0,1.0,1.0,0.3221341589,0.2821553279,0.05295109749,0.04507631063,0.464462821,0.5897428104,0.574830083,0.6506019795
3469,1.0,0.0,0.0,0.0,1.0,1.0,0.3215449584,0.2808776716,0.05359309912,0.04502928257,0.4577114486,0.5773197367,0.5724139316,0.6380366555
3470,1.0,0.0,0.0,0.0,1.0,1.0,0.3325956876,0.2909336666,0.05327302217,0.04505681992,0.4536424245,0.5771152183,0.5719180705,0.6352933084
3471,1.0,0.0,0.0,0.0,1.0,1.0,0.3309410676,0.2902157821,0.05496299267,0.04644370079,0.4503310349,0.58499923,0.560137585,0.6213019574
3472,1.0,0.0,0.0,0.0,1.0,1.0,0.3292278348,0.2880338953,0.05350321531,0.04531401396,0.4487394625,0.5714282531,0.5555557239,0.632529336
3473,1.0,0.0,0.0,0.0,1.0,1.0,0.3331471217,0.2838136213,0.05401182175,0.04469001293,0.4483924496,0.5786807744,0.5435541072,0.6196320491
3474,1.0,0.0,0.0,0.0,1.0,1.0,0.3273737175,0.2704586041,0.05344372988,0.04269844294,0.4471404177,0.5767194528,0.5376344533,0.6357618575
3475,1.0,0.0,0.0,0.0,1.0,1.0,0.3273435901,0.2686671492,0.05257445574,0.04194766283,0.4407665243,0.5744677474,0.5340500437,0.6066655773
3476,1.0,0.0,0.0,0.0,1.0,1.0,0.3290415974,0.266155733,0.05313277245,0.04176747799,0.45070425,0.5775403289,0.5471012718,0.6258494567
3477,1.0,0.0,0.0,0.0,1.0,1.0,0.3259828513,0.2627208726,0.05082970858,0.03993761539,0.455197049,0.5769230318,0.5477939692,0.6363630937
3478,1.0,0.0,0.0,0.0,1.0,1.0,0.2855547782,0.2052086958,0.04214882851,0.02994787693,0.456766904,0.5657889527,0.5437261379,0.6203701124
3479,1.0,0.0,0.0,0.0,1.0,1.0,0.3014510933,0.1439199103,0.04191225767,0.02025294304,0.4878543252,0.4966444862,0.5479997052,0.4305567001
3480,1.0,0.0,0.0,0.0,1.0,1.0,0.301872186,0.1511252369,0.041906178,0.02123624086,0.4959184166,0.4797295856,0.5483871378,0.3600011227
3481,1.0,0.0,0.0,0.0,1.0,1.0,0.2663882763,0.1530151957,0.03914117813,0.02257043123,0.4785991452,0.6058399829,0.5542634202,0.5822789824
3482,1.0,0.0,0.0,0.0,1.0,1.0,0.3028049754,0.2245937268,0.04595029354,0.03382843733,0.4591078479,0.5644167084,0.5617979307,0.6166661087
3483,1.0,0.0,0.0,0.0,1.0,1.0,0.3451962772,0.274392107,0.0528101325,0.04175037146,0.4611211154,0.5654447425,0.5636364206,0.6026497063
3484,1.0,0.0,0.0,0.0,1.0,1.0,0.3540061189,0.2969356225,0.05518454313,0.04570841789,0.4615384174,0.5808079772,0.5579710987,0.5914638917
3485,1.0,0.0,0.0,0.0,1.0,1.0,0.3553970847,0.29256392,0.05520111322,0.04511362314,0.4584837905,0.573604313,0.5600001082,0.5900623744
3486,1.0,0.0,0.0,0.0,1.0,1.0,0.3534827318,0.2943809212,0.05516386032,0.04536318779,0.4614003687,0.5736037757,0.5636364902,0.5987651563
3487,1.0,0.0,0.0,0.0,1.0,1.0,0.3510586366,0.2922554057,0.05434167385,0.04491502047,0.4605734234,0.5816330336,0.5631769723,0.5864197285
3488,1.0,0.0,0.0,0.0,1.0,1.0,0.3492673475,0.2878827721,0.05441910028,0.04437249899,0.4390680731,0.5794878647,0.5362321138,0.591195881
3489,1.0,0.0,0.0,0.0,1.0,1.0,0.3547568321,0.2922555811,0.05601596832,0.04606389999,0.4468467972,0.5736045848,0.5451263319,0.567901618
3490,1.0,0.0,0.0,0.0,1.0,1.0,0.3577137916,0.3034669403,0.05562233925,0.04667806625,0.4460432482,0.5628137096,0.549090833,0.5748511099
3491,1.0,0.0,0.0,0.0,1.0,1.0,0.3566850402,0.2965377521,0.05477523804,0.04504358768,0.4510869766,0.5532995421,0.5567766991,0.5679007445
3492,1.0,0.0,0.0,0.0,1.0,1.0,0.3555185979,0.2863363523,0.0555408597,0.04448932409,0.4500907853,0.5612247417,0.5547446264,0.5732475714
3493,1.0,0.0,0.0,0.0,1.0,1.0,0.3524248495,0.2884418807,0.05560880899,0.04477226734,0.4502711244,0.5641028939,0.562499952,0.5859876936
3494,1.0,0.0,0.0,0.0,1.0,1.0,0.3544641142,0.2961310964,0.0539406538,0.04448711872,0.4424131043,0.5618559207,0.5444444621,0.575000335
3495,1.0,0.0,0.0,0.0,1.0,1.0,0.3597990098,0.299465249,0.05523228645,0.04546904564,0.4599999845,0.5656573614,0.5625001472,0.5766867145
3496,1.0,0.0,0.0,0.0,1.0,1.0,0.3634332353,0.3001986434,0.05695730448,0.04670500755,0.459999943,0.5600004186,0.556776575,0.5731705761
3497,1.0,0.0,0.0,0.0,1.0,1.0,0.3544638905,0.2942799412,0.05451619625,0.04468077421,0.4570383103,0.5618556137,0.5629629659,0.5660382141
3498,1.0,0.0,0.0,0.0,1.0,1.0,0.3500767021,0.2913500734,0.05498987436,0.04501760006,0.4500907704,0.554404673,0.5571954908,0.5822778609
3499,1.0,0.0,0.0,0.0,1.0,1.0,0.3530637099,0.2913501812,0.05502843857,0.04458713531,0.4565216518,0.5641025363,0.5608855542,0.5886079503
3500,1.0,0.0,0.0,0.0,1.0,1.0,0.3637608656,0.3020288768,0.05830812454,0.04762786627,0.4630631368,0.5594062037,0.5714287334,0.581817704
3501,1.0,0.0,0.0,0.0,1.0,1.0,0.3624546133,0.3049766459,0.05736517906,0.04714167118,0.4667863641,0.5495050019,0.5735295082,0.572289248
3502,1.0,0.0,0.0,0.0,1.0,1.0,0.3627738486,0.2979817544,0.05632936954,0.04534512758,0.473684261,0.5449997355,0.5814816657,0.5590057376
3503,1.0,0.0,0.0,0.0,1.0,1.0,0.3517888858,0.2868766219,0.05618596077,0.04466062784,0.4747291826,0.548718286,0.5851853355,0.5870974975
3504,1.0,0.0,0.0,0.0,1.0,1.0,0.3476320216,0.2774187567,0.05374741554,0.04227012396,0.4818839815,0.5468753466,0.5992648066,0.5894031798
3505,1.0,0.0,0.0,0.0,1.0,1.0,0.3492672829,0.2837242945,0.05429780483,0.04315978289,0.4820788237,0.5487175153,0.5970697406,0.5870976563
3506,1.0,0.0,0.0,0.0,1.0,1.0,0.3497158021,0.287882734,0.05722337961,0.04618537426,0.4849022007,0.5583756662,0.5942029039,0.5849054412
3507,1.0,0.0,0.0,0.0,1.0,1.0,0.3437232759,0.2780263942,0.05479007959,0.04298913479,0.4902997663,0.5384622916,0.6,0.5882357835
3508,1.0,0.0,0.0,0.0,1.0,1.0,0.3467090315,0.2907466897,0.05533254147,0.04516941309,0.4831858952,0.5459181365,0.5854543208,0.5812498268
3509,1.0,0.0,0.0,0.0,1.0,1.0,0.3445112755,0.2784423841,0.05420821905,0.0426325202,0.4721722907,0.5625000687,0.5756458728,0.5960265919
3510,1.0,0.0,0.0,0.0,1.0,1.0,0.3445730759,0.2831751968,0.05507832766,0.04412031174,0.4675090251,0.5549741846,0.5814813086,0.5882350557
3511,1.0,0.0,0.0,0.0,1.0,1.0,0.351890609,0.289800674,0.05376154184,0.04323089123,0.4664246003,0.5567009509,0.5762082586,0.5705134745
3512,1.0,0.0,0.0,0.0,1.0,1.0,0.3573322987,0.2935167457,0.05613201857,0.04501962662,0.4700545491,0.5431473051,0.5799254729,0.5569611706
3513,1.0,0.0,0.0,0.0,1.0,1.0,0.3590052024,0.2950382511,0.05583101511,0.04488927126,0.4675089673,0.5527640444,0.5867160175,0.5625009129
3514,1.0,0.0,0.0,0.0,1.0,1.0,0.3543475621,0.289215937,0.0536558032,0.04347497225,0.4709091514,0.5641022223,0.5860807081,0.5822777695
3515,1.0,0.0,0.0,0.0,1.0,1.0,0.3558897185,0.2871529981,0.05449974537,0.04348683357,0.4649446171,0.5595852372,0.5783583206,0.5844147656
3516,1.0,0.0,0.0,0.0,1.0,1.0,0.3564184395,0.2855548552,0.05421048403,0.04247421026,0.4669118551,0.5567008722,0.5864662196,0.5855270636
3517,1.0,0.0,0.0,0.0,1.0,1.0,0.3687979029,0.3009471326,0.05692726374,0.04611104727,0.47785986,0.5599996231,0.5947955361,0.5617290254
3518,1.0,0.0,0.0,0.0,1.0,1.0,0.371061238,0.3013297889,0.0564365387,0.0456597209,0.499999951,0.5577896347,0.6104870255,0.5652176183
3519,1.0,0.0,0.0,0.0,1.0,1.0,0.3632658582,0.2908820538,0.05539047718,0.04386246204,0.485239874,0.5583752467,0.597014772,0.5641019718
3520,1.0,0.0,0.0,0.0,1.0,1.0,0.3669535708,0.2905785801,0.05753582716,0.04539263248,0.4889298013,0.5527638816,0.6074074526,0.5668783369
3521,1.0,0.0,0.0,0.0,1.0,1.0,0.3656046539,0.2879431088,0.05575156212,0.04342454672,0.4797793995,0.5477390427,0.6022307654,0.5612901366
3522,1.0,0.0,0.0,0.0,1.0,1.0,0.3609093673,0.2823704121,0.05647224188,0.04401946068,0.4944445418,0.5538462837,0.6059479767,0.5789480098
3523,1.0,0.0,0.0,0.0,1.0,1.0,0.3664620962,0.2935163169,0.05596923828,0.04466229677,0.4981482894,0.5555554372,0.6096655921,0.5632909788
3524,1.0,0.0,0.0,0.0,1.0,1.0,0.3667678085,0.2868770415,0.05724537373,0.04436516762,0.5009173797,0.5550000104,0.6037038821,0.5548390217
3525,1.0,0.0,0.0,0.0,1.0,1.0,0.3654264076,0.2808652489,0.05622684956,0.0432947278,0.5027422573,0.560000212,0.6021895708,0.5714289648
3526,1.0,0.0,0.0,0.0,1.0,1.0,0.3702311686,0.285295139,0.05685609579,0.04397243261,0.4963504719,0.5517246802,0.6109090726,0.5541407145
3527,1.0,0.0,0.0,0.0,1.0,1.0,0.3650764701,0.2715876942,0.05706012249,0.04237139225,0.5063291369,0.5495053849,0.6231883781,0.5733336709
3528,1.0,0.0,0.0,0.0,1.0,1.0,0.3547005305,0.2645580799,0.05511432886,0.04133570194,0.5083180078,0.5468748141,0.6139706906,0.5694450453
3529,1.0,0.0,0.0,0.0,1.0,1.0,0.3425051159,0.2386724528,0.05022805929,0.03513216972,0.5655430148,0.5409837816,0.6604479229,0.5781242577
3530,1.0,0.0,0.0,0.0,1.0,1.0,0.350747465,0.2319460161,0.05193400383,0.03434348106,0.6,0.5483870227,0.6792452299,0.577235208
3531,1.0,0.0,0.0,0.0,1.0,1.0,0.3386997572,0.2302082408,0.05238604546,0.03521025181,0.5981480982,0.5464482553,0.6816479532,0.5609754033
3532,1.0,0.0,0.0,0.0,1.0,1.0,0.3373569366,0.2489177023,0.05167269707,0.03647482395,0.590252643,0.5133691073,0.6754717549,0.5454549911
3533,1.0,0.0,0.0,0.0,1.0,1.0,0.3383528186,0.2724043556,0.05346214771,0.03975391388,0.5746528303,0.5333331104,0.6503760182,0.544827276
3534,1.0,0.0,0.0,0.0,1.0,1.0,0.336478677,0.2780402929,0.05281817913,0.03869849443,0.5666666857,0.5247522406,0.6353382976,0.5540536586
3535,1.0,0.7853981853,0.0,0.0,1.0,1.0,0.336495857,0.2967095202,0.05525147915,0.04178220034,0.5510888055,0.5223880919,0.6210934573,0.552632067
3536,1.0,0.7853981853,0.0,0.0,1.0,1.0,0.3247766917,0.2677074171,0.0540176034,0.03758955002,0.5644891011,0.5103098983,0.6468254507,0.5629638087
3537,1.0,0.7853981853,0.0,0.0,1.0,1.0,0.338822757,0.2872888732,0.05586266518,0.03986179829,0.591141449,0.5175871194,0.6761132299,0.5774645992
3538,1.0,0.7853981853,0.0,0.0,1.0,1.0,0.328124896,0.2731267517,0.05436825752,0.03744751215,0.5711893011,0.5255101146,0.6558702482,0.570370783
3539,1.0,0.7853981853,0.0,0.0,1.0,1.0,0.3224552289,0.2651581181,0.05341690779,0.03635704517,0.5608108309,0.5130882282,0.6408165359,0.5692296342
3540,1.0,0.7853981853,0.0,0.0,1.0,1.0,0.3274913193,0.2705099394,0.05479699373,0.03719377518,0.5806451038,0.518135273,0.6611572648,0.5801528186
3541,1.0,0.7853981853,0.0,0.0,1.0,1.0,0.3287201228,0.2785331934,0.05611228943,0.03854179382,0.5764118953,0.5151517727,0.655737825,0.5661760157
3542,1.0,0.7853981853,0.0,0.0,1.0,1.0,0.3210728064,0.2744370579,0.05613470078,0.03857463598,0.5584843217,0.517948914,0.639344311,0.5671649863
3543,1.0,0.7853981853,0.0,0.0,1.0,1.0,0.3192196914,0.2643151624,0.05429029465,0.0363830328,0.5602007863,0.5287964955,0.6528923043,0.585937884
3544,1.0,0.7853981853,0.0,0.0,1.0,1.0,0.3143001721,0.2529707915,0.05364429951,0.0346275568,0.5524125802,0.5290999353,0.6348545586,0.5983606275
3545,1.0,0.7853981853,0.0,0.0,1.0,1.0,0.2883345144,0.1825069272,0.04815429449,0.0248157382,0.5575220923,0.5276069291,0.6347823076,0.6190484197
3546,1.0,0.7853981853,0.0,0.0,1.0,1.0,0.2674816947,0.09286858779,0.04158508778,0.01180118322,0.5117539519,0.5337832996,0.5442477959,0.5952341268
3547,1.0,0.7853981853,0.0,0.0,1.0,1.0,0.2803533657,0.08031234068,0.04426217079,0.01034700871,0.5027323369,0.5194803096,0.5223212179,0.611109831
3548,1.0,0.7853981853,0.0,0.0,1.0,1.0,0.2752087869,0.1038381823,0.0424683094,0.01341104507,0.4818840195,0.5263157895,0.5108224769,0.5833333333
3549,1.0,0.7853981853,0.0,0.0,1.0,1.0,0.2900414403,0.09342595306,0.04453641176,0.01219785213,0.4842883723,0.5159228423,0.5304346754,0.5116249524
3550,1.0,0.0,0.0,0.0,1.0,1.0,0.3040976212,0.1041973288,0.04607069492,0.01376503706,0.4823746933,0.4756099454,0.5106381539,0.3673480876
3551,1.0,0.0,0.0,0.0,1.0,1.0,0.3154130696,0.1148297338,0.04692083597,0.01526343822,0.5152090851,0.4277103307,0.5361704379,0.2407430549
3552,1.0,0.0,0.0,0.0,1.0,1.0,0.3158088932,0.1115079955,0.04719048738,0.01498991251,0.4665427457,0.4529413622,0.4958678162,0.3518523673
3553,1.0,0.0,0.0,0.0,1.0,1.0,0.2798439573,0.1259296021,0.0425170064,0.017393291,0.4672726604,0.5454545455,0.4999997842,0.5238082183
3554,1.0,0.0,0.0,0.0,1.0,1.0,0.3046430032,0.2205801339,0.04821455479,0.03186106682,0.4456327467,0.5204671495,0.5195315385,0.5398230254
3555,1.0,0.0,0.0,0.0,1.0,1.0,0.3184062524,0.2431591847,0.05025547743,0.03545802832,0.4442477883,0.516666726,0.5249042302,0.5433082249
3556,1.0,0.0,0.0,0.0,1.0,1.0,0.3343204684,0.2592537007,0.05174201727,0.03758102655,0.4454225505,0.515789316,0.5451126645,0.5362320679
3557,1.0,0.0,0.0,0.0,1.0,1.0,0.3438364426,0.2666419495,0.05334228277,0.03952300549,0.4598930322,0.5181348366,0.5559700547,0.5384610744
3558,1.0,0.0,0.0,0.0,1.0,1.0,0.3403115684,0.2582830465,0.05582386255,0.04054582119,0.4498208681,0.5315785596,0.5580522325,0.5507242968
3559,1.0,0.0,0.0,0.0,1.0,1.0,0.3523213837,0.2703714003,0.05530583858,0.04091501236,0.4460432201,0.5255098192,0.5522388236,0.5448269332
3560,1.0,0.0,0.0,0.0,1.0,1.0,0.350550562,0.2611323517,0.05383318663,0.03980219364,0.4589552641,0.5319147758,0.5676692832,0.5467616095
3561,1.0,0.0,0.0,0.0,1.0,1.0,0.3701636884,0.282130369,0.05582475662,0.04270595312,0.4592593142,0.5499997865,0.5645757533,0.5555550903
3562,1.0,0.0,0.0,0.0,1.0,1.0,0.3726733138,0.275965692,0.05725055933,0.04279339314,0.4538606746,0.5454547347,0.5634327412,0.5608103026
3563,1.0,0.0,0.0,0.0,1.0,1.0,0.366648198,0.2784426121,0.0560784936,0.04298406839,0.4506518117,0.5583759636,0.5608856844,0.5761592894
3564,1.0,0.0,0.0,0.0,1.0,1.0,0.3629255231,0.2784422735,0.05574524403,0.04316687584,0.4413407193,0.5641026464,0.553505423,0.5695368811
3565,1.0,0.0,0.0,0.0,1.0,1.0,0.3664619145,0.2774185549,0.05613023043,0.04280638695,0.4537037857,0.5606063019,0.5661764848,0.5695362671
3566,1.0,0.0,0.0,0.0,1.0,1.0,0.3569434359,0.2697768902,0.05497765541,0.04200857878,0.4542125074,0.5641021193,0.5615941322,0.5704702272
3567,1.0,0.0,0.0,0.0,1.0,1.0,0.3603061738,0.2786217191,0.05599367619,0.04361319542,0.4601450095,0.5678388108,0.5683451566,0.5806455581
3568,1.0,0.0,0.0,0.0,1.0,1.0,0.3510583091,0.2704583633,0.05650120974,0.04352903366,0.4444444753,0.5714285714,0.5448030824,0.5894034748
3569,1.0,0.0,0.0,0.0,1.0,1.0,0.3533741018,0.2756470188,0.05410116911,0.04235196114,0.4482143292,0.5707070985,0.5444842122,0.5741934394
3570,1.0,0.0,0.0,0.0,1.0,1.0,0.3537849584,0.2888459852,0.05699491501,0.04645085335,0.4389381523,0.5749997908,0.5425530377,0.5889574961
3571,1.0,0.0,0.0,0.0,1.0,1.0,0.3553184571,0.2931225978,0.05580580235,0.04563426971,0.434325795,0.5763543694,0.5335688424,0.5843373179
3572,1.0,0.0,0.0,0.0,1.0,1.0,0.3474823119,0.2803312815,0.0547439456,0.04363256693,0.4320137381,0.5841585452,0.5365854126,0.6024837678
3573,1.0,0.0,0.0,0.0,1.0,1.0,0.3483165306,0.2762539133,0.0554728508,0.04376500845,0.436077004,0.5728639275,0.5387322844,0.5923568787
3574,1.0,0.0,0.0,0.0,1.0,1.0,0.3574393839,0.2883005837,0.05585205555,0.0447358489,0.439236121,0.5776699444,0.5419579117,0.5878783761
3575,1.0,0.0,0.0,0.0,1.0,1.0,0.3474824073,0.2783913852,0.05535131693,0.04411667585,0.4492254115,0.5792076809,0.5570934503,0.6149063372
3576,1.0,0.0,0.0,0.0,1.0,1.0,0.3516235141,0.2840520251,0.05630397797,0.04493224621,0.4315425936,0.5714284202,0.5508775288,0.6111114059
3577,1.0,0.0,0.0,0.0,1.0,1.0,0.348523391,0.2848061562,0.05733793974,0.04581415653,0.4376068619,0.5784311585,0.5524476276,0.5950920724
3578,1.0,0.0,0.0,0.0,1.0,1.0,0.3568225756,0.2963863021,0.05902689695,0.04811674356,0.4602367955,0.5781994876,0.5793103626,0.6046502697
3579,1.0,0.0,0.0,0.0,1.0,1.0,0.3618959918,0.3039538502,0.05763572454,0.0476706624,0.4585448871,0.5794385951,0.5773196699,0.6045192371
3580,1.0,0.0,0.0,0.0,1.0,1.0,0.3403775974,0.2787556857,0.05664288998,0.04553639889,0.4574290264,0.5784312488,0.5680270942,0.6219517942
3581,1.0,0.0,0.0,0.0,1.0,1.0,0.343091878,0.2853133407,0.05748105049,0.0469289422,0.4676616999,0.5845410277,0.5810809146,0.6153845177
3582,1.0,0.0,0.0,0.0,1.0,1.0,0.3425705088,0.281198716,0.05909979343,0.04762411118,0.4625623481,0.5776698637,0.5728813225,0.6084342929
3583,1.0,0.0,0.0,0.0,1.0,1.0,0.3414759545,0.2819371972,0.05740278959,0.04676228762,0.4683332367,0.5902442114,0.5743243923,0.6107787866
3584,1.0,0.0,0.0,0.0,1.0,1.0,0.3432426726,0.2872546029,0.05663448572,0.04691779613,0.4579124768,0.588235356,0.5714284672,0.6094670647
3585,1.0,0.0,0.0,0.0,1.0,1.0,0.3370599383,0.2802491841,0.05512040854,0.0455223918,0.4614094423,0.5920399409,0.5743244384,0.614457295
3586,1.0,0.0,0.0,0.0,1.0,1.0,0.3419576992,0.2884293756,0.05872493982,0.04879558086,0.4545453283,0.5845412442,0.5738256157,0.6162798936
3587,1.0,0.0,0.0,0.0,1.0,1.0,0.3438407545,0.2891363112,0.05945336819,0.04921263456,0.458436213,0.5789473684,0.5752508162,0.6069356181
3588,1.0,0.0,0.0,0.0,1.0,1.0,0.3397441629,0.2857936474,0.0586604476,0.04869389534,0.4603959935,0.582524775,0.5852842236,0.6198827832
3589,1.0,0.0,0.0,0.0,1.0,1.0,0.3408308275,0.2891361706,0.05923289061,0.04950386286,0.4612851255,0.5797106554,0.5719064069,0.6069362352
3590,1.0,0.0,0.0,0.0,1.0,1.0,0.3397445321,0.2857935637,0.05916619301,0.04911363125,0.4554455886,0.5873787581,0.5719062211,0.6081869926
3591,1.0,0.0,0.0,0.0,1.0,1.0,0.3386264374,0.2867527381,0.05943202972,0.04933440685,0.4539472779,0.5776699321,0.5704695545,0.6081873253
3592,1.0,0.0,0.0,0.0,1.0,1.0,0.3336979143,0.281722095,0.05588769913,0.04648089409,0.4561982784,0.5841580991,0.5738255167,0.6130953297
3593,1.0,0.0,0.0,0.0,1.0,1.0,0.3397117305,0.2848410913,0.0567907095,0.04691410065,0.4515599967,0.5845411896,0.573333314,0.619882402
3594,1.0,0.0,0.0,0.0,1.0,1.0,0.3397117459,0.2855545463,0.05689877272,0.04727816582,0.4614121356,0.5845414272,0.5780730299,0.6162789525
3595,1.0,0.0,0.0,0.0,1.0,1.0,0.3396475287,0.2912281997,0.05694931746,0.04795736074,0.44878049,0.5885168366,0.5761590531,0.6136359964
3596,1.0,0.0,0.0,0.0,1.0,1.0,0.3385732451,0.2836700617,0.05779761076,0.04779416323,0.4609120776,0.5817303181,0.5907592219,0.6279068607
3597,1.0,0.0,0.0,0.0,1.0,1.0,0.3320779977,0.2743567737,0.05810421705,0.04715704918,0.4510433997,0.5700478136,0.5784312196,0.6190473783
3598,1.0,0.0,0.0,0.0,1.0,1.0,0.3428036939,0.2965559133,0.05975651741,0.05077904463,0.4476650587,0.5821596572,0.5770491689,0.6132597593
3599,1.0,0.0,0.0,0.0,1.0,1.0,0.337453074,0.2886178213,0.05537331104,0.04636520147,0.4571891442,0.5741628185,0.587458681,0.6171422548
3600,1.0,0.0,0.0,0.0,1.0,1.0,0.334223613,0.2928825551,0.05802208185,0.04961305857,0.4442649923,0.5893714,0.5728473967,0.6158194262
3601,1.0,0.0,0.0,0.0,1.0,1.0,0.3334159925,0.2932787228,0.05605858564,0.04847574234,0.4568895976,0.5990332874,0.5836065846,0.6312855962
3602,1.0,0.0,0.0,0.0,1.0,1.0,0.3310048826,0.2909559109,0.05680221319,0.04880577326,0.4581994246,0.5825235078,0.5888155954,0.6327676854
3603,1.0,0.0,0.0,0.0,1.0,1.0,0.3323446686,0.2919159934,0.05594664812,0.04783838987,0.4489960437,0.5845408569,0.5808582515,0.6271182851
3604,1.0,0.0,0.0,0.0,1.0,1.0,0.3273212627,0.283448524,0.05692285299,0.04780417681,0.4467408081,0.5776701113,0.5770493286,0.6358374656
3605,1.0,0.0,0.0,0.0,1.0,1.0,0.3244836846,0.2848573723,0.05439442396,0.04620891809,0.4499606745,0.577669855,0.5798045387,0.6342851467
3606,1.0,0.0,0.0,0.0,1.0,1.0,0.3300191138,0.2871771434,0.05813068151,0.04876363277,0.4444445384,0.5829384858,0.5811686705,0.6384176855
3607,1.0,0.0,0.0,0.0,1.0,1.0,0.313705212,0.2702073024,0.05660909414,0.04722160101,0.4526814438,0.5879401059,0.573289809,0.6385546427
3608,1.0,0.0,0.0,0.0,1.0,1.0,0.259052481,0.1931125367,0.04481893778,0.03296363354,0.466555228,0.599999734,0.5661017553,0.6140355636
3609,1.0,0.0,0.0,0.0,1.0,1.0,0.2398659488,0.1571561939,0.03841257095,0.0247733593,0.4608695911,0.5942034832,0.5441695993,0.5617980502
3610,1.0,0.0,0.0,0.0,1.0,1.0,0.2516201298,0.1779583451,0.04076081514,0.02821904421,0.4753521622,0.5384607511,0.5431654338,0.4747474321
3611,1.0,0.0,0.0,0.0,1.0,1.0,0.2704584317,0.1973536995,0.04188889265,0.03023767471,0.4928316079,0.4701990242,0.5652176281,0.3853212275
3612,1.0,0.0,0.0,0.0,1.0,1.0,0.2591147744,0.180902512,0.04165369272,0.02861917019,0.4744267407,0.5238104096,0.5412185705,0.4455441008
3613,1.0,0.0,0.0,0.0,1.0,1.0,0.2400030542,0.1694554743,0.04074972868,0.02852481604,0.4493996782,0.6214282684,0.5501730435,0.5612254919
3614,1.0,0.0,0.0,0.0,1.0,1.0,0.2713718242,0.2124663701,0.0471765399,0.03595769405,0.4619204686,0.5792687472,0.5578232754,0.6079997348
3615,1.0,0.0,0.0,0.0,1.0,1.0,0.2902396965,0.2473196651,0.05222731829,0.04308021069,0.4700574763,0.5649721705,0.5661019246,0.6232874817
3616,1.0,0.0,0.0,0.0,1.0,1.0,0.30414241,0.2540955202,0.05078113079,0.04073357582,0.4646053532,0.5614977593,0.5762711171,0.6266659448
3617,1.0,0.0,0.0,0.0,1.0,1.0,0.3063980415,0.2600588082,0.05121678114,0.04146122932,0.4793187339,0.5661377324,0.5850339933,0.633985716
3618,1.0,0.0,0.0,0.0,1.0,1.0,0.3078924077,0.2624796624,0.05687630177,0.04645395279,0.464516141,0.5654446641,0.5757576574,0.6346154833
3619,1.0,0.0,0.0,0.0,1.0,1.0,0.3133297659,0.2716604669,0.05614727736,0.04664546251,0.454983928,0.5692312592,0.570469589,0.6234562301
3620,1.0,0.0,0.0,0.0,1.0,1.0,0.3302225567,0.2905355159,0.05955249071,0.05034631491,0.4620909628,0.5652175654,0.5780730508,0.6171420589
3621,1.0,0.0,0.0,0.0,1.0,1.0,0.3196924529,0.2800450711,0.05697703362,0.04805636406,0.4571890093,0.5656563966,0.5738254288,0.6107792601
3622,1.0,0.0,0.0,0.0,1.0,1.0,0.3275008159,0.2779905305,0.05755162239,0.04762893915,0.4608555348,0.5665026161,0.5860928373,0.6369041436
3623,1.0,0.0,0.0,0.0,1.0,1.0,0.328539339,0.279108333,0.05826956034,0.04817330837,0.4646054339,0.5594061381,0.5819397728,0.622754617
3624,1.0,0.0,0.0,0.0,1.0,1.0,0.3304211408,0.280248982,0.0569254756,0.04678034782,0.4615384815,0.5594057281,0.5810812548,0.6204812676
3625,1.0,0.0,0.0,0.0,1.0,1.0,0.3287852945,0.2631867254,0.05621343851,0.04418772459,0.472995108,0.5671648438,0.5833332742,0.6392404636
3626,1.0,0.0,0.0,0.0,1.0,1.0,0.3314900937,0.27425782,0.0569742918,0.04643404484,0.4776118821,0.5800004185,0.5858584898,0.6257672964
3627,1.0,0.0,0.0,0.0,1.0,1.0,0.336445986,0.277437277,0.05782926083,0.04705715179,0.4620461669,0.5735291389,0.5752509537,0.6204818819
3628,1.0,0.0,0.0,0.0,1.0,1.0,0.3353390473,0.2791083411,0.05719232559,0.04681921005,0.46875003,0.5686274919,0.5819397684,0.6047911129
3629,1.0,0.0,0.0,0.0,1.0,1.0,0.3413528394,0.2822344557,0.05787801743,0.04730415344,0.4646962363,0.572116058,0.5714284698,0.6058828273
3630,1.0,0.0,0.0,0.0,1.0,1.0,0.3337005983,0.2716603615,0.05803865194,0.0467774272,0.4651162831,0.5721398297,0.5738255928,0.6111111819
3631,1.0,0.0,0.0,0.0,1.0,1.0,0.3386538532,0.2781783268,0.05623996258,0.0458150506,0.4677686182,0.5804885804,0.583333454,0.6167665605
3632,1.0,0.0,0.0,0.0,1.0,1.0,0.3421956001,0.2857938417,0.05744814873,0.04722905159,0.4650205191,0.5817299911,0.5785953624,0.614034822
3633,1.0,0.0,0.0,0.0,1.0,1.0,0.3424317395,0.2787220557,0.05912274122,0.04780733585,0.4672130624,0.5693774164,0.5808580789,0.6153846154
3634,1.0,0.0,0.0,0.0,1.0,1.0,0.3448071511,0.2833987718,0.05692744255,0.04647701979,0.4733333628,0.584541255,0.5838925857,0.6213015627
3635,1.0,0.0,0.0,0.0,1.0,1.0,0.3463410876,0.2807794639,0.05801105499,0.04640883207,0.4719473092,0.5809523418,0.5785951416,0.6190472521
3636,1.0,0.0,0.0,0.0,1.0,1.0,0.3433260865,0.28004487,0.05869579315,0.04712593555,0.4748141323,0.5817312379,0.5838926436,0.628742212
3637,1.0,0.0,0.0,0.0,1.0,1.0,0.3444079483,0.2807796179,0.05839002132,0.04693549871,0.4707337604,0.5693777804,0.5819396813,0.6309516704
3638,1.0,0.0,0.0,0.0,1.0,1.0,0.3562366936,0.2974927105,0.06341284513,0.05225688219,0.4636963394,0.5694446142,0.5719063863,0.6123596339
3639,1.0,0.0,0.0,0.0,1.0,1.0,0.3512887973,0.288429266,0.05961287022,0.04813808203,0.4735973525,0.5680746057,0.590604245,0.6220934768
3640,1.0,0.0,0.0,0.0,1.0,1.0,0.3507695305,0.2933515772,0.06041842699,0.04972237349,0.4693535214,0.5741629532,0.5870308968,0.6104653184
3641,1.0,0.0,0.0,0.0,1.0,1.0,0.3657315337,0.3052904331,0.05927944183,0.0488987565,0.4907250983,0.5714287151,0.5972697516,0.6089384862
3642,1.0,0.0,0.0,0.0,1.0,1.0,0.3586431865,0.2909332526,0.06028282642,0.04856908321,0.4999999557,0.5687210914,0.6130137231,0.6176468423
3643,1.0,0.0,0.0,0.0,1.0,1.0,0.3645021415,0.2923538958,0.06116145849,0.04847824574,0.5008402381,0.5714288499,0.6122451254,0.6220931233
3644,1.0,0.0,0.0,0.0,1.0,1.0,0.3634331943,0.2886902251,0.06130760908,0.04853522778,0.5033670459,0.5787038522,0.6148647355,0.6198829404
3645,1.0,0.0,0.0,0.0,1.0,1.0,0.3609796414,0.2889545747,0.05977153778,0.04748213291,0.497046432,0.5794395692,0.6088435658,0.6235297219
3646,1.0,0.0,0.0,0.0,1.0,1.0,0.3655876237,0.2923536778,0.06301319599,0.05017715693,0.5004233604,0.5787032745,0.6122447562,0.6220925053
3647,1.0,0.0,0.0,0.0,1.0,1.0,0.3637424853,0.2804557505,0.06125307083,0.0472278595,0.4931972783,0.5700934943,0.6156461598,0.618182323
3648,1.0,0.0,0.0,0.0,1.0,1.0,0.3704824587,0.2850639867,0.05890220404,0.04547798634,0.4965517106,0.5627904859,0.618556728,0.6204819435
3649,1.0,0.0,0.0,0.0,1.0,1.0,0.3726439669,0.2943561758,0.06221359968,0.04931217432,0.4793814217,0.571428982,0.6027395457,0.6046516407
3650,1.0,0.0,0.0,0.0,1.0,1.0,0.3668618648,0.2929397563,0.05979412794,0.04750001431,0.4562607173,0.5654205281,0.5689655553,0.594117588
3651,1.0,0.0,0.0,0.0,1.0,1.0,0.3621910812,0.2894935346,0.06122565269,0.04851841927,0.4581197301,0.5754714777,0.5689654498,0.6071432081
3652,1.0,0.0,0.0,0.0,1.0,1.0,0.3670365424,0.2850642637,0.05796712637,0.04517626762,0.4655173553,0.572769702,0.5738832132,0.6024102426
3653,1.0,0.0,0.0,0.0,1.0,1.0,0.3638993256,0.2892221364,0.06055057049,0.04804247618,0.4581196696,0.5680746552,0.5719179102,0.6035502885
3654,1.0,0.0,0.0,0.0,1.0,1.0,0.3718060303,0.2923538729,0.06245237589,0.04927438498,0.4641638701,0.5779817652,0.578231088,0.6046508533
3655,1.0,0.0,0.0,0.0,1.0,1.0,0.3746847893,0.2879747085,0.06507652998,0.05005884171,0.4605597126,0.574660447,0.576271047,0.6058822549
3656,1.0,0.0,0.0,0.0,1.0,1.0,0.3669694847,0.2802491669,0.06115984917,0.04678589106,0.458544839,0.5760370415,0.5743244739,0.6084335431
3657,1.0,0.0,0.0,0.0,1.0,1.0,0.3677272204,0.2860354901,0.06070458889,0.04733842611,0.4565401534,0.5779819216,0.5723904354,0.5999997482
3658,1.0,0.0,0.0,0.0,1.0,1.0,0.3666590838,0.2826704531,0.0623497963,0.04827082157,0.4556213785,0.5760370382,0.5723904772,0.6011903439
3659,1.0,0.0,0.0,0.0,1.0,1.0,0.3634333639,0.2785605577,0.06162077188,0.04751133919,0.4562446988,0.5700935845,0.5709459117,0.6060609102
3660,1.0,0.0,0.0,0.0,1.0,1.0,0.3640463942,0.2877180927,0.06046360731,0.0478670001,0.4620573046,0.569444732,0.5723905278,0.5906434642
3661,1.0,0.0,0.0,0.0,1.0,1.0,0.3622024653,0.2886901055,0.05929511786,0.04738068581,0.4496190584,0.5747667638,0.5641891291,0.5964919564
3662,1.0,0.0,0.0,0.0,1.0,1.0,0.3722408568,0.2927656674,0.06212735176,0.04936146736,0.4574829609,0.5707764572,0.5723906974,0.5919545782
3663,1.0,0.0,0.0,0.0,1.0,1.0,0.3669368687,0.2865066599,0.06269490719,0.04923981428,0.4568314235,0.5753427783,0.5766666736,0.5988376808
3664,1.0,0.0,0.0,0.0,1.0,1.0,0.3634336765,0.2793050408,0.06065684557,0.046615839,0.4579124044,0.5787031532,0.5757576407,0.6024097156
3665,1.0,0.0,0.0,0.0,1.0,1.0,0.364345035,0.2765121428,0.05994838476,0.04564875364,0.4464881916,0.5688066918,0.5600001011,0.5963852354
3666,1.0,0.0,0.0,0.0,1.0,1.0,0.3651006432,0.2796451901,0.06282448769,0.04848098755,0.4395329987,0.5662103186,0.5529801279,0.5976325832
3667,1.0,0.0,0.0,0.0,1.0,1.0,0.3581332553,0.2722733874,0.06283265352,0.04792821407,0.418333318,0.5767442611,0.5348836501,0.5914635208
3668,1.0,0.0,0.0,0.0,1.0,1.0,0.3584322072,0.2730263406,0.06175076962,0.04739010334,0.4178482291,0.5720932118,0.539734856,0.5939396836
3669,1.0,0.0,0.0,0.0,1.0,1.0,0.362371071,0.285554796,0.06166434288,0.04887676239,0.4202171797,0.5760364833,0.5382059639,0.587209274
3670,1.0,0.0,0.0,0.0,1.0,1.0,0.3565212757,0.2690804287,0.05791425705,0.0441904664,0.4319526378,0.5781987156,0.5451503366,0.5962735014
3671,1.0,0.0,0.0,0.0,1.0,1.0,0.3572471278,0.2778107692,0.05862784386,0.0457855463,0.4297871861,0.5714285714,0.54576268,0.5853656949
3672,1.0,0.0,0.0,0.0,1.0,1.0,0.3649842914,0.2879748215,0.05946052074,0.04723495245,0.435153568,0.570093486,0.5423729122,0.5882347745
3673,1.0,0.0,0.0,0.0,1.0,1.0,0.3615727478,0.2734959756,0.05803179741,0.04434508085,0.4351535291,0.5660376002,0.5439191114,0.5925923437
3674,1.0,0.0,0.0,0.0,1.0,1.0,0.3649839861,0.2845866969,0.05950182676,0.04671168327,0.4317406549,0.5700934111,0.5423728752,0.5833337587
3675,1.0,0.0,0.0,0.0,1.0,1.0,0.360649909,0.2757659936,0.05858492851,0.04559677839,0.4604255146,0.5849055644,0.5719062135,0.6060599723
3676,1.0,0.0,0.0,0.0,1.0,1.0,0.3625095271,0.2757657418,0.05896008015,0.04545986652,0.4644067648,0.5794390539,0.5785953516,0.618181699
3677,1.0,0.0,0.0,0.0,1.0,1.0,0.3613043368,0.2778055113,0.06109046936,0.0477976799,0.4610878298,0.5740744716,0.5789471679,0.6153842317
3678,1.0,0.0,0.0,0.0,1.0,1.0,0.3614649395,0.2803712953,0.05965590477,0.04673498869,0.4650000357,0.5806456447,0.5841586247,0.6235296518
3679,1.0,0.0,0.0,0.0,1.0,1.0,0.3611638609,0.2810931075,0.06027090549,0.04749459028,0.4654454977,0.5898615278,0.5822367029,0.6081872226
3680,1.0,0.0,0.0,0.0,1.0,1.0,0.3694307991,0.2913681284,0.06244218349,0.04989796877,0.4603960885,0.5803565463,0.5798046476,0.6145250129
3681,1.0,0.0,0.0,0.0,1.0,1.0,0.3650855369,0.2850869294,0.06003671885,0.04726874828,0.4611571347,0.5791854844,0.5836064537,0.6091952719
3682,1.0,0.0,0.0,0.0,1.0,1.0,0.365387346,0.2909558759,0.05985635519,0.04793924093,0.4623655014,0.5791851013,0.5855260588,0.6101690068
3683,1.0,0.0,0.0,0.0,1.0,1.0,0.3632828919,0.2883635441,0.06063532829,0.04872971773,0.4655601682,0.5799082269,0.5836064834,0.6079549972
3684,1.0,0.0,0.0,0.0,1.0,1.0,0.3584775019,0.2883636099,0.05932700634,0.04811775684,0.45950407,0.5806456474,0.5770490597,0.6022728117
3685,1.0,0.0,0.0,0.0,1.0,1.0,0.3650851692,0.2902669717,0.06105822325,0.04862558842,0.4561983118,0.5746607483,0.5775579848,0.6079551166
3686,1.0,0.0,0.0,0.0,1.0,1.0,0.3593685029,0.2968639506,0.0594855547,0.04934287071,0.4581607049,0.5714277126,0.5709570093,0.594445035
3687,1.0,0.0,0.0,0.0,1.0,1.0,0.3634336475,0.2968637493,0.061211586,0.05008214712,0.4528925022,0.5818181818,0.5709567529,0.6055562762
3688,1.0,0.0,0.0,0.0,1.0,1.0,0.3705326643,0.2988362639,0.06139618158,0.04955744743,0.4580216467,0.5695063477,0.5747511183,0.6055559297
3689,1.0,0.0,0.0,0.0,1.0,1.0,0.3566473293,0.2928827275,0.05925476551,0.04878181219,0.457261461,0.572093187,0.5761589996,0.6045199121
3690,1.0,0.0,0.0,0.0,1.0,1.0,0.356708534,0.2952146989,0.06069666147,0.0500677824,0.4539473488,0.5622117191,0.574257217,0.6145252727
3691,1.0,0.0,0.0,0.0,1.0,1.0,0.3576433236,0.2955865359,0.06061601639,0.05009818077,0.4542483042,0.5616440242,0.5751633711,0.6077348461
3692,1.0,0.0,0.0,0.0,1.0,1.0,0.359441228,0.2887999644,0.0591185689,0.04761588573,0.4499593753,0.5656105541,0.5746752789,0.6067418403
3693,1.0,0.0,0.0,0.0,1.0,1.0,0.318686674,0.232428323,0.05109006166,0.03744822741,0.4624374345,0.5863881309,0.57142873,0.628571474
3694,1.0,0.0,0.0,0.0,1.0,1.0,0.3144716549,0.1435372288,0.04883557558,0.02273386717,0.4773959525,0.5402300674,0.5602837093,0.5185193925
3695,1.0,0.0,0.0,0.0,1.0,1.0,0.317427182,0.1329043918,0.04792714119,0.02054017782,0.4519055287,0.5599999503,0.5354611488,0.5866653898
3696,1.0,0.0,0.0,0.0,1.0,1.0,0.3118945595,0.1974840557,0.05101817846,0.03241485357,0.4706897064,0.5966845923,0.5738832601,0.6434774774
3697,1.0,0.0,0.0,0.0,1.0,1.0,0.3270293928,0.2465291951,0.05311006308,0.04010355473,0.4641068836,0.566326502,0.5800001759,0.6283779164
3698,1.0,0.0,0.0,0.0,1.0,1.0,0.337001749,0.2671774735,0.05564558506,0.0441891551,0.4611570251,0.5637247236,0.580858043,0.6234570815
3699,1.0,0.0,0.0,0.0,1.0,1.0,0.3375380368,0.2763356237,0.05550295115,0.04521459341,0.4629325195,0.5560978753,0.5794700563,0.6047905612
3700,1.0,0.0,0.0,0.0,1.0,1.0,0.3457708308,0.2761615577,0.05675780773,0.04540622234,0.4563426372,0.5714285714,0.5756579496,0.619047244
3701,1.0,0.0,0.0,0.0,1.0,1.0,0.3408312576,0.2728740862,0.05675292015,0.04551202059,0.4629323957,0.5555560223,0.5855261465,0.6084341215
3702,1.0,0.0,0.0,0.0,1.0,1.0,0.339744403,0.2755936061,0.05590420961,0.04504901171,0.4603959441,0.5582530224,0.5780731927,0.60843454
3703,1.0,0.0,0.0,0.0,1.0,1.0,0.3408695545,0.2730263576,0.05592650175,0.04479545355,0.4569535895,0.558252184,0.5794701012,0.6121219944
3704,1.0,0.0,0.0,0.0,1.0,1.0,0.3386812692,0.2680624708,0.05645287037,0.04483026266,0.4518271861,0.5637256869,0.5728479323,0.6296290387
3705,1.0,0.0,0.0,0.0,1.0,1.0,0.3419146052,0.2745180046,0.05696326494,0.04573494196,0.4588816816,0.5673072194,0.582236622,0.6227549671
3706,1.0,0.0,0.0,0.0,1.0,1.0,0.3386537581,0.2730264034,0.05617487431,0.04521393776,0.4545453402,0.5658533325,0.5761591216,0.618181195
3707,1.0,0.0,0.0,0.0,1.0,1.0,0.3408310569,0.2737748311,0.05664986372,0.04542940855,0.4612850909,0.5652175285,0.5808579353,0.6265063719
3708,1.0,0.0,0.0,0.0,1.0,1.0,0.3403055983,0.2730266389,0.05668210983,0.04540079832,0.4628098952,0.563107276,0.5860925776,0.624242647
3709,1.0,0.0,0.0,0.0,1.0,1.0,0.33425031,0.2697167038,0.05534875393,0.0446625948,0.4503310925,0.5643561584,0.572847706,0.6257670349
3710,1.0,0.0,0.0,0.0,1.0,1.0,0.3358781299,0.2721253938,0.05546426773,0.04464197159,0.4573771171,0.5658534436,0.5775575975,0.6181826193
3711,1.0,0.0,0.0,0.0,1.0,1.0,0.3385466854,0.2783462166,0.05660408735,0.04631245136,0.4554294759,0.5741629364,0.5765472336,0.6257307006
3712,1.0,0.0,0.0,0.0,1.0,1.0,0.3396160862,0.2750906016,0.05721533298,0.0460447073,0.4563106676,0.5666674306,0.5863192902,0.6272190881
3713,1.0,0.0,0.0,0.0,1.0,1.0,0.3475610759,0.2834482451,0.05728936195,0.04653078318,0.4563266009,0.5774650525,0.5770491946,0.618496984
3714,1.0,0.0,0.0,0.0,1.0,1.0,0.3369641231,0.2761615517,0.05654233694,0.04611217976,0.4500819168,0.5631067347,0.5756576575,0.630952104
3715,1.0,0.0,0.0,0.0,1.0,1.0,0.3353283143,0.2761616541,0.05512040854,0.04517185688,0.4566285411,0.5707307895,0.5756578744,0.6250009896
3716,1.0,0.0,0.0,0.0,1.0,1.0,0.3434566447,0.2900021027,0.05762279034,0.04833757877,0.4592834235,0.5687199379,0.5868851263,0.6214693515
3717,1.0,0.0,0.0,0.0,1.0,1.0,0.33696419,0.285554782,0.05572170019,0.04652488232,0.4566283702,0.5728150355,0.5847174974,0.6220934255
3718,1.0,0.0,0.0,0.0,1.0,1.0,0.3418284383,0.2846094138,0.05640929937,0.04620194435,0.4495113801,0.5809522703,0.5695364311,0.6220927832
3719,1.0,0.0,0.0,0.0,1.0,1.0,0.3479176211,0.2879185569,0.05768287182,0.0473434329,0.4630542133,0.5707542588,0.5761590004,0.6206893947
3720,1.0,0.0,0.0,0.0,1.0,1.0,0.3436099496,0.2798436963,0.05611556768,0.04532408714,0.4694214817,0.5769233629,0.5966667329,0.630951379
3721,1.0,0.0,0.0,0.0,1.0,1.0,0.3497218634,0.2948353712,0.05680763721,0.04765379429,0.4776118787,0.573460193,0.5933334218,0.6158189264
3722,1.0,0.0,0.0,0.0,1.0,1.0,0.3546944684,0.2958214907,0.05884903669,0.0486741662,0.4859038458,0.5700930698,0.6020066611,0.6045196218
3723,1.0,0.0,0.0,0.0,1.0,1.0,0.3519631881,0.289136155,0.05625474453,0.04590594769,0.4850498769,0.5754716581,0.6020069024,0.6184965995
3724,1.0,0.0,0.0,0.0,1.0,1.0,0.350302601,0.2915038086,0.0560259223,0.04646700621,0.4833886435,0.5781996874,0.6000000748,0.6114275892
3725,1.0,0.0,0.0,0.0,1.0,1.0,0.3502174612,0.2938556858,0.05629825592,0.04700374603,0.4859505133,0.5660382752,0.6046509115,0.6045204618
3726,1.0,0.0,0.0,0.0,1.0,1.0,0.3531361188,0.2974926158,0.05790859461,0.04862135649,0.4849999977,0.5707548286,0.6020066951,0.612358731
3727,1.0,0.0,0.0,0.0,1.0,1.0,0.3508855069,0.2941503784,0.05821150541,0.04855561256,0.4858570032,0.5687196852,0.6086955894,0.6079547965
3728,1.0,0.0,0.0,0.0,1.0,1.0,0.3518692686,0.3025065617,0.05839210749,0.04961961508,0.4611570028,0.5774643574,0.5819399209,0.6132599141
3729,1.0,0.0,0.0,0.0,1.0,1.0,0.3518695594,0.2938562434,0.05838727951,0.04851907492,0.4545455362,0.5774651482,0.5747509217,0.6101693458
3730,1.0,0.0,0.0,0.0,1.0,1.0,0.3491430221,0.2915039128,0.05745631456,0.04765331745,0.4519867088,0.5734591896,0.5666666302,0.6057148932
3731,1.0,0.0,0.0,0.0,1.0,1.0,0.3507103217,0.2965012785,0.05836701393,0.04877620935,0.4530477494,0.5727699962,0.5666665821,0.6011237534
3732,1.0,0.0,0.0,0.0,1.0,1.0,0.3474172795,0.293855966,0.0585052371,0.04907786846,0.4497528352,0.5781988783,0.5647841788,0.5988705231
3733,1.0,0.0,0.0,0.0,1.0,1.0,0.3557616235,0.2998328853,0.05820888281,0.04873305559,0.4602649589,0.576743605,0.5733333725,0.6055552498
3734,1.0,0.0,0.0,0.0,1.0,1.0,0.3515952954,0.3001625988,0.05805921555,0.04892027378,0.4543974634,0.5787036277,0.574257462,0.5989002688
3735,1.0,0.0,0.0,0.0,1.0,1.0,0.3575241258,0.3008186531,0.05882996321,0.04893577099,0.452032552,0.5772728148,0.5723683415,0.6120223238
3736,1.0,0.0,0.0,0.0,1.0,1.0,0.3516857713,0.2909558997,0.05801343918,0.04775989056,0.4500817739,0.5813949188,0.5756578732,0.610170253
3737,1.0,0.0,0.0,0.0,1.0,1.0,0.3517773504,0.2895733232,0.05818605423,0.0475820303,0.4440789957,0.5794386396,0.5662251151,0.6057141855
3738,1.0,0.0,0.0,0.0,1.0,1.0,0.3533217242,0.296863844,0.05757504702,0.04797917604,0.4517185154,0.5787034305,0.5775575172,0.6166664803
3739,1.0,0.0,0.0,0.0,1.0,1.0,0.3506238191,0.2912284448,0.05831629038,0.04796111584,0.4491803138,0.5794395867,0.5695363495,0.6136364201
3740,1.0,0.0,0.0,0.0,1.0,1.0,0.3539006618,0.2945374461,0.05800116062,0.04779726267,0.4491803642,0.5787032755,0.5662249673,0.6011235745
3741,1.0,0.0,0.0,0.0,1.0,1.0,0.3494779611,0.2928828254,0.05728662014,0.0473819375,0.4460784679,0.5700939539,0.5695364458,0.6101691077
3742,1.0,0.0,0.0,0.0,1.0,1.0,0.3527442994,0.2935653315,0.058840096,0.04848855734,0.4526144554,0.5694452745,0.5709570231,0.601123782
3743,1.0,0.0,0.0,0.0,1.0,1.0,0.3453224039,0.2812998799,0.0554843545,0.04534775019,0.4850497846,0.5721156377,0.6092713983,0.6117645822
3744,1.0,0.0,0.0,0.0,1.0,1.0,0.3513792879,0.2862640611,0.05643975735,0.04605698586,0.492537427,0.5754713793,0.6125828183,0.6184962496
3745,1.0,0.0,0.0,0.0,1.0,1.0,0.3518694117,0.2862641803,0.05666637421,0.04602485895,0.4892561289,0.5821601676,0.6092715207,0.618496728
3746,1.0,0.0,0.0,0.0,1.0,1.0,0.3513795659,0.2881723902,0.05645537376,0.04606968164,0.484245377,0.5801888585,0.6133334178,0.6242772547
3747,1.0,0.0,0.0,0.0,1.0,1.0,0.3492227205,0.2857933579,0.05612552166,0.0457021594,0.4925124042,0.5666663127,0.6187289873,0.6140357741
3748,1.0,0.0,0.0,0.0,1.0,1.0,0.3555389902,0.2961923517,0.05807930231,0.04790878296,0.4836064617,0.5668205035,0.6026489334,0.6089383112
3749,1.0,0.0,0.0,0.0,1.0,1.0,0.356708664,0.2985129742,0.05817115307,0.04852062464,0.4835525946,0.5714288642,0.6105610331,0.6077347455
3750,1.0,0.0,0.0,0.0,1.0,1.0,0.3602639495,0.2945375461,0.05836677551,0.04787689447,0.4867109182,0.5576043267,0.6125826236,0.6123604248
3751,1.0,0.0,0.0,0.0,1.0,1.0,0.3610459683,0.3001625953,0.05894935131,0.04876726866,0.4827586081,0.5545456752,0.6039601055,0.5989007295
3752,1.0,0.0,0.0,0.0,1.0,1.0,0.3665717139,0.305110041,0.06017893553,0.04992419481,0.4769737424,0.5650230034,0.5973594667,0.5891899249
3753,1.0,0.0,0.0,0.0,1.0,1.0,0.3562368083,0.2998327661,0.05742484331,0.0478540659,0.480197958,0.5694441417,0.5966666741,0.5944438493
3754,1.0,0.0,0.0,0.0,1.0,1.0,0.3613237717,0.3014982452,0.0595177412,0.04941612482,0.4776118498,0.5642206337,0.5966666145,0.5911599211
3755,1.0,0.0,0.0,0.0,1.0,1.0,0.3655290957,0.3044657464,0.06032180786,0.04999643564,0.4810543086,0.5630632233,0.599337639,0.5923919976
3756,1.0,0.0,0.0,0.0,1.0,1.0,0.3602640437,0.3014981507,0.05877536535,0.04902458191,0.4833887626,0.5622120563,0.6033335411,0.5911603218
3757,1.0,0.0,0.0,0.0,1.0,1.0,0.3632841209,0.3028111083,0.05983000994,0.04954248667,0.4868420565,0.5701353184,0.6059602987,0.6010936194
3758,1.0,0.0,0.0,0.0,1.0,1.0,0.3617814021,0.3021566988,0.05871766806,0.0487973094,0.4528924785,0.5662097676,0.5813955892,0.6043951078
3759,1.0,0.0,0.0,0.0,1.0,1.0,0.3571776916,0.3091921375,0.05946809053,0.05046606064,0.4327869301,0.5779811548,0.5585284195,0.6054058204
3760,1.0,0.0,0.0,0.0,1.0,1.0,0.3583526303,0.3038169095,0.0586695075,0.04925006628,0.4374998749,0.5688070132,0.5614618881,0.6010923671
3761,1.0,0.0,0.0,0.0,1.0,1.0,0.3548018255,0.2941503045,0.05652666092,0.04670751095,0.4499999299,0.5727698342,0.568562011,0.6136364216
3762,1.0,0.0,0.0,0.0,1.0,1.0,0.3590711794,0.3028108696,0.05834627151,0.04920440912,0.4387416472,0.5760372995,0.5629137907,0.6010928962
3763,1.0,0.0,0.0,0.0,1.0,1.0,0.362981476,0.3071373362,0.05915987492,0.04997521639,0.441127573,0.5799082756,0.5681061736,0.6054052442
3764,1.0,0.0,0.0,0.0,1.0,1.0,0.35659308,0.292599823,0.05813074112,0.04746454954,0.4418984401,0.5779813221,0.5723683219,0.601124167
3765,1.0,0.0,0.0,0.0,1.0,1.0,0.3556499177,0.2978468393,0.05734050274,0.04778373241,0.4349259773,0.5740737661,0.5629140229,0.6000002495
3766,1.0,0.0,0.0,0.0,1.0,1.0,0.3605893203,0.3034607183,0.05881595612,0.04941612482,0.4349258234,0.5753429378,0.5676565519,0.5978264672
3767,1.0,0.0,0.0,0.0,1.0,1.0,0.3574161012,0.2988363094,0.05874574184,0.04895478487,0.4370860501,0.5787041265,0.5714287274,0.6
3768,1.0,0.0,0.0,0.0,1.0,1.0,0.3611842096,0.3001622524,0.05908405781,0.04910182953,0.4405941726,0.5799089245,0.570956925,0.6098906035
3769,1.0,0.0,0.0,0.0,1.0,1.0,0.3569436268,0.2961922972,0.05815583467,0.04841810465,0.4451828133,0.5720928612,0.5761587955,0.608937846
3770,1.0,0.0,0.0,0.0,1.0,1.0,0.3574162747,0.2942437307,0.0581561327,0.0481942296,0.4403973164,0.57407415,0.5690791257,0.6145257339
3771,1.0,0.0,0.0,0.0,1.0,1.0,0.3464070968,0.2905353431,0.05710691214,0.04781675339,0.4344942425,0.5885167964,0.5647840447,0.6114291128
3772,1.0,0.0,0.0,0.0,1.0,1.0,0.3503887908,0.2955162333,0.0560580492,0.04751586914,0.4340568197,0.5857141642,0.56478393,0.6067419818
3773,1.0,0.0,0.0,0.0,1.0,1.0,0.3497217305,0.2961921429,0.05653047562,0.04795712233,0.422885618,0.5876770305,0.5562914054,0.6033517817
3774,1.0,0.0,0.0,0.0,1.0,1.0,0.3541071847,0.2978469362,0.05782186985,0.04863518476,0.4238411206,0.5841117834,0.5562912433,0.5944448462
3775,1.0,0.0,0.0,0.0,1.0,1.0,0.3569435881,0.3011562167,0.05883663893,0.04980587959,0.4219268731,0.5906981456,0.5496687334,0.5989009148
3776,1.0,0.0,0.0,0.0,1.0,1.0,0.3502176532,0.2928829152,0.05656510592,0.04722654819,0.4280992461,0.580188724,0.5562916062,0.6045195815
3777,1.0,0.0,0.0,0.0,1.0,1.0,0.3541070075,0.2968640377,0.05739027262,0.04827219248,0.4304636054,0.5841123582,0.5610558141,0.6055554389
3778,1.0,0.0,0.0,0.0,1.0,1.0,0.3502177375,0.2945378087,0.05710047483,0.04794287682,0.4297520586,0.5849056407,0.5529803192,0.6011228971
3779,1.0,0.0,0.0,0.0,1.0,1.0,0.3568255026,0.3077753432,0.05954188108,0.05127221346,0.4231404328,0.5879631252,0.5463578102,0.5913973995
3780,1.0,0.0,0.0,0.0,1.0,1.0,0.3578858682,0.3034610089,0.05820798874,0.04935610294,0.4290428438,0.5852536639,0.5511550683,0.5978252731
3781,1.0,0.0,0.0,0.0,1.0,1.0,0.3524524047,0.2952147607,0.05734270811,0.04818940163,0.4271523255,0.5821593658,0.5577558852,0.5977656948
3782,1.0,0.0,0.0,0.0,1.0,1.0,0.3518695336,0.2952148949,0.05804395676,0.04877877235,0.4314050865,0.5868541901,0.5544555563,0.5977648307
3783,1.0,0.0,0.0,0.0,1.0,1.0,0.3560100413,0.308024669,0.05814230442,0.05014109612,0.4232025725,0.5871562925,0.554098602,0.5904249502
3784,1.0,0.0,0.0,0.0,1.0,1.0,0.3556500249,0.29655583,0.05878138542,0.04925662279,0.4266885738,0.5833329953,0.5540984748,0.5966850962
3785,1.0,0.0,0.0,0.0,1.0,1.0,0.3587739627,0.3084082881,0.05782943964,0.04983454943,0.4590571458,0.5944701031,0.5808582027,0.6256684428
3786,1.0,0.0,0.0,0.0,1.0,1.0,0.3565847707,0.3031638665,0.05968767405,0.0510007143,0.4539363162,0.582160051,0.5799997945,0.6098895576
3787,1.0,0.0,0.0,0.0,1.0,1.0,0.354910476,0.2945375017,0.05608171225,0.04708749056,0.4639865232,0.5896226465,0.5860927066,0.6179770303
3788,1.0,0.0,0.0,0.0,1.0,1.0,0.3558744938,0.301156515,0.05995130539,0.05098664761,0.4592346998,0.5887846286,0.5894040691,0.6208794806
3789,1.0,0.0,0.0,0.0,1.0,1.0,0.3569437731,0.3011562625,0.05907642841,0.05000883341,0.4584717641,0.5906977636,0.5860926166,0.6153843403
3790,1.0,0.0,0.0,0.0,1.0,1.0,0.3592001961,0.3028110765,0.0597282052,0.05060309172,0.457570686,0.5925925556,0.5860926739,0.606557995
3791,1.0,0.0,0.0,0.0,1.0,1.0,0.3569435288,0.3004964827,0.05838644505,0.04915320873,0.4601329426,0.5906976792,0.5880399591,0.6132596216
3792,1.0,0.0,0.0,0.0,1.0,1.0,0.3548015724,0.2948354582,0.05657309294,0.04701149464,0.4600000654,0.5868550339,0.5900002467,0.6158190085
3793,1.0,0.0,0.0,0.0,1.0,1.0,0.3592004141,0.302156965,0.06029236317,0.05080193281,0.4608986065,0.587963082,0.5880396445,0.6098895361
3794,1.0,0.0,0.0,0.0,1.0,1.0,0.3559888761,0.2974928256,0.05735391378,0.04792952538,0.4581940901,0.5774646424,0.5819397907,0.617978073
3795,1.0,0.0,0.0,0.0,1.0,1.0,0.3574163424,0.3021569545,0.0578301549,0.04872727394,0.4586092602,0.5740737496,0.5813952973,0.5989005612
3796,1.0,0.0,0.0,0.0,1.0,1.0,0.3567032916,0.2931695333,0.05753445625,0.04776442051,0.4966329537,0.5707544433,0.6233334492,0.6022719048
3797,1.0,0.0,0.0,0.0,1.0,1.0,0.3498885022,0.2895733221,0.05537903309,0.04636996984,0.5041875444,0.5741626897,0.6324502991,0.6114281087
3798,1.0,0.0,0.0,0.0,1.0,1.0,0.3514705843,0.2879185358,0.05664795637,0.04671436548,0.5066666137,0.5687203742,0.635761857,0.6091954316
3799,1.0,0.0,0.0,0.0,1.0,1.0,0.3512890803,0.2883636002,0.05942034721,0.04909849167,0.5066006685,0.5774645203,0.6393442106,0.6136359222
3800,1.0,0.0,0.0,0.0,1.0,1.0,0.3433454339,0.2656326467,0.05407893658,0.04283487797,0.5629251461,0.5742570765,0.6843856129,0.6187490433
3801,1.0,0.0,0.0,0.0,1.0,1.0,0.3360044946,0.2582451042,0.0517950058,0.0406960845,0.5986276795,0.5714289002,0.7080539451,0.6363635032
3802,1.0,0.0,0.0,0.0,1.0,1.0,0.3337236549,0.2532600955,0.05173045397,0.03993701935,0.6055363428,0.5595862624,0.7142856063,0.6375844736
3803,1.0,0.0,0.0,0.0,1.0,1.0,0.3302651464,0.2473019291,0.05203229189,0.03950095177,0.6089965555,0.5549734981,0.706484662,0.6275855721
3804,1.0,0.0,0.0,0.0,1.0,1.0,0.3360193439,0.2584175757,0.0537404418,0.04161441326,0.6103447961,0.5589747287,0.7123289243,0.6423842767
3805,1.0,0.0,0.0,0.0,1.0,1.0,0.3239091467,0.2524543765,0.05157548189,0.0402675271,0.6083188762,0.5614976661,0.7093424752,0.6438363059
3806,1.0,0.0,0.0,0.0,1.0,1.0,0.3274329466,0.2584175171,0.05092155933,0.04025739431,0.6260720441,0.5706806099,0.7328765734,0.6423845178
3807,1.0,0.0,0.0,0.0,1.0,1.0,0.3290845618,0.2498604062,0.05086785555,0.03848731518,0.6080139798,0.5661367602,0.7097902977,0.6363630732
3808,1.0,0.0,0.0,0.0,1.0,1.0,0.3262066804,0.243850105,0.05045503378,0.03810966015,0.6215278798,0.5691492566,0.7182131475,0.6478868393
3809,1.0,0.0,0.0,0.0,1.0,1.0,0.3232458942,0.2273037653,0.04984784126,0.03529769182,0.6276223981,0.5729731152,0.7291666907,0.6488550263
3810,1.0,0.0,0.0,0.0,1.0,1.0,0.3203113192,0.2209292113,0.05008393526,0.03448402882,0.6322242102,0.5846996617,0.726315484,0.6666660905
3811,1.0,0.0,0.0,0.0,1.0,1.0,0.3196093257,0.2179635245,0.04944503307,0.03360080719,0.6219080047,0.5745862214,0.7163123502,0.666667258
3812,1.0,0.0,0.0,0.0,1.0,1.0,0.3130782331,0.2261894444,0.04872059822,0.03453272581,0.6144578198,0.5714292705,0.7087716668,0.6666666667
3813,1.0,0.0,0.0,0.0,1.0,1.0,0.3147983864,0.2384631133,0.04997897148,0.03714281321,0.6230637831,0.5573769123,0.7157896147,0.6470593899
3814,1.0,0.0,0.0,0.0,1.0,1.0,0.3132832427,0.2359794107,0.04929608107,0.03643625975,0.6115843635,0.5597816821,0.7083331403,0.6470597858
3815,1.0,0.0,0.0,0.0,1.0,1.0,0.3161502192,0.2437664319,0.05036818981,0.03791153431,0.6258504222,0.5591393523,0.7177697891,0.6357141734
3816,1.0,0.0,0.0,0.0,1.0,1.0,0.313384488,0.2368014944,0.05108463764,0.03755408525,0.6186440182,0.5675671892,0.7108013741,0.6470598505
3817,1.0,0.0,0.0,0.0,1.0,1.0,0.3248184919,0.2672118277,0.05343085527,0.04219669104,0.6033334061,0.5538457934,0.7083333019,0.6363633795
3818,1.0,0.0,0.0,0.0,1.0,1.0,0.3094717992,0.2383828416,0.04938215017,0.03642946482,0.602368921,0.5737705116,0.703179946,0.6592602894
3819,1.0,0.0,0.0,0.0,1.0,1.0,0.3174698197,0.2586584035,0.05063825846,0.03938531876,0.6050420725,0.5608467352,0.7007039773,0.6462583387
3820,1.0,0.0,0.0,0.0,1.0,1.0,0.3099964461,0.2489648677,0.05075627565,0.03855258226,0.6220339639,0.5737708576,0.7275984352,0.6546764481
3821,1.0,0.0,0.0,0.0,1.0,1.0,0.307908852,0.249860579,0.04946321249,0.03784072399,0.6195286539,0.5573768911,0.7178571077,0.6642860968
3822,1.0,0.0,0.0,0.0,1.0,1.0,0.3051985757,0.2543705761,0.05071282387,0.03928852081,0.6191275518,0.5494499424,0.7148013396,0.6595747263
3823,1.0,0.0,0.0,0.0,1.0,1.0,0.3058495278,0.2489582184,0.05100899935,0.0384657383,0.6304348137,0.5573768768,0.7220219629,0.6521737109
3824,1.0,0.0,0.0,0.0,1.0,1.0,0.2973545158,0.2399382719,0.04962986708,0.03667098284,0.6280992805,0.5666659861,0.7148014525,0.6766920715
3825,1.0,0.0,0.0,0.0,1.0,1.0,0.3028111652,0.2552922198,0.05024421215,0.03871273994,0.6357616251,0.5519124322,0.7173913727,0.6453890117
3826,1.0,0.0,0.0,0.0,1.0,1.0,0.2923988041,0.2408728243,0.04773962498,0.03614187241,0.6297521108,0.5649725697,0.7122301472,0.6716422587
3827,1.0,0.0,0.0,0.0,1.0,1.0,0.297846775,0.2462653039,0.05009394884,0.0381270647,0.6357615513,0.5611116598,0.7122304152,0.6715317056
3828,1.0,0.0,0.0,0.0,1.0,1.0,0.2930819013,0.2355825612,0.0480992794,0.03566908836,0.6177925046,0.544943319,0.7000001968,0.6590901495
3829,1.0,0.0,0.0,0.0,1.0,1.0,0.3097780153,0.2750262196,0.05069959164,0.04082649946,0.553017971,0.5736846313,0.643885103,0.6339861743
3830,1.0,0.0,0.0,0.0,1.0,1.0,0.339492945,0.3040262275,0.05739653111,0.04666823149,0.4841269331,0.5654205705,0.5874126417,0.6034474171
3831,1.0,0.0,0.0,0.0,1.0,1.0,0.3389546559,0.3071201175,0.0593085885,0.04905432463,0.4595879385,0.574766867,0.56944446,0.6158190511
3832,1.0,0.0,0.0,0.0,1.0,1.0,0.3617322857,0.3320179715,0.06263262033,0.05291378498,0.4680187551,0.5689659603,0.5898307608,0.5816325841
3833,1.0,0.0,0.0,0.0,1.0,1.0,0.3569434651,0.3240510115,0.06148117781,0.05191743374,0.4666666321,0.5644436215,0.5836177208,0.5894745302
3834,1.0,0.0,0.0,0.0,1.0,1.0,0.3470061876,0.3059515419,0.05742645264,0.04763484001,0.4607999713,0.5622114554,0.5850340318,0.5833329162
3835,1.0,0.0,0.0,0.0,1.0,1.0,0.3529331404,0.3116904464,0.05851465464,0.04893952608,0.4735151758,0.5636362155,0.5830509311,0.58695676
3836,1.0,0.0,0.0,0.0,1.0,1.0,0.3498045899,0.2961309359,0.0571077466,0.04631781578,0.4758064443,0.5622126501,0.5858585897,0.5909090909
3837,1.0,0.0,0.0,0.0,1.0,1.0,0.3564785306,0.3066083767,0.05916285515,0.04889714718,0.4739412606,0.5570780626,0.5966099427,0.5911602008
3838,1.0,0.0,0.0,0.0,1.0,1.0,0.3547450798,0.3062262907,0.05904912949,0.04907280207,0.4651539714,0.5662100779,0.582491461,0.6043956978
3839,1.0,0.0,0.0,0.0,1.0,1.0,0.35764316,0.307908838,0.06110906601,0.05106377602,0.465686198,0.5707765987,0.5824918064,0.595628849
3840,1.0,0.0,0.0,0.0,1.0,1.0,0.3495583997,0.2923536349,0.05657398701,0.0456841588,0.4581280226,0.5727700668,0.5748299553,0.6104653514
3841,1.0,0.0,0.0,0.0,1.0,1.0,0.3549571915,0.2958213127,0.0586553812,0.04784333706,0.4648118783,0.5714285714,0.5886286812,0.6045188731
3842,1.0,0.0,0.0,0.0,1.0,1.0,0.3532231146,0.2995017072,0.05842661858,0.04873371124,0.4560259319,0.5806448651,0.5761587973,0.6022105732
3843,1.0,0.0,0.0,0.0,1.0,1.0,0.3592004371,0.295821532,0.05968278646,0.04890674353,0.4592345793,0.5648145282,0.5752508566,0.5988697398
3844,1.0,0.0,0.0,0.0,1.0,1.0,0.3637366926,0.3041776466,0.05983811617,0.04995656013,0.4590985668,0.568806983,0.5819395566,0.5989008891
3845,1.0,0.0,0.0,0.0,1.0,1.0,0.3712686569,0.3160488522,0.06097221375,0.05198973417,0.4660033309,0.5758927175,0.5927149294,0.5916229766
3846,1.0,0.0,0.0,0.0,1.0,1.0,0.3696112489,0.3121180504,0.06158816814,0.05192184448,0.4660032147,0.5829602488,0.601329156,0.6117019323
3847,1.0,0.0,0.0,0.0,1.0,1.0,0.3683890412,0.303460798,0.06006425619,0.04955977201,0.4710743092,0.582959797,0.60065986,0.6195652305
3848,1.0,0.0,0.0,0.0,1.0,1.0,0.3643450913,0.3031641971,0.05866503716,0.04897725582,0.4648830007,0.5733939827,0.5899999225,0.5934073423
3849,1.0,0.0,0.0,0.0,1.0,1.0,0.3617817611,0.300162467,0.05860859156,0.04870665073,0.4644628136,0.5707762418,0.5907591062,0.609890083
3850,1.0,0.0,0.0,0.0,1.0,1.0,0.3596666632,0.2961923266,0.05821782351,0.04802298546,0.4660032679,0.5668202057,0.5927151478,0.6033521495
3851,1.0,0.0,0.0,0.0,1.0,1.0,0.3586040123,0.2965011563,0.05770069361,0.04754960537,0.4551494014,0.5740736341,0.5766665948,0.6011231589
3852,1.0,0.0,0.0,0.0,1.0,1.0,0.351869575,0.2921955762,0.05768930912,0.04766815901,0.4578511498,0.572769371,0.5813951704,0.6079545952
3853,1.0,0.0,0.0,0.0,1.0,1.0,0.3518698546,0.2998327967,0.05791515112,0.0489423871,0.4479340133,0.5868543876,0.5733333625,0.6055556029
3854,1.0,0.0,0.0,0.0,1.0,1.0,0.3534210099,0.3028113848,0.05652093887,0.04810857773,0.4539473506,0.5860467127,0.5860928444,0.5956279549
3855,1.0,0.0,0.0,0.0,1.0,1.0,0.3530367264,0.2921956418,0.05745971203,0.04747843742,0.4577114196,0.5774646426,0.5813954341,0.6079547452
3856,1.0,0.0,0.0,0.0,1.0,1.0,0.2885348848,0.1950134102,0.04477155209,0.03020733595,0.4626087611,0.5662644347,0.5609757693,0.6428575657
3857,1.0,0.0,0.0,0.0,1.0,1.0,0.2914260042,0.1040309056,0.04258906841,0.01528835297,0.4990652887,0.5256407744,0.5427508796,0.5178560289
3858,1.0,0.0,0.0,0.0,1.0,1.0,0.2761379682,0.1458259111,0.04279613495,0.02264052629,0.4705881335,0.5935487465,0.555160044,0.6097566112
3859,1.0,0.0,0.0,0.0,1.0,1.0,0.3027072694,0.2268356055,0.04882073402,0.03627461195,0.465312975,0.5754191308,0.5802046484,0.6315793798
3860,1.0,0.0,0.0,0.0,1.0,1.0,0.330380122,0.267408996,0.0519875288,0.04179900885,0.4617939532,0.5728646673,0.5785951086,0.6062492246
3861,1.0,0.0,0.0,0.0,1.0,1.0,0.3424774443,0.2855548712,0.05714255571,0.04725253582,0.4629325386,0.5721153696,0.5847174045,0.6046513095
3862,1.0,0.0,0.0,0.0,1.0,1.0,0.3452019286,0.2938557713,0.05603277683,0.04722762108,0.4539473074,0.5857145289,0.5780730786,0.6101700263
3863,1.0,0.0,0.0,0.0,1.0,1.0,0.3517773459,0.2955159428,0.05673766136,0.04719299078,0.4588815188,0.5794390167,0.5847178523,0.6067416298
3864,1.0,0.0,0.0,0.0,1.0,1.0,0.3567087394,0.2998326008,0.05876636505,0.04874628782,0.4572369451,0.5852540124,0.576666696,0.60555472
3865,1.0,0.0,0.0,0.0,1.0,1.0,0.3556495813,0.3014983345,0.05680406094,0.04759973288,0.4530477145,0.5740744627,0.5800000831,0.6022106435
3866,1.0,0.0,0.0,0.0,1.0,1.0,0.3582288683,0.3061206485,0.05753415823,0.04860192537,0.4664484355,0.5844749048,0.5860924318,0.6054059026
3867,1.0,0.0,0.0,0.0,1.0,1.0,0.3511997517,0.2938560094,0.05986589193,0.04951524734,0.4696224032,0.5841128335,0.5980067139,0.6045191687
3868,1.0,0.0,0.0,0.0,1.0,1.0,0.3543770062,0.3018114974,0.05770915747,0.04866719246,0.4689542345,0.5852536514,0.6006599562,0.6010924679
3869,1.0,0.0,0.0,0.0,1.0,1.0,0.3560103507,0.2995018194,0.05807894468,0.04822152853,0.4640522541,0.5779815949,0.5894039343,0.6022103203
3870,1.0,0.0,0.0,0.0,1.0,1.0,0.3539009018,0.2945374352,0.05870425701,0.04837661982,0.4639344253,0.5787039011,0.5894040192,0.6067420299
3871,1.0,0.0,0.0,0.0,1.0,1.0,0.3534212575,0.297847026,0.05722874403,0.04791241884,0.4654605581,0.5860463954,0.5894039073,0.6111114567
3872,1.0,0.0,0.0,0.0,1.0,1.0,0.3594052402,0.303461037,0.05866187811,0.04928672314,0.4712643846,0.5844756514,0.5907591425,0.6141307108
3873,1.0,0.0,0.0,0.0,1.0,1.0,0.3557614506,0.2998324489,0.05721640587,0.04790210724,0.4619204974,0.58604672,0.5899998396,0.6111111111
3874,1.0,0.0,0.0,0.0,1.0,1.0,0.3555395236,0.301156083,0.05722117424,0.04799187183,0.4606556919,0.5806448253,0.5827815486,0.6098898369
3875,1.0,0.0,0.0,0.0,1.0,1.0,0.3539009506,0.2961922064,0.05886805058,0.04878413677,0.4655738821,0.5787036193,0.5894038968,0.6089384724
3876,1.0,0.0,0.0,0.0,1.0,1.0,0.3519630027,0.2958212526,0.05800962448,0.04843252897,0.4617939466,0.5801888537,0.588628821,0.604520511
3877,1.0,0.0,0.0,0.0,1.0,1.0,0.3506238471,0.2998328971,0.05658173561,0.04759216309,0.4311476347,0.5841128682,0.5566666541,0.5944438322
3878,1.0,0.0,0.0,0.0,1.0,1.0,0.3511993414,0.2974927051,0.05738735199,0.04773342609,0.4384235716,0.5794391359,0.5652173429,0.5955054356
3879,1.0,0.0,0.0,0.0,1.0,1.0,0.3592765844,0.3110847817,0.05924397707,0.05062669516,0.4281046239,0.5818185843,0.5562915581,0.5957451067
3880,1.0,0.0,0.0,0.0,1.0,1.0,0.3569434956,0.3077749053,0.05809658766,0.04911798239,0.4269479981,0.5772735993,0.5562912374,0.5967735477
3881,1.0,0.0,0.0,0.0,1.0,1.0,0.3525537532,0.3067592683,0.05697274208,0.04860979319,0.4288025333,0.5825689129,0.5577555794,0.5967736596
3882,1.0,0.0,0.0,0.0,1.0,1.0,0.3535991947,0.3057502341,0.05784100294,0.04912519455,0.4184168107,0.5799089252,0.5493420418,0.5913970667
3883,1.0,0.0,0.0,0.0,1.0,1.0,0.3524600245,0.3096631401,0.05764979124,0.04975259304,0.417069296,0.5799092848,0.5475410882,0.592592637
3884,1.0,0.0,0.0,0.0,1.0,1.0,0.357864716,0.3139695815,0.05862152576,0.05043566227,0.417742013,0.5720717515,0.5460526072,0.5863868963
3885,1.0,0.0,0.0,0.0,1.0,1.0,0.36108884,0.3199535407,0.05988937616,0.05186849833,0.4209677819,0.5803576316,0.5445544118,0.5927828832
3886,1.0,0.0,0.0,0.0,1.0,1.0,0.3581062955,0.3077752455,0.06174230576,0.05220031738,0.4495114457,0.5818176904,0.5827812638,0.6021505499
3887,1.0,0.0,0.0,0.0,1.0,1.0,0.3501332721,0.2948353686,0.05586087704,0.04641962051,0.4605263674,0.5821594341,0.5900001022,0.6101693392
3888,1.0,0.0,0.0,0.0,1.0,1.0,0.3533215667,0.2995014429,0.05772912502,0.04837483168,0.4631750893,0.5787034838,0.5960266734,0.6132590763
3889,1.0,0.0,0.0,0.0,1.0,1.0,0.3550647787,0.2995018547,0.05805051327,0.04864424467,0.4654605821,0.5787031048,0.5993376657,0.6077342041
3890,1.0,0.0,0.0,0.0,1.0,1.0,0.3585658017,0.3073943613,0.05924731493,0.05013239384,0.4626622691,0.5837103435,0.595394797,0.6042787742
3891,1.0,0.0,0.0,0.0,1.0,1.0,0.3586906763,0.308797716,0.05837857723,0.04935640097,0.4632952094,0.5818179962,0.588039996,0.5967746415
3892,1.0,0.0,0.0,0.0,1.0,1.0,0.3560106957,0.3077750476,0.0585488677,0.04995447397,0.4607843484,0.5871562995,0.5894039954,0.5967734045
3893,1.0,0.0,0.0,0.0,1.0,1.0,0.3626874025,0.3121180201,0.05943858624,0.0505631566,0.4597701139,0.5882348222,0.5880398586,0.6010628203
3894,1.0,0.0,0.0,0.0,1.0,1.0,0.3539007694,0.3081615027,0.05783045292,0.04953074455,0.4622950401,0.5879633161,0.589999848,0.616215878
3895,1.0,0.0,0.0,0.0,1.0,1.0,0.3594051461,0.31045764,0.05899471045,0.0503744483,0.4614120885,0.584474932,0.5913621421,0.6042776193
3896,1.0,0.0,0.0,0.0,1.0,1.0,0.3604547463,0.3087976661,0.05798125267,0.04902046919,0.4639345251,0.5772725964,0.5913622847,0.6075274766
3897,1.0,0.0,0.0,0.0,1.0,1.0,0.365529095,0.3094299732,0.0588452816,0.04956787825,0.4744646404,0.5765765857,0.5960265788,0.6096251733
3898,1.0,0.0,0.0,0.0,1.0,1.0,0.3626874142,0.306120656,0.06028842926,0.05046772957,0.4696222953,0.5837106712,0.592715142,0.6108103384
3899,1.0,0.0,0.0,0.0,1.0,1.0,0.3715031298,0.3143942098,0.06089419127,0.05119425058,0.4638158221,0.5840706319,0.5894039008,0.6157897862
3900,1.0,0.0,0.0,0.0,1.0,1.0,0.3571776997,0.3011564223,0.0589851141,0.04924446344,0.4622950802,0.5733948662,0.5894039276,0.6098900367
3901,1.0,0.0,0.0,0.0,1.0,1.0,0.3646174995,0.3096630319,0.0614361167,0.05183666945,0.4657980623,0.5803573594,0.5967214726,0.6137568632
3902,1.0,0.0,0.0,0.0,1.0,1.0,0.3586906096,0.3061205758,0.05838996172,0.04910063744,0.466557834,0.5772732516,0.5894039587,0.6054053792
3903,1.0,0.0,0.0,0.0,1.0,1.0,0.361500026,0.3098270979,0.05888384581,0.04955840111,0.4582651836,0.5746603678,0.5866667909,0.6021502143
3904,1.0,0.0,0.0,0.0,1.0,1.0,0.3515054212,0.2985131068,0.06030249596,0.05029839277,0.4667746271,0.5760367616,0.5940593604,0.6077343942
3905,1.0,0.0,0.0,0.0,1.0,1.0,0.3553211644,0.3024625467,0.06215530634,0.05222177505,0.4724026251,0.5753423738,0.5986841469,0.5978261366
3906,1.0,0.0,0.0,0.0,1.0,1.0,0.357523896,0.3024627871,0.06036043167,0.05048328638,0.4943090547,0.5772721886,0.6118421194,0.6086964222
3907,1.0,0.0,0.0,0.0,1.0,1.0,0.3534211084,0.2978466514,0.06006467342,0.05028665066,0.4983552815,0.5674414866,0.619205208,0.6055554897
3908,1.0,0.0,0.0,0.0,1.0,1.0,0.3567089924,0.2985128926,0.05804896355,0.04841864109,0.4934210376,0.5714282781,0.6171617077,0.6077345414
3909,1.0,0.0,0.0,0.0,1.0,1.0,0.3641759873,0.309662909,0.0600528717,0.0508967638,0.4934640293,0.5695063125,0.6163934878,0.5978843105
3910,1.0,0.0,0.0,0.0,1.0,1.0,0.3585661401,0.3027624983,0.0594689846,0.05005079508,0.4918831754,0.5656113314,0.6156353119,0.602150973
3911,1.0,0.0,0.0,0.0,1.0,1.0,0.3588157953,0.3001623107,0.05835986137,0.04850000143,0.4983605545,0.5753424518,0.6237622886,0.6098906839
3912,1.0,0.0,0.0,0.0,1.0,1.0,0.3565931958,0.3018116794,0.05941838026,0.04987871647,0.4975449397,0.5733948589,0.6204619653,0.6010927003
3913,1.0,0.0,0.0,0.0,1.0,1.0,0.3505385985,0.2935657315,0.0579636693,0.04798853397,0.4714518663,0.5860464447,0.5907591301,0.6067414056
3914,1.0,0.0,0.0,0.0,1.0,1.0,0.3515052034,0.3051100943,0.05768078566,0.04917490482,0.4521879653,0.5852532181,0.5775574787,0.6108109156
3915,1.0,0.0,0.0,0.0,1.0,1.0,0.3412726954,0.2902670082,0.05936342478,0.04975223541,0.4455283714,0.5809521132,0.5709570246,0.6136354923
3916,1.0,0.0,0.0,0.0,1.0,1.0,0.3460226839,0.2998328022,0.05957454443,0.05070763826,0.4492753999,0.5906973021,0.5803278966,0.6174863324
3917,1.0,0.0,0.0,0.0,1.0,1.0,0.3466457752,0.3018118863,0.05600398779,0.0478913188,0.4521879918,0.5887849075,0.5808579978,0.6120216607
3918,1.0,0.0,0.0,0.0,1.0,1.0,0.3450258765,0.3018116746,0.05580079556,0.04794156551,0.4505672379,0.5868549064,0.5775576146,0.6120217424
3919,1.0,0.0,0.0,0.0,1.0,1.0,0.3444675519,0.2968639757,0.0575722456,0.04865264893,0.4530744619,0.5821594737,0.5742574545,0.60555512
3920,1.0,0.0,0.0,0.0,1.0,1.0,0.3462764654,0.2958213075,0.05828356743,0.04889184237,0.4482757949,0.5781992072,0.5685616944,0.6045199806
3921,1.0,0.0,0.0,0.0,1.0,1.0,0.3402358184,0.2921955531,0.05675274134,0.04802149534,0.4549917474,0.5721149857,0.5813950452,0.6022724029
3922,1.0,0.0,0.0,0.0,1.0,1.0,0.3469136493,0.2924790178,0.05709445477,0.04757875204,0.4743801123,0.5761906949,0.5886290505,0.6057145792
3923,1.0,0.0,0.0,0.0,1.0,1.0,0.3490636993,0.2948350584,0.05871367455,0.04902034998,0.4777595262,0.5801886601,0.5933332162,0.6158190716
3924,1.0,0.0,0.0,0.0,1.0,1.0,0.3457709555,0.2931695502,0.05839109421,0.0489372611,0.4810543183,0.5761902331,0.5966667774,0.6079551198
3925,1.0,0.0,0.0,0.0,1.0,1.0,0.3448077541,0.2877182475,0.05656796694,0.0467300415,0.4816666255,0.5700482481,0.5925924295,0.6023392857
3926,1.0,0.0,0.0,0.0,1.0,1.0,0.3409079173,0.288429412,0.05666577816,0.04754394293,0.4775374797,0.5853660589,0.5939598165,0.6104656775
3927,1.0,0.0,0.0,0.0,1.0,1.0,0.3347967018,0.2843530472,0.05612957478,0.04672855139,0.4735972848,0.586207043,0.589225505,0.6213016997
3928,1.0,0.0,0.0,0.0,1.0,1.0,0.3380947786,0.2850754651,0.05534762144,0.04589802027,0.4785478271,0.580488036,0.5939593874,0.6058820245
3929,1.0,0.0,0.0,0.0,1.0,1.0,0.3359052565,0.2826705123,0.05608773232,0.04641741514,0.4751656174,0.5862065301,0.5858586885,0.6190470687
3930,1.0,0.0,0.0,0.0,1.0,1.0,0.3381446139,0.2811990276,0.05560451746,0.04546970129,0.4766667407,0.5812803024,0.5932204514,0.6024093701
3931,1.0,0.0,0.0,0.0,1.0,1.0,0.3371000269,0.2772425544,0.05511146784,0.04486459494,0.4847457386,0.5829148718,0.5958904766,0.6049384684
3932,1.0,0.0,0.0,0.0,1.0,1.0,0.3348382937,0.275708094,0.05492550135,0.0443842411,0.4805414805,0.5757577073,0.5862068199,0.618750705
3933,1.0,0.0,0.0,0.0,1.0,1.0,0.3533381542,0.2967624598,0.05873674154,0.04866755009,0.4966329953,0.5809522456,0.5972695874,0.6149434297
3934,1.0,0.0,0.0,0.0,1.0,1.0,0.3394655655,0.2762541907,0.05494195223,0.0437862277,0.510344879,0.5736043473,0.6091546846,0.6114651156
3935,1.0,0.0,0.0,0.0,1.0,1.0,0.3532662607,0.2802009645,0.05716878176,0.04510307312,0.522202551,0.5778896149,0.6178570794,0.6178347148
3936,1.0,0.0,0.0,0.0,1.0,1.0,0.3524253746,0.2814314239,0.05588829517,0.04471063614,0.5171789282,0.5846157948,0.610108375,0.6089745641
3937,1.0,0.0,0.0,0.0,1.0,1.0,0.3574645263,0.2816606279,0.05621784925,0.04445797205,0.510948874,0.5816329668,0.6072726106,0.6064519675
3938,1.0,0.0,0.0,0.0,1.0,1.0,0.3480365332,0.2710664993,0.0527586937,0.04147344828,0.5195531781,0.5721927732,0.6125458768,0.5986398566
3939,1.0,0.0,0.0,0.0,1.0,1.0,0.3557334908,0.2739207003,0.05299329758,0.04149734974,0.5273069407,0.5767197553,0.6222222747,0.6013516037
3940,1.0,0.0,0.0,0.0,1.0,1.0,0.3476318403,0.2693661683,0.0534003973,0.04208183289,0.5179584821,0.5760868837,0.6245353444,0.6000005666
3941,1.0,0.0,0.0,0.0,1.0,1.0,0.353620103,0.2755817243,0.05347168446,0.04221451283,0.4562383268,0.5789471924,0.562500073,0.593332505
3942,1.0,0.0,0.0,0.0,1.0,1.0,0.3629362992,0.2904513103,0.05603474379,0.04533457756,0.4562043655,0.5728645782,0.5595667525,0.5838509153
3943,1.0,0.0,0.0,0.0,1.0,1.0,0.3596547414,0.288095434,0.05564129353,0.04529589415,0.4520794441,0.5728640202,0.5551601086,0.5679008447
3944,1.0,0.0,0.0,0.0,1.0,1.0,0.3627868557,0.3009072842,0.05702960491,0.04696553946,0.4661922268,0.5882349252,0.551971218,0.5833332276
3945,1.0,0.0,0.0,0.0,1.0,1.0,0.3555184337,0.3111817038,0.05639874935,0.04891729355,0.4464610668,0.6071427817,0.5347987167,0.6058820806
3946,1.0,0.0,0.0,0.0,1.0,1.0,0.3395919348,0.2958214266,0.05676418543,0.04973888397,0.4650966586,0.6089106364,0.5618728267,0.5875707027
3947,1.0,0.0,0.0,0.0,1.0,1.0,0.3238780439,0.3025066832,0.05514532328,0.05041062832,0.4648117358,0.6060604095,0.5685619818,0.5745858705
3948,1.0,0.0,0.0,0.0,1.0,1.0,0.325138771,0.3150055336,0.05934029818,0.05583250523,0.4759614686,0.596059524,0.5742575689,0.5549740903
3949,1.0,0.0,0.0,0.0,1.0,1.0,0.317053254,0.2945374462,0.0589786768,0.05329036713,0.4879227138,0.6091371584,0.579470167,0.5786509691
3950,1.0,0.0,0.0,0.0,1.0,1.0,0.3093511708,0.3125462714,0.05265319347,0.05120664835,0.4778911498,0.6153848766,0.5583038561,0.5762706538
3951,1.0,0.0,0.0,0.0,1.0,1.0,0.2841709747,0.3035219581,0.0523172617,0.05380356312,0.4749596299,0.5795453769,0.5738253443,0.546961583
3952,1.0,0.0,0.0,0.0,1.0,1.0,0.283055798,0.3071376389,0.05142778158,0.05345028639,0.4669848201,0.5786512752,0.5747508897,0.54054042
3953,1.0,0.0,0.0,0.0,1.0,1.0,0.278187051,0.2920447039,0.05199110508,0.0525752902,0.4745894863,0.5674152151,0.5811688516,0.5444450365
3954,1.0,0.0,0.0,0.0,1.0,1.0,0.272785346,0.2982463292,0.05091154575,0.05407553911,0.4572088855,0.5819208246,0.5619047932,0.5372344823
3955,1.0,0.0,0.0,0.0,1.0,1.0,0.2772290333,0.2969122687,0.05043613911,0.05244213343,0.4578408106,0.585226749,0.5454544227,0.5355186723
3956,1.0,0.0,0.0,0.0,1.0,1.0,0.2775781919,0.2900020621,0.05224430561,0.05314511061,0.4780526324,0.5919540361,0.5540982529,0.5480217625
3957,1.0,0.0,0.0,0.0,1.0,1.0,0.2722887794,0.2874209808,0.05108463764,0.05197048187,0.4708661589,0.5895948699,0.5522875634,0.5454548582
3958,1.0,0.0,0.0,0.0,1.0,1.0,0.2622018933,0.275013988,0.04879194498,0.04939424992,0.4736842147,0.5925924116,0.5503356128,0.5487801346
3959,1.0,0.0,0.0,0.0,1.0,1.0,0.2545518763,0.272728959,0.04925125837,0.05082976818,0.4612244983,0.5897429381,0.538983027,0.565218309
3960,1.0,0.0,0.0,0.0,1.0,1.0,0.2541365858,0.2759401035,0.04836601019,0.05084633827,0.4686226127,0.5961547704,0.5589224925,0.5731707031
3961,1.0,0.0,0.0,0.0,1.0,1.0,0.2674904222,0.2968140566,0.05004650354,0.05368626118,0.4841849152,0.5999992854,0.5637584114,0.5593223538
3962,1.0,0.0,0.0,0.0,1.0,1.0,0.2612816015,0.2768725281,0.05109369755,0.05140715837,0.472333605,0.5582821012,0.5405404104,0.5548779145
3963,1.0,0.0,0.0,0.0,1.0,1.0,0.2605857585,0.2803714371,0.05197119713,0.0538725853,0.48012718,0.5792687962,0.5610561793,0.5823526939
3964,1.0,0.0,0.0,0.0,1.0,1.0,0.2701193395,0.2971762726,0.05189973116,0.05464738607,0.4817169533,0.5588234281,0.5581393012,0.5642457552
3965,1.0,0.0,0.0,0.0,1.0,1.0,0.2722027002,0.2884987471,0.04987102747,0.05047184229,0.4766201946,0.5602410431,0.5498282009,0.5595239361
3966,1.0,0.0,0.0,0.0,1.0,1.0,0.2590842423,0.2791545037,0.04898267984,0.05022275448,0.4454470987,0.5759491745,0.5206896517,0.5679007071
3967,1.0,0.0,0.0,0.0,1.0,1.0,0.2697682005,0.2882351743,0.05136412382,0.05229240656,0.4520325113,0.5662648086,0.5221843452,0.5621306227
3968,1.0,0.0,0.0,0.0,1.0,1.0,0.2522706585,0.2783682265,0.04890495539,0.05170845985,0.456591647,0.5668790197,0.5268455062,0.5662656019
3969,1.0,0.0,0.0,0.0,1.0,1.0,0.2478870253,0.2669521143,0.04696327448,0.04905718565,0.4644550374,0.5859872854,0.5439739276,0.5609755505
3970,1.0,0.0,0.0,0.0,1.0,1.0,0.2455034037,0.2682208128,0.049931705,0.05178105831,0.4450341364,0.6049384337,0.5399360154,0.5595240014
3971,1.0,0.0,0.0,0.0,1.0,1.0,0.2267576525,0.2401254617,0.04269236326,0.04327714443,0.4576534811,0.589041115,0.5487012482,0.5608109411
3972,1.0,0.0,0.0,0.0,1.0,1.0,0.2172701571,0.2217410533,0.04096025229,0.04037505388,0.5217390617,0.5428573092,0.6109323959,0.5652166211
3973,1.0,0.0,0.0,0.0,1.0,1.0,0.2294064819,0.2226480305,0.04182034731,0.03948074579,0.5714284663,0.5384612096,0.6534654164,0.5851863818
3974,1.0,0.0,0.0,0.0,1.0,1.0,0.2195865205,0.2118023587,0.04038494825,0.03800940514,0.5977382699,0.5147052529,0.675496581,0.5937490199
3975,1.0,0.0,0.0,0.0,1.0,1.0,0.2215591998,0.218421042,0.04011005163,0.03864616156,0.6181229555,0.5328464116,0.6986754766,0.6060613071
3976,1.0,0.0,0.0,0.0,1.0,1.0,0.2057674172,0.2106666667,0.03930425644,0.03812217712,0.6253871015,0.541353258,0.7058824111,0.6124027493
3977,1.0,0.0,0.0,0.0,1.0,1.0,0.2212388854,0.2198770379,0.04265749454,0.03937608004,0.6176470156,0.5384616459,0.710000193,0.568182059
3978,1.0,0.0,0.0,0.0,1.0,1.0,0.2126469711,0.2332031791,0.04187476635,0.04187482595,0.6215804855,0.5357145907,0.7066666136,0.5714283681
3979,1.0,0.0,0.0,0.0,1.0,1.0,0.2384686588,0.2657380165,0.04732608795,0.04792898893,0.6155015741,0.5541397985,0.7090300661,0.5723273412
3980,1.0,0.0,0.0,0.0,1.0,1.0,0.2202415808,0.2584172483,0.04297506809,0.04475337267,0.6276595777,0.5448278923,0.7123288001,0.5827816157
3981,1.0,0.0,0.0,0.0,1.0,1.0,0.2186279159,0.2722494423,0.0421730876,0.04578793049,0.6109375293,0.5428572236,0.7025089885,0.5855265727
3982,1.0,0.0,0.0,0.0,1.0,1.0,0.2189700093,0.2650851046,0.04176020622,0.04414653778,0.6150235204,0.5285718364,0.6989246003,0.5878383487
3983,1.0,0.0,0.0,0.0,1.0,1.0,0.2087650513,0.2772034065,0.03972697258,0.0459831357,0.603618342,0.503936937,0.6943396132,0.5646254094
3984,1.0,0.0,0.0,0.0,1.0,1.0,0.2005199035,0.259855017,0.03866243362,0.0435333252,0.5876778416,0.5354321604,0.68,0.559441268
3985,1.0,0.0,0.0,0.0,1.0,1.0,0.2161801919,0.2688027401,0.04346346855,0.04692792892,0.6112853083,0.5362316853,0.6895306502,0.5503353147
3986,1.0,0.0,0.0,0.0,1.0,1.0,0.2215670708,0.2717459034,0.04292160273,0.04600942135,0.614035058,0.5179855715,0.7080291971,0.5704693552
3987,1.0,0.0,0.0,0.0,1.0,1.0,0.2002088106,0.2608029686,0.03833287954,0.04385274649,0.5945513121,0.512000112,0.686131229,0.5384619567
3988,1.0,0.0,0.0,0.0,1.0,1.0,0.1947382013,0.2507691827,0.03813636303,0.04349440336,0.5797101824,0.487602802,0.6654546004,0.5362312684
3989,1.0,0.0,0.0,0.0,1.0,1.0,0.1955429178,0.2595721065,0.03749281168,0.04374158382,0.4984472209,0.5396828425,0.5901059671,0.5442181228
3990,1.0,0.0,0.0,0.0,1.0,1.0,0.1694774554,0.2435463152,0.03291636705,0.04153001308,0.4453249577,0.532711025,0.534295856,0.5185186248
3991,1.0,0.0,0.0,0.0,1.0,1.0,0.1466924559,0.2065266651,0.02838206291,0.0349317193,0.4145161983,0.5054938132,0.4907748648,0.4642841908
3992,1.0,0.0,0.0,0.0,1.0,1.0,0.08698242283,0.1640592512,0.01576972008,0.02690118551,0.4965870745,0.1176466142,0.5320752454,0.275862069
3993,1.0,0.0,0.0,0.0,1.0,1.0,0.1129505016,0.1684451572,0.02038478851,0.02779746056,0.515410973,0.1060584795,0.5430709663,0.1888889365
3994,1.0,0.0,0.0,0.0,1.0,1.0,0.1215777632,0.1553438484,0.02076894045,0.02535033226,0.5187834582,0.08823487207,0.5355806694,0.192770886
3995,1.0,0.0,0.0,0.0,1.0,1.0,0.1284006978,0.1630296183,0.02130079269,0.02648204565,0.5260416896,0.1081098476,0.5496453341,0.1413047637
3996,1.0,0.0,0.0,0.0,1.0,1.0,0.1569091141,0.1688244233,0.02634328604,0.02863395214,0.5068258786,0.0978263083,0.5506756519,0.07000029143
3997,1.0,0.0,0.0,0.0,1.0,1.0,0.1706362372,0.1449191211,0.02766609192,0.02456074953,0.5139372595,0.2040804895,0.543333195,0.1034482759
3998,1.0,0.0,0.0,0.0,1.0,1.0,0.1378542986,0.108710933,0.02040398121,0.01757001877,0.503831322,0.2777794007,0.5403509717,0.1935469645
3999,1.0,0.0,0.0,0.0,1.0,1.0,0.1268281952,0.1170233623,0.02307486534,0.02404987812,0.4852547382,0.3661980926,0.5221520419,0.4459466158
4000,1.0,0.0,0.0,0.0,1.0,1.0,0.1387863942,0.1401085404,0.02626484632,0.03069913387,0.3597836588,0.5714272746,0.4267912569,0.5444445739
4001,1.0,0.0,0.0,0.0,1.0,1.0,0.2482859299,0.2073469449,0.04607957602,0.04641354084,0.2835283273,0.6014497721,0.370149272,0.6043175076
4002,1.0,0.0,0.0,0.0,1.0,1.0,0.2829470665,0.2240638082,0.05167657137,0.05067640543,0.3141552675,0.6064517543,0.40707973,0.6250004411
4003,1.0,0.0,0.0,0.0,1.0,1.0,0.3293830239,0.2520848107,0.0591763258,0.05748558044,0.2824858778,0.5885714746,0.3798219864,0.6058823285
4004,1.0,0.0,0.0,0.0,1.0,1.0,0.3438531121,0.2603336933,0.06143206358,0.05873179436,0.295841166,0.5714285714,0.3892215347,0.6091950523
4005,1.0,0.0,0.0,0.0,1.0,1.0,0.3360277372,0.2544033526,0.05902373791,0.05666273832,0.2939481742,0.5657144531,0.3878787879,0.6011909834
4006,1.0,0.0,0.0,0.0,1.0,1.0,0.3305698791,0.2544310439,0.05975407362,0.0583562851,0.3056092659,0.5847949191,0.399390232,0.6047907372
4007,1.0,0.0,0.0,0.0,1.0,1.0,0.3224006572,0.2403350886,0.05707842112,0.05506390333,0.4174573355,0.5588236216,0.4897360193,0.6219508367
4008,1.0,0.0,0.0,0.0,1.0,1.0,0.310235636,0.2405531929,0.05094778538,0.05125284195,0.4981412437,0.6047905733,0.5730659202,0.6547622924
4009,1.0,0.0,0.0,0.0,1.0,1.0,0.320183227,0.2443387256,0.0548158288,0.0548158288,0.5348417035,0.6214686562,0.6077347171,0.6553671641
4010,1.0,0.0,0.0,0.0,1.0,1.0,0.2983944858,0.2406588816,0.05441594124,0.05572718382,0.5251798579,0.6024099949,0.6005664942,0.6411764517
4011,1.0,0.0,0.0,0.0,1.0,1.0,0.2890159202,0.2477725376,0.05364948511,0.05718332529,0.5238095467,0.6167667864,0.596100162,0.6292135417
4012,1.0,0.0,0.0,0.0,1.0,1.0,0.2843389653,0.2484568706,0.04980516434,0.05278748274,0.4957410636,0.5988018076,0.5758426824,0.6158190751
4013,1.0,0.0,0.0,0.0,1.0,1.0,0.2551021883,0.2411443238,0.04404127598,0.05007433891,0.5017482841,0.5890416706,0.5843022597,0.614457903
4014,1.0,0.0,0.0,0.0,1.0,1.0,0.2575793918,0.2476493758,0.04454934597,0.05126219988,0.5445718762,0.5958906309,0.6017698682,0.6190477852
4015,1.0,0.0,0.0,0.0,1.0,1.0,0.2521413463,0.2435614594,0.04506725073,0.05159014463,0.5684647659,0.605262775,0.6274507707,0.6149416722
4016,1.0,0.0,0.0,0.0,1.0,1.0,0.2511075905,0.2462601271,0.04673314095,0.0529229641,0.5474209174,0.589403509,0.619596748,0.6081867327
4017,1.0,0.0,0.0,0.0,1.0,1.0,0.251761459,0.2520714563,0.04733538628,0.05432444811,0.5300084339,0.5771813095,0.6106195963,0.5964913821
4018,1.0,0.0,0.0,0.0,1.0,1.0,0.2530884321,0.2588915596,0.0475820303,0.05567425489,0.5503876209,0.5578233082,0.6144580417,0.575581414
4019,1.0,0.0,0.0,0.0,1.0,1.0,0.2459403394,0.2669131703,0.04398620129,0.05313766003,0.5260114721,0.5637576799,0.5964389701,0.5777777279
4020,1.0,0.0,0.0,0.0,1.0,1.0,0.2331489107,0.2581141909,0.04253602028,0.05116218328,0.5187602141,0.5594406672,0.5915914625,0.5581394265
4021,1.0,0.0,0.0,0.0,1.0,1.0,0.2210226671,0.2521115472,0.04166412354,0.0510917902,0.5560937015,0.569342554,0.6246247421,0.5654764821
4022,1.0,0.0,0.0,0.0,1.0,1.0,0.2500648705,0.275075707,0.04759025574,0.05598849058,0.5388389143,0.5424832672,0.6207951894,0.5499999468
4023,1.0,0.0,0.0,0.0,1.0,1.0,0.2465730123,0.2795314077,0.04823213816,0.05755698681,0.5427631067,0.546666403,0.618749886,0.5586591774
4024,1.0,0.0,0.0,0.0,1.0,1.0,0.2400619394,0.2769154312,0.04542636871,0.0537700057,0.5310457887,0.5306116558,0.6114648528,0.5344830071
4025,1.0,0.0,0.0,0.0,1.0,1.0,0.2559349643,0.2809934359,0.05078923702,0.05657535791,0.5364667046,0.5443045551,0.610223767,0.5511364055
4026,1.0,0.0,0.0,0.0,1.0,1.0,0.2597234765,0.2942435507,0.04899471998,0.05550664663,0.5098684858,0.5506335197,0.5921052424,0.5418991954
4027,1.0,0.0,0.0,0.0,1.0,1.0,0.2595951366,0.2975311446,0.0510032773,0.05769747496,0.5146104611,0.5499998247,0.5986842894,0.5524858911
4028,1.0,0.0,0.0,0.0,1.0,1.0,0.2502721375,0.2908075941,0.04871052504,0.05576074123,0.5172982037,0.5460526879,0.5986621439,0.5344827955
4029,1.0,0.0,0.0,0.0,1.0,1.0,0.2698493298,0.2994901004,0.05208325386,0.05626273155,0.5133333555,0.5432095233,0.5924658219,0.5485712954
4030,1.0,0.0,0.0,0.0,1.0,1.0,0.2355587347,0.268016595,0.0448756814,0.04968380928,0.5050505153,0.5214287896,0.5847751722,0.5354841186
4031,1.0,0.0,0.0,0.0,1.0,1.0,0.1281808924,0.2141660324,0.02297842503,0.03696537018,0.50929365,0.4782601929,0.5482624323,0.5045051727
4032,1.0,0.0,0.0,0.0,1.0,1.0,0.1251634784,0.2342441001,0.02192473412,0.03926825523,0.502803738,0.5074625648,0.5468749889,0.5
4033,1.0,0.0,0.0,0.0,1.0,1.0,0.1588759098,0.2296013323,0.02940809727,0.04069262743,0.4935305095,0.5348834381,0.5444015613,0.5378147937
4034,1.0,0.0,0.0,0.0,1.0,1.0,0.2370358745,0.2663952159,0.04429078102,0.04792654514,0.4867256341,0.5671640586,0.5551470174,0.5448279636
4035,1.0,0.0,0.0,0.0,1.0,1.0,0.2629223295,0.2870735637,0.05141294003,0.05339032412,0.4688027281,0.5769228094,0.5496455571,0.5740744255
4036,1.0,0.0,0.0,0.0,1.0,1.0,0.2686311741,0.2948882266,0.05285799503,0.05482786894,0.4657762276,0.5776389531,0.5618372814,0.5628743101
4037,1.0,0.0,0.0,0.0,1.0,1.0,0.2757654636,0.2969870913,0.05280941725,0.05344957113,0.4698996096,0.5757571995,0.5587189814,0.5688614808
4038,1.0,0.0,0.0,0.0,1.0,1.0,0.2776228472,0.3121001694,0.05464196205,0.0572912693,0.4680135547,0.5939393939,0.5523465927,0.5838150289
4039,1.0,0.0,0.0,0.0,1.0,1.0,0.2767939139,0.2991160919,0.05102485418,0.05102485418,0.4577114931,0.586826781,0.5483871306,0.574850915
4040,1.0,0.0,0.0,0.0,1.0,1.0,0.2885485943,0.3110151971,0.05550134182,0.05519127846,0.4403224874,0.5698324022,0.5419579774,0.5674157303
4041,1.0,0.0,0.0,0.0,1.0,1.0,0.2976707882,0.2991162788,0.05794221163,0.05405783653,0.4575706694,0.5642463962,0.5448026345,0.5808388648
4042,1.0,0.0,0.0,0.0,1.0,1.0,0.2999982122,0.3051867107,0.05850934982,0.05527681112,0.4461028004,0.5635355289,0.5357141682,0.5789478224
4043,1.0,0.0,0.0,0.0,1.0,1.0,0.3133843236,0.3056898952,0.05941110849,0.05363053083,0.4406779488,0.5567567893,0.5384616691,0.5748496006
4044,1.0,0.0,0.0,0.0,1.0,1.0,0.3110151036,0.2922896567,0.05800807476,0.05051267147,0.4580419273,0.5617973025,0.5584907313,0.5935487373
4045,1.0,0.0,0.0,0.0,1.0,1.0,0.335216479,0.3013298823,0.06057423353,0.05160027742,0.4782608122,0.5714285714,0.5617977411,0.6086953006
4046,1.0,0.0,0.0,0.0,1.0,1.0,0.3471010819,0.3009679666,0.06328320503,0.05056291819,0.4869109605,0.5577885235,0.5568179681,0.5911953837
4047,1.0,0.0,0.0,0.0,1.0,1.0,0.3449937475,0.3028047165,0.05979055166,0.04897415638,0.4796183783,0.5628135844,0.5724905241,0.5705519382
4048,1.0,0.0,0.0,0.0,1.0,1.0,0.3477847457,0.2935167623,0.05969154835,0.04763269424,0.4727593076,0.5555559994,0.5799257489,0.5759487652
4049,1.0,0.0,0.0,0.0,1.0,1.0,0.3366540168,0.2663952308,0.05488753319,0.04145151377,0.4842105917,0.5468757466,0.5882352491,0.5793101068
4050,1.0,0.0,0.0,0.0,1.0,1.0,0.3436680273,0.2784420617,0.05499154329,0.04236584902,0.4719297082,0.5561220674,0.5793355838,0.5629145968
4051,1.0,0.0,0.0,0.0,1.0,1.0,0.3471745775,0.2757717193,0.05757200718,0.04332435131,0.4754385788,0.5505053329,0.5703704238,0.577181088
4052,1.0,0.0,0.0,0.0,1.0,1.0,0.3486423894,0.2712239222,0.05364257097,0.04016315937,0.4740608575,0.558974547,0.5687730187,0.5753428927
4053,1.0,0.0,0.0,0.0,1.0,1.0,0.3621423504,0.2831752794,0.05677896738,0.04258424044,0.479573744,0.5539217693,0.5814814874,0.5751639384
4054,1.0,0.0,0.0,0.0,1.0,1.0,0.3668164607,0.2902790941,0.05843150616,0.04459989071,0.4751773408,0.5555554422,0.5845586025,0.5632906656
4055,1.0,0.0,0.0,0.0,1.0,1.0,0.3656929409,0.2808648856,0.05816072226,0.04347932339,0.4831261814,0.5533980682,0.5912407944,0.5779218109
4056,1.0,0.0,0.0,0.0,1.0,1.0,0.3632723712,0.2788295895,0.05726408958,0.04301786423,0.4858156166,0.5658529122,0.5869565301,0.5974020396
4057,1.0,0.0,0.0,0.0,1.0,1.0,0.3618368559,0.2796271525,0.06016159058,0.04526716471,0.4674868733,0.5533980486,0.5740074515,0.5806451188
4058,1.0,0.0,0.0,0.0,1.0,1.0,0.3686751743,0.2955336007,0.05862665176,0.04584544897,0.4667832623,0.5497625032,0.5663082189,0.5939396146
4059,1.0,0.0,0.0,0.0,1.0,1.0,0.359388259,0.2888455538,0.05966967344,0.04631501436,0.4571917653,0.5476185482,0.5531917029,0.5950926404
4060,1.0,0.0,0.0,0.0,1.0,1.0,0.3551316345,0.2870739067,0.05929666758,0.0457431674,0.4382402291,0.561905365,0.5390069834,0.5925925443
4061,1.0,0.0,0.0,0.0,1.0,1.0,0.3551316435,0.2830586185,0.06236940622,0.04811352491,0.450084563,0.5571429254,0.5419579941,0.5987653786
4062,1.0,0.0,0.0,0.0,1.0,1.0,0.3522621624,0.2838548513,0.06462967396,0.05020070076,0.4442623258,0.5534885909,0.5510203875,0.6047911017
4063,1.0,0.0,0.0,0.0,1.0,1.0,0.3531359924,0.2848239006,0.06301146746,0.04963642359,0.4483332628,0.5566041752,0.5563140119,0.5928147452
4064,1.0,0.0,0.0,0.0,1.0,1.0,0.3479905452,0.2778107525,0.06098288298,0.04739898443,0.4504949426,0.5545022446,0.5661016404,0.5975606842
4065,1.0,0.0,0.0,0.0,1.0,1.0,0.3556497024,0.2917833248,0.0633007884,0.05099231005,0.4530478186,0.5648143004,0.5671140631,0.603447772
4066,1.0,0.0,0.0,0.0,1.0,1.0,0.3446917668,0.2800447694,0.0621714592,0.04967767,0.4603960077,0.5645933519,0.5738254425,0.6167666323
4067,1.0,0.0,0.0,0.0,1.0,1.0,0.3397118978,0.2870017093,0.06221014261,0.05109041929,0.4449918181,0.5652166831,0.5574323182,0.6117645
4068,1.0,0.0,0.0,0.0,1.0,1.0,0.3130980795,0.2380426312,0.05475753546,0.0406358242,0.4476504284,0.5842105893,0.5574324513,0.6382987462
4069,1.0,0.0,0.0,0.0,1.0,1.0,0.3019895423,0.1851485099,0.05051535368,0.03097075224,0.471222995,0.5416663225,0.5575539158,0.4660192493
4070,1.0,0.0,0.0,0.0,1.0,1.0,0.2991160809,0.1778369253,0.04876971245,0.02920347452,0.4767025909,0.5628742881,0.5622777506,0.5099999388
4071,1.0,0.0,0.0,0.0,1.0,1.0,0.3015856848,0.2041114714,0.05025213957,0.03389102221,0.4789473077,0.6104655369,0.5809859433,0.5948290265
4072,1.0,0.0,0.0,0.0,1.0,1.0,0.3102293639,0.250713094,0.05419719219,0.04306477308,0.4563758189,0.5783786697,0.5699657992,0.605441885
4073,1.0,0.0,0.0,0.0,1.0,1.0,0.3132578503,0.2651580063,0.05653870106,0.04666686058,0.4560529779,0.5661380068,0.5782313317,0.6025646921
4074,1.0,0.0,0.0,0.0,1.0,1.0,0.3194261885,0.270892347,0.05613589287,0.04658699036,0.457990191,0.5721646967,0.5858587679,0.6149066018
4075,1.0,0.0,0.0,0.0,1.0,1.0,0.3156133087,0.2785606684,0.0564956069,0.0485509038,0.4621710825,0.5572919029,0.5810809008,0.6060605317
4076,1.0,0.0,0.0,0.0,1.0,1.0,0.313550376,0.2733373241,0.054436028,0.04621392488,0.4591503634,0.57291645,0.5838924589,0.6134978029
4077,1.0,0.0,0.0,0.0,1.0,1.0,0.312123338,0.2755937368,0.0552315712,0.04750490189,0.4611650849,0.5699490197,0.5880399234,0.6144579674
4078,1.0,0.0,0.0,0.0,1.0,1.0,0.3124280682,0.2759401492,0.05466544628,0.0469378233,0.4648117555,0.5602093042,0.585858508,0.6097568719
4079,1.0,0.0,0.0,0.0,1.0,1.0,0.3154384053,0.2667429322,0.0557539463,0.04636383057,0.4900331627,0.568421289,0.6047296996,0.6012655299
4080,1.0,0.0,0.0,0.0,1.0,1.0,0.3141338216,0.2649526385,0.05480152369,0.04557180405,0.4921422299,0.5684210755,0.6107382736,0.6202535288
4081,1.0,0.0,0.0,0.0,1.0,1.0,0.3181556358,0.2676474936,0.0558360219,0.04618901014,0.4916666836,0.560209357,0.610169474,0.6012661903
4082,1.0,0.0,0.0,0.0,1.0,1.0,0.312222596,0.2693413307,0.05613523722,0.04722487926,0.4942148632,0.5608461732,0.6067796472,0.6100628296
4083,1.0,0.0,0.0,0.0,1.0,1.0,0.3100579297,0.2600586126,0.05488544703,0.04466736317,0.4950494524,0.5691494041,0.6122451317,0.6339869281
4084,1.0,0.0,0.0,0.0,1.0,1.0,0.3060179594,0.259921978,0.05499380827,0.04534065723,0.4837132882,0.5691486306,0.604026708,0.6322575556
4085,1.0,0.0,0.0,0.0,1.0,1.0,0.301779572,0.2725751259,0.05517137051,0.04805248976,0.4561687898,0.5591407724,0.5791246417,0.6049378122
4086,1.0,0.0,0.0,0.0,1.0,1.0,0.3096185493,0.2807797452,0.056643188,0.04930597544,0.454253547,0.5595849797,0.5819397028,0.6249992445
4087,1.0,0.0,0.0,0.0,1.0,1.0,0.3112227649,0.2855549314,0.05550229549,0.04920822382,0.4478330527,0.5618552494,0.5747509972,0.6104651656
4088,1.0,0.0,0.0,0.0,1.0,1.0,0.3078924291,0.2698493273,0.05655986071,0.04797226191,0.4467742,0.5602091648,0.5733332171,0.6172846562
4089,1.0,0.0,0.0,0.0,1.0,1.0,0.3169749246,0.279645076,0.05889678001,0.05078345537,0.4498381963,0.5561225109,0.5728476071,0.6153848862
4090,1.0,0.0,0.0,0.0,1.0,1.0,0.3108312817,0.2810931261,0.0561003685,0.04919570684,0.4481658072,0.5692312433,0.5723685376,0.614035938
4091,1.0,0.0,0.0,0.0,1.0,1.0,0.315446538,0.2785329457,0.05789858103,0.04946106672,0.452815246,0.5678392632,0.5770491154,0.6235299505
4092,1.0,0.0,0.0,0.0,1.0,1.0,0.3161985594,0.2768943066,0.0552546382,0.04692476988,0.4515102649,0.5628147859,0.5770493429,0.6153846154
4093,1.0,0.0,0.0,0.0,1.0,1.0,0.3172832065,0.2827369081,0.05673980713,0.04879623652,0.4476191286,0.5599998319,0.5723683052,0.622093286
4094,1.0,0.0,0.0,0.0,1.0,1.0,0.3155290521,0.2801713797,0.05420684814,0.04705262184,0.4439102301,0.5685278853,0.5737704802,0.61403551
4095,1.0,0.0,0.0,0.0,1.0,1.0,0.3209069705,0.28578802,0.05807286501,0.05056095123,0.4472843403,0.5572138384,0.5751634163,0.6285719675
4096,1.0,0.0,0.0,0.0,1.0,1.0,0.3224523417,0.2860243683,0.05657064915,0.04897159338,0.4478330909,0.5721390204,0.572368318,0.6206896971
4097,1.0,0.0,0.0,0.0,1.0,1.0,0.3192438351,0.2855549045,0.05602294207,0.04842185974,0.4414125326,0.5728639687,0.5747510221,0.6162799858
4098,1.0,0.0,0.0,0.0,1.0,1.0,0.319244051,0.2789138471,0.0568716526,0.04801219702,0.4398074059,0.5678395804,0.5681063341,0.6190480329
4099,1.0,0.0,0.0,0.0,1.0,1.0,0.3166233055,0.2778055127,0.05642437935,0.04816019535,0.4447999481,0.5757570956,0.5690788478,0.6272187665
4100,1.0,0.0,0.0,0.0,1.0,1.0,0.3219894597,0.2902668832,0.05800896883,0.05054241419,0.4401914212,0.5742574461,0.5676566889,0.6363641724
4101,1.0,0.0,0.0,0.0,1.0,1.0,0.2975311815,0.2515603502,0.05076628923,0.04151058197,0.4440789568,0.5911599745,0.564625897,0.6081081857
4102,1.0,0.0,0.0,0.0,1.0,1.0,0.259890023,0.1952312875,0.04134684801,0.03024697304,0.448516582,0.6308728025,0.5376343259,0.6055058527
4103,1.0,0.0,0.0,0.0,1.0,1.0,0.259370807,0.194237993,0.04258775711,0.03123104572,0.4567473468,0.6200007278,0.5512367255,0.6
4104,1.0,0.0,0.0,0.0,1.0,1.0,0.2942519457,0.2230590272,0.04897135496,0.03630638123,0.473773181,0.6034483808,0.581314998,0.5891466378
4105,1.0,0.0,0.0,0.0,1.0,1.0,0.3128402288,0.2540666358,0.05178695917,0.04115694761,0.4728170765,0.5842104597,0.5858586416,0.6092709765
4106,1.0,0.0,0.0,0.0,1.0,1.0,0.313740667,0.2623117935,0.05336993933,0.04346621037,0.4773463235,0.5773202784,0.5980065884,0.6202536332
4107,1.0,0.0,0.0,0.0,1.0,1.0,0.3213066491,0.2664075866,0.0546759367,0.0442353487,0.4701130367,0.5728641354,0.5960264259,0.6149059619
4108,1.0,0.0,0.0,0.0,1.0,1.0,0.3202092622,0.2664073188,0.0570256114,0.04636931419,0.4741100608,0.5707069176,0.5960265672,0.6211173497
4109,1.0,0.0,0.0,0.0,1.0,1.0,0.3191086083,0.2665178028,0.05378240347,0.04368114471,0.4748784624,0.5786800455,0.6,0.625
4110,1.0,0.0,0.0,0.0,1.0,1.0,0.3185923517,0.2674089642,0.05611151457,0.04557275772,0.4838187628,0.5685275575,0.6020066235,0.6312504578
4111,1.0,0.0,0.0,0.0,1.0,1.0,0.3304342639,0.2731805941,0.06140828133,0.04961061478,0.4902280287,0.5714285714,0.6133333115,0.6280480772
4112,1.0,0.0,0.0,0.0,1.0,1.0,0.3293616821,0.2697169933,0.05562454462,0.04466402531,0.491883042,0.5862069705,0.61920541,0.6380365069
4113,1.0,0.0,0.0,0.0,1.0,1.0,0.3240125913,0.2746809126,0.05577069521,0.04605937004,0.498387126,0.56218973,0.6192054263,0.6265056655
4114,1.0,0.0,0.0,0.0,1.0,1.0,0.3320779168,0.2768945385,0.05678790808,0.04636305571,0.489566612,0.5652174826,0.6163934006,0.6213014709
4115,1.0,0.0,0.0,0.0,1.0,1.0,0.3283192752,0.274517815,0.05537950993,0.04533517361,0.4927534798,0.5686277464,0.6184210384,0.6287421213
4116,1.0,0.0,0.0,0.0,1.0,1.0,0.3259225546,0.2605103337,0.05523169041,0.04326027632,0.495582304,0.5812802034,0.6229506608,0.641509148
4117,1.0,0.0,0.0,0.0,1.0,1.0,0.3219356991,0.267177257,0.05721628666,0.04611456394,0.4855769835,0.5671642724,0.6105611256,0.6234563912
4118,1.0,0.0,0.0,0.0,1.0,1.0,0.3267098248,0.2730262114,0.05802500248,0.04716312885,0.4847020369,0.5615758841,0.6026492237,0.6181814965
4119,1.0,0.0,0.0,0.0,1.0,1.0,0.3227113497,0.2800449182,0.05667740107,0.04709017277,0.4570281399,0.5671639907,0.577181239,0.6167659441
4120,1.0,0.0,0.0,0.0,1.0,1.0,0.3224522738,0.2765123091,0.05534297228,0.04570615292,0.4510433933,0.5671636326,0.5766666799,0.6144568101
4121,1.0,0.0,0.0,0.0,1.0,1.0,0.3266784822,0.275765687,0.05593186617,0.04568690062,0.464401281,0.5742571514,0.5852845625,0.6181821503
4122,1.0,0.0,0.0,0.0,1.0,1.0,0.3256247639,0.2807796632,0.05715376139,0.04753381014,0.456451664,0.569306306,0.5785954908,0.6249998433
4123,1.0,0.0,0.0,0.0,1.0,1.0,0.3277652677,0.2800448029,0.05820393562,0.04788202047,0.4588044959,0.5665028162,0.5805371046,0.6287427162
4124,1.0,0.0,0.0,0.0,1.0,1.0,0.327791486,0.2815095027,0.05582308769,0.04624557495,0.4565916624,0.5784309748,0.5766664865,0.6390538646
4125,1.0,0.0,0.0,0.0,1.0,1.0,0.3230196831,0.2829544563,0.05584424734,0.0472740531,0.4560000745,0.56930701,0.5728475002,0.6198830704
4126,1.0,0.0,0.0,0.0,1.0,1.0,0.3182224571,0.2798437096,0.05785369873,0.04884129763,0.4592000277,0.5678388336,0.5799999863,0.6130951001
4127,1.0,0.0,0.0,0.0,1.0,1.0,0.3213068082,0.2833985607,0.05467575788,0.04643315077,0.4604200705,0.5628137581,0.5771811153,0.6213019195
4128,1.0,0.0,0.0,0.0,1.0,1.0,0.322921645,0.2800449312,0.05673509836,0.04737377167,0.4620355279,0.5750002364,0.5805368773,0.62874308
4129,1.0,0.0,0.0,0.0,1.0,1.0,0.3218815157,0.2774368802,0.05643129349,0.04683792591,0.4573269259,0.5699997888,0.5819399292,0.6325307644
4130,1.0,0.0,0.0,0.0,1.0,1.0,0.3219357546,0.2848411757,0.05497038364,0.0467658639,0.453525707,0.5671640011,0.5799999347,0.6198832273
4131,1.0,0.0,0.0,0.0,1.0,1.0,0.3193105217,0.2731807288,0.05451136827,0.04469931126,0.456868985,0.5749992619,0.5766665853,0.6280492846
4132,1.0,0.0,0.0,0.0,1.0,1.0,0.3182224645,0.2748463785,0.05765759945,0.04780650139,0.4607999841,0.5728641813,0.5733332602,0.6363638631
4133,1.0,0.0,0.0,0.0,1.0,1.0,0.3219893112,0.281299823,0.05755674839,0.04843884706,0.4577351975,0.5594060739,0.5761587662,0.6117644453
4134,1.0,0.0,0.0,0.0,1.0,1.0,0.32517733,0.2779904099,0.05726337433,0.04715806246,0.484848531,0.5735292281,0.6059602125,0.6309529678
4135,1.0,0.0,0.0,0.0,1.0,1.0,0.3241432761,0.2787222373,0.05484253168,0.04543328285,0.4833067648,0.5588231778,0.6039604648,0.6272191057
4136,1.0,0.0,0.0,0.0,1.0,1.0,0.3262178889,0.2731809941,0.05758196115,0.04629141092,0.4832000227,0.5637260433,0.6066665166,0.6341462787
4137,1.0,0.0,0.0,0.0,1.0,1.0,0.3251003142,0.27576571,0.05902004242,0.04820942879,0.4798711638,0.5643562057,0.6053511136,0.6242414876
4138,1.0,0.0,0.0,0.0,1.0,1.0,0.3245773875,0.2715151589,0.05928897858,0.04784214497,0.4887459272,0.5742572665,0.6100000068,0.6319017564
4139,1.0,0.0,0.0,0.0,1.0,1.0,0.3283189517,0.276512076,0.05602794886,0.04559135437,0.484702013,0.5686276387,0.6100002531,0.6265060871
4140,1.0,0.0,0.0,0.0,1.0,1.0,0.3253622376,0.273180521,0.05642527342,0.04581058025,0.4923448749,0.5792075077,0.6133334092,0.6341458337
4141,1.0,0.0,0.0,0.0,1.0,1.0,0.3218815638,0.2724231241,0.05703186989,0.04648095369,0.4830917196,0.5699994565,0.6053509895,0.6380361647
4142,1.0,0.0,0.0,0.0,1.0,1.0,0.3304862592,0.2772536926,0.0576416254,0.04650312662,0.4680510032,0.5700479595,0.5913619881,0.6287418626
4143,1.0,0.0,0.0,0.0,1.0,1.0,0.3245778998,0.2798437385,0.05761247873,0.04791527987,0.4469453533,0.5693069461,0.5633332765,0.6249998445
4144,1.0,0.0,0.0,0.0,1.0,1.0,0.3272932844,0.2789139838,0.05636042356,0.04618805647,0.4504793206,0.5512193162,0.5681061915,0.6190484794
4145,1.0,0.0,0.0,0.0,1.0,1.0,0.3252151821,0.2754237748,0.05750304461,0.04684394598,0.450793658,0.5756094123,0.5676569611,0.6227549939
4146,1.0,0.0,0.0,0.0,1.0,1.0,0.3255100316,0.2799738525,0.05800074339,0.0484277606,0.4545454621,0.5582530308,0.5798047275,0.6162787406
4147,1.0,0.0,0.0,0.0,1.0,1.0,0.3281276389,0.2710906858,0.05923265219,0.04750061035,0.4496431407,0.5652175226,0.5686275177,0.6265057822
4148,1.0,0.0,0.0,0.0,1.0,1.0,0.3270902288,0.2734626823,0.05962115526,0.04838812351,0.4450592765,0.5603857731,0.5667753913,0.6309529969
4149,1.0,0.0,0.0,0.0,1.0,1.0,0.3236738578,0.2734625436,0.05857175589,0.04800021648,0.4486571725,0.5609751382,0.5667752399,0.6369050428
4150,1.0,0.0,0.0,0.0,1.0,1.0,0.3215867198,0.2758200863,0.05750757456,0.04792302847,0.440063073,0.5686280403,0.56168855,0.6294111428
4151,1.0,0.0,0.0,0.0,1.0,1.0,0.3294688747,0.2718351716,0.05848866701,0.04673498869,0.4416404127,0.5693774541,0.5667752737,0.6407178832
4152,1.0,0.0,0.0,0.0,1.0,1.0,0.3270612402,0.2661912851,0.05825120211,0.04609197378,0.4503574842,0.5631064583,0.5751634662,0.6257663634
4153,1.0,0.0,0.0,0.0,1.0,1.0,0.336335396,0.2839327138,0.05960375071,0.04943442345,0.4449760492,0.5592413886,0.5681817559,0.6114288884
4154,1.0,0.0,0.0,0.0,1.0,1.0,0.3272932027,0.2818097933,0.05951297283,0.04993283749,0.4504792848,0.551219776,0.5704918066,0.616279153
4155,1.0,0.0,0.0,0.0,1.0,1.0,0.3310253869,0.2806873932,0.05885207653,0.04894906282,0.4538217232,0.5576924246,0.5746755222,0.6242777593
4156,1.0,0.0,0.0,0.0,1.0,1.0,0.3299745761,0.2799742066,0.05939918756,0.04911857843,0.4507937304,0.5576923656,0.573289837,0.6162791403
4157,1.0,0.0,0.0,0.0,1.0,1.0,0.3400991755,0.291640439,0.05745995045,0.04824465513,0.4558587119,0.5613204318,0.5737708049,0.6067411982
4158,1.0,0.0,0.0,0.0,1.0,1.0,0.3320779783,0.2818098215,0.05891138315,0.04895049334,0.4558587697,0.5603868596,0.5770493547,0.6279075997
4159,1.0,0.0,0.0,0.0,1.0,1.0,0.3304860685,0.2790650805,0.05751031637,0.04778641462,0.447284269,0.5652170308,0.5681817153,0.6337213726
4160,1.0,0.0,0.0,0.0,1.0,1.0,0.3089184279,0.2423398171,0.05272215605,0.0408808589,0.4545454863,0.5828874285,0.568561724,0.5999997084
4161,1.0,0.0,0.0,0.0,1.0,1.0,0.2875833894,0.182041015,0.04574102163,0.02879989147,0.4653641589,0.6049384486,0.5571427387,0.5980396621
4162,1.0,0.0,0.0,0.0,1.0,1.0,0.2918723207,0.1796152122,0.04536312819,0.02776777744,0.4707963539,0.6121221916,0.5658365363,0.6237630563
4163,1.0,0.0,0.0,0.0,1.0,1.0,0.3108631662,0.2271457118,0.05600088835,0.04064577818,0.4615384424,0.596773524,0.5656566868,0.5925932987
4164,1.0,0.0,0.0,0.0,1.0,1.0,0.306253929,0.2389968046,0.05310899019,0.04083108902,0.4563426581,0.5860209804,0.5685618402,0.6013981829
4165,1.0,0.0,0.0,0.0,1.0,1.0,0.3217159383,0.2631860461,0.05711901188,0.0458111167,0.4509804333,0.5736044529,0.5666665411,0.6202531151
4166,1.0,0.0,0.0,0.0,1.0,1.0,0.3261168018,0.271371495,0.05658471584,0.04616856575,0.4512986751,0.5671639276,0.5794701778,0.628048749
4167,1.0,0.0,0.0,0.0,1.0,1.0,0.3228719133,0.2721253468,0.05623579025,0.04662764072,0.4448052709,0.5678392759,0.5709570211,0.6181811674
4168,1.0,0.0,0.0,0.0,1.0,1.0,0.3272367129,0.2743565512,0.05716669559,0.04731035233,0.4499999531,0.5566501025,0.5751634416,0.625
4169,1.0,0.0,0.0,0.0,1.0,1.0,0.323396857,0.2638793809,0.05389368534,0.04333162308,0.463414717,0.5628145094,0.5874588836,0.625
4170,1.0,0.0,0.0,0.0,1.0,1.0,0.3309623798,0.2697168945,0.05527341366,0.04460185766,0.4983605507,0.5594057804,0.6158939753,0.6319018569
4171,1.0,0.0,0.0,0.0,1.0,1.0,0.3298650343,0.2665180998,0.05741995573,0.04570746422,0.4876848092,0.5572135482,0.6066668103,0.6187503586
4172,1.0,0.0,0.0,0.0,1.0,1.0,0.3331471886,0.2649527338,0.06104516983,0.04751300812,0.4926109324,0.5665017849,0.6107381613,0.6392409827
4173,1.0,0.0,0.0,0.0,1.0,1.0,0.3315222268,0.2715149804,0.05796712637,0.04631686211,0.4796748854,0.5637252231,0.606666874,0.6257663422
4174,1.0,0.0,0.0,0.0,1.0,1.0,0.337453057,0.2787220622,0.05608838797,0.04535371065,0.4814217068,0.550239265,0.6072607539,0.6153850198
4175,1.0,0.0,0.0,0.0,1.0,1.0,0.3358381648,0.2752560245,0.05796146393,0.04681503773,0.4846526767,0.5625,0.6098362747,0.6309518656
4176,1.0,0.0,0.0,0.0,1.0,1.0,0.3272364115,0.2713716502,0.05726832151,0.04626607895,0.4629032894,0.5566500105,0.5827815056,0.6219518794
4177,1.0,0.0,0.0,0.0,1.0,1.0,0.3217713592,0.250696086,0.05460345745,0.04136627913,0.4487805555,0.560606226,0.5618729085,0.6200002594
4178,1.0,0.0,0.0,0.0,1.0,1.0,0.3211324538,0.2515373815,0.05442786217,0.04165393114,0.4524589115,0.5561223372,0.5704697503,0.6266668765
4179,1.0,0.0,0.0,0.0,1.0,1.0,0.3244091173,0.2573815068,0.05603647232,0.04358392954,0.4508196184,0.5555557919,0.5585284681,0.6233758241
4180,1.0,0.0,0.0,0.0,1.0,1.0,0.3218266736,0.2548576253,0.05629974604,0.0432857275,0.438511343,0.5577887106,0.5533332468,0.6339880531
4181,1.0,0.0,0.0,0.0,1.0,1.0,0.3218266222,0.2531481102,0.05505877733,0.04260832071,0.4449838805,0.5678394081,0.5592103935,0.6233764054
4182,1.0,0.0,0.0,0.0,1.0,1.0,0.3178553831,0.2465290098,0.05520540476,0.04211544991,0.44426228,0.5618558983,0.5633333368,0.6216210479
4183,1.0,0.0,0.0,0.0,1.0,1.0,0.3225622964,0.2642592702,0.05212056637,0.04212856293,0.4682274821,0.5492236156,0.576271028,0.6153848331
4184,1.0,0.0,0.0,0.0,1.0,1.0,0.314257272,0.2299755967,0.04953384399,0.03600007296,0.4587629032,0.5792356565,0.5605534514,0.6315794702
4185,1.0,0.0,0.0,0.0,1.0,1.0,0.3042581421,0.1684043037,0.04471307993,0.02493095398,0.4907748958,0.5212121131,0.5567763415,0.4891290835
4186,1.0,0.0,0.0,0.0,1.0,1.0,0.3159156303,0.200269713,0.04700094461,0.02990967035,0.4923371294,0.4666670894,0.5458013287,0.4095248913
4187,1.0,0.0,0.0,0.0,1.0,1.0,0.3396162472,0.208377937,0.04906874895,0.0302824378,0.5009709589,0.4342868457,0.5405407068,0.3518536379
4188,1.0,0.0,0.0,0.0,1.0,1.0,0.3298940897,0.2103074074,0.04547119141,0.02932757139,0.51757811,0.4319526007,0.5521236759,0.3394494294
4189,1.0,0.0,0.0,0.0,1.0,1.0,0.316751927,0.2096868502,0.0463783741,0.03082293272,0.5078741207,0.4285708778,0.537254964,0.3644858187
4190,1.0,0.0,0.0,0.0,1.0,1.0,0.3029194793,0.204519184,0.04450184107,0.03004586697,0.5212356285,0.4585979157,0.555984675,0.3679253143
4191,1.0,0.0,0.0,0.0,1.0,1.0,0.2973385848,0.1991075231,0.0429803133,0.02828383446,0.4798465372,0.4516135295,0.5273439057,0.4117663174
4192,1.0,0.0,0.0,0.0,1.0,1.0,0.2699222379,0.1495513567,0.04040771723,0.02238804102,0.4927006856,0.5743241549,0.5802919446,0.6219526156
4193,1.0,0.0,0.0,0.0,1.0,1.0,0.2899405581,0.2298369166,0.04661995173,0.03619903326,0.4709897911,0.5764703325,0.5818817124,0.6363624389
4194,1.0,0.0,0.0,0.0,1.0,1.0,0.3070071856,0.2584174761,0.05030983686,0.04128688574,0.4774624647,0.5815221448,0.5924658595,0.6622519233
4195,1.0,0.0,0.0,0.0,1.0,1.0,0.3194936554,0.2761171221,0.05333912373,0.04458606243,0.4721311689,0.5897436757,0.5966101707,0.6564415866
4196,1.0,0.0,0.0,0.0,1.0,1.0,0.315963226,0.2772422501,0.05114543438,0.04360818863,0.4825291073,0.5842102932,0.6095889477,0.654321072
4197,1.0,0.0,0.0,0.0,1.0,1.0,0.3124280511,0.2799122213,0.05238372087,0.04470437765,0.476268427,0.5863870295,0.604811035,0.6687119591
4198,1.0,0.0,0.0,0.0,1.0,1.0,0.3150947923,0.2884985654,0.05431091785,0.04752206802,0.4794745631,0.5729170554,0.597938107,0.6428580388
4199,1.0,0.0,0.0,0.0,1.0,1.0,0.2817218074,0.2524720942,0.04511058331,0.03893470764,0.474832255,0.559524596,0.5853660988,0.6344823152
4200,1.0,0.0,0.0,0.0,1.0,1.0,0.2447610292,0.1840057196,0.03766393661,0.02710664272,0.484229973,0.5151512274,0.5232555176,0.5368424756
4201,1.0,0.0,0.0,0.0,1.0,1.0,0.2470530072,0.2374153549,0.03741753101,0.0351498127,0.5280899606,0.4469703486,0.5785442248,0.3790316017
4202,1.0,0.0,0.0,0.0,1.0,1.0,0.2427489391,0.2399454267,0.03535211086,0.0334187746,0.4971537031,0.3906239989,0.531745777,0.3553722841
4203,1.0,0.0,0.0,0.0,1.0,1.0,0.2460749099,0.2271459382,0.0377882123,0.03342801332,0.4981060591,0.3846156273,0.5335968652,0.3478261645
4204,1.0,0.0,0.0,0.0,1.0,1.0,0.2409199731,0.2508480568,0.03588968515,0.0356093049,0.4971750983,0.3515625389,0.5375494254,0.3307092941
4205,1.0,0.0,0.0,0.0,1.0,1.0,0.2310845147,0.2378672187,0.03312122822,0.03284525871,0.5317918883,0.3250006299,0.5520001623,0.2857153227
4206,1.0,0.0,0.0,0.0,1.0,1.0,0.225495415,0.2399453315,0.03426831961,0.0351395607,0.5315489021,0.3220339278,0.5555555103,0.2975214742
4207,1.0,0.0,0.0,0.0,1.0,1.0,0.2369616996,0.2408293636,0.03504288197,0.03391242027,0.4990440672,0.3145162113,0.5341364986,0.2750001758
4208,1.0,0.0,0.0,0.0,1.0,1.0,0.2216735156,0.2458629748,0.03316062689,0.03516173363,0.5296366298,0.3103445177,0.5479999116,0.2682924349
4209,1.0,0.0,0.0,0.0,1.0,1.0,0.2178513954,0.2468502765,0.03274095058,0.03532582521,0.5143402945,0.3333339402,0.5421685392,0.3170741173
4210,1.0,0.0,0.0,0.0,1.0,1.0,0.2163545435,0.2528708021,0.03190606833,0.03557664156,0.5172413305,0.3274344053,0.5461846981,0.3095244079
4211,1.0,0.0,0.0,0.0,1.0,1.0,0.2182690187,0.2438156528,0.03232640028,0.03431135416,0.5095785757,0.3245615814,0.5362903277,0.29752158
4212,1.0,0.0,0.0,0.0,1.0,1.0,0.2235846446,0.2508639102,0.03387099504,0.03618693352,0.5143402723,0.3162402488,0.5421686946,0.2799992094
4213,1.0,0.0,0.0,0.0,1.0,1.0,0.2272333439,0.2427794813,0.0330696106,0.03363013268,0.5202311914,0.3220346926,0.5384612406,0.2750008862
4214,1.0,0.0,0.0,0.0,1.0,1.0,0.219530935,0.2478454566,0.03185534477,0.03437018394,0.5105972257,0.2982464019,0.5282255829,0.2845521265
4215,1.0,0.0,0.0,0.0,1.0,1.0,0.2325621084,0.2438638352,0.03443855047,0.03472322226,0.5192307112,0.3388434758,0.5400000837,0.2950808416
4216,1.0,0.0,0.0,0.0,1.0,1.0,0.2401758932,0.2448430279,0.03605163097,0.03547012806,0.5155038267,0.3145164224,0.5341366536,0.2622947789
4217,1.0,0.0,0.0,0.0,1.0,1.0,0.2411783387,0.2478454157,0.03487789631,0.03431981802,0.5115830963,0.344000041,0.5403226431,0.3008122739
4218,1.0,0.0,0.0,0.0,1.0,1.0,0.2392484958,0.2458305399,0.03518664837,0.03461915255,0.5212355259,0.3306450247,0.5443551664,0.2786886657
4219,1.0,0.0,0.0,0.0,1.0,1.0,0.2208503323,0.2080550144,0.03295081854,0.02987915277,0.5074906915,0.4152540687,0.5486381291,0.3551404479
4220,1.0,0.0,0.0,0.0,1.0,1.0,0.2030951738,0.1850818853,0.03074270487,0.02696728706,0.4795009141,0.6140347476,0.5518519397,0.6399999116
4221,1.0,0.0,0.0,0.0,1.0,1.0,0.239592212,0.2105965261,0.03913015127,0.0329810977,0.4811643139,0.5714285714,0.582142887,0.6271183071
4222,1.0,0.0,0.0,0.0,1.0,1.0,0.2841389568,0.2610997556,0.04734486341,0.04156434536,0.4743802218,0.5755814759,0.591695538,0.6423851411
4223,1.0,0.0,0.0,0.0,1.0,1.0,0.2961919548,0.2783912143,0.0494184494,0.04444903135,0.4701987086,0.5977657809,0.5882355576,0.6397507949
4224,1.0,0.0,0.0,0.0,1.0,1.0,0.3029608625,0.2808776308,0.05073302984,0.04494285583,0.4744646541,0.5869561386,0.6,0.6503071553
4225,1.0,0.0,0.0,0.0,1.0,1.0,0.3056145377,0.2818494167,0.05125457048,0.04515939951,0.4710743435,0.5837838655,0.5986159916,0.6441716415
4226,1.0,0.0,0.0,0.0,1.0,1.0,0.3082691976,0.2848241005,0.05356532335,0.04708117247,0.4675325433,0.589474305,0.5938565421,0.6467069507
4227,1.0,0.0,0.0,0.0,1.0,1.0,0.3096632506,0.29121645,0.05250233412,0.04694646597,0.465573793,0.5925925505,0.5896553458,0.650887281
4228,1.0,0.0,0.0,0.0,1.0,1.0,0.3136457067,0.2838547851,0.0521197319,0.04509842396,0.4666666428,0.5906734033,0.602040713,0.6526949907
4229,1.0,0.0,0.0,0.0,1.0,1.0,0.3122250606,0.280249119,0.05212706327,0.0446035862,0.4557165399,0.5824741266,0.5810812633,0.6506018783
4230,1.0,0.0,0.0,0.0,1.0,1.0,0.3066469206,0.2804557001,0.05263769627,0.0459535718,0.469155927,0.5873012997,0.5952380519,0.6545456196
4231,1.0,0.0,0.0,0.0,1.0,1.0,0.3228212539,0.3008524955,0.05473220348,0.04892730713,0.4796086049,0.595959288,0.6054422641,0.638418788
4232,1.0,0.0,0.0,0.0,1.0,1.0,0.3092738164,0.2811989322,0.05209898949,0.04551804066,0.4641693739,0.589473913,0.5966101445,0.6445789128
4233,1.0,0.0,0.0,0.0,1.0,1.0,0.3016261334,0.2702572274,0.05149906874,0.04426133633,0.4779771652,0.589189258,0.5986397281,0.6540880334
4234,1.0,0.0,0.0,0.0,1.0,1.0,0.2894825149,0.2557890077,0.04891258478,0.04126137495,0.4708737183,0.575419471,0.6000001478,0.6423840486
4235,1.0,0.0,0.0,0.0,1.0,1.0,0.2579204644,0.2069020819,0.04140406847,0.03214263916,0.4702886686,0.59868422,0.5789474492,0.6525430958
4236,1.0,0.0,0.0,0.0,1.0,1.0,0.2457340706,0.1634066361,0.03719937801,0.02387422323,0.4458714466,0.6119400354,0.5057033197,0.6511635455
4237,1.0,0.0,0.0,0.0,1.0,1.0,0.2452843929,0.1829168761,0.03814452887,0.02761209011,0.4780218769,0.5447755247,0.5433960372,0.5360817176
4238,1.0,0.0,0.0,0.0,1.0,1.0,0.2627210284,0.1815465836,0.03819453716,0.02590817213,0.477941184,0.5104884847,0.5393257582,0.4948454794
4239,1.0,0.0,0.0,0.0,1.0,1.0,0.2688667278,0.1892882193,0.04093337059,0.02822989225,0.4879406021,0.4827593237,0.5378787061,0.4399992399
4240,1.0,0.0,0.0,0.0,1.0,1.0,0.2447986156,0.1760382767,0.03711754084,0.02595442533,0.4953959405,0.4887214181,0.5416664982,0.451613644
4241,1.0,0.0,0.0,0.0,1.0,1.0,0.255931818,0.1748070179,0.03788644075,0.0254419446,0.5028036563,0.4817527205,0.551331043,0.4565216882
4242,1.0,0.0,0.0,0.0,1.0,1.0,0.26777518,0.1818910786,0.04072207212,0.0272436738,0.5037736557,0.4366198626,0.5517240282,0.3684203617
4243,1.0,0.0,0.0,0.0,1.0,1.0,0.2612178368,0.1857201113,0.03946948051,0.02774304152,0.5151514614,0.4347828713,0.5517242067,0.3917512262
4244,1.0,0.0,0.0,0.0,1.0,1.0,0.2768854336,0.190278113,0.04060798883,0.02753549814,0.5142315538,0.4246582581,0.5538461412,0.3737371988
4245,1.0,0.0,0.0,0.0,1.0,1.0,0.2601545348,0.1786072014,0.03885114193,0.02627336979,0.4981272608,0.4604319637,0.5437261341,0.4148944859
4246,1.0,0.0,0.0,0.0,1.0,1.0,0.2683328245,0.1665736463,0.03913426399,0.02410441637,0.5077821195,0.4565221365,0.5333334706,0.4
4247,1.0,0.0,0.0,0.0,1.0,1.0,0.2833668171,0.1659307392,0.04207724333,0.02445030212,0.4980842989,0.4594589618,0.5366796054,0.4069764607
4248,1.0,0.0,0.0,0.0,1.0,1.0,0.2950730727,0.1866658973,0.04358291626,0.02699327469,0.4819048315,0.4322579322,0.5175095111,0.3645842534
4249,1.0,0.0,0.0,0.0,1.0,1.0,0.3036041816,0.17423204,0.04470354319,0.02526718378,0.4849056298,0.434782087,0.5210726347,0.3516476258
4250,1.0,0.0,0.0,0.0,1.0,1.0,0.298484721,0.1717789165,0.04138070345,0.02349352837,0.500963434,0.4516134608,0.5351562875,0.3977257736
4251,1.0,0.0,0.0,0.0,1.0,1.0,0.2931698672,0.1678599344,0.04450112581,0.02514022589,0.4876191927,0.4480521829,0.517374482,0.3793111624
4252,1.0,0.0,0.0,0.0,1.0,1.0,0.2964122183,0.1640011832,0.0439106822,0.02392572165,0.503802376,0.4423081883,0.5366794057,0.3647071426
4253,1.0,0.0,0.0,0.0,1.0,1.0,0.3032657386,0.1652770966,0.04384899139,0.02344125509,0.5038167719,0.4339616999,0.5291830723,0.3647054636
4254,1.0,0.0,0.0,0.0,1.0,1.0,0.2928422908,0.1518382133,0.04358667135,0.02221512794,0.4933838341,0.4774192049,0.5307692903,0.4430385181
4255,1.0,0.0,0.0,0.0,1.0,1.0,0.2926542617,0.1371412984,0.04301261902,0.01974791288,0.476979744,0.484275919,0.5263156152,0.4794530885
4256,1.0,0.0,0.0,0.0,1.0,1.0,0.2712513062,0.1258424554,0.0402815938,0.01865392923,0.5100183045,0.5771803739,0.5875914331,0.652173913
4257,1.0,0.0,0.0,0.0,1.0,1.0,0.2648698006,0.1438043018,0.04176801443,0.02227622271,0.4699646296,0.6200005423,0.5503597676,0.662499699
4258,1.0,0.0,0.0,0.0,1.0,1.0,0.275356593,0.1799693497,0.04364007711,0.02774643898,0.4761904941,0.611111794,0.5839160812,0.6796123805
4259,1.0,0.0,0.0,0.0,1.0,1.0,0.287692925,0.2148971838,0.0458766222,0.03341305256,0.4891847245,0.5780335255,0.6006826684,0.6587290261
4260,1.0,0.0,0.0,0.0,1.0,1.0,0.2923987334,0.2296016607,0.04879420996,0.03749161959,0.4859504532,0.576271849,0.6013511713,0.6544113322
4261,1.0,0.0,0.0,0.0,1.0,1.0,0.3009775141,0.2523843788,0.0486754179,0.039681077,0.4844518311,0.5760863443,0.6094278022,0.6466658055
4262,1.0,0.0,0.0,0.0,1.0,1.0,0.2946240979,0.2422891705,0.04807883501,0.03825056553,0.4853420558,0.5580111799,0.6060604573,0.638888456
4263,1.0,0.0,0.0,0.0,1.0,1.0,0.3126292773,0.2623949409,0.05276685953,0.04292428493,0.4878444794,0.5699489767,0.6020068303,0.6369423037
4264,1.0,0.0,0.0,0.0,1.0,1.0,0.3136461249,0.2582449494,0.0539740324,0.04306733608,0.4959348763,0.5751291503,0.6040269128,0.6428579337
4265,1.0,0.0,0.0,0.0,1.0,1.0,0.3211321665,0.2707518216,0.05134570599,0.0424388051,0.4885245236,0.5714282398,0.6053511896,0.623456296
4266,1.0,0.0,0.0,0.0,1.0,1.0,0.315005552,0.2659531548,0.05205458403,0.04278832674,0.4768976175,0.5706805324,0.5966102938,0.6305732662
4267,1.0,0.0,0.0,0.0,1.0,1.0,0.3097780531,0.2598546925,0.05195778608,0.04266005754,0.4828711472,0.5736847358,0.6033332644,0.6346153577
4268,1.0,0.0,0.0,0.0,1.0,1.0,0.3141570179,0.2648519977,0.04987710714,0.04109042883,0.4674266312,0.5699480998,0.5899998425,0.6226408252
4269,1.0,0.0,0.0,0.0,1.0,1.0,0.3114084894,0.2615989313,0.05147510767,0.04204249382,0.4714519801,0.5759168791,0.5906040293,0.6346142941
4270,1.0,0.0,0.0,0.0,1.0,1.0,0.3189007652,0.2675272665,0.05075824261,0.0416008234,0.4703948437,0.5567015273,0.5959596424,0.6226412932
4271,1.0,0.0,0.0,0.0,1.0,1.0,0.321012777,0.2615990213,0.05328959227,0.04285144806,0.471854234,0.561856091,0.5939598414,0.6282047715
4272,1.0,0.0,0.0,0.0,1.0,1.0,0.3122223188,0.2490193121,0.05215120316,0.04083800316,0.4793387589,0.5767196372,0.599326521,0.6418919708
4273,1.0,0.0,0.0,0.0,1.0,1.0,0.3071289878,0.2153970641,0.0501306653,0.03462064266,0.4838710384,0.5856361014,0.5965518699,0.6479999587
4274,1.0,0.0,0.0,0.0,1.0,1.0,0.2832926613,0.165387885,0.04396414757,0.02539539337,0.4753520893,0.6149070765,0.5658366167,0.6236551316
4275,1.0,0.0,0.0,0.0,1.0,1.0,0.3086509716,0.1337545167,0.04502040148,0.01929450035,0.4632352273,0.5535715468,0.5390334957,0.694443758
4276,1.0,0.0,0.0,0.0,1.0,1.0,0.3061021114,0.1456749951,0.04565215111,0.02172601223,0.488929858,0.5361449558,0.5645756325,0.5822793839
4277,1.0,0.0,0.0,0.0,1.0,1.0,0.3027508718,0.1459040586,0.04648995399,0.02240478992,0.496350411,0.5481927556,0.5729927857,0.6
4278,1.0,0.0,0.0,0.0,1.0,1.0,0.3171661898,0.1506512089,0.04680937529,0.02231609821,0.4926199577,0.5232557991,0.5625002012,0.536586343
4279,1.0,0.0,0.0,0.0,1.0,1.0,0.3071011686,0.1562764493,0.04671436548,0.02377182245,0.4945454107,0.5207103914,0.5709093246,0.5232545603
4280,1.0,0.0,0.0,0.0,1.0,1.0,0.3116342993,0.1548952684,0.04632377625,0.02302485704,0.4870847739,0.5029581155,0.557195603,0.4880958236
4281,1.0,0.0,0.0,0.0,1.0,1.0,0.3115140991,0.1566286453,0.04500609636,0.02250301838,0.4842300208,0.4821428808,0.5410450207,0.4642843899
4282,1.0,0.0,0.0,0.0,1.0,1.0,0.3217900698,0.1608948522,0.04825717211,0.02412855625,0.5000000497,0.482352854,0.5568179695,0.4470591142
4283,1.0,0.0,0.0,0.0,1.0,1.0,0.3120931408,0.1491707577,0.04745459557,0.02259749174,0.4907063663,0.4821429469,0.5485074583,0.4499990768
4284,1.0,0.0,0.0,0.0,1.0,1.0,0.3106124168,0.1513751334,0.04651039839,0.02270799875,0.4954295215,0.46470592,0.5656936221,0.4216868735
4285,1.0,0.0,0.0,0.0,1.0,1.0,0.3079565596,0.1425061357,0.0467697382,0.02151983976,0.4971644653,0.5030675472,0.5589356494,0.4933318192
4286,1.0,0.0,0.0,0.0,1.0,1.0,0.3069448721,0.1301162408,0.04483520985,0.01886361837,0.499999898,0.5121947329,0.5660374488,0.5507253246
4287,1.0,0.0,0.0,0.0,1.0,1.0,0.3050731141,0.1216549685,0.04411697388,0.01759266853,0.4887640924,0.5153372244,0.5617979427,0.5846128827
4288,1.0,0.0,0.0,0.0,1.0,1.0,0.2990894209,0.1281810312,0.04355370998,0.01866585016,0.4888475391,0.5341612952,0.5687730623,0.6231874339
4289,1.0,0.0,0.0,0.0,1.0,1.0,0.2913500883,0.1351098473,0.04320037365,0.01995968819,0.4907748907,0.5696209343,0.5740740218,0.6575337148
4290,1.0,0.0,0.0,0.0,1.0,1.0,0.2884419643,0.1377906835,0.04158115387,0.0198636055,0.5073529617,0.5732480333,0.5882350995,0.6533325732
4291,1.0,0.0,0.0,0.0,1.0,1.0,0.2831754031,0.1406622639,0.04157203436,0.02065014839,0.5148148178,0.601307883,0.5962961519,0.6447357787
4292,1.0,0.0,0.0,0.0,1.0,1.0,0.2942703233,0.1701949396,0.04408627748,0.02526897192,0.5044882346,0.6097560316,0.5978258688,0.6702127409
4293,1.0,0.0,0.0,0.0,1.0,1.0,0.3022789147,0.1942378645,0.04691809416,0.02983230352,0.5017483219,0.5953757519,0.600706781,0.6727272364
4294,1.0,0.0,0.0,0.0,1.0,1.0,0.2934459372,0.1922002974,0.04708564281,0.0304671526,0.5043178342,0.5941179747,0.6048950812,0.663637573
4295,1.0,0.0,0.0,0.0,1.0,1.0,0.297779112,0.2072012413,0.04641270638,0.03174197674,0.4982877269,0.5862065866,0.6062716523,0.6722699806
4296,1.0,0.0,0.0,0.0,1.0,1.0,0.2989779891,0.1978061496,0.04856681824,0.03163784742,0.4991453812,0.6000004909,0.607638788,0.6578942906
4297,1.0,0.0,0.0,0.0,1.0,1.0,0.2975961404,0.1978063274,0.04789662361,0.03156197071,0.5008606276,0.5953753988,0.6145835668,0.6578952338
4298,1.0,0.0,0.0,0.0,1.0,1.0,0.3003417012,0.1998885195,0.04866123199,0.03189098835,0.4991511503,0.5875710436,0.6172412917,0.663792749
4299,1.0,0.0,0.0,0.0,1.0,1.0,0.2993251443,0.2016117808,0.04898315668,0.03237873316,0.4805414763,0.5875704702,0.5931036505,0.6495724608
4300,1.0,0.0,0.0,0.0,1.0,1.0,0.2929684542,0.2141661849,0.04825365543,0.03391546011,0.4438860456,0.5942855519,0.5574914335,0.6341468558
4301,1.0,0.0,0.0,0.0,1.0,1.0,0.3059855429,0.2498605737,0.05049043894,0.03978866339,0.44592346,0.5597829744,0.5655172698,0.6137941676
4302,1.0,0.0,0.0,0.0,1.0,1.0,0.298836199,0.2352639561,0.04919117689,0.03744000196,0.4418605535,0.572222404,0.567010483,0.642335534
4303,1.0,0.0,0.0,0.0,1.0,1.0,0.3043226804,0.2327467322,0.05094981194,0.03786432743,0.4409317345,0.5683063561,0.5582191078,0.6397070167
4304,1.0,0.0,0.0,0.0,1.0,1.0,0.2704579642,0.1495515778,0.0415161252,0.02254521847,0.4677419104,0.602648864,0.5583941332,0.5975608466
4305,1.0,0.0,0.0,0.0,1.0,1.0,0.2873849599,0.1480653706,0.04346626997,0.02214843035,0.4871795225,0.5222922949,0.5481481718,0.5249993945
4306,1.0,0.0,0.0,0.0,1.0,1.0,0.2922019442,0.165306934,0.04413169622,0.0244551301,0.4841713604,0.4713380614,0.524714714,0.4482742652
4307,1.0,0.0,0.0,0.0,1.0,1.0,0.3073754826,0.1836098063,0.04537630081,0.02700310946,0.4924528197,0.4478528494,0.5416667004,0.3917516671
4308,1.0,0.0,0.0,0.0,1.0,1.0,0.3092611328,0.1697527578,0.04622918367,0.0250878334,0.4981132147,0.4390243902,0.5458013512,0.4269667193
4309,1.0,0.0,0.0,0.0,1.0,1.0,0.3111469427,0.1773820299,0.04630064964,0.02609676123,0.4999999499,0.4303034516,0.5381680626,0.3763438404
4310,1.0,0.0,0.0,0.0,1.0,1.0,0.2990754936,0.1735671623,0.04452395439,0.02564352751,0.509469675,0.4430379069,0.5496186563,0.3846155634
4311,1.0,0.0,0.0,0.0,1.0,1.0,0.3160138645,0.1723174139,0.04734349251,0.02566814423,0.5009522684,0.4457831629,0.5440611034,0.4111113691
4312,1.0,0.0,0.0,0.0,1.0,1.0,0.3161113975,0.1805076279,0.04619282484,0.0262773633,0.5075758387,0.4371247518,0.5513306911,0.3684222465
4313,1.0,0.0,0.0,0.0,1.0,1.0,0.3192132564,0.1773818671,0.04782527685,0.02647471428,0.4999999503,0.4464284156,0.5496185371,0.3870955396
4314,1.0,0.0,0.0,0.0,1.0,1.0,0.298340879,0.1527451751,0.04464942217,0.02260380983,0.4925373758,0.4812499917,0.5509433871,0.4567899607
4315,1.0,0.0,0.0,0.0,1.0,1.0,0.2798439006,0.1382990277,0.04176747799,0.02034127712,0.49272737,0.5259738962,0.5645754783,0.5333313798
4316,1.0,0.0,0.0,0.0,1.0,1.0,0.2751574146,0.159409034,0.04310244322,0.02474910021,0.5026642903,0.6129029135,0.594982171,0.662921673
4317,1.0,0.0,0.0,0.0,1.0,1.0,0.284069987,0.1854089141,0.04521632195,0.02894949913,0.4904679688,0.5975607827,0.6007065276,0.6380957479
4318,1.0,0.0,0.0,0.0,1.0,1.0,0.295443244,0.2161423089,0.04805600643,0.03432571888,0.4695945711,0.5942851189,0.5847751203,0.6480004862
4319,1.0,0.0,0.0,0.0,1.0,1.0,0.2996651846,0.2175655433,0.0474922657,0.03396093845,0.4857622105,0.581005236,0.6054421743,0.6406251645
4320,1.0,0.0,0.0,0.0,1.0,1.0,0.2966837092,0.2096145231,0.04812407494,0.03360617161,0.4908789257,0.5865915768,0.6040267159,0.6639997304
4321,1.0,0.0,0.0,0.0,1.0,1.0,0.2919904806,0.2141663443,0.04770874977,0.0343503356,0.4858097321,0.5885722496,0.5952381218,0.6428580105
4322,1.0,0.0,0.0,0.0,1.0,1.0,0.3013389959,0.2151340612,0.04817312956,0.03398883343,0.4874370623,0.5833340551,0.6067798554,0.6535429066
4323,1.0,0.0,0.0,0.0,1.0,1.0,0.295821396,0.2141660403,0.04721093178,0.03360778093,0.5,0.5762712292,0.6088435387,0.6587306795
4324,1.0,0.0,0.0,0.0,1.0,1.0,0.2624434058,0.1466569253,0.0406088829,0.02252954245,0.4982013699,0.6027397461,0.5869563362,0.6296314914
4325,1.0,0.0,0.0,0.0,1.0,1.0,0.2704153905,0.142513153,0.04098808765,0.02132493258,0.4936015993,0.5878377003,0.5666667729,0.6363616036
4326,1.0,0.0,0.0,0.0,1.0,1.0,0.3076674933,0.1646589623,0.04570573568,0.02441424131,0.4837476161,0.4782600758,0.5210726552,0.4534903309
4327,1.0,0.0,0.0,0.0,1.0,1.0,0.2956366304,0.1640305834,0.04261136055,0.02364242077,0.5229008285,0.4580654637,0.5496182859,0.3720925542
4328,1.0,0.0,0.0,0.0,1.0,1.0,0.2948544563,0.1602159195,0.0427312851,0.02330797911,0.5229884638,0.4740261008,0.5572516363,0.4285717939
4329,1.0,0.0,0.0,0.0,1.0,1.0,0.3072216021,0.1762578822,0.04578876495,0.02637195587,0.525291779,0.4620259096,0.55813947,0.3956035512
4330,1.0,0.0,0.0,0.0,1.0,1.0,0.3081132318,0.1710584862,0.04593247175,0.02554994822,0.5067437091,0.4437497648,0.5461539106,0.3820233893
4331,1.0,0.0,0.0,0.0,1.0,1.0,0.3099047164,0.1678600271,0.04591012001,0.02496361732,0.5174419072,0.4500002597,0.5482624632,0.3793109212
4332,1.0,0.0,0.0,0.0,1.0,1.0,0.309261362,0.1476449354,0.04467171431,0.02124631405,0.4905661331,0.4573169999,0.5340909138,0.4102548997
4333,1.0,0.0,0.0,0.0,1.0,1.0,0.2881941312,0.116040082,0.04351198673,0.0172932148,0.4565619424,0.5256407446,0.5131085633,0.5483883198
4334,1.0,0.0,0.0,0.0,1.0,1.0,0.2909333013,0.1884760198,0.04492914677,0.02880752087,0.4537672133,0.6058828368,0.5570932475,0.642202727
4335,1.0,0.0,0.0,0.0,1.0,1.0,0.300996669,0.2144070601,0.04958534241,0.03479188681,0.4725457641,0.5635361773,0.5844592522,0.6141737949
4336,1.0,0.0,0.0,0.0,1.0,1.0,0.3095470837,0.2422889437,0.05107063055,0.03911793232,0.4612849382,0.5425531294,0.5791244387,0.6180545186
4337,1.0,0.0,0.0,0.0,1.0,1.0,0.3171782828,0.246484339,0.05202627182,0.0395616889,0.4561982382,0.557291237,0.5777025321,0.6164387896
4338,1.0,0.0,0.0,0.0,1.0,1.0,0.3127389455,0.2380428751,0.05079698563,0.03789621592,0.4619205916,0.5608461076,0.5844593507,0.6170215778
4339,1.0,0.0,0.0,0.0,1.0,1.0,0.3172570949,0.261598848,0.05103904009,0.0412543416,0.4605262609,0.5647669664,0.5838924627,0.621795233
4340,1.0,0.0,0.0,0.0,1.0,1.0,0.3200183417,0.2573813047,0.05478495359,0.04326605797,0.4614122425,0.5487178762,0.5819395823,0.6038967659
4341,1.0,0.0,0.0,0.0,1.0,1.0,0.3210729902,0.2573810505,0.05208927393,0.04113709927,0.4645799009,0.5435895793,0.5819399253,0.6103893846
4342,1.0,0.0,0.0,0.0,1.0,1.0,0.3122223209,0.2456538996,0.05174320936,0.03997093439,0.4611570295,0.5661375844,0.5824915628,0.6301377421
4343,1.0,0.0,0.0,0.0,1.0,1.0,0.3089184681,0.2507016887,0.05202388763,0.04145216942,0.4644627725,0.5614974978,0.5791248231,0.6174487959
4344,1.0,0.0,0.0,0.0,1.0,1.0,0.3085524525,0.2279131222,0.05013954639,0.03678715229,0.4614094398,0.5597835003,0.5844597539,0.6148146588
4345,1.0,0.0,0.0,0.0,1.0,1.0,0.2920905348,0.1784717154,0.04637980461,0.02793961763,0.4771126947,0.5843374578,0.5714286258,0.6199991893
4346,1.0,0.0,0.0,0.0,1.0,1.0,0.2945723308,0.1765799968,0.04526144266,0.02694135904,0.4842104865,0.6011910014,0.5865724492,0.6299986062
4347,1.0,0.0,0.0,0.0,1.0,1.0,0.2919518476,0.1689704949,0.0444611907,0.02564018965,0.4802866896,0.6073612312,0.579136904,0.6382973283
4348,1.0,0.0,0.0,0.0,1.0,1.0,0.2725751343,0.1477280343,0.04208952188,0.02272838354,0.4800000463,0.6066657698,0.5693429045,0.6049370737
4349,1.0,0.0,0.0,0.0,1.0,1.0,0.2673781369,0.1411850135,0.04116982222,0.02157866955,0.4797047485,0.6137929537,0.5539032471,0.5921056266
4350,1.0,0.0,0.0,0.0,1.0,1.0,0.2705671949,0.141185171,0.04106992483,0.02123343945,0.4769798243,0.6122454607,0.5576207486,0.5921041551
4351,1.0,0.0,0.0,0.0,1.0,1.0,0.2666389468,0.1427777203,0.04105114937,0.02178227901,0.4736842105,0.6122452535,0.556776302,0.6282049879
4352,1.0,0.0,0.0,0.0,1.0,1.0,0.2626270967,0.1451396798,0.04019165039,0.02204960585,0.476277432,0.6041666667,0.5588233332,0.6075943892
4353,1.0,0.0,0.0,0.0,1.0,1.0,0.2685887047,0.1419874519,0.04095047712,0.02145028114,0.473491704,0.6190485201,0.5571956811,0.6233758295
4354,1.0,0.0,0.0,0.0,1.0,1.0,0.2796946385,0.1371414121,0.04137891531,0.02013772726,0.4757462482,0.6000002881,0.5526317285,0.630137189
4355,1.0,0.0,0.0,0.0,1.0,1.0,0.3000069683,0.1991895529,0.04779487848,0.03167802095,0.5008725331,0.5813946238,0.6013986433,0.6578953805
4356,1.0,0.0,0.0,0.0,1.0,1.0,0.305985743,0.2498605693,0.05129134655,0.04125607014,0.4891845931,0.5543481545,0.6013516026,0.6216218169
4357,1.0,0.0,0.0,0.0,1.0,1.0,0.3188301092,0.2692100024,0.05266058445,0.04365646839,0.4942148534,0.5595858734,0.6195284339,0.6187506315
4358,1.0,0.0,0.0,0.0,1.0,1.0,0.3242781744,0.2761172719,0.05377870798,0.04495352507,0.4908485797,0.5641020241,0.6169493635,0.6196315277
4359,1.0,0.0,0.0,0.0,1.0,1.0,0.3243222547,0.2761171848,0.05452769995,0.04534703493,0.4884106367,0.5612244117,0.6101694854,0.6257661374
4360,1.0,0.0,0.0,0.0,1.0,1.0,0.3210129474,0.2718077193,0.05378991365,0.04464006424,0.4950331113,0.5618558472,0.6148649066,0.6335401156
4361,1.0,0.0,0.0,0.0,1.0,1.0,0.3364294434,0.2961311118,0.05623823404,0.04828262329,0.4942529699,0.5756098698,0.6161618783,0.6193176207
4362,1.0,0.0,0.0,0.0,1.0,1.0,0.3364292726,0.3011783122,0.05574095249,0.04867136478,0.4860427313,0.570731989,0.6060604496,0.6145253928
4363,1.0,0.0,0.0,0.0,1.0,1.0,0.3238778319,0.2807795079,0.05479425192,0.04649209976,0.4942716858,0.5707069004,0.6153846154,0.6190474969
4364,1.0,0.0,0.0,0.0,1.0,1.0,0.3390676085,0.3001681675,0.05939972401,0.05063122511,0.4604199771,0.5571424558,0.5939598228,0.6033520474
4365,1.0,0.0,0.0,0.0,1.0,1.0,0.3261508312,0.2867526819,0.0562646389,0.04762995243,0.4378028412,0.5643562678,0.5671143264,0.6198826677
4366,1.0,0.0,0.0,0.0,1.0,1.0,0.328848829,0.2898382229,0.05627053976,0.04799544811,0.449999939,0.5686273056,0.580000036,0.6264359251
4367,1.0,0.0,0.0,0.0,1.0,1.0,0.3282957512,0.288429625,0.05621850491,0.0476334095,0.4449837299,0.5665019773,0.573825375,0.6162789243
4368,1.0,0.0,0.0,0.0,1.0,1.0,0.3240124562,0.2917834631,0.05519419909,0.04778009653,0.4419354706,0.5721394593,0.5771810224,0.6264363156
4369,1.0,0.0,0.0,0.0,1.0,1.0,0.3266469462,0.2886902195,0.05675899982,0.04828751087,0.4455284561,0.5721390632,0.5743243773,0.6315788824
4370,1.0,0.0,0.0,0.0,1.0,1.0,0.3239235931,0.2860356747,0.05498284101,0.04697024822,0.4495113672,0.572864485,0.5791246916,0.6176478053
4371,1.0,0.0,0.0,0.0,1.0,1.0,0.3266469933,0.2927659431,0.05616247654,0.04861825705,0.4422763889,0.582089679,0.5723906389,0.620690247
4372,1.0,0.0,0.0,0.0,1.0,1.0,0.3304473776,0.2974926182,0.05790197849,0.05052232742,0.4505672924,0.5784314735,0.5819399437,0.6179768388
4373,1.0,0.0,0.0,0.0,1.0,1.0,0.320788484,0.2867526492,0.05599445105,0.04811584949,0.445161287,0.5778891691,0.5738253532,0.6315800557
4374,1.0,0.0,0.0,0.0,1.0,1.0,0.3044659041,0.2481722764,0.05078333616,0.04057145119,0.4652318225,0.5652174934,0.5878379265,0.6394554825
4375,1.0,0.0,0.0,0.0,1.0,1.0,0.2789138971,0.1708139645,0.04311645031,0.02598047256,0.4794276739,0.6282061562,0.5709092705,0.6489354868
4376,1.0,0.0,0.0,0.0,1.0,1.0,0.2801461766,0.1249303443,0.04107546806,0.01803994179,0.471590834,0.5270267525,0.5192307534,0.6
4377,1.0,0.0,0.0,0.0,1.0,1.0,0.2877184152,0.1408480902,0.04337364435,0.02083075047,0.4564394278,0.4999993129,0.5057915929,0.5342449683
4378,1.0,0.0,0.0,0.0,1.0,1.0,0.3003993585,0.1355833377,0.04413771629,0.01943171024,0.4650283956,0.4842770098,0.5038758594,0.4714303242
4379,1.0,0.0,0.0,0.0,1.0,1.0,0.3013585935,0.1464026258,0.04492366314,0.02132451534,0.4751908471,0.4367090623,0.5117184383,0.399998882
4380,1.0,0.0,0.0,0.0,1.0,1.0,0.2956366256,0.1497217955,0.04361820221,0.02166837454,0.4866412638,0.4322580733,0.5252916926,0.3766212332
4381,1.0,0.0,0.0,0.0,1.0,1.0,0.2945122138,0.1375201609,0.04399085045,0.02015066147,0.480988684,0.451612641,0.5271318712,0.4225342531
4382,1.0,0.0,0.0,0.0,1.0,1.0,0.2994508141,0.1341662857,0.04302459955,0.0189089179,0.4694656999,0.4777074476,0.509727763,0.4927546739
4383,1.0,0.0,0.0,0.0,1.0,1.0,0.2744293776,0.1192517736,0.04130846262,0.01758402586,0.4768089711,0.5608109766,0.5454546557,0.6190481033
4384,1.0,0.0,0.0,0.0,1.0,1.0,0.2850642976,0.1981351777,0.04562115669,0.03105539083,0.4656357272,0.584338042,0.5719297819,0.6548674435
4385,1.0,0.0,0.0,0.0,1.0,1.0,0.2974926231,0.2294636258,0.04938137531,0.03745216131,0.4849499036,0.5730347793,0.5986395999,0.6370374143
4386,1.0,0.0,0.0,0.0,1.0,1.0,0.3043227839,0.243061475,0.05019980669,0.03922712803,0.4742097468,0.5792347067,0.5986395513,0.6433579184
4387,1.0,0.0,0.0,0.0,1.0,1.0,0.3031640749,0.2438910896,0.05037689209,0.03958183527,0.4733333776,0.5714282334,0.5938565299,0.6433569803
4388,1.0,0.0,0.0,0.0,1.0,1.0,0.3004965813,0.238849714,0.05042660236,0.03928261995,0.4767441107,0.5801105887,0.603389871,0.6382976786
4389,1.0,0.0,0.0,0.0,1.0,1.0,0.3021569958,0.2439313197,0.05004912615,0.03959923983,0.4717607976,0.5769234892,0.5966101894,0.6388897669
4390,1.0,0.0,0.0,0.0,1.0,1.0,0.3016558138,0.2439713471,0.04984307289,0.03971010447,0.4742952274,0.5659341711,0.5959594998,0.6206897069
4391,1.0,0.0,0.0,0.0,1.0,1.0,0.2969960611,0.2387743938,0.04859006405,0.0382168889,0.469115251,0.567414862,0.5938567748,0.6214282261
4392,1.0,0.0,0.0,0.0,1.0,1.0,0.2953276327,0.2361692978,0.04933255911,0.03846263885,0.4791319863,0.564971492,0.5993152402,0.6304347152
4393,1.0,0.0,0.0,0.0,1.0,1.0,0.3072608768,0.2274594911,0.05091369152,0.03692644835,0.4679054847,0.576923167,0.5862068839,0.6439389659
4394,1.0,0.0,0.0,0.0,1.0,1.0,0.2832643171,0.1738160416,0.04394686222,0.0265339613,0.4937610706,0.6100628504,0.5869566321,0.6666681642
4395,1.0,0.0,0.0,0.0,1.0,1.0,0.2661452931,0.1362873828,0.04037374258,0.02032804489,0.4990688378,0.6013989627,0.571969591,0.6388895405
4396,1.0,0.0,0.0,0.0,1.0,1.0,0.2656511696,0.1333839162,0.04083651304,0.02027541399,0.4962824237,0.5874127711,0.5563912841,0.5915482192
4397,1.0,0.0,0.0,0.0,1.0,1.0,0.2749885452,0.1215535017,0.04004704952,0.0173997283,0.5085389829,0.565517847,0.5598454843,0.6190484347
4398,1.0,0.0,0.0,0.0,1.0,1.0,0.2559316519,0.1335132632,0.03908526897,0.01997059584,0.5121494862,0.5839415502,0.5648855388,0.5999982092
4399,1.0,0.0,0.0,0.0,1.0,1.0,0.2620259928,0.1296984572,0.03975272179,0.01930844784,0.5037453051,0.5642846433,0.5610686824,0.6176476036
4400,1.0,0.0,0.0,0.0,1.0,1.0,0.2629130125,0.1359395658,0.03873956203,0.01950716972,0.4850747144,0.5460994981,0.5440614809,0.619718525
4401,1.0,0.0,0.0,0.0,1.0,1.0,0.2601545173,0.1359396309,0.03895437717,0.01989758015,0.4999999005,0.5539564162,0.5517240958,0.5915476925
4402,1.0,0.0,0.0,0.0,1.0,1.0,0.256411029,0.1373278918,0.0382964015,0.02012658119,0.5056179843,0.5547441506,0.5610687132,0.5833333333
4403,1.0,0.0,0.0,0.0,1.0,1.0,0.2734501853,0.1436209155,0.04050827026,0.0208247304,0.4971099499,0.5070422121,0.5393702616,0.5342477124
4404,1.0,0.0,0.0,0.0,1.0,1.0,0.2708410145,0.1424983085,0.04126751423,0.02121496201,0.4828243741,0.5140852801,0.5273435905,0.54794509
4405,1.0,0.0,0.0,0.0,1.0,1.0,0.279766542,0.1441880809,0.04191595316,0.02110248804,0.4903475226,0.4896556333,0.5256916256,0.4931519231
4406,1.0,0.0,0.0,0.0,1.0,1.0,0.2599705972,0.1416532132,0.03928297758,0.02095091343,0.5144509412,0.533333131,0.5511812293,0.5694427849
4407,1.0,0.0,0.0,0.0,1.0,1.0,0.2813391249,0.1465042618,0.04146569967,0.02116775513,0.4999999494,0.4895102483,0.522088095,0.479452942
4408,1.0,0.0,0.0,0.0,1.0,1.0,0.2861305424,0.1583476808,0.04151010513,0.02250897884,0.4939515715,0.4436621943,0.5185184409,0.350647975
4409,1.0,0.0,0.0,0.0,1.0,1.0,0.2938315809,0.167270692,0.04145222902,0.02335339785,0.5217391442,0.3873230829,0.5355646338,0.2749990429
4410,1.0,0.0,0.0,0.0,1.0,1.0,0.2890949311,0.1547254167,0.04111737013,0.02173346281,0.5185950314,0.3928577124,0.5313804975,0.270270715
4411,1.0,0.0,0.0,0.0,1.0,1.0,0.2858528082,0.1581393976,0.04083573818,0.02235531807,0.5260960486,0.3722628483,0.5358651266,0.2666666667
4412,1.0,0.0,0.0,0.0,1.0,1.0,0.2666578785,0.1637382822,0.03846251965,0.02331978083,0.5315125041,0.401575096,0.5446807585,0.2597401602
4413,1.0,0.0,0.0,0.0,1.0,1.0,0.2626739998,0.1767574052,0.03732615709,0.02458065748,0.5106836926,0.3821142106,0.5283841803,0.2592587204
4414,1.0,0.0,0.0,0.0,1.0,1.0,0.2572403063,0.163701414,0.03717285395,0.02315682173,0.5210970569,0.3606549754,0.5258618292,0.2500006435
4415,1.0,0.0,0.0,0.0,1.0,1.0,0.2624583339,0.1751160261,0.03770506382,0.02473455667,0.523109167,0.2880003667,0.5256409391,0.1707323538
4416,1.0,0.0,0.0,0.0,1.0,1.0,0.2478292807,0.1569370915,0.03485018015,0.02170991898,0.5467480855,0.3360658401,0.5454545455,0.2368435503
4417,1.0,0.0,0.0,0.0,1.0,1.0,0.2473262294,0.1706867407,0.0355271697,0.02417016029,0.5456390353,0.3114754373,0.5473249643,0.2048196336
4418,1.0,0.0,0.0,0.0,1.0,1.0,0.2518918368,0.1582449919,0.03611648083,0.02213591337,0.5304877402,0.2983872831,0.5291668318,0.223685238
4419,1.0,0.0,0.0,0.0,1.0,1.0,0.2529710373,0.1844462931,0.03543198109,0.02497661114,0.5477178295,0.2868853562,0.5364805205,0.2325564746
4420,1.0,0.0,0.0,0.0,1.0,1.0,0.2202161331,0.1529314239,0.03105431795,0.02120047808,0.5423728652,0.3173078953,0.5387932054,0.1971829006
4421,1.0,0.0,0.0,0.0,1.0,1.0,0.2223248364,0.1553753753,0.03167515993,0.02150422335,0.5265306114,0.2752299966,0.5252102071,0.1621620872
4422,1.0,0.0,0.0,0.0,1.0,1.0,0.239041445,0.1637381812,0.03356176615,0.02227807045,0.5381443492,0.2758612116,0.5276596546,0.2207783521
4423,1.0,0.0,0.0,0.0,1.0,1.0,0.2327470667,0.1679225143,0.03456389904,0.02410757542,0.5264187242,0.2436978992,0.5222670939,0.1686751158
4424,1.0,0.0,0.0,0.0,1.0,1.0,0.2203799372,0.1540643184,0.03106701374,0.02125638723,0.5319149296,0.2807021246,0.5494069165,0.2179500481
4425,1.0,0.0,0.0,0.0,1.0,1.0,0.2233601568,0.1556824616,0.0330427289,0.02268189192,0.5435606497,0.2372877076,0.5615387951,0.1604934054
4426,1.0,0.0,0.0,0.0,1.0,1.0,0.2312283924,0.1652618968,0.03337627649,0.02317029238,0.5258127186,0.2644630608,0.5354328499,0.2023805543
4427,1.0,0.0,0.0,0.0,1.0,1.0,0.2445650754,0.1786154182,0.03555893898,0.02491927147,0.5298650676,0.2598427705,0.5341364724,0.2134827161
4428,1.0,0.0,0.0,0.0,1.0,1.0,0.24986043,0.1966773065,0.03677994013,0.02794134617,0.5387596668,0.3023247146,0.5421688718,0.2551015619
4429,1.0,0.0,0.0,0.0,1.0,1.0,0.2393297724,0.1811735503,0.03553289175,0.025867939,0.5287356172,0.2720001745,0.529880202,0.219780549
4430,1.0,0.0,0.0,0.0,1.0,1.0,0.2293174071,0.1764885339,0.03435778618,0.02548199892,0.5296367113,0.2583323503,0.5277775714,0.2134839082
4431,1.0,0.0,0.0,0.0,1.0,1.0,0.2284437605,0.1757911704,0.03328824043,0.02468878031,0.5219046415,0.2583332736,0.5296444868,0.2134815999
4432,1.0,0.0,0.0,0.0,1.0,1.0,0.2411781577,0.1798993651,0.03584885597,0.02581113577,0.5231660357,0.2639996409,0.535999897,0.2222224788
4433,1.0,0.0,0.0,0.0,1.0,1.0,0.2309317293,0.1849363831,0.03412187099,0.02629065514,0.5170454196,0.2622949674,0.5314960894,0.2021292996
4434,1.0,0.0,0.0,0.0,1.0,1.0,0.2280093719,0.1711641655,0.03313392401,0.02402210236,0.5228136011,0.2583329586,0.5275589749,0.2068958672
4435,1.0,0.0,0.0,0.0,1.0,1.0,0.2322513639,0.1777665088,0.03489476442,0.02574205399,0.512380915,0.2459017794,0.5256917224,0.2222214504
4436,1.0,0.0,0.0,0.0,1.0,1.0,0.2649594797,0.1820844805,0.03900623322,0.02581292391,0.5282650275,0.2794109557,0.5263156346,0.2444460352
4437,1.0,0.0,0.0,0.0,1.0,1.0,0.2518125466,0.1720350267,0.03692322969,0.02404302359,0.5136719816,0.2713178545,0.5163933867,0.2380935854
4438,1.0,0.0,0.0,0.0,1.0,1.0,0.2669074996,0.1853802865,0.03745484352,0.02515214682,0.5165692132,0.2992705144,0.5120967707,0.2608683288
4439,1.0,0.0,0.0,0.0,1.0,1.0,0.2382389603,0.161853055,0.03366351128,0.0218949914,0.5271318565,0.2764226779,0.5263157663,0.2375012591
4440,1.0,0.0,0.0,0.0,1.0,1.0,0.2366586187,0.158447708,0.03496855497,0.02254164219,0.5283757889,0.2644632889,0.5243899935,0.2307674002
4441,1.0,0.0,0.0,0.0,1.0,1.0,0.2294732242,0.1520889421,0.0329066515,0.02094060183,0.5237190505,0.2644625255,0.5296444108,0.2467515833
4442,1.0,0.0,0.0,0.0,1.0,1.0,0.2403958418,0.1561629033,0.03609961271,0.02273994684,0.5227272231,0.2834635789,0.5312501407,0.2624995741
4443,1.0,0.0,0.0,0.0,1.0,1.0,0.2318094655,0.151489984,0.03443437815,0.02173316479,0.5133079795,0.2622945996,0.5314962576,0.2207793276
4444,1.0,0.0,0.0,0.0,1.0,1.0,0.2446452045,0.1645903528,0.0362071991,0.02329605818,0.497153654,0.2635664147,0.5119047469,0.2168671308
4445,1.0,0.0,0.0,0.0,1.0,1.0,0.2556712913,0.1800613882,0.03704857826,0.02497971058,0.507751979,0.2575759526,0.5101212296,0.247190341
4446,1.0,0.0,0.0,0.0,1.0,1.0,0.2493772548,0.1732905238,0.03609973192,0.02406650782,0.5106383176,0.279070689,0.5201612696,0.2674425228
4447,1.0,0.0,0.0,0.0,1.0,1.0,0.2624015353,0.1833650593,0.03747236729,0.02507340908,0.5019305555,0.2720580516,0.5040322598,0.2747265025
4448,1.0,0.0,0.0,0.0,1.0,1.0,0.2469209255,0.1686303066,0.03539866209,0.02303725481,0.5019607623,0.2777765617,0.5102879491,0.2560976556
4449,1.0,0.0,0.0,0.0,1.0,1.0,0.2270576947,0.1584479656,0.0323843956,0.0215895772,0.5009710089,0.2222226312,0.4959348313,0.2179491073
4450,1.0,0.0,0.0,0.0,1.0,1.0,0.2245266954,0.1519985148,0.03097242117,0.02000874281,0.5049702086,0.2389387854,0.495833173,0.2191777557
4451,1.0,0.0,0.0,0.0,1.0,1.0,0.2382393693,0.1605528359,0.03319036961,0.02158719301,0.5116279468,0.2520337906,0.51405607,0.2000011044
4452,1.0,0.0,0.0,0.0,1.0,1.0,0.2116462896,0.1279773237,0.0296728611,0.01730918884,0.4784313505,0.2685184441,0.4837397407,0.111112259
4453,1.0,0.0,0.0,0.0,1.0,1.0,0.1842110428,0.1454104786,0.0272705555,0.02059793472,0.4647059587,0.5106376933,0.5040985797,0.4647863278
4454,1.0,0.0,0.0,0.0,1.0,1.0,0.29466323,0.2534814494,0.04958957434,0.04059958458,0.4879311062,0.5497076234,0.5652174722,0.542857059
4455,1.0,0.0,0.0,0.0,1.0,1.0,0.3187586145,0.297743397,0.05760216713,0.05130201578,0.4617941065,0.5520838076,0.5505225095,0.5321637495
4456,1.0,0.0,0.0,0.0,1.0,1.0,0.3392144778,0.3221196385,0.05970478058,0.05387991667,0.4668874071,0.5414633416,0.5609757575,0.5351350454
4457,1.0,0.0,0.0,0.0,1.0,1.0,0.3479904092,0.319549581,0.06042963266,0.05384254456,0.4620461922,0.5450233321,0.5714287736,0.5212768784
4458,1.0,0.0,0.0,0.0,1.0,1.0,0.3544818412,0.3207669894,0.06235539913,0.05484968424,0.4630541246,0.541667065,0.5709458953,0.53684262
4459,1.0,0.0,0.0,0.0,1.0,1.0,0.336495635,0.3052903251,0.0559027791,0.04978406429,0.4757119215,0.5422889391,0.5802046946,0.5418994347
4460,1.0,0.0,0.0,0.0,1.0,1.0,0.2960678176,0.232509315,0.0486536026,0.03768545389,0.4760274047,0.5433519709,0.5833335785,0.5895529824
4461,1.0,0.0,0.0,0.0,1.0,1.0,0.2827499841,0.1419443552,0.04115694761,0.02086430788,0.5166995228,0.4930550225,0.5680933079,0.4383550686
4462,1.0,0.0,0.0,0.0,1.0,1.0,0.3193236595,0.1462596459,0.04568588734,0.02135962248,0.5352696369,0.4025965385,0.5487804928,0.3194430104
4463,1.0,0.0,0.0,0.0,1.0,1.0,0.3263067102,0.1719683532,0.04673904181,0.02498620749,0.5379876974,0.3773584424,0.5587044418,0.2117633868
4464,1.0,0.0,0.0,0.0,1.0,1.0,0.3324547112,0.1590945235,0.04647862911,0.02265828848,0.5322246138,0.3999989741,0.5591834992,0.2435899122
4465,1.0,0.0,0.0,0.0,1.0,1.0,0.3371611266,0.1797415529,0.05381196737,0.02914816141,0.5281124146,0.4047617729,0.5652174872,0.2857134093
4466,1.0,0.0,0.0,0.0,1.0,1.0,0.3561725829,0.1736315626,0.0537340045,0.02670413256,0.5269979882,0.4303028152,0.5508474412,0.3292680477
4467,1.0,0.0,0.0,0.0,1.0,1.0,0.3446353379,0.1791830552,0.05150020123,0.02726483345,0.5294117999,0.417646378,0.5617530661,0.3000013117
4468,1.0,0.0,0.0,0.0,1.0,1.0,0.3596319296,0.1706365073,0.05255526304,0.0256665349,0.5376569358,0.418604994,0.5731707752,0.2499994194
4469,1.0,0.0,0.0,0.0,1.0,1.0,0.356488895,0.1693268793,0.05187660456,0.02532070875,0.5392782077,0.4166669539,0.5495870173,0.2682910753
4470,1.0,0.0,0.0,0.0,1.0,1.0,0.3433042303,0.1638759079,0.05429452658,0.02602279186,0.5000000471,0.4378693418,0.5303642813,0.3333333333
4471,1.0,0.0,0.0,0.0,1.0,1.0,0.2887660813,0.1728487313,0.05083799362,0.03074634075,0.4844290376,0.5988017634,0.5821919277,0.5643554759
4472,1.0,0.0,0.0,0.0,1.0,1.0,0.2973692418,0.2436362165,0.05001205206,0.04054230452,0.4806338203,0.556212108,0.583629855,0.5766414236
4473,1.0,0.0,0.0,0.0,1.0,1.0,0.3061669206,0.2471737846,0.05167496204,0.04098361731,0.4876760647,0.551724297,0.5734765685,0.5869564901
4474,1.0,0.0,0.0,0.0,1.0,1.0,0.3394982757,0.2991286578,0.05856364965,0.05079501867,0.4766031825,0.5561226827,0.5669014208,0.5647061308
4475,1.0,0.0,0.0,0.0,1.0,1.0,0.3621789987,0.326672628,0.06295543909,0.05546075106,0.4874892179,0.5571430871,0.5830388643,0.5567563733
4476,1.0,0.0,0.0,0.0,1.0,1.0,0.3483035996,0.3118825263,0.06226760149,0.05398565531,0.4798282782,0.5566505245,0.5744680485,0.5681820942
4477,1.0,0.0,0.0,0.0,1.0,1.0,0.3558946812,0.3224006746,0.06173044443,0.05393922329,0.4675887183,0.5631067961,0.5734766795,0.5777777778
4478,1.0,0.0,0.0,0.0,1.0,1.0,0.3648482465,0.3235599531,0.06317937374,0.0538970232,0.4757785162,0.5687205535,0.5791364693,0.5833338863
4479,1.0,0.0,0.0,0.0,1.0,1.0,0.3476319262,0.3008699212,0.06127476692,0.0512586832,0.4749164182,0.5528841851,0.5916954279,0.6034479952
4480,1.0,0.0,0.0,0.0,1.0,1.0,0.3409078163,0.3005196466,0.05860674381,0.05003017187,0.4841930748,0.556097179,0.6048107948,0.6057147827
4481,1.0,0.0,0.0,0.0,1.0,1.0,0.3448661086,0.3032790832,0.05932188034,0.05068278313,0.4824120211,0.5631073814,0.6103448928,0.6079539842
4482,1.0,0.0,0.0,0.0,1.0,1.0,0.3400937013,0.3005192451,0.06011927128,0.05157285929,0.4845705724,0.5637257915,0.6116838822,0.6228576976
4483,1.0,0.0,0.0,0.0,1.0,1.0,0.3375599677,0.2974525099,0.05826872587,0.04998534918,0.480132436,0.5686276516,0.6020407729,0.62857211
4484,1.0,0.0,0.0,0.0,1.0,1.0,0.3413130129,0.2984912721,0.05796527863,0.04936754704,0.493464136,0.5693781774,0.6174496935,0.6123597947
4485,1.0,0.0,0.0,0.0,1.0,1.0,0.3355907913,0.2910834726,0.05834877491,0.04900169373,0.466992637,0.5533980979,0.5892252888,0.6242774707
4486,1.0,0.0,0.0,0.0,1.0,1.0,0.3141102645,0.2690804775,0.05417567492,0.04461526871,0.425210048,0.5668449374,0.5384614832,0.6233767969
4487,1.0,0.0,0.0,0.0,1.0,1.0,0.3154354308,0.2733663932,0.05427742004,0.04556983709,0.4194092981,0.572192255,0.5365852612,0.6305728319
4488,1.0,0.0,0.0,0.0,1.0,1.0,0.3289727613,0.2806653128,0.05584973097,0.04649418592,0.4202172073,0.5837558684,0.5445204198,0.6341458099
4489,1.0,0.0,0.0,0.0,1.0,1.0,0.3247342169,0.2801201569,0.0567689538,0.04765063524,0.4225588548,0.5751298002,0.5363322794,0.6234562728
4490,1.0,0.0,0.0,0.0,1.0,1.0,0.3292082127,0.2799123977,0.05474591255,0.04576194286,0.4324324663,0.5794875033,0.5498282626,0.6257674944
4491,1.0,0.0,0.0,0.0,1.0,1.0,0.3339950276,0.2932389437,0.05700522661,0.04890292883,0.433418099,0.5736034187,0.5520832365,0.6213015948
4492,1.0,0.0,0.0,0.0,1.0,1.0,0.3300284639,0.2907784452,0.05697888136,0.049048841,0.4314894474,0.5773196631,0.5505226148,0.6107791562
4493,1.0,0.0,0.0,0.0,1.0,1.0,0.3353832085,0.2857994305,0.05743688345,0.04795980453,0.4312080638,0.5849998599,0.5547946933,0.6287433261
4494,1.0,0.0,0.0,0.0,1.0,1.0,0.3235966974,0.2678915606,0.05396938324,0.04385012388,0.4435076084,0.5677084254,0.5670103055,0.6346157244
4495,1.0,0.0,0.0,0.0,1.0,1.0,0.3359755696,0.2843238324,0.05639904737,0.04699915648,0.4567062433,0.5656565763,0.5793104169,0.6303025307
4496,1.0,0.0,0.0,0.0,1.0,1.0,0.3427139611,0.2950570171,0.0569486618,0.04853260517,0.4662161187,0.5714288705,0.5836178241,0.6069362671
4497,1.0,0.0,0.0,0.0,1.0,1.0,0.3354173354,0.2826006069,0.05579376221,0.04644757509,0.4667802325,0.5837560252,0.5931036634,0.6341456842
4498,1.0,0.0,0.0,0.0,1.0,1.0,0.3376038118,0.2802490486,0.05657064915,0.04648882151,0.4715719099,0.5643568947,0.6047298111,0.6325304217
4499,1.0,0.0,0.0,0.0,1.0,1.0,0.3354174846,0.273657117,0.05520224571,0.04511457682,0.4804089302,0.5685274365,0.6088437625,0.6211175365
4500,1.0,0.0,0.0,0.0,1.0,1.0,0.3587739557,0.2981095098,0.06048691273,0.04982972145,0.4717947766,0.5714287122,0.5965517168,0.6242769173
4501,1.0,0.0,0.0,0.0,1.0,1.0,0.3499729299,0.2940535942,0.05741876364,0.04775696993,0.4747474252,0.57211518,0.6020408313,0.606936344
4502,1.0,0.0,0.0,0.0,1.0,1.0,0.3569436368,0.3025990354,0.06030225754,0.05025184155,0.4693877587,0.571428995,0.6020761991,0.5999992883
4503,1.0,0.0,0.0,0.0,1.0,1.0,0.3598670771,0.3140610675,0.06079286337,0.05214941502,0.4675767768,0.5781995912,0.5972222322,0.6077341752
4504,1.0,0.0,0.0,0.0,1.0,1.0,0.3654423522,0.3192660235,0.06209999323,0.05314600468,0.4540816729,0.5767445878,0.5902777405,0.5978262576
4505,1.0,0.0,0.0,0.0,1.0,1.0,0.3581618585,0.3001796073,0.06017148495,0.0495698452,0.4795221789,0.5666669969,0.6041664862,0.5895948266
4506,1.0,0.0,0.0,0.0,1.0,1.0,0.3546407474,0.288498968,0.06104493141,0.04906964302,0.4821732395,0.5693775606,0.6048108159,0.5892861481
4507,1.0,0.0,0.0,0.0,1.0,1.0,0.3539340671,0.3015556907,0.06016385555,0.05013650656,0.475548125,0.5714288545,0.6034483748,0.5999992867
4508,1.0,0.0,0.0,0.0,1.0,1.0,0.3388520725,0.2855548595,0.05700778961,0.04721856117,0.4760274786,0.5707075882,0.6027872919,0.5914634762
4509,1.0,0.0,0.0,0.0,1.0,1.0,0.353933889,0.3056714022,0.06035900116,0.05116146803,0.4873525262,0.5619055237,0.6151204866,0.584269532
4510,1.0,0.0,0.0,0.0,1.0,1.0,0.3493848318,0.2998325661,0.06052058935,0.05150067806,0.4756302697,0.5673081753,0.6033896247,0.5875702226
4511,1.0,0.0,0.0,0.0,1.0,1.0,0.3043282894,0.2246133134,0.05030941963,0.0368745327,0.4723182429,0.5511366598,0.5923345985,0.5891486652
4512,1.0,0.0,0.0,0.0,1.0,1.0,0.3434934271,0.1073781297,0.04987823963,0.01562452316,0.4699792464,0.5,0.4958676772,0.5961523789
4513,1.0,0.0,0.0,0.0,1.0,1.0,0.3189278425,0.1108252286,0.04496878386,0.0157533884,0.4918699294,0.4968155652,0.5201612869,0.4909117738
4514,1.0,0.0,0.0,0.0,1.0,1.0,0.3139402474,0.1141098299,0.0458059907,0.01681488752,0.4950299409,0.5063285868,0.5275590042,0.5172399125
4515,1.0,0.0,0.0,0.0,1.0,1.0,0.3056642781,0.1168702629,0.0451156497,0.01721519232,0.478873329,0.5855254553,0.5282260887,0.6206881031
4516,1.0,0.0,0.0,0.0,1.0,1.0,0.2934140422,0.1622707078,0.04609006643,0.0253494978,0.4770641445,0.5937501212,0.5682656897,0.6363644914
4517,1.0,0.0,0.0,0.0,1.0,1.0,0.293056742,0.1998882625,0.04799282551,0.03218013048,0.4694914693,0.5664740818,0.5793102784,0.6206896552
4518,1.0,0.0,0.0,0.0,1.0,1.0,0.3079090746,0.2344583524,0.05094945431,0.03814250231,0.4511784333,0.5573766656,0.5753424959,0.6204383326
4519,1.0,0.0,0.0,0.0,1.0,1.0,0.3063615952,0.247267072,0.05212402344,0.04073083401,0.443886,0.5519121871,0.574394515,0.6013989903
4520,1.0,0.0,0.0,0.0,1.0,1.0,0.3051984521,0.2377981494,0.05102282763,0.03868764639,0.4530200669,0.5439562814,0.5724138891,0.60144884
4521,1.0,0.0,0.0,0.0,1.0,1.0,0.3062262881,0.2377981735,0.04989731312,0.03783422709,0.46127946,0.5549455406,0.5862069095,0.6014496978
4522,1.0,0.0,0.0,0.0,1.0,1.0,0.3064953355,0.2481488302,0.05136936903,0.04048126936,0.4499999555,0.5489136552,0.5719177557,0.6068970188
4523,1.0,0.0,0.0,0.0,1.0,1.0,0.3048299284,0.2507132793,0.05153042078,0.04139328003,0.4599998801,0.5519127579,0.5802047905,0.625851016
4524,1.0,0.0,0.0,0.0,1.0,1.0,0.3113836324,0.2610226381,0.05263715982,0.04301536083,0.4556113351,0.5591396267,0.5773195988,0.6118421235
4525,1.0,0.0,0.0,0.0,1.0,1.0,0.3013393453,0.2593056505,0.05064356327,0.04248434305,0.4606365554,0.5666668236,0.58075605,0.6158937889
4526,1.0,0.0,0.0,0.0,1.0,1.0,0.314110306,0.2697454762,0.05248606205,0.04378515482,0.4621849549,0.5561499938,0.5778545887,0.6089753101
4527,1.0,0.0,0.0,0.0,1.0,1.0,0.3090712085,0.2645582402,0.05258691311,0.0437271595,0.460504232,0.5543478014,0.5743945186,0.614379379
4528,1.0,0.0,0.0,0.0,1.0,1.0,0.3076513718,0.2655861057,0.05278974771,0.04433172941,0.4795918465,0.5745863278,0.5944057742,0.6315788766
4529,1.0,0.0,0.0,0.0,1.0,1.0,0.3364787019,0.305671125,0.0576621294,0.05081117153,0.4783333207,0.5693067055,0.60137469,0.6179771722
4530,1.0,0.0,0.0,0.0,1.0,1.0,0.328099596,0.2904953364,0.0566290617,0.04878813028,0.4696969645,0.5794871579,0.5916954993,0.6249992364
4531,1.0,0.0,0.0,0.0,1.0,1.0,0.340377343,0.30120159,0.05900424719,0.05090564489,0.4707847454,0.5735291592,0.5993151808,0.6079549912
4532,1.0,0.0,0.0,0.0,1.0,1.0,0.3359755178,0.2960019736,0.05788946152,0.04970306158,0.4787775837,0.5757580126,0.599303194,0.6117650163
4533,1.0,0.0,0.0,0.0,1.0,1.0,0.3253217357,0.2967091937,0.05541056395,0.04884123802,0.4463086244,0.5824748423,0.5694443338,0.614034317
4534,1.0,0.0,0.0,0.0,1.0,1.0,0.3292862785,0.2943562011,0.0561760664,0.04855418205,0.4420528657,0.5728643003,0.5719179926,0.6104647166
4535,1.0,0.0,0.0,0.0,1.0,1.0,0.3314899872,0.2974120794,0.05687451363,0.04891210794,0.4278607177,0.5800003354,0.5570931786,0.6046509361
4536,1.0,0.0,0.0,0.0,1.0,1.0,0.338708799,0.3060574324,0.05773288012,0.0503385663,0.432387372,0.5812809662,0.5640138145,0.5932204594
4537,1.0,0.0,0.0,0.0,1.0,1.0,0.339777089,0.3091060423,0.05823540688,0.05113357306,0.4278606446,0.5756099109,0.5635740293,0.5944439717
4538,1.0,0.0,0.0,0.0,1.0,1.0,0.3539008258,0.321126395,0.06150889397,0.05325073004,0.4295081568,0.5694443906,0.5670101388,0.5935824867
4539,1.0,0.0,0.0,0.0,1.0,1.0,0.3467783191,0.3110509726,0.06018275023,0.0519502759,0.423895272,0.5660379975,0.561224417,0.5956279451
4540,1.0,0.0,0.0,0.0,1.0,1.0,0.34677843,0.3127506879,0.0603967309,0.05241984129,0.4173485895,0.5707552337,0.5544220457,0.5923914588
4541,1.0,0.0,0.0,0.0,1.0,1.0,0.3336977797,0.2994901978,0.05741369724,0.04973959923,0.4264462667,0.5693065709,0.5616437127,0.6057146144
4542,1.0,0.0,0.0,0.0,1.0,1.0,0.3442891691,0.3071202705,0.0582125783,0.0500176549,0.4498328559,0.5679607227,0.5798612179,0.5988700565
4543,1.0,0.0,0.0,0.0,1.0,1.0,0.3387370102,0.3029668214,0.05819225311,0.05012601614,0.4647651026,0.5742576083,0.5888502734,0.6034483784
4544,1.0,0.0,0.0,0.0,1.0,1.0,0.3442336328,0.3140603432,0.05949485302,0.05202203989,0.4575707384,0.56521713,0.5868056405,0.5856356376
4545,1.0,0.0,0.0,0.0,1.0,1.0,0.3426181159,0.3099314328,0.0580919385,0.05044078827,0.4632106081,0.5756093907,0.5749129634,0.595505379
4546,1.0,0.0,0.0,0.0,1.0,1.0,0.3376494,0.2991287376,0.05663698912,0.04814141989,0.456081079,0.5750007104,0.5809859246,0.6058817921
4547,1.0,0.0,0.0,0.0,1.0,1.0,0.3421362604,0.3044075009,0.05889892578,0.05019462109,0.4637435834,0.571428716,0.5845068921,0.5895946687
4548,1.0,0.0,0.0,0.0,1.0,1.0,0.3359329227,0.2977431853,0.05640619993,0.04798734188,0.4548494479,0.5721395821,0.5818816504,0.6081861249
4549,1.0,0.0,0.0,0.0,1.0,1.0,0.3441785508,0.3080470841,0.05974000692,0.05169808865,0.4668874377,0.5721157252,0.5890413586,0.5888891451
4550,1.0,0.0,0.0,0.0,1.0,1.0,0.3503885473,0.3114698719,0.06004989147,0.05204325914,0.4757930385,0.5619045728,0.6095890118,0.593405876
4551,1.0,0.0,0.0,0.0,1.0,1.0,0.3420457557,0.3022367489,0.05823373795,0.0499958396,0.4841402101,0.560975435,0.6185567716,0.602272795
4552,1.0,0.0,0.0,0.0,1.0,1.0,0.3507973577,0.3042517802,0.06032973528,0.05093878508,0.4917218648,0.5613215237,0.6292519404,0.5921781957
4553,1.0,0.0,0.0,0.0,1.0,1.0,0.3420458739,0.2994902012,0.05869746208,0.0501075983,0.4908180109,0.5609750401,0.6232879348,0.594285959
4554,1.0,0.0,0.0,0.0,1.0,1.0,0.3404140457,0.2904952439,0.05863213539,0.04852312803,0.4899328011,0.5566503064,0.622837164,0.601190542
4555,1.0,0.0,0.0,0.0,1.0,1.0,0.3477050297,0.3001795815,0.06143051386,0.05134046078,0.4873949155,0.5603857047,0.6145834967,0.5953758635
4556,1.0,0.0,0.0,0.0,1.0,1.0,0.3410256903,0.2935423191,0.05870348215,0.04882270098,0.5016891468,0.564356506,0.6328672043,0.5952382406
4557,1.0,0.0,0.0,0.0,1.0,1.0,0.3415599752,0.2925195191,0.05989831686,0.04957103729,0.5016835372,0.5615761145,0.6271778119,0.6071430289
4558,1.0,0.0,0.0,0.0,1.0,1.0,0.3427140894,0.2917951684,0.05874186754,0.04832458496,0.4949324026,0.5615768245,0.6258739887,0.6047903675
4559,1.0,0.0,0.0,0.0,1.0,1.0,0.3359324319,0.2980789888,0.05808144808,0.04912364483,0.4581940036,0.5721390125,0.5824562063,0.6000002427
4560,1.0,0.0,0.0,0.0,1.0,1.0,0.3509744265,0.3105901585,0.06140810251,0.05234307051,0.4531772125,0.5714282941,0.5937500774,0.5977651277
4561,1.0,0.0,0.0,0.0,1.0,1.0,0.338736883,0.2952898342,0.05829977989,0.04877561331,0.456375732,0.5594065277,0.5944053925,0.5917154557
4562,1.0,0.0,0.0,0.0,1.0,1.0,0.3464731667,0.3095159158,0.05929392576,0.05102699995,0.4516666577,0.5721154378,0.5882353792,0.5977658917
4563,1.0,0.0,0.0,0.0,1.0,1.0,0.3523567672,0.3170640938,0.06041908264,0.05194908381,0.4497529643,0.5607479401,0.5758619611,0.5923911235
4564,1.0,0.0,0.0,0.0,1.0,1.0,0.3463411387,0.3067252397,0.06008201838,0.05092668533,0.4422442224,0.5666665675,0.5758619118,0.5955047237
4565,1.0,0.0,0.0,0.0,1.0,1.0,0.350710228,0.3101718617,0.06048023701,0.05111008883,0.4431631353,0.5633809341,0.5758623109,0.5944442177
4566,1.0,0.0,0.0,0.0,1.0,1.0,0.3442337487,0.3081902921,0.05866712332,0.05016463995,0.449251218,0.5603863164,0.5783972419,0.5762710857
4567,1.0,0.0,0.0,0.0,1.0,1.0,0.3398435651,0.3033392398,0.05809360743,0.04950833321,0.4539364004,0.5665024024,0.5824562454,0.5895953827
4568,1.0,0.0,0.0,0.0,1.0,1.0,0.3353944117,0.2994784592,0.05663192272,0.04809451103,0.4553119297,0.5628137742,0.5780143739,0.5917161157
4569,1.0,0.0,0.0,0.0,1.0,1.0,0.3433456667,0.317026944,0.05876898766,0.05149555206,0.4540816784,0.5742570843,0.5734767275,0.5875708373
4570,1.0,0.0,0.0,0.0,1.0,1.0,0.3291879777,0.2916522556,0.05452108383,0.04609000683,0.4567062488,0.5670101628,0.5800713985,0.6097558137
4571,1.0,0.0,0.0,0.0,1.0,1.0,0.3353832893,0.3050928574,0.05756384134,0.0500805378,0.4563758389,0.5750004401,0.5754385965,0.6034488915
4572,1.0,0.0,0.0,0.0,1.0,1.0,0.3392753389,0.3022789279,0.05848956108,0.0498458147,0.4581939915,0.5665021217,0.5839160056,0.6011558413
4573,1.0,0.0,0.0,0.0,1.0,1.0,0.3397769156,0.3081902363,0.05878382921,0.05075484514,0.4527363261,0.5658533667,0.5853658272,0.6101699891
4574,1.0,0.0,0.0,0.0,1.0,1.0,0.3397772333,0.311672275,0.0580290556,0.05066919327,0.4543947171,0.5707317223,0.5818813964,0.5977651725
4575,1.0,0.0,0.0,0.0,1.0,1.0,0.3403415928,0.3099314897,0.05933880806,0.05152344704,0.4584717892,0.5707314623,0.5818814744,0.5898880174
4576,1.0,0.0,0.0,0.0,1.0,1.0,0.3430921384,0.3101714798,0.05919265747,0.05147182941,0.492537414,0.5797099552,0.6241380574,0.6111117544
4577,1.0,0.0,0.0,0.0,1.0,1.0,0.3430919534,0.3198908204,0.05951297283,0.05318796635,0.4925373801,0.5748791642,0.6262976634,0.6054053024
4578,1.0,0.0,0.0,0.0,1.0,1.0,0.3409077541,0.3170643254,0.05881333351,0.05278855562,0.4958403753,0.5804875528,0.6275861304,0.6032609002
4579,1.0,0.0,0.0,0.0,1.0,1.0,0.3375599216,0.3142571515,0.0580868721,0.05210727453,0.4900662504,0.5833329913,0.6219930938,0.6065578834
4580,1.0,0.0,0.0,0.0,1.0,1.0,0.3409858607,0.3156134773,0.05746901035,0.05095779896,0.4924369038,0.5812813093,0.6280701923,0.6166668616
4581,1.0,0.0,0.0,0.0,1.0,1.0,0.3477784418,0.3214988213,0.05824333429,0.05202323198,0.4966216863,0.572815534,0.6328672462,0.6086961005
4582,1.0,0.0,0.0,0.0,1.0,1.0,0.347779054,0.3162571313,0.05848407745,0.05138647556,0.496621542,0.5776701998,0.6328671585,0.6132589123
4583,1.0,0.0,0.0,0.0,1.0,1.0,0.3415601198,0.3085994115,0.05711823702,0.04952120781,0.4983164989,0.5714281242,0.624561427,0.6249993982
4584,1.0,0.0,0.0,0.0,1.0,1.0,0.3370603349,0.31167286,0.05861258507,0.05219727755,0.4932884836,0.5820892942,0.6236934368,0.6145251078
4585,1.0,0.0,0.0,0.0,1.0,1.0,0.3387370164,0.3103532359,0.05766099691,0.05052477121,0.4983220999,0.5841588355,0.6245614253,0.6158187492
4586,1.0,0.0,0.0,0.0,1.0,1.0,0.3465404664,0.3138598897,0.06046032906,0.05228209496,0.4924624008,0.5700483854,0.6245613144,0.6033519999
4587,1.0,0.0,0.0,0.0,1.0,1.0,0.3370405631,0.3001797852,0.0581125021,0.04976963997,0.4874791114,0.5742579741,0.6180555231,0.6127167076
4588,1.0,0.0,0.0,0.0,1.0,1.0,0.3376040901,0.3033394376,0.05777871609,0.04948377609,0.4665551612,0.5841591308,0.5964913178,0.6242772826
4589,1.0,0.0,0.0,0.0,1.0,1.0,0.342714019,0.3050926107,0.05911666155,0.05067139864,0.4662162629,0.5812809471,0.5929823227,0.6206898985
4590,1.0,0.0,0.0,0.0,1.0,1.0,0.3420908783,0.313205341,0.05844289064,0.050994277,0.4580536499,0.5784312026,0.580985873,0.6011230308
4591,1.0,0.0,0.0,0.0,1.0,1.0,0.337079732,0.3094358381,0.05736011267,0.04990333319,0.4553120042,0.5800000623,0.5765125042,0.603447761
4592,1.0,0.0,0.0,0.0,1.0,1.0,0.3365293716,0.300185818,0.05739510059,0.04903101921,0.4636209069,0.5879399333,0.5936395657,0.6235284535
4593,1.0,0.0,0.0,0.0,1.0,1.0,0.342811997,0.3065661171,0.05826956034,0.05015236139,0.4761092176,0.5870646613,0.5992907659,0.6184971304
4594,1.0,0.0,0.0,0.0,1.0,1.0,0.3365469575,0.3023223122,0.05673444271,0.0487113595,0.4625850917,0.58080824,0.5871887174,0.6235296565
4595,1.0,0.0,0.0,0.0,1.0,1.0,0.3382464837,0.3023224694,0.05659019947,0.04834342003,0.4659863446,0.5879394497,0.5907474716,0.605882614
4596,1.0,0.0,0.0,0.0,1.0,1.0,0.3230517802,0.2787915877,0.05689001083,0.04711204767,0.4713805067,0.578125131,0.6035084873,0.6289300856
4597,1.0,0.0,0.0,0.0,1.0,1.0,0.2754517475,0.1659380623,0.04102438688,0.02411568165,0.4562383803,0.6283781919,0.5496183081,0.6321843626
4598,1.0,0.0,0.0,0.0,1.0,1.0,0.277203685,0.1410978924,0.04281365871,0.02096998692,0.4264151307,0.5578231198,0.4823528374,0.5833328596
4599,1.0,0.0,0.0,0.0,1.0,1.0,0.2753935691,0.1752752469,0.04410529137,0.02745628357,0.4616789348,0.5894043494,0.5522387889,0.6063824245
4600,1.0,0.0,0.0,0.0,1.0,1.0,0.3020383553,0.2228719689,0.05045980215,0.03628569841,0.4550085671,0.5617978324,0.5609754669,0.6249997947
4601,1.0,0.0,0.0,0.0,1.0,1.0,0.3051988442,0.2438086065,0.0508300066,0.03937929869,0.4412750993,0.5494508587,0.560553692,0.609929239
4602,1.0,0.0,0.0,0.0,1.0,1.0,0.3075204341,0.2490017858,0.05096042156,0.04015904665,0.4481604593,0.5543478515,0.570446724,0.5999997032
4603,1.0,0.0,0.0,0.0,1.0,1.0,0.3232026601,0.2609467294,0.05574667454,0.04373973608,0.4494195201,0.5538462525,0.5733786551,0.6078429502
4604,1.0,0.0,0.0,0.0,1.0,1.0,0.3059517152,0.2437664538,0.05155235529,0.04009628296,0.4472789062,0.5444447656,0.5679441953,0.6071422201
4605,1.0,0.0,0.0,0.0,1.0,1.0,0.3098779933,0.2411243068,0.05006539822,0.03796172142,0.4531516214,0.5494500916,0.5699301454,0.6231888609
4606,1.0,0.0,0.0,0.0,1.0,1.0,0.3120040919,0.2498605129,0.0521376729,0.04067885876,0.4734133528,0.5549446969,0.5915492803,0.62676013
4607,1.0,0.0,0.0,0.0,1.0,1.0,0.3399810673,0.292519386,0.05533140898,0.04671192169,0.4820513745,0.5728643649,0.6167248635,0.6071435863
4608,1.0,0.0,0.0,0.0,1.0,1.0,0.3388229537,0.2970370472,0.05909347534,0.05048185587,0.477001633,0.5628146989,0.6188809288,0.5882353636
4609,1.0,0.0,0.0,0.0,1.0,1.0,0.3460902532,0.305384859,0.06090945005,0.05229300261,0.47635142,0.575609336,0.6215279494,0.5909092463
4610,1.0,0.0,0.0,0.0,1.0,1.0,0.3450452851,0.3005312405,0.05803143978,0.0491694808,0.4812925013,0.5714293051,0.6153846995,0.6046510782
4611,1.0,0.0,0.0,0.0,1.0,1.0,0.3552437396,0.2987841783,0.0613900423,0.05022823811,0.4795919309,0.564593176,0.6118879718,0.5906430597
4612,1.0,0.0,0.0,0.0,1.0,1.0,0.3484450494,0.2980792975,0.06029880047,0.05000388622,0.4710885304,0.5756094523,0.60350855,0.6000004768
4613,1.0,0.0,0.0,0.0,1.0,1.0,0.3492026018,0.3107804164,0.06008309126,0.05209171772,0.4836488443,0.5911329756,0.6148410082,0.5965908961
4614,1.0,0.0,0.0,0.0,1.0,1.0,0.3523456326,0.31276216,0.06166791916,0.05306994915,0.4813559989,0.5769232256,0.6223776101,0.5921789466
4615,1.0,0.0,0.0,0.0,1.0,1.0,0.3451063174,0.3033394139,0.05908077955,0.05059891939,0.4769230555,0.579208665,0.6105261841,0.5895955868
4616,1.0,0.0,0.0,0.0,1.0,1.0,0.3604824596,0.3226269636,0.06163090467,0.05374449492,0.4786324645,0.5781991209,0.617544053,0.5869568352
4617,1.0,0.0,0.0,0.0,1.0,1.0,0.357677127,0.3237629718,0.06202423573,0.05460506678,0.4897260898,0.5789472167,0.6232391529,0.5815214366
4618,1.0,0.0,0.0,0.0,1.0,1.0,0.3620426116,0.3167245679,0.06108760834,0.05162334442,0.4965986971,0.5680752869,0.6232393748,0.572221786
4619,1.0,0.0,0.0,0.0,1.0,1.0,0.3548618517,0.3079267537,0.05957108736,0.05036205053,0.4871354914,0.5748786567,0.6232392159,0.5828566694
4620,1.0,0.0,0.0,0.0,1.0,1.0,0.3064242428,0.2230897914,0.05065083504,0.03681021929,0.5347593082,0.5755807385,0.6464287637,0.6240007254
4621,1.0,0.0,0.0,0.0,1.0,1.0,0.3075208826,0.09268985029,0.04635620117,0.01402878761,0.479757021,0.5131575564,0.5201613538,0.5
4622,1.0,0.0,0.0,0.0,1.0,1.0,0.2758459735,0.1224212757,0.04191708565,0.01852852106,0.4700000951,0.6159413695,0.5461846852,0.6393454225
4623,1.0,0.0,0.0,0.0,1.0,1.0,0.2931942077,0.1939214417,0.04570990801,0.02989828587,0.5055350617,0.5849051683,0.611940235,0.6442315743
4624,1.0,0.0,0.0,0.0,1.0,1.0,0.3407588584,0.2858118126,0.05724006891,0.04691326618,0.5079085745,0.5618553642,0.6223023372,0.5849056124
4625,1.0,0.0,0.0,0.0,1.0,1.0,0.3532510737,0.3096864481,0.06017768383,0.05166476965,0.4965517736,0.5804881866,0.6267603596,0.590909458
4626,1.0,0.0,0.0,0.0,1.0,1.0,0.3610025196,0.3297125282,0.06265258789,0.05569112301,0.4949833238,0.5787034218,0.6254294575,0.5781244983
4627,1.0,0.0,0.0,0.0,1.0,1.0,0.3606753976,0.323956865,0.06246358156,0.05487453938,0.4974704986,0.5841120648,0.6344827659,0.5851069145
4628,1.0,0.0,0.0,0.0,1.0,1.0,0.3504756214,0.3063358139,0.05949872732,0.05095821619,0.4983221393,0.5693777843,0.6301369225,0.581005384
4629,1.0,0.0,0.0,0.0,1.0,1.0,0.355020545,0.30672536,0.06116008759,0.0515947938,0.5,0.5734590136,0.6310346392,0.5898879065
4630,1.0,0.0,0.0,0.0,1.0,1.0,0.3531476857,0.3132052936,0.05947548151,0.05139142275,0.5180102283,0.5728162929,0.6514083804,0.5898875557
4631,1.0,0.0,0.0,0.0,1.0,1.0,0.3652783045,0.3319943586,0.0627913475,0.05581450462,0.4991539106,0.5740746717,0.6332179428,0.5781247998
4632,1.0,0.0,0.0,0.0,1.0,1.0,0.3642035346,0.3233490839,0.06304168701,0.05483162403,0.493220236,0.5767436539,0.6297578086,0.5882346547
4633,1.0,0.0,0.0,0.0,1.0,1.0,0.365731759,0.3239572505,0.06235063076,0.05401808023,0.5059021869,0.5852533769,0.6482758941,0.5851062539
4634,1.0,0.0,0.0,0.0,1.0,1.0,0.353648517,0.3162572493,0.0595729351,0.05209040642,0.4957265366,0.5797104059,0.6258740272,0.5911604106
4635,1.0,0.0,0.0,0.0,1.0,1.0,0.3595962771,0.3181614633,0.06171965599,0.05331653357,0.503378408,0.5774642583,0.6366782561,0.581521806
4636,1.0,0.0,0.0,0.0,1.0,1.0,0.3562366602,0.3201601924,0.06183642149,0.05410689116,0.4950496265,0.5740739491,0.6372879443,0.587301972
4637,1.0,0.0,0.0,0.0,1.0,1.0,0.362989328,0.3286755683,0.06441152096,0.05661284924,0.4706840904,0.5695065729,0.6073825921,0.5765303651
4638,1.0,0.0,0.0,0.0,1.0,1.0,0.352460179,0.3214870538,0.06291335821,0.05544418097,0.4460547453,0.5753421802,0.5933333011,0.5803113097
4639,1.0,0.0,0.0,0.0,1.0,1.0,0.3440165338,0.3021963305,0.05953156948,0.05050313473,0.4502446506,0.568720251,0.5945945753,0.5977656137
4640,1.0,0.0,0.0,0.0,1.0,1.0,0.3494781066,0.3123255011,0.06067728996,0.0524546504,0.4477123942,0.574766502,0.5912164164,0.5945948096
4641,1.0,0.0,0.0,0.0,1.0,1.0,0.3516858546,0.3184660469,0.06008350849,0.0525380969,0.4549918344,0.5720937984,0.5932204798,0.5851064675
4642,1.0,0.0,0.0,0.0,1.0,1.0,0.3512889579,0.3080472972,0.06129002571,0.05179440975,0.4488448924,0.5774646107,0.582191759,0.6111113668
4643,1.0,0.0,0.0,0.0,1.0,1.0,0.3539006438,0.3217383882,0.06350243092,0.05527067184,0.4442622447,0.5694447312,0.5821916382,0.5904260596
4644,1.0,0.0,0.0,0.0,1.0,1.0,0.3489854718,0.3170643571,0.05963301659,0.0515139699,0.4459017248,0.5727693618,0.5689656184,0.6086957528
4645,1.0,0.0,0.0,0.0,1.0,1.0,0.3487203541,0.3064490152,0.06181699038,0.05205637217,0.4490818123,0.5645930016,0.5818815771,0.590909143
4646,1.0,0.0,0.0,0.0,1.0,1.0,0.3567034135,0.3156131049,0.0606175065,0.05146765709,0.4612794377,0.5707551576,0.5894734957,0.5888887345
4647,1.0,0.0,0.0,0.0,1.0,1.0,0.3511553383,0.3068460118,0.06003910303,0.05051362514,0.4628378476,0.5721148548,0.5859650965,0.600000236
4648,1.0,0.0,0.0,0.0,1.0,1.0,0.3543173266,0.3197517148,0.06005680561,0.05184149742,0.4615384886,0.5660380355,0.5944057898,0.5956279692
4649,1.0,0.0,0.0,0.0,1.0,1.0,0.3543172563,0.3227364406,0.05918055773,0.05192255974,0.4615384753,0.5754714796,0.5902778498,0.5913977013
4650,1.0,0.0,0.0,0.0,1.0,1.0,0.358259033,0.3186376178,0.06068450212,0.05189377069,0.455611423,0.570093614,0.5923346146,0.5956286977
4651,1.0,0.0,0.0,0.0,1.0,1.0,0.3538291861,0.3191200466,0.06078916788,0.05243426561,0.4664429286,0.5687208113,0.5964911708,0.5879122566
4652,1.0,0.0,0.0,0.0,1.0,1.0,0.353725809,0.3210013426,0.06104570627,0.05327099562,0.4590985419,0.5754718179,0.5937500673,0.5999995524
4653,1.0,0.0,0.0,0.0,1.0,1.0,0.3549107147,0.3214987477,0.05940711498,0.05156087875,0.4589615146,0.5707544803,0.5874125172,0.5923914049
4654,1.0,0.0,0.0,0.0,1.0,1.0,0.3481390169,0.3067252176,0.06014120579,0.05122071505,0.461666701,0.5741623902,0.5931032415,0.601123419
4655,1.0,0.0,0.0,0.0,1.0,1.0,0.3578859497,0.3189345677,0.06067705154,0.05228853226,0.4669965829,0.5806450345,0.5938566478,0.593582717
4656,1.0,0.0,0.0,0.0,1.0,1.0,0.3513792559,0.3138176977,0.0593392849,0.05150198936,0.4610282104,0.5801890014,0.5904436798,0.6032613476
4657,1.0,0.0,0.0,0.0,1.0,1.0,0.3531359152,0.3121123936,0.0604455471,0.05217707157,0.4633332306,0.5707547914,0.5904438028,0.5956275289
4658,1.0,0.0,0.0,0.0,1.0,1.0,0.3599962924,0.3173906163,0.06169325113,0.05296045542,0.4638158061,0.5707764233,0.5945944981,0.5957442019
4659,1.0,0.0,0.0,0.0,1.0,1.0,0.3576436128,0.3264168417,0.06218123436,0.05508285761,0.4575163051,0.5707764746,0.5892253906,0.5824742435
4660,1.0,0.0,0.0,0.0,1.0,1.0,0.3526457592,0.315341424,0.06098294258,0.05289047956,0.4615384814,0.5734603039,0.5896551111,0.5901640268
4661,1.0,0.0,0.0,0.0,1.0,1.0,0.3502318024,0.3132053965,0.05934196711,0.05152618885,0.4581197686,0.575609712,0.5880283081,0.584269364
4662,1.0,0.0,0.0,0.0,1.0,1.0,0.34674494,0.3162567296,0.05917930603,0.05250710249,0.4489796471,0.5784316885,0.5769231598,0.585635748
4663,1.0,0.0,0.0,0.0,1.0,1.0,0.3468150787,0.3121064905,0.05942702293,0.05210840702,0.4495727251,0.571428858,0.5789475187,0.5842692002
4664,1.0,0.0,0.0,0.0,1.0,1.0,0.3567030223,0.3210015091,0.06183588505,0.05396062136,0.4528620061,0.5707543805,0.5868057033,0.5837841002
4665,1.0,0.0,0.0,0.0,1.0,1.0,0.3571833628,0.3153408519,0.06081008911,0.05224519968,0.4647651646,0.5774643608,0.6034481642,0.5901641589
4666,1.0,0.0,0.0,0.0,1.0,1.0,0.3580090582,0.32064032,0.06066584587,0.05280178785,0.4610282396,0.5787037583,0.5972695875,0.5797868077
4667,1.0,0.0,0.0,0.0,1.0,1.0,0.3509745564,0.3147031005,0.05990886688,0.05192101002,0.4598662402,0.5714284293,0.5882352941,0.5934071106
4668,1.0,0.0,0.0,0.0,1.0,1.0,0.3481391583,0.3097586892,0.06061261892,0.05249226093,0.4566667465,0.5693782445,0.5856166708,0.596685039
4669,1.0,0.0,0.0,0.0,1.0,1.0,0.3556191279,0.3140607294,0.06098693609,0.05231583118,0.4553119641,0.5734598917,0.5868057953,0.5911606742
4670,1.0,0.0,0.0,0.0,1.0,1.0,0.3498882237,0.3164320952,0.0591288209,0.05177307129,0.4589614511,0.5645931471,0.5916956101,0.5846998876
4671,1.0,0.0,0.0,0.0,1.0,1.0,0.3583856655,0.3153411355,0.06121063232,0.0525894165,0.4579124711,0.5680747928,0.5931034852,0.5792345949
4672,1.0,0.0,0.0,0.0,1.0,1.0,0.3606752548,0.3175310612,0.06190019846,0.05293339491,0.4620574208,0.5700939709,0.5937501006,0.5956276215
4673,1.0,0.0,0.0,0.0,1.0,1.0,0.3666292149,0.3268723956,0.06263303757,0.05462521315,0.4656617004,0.5707760124,0.6061644507,0.5916227567
4674,1.0,0.0,0.0,0.0,1.0,1.0,0.3635843223,0.3217379409,0.06401586533,0.05495423079,0.4617939283,0.5662099351,0.5993151223,0.5904255954
4675,1.0,0.0,0.0,0.0,1.0,1.0,0.3667984087,0.3210012089,0.06218093634,0.05276823044,0.4629629939,0.5642197306,0.6006945024,0.5945946251
4676,1.0,0.0,0.0,0.0,1.0,1.0,0.3646385398,0.3200265063,0.06326085329,0.05377173424,0.45936978,0.5636369461,0.5958905324,0.5828884652
4677,1.0,0.0,0.0,0.0,1.0,1.0,0.369611214,0.3257567599,0.0635715723,0.05444920063,0.4610280909,0.565022493,0.5938565567,0.5863869531
4678,1.0,0.0,0.0,0.0,1.0,1.0,0.3670738224,0.3228437648,0.06330883503,0.05410027504,0.4590984513,0.5636362609,0.59106511,0.5851064064
4679,1.0,0.0,0.0,0.0,1.0,1.0,0.3672444794,0.32334861,0.06288224459,0.05369395018,0.4664428599,0.5616437707,0.5986160585,0.5828880983
4680,1.0,0.0,0.0,0.0,1.0,1.0,0.3643450178,0.3250779833,0.06194454432,0.05342006683,0.4581939477,0.5596334689,0.5916956837,0.5904255557
4681,1.0,0.0,0.0,0.0,1.0,1.0,0.3650854619,0.319409371,0.06299948692,0.05302220583,0.4611570202,0.5701353699,0.5910655932,0.5752688112
4682,1.0,0.0,0.0,0.0,1.0,1.0,0.3655677759,0.326206497,0.06269526482,0.05406743288,0.4714765751,0.5688072086,0.5972222672,0.5851068404
4683,1.0,0.0,0.0,0.0,1.0,1.0,0.3749999671,0.3314302724,0.06362074614,0.05481612682,0.4690116981,0.5669635621,0.5979383227,0.5803110273
4684,1.0,0.0,0.0,0.0,1.0,1.0,0.3626738796,0.3194091309,0.06148225069,0.05269902945,0.4598662538,0.5714284329,0.5807558946,0.5913975454
4685,1.0,0.0,0.0,0.0,1.0,1.0,0.3178497725,0.2550659488,0.05309873819,0.0417407155,0.4761904082,0.5561492464,0.6076388699,0.6054422934
4686,1.0,0.0,0.0,0.0,1.0,1.0,0.2762836774,0.1640594516,0.04326438904,0.02526175976,0.45083492,0.6040275206,0.5320754805,0.5977013935
4687,1.0,0.0,0.0,0.0,1.0,1.0,0.3040261723,0.2258523488,0.04925912619,0.03595346212,0.4860139963,0.5747122264,0.5978645835,0.6299214687
4688,1.0,0.0,0.0,0.0,1.0,1.0,0.3371404519,0.2850518322,0.05910295248,0.04860240221,0.4863013093,0.5634515719,0.6126761794,0.5987652883
4689,1.0,0.0,0.0,0.0,1.0,1.0,0.359330934,0.3114698546,0.06103020906,0.0516628027,0.479933171,0.5674424782,0.6130137319,0.5879126584
4690,1.0,0.0,0.0,0.0,1.0,1.0,0.3626872501,0.3213694028,0.0634522438,0.05483883619,0.4745484006,0.5837103307,0.6127945152,0.5916223481
4691,1.0,0.0,0.0,0.0,1.0,1.0,0.3563515664,0.3144500579,0.06205886602,0.05339944363,0.4759534781,0.5720930679,0.6122449266,0.5891891228
4692,1.0,0.0,0.0,0.0,1.0,1.0,0.359666651,0.3189346628,0.06242352724,0.05379354954,0.4776118634,0.5806455309,0.6109213811,0.5882354245
4693,1.0,0.0,0.0,0.0,1.0,1.0,0.3691780261,0.3274035912,0.06570667028,0.05623549223,0.482529034,0.5810808482,0.617241353,0.5947364795
4694,1.0,0.0,0.0,0.0,1.0,1.0,0.3660163765,0.327403508,0.06239271164,0.05413067341,0.4849498626,0.5799082134,0.6206895806,0.5894741247
4695,1.0,0.0,0.0,0.0,1.0,1.0,0.3645020863,0.3210014317,0.06212127209,0.05296057463,0.4857142208,0.5806450065,0.6180555832,0.5783782445
4696,1.0,0.0,0.0,0.0,1.0,1.0,0.3634332323,0.3227362506,0.06217223406,0.05353718996,0.4730640247,0.5740736302,0.6076390548,0.5806447303
4697,1.0,0.0,0.0,0.0,1.0,1.0,0.3552436606,0.3162568296,0.0606020689,0.05248314142,0.4880951757,0.5837318315,0.6223775194,0.5801110933
4698,1.0,0.0,0.0,0.0,1.0,1.0,0.3580342632,0.3127624554,0.06069201231,0.05148756504,0.480475439,0.5829384538,0.6083914033,0.5865923146
4699,1.0,0.0,0.0,0.0,1.0,1.0,0.3665183308,0.3216199669,0.0635946393,0.05476212502,0.4838710564,0.5787039771,0.6089966888,0.5860217512
4700,1.0,0.0,0.0,0.0,1.0,1.0,0.3615372051,0.3125464171,0.05877757072,0.05001747608,0.4939130253,0.5769223749,0.6219083509,0.5875703387
4701,1.0,0.0,0.0,0.0,1.0,1.0,0.3659444904,0.3226267862,0.0615260601,0.05339992046,0.4887736652,0.5896229157,0.6175438862,0.5869570556
4702,1.0,0.0,0.0,0.0,1.0,1.0,0.3658974571,0.3232461096,0.06436210871,0.05512493849,0.4864406088,0.5740741255,0.6223778106,0.583784491
4703,1.0,0.0,0.0,0.0,1.0,1.0,0.3564561727,0.3173667522,0.05998557806,0.05194926262,0.484641725,0.5645926881,0.6175437945,0.5745854579
4704,1.0,0.0,0.0,0.0,1.0,1.0,0.3643621464,0.3243804859,0.06298542023,0.0544500351,0.4804087937,0.5700942539,0.6175437176,0.5783781417
4705,1.0,0.0,0.0,0.0,1.0,1.0,0.3571886658,0.3136546689,0.06189632416,0.0526714325,0.4828178833,0.5769234473,0.6134751395,0.5875701611
4706,1.0,0.0,0.0,0.0,1.0,1.0,0.3637427071,0.3214987284,0.06145900488,0.05284321308,0.4778912073,0.5700938114,0.6153845875,0.5760871772
4707,1.0,0.0,0.0,0.0,1.0,1.0,0.3662338985,0.3267405335,0.06299740076,0.05504912138,0.4897261461,0.5841117737,0.6223774764,0.5989295896
4708,1.0,0.0,0.0,0.0,1.0,1.0,0.3645224288,0.3208737188,0.05914026499,0.05081069469,0.4931507088,0.5821596055,0.6245613903,0.5846993766
4709,1.0,0.0,0.0,0.0,1.0,1.0,0.3555064465,0.3125403769,0.06089693308,0.05227941275,0.4781879412,0.5801889239,0.6151201892,0.5934069317
4710,1.0,0.0,0.0,0.0,1.0,1.0,0.3575374016,0.312112564,0.06109166145,0.05199897289,0.4858569342,0.5767443812,0.6279863005,0.5956283715
4711,1.0,0.0,0.0,0.0,1.0,1.0,0.3614648552,0.3206402679,0.06104260683,0.05288487673,0.4866666102,0.5806449408,0.6245734787,0.5904249144
4712,1.0,0.0,0.0,0.0,1.0,1.0,0.3530367813,0.3055728698,0.06041747332,0.0513406992,0.4908790116,0.586854071,0.6317565135,0.5966849867
4713,1.0,0.0,0.0,0.0,1.0,1.0,0.3574160148,0.3195494095,0.0613951087,0.05343651772,0.4817880881,0.592593096,0.6224490414,0.6010634501
4714,1.0,0.0,0.0,0.0,1.0,1.0,0.3629813874,0.3257566172,0.06211274862,0.05417138338,0.4825871401,0.5799090088,0.6211603716,0.5968586503
4715,1.0,0.0,0.0,0.0,1.0,1.0,0.3649277881,0.3280997909,0.06213974953,0.0545822382,0.4819078819,0.5765760667,0.6161617464,0.5948710221
4716,1.0,0.0,0.0,0.0,1.0,1.0,0.3532365592,0.3164324165,0.05918240547,0.05132883787,0.4807369287,0.5781989614,0.6193771703,0.612022226
4717,1.0,0.0,0.0,0.0,1.0,1.0,0.365116125,0.3268073404,0.06226074696,0.05422711372,0.5050505898,0.585253915,0.6401383412,0.5978830047
4718,1.0,0.0,0.0,0.0,1.0,1.0,0.359463142,0.3244716618,0.06013506651,0.05254793167,0.5008402713,0.5887853987,0.6388890627,0.5935835428
4719,1.0,0.0,0.0,0.0,1.0,1.0,0.3597309699,0.3157958583,0.06145250797,0.05275642872,0.4974533208,0.5849057519,0.6284723127,0.5934057616
4720,1.0,0.0,0.0,0.0,1.0,1.0,0.3576599551,0.3228437497,0.06007379293,0.05277508497,0.5066890174,0.5794392338,0.6391753404,0.5851060345
4721,1.0,0.0,0.0,0.0,1.0,1.0,0.3612847885,0.3175307497,0.06135606766,0.05246800184,0.4949324055,0.5794387711,0.6249999098,0.5956283718
4722,1.0,0.0,0.0,0.0,1.0,1.0,0.3534404635,0.3036498859,0.05962693691,0.04992687702,0.5109983115,0.5789474736,0.6458333938,0.5942858098
4723,1.0,0.0,0.0,0.0,1.0,1.0,0.2751808061,0.128774136,0.04128611088,0.01920950413,0.4933077566,0.6319438229,0.5692306524,0.6865664232
4724,1.0,0.0,0.0,0.0,1.0,1.0,0.2766815588,0.1206871745,0.04168605804,0.01814901829,0.4877589726,0.5646261811,0.562264142,0.5937502053
4725,1.0,0.0,0.0,0.0,1.0,1.0,0.2570505865,0.1517669364,0.03990501165,0.02288258076,0.4280575978,0.6223765674,0.5185185185,0.6219517278
4726,1.0,0.0,0.0,0.0,1.0,1.0,0.2955612794,0.2340245704,0.04851639271,0.03729879856,0.4478631929,0.5549135718,0.5563380018,0.6015037474
4727,1.0,0.0,0.0,0.0,1.0,1.0,0.3099962962,0.2489898127,0.05082309246,0.03971421719,0.4542373544,0.5519122286,0.5749126771,0.6013981816
4728,1.0,0.0,0.0,0.0,1.0,1.0,0.3280481615,0.2725749404,0.05478292704,0.04428046942,0.4625850097,0.5751290658,0.5804193726,0.6089745229
4729,1.0,0.0,0.0,0.0,1.0,1.0,0.3177710414,0.2559972111,0.05375295877,0.04219317436,0.4649573586,0.5645163973,0.5754386117,0.6095899893
4730,1.0,0.0,0.0,0.0,1.0,1.0,0.3325874268,0.2706822204,0.05608797073,0.04419052601,0.4638655336,0.570706695,0.5833333029,0.6089744454
4731,1.0,0.0,0.0,0.0,1.0,1.0,0.3269986717,0.2724171796,0.05445927382,0.04384666681,0.4664428876,0.5641032096,0.5833332716,0.6050949873
4732,1.0,0.0,0.0,0.0,1.0,1.0,0.3292474663,0.2838135622,0.05513036251,0.04561549425,0.4682273992,0.5685281328,0.5923344108,0.6073623319
4733,1.0,0.0,0.0,0.0,1.0,1.0,0.3348216443,0.2912165883,0.05554276705,0.04693359137,0.460636531,0.580000279,0.5862070113,0.6035495895
4734,1.0,0.0,0.0,0.0,1.0,1.0,0.3452619434,0.29575284,0.05743587017,0.04781734943,0.4628099958,0.5741624758,0.5850338907,0.5977011924
4735,1.0,0.0,0.0,0.0,1.0,1.0,0.3409079402,0.2988023583,0.05748939514,0.04879587889,0.4575707881,0.5853664858,0.5841924286,0.6091950372
4736,1.0,0.0,0.0,0.0,1.0,1.0,0.3403058892,0.2967628562,0.0579995513,0.04898995161,0.4661158054,0.5776690498,0.5972695716,0.6034480451
4737,1.0,0.0,0.0,0.0,1.0,1.0,0.3447495251,0.3029130751,0.0580213666,0.04937392473,0.4693199991,0.5769228003,0.5924656883,0.598869811
4738,1.0,0.0,0.0,0.0,1.0,1.0,0.3447497349,0.3052901174,0.05779999495,0.04974126816,0.4660032545,0.5865386301,0.5870304745,0.6089380722
4739,1.0,0.0,0.0,0.0,1.0,1.0,0.3414346927,0.2960676159,0.05696094036,0.0478361249,0.4626865858,0.58737859,0.5890412222,0.6242771541
4740,1.0,0.0,0.0,0.0,1.0,1.0,0.3325929999,0.2963863931,0.05624783039,0.04837316275,0.4242928101,0.5850000318,0.551724012,0.5988378039
4741,1.0,0.0,0.0,0.0,1.0,1.0,0.3392450545,0.3032791753,0.05751496553,0.04962074757,0.417637251,0.5931367825,0.5413792186,0.6022729184
4742,1.0,0.0,0.0,0.0,1.0,1.0,0.3408692444,0.302236889,0.05749899149,0.04912537336,0.4238411795,0.5728158661,0.5601375453,0.5852276243
4743,1.0,0.0,0.0,0.0,1.0,1.0,0.3425241639,0.3087013757,0.05730688572,0.05010890961,0.4254967193,0.5893723023,0.559726876,0.6022103325
4744,1.0,0.0,0.0,0.0,1.0,1.0,0.3380465154,0.3038845369,0.05672293901,0.04932433367,0.4183005619,0.5797102515,0.55067576,0.5888885532
4745,1.0,0.0,0.0,0.0,1.0,1.0,0.3485658546,0.3172290032,0.05942964554,0.05238819122,0.4314049737,0.5924163344,0.5631398788,0.5913977027
4746,1.0,0.0,0.0,0.0,1.0,1.0,0.3419576926,0.3104068981,0.05873227119,0.05163902044,0.4280991113,0.6086958728,0.5563138941,0.5934064285
4747,1.0,0.0,0.0,0.0,1.0,1.0,0.3375596072,0.3035847298,0.05629515648,0.04912030697,0.42715233,0.5931373587,0.5563138913,0.6011234046
4748,1.0,0.0,0.0,0.0,1.0,1.0,0.3424316777,0.3116905808,0.05906069279,0.05199605227,0.4196721085,0.5933014692,0.5525424419,0.592391348
4749,1.0,0.0,0.0,0.0,1.0,1.0,0.3458967299,0.3104068594,0.05911153555,0.05172258615,0.4276206732,0.5865384325,0.5529010288,0.587911879
4750,1.0,0.0,0.0,0.0,1.0,1.0,0.33809489,0.3025519213,0.05748009682,0.04990953207,0.4108911559,0.5902436445,0.5442175371,0.6123595707
4751,1.0,0.0,0.0,0.0,1.0,1.0,0.3363818537,0.3025065649,0.0569858551,0.04958862066,0.4093851995,0.5865381397,0.5518395269,0.5911601413
4752,1.0,0.0,0.0,0.0,1.0,1.0,0.3315061805,0.3015266273,0.05520319939,0.04864442348,0.4022987477,0.5990092382,0.5389829381,0.6123599774
4753,1.0,0.0,0.0,0.0,1.0,1.0,0.3303666252,0.2970848734,0.05507260561,0.04811894894,0.4156928482,0.5808087969,0.5532646503,0.6127174217
4754,1.0,0.0,0.0,0.0,1.0,1.0,0.3264507936,0.2907785179,0.05453151464,0.04670137167,0.4237856448,0.58974387,0.5435537432,0.6047906943
4755,1.0,0.0,0.0,0.0,1.0,1.0,0.2952145521,0.2532369267,0.04799211025,0.04021686316,0.4224422185,0.5642457407,0.557432227,0.6133339854
4756,1.0,0.0,0.0,0.0,1.0,1.0,0.2703714096,0.1301157289,0.04123854637,0.01962381601,0.4514924848,0.5586210086,0.5169811276,0.5797110253
4757,1.0,0.0,0.0,0.0,1.0,1.0,0.2964124636,0.1350599355,0.04483193159,0.02011692524,0.4923954049,0.4935897521,0.5289573358,0.5
4758,1.0,0.0,0.0,0.0,1.0,1.0,0.2858255238,0.1321099844,0.04241263866,0.01938056946,0.4962120584,0.5165564403,0.5402296095,0.5507239691
4759,1.0,0.0,0.0,0.0,1.0,1.0,0.2828608964,0.1258842606,0.04217123985,0.01855540276,0.4924528822,0.5133325607,0.541984739,0.5454533774
4760,1.0,0.0,0.0,0.0,1.0,1.0,0.2802173863,0.1179118167,0.04128652811,0.01734036207,0.4822431048,0.5399993937,0.5355808978,0.5396823214
4761,1.0,0.0,0.0,0.0,1.0,1.0,0.2625175549,0.1615066502,0.039973557,0.02426964045,0.4896810925,0.6,0.5475285548,0.6235298163
4762,1.0,0.0,0.0,0.0,1.0,1.0,0.2653385781,0.1713847195,0.04162621498,0.0263633132,0.4566372591,0.5733334097,0.5342958918,0.6000004522
4763,1.0,0.0,0.0,0.0,1.0,1.0,0.2746293481,0.1882752448,0.04326450825,0.0292993784,0.457391207,0.5696196777,0.549296039,0.5981300426
4764,1.0,0.0,0.0,0.0,1.0,1.0,0.2774315394,0.2009369701,0.0446061492,0.03186154366,0.4655172126,0.5590064768,0.5594406146,0.6000003741
4765,1.0,0.0,0.0,0.0,1.0,1.0,0.2860412559,0.2144132735,0.04613214731,0.03404992819,0.4735944519,0.5416663975,0.5674741809,0.604838752
4766,1.0,0.0,0.0,0.0,1.0,1.0,0.2857962414,0.2196004791,0.04698973894,0.03531181812,0.4686970521,0.538461636,0.5743942892,0.6220473504
4767,1.0,0.0,0.0,0.0,1.0,1.0,0.2865292443,0.2220984461,0.04725933075,0.03600716591,0.465870214,0.5535717889,0.5729169309,0.6093742758
4768,1.0,0.0,0.0,0.0,1.0,1.0,0.2845750458,0.2325089791,0.04622781277,0.03731644154,0.4905660724,0.5481926934,0.604166597,0.6119402747
4769,1.0,0.0,0.0,0.0,1.0,1.0,0.3314209465,0.2888455205,0.05473148823,0.04646474123,0.5146805509,0.5729165078,0.627659472,0.6134970348
4770,1.0,0.0,0.0,0.0,1.0,1.0,0.3421818745,0.3019146396,0.05759680271,0.04961305857,0.4966102336,0.5792082077,0.6215277072,0.6034487108
4771,1.0,0.0,0.0,0.0,1.0,1.0,0.3429121204,0.3160779524,0.05627578497,0.05061990023,0.5017241381,0.5879398528,0.6113074981,0.5921783763
4772,1.0,0.0,0.0,0.0,1.0,1.0,0.3507410039,0.3197516416,0.05945247412,0.05281460285,0.5025553148,0.5922329708,0.6153844766,0.595628847
4773,1.0,0.0,0.0,0.0,1.0,1.0,0.3513395727,0.3244713955,0.05874353647,0.05332541466,0.5017064275,0.59223299,0.6145833182,0.6042785351
4774,1.0,0.0,0.0,0.0,1.0,1.0,0.3359897198,0.3072489146,0.05629134178,0.04971927404,0.5136518104,0.5736034697,0.6289753262,0.6091954574
4775,1.0,0.0,0.0,0.0,1.0,1.0,0.3297653882,0.3001796387,0.05566173792,0.04938191175,0.5346868907,0.5794866194,0.6527780596,0.6069359836
4776,1.0,0.0,0.0,0.0,1.0,1.0,0.321559505,0.2845389199,0.05399179459,0.04669564962,0.5808695538,0.5729726925,0.676156709,0.6187500239
4777,1.0,0.0,0.0,0.0,1.0,1.0,0.3093924901,0.2622650386,0.0511918664,0.04256403446,0.6156521749,0.5730336948,0.7163121166,0.6486488
4778,1.0,0.0,0.0,0.0,1.0,1.0,0.3084486119,0.2711253697,0.05030459166,0.04299777746,0.6137929875,0.5698323758,0.716312142,0.6470584974
4779,1.0,0.0,0.0,0.0,1.0,1.0,0.3105224076,0.2690805673,0.05082309246,0.04276919365,0.6146010756,0.5628414275,0.7132865533,0.649351681
4780,1.0,0.0,0.0,0.0,1.0,1.0,0.2998327479,0.2651951209,0.04900556803,0.04140126705,0.6258621185,0.5632181392,0.7184116805,0.6734686826
4781,1.0,0.0,0.0,0.0,1.0,1.0,0.3127622224,0.2884417718,0.05166101456,0.04531162977,0.6206293708,0.575419278,0.7132352969,0.6496817297
4782,1.0,0.0,0.0,0.0,1.0,1.0,0.3119949921,0.2755813003,0.05097806454,0.04320174456,0.6190476104,0.5706209735,0.7132354535,0.6599995861
4783,1.0,0.0,0.0,0.0,1.0,1.0,0.3108984856,0.2813242759,0.05173122883,0.04442453384,0.6186291707,0.564972474,0.7074072019,0.644736489
4784,1.0,0.0,0.0,0.0,1.0,1.0,0.2765630035,0.2262511983,0.04393368959,0.03484392166,0.6278624792,0.5586207832,0.6929134529,0.6869568787
4785,1.0,0.0,0.0,0.0,1.0,1.0,0.2264039619,0.1345403665,0.03314101696,0.01880979538,0.5224489044,0.5765772085,0.5598289724,0.6190458083
4786,1.0,0.0,0.0,0.0,1.0,1.0,0.2715020354,0.1547256539,0.04039418697,0.02166068554,0.5118109747,0.4347825445,0.5397490199,0.3918922637
4787,1.0,0.0,0.0,0.0,1.0,1.0,0.2771891614,0.1638430164,0.04100424051,0.02310097218,0.5214843791,0.3873247114,0.5327867813,0.3125009676
4788,1.0,0.0,0.0,0.0,1.0,1.0,0.2723967855,0.1665734617,0.03963720798,0.02309793234,0.5098037971,0.3741011305,0.5226337519,0.259259546
4789,1.0,0.0,0.0,0.0,1.0,1.0,0.27107015,0.1600839207,0.03933793306,0.02222144604,0.5134575829,0.3893127226,0.5151515802,0.2972957024
4790,1.0,0.0,0.0,0.0,1.0,1.0,0.2940705343,0.1768560386,0.04419648647,0.02568173409,0.5208747152,0.3783779774,0.5390946958,0.2674415366
4791,1.0,0.0,0.0,0.0,1.0,1.0,0.2780703059,0.1469767516,0.04104691744,0.0208209157,0.5120968536,0.3985505037,0.5252099355,0.2999997137
4792,1.0,0.0,0.0,0.0,1.0,1.0,0.2917503495,0.1556506158,0.04216700792,0.02165329456,0.5226824148,0.3716218222,0.5368849825,0.2763142683
4793,1.0,0.0,0.0,0.0,1.0,1.0,0.275775869,0.1430650134,0.04031461477,0.02030020952,0.5420743341,0.3900707752,0.552419282,0.281689231
4794,1.0,0.0,0.0,0.0,1.0,1.0,0.2802354682,0.1533006043,0.03963303566,0.02134084702,0.5215686952,0.363637184,0.5418326881,0.2337671769
4795,1.0,0.0,0.0,0.0,1.0,1.0,0.2775111795,0.1401654424,0.03925520182,0.01962757111,0.5130783695,0.3913038857,0.524390275,0.2753631991
4796,1.0,0.0,0.0,0.0,1.0,1.0,0.284115656,0.142777759,0.04155260324,0.02062898874,0.5120968933,0.3900711051,0.5387755742,0.2285717588
4797,1.0,0.0,0.0,0.0,1.0,1.0,0.2787288905,0.1499162851,0.0402380228,0.02155607939,0.5219122938,0.3785717883,0.5400001575,0.2266660399
4798,1.0,0.0,0.0,0.0,1.0,1.0,0.2878391713,0.1399221623,0.04202860594,0.02043062449,0.5220000884,0.3958330674,0.5399998041,0.2428574346
4799,1.0,0.0,0.0,0.0,1.0,1.0,0.2866923085,0.1373737482,0.04161000252,0.01993817091,0.5179281768,0.3888898439,0.5418326137,0.2463775048
4800,1.0,0.0,0.0,0.0,1.0,1.0,0.2847014807,0.140238191,0.04056620598,0.02014130354,0.5278883529,0.4195798339,0.557312294,0.2676057588
4801,1.0,0.0,0.0,0.0,1.0,1.0,0.2852697576,0.1299274387,0.04151266813,0.01886940002,0.5189620194,0.4195805401,0.5439997373,0.3076923077
4802,1.0,0.0,0.0,0.0,1.0,1.0,0.2929059133,0.134312673,0.04081994295,0.01875513792,0.530693169,0.412161876,0.5612649318,0.3382359952
4803,1.0,0.0,0.0,0.0,1.0,1.0,0.2791964491,0.1254359542,0.04031956196,0.0181145668,0.5323887692,0.4347830586,0.5546559707,0.3064505515
4804,1.0,0.0,0.0,0.0,1.0,1.0,0.2887277703,0.1179342694,0.04304909706,0.01776152849,0.5272726582,0.4335667724,0.5399997942,0.2881347969
4805,1.0,0.0,0.0,0.0,1.0,1.0,0.2948847941,0.1234603673,0.04126566648,0.01744788885,0.5386139086,0.4295292804,0.5686274262,0.3650773588
4806,1.0,0.0,0.0,0.0,1.0,1.0,0.29983261,0.1194549496,0.04221493006,0.01688593626,0.5359998611,0.4266663278,0.5657373491,0.3333333333
4807,1.0,0.0,0.0,0.0,1.0,1.0,0.305829214,0.1314007269,0.04398590326,0.0189743042,0.532000005,0.4182998831,0.561753215,0.3181826749
4808,1.0,0.0,0.0,0.0,1.0,1.0,0.2964277279,0.1194551989,0.04342615604,0.01760518551,0.5290580098,0.4324320244,0.5537846865,0.3666671181
4809,1.0,0.0,0.0,0.0,1.0,1.0,0.3108017697,0.1148550172,0.0443302989,0.01651519537,0.5121951016,0.4313731027,0.5362904697,0.2982434613
4810,1.0,0.0,0.0,0.0,1.0,1.0,0.3121989089,0.1213894525,0.04453623295,0.01735174656,0.5050709227,0.4090905441,0.5263157675,0.2833323028
4811,1.0,0.0,0.0,0.0,1.0,1.0,0.320307989,0.1259462267,0.0441582799,0.01732796431,0.5131846293,0.4050641625,0.5325205665,0.2903221368
4812,1.0,0.0,0.0,0.0,1.0,1.0,0.3146391685,0.1228824566,0.04407769442,0.01728540659,0.5020577033,0.4052286609,0.5163935225,0.2500025862
4813,1.0,0.0,0.0,0.0,1.0,1.0,0.3169945335,0.1184080286,0.04453092813,0.01673460007,0.5030302773,0.4267512599,0.5261042974,0.2542384955
4814,1.0,0.0,0.0,0.0,1.0,1.0,0.3100311985,0.1254357763,0.04488551617,0.01830852032,0.5061223683,0.4013165059,0.5182185821,0.2096781545
4815,1.0,0.0,0.0,0.0,1.0,1.0,0.3049844004,0.1223804808,0.04267680645,0.01730138063,0.5278349093,0.4189187679,0.5387757356,0.2499991387
4816,1.0,0.0,0.0,0.0,1.0,1.0,0.3103107109,0.1264353118,0.04293179512,0.01756298542,0.5100806951,0.4090904042,0.5301205233,0.2222237306
4817,1.0,0.0,0.0,0.0,1.0,1.0,0.3053285547,0.1309752731,0.04437047243,0.01922720671,0.5152749796,0.3866670786,0.5322579073,0.2153828985
4818,1.0,0.0,0.0,0.0,1.0,1.0,0.2937136262,0.1264600246,0.04227465391,0.01820158958,0.5102041788,0.3611105236,0.5265306731,0.1935508167
4819,1.0,0.0,0.0,0.0,1.0,1.0,0.2911596011,0.1244118189,0.04171955585,0.01775300503,0.5020661163,0.3971637488,0.5103734994,0.2166656594
4820,1.0,0.0,0.0,0.0,1.0,1.0,0.287008816,0.1395979581,0.03995329142,0.01955157518,0.5295314904,0.3475179209,0.530364655,0.1739126458
4821,1.0,0.0,0.0,0.0,1.0,1.0,0.2794357556,0.1468565285,0.03888565302,0.02043622732,0.5224490639,0.3357654052,0.510203968,0.2222228704
4822,1.0,0.0,0.0,0.0,1.0,1.0,0.2861387698,0.1521784571,0.04129505157,0.02182739973,0.5316973041,0.3000002887,0.5308640898,0.1621614241
4823,1.0,0.0,0.0,0.0,1.0,1.0,0.2962853742,0.1589072372,0.04066222906,0.02176290751,0.5490605564,0.2887324666,0.556485423,0.210527469
4824,1.0,0.0,0.0,0.0,1.0,1.0,0.2852572103,0.1484526798,0.04114186764,0.02132171392,0.5499999587,0.2992701153,0.5397489262,0.239436541
4825,1.0,0.0,0.0,0.0,1.0,1.0,0.2746397341,0.1436698453,0.03794252872,0.01968449354,0.5289255735,0.2781956423,0.5208332608,0.1884051827
4826,1.0,0.0,0.0,0.0,1.0,1.0,0.2823625909,0.1305391778,0.04052466154,0.01865881681,0.5223575657,0.273380586,0.5265306327,0.1874982031
4827,1.0,0.0,0.0,0.0,1.0,1.0,0.282974569,0.1531400349,0.03947174549,0.02127552032,0.5461848539,0.2765959053,0.5403224768,0.197367094
4828,1.0,0.0,0.0,0.0,1.0,1.0,0.2835152331,0.1651969486,0.04115319252,0.02368527651,0.5530611704,0.251797415,0.5330578478,0.2250001887
4829,1.0,0.0,0.0,0.0,1.0,1.0,0.2740402025,0.1529757766,0.03883606195,0.02141696215,0.550403325,0.2647058372,0.5306122275,0.2266661472
4830,1.0,0.0,0.0,0.0,1.0,1.0,0.2773959455,0.176250468,0.03896635771,0.02435404062,0.5510204558,0.2867653695,0.5269707521,0.2588247963
4831,1.0,0.0,0.0,0.0,1.0,1.0,0.2910798613,0.1907649383,0.04149025679,0.02669304609,0.5478615327,0.2797206112,0.5352697997,0.2608684002
4832,1.0,0.0,0.0,0.0,1.0,1.0,0.2438154852,0.1445473561,0.03488111496,0.02017915249,0.5322581351,0.2479340679,0.5123965742,0.2
4833,1.0,0.0,0.0,0.0,1.0,1.0,0.2588918635,0.1561626817,0.03755241632,0.02183276415,0.5180721951,0.2403095115,0.5,0.1866675039
4834,1.0,0.0,0.0,0.0,1.0,1.0,0.2666496205,0.1624607902,0.03779256344,0.02211564779,0.5197628787,0.2518523659,0.5020574744,0.1898749188
4835,1.0,0.0,0.0,0.0,1.0,1.0,0.2563698533,0.150742667,0.03648263216,0.02080655098,0.523045986,0.242186849,0.5123966407,0.1780844286
4836,1.0,0.0,0.0,0.0,1.0,1.0,0.2458305867,0.1327062785,0.03493100405,0.01832449436,0.5322580679,0.2377052957,0.5145226944,0.1406253049
4837,1.0,0.0,0.0,0.0,1.0,1.0,0.2523642912,0.1480653279,0.03580445051,0.02045965195,0.5430862751,0.230158532,0.5226340804,0.180556203
4838,1.0,0.0,0.0,0.0,1.0,1.0,0.2292834988,0.1335286251,0.03349792957,0.01889628172,0.5313725108,0.2307696414,0.518218366,0.1363637797
4839,1.0,0.0,0.0,0.0,1.0,1.0,0.243428757,0.1433625031,0.03475379944,0.01977854967,0.5267327336,0.2601634104,0.5122947013,0.1857131233
4840,1.0,0.0,0.0,0.0,1.0,1.0,0.2409012844,0.1300925351,0.03513538837,0.01829361916,0.5239043259,0.2231396126,0.5082644085,0.1587307276
4841,1.0,0.0,0.0,0.0,1.0,1.0,0.2736568317,0.1706863231,0.03813499212,0.02293622494,0.5178572269,0.2608694293,0.5061728669,0.2289153496
4842,1.0,0.0,0.0,0.0,1.0,1.0,0.2758457814,0.1790668288,0.03982150555,0.02481633425,0.523999903,0.2608704763,0.5041666953,0.2325573017
4843,1.0,0.0,0.0,0.0,1.0,1.0,0.2886404168,0.1871381823,0.04115343094,0.02547591925,0.5127702607,0.2585032733,0.4979421652,0.2307686909
4844,1.0,0.0,0.0,0.0,1.0,1.0,0.2747006537,0.1815315302,0.04018610716,0.02536571026,0.5126705748,0.2553191805,0.5020408999,0.21348275
4845,1.0,0.0,0.0,0.0,1.0,1.0,0.2718635568,0.1850818567,0.03997069597,0.02588033676,0.5185909734,0.2374093532,0.5061728763,0.2
4846,1.0,0.0,0.0,0.0,1.0,1.0,0.2729320716,0.1755217758,0.04105299711,0.02510434389,0.5068762532,0.2374095288,0.495868051,0.2117640634
4847,1.0,0.0,0.0,0.0,1.0,1.0,0.2815886799,0.1811491121,0.0405729413,0.0248581171,0.5317460572,0.2676050131,0.5208333424,0.2413787316
4848,1.0,0.0,0.0,0.0,1.0,1.0,0.275093629,0.1811489067,0.03958171606,0.02477419376,0.5306930137,0.2661868987,0.5208332879,0.2413783978
4849,1.0,0.0,0.0,0.0,1.0,1.0,0.2821484159,0.1853131819,0.04172354937,0.02615070343,0.5208747022,0.2464782394,0.512499905,0.2247205609
4850,1.0,0.0,0.0,0.0,1.0,1.0,0.2844260898,0.1886913944,0.0407961607,0.02578091621,0.5276679179,0.2638893353,0.5269710575,0.2307713649
4851,1.0,0.0,0.0,0.0,1.0,1.0,0.2776228801,0.187395235,0.04079842567,0.02622753382,0.5178571555,0.2714278201,0.5041667518,0.2222214647
4852,1.0,0.0,0.0,0.0,1.0,1.0,0.2770726567,0.1936419096,0.03967982531,0.02635878325,0.5168316716,0.2499996245,0.5083332749,0.2365595045
4853,1.0,0.0,0.0,0.0,1.0,1.0,0.261331104,0.1769842698,0.0370323658,0.02402859926,0.5229540131,0.2519089007,0.5208333516,0.2117638596
4854,1.0,0.0,0.0,0.0,1.0,1.0,0.2583727438,0.1728203345,0.03628981113,0.02334928513,0.5330661304,0.2635659169,0.5291667623,0.2409633018
4855,1.0,0.0,0.0,0.0,1.0,1.0,0.2637415051,0.1768559211,0.03843009472,0.02484953403,0.525793592,0.2481209771,0.5267485959,0.1976728567
4856,1.0,0.0,0.0,0.0,1.0,1.0,0.2608106027,0.1832309415,0.03671050072,0.0246604681,0.5298805253,0.2519094009,0.5166665781,0.2045444658
4857,1.0,0.0,0.0,0.0,1.0,1.0,0.2518431634,0.1832310354,0.03617942333,0.02506923676,0.5297618591,0.2755910312,0.5250000109,0.2272725111
4858,1.0,0.0,0.0,0.0,1.0,1.0,0.2518434516,0.178323818,0.03750008345,0.02539378405,0.5317460762,0.251968141,0.5269706001,0.1976753193
4859,1.0,0.0,0.0,0.0,1.0,1.0,0.2574626896,0.1826710922,0.03756660223,0.0257346034,0.5476672993,0.2598423198,0.5336134187,0.2298850042
4860,1.0,0.0,0.0,0.0,1.0,1.0,0.2598547082,0.1728201645,0.03719699383,0.02374887466,0.5460000196,0.2846159516,0.5333335068,0.265058729
4861,1.0,0.0,0.0,0.0,1.0,1.0,0.2518280381,0.1658912421,0.03758764267,0.02378594875,0.5295275958,0.2343740089,0.5245900753,0.2098771619
4862,1.0,0.0,0.0,0.0,1.0,1.0,0.2468976828,0.1536027223,0.0359994173,0.02159965038,0.5395258266,0.2319999338,0.5286883439,0.2133328918
4863,1.0,0.0,0.0,0.0,1.0,1.0,0.2616648523,0.1638430906,0.03711354733,0.02232396603,0.5374015099,0.2556378902,0.5327868601,0.2375004672
4864,1.0,0.0,0.0,0.0,1.0,1.0,0.2547599458,0.1713917688,0.03689312935,0.02355480194,0.5215685976,0.2384613645,0.5165290027,0.2289161505
4865,1.0,0.0,0.0,0.0,1.0,1.0,0.2596976782,0.1651966213,0.03663510084,0.0222030282,0.5255905002,0.2424235522,0.5247935735,0.2249983222
4866,1.0,0.0,0.0,0.0,1.0,1.0,0.2600491084,0.1679388095,0.03794515133,0.02322012186,0.5242719418,0.2686573025,0.5163934426,0.2317073484
4867,1.0,0.0,0.0,0.0,1.0,1.0,0.2763162389,0.1912514386,0.03905940056,0.02576261759,0.5274508167,0.2765951278,0.5226340198,0.2580646654
4868,1.0,0.0,0.0,0.0,1.0,1.0,0.2678113683,0.1841076738,0.03904026747,0.02574396133,0.5495145516,0.2898546078,0.5465586803,0.2527459297
4869,1.0,0.0,0.0,0.0,1.0,1.0,0.2671587706,0.1838974727,0.03903120756,0.02583360672,0.5346153658,0.2661876656,0.5280000509,0.25
4870,1.0,0.0,0.0,0.0,1.0,1.0,0.2636323126,0.1824707724,0.03830438852,0.02515512705,0.5472440828,0.2835813464,0.5394188198,0.2840915284
4871,1.0,0.0,0.0,0.0,1.0,1.0,0.2591147048,0.1841074534,0.03659129143,0.02503609657,0.5321637365,0.2857142857,0.5222672029,0.2637369178
4872,1.0,0.0,0.0,0.0,1.0,1.0,0.2577924886,0.1781794376,0.03536725044,0.02366888523,0.5416667617,0.2846161884,0.5327870213,0.2528746053
4873,1.0,0.0,0.0,0.0,1.0,1.0,0.2563181356,0.2032064207,0.03573316336,0.0271461606,0.5347913252,0.2868225847,0.5311203153,0.2448988554
4874,1.0,0.0,0.0,0.0,1.0,1.0,0.219193643,0.1824707086,0.02953577042,0.02384537458,0.5492958774,0.2844037068,0.5311203509,0.1931815057
4875,1.0,0.0,0.0,0.0,1.0,1.0,0.2243234583,0.1700728587,0.03412300348,0.02467823029,0.5250501137,0.3482145508,0.5336136991,0.2592601538
4876,1.0,0.0,0.0,0.0,1.0,1.0,0.2507497099,0.2237556869,0.04321146011,0.0367757082,0.4928825012,0.5390072389,0.5746268738,0.5500004862
4877,1.0,0.0,0.0,0.0,1.0,1.0,0.3252821213,0.3141101192,0.06072568893,0.05537676811,0.4806071055,0.5492232099,0.5785714817,0.5738632694
4878,1.0,0.0,0.0,0.0,1.0,1.0,0.3658523148,0.3682154105,0.07075101137,0.06753504276,0.4742097165,0.5499993682,0.5754387436,0.5476192578
4879,1.0,0.0,0.0,0.0,1.0,1.0,0.3535216996,0.3477078697,0.06522232294,0.06065064669,0.4710743548,0.5560745315,0.5664337791,0.5577883719
4880,1.0,0.0,0.0,0.0,1.0,1.0,0.3490638183,0.3366541718,0.06530255079,0.05914193392,0.4530476993,0.5424531875,0.5578947583,0.5468753937
4881,1.0,0.0,0.0,0.0,1.0,1.0,0.3487201769,0.3355016571,0.06386488676,0.05805897713,0.447412405,0.5502396229,0.5512368952,0.5578943154
4882,1.0,0.0,0.0,0.0,1.0,1.0,0.3564677253,0.3448780022,0.06607073545,0.06051337719,0.4499999719,0.5560743827,0.5598592016,0.5561223585
4883,1.0,0.0,0.0,0.0,1.0,1.0,0.354957275,0.3371816923,0.06868314743,0.0617198348,0.4599017663,0.5576041905,0.5674739808,0.558974666
4884,1.0,0.0,0.0,0.0,1.0,1.0,0.3381693212,0.3196094734,0.06489735842,0.05815064907,0.4589614496,0.5594063907,0.5653711359,0.5580111233
4885,1.0,0.0,0.0,0.0,1.0,1.0,0.2922241188,0.2597828124,0.05518490076,0.04702150822,0.463667793,0.5325447238,0.5703969633,0.5347222046
4886,1.0,0.0,0.0,0.0,1.0,1.0,0.2539712363,0.1850816844,0.04576325417,0.03292322159,0.5009140044,0.5539568626,0.5814813772,0.5
4887,1.0,0.0,0.0,0.0,1.0,1.0,0.3125744239,0.1986596743,0.05240601301,0.03237825632,0.5358565217,0.4458598291,0.5573769113,0.3505155398
4888,1.0,0.0,0.0,0.0,1.0,1.0,0.3424938601,0.1986594919,0.05710250139,0.03239148855,0.5110220813,0.4327483427,0.5368853568,0.3092785023
4889,1.0,0.0,0.0,0.0,1.0,1.0,0.3195887397,0.207394126,0.05281609297,0.03361028433,0.5387596567,0.4606057733,0.5731223668,0.3714290274
4890,1.0,0.0,0.0,0.0,1.0,1.0,0.265696856,0.2013530376,0.04964244366,0.03616338968,0.478873281,0.5761590756,0.5750917623,0.5000008241
4891,1.0,0.0,0.0,0.0,1.0,1.0,0.3046244815,0.2560846672,0.0575158596,0.04652965069,0.4828766796,0.5393251091,0.5765124777,0.5416659194
4892,1.0,0.0,0.0,0.0,1.0,1.0,0.3225622744,0.2820722787,0.06149417162,0.05161684752,0.4715718627,0.5388596115,0.571428711,0.5555556839
4893,1.0,0.0,0.0,0.0,1.0,1.0,0.3404505641,0.3015860652,0.06721514463,0.05723273754,0.4755480308,0.5544554631,0.5789474015,0.5755816981
4894,1.0,0.0,0.0,0.0,1.0,1.0,0.3420460053,0.3156134163,0.06444555521,0.05658638477,0.4657763234,0.5512195979,0.5719300929,0.5555552044
4895,1.0,0.0,0.0,0.0,1.0,1.0,0.3404877247,0.3054832347,0.06435412169,0.0553894043,0.4661017484,0.5572135525,0.5759717291,0.5722537879
4896,1.0,0.0,0.0,0.0,1.0,1.0,0.3381697972,0.2949744535,0.06433051825,0.0541395545,0.4656616284,0.5544549318,0.5798611822,0.5588240151
4897,1.0,0.0,0.0,0.0,1.0,1.0,0.3487985531,0.316724656,0.06456631422,0.05587470531,0.459731619,0.5432686849,0.5669015298,0.5499998933
4898,1.0,0.0,0.0,0.0,1.0,1.0,0.3524520759,0.3140605694,0.06632399559,0.05635982752,0.451986754,0.544601036,0.5555557401,0.5690600606
4899,1.0,0.0,0.0,0.0,1.0,1.0,0.3458336546,0.3151547533,0.05874431133,0.05087417364,0.4602649091,0.5598082726,0.5609754386,0.5801105296
4900,1.0,0.0,0.0,0.0,1.0,1.0,0.3458965576,0.3116724235,0.05854642391,0.05038368702,0.4658902259,0.5576922685,0.5644598943,0.5810057518
4901,1.0,0.0,0.0,0.0,1.0,1.0,0.3293243854,0.2957532776,0.05662357807,0.04901742935,0.4508197481,0.5572145274,0.5544215938,0.5804595465
4902,1.0,0.0,0.0,0.0,1.0,1.0,0.3401668304,0.2994959223,0.05562233925,0.04714649916,0.4489465246,0.5523806564,0.5555555135,0.6011236594
4903,1.0,0.0,0.0,0.0,1.0,1.0,0.3450262311,0.305198676,0.05943000317,0.05078053474,0.4457051359,0.5586859498,0.5536912319,0.5824174018
4904,1.0,0.0,0.0,0.0,1.0,1.0,0.3514167602,0.3071373358,0.06075555086,0.05155855417,0.4483870887,0.555045624,0.5548174079,0.5891892454
4905,1.0,0.0,0.0,0.0,1.0,1.0,0.3440169596,0.2974527767,0.05925065279,0.04914146662,0.4469820291,0.5687206318,0.5578232176,0.6057138213
4906,1.0,0.0,0.0,0.0,1.0,1.0,0.3461482827,0.2961311309,0.05805170536,0.04796761274,0.4504065335,0.5586860052,0.5656567032,0.596590549
4907,1.0,0.0,0.0,0.0,1.0,1.0,0.3412726158,0.2841221706,0.05529129505,0.04475963116,0.4487804945,0.5571432267,0.5551839275,0.6117649565
4908,1.0,0.0,0.0,0.0,1.0,1.0,0.3408692382,0.2823765202,0.05943661928,0.04760700464,0.4552980462,0.5582517116,0.5616436613,0.606059999
4909,1.0,0.0,0.0,0.0,1.0,1.0,0.3490633807,0.2913629932,0.05784702301,0.04693257809,0.4662273666,0.5660373081,0.5728812669,0.5988369287
4910,1.0,0.0,0.0,0.0,1.0,1.0,0.3446920398,0.2879750945,0.05508130789,0.04480302334,0.4636963799,0.5598082914,0.5694916579,0.6
4911,1.0,0.0,0.0,0.0,1.0,1.0,0.341353153,0.2809877795,0.05808997154,0.04663950205,0.4597701109,0.5576920709,0.5656566781,0.6107777697
4912,1.0,0.0,0.0,0.0,1.0,1.0,0.2994583276,0.1486159563,0.04374110699,0.02187055349,0.5149813531,0.5249995231,0.5650559081,0.4875002385
4913,1.0,0.0,0.0,0.0,1.0,1.0,0.319447807,0.1635113683,0.04620414972,0.02404773235,0.5177569335,0.4970761516,0.5735291316,0.4269656516
4914,1.0,0.0,0.0,0.0,1.0,1.0,0.2909089204,0.1641938945,0.04437541962,0.02504622936,0.4749999658,0.6073612216,0.5642855636,0.6086943071
4915,1.0,0.0,0.0,0.0,1.0,1.0,0.3331472093,0.2722618779,0.05389499664,0.04322546721,0.4703892339,0.558374843,0.5793102102,0.594936866
4916,1.0,0.0,0.0,0.0,1.0,1.0,0.3536228271,0.2954430867,0.05926078558,0.04868847132,0.4717608059,0.56338014,0.581080954,0.5885718063
4917,1.0,0.0,0.0,0.0,1.0,1.0,0.3583525744,0.2981668243,0.0616312623,0.0506054759,0.4605263671,0.5688069934,0.5833333041,0.6033516329
4918,1.0,0.0,0.0,0.0,1.0,1.0,0.3536229979,0.2974926263,0.05899775028,0.04930329323,0.4584718463,0.5633803386,0.5819396586,0.5842690517
4919,1.0,0.0,0.0,0.0,1.0,1.0,0.3298158786,0.2606517743,0.05307459831,0.04208439589,0.4683333694,0.5555554308,0.594684551,0.5987261688
4920,1.0,0.0,0.0,0.0,1.0,1.0,0.3479839244,0.1343122265,0.04839324951,0.0191321969,0.5020243423,0.4360466262,0.5256916566,0.2647039581
4921,1.0,0.0,0.0,0.0,1.0,1.0,0.3405354907,0.1375198299,0.04695701599,0.01972746849,0.4778225704,0.4378706487,0.511627849,0.2957742649
4922,1.0,0.0,0.0,0.0,1.0,1.0,0.3521452977,0.1475552919,0.04971802235,0.02155405283,0.5071283005,0.3988443048,0.5236220183,0.1866671091
4923,1.0,0.0,0.0,0.0,1.0,1.0,0.3516552417,0.1465049,0.04940950871,0.0210930109,0.4958848433,0.3976613901,0.5180724787,0.219177579
4924,1.0,0.0,0.0,0.0,1.0,1.0,0.3520298823,0.1592736035,0.05319672823,0.02445828915,0.520243011,0.3908041856,0.5338647862,0.1999990252
4925,1.0,0.0,0.0,0.0,1.0,1.0,0.3428884586,0.1522589199,0.05208027363,0.02308106422,0.4873294399,0.4034096241,0.5156249447,0.2179497774
4926,1.0,0.0,0.0,0.0,1.0,1.0,0.2865781833,0.1377909907,0.04443156719,0.020827353,0.4892473304,0.5562501509,0.5735295393,0.5333333333
4927,1.0,0.0,0.0,0.0,1.0,1.0,0.3103443291,0.2438501495,0.05182564259,0.03956580162,0.4974958904,0.5430102704,0.6048112175,0.5985923556
4928,1.0,0.0,0.0,0.0,1.0,1.0,0.3646387673,0.3181615044,0.06484115124,0.05423080921,0.4842454409,0.5545450033,0.5916953819,0.5597829074
4929,1.0,0.0,0.0,0.0,1.0,1.0,0.3852874296,0.3456974304,0.06593495607,0.05691820383,0.4942339935,0.5555552542,0.5958905647,0.5594059873
4930,1.0,0.0,0.0,0.0,1.0,1.0,0.3822368123,0.340016377,0.06447803974,0.05526691675,0.4900662375,0.5627707389,0.5979381746,0.5757577718
4931,1.0,0.0,0.0,0.0,1.0,1.0,0.3841505444,0.355243651,0.06559097767,0.0580868721,0.4869706508,0.5635594684,0.5986394434,0.5645927908
4932,1.0,0.0,0.0,0.0,1.0,1.0,0.3796581513,0.3427138598,0.0646739006,0.05610597134,0.4902597499,0.5726493206,0.6047297543,0.5812810341
4933,1.0,0.0,0.0,0.0,1.0,1.0,0.3707081669,0.3286299849,0.06301230192,0.05385190248,0.4607843593,0.5638766103,0.5796609035,0.5773200441
4934,1.0,0.0,0.0,0.0,1.0,1.0,0.3690750551,0.330323996,0.06346964836,0.05476361513,0.4624183659,0.5796464083,0.5762712596,0.5897433665
4935,1.0,0.0,0.0,0.0,1.0,1.0,0.3790984637,0.3376953361,0.06461113691,0.05538100004,0.4646961616,0.5757572683,0.5767918436,0.5858585206
4936,1.0,0.0,0.0,0.0,1.0,1.0,0.3778577488,0.3445176679,0.06497782469,0.05682045221,0.4599017876,0.5714284404,0.5733789901,0.5792073547
4937,1.0,0.0,0.0,0.0,1.0,1.0,0.3819941692,0.3417334168,0.06593024731,0.05655223131,0.4629324831,0.5689659225,0.5738832395,0.5778892883
4938,1.0,0.0,0.0,0.0,1.0,1.0,0.3784770271,0.3439860232,0.06488639116,0.05645960569,0.4557376907,0.5757574087,0.5684932502,0.5771144436
4939,1.0,0.0,0.0,0.0,1.0,1.0,0.370468609,0.3342964303,0.0617633462,0.05325376987,0.4612850209,0.5733335778,0.5758620354,0.5876288544
4940,1.0,0.0,0.0,0.0,1.0,1.0,0.36657151,0.3389713688,0.06331431866,0.05508059263,0.4490130712,0.5695060806,0.5629370116,0.5721648871
4941,1.0,0.0,0.0,0.0,1.0,1.0,0.3680485625,0.3433456305,0.0667322278,0.05810302496,0.4428570337,0.581896263,0.5612244826,0.5742572632
4942,1.0,0.0,0.0,0.0,1.0,1.0,0.3725634821,0.3470285347,0.06677740812,0.05806732178,0.4635332474,0.573912896,0.5798609689,0.5900002874
4943,1.0,0.0,0.0,0.0,1.0,1.0,0.3729972998,0.3579315782,0.06537252665,0.05782955885,0.4593300976,0.5769227613,0.5813145815,0.5893720902
4944,1.0,0.0,0.0,0.0,1.0,1.0,0.3619774453,0.3424662006,0.06272572279,0.05439931154,0.4599358761,0.5707963887,0.580419814,0.59183669
4945,1.0,0.0,0.0,0.0,1.0,1.0,0.3683840125,0.3470281895,0.06587874889,0.05728584528,0.4679487724,0.5826084675,0.5833334236,0.5950002965
4946,1.0,0.0,0.0,0.0,1.0,1.0,0.3659245186,0.3389716807,0.0658300519,0.05626010895,0.4645161028,0.5682818067,0.5874124593,0.6030927398
4947,1.0,0.0,0.0,0.0,1.0,1.0,0.3591490069,0.3325669425,0.06403446198,0.0553420186,0.4682926858,0.5791859036,0.5923343962,0.6073302207
4948,1.0,0.0,0.0,0.0,1.0,1.0,0.3508506799,0.3244714886,0.06159198284,0.05283349752,0.4653785009,0.5733948683,0.5868057386,0.593582574
4949,1.0,0.0,0.0,0.0,1.0,1.0,0.3560104531,0.3244716564,0.06027698517,0.05170547962,0.46732031,0.5733941144,0.5902778271,0.6096251876
4950,1.0,0.0,0.0,0.0,1.0,1.0,0.3449120032,0.3159748662,0.06150060892,0.0526330471,0.4301766121,0.5720932847,0.556701042,0.5923903442
4951,1.0,0.0,0.0,0.0,1.0,1.0,0.3580803197,0.3308965135,0.0626386404,0.05456525087,0.4315285561,0.564444639,0.5540540247,0.6020407383
4952,1.0,0.0,0.0,0.0,1.0,1.0,0.3509365841,0.3262064629,0.06081289053,0.05268579721,0.4336569376,0.5668199919,0.5590279802,0.5957444161
4953,1.0,0.0,0.0,0.0,1.0,1.0,0.3036497361,0.2282897993,0.04837661982,0.03510761261,0.4687499854,0.5714289235,0.5683455106,0.6456703474
4954,1.0,0.0,0.0,0.0,1.0,1.0,0.3239297899,0.1559129247,0.04745000601,0.02256768942,0.4980237564,0.4390242677,0.5239999078,0.3717946348
4955,1.0,0.0,0.0,0.0,1.0,1.0,0.3226545085,0.1626545176,0.04736614227,0.02397191525,0.5059054413,0.4085371071,0.5294115744,0.2771083738
4956,1.0,0.0,0.0,0.0,1.0,1.0,0.3377288519,0.1725227803,0.04959255457,0.02508461475,0.4891945744,0.4069769538,0.5158732436,0.2643673518
4957,1.0,0.0,0.0,0.0,1.0,1.0,0.335780891,0.1652462559,0.04847359657,0.02366650105,0.4802370258,0.3705874686,0.509960355,0.2289161785
4958,1.0,0.0,0.0,0.0,1.0,1.0,0.3067966023,0.1406058887,0.04684787989,0.02126836777,0.4802260681,0.4785279976,0.5399237911,0.41891801
4959,1.0,0.0,0.0,0.0,1.0,1.0,0.2929396953,0.2033952299,0.04735040665,0.03230971098,0.4500000138,0.5823531485,0.5614035088,0.6293115058
4960,1.0,0.0,0.0,0.0,1.0,1.0,0.3190068182,0.2550656126,0.05004686117,0.03913235664,0.4617995901,0.558510898,0.5763891074,0.6258506821
4961,1.0,0.0,0.0,0.0,1.0,1.0,0.3403412621,0.2848239672,0.05694955587,0.04639309645,0.461793959,0.5609756608,0.573379002,0.6047906653
4962,1.0,0.0,0.0,0.0,1.0,1.0,0.3490637737,0.2937552372,0.0577147007,0.04736965895,0.4695223225,0.5707544832,0.581081156,0.6034482108
4963,1.0,0.0,0.0,0.0,1.0,1.0,0.3578862235,0.3072609036,0.05908107758,0.0495518446,0.4636963649,0.5806453891,0.5810811061,0.5879120747
4964,1.0,0.0,0.0,0.0,1.0,1.0,0.3542118683,0.3032205951,0.05798816681,0.04873180389,0.4742095673,0.5727695091,0.5898304884,0.6033520715
4965,1.0,0.0,0.0,0.0,1.0,1.0,0.3564678278,0.3055726296,0.05850690603,0.04948478937,0.4683333351,0.579439538,0.587838002,0.6022100246
4966,1.0,0.0,0.0,0.0,1.0,1.0,0.3602639191,0.3042519544,0.06052881479,0.04992932081,0.4750829769,0.5760365532,0.5918369274,0.5977652431
4967,1.0,0.0,0.0,0.0,1.0,1.0,0.3580090328,0.3093511835,0.05945694447,0.05009800196,0.4676616407,0.5740745568,0.5850338959,0.5989006609
4968,1.0,0.0,0.0,0.0,1.0,1.0,0.3623803137,0.3121123536,0.06076586246,0.05077695847,0.4552979373,0.5707761393,0.5699658503,0.590163588
4969,1.0,0.0,0.0,0.0,1.0,1.0,0.3545872927,0.3052898766,0.06070554256,0.05054086447,0.4323431608,0.5720934343,0.5494882942,0.5865921327
4970,1.0,0.0,0.0,0.0,1.0,1.0,0.3589427356,0.3099965439,0.0609498024,0.05116432905,0.4431630914,0.56880716,0.5525424451,0.5846993517
4971,1.0,0.0,0.0,0.0,1.0,1.0,0.3519629894,0.2964448546,0.05817914009,0.04802525043,0.425249188,0.5566037349,0.5457627293,0.6
4972,1.0,0.0,0.0,0.0,1.0,1.0,0.349142854,0.2998328748,0.05838370323,0.04897594452,0.4354304345,0.5687196534,0.549152697,0.6045200078
4973,1.0,0.0,0.0,0.0,1.0,1.0,0.3563516919,0.3032205844,0.05999481678,0.04994916916,0.4378108863,0.5674415278,0.5525422343,0.5921793109
4974,1.0,0.0,0.0,0.0,1.0,1.0,0.3539008778,0.3079090676,0.05858612061,0.04963546991,0.4278689128,0.5694436531,0.5488216746,0.5901638557
4975,1.0,0.0,0.0,0.0,1.0,1.0,0.3565928312,0.3085524678,0.06055891514,0.05111396313,0.4337152747,0.5688073936,0.550335556,0.5923911142
4976,1.0,0.0,0.0,0.0,1.0,1.0,0.3578859609,0.308949214,0.05878460407,0.04957413673,0.4587459375,0.5714287163,0.5743243143,0.5956287964
4977,1.0,0.0,0.0,0.0,1.0,1.0,0.356351567,0.3015264174,0.06018328667,0.04982614517,0.4660032729,0.5767439695,0.5830508438,0.6011228025
4978,1.0,0.0,0.0,0.0,1.0,1.0,0.364483193,0.3169369945,0.05889081955,0.05036360025,0.4636962992,0.5882346988,0.5805368448,0.6031745844
4979,1.0,0.0,0.0,0.0,1.0,1.0,0.3601294631,0.3155235641,0.06080001593,0.05159634352,0.4661156748,0.5779815794,0.5870305699,0.5945938453
4980,1.0,0.0,0.0,0.0,1.0,1.0,0.3437146325,0.2899404817,0.05504333973,0.04542410374,0.4657763084,0.5873787459,0.5870308427,0.6117650146
4981,1.0,0.0,0.0,0.0,1.0,1.0,0.3544820497,0.3038843178,0.05766266584,0.04805219173,0.4696224212,0.5740739018,0.5912163334,0.6055555693
4982,1.0,0.0,0.0,0.0,1.0,1.0,0.349967266,0.3133843578,0.0602517724,0.05184459686,0.4576547214,0.5767442873,0.576270991,0.605404871
4983,1.0,0.0,0.0,0.0,1.0,1.0,0.3532229395,0.3173901656,0.06086057425,0.05272710323,0.4609120354,0.5852531313,0.5810810326,0.611701827
4984,1.0,0.0,0.0,0.0,1.0,1.0,0.3549571116,0.3196867388,0.06086224318,0.05328953266,0.5040916486,0.5806449717,0.6195286207,0.6052625692
4985,1.0,0.0,0.0,0.0,1.0,1.0,0.353623324,0.3205105521,0.05835980177,0.05096203089,0.5033223235,0.5680752516,0.6241379026,0.6075267748
4986,1.0,0.0,0.0,0.0,1.0,1.0,0.3601297517,0.3302653569,0.06096756458,0.05341649055,0.4958677795,0.5688076444,0.6193774495,0.59685889
4987,1.0,0.0,0.0,0.0,1.0,1.0,0.3543172131,0.3173667874,0.06039577723,0.05156433582,0.4983277621,0.5754717633,0.6175439407,0.6077347747
4988,1.0,0.0,0.0,0.0,1.0,1.0,0.3470514126,0.3138597254,0.05759418011,0.04956424236,0.48914856,0.5769225993,0.6105263317,0.6089375263
4989,1.0,0.0,0.0,0.0,1.0,1.0,0.3516856123,0.312540396,0.05924397707,0.05015075207,0.494271724,0.5767438772,0.6151205379,0.6263730256
4990,1.0,0.0,0.0,0.0,1.0,1.0,0.3544816553,0.3136179638,0.05920666456,0.04988712072,0.4844006524,0.5740740927,0.6034483598,0.6208787204
4991,1.0,0.0,0.0,0.0,1.0,1.0,0.3499674052,0.3159746589,0.05886119604,0.05037420988,0.4674267219,0.5674417003,0.5910651829,0.6141309299
4992,1.0,0.0,0.0,0.0,1.0,1.0,0.3501334369,0.3145097591,0.05864036083,0.04955524206,0.4473684749,0.5633803676,0.566433741,0.6000007217
4993,1.0,0.0,0.0,0.0,1.0,1.0,0.3402706905,0.3040261827,0.05897337198,0.04957181215,0.4424341961,0.5700483824,0.5664335869,0.6034482137
4994,1.0,0.0,0.0,0.0,1.0,1.0,0.3534209321,0.3203784945,0.05926406384,0.05071902275,0.4407894304,0.5627907866,0.5644598109,0.5923913299
4995,1.0,0.0,0.0,0.0,1.0,1.0,0.3595353142,0.3244715947,0.05880856514,0.05044585466,0.4455446356,0.5733942537,0.5624998323,0.6042777084
4996,1.0,0.0,0.0,0.0,1.0,1.0,0.3560101087,0.3205106752,0.06075000763,0.05183261633,0.4460785187,0.5733946484,0.5551722842,0.6075273083
4997,1.0,0.0,0.0,0.0,1.0,1.0,0.3490636019,0.3164325092,0.05990320444,0.05170893669,0.4514004054,0.5754714634,0.5674740535,0.6010925245
4998,1.0,0.0,0.0,0.0,1.0,1.0,0.3550648155,0.3233487446,0.06151258945,0.05325394869,0.4473684731,0.5694440945,0.5674741461,0.5989302179
4999,1.0,0.0,0.0,0.0,1.0,1.0,0.3534210396,0.3233488708,0.06228500605,0.05417346954,0.447368381,0.5674426705,0.5605535581,0.5935822111
5000,1.0,0.0,0.0,0.0,1.0,1.0,0.3459607285,0.3015858632,0.05992239714,0.0497905612,0.4565216774,0.5555553345,0.5754387966,0.5930230192
5001,1.0,0.0,0.0,0.0,1.0,1.0,0.3505629577,0.3085997172,0.05995196104,0.0507286191,0.4553120033,0.5865382417,0.5684208923,0.6022723935
5002,1.0,0.0,0.0,0.0,1.0,1.0,0.3460250711,0.2935424644,0.05812138319,0.04739999771,0.4487395483,0.5873789245,0.5664335277,0.6130954177
5003,1.0,0.0,0.0,0.0,1.0,1.0,0.350563212,0.2987839487,0.05820256472,0.04784917831,0.4603710637,0.5817310597,0.5734266385,0.6023386349
5004,1.0,0.0,0.0,0.0,1.0,1.0,0.353544106,0.2984199262,0.05946159363,0.04831254482,0.4421767912,0.5673085405,0.5547702087,0.5917167355
5005,1.0,0.0,0.0,0.0,1.0,1.0,0.3486025995,0.2969871685,0.05985534191,0.04924058914,0.4536082644,0.5714285714,0.5587188842,0.5868263691
5006,1.0,0.0,0.0,0.0,1.0,1.0,0.3553569112,0.304794186,0.05960470438,0.04928851128,0.4632477812,0.5769234231,0.574467842,0.593023059
5007,1.0,0.0,0.0,0.0,1.0,1.0,0.3606231288,0.3005314225,0.05989259481,0.04905492067,0.4639174906,0.5857144137,0.5699300967,0.5930231287
5008,1.0,0.0,0.0,0.0,1.0,1.0,0.3645221635,0.3068458325,0.06106668711,0.05017215014,0.4640411021,0.5774653524,0.5754385978,0.5885709398
5009,1.0,0.0,0.0,0.0,1.0,1.0,0.3628111672,0.2966541229,0.06025987864,0.04775309563,0.4589041286,0.5801889825,0.5689046447,0.5892863384
5010,1.0,0.0,0.0,0.0,1.0,1.0,0.3632783011,0.2963257712,0.0612590313,0.04860460758,0.4470989556,0.5727701906,0.5508774034,0.5857980256
5011,1.0,0.0,0.0,0.0,1.0,1.0,0.3762804365,0.3123254313,0.0621920228,0.05065411329,0.463372973,0.5882352941,0.5694445261,0.5722228433
5012,1.0,0.0,0.0,0.0,1.0,1.0,0.3684899453,0.2956094706,0.05879956484,0.04659587145,0.4539130763,0.5801886075,0.5598591509,0.5833330135
5013,1.0,0.0,0.0,0.0,1.0,1.0,0.3646846808,0.2917952411,0.05917215347,0.04661202431,0.4526678944,0.5849060785,0.5594403794,0.5748510268
5014,1.0,0.0,0.0,0.0,1.0,1.0,0.3654803598,0.2928190672,0.05671626329,0.04488921165,0.459272157,0.5876783029,0.5614036043,0.5808388084
5015,1.0,0.0,0.0,0.0,1.0,1.0,0.3711228824,0.2945723986,0.06156665087,0.04810786247,0.4628669445,0.5813952137,0.5719299347,0.5773816899
5016,1.0,0.0,0.0,0.0,1.0,1.0,0.3665773022,0.2956096668,0.06050384045,0.04794645309,0.4602075681,0.5801892648,0.5669016013,0.57738113
5017,1.0,0.0,0.0,0.0,1.0,1.0,0.3626594705,0.2987843326,0.05762600899,0.04626315832,0.4633731111,0.5774645119,0.5769231065,0.5789475718
5018,1.0,0.0,0.0,0.0,1.0,1.0,0.369912252,0.3036499281,0.05985832214,0.04805141687,0.4634974668,0.5871560638,0.5729166392,0.5714285714
5019,1.0,0.0,0.0,0.0,1.0,1.0,0.3671416309,0.2967094819,0.06187540293,0.04898476601,0.4574831009,0.5787041095,0.562499842,0.5730992373
5020,1.0,0.0,0.0,0.0,1.0,1.0,0.3699121007,0.3053849879,0.0614503026,0.04961127043,0.4567062569,0.5825687584,0.5659722477,0.5738647354
5021,1.0,0.0,0.0,0.0,1.0,1.0,0.3682154298,0.3029666445,0.05906993151,0.04736483097,0.4634973943,0.580644966,0.5714286804,0.5804593217
5022,1.0,0.0,0.0,0.0,1.0,1.0,0.3669691887,0.3001796102,0.05986458063,0.04772615433,0.4602369298,0.5898616135,0.5694445954,0.5780355484
5023,1.0,0.0,0.0,0.0,1.0,1.0,0.3614277716,0.2952895715,0.05724489689,0.04541969299,0.4601018133,0.5821597026,0.569929845,0.5798815248
5024,1.0,0.0,0.0,0.0,1.0,1.0,0.3669693442,0.3029667166,0.06021022797,0.04827916622,0.4670049637,0.5806456403,0.5818816934,0.5804602526
5025,1.0,0.0,0.0,0.0,1.0,1.0,0.3692850919,0.2994844987,0.06108421087,0.04819494486,0.466101701,0.5733946252,0.5749128855,0.5755815463
5026,1.0,0.0,0.0,0.0,1.0,1.0,0.3638992335,0.3026476911,0.05987417698,0.04834908247,0.4529915521,0.5727699344,0.5633805707,0.5755809868
5027,1.0,0.0,0.0,0.0,1.0,1.0,0.369469722,0.3092678645,0.05921268463,0.04829794168,0.4633730703,0.5806453236,0.5734263332,0.5875701125
5028,1.0,0.0,0.0,0.0,1.0,1.0,0.3696566797,0.3121066039,0.06096988916,0.05024373531,0.4640410895,0.5833337407,0.571929844,0.5786511655
5029,1.0,0.0,0.0,0.0,1.0,1.0,0.3456974896,0.2815329653,0.05534529686,0.04383784533,0.4297946009,0.5693066535,0.5352114779,0.5812499915
5030,1.0,0.0,0.0,0.0,1.0,1.0,0.3501446304,0.297706434,0.05825775862,0.04751121998,0.3707482536,0.5679612197,0.4751771248,0.565475608
5031,1.0,0.0,0.0,0.0,1.0,1.0,0.3496342951,0.2941618332,0.05952477455,0.04820048809,0.3651877276,0.5707317806,0.4680849671,0.5602408894
5032,1.0,0.0,0.0,0.0,1.0,1.0,0.3468148508,0.2923900763,0.05733382702,0.04660141468,0.3658120193,0.5763549717,0.4680850825,0.5636368985
5033,1.0,0.0,0.0,0.0,1.0,1.0,0.3496342445,0.293122717,0.05594903231,0.04530507326,0.3617748165,0.5756097197,0.4664311431,0.5662649176
5034,1.0,0.0,0.0,0.0,1.0,1.0,0.3502318479,0.2956095948,0.05799436569,0.04752707481,0.3692307083,0.5707318928,0.4788732186,0.5714283923
5035,1.0,0.0,0.0,0.0,1.0,1.0,0.3502318056,0.2945725706,0.05650889874,0.04630976915,0.3709402158,0.585365725,0.4807019553,0.5833330116
5036,1.0,0.0,0.0,0.0,1.0,1.0,0.3552439762,0.302278699,0.05779719353,0.04784166813,0.3605442837,0.5741629163,0.4755245203,0.5722544073
5037,1.0,0.0,0.0,0.0,1.0,1.0,0.3507409809,0.2910654509,0.05805033445,0.04677844048,0.3577513133,0.5776698979,0.4701755193,0.57228865
5038,1.0,0.0,0.0,0.0,1.0,1.0,0.3541466012,0.2917952495,0.05685156584,0.04564523697,0.3645655498,0.5817305525,0.4790212628,0.580838339
5039,1.0,0.0,0.0,0.0,1.0,1.0,0.3546403863,0.298444162,0.05653625727,0.04652744532,0.361629844,0.5837319364,0.4791666667,0.5930238368
5040,1.0,0.0,0.0,0.0,1.0,1.0,0.3495501784,0.2977432971,0.05808502436,0.04821622372,0.3786078899,0.5776696887,0.4912889177,0.5730986706
5041,1.0,0.0,0.0,0.0,1.0,1.0,0.3467451483,0.2963257483,0.05815327168,0.04817599058,0.377550966,0.5735294419,0.4912280123,0.5798821912
5042,1.0,0.0,0.0,0.0,1.0,1.0,0.3489578122,0.2994846805,0.05685853958,0.04747414589,0.3898304775,0.5776693839,0.501742235,0.5872095359
5043,1.0,0.0,0.0,0.0,1.0,1.0,0.3493847158,0.2991406987,0.05878639221,0.04889440536,0.3899159813,0.5721149946,0.5017303448,0.5895951784
5044,1.0,0.0,0.0,0.0,1.0,1.0,0.3510645247,0.2994842646,0.05766105652,0.04745310545,0.3915965911,0.578947314,0.5017420646,0.5813955241
5045,1.0,0.0,0.0,0.0,1.0,1.0,0.3519630575,0.311894664,0.05736881495,0.04897993803,0.393687795,0.5849053859,0.5034482183,0.5856352381
5046,1.0,0.0,0.0,0.0,1.0,1.0,0.3548018772,0.3084482924,0.06024998426,0.05063259602,0.398333269,0.5821599542,0.5068968172,0.5865924089
5047,1.0,0.0,0.0,0.0,1.0,1.0,0.3515622961,0.3071202557,0.05880987644,0.04956835508,0.4053601825,0.5761899163,0.5208335488,0.5932211746
5048,1.0,0.0,0.0,0.0,1.0,1.0,0.3470513712,0.3005314592,0.05575567484,0.04610568285,0.4073456687,0.5769227891,0.5174825175,0.5930228499
5049,1.0,0.0,0.0,0.0,1.0,1.0,0.3448657549,0.2987838818,0.05461597443,0.04533654451,0.4254606015,0.577669638,0.5384615687,0.596491551
5050,1.0,0.0,0.0,0.0,1.0,1.0,0.3480644546,0.2991409235,0.0589338541,0.04855024815,0.4162520972,0.5714288604,0.5294117647,0.5895943467
5051,1.0,0.0,0.0,0.0,1.0,1.0,0.3475594352,0.3012254536,0.05732166767,0.04744809866,0.4342761826,0.578947861,0.5470385345,0.6011567156
5052,1.0,0.0,0.0,0.0,1.0,1.0,0.3480643319,0.2956823518,0.05646538734,0.04597890377,0.4245439526,0.5809526122,0.532872036,0.5964910461
5053,1.0,0.0,0.0,0.0,1.0,1.0,0.351562614,0.3019147103,0.0578032732,0.04789412022,0.4371859852,0.5761906333,0.5451391668,0.5977013926
5054,1.0,0.0,0.0,0.0,1.0,1.0,0.3537254708,0.3015558096,0.05591768026,0.04615849257,0.4457429473,0.5849054995,0.5551725588,0.5999992252
5055,1.0,0.0,0.0,0.0,1.0,1.0,0.3526460372,0.2963864335,0.05753397942,0.04689973593,0.449832762,0.5829382757,0.5620688707,0.6104642961
5056,1.0,0.0,0.0,0.0,1.0,1.0,0.3498047502,0.2929400089,0.05546343327,0.04489898682,0.4483333589,0.585714255,0.5586206682,0.6
5057,1.0,0.0,0.0,0.0,1.0,1.0,0.3559884551,0.3036501668,0.05932229757,0.04873901606,0.4581939004,0.5821596905,0.5729168137,0.5942852251
5058,1.0,0.0,0.0,0.0,1.0,1.0,0.3559886645,0.304328571,0.05774879456,0.04771733284,0.4548495521,0.5774649486,0.564013562,0.5965906536
5059,1.0,0.0,0.0,0.0,1.0,1.0,0.3549108077,0.3008700462,0.05823016167,0.04779267311,0.4556114908,0.5754713698,0.5640137019,0.5919536359
5060,1.0,0.0,0.0,0.0,1.0,1.0,0.3539338391,0.3001794613,0.05943381786,0.04896211624,0.4586846203,0.5809530113,0.5729167999,0.6011555205
5061,1.0,0.0,0.0,0.0,1.0,1.0,0.3537257225,0.2960675549,0.05779200792,0.04716044664,0.4707845998,0.5707542062,0.5856163333,0.5895950689
5062,1.0,0.0,0.0,0.0,1.0,1.0,0.3587312087,0.2988021858,0.06017297506,0.04869812727,0.4724540317,0.5720930924,0.5841925982,0.5919531859
5063,1.0,0.0,0.0,0.0,1.0,1.0,0.3597993244,0.3005196628,0.05779719353,0.04682642221,0.4816666909,0.5740742269,0.5910653184,0.5999997454
5064,1.0,0.0,0.0,0.0,1.0,1.0,0.3549108618,0.2963860811,0.05880600214,0.04771047831,0.4706867434,0.5754717459,0.5793104521,0.5988376524
5065,1.0,0.0,0.0,0.0,1.0,1.0,0.3483670587,0.2862985418,0.05538547039,0.04436218739,0.4822333884,0.5825245853,0.5868055729,0.6060604025
5066,1.0,0.0,0.0,0.0,1.0,1.0,0.3377189856,0.2698841434,0.05266046524,0.04143333435,0.5060033787,0.5736041816,0.6062718122,0.6064525503
5067,1.0,0.0,0.0,0.0,1.0,1.0,0.342321735,0.2743222318,0.05527794361,0.04361122847,0.506024063,0.5829147842,0.6013984651,0.6114654731
5068,1.0,0.0,0.0,0.0,1.0,1.0,0.3411472648,0.2690805562,0.05597895384,0.0433204174,0.4939965472,0.5728647925,0.5979019154,0.6103899856
5069,1.0,0.0,0.0,0.0,1.0,1.0,0.3496340789,0.2766624604,0.05652594566,0.04411786795,0.5017065136,0.5804883861,0.6020758982,0.6062498733
5070,1.0,0.0,0.0,0.0,1.0,1.0,0.3451679339,0.2698838597,0.05348885059,0.04124760628,0.5000000962,0.5820899181,0.5993030802,0.6193549319
5071,1.0,0.0,0.0,0.0,1.0,1.0,0.3383797364,0.2612575755,0.0511931777,0.03931850195,0.4991274364,0.5721644143,0.5929822783,0.6241611145
5072,1.0,0.0,0.0,0.0,1.0,1.0,0.3377426384,0.2629194976,0.05404275656,0.04163497686,0.4879309381,0.5765308204,0.5923345525,0.6092719024
5073,1.0,0.0,0.0,0.0,1.0,1.0,0.337718687,0.2611782443,0.05383718014,0.04099279642,0.4974271626,0.5786802592,0.5958188391,0.6200001454
5074,1.0,0.0,0.0,0.0,1.0,1.0,0.3243802875,0.2454460596,0.05100142956,0.03832000494,0.561403552,0.5729727392,0.6572437555,0.6402878817
5075,1.0,0.0,0.0,0.0,1.0,1.0,0.3308501107,0.2498607226,0.05251896381,0.03884214163,0.5982759126,0.5729161229,0.6830986483,0.6478870214
5076,1.0,0.0,0.0,0.0,1.0,1.0,0.3314385168,0.2578065684,0.05338263512,0.04017460346,0.6136752083,0.5670100445,0.699646539,0.6301359904
5077,1.0,0.0,0.0,0.0,1.0,1.0,0.3342787249,0.2832352016,0.05184388161,0.0413171649,0.6044142058,0.5736046153,0.6859205112,0.6178347257
5078,1.0,0.0,0.0,0.0,1.0,1.0,0.344178763,0.3073823262,0.0565803051,0.04651552439,0.6009934216,0.567308219,0.6798564396,0.6081873293
5079,1.0,0.0,0.0,0.0,1.0,1.0,0.3359049477,0.3079460731,0.05493825674,0.04519551992,0.5993378192,0.5566506204,0.6826570139,0.610777377
5080,1.0,0.0,0.0,0.0,1.0,1.0,0.3266150283,0.3079462251,0.05394083261,0.04504060745,0.5964052666,0.5649999945,0.6715868121,0.6107792435
5081,1.0,0.0,0.0,0.0,1.0,1.0,0.3158688747,0.30538529,0.05356949568,0.04532808065,0.5996758533,0.5589748839,0.6740740205,0.599999474
5082,1.0,0.7853981853,0.0,0.0,1.0,1.0,0.3180777025,0.297627843,0.05471944809,0.04499769211,0.5928917928,0.5583754521,0.6691174094,0.6172841142
5083,1.0,0.7853981853,0.0,0.0,1.0,1.0,0.3154439016,0.2998328078,0.05304932594,0.04384690523,0.5958132674,0.5612244669,0.6777780314,0.6172839842
5084,1.0,0.7853981853,0.0,0.0,1.0,1.0,0.3004857045,0.2815589243,0.05076485872,0.04166024923,0.5964052554,0.5543488088,0.6753731464,0.6291385707
5085,1.0,0.7853981853,0.0,0.0,1.0,1.0,0.2686314932,0.2347173661,0.04434120655,0.03415095806,0.6093488145,0.5590061861,0.6931818415,0.6774196363
5086,1.0,0.7853981853,0.0,0.0,1.0,1.0,0.2270613399,0.1672885431,0.03426605463,0.0219078064,0.5828678171,0.4918027654,0.6137337434,0.4871800453
5087,1.0,0.0,0.0,0.0,1.0,1.0,0.267775353,0.1973150117,0.04005640745,0.02595204115,0.5452829565,0.3591554011,0.5622315204,0.2934775369
5088,1.0,0.0,0.0,0.0,1.0,1.0,0.2623054621,0.1994596613,0.03982788324,0.02703648806,0.5536397576,0.3503646358,0.5708154639,0.2473120413
5089,1.0,0.0,0.0,0.0,1.0,1.0,0.2800738865,0.1994592179,0.04247164726,0.02705383301,0.5201534173,0.31506857,0.5364808206,0.2150530527
5090,1.0,0.0,0.0,0.0,1.0,1.0,0.2660113404,0.1889699988,0.04119896889,0.02648502588,0.5380227182,0.3285715939,0.5546215986,0.2222214721
5091,1.0,0.0,0.0,0.0,1.0,1.0,0.2690052011,0.1844461244,0.03993815184,0.02507060766,0.532416624,0.3357654865,0.5364805286,0.232557089
5092,1.0,0.0,0.0,0.0,1.0,1.0,0.2875379993,0.1981648927,0.04338151217,0.02752476931,0.5297619218,0.3379319915,0.5301723749,0.2391308585
5093,1.0,0.0,0.0,0.0,1.0,1.0,0.2830103269,0.1900646071,0.04083251953,0.02541321516,0.5227722582,0.3636374253,0.5256411114,0.2584276778
5094,1.0,0.0,0.0,0.0,1.0,1.0,0.2974529681,0.1923611279,0.04324567318,0.02652400732,0.5238094652,0.3866667953,0.5313808707,0.2826073766
5095,1.0,0.0,0.0,0.0,1.0,1.0,0.3006289655,0.1994681356,0.04380965233,0.02756232023,0.5119521859,0.344370915,0.5126047122,0.2631574395
5096,1.0,0.0,0.0,0.0,1.0,1.0,0.30566428,0.1957241085,0.04431891441,0.02740776539,0.5251508773,0.3618421407,0.5250000213,0.2553183161
5097,1.0,0.0,0.0,0.0,1.0,1.0,0.3008422461,0.1693611744,0.04363268614,0.02371972799,0.5171716921,0.3825500147,0.5230125487,0.2222208262
5098,1.0,0.0,0.0,0.0,1.0,1.0,0.3054975335,0.1920414865,0.04376626015,0.02695536613,0.5222672461,0.3576162097,0.5206610763,0.2688176085
5099,1.0,0.0,0.0,0.0,1.0,1.0,0.3030438408,0.1740830795,0.04251408577,0.02393174171,0.506024026,0.3576159312,0.5122952668,0.2352954362
5100,1.0,0.0,0.0,0.0,1.0,1.0,0.3082958312,0.1863716634,0.0442404151,0.02631294727,0.5161290926,0.352941335,0.5245901016,0.2527488459
5101,1.0,0.0,0.0,0.0,1.0,1.0,0.3048799166,0.1990756876,0.04306936264,0.02795231342,0.5333333193,0.3509931025,0.5365855626,0.2551016927
5102,1.0,0.0,0.0,0.0,1.0,1.0,0.3026766147,0.1822750366,0.04286062717,0.02560126781,0.5325202405,0.3892615863,0.5245901848,0.2921344391
5103,1.0,0.0,0.0,0.0,1.0,1.0,0.3068996515,0.1780381549,0.04366469383,0.02527952194,0.5474747521,0.3750006825,0.5465584971,0.2727270584
5104,1.0,0.0,0.0,0.0,1.0,1.0,0.3073640875,0.1850816341,0.04312950373,0.0257062912,0.5417514358,0.3642392892,0.5390944612,0.2666666667
5105,1.0,0.0,0.0,0.0,1.0,1.0,0.3031096085,0.1781792157,0.04122364521,0.02423280478,0.5430327418,0.3716227744,0.5409835994,0.24137948
5106,1.0,0.0,0.0,0.0,1.0,1.0,0.3155060574,0.1904674529,0.04289746284,0.02573847771,0.5234214587,0.354838127,0.5204919461,0.3118290028
5107,1.0,0.0,0.0,0.0,1.0,1.0,0.3134705215,0.1747995489,0.04364085197,0.02408748865,0.5336048583,0.3701302426,0.5267490833,0.2705872746
5108,1.0,0.0,0.0,0.0,1.0,1.0,0.3073642506,0.1740830365,0.04222309589,0.02376794815,0.533604799,0.3708613665,0.5286883832,0.2588223493
5109,1.0,0.0,0.0,0.0,1.0,1.0,0.3028611868,0.168605354,0.0429688096,0.02377611399,0.5292929828,0.3800001942,0.5284551677,0.2409644595
5110,1.0,0.0,0.0,0.0,1.0,1.0,0.3095436393,0.1699871843,0.04341465235,0.0235517621,0.5263157056,0.3856203587,0.5327868041,0.265060119
5111,1.0,0.0,0.0,0.0,1.0,1.0,0.3087709394,0.1570555576,0.04225075245,0.02140337229,0.5284551358,0.3815786132,0.534694115,0.2337665593
5112,1.0,0.0,0.0,0.0,1.0,1.0,0.3044391702,0.1491101918,0.04115402699,0.02003550529,0.5270540026,0.3881569991,0.5443551142,0.2297316594
5113,1.0,0.0,0.0,0.0,1.0,1.0,0.3124506888,0.1430653834,0.04322588444,0.01967334747,0.515030181,0.3974352257,0.536290167,0.2394384119
5114,1.0,0.0,0.0,0.0,1.0,1.0,0.3140537833,0.1413552908,0.04464280605,0.01993483305,0.5079050998,0.4025156813,0.5378488278,0.2535199476
5115,1.0,0.0,0.0,0.0,1.0,1.0,0.3101033783,0.1314007388,0.04305893183,0.01810121536,0.5079050372,0.4203823596,0.537848759,0.2575768552
5116,1.0,0.0,0.0,0.0,1.0,1.0,0.3006132434,0.1318160394,0.04249221087,0.01848685741,0.5058593989,0.4415592067,0.5511812563,0.3283584496
5117,1.0,0.0,0.0,0.0,1.0,1.0,0.2724007746,0.1108328729,0.03964287043,0.01591295004,0.5047984692,0.5352106535,0.5603113907,0.5614046259
5118,1.0,0.0,0.0,0.0,1.0,1.0,0.2660387191,0.167186093,0.03974044323,0.02443498373,0.5089928632,0.5743249932,0.5845589675,0.670328893
5119,1.0,0.0,0.0,0.0,1.0,1.0,0.2885342988,0.2139094099,0.04392522573,0.03148859739,0.5008694873,0.5662649621,0.5899279061,0.6386555894
5120,1.0,0.0,0.0,0.0,1.0,1.0,0.3104068018,0.2525279667,0.04795920849,0.03741872311,0.4863480776,0.5824175824,0.5729536322,0.6197183099
5121,1.0,0.0,0.0,0.0,1.0,1.0,0.328073683,0.2692158579,0.05158859491,0.04068589211,0.4619289571,0.5721647162,0.559859073,0.6078427064
5122,1.0,0.0,0.0,0.0,1.0,1.0,0.3303382917,0.2807616828,0.05321019888,0.04316538572,0.45193929,0.5816320701,0.5477030651,0.6163519494
5123,1.0,0.0,0.0,0.0,1.0,1.0,0.3314561256,0.2825277016,0.05341440439,0.04360359907,0.465312959,0.5765305838,0.5583041394,0.5937499573
5124,1.0,0.0,0.0,0.0,1.0,1.0,0.3015558422,0.2435914911,0.04865723848,0.03781360388,0.468965486,0.560000637,0.5627243088,0.6176460852
5125,1.0,0.0,0.0,0.0,1.0,1.0,0.2679109093,0.113835607,0.03820455074,0.01598626375,0.5323193559,0.5602840088,0.5830116469,0.6610167596
5126,1.0,0.0,0.0,0.0,1.0,1.0,0.2861148877,0.107509518,0.04208993912,0.01556748152,0.4980392586,0.458904032,0.5298805404,0.4074102435
5127,1.0,0.0,0.0,0.0,1.0,1.0,0.2838880344,0.1007343735,0.03992086649,0.01394498348,0.5058365107,0.4657542019,0.5335970694,0.4313722976
5128,1.0,0.0,0.0,0.0,1.0,1.0,0.2581586054,0.1366279093,0.03885418177,0.02025967836,0.5110700999,0.5928574168,0.576779112,0.6438345283
5129,1.0,0.0,0.0,0.0,1.0,1.0,0.2704994858,0.1858167745,0.04257947206,0.02847844362,0.5026361644,0.5649352922,0.5884475931,0.6504858839
5130,1.0,0.0,0.0,0.0,1.0,1.0,0.2880039878,0.2169607991,0.04693841934,0.03408622742,0.4854202041,0.5595241119,0.5907472824,0.639344119
5131,1.0,0.0,0.0,0.0,1.0,1.0,0.2858022219,0.2131426199,0.04564911127,0.03292268515,0.4956671967,0.5636371945,0.5913978287,0.6386554926
5132,1.0,0.0,0.0,0.0,1.0,1.0,0.2729245643,0.09014575317,0.03873485327,0.01254791021,0.5076923206,0.5422542905,0.5529409699,0.6086956522
5133,1.0,0.0,0.0,0.0,1.0,1.0,0.2959132082,0.126411617,0.04121702909,0.01746946573,0.5196078494,0.4635759291,0.5494069731,0.3281255864
5134,1.0,0.0,0.0,0.0,1.0,1.0,0.2762374584,0.09297169018,0.04032206535,0.01344072819,0.4913626283,0.5347217705,0.5310078798,0.562501663
5135,1.0,0.0,0.0,0.0,1.0,1.0,0.2880335179,0.2105965223,0.04448008537,0.0316183567,0.4930554195,0.566264479,0.5892858064,0.6525426604
5136,1.0,0.0,0.0,0.0,1.0,1.0,0.3198215111,0.2594370589,0.05235826969,0.04063218832,0.4683334102,0.5729167852,0.5714286802,0.6308715775
5137,1.0,0.0,0.0,0.0,1.0,1.0,0.3464730195,0.2932389365,0.05738824606,0.04662793875,0.4716667448,0.5721151,0.572916612,0.6035495924
5138,1.0,0.0,0.0,0.0,1.0,1.0,0.3491427073,0.3077867858,0.05708378553,0.04815602303,0.4685430261,0.5781998043,0.5743944544,0.601123373
5139,1.0,0.0,0.0,0.0,1.0,1.0,0.3436098436,0.2963864061,0.05702292919,0.04715359211,0.4694215718,0.576923881,0.5758619437,0.5988375768
5140,1.0,0.0,0.0,0.0,1.0,1.0,0.3452615652,0.2988019073,0.05581963062,0.04647183418,0.4760330265,0.5741624648,0.5841922436,0.6034478778
5141,1.0,0.0,0.0,0.0,1.0,1.0,0.3386811456,0.2897685086,0.05560922623,0.04552322626,0.4651162791,0.5784314146,0.5694445762,0.6107786156
5142,1.0,0.0,0.0,0.0,1.0,1.0,0.3408693628,0.2956822529,0.05584836006,0.04635947943,0.461920587,0.582524707,0.5674740892,0.6140350201
5143,1.0,0.0,0.0,0.0,1.0,1.0,0.3419143085,0.2933518298,0.0561683774,0.04644697905,0.4539473756,0.5817303356,0.563139924,0.6104656908
5144,1.0,0.0,0.0,0.0,1.0,1.0,0.3391845817,0.2919330996,0.05694097281,0.04699009657,0.4563426928,0.5776705178,0.563573971,0.6176469469
5145,1.0,0.0,0.0,0.0,1.0,1.0,0.3485657046,0.3032787615,0.05845361948,0.0487574935,0.4661157156,0.5734600878,0.5689657346,0.6079546219
5146,1.0,0.0,0.0,0.0,1.0,1.0,0.3457705349,0.2994903031,0.05727487803,0.04772907495,0.4596376655,0.5809526981,0.5684930431,0.6114283788
5147,1.0,0.0,0.0,0.0,1.0,1.0,0.3419142725,0.2953678375,0.05616128445,0.04644107819,0.4605263886,0.576922832,0.5704468396,0.610464967
5148,1.0,0.0,0.0,0.0,1.0,1.0,0.3418714598,0.2926445872,0.0585899353,0.04793715477,0.4533550564,0.5885169119,0.565068457,0.6198828228
5149,1.0,0.0,0.0,0.0,1.0,1.0,0.3375599394,0.2904953398,0.05474644899,0.04508531094,0.4536423032,0.5735285952,0.5640138887,0.6190485004
5150,1.0,0.0,0.0,0.0,1.0,1.0,0.3237858269,0.272417314,0.05185496807,0.04153692722,0.4595041155,0.571429064,0.5659724828,0.6242046625
5151,1.0,0.0,0.0,0.0,1.0,1.0,0.3286977963,0.2785902574,0.05319106579,0.04320091009,0.4607679203,0.5685277197,0.5609754316,0.6124993274
5152,1.0,0.0,0.0,0.0,1.0,1.0,0.3264507655,0.2762540999,0.0522146821,0.04203951359,0.4606364753,0.5692309624,0.559859246,0.6178339614
5153,1.0,0.0,0.0,0.0,1.0,1.0,0.3275482831,0.2690807133,0.05295401812,0.04182010889,0.4873949983,0.5692301285,0.5909091083,0.6233771602
5154,1.0,0.0,0.0,0.0,1.0,1.0,0.3314647899,0.2787915799,0.05458337069,0.04405456781,0.4848484739,0.5634518764,0.5859650089,0.6289308942
5155,1.0,0.0,0.0,0.0,1.0,1.0,0.2948610019,0.2215073993,0.0482826829,0.03508913517,0.4957117155,0.5639535386,0.5886525517,0.6719999049
5156,1.0,0.0,0.0,0.0,1.0,1.0,0.2930403161,0.1160766842,0.04160374403,0.01625573635,0.500970808,0.45695313,0.5275588808,0.3898308192
5157,1.0,0.0,0.0,0.0,1.0,1.0,0.2803777383,0.1147219797,0.04080021381,0.01637560129,0.48282445,0.5034009531,0.5291829362,0.5423732515
5158,1.0,0.0,0.0,0.0,1.0,1.0,0.2899144888,0.1147218613,0.04036682844,0.0156686902,0.4961831277,0.486841503,0.5486379897,0.4915264553
5159,1.0,0.0,0.0,0.0,1.0,1.0,0.2946333847,0.1254200632,0.04130017757,0.01727586985,0.5009633281,0.4313726905,0.5333333045,0.3281247305
5160,1.0,0.0,0.0,0.0,1.0,1.0,0.3051731738,0.1157655315,0.04366093874,0.01637285948,0.4866412866,0.4812500597,0.5366795318,0.4833321805
5161,1.0,0.0,0.0,0.0,1.0,1.0,0.2906811405,0.183721035,0.04449617863,0.02746683359,0.5260323768,0.5802467978,0.6139704167,0.6799987848
5162,1.0,0.0,0.0,0.0,1.0,1.0,0.3166882922,0.2559973724,0.05024766922,0.03944176435,0.4906302616,0.575269034,0.5964910584,0.6369855665
5163,1.0,0.0,0.0,0.0,1.0,1.0,0.3393375465,0.2848061124,0.05346918106,0.04336059093,0.4915540957,0.5671646616,0.5944056683,0.6073611283
5164,1.0,0.0,0.0,0.0,1.0,1.0,0.3438757453,0.2822982727,0.05463713408,0.04333287477,0.4915254396,0.5665018289,0.5929822763,0.6086959512
5165,1.0,0.0,0.0,0.0,1.0,1.0,0.3506517053,0.294572532,0.05567747355,0.0451875329,0.4881355919,0.5700488057,0.5929824439,0.6130947435
5166,1.0,0.0,0.0,0.0,1.0,1.0,0.3483674297,0.2917952381,0.05569112301,0.04514765739,0.4890017334,0.5728159496,0.5979022542,0.6107779767
5167,1.0,0.0,0.0,0.0,1.0,1.0,0.3471921874,0.2960018711,0.05621635914,0.04639214277,0.4924113346,0.5679613298,0.5993032843,0.6000005139
5168,1.0,0.0,0.0,0.0,1.0,1.0,0.3365294688,0.2860592236,0.05494314432,0.04472756386,0.487309634,0.5678389834,0.5971732742,0.61728349
5169,1.0,0.0,0.0,0.0,1.0,1.0,0.3415602203,0.2907784172,0.0552739501,0.04547166824,0.4983164952,0.5714282633,0.6027875375,0.6167668124
5170,1.0,0.0,0.0,0.0,1.0,1.0,0.3421361985,0.2893120487,0.0542678237,0.04410928488,0.4940979107,0.5763540089,0.6035089736,0.6181822113
5171,1.0,0.0,0.0,0.0,1.0,1.0,0.3404505738,0.2810928533,0.0547927618,0.0439426899,0.4991569009,0.5693071676,0.6041664681,0.6172840176
5172,1.0,0.0,0.0,0.0,1.0,1.0,0.3453220653,0.2831186555,0.05664473772,0.04520690441,0.4933553897,0.572114641,0.5972698475,0.6144577201
5173,1.0,0.0,0.0,0.0,1.0,1.0,0.3558745733,0.3029133915,0.05823272467,0.04816448689,0.4875207696,0.5700938501,0.5958906857,0.5932201083
5174,1.0,0.0,0.0,0.0,1.0,1.0,0.346676206,0.2872961956,0.05623322725,0.04526090622,0.5093063147,0.5756091822,0.6167247677,0.5999997366
5175,1.0,0.0,0.0,0.0,1.0,1.0,0.3500581949,0.2853075066,0.05670279264,0.04519784451,0.5008459698,0.5748789833,0.6124565573,0.6121214199
5176,1.0,0.0,0.0,0.0,1.0,1.0,0.3527441925,0.2922244017,0.057056427,0.04591685534,0.4890755476,0.5714287207,0.6020761836,0.5976333051
5177,1.0,0.0,0.0,0.0,1.0,1.0,0.3552437853,0.2977430086,0.05651211739,0.0462371707,0.5034012866,0.5693775867,0.616724835,0.5964915673
5178,1.0,0.0,0.0,0.0,1.0,1.0,0.3569436638,0.3029665578,0.05690020323,0.04714584351,0.4982993215,0.5714284218,0.6097561256,0.5862061554
5179,1.0,0.0,0.0,0.0,1.0,1.0,0.3563376391,0.3022784814,0.05820500851,0.04794979095,0.4923599553,0.5714282788,0.5979020296,0.5953753058
5180,1.0,0.0,0.0,0.0,1.0,1.0,0.3546405608,0.3029668583,0.0571564436,0.04758483171,0.4974532975,0.5645930969,0.6097559957,0.5919538142
5181,1.0,0.0,0.0,0.0,1.0,1.0,0.3535440703,0.3005313764,0.05649411678,0.04671627283,0.508503415,0.5769233204,0.618881387,0.587210007
5182,1.0,0.0,0.0,0.0,1.0,1.0,0.3534402443,0.2977428352,0.05605512857,0.04586327076,0.5025381054,0.5645930827,0.6132405476,0.5964912965
5183,1.0,0.0,0.0,0.0,1.0,1.0,0.3497189202,0.2910656602,0.05707073212,0.0464399457,0.5042881282,0.5735288588,0.6105261113,0.6024093447
5184,1.0,0.0,0.0,0.0,1.0,1.0,0.3354649885,0.2658090652,0.05277591944,0.04101753235,0.5095651696,0.564766617,0.6134752403,0.6199997094
5185,1.0,0.0,0.0,0.0,1.0,1.0,0.3162566795,0.2427212894,0.04819983244,0.03621643782,0.506993139,0.56906063,0.6107142172,0.6176468168
5186,1.0,0.0,0.0,0.0,1.0,1.0,0.3033391558,0.2159509914,0.04602265358,0.0321893096,0.5052631837,0.5664743852,0.6035712786,0.6363631314
5187,1.0,0.0,0.0,0.0,1.0,1.0,0.3018208457,0.1817167173,0.04633390903,0.02774482965,0.5153706624,0.5868265938,0.6109093038,0.66999942
5188,1.0,0.0,0.0,0.0,1.0,1.0,0.2813243656,0.1467579885,0.04103982449,0.02132987976,0.5018518585,0.5986835799,0.587360857,0.6582284494
5189,1.0,0.0,0.0,0.0,1.0,1.0,0.2764809822,0.1206872258,0.04025757313,0.01740866899,0.485981406,0.5810811211,0.5547168673,0.6093765514
5190,1.0,0.0,0.0,0.0,1.0,1.0,0.2863676095,0.1037880251,0.04076427221,0.01457792521,0.4857686297,0.5298013923,0.5500001061,0.5925945612
5191,1.0,0.0,0.0,0.0,1.0,1.0,0.2958499267,0.1144397303,0.04386568069,0.01687139273,0.4990513791,0.4935891861,0.5534353954,0.4333327445
5192,1.0,0.0,0.0,0.0,1.0,1.0,0.2907122068,0.108304188,0.04250890017,0.01583659649,0.4961978542,0.4836598283,0.5399238552,0.4385947744
5193,1.0,0.0,0.0,0.0,1.0,1.0,0.2874585138,0.1129636843,0.04074513912,0.01592028141,0.4990476431,0.4569537296,0.5440614534,0.3559330283
5194,1.0,0.0,0.0,0.0,1.0,1.0,0.2830787886,0.1104034356,0.04015785456,0.01557141542,0.4990364631,0.482994106,0.5387596375,0.3684204482
5195,1.0,0.0,0.0,0.0,1.0,1.0,0.2896652124,0.1244438683,0.04144376516,0.01756554842,0.4971209429,0.4635767304,0.5408560459,0.3750004242
5196,1.0,0.0,0.0,0.0,1.0,1.0,0.2833953522,0.1249304686,0.04053109884,0.01756352186,0.4990548439,0.4533330196,0.5423077119,0.3692303515
5197,1.0,0.0,0.0,0.0,1.0,1.0,0.3005836563,0.1197053316,0.04386293888,0.01727110147,0.5000000511,0.4750006115,0.5437262122,0.3809518879
5198,1.0,0.0,0.0,0.0,1.0,1.0,0.2782330983,0.1137421813,0.04002040625,0.01606076956,0.4798534806,0.5526316181,0.5373136659,0.6229500288
5199,1.0,0.0,0.0,0.0,1.0,1.0,0.2722556828,0.1599826894,0.04083055258,0.02344465256,0.4973637294,0.600000292,0.593524975,0.6629217768
5200,1.0,0.0,0.0,0.0,1.0,1.0,0.2775283442,0.1911211936,0.04314088821,0.02884876728,0.4838159687,0.5766872437,0.5789471398,0.6697245053
5201,1.0,0.0,0.0,0.0,1.0,1.0,0.2931695447,0.232509005,0.04708278179,0.03584712744,0.4849999912,0.5681817606,0.5833333011,0.6268666395
5202,1.0,0.0,0.0,0.0,1.0,1.0,0.3036698643,0.2429679334,0.0488794446,0.03786820173,0.4924874609,0.5824176494,0.5999996941,0.6453898253
5203,1.0,0.0,0.0,0.0,1.0,1.0,0.3121178956,0.2558710721,0.04946869612,0.03920662403,0.4850498673,0.5744680082,0.5910652186,0.6375828927
5204,1.0,0.0,0.0,0.0,1.0,1.0,0.3154382822,0.2567527988,0.05137115717,0.04028576612,0.4867110417,0.5789468188,0.5896550977,0.6174500616
5205,1.0,0.0,0.0,0.0,1.0,1.0,0.3152601216,0.25591262,0.05104058981,0.04018092155,0.4865771676,0.5691488803,0.5882352718,0.6351353757
5206,1.0,0.0,0.0,0.0,1.0,1.0,0.3203554094,0.2584763011,0.05101162195,0.03985279799,0.487478996,0.5729166788,0.5862068966,0.6266663077
5207,1.0,0.0,0.0,0.0,1.0,1.0,0.321911538,0.2594370838,0.05337882042,0.04164105654,0.4839797385,0.5654448449,0.5853658265,0.6241610258
5208,1.0,0.0,0.0,0.0,1.0,1.0,0.293650508,0.2268236941,0.04656380415,0.03485476971,0.4879725554,0.5497080814,0.5851064985,0.6250004275
5209,1.0,0.0,0.0,0.0,1.0,1.0,0.2778230735,0.1678029738,0.04084420204,0.02413523197,0.5162454566,0.5844156602,0.5904060371,0.67033157
5210,1.0,0.0,0.0,0.0,1.0,1.0,0.2891105715,0.1076321053,0.04171305895,0.0154697299,0.5191571194,0.4900668592,0.5615382733,0.4821433388
5211,1.0,0.0,0.0,0.0,1.0,1.0,0.2935021715,0.1162138098,0.04277139902,0.01677304506,0.4990403002,0.4509807201,0.5232555642,0.3666672589
5212,1.0,0.0,0.0,0.0,1.0,1.0,0.2956364376,0.1268523027,0.04252272844,0.01810646057,0.5076336131,0.4516135815,0.5384616669,0.3636363636
5213,1.0,0.0,0.0,0.0,1.0,1.0,0.3036762934,0.1438883395,0.04329609871,0.02027791739,0.5134614872,0.4303801825,0.5525291598,0.3243231327
5214,1.0,0.0,0.0,0.0,1.0,1.0,0.2929396425,0.1327385285,0.04167836905,0.01852375269,0.5172413576,0.4444438088,0.5468749466,0.3235310206
5215,1.0,0.0,0.0,0.0,1.0,1.0,0.2986838887,0.136110857,0.04307752848,0.01932966709,0.5134098536,0.4487181084,0.5486384214,0.3428574953
5216,1.0,0.0,0.0,0.0,1.0,1.0,0.3048488763,0.143057203,0.04203939438,0.01942324638,0.5115830462,0.4430373286,0.5411763363,0.3424668884
5217,1.0,0.0,0.0,0.0,1.0,1.0,0.3119642822,0.1424987254,0.04536157846,0.02044075727,0.5163777036,0.4320989277,0.5429685146,0.3150706102
5218,1.0,0.0,0.0,0.0,1.0,1.0,0.3207605388,0.1514904507,0.04596024752,0.02157890797,0.502935457,0.4024394198,0.5354328831,0.2597407978
5219,1.0,0.0,0.0,0.0,1.0,1.0,0.3187196749,0.1525255221,0.04364204407,0.02047407627,0.5039369188,0.3950616778,0.5220883552,0.2631572818
5220,1.0,0.0,0.0,0.0,1.0,1.0,0.3265893405,0.1586415836,0.04513984919,0.02175414562,0.5177166462,0.4036135272,0.5317457903,0.2374991095
5221,1.0,0.0,0.0,0.0,1.0,1.0,0.3265894532,0.1546753817,0.04698437452,0.02207696438,0.5137795922,0.3915665631,0.5277780098,0.2564108102
5222,1.0,0.0,0.0,0.0,1.0,1.0,0.3232906576,0.1552919902,0.04496502876,0.02138584852,0.5088757961,0.3902434821,0.525896642,0.2564110425
5223,1.0,0.0,0.0,0.0,1.0,1.0,0.3324836581,0.1559131546,0.0460934639,0.02152872086,0.5119521516,0.3892217969,0.5280000242,0.2435906665
5224,1.0,0.0,0.0,0.0,1.0,1.0,0.3344666671,0.1491101874,0.04641807079,0.02032506466,0.4970298037,0.3964502816,0.5161289194,0.2297315527
5225,1.0,0.0,0.0,0.0,1.0,1.0,0.3331469707,0.1551555802,0.04690015316,0.02162468433,0.5029939042,0.4011976809,0.5201613472,0.2727272727
5226,1.0,0.0,0.0,0.0,1.0,1.0,0.3404914065,0.1476908874,0.047077775,0.02021574974,0.5010019664,0.4117650038,0.5222672435,0.2602723166
5227,1.0,0.0,0.0,0.0,1.0,1.0,0.337185468,0.1410504559,0.04642415047,0.01945924759,0.5131314113,0.4071858133,0.528225904,0.2571430322
5228,1.0,0.0,0.0,0.0,1.0,1.0,0.3371855322,0.13813445,0.04702162743,0.01914656162,0.5090908838,0.4311375955,0.5162602308,0.2794138706
5229,1.0,0.0,0.0,0.0,1.0,1.0,0.3391680023,0.1404838846,0.04810130596,0.01992362738,0.5160642347,0.4142013814,0.5341365715,0.228571514
5230,1.0,0.0,0.0,0.0,1.0,1.0,0.3404912432,0.1395978988,0.04759556055,0.01931816339,0.5170340816,0.4117650005,0.5263160162,0.2463769457
5231,1.0,0.0,0.0,0.0,1.0,1.0,0.3411268548,0.1511249801,0.04665613174,0.02046316862,0.5009980366,0.3976608411,0.5161289045,0.2399982523
5232,1.0,0.0,0.0,0.0,1.0,1.0,0.3452614158,0.1421970956,0.04881829023,0.01998412609,0.5030302877,0.3976606616,0.5203253826,0.2428581655
5233,1.0,0.0,0.0,0.0,1.0,1.0,0.3424941121,0.1370205364,0.04692387581,0.01865983009,0.4949900711,0.4093568514,0.5161292158,0.2058838561
5234,1.0,0.0,0.0,0.0,1.0,1.0,0.3391320865,0.1384765501,0.04589152336,0.0186265111,0.5089819027,0.3941179221,0.5301206581,0.1884057971
5235,1.0,0.0,0.0,0.0,1.0,1.0,0.3318064536,0.1410501596,0.04523080587,0.01918882132,0.5171026276,0.412121284,0.536290289,0.2571419697
5236,1.0,0.0,0.0,0.0,1.0,1.0,0.3446349968,0.1355517532,0.04730063677,0.0186420083,0.5111562331,0.4235287743,0.5303642584,0.2388053498
5237,1.0,0.0,0.0,0.0,1.0,1.0,0.3085657574,0.1288340105,0.04469847679,0.01855403185,0.5106796284,0.4654081257,0.5468747866,0.3636346114
5238,1.0,0.0,0.0,0.0,1.0,1.0,0.2828962522,0.1118777661,0.04031950235,0.01591557264,0.4860334798,0.5526314622,0.5597013956,0.599998502
5239,1.0,0.0,0.0,0.0,1.0,1.0,0.2910656526,0.1934403063,0.04449391365,0.0289478302,0.4964912483,0.5722895601,0.5949823672,0.6666666667
5240,1.0,0.0,0.0,0.0,1.0,1.0,0.3159748821,0.2445818403,0.04854398966,0.0366718173,0.4862541559,0.565217765,0.5845069135,0.6330928353
5241,1.0,0.0,0.0,0.0,1.0,1.0,0.3291675676,0.2631038273,0.0525586009,0.04057633877,0.4761092888,0.5595852513,0.5759716659,0.6040266879
5242,1.0,0.0,0.0,0.0,1.0,1.0,0.338220612,0.2830588099,0.05436235666,0.04403352737,0.4602368771,0.5749998081,0.5664337218,0.5925929937
5243,1.0,0.0,0.0,0.0,1.0,1.0,0.348957733,0.298078913,0.05544805527,0.04575806856,0.4627118344,0.5776693498,0.5684211303,0.6000002605
5244,1.0,0.0,0.0,0.0,1.0,1.0,0.3462231197,0.2931223937,0.05634868145,0.04607820511,0.4692832977,0.5714278159,0.5724380835,0.6024093736
5245,1.0,0.0,0.0,0.0,1.0,1.0,0.3525429184,0.3047941284,0.05549091101,0.0463321805,0.4708904427,0.5776700541,0.5780142789,0.5988370373
5246,1.0,0.0,0.0,0.0,1.0,1.0,0.3580342454,0.3085997147,0.05788189173,0.04828065634,0.4719863422,0.5734597059,0.5719298326,0.5965914211
5247,1.0,0.0,0.0,0.0,1.0,1.0,0.348877527,0.3050928743,0.05652201176,0.04751127958,0.4839798142,0.5797104659,0.5894736036,0.6034484705
5248,1.0,0.0,0.0,0.0,1.0,1.0,0.3482903799,0.2949741429,0.05716598034,0.04694789648,0.4898989413,0.574879625,0.6006944666,0.6058820169
5249,1.0,0.0,0.0,0.0,1.0,1.0,0.3487987705,0.2922242594,0.05602931976,0.0455237627,0.4916106975,0.5721157938,0.5951559066,0.6035505825
5250,1.0,0.0,0.0,0.0,1.0,1.0,0.3582590036,0.3125404902,0.05747878551,0.04888385534,0.482412009,0.5747666265,0.5910654047,0.5989014004
5251,1.0,0.0,0.0,0.0,1.0,1.0,0.3576594425,0.3039538993,0.05654525757,0.04676878452,0.4832776928,0.5794394691,0.5945019072,0.5988708341
5252,1.0,0.0,0.0,0.0,1.0,1.0,0.3593308935,0.3125400725,0.05865812302,0.04965478182,0.4882943248,0.5720928342,0.6013744622,0.5934070287
5253,1.0,0.0,0.0,0.0,1.0,1.0,0.3569435542,0.3114702089,0.0586207509,0.04962319136,0.4750830939,0.5767443185,0.5890413265,0.60439571
5254,1.0,0.0,0.0,0.0,1.0,1.0,0.3453831278,0.2946630982,0.05463856459,0.0451362133,0.4707846403,0.5748792112,0.5827586717,0.6081874125
5255,1.0,0.0,0.0,0.0,1.0,1.0,0.3536232713,0.3039538597,0.05640298128,0.04687005281,0.4568106491,0.5774645059,0.5738830885,0.5988702217
5256,1.0,0.0,0.0,0.0,1.0,1.0,0.3476319848,0.295682872,0.05500429869,0.04521989822,0.4581938577,0.5673073485,0.5709343235,0.5964906731
5257,1.0,0.0,0.0,0.0,1.0,1.0,0.3469823079,0.2981094441,0.05622047186,0.04653656483,0.4568106401,0.5693775491,0.5689655436,0.601156062
5258,1.0,0.0,0.0,0.0,1.0,1.0,0.3138179687,0.2507371595,0.04895168543,0.03804397583,0.4709897503,0.5706519026,0.5789473684,0.6223772937
5259,1.0,0.0,0.0,0.0,1.0,1.0,0.2738941866,0.1500995662,0.04119288921,0.02236968279,0.4972776122,0.5761595249,0.586080652,0.6585380801
5260,1.0,0.0,0.0,0.0,1.0,1.0,0.3044276126,0.1138360794,0.04296320677,0.01594233513,0.4942529391,0.4654087178,0.5366798193,0.4067776332
5261,1.0,0.0,0.0,0.0,1.0,1.0,0.3164258112,0.1352186292,0.04499989748,0.01893287897,0.4749036019,0.4329267404,0.5137253032,0.3188410816
5262,1.0,0.0,0.0,0.0,1.0,1.0,0.3312216157,0.1489362068,0.04674553871,0.02065497637,0.4643544307,0.4127904011,0.4980390859,0.2763142327
5263,1.0,0.0,0.0,0.0,1.0,1.0,0.327336371,0.1489365427,0.04623520374,0.02079218626,0.4922481593,0.4260356479,0.5294115889,0.30263305
5264,1.0,0.0,0.0,0.0,1.0,1.0,0.3311988725,0.1514901512,0.04663580656,0.02112329006,0.5029240057,0.4235288253,0.5433071438,0.2857134795
5265,1.0,0.0,0.0,0.0,1.0,1.0,0.3311991983,0.1540643972,0.04632538557,0.02125519514,0.4951267383,0.400000772,0.5256917286,0.243590211
5266,1.0,0.0,0.0,0.0,1.0,1.0,0.3299504031,0.1522586972,0.04648405313,0.02107995749,0.4779271129,0.4011627534,0.5156250471,0.282050992
5267,1.0,0.0,0.0,0.0,1.0,1.0,0.336369115,0.1522585101,0.04824703932,0.02162796259,0.4854932298,0.4195399104,0.5195311779,0.2820505047
5268,1.0,0.0,0.0,0.0,1.0,1.0,0.3158161333,0.1371782968,0.04468816519,0.01907420158,0.483622427,0.4390251059,0.5176468974,0.3142850893
5269,1.0,0.0,0.0,0.0,1.0,1.0,0.267249896,0.1281812909,0.03832644224,0.0181131959,0.4871794978,0.5684926074,0.5613383809,0.623188072
5270,1.0,0.0,0.0,0.0,1.0,1.0,0.2857992025,0.2108753809,0.04409068823,0.03141796589,0.4691782248,0.5568857904,0.5709220922,0.638655223
5271,1.0,0.0,0.0,0.0,1.0,1.0,0.3231026456,0.2672121162,0.05079340935,0.04052948952,0.4556114057,0.5492224574,0.5624999509,0.6038954545
5272,1.0,0.0,0.0,0.0,1.0,1.0,0.3314981679,0.2799124405,0.05308383703,0.04304808378,0.4570957661,0.5621890436,0.5635738312,0.5950926786
5273,1.0,0.0,0.0,0.0,1.0,1.0,0.3309413352,0.2833468267,0.05196195841,0.04286855459,0.4552980624,0.5549997304,0.560137652,0.5939392254
5274,1.0,0.0,0.0,0.0,1.0,1.0,0.3314898775,0.2806649011,0.05341541767,0.04380059242,0.4543947205,0.5550001004,0.554794531,0.5975611416
5275,1.0,0.0,0.0,0.0,1.0,1.0,0.3298485978,0.2764777755,0.05326277018,0.04287654161,0.4521451993,0.5600004924,0.5532645639,0.6024850247
5276,1.0,0.0,0.0,0.0,1.0,1.0,0.3387089781,0.2853075477,0.05378293991,0.04371517897,0.4824707683,0.5665024248,0.5847750704,0.6121221294
5277,1.0,0.0,0.0,0.0,1.0,1.0,0.3458967625,0.2919333465,0.0559104085,0.04569602013,0.474209604,0.5673081946,0.5807560203,0.5941170179
5278,1.0,0.0,0.0,0.0,1.0,1.0,0.3425239739,0.2909334883,0.05397391319,0.0443264246,0.4619204722,0.5652180155,0.571917697,0.5941178527
5279,1.0,0.0,0.0,0.0,1.0,1.0,0.3464068126,0.2970847847,0.05657613277,0.04683095217,0.4709784526,0.5741621804,0.5841925438,0.6011559222
5280,1.0,0.0,0.0,0.0,1.0,1.0,0.3574162782,0.3046244419,0.05678212643,0.04679268599,0.4701987239,0.5740736853,0.5787670768,0.5955052602
5281,1.0,0.0,0.0,0.0,1.0,1.0,0.3493848815,0.2939534844,0.05533802509,0.04522818327,0.480672248,0.5721151464,0.59515583,0.6117635276
5282,1.0,0.0,0.0,0.0,1.0,1.0,0.3493849474,0.2984443181,0.05764043331,0.0476641655,0.4789915648,0.572115494,0.5902779955,0.6104652908
5283,1.0,0.0,0.0,0.0,1.0,1.0,0.3487202518,0.2963861151,0.05688083172,0.04681098461,0.4841403053,0.5693784567,0.5896553676,0.5988364542
5284,1.0,0.0,0.0,0.0,1.0,1.0,0.3526461271,0.304328329,0.05770868063,0.04813611507,0.4632107486,0.5781989298,0.5743944259,0.6022734308
5285,1.0,0.0,0.0,0.0,1.0,1.0,0.3497218331,0.2998326542,0.05569893122,0.0459318161,0.4295190971,0.5734601214,0.5310344586,0.5977020742
5286,1.0,0.0,0.0,0.0,1.0,1.0,0.3375822059,0.2835785839,0.05389130116,0.04353773594,0.435940072,0.576354925,0.5294116277,0.5914637986
5287,1.0,0.0,0.0,0.0,1.0,1.0,0.3442338467,0.2963862408,0.05499708652,0.04569804668,0.4326122638,0.570047838,0.5310347227,0.5872091052
5288,1.0,0.0,0.0,0.0,1.0,1.0,0.3392755873,0.2870371231,0.05400520563,0.04416191578,0.431438159,0.5665018867,0.5294117419,0.5903613645
5289,1.0,0.0,0.0,0.0,1.0,1.0,0.3460904843,0.2872960571,0.05635148287,0.04535609484,0.4408784221,0.5512200385,0.5296165077,0.5878790826
5290,1.0,0.0,0.0,0.0,1.0,1.0,0.3455697003,0.2835785679,0.05613785982,0.04513043165,0.4355932531,0.5490196287,0.5328721149,0.5853653705
5291,1.0,0.0,0.0,0.0,1.0,1.0,0.3508314993,0.2845632528,0.0547721386,0.04381769896,0.4400684235,0.556097131,0.5277777993,0.5914636552
