frame_index,face_detected,yaw,pitch,roll,left_eye_valid,right_eye_valid,left_eye_aspect_ratio,right_eye_aspect_ratio,left_eyelid_gap_ratio,right_eyelid_gap_ratio,left_pupil_rel_x,left_pupil_rel_y,right_pupil_rel_x,right_pupil_rel_y
0,1.0,0.0,0.0,0.0,1.0,1.0,0.09976588488,0.09149838185,0.01528060436,0.01418918371,0.4901960403,0.1071397923,0.4894366847,0.1346159501
1,1.0,0.0,0.0,0.0,1.0,1.0,0.09686213929,0.0891111927,0.01496237516,0.01387423277,0.5048457694,0.0909105395,0.5069929227,0.117647817
2,1.0,0.0,0.0,0.0,1.0,1.0,0.1125888065,0.1009889894,0.01755177975,0.01566159725,0.5008664869,0.07692124834,0.4947737147,0.137933003
3,1.0,0.0,0.0,0.0,1.0,1.0,0.1054775983,0.08797884313,0.01665568352,0.01365214586,0.4826990331,0.03278747191,0.4823942445,0.2
4,1.0,0.0,0.0,0.0,1.0,1.0,0.10757897,0.09005574058,0.01695042849,0.01394307613,0.4809028423,0.04838930871,0.4805654826,0.2352923574
5,1.0,0.0,0.0,0.0,1.0,1.0,0.09825030953,0.07742151612,0.01579773426,0.01198446751,0.4745762932,0.1034477555,0.4718308991,0.1363631842
6,1.0,0.0,0.0,0.0,1.0,0.0,0.1166593356,0.0,0.01902109385,0.0,0.4912890986,0.05970149254,0.0,0.0
7,1.0,0.0,0.0,0.0,1.0,1.0,0.1333746877,0.112899835,0.02194041014,0.01738131046,0.4818024219,0.1428583071,0.4703704234,0.1311477659
8,1.0,0.0,0.0,0.0,1.0,1.0,0.129820867,0.1052041898,0.02115809917,0.01623082161,0.4750890252,0.1780834653,0.4624061574,0.1607150726
9,1.0,0.0,0.0,0.0,1.0,1.0,0.1176817213,0.1024607561,0.01978391409,0.01634323597,0.4829350885,0.05797197509,0.4820144181,0.03508829515
10,1.0,0.0,0.0,0.0,1.0,1.0,0.1106705449,0.1128403507,0.01835823059,0.01779341698,0.4735946548,0.07692207792,0.4731183731,0.09523857378
11,1.0,0.0,0.0,0.0,1.0,1.0,0.09146292606,0.09543267223,0.01532548666,0.01532548666,0.4792012366,0.0727250806,0.4791665197,0.05454672739
12,1.0,0.0,0.0,0.0,1.0,1.0,0.1344765102,0.1258035454,0.02270638943,0.02018338442,0.4933555561,0.1481480509,0.4860140471,0.1944445265
13,1.0,0.0,0.0,0.0,1.0,1.0,0.1215989052,0.115593655,0.02055984735,0.01830667257,0.4900000123,0.1506854875,0.4875445188,0.2153841145
14,1.0,0.0,0.0,0.0,1.0,1.0,0.1354616956,0.1289602121,0.02312588692,0.02030563354,0.4809917883,0.1585384084,0.4587813905,0.1805549033
15,1.0,0.0,0.0,0.0,1.0,1.0,0.1325961933,0.1376044331,0.02255046368,0.02142292261,0.4676616854,0.1750014537,0.4492752181,0.1973696291
16,1.0,0.0,0.0,0.0,1.0,1.0,0.1434924299,0.1321728705,0.02424478531,0.02057993412,0.4824708948,0.1860458255,0.4673912669,0.1643853867
17,1.0,0.0,0.0,0.0,1.0,1.0,0.1335886581,0.1321724862,0.02283215523,0.0205771327,0.478547906,0.1481465045,0.4601448041,0.15068636
18,1.0,0.0,0.0,0.0,1.0,1.0,0.1484977529,0.1446080872,0.02535605431,0.0225071311,0.4908180713,0.191011368,0.4761902756,0.2025333217
19,1.0,0.0,0.0,0.0,1.0,1.0,0.143492415,0.1330192104,0.02444249392,0.02103191614,0.4841401546,0.1860479861,0.4784170858,0.1756745651
20,1.0,0.0,0.0,0.0,1.0,1.0,0.1295572521,0.1322787183,0.02215766907,0.02071881294,0.4713804544,0.1428590643,0.4522061104,0.180556035
21,1.0,0.0,0.0,0.0,1.0,1.0,0.135978509,0.1351098004,0.02300059795,0.02098804712,0.489795868,0.1624987691,0.4740739718,0.1780836701
22,1.0,0.0,0.0,0.0,1.0,1.0,0.1257800869,0.1315054663,0.02119129896,0.0200458169,0.4863946469,0.1486480785,0.4661655341,0.2000011894
23,1.0,0.0,0.0,0.0,1.0,1.0,0.1182873302,0.1191642732,0.02021229267,0.01816177368,0.4699828973,0.1739131717,0.4576923498,0.2903210985
24,1.0,0.0,0.0,0.0,1.0,1.0,0.108559962,0.1244437869,0.01840931177,0.01870149374,0.4672413636,0.1587304157,0.4435798962,0.2812508964
25,1.0,0.0,0.0,0.0,1.0,1.0,0.09053527977,0.1173434407,0.01523125172,0.01732188463,0.4635879093,0.09803629988,0.4412957754,0.241379429
26,1.0,0.0,0.0,0.0,1.0,1.0,0.08767039405,0.1188853686,0.01457560062,0.01719921827,0.4473685178,0.1000008179,0.4314514435,0.2542392265
27,1.0,0.0,0.0,0.0,1.0,1.0,0.0908583961,0.1284996746,0.0152811408,0.0185136795,0.4335665203,0.1153856655,0.4122449672,0.2222222222
28,1.0,0.0,0.0,0.0,1.0,1.0,0.07926593269,0.1183011213,0.0133484602,0.01683068275,0.4189654937,0.17391382,0.4081634192,0.1896540734
29,1.0,0.0,0.0,0.0,1.0,1.0,0.07066768452,0.1293393742,0.01167392731,0.01834470034,0.4191920299,0.1666632628,0.4156860652,0.2272713981
30,1.0,0.0,0.0,0.0,1.0,1.0,0.08342870071,0.134845287,0.01358324289,0.01885020733,0.4190801386,0.2040818118,0.4206347988,0.1617623809
31,1.0,0.0,0.0,0.0,1.0,1.0,0.08505885467,0.1462599798,0.01360398531,0.02040600777,0.4202127189,0.1458352502,0.4227640366,0.1805547442
32,1.0,0.0,0.0,0.0,1.0,1.0,0.07396592656,0.1119374123,0.01159483194,0.01583683491,0.42418772,0.6097548438,0.4520001011,0.4821451422
33,1.0,0.0,0.0,0.0,1.0,1.0,0.1079046145,0.1229780477,0.0172252655,0.01778995991,0.4106195082,0.6721293323,0.4648436373,0.6666655498
34,1.0,0.0,0.0,0.0,1.0,1.0,0.2169839289,0.2238894367,0.03550052643,0.03361797333,0.3486842663,0.621212223,0.4229389657,0.6479993475
35,1.0,0.0,0.0,0.0,1.0,1.0,0.2730184542,0.2813116454,0.04602396488,0.04410630465,0.3365853883,0.6071431347,0.4125871946,0.621117299
36,1.0,0.0,0.0,0.0,1.0,1.0,0.2832555508,0.2903786067,0.04733496904,0.04625922441,0.3623187785,0.6193182891,0.4527026951,0.5872096544
37,1.0,0.0,0.0,0.0,1.0,1.0,0.2813962401,0.282954909,0.04715800285,0.0463449955,0.3705501005,0.626436462,0.463576024,0.5906435682
38,1.0,0.0,0.0,0.0,1.0,1.0,0.2964931203,0.2904220171,0.0491271615,0.04831731319,0.3838629879,0.6208789676,0.4772726133,0.581006131
39,1.0,0.0,0.0,0.0,1.0,1.0,0.3055203762,0.2944214771,0.05066460371,0.04985612631,0.37886175,0.6223401815,0.4840764735,0.5729723461
40,1.0,0.0,0.0,0.0,1.0,1.0,0.3194261434,0.2928301661,0.05299949646,0.05026757717,0.3871498715,0.6030922734,0.4840765459,0.5652172882
41,1.0,0.0,0.0,0.0,1.0,1.0,0.3314647423,0.2953621595,0.05460840464,0.05128198862,0.3973063924,0.6091366625,0.4920130219,0.5513506414
42,1.0,0.0,0.0,0.0,1.0,1.0,0.3413558679,0.3059189195,0.05506944656,0.05232965946,0.3848768827,0.6069658149,0.4807693045,0.5549737683
43,1.0,0.0,0.0,0.0,1.0,1.0,0.3470281147,0.3105064512,0.05531382561,0.0531013608,0.3940973076,0.5899999138,0.4822008943,0.5520831346
44,1.0,0.0,0.0,0.0,1.0,1.0,0.3596245024,0.3206680587,0.05679732561,0.05431592464,0.3938865408,0.5873789617,0.488599423,0.5482239073
45,1.0,0.0,0.0,0.0,1.0,1.0,0.3478624716,0.3096634373,0.05431032181,0.05210483074,0.3922262219,0.5939083119,0.4819671121,0.5449738839
46,1.0,0.0,0.0,0.0,1.0,1.0,0.3473995629,0.302810895,0.05384749174,0.05053377151,0.3850266228,0.6000004428,0.4834439357,0.5519122074
47,1.0,0.0,0.0,0.0,1.0,1.0,0.346657469,0.3101162867,0.05397564173,0.05182731152,0.3874029602,0.6019903684,0.4823151779,0.5595847355
48,1.0,0.0,0.0,0.0,1.0,1.0,0.3471013388,0.3121233914,0.05358630419,0.05197060108,0.3856892495,0.5929652992,0.4854368167,0.5492234397
49,1.0,0.0,0.0,0.0,1.0,1.0,0.3099875262,0.2572332321,0.04690349102,0.04232090712,0.3921568125,0.5977011348,0.4754098004,0.5477707186
50,1.0,0.0,0.0,0.0,1.0,1.0,0.2552565581,0.1803116214,0.03720653057,0.02872562408,0.4253521513,0.5735283281,0.4776632701,0.5333322267
51,1.0,0.0,0.0,0.0,1.0,1.0,0.2738754876,0.2006178305,0.03833180666,0.03146642447,0.42740288,0.5895528074,0.4781023202,0.5545452996
52,1.0,0.0,0.0,0.0,1.0,1.0,0.3227163619,0.2587205993,0.04760593176,0.04212397337,0.4090019115,0.5818178404,0.4609927416,0.568492889
53,1.0,0.0,0.0,0.0,1.0,1.0,0.3508096236,0.3011787723,0.05446457863,0.05077689886,0.3930529817,0.5833333333,0.4511782774,0.5810047013
54,1.0,0.0,0.0,0.0,1.0,1.0,0.3740823435,0.3246484192,0.0558591485,0.05388426781,0.3913043391,0.5707077012,0.469387931,0.554973961
55,1.0,0.0,0.0,0.0,1.0,1.0,0.3766839213,0.3410256447,0.05599373579,0.05683779716,0.4053029399,0.6030152679,0.48986486,0.5693061935
56,1.0,0.0,0.0,0.0,1.0,1.0,0.3654674225,0.3210125647,0.05408239365,0.05353051424,0.4048506948,0.6071425423,0.4900660831,0.5618560661
57,1.0,0.0,0.0,0.0,1.0,1.0,0.3639322076,0.3234441319,0.05471199751,0.05498695374,0.4144555721,0.6180899103,0.4983819519,0.5700000434
58,1.0,0.0,0.0,0.0,1.0,1.0,0.3655201023,0.3320929295,0.05592000484,0.0567304492,0.3992932766,0.613525947,0.4905062872,0.5619046018
59,1.0,0.0,0.0,0.0,1.0,1.0,0.3381371854,0.3067907727,0.05135917664,0.05189418793,0.4114536641,0.6197914732,0.5031644934,0.5670104751
60,1.0,0.0,0.0,0.0,1.0,1.0,0.3454014963,0.3140660777,0.05411660671,0.05438452959,0.397775745,0.623762289,0.4922600534,0.5615773859
61,1.0,0.0,0.0,0.0,1.0,1.0,0.3275759851,0.3044454548,0.05215013027,0.05268234015,0.3979932866,0.6275513353,0.495384732,0.560606112
62,1.0,0.0,0.0,0.0,1.0,1.0,0.3173904711,0.294787775,0.05036967993,0.05010169744,0.3952703144,0.6276597129,0.4889590525,0.5614971799
63,1.0,0.0,0.0,0.0,1.0,1.0,0.310259066,0.2802922721,0.04977548122,0.04759955406,0.3893130012,0.6284154838,0.4839743837,0.5600009016
64,1.0,0.0,0.0,0.0,1.0,1.0,0.3015627401,0.283281252,0.04936861992,0.04801976681,0.3734541718,0.6393437873,0.4745222404,0.561798227
65,1.0,0.0,0.0,0.0,1.0,1.0,0.290027773,0.273010357,0.0476757288,0.04632127285,0.3718055567,0.6420450425,0.4728434191,0.5614031927
66,1.0,0.0,0.0,0.0,1.0,1.0,0.2709522305,0.2634314796,0.04422950745,0.04369992018,0.3246753508,0.6646712881,0.431309973,0.5757573691
67,1.0,0.0,0.0,0.0,1.0,1.0,0.2913352072,0.2825895397,0.04760605097,0.04681259394,0.3214574366,0.6499999374,0.4376997621,0.5762715102
68,1.0,0.0,0.0,0.0,1.0,1.0,0.3251102825,0.3180040196,0.0544963479,0.05475705862,0.3167315446,0.6602865371,0.454545486,0.5952381212
69,1.0,0.0,0.0,0.0,1.0,1.0,0.3224005951,0.3184198643,0.05351257324,0.05455672741,0.3170731094,0.6536580856,0.4542684772,0.5789470234
70,1.0,0.0,0.0,0.0,1.0,1.0,0.3159427645,0.3068197263,0.05328422785,0.05328422785,0.317683883,0.6534658671,0.4468087297,0.5891084734
71,1.0,0.0,0.0,0.0,1.0,1.0,0.3125699259,0.3004364804,0.05142170191,0.05116456747,0.3119625125,0.6450001333,0.4561932372,0.5778897692
72,1.0,0.0,0.0,0.0,1.0,1.0,0.3215871251,0.3083385022,0.05225723982,0.05200105906,0.3012617731,0.6323524547,0.437690164,0.5714284077
73,1.0,0.0,0.0,0.0,1.0,1.0,0.3323559698,0.3225473172,0.0537173152,0.054484725,0.2969120899,0.6333332224,0.4363638224,0.5727697784
74,1.0,0.0,0.0,0.0,1.0,1.0,0.3397946355,0.3214670028,0.05536311865,0.05484324694,0.3056664266,0.6197177336,0.4329267526,0.5545023079
75,1.0,0.0,0.0,0.0,1.0,1.0,0.340166593,0.325435444,0.05487823486,0.05513954163,0.2982172366,0.6190469467,0.425925978,0.5592419316
76,1.0,0.0,0.0,0.0,1.0,1.0,0.351700478,0.333659983,0.05743336678,0.05716991425,0.3010492648,0.605504311,0.4246154039,0.548387534
77,1.0,0.0,0.0,0.0,1.0,1.0,0.3586470731,0.3341788709,0.05769503117,0.05716580153,0.2987653886,0.5963302278,0.4148605786,0.5509262493
78,1.0,0.0,0.0,0.0,1.0,1.0,0.360774038,0.3387680737,0.05825829506,0.05799591541,0.2926829268,0.5945947052,0.4202453101,0.5475113308
79,1.0,0.0,0.0,0.0,1.0,1.0,0.3681275964,0.3362321345,0.05949437618,0.05868679285,0.2966666224,0.5837108651,0.4166665244,0.5458708655
80,1.0,0.0,0.0,0.0,1.0,1.0,0.3771793126,0.3418338735,0.06072795391,0.05965787172,0.2967580999,0.5770921219,0.4141106075,0.5426004578
81,1.0,0.0,0.0,0.0,1.0,1.0,0.3693403936,0.3263801251,0.05897831917,0.05706697702,0.2951240235,0.5694447252,0.4187500384,0.5406689819
82,1.0,0.0,0.0,0.0,1.0,1.0,0.3390465013,0.205570793,0.05152082443,0.03481900692,0.3345758977,0.5714284062,0.4280938938,0.5040656252
83,1.0,0.0,0.0,0.0,1.0,1.0,0.4094098386,0.09477469447,0.05886137486,0.01586949825,0.4497991206,0.4950978704,0.5034482489,0.4363633632
84,1.0,0.0,0.0,0.0,1.0,1.0,0.4111753855,0.1118253668,0.05641680956,0.0178745985,0.4439918266,0.5049502545,0.5000001864,0.4843740621
85,1.0,0.0,0.0,0.0,1.0,1.0,0.3605163477,0.2257873773,0.05389177799,0.03837317228,0.3389990019,0.5654446035,0.4352157394,0.5220590405
86,1.0,0.0,0.0,0.0,1.0,1.0,0.3794176904,0.3347964625,0.05735635757,0.05679678917,0.2888888297,0.5658540134,0.3927393284,0.5665028146
87,1.0,0.0,0.0,0.0,1.0,1.0,0.4134351645,0.3715454856,0.06334066391,0.06475442648,0.3000922923,0.5803572101,0.4188310534,0.5676855373
88,1.0,0.0,0.0,0.0,1.0,1.0,0.4296325312,0.3946017204,0.06671440601,0.06897592545,0.2950820333,0.5805087547,0.4174756653,0.573770506
89,1.0,0.0,0.0,0.0,1.0,1.0,0.4299069771,0.400750192,0.06549984217,0.06913870573,0.2941175895,0.5854700816,0.4155843976,0.5789474592
90,1.0,0.0,0.0,0.0,1.0,1.0,0.4199638829,0.3968847976,0.065069139,0.06897890568,0.2948601714,0.5922748354,0.4147911412,0.5789475958
91,1.0,0.0,0.0,0.0,1.0,1.0,0.410212037,0.3965528076,0.06309878826,0.06808024645,0.2889289129,0.5877187514,0.4096774138,0.5813007739
92,1.0,0.0,0.0,0.0,1.0,1.0,0.4117947036,0.3895587754,0.06385761499,0.06687235832,0.2926614092,0.5922744418,0.4089455338,0.577869247
93,1.0,0.0,0.0,0.0,1.0,1.0,0.4033144974,0.3799795862,0.06249600649,0.06523710489,0.2867256818,0.5833330949,0.4057509174,0.571428702
94,1.0,0.0,0.0,0.0,1.0,1.0,0.4169451405,0.3962753447,0.06522369385,0.06823819876,0.2900964422,0.5882349178,0.4140128535,0.5702805702
95,1.0,0.0,0.0,0.0,1.0,1.0,0.4116893856,0.3902582857,0.06417107582,0.06717485189,0.2848378126,0.587233841,0.4126985171,0.573170353
96,1.0,0.0,0.0,0.0,1.0,1.0,0.4153984345,0.3940106885,0.06410127878,0.06738853455,0.2877442821,0.5897441143,0.4070515378,0.569105389
97,1.0,0.0,0.0,0.0,1.0,1.0,0.4184942484,0.3994583585,0.06505703926,0.06890004873,0.2862190725,0.5907175238,0.4108281994,0.5697213809
98,1.0,0.0,0.0,0.0,1.0,1.0,0.4194088019,0.4004175558,0.06473237276,0.06886422634,0.2839286047,0.5914888092,0.4102565258,0.5839996538
99,1.0,0.0,0.0,0.0,1.0,1.0,0.4180792735,0.3972143705,0.06426972151,0.06840723753,0.2872531549,0.5965665276,0.4134613954,0.5846771277
100,1.0,0.0,0.0,0.0,1.0,1.0,0.4276930983,0.4010500281,0.06640130281,0.07001310587,0.2873769419,0.5857737994,0.4140126888,0.579364478
101,1.0,0.0,0.0,0.0,1.0,1.0,0.4160574823,0.3908076643,0.06312525272,0.06696766615,0.2760180791,0.5826086382,0.3974357324,0.586065716
102,1.0,0.0,0.0,0.0,1.0,1.0,0.4289928635,0.4073634736,0.06517642736,0.06939041615,0.2321923839,0.5775858521,0.3465349306,0.5627532903
103,1.0,0.0,0.0,0.0,1.0,1.0,0.4306155722,0.4247629414,0.06500571966,0.07238632441,0.2238946108,0.585152414,0.339999993,0.5882352457
104,1.0,0.0,0.0,0.0,1.0,1.0,0.4418586254,0.4280944271,0.06466972828,0.07194858789,0.2191387308,0.5757582181,0.3399998865,0.5914396275
105,1.0,0.0,0.0,0.0,1.0,1.0,0.4482577996,0.4351873763,0.06516194344,0.07355189323,0.2117421471,0.5751072961,0.3377484658,0.5931558935
106,1.0,0.0,0.0,0.0,1.0,1.0,0.4654407463,0.4515752572,0.06776291132,0.07647931576,0.221256028,0.5726136517,0.3388702577,0.6029412911
107,1.0,0.0,0.0,0.0,1.0,1.0,0.4650868865,0.4616628573,0.0665024519,0.0789539814,0.2267327022,0.5829791544,0.3476820107,0.6093189937
108,1.0,0.0,0.0,0.0,1.0,1.0,0.4777334678,0.4569816999,0.06864237785,0.07984340191,0.2139999757,0.5815897147,0.3322366637,0.6151080587
109,1.0,0.0,0.0,0.0,1.0,1.0,0.4882159066,0.4751444632,0.06973069906,0.08287662268,0.2212212482,0.5778686318,0.3409834777,0.6137931977
110,1.0,0.0,0.0,0.0,1.0,1.0,0.5017440686,0.4849265196,0.07278865576,0.08658325672,0.2186234826,0.5806454519,0.3355263575,0.6237290259
111,1.0,-0.7853981853,0.0,0.0,1.0,1.0,0.5064114036,0.4889474463,0.06877410412,0.08247298002,0.2142121448,0.5853655366,0.3300164777,0.6271190973
112,1.0,-0.7853981853,0.0,0.0,1.0,1.0,0.5120595198,0.4823751544,0.0721719861,0.08463543653,0.2129629385,0.5823296954,0.3322313028,0.6164385009
113,1.0,-0.7853981853,0.0,0.0,1.0,1.0,0.5170615069,0.4921877913,0.07109707594,0.08496969938,0.2302837982,0.589431184,0.3400335731,0.6224488006
114,1.0,-0.7853981853,0.0,0.0,1.0,1.0,0.5204563894,0.491447514,0.07217723131,0.0854049325,0.2240664012,0.5856575054,0.3410598559,0.6127945775
115,1.0,-0.7853981853,0.0,0.0,1.0,1.0,0.5154354875,0.4955356741,0.07082039118,0.08521479368,0.2316561649,0.5853653815,0.3433836125,0.6216216783
116,1.0,-0.7853981853,0.0,0.0,1.0,1.0,0.5214479135,0.4988839962,0.07210105658,0.08734196424,0.2322375601,0.5813012801,0.3467336632,0.6140935132
117,1.0,-0.7853981853,0.0,0.0,1.0,1.0,0.5255774988,0.498886664,0.07154303789,0.08590912819,0.2418162108,0.5823294812,0.3522537568,0.6254180208
118,1.0,-0.7853981853,0.0,0.0,1.0,1.0,0.5230131967,0.4997210883,0.0723618269,0.0873029232,0.2447033837,0.5870448012,0.3557047255,0.6208056257
119,1.0,-0.7853981853,0.0,0.0,1.0,1.0,0.5251306444,0.4980548704,0.07216101885,0.08700048923,0.240466031,0.5766131064,0.3533331991,0.6086956522
120,1.0,-0.7853981853,0.0,0.0,1.0,1.0,0.5227520901,0.4913081492,0.07052958012,0.08440423012,0.2282957809,0.5860659686,0.3434342733,0.6130136406
121,1.0,-0.7853981853,0.0,0.0,1.0,1.0,0.5213563566,0.4972094648,0.07111752033,0.08551371098,0.2354804282,0.5829959921,0.3467337014,0.6161616302
122,1.0,-0.7853981853,0.0,0.0,1.0,1.0,0.5243658556,0.5022153837,0.07171559334,0.08663249016,0.2329485425,0.5879995479,0.3510813968,0.6125830093
123,1.0,-0.7853981853,0.0,0.0,1.0,1.0,0.520171253,0.497218274,0.07159632444,0.08603107929,0.2360965168,0.588709335,0.3489145585,0.6208054528
124,1.0,-0.7853981853,0.0,0.0,1.0,1.0,0.5159764463,0.4972013639,0.07253408432,0.08727675676,0.2318992775,0.5853663347,0.344537838,0.6148651094
125,1.0,-0.7853981853,0.0,0.0,1.0,1.0,0.515369969,0.486439589,0.07209205627,0.08551812172,0.22651362,0.5870447721,0.342192673,0.6177475473
126,1.0,-0.7853981853,0.0,0.0,1.0,1.0,0.5355961564,0.4981140286,0.07721805573,0.09033048153,0.2608694574,0.5811321308,0.3794214163,0.6032257469
127,1.0,-0.7853981853,0.0,0.0,1.0,1.0,0.5343751161,0.4917125467,0.07693994045,0.08879905939,0.2874370589,0.586466311,0.4070511096,0.6058627964
128,1.0,-0.7853981853,0.0,0.0,1.0,1.0,0.5304810104,0.4853976089,0.07655870914,0.08878475428,0.285570265,0.5817491175,0.4044586319,0.6032784156
129,1.0,-0.7853981853,0.0,0.0,1.0,1.0,0.5277379137,0.4788324695,0.07556468248,0.08694314957,0.2925585776,0.5752895844,0.398713781,0.6040266984
130,1.0,-0.7853981853,0.0,0.0,1.0,1.0,0.518303804,0.4758490449,0.07516443729,0.0871091485,0.2783918834,0.5852710043,0.4012740761,0.6086952059
131,1.0,-0.7853981853,0.0,0.0,1.0,1.0,0.5204192967,0.4800469804,0.07437318563,0.08592361212,0.283037361,0.5871210755,0.4047244813,0.6000004162
132,1.0,-0.7853981853,0.0,0.0,1.0,1.0,0.512935842,0.4720904506,0.07540297508,0.08605152369,0.2859940719,0.5839696708,0.4091627152,0.5986617765
133,1.0,0.0,0.0,0.0,1.0,1.0,0.4848683768,0.4489558047,0.06951755285,0.07776075602,0.2962607015,0.5810277019,0.4190474191,0.5901055412
134,1.0,0.0,0.0,0.0,1.0,1.0,0.3858539964,0.330940807,0.05302768946,0.05466771126,0.3194029708,0.5824739197,0.4238412388,0.6100000872
135,1.0,0.0,0.0,0.0,1.0,1.0,0.4121868774,0.1862759078,0.05222141743,0.02919906378,0.4301552764,0.5376348259,0.4946238522,0.6057679549
136,1.0,0.0,0.0,0.0,1.0,1.0,0.3890878021,0.1736619549,0.0508659482,0.02738934755,0.4545453509,0.5274722313,0.5141843878,0.5714282605
137,1.0,0.0,0.0,0.0,1.0,1.0,0.3140242116,0.1944305253,0.04335814714,0.03168475628,0.4984893529,0.6346145122,0.5665530134,0.701754386
138,1.0,0.0,0.0,0.0,1.0,1.0,0.3227660217,0.2712299425,0.04686999321,0.04522538185,0.4919735683,0.5964916297,0.5888157989,0.6242428396
139,1.0,0.0,0.0,0.0,1.0,1.0,0.3451962824,0.304037312,0.0527112484,0.05188328028,0.4810126978,0.6073299199,0.5760518534,0.6010635792
140,1.0,0.0,0.0,0.0,1.0,1.0,0.3386180713,0.3036280176,0.05271923542,0.05164337158,0.4779603292,0.6020405164,0.5791140094,0.5885424361
141,1.0,0.0,0.0,0.0,1.0,1.0,0.3577125669,0.3218019264,0.05719727278,0.0550788641,0.4631318167,0.5972222077,0.5696594416,0.5624995942
142,1.0,0.0,0.0,0.0,1.0,1.0,0.3414693213,0.3105957333,0.05530083179,0.05269229412,0.4536663472,0.6037730358,0.5630769015,0.5792077192
143,1.0,0.0,0.0,0.0,1.0,1.0,0.3270899772,0.2949423184,0.05325257778,0.04965096712,0.4450592684,0.5942032392,0.5626913307,0.5751298011
144,1.0,0.0,0.0,0.0,1.0,1.0,0.3207106,0.2877648495,0.05249458551,0.04833656549,0.4487688128,0.5940595858,0.566563406,0.5752688504
145,1.0,0.0,0.0,0.0,1.0,1.0,0.3260251693,0.2970476855,0.05349898338,0.04986315966,0.4520981039,0.6019414772,0.5665635159,0.5781248319
146,1.0,0.0,0.0,0.0,1.0,1.0,0.3286275778,0.2930462939,0.05265533924,0.04856556654,0.4748602656,0.6067963913,0.5833333034,0.5894734258
147,1.0,0.0,0.0,0.0,1.0,1.0,0.3398585462,0.3057297861,0.05515611172,0.05149644613,0.497179647,0.6066345641,0.6024844325,0.5939092581
148,1.0,0.0,0.0,0.0,1.0,1.0,0.3409576187,0.3078774377,0.05502492189,0.05189549923,0.498787333,0.6066347836,0.6006191764,0.5879399813
149,1.0,0.0,0.0,0.0,1.0,1.0,0.3447470811,0.3152085271,0.05524736643,0.05317229033,0.5044535709,0.6103288715,0.6061535559,0.5804874659
150,1.0,0.0,0.0,0.0,1.0,1.0,0.3638782713,0.3269776597,0.05862784386,0.0557358861,0.5085714835,0.6098654754,0.6111111694,0.5754711029
151,1.0,0.0,0.0,0.0,1.0,1.0,0.3714304977,0.3413480279,0.06009215117,0.05851083994,0.5077424719,0.6008774236,0.6153847224,0.5765767601
152,1.0,0.0,0.0,0.0,1.0,1.0,0.3732559157,0.3372731523,0.05999213457,0.05736094713,0.5036854581,0.6008776941,0.6099071056,0.5871563256
153,1.0,0.0,0.0,0.0,1.0,1.0,0.3735453475,0.3373116425,0.05964112282,0.05725550652,0.5033222402,0.6044440802,0.6062499298,0.5833333333
154,1.0,0.0,0.0,0.0,1.0,1.0,0.3691263187,0.3336645472,0.05922275782,0.05684322119,0.5053587035,0.607142965,0.6086954848,0.5813954708
155,1.0,0.0,0.0,0.0,1.0,1.0,0.3629854763,0.3249716209,0.05795276165,0.05559265614,0.5069844817,0.6018095499,0.6104295163,0.60377403
156,1.0,0.0,0.0,0.0,1.0,1.0,0.3597005503,0.3351974895,0.05815857649,0.0578930378,0.5036975938,0.6073058472,0.6123075033,0.6146791258
157,1.0,0.0,0.0,0.0,1.0,1.0,0.3792846625,0.3484447757,0.05833995342,0.05668097734,0.5629497016,0.5971564659,0.6564622934,0.5560971198
158,0.0,0.0,0.0,0.0,0.0,0.0,0.0,0.0,0.0,0.0,0.0,0.0,0.0,0.0
159,0.0,0.0,0.0,0.0,0.0,0.0,0.0,0.0,0.0,0.0,0.0,0.0,0.0,0.0
160,0.0,0.0,0.0,0.0,0.0,0.0,0.0,0.0,0.0,0.0,0.0,0.0,0.0,0.0
161,0.0,0.0,0.0,0.0,0.0,0.0,0.0,0.0,0.0,0.0,0.0,0.0,0.0,0.0
162,0.0,0.0,0.0,0.0,0.0,0.0,0.0,0.0,0.0,0.0,0.0,0.0,0.0,0.0
163,0.0,0.0,0.0,0.0,0.0,0.0,0.0,0.0,0.0,0.0,0.0,0.0,0.0,0.0
164,0.0,0.0,0.0,0.0,0.0,0.0,0.0,0.0,0.0,0.0,0.0,0.0,0.0,0.0
165,0.0,0.0,0.0,0.0,0.0,0.0,0.0,0.0,0.0,0.0,0.0,0.0,0.0,0.0
166,0.0,0.0,0.0,0.0,0.0,0.0,0.0,0.0,0.0,0.0,0.0,0.0,0.0,0.0
167,0.0,0.0,0.0,0.0,0.0,0.0,0.0,0.0,0.0,0.0,0.0,0.0,0.0,0.0
168,0.0,0.0,0.0,0.0,0.0,0.0,0.0,0.0,0.0,0.0,0.0,0.0,0.0,0.0
169,1.0,0.0,0.0,0.0,1.0,1.0,0.3170645636,0.3286301193,0.05513298512,0.05812931061,0.3465517552,0.7336952879,0.4644067831,0.8247420143
170,1.0,0.0,0.0,0.0,1.0,1.0,0.3493032607,0.3604797554,0.06395983696,0.0713045001,0.5468227136,0.5885162916,0.6315789632,0.5922747893
171,1.0,0.0,0.0,0.0,1.0,1.0,0.3856631557,0.3653550035,0.06800788641,0.07003366947,0.5254516547,0.608510381,0.6132931049,0.6074376367
172,1.0,0.0,0.0,0.0,1.0,1.0,0.3795997705,0.3341883395,0.059920609,0.05776131153,0.5038494713,0.6126125409,0.615624819,0.6074768284
173,1.0,0.0,0.0,0.0,1.0,1.0,0.3851838943,0.340931151,0.0612603426,0.05910140276,0.5059423608,0.6079299226,0.6105920171,0.5981733778
174,1.0,0.0,0.0,0.0,1.0,1.0,0.3864392781,0.341996454,0.06085330248,0.0589684844,0.5124037686,0.6017705096,0.6156248671,0.6027400445
175,1.0,0.0,0.0,0.0,1.0,1.0,0.3912344127,0.3609970981,0.06119406223,0.06119406223,0.5452990678,0.6026195472,0.6466879257,0.6200867663
176,1.0,0.0,0.0,0.0,1.0,1.0,0.3893273222,0.353839411,0.06201481819,0.06120938063,0.564923997,0.6060603439,0.6645964188,0.6359649166
177,1.0,0.0,0.0,0.0,1.0,1.0,0.391306963,0.365420858,0.06146025658,0.06225842237,0.5677966375,0.6103893585,0.6687498754,0.6452993376
178,1.0,0.0,0.0,0.0,1.0,1.0,0.3892384303,0.3684651423,0.06078463793,0.06184637547,0.5748300011,0.6113530438,0.6740506947,0.6437765634
179,1.0,0.0,0.0,0.0,1.0,1.0,0.3862822746,0.3680486608,0.06056541204,0.06135886908,0.5628692014,0.6113535915,0.6603174762,0.6379310512
180,1.0,0.0,0.0,0.0,1.0,1.0,0.3849828265,0.3677192545,0.06083595753,0.06216424704,0.5542472063,0.6200872378,0.6540880769,0.6495724119
181,1.0,0.0,0.0,0.0,1.0,1.0,0.3837589978,0.3641498432,0.06096947193,0.06123453379,0.5575959922,0.6130435293,0.6561516935,0.6536791438
182,1.0,0.0,0.0,0.0,1.0,1.0,0.3821636675,0.3645761932,0.06087756157,0.06140697002,0.5660848622,0.6173909978,0.6635218913,0.6465515735
183,1.0,0.0,0.0,0.0,1.0,1.0,0.3654237144,0.3426657709,0.05735695362,0.05709260702,0.5551811492,0.6129035946,0.6507936167,0.6481482061
184,1.0,0.0,0.0,0.0,1.0,1.0,0.3017513046,0.2237311785,0.04595845938,0.03639483452,0.5706805924,0.6127163432,0.6437908593,0.6569331351
185,1.0,0.0,0.0,0.0,1.0,1.0,0.3095287231,0.09054169533,0.04445374012,0.01392525434,0.4776119171,0.4879526957,0.5191636712,0.4038445899
186,1.0,0.0,0.0,0.0,1.0,1.0,0.3066677666,0.08705939115,0.0442058444,0.01331502199,0.4695008329,0.4397580533,0.5087106547,0.3199978513
187,1.0,0.0,0.0,0.0,1.0,1.0,0.2952482164,0.0870594694,0.04297590256,0.01334655285,0.4733945185,0.4844719119,0.5156795536,0.4800016077
188,1.0,0.0,0.0,0.0,1.0,1.0,0.2474476332,0.1515819728,0.03762173653,0.0242806673,0.5100965121,0.5957448494,0.5766665526,0.626374085
189,1.0,0.0,0.0,0.0,1.0,1.0,0.2828927379,0.2157886925,0.04417413473,0.0351806283,0.4966102219,0.5988026214,0.5811688644,0.6015031352
190,1.0,0.0,0.0,0.0,1.0,1.0,0.2994146525,0.2410229255,0.04713863134,0.03950160742,0.4945607092,0.5921780857,0.578778045,0.5999996982
191,1.0,0.0,0.0,0.0,1.0,1.0,0.3212195221,0.2746070746,0.05098772049,0.04543983936,0.4937551538,0.5958544922,0.5782747627,0.5755816851
192,1.0,0.0,0.0,0.0,1.0,1.0,0.3279547287,0.2896471272,0.05270838737,0.04796463251,0.4864643575,0.5949994346,0.5764331038,0.5824175824
193,1.0,0.0,0.0,0.0,1.0,1.0,0.3325984174,0.2915042057,0.05338591337,0.04810023308,0.484349112,0.5990094533,0.5737177056,0.5879120879
194,1.0,0.0,0.0,0.0,1.0,1.0,0.3282478571,0.2862328136,0.05287563801,0.04761445522,0.480392263,0.6019900666,0.5727848827,0.5911599098
195,1.0,0.0,0.0,0.0,1.0,1.0,0.3364296522,0.2976043074,0.05371248722,0.0489962101,0.4827586271,0.5951222111,0.5732483408,0.5775406924
196,1.0,0.0,0.0,0.0,1.0,1.0,0.3290547409,0.2792090928,0.05282443762,0.04625421762,0.4774774959,0.592040368,0.5777778178,0.58522687
197,1.0,0.0,0.0,0.0,1.0,1.0,0.3486998854,0.3155287824,0.05613279343,0.05191618204,0.4807535567,0.6056339673,0.5833331522,0.5837563102
198,1.0,0.0,0.0,0.0,1.0,1.0,0.3445787361,0.3145209958,0.05576425791,0.05206429958,0.4820260472,0.5971563829,0.5910543637,0.573604398
199,1.0,0.0,0.0,0.0,1.0,1.0,0.3406820716,0.308975529,0.0557448864,0.05178195238,0.4749595705,0.6018953343,0.5772871829,0.5867348407
200,1.0,0.0,0.0,0.0,1.0,1.0,0.3181157886,0.2779797302,0.05097448826,0.04545664787,0.4799014604,0.597938518,0.5723473161,0.583814559
201,1.0,0.0,0.0,0.0,1.0,1.0,0.2608034064,0.07113454081,0.03839147091,0.01073884964,0.4817519164,0.4685313817,0.5302489993,0.5749966698
202,1.0,0.0,0.0,0.0,1.0,1.0,0.2719069284,0.06447980251,0.03987526894,0.009699344635,0.4705881516,0.4189187977,0.5197132787,0.3055528243
203,1.0,0.0,0.0,0.0,1.0,1.0,0.2309115418,0.106469557,0.03481686115,0.01647818089,0.5008819332,0.5954205399,0.5876287072,0.6612903226
204,1.0,0.0,0.0,0.0,1.0,1.0,0.2798439101,0.2237315199,0.04405790567,0.03592818975,0.4950000696,0.6071426156,0.5980393358,0.6350362905
205,1.0,0.0,0.0,0.0,1.0,1.0,0.3150950162,0.2830136611,0.05103689432,0.04651802778,0.472906374,0.6197917214,0.5889968001,0.6228565059
206,1.0,0.0,0.0,0.0,1.0,1.0,0.3277391191,0.2985555218,0.05292880535,0.04899847507,0.4821427912,0.6188122045,0.5910542806,0.6256687484
207,1.0,0.0,0.0,0.0,1.0,1.0,0.3358384545,0.3052094494,0.05409133434,0.05019050837,0.4765751806,0.6105771668,0.5886076867,0.6010365094
208,1.0,0.0,0.0,0.0,1.0,1.0,0.3398584612,0.3131160379,0.05488181114,0.05150043964,0.4842868834,0.601895817,0.5917721852,0.5959591868
209,1.0,0.0,0.0,0.0,1.0,1.0,0.3414291538,0.3221469716,0.05577039719,0.05367571115,0.4803527769,0.615024282,0.5880504315,0.6097560434
210,1.0,0.0,0.0,0.0,1.0,1.0,0.3376816453,0.3076407616,0.0543974638,0.05078816414,0.4811850038,0.6208529559,0.5937502369,0.6091371273
211,1.0,0.0,0.0,0.0,1.0,1.0,0.3390387383,0.3152814317,0.05493748188,0.0520734787,0.4823151942,0.6113748755,0.5930599312,0.6100008241
212,1.0,0.0,0.0,0.0,1.0,1.0,0.3428038935,0.3190043376,0.05518949032,0.05259841681,0.4879227867,0.6197179904,0.5943395442,0.6108368132
213,1.0,0.0,0.0,0.0,1.0,1.0,0.355965526,0.334718661,0.05748838186,0.05540734529,0.4875099556,0.6153842166,0.5911948757,0.6103287395
214,1.0,0.0,0.0,0.0,1.0,1.0,0.3564274393,0.3378616575,0.05784004927,0.05601626635,0.4875500896,0.6261264743,0.5943396667,0.6139538645
215,1.0,0.0,0.0,0.0,1.0,1.0,0.3550329974,0.3305116114,0.05733001232,0.05471217632,0.4906730928,0.6164385271,0.5949365995,0.6124403269
216,1.0,0.0,0.0,0.0,1.0,1.0,0.3579361159,0.331025526,0.0576646924,0.05476826429,0.4848732734,0.6210048447,0.5923567843,0.6009616274
217,1.0,0.0,0.0,0.0,1.0,1.0,0.3583979637,0.3399998633,0.05764138699,0.0563313365,0.4865525994,0.6181816678,0.5949367134,0.6046516549
218,1.0,0.0,0.0,0.0,1.0,1.0,0.3572335389,0.3384184503,0.05732244253,0.0557590723,0.4898457333,0.6136354892,0.598101275,0.6121496726
219,1.0,0.0,0.0,0.0,1.0,1.0,0.3564785513,0.3310455199,0.05742323399,0.05506336689,0.4869707434,0.616438413,0.5962144828,0.6047618017
220,1.0,0.0,0.0,0.0,1.0,1.0,0.3625429704,0.341079325,0.05839926004,0.05655777454,0.4901961147,0.6171169562,0.6000000719,0.6046505256
221,1.0,0.0,0.0,0.0,1.0,1.0,0.3613617454,0.3458384266,0.05842244625,0.05736976862,0.4869707373,0.6216222558,0.6000001437,0.6009173978
222,1.0,0.0,0.0,0.0,1.0,1.0,0.3572335947,0.3357744727,0.05769783258,0.05586194992,0.4882209499,0.6181812359,0.6025233745,0.6009391725
223,1.0,0.0,0.0,0.0,1.0,1.0,0.3585660471,0.3352358654,0.05767643452,0.05584955215,0.4967532107,0.6153846949,0.6050155865,0.5887844184
224,1.0,0.0,0.0,0.0,1.0,1.0,0.3558989047,0.3284331244,0.05728405714,0.05466836691,0.4959348976,0.6164388123,0.6069182075,0.6028709647
225,1.0,0.0,0.0,0.0,1.0,1.0,0.3566539356,0.3326265787,0.05744618177,0.05561834574,0.4906731407,0.6181822332,0.6093748608,0.596244217
226,1.0,0.0,0.0,0.0,1.0,1.0,0.3532230453,0.3284328,0.05702400208,0.05492168665,0.496742706,0.6129032595,0.6069184419,0.5933019547
227,1.0,0.0,0.0,0.0,1.0,1.0,0.3575763162,0.3373119556,0.05820769072,0.05663454533,0.4858984789,0.6216219537,0.5968749911,0.6064809455
228,1.0,0.0,0.0,0.0,1.0,1.0,0.3581536509,0.3404350815,0.05787163973,0.05682891607,0.4866828297,0.6171166671,0.5968749833,0.6009171088
229,1.0,0.0,0.0,0.0,1.0,1.0,0.35636494,0.3321028452,0.0570269227,0.05495321751,0.4878443807,0.6136359123,0.595611379,0.5990561433
230,1.0,0.0,0.0,0.0,1.0,1.0,0.3587327182,0.3352359672,0.05822122097,0.05612313747,0.4907034004,0.6171172924,0.6018809871,0.6028037681
231,1.0,0.0,0.0,0.0,1.0,1.0,0.3576948069,0.3394334199,0.05763936043,0.05633538961,0.4882591559,0.6153844563,0.6006289828,0.5972220312
232,1.0,0.0,0.0,0.0,1.0,1.0,0.3612245677,0.3425760155,0.05822908878,0.05692350864,0.4927066653,0.6098654754,0.6069181115,0.5917438205
233,1.0,0.0,0.0,0.0,1.0,1.0,0.3513093847,0.3320930397,0.05641955137,0.05485230684,0.484133443,0.611110935,0.6012656264,0.5952379141
234,1.0,0.0,0.0,0.0,1.0,1.0,0.3493985556,0.3215868019,0.05673211813,0.05382949114,0.4796747475,0.6093020959,0.5899056009,0.6029416161
235,1.0,0.0,0.0,0.0,1.0,1.0,0.3550020533,0.3315907302,0.05710375309,0.05478870869,0.4847999176,0.6081079953,0.5919004306,0.5868546848
236,1.0,0.0,0.0,0.0,1.0,1.0,0.340682128,0.3070383775,0.05482339859,0.05092597008,0.4846526476,0.6113739748,0.5956112425,0.6020405058
237,1.0,0.0,0.0,0.0,1.0,1.0,0.3461483445,0.3073994875,0.05632418394,0.05156439543,0.4845528458,0.6150230221,0.5899055388,0.6051286141
238,1.0,0.0,0.0,0.0,1.0,1.0,0.3409577197,0.2992060052,0.05522167683,0.04998737574,0.4826191666,0.6018958062,0.5862068596,0.5968587574
239,1.0,0.0,0.0,0.0,1.0,1.0,0.3372197011,0.2954324643,0.05376178026,0.04882717133,0.5028524332,0.5990334522,0.6132074451,0.6010639856
240,1.0,0.0,0.0,0.0,1.0,1.0,0.3440165456,0.303290008,0.05538439751,0.05065971613,0.5106036282,0.6161143612,0.6163521227,0.6165797378
241,1.0,0.0,0.0,0.0,1.0,1.0,0.3459290789,0.3095754209,0.05560451746,0.05167025328,0.5134694316,0.6179245334,0.622641624,0.6142132214
242,1.0,0.0,0.0,0.0,1.0,1.0,0.3491928002,0.320010646,0.05719172955,0.05425196886,0.5167347829,0.6168221961,0.6246057426,0.6157634007
243,1.0,0.0,0.0,0.0,1.0,1.0,0.35197355,0.3125240581,0.05667006969,0.05192565918,0.5118755987,0.6093023941,0.6158729453,0.609137388
244,1.0,0.0,0.0,0.0,1.0,1.0,0.3607500968,0.3188695963,0.05806040764,0.05304610729,0.5127152399,0.6045455665,0.6190477044,0.6019892895
245,1.0,0.0,0.0,0.0,1.0,1.0,0.3616563891,0.3278925302,0.05854845047,0.05485618114,0.5126324127,0.6036038604,0.6151418547,0.5961542223
246,1.0,0.0,0.0,0.0,1.0,1.0,0.3598646321,0.3220423893,0.05834281445,0.05383449793,0.5106382548,0.6045452224,0.6222223094,0.5960597569
247,1.0,0.0,0.0,0.0,1.0,1.0,0.3617815001,0.3197571611,0.05872607231,0.05336296558,0.5057850487,0.6027393784,0.6173633808,0.5929651216
248,1.0,0.0,0.0,0.0,1.0,1.0,0.3629812443,0.3240124567,0.05824422836,0.05345702171,0.5107793813,0.6027399363,0.6193549086,0.5970151417
249,1.0,0.0,0.0,0.0,1.0,1.0,0.3668733325,0.3277912629,0.05897861719,0.0539535284,0.5127571829,0.60538132,0.6205788701,0.6078436571
250,1.0,0.0,0.0,0.0,1.0,1.0,0.3665716243,0.3336847727,0.05901682377,0.0547824502,0.5131578095,0.6008960367,0.6193548692,0.5893719597
251,1.0,0.0,0.0,0.0,1.0,1.0,0.3686467044,0.3390965072,0.05938780308,0.05516469479,0.5098360257,0.6044439672,0.6233764854,0.6028708496
252,1.0,0.0,0.0,0.0,1.0,1.0,0.3772115285,0.3463412121,0.05984175205,0.0561016202,0.5113731862,0.6026785447,0.6171616129,0.5952377158
253,1.0,0.0,0.0,0.0,1.0,1.0,0.3717280532,0.3403416837,0.05932474136,0.05527991056,0.506339809,0.6045449431,0.6079734756,0.59024436
254,1.0,0.0,0.0,0.0,1.0,1.0,0.3701635839,0.3392144883,0.05892038345,0.05490309,0.5067339576,0.6,0.6125828729,0.5902438442
255,1.0,0.0,0.0,0.0,1.0,1.0,0.3726441357,0.3359329115,0.05885225534,0.054512918,0.5120274791,0.6082955143,0.6153845024,0.5870650302
256,1.0,0.0,0.0,0.0,1.0,1.0,0.3288206127,0.2734957967,0.05141335726,0.04383665323,0.5168831283,0.5947369092,0.6182433664,0.5925934487
257,1.0,0.0,0.0,0.0,1.0,1.0,0.293735927,0.1173719669,0.04321062565,0.01793646812,0.5157115642,0.5849060768,0.5943060609,0.6060600019
258,1.0,0.0,0.0,0.0,1.0,1.0,0.3024142173,0.08923572782,0.04433083534,0.01351547241,0.4760146761,0.5243899816,0.557142829,0.5799992944
259,1.0,0.0,0.0,0.0,1.0,1.0,0.2883344516,0.1912723162,0.04348063469,0.02960950136,0.4637167897,0.5889574,0.5620687358,0.5855847332
260,1.0,0.0,0.0,0.0,1.0,1.0,0.2977789453,0.2312895478,0.04653406143,0.03663885593,0.4520547318,0.5862072057,0.5574325761,0.5985394454
261,1.0,0.0,0.0,0.0,1.0,1.0,0.3284235809,0.2722734627,0.05234104395,0.04357331991,0.4378648841,0.5837562932,0.5514949288,0.5914636565
262,1.0,0.0,0.0,0.0,1.0,1.0,0.3414761078,0.2921954748,0.05496901274,0.04719287157,0.4366666361,0.5999997831,0.5514951785,0.5852279401
263,1.0,0.0,0.0,0.0,1.0,1.0,0.3461195729,0.304106396,0.0561016202,0.04965937138,0.4449046707,0.5933019488,0.5625000684,0.5837836346
264,1.0,0.0,0.0,0.0,1.0,1.0,0.3466943217,0.3057504294,0.0558129549,0.04967087507,0.4423236272,0.5980856185,0.5657894013,0.5860208151
265,1.0,0.0,0.0,0.0,1.0,1.0,0.3508855811,0.3156131811,0.05616557598,0.05110800266,0.4342761199,0.5971567502,0.5493421428,0.583333139
266,1.0,0.0,0.0,0.0,1.0,1.0,0.3555788583,0.3221884173,0.05677372217,0.05199831724,0.4330839099,0.5934583021,0.5526315401,0.5816329221
267,1.0,0.0,0.0,0.0,1.0,1.0,0.351578987,0.3233488466,0.05656421185,0.05258083344,0.4285714286,0.6056333576,0.5457516112,0.5858585744
268,1.0,0.0,0.0,0.0,1.0,1.0,0.3509990199,0.3244090303,0.0563480854,0.05237996578,0.4361088491,0.6103289315,0.5508194301,0.5858589652
269,1.0,0.0,0.0,0.0,1.0,1.0,0.3564154667,0.3304344888,0.05732524395,0.05362689495,0.4396055912,0.608295434,0.5537457824,0.5763546031
270,1.0,0.0,0.0,0.0,1.0,1.0,0.3542951651,0.3320515421,0.05701112747,0.05356395245,0.4179720468,0.6093019463,0.5394737377,0.5792084607
271,1.0,0.0,0.0,0.0,1.0,1.0,0.348932575,0.3227703669,0.05554747581,0.05210876465,0.4314213684,0.6142851624,0.5442622273,0.5837561768
272,1.0,0.0,0.0,0.0,1.0,1.0,0.35001198,0.3238324748,0.0558565259,0.0521504283,0.4373443794,0.6113751004,0.5526314426,0.5837561247
273,1.0,0.0,0.0,0.0,1.0,1.0,0.3507103793,0.3369826211,0.05636459589,0.05424755812,0.4464579315,0.605633639,0.5559210027,0.5756101098
274,1.0,0.0,0.0,0.0,1.0,1.0,0.3467786527,0.3326066433,0.05526858568,0.05344367027,0.4369884938,0.6132080457,0.5519479484,0.5804875111
275,1.0,0.0,0.0,0.0,1.0,1.0,0.3475609084,0.3342288397,0.05544275045,0.05362069607,0.4302041237,0.6150240546,0.5519479772,0.5922325996
276,1.0,0.0,0.0,0.0,1.0,1.0,0.3472774218,0.3358516543,0.05490881205,0.05336213112,0.4257748263,0.619718264,0.5454545114,0.5845411653
277,1.0,0.0,0.0,0.0,1.0,1.0,0.3515950814,0.3428504998,0.05641663074,0.05537188053,0.4315961735,0.6157415527,0.5404530935,0.5849054776
278,1.0,0.0,0.0,0.0,1.0,1.0,0.3494779968,0.3379991458,0.05568885803,0.05438774824,0.4281045052,0.61682279,0.5436890219,0.5885169457
279,1.0,0.0,0.0,0.0,1.0,1.0,0.3544579702,0.3416622757,0.05703371763,0.05573159456,0.4364372134,0.6073059265,0.5431310616,0.5794393923
280,1.0,0.0,0.0,0.0,1.0,1.0,0.3546405105,0.3357746973,0.05748081207,0.05565190315,0.4532257719,0.6181820633,0.561514317,0.5915502461
281,1.0,0.0,0.0,0.0,1.0,1.0,0.3621046711,0.3341983644,0.05917590857,0.0562569499,0.5077172832,0.6053815092,0.6119873549,0.5943390529
282,1.0,0.0,0.0,0.0,1.0,1.0,0.3647720126,0.3336743426,0.05843430758,0.05528980494,0.5024550156,0.605380649,0.6075947227,0.6018958419
283,1.0,0.0,0.0,0.0,1.0,1.0,0.3702239655,0.3331474188,0.06011468172,0.05589610338,0.5044679029,0.5964918195,0.6037735447,0.5943402564
284,1.0,0.0,0.0,0.0,1.0,1.0,0.3196896287,0.2649316547,0.05074596405,0.04368340969,0.4971144888,0.5876287328,0.5968255311,0.5988025423
285,1.0,0.0,0.0,0.0,1.0,1.0,0.2783708561,0.06945242882,0.04108023643,0.01086634398,0.5130279089,0.4903222811,0.5762711154,0.6341446022
286,1.0,0.0,0.0,0.0,1.0,1.0,0.2716066112,0.08272393755,0.04061871767,0.01300859451,0.5133215851,0.5228748483,0.5844597348,0.5918358931
287,1.0,0.0,0.0,0.0,1.0,1.0,0.2662930239,0.1815706544,0.04202109575,0.03005307913,0.519392872,0.5822790735,0.61414791,0.5929211613
288,1.0,0.0,0.0,0.0,1.0,1.0,0.2991752085,0.2268576194,0.04847377539,0.03808653355,0.5197368893,0.5769235971,0.622222309,0.6013997177
289,1.0,0.0,0.0,0.0,1.0,1.0,0.3206067211,0.274766298,0.05223017931,0.04556816816,0.5090016825,0.5969390957,0.610932328,0.6023398085
290,1.0,0.0,0.0,0.0,1.0,1.0,0.3258519932,0.2818936749,0.05362045765,0.04695123434,0.4987834457,0.5970151245,0.602564098,0.6022729148
291,1.0,0.0,0.0,0.0,1.0,1.0,0.3315381743,0.2931055694,0.05498892069,0.04884934425,0.5024154867,0.5873790459,0.6121796981,0.5901634544
292,1.0,0.0,0.0,0.0,1.0,1.0,0.337906466,0.3049416947,0.05642789602,0.05059969425,0.4968254222,0.5821593467,0.61341838,0.5706802274
293,1.0,0.0,0.0,0.0,1.0,1.0,0.3363051006,0.310506189,0.05698227882,0.05136430264,0.4897314363,0.5868542391,0.6051780938,0.5781247462
294,1.0,0.0,0.0,0.0,1.0,1.0,0.326771248,0.2952144083,0.05459493399,0.0476706624,0.4928230006,0.5853653743,0.6105609392,0.5698322416
295,1.0,0.0,0.0,0.0,1.0,1.0,0.3278170175,0.3119063061,0.0550352931,0.04993444681,0.4863999229,0.5804877732,0.600670976,0.5537629467
296,1.0,0.0,0.0,0.0,1.0,1.0,0.3227037517,0.3158770196,0.05564045906,0.05104875565,0.4702194344,0.5970870666,0.5852843537,0.566137665
297,1.0,0.0,0.0,0.0,1.0,1.0,0.3233030739,0.3142059659,0.05535715818,0.0500344038,0.4821150799,0.5769231183,0.588628909,0.5531915401
298,1.0,0.0,0.0,0.0,1.0,1.0,0.3034299409,0.2892222549,0.05177646875,0.04510426521,0.5414710116,0.5721653342,0.633561636,0.5562133618
299,1.0,0.0,0.0,0.0,1.0,1.0,0.3017483069,0.2941618648,0.05067026615,0.04450404644,0.6054312892,0.5661376346,0.6914892276,0.5602407541
300,1.0,0.0,0.0,0.0,1.0,1.0,0.2965375608,0.3048841272,0.05084508657,0.0454646945,0.6059654859,0.5714287389,0.6823104924,0.5739651875
301,1.0,0.7853981853,0.0,0.0,1.0,1.0,0.2971736756,0.3178374943,0.05035150051,0.04584640265,0.6165883783,0.5631577327,0.6911764584,0.5664731693
302,1.0,0.7853981853,0.0,0.0,1.0,1.0,0.276080267,0.3043412376,0.04722094536,0.04273629189,0.6064815279,0.5642460075,0.6842104593,0.5802459149
303,1.0,0.7853981853,0.0,0.0,1.0,1.0,0.2932310218,0.3450904819,0.05082094669,0.04869234562,0.6159755355,0.5549743501,0.6981128887,0.5573763468
304,1.0,0.7853981853,0.0,0.0,1.0,1.0,0.282918922,0.3293615136,0.04881614447,0.04616308212,0.6138461173,0.5543474412,0.7045455995,0.5689655618
305,1.0,0.7853981853,0.0,0.0,1.0,1.0,0.2822498705,0.3268137205,0.04930841923,0.04634451866,0.6049382758,0.568305172,0.6920150189,0.5813960069
306,1.0,0.7853981853,0.0,0.0,1.0,1.0,0.2855548228,0.3421170562,0.04962450266,0.04800635576,0.6086955963,0.5652174435,0.6923077577,0.5842691886
307,1.0,0.7853981853,0.0,0.0,1.0,1.0,0.283985522,0.3318608778,0.04950624704,0.04704463482,0.6091051234,0.5580108768,0.6949805326,0.5813959087
308,1.0,0.7853981853,0.0,0.0,1.0,1.0,0.2770107158,0.3234625227,0.04793322086,0.04548203945,0.6078740341,0.5568189449,0.7015505864,0.5868264964
309,1.0,0.7853981853,0.0,0.0,1.0,1.0,0.2830696722,0.3247211665,0.04882234335,0.0455493331,0.6091772849,0.5586598999,0.6964981371,0.5868271152
310,1.0,0.7853981853,0.0,0.0,1.0,1.0,0.2839685114,0.3357496979,0.04827231169,0.04638451338,0.6079363918,0.5642450996,0.6992187011,0.5813958569
311,1.0,0.7853981853,0.0,0.0,1.0,1.0,0.280600538,0.3247213424,0.04819530249,0.04521691799,0.6072554428,0.5505619089,0.6926067974,0.57484966
312,1.0,0.7853981853,0.0,0.0,1.0,1.0,0.2942282122,0.3395048884,0.0511162281,0.04814118147,0.6168224315,0.5608473999,0.6984731685,0.5730337079
313,1.0,0.7853981853,0.0,0.0,1.0,1.0,0.2929400381,0.3325064068,0.04993915558,0.04620033503,0.615987511,0.5614974219,0.6999998284,0.5780344285
314,1.0,0.7853981853,0.0,0.0,1.0,1.0,0.2900098827,0.3325068315,0.04975777864,0.04628008604,0.6162246661,0.5591395273,0.6999999572,0.5780351883
315,1.0,0.7853981853,0.0,0.0,1.0,1.0,0.2900095217,0.3293180561,0.05026006699,0.04647707939,0.6177847267,0.5537638872,0.7011495952,0.5755813357
316,1.0,0.7853981853,0.0,0.0,1.0,1.0,0.2945064798,0.3331474976,0.05056732893,0.04680168629,0.6206895923,0.5531914392,0.7011493814,0.5689656929
317,1.0,0.7853981853,0.0,0.0,1.0,1.0,0.2893122674,0.3249133011,0.04978334904,0.0455237627,0.6191950566,0.556150072,0.699619767,0.5672513165
318,1.0,0.7853981853,0.0,0.0,1.0,1.0,0.2904628655,0.3242465018,0.04975324869,0.04547339678,0.6234374356,0.5591389219,0.7022902029,0.5823529951
319,1.0,0.7853981853,0.0,0.0,1.0,1.0,0.2993718563,0.3363139056,0.05152541399,0.04676920176,0.6098309435,0.5538461894,0.6958174693,0.564971701
320,1.0,0.7853981853,0.0,0.0,1.0,1.0,0.3013704727,0.3350402227,0.05246555805,0.04737955332,0.6153846417,0.5561219505,0.7045455887,0.5649713107
321,1.0,0.7853981853,0.0,0.0,1.0,1.0,0.2979702209,0.3318760974,0.05175185204,0.04690015316,0.6211179666,0.5572921226,0.7022902856,0.5689657802
322,1.0,0.7853981853,0.0,0.0,1.0,1.0,0.2996780551,0.3306138352,0.05216157436,0.04678410292,0.6136012674,0.551546863,0.6958173448,0.5632183176
323,1.0,0.7853981853,0.0,0.0,1.0,1.0,0.2979701892,0.3299684887,0.05195206404,0.04681098461,0.6226707805,0.5572921865,0.7061068863,0.5606933399
324,1.0,0.7853981853,0.0,0.0,1.0,1.0,0.2981332347,0.3299683484,0.05215740204,0.04675251245,0.6166924848,0.5595859008,0.7061066968,0.5664737747
325,1.0,0.7853981853,0.0,0.0,1.0,1.0,0.3007578955,0.3331468926,0.05278718472,0.04764378071,0.6203703397,0.5589743706,0.7045452651,0.5568175847
326,1.0,0.7853981853,0.0,0.0,1.0,1.0,0.300141884,0.3331471965,0.05228865147,0.0474371314,0.6145511975,0.5567016773,0.7007572031,0.5511363137
327,1.0,0.7853981853,0.0,0.0,1.0,1.0,0.2951476867,0.3235738119,0.05095028877,0.04555869102,0.6250000108,0.5555554256,0.7088120172,0.5562126152
328,1.0,0.7853981853,0.0,0.0,1.0,1.0,0.2976393292,0.3261539223,0.05152505636,0.04637259245,0.6175547731,0.5578953944,0.6984731192,0.5614040049
329,1.0,0.7853981853,0.0,0.0,1.0,1.0,0.3015424607,0.3306139087,0.05211991072,0.0467467308,0.6158631817,0.5567005593,0.6958173302,0.5632184934
330,1.0,0.7853981853,0.0,0.0,1.0,1.0,0.3006075371,0.3281184466,0.05214589834,0.04676997662,0.6139534664,0.5618559706,0.6981132154,0.5632176584
331,1.0,0.7853981853,0.0,0.0,1.0,1.0,0.2964185597,0.3243472155,0.05115014315,0.04606187344,0.6164596535,0.5602098451,0.6943395054,0.5639526909
332,1.0,0.7853981853,0.0,0.0,1.0,1.0,0.302012092,0.3262326747,0.05233520269,0.04667001963,0.6183801279,0.5567007844,0.6981129167,0.5606933906
333,1.0,0.7853981853,0.0,0.0,1.0,1.0,0.2926715553,0.3180041954,0.05043703318,0.04507136345,0.6152648052,0.563830001,0.6969697225,0.5595234947
334,1.0,0.7853981853,0.0,0.0,1.0,1.0,0.3004550623,0.3224612758,0.05209779739,0.04615920782,0.6214953918,0.5647670172,0.7056603931,0.5730989395
335,1.0,0.7853981853,0.0,0.0,1.0,1.0,0.2978056962,0.3217902383,0.05143362284,0.04577863216,0.6177846234,0.5549748352,0.7007578456,0.5647051318
336,1.0,0.7853981853,0.0,0.0,1.0,1.0,0.2929400302,0.3092611738,0.04993075132,0.04378950596,0.62852663,0.550802854,0.6981131122,0.560974647
337,1.0,0.7853981853,0.0,0.0,1.0,1.0,0.2953248201,0.313258001,0.05089384317,0.04500091076,0.6127527326,0.5631575311,0.6902982505,0.5773811574
338,1.0,0.7853981853,0.0,0.0,1.0,1.0,0.2882109309,0.3125597434,0.04966551065,0.04459220171,0.6201550046,0.559140185,0.696629467,0.5688627557
339,1.0,0.7853981853,0.0,0.0,1.0,1.0,0.2775359611,0.3005841471,0.04768770933,0.04286539555,0.6162247118,0.55617967,0.695488659,0.5749997914
340,1.0,0.7853981853,0.0,0.0,1.0,1.0,0.2753879476,0.2975866903,0.04719513655,0.04215747118,0.6207430542,0.5674151272,0.6928838542,0.5911944973
341,1.0,0.7853981853,0.0,0.0,1.0,1.0,0.2791652127,0.3057997389,0.04773157835,0.0432485342,0.6219134807,0.5580111463,0.7014921851,0.5731707989
342,1.0,0.7853981853,0.0,0.0,1.0,1.0,0.2748464311,0.2938434055,0.04657810926,0.04154980183,0.6218749975,0.5625010397,0.696629204,0.5859874622
343,1.0,0.7853981853,0.0,0.0,1.0,1.0,0.2769353619,0.3020701751,0.04738932848,0.04288864136,0.6207431312,0.5586590211,0.6977614838,0.5802471538
344,1.0,0.7853981853,0.0,0.0,1.0,1.0,0.2781464591,0.2938430844,0.04679220915,0.04150491953,0.6273585461,0.5649716003,0.7041199988,0.5859878191
345,1.0,0.7853981853,0.0,0.0,1.0,1.0,0.2953622122,0.3097128473,0.05044025183,0.0444419384,0.6293930158,0.5567570697,0.7148286762,0.5766873387
346,1.0,0.7853981853,0.0,0.0,1.0,1.0,0.3191085757,0.3268135991,0.05395454168,0.04710751772,0.6320907866,0.5532988587,0.7224334129,0.5639534222
347,1.0,0.7853981853,0.0,0.0,1.0,1.0,0.3085305439,0.306030574,0.05047768354,0.04242271185,0.625615786,0.5585109963,0.7209303526,0.5696193106
348,1.0,0.7853981853,0.0,0.0,1.0,1.0,0.3036071594,0.2998325647,0.04846680164,0.0408692956,0.6321839166,0.5675678667,0.7192307507,0.5769236939
349,1.0,0.7853981853,0.0,0.0,1.0,1.0,0.3055726091,0.2978731142,0.04766798019,0.04003059864,0.6300676484,0.5580116438,0.737254608,0.5657889643
350,1.0,0.7853981853,0.0,0.0,1.0,1.0,0.3081611086,0.3009904203,0.04877966642,0.04113316536,0.6233333327,0.5621619112,0.7374513905,0.5705129691
351,1.0,0.7853981853,0.0,0.0,1.0,1.0,0.3009776483,0.3028611317,0.04895180464,0.04256677628,0.6170213117,0.5543478129,0.7348485041,0.5750008402
352,1.0,0.7853981853,0.0,0.0,1.0,1.0,0.3004858445,0.305799346,0.04799741507,0.04278028011,0.6127450212,0.5543468407,0.7313434807,0.5670722022
353,1.0,0.0,0.0,0.0,1.0,1.0,0.296863937,0.3002055513,0.04751414061,0.04249876738,0.6188118162,0.561110449,0.7350745829,0.58385074
354,1.0,0.0,0.0,0.0,1.0,1.0,0.2970426522,0.2913499522,0.04776662588,0.04169678688,0.6141213602,0.5580110084,0.7343176106,0.5759496023
355,1.0,0.0,0.0,0.0,1.0,1.0,0.2893122241,0.2737441042,0.04633754492,0.03922891617,0.6085525578,0.5568184303,0.7316176287,0.597314906
356,1.0,0.0,0.0,0.0,1.0,1.0,0.2878915505,0.2663956995,0.04546439648,0.03745651245,0.6055645788,0.5568182116,0.7242645796,0.5793105204
357,1.0,0.0,0.0,0.0,1.0,1.0,0.2928829854,0.2645584241,0.04611390829,0.03751641512,0.6092713615,0.5593223406,0.7242648388,0.5763884586
358,1.0,0.0,0.0,0.0,1.0,1.0,0.2893121613,0.2598547029,0.04637360573,0.03767853975,0.6184210135,0.5568185908,0.7272726152,0.5664337545
359,1.0,0.0,0.0,0.0,1.0,1.0,0.2926819094,0.2507757893,0.04642277956,0.03613591194,0.6272878545,0.5568181089,0.7399267354,0.5620443374
360,1.0,0.0,0.0,0.0,1.0,1.0,0.2900538261,0.2489453445,0.04626458883,0.03595417738,0.6185738618,0.5542862517,0.7289376352,0.551470381
361,1.0,0.0,0.0,0.0,1.0,1.0,0.3008353723,0.2572094111,0.04777604342,0.03715914488,0.6187290192,0.5666665419,0.7279412462,0.5642857945
362,1.0,0.0,0.0,0.0,1.0,1.0,0.3071373058,0.2690804852,0.04993695021,0.03967964649,0.6262458849,0.562161988,0.7252748852,0.5578221278
363,1.0,0.0,0.0,0.0,1.0,1.0,0.3057502473,0.2753933361,0.04997730255,0.0405729413,0.6299341919,0.5537627612,0.7299272052,0.5496686504
364,1.0,0.0,0.0,0.0,1.0,1.0,0.2940505048,0.2767973865,0.04859173298,0.04067516327,0.6363635708,0.5561801888,0.7323419049,0.5771816605
365,1.0,0.0,0.0,0.0,1.0,1.0,0.288142353,0.272070428,0.0475845933,0.0399710536,0.6309720086,0.5599990981,0.7259257697,0.5782318302
366,1.0,0.0,0.0,0.0,1.0,1.0,0.2883635751,0.272910312,0.04725968838,0.03974109888,0.636065577,0.5568190131,0.7158674336,0.5743245169
367,1.0,0.0,0.0,0.0,1.0,1.0,0.2557494777,0.2326942235,0.04140508175,0.03323298693,0.602693524,0.5328951346,0.6870225822,0.5901638756
368,1.0,0.0,0.0,0.0,1.0,1.0,0.1842449437,0.126882304,0.02872544527,0.01761466265,0.5426085524,0.5566022663,0.6015623021,0.6769241181
369,1.0,0.0,0.0,0.0,1.0,1.0,0.192132369,0.07417728339,0.02994132042,0.01043826342,0.4850088544,0.4128444933,0.5351561143,0.3684225553
370,1.0,0.0,0.0,0.0,1.0,1.0,0.1952730168,0.07410302737,0.02949780226,0.01045829058,0.4866785099,0.4272738846,0.5361213245,0.3076923077
371,1.0,0.0,0.0,0.0,1.0,1.0,0.1836429389,0.06040564588,0.02808213234,0.008910655975,0.4611307173,0.4423080188,0.5128204817,0.6060630385
372,1.0,0.0,0.0,0.0,1.0,1.0,0.1800797521,0.09069670576,0.02687364817,0.01370555162,0.401801836,0.5800006654,0.4661922143,0.6470616376
373,1.0,0.0,0.0,0.0,1.0,1.0,0.2320286139,0.1814166553,0.03663551807,0.02985113859,0.3276010906,0.6148148028,0.4125413271,0.563636763
374,1.0,0.0,0.0,0.0,1.0,1.0,0.293602048,0.2602382967,0.04579764605,0.04340130091,0.2997438099,0.6279060385,0.3993607632,0.5521476942
375,1.0,0.0,0.0,0.0,1.0,1.0,0.3246052777,0.2862177662,0.04938584566,0.04808616638,0.2923077074,0.6210520218,0.3993809126,0.5405403395
376,1.0,0.0,0.0,0.0,1.0,1.0,0.3452460191,0.3004552306,0.05314594507,0.05260080099,0.2772365326,0.6256408128,0.3925234059,0.5595850401
377,1.0,0.0,0.0,0.0,1.0,1.0,0.3676519221,0.3316050638,0.0548504591,0.05724686384,0.2821429203,0.6165046434,0.3950619159,0.558139317
378,1.0,0.0,0.0,0.0,1.0,1.0,0.3717161772,0.3274568,0.05580985546,0.05772483349,0.2962625778,0.6078429278,0.4068326027,0.5545018803
379,1.0,0.0,0.0,0.0,1.0,1.0,0.3949106249,0.3399998208,0.05769723654,0.05879098177,0.3014980509,0.6066349242,0.4145568399,0.5627906552
380,1.0,0.0,0.0,0.0,1.0,1.0,0.4062310012,0.3463254142,0.05953133106,0.06092220545,0.3048433663,0.6121489432,0.4177214332,0.5707759966
381,1.0,0.0,0.0,0.0,1.0,1.0,0.3956318503,0.3295375132,0.05874657631,0.05958586931,0.2968896703,0.6095237032,0.4210525448,0.5633804648
382,1.0,0.0,0.0,0.0,1.0,1.0,0.4039491611,0.3357257085,0.05925053358,0.06036317348,0.2960150891,0.6150228508,0.4148607273,0.5622122864
383,1.0,0.0,0.0,0.0,1.0,1.0,0.3982593753,0.3264431329,0.05874437094,0.05902415514,0.2979126142,0.6190477157,0.4241485129,0.5687207716
384,1.0,0.0,0.0,0.0,1.0,1.0,0.4077418726,0.336768595,0.05986773968,0.06042468548,0.3036053435,0.613954007,0.4223601288,0.5576034912
385,1.0,0.0,0.0,0.0,1.0,1.0,0.4043328181,0.3362609405,0.05980283022,0.06064510345,0.3010447389,0.6150240451,0.4143300616,0.5555552279
386,1.0,0.0,0.0,0.0,1.0,1.0,0.407319672,0.3331473155,0.05945891142,0.05945891142,0.3018868579,0.6157404855,0.4166666667,0.5648149726
387,1.0,0.0,0.0,0.0,1.0,1.0,0.4092501979,0.340367215,0.05952554941,0.06062787771,0.3042654842,0.6157400871,0.4272446494,0.5681820193
388,1.0,-0.7853981853,0.0,0.0,1.0,1.0,0.3903608486,0.3188693607,0.05520343781,0.05575823784,0.2796859023,0.6030156776,0.390476132,0.5771143428
389,1.0,-0.7853981853,0.0,0.0,1.0,1.0,0.380055129,0.3092736614,0.05197185278,0.05337649584,0.2620760387,0.610810569,0.364820794,0.5736837932
390,1.0,-0.7853981853,0.0,0.0,1.0,1.0,0.4112230852,0.337473808,0.05588871241,0.0599219203,0.270413506,0.6030926021,0.373376534,0.5721156285
391,1.0,-0.7853981853,0.0,0.0,1.0,1.0,0.4353122808,0.3545876113,0.05760353804,0.06318759918,0.2822221296,0.6071425985,0.372937254,0.5813951733
392,1.0,-0.7853981853,0.0,0.0,1.0,1.0,0.4418826807,0.3409857635,0.05517059565,0.05863678455,0.2824073588,0.5968589329,0.3680670684,0.5911328146
393,1.0,-0.7853981853,0.0,0.0,1.0,1.0,0.4676284638,0.3650853012,0.05962044001,0.06458884478,0.2889907581,0.5980395195,0.3818183901,0.5837105409
394,1.0,-0.7853981853,0.0,0.0,1.0,1.0,0.4685602411,0.3610466384,0.05884367228,0.06377154589,0.281755381,0.6009857855,0.3760262864,0.5909091334
395,1.0,-0.7853981853,0.0,0.0,1.0,1.0,0.4703253192,0.3615002536,0.0581548214,0.06300109625,0.29181085,0.593137476,0.3846154372,0.5791852849
396,1.0,-0.7853981853,0.0,0.0,1.0,1.0,0.4654931898,0.3655288766,0.05869358778,0.06387245655,0.2785388549,0.5980390265,0.3739702038,0.5900903507
397,1.0,-0.7853981853,0.0,0.0,1.0,1.0,0.4698043445,0.3747906724,0.05958509445,0.06492525339,0.2705099872,0.5896223961,0.3701298098,0.5844160971
398,1.0,-0.7853981853,0.0,0.0,1.0,1.0,0.4553013223,0.3702847613,0.05728518963,0.06315338612,0.2733332891,0.5902437451,0.367213203,0.5840706044
399,1.0,-0.7853981853,0.0,0.0,1.0,1.0,0.3776172188,0.2915038701,0.04686337709,0.04910832644,0.2918550281,0.6047896499,0.3733332484,0.5828576492
400,1.0,-0.7853981853,0.0,0.0,1.0,1.0,0.3236286725,0.118490488,0.03838676214,0.01947563887,0.3833332663,0.5367649913,0.4501718898,0.6376799175
401,1.0,-0.7853981853,0.0,0.0,1.0,1.0,0.3248480592,0.0772764354,0.03898531199,0.01280540228,0.4661923396,0.4598533785,0.5051544241,0.4666657357
402,1.0,-0.7853981853,0.0,0.0,1.0,1.0,0.3046364064,0.07040727541,0.03748309612,0.01182156801,0.4513481181,0.5307682767,0.512027417,0.6097573273
403,1.0,0.0,0.0,0.0,1.0,1.0,0.3098705995,0.2031652495,0.03998237848,0.03491419554,0.4344978085,0.6126763398,0.5245899934,0.5967737805
404,1.0,0.0,0.0,0.0,1.0,1.0,0.3427241874,0.2547280471,0.0463437438,0.04356873035,0.3942505731,0.6047903653,0.4902595434,0.5796169979
405,1.0,0.0,0.0,0.0,1.0,1.0,0.3717497989,0.2992058237,0.0550532937,0.0550532341,0.3807205412,0.6230364395,0.4858932961,0.5759159413
406,1.0,0.0,0.0,0.0,1.0,1.0,0.3643003454,0.2973416777,0.0526483655,0.0526483655,0.3702290887,0.628271706,0.4859812707,0.5759164852
407,1.0,0.0,0.0,0.0,1.0,1.0,0.3745586579,0.3157746154,0.05537354946,0.05647009611,0.3784786636,0.6089111682,0.4907975133,0.5728158107
408,1.0,0.0,0.0,0.0,1.0,1.0,0.3717157754,0.3189706706,0.0546849966,0.05629336834,0.3764812272,0.6323531656,0.4924013431,0.5809522196
409,1.0,0.0,0.0,0.0,1.0,1.0,0.3629408353,0.3159329932,0.05438768864,0.05628180504,0.3532068825,0.6467658257,0.474164147,0.5913463779
410,1.0,0.0,0.0,0.0,1.0,1.0,0.3645877029,0.3132806501,0.0551982522,0.0562967062,0.3520871886,0.6417917378,0.4770642232,0.590243324
411,1.0,0.0,0.0,0.0,1.0,1.0,0.3616163238,0.318707566,0.05396544933,0.05586373806,0.3472727302,0.6482410895,0.4705884153,0.5873790862
412,1.0,0.0,0.0,0.0,1.0,1.0,0.3639321959,0.3156132127,0.0549274683,0.05630755424,0.3430923751,0.6432161731,0.4705880388,0.588234796
413,1.0,0.0,0.0,0.0,1.0,1.0,0.3601593769,0.3188403147,0.05495935678,0.05715769529,0.3495495835,0.6450000813,0.4693249688,0.5865381507
414,1.0,0.0,0.0,0.0,1.0,1.0,0.3686910167,0.3243528471,0.05584198236,0.05721062422,0.33996385,0.6519613651,0.4658385912,0.5885167763
415,1.0,0.0,0.0,0.0,1.0,1.0,0.3598349702,0.3140661273,0.05434161425,0.05515676737,0.3573357243,0.6500003839,0.4767801143,0.5911331274
416,1.0,0.0,0.0,0.0,1.0,1.0,0.3626217134,0.3152085821,0.05509436131,0.0556371212,0.347631835,0.6403935824,0.4707691954,0.5853652527
417,1.0,0.0,0.0,0.0,1.0,1.0,0.3595499861,0.3161813899,0.05437552929,0.05518305302,0.3570792057,0.6435638572,0.4753085851,0.5902445189
418,1.0,0.0,0.0,0.0,1.0,1.0,0.34261493,0.3001420842,0.05163264275,0.051900208,0.3552397419,0.6424874055,0.4736840835,0.5824740078
419,1.0,0.0,0.0,0.0,1.0,1.0,0.2910112216,0.2434947519,0.04290401936,0.04102700949,0.3648770345,0.6562495659,0.4713377126,0.6078431657
420,1.0,0.0,0.0,0.0,1.0,1.0,0.1740712053,0.09254107873,0.02415800095,0.01492911577,0.495107651,0.5955060893,0.545454747,0.6909078569
421,1.0,0.0,0.0,0.0,1.0,1.0,0.170729928,0.1009370233,0.02406227589,0.01649212837,0.4913627018,0.6067431595,0.5629140015,0.6557363422
422,1.0,0.0,0.0,0.0,1.0,1.0,0.2436363229,0.196765042,0.03598201275,0.03309291601,0.5142349517,0.6204383794,0.6062501883,0.6269841699
423,1.0,0.0,0.0,0.0,1.0,1.0,0.2848280383,0.2506246127,0.04365819693,0.04261875153,0.48600505,0.6369045262,0.5871559022,0.6158548524
424,1.0,0.0,0.0,0.0,1.0,1.0,0.29296844,0.2735476189,0.04532778263,0.04636389017,0.4840870899,0.628571128,0.5871558794,0.5921782538
425,1.0,0.0,0.0,0.0,1.0,1.0,0.3187588688,0.3096427973,0.05025994778,0.05287760496,0.4867108672,0.6197917037,0.5920245442,0.5841587395
426,1.0,0.0,0.0,0.0,1.0,1.0,0.3054990473,0.2967570584,0.04863119125,0.05046135187,0.4806902612,0.6290323767,0.5846152714,0.5906737649
427,1.0,0.0,0.0,0.0,1.0,1.0,0.3128829157,0.3029079612,0.04995441437,0.05098974705,0.4793186803,0.6165809167,0.5846154173,0.5939090507
428,1.0,0.0,0.0,0.0,1.0,1.0,0.3052723999,0.3047833039,0.04867088795,0.05100083351,0.4768480709,0.6117024794,0.5820433845,0.583756013
429,1.0,0.0,0.0,0.0,1.0,1.0,0.3105061691,0.3044454245,0.04971426725,0.05126786232,0.4789644781,0.6145825215,0.5907692155,0.6010100775
430,1.0,0.0,0.0,0.0,1.0,1.0,0.3154437693,0.3069275709,0.05113977194,0.05192255974,0.475040247,0.6173467306,0.5833334801,0.6130653093
431,1.0,0.0,0.0,0.0,1.0,1.0,0.3035038918,0.2964182928,0.04860895872,0.04991567135,0.4791837743,0.6182793128,0.5869563294,0.6073299055
432,1.0,0.0,0.0,0.0,1.0,1.0,0.3037519648,0.2948667271,0.04853153229,0.04957526922,0.4836601966,0.6236563894,0.5900620942,0.6105261892
433,1.0,0.0,0.0,0.0,1.0,1.0,0.3024626825,0.295147723,0.04858225584,0.04990243912,0.4851974375,0.6250001534,0.5968750914,0.6190481878
434,1.0,0.0,0.0,0.0,1.0,1.0,0.3056347295,0.3004552068,0.04918044806,0.05075842142,0.4832378662,0.6149730158,0.5919004797,0.6010357158
435,1.0,0.0,0.0,0.0,1.0,1.0,0.3048866834,0.2973417676,0.04916363955,0.0502153039,0.4812397599,0.620321303,0.5856698204,0.6178014014
436,1.0,0.0,0.0,0.0,1.0,1.0,0.2970424763,0.2920245032,0.04793691635,0.04952603579,0.4860426623,0.6243099144,0.5937501318,0.6256677927
437,1.0,0.0,0.0,0.0,1.0,1.0,0.2990971084,0.2967093287,0.04806816578,0.04990684986,0.481602533,0.6229512059,0.5937499889,0.6263158398
438,1.0,0.0,0.0,0.0,1.0,1.0,0.2972196755,0.2911147107,0.04789602757,0.0492118597,0.4820262086,0.6208780405,0.5919003599,0.6256688767
439,1.0,0.0,0.0,0.0,1.0,1.0,0.2911628371,0.2866738306,0.04678630829,0.04810059071,0.4860883785,0.617977843,0.5924764434,0.6393442826
440,1.0,0.0,0.0,0.0,1.0,1.0,0.294728318,0.2851072826,0.04687964916,0.04766535759,0.4827017943,0.6201116324,0.5924764723,0.6373628847
441,1.0,0.0,0.0,0.0,1.0,1.0,0.2984386448,0.2900588165,0.0477848649,0.04830998182,0.4799016158,0.6153846154,0.5899054678,0.6413035298
442,1.0,0.0,0.0,0.0,1.0,1.0,0.2995868118,0.2882401897,0.04837173223,0.04863607883,0.4742015064,0.6065568922,0.5893416784,0.6467392503
443,1.0,0.0,0.0,0.0,1.0,1.0,0.2951589332,0.2842162835,0.04760450125,0.04813349247,0.4766202687,0.6055559799,0.593750132,0.6483506822
444,1.0,0.0,0.0,0.0,1.0,1.0,0.2986838184,0.2891466373,0.04848265648,0.04901540279,0.4778326398,0.6098900423,0.5911950327,0.6576083916
445,1.0,0.0,0.0,0.0,1.0,1.0,0.2958874695,0.2860042489,0.04840964079,0.04894757271,0.4753289884,0.5944453132,0.5974844147,0.6483516885
446,1.0,0.0,0.0,0.0,1.0,1.0,0.2919158778,0.2830699311,0.04736310244,0.04789835215,0.4719470965,0.5988704049,0.5886075414,0.6536315908
447,1.0,0.0,0.0,0.0,1.0,1.0,0.288379652,0.2893954424,0.04699152708,0.04913973808,0.4723825475,0.5885713488,0.5917721675,0.6338794898
448,1.0,0.0,0.0,0.0,1.0,1.0,0.2895733105,0.2919005823,0.04687231779,0.04928290844,0.4751656586,0.5885715303,0.5904763653,0.6467387492
449,1.0,0.0,0.0,0.0,1.0,1.0,0.2860246168,0.2884822275,0.04622876644,0.04861986637,0.4703947705,0.597701105,0.5867509225,0.6393443226
450,1.0,0.0,0.0,0.0,1.0,1.0,0.2983653157,0.2982708959,0.04838007689,0.0504950285,0.4730832421,0.5792347505,0.5906250737,0.633508663
451,1.0,0.0,0.0,0.0,1.0,1.0,0.2857880661,0.2913731731,0.04658794403,0.04951632023,0.4689542285,0.5942854292,0.5893416004,0.6397852051
452,1.0,0.0,0.0,0.0,1.0,1.0,0.2988530082,0.298271062,0.04846358299,0.05058217049,0.4673203263,0.5846997358,0.5843751329,0.6282717516
453,1.0,0.0,0.0,0.0,1.0,1.0,0.2944348307,0.3001469764,0.04766249657,0.05057519674,0.4648118465,0.5888883053,0.5880501665,0.6230361186
454,1.0,0.0,0.0,0.0,1.0,1.0,0.2949172483,0.3026699521,0.0482390523,0.0514549613,0.4754097913,0.5833338482,0.5930598495,0.6249995656
455,1.0,0.0,0.0,0.0,1.0,1.0,0.2843808768,0.2973024789,0.04652535915,0.05055934191,0.4720395353,0.5838148216,0.5854431156,0.6117018079
456,1.0,0.0,0.0,0.0,1.0,1.0,0.2743563691,0.291900352,0.04485195875,0.04912358522,0.4705883264,0.5833332226,0.5873014243,0.6141305601
457,1.0,0.0,0.0,0.0,1.0,1.0,0.2780767789,0.2916354412,0.04574108124,0.04977715015,0.4631751859,0.5764704043,0.5772867688,0.6054049588
458,1.0,0.0,0.0,0.0,1.0,1.0,0.2773018472,0.2912385304,0.04585498571,0.04994916916,0.4715111649,0.5773807744,0.5796178765,0.6174869452
459,1.0,0.0,0.0,0.0,1.0,1.0,0.2763356204,0.2928303681,0.04517292976,0.04977142811,0.4652317105,0.5808377624,0.5700637088,0.6086960167
460,1.0,0.0,0.0,0.0,1.0,1.0,0.2740670695,0.2934869847,0.04503631592,0.04989051819,0.4614121645,0.5928142999,0.5714283711,0.6216213633
461,1.0,0.0,0.0,0.0,1.0,1.0,0.2893121293,0.3020465341,0.04747605324,0.05152231455,0.4588816813,0.573862923,0.5759493804,0.6282720635
462,1.0,0.0,0.0,0.0,1.0,1.0,0.2810412075,0.2931053794,0.04508596659,0.04882085323,0.4625623832,0.5857985741,0.5801280595,0.6229516603
463,1.0,0.0,0.0,0.0,1.0,1.0,0.2422890198,0.26030479,0.03867071867,0.04350453615,0.4764310575,0.5972222008,0.5884246689,0.6111099694
464,1.0,0.0,0.0,0.0,1.0,1.0,0.1280424948,0.1841976617,0.01977860928,0.02966791391,0.4822063841,0.6388873821,0.5631398181,0.6111121156
465,1.0,0.0,0.0,0.0,1.0,1.0,0.144285313,0.1914184514,0.02231830359,0.03075575829,0.4929577682,0.646342929,0.576271199,0.5840704192
466,1.0,0.0,0.0,0.0,1.0,1.0,0.2128285503,0.2360244424,0.03351569176,0.03887814283,0.478705175,0.6160003557,0.5798045779,0.6206906068
467,1.0,0.0,0.0,0.0,1.0,1.0,0.253614663,0.2642755487,0.04079461098,0.04428362846,0.4641068293,0.6052628503,0.570512572,0.6242428892
468,1.0,0.0,0.0,0.0,1.0,1.0,0.2651918792,0.2737324214,0.04293388128,0.04615390301,0.4676616641,0.6062506334,0.5700634792,0.6337213657
469,1.0,0.0,0.0,0.0,1.0,1.0,0.2839044622,0.2853296876,0.04566520452,0.04805463552,0.4599504459,0.5872098259,0.5678235013,0.6298331851
470,1.0,0.0,0.0,0.0,1.0,1.0,0.277023775,0.2799069525,0.04477006197,0.04745090008,0.4705393672,0.6047899329,0.5727847945,0.6271181544
471,1.0,0.0,0.0,0.0,1.0,1.0,0.279413916,0.2855546215,0.04522490501,0.0481684804,0.4706369264,0.6035495316,0.574603178,0.6222218372
472,1.0,0.0,0.0,0.0,1.0,1.0,0.2864957642,0.2875753822,0.04618626833,0.04857522249,0.4662274636,0.6034480311,0.5754718779,0.6338800697
473,1.0,0.0,0.0,0.0,1.0,1.0,0.2862597992,0.2819740097,0.04577046633,0.04734873772,0.4666667039,0.6091957166,0.5736679197,0.6277776379
474,1.0,0.0,0.0,0.0,1.0,1.0,0.2810672017,0.2772745947,0.04497361183,0.04682546854,0.4640197554,0.6176477605,0.5705326941,0.632769052
475,1.0,0.0,0.0,0.0,1.0,1.0,0.2935194767,0.290210531,0.04743981361,0.04956001043,0.4667760977,0.6033523975,0.5714286712,0.6149728376
476,1.0,0.0,0.0,0.0,1.0,1.0,0.2853190474,0.2873396162,0.04576957226,0.04867982864,0.4686468445,0.6127172523,0.5750000968,0.6195647915
477,1.0,0.0,0.0,0.0,1.0,1.0,0.2825044601,0.2793470102,0.04496002197,0.04705119133,0.4626129258,0.6104647463,0.5714286725,0.6277774681
478,1.0,0.0,0.0,0.0,1.0,1.0,0.2890744791,0.2831239172,0.04621261358,0.04805064201,0.4626129746,0.6136364516,0.5696594145,0.6174859456
479,1.0,0.0,0.0,0.0,1.0,1.0,0.2947280304,0.2859941802,0.0467133522,0.04854017496,0.4645798559,0.6145255959,0.5815384853,0.6182799198
480,1.0,0.0,0.0,0.0,1.0,1.0,0.305634976,0.2940432882,0.04905968904,0.05063378811,0.460343362,0.6096259803,0.5731707401,0.6010366171
481,1.0,0.0,0.0,0.0,1.0,1.0,0.3010663725,0.2925195089,0.04784715176,0.05020028353,0.4617284664,0.6174860665,0.5701220063,0.6093744991
482,1.0,0.0,0.0,0.0,1.0,1.0,0.3167363048,0.3043755144,0.05071508884,0.05281722546,0.4581280385,0.6113993169,0.5696968906,0.5970155486
483,1.0,0.0,0.0,0.0,1.0,1.0,0.3147460287,0.2992247076,0.05002528429,0.05159670115,0.4624896413,0.6282716836,0.5744682028,0.6091371907
484,1.0,0.0,0.0,0.0,1.0,1.0,0.3173350752,0.306475202,0.05084967613,0.05320864916,0.4648118418,0.618555976,0.577039276,0.5960593395
485,1.0,0.0,0.0,0.0,1.0,1.0,0.311812701,0.2998326086,0.04914551973,0.05121481419,0.466338249,0.6210521209,0.5787878798,0.6060609235
486,1.0,0.0,0.0,0.0,1.0,1.0,0.3225582763,0.3046345873,0.05114006996,0.0524314642,0.4555828128,0.6161612983,0.573573429,0.6009851601
487,1.0,0.0,0.0,0.0,1.0,1.0,0.3198213916,0.3025422146,0.05065822601,0.05195057392,0.4677550226,0.6173461944,0.5843372532,0.5920402576
488,1.0,0.0,0.0,0.0,1.0,1.0,0.3230850359,0.3091365168,0.05133599043,0.05341011286,0.4661223991,0.6212115759,0.5765764678,0.5873784837
489,1.0,0.0,0.0,0.0,1.0,1.0,0.3164759836,0.2992249022,0.04995083809,0.05098611116,0.4700574844,0.6165809106,0.5775073319,0.5888321906
490,1.0,0.0,0.0,0.0,1.0,1.0,0.3148365546,0.3010553203,0.05000954866,0.05131191015,0.4667761,0.6145841403,0.5749234747,0.5837564513
491,1.0,0.0,0.0,0.0,1.0,1.0,0.320018226,0.3037819485,0.05103009939,0.05233860016,0.4351395706,0.6307696261,0.544073146,0.59000041
492,1.0,0.0,0.0,0.0,1.0,1.0,0.3270600515,0.3157746483,0.05201405287,0.05439031124,0.4119600812,0.6243652961,0.5306746959,0.5825243995
493,1.0,0.0,0.0,0.0,1.0,1.0,0.3240987689,0.3144139274,0.05196595192,0.05460381508,0.4139918623,0.6243651387,0.5288753893,0.584540989
494,1.0,0.0,0.0,0.0,1.0,1.0,0.3235185943,0.3123255826,0.0516038537,0.05397343636,0.4186622692,0.627550767,0.5304875841,0.5804870992
495,1.0,0.0,0.0,0.0,1.0,1.0,0.3168355094,0.304111622,0.0504797101,0.05259406567,0.41742747,0.6282717506,0.532110038,0.5929642717
496,1.0,0.0,0.0,0.0,1.0,1.0,0.3281749442,0.3138493335,0.05251199007,0.05463373661,0.4145936074,0.6161622238,0.5274389868,0.5825243672
497,1.0,0.0,0.0,0.0,1.0,1.0,0.3245909917,0.3098574638,0.05172532797,0.05383658409,0.4117647389,0.6224483094,0.5319149812,0.5833333333
498,1.0,0.0,0.0,0.0,1.0,1.0,0.3157873878,0.3031842643,0.05057930946,0.05269777775,0.4193548627,0.6230373094,0.5304875895,0.5879392211
499,1.0,0.0,0.0,0.0,1.0,1.0,0.3315063543,0.3170432479,0.05323559046,0.05534386635,0.412151113,0.6237620991,0.5347432096,0.5904766315
500,1.0,0.0,0.0,0.0,1.0,1.0,0.3176262545,0.299832536,0.05096811056,0.05283606052,0.4226289247,0.6335073085,0.5303029944,0.6010105568
501,1.0,0.0,0.0,0.0,1.0,1.0,0.3180802963,0.3001375747,0.05006557703,0.05191016197,0.4204355252,0.6263159837,0.5335365938,0.5989851971
502,1.0,0.0,0.0,0.0,1.0,1.0,0.3084179978,0.2937753607,0.04890429974,0.05128347874,0.4178481451,0.6216217863,0.5333333561,0.6030934665
503,1.0,0.0,0.0,0.0,1.0,1.0,0.3168353437,0.3010365536,0.05061930418,0.05300450325,0.4240664001,0.6230372411,0.542168638,0.5950006072
504,1.0,0.0,0.0,0.0,1.0,1.0,0.306226111,0.2925194643,0.04780942202,0.05043631792,0.4225589446,0.6208794565,0.5396341316,0.5937500369
505,1.0,0.0,0.0,0.0,1.0,1.0,0.3173623769,0.2995316475,0.05014288425,0.05224311352,0.4264340258,0.6230371658,0.5361444733,0.5829144295
506,1.0,0.0,0.0,0.0,1.0,1.0,0.3172032075,0.2952898853,0.05014556646,0.05173754692,0.4156171028,0.6296292774,0.5333334467,0.6051275789
507,1.0,0.0,0.0,0.0,1.0,1.0,0.3105227432,0.2909960172,0.04822158813,0.05032962561,0.4227503554,0.6284152262,0.5365852818,0.6020942904
508,1.0,0.0,0.0,0.0,1.0,1.0,0.3108997085,0.2903576046,0.04857891798,0.05016303062,0.4133558447,0.6250001534,0.5290519413,0.6000004753
509,1.0,0.0,0.0,0.0,1.0,1.0,0.3137488727,0.2964705842,0.04906886816,0.05117934942,0.4177215696,0.6236560707,0.5290519054,0.5979383845
510,1.0,0.0,0.0,0.0,1.0,1.0,0.313220114,0.2934140929,0.04933071136,0.05092203617,0.4220723841,0.6236564077,0.5351681001,0.5937506584
511,1.0,0.0,0.0,0.0,1.0,1.0,0.30505712,0.284244708,0.04813659191,0.04946631193,0.4232713906,0.6187843457,0.5382262924,0.5967740964
512,1.0,0.0,0.0,0.0,1.0,1.0,0.3015917764,0.2825172309,0.04737728834,0.04895657301,0.4182732914,0.6277780084,0.5319147765,0.5967736241
513,1.0,0.0,0.0,0.0,1.0,1.0,0.3192892884,0.3010367374,0.05079060793,0.05290687084,0.4226288567,0.6145835411,0.5391566847,0.590000338
514,1.0,0.0,0.0,0.0,1.0,1.0,0.3145621487,0.2913780097,0.04989260435,0.05094850063,0.4188176829,0.6137572142,0.5347433167,0.6062175499
515,1.0,0.0,0.0,0.0,1.0,1.0,0.3039237065,0.2859848729,0.04811996222,0.05023515224,0.4218880717,0.626373218,0.5391567103,0.621052769
516,1.0,0.0,0.0,0.0,1.0,1.0,0.2993250278,0.2796603184,0.04694533348,0.04853671789,0.4247038576,0.6101697282,0.5382263669,0.622949954
517,1.0,0.0,0.0,0.0,1.0,1.0,0.293507195,0.2767684781,0.04583019018,0.04741048813,0.4210970118,0.6149423269,0.5323075638,0.6277784203
518,1.0,0.0,0.0,0.0,1.0,1.0,0.2908696127,0.2738409141,0.04570436478,0.04703301191,0.421319717,0.6162792517,0.5356035562,0.638416998
519,1.0,0.0,0.0,0.0,1.0,1.0,0.3018447893,0.2875320041,0.04782783985,0.0496878624,0.4295300953,0.5888888335,0.5353846302,0.6256681669
520,1.0,0.0,0.0,0.0,1.0,1.0,0.2935070058,0.2808989857,0.04632532597,0.04818898439,0.4244725311,0.5977020368,0.5341613806,0.6464092361
521,1.0,0.0,0.0,0.0,1.0,1.0,0.2898885749,0.2842160668,0.04644697905,0.04914736748,0.4182125123,0.5988365751,0.5343750549,0.6373624108
522,1.0,0.0,0.0,0.0,1.0,1.0,0.2836253445,0.2844325405,0.04530870914,0.04881477356,0.4307432547,0.5773803729,0.5440253003,0.6187837006
523,1.0,0.0,0.0,0.0,1.0,1.0,0.2850698385,0.288727596,0.0453928113,0.04917556047,0.4210525478,0.5833330051,0.5333335666,0.6263743456
524,1.0,0.0,0.0,0.0,1.0,1.0,0.2853103766,0.2905725025,0.04563975334,0.049739182,0.430769268,0.5868268322,0.5399362435,0.6208787456
525,1.0,0.0,0.0,0.0,1.0,1.0,0.2872544376,0.296012944,0.04566580057,0.05025941133,0.4234692888,0.579881093,0.538216395,0.6182803159
526,1.0,0.0,0.0,0.0,1.0,1.0,0.285069793,0.2953622471,0.04556661844,0.05017757416,0.4295415902,0.5714281977,0.5431309086,0.6162168583
527,1.0,0.0,0.0,0.0,1.0,1.0,0.2891786633,0.2991960467,0.04575198889,0.05030041933,0.4280880502,0.5730994762,0.5445861499,0.6117020835
528,1.0,0.0,0.0,0.0,1.0,1.0,0.2884636401,0.2960130893,0.04621475935,0.0505644083,0.4244481543,0.5823525998,0.5382167194,0.6129029977
529,1.0,0.0,0.0,0.0,1.0,1.0,0.2979597158,0.3087448328,0.04771602154,0.05289661884,0.4293016003,0.5714291068,0.5414012495,0.6082473762
530,1.0,0.0,0.0,0.0,1.0,1.0,0.2879747611,0.3014189209,0.04619699717,0.05163192749,0.4254237376,0.5705890018,0.5428571329,0.6105259512
531,1.0,0.0,0.0,0.0,1.0,1.0,0.2855550355,0.3017484686,0.04544621706,0.05112695694,0.4183672963,0.5714285714,0.5367411286,0.6137568667
532,1.0,0.0,0.0,0.0,1.0,1.0,0.2826363698,0.2998323773,0.04508340359,0.05051505566,0.4241908093,0.5662648372,0.5354837956,0.6129023884
533,1.0,0.0,0.0,0.0,1.0,1.0,0.2913626885,0.3065379753,0.04673016071,0.05216389894,0.4186440985,0.5697676792,0.5367410193,0.6041660715
534,1.0,0.0,0.0,0.0,1.0,1.0,0.2879749815,0.3033451437,0.04625272751,0.05169421434,0.423728845,0.5705883566,0.536741318,0.6
535,1.0,0.0,0.0,0.0,1.0,1.0,0.286766799,0.3036890277,0.04572439194,0.05113559961,0.4261460394,0.5739641885,0.5305464975,0.6084649609
536,1.0,0.0,0.0,0.0,1.0,1.0,0.2855549788,0.3027157656,0.0457200408,0.05143505335,0.4336735829,0.5714283852,0.5384615654,0.6031749711
537,1.0,0.0,0.0,0.0,1.0,1.0,0.2816763339,0.3014444087,0.04483771324,0.05050992966,0.4363327992,0.5662650282,0.5387094766,0.6042781821
538,1.0,0.0,0.0,0.0,1.0,1.0,0.2853138775,0.3069023074,0.04605150223,0.05204629898,0.4307432077,0.5621304762,0.5337621991,0.6020943847
539,1.0,0.0,0.0,0.0,1.0,1.0,0.2787559746,0.298220801,0.044531703,0.05023396015,0.4268706674,0.567073742,0.5290322489,0.6054051681
540,1.0,0.0,0.0,0.0,1.0,1.0,0.273958683,0.2949965801,0.04424029589,0.04997515678,0.4314721271,0.5740748475,0.5354839323,0.6120217927
541,1.0,0.0,0.0,0.0,1.0,1.0,0.294750703,0.3059187754,0.04727047682,0.05188882351,0.4322034953,0.5632184923,0.5352561242,0.6020940785
542,1.0,0.0,0.0,0.0,1.0,1.0,0.2867669674,0.3036886261,0.04622393847,0.05169415474,0.4346350387,0.5680475662,0.5401930015,0.6084662002
543,1.0,0.0,0.0,0.0,1.0,1.0,0.2860382403,0.3011139777,0.04593330622,0.05109745264,0.422523322,0.5798817336,0.5320510501,0.6170204824
544,1.0,0.0,0.0,0.0,1.0,1.0,0.2922737955,0.300787313,0.04692852497,0.05097407103,0.4218487404,0.5689647289,0.5318472222,0.6137572015
545,1.0,0.0,0.0,0.0,1.0,1.0,0.2804558178,0.289227739,0.04478430748,0.04885560274,0.4268706144,0.5878784491,0.5369775339,0.6111111789
546,1.0,0.0,0.0,0.0,1.0,1.0,0.2980644886,0.3014189485,0.04782938957,0.05134224892,0.4170176056,0.5875699737,0.5301586913,0.6210534259
547,1.0,0.0,0.0,0.0,1.0,1.0,0.2853121864,0.2937658253,0.04556149244,0.04990071058,0.4205607145,0.5833332243,0.533546068,0.6195653342
548,1.0,0.0,0.0,0.0,1.0,1.0,0.3028611655,0.3061779424,0.04851657152,0.05202049017,0.4141414066,0.5888893121,0.5269840758,0.6165802931
549,1.0,0.0,0.0,0.0,1.0,1.0,0.2918576529,0.2979103703,0.04647541046,0.05025821924,0.4176570908,0.5872086163,0.5288461742,0.6182795635
550,1.0,0.0,0.0,0.0,1.0,1.0,0.2816762914,0.294707146,0.04495632648,0.04983109236,0.4261460178,0.5783130613,0.5320511871,0.6086956522
551,1.0,0.0,0.0,0.0,1.0,1.0,0.286276425,0.3004753506,0.04627746344,0.05090522766,0.4220725098,0.5705886217,0.5337619968,0.6096261568
552,1.0,0.0,0.0,0.0,1.0,1.0,0.2901061469,0.3033449154,0.04699677229,0.05161499977,0.4161074542,0.5722540347,0.5271565294,0.6105264009
553,1.0,0.0,0.0,0.0,1.0,1.0,0.2809882166,0.2947073364,0.04501855373,0.04960125685,0.4208754528,0.574849792,0.5384616747,0.6086958089
554,1.0,0.0,0.0,0.0,1.0,1.0,0.2721172236,0.2917723922,0.04398959875,0.04914879799,0.4168068076,0.5802474991,0.5354839714,0.6022096097
555,1.0,0.0,0.0,0.0,1.0,1.0,0.2747201065,0.2943338904,0.04437375069,0.04954612255,0.4249578723,0.5705510512,0.5372167299,0.6043950888
556,1.0,0.0,0.0,0.0,1.0,1.0,0.2761168639,0.2949965947,0.04461115599,0.05008494854,0.4288134913,0.5705517128,0.5387096887,0.6010929612
557,1.0,0.0,0.0,0.0,1.0,1.0,0.2681015687,0.2869365469,0.04300332069,0.04844677448,0.4295415208,0.5759484723,0.5387096854,0.6011230287
558,1.0,0.0,0.0,0.0,1.0,1.0,0.2780910184,0.2940480272,0.04498320818,0.04989045858,0.4232715739,0.5757572947,0.5369773677,0.6065568091
559,1.0,0.0,0.0,0.0,1.0,1.0,0.2802489205,0.3004754348,0.04496324062,0.05065137148,0.4222973202,0.5722892844,0.5369775556,0.5882354326
560,1.0,0.0,0.0,0.0,1.0,1.0,0.2693410136,0.2860138658,0.0432356596,0.04840219021,0.4271187183,0.5786159967,0.5337621847,0.6067416699
561,1.0,0.0,0.0,0.0,1.0,1.0,0.2773409067,0.2924415495,0.04410934448,0.04895067215,0.4314721659,0.5792681938,0.5369775172,0.5989009517
562,1.0,0.0,0.0,0.0,1.0,1.0,0.2708926532,0.2866987283,0.04381030798,0.04870831966,0.4225589454,0.5900614273,0.5352564462,0.6089379459
563,1.0,0.0,0.0,0.0,1.0,1.0,0.2675275661,0.2869364956,0.04285949469,0.04798102379,0.4208753301,0.5911943738,0.5354838802,0.6067407216
564,1.0,0.0,0.0,0.0,1.0,1.0,0.2774371112,0.2873796208,0.04472512007,0.04849714041,0.4163879541,0.6084335182,0.5271564412,0.6222219218
565,1.0,0.0,0.0,0.0,1.0,1.0,0.2838852047,0.2912385421,0.04555469751,0.04903823137,0.4152047837,0.6000005234,0.5254779077,0.6174857942
566,1.0,0.0,0.0,0.0,1.0,1.0,0.2803108518,0.2864643132,0.04506921768,0.04828846455,0.4207011256,0.5952381582,0.5286623078,0.6277782029
567,1.0,0.0,0.0,0.0,1.0,1.0,0.2893556479,0.2944215959,0.04658585787,0.04953098297,0.4193011869,0.5919540009,0.5286622714,0.627027697
568,1.0,0.0,0.0,0.0,1.0,1.0,0.2774370127,0.2864639981,0.04495346546,0.0487446785,0.4230768771,0.5963863409,0.5286623378,0.6277781854
569,1.0,0.0,0.0,0.0,1.0,1.0,0.2759966178,0.2834956814,0.04418420792,0.04739761353,0.4192468778,0.5999989208,0.5224359808,0.6214688129
570,1.0,0.0,0.0,0.0,1.0,1.0,0.2865121506,0.2931055442,0.04592674971,0.04914969206,0.4165966831,0.5964909548,0.5256410256,0.6229506606
571,1.0,0.0,0.0,0.0,1.0,1.0,0.2860302503,0.2903139584,0.04642677307,0.04939585924,0.4193010709,0.5988378662,0.5333330764,0.6284147335
572,1.0,0.0,0.0,0.0,1.0,1.0,0.281532848,0.2871412127,0.0454685092,0.04841059446,0.4200497513,0.5882346772,0.5269840866,0.6298339684
573,1.0,0.0,0.0,0.0,1.0,1.0,0.2883963218,0.2912386175,0.04708945751,0.04952508211,0.4096185647,0.5919547359,0.5191083796,0.6284154518
574,1.0,0.0,0.0,0.0,1.0,1.0,0.2874427895,0.2934870682,0.04690569639,0.04987102747,0.4132230945,0.5977022595,0.5206350175,0.6162159061
575,1.0,0.0,0.0,0.0,1.0,1.0,0.2926406481,0.2919002365,0.04747521877,0.04935270548,0.411083576,0.5932201049,0.5206348188,0.6304352289
576,1.0,0.0,0.0,0.0,1.0,1.0,0.2867456833,0.2915038831,0.04612797499,0.04880982637,0.4161801806,0.5988365407,0.5256412766,0.6318676555
577,1.0,0.0,0.0,0.0,1.0,1.0,0.2827041906,0.2931056321,0.04599988461,0.04951751232,0.4159732538,0.594117266,0.5224359528,0.6284152216
578,1.0,0.0,0.0,0.0,1.0,1.0,0.2703884933,0.2809931364,0.04410755634,0.04762530327,0.4190872385,0.607361872,0.5303515984,0.636363295
579,1.0,0.0,0.0,0.0,1.0,1.0,0.2860268593,0.2944216233,0.04696494341,0.05022269487,0.412737806,0.5895949062,0.5286623581,0.621622199
580,1.0,0.0,0.0,0.0,1.0,1.0,0.2751364265,0.2848729113,0.04458248615,0.04807394743,0.4228855557,0.6024105245,0.5318470415,0.6312849716
581,1.0,0.0,0.0,0.0,1.0,1.0,0.279108356,0.289227788,0.04524713755,0.04876941442,0.4163879245,0.598801772,0.5305465181,0.6277775401
582,1.0,0.0,0.0,0.0,1.0,1.0,0.2783680679,0.2860140685,0.04460859299,0.04783332348,0.4177853126,0.5963859285,0.5305464565,0.6292133431
583,1.0,0.0,0.0,0.0,1.0,1.0,0.2712889859,0.2793964852,0.04357784986,0.04678601027,0.4104912211,0.6073627268,0.5239618012,0.6285711374
584,1.0,0.0,0.0,0.0,1.0,1.0,0.2746810536,0.2823821347,0.04430431128,0.04750704765,0.4155628934,0.6084342455,0.5301586087,0.640449114
585,1.0,0.0,0.0,0.0,1.0,1.0,0.2872150995,0.2869060341,0.04630148411,0.04871022701,0.4086378977,0.6069373463,0.5236592805,0.6428571429
586,1.0,0.0,0.0,0.0,1.0,1.0,0.280573898,0.2783255328,0.04549515247,0.04737961292,0.4169435453,0.6035501951,0.5316454721,0.6363634076
587,1.0,0.0,0.0,0.0,1.0,1.0,0.2850813327,0.286905913,0.04643183947,0.04913133383,0.4195688778,0.5930228229,0.5331229625,0.6373617441
588,1.0,0.0,0.0,0.0,1.0,1.0,0.2838846933,0.2832812845,0.04612255096,0.0482930541,0.4218880797,0.5941176623,0.531847087,0.6292131919
589,1.0,0.0,0.0,0.0,1.0,1.0,0.2907771178,0.2893954545,0.04747599363,0.04964631796,0.4131337517,0.6,0.5221519845,0.6393441442
590,1.0,0.0,0.0,0.0,1.0,1.0,0.2824868987,0.2839684358,0.04616779089,0.0483276844,0.4115703299,0.5964919755,0.526984048,0.6312857361
591,1.0,0.0,0.0,0.0,1.0,1.0,0.2860271537,0.2889759533,0.04646152258,0.0486100316,0.4077750532,0.5895958281,0.514377204,0.629833448
592,1.0,0.0,0.0,0.0,1.0,1.0,0.2853193221,0.2896469263,0.04632121325,0.04873090982,0.4059405959,0.5838142628,0.5191083525,0.626374043
593,1.0,0.0,0.0,0.0,1.0,1.0,0.2872056655,0.2896471867,0.0467543602,0.04890394211,0.4137076879,0.5919534222,0.5222928272,0.6318679979
594,1.0,0.0,0.0,0.0,1.0,1.0,0.2808348003,0.2857829077,0.04556679726,0.04797917604,0.4115702686,0.5882359866,0.5239614254,0.6256980187
595,1.0,0.0,0.0,0.0,1.0,1.0,0.2843738892,0.2871414328,0.04619497061,0.04861217737,0.4110835562,0.6046517329,0.5238095406,0.6353587705
596,1.0,0.0,0.0,0.0,1.0,1.0,0.2862640941,0.2878140368,0.04663944244,0.04906576872,0.40728483,0.5953762396,0.5221519264,0.6373630779
597,1.0,0.0,0.0,0.0,1.0,1.0,0.2758225551,0.2841865087,0.04427492619,0.0474755764,0.418121387,0.6084341891,0.5303512781,0.6404493112
598,1.0,0.0,0.0,0.0,1.0,1.0,0.2775311337,0.283069882,0.04494547844,0.04788833857,0.4148760309,0.5952377795,0.5316456945,0.6312847493
599,1.0,0.0,0.0,0.0,1.0,1.0,0.2810672774,0.2807956357,0.04537761211,0.04724609852,0.4160463753,0.6,0.5269843069,0.6384178296
600,1.0,0.0,0.0,0.0,1.0,1.0,0.2869604608,0.2875752627,0.04647105932,0.04859542847,0.4044299249,0.5942859342,0.5125785254,0.6338802104
601,1.0,0.0,0.0,0.0,1.0,1.0,0.2860243951,0.2844322803,0.04599475861,0.0478451252,0.4078946527,0.5804598893,0.5251573185,0.629834261
602,1.0,0.0,0.0,0.0,1.0,1.0,0.2664073772,0.270418797,0.04303193092,0.04570478201,0.4304636214,0.6086963748,0.5411394704,0.6432741827
603,1.0,0.0,0.0,0.0,1.0,1.0,0.2794491215,0.2748465381,0.04475802183,0.04633772373,0.4588815337,0.5941178429,0.5687501701,0.636364221
604,1.0,0.0,0.0,0.0,1.0,1.0,0.2770733127,0.2732848854,0.04391384125,0.04574352503,0.4587459453,0.5952382891,0.5750000534,0.6400008339
605,1.0,0.0,0.0,0.0,1.0,1.0,0.2757080798,0.2732847066,0.04414463043,0.04598397017,0.4630541368,0.6011903476,0.5687500642,0.6399998445
606,1.0,0.0,0.0,0.0,1.0,1.0,0.278263124,0.2786603836,0.04426932335,0.04688876867,0.4645798194,0.597632204,0.579439302,0.6424580793
607,1.0,0.0,0.0,0.0,1.0,1.0,0.2857881203,0.2840028985,0.04572981596,0.04782032967,0.460784216,0.5885711902,0.5776396196,0.6393432815
608,1.0,0.0,0.0,0.0,1.0,1.0,0.2846200831,0.2848874831,0.04553568363,0.04789096117,0.4615385189,0.5919535265,0.5825546718,0.64480875
609,1.0,0.0,0.0,0.0,1.0,1.0,0.2878915804,0.2864442607,0.04648607969,0.04859906435,0.4664483721,0.6079545382,0.5825545051,0.6521744463
610,1.0,0.0,0.0,0.0,1.0,1.0,0.2871957276,0.2864444961,0.04614031315,0.04851329327,0.4663381929,0.5942855371,0.5794395188,0.6467383692
611,1.0,0.0,0.0,0.0,1.0,1.0,0.292119567,0.2880011599,0.04681861401,0.04865974188,0.4614121025,0.5842701207,0.5763240557,0.6432436074
612,1.0,0.0,0.0,0.0,1.0,1.0,0.2975313834,0.2895578648,0.04774641991,0.04906535149,0.4671053701,0.5801109042,0.5825544886,0.6397847372
613,1.0,0.0,0.0,0.0,1.0,1.0,0.288837161,0.282451028,0.04640978575,0.04799193144,0.4712643699,0.5909093828,0.583851021,0.6373615046
614,1.0,0.0,0.0,0.0,1.0,1.0,0.2897888026,0.2864444844,0.04608845711,0.04818338156,0.4662272815,0.5909088558,0.5794393451,0.641304926
615,1.0,0.0,0.0,0.0,1.0,1.0,0.2965560012,0.2871065726,0.04746967554,0.04851865768,0.4655736966,0.5911598186,0.5776396968,0.643243064
616,1.0,0.0,0.0,0.0,1.0,1.0,0.2999955793,0.2908590941,0.04823452234,0.04928308725,0.4632953597,0.5815214503,0.5789472573,0.6542554542
617,1.0,0.0,0.0,0.0,1.0,1.0,0.2932787485,0.2855547475,0.04705965519,0.04837417603,0.4672131833,0.5921788912,0.5807452225,0.6521740202
618,1.0,0.0,0.0,0.0,1.0,1.0,0.2946758801,0.2886586497,0.04741156101,0.04899191856,0.4643735363,0.5944452965,0.5776396905,0.6612900086
619,1.0,0.0,0.0,0.0,1.0,1.0,0.3018724415,0.2995224457,0.04868471622,0.05079001188,0.4628571376,0.5837836713,0.5745341156,0.652849674
620,1.0,0.0,0.0,0.0,1.0,1.0,0.3058846236,0.297047656,0.04926270247,0.05057990551,0.4517185102,0.5828883799,0.5727553052,0.656249779
621,1.0,0.0,0.0,0.0,1.0,1.0,0.2986839005,0.2908593208,0.04789084196,0.04946964979,0.4614121199,0.5879112605,0.5789472946,0.6542556716
622,1.0,0.0,0.0,0.0,1.0,1.0,0.3011345091,0.293046401,0.048640728,0.04995542765,0.4543973968,0.5891899576,0.5679012,0.6578945798
623,1.0,0.0,0.0,0.0,1.0,1.0,0.3095256363,0.298912949,0.0499560833,0.05127072334,0.4637327387,0.589473634,0.579754484,0.6461542933
624,1.0,0.0,0.0,0.0,1.0,1.0,0.2948635308,0.2890694112,0.04684180021,0.04865342379,0.4604726221,0.5856351201,0.5876923219,0.6542549086
625,1.0,0.0,0.0,0.0,1.0,1.0,0.3004858676,0.2897154963,0.04820156097,0.04951137304,0.4575163083,0.5869568981,0.5736196833,0.6507934024
626,1.0,0.0,0.0,0.0,1.0,1.0,0.2944347483,0.2884191741,0.04727035761,0.04910862446,0.4599018681,0.5888886787,0.5771604063,0.6524069493
627,1.0,0.0,0.0,0.0,1.0,1.0,0.2990972639,0.2906069528,0.047775805,0.04934221506,0.461978672,0.584699549,0.5723077982,0.650793344
628,1.0,0.0,0.0,0.0,1.0,1.0,0.2986085985,0.2906068784,0.04788911343,0.04945927858,0.4693877741,0.5847001541,0.5784613951,0.6455026519
629,1.0,0.0,0.0,0.0,1.0,1.0,0.2911632625,0.2837922126,0.04664599895,0.04821830988,0.4697217125,0.5898874251,0.580246814,0.6467392446
630,1.0,0.0,0.0,0.0,1.0,1.0,0.3043904061,0.2918858509,0.04889428616,0.04994010925,0.4625407792,0.5828881764,0.5749237413,0.643979395
631,1.0,0.0,0.0,0.0,1.0,1.0,0.2971532602,0.2864254062,0.04762285948,0.04892402887,0.4687245412,0.5956289214,0.5823172636,0.6489353796
632,1.0,0.0,0.0,0.0,1.0,1.0,0.3008897483,0.2918858451,0.04806828499,0.04962724447,0.4694873013,0.5945945946,0.5810397093,0.6439796927
633,1.0,0.0,0.0,0.0,1.0,1.0,0.303155935,0.2907469075,0.04891705513,0.05022501945,0.4647201012,0.59358322,0.578787976,0.6510414936
634,1.0,0.0,0.0,0.0,1.0,1.0,0.3145942323,0.3010366306,0.05044358969,0.05173701048,0.465697994,0.5846156755,0.5843374789,0.6400000922
635,1.0,0.0,0.0,0.0,1.0,1.0,0.3110097067,0.2974171541,0.04987633228,0.0511751771,0.4651539627,0.5833331342,0.5770393764,0.6446701927
636,1.0,0.0,0.0,0.0,1.0,1.0,0.3118708277,0.2998323093,0.05022710562,0.05152833462,0.4599839433,0.5854918468,0.5787880837,0.6464646698
637,1.0,0.0,0.0,0.0,1.0,1.0,0.3080192361,0.2937753268,0.04936647415,0.05040580034,0.4647201064,0.5842107042,0.5787877893,0.6391744288
638,1.0,0.0,0.0,0.0,1.0,1.0,0.3022700715,0.289472557,0.04850208759,0.04954516888,0.4536585375,0.5860211618,0.5670730582,0.6578949268
639,1.0,0.0,0.0,0.0,1.0,1.0,0.3025160996,0.2946684294,0.04861718416,0.05070829391,0.4678601609,0.5860216438,0.5805471398,0.6391746518
640,1.0,0.0,0.0,0.0,1.0,1.0,0.3081473575,0.2949423054,0.04938524961,0.05043047667,0.46492661,0.5873016256,0.5779817537,0.6424866118
641,1.0,0.0,0.0,0.0,1.0,1.0,0.3037518058,0.289472385,0.04858326912,0.04962807894,0.4689542,0.5913982716,0.5823171113,0.647368971
642,1.0,0.0,0.0,0.0,1.0,1.0,0.3016262876,0.2909960714,0.04813879728,0.04970002174,0.4681893478,0.5945940926,0.5823170508,0.6439781346
643,1.0,0.0,0.0,0.0,1.0,1.0,0.2768945162,0.2674347488,0.04419773817,0.04576689005,0.472131168,0.5917156093,0.5840977816,0.6457144122
644,1.0,0.0,0.0,0.0,1.0,1.0,0.1617392492,0.1802271917,0.02446085215,0.02924662828,0.4810904674,0.6630432399,0.5639344335,0.6181805954
645,1.0,0.0,0.0,0.0,1.0,1.0,0.1163371064,0.1535090155,0.01770114899,0.02521073818,0.4832452214,0.7121215182,0.5620914036,0.6276603793
646,1.0,0.0,0.0,0.0,1.0,1.0,0.1530911589,0.1698081136,0.02350467443,0.02804535627,0.483028747,0.6590911973,0.5695793079,0.6285707606
647,1.0,0.0,0.0,0.0,1.0,1.0,0.1961678,0.2096621273,0.03030359745,0.03474467993,0.4788494352,0.637931984,0.5835963166,0.6315800308
648,1.0,0.0,0.0,0.0,1.0,1.0,0.2312206503,0.2318456801,0.03642636538,0.03906595707,0.4735960257,0.6304339645,0.5768023437,0.6486486486
649,1.0,0.0,0.0,0.0,1.0,1.0,0.2592691078,0.2475251215,0.04089909792,0.04195457697,0.4677823637,0.6258071944,0.5732089638,0.6540878359
650,1.0,0.0,0.0,0.0,1.0,1.0,0.2684072737,0.2560683557,0.04246777296,0.04352289438,0.467889891,0.6273286259,0.5745342454,0.6484847157
651,1.0,0.0,0.0,0.0,1.0,1.0,0.2750758307,0.2614640376,0.04301208258,0.04405480623,0.4578815471,0.6242428526,0.5696594077,0.6390530863
652,1.0,0.0,0.0,0.0,1.0,1.0,0.2808347701,0.2683687377,0.04484635592,0.04590159655,0.4628099135,0.6235298652,0.5709876382,0.6379306091
653,1.0,0.0,0.0,0.0,1.0,1.0,0.2869521566,0.2820510834,0.04566425085,0.047739923,0.4600326217,0.6306827007,0.5705521235,0.6086962493
654,1.0,0.0,0.0,0.0,1.0,1.0,0.2899514802,0.2833785865,0.04676198959,0.0485907197,0.455429582,0.6368719855,0.5670731517,0.6182795501
655,1.0,0.0,0.0,0.0,1.0,1.0,0.302910235,0.2879488544,0.04912602901,0.04965144396,0.4602916317,0.6310158481,0.5701218838,0.6137563279
656,1.0,0.0,0.0,0.0,1.0,1.0,0.3044230559,0.2909958481,0.04926663637,0.04978793859,0.4585011412,0.6190474462,0.5701219788,0.5968588644
657,1.0,0.0,0.0,0.0,1.0,1.0,0.3048057679,0.2922610732,0.04921412468,0.04999119043,0.4542535336,0.6210535367,0.5727273456,0.6010363497
658,1.0,0.0,0.0,0.0,1.0,1.0,0.307149383,0.2931496363,0.04947012663,0.0499882102,0.4561545126,0.6178011039,0.5714286214,0.5958543539
659,1.0,0.0,0.0,0.0,1.0,1.0,0.3054294853,0.2846895175,0.04967087507,0.04889070988,0.4543999323,0.6230369633,0.5727272822,0.6010630905
660,1.0,0.0,0.0,0.0,1.0,1.0,0.3061642404,0.2809977882,0.04955917597,0.04800230265,0.477145203,0.6178011101,0.5896656652,0.6
661,1.0,0.0,0.0,0.0,1.0,1.0,0.3107576634,0.2827167297,0.05048978329,0.04864901304,0.5093116911,0.6145833087,0.6207949439,0.6108111419
662,1.0,0.0,0.0,0.0,1.0,1.0,0.3157820165,0.290357632,0.05114465952,0.0493273139,0.4995990461,0.6040602985,0.6177369805,0.6
663,1.0,0.0,0.0,0.0,1.0,1.0,0.3143406078,0.2851167174,0.05068576336,0.04834640026,0.5032256872,0.6051276744,0.6257668647,0.6021503653
664,1.0,0.0,0.0,0.0,1.0,1.0,0.3180774598,0.2897153769,0.05106812716,0.04899430275,0.4991923055,0.6091369907,0.6165642074,0.6084650871
665,1.0,0.0,0.0,0.0,1.0,1.0,0.3200143729,0.2934140913,0.05181002617,0.04998755455,0.5028157744,0.6080406982,0.6177369121,0.5989588053
666,1.0,0.0,0.0,0.0,1.0,1.0,0.3203340305,0.2970903522,0.05218309164,0.05087852478,0.5096152861,0.6050004169,0.625,0.594871134
667,1.0,0.0,0.0,0.0,1.0,1.0,0.3220874171,0.2936819395,0.05177634954,0.04969483614,0.506072906,0.6080401721,0.6215384344,0.6020946553
668,1.0,0.0,0.0,0.0,1.0,1.0,0.3245358569,0.2958472983,0.05188459158,0.04981958866,0.5040387141,0.60696582,0.6226996047,0.6010356123
669,1.0,0.0,0.0,0.0,1.0,1.0,0.3304733946,0.3047079692,0.05411314964,0.05253708363,0.5104334936,0.6019421326,0.6189026066,0.5949994668
670,1.0,0.0,0.0,0.0,1.0,1.0,0.3277911495,0.3010549515,0.05325233936,0.05142503977,0.5128618235,0.6078432909,0.6269111901,0.5939086824
671,1.0,0.0,0.0,0.0,1.0,1.0,0.3296630816,0.3025833726,0.05404120684,0.05219590664,0.506033872,0.6000004412,0.6207951736,0.5959595844
672,1.0,0.0,0.0,0.0,1.0,1.0,0.3323445513,0.3096429435,0.05449420214,0.05317789316,0.5164658522,0.6086959851,0.625766622,0.5940592506
673,1.0,0.0,0.0,0.0,1.0,1.0,0.3328779094,0.3025834486,0.0537134409,0.05162751675,0.5198059534,0.6116502915,0.6299694435,0.6060605011
674,1.0,0.0,0.0,0.0,1.0,1.0,0.3320727169,0.3001372331,0.05433499813,0.05196112394,0.5129032484,0.6116499742,0.6249998279,0.5888320564
675,1.0,0.0,0.0,0.0,1.0,1.0,0.3417864783,0.3108021296,0.05574566126,0.05389630795,0.5186386895,0.6208539471,0.6310974677,0.5980392157
676,1.0,0.0,0.0,0.0,1.0,1.0,0.3433074555,0.3134616653,0.0562093854,0.05437082052,0.5152486875,0.621495233,0.6303029907,0.5990335357
677,1.0,0.0,0.0,0.0,1.0,1.0,0.3499246602,0.3206043332,0.05747908354,0.05590432882,0.5171862739,0.6210046467,0.6295179034,0.5868545152
678,1.0,0.0,0.0,0.0,1.0,1.0,0.3467285746,0.3196413408,0.05712252855,0.0560696125,0.5139887505,0.6221199407,0.6276277531,0.5868541457
679,1.0,0.0,0.0,0.0,1.0,1.0,0.3405739402,0.3121381053,0.05611902475,0.05454564095,0.5095540796,0.6261687206,0.6276277444,0.5961541824
680,1.0,0.0,0.0,0.0,1.0,1.0,0.3435329898,0.3106375602,0.05635249615,0.05425572395,0.5123900727,0.6186042871,0.6276277209,0.5942027553
681,1.0,0.0,0.0,0.0,1.0,1.0,0.3400658044,0.3061354507,0.05604231358,0.05367434025,0.5111821254,0.6150234942,0.627627546,0.6029410132
682,1.0,0.0,0.0,0.0,1.0,1.0,0.3464518664,0.315139207,0.05686730146,0.05503284931,0.5175719265,0.6175112019,0.6276273888,0.5857144714
683,1.0,0.0,0.0,0.0,1.0,1.0,0.3417029435,0.3100678735,0.05620777607,0.05436062813,0.5232745521,0.6197187729,0.6325300304,0.6019418434
684,1.0,0.0,0.0,0.0,1.0,1.0,0.3460225173,0.3164897813,0.05620551109,0.05463695526,0.5169081328,0.6139535426,0.6272726676,0.5980858686
685,1.0,0.0,0.0,0.0,1.0,1.0,0.3342133928,0.3058897518,0.05462157726,0.0527921319,0.5136001059,0.6124402279,0.6242422735,0.5990098283
686,1.0,0.0,0.0,0.0,1.0,1.0,0.328319066,0.3001372538,0.05365085602,0.05180990696,0.5104669685,0.6176475816,0.6219512827,0.6040615444
687,1.0,0.0,0.0,0.0,1.0,1.0,0.325436773,0.303184247,0.0531308651,0.05182862282,0.5115723008,0.6029405826,0.6310977066,0.5979897417
688,1.0,0.0,0.0,0.0,1.0,1.0,0.324577875,0.3013702463,0.05293893814,0.0513664484,0.504823117,0.6188119815,0.6276922421,0.6071426085
689,1.0,0.0,0.0,0.0,1.0,1.0,0.3267403167,0.3041781514,0.05299651623,0.05091828108,0.498397459,0.6029406141,0.6211181783,0.596938662
690,1.0,0.0,0.0,0.0,1.0,1.0,0.3138343664,0.301093796,0.05135089159,0.05029755831,0.5008050993,0.6102562317,0.6182964185,0.5916231856
691,1.0,0.0,0.0,0.0,1.0,1.0,0.3046688066,0.3001516445,0.05022871494,0.04996287823,0.4951612878,0.613756055,0.6102233848,0.6010643755
692,1.0,0.0,0.0,0.0,1.0,1.0,0.3025251363,0.295721111,0.04999673367,0.04894971848,0.4976226989,0.6125647647,0.6139241418,0.5989296673
693,1.0,0.0,0.0,0.0,1.0,1.0,0.3001517879,0.3020820047,0.04968881607,0.04968881607,0.499999955,0.617021736,0.6173631565,0.6063828511
694,1.0,0.0,0.0,0.0,1.0,1.0,0.2871588556,0.2946236004,0.04841047525,0.04895138741,0.4879615072,0.6256985716,0.5993486674,0.6132602269
695,1.0,0.0,0.0,0.0,1.0,1.0,0.2875976001,0.2972195313,0.04879516363,0.04906475544,0.4928456915,0.6243093788,0.6013072792,0.6153844285
696,1.0,0.0,0.0,0.0,1.0,1.0,0.2885151739,0.304747706,0.04874110222,0.05008751154,0.4896332611,0.6353584269,0.5967213281,0.6129028035
697,1.0,0.0,0.0,0.0,1.0,1.0,0.2937655976,0.3175485998,0.04976087809,0.05138355494,0.4840256298,0.6195659335,0.5919731838,0.5947373366
698,1.0,0.0,0.0,0.0,1.0,1.0,0.280993429,0.3032206993,0.04781532288,0.04863035679,0.4840256198,0.6306818182,0.589830603,0.6089385475
699,1.0,0.0,0.0,0.0,1.0,1.0,0.2347791006,0.244581841,0.03882366419,0.03747564554,0.4926590643,0.6250005757,0.5880281375,0.6402883877
700,1.0,0.0,0.0,0.0,1.0,1.0,0.1929617204,0.1995290605,0.03199547529,0.03035467863,0.5478548086,0.581195801,0.6294964043,0.6486499223
701,1.0,0.0,0.0,0.0,1.0,1.0,0.1841077741,0.1896751137,0.03021174669,0.02805376053,0.6151316497,0.5625003699,0.6824816577,0.6826929614
702,1.0,0.0,0.0,0.0,1.0,1.0,0.2164396081,0.2291136799,0.03654617071,0.03412765265,0.6417197888,0.5514700486,0.7148014527,0.6456694151
703,1.0,0.0,0.0,0.0,1.0,1.0,0.2279157436,0.2606458727,0.03868329525,0.03789919615,0.6363637002,0.5608106651,0.708632952,0.6344836697
704,1.0,0.7853981853,0.0,0.0,1.0,1.0,0.2363438318,0.2879434874,0.04059004784,0.04112070799,0.6151468525,0.5751628516,0.6877322955,0.6387095933
705,1.0,0.7853981853,0.0,0.0,1.0,1.0,0.2402356617,0.3051731126,0.04156816006,0.04263401031,0.6040061668,0.5769230769,0.679389466,0.643749301
706,1.0,0.7853981853,0.0,0.0,1.0,1.0,0.2576201677,0.3318461984,0.04528307915,0.04637426138,0.6180124284,0.5903604467,0.68749992,0.6352947376
707,1.0,0.7853981853,0.0,0.0,1.0,1.0,0.2587701549,0.3318303426,0.0453350544,0.04560649395,0.6,0.5868266465,0.6758891635,0.6309521009
708,1.0,0.7853981853,0.0,0.0,1.0,1.0,0.2712991922,0.3438077666,0.04750567675,0.0469596386,0.6053042382,0.5919539581,0.6759998045,0.6395350903
709,1.0,0.7853981853,0.0,0.0,1.0,1.0,0.2755473816,0.3506104508,0.0494466424,0.04860848188,0.6012462089,0.5875705329,0.681451651,0.6436779213
710,1.0,0.7853981853,0.0,0.0,1.0,1.0,0.2829190409,0.3603564989,0.05027991533,0.04946011305,0.6076922619,0.5978268214,0.6852589624,0.6464088464
711,1.0,0.7853981853,0.0,0.0,1.0,1.0,0.2929661221,0.3668586496,0.05212169886,0.05022144318,0.60610686,0.5885412319,0.6904762941,0.6432428647
712,1.0,0.7853981853,0.0,0.0,1.0,1.0,0.2943142597,0.3752923254,0.0521197319,0.05076241493,0.6088957275,0.5885417143,0.6907631991,0.6363643836
713,1.0,0.7853981853,0.0,0.0,1.0,1.0,0.2768623822,0.35923735,0.04856580496,0.04776525497,0.6088279385,0.593406472,0.6947790607,0.6480443442
714,1.0,0.7853981853,0.0,0.0,1.0,1.0,0.2833784157,0.3612440872,0.05006587505,0.0484508276,0.614329306,0.5913977471,0.6987951272,0.6444449912
715,1.0,0.7853981853,0.0,0.0,1.0,1.0,0.2800887479,0.3632507658,0.0490860939,0.04854959249,0.6110260746,0.5901645117,0.6907627656,0.65193419
716,1.0,0.7853981853,0.0,0.0,1.0,1.0,0.2914404935,0.3683205554,0.05086404085,0.04926621914,0.6030535172,0.5916234354,0.6892431504,0.6378380013
717,1.0,0.7853981853,0.0,0.0,1.0,1.0,0.2908025475,0.3683205337,0.0519798398,0.05061197281,0.6110260789,0.6052630674,0.6892428879,0.6486489669
718,1.0,0.7853981853,0.0,0.0,1.0,1.0,0.2864257083,0.366329222,0.05102193356,0.04993629456,0.6128050132,0.595744656,0.6892429007,0.6358690463
719,1.0,0.7853981853,0.0,0.0,1.0,1.0,0.2903579333,0.3677944491,0.05079418421,0.04919010401,0.6146788366,0.6,0.6880000071,0.6467399273
720,1.0,0.7853981853,0.0,0.0,1.0,1.0,0.2892717689,0.3683205381,0.05127394199,0.05018883944,0.6079631333,0.5978826691,0.681275045,0.6432426912
721,1.0,0.7853981853,0.0,0.0,1.0,1.0,0.2961871184,0.3668586425,0.05206161737,0.04939180613,0.6124620504,0.6000006869,0.6984125579,0.6378368855
722,1.0,0.7853981853,0.0,0.0,1.0,1.0,0.2915667621,0.3684216078,0.05156266689,0.04996788502,0.6135337806,0.5927835409,0.6941174506,0.6436166533
723,1.0,0.7853981853,0.0,0.0,1.0,1.0,0.2827467758,0.3625425569,0.04963886738,0.04910796881,0.6127079568,0.5989298777,0.6941176574,0.6486494031
724,1.0,0.7853981853,0.0,0.0,1.0,1.0,0.2731297174,0.3476318762,0.0482724309,0.04746341705,0.6167939245,0.603352114,0.6956522878,0.6477275011
725,1.0,0.7853981853,0.0,0.0,1.0,1.0,0.2866499627,0.3620027218,0.05030560493,0.04949855804,0.6180981948,0.5989303165,0.6929135437,0.6358700364
726,1.0,0.7853981853,0.0,0.0,1.0,1.0,0.272853542,0.3515820806,0.04790145159,0.04790145159,0.6088957086,0.5955057718,0.6837942987,0.6404492984
727,1.0,0.7853981853,0.0,0.0,1.0,1.0,0.2727158776,0.3501982267,0.04756093025,0.04810142517,0.6155039014,0.6022721007,0.6929134815,0.6348313771
728,1.0,0.7853981853,0.0,0.0,1.0,1.0,0.2693748071,0.3480544768,0.0476654768,0.04847794771,0.6125573325,0.5852275996,0.6887158584,0.6256982141
729,1.0,0.7853981853,0.0,0.0,1.0,1.0,0.2579701214,0.3383939476,0.04507398605,0.04642355442,0.6089643573,0.5988024586,0.6889766431,0.6395350629
730,1.0,0.7853981853,0.0,0.0,1.0,1.0,0.26518929,0.3513660411,0.04655152559,0.04843509197,0.6012269595,0.5895954571,0.6796872061,0.6222215932
731,1.0,0.7853981853,0.0,0.0,1.0,1.0,0.2637417116,0.3396541619,0.04623305798,0.04704415798,0.6095679994,0.5964917709,0.6874998386,0.6321841702
732,1.0,0.7853981853,0.0,0.0,1.0,1.0,0.2648751899,0.3422214142,0.04605412483,0.04712516069,0.608628618,0.5988364869,0.6848250324,0.6363642113
733,1.0,0.7853981853,0.0,0.0,1.0,1.0,0.2648751594,0.3468655286,0.04628187418,0.04762732983,0.6101694424,0.5988362883,0.6901962197,0.6327682485
734,1.0,0.7853981853,0.0,0.0,1.0,1.0,0.267543014,0.3494143745,0.04709964991,0.04845309258,0.609230764,0.5977010912,0.6875000806,0.6312854591
735,1.0,0.7853981853,0.0,0.0,1.0,1.0,0.2571752515,0.3357495745,0.04548072815,0.04684239626,0.6178736193,0.5928142692,0.6953126602,0.627907391
736,1.0,0.7853981853,0.0,0.0,1.0,1.0,0.2575721644,0.3351070509,0.04489600658,0.04597139359,0.60802477,0.5988024906,0.6862744502,0.6374262258
737,1.0,0.7853981853,0.0,0.0,1.0,1.0,0.2679550517,0.3468649526,0.04674690962,0.04755288363,0.6147919998,0.5862067647,0.6941177238,0.6214689053
738,1.0,0.7853981853,0.0,0.0,1.0,1.0,0.2621994244,0.3449052185,0.04582071304,0.04743784666,0.6080247464,0.5999994797,0.6901961328,0.6306819538
739,1.0,0.7853981853,0.0,0.0,1.0,1.0,0.26713185,0.3513661922,0.04689693451,0.04851406813,0.6113671257,0.5977008134,0.6914061235,0.6277780303
740,1.0,0.7853981853,0.0,0.0,1.0,1.0,0.2671318656,0.3507844372,0.04736769199,0.04872882366,0.6129032041,0.591954428,0.690196208,0.6201112125
741,1.0,0.7853981853,0.0,0.0,1.0,1.0,0.2707465683,0.3513661596,0.04741871357,0.04877352715,0.6099072224,0.6114280112,0.679687178,0.6333339036
742,1.0,0.7853981853,0.0,0.0,1.0,1.0,0.2557074633,0.337066742,0.04395252466,0.04609656334,0.6084244641,0.6097564283,0.6823529976,0.6337209002
743,1.0,0.7853981853,0.0,0.0,1.0,1.0,0.2568226079,0.3456568056,0.04493719339,0.04737353325,0.6006190959,0.5963847671,0.6719366403,0.6228566827
744,1.0,0.7853981853,0.0,0.0,1.0,1.0,0.2572206406,0.3442963222,0.04565387964,0.04812914133,0.609302317,0.5843369955,0.6850395581,0.6171426165
745,1.0,0.7853981853,0.0,0.0,1.0,1.0,0.2568227135,0.3423283968,0.045183599,0.04736107588,0.6052631624,0.5963854865,0.6850393667,0.6091957205
746,1.0,0.7853981853,0.0,0.0,1.0,1.0,0.2541750563,0.3265890235,0.04406553507,0.04515355825,0.6138147953,0.5802471808,0.6929136031,0.6325303511
747,1.0,0.7853981853,0.0,0.0,1.0,1.0,0.2541484019,0.3285565986,0.04420936108,0.04529422522,0.6115445278,0.5828221272,0.6889765431,0.6227545068
748,1.0,0.7853981853,0.0,0.0,1.0,1.0,0.2506390655,0.3233487141,0.04372322559,0.04480946064,0.6074765238,0.5838506777,0.686274611,0.6424236942
749,1.0,0.7853981853,0.0,0.0,1.0,1.0,0.2475254437,0.3253086122,0.04316705465,0.04506748915,0.6121494836,0.584905478,0.6980393034,0.6325308455
750,1.0,0.7853981853,0.0,0.0,1.0,1.0,0.2549120787,0.3266659135,0.04441767931,0.04550105333,0.6236391397,0.5853664428,0.7081710447,0.6249998363
751,1.0,0.7853981853,0.0,0.0,1.0,1.0,0.2537044773,0.3267406509,0.04499572515,0.04635924101,0.6153846671,0.5757574152,0.700000042,0.6294114395
752,1.0,0.7853981853,0.0,0.0,1.0,1.0,0.2513930762,0.3267406427,0.04490911961,0.04655218124,0.6150306,0.5792686973,0.7038460058,0.6117646758
753,1.0,0.7853981853,0.0,0.0,1.0,1.0,0.2498607083,0.3230133055,0.04443132877,0.04605680704,0.6082318209,0.5792679164,0.6996196352,0.6176470969
754,1.0,0.7853981853,0.0,0.0,1.0,1.0,0.2437663884,0.312802348,0.04265832901,0.04372477531,0.6051829411,0.5749991616,0.6946563323,0.6341462417
755,1.0,0.7853981853,0.0,0.0,1.0,1.0,0.2521667857,0.3166169006,0.04441386461,0.04495549202,0.6153845763,0.57926889,0.702289993,0.6265068388
756,1.0,0.7853981853,0.0,0.0,1.0,1.0,0.2437666235,0.3078128092,0.04267221689,0.04320555925,0.6173779836,0.5750005936,0.7034220532,0.6234561003
757,1.0,0.7853981853,0.0,0.0,1.0,1.0,0.2471901211,0.3097128275,0.04379951954,0.04406988621,0.6244274974,0.5679010498,0.7072240495,0.6257678835
758,1.0,0.7853981853,0.0,0.0,1.0,1.0,0.2502420782,0.3142183543,0.04394286871,0.04447871447,0.6122136928,0.5792680528,0.6931816172,0.6204811124
759,1.0,0.7853981853,0.0,0.0,1.0,1.0,0.2483369162,0.311146856,0.0440222621,0.04456239939,0.6219512093,0.5705531357,0.7056604088,0.6242421081
760,1.0,0.7853981853,0.0,0.0,1.0,1.0,0.250619807,0.3168040808,0.04407209158,0.04487341642,0.6139817006,0.5818175917,0.7018868512,0.6249988378
761,1.0,0.7853981853,0.0,0.0,1.0,1.0,0.2525225995,0.3161110971,0.04449868202,0.04476672411,0.6210046967,0.566264915,0.7045455693,0.6167661482
762,1.0,0.7853981853,0.0,0.0,1.0,1.0,0.250239689,0.3168044357,0.04379707575,0.0445933938,0.6130500832,0.5757580706,0.6943394644,0.6190485101
763,1.0,0.7853981853,0.0,0.0,1.0,1.0,0.2494803342,0.3137347302,0.04341238737,0.04420650005,0.6179603206,0.5731712843,0.7030078114,0.6227553791
764,1.0,0.7853981853,0.0,0.0,1.0,1.0,0.2468134639,0.3104329471,0.04328602552,0.04382044077,0.6189023851,0.5802464546,0.7007575614,0.6341465073
765,1.0,0.7853981853,0.0,0.0,1.0,1.0,0.2468319864,0.3069445686,0.04333716631,0.04360300303,0.6181818506,0.5644161485,0.700374315,0.6219521364
766,1.0,0.7853981853,0.0,0.0,1.0,1.0,0.2453174803,0.3050731212,0.04326683283,0.04353392124,0.6212122262,0.5679015067,0.7003744192,0.6257677531
767,1.0,0.7853981853,0.0,0.0,1.0,1.0,0.2445117715,0.3059129301,0.04326802492,0.04353845119,0.6177370795,0.5749996212,0.7034220851,0.6335402366
768,1.0,0.7853981853,0.0,0.0,1.0,1.0,0.2467947139,0.3085395765,0.04291796684,0.04345107079,0.6211656722,0.5776396998,0.7007578178,0.6380365658
769,1.0,0.7853981853,0.0,0.0,1.0,1.0,0.251767994,0.3186897803,0.04412430525,0.0451939106,0.6167938856,0.5696969943,0.7018868496,0.6213012445
770,1.0,0.7853981853,0.0,0.0,1.0,1.0,0.2513839193,0.3156133761,0.04438650608,0.04519355297,0.6204267621,0.563636559,0.7105265787,0.6190482471
771,1.0,0.7853981853,0.0,0.0,1.0,1.0,0.2479355419,0.3128025029,0.04339838028,0.0442070365,0.6209552566,0.5714293562,0.7099236963,0.6097555385
772,1.0,0.7853981853,0.0,0.0,1.0,1.0,0.2483179639,0.3166169923,0.04349762201,0.04484850168,0.6188271327,0.5776403218,0.7099235549,0.6265049513
773,1.0,0.7853981853,0.0,0.0,1.0,1.0,0.249475335,0.3154131134,0.04362493753,0.04470211267,0.6132511094,0.5802460702,0.69581762,0.6204816948
774,1.0,0.7853981853,0.0,0.0,1.0,1.0,0.2456126099,0.3147100858,0.04271173477,0.04432350397,0.6166923304,0.5723264823,0.7022902896,0.6303029081
775,1.0,0.7853981853,0.0,0.0,1.0,1.0,0.2467759943,0.3135133334,0.04295182228,0.04429405928,0.6141975338,0.5687498959,0.6996198424,0.6121208777
776,1.0,0.7853981853,0.0,0.0,1.0,1.0,0.2463957794,0.3135129755,0.04332590103,0.04467976093,0.6117102468,0.5812504815,0.6996197369,0.6303024805
777,1.0,0.7853981853,0.0,0.0,1.0,1.0,0.2487018871,0.3198968482,0.04332697392,0.04547983408,0.6182380563,0.577640025,0.7007574138,0.6272192916
778,1.0,0.7853981853,0.0,0.0,1.0,1.0,0.2483085666,0.3192131232,0.04299509525,0.04514479637,0.619565223,0.5812503986,0.7072244452,0.6309525696
779,1.0,0.7853981853,0.0,0.0,1.0,1.0,0.2483274767,0.3125595884,0.04355919361,0.04490363598,0.6242331003,0.5617280741,0.7116101575,0.6287435721
780,1.0,0.7853981853,0.0,0.0,1.0,1.0,0.2467757866,0.3154133242,0.04269725084,0.04429841042,0.6203702906,0.5812497121,0.7034222501,0.632530234
781,1.0,0.7853981853,0.0,0.0,1.0,1.0,0.2441032999,0.3092611273,0.0426607728,0.04400229454,0.6236560176,0.5786170464,0.7056603505,0.6402437703
782,1.0,0.7853981853,0.0,0.0,1.0,1.0,0.2463737788,0.3142183379,0.04273724556,0.04461878538,0.62480616,0.5786165364,0.7045454641,0.6325304343
783,1.0,0.7853981853,0.0,0.0,1.0,1.0,0.2444786241,0.3062200378,0.04267632961,0.04374998808,0.6246154146,0.5786170198,0.7105264585,0.6380369018
784,1.0,0.7853981853,0.0,0.0,1.0,1.0,0.2448863465,0.3043414791,0.04271024466,0.04324412346,0.6217458258,0.5624993894,0.7105262496,0.6234569603
785,1.0,0.7853981853,0.0,0.0,1.0,1.0,0.2425230955,0.3089879382,0.04249596596,0.04384934902,0.6182379773,0.5859875113,0.7061067612,0.6419753422
786,1.0,0.7853981853,0.0,0.0,1.0,1.0,0.2429411885,0.3054900751,0.0426478982,0.04372763634,0.6138461399,0.5759490044,0.6981131211,0.635801796
787,1.0,0.7853981853,0.0,0.0,1.0,1.0,0.247173858,0.3137345126,0.04317611456,0.04478514194,0.614439321,0.5590060397,0.6992479508,0.6227544352
788,1.0,0.7853981853,0.0,0.0,1.0,1.0,0.2460166527,0.3092614685,0.04272055626,0.04378855228,0.6215384536,0.5625003488,0.7056604552,0.6280487307
789,1.0,0.7853981853,0.0,0.0,1.0,1.0,0.247554298,0.3080989597,0.04327946901,0.04408591986,0.6215384571,0.5652181697,0.7105263816,0.6280482776
790,1.0,0.7853981853,0.0,0.0,1.0,1.0,0.2432751405,0.3116132582,0.04224050045,0.04412382841,0.6232557932,0.5732476527,0.7110267168,0.6280490358
791,1.0,0.7853981853,0.0,0.0,1.0,1.0,0.2510154577,0.3212490259,0.04389423132,0.046048522,0.6240370131,0.5705525221,0.7105263377,0.6198836086
792,1.0,0.7853981853,0.0,0.0,1.0,1.0,0.2433157074,0.3099768909,0.04239112139,0.04426914454,0.6286594603,0.5759492692,0.7142857739,0.6303026876
793,1.0,0.7853981853,0.0,0.0,1.0,1.0,0.241403461,0.3073758502,0.04246562719,0.04408860207,0.6261538967,0.5732488368,0.7132075989,0.638037324
794,1.0,0.7853981853,0.0,0.0,1.0,1.0,0.2402946419,0.3032012676,0.0418254137,0.0431573987,0.626340041,0.5732477904,0.711610374,0.6296292716
795,1.0,0.7853981853,0.0,0.0,1.0,1.0,0.2456642055,0.3146390475,0.04312354326,0.04553419352,0.618320717,0.5714277816,0.70370378,0.6235291654
796,1.0,0.7853981853,0.0,0.0,1.0,1.0,0.242612823,0.305384847,0.04223352671,0.04382717609,0.6198473075,0.5723275766,0.7000002077,0.630303632
797,1.0,0.7853981853,0.0,0.0,1.0,1.0,0.242983643,0.3024139906,0.04225975275,0.04358863831,0.6207950866,0.578615545,0.7047971731,0.634146775
798,1.0,0.7853981853,0.0,0.0,1.0,1.0,0.2456642514,0.3111817034,0.04260075092,0.0449821949,0.61984739,0.5900615904,0.7069599381,0.6235298327
799,1.0,0.7853981853,0.0,0.0,1.0,1.0,0.2475822484,0.3005569147,0.04273301363,0.04351949692,0.6246200923,0.5766876214,0.7065217347,0.632530104
800,1.0,0.0,0.0,0.0,1.0,1.0,0.2479473257,0.3005566851,0.04299396276,0.04405552149,0.6248086541,0.5802481288,0.7065216331,0.6144583692
801,1.0,0.7853981853,0.0,0.0,1.0,1.0,0.2514027376,0.3012757747,0.04369550943,0.04476779699,0.6265431914,0.5828228223,0.7075814432,0.6167660126
802,1.0,0.0,0.0,0.0,1.0,1.0,0.2464166295,0.2891241217,0.04229158163,0.0425542593,0.6294028086,0.5776402855,0.7071428774,0.6234568074
803,1.0,0.0,0.0,0.0,1.0,1.0,0.2498605825,0.2858118876,0.04255521297,0.04228925705,0.6406249262,0.5750002101,0.7194246024,0.6226405787
804,1.0,0.0,0.0,0.0,1.0,1.0,0.2040999612,0.210993527,0.03391140699,0.03068178892,0.6304700462,0.5476193406,0.6962964694,0.6666666667
805,1.0,0.0,0.0,0.0,1.0,1.0,0.1203514847,0.1513102875,0.0187984705,0.02070564032,0.5218151519,0.3188410392,0.5458169413,0.407895608
806,1.0,0.0,0.0,0.0,1.0,1.0,0.1410148241,0.1405463252,0.02167481184,0.01950728893,0.4726630434,0.3375013406,0.5156249664,0.3611119599
807,1.0,0.0,0.0,0.0,1.0,1.0,0.1349157192,0.1320019124,0.02056562901,0.01894205809,0.4955595596,0.4078960334,0.5433962076,0.414285939
808,1.0,0.0,0.0,0.0,1.0,1.0,0.1476837886,0.1122180102,0.02284681797,0.01700228453,0.4295532289,0.6162778563,0.5192982829,0.6875032866
809,1.0,0.0,0.0,0.0,1.0,1.0,0.2309599873,0.2115488129,0.03671485186,0.03354525566,0.3599334536,0.61870569,0.4666665414,0.6062996183
810,1.0,0.0,0.0,0.0,1.0,1.0,0.275476745,0.2514935343,0.04369711876,0.04103261232,0.3344539167,0.6341465743,0.4346404978,0.5779219742
811,1.0,0.0,0.0,0.0,1.0,1.0,0.3048003043,0.2758712691,0.0473613143,0.04579132795,0.3395114336,0.6243098651,0.4479493626,0.5542849928
812,1.0,0.0,0.0,0.0,1.0,1.0,0.3134494935,0.2866735664,0.04860490561,0.04860490561,0.3350471824,0.6338792453,0.4482760318,0.5628416038
813,1.0,0.0,0.0,0.0,1.0,1.0,0.3311760788,0.302861051,0.05152714252,0.05257868767,0.340659328,0.6377541695,0.4575755433,0.5749996599
814,1.0,0.0,0.0,0.0,1.0,1.0,0.3467986955,0.3108019764,0.05290782452,0.0542371273,0.3496075959,0.6381902245,0.4603660432,0.5784319544
815,1.0,0.0,0.0,0.0,1.0,1.0,0.3644076009,0.3203732003,0.05497169495,0.05631905794,0.3494192386,0.6274515544,0.466257598,0.5693788715
816,1.0,0.0,0.0,0.0,1.0,1.0,0.3673624384,0.3203734225,0.05473536253,0.05607694387,0.3459458276,0.6225488862,0.4631903345,0.5598082514
817,1.0,0.0,0.0,0.0,1.0,1.0,0.37649551,0.3239783523,0.05630487204,0.05766499043,0.3430390714,0.6280198044,0.4556572425,0.5660380089
818,1.0,0.0,0.0,0.0,1.0,1.0,0.3776693671,0.3234388662,0.05535334349,0.05697339773,0.3437788613,0.6243906641,0.4570549469,0.5687201511
819,1.0,0.0,0.0,0.0,1.0,1.0,0.3810075818,0.3233487212,0.05567657948,0.05732220411,0.3577465317,0.6206896921,0.4767803887,0.5645929581
820,1.0,0.0,0.0,0.0,1.0,1.0,0.3889821328,0.3311036095,0.05700314045,0.05891233683,0.3538174978,0.6220092142,0.4723925949,0.5601845435
821,1.0,0.0,0.0,0.0,1.0,1.0,0.3859135876,0.3254355445,0.05670541525,0.05808180571,0.3570759113,0.61650439,0.4722222037,0.5639811545
822,1.0,0.0,0.0,0.0,1.0,1.0,0.3907591771,0.3310844444,0.05726116896,0.05891293287,0.3552632007,0.6153850958,0.4767800903,0.5607484862
823,1.0,0.0,0.0,0.0,1.0,1.0,0.3854854677,0.3295373574,0.05733221769,0.05956959724,0.3490121803,0.6243898635,0.4643964451,0.5633802676
824,1.0,0.0,0.0,0.0,1.0,1.0,0.3849013913,0.331084375,0.05661916733,0.05853378773,0.348837247,0.628019227,0.4643961763,0.5607473876
825,1.0,0.0,0.0,0.0,1.0,1.0,0.3844724461,0.3279900309,0.05702877045,0.05868977308,0.3557423144,0.6165048747,0.4674924952,0.5613207116
826,1.0,0.0,0.0,0.0,1.0,1.0,0.3882054091,0.3351976793,0.05705183744,0.05979472399,0.3501399896,0.6201922123,0.4646154072,0.5596333293
827,1.0,0.0,0.0,0.0,1.0,1.0,0.3892957385,0.3346898584,0.05715018511,0.05962306261,0.3483146113,0.6249998696,0.4660495108,0.5622112767
828,1.0,0.0,0.0,0.0,1.0,1.0,0.3746736053,0.3150416094,0.05477964878,0.05560135841,0.3533271367,0.615000272,0.4658386562,0.5714284183
829,1.0,0.0,0.0,0.0,1.0,1.0,0.3850543169,0.3269204729,0.05563676357,0.05727314949,0.3484419187,0.6225490931,0.464174581,0.5619044546
830,1.0,0.0,0.0,0.0,1.0,1.0,0.3831668343,0.3263802657,0.05567806959,0.05732369423,0.3503303969,0.6206891384,0.4656249905,0.5598077219
831,1.0,0.0,0.0,0.0,1.0,1.0,0.3773597241,0.3202548568,0.05470383167,0.05605787039,0.3551401744,0.6188119567,0.4674921715,0.5652172526
832,1.0,0.0,0.0,0.0,1.0,1.0,0.3732742638,0.3156133693,0.05486118793,0.05595844984,0.3464052473,0.6249997284,0.4643961849,0.5686276598
833,1.0,0.0,0.0,0.0,1.0,1.0,0.3678243178,0.3130967667,0.05327492952,0.05462026596,0.3513011229,0.631312199,0.4722223551,0.5566503269
834,1.0,0.0,0.0,0.0,1.0,1.0,0.3674419623,0.313281015,0.0542550683,0.0556114912,0.3529411587,0.6300001428,0.4709479896,0.560976028
835,1.0,0.0,0.0,0.0,1.0,1.0,0.3670316361,0.3121379583,0.05506569147,0.05614542961,0.3609359883,0.6323533391,0.4834833939,0.5721152825
836,1.0,0.0,0.0,0.0,1.0,1.0,0.3604541907,0.3086960674,0.0534376502,0.05451720953,0.3588341199,0.6363633322,0.4770641428,0.5792081535
837,1.0,0.0,0.0,0.0,1.0,1.0,0.3592883712,0.3096431091,0.05355703831,0.05491638184,0.3686130796,0.6294413814,0.4877299737,0.574256738
838,1.0,0.0,0.0,0.0,1.0,1.0,0.3538169834,0.3038425404,0.05288743973,0.05370527506,0.3613139778,0.6288656424,0.478395068,0.573604506
839,1.0,0.0,0.0,0.0,1.0,1.0,0.3403117924,0.3019784242,0.05125910044,0.0531475544,0.3620071465,0.6263155753,0.4754601975,0.57868063
840,1.0,0.0,0.0,0.0,1.0,1.0,0.3328523127,0.3010552644,0.05029445887,0.05270218849,0.3551816549,0.6382974185,0.4740062016,0.5736035902
841,1.0,0.0,0.0,0.0,1.0,1.0,0.3352057942,0.3059828259,0.0508967042,0.05330753326,0.3574581429,0.6421053864,0.4707694424,0.5778887955
842,1.0,0.0,0.0,0.0,1.0,1.0,0.3308137049,0.3013702504,0.05022579432,0.05208599567,0.3555167025,0.6402119981,0.4646153146,0.5765307407
843,1.0,0.0,0.0,0.0,1.0,1.0,0.3172832607,0.2824510473,0.04801225662,0.04854571819,0.3650793713,0.6388893027,0.4689440208,0.5769231714
844,1.0,0.0,0.0,0.0,1.0,1.0,0.3258477808,0.3001419768,0.0500150919,0.05216628313,0.361963139,0.6505385442,0.4674924639,0.5773195994
845,1.0,0.0,0.0,0.0,1.0,1.0,0.3226818563,0.2970476306,0.04917228222,0.05103284121,0.3542756547,0.6432433022,0.4674924341,0.5677075973
846,1.0,0.0,0.0,0.0,1.0,1.0,0.3296769499,0.3069275003,0.05059039593,0.05298680067,0.3559028152,0.6473680614,0.4660495692,0.5678396708
847,1.0,0.0,0.0,0.0,1.0,1.0,0.3227361958,0.3016890616,0.04940521717,0.05179584026,0.3524304979,0.6451617963,0.4643964622,0.5641020035
848,1.0,0.0,0.0,0.0,1.0,1.0,0.3207871192,0.2967571178,0.04918664694,0.05103772879,0.358067351,0.6397847834,0.470769491,0.5647674626
849,1.0,0.0,0.0,0.0,1.0,1.0,0.3256805372,0.3063305135,0.05041193962,0.05281245708,0.3482758056,0.6455025704,0.4582044778,0.5656568621
850,1.0,0.0,0.0,0.0,1.0,1.0,0.3187129785,0.2893117715,0.04900288582,0.04980176687,0.3518197886,0.6413045594,0.4582042507,0.566845195
851,1.0,0.0,0.0,0.0,1.0,1.0,0.2487339701,0.1798360199,0.03708899021,0.03036999702,0.3850314915,0.6376809964,0.4745223717,0.5752211868
852,1.0,0.0,0.0,0.0,1.0,1.0,0.2125247715,0.04743128949,0.03008145094,0.007588148117,0.4310345045,0.5585585407,0.4983049875,0.678574795
853,1.0,0.0,0.0,0.0,1.0,1.0,0.2093548602,0.1192883218,0.03081667423,0.01982986927,0.4790527407,0.6260865192,0.567741991,0.5810814873
854,1.0,0.0,0.0,0.0,1.0,1.0,0.2795271449,0.2105743235,0.04256510735,0.03587251902,0.5021986923,0.6037732943,0.5974840567,0.5671647495
855,1.0,0.0,0.0,0.0,1.0,1.0,0.3162463945,0.2647426136,0.04891949892,0.04493153095,0.4858125923,0.6141302957,0.5862069571,0.5680475335
856,1.0,0.0,0.0,0.0,1.0,1.0,0.343714649,0.3125190797,0.0549467206,0.05387979746,0.4874790737,0.6116506645,0.5882353958,0.5643556689
857,1.0,0.0,0.0,0.0,1.0,1.0,0.3504213618,0.3295706853,0.05657875538,0.05711007118,0.4831276238,0.6197186363,0.5858896054,0.5627909258
858,1.0,0.0,0.0,0.0,1.0,1.0,0.349398387,0.3249718485,0.05638170242,0.05559498072,0.4829267482,0.6186052215,0.5858896154,0.5754715464
859,1.0,0.0,0.0,0.0,1.0,1.0,0.3474211239,0.3321222634,0.05613768101,0.05639880896,0.4729183243,0.6232563275,0.5784613246,0.5740746025
860,1.0,0.0,0.0,0.0,1.0,1.0,0.3476320916,0.3362321355,0.05677604675,0.05730175972,0.475040302,0.625,0.5802470388,0.5688074444
861,1.0,0.0,0.0,0.0,1.0,1.0,0.3398261993,0.3193934419,0.05485785007,0.05408155918,0.4771450615,0.6132076292,0.5810397435,0.569377674
862,1.0,0.0,0.0,0.0,1.0,1.0,0.3410794224,0.3285623514,0.05526274443,0.05526268482,0.4777777185,0.6279068764,0.5810398919,0.5674418705
863,1.0,0.0,0.0,0.0,1.0,1.0,0.3416216979,0.328562377,0.05541902781,0.0554189682,0.4753577945,0.6186053215,0.5810396451,0.5627903925
864,1.0,0.0,0.0,0.0,1.0,1.0,0.3304991631,0.3081102395,0.05388480425,0.05207139254,0.4817169972,0.6249998617,0.5828219106,0.5771148094
865,1.0,0.0,0.0,0.0,1.0,1.0,0.3262512183,0.3100120041,0.05271917582,0.05169045925,0.4888535048,0.6243898964,0.5925926456,0.5721395444
866,1.0,0.0,0.0,0.0,1.0,1.0,0.3276079633,0.3090580784,0.05348789692,0.0519375205,0.482185287,0.6280196305,0.5815385248,0.5771150388
867,1.0,0.0,0.0,0.0,1.0,1.0,0.3278169505,0.3134895828,0.05326712132,0.05248761177,0.4799999523,0.6292686147,0.5838508344,0.5693064697
868,1.0,0.0,0.0,0.0,1.0,1.0,0.3307620233,0.3187073685,0.05400192738,0.05348265171,0.4813047766,0.6249997241,0.5820432876,0.5631066879
869,1.0,0.0,0.0,0.0,1.0,1.0,0.3304989812,0.3119377561,0.05353844166,0.05173671246,0.4801273094,0.6201924683,0.5807453461,0.577114233
870,1.0,0.0,0.0,0.0,1.0,1.0,0.3320829351,0.3180044923,0.05440342426,0.05309569836,0.4840254729,0.6153836041,0.5862069704,0.5714280903
871,1.0,0.0,0.0,0.0,1.0,1.0,0.3347568574,0.3168576346,0.05479699373,0.05295282602,0.4847020699,0.6105775768,0.586750558,0.5671639271
872,1.0,0.0,0.0,0.0,1.0,1.0,0.3253996914,0.3105521268,0.05290400982,0.05134034157,0.4787488722,0.615763952,0.5804416063,0.5736043968
873,1.0,0.0,0.0,0.0,1.0,1.0,0.3307506997,0.3146978106,0.05424612761,0.05214965343,0.4740207687,0.6135266603,0.5791138079,0.5778888729
874,1.0,0.0,0.0,0.0,1.0,1.0,0.3280300225,0.3071534596,0.05365639925,0.05101329088,0.4826191423,0.6108375315,0.5828024266,0.5803103541
875,1.0,0.0,0.0,0.0,1.0,1.0,0.3355911051,0.3155290381,0.05423802137,0.05186837912,0.4800326237,0.611650144,0.5769229096,0.5736037518
876,1.0,0.0,0.0,0.0,1.0,1.0,0.3369450403,0.3187323354,0.0552855134,0.0531489253,0.477198767,0.6183580817,0.5801283735,0.5728643667
877,1.0,0.0,0.0,0.0,1.0,1.0,0.3345138205,0.3206678483,0.05472964048,0.05285167694,0.4749795258,0.6127458721,0.5765471241,0.5736040437
878,1.0,0.0,0.0,0.0,1.0,1.0,0.3331474403,0.316381659,0.05454063416,0.05213439465,0.4722223158,0.612744798,0.5779221907,0.5692306813
879,1.0,0.0,0.0,0.0,1.0,1.0,0.3402704748,0.3190401729,0.05550992489,0.05256015062,0.4703947876,0.6038653412,0.5765471665,0.5714284094
880,1.0,0.0,0.0,0.0,1.0,1.0,0.3389054048,0.3119170992,0.05577105284,0.05171000957,0.4831276318,0.6067963188,0.5849674331,0.5811515186
881,1.0,0.0,0.0,0.0,1.0,1.0,0.3350823836,0.3100576612,0.0539739728,0.05023318529,0.4804980279,0.608910995,0.5775579197,0.5797872025
882,1.0,0.0,0.0,0.0,1.0,1.0,0.3337035808,0.3077747245,0.05368578434,0.04992771149,0.4808013498,0.6000002221,0.5794702948,0.5752690868
883,1.0,0.0,0.0,0.0,1.0,1.0,0.3400935931,0.3133562307,0.05491918325,0.05115020275,0.4762300807,0.6078429244,0.5775578196,0.5842105999
884,1.0,0.0,0.0,0.0,1.0,1.0,0.3411916747,0.3166548585,0.05549365282,0.05197453499,0.4754370718,0.5999995704,0.5808579504,0.5729172879
885,1.0,0.0,0.0,0.0,1.0,1.0,0.3456091729,0.3265504215,0.05607533455,0.05337941647,0.4729842904,0.6105764529,0.5709569441,0.5757572374
886,1.0,0.0,0.0,0.0,1.0,1.0,0.3448662944,0.3205446548,0.0552740097,0.0523224473,0.4773868646,0.6019416743,0.5855261668,0.5692307692
887,1.0,0.0,0.0,0.0,1.0,1.0,0.3261070032,0.2905355254,0.05225884914,0.04738497734,0.4674556642,0.5958554128,0.5681063924,0.5828565966
888,1.0,0.0,0.0,0.0,1.0,1.0,0.2421796356,0.1301355919,0.03594261408,0.02011710405,0.4990958681,0.6119396302,0.5798610227,0.6266647704
889,1.0,0.0,0.0,0.0,1.0,1.0,0.2480496755,0.1318709547,0.03695613146,0.02050125599,0.5090579072,0.6058391571,0.5902777405,0.618419905
890,1.0,0.0,0.0,0.0,1.0,1.0,0.2768488254,0.2025894376,0.04258584976,0.03214025497,0.4895470942,0.5911960161,0.584459542,0.5916669139
891,1.0,0.0,0.0,0.0,1.0,1.0,0.3085524978,0.2547595439,0.04882448912,0.04139465094,0.4731542727,0.5923903025,0.5718954428,0.5897446604
892,1.0,0.0,0.0,0.0,1.0,1.0,0.3238324335,0.2786903273,0.0523326993,0.04622274637,0.4671053542,0.5939086352,0.5801282892,0.5804595552
893,1.0,0.0,0.0,0.0,1.0,1.0,0.3405874626,0.2995121026,0.05454486609,0.04951399565,0.4640198105,0.5922330734,0.5737178632,0.5882350817
894,1.0,0.0,0.0,0.0,1.0,1.0,0.3452017669,0.3151107644,0.05536866188,0.05220478773,0.4638157751,0.6047622431,0.5764331164,0.5909087276
895,1.0,0.0,0.0,0.0,1.0,1.0,0.3521605002,0.3198851831,0.05633318424,0.05315953493,0.4640197328,0.6103284895,0.5732485059,0.5970148082
896,1.0,0.0,0.0,0.0,1.0,1.0,0.3550649493,0.3273488884,0.05736327171,0.05497312546,0.4654604837,0.6064811159,0.5759494951,0.6135264601
897,1.0,0.0,0.0,0.0,1.0,1.0,0.3564157053,0.3226045992,0.05693507195,0.05352419615,0.4658997532,0.6129026855,0.5759491556,0.5980387244
898,1.0,0.0,0.0,0.0,1.0,1.0,0.3593686435,0.3268013875,0.05697023869,0.05408227444,0.4664458373,0.6082954419,0.5777777218,0.6067967157
899,1.0,0.0,0.0,0.0,1.0,1.0,0.3741669983,0.3474250871,0.05942052603,0.05783599615,0.4658901039,0.6133335875,0.5714283668,0.616438582
900,1.0,0.0,0.0,0.0,1.0,1.0,0.3717690603,0.3448552272,0.05885130167,0.05700391531,0.4678898806,0.6143497667,0.5782748134,0.6203706318
901,1.0,0.0,0.0,0.0,1.0,1.0,0.3731249087,0.3470731482,0.05915731192,0.05704456568,0.468333425,0.6071426053,0.5755625144,0.6157406779
902,1.0,0.0,0.0,0.0,1.0,1.0,0.3722755789,0.3514163014,0.05830651522,0.05725586414,0.4681208774,0.6081079838,0.5741935319,0.6192657876
903,1.0,0.0,0.0,0.0,1.0,1.0,0.3850442293,0.3662448185,0.06070768833,0.05938798189,0.4656615629,0.6043479371,0.5732895814,0.6133334672
904,1.0,0.0,0.0,0.0,1.0,1.0,0.3772113726,0.3564784667,0.05897092819,0.05765461922,0.469250169,0.6026786797,0.5765472133,0.6118720045
905,1.0,0.0,0.0,0.0,1.0,1.0,0.3792151157,0.3581060852,0.05927908421,0.05796170235,0.4671163565,0.6044444757,0.5732898987,0.6090909839
906,1.0,0.0,0.0,0.0,1.0,1.0,0.3828370965,0.3576434326,0.05949425697,0.05765151978,0.4762711673,0.6017694771,0.5784313979,0.6164384553
907,1.0,0.0,0.0,0.0,1.0,1.0,0.3861672001,0.362542612,0.05994284153,0.05862253904,0.4740425728,0.5947135951,0.5751634445,0.6171172408
908,1.0,0.0,0.0,0.0,1.0,1.0,0.3903148451,0.3707081821,0.06075596809,0.05970388651,0.4860524847,0.6060603385,0.5849673819,0.6079297969
909,1.0,0.0,0.0,0.0,1.0,1.0,0.3912707409,0.3764344992,0.06085652113,0.06059193611,0.4740424625,0.6000001959,0.5789472125,0.6113545237
910,1.0,0.0,0.0,0.0,1.0,1.0,0.3847938791,0.3719234498,0.05957436562,0.05983793736,0.4718911019,0.606194947,0.5737707044,0.6211458352
911,1.0,0.0,0.0,0.0,1.0,1.0,0.3528465545,0.3181554906,0.05365777016,0.05048584938,0.4747827604,0.6009844173,0.5766664989,0.6178011646
912,1.0,0.0,0.0,0.0,1.0,1.0,0.3515150848,0.1214108705,0.04952192307,0.01847028732,0.5076045113,0.5081086611,0.5669011587,0.5362301536
913,1.0,0.0,0.0,0.0,1.0,1.0,0.3613369701,0.1374234049,0.05065339804,0.02074635029,0.5192307447,0.5319142927,0.5821426879,0.6103899835
914,1.0,0.0,0.0,0.0,1.0,1.0,0.3389812594,0.2369812471,0.04931914806,0.03698939085,0.5465436684,0.6141306056,0.6185564963,0.6666661295
915,1.0,0.0,0.0,0.0,1.0,1.0,0.3606600795,0.306608258,0.05377286673,0.04842233658,0.5350089944,0.5920397624,0.6203390764,0.6408839575
916,1.0,0.0,0.0,0.0,1.0,1.0,0.3834449482,0.345569659,0.05767446756,0.05447030067,0.5310835201,0.5925929371,0.6169491961,0.6372551594
917,1.0,0.0,0.0,0.0,1.0,1.0,0.4106572928,0.3739635075,0.06240439415,0.0602709651,0.5364355327,0.5897435653,0.6291389896,0.6327435597
918,1.0,0.0,0.0,0.0,1.0,1.0,0.4183306298,0.387572713,0.06398397684,0.06291311979,0.5341505307,0.5941425634,0.6336634136,0.6425528206
919,1.0,0.0,0.0,0.0,1.0,1.0,0.4241663619,0.3934678142,0.06378340721,0.06298607588,0.5402298532,0.5916664486,0.6279069854,0.6329113086
920,1.0,0.0,0.0,0.0,1.0,1.0,0.4202602519,0.387201226,0.06347548962,0.06240868568,0.5424028199,0.5882357912,0.6390726199,0.6452985739
921,1.0,0.0,0.0,0.0,1.0,1.0,0.4171739071,0.3931141887,0.06296867132,0.0632366538,0.5417406792,0.5914899015,0.6366668692,0.6440677327
922,1.0,0.0,0.0,0.0,1.0,1.0,0.4274340622,0.3991057798,0.06370252371,0.06370252371,0.5399819948,0.5966385061,0.6342282506,0.6470590437
923,1.0,0.0,0.0,0.0,1.0,1.0,0.4209137741,0.3970847092,0.06196284294,0.06330400705,0.5442114456,0.6017311104,0.6430976544,0.6610169811
924,1.0,0.0,0.0,0.5235987902,1.0,1.0,0.4200553882,0.3940752352,0.06254547834,0.06335425377,0.5398550917,0.5991381241,0.6342283409,0.655319181
925,1.0,0.0,0.0,0.5235987902,1.0,1.0,0.4255689755,0.4059168316,0.06241548061,0.0643068552,0.559446917,0.5974026842,0.6518770959,0.6596640992
926,1.0,0.0,0.0,0.5235987902,1.0,1.0,0.4350938496,0.4105451648,0.06391620636,0.06525337696,0.5428050743,0.6025107802,0.6329967656,0.6598363127
927,1.0,0.0,0.0,0.5235987902,1.0,1.0,0.4336687319,0.4064399114,0.06353914738,0.0651409626,0.5405652408,0.5966388683,0.6333333209,0.6598358106
928,1.0,0.0,0.0,0.5235987902,1.0,1.0,0.4413356504,0.4223232375,0.06455612183,0.0675150156,0.5455382373,0.595832964,0.6329964334,0.6573707043
929,1.0,0.0,0.0,0.5235987902,1.0,1.0,0.4474563563,0.4214313599,0.06559193134,0.06801134348,0.5467890651,0.5942623472,0.6366668304,0.6640313538
930,1.0,0.0,0.0,0.5235987902,1.0,1.0,0.4541258785,0.428568393,0.06587779522,0.06852346659,0.5310219636,0.5943771794,0.6291390556,0.6602315696
931,1.0,0.0,0.0,0.5235987902,1.0,1.0,0.4460165462,0.4384970474,0.06586736441,0.07124435902,0.5318761772,0.6040815477,0.6291391968,0.6716975576
932,1.0,0.0,0.0,0.5235987902,1.0,1.0,0.4542063029,0.4256883524,0.06559807062,0.06857985258,0.5492957252,0.6115707285,0.6464646614,0.6798420621
933,1.0,0.0,0.0,0.5235987902,1.0,1.0,0.455489582,0.4217986422,0.06594461203,0.06785213947,0.5593220932,0.6074385805,0.6508475656,0.6827305709
934,1.0,0.0,0.0,0.5235987902,1.0,1.0,0.4607023352,0.4268802069,0.06713521481,0.06905335188,0.5484477645,0.6122447711,0.6474573773,0.6865077344
935,1.0,0.0,0.0,0.5235987902,1.0,1.0,0.4580773568,0.4283323147,0.06679403782,0.0695541501,0.5606059801,0.6074380387,0.6462584585,0.6865085588
936,1.0,0.0,0.0,0.5235987902,1.0,1.0,0.4555857041,0.4232328922,0.06656724215,0.06906354427,0.5517568992,0.6208335684,0.6428570907,0.6907630487
937,1.0,0.0,0.0,0.5235987902,1.0,1.0,0.4572608829,0.4276136651,0.06769347191,0.07045650482,0.5424836536,0.6122445206,0.6342281503,0.686275024
938,1.0,0.0,0.0,0.5235987902,1.0,1.0,0.4701044916,0.4206406966,0.06872862577,0.06872862577,0.5540920841,0.6200004336,0.6397306324,0.6880003469
939,1.0,0.0,0.0,0.5235987902,1.0,1.0,0.4721919766,0.4245121151,0.07094740868,0.07122784853,0.5518208677,0.6166008569,0.642140271,0.6929134188
940,1.0,0.0,0.0,0.5235987902,1.0,1.0,0.4723259047,0.4290534086,0.06981694698,0.071213305,0.5557656423,0.6160002186,0.6363635711,0.6901957797
941,1.0,0.0,0.0,0.5235987902,1.0,1.0,0.4788988745,0.4305025598,0.07091110945,0.07147169113,0.5473483798,0.6205535723,0.6418918337,0.6862744935
942,1.0,0.0,0.0,0.5235987902,1.0,1.0,0.4793531154,0.4319619291,0.07143044472,0.07199507952,0.5469194195,0.6245055924,0.6440678936,0.6980396183
943,1.0,0.0,0.0,0.5235987902,1.0,1.0,0.4779941646,0.4317314685,0.07161432505,0.0718973279,0.5482042532,0.6205533301,0.6462584182,0.6968506189
944,1.0,0.0,0.0,0.5235987902,1.0,1.0,0.4802636434,0.4249326186,0.07049769163,0.06966173649,0.5441595528,0.6205537072,0.6360543909,0.6919998631
945,1.0,0.0,0.0,0.5235987902,1.0,1.0,0.4829390946,0.4359984173,0.07275354862,0.07303452492,0.5447760485,0.6177607443,0.6409395496,0.6923071273
946,1.0,0.0,0.0,0.5235987902,1.0,1.0,0.4833901994,0.4425136038,0.07261836529,0.07373982668,0.5443510927,0.6216218213,0.639730718,0.6996198518
947,1.0,0.0,0.0,0.5235987902,1.0,1.0,0.4866196856,0.4389440483,0.07238888741,0.07238888741,0.5430711175,0.6192308832,0.6351349251,0.692308009
948,1.0,0.0,0.0,0.5235987902,1.0,1.0,0.4932065974,0.4509268131,0.07400465012,0.07484251261,0.5400371953,0.6188683561,0.6329966717,0.6940299399
949,1.0,0.0,0.0,0.5235987902,1.0,1.0,0.4937113634,0.4510902858,0.07392978668,0.07448357344,0.5393154476,0.6179777093,0.6342280462,0.6914503288
950,1.0,0.0,0.0,0.5235987902,1.0,1.0,0.4908886361,0.4526092804,0.07297819853,0.07436037064,0.5293022633,0.6212120346,0.6195286342,0.6951665651
951,1.0,0.0,0.0,0.5235987902,1.0,1.0,0.4850772359,0.4577980688,0.07263082266,0.07482343912,0.5256410601,0.6113210613,0.6140942241,0.6923077536
952,1.0,0.0,0.0,0.5235987902,1.0,1.0,0.4831858096,0.4541382005,0.07336097956,0.07503461838,0.5367647586,0.6197719682,0.6249999098,0.6951675786
953,1.0,0.0,0.0,0.5235987902,1.0,1.0,0.4800252951,0.444196118,0.072527349,0.07308095694,0.538038472,0.6183207362,0.6228958473,0.6969696475
954,1.0,0.0,0.0,0.5235987902,1.0,1.0,0.472011862,0.3584206489,0.06749629974,0.05683898926,0.5391969609,0.6234819852,0.613793106,0.7259616191
955,1.0,0.0,0.0,0.5235987902,1.0,1.0,0.4793442386,0.339033147,0.06984525919,0.05429261923,0.5126213461,0.5870444757,0.5759717512,0.6666670326
956,1.0,0.0,0.0,0.5235987902,1.0,1.0,0.4933829122,0.332554745,0.07058727741,0.05217325687,0.4907317651,0.5573126802,0.5551602248,0.6310157862
957,1.0,0.0,0.0,0.5235987902,1.0,1.0,0.4752858509,0.3612019214,0.06841278076,0.05682677031,0.4956855147,0.6088705462,0.5649123113,0.6990292586
958,1.0,0.0,0.0,0.5235987902,1.0,1.0,0.4614242956,0.3890563524,0.06773108244,0.06169843674,0.4915888279,0.6194331093,0.5743945378,0.6933335781
959,1.0,0.0,0.0,0.5235987902,1.0,1.0,0.4553726011,0.4082467737,0.06693392992,0.06478345394,0.4821592187,0.62248957,0.5694914898,0.6929457183
960,1.0,0.0,0.0,0.5235987902,1.0,1.0,0.4656701423,0.4244201379,0.0687943697,0.06743472815,0.4751381489,0.6166007323,0.5616438151,0.6814517305
961,1.0,0.0,0.0,0.5235987902,1.0,1.0,0.4717076516,0.4440090161,0.07207882404,0.07263118029,0.4665461148,0.6091953738,0.5675675479,0.6692016488
962,1.0,0.0,0.0,0.5235987902,1.0,1.0,0.4773719458,0.4678593704,0.07218140364,0.07542550564,0.4597495341,0.6029968547,0.5637586548,0.673834981
963,1.0,0.0,0.0,0.5235987902,1.0,1.0,0.4783804209,0.4830635016,0.07292318344,0.07861608267,0.4608540812,0.591077839,0.5633332784,0.6655172754
964,1.0,0.0,0.0,0.5235987902,1.0,1.0,0.4775308988,0.4913360976,0.07249724865,0.07896536589,0.458259302,0.594795536,0.5671141836,0.6655294044
965,1.0,0.0,0.0,0.5235987902,1.0,1.0,0.4874472438,0.5113037983,0.07444930077,0.0827511549,0.4561404039,0.5863302729,0.5662251656,0.6601941608
966,1.0,0.0,0.0,0.5235987902,1.0,1.0,0.4896298801,0.511380947,0.0747551918,0.08225750923,0.4539068801,0.5806452642,0.5599999555,0.657980279
967,1.0,0.0,0.0,0.5235987902,1.0,1.0,0.4820631302,0.5013865992,0.07336294651,0.08088731766,0.4540635814,0.5897437981,0.5566665755,0.6710965732
968,1.0,0.0,0.0,0.5235987902,1.0,1.0,0.4877912465,0.5113814059,0.07449495792,0.08286219835,0.4553491855,0.5905795884,0.5566668248,0.671009936
969,1.0,0.0,0.0,0.5235987902,1.0,1.0,0.4860720921,0.5097154209,0.07404506207,0.08209347725,0.4572687003,0.5797097249,0.5533334123,0.6568627024
970,1.0,0.0,0.0,0.5235987902,1.0,1.0,0.4957511518,0.5147122784,0.07543575764,0.08295249939,0.4580759257,0.5871885474,0.5633334369,0.6634303649
971,1.0,0.0,0.0,0.5235987902,1.0,1.0,0.4979490609,0.5147625203,0.07533478737,0.08257329464,0.4574467813,0.587188308,0.5618731284,0.6688309813
972,1.0,0.0,0.0,0.5235987902,1.0,1.0,0.4877912124,0.5113811751,0.07316738367,0.08138549328,0.4588859237,0.5833334012,0.5633330549,0.6612373318
973,1.0,0.0,0.0,0.5235987902,1.0,1.0,0.4939668787,0.5213756669,0.07740271091,0.08683532476,0.4561558949,0.5878136642,0.5599999571,0.6645369649
974,1.0,0.0,0.0,0.5235987902,1.0,1.0,0.4966281074,0.5263725927,0.07607752085,0.08555334806,0.4588859447,0.5871891279,0.5666664833,0.6645570723
975,1.0,0.0,0.0,0.5235987902,1.0,1.0,0.5006053844,0.5246242516,0.0762552619,0.08514726162,0.4619468696,0.5901054519,0.5681062488,0.6708856772
976,1.0,0.0,0.0,0.5235987902,1.0,1.0,0.5001641939,0.5197101636,0.07612174749,0.08421987295,0.4640638588,0.5886528266,0.570000092,0.6666664308
977,1.0,0.0,0.0,0.5235987902,1.0,1.0,0.5010533977,0.5281329143,0.07594937086,0.08510637283,0.4648888882,0.5921988292,0.571906404,0.6677216342
978,1.0,0.0,0.0,0.5235987902,1.0,1.0,0.5032902332,0.524707091,0.0766877532,0.08566188812,0.467857088,0.5957444659,0.5733333917,0.6730159592
979,1.0,0.0,0.0,0.5235987902,1.0,1.0,0.5050942565,0.5214480139,0.075268507,0.08327579498,0.4623655989,0.5957446809,0.5685618729,0.6698717949
980,1.0,0.0,0.0,0.5235987902,1.0,1.0,0.5086444805,0.5299054631,0.07604837418,0.08432030678,0.4642856929,0.5929820986,0.5637582661,0.6740510087
981,1.0,0.0,0.0,0.5235987902,1.0,1.0,0.5110063628,0.5199118078,0.07741600275,0.0845284462,0.4634145982,0.5936396358,0.5690235431,0.6666669017
982,1.0,0.0,0.0,0.5235987902,1.0,1.0,0.5073401401,0.5181054975,0.07695662975,0.0842987895,0.4618834156,0.5901064039,0.5652171205,0.6677421111
983,1.0,0.0,0.0,0.5235987902,1.0,1.0,0.5123492378,0.5266416739,0.07693862915,0.08479499817,0.4675090145,0.6056339556,0.5723905375,0.6709264008
984,1.0,0.0,0.0,0.5235987902,1.0,1.0,0.5100848329,0.5282286392,0.07746821642,0.08622789383,0.4661856638,0.5971735038,0.5671141283,0.6761901865
985,1.0,0.0,0.0,0.5235987902,1.0,1.0,0.5123490887,0.5282284541,0.07716673613,0.08558988571,0.4693141444,0.5950706102,0.5704698826,0.6666668988
986,1.0,0.0,0.0,0.5235987902,1.0,1.0,0.5082824119,0.5215208635,0.07671332359,0.08460229635,0.469792549,0.6063831936,0.5738253949,0.6784564648
987,1.0,0.0,0.0,0.5235987902,1.0,1.0,0.4927738073,0.4705277746,0.07231640816,0.07449138165,0.4698795083,0.6090229034,0.5635740229,0.6788322219
988,1.0,0.0,0.0,0.5235987902,1.0,1.0,0.4933583493,0.3864745133,0.06922966242,0.05906492472,0.5024485671,0.5992065303,0.5683452396,0.6790699787
989,1.0,0.0,0.0,0.5235987902,1.0,1.0,0.5491884885,0.3472325603,0.0753505826,0.05235755444,0.488888872,0.5330884301,0.5441174785,0.6031745851
990,1.0,0.0,0.0,0.5235987902,1.0,1.0,0.5016653224,0.3805703924,0.07076460123,0.05869621038,0.4922178435,0.5930234419,0.5693949614,0.6728976328
991,1.0,0.0,0.0,0.5235987902,1.0,1.0,0.4804831005,0.4340137076,0.06991684437,0.06855124235,0.4798121503,0.6210935968,0.5709343775,0.685259269
992,1.0,0.0,0.0,0.5235987902,1.0,1.0,0.4864622068,0.4538280434,0.07279938459,0.07307302952,0.4638608328,0.616541575,0.5578234088,0.6779027409
993,1.0,0.0,0.0,0.5235987902,1.0,1.0,0.4866062654,0.471020898,0.07208752632,0.07476735115,0.458823598,0.5985135122,0.5540541454,0.6666669324
994,1.0,0.0,0.0,0.5235987902,1.0,1.0,0.4983764389,0.4946731889,0.07559901476,0.07995003462,0.4600896699,0.6007193649,0.5622894667,0.6802717285
995,1.0,0.0,0.0,0.5235987902,1.0,1.0,0.4997208569,0.5014036964,0.07499957085,0.08010709286,0.4516129288,0.5985667782,0.5521885911,0.6778523989
996,1.0,0.0,0.0,0.5235987902,1.0,1.0,0.5064075718,0.5232768553,0.07616460323,0.0834056139,0.4558429048,0.5985921445,0.5589227478,0.6720257212
997,1.0,0.0,0.0,0.5235987902,1.0,1.0,0.5117144962,0.5265519225,0.07705140114,0.084007442,0.4559999311,0.5972222652,0.563758462,0.6719743212
998,1.0,0.0,0.0,0.5235987902,1.0,1.0,0.508160507,0.5247903566,0.07739198208,0.08496880531,0.4559999906,0.5909088108,0.5585284047,0.6687900725
999,1.0,0.0,0.0,0.5235987902,1.0,1.0,0.5141012006,0.5283246631,0.07700824738,0.08454757929,0.4604316733,0.5944059679,0.5622896764,0.6719740171
1000,1.0,0.0,0.0,0.5235987902,1.0,1.0,0.513442502,0.5297042731,0.07724195719,0.08469974995,0.4543843617,0.6,0.5633333557,0.6761009299
1001,1.0,0.0,0.0,0.5235987902,1.0,1.0,0.5144058078,0.5332591675,0.07781821489,0.0856269002,0.4568121271,0.5951555371,0.5671141114,0.6729561368
1002,1.0,0.0,0.0,0.5235987902,1.0,1.0,0.5129878965,0.5399671437,0.07775777578,0.08633798361,0.4584070962,0.5931031099,0.5671140327,0.6770186764
1003,1.0,0.0,0.0,0.5235987902,1.0,1.0,0.5129878853,0.5364899012,0.0780159235,0.08635556698,0.4548673326,0.5931033166,0.5618730856,0.6791275022
1004,1.0,0.0,0.0,0.5235987902,1.0,1.0,0.5180306072,0.5349362196,0.07763200998,0.08539521694,0.4584451095,0.596552341,0.5637583767,0.6771159787
1005,1.0,0.0,0.0,0.5235987902,1.0,1.0,0.5175677652,0.5417846296,0.07763212919,0.08619844913,0.4625000596,0.5931033106,0.5690235274,0.6801240518
1006,1.0,0.0,0.0,0.5235987902,1.0,1.0,0.5237715168,0.5449977143,0.07887470722,0.08719146252,0.4581104854,0.5918364571,0.5671142277,0.6769234976
1007,1.0,0.0,0.0,0.5235987902,1.0,1.0,0.5274336575,0.5434678938,0.07816785574,0.0855872035,0.4669051657,0.5966102884,0.5791246772,0.6811148292
1008,1.0,0.0,0.0,0.5235987902,1.0,1.0,0.5246844575,0.5266419565,0.07723385096,0.08364772797,0.5186194452,0.605536172,0.6262624481,0.6932903228
1009,1.0,0.0,0.0,0.5235987902,1.0,1.0,0.5237328755,0.5284210456,0.07814824581,0.08463805914,0.5303716614,0.6159170474,0.6385134305,0.7028755816
1010,1.0,0.0,0.0,0.5235987902,1.0,1.0,0.5237330581,0.5333719575,0.07744067907,0.08494353294,0.5285585579,0.6193771893,0.6363638745,0.7034704543
1011,1.0,0.0,0.0,0.5235987902,1.0,1.0,0.5259267414,0.5332594428,0.07702153921,0.0841678977,0.5316455838,0.6116837318,0.6409397823,0.7044025825
1012,1.0,0.0,0.0,0.5235987902,1.0,1.0,0.5268796823,0.5334857959,0.07865655422,0.0854139924,0.5380434126,0.6219933042,0.6452702854,0.7088608655
1013,1.0,0.0,0.0,0.5235987902,1.0,1.0,0.5290631407,0.5349359803,0.08035820723,0.0874889493,0.530262001,0.6109211853,0.644295258,0.7021946136
1014,1.0,0.0,0.0,0.5235987902,1.0,1.0,0.5341222139,0.5433204922,0.07975447178,0.08759468794,0.5326086338,0.6101693649,0.640939575,0.7037034013
1015,1.0,0.0,0.0,0.5235987902,1.0,1.0,0.536686878,0.5336006597,0.0790848732,0.0847337842,0.5287671684,0.622448795,0.6406779776,0.7047616167
1016,1.0,0.0,0.0,0.5235987902,1.0,1.0,0.5312103602,0.5319064067,0.07852166891,0.08472782373,0.5196347224,0.6185565993,0.6305085545,0.7038220974
1017,1.0,0.0,0.0,0.5235987902,1.0,1.0,0.5254416171,0.5305255494,0.07653820515,0.08296102285,0.5294116925,0.6223777313,0.6335619049,0.709677373
1018,1.0,0.0,0.0,0.5235987902,1.0,1.0,0.5299366096,0.5290147938,0.07665795088,0.0825753808,0.5293023662,0.6210533027,0.6379310081,0.7068403368
1019,1.0,0.0,0.0,0.5235987902,1.0,1.0,0.533529709,0.5288140373,0.07708287239,0.08270347118,0.527340058,0.6180557918,0.6301368975,0.7022653139
1020,1.0,0.0,0.0,0.5235987902,1.0,1.0,0.5373743315,0.5185460322,0.07912892103,0.08296215534,0.5367441862,0.6366778827,0.6438357849,0.7194717338
1021,1.0,0.0,0.0,0.5235987902,1.0,1.0,0.5275092841,0.4877003444,0.07647943497,0.07757204771,0.5475966711,0.6392855807,0.6460481988,0.7183095994
1022,1.0,0.0,0.0,0.5235987902,1.0,1.0,0.5678647209,0.3975478201,0.07584637403,0.0590223074,0.510330581,0.5709093424,0.5687732476,0.6355139715
1023,1.0,0.0,0.0,0.5235987902,1.0,1.0,0.6194622275,0.36378144,0.0820119381,0.05354732275,0.4824280248,0.4982818918,0.5287356461,0.5105262279
1024,1.0,0.0,0.0,0.5235987902,1.0,1.0,0.6171478149,0.3795590133,0.08271849155,0.05618077517,0.4562697467,0.5085322953,0.511450311,0.5477387574
1025,1.0,0.0,0.0,0.5235987902,1.0,1.0,0.563685356,0.416131474,0.07812041044,0.06343823671,0.460000071,0.5602837691,0.5381819845,0.6419215328
1026,1.0,0.0,0.0,0.5235987902,1.0,1.0,0.5185879636,0.4497486836,0.07383769751,0.06942939758,0.4675702253,0.6156712472,0.5464284804,0.6944443491
1027,1.0,0.0,0.0,0.5235987902,1.0,1.0,0.5083535851,0.4675962166,0.07288885117,0.07206368446,0.466410752,0.6301886052,0.5535712076,0.7022897733
1028,1.0,0.0,0.0,0.5235987902,1.0,1.0,0.5189953727,0.4805007411,0.07532012463,0.07504719496,0.4637817139,0.6268115999,0.5594407783,0.7054546841
1029,1.0,0.0,0.0,0.5235987902,1.0,1.0,0.532301633,0.5220451471,0.07960253954,0.0834453702,0.4563820015,0.6068966963,0.5635736563,0.690789375
1030,1.0,0.0,0.0,0.5235987902,1.0,1.0,0.532549431,0.5306314022,0.07918506861,0.08379513025,0.4580291696,0.6061640716,0.567010356,0.6925565975
1031,1.0,0.0,0.0,0.5235987902,1.0,1.0,0.5390042852,0.5529558111,0.08044302464,0.08780562878,0.4497257722,0.6067797364,0.5567011548,0.6894410149
1032,1.0,0.0,0.0,0.5235987902,1.0,1.0,0.5363305202,0.558309122,0.07822394371,0.08650022745,0.4450548614,0.6006827291,0.5551725518,0.6851849427
1033,1.0,0.0,0.0,0.5235987902,1.0,1.0,0.5413265959,0.5598248109,0.08020341396,0.088332057,0.447392498,0.6047295239,0.5601375946,0.6932513971
1034,1.0,0.0,0.0,0.5235987902,1.0,1.0,0.5512901895,0.5804319986,0.08197039366,0.0917417407,0.4465753793,0.5993375678,0.5635738119,0.6863902711
1035,1.0,0.0,0.0,0.5235987902,1.0,1.0,0.5474652442,0.5767326871,0.08233964443,0.09218752384,0.4485895566,0.6046509776,0.5616440042,0.6854601881
1036,1.0,0.0,0.0,0.5235987902,1.0,1.0,0.5477882109,0.5821492071,0.08223503828,0.09231024981,0.4464609409,0.5960266005,0.5601372762,0.6843654941
1037,1.0,0.0,0.0,0.5235987902,1.0,1.0,0.5373927429,0.5666940929,0.08027404547,0.0894947648,0.4532243565,0.5945944943,0.5670103754,0.6848488118
1038,1.0,0.0,0.0,0.5235987902,1.0,1.0,0.5446550129,0.5824335691,0.08139562607,0.0917057395,0.4259762797,0.5933331478,0.541379185,0.6745562592
1039,1.0,0.0,0.0,0.5235987902,1.0,1.0,0.5471203019,0.5852897658,0.08269870281,0.09334307909,0.4254742729,0.5973596242,0.5376712521,0.678362644
1040,1.0,0.0,0.0,0.5235987902,1.0,1.0,0.5484299536,0.5887127245,0.08174318075,0.09249895811,0.4241876987,0.5953947105,0.5513697019,0.6831394281
1041,1.0,0.0,0.0,0.5235987902,1.0,1.0,0.5520384327,0.5958872774,0.08352231979,0.09471321106,0.4259927524,0.5980394955,0.5498283991,0.6801149637
1042,1.0,0.0,0.0,0.5235987902,1.0,1.0,0.5535373028,0.597269185,0.08288729191,0.09453481436,0.4280543173,0.5915032022,0.5479453551,0.6848132224
1043,1.0,0.0,0.0,0.5235987902,1.0,1.0,0.5461333268,0.5921351108,0.08266419172,0.09439539909,0.4265103897,0.5973595313,0.5410957752,0.6820808592
1044,1.0,0.0,0.0,0.5235987902,1.0,1.0,0.5471199629,0.5852894256,0.08237993717,0.09298324585,0.4254742794,0.5907593195,0.5410959469,0.6754384615
1045,1.0,0.0,0.0,0.5235987902,1.0,1.0,0.5459746505,0.5893262732,0.08258014917,0.09382861853,0.4283121706,0.591361745,0.5482758969,0.6783626808
1046,1.0,0.0,0.0,0.5235987902,1.0,1.0,0.5505475602,0.5941702156,0.08329123259,0.09417903423,0.425742544,0.5915034761,0.5463917797,0.6791904368
1047,1.0,0.0,0.0,0.5235987902,1.0,1.0,0.5481101146,0.6031113254,0.08224219084,0.09499925375,0.4226245008,0.5940592624,0.5379309849,0.677142945
1048,1.0,0.0,0.0,0.5235987902,1.0,1.0,0.5476146828,0.5962186394,0.08265966177,0.09439021349,0.4231464707,0.5907590069,0.5413791974,0.6734103517
1049,1.0,0.0,0.0,0.5235987902,1.0,1.0,0.5539507545,0.6113423836,0.08417385817,0.09697699547,0.4224215622,0.5857599793,0.5395186602,0.6797752187
1050,1.0,0.0,0.0,0.5235987902,1.0,1.0,0.5544480306,0.6054638964,0.08340144157,0.09581720829,0.4111310699,0.5889966296,0.5324231234,0.6760565483
1051,1.0,0.0,0.0,0.5235987902,1.0,1.0,0.5496931475,0.6088747565,0.08267343044,0.09582597017,0.4160713603,0.587662848,0.5358363571,0.675069805
1052,1.0,0.0,0.0,0.5235987902,1.0,1.0,0.5479081352,0.6051042464,0.08249747753,0.09566485882,0.4214285523,0.5863195571,0.540816515,0.6797755749
1053,1.0,0.0,0.0,0.5235987902,1.0,1.0,0.54920283,0.606804204,0.08314138651,0.09636843204,0.418376477,0.5876623167,0.5340137012,0.6806723677
1054,1.0,0.0,0.0,0.5235987902,1.0,1.0,0.5518496833,0.6037585033,0.08253884315,0.09517514706,0.4244604109,0.5863196252,0.5426621238,0.6723161825
1055,1.0,0.0,0.0,0.5235987902,1.0,1.0,0.5562422274,0.6071696924,0.08581107855,0.09854435921,0.4219030826,0.5870966353,0.5426619982,0.6741571403
1056,1.0,0.0,0.0,0.5235987902,1.0,1.0,0.5505476562,0.597269245,0.08251416683,0.0941092968,0.4275428132,0.5882358465,0.5445202189,0.6790831799
1057,1.0,0.0,0.0,0.5235987902,1.0,1.0,0.5530718795,0.6102033551,0.08372378349,0.09664577246,0.4199287699,0.5884247486,0.5408162804,0.676879972
1058,1.0,0.0,0.0,0.5235987902,1.0,1.0,0.5499192035,0.6027561821,0.08208477497,0.09477549791,0.4244344467,0.5921051676,0.5429551285,0.6752134656
1059,1.0,0.0,0.0,0.5235987902,1.0,1.0,0.5547483742,0.6037583491,0.08390730619,0.09581673145,0.4180841544,0.5870965405,0.5392491865,0.6779665551
1060,1.0,0.0,0.0,0.5235987902,1.0,1.0,0.5474193612,0.6068042414,0.08358585835,0.09719926119,0.4165923922,0.5895768353,0.5374151786,0.6778712395
1061,1.0,0.0,0.0,0.5235987902,1.0,1.0,0.5467798712,0.5969364956,0.08215177059,0.09427255392,0.420627831,0.5836065003,0.5426622333,0.6714284179
1062,1.0,0.0,0.0,0.5235987902,1.0,1.0,0.5469493137,0.6006916277,0.08245325089,0.09520089626,0.4185419414,0.5888157324,0.537671144,0.6723647419
1063,1.0,0.0,0.0,0.5235987902,1.0,1.0,0.5495583509,0.602756247,0.08352059126,0.09580302238,0.4249775077,0.5882348743,0.5463918995,0.6723645997
1064,1.0,0.0,0.0,0.5235987902,1.0,1.0,0.5503654447,0.6065576157,0.08229702711,0.09436005354,0.4349775025,0.586319407,0.5551724098,0.6789771202
1065,1.0,0.0,0.0,0.5235987902,1.0,1.0,0.5499192293,0.5965525637,0.08120298386,0.09215468168,0.4334841175,0.5921056109,0.5536332394,0.6811594859
1066,1.0,0.0,0.0,0.5235987902,1.0,1.0,0.5483978177,0.6082810548,0.08485299349,0.09756714106,0.4352100185,0.5895762635,0.5517239842,0.6798867375
1067,1.0,0.0,0.0,0.5235987902,1.0,1.0,0.5440110322,0.5941697468,0.08168554306,0.0929710865,0.4341987508,0.5953945256,0.5463918704,0.6849709834
1068,1.0,0.0,0.0,0.5235987902,1.0,1.0,0.5453129171,0.5852892006,0.08227443695,0.09225517511,0.4329159248,0.5934424662,0.5445204897,0.6812864836
1069,1.0,0.0,0.0,0.5235987902,1.0,1.0,0.5446599118,0.5876029425,0.0819798708,0.09226119518,0.4262590266,0.5940595931,0.5379308931,0.680351783
1070,1.0,0.0,0.0,0.5235987902,1.0,1.0,0.5433512533,0.5858796563,0.08124905825,0.09147238731,0.4365436227,0.5960262131,0.5517240984,0.6823527419
1071,1.0,0.0,0.0,0.5235987902,1.0,1.0,0.5417366782,0.587301131,0.08198964596,0.09254282713,0.4329158993,0.6006602412,0.546391581,0.6812865554
1072,1.0,0.0,0.0,0.5235987902,1.0,1.0,0.5412526753,0.594495521,0.08128046989,0.09254705906,0.4352100611,0.6006599886,0.5482758013,0.681159439
1073,1.0,0.0,0.0,0.5235987902,1.0,1.0,0.54808104,0.5818670525,0.08288019896,0.09208911657,0.4336917542,0.5947713734,0.5513700436,0.6764703408
1074,1.0,0.0,0.0,0.5235987902,1.0,1.0,0.5431940684,0.5907353885,0.08159571886,0.09263676405,0.4331838469,0.5973597263,0.5463918545,0.6773251867
1075,1.0,0.0,0.0,0.5235987902,1.0,1.0,0.5490652561,0.5938463321,0.08243340254,0.09347832203,0.4326750884,0.5947709441,0.5410959552,0.6772332695
1076,1.0,0.0,0.0,0.5235987902,1.0,1.0,0.5410646826,0.5824334929,0.08060640097,0.0905148387,0.4352517773,0.5913620059,0.5448277423,0.6804733611
1077,1.0,0.0,0.0,0.5235987902,1.0,1.0,0.5471199719,0.5838661792,0.08175289631,0.09173589945,0.4308942846,0.5940597236,0.5463916392,0.6823529488
1078,1.0,0.0,0.0,0.5235987902,1.0,1.0,0.5489253633,0.5807102967,0.0818631053,0.09074962139,0.4327010534,0.5953947584,0.5448273994,0.6824927784
1079,1.0,0.0,0.0,0.5235987902,1.0,1.0,0.5194096806,0.4909232617,0.07536906004,0.07591331005,0.4521576484,0.6137180176,0.5492956932,0.6845873239
1080,1.0,0.0,0.0,0.5235987902,1.0,1.0,0.5465697503,0.4421991671,0.07619988918,0.06694704294,0.4687499933,0.5928574446,0.5539567354,0.6869919025
1081,1.0,0.0,0.0,0.5235987902,1.0,1.0,0.534201351,0.4479640417,0.07476830482,0.06824302673,0.4655004401,0.5999996811,0.5464284261,0.6932269977
1082,1.0,0.0,0.0,0.5235987902,1.0,1.0,0.5197862878,0.4783807393,0.07379943132,0.07298547029,0.4588909755,0.6176469876,0.5516013442,0.6765804296
1083,1.0,0.0,0.0,0.5235987902,1.0,1.0,0.5222474429,0.5240975361,0.0777810812,0.08243697882,0.438822421,0.6021127246,0.5365854952,0.674418302
1084,1.0,0.0,0.0,0.5235987902,1.0,1.0,0.5395875189,0.5577872631,0.07907360792,0.08613860607,0.4378478974,0.6082471818,0.5422536108,0.6813881589
1085,1.0,0.0,0.0,0.5235987902,1.0,1.0,0.5359729103,0.5606624319,0.07890349627,0.08700996637,0.4398531013,0.5993151435,0.5505225491,0.6832293797
1086,1.0,0.0,0.0,0.5235987902,1.0,1.0,0.5430182346,0.5804317628,0.08117562532,0.0911539793,0.4368231403,0.5946849294,0.5429553891,0.6745564993
1087,1.0,0.0,0.0,0.5235987902,1.0,1.0,0.5453141317,0.5844490158,0.08203929663,0.09181886911,0.4327010153,0.5960261292,0.5432524862,0.6775149062
1088,1.0,0.0,0.0,0.5235987902,1.0,1.0,0.5433507477,0.5858794769,0.08125674725,0.09148108959,0.4293429539,0.5860927687,0.5379310503,0.6735296762
1089,1.0,0.0,0.0,0.5235987902,1.0,1.0,0.5435085298,0.587602764,0.0822006464,0.09312433004,0.4345076395,0.5847176923,0.5448276588,0.677419582
1090,1.0,0.0,0.0,0.5235987902,1.0,1.0,0.545641362,0.5907355646,0.08201980591,0.09311819077,0.4324323896,0.5907588601,0.5463917526,0.6802326623
1091,1.0,0.0,0.0,0.5235987902,1.0,1.0,0.5501015165,0.5879072892,0.08191782236,0.09192103148,0.4368756536,0.5907587061,0.5467128094,0.6852939899
1092,1.0,0.0,0.0,0.5235987902,1.0,1.0,0.5537328084,0.5893260822,0.08272927999,0.09276527166,0.435059022,0.5934427836,0.5482758438,0.6754385119
1093,1.0,0.0,0.0,0.5235987902,1.0,1.0,0.5464706355,0.5861779468,0.0836584568,0.09421998262,0.4368756209,0.5847176743,0.5467127476,0.6725666124
1094,1.0,0.0,0.0,0.5235987902,1.0,1.0,0.5550437351,0.5948236045,0.08378195763,0.094186306,0.4355717269,0.5915028727,0.5501729869,0.6802321755
1095,1.0,0.0,0.0,0.5235987902,1.0,1.0,0.5515403644,0.5979414577,0.08311992884,0.0942568779,0.4355275041,0.5915034625,0.5517242683,0.6772332563
1096,1.0,0.0,0.0,0.5235987902,1.0,1.0,0.5486070081,0.5965526602,0.08202159405,0.09339088202,0.4384058274,0.5940597081,0.5501728734,0.6898551798
1097,1.0,0.0,0.0,0.5235987902,1.0,1.0,0.5499190579,0.5965528626,0.08351141214,0.09477448463,0.4425339689,0.5953947251,0.5570934944,0.6840581314
1098,1.0,0.0,0.0,0.5235987902,1.0,1.0,0.545641,0.5944953833,0.0831938386,0.09472566843,0.4432432771,0.5940594414,0.5551724177,0.6898554208
1099,1.0,0.0,0.0,0.5235987902,1.0,1.0,0.5521580731,0.6027559309,0.08370774984,0.09539419413,0.4242152004,0.5909086054,0.5429552139,0.6866098201
1100,1.0,0.0,0.0,0.5235987902,1.0,1.0,0.5472919446,0.6000109545,0.08183050156,0.09402376413,0.4433363614,0.5993380378,0.5536329324,0.6887610883
1101,1.0,0.0,0.0,0.5235987902,1.0,1.0,0.5545407123,0.6069278279,0.0827832818,0.09495735168,0.4378966412,0.5882352094,0.5501727309,0.6809116702
1102,1.0,0.0,0.0,0.5235987902,1.0,1.0,0.5541458129,0.606557427,0.08309036493,0.09496039152,0.4275427592,0.594155772,0.5413791095,0.6789773351
1103,1.0,0.0,0.0,0.5235987902,1.0,1.0,0.5541461023,0.6061909407,0.08314913511,0.095297575,0.4239424582,0.5941558884,0.539518688,0.6798867671
1104,1.0,0.0,0.0,0.5235987902,1.0,1.0,0.5537568714,0.6071697716,0.08409506083,0.09657371044,0.4262734269,0.5838706454,0.5460749804,0.67415713
1105,1.0,0.0,0.0,0.5235987902,1.0,1.0,0.5551453765,0.6061908739,0.08326512575,0.09543049335,0.4409377874,0.5909086679,0.5532644903,0.6827191769
1106,1.0,0.0,0.0,0.5235987902,1.0,1.0,0.5529585665,0.6113421484,0.08353698254,0.09624326229,0.4270366437,0.5889970732,0.539518739,0.6741574565
1107,1.0,0.0,0.0,0.5235987902,1.0,1.0,0.5564457337,0.6079080098,0.08318799734,0.09530282021,0.4234233902,0.5922332254,0.5429553866,0.6779655717
1108,1.0,0.0,0.0,0.5235987902,1.0,1.0,0.5454830175,0.5740740669,0.07905340195,0.08807295561,0.4890109805,0.6006713434,0.5951555547,0.6987951563
1109,1.0,0.0,0.0,0.5235987902,1.0,1.0,0.5547317921,0.5634786402,0.080250144,0.08747267723,0.5208139684,0.6133332937,0.6241380595,0.7064218683
1110,1.0,0.0,0.0,0.5235987902,1.0,1.0,0.5488209529,0.5769973021,0.08105260134,0.09108251333,0.5206611462,0.6086957481,0.6288658937,0.6964284663
1111,1.0,0.0,0.0,0.5235987902,1.0,1.0,0.5509745385,0.5752799377,0.0816847086,0.09091150761,0.5183149999,0.6013286224,0.6254295999,0.6955224155
1112,1.0,0.0,0.0,0.5235987902,1.0,1.0,0.5500161956,0.5671573667,0.08000767231,0.08806210756,0.5161587791,0.6073823703,0.6193772251,0.7012197474
1113,1.0,0.0,0.0,0.5235987902,1.0,1.0,0.5550405762,0.556389979,0.08189886808,0.08815687895,0.5276752279,0.6146175316,0.6323025322,0.703703854
1114,1.0,0.0,0.0,0.5235987902,1.0,1.0,0.5531967259,0.5598248933,0.08078533411,0.0877867341,0.5221402688,0.6133332054,0.632302527,0.702453869
1115,1.0,0.0,0.0,0.5235987902,1.0,1.0,0.5516701607,0.5613305354,0.08083248138,0.08837682009,0.5252989777,0.6133330974,0.6301367477,0.7012194505
1116,1.0,0.0,0.0,0.5235987902,1.0,1.0,0.5503372102,0.557907691,0.08156275749,0.08892798424,0.526703488,0.6053510826,0.6301371656,0.7055210447
1117,1.0,0.0,0.0,0.5235987902,1.0,1.0,0.548496633,0.5758031826,0.08264887333,0.09235596657,0.5193371133,0.6040264875,0.6228373137,0.7027027201
1118,1.0,0.0,0.0,0.5235987902,1.0,1.0,0.5401395617,0.5529556093,0.07854372263,0.08602404594,0.5147059728,0.6054418723,0.6151206067,0.6956522944
1119,1.0,0.0,0.0,0.5235987902,1.0,1.0,0.5436527367,0.5561964018,0.08103388548,0.0886734128,0.5036630458,0.6060603609,0.606164212,0.6953847333
1120,1.0,0.0,0.0,0.5235987902,1.0,1.0,0.5461530528,0.5548626007,0.08056354523,0.08734500408,0.5013799473,0.6026936326,0.6034482824,0.692546639
1121,1.0,0.0,0.0,0.5235987902,1.0,1.0,0.5471597671,0.5600319801,0.08008641005,0.08763664961,0.5004608271,0.6060610571,0.6068967435,0.6984620135
1122,1.0,0.0,0.0,0.5235987902,1.0,1.0,0.5531968439,0.5583090141,0.08103597164,0.08751881123,0.4963099235,0.6066662842,0.5965516389,0.6975309231
1123,1.0,0.0,0.0,0.5235987902,1.0,1.0,0.5496473344,0.5491812864,0.08111059666,0.08705866337,0.5013749161,0.6166665442,0.6040955798,0.6987577725
1124,1.0,0.0,0.0,0.5235987902,1.0,1.0,0.554731869,0.5495212453,0.08138608932,0.08681184053,0.5060129754,0.6166671061,0.6048110147,0.7062502875
1125,1.0,0.0,0.0,0.5235987902,1.0,1.0,0.551669697,0.5525924532,0.08135187626,0.08786004782,0.49218038,0.6066667741,0.5938567474,0.6975306758
1126,1.0,0.0,0.0,0.5235987902,1.0,1.0,0.5407874847,0.5479698922,0.07977104187,0.08657747507,0.5050785097,0.604095683,0.6068967,0.6981134284
1127,1.0,0.0,0.0,0.5235987902,1.0,1.0,0.5458204263,0.5373711042,0.08079826832,0.08571171761,0.4963099633,0.6047301135,0.5993150966,0.703821408
1128,1.0,0.0,0.0,0.5235987902,1.0,1.0,0.5340829288,0.4637699396,0.07480597496,0.07095569372,0.5363458009,0.6250003984,0.6079137503,0.7054263175
1129,1.0,0.0,0.0,0.5235987902,1.0,1.0,0.6110577035,0.4124091385,0.08201515675,0.06171989441,0.5295336274,0.5355933854,0.579925658,0.6036033252
1130,1.0,0.0,0.0,0.5235987902,1.0,1.0,0.611521033,0.4139478532,0.08166390657,0.0616645813,0.5400625093,0.5272109266,0.5858208776,0.5900904732
1131,1.0,0.0,0.0,0.5235987902,1.0,1.0,0.5731350612,0.4448064553,0.07666832209,0.06583178043,0.5501520637,0.5830390094,0.6080584959,0.6543205182
1132,1.0,0.0,0.0,0.5235987902,1.0,1.0,0.5362858924,0.4554195922,0.07565236092,0.07070058584,0.5356097443,0.6109092399,0.6063828521,0.6887154252
1133,1.0,0.0,0.0,0.5235987902,1.0,1.0,0.5207821921,0.482124998,0.07470440865,0.07525366545,0.5134099653,0.6286769986,0.5950705557,0.7043793221
1134,1.0,0.0,0.0,0.5235987902,1.0,1.0,0.5251141911,0.4961891374,0.07471323013,0.07662194967,0.5206135744,0.6350368574,0.6077741135,0.7153028814
1135,1.0,0.0,0.0,0.5235987902,1.0,1.0,0.5375149895,0.5257479795,0.07959127426,0.0837366581,0.5070028262,0.6180555972,0.6006945016,0.6996700046
1136,1.0,0.0,0.0,0.5235987902,1.0,1.0,0.5315587673,0.5324614932,0.07957595587,0.08537846804,0.5050784361,0.6111112359,0.5999999257,0.6990288415
1137,1.0,0.0,0.0,0.5235987902,1.0,1.0,0.543154946,0.5563903276,0.08124613762,0.08863216639,0.5059469411,0.6026935978,0.601374474,0.6944440522
1138,1.0,0.0,0.0,0.5235987902,1.0,1.0,0.5501514075,0.5617552311,0.08143615723,0.08849394321,0.4972476263,0.6066669009,0.5931033465,0.6901841606
1139,1.0,0.0,0.0,0.5235987902,1.0,1.0,0.5441508216,0.5654282071,0.08034545183,0.08846116066,0.5013747854,0.6060603588,0.598615967,0.6941896004
1140,1.0,0.0,0.0,0.5235987902,1.0,1.0,0.5471598918,0.5652015089,0.08250498772,0.09111660719,0.4949308206,0.6026936781,0.5896551482,0.689024474
1141,1.0,0.0,0.0,0.5235987902,1.0,1.0,0.5495088045,0.5691266139,0.08155554533,0.08976578712,0.4944648517,0.6040269683,0.5937498937,0.6920731464
1142,1.0,0.0,0.0,0.5235987902,1.0,1.0,0.5496930319,0.5728505874,0.08182042837,0.09063607454,0.4944444812,0.599326592,0.5923342454,0.689969427
1143,1.0,0.0,0.0,0.5235987902,1.0,1.0,0.5522497676,0.5786241048,0.08297151327,0.09219056368,0.4939535055,0.6026934745,0.5859651105,0.690909232
1144,1.0,0.0,0.0,0.5235987902,1.0,1.0,0.5495087984,0.5798155269,0.08216965199,0.09182041883,0.4870847826,0.5973154947,0.5853656792,0.6846842987
1145,1.0,0.0,0.0,0.5235987902,1.0,1.0,0.5495086973,0.5798158098,0.08254772425,0.09224295616,0.4870849162,0.6006710852,0.5853656435,0.6906906267
1146,1.0,0.0,0.0,0.5235987902,1.0,1.0,0.5558591454,0.5885213256,0.08229869604,0.09210908413,0.489871094,0.5993381824,0.5888503693,0.6923079412
1147,1.0,0.0,0.0,0.5235987902,1.0,1.0,0.5511623801,0.5812724492,0.08079171181,0.09021747112,0.4889705819,0.6033331858,0.5868056049,0.6925372523
1148,1.0,0.0,0.0,0.5235987902,1.0,1.0,0.5519852877,0.5864781737,0.08225500584,0.09236609936,0.4880733543,0.6013289759,0.5902779066,0.6923077916
1149,1.0,0.0,0.0,0.5235987902,1.0,1.0,0.5545288413,0.5910494717,0.08205419779,0.093503654,0.4857142886,0.5980070331,0.589655049,0.6909623129
1150,1.0,0.0,0.0,0.5235987902,1.0,1.0,0.5519853518,0.5948231402,0.08228695393,0.09404218197,0.4844036848,0.5980068755,0.59169552,0.6947677919
1151,1.0,0.0,0.0,0.5235987902,1.0,1.0,0.5602791587,0.5916831856,0.08484506607,0.09548568726,0.4912118375,0.6039604795,0.5902778316,0.6891498292
1152,1.0,0.0,0.0,0.5235987902,1.0,1.0,0.5528047678,0.5986240085,0.08351862431,0.09541034698,0.4853479377,0.5960270052,0.5833330529,0.6927538858
1153,1.0,0.0,0.0,0.5235987902,1.0,1.0,0.556884512,0.5951537702,0.08370929956,0.09507381916,0.4852398198,0.5960265136,0.5937497202,0.6909623002
1154,1.0,0.0,0.0,0.5235987902,1.0,1.0,0.5587283827,0.5972273916,0.08381319046,0.09487766027,0.4926199005,0.6039603115,0.5993033398,0.6967928417
1155,1.0,0.0,0.0,0.5235987902,1.0,1.0,0.5592445778,0.5954862407,0.08216303587,0.09273844957,0.4903046232,0.6072608194,0.5993032026,0.6959064666
1156,1.0,0.0,0.0,0.5235987902,1.0,1.0,0.5626487448,0.5937449521,0.08203339577,0.09201771021,0.4981481705,0.6052632726,0.5993031828,0.6979474686
1157,1.0,0.0,0.0,0.5235987902,1.0,1.0,0.554421299,0.5778020192,0.08118754625,0.09041953087,0.5380334014,0.6153846154,0.6354166111,0.708708968
1158,1.0,0.0,0.0,0.5235987902,1.0,1.0,0.5458276713,0.5698570657,0.0787191987,0.08731645346,0.5358807088,0.6177480088,0.6350877507,0.7169230958
1159,1.0,0.0,0.0,0.5235987902,1.0,1.0,0.5465113849,0.5484740946,0.07911759615,0.08534944057,0.5449438486,0.6130138251,0.637630638,0.7047619779
1160,1.0,0.0,0.0,0.5235987902,1.0,1.0,0.5340110744,0.532348982,0.07886534929,0.08372694254,0.5370538665,0.6232873141,0.6323022922,0.7096771208
1161,1.0,0.0,0.0,0.5235987902,1.0,1.0,0.5179586697,0.5305254588,0.07622337341,0.0832015872,0.5273722726,0.6161973263,0.6198632688,0.6935484218
1162,1.0,0.0,0.0,0.5235987902,1.0,1.0,0.5010441816,0.5165465727,0.07402276993,0.08001756668,0.532215411,0.6091548729,0.6262625835,0.690553695
1163,1.0,0.0,0.0,0.5235987902,1.0,1.0,0.480081326,0.494639241,0.07235574722,0.07682865858,0.5266374428,0.6072724247,0.6237287888,0.6883560608
1164,1.0,0.0,0.0,0.5235987902,1.0,1.0,0.4546892846,0.4607595649,0.0690202713,0.07220578194,0.5205598958,0.5961537797,0.6237289206,0.6727942269
1165,1.0,0.0,0.0,0.5235987902,1.0,1.0,0.4300120731,0.4558266582,0.06705355644,0.0707205534,0.4924370461,0.5976557639,0.5878376457,0.6814809009
1166,1.0,0.0,0.0,0.5235987902,1.0,1.0,0.4053799773,0.4261833478,0.06328004599,0.06559509039,0.4839241783,0.5853656009,0.5819398667,0.6627451265
1167,1.0,0.0,0.0,0.5235987902,1.0,1.0,0.4070577494,0.4230970731,0.06424230337,0.06633144617,0.4850993679,0.5813007338,0.5866665856,0.6259842909
1168,1.0,0.0,0.0,0.5235987902,1.0,1.0,0.3899461889,0.404136551,0.06298184395,0.06377571821,0.4950819418,0.5882346261,0.5939598152,0.6307049017
1169,1.0,0.0,0.0,0.0,1.0,1.0,0.3784768709,0.3789828825,0.0619405508,0.06059986353,0.495081975,0.5887450803,0.5939596652,0.6150446003
1170,1.0,0.0,0.0,0.0,1.0,1.0,0.3623989833,0.3521525066,0.05927842855,0.05582278967,0.482926807,0.5919286254,0.5872482237,0.6047615133
1171,1.0,0.0,0.0,0.0,1.0,1.0,0.3494780004,0.3292080186,0.05723756552,0.05215573311,0.4950980798,0.5794392718,0.5912161082,0.584615578
1172,1.0,0.0,0.0,0.0,1.0,1.0,0.3369269306,0.3157021915,0.05540698767,0.04981303215,0.4878444252,0.5865390098,0.5878378251,0.5721924942
1173,1.0,0.0,0.0,0.0,1.0,1.0,0.3207886089,0.310407272,0.05282878876,0.04831582308,0.4774193513,0.5879400217,0.573378739,0.5714287477
1174,1.0,0.0,0.0,0.0,1.0,1.0,0.317639621,0.3079087575,0.05311048031,0.04908692837,0.4847511443,0.6060607421,0.58249141,0.5683061702
1175,1.0,0.0,0.0,0.0,1.0,1.0,0.3171305292,0.310229621,0.05315190554,0.04966217279,0.4855769056,0.6010097102,0.5872481597,0.5567569579
1176,1.0,0.0,0.0,0.0,1.0,1.0,0.310723999,0.3152604345,0.05204677582,0.05043709278,0.4919870786,0.6134012826,0.5872484409,0.5691484459
1177,1.0,0.0,0.0,0.0,1.0,1.0,0.310336369,0.3219680129,0.05212563276,0.05132371187,0.4920383249,0.6205131254,0.590603924,0.583333043
1178,1.0,0.0,0.0,0.0,1.0,1.0,0.2947071356,0.3102290748,0.04934686422,0.04961502552,0.5032050931,0.6413045973,0.6040269307,0.5945949193
1179,1.0,0.0,0.0,0.0,1.0,1.0,0.2855549468,0.3018447612,0.04783195257,0.04836934805,0.4975923592,0.6348314677,0.5973156559,0.5944451222
1180,1.0,0.0,0.0,0.0,1.0,1.0,0.2705133472,0.2836256575,0.04477161169,0.04503977299,0.4943274589,0.6407182121,0.5945943714,0.6071433298
1181,1.0,0.0,0.0,0.0,1.0,1.0,0.2693872106,0.2908075593,0.04519498348,0.04653209448,0.492823009,0.6390524975,0.5919730187,0.6149428895
1182,1.0,0.0,0.0,0.0,1.0,1.0,0.2567226409,0.2736566348,0.0426312089,0.04316741228,0.4975767355,0.6477986894,0.5952379153,0.6273292011
1183,1.0,0.0,0.0,0.0,1.0,1.0,0.2558960024,0.2727288854,0.04253458977,0.04306954145,0.4911432552,0.6477988038,0.5898304189,0.6211182875
1184,1.0,0.0,0.0,0.0,1.0,1.0,0.2570913112,0.2751841746,0.04288125038,0.04368525743,0.4871383409,0.6562505212,0.5912162378,0.6319023846
1185,1.0,0.0,0.0,0.0,1.0,1.0,0.2563926723,0.275356356,0.04206180573,0.04340136051,0.4950981269,0.6496811586,0.5918365032,0.6296291719
1186,1.0,0.0,0.0,0.0,1.0,1.0,0.2563926939,0.2762962753,0.04232537746,0.04367333651,0.4934640989,0.6496813134,0.5904435457,0.6234576242
1187,1.0,0.0,0.0,0.0,1.0,1.0,0.2318964655,0.2438910694,0.03777956963,0.03804564476,0.5016340309,0.6478868351,0.5904433522,0.6433573555
1188,1.0,0.0,0.0,0.0,1.0,1.0,0.2217360072,0.223424843,0.03669172525,0.03534275293,0.4926590032,0.6250006092,0.5870306859,0.6488558115
1189,1.0,0.0,0.0,0.0,1.0,1.0,0.2149868501,0.2171200907,0.03516274691,0.03382062912,0.4860427167,0.6259541338,0.5758620848,0.6587301028
1190,1.0,0.0,0.0,0.0,1.0,1.0,0.2061044017,0.200579911,0.03380054235,0.03111791611,0.476268449,0.6269849527,0.5709342162,0.6637934997
1191,1.0,0.0,0.0,0.0,1.0,1.0,0.2175544197,0.217120443,0.03575915098,0.03387713432,0.4779049664,0.6240601128,0.5689653197,0.6507942093
1192,1.0,0.0,0.0,0.0,1.0,1.0,0.2074004579,0.2102276743,0.03395622969,0.03261941671,0.4787582279,0.6299204305,0.5724137905,0.6639348905
1193,1.0,0.0,0.0,0.0,1.0,1.0,0.2138109023,0.2082167796,0.03465473652,0.03223693371,0.4759536744,0.6279080167,0.5659723104,0.6666666667
1194,1.0,0.0,0.0,0.0,1.0,1.0,0.210063404,0.20778764,0.03445607424,0.032571733,0.4761905497,0.6328118918,0.5670104426,0.6694213515
1195,1.0,0.0,0.0,0.0,1.0,1.0,0.213932468,0.2163739854,0.03538990021,0.03403919935,0.480392148,0.6335878763,0.57388325,0.6587291164
1196,1.0,0.0,0.0,0.0,1.0,1.0,0.2159186046,0.213921692,0.03557533026,0.03368878365,0.4844517568,0.636363941,0.575342331,0.6560003114
1197,1.0,0.0,0.0,0.0,1.0,1.0,0.2188319713,0.2224788197,0.03623497486,0.03515338898,0.4885620427,0.6268666046,0.5821916904,0.6384610428
1198,1.0,0.0,0.0,0.0,1.0,1.0,0.2184752115,0.2217194366,0.03620570898,0.03512495756,0.4763458882,0.6492539893,0.5699659011,0.6615385399
1199,1.0,0.0,0.0,0.0,1.0,1.0,0.2286306401,0.2344580759,0.03761941195,0.03681325912,0.4738561816,0.6428577087,0.5719176756,0.6496347292
1200,1.0,0.0,0.0,0.0,1.0,1.0,0.2351628852,0.2438910362,0.03829413652,0.0380281806,0.4803921425,0.6458334955,0.5767921494,0.6363629239
1201,1.0,0.0,0.0,0.0,1.0,1.0,0.2392799918,0.2490133979,0.03930974007,0.03930974007,0.4723127473,0.6530610698,0.5694914525,0.6326534326
1202,1.0,0.0,0.0,0.0,1.0,1.0,0.2368807856,0.2490133932,0.03919905424,0.03946751356,0.472402656,0.650685546,0.5627118657,0.6394560186
1203,1.0,0.0,0.0,0.0,1.0,1.0,0.247822173,0.2694744192,0.04116111994,0.04278600216,0.4698204823,0.657895156,0.5699660074,0.6265815026
1204,1.0,0.0,0.0,0.0,1.0,1.0,0.2498607351,0.2703967375,0.04097104073,0.04230988026,0.4722221768,0.6601312229,0.5684932159,0.6329112676
1205,1.0,0.0,0.0,0.0,1.0,1.0,0.2592351922,0.2787560507,0.04318207502,0.04454004765,0.4714518352,0.6603775148,0.5782314093,0.6219511869
1206,1.0,0.0,0.0,0.0,1.0,1.0,0.2709528745,0.2886901605,0.04499614239,0.04607385397,0.4707792286,0.658682492,0.577702627,0.6257304419
1207,1.0,0.0,0.0,0.0,1.0,1.0,0.2688934543,0.287974745,0.04484760761,0.04592829943,0.4732576865,0.6566270344,0.5762708951,0.6235294576
1208,1.0,0.0,0.0,0.0,1.0,1.0,0.2669519232,0.2853135104,0.04396569729,0.04530608654,0.4706840719,0.6646344605,0.574324299,0.6213021799
1209,1.0,0.0,0.0,0.0,1.0,1.0,0.2715523958,0.2934600598,0.04567718506,0.04729884863,0.4758842025,0.6627223568,0.5805368308,0.6228572365
1210,1.0,0.0,0.0,0.0,1.0,1.0,0.2680248624,0.2884291599,0.04460191727,0.04621398449,0.4798061994,0.6686738938,0.5838925151,0.6220932182
1211,1.0,0.0,0.0,0.0,1.0,1.0,0.2700758126,0.2901065523,0.0448974371,0.0465105176,0.4773462902,0.6586821975,0.583892615,0.6184973543
1212,1.0,0.0,0.0,0.0,1.0,1.0,0.2737533156,0.295442884,0.04537326097,0.0469840765,0.4781199937,0.6508879626,0.5844593974,0.6228576286
1213,1.0,0.0,0.0,0.0,1.0,1.0,0.2797788696,0.3011788565,0.04621464014,0.04781752825,0.4822007237,0.6473993136,0.5858587527,0.6145254878
1214,1.0,0.0,0.0,0.0,1.0,1.0,0.2568125505,0.2744230596,0.0424182415,0.04376912117,0.5008183045,0.6624202569,0.5966101657,0.6296294279
1215,1.0,0.0,0.0,0.0,1.0,1.0,0.260938058,0.2778106577,0.04296690226,0.04431802034,0.5057472325,0.6540877973,0.6033895506,0.62195222
1216,1.0,0.0,0.0,0.0,1.0,1.0,0.2600836582,0.2761170358,0.04271626472,0.04379093647,0.5057283656,0.6477995144,0.6067794852,0.6257673304
1217,1.0,0.0,0.0,0.0,1.0,1.0,0.2605101203,0.2768726287,0.04257154465,0.04391032457,0.5098359866,0.6540885875,0.6047298427,0.6280485901
1218,1.0,0.0,0.0,0.0,1.0,1.0,0.2547598831,0.2693412307,0.04205411673,0.04286283255,0.5049019227,0.6538464264,0.6033896921,0.6289306777
1219,1.0,0.0,0.0,0.0,1.0,1.0,0.2204408957,0.2077878217,0.03595536947,0.03271126747,0.5174129126,0.6165415902,0.6013743883,0.6528924716
1220,1.0,0.0,0.0,0.0,1.0,1.0,0.1147766657,0.09518492048,0.01773160696,0.01418530941,0.5053004058,0.5846171429,0.5641023385,0.6346148998
1221,1.0,0.0,0.0,0.0,1.0,1.0,0.1137721213,0.09812702676,0.01769828796,0.01470315456,0.5061295704,0.5538447031,0.5672729312,0.6111124624
1222,1.0,0.0,0.0,0.0,1.0,1.0,0.180002514,0.1536242557,0.02842229605,0.02354985476,0.5162950769,0.6095246484,0.5901057831,0.7126430963
1223,1.0,0.0,0.0,0.0,1.0,1.0,0.1831168869,0.1589216224,0.02927231789,0.02462154627,0.5239726433,0.5981311646,0.5971730579,0.7000007262
1224,1.0,0.0,0.0,0.0,1.0,1.0,0.1368606783,0.1141686076,0.0209851861,0.01684337854,0.48288294,0.2631584927,0.520599316,0.2459012333
1225,1.0,0.0,0.0,0.0,1.0,1.0,0.1384119254,0.1048101743,0.02114462852,0.01537787914,0.4856115652,0.3116860419,0.5168538504,0.250001938
1226,1.0,0.0,0.0,0.0,1.0,1.0,0.1414820442,0.1183546857,0.02153980732,0.01739746332,0.4700544557,0.2435898145,0.5150377815,0.2222206995
1227,1.0,0.0,0.0,0.0,1.0,1.0,0.1685803486,0.1369339391,0.02651560307,0.02083367109,0.53356284,0.5816327907,0.6014232031,0.7012997417
1228,1.0,0.0,0.0,0.0,1.0,1.0,0.2307681417,0.2318291963,0.03716003895,0.03609067202,0.5215947914,0.6330933752,0.6082475924,0.6444448482
1229,1.0,0.0,0.0,0.0,1.0,1.0,0.261443269,0.2755309673,0.04282701015,0.04364019632,0.5115894516,0.6455704659,0.602739726,0.6335409835
1230,1.0,0.0,0.0,0.0,1.0,1.0,0.2736176933,0.2920667614,0.04480910301,0.04641902447,0.5147541771,0.6467067143,0.6148649966,0.6127170376
1231,1.0,0.0,0.0,0.0,1.0,1.0,0.2759896934,0.2988194652,0.04567360878,0.04783564806,0.5081699182,0.6508881917,0.6114865519,0.6214685957
1232,1.0,0.0,0.0,0.0,1.0,1.0,0.2804307282,0.3001680585,0.04634016752,0.04822611809,0.5154976357,0.6569761235,0.6208051226,0.6145247806
1233,1.0,0.0,0.0,0.0,1.0,1.0,0.2602884468,0.2730433012,0.04234975576,0.04316419363,0.5108513966,0.6282056154,0.6013746896,0.6100624849
1234,1.0,0.0,0.0,0.0,1.0,1.0,0.1324128015,0.09170890948,0.02011203766,0.01349979639,0.5136116192,0.4383564892,0.5430710655,0.5510201378
1235,1.0,0.0,0.0,0.0,1.0,1.0,0.1477274761,0.1182545733,0.02213919163,0.01694607735,0.4927008069,0.2469133143,0.519083871,0.2258079266
1236,1.0,0.0,0.0,0.0,1.0,1.0,0.14303968,0.1176949601,0.02148038149,0.01679873466,0.4770641701,0.2179498919,0.50193036,0.2131132999
1237,1.0,0.0,0.0,0.0,1.0,1.0,0.1524573437,0.1239309529,0.02243387699,0.01717162132,0.4726929859,0.2222234031,0.4959999862,0.1935492829
1238,1.0,0.0,0.0,0.0,1.0,1.0,0.1472474744,0.124930371,0.0218641758,0.01721805334,0.4732964425,0.25,0.4880951763,0.222220299
1239,1.0,0.0,0.0,0.0,1.0,1.0,0.1401430804,0.1329901435,0.02093017101,0.01817619801,0.4630995467,0.2368418055,0.479838831,0.2878804772
1240,1.0,0.0,0.0,0.0,1.0,1.0,0.141205891,0.1344628851,0.02123034,0.01847308874,0.4587155745,0.1818179266,0.4779116553,0.1940295618
1241,1.0,0.0,0.0,0.0,1.0,1.0,0.1488141915,0.1557837004,0.02240788937,0.02130132914,0.4705882353,0.2345680983,0.4817814189,0.2207808561
1242,1.0,0.0,0.0,0.0,1.0,1.0,0.1464384321,0.1511252919,0.02217274904,0.02078694105,0.4615383934,0.2124990255,0.4758063118,0.2000017204
1243,1.0,0.0,0.0,0.0,1.0,1.0,0.1625712471,0.1706367087,0.02456855774,0.02345180511,0.4602589003,0.2613636364,0.4756096662,0.25
1244,1.0,0.0,0.0,0.0,1.0,1.0,0.1498247865,0.1605528293,0.02296674252,0.02240657806,0.4497258379,0.2804878049,0.4738956441,0.2375
1245,1.0,0.0,0.0,0.0,1.0,1.0,0.1337406298,0.1499161759,0.02060985565,0.02088838816,0.4701627558,0.2702703484,0.5000002139,0.2666664764
1246,1.0,0.0,0.0,0.0,1.0,1.0,0.1118508304,0.1580141353,0.01719462872,0.02218657732,0.4927798369,0.338708671,0.5256918523,0.3374992276
1247,1.0,0.0,0.0,0.0,1.0,1.0,0.172722511,0.1846796539,0.02768874168,0.02741992474,0.5184563395,0.6116502346,0.5905794629,0.6470578006
1248,1.0,0.0,0.0,0.0,1.0,1.0,0.2138192562,0.2428219966,0.03505134583,0.03664451838,0.5170177787,0.6212129972,0.6021125912,0.6304349594
1249,1.0,0.0,0.0,0.0,1.0,1.0,0.2419029671,0.2747604697,0.04032427073,0.04244661331,0.5079618511,0.6381574182,0.6013743888,0.6375004213
1250,1.0,0.0,0.0,0.0,1.0,1.0,0.2651581603,0.2998328459,0.04474318027,0.04686123133,0.4976452327,0.6272190295,0.5966101617,0.627118256
1251,1.0,0.0,0.0,0.0,1.0,1.0,0.2694419843,0.3066085311,0.0457328558,0.04812586308,0.501567446,0.6279067343,0.6000002278,0.6187848178
1252,1.0,0.0,0.0,0.0,1.0,1.0,0.2681811941,0.3055725929,0.04537594318,0.0477502346,0.4945397698,0.6395343644,0.6013511142,0.6243090888
1253,1.0,0.0,0.0,0.0,1.0,1.0,0.2668338896,0.3042514979,0.04489183426,0.04754805565,0.4944708387,0.6331363854,0.5952383041,0.614525826
1254,1.0,0.0,0.0,0.0,1.0,1.0,0.2633451826,0.3012018127,0.04451304674,0.0471945405,0.4968254124,0.6385535715,0.5958903354,0.61931717
1255,1.0,0.0,0.0,0.0,1.0,1.0,0.2669412976,0.3001737876,0.044880867,0.04701811075,0.4896660646,0.630952381,0.5904435483,0.6193186644
1256,1.0,0.0,0.0,0.0,1.0,1.0,0.2621749279,0.3001737503,0.04396343231,0.0468943119,0.4848966673,0.6363627736,0.5836176394,0.6193190773
1257,1.0,0.0,0.0,0.0,1.0,1.0,0.2640930921,0.3018791027,0.04448789358,0.04715180397,0.4873416686,0.640719309,0.5904436014,0.6158194661
1258,1.0,0.0,0.0,0.0,1.0,1.0,0.2724307683,0.3066084212,0.04589700699,0.04829865694,0.4833598193,0.6337205074,0.5864407229,0.618784994
1259,1.0,0.0,0.0,0.0,1.0,1.0,0.2778858863,0.3140137019,0.04730993509,0.04999798536,0.4928909658,0.6363645526,0.5945947059,0.612903495
1260,1.0,0.0,0.0,0.0,1.0,1.0,0.264931376,0.2991523939,0.04422962666,0.0466132164,0.4888889841,0.6407182804,0.5918366176,0.6193187049
1261,1.0,0.0,0.0,0.0,1.0,1.0,0.2661989483,0.3018791381,0.04452586174,0.04719209671,0.4864434599,0.640719124,0.583617927,0.6158190949
1262,1.0,0.0,0.0,0.0,1.0,1.0,0.2717080751,0.3059514545,0.04552561045,0.04792171717,0.4928458978,0.6432750758,0.588435391,0.6166670605
1263,1.0,0.0,0.0,0.0,1.0,1.0,0.2649312113,0.295753155,0.04480350018,0.04668152332,0.492063506,0.6407184991,0.5850337619,0.6206903596
1264,1.0,0.0,0.0,0.0,1.0,1.0,0.2696903995,0.2998325211,0.04543304443,0.04730385542,0.4904760624,0.6352946579,0.5864405204,0.6101695129
1265,1.0,0.0,0.0,0.0,1.0,1.0,0.2693868464,0.3008523804,0.04453670979,0.04664498568,0.4928229346,0.6449701687,0.5884354291,0.6214691792
1266,1.0,0.0,0.0,0.0,1.0,1.0,0.2610719278,0.2889542869,0.04353880882,0.04540860653,0.487179478,0.6564425157,0.5850339104,0.6235301839
1267,1.0,0.0,0.0,0.0,1.0,1.0,0.2666242932,0.2998326751,0.04443055391,0.04709106684,0.4984025885,0.6467056871,0.5932205513,0.6271180434
1268,1.0,0.0,0.0,0.0,1.0,1.0,0.2599516491,0.2926447343,0.04334646463,0.04603880644,0.4991922008,0.6459635358,0.595890411,0.6140356783
1269,1.0,0.0,0.0,0.0,1.0,1.0,0.2595954816,0.2902158655,0.04287612438,0.04528784752,0.4821428459,0.6437494266,0.5773195089,0.6153837042
1270,1.0,0.0,0.0,0.0,1.0,1.0,0.2526952323,0.2826006777,0.04183483124,0.04398018122,0.4862237081,0.6538471402,0.5827587409,0.6219511699
1271,1.0,0.0,0.0,0.0,1.0,1.0,0.2647954303,0.2967626048,0.04447650909,0.04718852043,0.4830370928,0.6402440659,0.583617654,0.6149424271
1272,1.0,0.0,0.0,0.0,1.0,1.0,0.2667320136,0.2974529593,0.04468488693,0.04710757732,0.4903536693,0.6385536383,0.585033901,0.6171428788
1273,1.0,0.0,0.0,0.0,1.0,1.0,0.2752086946,0.3052902911,0.04595291615,0.04810273647,0.492753596,0.6549713215,0.5938568193,0.6201107766
1274,1.0,0.0,0.0,0.0,1.0,1.0,0.2693871682,0.3021959712,0.04511147738,0.04778075218,0.4928230278,0.6390529104,0.5878380926,0.6201118224
1275,1.0,0.0,0.0,0.0,1.0,1.0,0.2673667047,0.295443051,0.04472392797,0.04658740759,0.4936306731,0.6369047222,0.5945946048,0.6114274821
1276,1.0,0.0,0.0,0.0,1.0,1.0,0.27488659,0.3072610011,0.04600065947,0.04839372635,0.4785374356,0.6358376859,0.577702695,0.6043955503
1277,1.0,0.0,0.0,0.0,1.0,1.0,0.2869213441,0.3161499889,0.04827004671,0.04987901449,0.4354067189,0.6388890604,0.5408163304,0.6075264898
1278,1.0,0.0,0.0,0.0,1.0,1.0,0.2920957152,0.3175485304,0.04939746857,0.05073261261,0.4344392089,0.6378385814,0.5484949171,0.6105266744
1279,1.0,0.0,0.0,0.0,1.0,1.0,0.3020465795,0.3208910088,0.05140352249,0.05167263746,0.4287975311,0.6387429152,0.5317725121,0.6093747657
1280,1.0,0.0,0.0,0.0,1.0,1.0,0.2984116381,0.3175483766,0.05061817169,0.05088597536,0.4312796667,0.6455020536,0.5418060263,0.6052628188
1281,1.0,0.0,0.0,0.0,1.0,1.0,0.2901091654,0.311906457,0.04913544655,0.0502153635,0.4322168397,0.637362984,0.5402682737,0.5967744999
1282,1.0,0.0,0.0,0.0,1.0,1.0,0.2939536579,0.3108631376,0.05048775673,0.05076062679,0.4356120933,0.6324323176,0.5418059236,0.5967741557
1283,1.0,0.0,0.0,0.0,1.0,1.0,0.2823463227,0.2927657685,0.04777365923,0.04723078012,0.4349920744,0.624999844,0.5387204778,0.5919540738
1284,1.0,0.0,0.0,0.0,1.0,1.0,0.2184211817,0.1981651992,0.03597337008,0.03134042025,0.4503310791,0.5984842585,0.5448277604,0.6173904775
1285,1.0,0.0,0.0,0.0,1.0,1.0,0.1560531921,0.09561474061,0.02424973249,0.01444089413,0.4877192061,0.4831446037,0.5487363738,0.566035711
1286,1.0,0.0,0.0,0.0,1.0,1.0,0.1613681398,0.1102586517,0.02531629801,0.01687753201,0.4878472489,0.5161288044,0.5622775371,0.5967728265
1287,1.0,0.0,0.0,0.0,1.0,1.0,0.2046235866,0.161368186,0.03265708685,0.02510005236,0.4602367814,0.6115697351,0.545138825,0.6666658751
1288,1.0,0.0,0.0,0.0,1.0,1.0,0.2440108685,0.2095049935,0.039514184,0.03301870823,0.4364548052,0.6301373582,0.5360825249,0.647540806
1289,1.0,0.0,0.0,0.0,1.0,1.0,0.2740942501,0.2404155724,0.04458957911,0.03806430101,0.4448159665,0.6158531939,0.5395190582,0.6142859604
1290,1.0,0.0,0.0,0.0,1.0,1.0,0.2968639081,0.2759404205,0.04843097925,0.04412603378,0.4471947912,0.6277781812,0.5555556384,0.5975615686
1291,1.0,0.0,0.0,0.0,1.0,1.0,0.3137784944,0.2903784089,0.05063778162,0.04608303308,0.4418604565,0.6243389233,0.5540541505,0.5930233009
1292,1.0,0.0,0.0,0.0,1.0,1.0,0.3192891242,0.2978134701,0.05121254921,0.04721158743,0.4392678086,0.6145827999,0.5488214982,0.5932198682
1293,1.0,0.0,0.0,0.0,1.0,1.0,0.3270600177,0.3018450006,0.05220073462,0.04769611359,0.4401992872,0.6091371949,0.5469797696,0.5833333333
1294,1.0,0.0,0.0,0.0,1.0,1.0,0.3270600303,0.3058493939,0.05232048035,0.048602283,0.4401993154,0.6142138456,0.5451506234,0.5792355021
1295,1.0,0.0,0.0,0.0,1.0,1.0,0.3245049694,0.2951370731,0.05146682262,0.0466915369,0.4443515242,0.6185565219,0.5469798101,0.5795451354
1296,1.0,0.0,0.0,0.0,1.0,1.0,0.3234222247,0.2915041276,0.0514896512,0.04644691944,0.4378648479,0.6237114416,0.5466664721,0.594285531
1297,1.0,0.0,0.0,0.0,1.0,1.0,0.3255947292,0.291503786,0.05122894049,0.04621165991,0.4408060854,0.61340184,0.5433334323,0.5771433878
1298,1.0,0.0,0.0,0.0,1.0,1.0,0.3267247024,0.2898381153,0.05117976665,0.04566806555,0.4417436093,0.6153840779,0.5499998865,0.5862059064
1299,1.0,0.0,0.0,0.0,1.0,1.0,0.3246485209,0.2920667318,0.05066198111,0.04588758945,0.4302720527,0.6230371297,0.5304054554,0.5895948126
1300,1.0,0.0,0.0,0.0,1.0,1.0,0.3277694166,0.2924789702,0.05144405365,0.04664617777,0.4307561815,0.621761628,0.5418062551,0.5828572451
1301,1.0,0.0,0.0,0.0,1.0,1.0,0.3271523596,0.2913631736,0.05103063583,0.04595434666,0.4258782777,0.6178003439,0.5322035846,0.5813957711
1302,1.0,0.0,0.0,0.0,1.0,1.0,0.333999515,0.301178632,0.05212700367,0.04760575294,0.4288150611,0.6224486762,0.5387207152,0.5810049431
1303,1.0,0.0,0.0,0.0,1.0,1.0,0.3308734933,0.2961309406,0.05164027214,0.04684889317,0.4334472169,0.6134017406,0.5387205463,0.5738631593
1304,1.0,0.0,0.0,0.0,1.0,1.0,0.3362608876,0.3051987055,0.05248719454,0.04824578762,0.4324552898,0.611110291,0.5402684096,0.5714292774
1305,1.0,0.0,0.0,0.0,1.0,1.0,0.3351320506,0.300167662,0.05240255594,0.04761445522,0.434893577,0.614212967,0.5503354368,0.569832682
1306,1.0,0.0,0.0,0.0,1.0,1.0,0.3391425164,0.3062263972,0.05264997482,0.04839539528,0.4395887995,0.6161617534,0.548821639,0.58241742
1307,1.0,0.0,0.0,0.0,1.0,1.0,0.3456973201,0.3195493755,0.05425971746,0.05049914122,0.4315069286,0.6089108639,0.5476190746,0.5851068476
1308,1.0,0.0,0.0,0.0,1.0,1.0,0.3406014109,0.3116903093,0.05250763893,0.04879498482,0.4337348629,0.6111118679,0.5491523591,0.5760867972
1309,1.0,0.0,0.0,0.0,1.0,1.0,0.3385617552,0.3123255832,0.05292570591,0.04945081472,0.4354148935,0.6111114865,0.550675682,0.5837832235
1310,1.0,0.0,0.0,0.0,1.0,1.0,0.345401683,0.3146390735,0.05368107557,0.04969483614,0.4319930476,0.6039601652,0.5488213786,0.5828872516
1311,1.0,0.0,0.0,0.0,1.0,1.0,0.345762049,0.3123255836,0.05343782902,0.04918408394,0.4388984523,0.6019900997,0.5540541819,0.5891886782
1312,1.0,0.0,0.0,0.0,1.0,1.0,0.3509227651,0.3186142146,0.05449765921,0.05075764656,0.4406195118,0.6029405492,0.5604026883,0.5842113174
1313,1.0,0.0,0.0,0.0,1.0,1.0,0.3458276886,0.3184661478,0.05318588018,0.04999470711,0.4359861384,0.610000325,0.5525424038,0.5851065605
1314,1.0,0.0,0.0,0.0,1.0,1.0,0.3435042523,0.3116902935,0.05306184292,0.04906219244,0.4421415777,0.597990407,0.5525423832,0.5869568123
1315,1.0,0.0,0.0,0.0,1.0,1.0,0.3432078772,0.3123256606,0.05328124762,0.04953283072,0.4460741403,0.603015289,0.5574325061,0.5891894689
1316,1.0,0.0,0.0,0.0,1.0,1.0,0.3473300148,0.3144501757,0.05329823494,0.04930084944,0.4387489693,0.599999329,0.5544216782,0.583784189
1317,1.0,0.0,0.0,0.0,1.0,1.0,0.3386182718,0.3093512032,0.05215555429,0.04843014479,0.4416593834,0.6071426531,0.5544216172,0.5934059713
1318,1.0,0.0,0.0,0.0,1.0,1.0,0.3365997085,0.3038842328,0.05182987452,0.04784291983,0.443868678,0.6051283349,0.5608106548,0.5888888474
1319,1.0,0.0,0.0,0.0,1.0,1.0,0.3428616998,0.3123254456,0.0533028841,0.04930514097,0.4391080736,0.604999139,0.5574324465,0.5945952807
1320,1.0,0.0,0.0,0.0,1.0,1.0,0.3446349424,0.3150783256,0.0528357625,0.04913729429,0.4379310248,0.6049995657,0.5559320622,0.5913970017
1321,1.0,0.0,0.0,0.0,1.0,1.0,0.3497189957,0.3196865214,0.05380362272,0.05011117458,0.4528301649,0.5980391614,0.5589226741,0.5894738595
1322,1.0,0.0,0.0,0.0,1.0,1.0,0.3408153827,0.3035217242,0.05285149813,0.04783064127,0.4543904338,0.6100004398,0.5671141333,0.5966852137
1323,1.0,0.0,0.0,0.0,1.0,1.0,0.3463580208,0.3093511394,0.05334544182,0.04830288887,0.4689654699,0.5970147086,0.5782314198,0.5989007735
1324,1.0,0.0,0.0,0.0,1.0,1.0,0.3408157466,0.3106375685,0.0531899333,0.04893475771,0.4697356592,0.6000006724,0.5810812754,0.5869567071
1325,1.0,0.0,0.0,0.0,1.0,1.0,0.3459277753,0.3089490486,0.0537314415,0.04843771458,0.4680306704,0.6009846206,0.5844594428,0.5792346028
1326,1.0,0.0,0.0,0.0,1.0,1.0,0.347028463,0.3147029667,0.05366706848,0.04883700609,0.470486206,0.6149998223,0.5813149134,0.5879118666
1327,1.0,0.0,0.0,0.0,1.0,1.0,0.351433477,0.3222337887,0.05473303795,0.04992717505,0.4751286515,0.6048778788,0.5827586021,0.5721927943
1328,1.0,0.0,0.0,0.0,1.0,1.0,0.3532510701,0.3267405847,0.05538833141,0.05052495003,0.4741378794,0.6097559138,0.5839159855,0.5775397915
1329,1.0,0.0,0.0,0.0,1.0,1.0,0.3446354419,0.31101535,0.05409759283,0.04814684391,0.4689655349,0.6099997025,0.57342649,0.584270275
1330,1.0,0.0,0.0,0.0,1.0,1.0,0.344755177,0.3083387151,0.05404728651,0.04749614,0.4634146527,0.6010093045,0.5673759249,0.5919548524
1331,1.0,0.0,0.0,0.0,1.0,1.0,0.343612632,0.3118829175,0.05372786522,0.04800057411,0.4607329773,0.5989844731,0.5744681675,0.5681819311
1332,1.0,0.0,0.0,0.0,1.0,1.0,0.3471746706,0.3176798153,0.05405831337,0.04859787226,0.4649122941,0.5909092914,0.5714287384,0.5617971465
1333,1.0,0.0,0.0,0.0,1.0,1.0,0.3477847952,0.3170274356,0.05410987139,0.04837095737,0.4639718137,0.5959597406,0.5734765471,0.5706209259
1334,1.0,0.0,0.0,0.0,1.0,1.0,0.3458936905,0.3183276049,0.05435055494,0.04888820648,0.4608695982,0.5979902418,0.5693948963,0.5754186743
1335,1.0,0.0,0.0,0.0,1.0,1.0,0.3593108294,0.3355017377,0.05558669567,0.05126929283,0.4677137881,0.5970876805,0.5830387824,0.5684213096
1336,1.0,0.0,0.0,0.0,1.0,1.0,0.352333984,0.3272821349,0.05445665121,0.05014324188,0.4694589807,0.5990098847,0.5845070231,0.5698924476
1337,1.0,0.0,0.0,0.0,1.0,1.0,0.3534611045,0.3243800246,0.05481755733,0.04995685816,0.4738676159,0.5960588723,0.5824560765,0.5729731536
1338,1.0,0.0,0.0,0.0,1.0,1.0,0.3522340363,0.322119977,0.05458801985,0.04974770546,0.4739583018,0.6059115452,0.5853656842,0.5675678266
1339,1.0,0.0,0.0,0.0,1.0,1.0,0.3501947596,0.3210011689,0.05433338881,0.04976075888,0.470945304,0.5990096132,0.5833333333,0.5729732514
1340,1.0,0.0,0.0,0.0,1.0,1.0,0.3526412534,0.3197512638,0.0543358326,0.04922503233,0.4777292223,0.5990100965,0.5874128907,0.5683064542
1341,1.0,0.0,0.0,0.0,1.0,1.0,0.3439694017,0.3053848725,0.05258226395,0.04721671343,0.4820018119,0.6020410708,0.5868054953,0.5852265626
1342,1.0,0.0,0.0,0.0,1.0,1.0,0.3528462794,0.3205106086,0.0543821454,0.04982799292,0.4782608191,0.6009857724,0.5827586207,0.5698926403
1343,1.0,0.0,0.0,0.0,1.0,1.0,0.348460991,0.3187876308,0.05389040709,0.0496006608,0.4744146636,0.5920392067,0.5862067512,0.5729732588
1344,1.0,0.0,0.0,0.0,1.0,1.0,0.351318891,0.326278376,0.05451977253,0.05102837086,0.4753246384,0.5911325148,0.5773195837,0.5736841122
1345,1.0,0.0,0.0,0.0,1.0,1.0,0.3473300358,0.3136179121,0.05364525318,0.04881715775,0.4769765795,0.5900004222,0.582758857,0.5659339988
1346,1.0,0.0,0.0,0.0,1.0,1.0,0.3490665935,0.3181614399,0.05383211374,0.04927915335,0.4630756002,0.6019910248,0.5778547259,0.5815217589
1347,1.0,0.0,0.0,0.0,1.0,1.0,0.3504986035,0.3279418057,0.05419361591,0.05070590973,0.4618054388,0.5940588506,0.5798609906,0.5767199872
1348,1.0,0.0,0.0,0.0,1.0,1.0,0.345357021,0.3186373596,0.05277138948,0.04877352715,0.4589877884,0.595959596,0.5714284602,0.5737714534
1349,1.0,0.0,0.0,0.0,1.0,1.0,0.3427156102,0.312974321,0.05288672447,0.04859137535,0.4604003567,0.5989854524,0.5743944969,0.5856349389
1350,1.0,0.0,0.0,0.0,1.0,1.0,0.3443966309,0.3091059536,0.05341780186,0.04831761122,0.4614718177,0.5979901852,0.5773198628,0.5833328193
1351,1.0,0.0,0.0,0.0,1.0,1.0,0.3446947132,0.3108231189,0.05344939232,0.04861479998,0.4679375109,0.6080400833,0.5807559103,0.5801101247
1352,1.0,0.0,0.0,0.0,1.0,1.0,0.3452936095,0.312540297,0.05339032412,0.04882931709,0.4600694719,0.5979898207,0.5773194067,0.5769231708
1353,1.0,0.0,0.0,0.0,1.0,1.0,0.3517200976,0.3176920086,0.05397993326,0.04943704605,0.4634145394,0.5990097534,0.5841926952,0.5891892609
1354,1.0,0.0,0.0,0.0,1.0,1.0,0.3530498696,0.3195494291,0.05398702621,0.04975271225,0.4632034269,0.5980389776,0.5816324695,0.5797879987
1355,1.0,0.0,0.0,0.0,1.0,1.0,0.3620163355,0.3201601562,0.05560863018,0.0502871871,0.4592720564,0.5980858731,0.5796610324,0.5767193447
1356,1.0,0.0,0.0,0.0,1.0,1.0,0.3648616376,0.3291677385,0.05616283417,0.05186331272,0.462008794,0.5933016081,0.5836176893,0.5803105771
1357,1.0,0.0,0.0,0.0,1.0,1.0,0.3439518868,0.2907784212,0.05180120468,0.04529219866,0.4774775292,0.5706804897,0.5888500569,0.5688631186
1358,1.0,0.0,0.0,0.0,1.0,1.0,0.3040128692,0.1576181662,0.04346382618,0.02390509844,0.5114067571,0.5687504971,0.6021505123,0.5681804015
1359,1.0,0.0,0.0,0.0,1.0,1.0,0.3480642589,0.07059255532,0.04775691032,0.0103700757,0.4885571683,0.4742857214,0.5576207711,0.3947385059
1360,1.0,0.0,0.0,0.0,1.0,1.0,0.3018256021,0.175434061,0.04332953691,0.02697879076,0.5023742408,0.60377413,0.602836687,0.5858572915
1361,1.0,0.0,0.0,0.0,1.0,1.0,0.319972158,0.2348509257,0.04570329189,0.03575605154,0.4952919036,0.5764710332,0.5971731933,0.5789473684
1362,1.0,0.0,0.0,0.0,1.0,1.0,0.3428741124,0.2762962994,0.04999685287,0.04308241606,0.487226191,0.5851064844,0.6006824047,0.592591619
1363,1.0,0.0,0.0,0.0,1.0,1.0,0.3650765855,0.304251923,0.05368214846,0.04756981134,0.4918625235,0.5891085976,0.5986396347,0.5977654121
1364,1.0,0.0,0.0,0.0,1.0,1.0,0.3828798802,0.3314471973,0.05659139156,0.05180895329,0.4802159412,0.5915491771,0.5918365479,0.5897435602
1365,1.0,0.0,0.0,0.0,1.0,1.0,0.3834964466,0.334284265,0.05659073591,0.05231970549,0.4769231018,0.5896233023,0.5870309988,0.5816327344
1366,1.0,0.0,0.0,0.0,1.0,1.0,0.3860039516,0.3348468555,0.05737322569,0.05306345224,0.4796010765,0.5821592976,0.5918368345,0.5837561513
1367,1.0,0.0,0.0,0.0,1.0,1.0,0.3893695949,0.3376491226,0.0582190156,0.05365806818,0.4775582984,0.5760371353,0.5844596331,0.5700002111
1368,1.0,0.0,0.0,0.0,1.0,1.0,0.3888739066,0.3382989977,0.05756396055,0.05299109221,0.4672726696,0.579439262,0.5773194621,0.5786806712
1369,1.0,0.0,0.0,0.0,1.0,1.0,0.3889719094,0.3411067619,0.05814480782,0.05383783579,0.4702702595,0.5787036088,0.5802046454,0.5749998063
1370,1.0,0.0,0.0,0.0,1.0,1.0,0.3918314482,0.3411061753,0.05808156729,0.05353140831,0.4652213083,0.5760364597,0.5802050037,0.5799992874
1371,1.0,0.0,0.0,0.0,1.0,1.0,0.3774868586,0.3285835819,0.05718332529,0.05228191614,0.4622302438,0.5809520137,0.5719177531,0.5833334283
1372,1.0,0.0,0.0,0.0,1.0,1.0,0.3824578351,0.3308497994,0.05712020397,0.05173152685,0.4620939143,0.570755219,0.5758619559,0.562500072
1373,1.0,0.0,0.0,0.0,1.0,1.0,0.3854349279,0.3342959364,0.05738919973,0.05178374052,0.4600896243,0.5767439976,0.5758618407,0.5670100957
1374,1.0,0.0,0.0,0.0,1.0,1.0,0.37884942,0.3325671324,0.05685156584,0.05170792341,0.4657039575,0.5666667715,0.5749129494,0.5654449779
1375,1.0,0.0,0.0,0.0,1.0,1.0,0.3882725759,0.3446353133,0.05762434006,0.05335587263,0.4802159007,0.5648143934,0.5862068567,0.5700001005
1376,1.0,0.0,0.0,0.0,1.0,1.0,0.3851549537,0.3434509863,0.05802178383,0.05372393131,0.4719000241,0.5740741121,0.5807559718,0.5749996117
1377,1.0,0.0,0.0,0.0,1.0,1.0,0.3876300171,0.3416456291,0.05777209997,0.05351233482,0.4763180477,0.5668198771,0.5816326298,0.5771139735
1378,1.0,0.0,0.0,0.0,1.0,1.0,0.3778270228,0.3406400378,0.05695039034,0.05342483521,0.4761476843,0.5714282724,0.5882353165,0.5837569172
1379,1.0,0.0,0.0,0.0,1.0,1.0,0.3785081949,0.3440984805,0.0560567379,0.05312043428,0.4752028044,0.5857140427,0.5882353395,0.5829145221
1380,1.0,0.0,0.0,0.0,1.0,1.0,0.3845403179,0.3406402237,0.05800163746,0.05389773846,0.4845735318,0.5754717369,0.5916953844,0.583756334
1381,1.0,0.0,0.0,0.0,1.0,1.0,0.3845403714,0.3423691095,0.05669152737,0.05294770002,0.4754990074,0.5801891653,0.5813146628,0.58585862
1382,1.0,0.0,0.0,0.0,1.0,1.0,0.388621997,0.3434507661,0.05873185396,0.05438131094,0.4815481784,0.5648145799,0.5876288505,0.5749999726
1383,1.0,0.0,0.0,0.0,1.0,1.0,0.3860035921,0.3446352605,0.05782818794,0.05429881811,0.486854011,0.5680749045,0.593103383,0.5900000329
1384,1.0,0.0,0.0,0.0,1.0,1.0,0.3853707027,0.3446350377,0.05827659369,0.05446404219,0.4792793862,0.5654211486,0.5862067535,0.5849992613
1385,1.0,0.0,0.0,0.0,1.0,1.0,0.3785083013,0.3337236812,0.05659282207,0.05201148987,0.4679892751,0.5666666667,0.5778545045,0.5699477887
1386,1.0,0.0,0.0,0.0,1.0,1.0,0.3818496061,0.3291264707,0.05798196793,0.05199319124,0.4726457359,0.5633804699,0.5827588185,0.5759158822
1387,1.0,0.0,0.0,0.0,1.0,1.0,0.3866517305,0.3314476458,0.05837082863,0.05221247673,0.4835848218,0.5733942612,0.5918367424,0.5794869746
1388,1.0,0.0,0.0,0.0,1.0,1.0,0.3791292981,0.3285837599,0.05784231424,0.05213958025,0.4746215868,0.5680752819,0.5856162788,0.5677085179
1389,1.0,0.0,0.0,0.0,1.0,1.0,0.3756767529,0.3183152933,0.05736136436,0.05032646656,0.4645389102,0.5660384221,0.5787671427,0.5752696195
1390,1.0,0.0,0.0,0.0,1.0,1.0,0.373456688,0.3211267321,0.0575068593,0.0512085557,0.469750765,0.5714284234,0.5807557273,0.5775400198
1391,1.0,0.0,0.0,0.0,1.0,1.0,0.3723411438,0.3170641788,0.05514001846,0.04854428768,0.4759357245,0.5645932963,0.5827584932,0.5760868231
1392,1.0,0.0,0.0,0.0,1.0,1.0,0.3753440437,0.3279955555,0.05675262213,0.05113089085,0.4685563215,0.5707540086,0.5807558587,0.57591562
1393,1.0,0.0,0.0,0.0,1.0,1.0,0.3806555207,0.3279956278,0.05746030807,0.05104613304,0.4650132387,0.5581396314,0.5773193665,0.5654451362
1394,1.0,0.0,0.0,0.0,1.0,1.0,0.3791293755,0.3217381584,0.05734068155,0.0506105423,0.4621549755,0.5680752003,0.5719178588,0.5744679097
1395,1.0,0.0,0.0,0.0,1.0,1.0,0.3749017465,0.3222338771,0.05708515644,0.05059206486,0.4631110899,0.5687197853,0.5724137303,0.5775406047
1396,1.0,0.0,0.0,0.0,1.0,1.0,0.3801449525,0.3239570063,0.06017386913,0.05311119556,0.4642857479,0.5680748848,0.5724140388,0.5744687776
1397,1.0,0.0,0.0,0.0,1.0,1.0,0.3876838998,0.3371405267,0.05927103758,0.05356144905,0.4644128384,0.564219939,0.5719175371,0.5837569496
1398,1.0,0.0,0.0,0.0,1.0,1.0,0.3882721777,0.3348644254,0.0588092804,0.05309170485,0.4676258667,0.5601851101,0.5841923326,0.5692313392
1399,1.0,0.0,0.0,0.0,1.0,1.0,0.3896283528,0.3343081146,0.06096529961,0.05444341898,0.4560290651,0.5674414467,0.5679441425,0.5781243671
1400,1.0,0.0,0.0,0.0,1.0,1.0,0.3854991962,0.3359899457,0.05812805891,0.05301493406,0.4499999407,0.5694438321,0.5631397487,0.5736039297
1401,1.0,0.0,0.0,0.0,1.0,1.0,0.3954629391,0.3434508928,0.05879789591,0.05345261097,0.4532373538,0.572726858,0.5670103527,0.5899991748
1402,1.0,0.0,0.0,0.0,1.0,1.0,0.390731994,0.3394654581,0.05824643373,0.05312287807,0.4533937243,0.5787039264,0.5655173964,0.5939081339
1403,1.0,0.0,0.0,0.0,1.0,1.0,0.3958005963,0.3429119357,0.05912601948,0.0537263751,0.4647377188,0.5662096636,0.5689655566,0.5929647795
1404,1.0,0.0,0.0,0.0,1.0,1.0,0.3961257755,0.3268071317,0.05892884731,0.05132514238,0.4611871369,0.5760360973,0.5709341576,0.5925922055
1405,1.0,0.0,0.0,0.0,1.0,1.0,0.3975980017,0.3394657165,0.05933654308,0.05337584019,0.4677565343,0.5753428923,0.5793102481,0.5989851457
1406,1.0,0.0,0.0,0.0,1.0,1.0,0.3936092153,0.3394658828,0.05855923891,0.05316215754,0.4609799596,0.5668204641,0.5724139558,0.5837564875
1407,1.0,0.0,0.0,0.0,1.0,1.0,0.4005080756,0.3354525869,0.06096357107,0.05400425196,0.4693503632,0.5616440767,0.5778546149,0.5824736408
1408,1.0,0.0,0.0,0.0,1.0,1.0,0.3943253125,0.3325728539,0.06115543842,0.05439168215,0.4781818655,0.5622123588,0.589655244,0.5803103641
1409,1.0,0.0,0.0,0.0,1.0,1.0,0.3928019934,0.3371821388,0.06078416109,0.05538743734,0.4747474281,0.5654208861,0.5813147697,0.5794874775
1410,1.0,0.0,0.0,0.0,1.0,1.0,0.3906909679,0.3319947229,0.05919039249,0.05285841227,0.4690908876,0.5581400735,0.5813146859,0.5833334273
1411,1.0,0.0,0.0,0.0,1.0,1.0,0.3891793234,0.3314123272,0.05738300085,0.05145615339,0.4734917678,0.568074854,0.5868055596,0.5811516626
1412,1.0,0.0,0.0,0.0,1.0,1.0,0.3862929675,0.3176918891,0.05789661407,0.05052298307,0.4749316149,0.5566040455,0.5841923703,0.5837842939
1413,1.0,0.0,0.0,0.0,1.0,1.0,0.3844706816,0.3198907162,0.0566650629,0.04968267679,0.4731084823,0.554501926,0.5813148364,0.5675680864
1414,1.0,0.0,0.0,0.0,1.0,1.0,0.377870956,0.3050022245,0.05672454834,0.04850363731,0.4703195622,0.5700487559,0.5793103009,0.5706219063
1415,1.0,0.0,0.0,0.0,1.0,1.0,0.3769743546,0.3112447072,0.05677944422,0.04985511303,0.4756209524,0.5609756866,0.584775232,0.5555563526
1416,1.0,0.0,0.0,0.0,1.0,1.0,0.3834746473,0.3175309393,0.05813598633,0.05139553547,0.4828545421,0.5603859088,0.5937499425,0.5573773534
1417,1.0,0.0,0.0,0.0,1.0,1.0,0.3826486102,0.3183152176,0.0569473505,0.05043905973,0.4731085178,0.5666671551,0.5821916932,0.5752688109
1418,1.0,0.0,0.0,0.0,1.0,1.0,0.3888236463,0.3263482362,0.05858230591,0.05280661583,0.468493194,0.5633800954,0.5850338081,0.5677082628
1419,1.0,0.0,0.0,0.0,1.0,1.0,0.3915724814,0.3164324836,0.05772656202,0.05030459166,0.4738805891,0.5619040342,0.5813150696,0.568306257
1420,1.0,0.0,0.0,0.0,1.0,1.0,0.3953018578,0.3175313196,0.05872625113,0.05069297552,0.4720148835,0.5707542047,0.5902779048,0.573770087
1421,1.0,0.0,0.0,0.0,1.0,1.0,0.3904364157,0.3123255354,0.05700725317,0.04909712076,0.4710281225,0.5598087875,0.5902779832,0.5722211498
1422,1.0,0.0,0.0,0.0,1.0,1.0,0.3927043059,0.3123254039,0.05811089277,0.04957324266,0.476722607,0.5687207097,0.5902777804,0.5722224694
1423,1.0,0.0,0.0,0.0,1.0,1.0,0.3912472795,0.3140609924,0.05828386545,0.04999709129,0.4693878245,0.5734603069,0.5798610708,0.5745852468
1424,1.0,0.0,0.0,0.0,1.0,1.0,0.3868805796,0.3043283476,0.056668818,0.04749387503,0.4672810535,0.5571430825,0.581315019,0.5681820749
1425,1.0,0.0,0.0,0.0,1.0,1.0,0.3836241297,0.3032789697,0.05693548918,0.04794567823,0.4618917149,0.564593041,0.5724139595,0.5624997669
1426,1.0,0.0,0.0,0.0,1.0,1.0,0.3845436177,0.3012254315,0.05582928658,0.04665923119,0.4739777413,0.5700478295,0.5783970651,0.5606940108
1427,1.0,0.0,0.0,0.0,1.0,1.0,0.3824111404,0.3019146752,0.05680298805,0.04774743319,0.4805916001,0.5603864025,0.5833333333,0.5574713289
1428,1.0,0.0,0.0,0.0,1.0,1.0,0.38100263,0.2904949924,0.0567291975,0.04604107141,0.4825045003,0.5652172086,0.5882354268,0.5476185236
1429,1.0,0.0,0.0,0.0,1.0,1.0,0.3871209879,0.3022789557,0.05674612522,0.04719752073,0.480446983,0.5625003939,0.5839160292,0.5491328458
1430,1.0,0.0,0.0,0.0,1.0,1.0,0.3824110376,0.2956827249,0.05643045902,0.04661649466,0.4824398675,0.5603868408,0.5916955004,0.5497081557
1431,1.0,0.0,0.0,0.0,1.0,1.0,0.3740930511,0.2838135968,0.05535244942,0.04488778114,0.4692737621,0.5671645166,0.574912737,0.570553133
1432,1.0,0.0,0.0,0.0,1.0,1.0,0.3828051973,0.285052228,0.0558860898,0.04459875822,0.4773585256,0.5665023842,0.5880279611,0.5617279413
1433,1.0,0.0,0.0,0.0,1.0,1.0,0.3813659496,0.2906177704,0.05559951067,0.04491782188,0.4774435495,0.5566501037,0.5886525807,0.5548782106
1434,1.0,0.0,0.0,0.0,1.0,1.0,0.3797500234,0.2835294797,0.05518263578,0.04392647743,0.4763703991,0.5721394539,0.5851060883,0.5624996608
1435,1.0,0.0,0.0,0.0,1.0,1.0,0.3761942975,0.2938498941,0.05477428436,0.04550898075,0.4756554545,0.5572135893,0.5845073323,0.5508975605
1436,1.0,0.0,0.0,0.0,1.0,1.0,0.3859784135,0.3085996164,0.05759227276,0.04896736145,0.4757463232,0.5603867784,0.5859649861,0.5397730592
1437,1.0,0.0,0.0,0.0,1.0,1.0,0.38555234,0.3054833422,0.05724602938,0.04807561636,0.4719102048,0.5582526142,0.5830390513,0.5375718315
1438,1.0,0.0,0.0,0.0,1.0,1.0,0.3801214015,0.2963258066,0.05606418848,0.04621881247,0.4730983872,0.5707319044,0.5789470466,0.550295774
1439,1.0,0.0,0.0,0.0,1.0,1.0,0.3831192275,0.3044075029,0.05651438236,0.04723185301,0.4703703591,0.5507248822,0.5774649348,0.5317918929
1440,1.0,0.0,0.0,0.0,1.0,1.0,0.3799529323,0.3121064503,0.05743092299,0.0493850708,0.4618915724,0.5652168949,0.564912434,0.5393256122
1441,1.0,0.0,0.0,0.0,1.0,1.0,0.3753598761,0.3057735866,0.05633884668,0.04786074162,0.4676389713,0.5533982431,0.5699299474,0.5485709304
1442,1.0,0.0,0.0,0.0,1.0,1.0,0.3768388013,0.3085997609,0.05658733845,0.04811292887,0.4735883723,0.5652174371,0.5789472678,0.5397726217
1443,1.0,0.0,0.0,0.0,1.0,1.0,0.3702313299,0.2920902748,0.05563765764,0.0454967618,0.4708029516,0.5615756686,0.5739435434,0.5421683748
1444,1.0,0.0,0.0,0.0,1.0,1.0,0.3715872423,0.288571012,0.05592435598,0.04518026114,0.4725275422,0.5665027098,0.5809859624,0.542682774
1445,1.0,0.0,0.0,0.0,1.0,1.0,0.3727352697,0.291065572,0.0560426712,0.0456033349,0.4753199254,0.5637252191,0.5824564113,0.5481932356
1446,1.0,0.0,0.0,0.0,1.0,1.0,0.3665833583,0.2868118337,0.05454540253,0.04423338175,0.4689780956,0.572139173,0.5774648922,0.5460125345
1447,1.0,0.0,0.0,0.0,1.0,1.0,0.3690806739,0.2910654598,0.05472785234,0.04497438669,0.4698355121,0.569307141,0.5824561065,0.5481926194
1448,1.0,0.0,0.0,0.0,1.0,1.0,0.3665837434,0.2875584191,0.05508422852,0.04494428635,0.4635035649,0.5671636946,0.5719298379,0.5487799056
1449,1.0,0.0,0.0,0.0,1.0,1.0,0.3609601411,0.2830587433,0.05385732651,0.04384362698,0.4573501642,0.5628148601,0.5699298331,0.5432097926
1450,1.0,0.0,0.0,0.0,1.0,1.0,0.3577910635,0.267333153,0.05319935083,0.04152804613,0.4557077034,0.5612237924,0.5664335691,0.5424837633
1451,1.0,0.0,0.0,0.0,1.0,1.0,0.343647507,0.2002489876,0.04973554611,0.03067022562,0.4842406588,0.5833341323,0.5776173468,0.5225230828
1452,1.0,0.0,0.0,0.0,1.0,1.0,0.3768388135,0.05209455343,0.05101877451,0.007486462593,0.4815573279,0.5108691716,0.5444013971,0.3333306794
1453,1.0,0.0,0.0,0.0,1.0,1.0,0.3727757177,0.06650271815,0.05077749491,0.009606540203,0.4879032933,0.5081082985,0.5551331222,0.4571417935
1454,1.0,0.0,0.0,0.0,1.0,1.0,0.3426117359,0.1934403591,0.04911518097,0.02930629253,0.4886363424,0.5911596377,0.5878135383,0.5370384683
1455,1.0,0.0,0.0,0.0,1.0,1.0,0.3570750425,0.2436799359,0.05185735226,0.03688818216,0.4677717655,0.5824749259,0.5724382405,0.5507246143
1456,1.0,0.0,0.0,0.0,1.0,1.0,0.3590052878,0.2689473033,0.05326426029,0.04148727655,0.4548736031,0.5778894079,0.5729167472,0.5548380052
1457,1.0,0.0,0.0,0.0,1.0,1.0,0.3545256937,0.2766623502,0.05220401287,0.04197311401,0.4563279969,0.5678390296,0.5709343295,0.568749716
1458,1.0,0.0,0.0,0.0,1.0,1.0,0.3594097365,0.2882347032,0.0534132719,0.04446715117,0.4526129144,0.5665018089,0.5699658848,0.5562138506
1459,1.0,0.0,0.0,0.0,1.0,1.0,0.3603671001,0.2953678268,0.05374801159,0.04554021358,0.4582592386,0.571428413,0.5738831283,0.5813951662
1460,1.0,0.0,0.0,0.0,1.0,1.0,0.3558687139,0.2970846875,0.05358803272,0.0461229682,0.4508413338,0.5721388387,0.5670103409,0.583815253
1461,1.0,0.0,0.0,0.0,1.0,1.0,0.354925628,0.2984682576,0.05355012417,0.04662322998,0.4540635599,0.5671644283,0.569965899,0.5714285714
1462,1.0,0.0,0.0,0.0,1.0,1.0,0.3500673821,0.2974530376,0.05299085379,0.04636698961,0.4553414927,0.5799993026,0.5782310792,0.5714280205
1463,1.0,0.0,0.0,0.0,1.0,1.0,0.3526415039,0.2937548777,0.05430495739,0.04677754641,0.4532751536,0.5841578073,0.5675674361,0.5862063693
1464,1.0,0.0,0.0,0.0,1.0,1.0,0.3579315288,0.3005076188,0.05552369356,0.0477449894,0.4480968198,0.5845407516,0.5709460182,0.5898882436
1465,1.0,0.0,0.0,0.0,1.0,1.0,0.3519398915,0.2968139035,0.05495887995,0.04722195864,0.4478631565,0.5776703609,0.570469854,0.587571142
1466,1.0,0.0,0.0,0.0,1.0,1.0,0.3589485772,0.3125344329,0.05650424957,0.05007719994,0.4502126986,0.5829381087,0.5719062139,0.5828881779
1467,1.0,0.0,0.0,0.0,1.0,1.0,0.3625008801,0.3184662481,0.05630928278,0.04993462563,0.4491017895,0.5849056803,0.5627116183,0.5851063068
1468,1.0,0.0,0.0,0.0,1.0,1.0,0.360509772,0.3230517084,0.0570088625,0.0513882637,0.4377645718,0.5774645826,0.5589225614,0.5833333333
1469,1.0,0.0,0.0,0.0,1.0,1.0,0.3730793852,0.3382466464,0.05973881483,0.0545322299,0.4400684254,0.5871553134,0.5578232701,0.5778900185
1470,1.0,0.0,0.0,0.0,1.0,1.0,0.3735114585,0.3404878731,0.05946797132,0.05458021164,0.4470991013,0.5799087307,0.5627120371,0.5870641605
1471,1.0,0.0,0.0,0.0,1.0,1.0,0.3691558664,0.3224552687,0.05896878242,0.05190336704,0.4417021815,0.5852534842,0.5608108984,0.5759169218
1472,1.0,0.0,0.0,0.0,1.0,1.0,0.3676307767,0.3252425182,0.05840867758,0.05216032267,0.4388366715,0.5906973422,0.5593221347,0.5885419464
1473,1.0,0.0,0.0,0.0,1.0,1.0,0.3696564477,0.3387941205,0.05917316675,0.05479001999,0.4417808251,0.5879632661,0.5627119481,0.5899998259
1474,1.0,0.0,0.0,0.0,1.0,1.0,0.3595602974,0.3297820702,0.05745762587,0.05337297916,0.450980308,0.5829390474,0.5690235033,0.6020414317
1475,1.0,0.0,0.0,0.0,1.0,1.0,0.3646613869,0.3337008638,0.05856406689,0.05449712276,0.444256606,0.587962652,0.5581397046,0.5920398989
1476,1.0,0.0,0.0,0.0,1.0,1.0,0.3611428682,0.3325900427,0.05785059929,0.0535454154,0.4470589133,0.5813953009,0.5685618048,0.5929650479
1477,1.0,0.0,0.0,0.0,1.0,1.0,0.3605371136,0.3403416101,0.05762898922,0.05494856834,0.4496643832,0.5906972511,0.5681064215,0.5999995661
1478,1.0,0.0,0.0,0.0,1.0,1.0,0.3391117578,0.2984913024,0.05378884077,0.04811263084,0.4560955196,0.5829147399,0.5637582726,0.6011241384
1479,1.0,0.0,0.0,0.0,1.0,1.0,0.3127258238,0.188275259,0.04647493362,0.02908080816,0.4821592529,0.6315792849,0.5633802219,0.6355137888
1480,1.0,0.0,0.0,0.5235987902,1.0,1.0,0.3614012498,0.09746348121,0.0539277792,0.0152888298,0.4557315345,0.5257726375,0.5248225926,0.6363643452
1481,1.0,0.0,0.0,0.5235987902,1.0,1.0,0.3642910203,0.09923544519,0.05386430025,0.01562905312,0.4617563522,0.5129529608,0.5283689876,0.5892865315
1482,1.0,0.0,0.0,0.5235987902,1.0,1.0,0.3759537757,0.09750670797,0.05613744259,0.01556289196,0.4618250222,0.5,0.5331010518,0.5535729332
1483,1.0,0.0,0.0,0.0,1.0,1.0,0.3441299722,0.1051137898,0.05325388908,0.01727920771,0.4743589657,0.5265957209,0.5517240254,0.62295229
1484,1.0,0.0,0.0,0.0,1.0,1.0,0.3224581318,0.2062608111,0.05066239834,0.03442806005,0.4884136301,0.5966841339,0.5771811745,0.5853668671
1485,1.0,0.0,0.0,0.0,1.0,1.0,0.3325670023,0.2506850243,0.05321449041,0.04234868288,0.479094081,0.5916233475,0.5742574816,0.605264232
1486,1.0,0.0,0.0,0.0,1.0,1.0,0.3337122305,0.2643686398,0.05440831184,0.04529422522,0.4762711875,0.5786803532,0.5806451837,0.597560767
1487,1.0,0.0,0.0,0.0,1.0,1.0,0.3445202061,0.3177140826,0.05674755573,0.05455446243,0.4587843351,0.5748792626,0.5750797347,0.6080400143
1488,1.0,0.0,0.0,0.0,1.0,1.0,0.3486424233,0.3331471237,0.05762034655,0.05762034655,0.4601329369,0.5857140049,0.5809525844,0.6190477176
1489,1.0,0.0,0.0,0.0,1.0,1.0,0.3552835288,0.3410793551,0.05854290724,0.05881643295,0.4584717542,0.5841128013,0.5809523217,0.6093024151
1490,1.0,0.0,0.0,0.0,1.0,1.0,0.3581813006,0.3457189137,0.05919021368,0.06000852585,0.4632535732,0.5760371866,0.5786163565,0.6090908007
1491,1.0,0.0,0.0,0.0,1.0,1.0,0.3583524756,0.3488619223,0.05904811621,0.06013160944,0.4671052281,0.5779816143,0.5880501666,0.5990993625
1492,1.0,0.0,0.0,0.0,1.0,1.0,0.3577643035,0.3509011628,0.05881816149,0.06043696404,0.4581281386,0.5733939329,0.5799373616,0.6071428571
1493,1.0,0.0,0.0,0.0,1.0,1.0,0.3646388264,0.3562680161,0.05917668343,0.06079059839,0.4560530552,0.5818174493,0.5741325395,0.6106195037
1494,1.0,0.0,0.0,0.0,1.0,1.0,0.3561707318,0.3496452518,0.05838471651,0.05974888802,0.4604496999,0.5841120207,0.5782746411,0.6118722691
1495,1.0,0.0,0.0,0.0,1.0,1.0,0.3607008362,0.3528380535,0.05910569429,0.06047385931,0.4553049226,0.578704334,0.5750800211,0.6108598311
1496,1.0,0.0,0.0,0.0,1.0,1.0,0.354339668,0.3444680205,0.05749982595,0.05860036612,0.4622561368,0.5789473684,0.5728155918,0.600939225
1497,1.0,0.0,0.0,0.0,1.0,1.0,0.357606128,0.3532230461,0.05873394012,0.06011921167,0.4632910464,0.5801894069,0.5732896331,0.6129038015
1498,1.0,0.0,0.0,0.0,1.0,1.0,0.3530410196,0.3472083919,0.05779767036,0.05889850855,0.4634146697,0.5857145214,0.5811688289,0.602803412
1499,1.0,0.0,0.0,0.0,1.0,1.0,0.3623505231,0.3440703164,0.05900347233,0.05817252398,0.458723363,0.5821596624,0.5737703993,0.609524034
1500,1.0,0.0,0.0,0.0,1.0,1.0,0.3668298569,0.3539009299,0.06066763401,0.06066769361,0.4647409283,0.5787034035,0.5770490378,0.6157402722
1501,1.0,0.0,0.0,0.0,1.0,1.0,0.3652782641,0.3506238458,0.06011790037,0.05956125259,0.4585448006,0.5740746432,0.570491824,0.6121496449
1502,1.0,0.0,0.0,0.0,1.0,1.0,0.3709791109,0.3550650248,0.06161880493,0.06077474356,0.45762707,0.584475407,0.5690788718,0.6157404002
1503,1.0,0.0,0.0,0.0,1.0,1.0,0.3691024897,0.3478450829,0.06128168106,0.05960273743,0.4536255618,0.5753421726,0.5653595738,0.6103285305
1504,1.0,0.0,0.0,0.5235987902,1.0,1.0,0.369231284,0.3483397907,0.06182396412,0.06013786793,0.4492023716,0.5772728237,0.5602608304,0.6121497087
1505,1.0,0.0,0.0,0.5235987902,1.0,1.0,0.374266395,0.3511110223,0.0619084239,0.05968743563,0.4492022997,0.5829590498,0.5653594702,0.613953219
1506,1.0,0.0,0.0,0.5235987902,1.0,1.0,0.3828369246,0.3583525449,0.06338357925,0.06113994122,0.4593220467,0.5884953921,0.5723684831,0.6192659477
1507,1.0,0.0,0.0,0.5235987902,1.0,1.0,0.3837448653,0.3550647142,0.0627489686,0.06023895741,0.4522183871,0.5911111153,0.5657892888,0.6203700222
1508,1.0,0.0,0.0,0.5235987902,1.0,1.0,0.3894376203,0.3507977407,0.06285685301,0.05896311998,0.4534483666,0.5973450614,0.5596025339,0.6226414904
1509,1.0,0.0,0.0,0.5235987902,1.0,1.0,0.3893478704,0.3403414758,0.06282377243,0.05749493837,0.4730434518,0.6071433993,0.5813952093,0.6292679387
1510,1.0,0.0,0.0,0.5235987902,1.0,1.0,0.3733547455,0.2020148654,0.05574816465,0.03259122372,0.4980842247,0.6051284135,0.5638298108,0.6578942556
1511,1.0,0.0,0.0,0.5235987902,1.0,1.0,0.4346270421,0.1327674217,0.06257736683,0.02076303959,0.4629259002,0.4838704454,0.5092252216,0.4444431686
1512,1.0,0.0,0.0,0.5235987902,1.0,1.0,0.4453159537,0.1337544349,0.06412392855,0.02089107037,0.4556451947,0.4751124955,0.4981413349,0.402777223
1513,1.0,0.0,0.0,0.5235987902,1.0,1.0,0.4412860813,0.1411850658,0.06465637684,0.0224378109,0.4657258565,0.4748855501,0.5055762333,0.3947360032
1514,1.0,0.0,0.0,0.5235987902,1.0,1.0,0.4513611471,0.1341162537,0.06420695782,0.02092456818,0.4596774058,0.473214236,0.5073530592,0.3835627364
1515,1.0,0.0,0.0,0.5235987902,1.0,1.0,0.4055706871,0.1915308308,0.05963402987,0.03123688698,0.5536232654,0.5809525904,0.6202089243,0.6636371616
1516,1.0,0.0,0.0,0.5235987902,1.0,1.0,0.3871796262,0.2641619972,0.05906873941,0.04437214136,0.5625578042,0.6411475577,0.6430975511,0.6560506474
1517,1.0,0.0,0.0,0.5235987902,1.0,1.0,0.4079721003,0.3271199726,0.06346201897,0.0551481843,0.5454545629,0.6200874224,0.6381578273,0.658291479
1518,1.0,0.0,0.0,0.5235987902,1.0,1.0,0.4147951463,0.3468456051,0.06407064199,0.05827111006,0.5438282539,0.620689591,0.6348685156,0.6445495061
1519,1.0,0.0,0.0,0.5235987902,1.0,1.0,0.4287149972,0.3653700479,0.06652277708,0.06181079149,0.5478106165,0.6166663829,0.6393444702,0.6457402173
1520,1.0,0.0,0.0,0.5235987902,1.0,1.0,0.430992772,0.3739741075,0.06743985415,0.06355440617,0.54037273,0.617284147,0.6372549432,0.6419214342
1521,1.0,0.0,0.0,0.5235987902,1.0,1.0,0.4279499634,0.371923513,0.06595724821,0.06238460541,0.5343444001,0.6083334312,0.6262297331,0.6299558587
1522,1.0,0.0,0.0,0.5235987902,1.0,1.0,0.4408252862,0.3817539837,0.06838393211,0.06450790167,0.5339286162,0.6194334136,0.6295081967,0.6480679835
1523,1.0,0.0,0.0,0.5235987902,1.0,1.0,0.4406427491,0.3906612541,0.06931388378,0.06707793474,0.5235554586,0.6129036696,0.6156351147,0.6374996557
1524,1.0,0.0,0.0,0.5235987902,1.0,1.0,0.4318573124,0.3780355113,0.06708967686,0.06380367279,0.5114637606,0.6122445535,0.6103897893,0.6351929286
1525,1.0,0.0,0.0,0.5235987902,1.0,1.0,0.4323331438,0.3845257782,0.06924724579,0.06644374132,0.5026268744,0.6072874633,0.6071427339,0.6371309569
1526,1.0,0.0,0.0,0.5235987902,1.0,1.0,0.4363759722,0.3825222807,0.06835347414,0.06477040052,0.5070422348,0.6129034227,0.6123780887,0.6340424435
1527,1.0,0.0,0.0,0.5235987902,1.0,1.0,0.4312002393,0.3816638861,0.06822997332,0.06519138813,0.503930005,0.6032389018,0.6084142417,0.6355937937
1528,1.0,0.0,0.0,0.5235987902,1.0,1.0,0.4371456565,0.3870385936,0.068983078,0.06592333317,0.5079365379,0.6129024732,0.6143790186,0.6497888808
1529,1.0,0.0,0.0,0.5235987902,1.0,1.0,0.4410599074,0.3935709239,0.06787973642,0.0654360652,0.5163283872,0.6039998841,0.6176471748,0.6473031011
1530,1.0,0.0,0.0,0.5235987902,1.0,1.0,0.4373656517,0.3825228082,0.06897234917,0.06509441137,0.5079086481,0.6064257098,0.612377719,0.642552946
1531,1.0,0.0,0.0,0.5235987902,1.0,1.0,0.4395453055,0.3952042441,0.06856000423,0.06583935022,0.5008725497,0.6071431676,0.6078433267,0.6487609553
1532,1.0,0.0,0.0,0.5235987902,1.0,1.0,0.4445914725,0.3868273125,0.06832939386,0.06368303299,0.5160142335,0.6080006839,0.6179402162,0.656652228
1533,1.0,0.0,0.0,0.5235987902,1.0,1.0,0.4489091181,0.4001091164,0.06993371248,0.06635451317,0.5101680932,0.6062995347,0.6079732571,0.6514519728
1534,1.0,0.0,0.0,0.5235987902,1.0,1.0,0.4515336196,0.4074903616,0.07106184959,0.06825304031,0.5214285978,0.6166009629,0.6140941412,0.6584364979
1535,1.0,0.0,0.0,0.5235987902,1.0,1.0,0.4601872644,0.4128130302,0.07206577063,0.06872683764,0.5200000228,0.6100385174,0.6220735008,0.6599187369
1536,1.0,0.0,0.0,0.5235987902,1.0,1.0,0.4648155987,0.4050896096,0.07335114479,0.06805205345,0.5278514278,0.6083649974,0.621262482,0.6475409118
1537,1.0,0.0,0.0,0.5235987902,1.0,1.0,0.4689621694,0.4128128549,0.07474076748,0.07019376755,0.5218554333,0.6121670699,0.6187292306,0.6599193652
1538,1.0,0.0,0.0,0.5235987902,1.0,1.0,0.4742204643,0.4139100888,0.07450646162,0.06916445494,0.5201431906,0.618868154,0.6195283997,0.6626013563
1539,1.0,0.0,0.0,0.5235987902,1.0,1.0,0.4794437668,0.4266327006,0.0749823451,0.07075405121,0.5256988407,0.6165414012,0.6190475506,0.6653384508
1540,1.0,0.0,0.0,0.5235987902,1.0,1.0,0.4827358115,0.4242596108,0.07779842615,0.07289999723,0.5223613812,0.6148144289,0.6275166435,0.6679841283
1541,1.0,0.0,0.0,0.5235987902,1.0,1.0,0.4897446057,0.423492261,0.07676482201,0.07107853889,0.5353902176,0.6222222222,0.6372882006,0.676
1542,1.0,0.0,0.0,0.5235987902,1.0,1.0,0.4818738647,0.419498258,0.07632857561,0.07095730305,0.5267857697,0.6148146818,0.62876251,0.6613544612
1543,1.0,0.0,0.0,0.5235987902,1.0,1.0,0.4812462442,0.417551965,0.07494258881,0.0698902607,0.5293056858,0.6179771706,0.624161069,0.6666672352
1544,1.0,0.0,0.0,0.5235987902,1.0,1.0,0.4830487191,0.4209061363,0.07721221447,0.0723144412,0.5311091219,0.6156718434,0.6275167948,0.6573705836
1545,1.0,0.0,0.0,0.5235987902,1.0,1.0,0.486462187,0.4133282853,0.07569098473,0.06943076849,0.5333943701,0.6315789474,0.630508418,0.6639341377
1546,1.0,0.0,0.0,0.5235987902,1.0,1.0,0.4802512516,0.3867701958,0.07403200865,0.06459933519,0.5343229248,0.6332042726,0.6232877128,0.6637165447
1547,1.0,0.0,0.0,0.5235987902,1.0,1.0,0.5163455916,0.3272191638,0.07611471415,0.05304962397,0.5322896181,0.5946970735,0.6049821946,0.6902176905
1548,1.0,0.0,0.0,0.5235987902,1.0,1.0,0.558246714,0.2871121335,0.08034241199,0.04549854994,0.5015015656,0.5376342251,0.5745454792,0.6139238268
1549,1.0,0.0,0.0,0.5235987902,1.0,1.0,0.5662506006,0.2998325066,0.08094328642,0.04719305038,0.4974974843,0.5265017824,0.5600001666,0.6121212274
1550,1.0,0.0,0.0,0.5235987902,1.0,1.0,0.5489472066,0.3295652,0.08231204748,0.05487471819,0.5402983983,0.5724640777,0.6093189438,0.6902171847
1551,1.0,0.0,0.0,0.5235987902,1.0,1.0,0.5325133393,0.3431184311,0.08262336254,0.05923372507,0.5357492782,0.5919116427,0.6091549624,0.7179487954
1552,1.0,0.0,0.0,0.5235987902,1.0,1.0,0.5244883662,0.3546968908,0.07979029417,0.05999046564,0.5510203682,0.6111108206,0.625874079,0.7192115437
1553,1.0,0.0,0.0,0.5235987902,1.0,1.0,0.5103948388,0.3799960845,0.07558035851,0.06293570995,0.5631068352,0.638783213,0.6388888089,0.7123287931
1554,1.0,0.0,0.0,0.5235987902,1.0,1.0,0.508703642,0.4181340376,0.07766443491,0.07102400064,0.5553453406,0.6356872217,0.6394559136,0.6869916959
1555,1.0,0.0,0.0,0.5235987902,1.0,1.0,0.5152344545,0.4353502831,0.08061331511,0.07561177015,0.5559736369,0.6350365665,0.6440677559,0.6887159012
1556,1.0,0.0,0.0,0.5235987902,1.0,1.0,0.5163783579,0.4524500816,0.08077031374,0.07758581638,0.5388888709,0.6272403312,0.6317569505,0.6865674508
1557,1.0,0.0,0.0,0.5235987902,1.0,1.0,0.5244502857,0.4708251361,0.08142650127,0.08026736975,0.5387488511,0.6298929076,0.6292514664,0.6859206795
1558,1.0,0.0,0.0,0.5235987902,1.0,1.0,0.5283971967,0.4809599791,0.08100956678,0.08129787445,0.5446847604,0.626334784,0.6348122903,0.6843972515
1559,1.0,0.0,0.0,0.5235987902,1.0,1.0,0.5341680827,0.484475373,0.08101332188,0.0818721652,0.5410764789,0.6325087663,0.637288309,0.6818177516
1560,1.0,0.0,0.0,0.5235987902,1.0,1.0,0.5330355821,0.4878633908,0.08086067438,0.08199959993,0.5474177557,0.6338030557,0.6372882991,0.6875000454
1561,1.0,0.0,0.0,0.5235987902,1.0,1.0,0.5335369307,0.4895912097,0.08458584547,0.08637279272,0.5526315122,0.6267603401,0.6385134701,0.6862069084
1562,1.0,0.0,0.0,0.5235987902,1.0,1.0,0.5386660936,0.4878631809,0.08643370867,0.08673489094,0.5455398471,0.6271776691,0.64067794,0.6874997423
1563,1.0,0.0,0.0,0.5235987902,1.0,1.0,0.5317783811,0.4877414318,0.08173114061,0.08260065317,0.5320753495,0.6241138372,0.6335617282,0.6842104504
1564,1.0,0.0,0.0,0.5235987902,1.0,1.0,0.537435977,0.4860299726,0.08503079414,0.08473241329,0.5339622407,0.6210524471,0.6335613663,0.6830984528
1565,1.0,0.0,0.0,0.5235987902,1.0,1.0,0.5384518541,0.4877413721,0.08488994837,0.08488994837,0.5349716373,0.6280700202,0.6404109554,0.6842103415
1566,1.0,0.0,0.0,0.5235987902,1.0,1.0,0.5276144606,0.480831268,0.08182305098,0.08211636543,0.5345317079,0.627240099,0.6323023803,0.6857138502
1567,1.0,0.0,0.0,0.5235987902,1.0,1.0,0.527219794,0.4824891219,0.08257097006,0.08316498995,0.5256167015,0.6294961926,0.6310344553,0.6857140195
1568,1.0,0.0,0.0,0.5235987902,1.0,1.0,0.5290051366,0.4826071722,0.08200401068,0.08258974552,0.5330813014,0.6285714701,0.6267123073,0.6879432112
1569,1.0,0.0,0.0,0.5235987902,1.0,1.0,0.5280070062,0.4740502775,0.08306568861,0.08217567205,0.5358490948,0.6357147009,0.6369861813,0.693141043
1570,1.0,0.0,0.0,0.5235987902,1.0,1.0,0.5286149751,0.472432641,0.08175808191,0.08117198944,0.5355449698,0.6344084924,0.627986354,0.6967507196
1571,1.0,0.0,0.0,0.5235987902,1.0,1.0,0.5293931984,0.4758435074,0.08135336637,0.08077436686,0.5344015322,0.6334520981,0.6348123023,0.6953405811
1572,1.0,0.0,0.0,0.5235987902,1.0,1.0,0.5290050914,0.4757615017,0.0808866024,0.08030879498,0.5387523287,0.6392857459,0.6404110448,0.6942445883
1573,1.0,0.0,0.0,0.5235987902,1.0,1.0,0.5308946594,0.4843186841,0.08161962032,0.08220052719,0.5387522376,0.6298930149,0.6335616859,0.6925790518
1574,1.0,0.0,0.0,0.5235987902,1.0,1.0,0.5281141176,0.4774729276,0.07934224606,0.07934224606,0.53409097,0.6308245101,0.6335615824,0.6881715099
1575,1.0,0.0,0.0,0.5235987902,1.0,1.0,0.5324042911,0.4791843664,0.08245623112,0.08216273785,0.5336492038,0.6334522686,0.63356142,0.682142852
1576,1.0,0.0,0.0,0.5235987902,1.0,1.0,0.5345629174,0.4807656584,0.08034813404,0.08006113768,0.533906421,0.6321428942,0.6344829043,0.6881722271
1577,1.0,0.0,0.0,0.5235987902,1.0,1.0,0.5320222452,0.4739620443,0.0798034668,0.07866340876,0.5323192745,0.635714179,0.6323025363,0.6920287357
1578,1.0,0.0,0.0,0.5235987902,1.0,1.0,0.5307448585,0.4773198745,0.08218502998,0.08188939095,0.5339064186,0.6330934208,0.6344827682,0.6895302051
1579,1.0,0.0,0.0,0.5235987902,1.0,1.0,0.5271157356,0.4842125797,0.08094024658,0.0815204978,0.5066162059,0.6200719908,0.6034481843,0.6725976046
1580,1.0,0.0,0.0,0.5235987902,1.0,1.0,0.5238323243,0.480700458,0.08051723242,0.08080792427,0.4853359193,0.6209385907,0.5847749515,0.6762590246
1581,1.0,0.0,0.0,0.5235987902,1.0,1.0,0.5261212664,0.4790427187,0.08445763588,0.08415490389,0.4867925169,0.620071505,0.589654956,0.6798563622
1582,1.0,0.0,0.0,0.5235987902,1.0,1.0,0.5203859306,0.4774730874,0.08077150583,0.08135473728,0.4830826792,0.6173286371,0.5856164707,0.6738346817
1583,1.0,0.0,0.0,0.5235987902,1.0,1.0,0.5223496185,0.4807661951,0.08056336641,0.08114510775,0.4830187844,0.6173284237,0.5862068357,0.673834591
1584,1.0,0.0,0.0,0.5235987902,1.0,1.0,0.5212044079,0.4826073328,0.0818951726,0.08277577162,0.4841121522,0.6129028736,0.582191638,0.6737584312
1585,1.0,0.0,0.0,0.5235987902,1.0,1.0,0.5189230621,0.4807662502,0.08058434725,0.08116620779,0.4807873425,0.6173282021,0.5896552905,0.6738349307
1586,1.0,0.0,0.0,0.5235987902,1.0,1.0,0.5161524896,0.4210935964,0.07877647877,0.07110542059,0.5087039833,0.6292134831,0.6013985965,0.6887969414
1587,1.0,0.0,0.0,0.5235987902,1.0,1.0,0.6064030498,0.3349576726,0.08913093805,0.05551922321,0.5137896293,0.5084176548,0.5615941755,0.5567561822
1588,1.0,0.0,0.0,0.5235987902,1.0,1.0,0.6263305774,0.32518594,0.09358638525,0.05466926098,0.5118923982,0.4752474176,0.5551470041,0.5084747241
1589,1.0,0.0,0.0,0.5235987902,1.0,1.0,0.5639419722,0.3689695483,0.08609634638,0.06311690807,0.5281124365,0.5622777279,0.5913977745,0.6601943856
1590,1.0,0.0,0.0,0.5235987902,1.0,1.0,0.5419018754,0.3908531257,0.08175230026,0.06558150053,0.513406192,0.5970693567,0.5964284953,0.698629888
1591,1.0,0.0,0.0,0.5235987902,1.0,1.0,0.5166523662,0.4141045679,0.07895869017,0.07008695602,0.5062923651,0.6254681224,0.6013986802,0.6919830865
1592,1.0,0.0,0.0,0.5235987902,1.0,1.0,0.5049809696,0.4320503516,0.07746469975,0.07306331396,0.4985645847,0.6287877739,0.5902779075,0.6867471747
1593,1.0,0.0,0.0,0.5235987902,1.0,1.0,0.5120949601,0.4445795868,0.07859665155,0.0753827095,0.487619018,0.624535409,0.5862070905,0.6821703281
1594,1.0,0.0,0.0,0.5235987902,1.0,1.0,0.5147501481,0.4550724233,0.08030515909,0.07766741514,0.4868420927,0.6204378099,0.5910654385,0.6716984781
1595,1.0,0.0,0.0,0.5235987902,1.0,1.0,0.525723475,0.4669806609,0.08032017946,0.07829773426,0.4834437751,0.6258993179,0.5896552545,0.6678966031
1596,1.0,0.0,0.0,0.5235987902,1.0,1.0,0.5269103628,0.4723389163,0.08138555288,0.07993739843,0.4840525377,0.619216902,0.5924657631,0.6702899875
1597,1.0,0.0,0.0,0.5235987902,1.0,1.0,0.5222645904,0.4824893127,0.08613556623,0.08675527573,0.4812030428,0.6187050858,0.5862069194,0.6749995878
1598,1.0,0.0,0.0,0.5235987902,1.0,1.0,0.5255280469,0.4842657507,0.08218830824,0.08277541399,0.483568042,0.6178573941,0.5910653916,0.6737584618
1599,1.0,0.0,0.0,0.5235987902,1.0,1.0,0.5249405873,0.4859355356,0.08094400167,0.08123207092,0.4747664079,0.6121000136,0.5827587387,0.6737589225
1600,1.0,0.0,0.0,0.5235987902,1.0,1.0,0.5250352502,0.4774730206,0.08325189352,0.08295452595,0.4746716403,0.6178573602,0.582191809,0.6702508935
1601,1.0,0.0,0.0,0.5235987902,1.0,1.0,0.5273015656,0.4808959779,0.08345323801,0.08315730095,0.4761459551,0.6170209119,0.5856164277,0.669038697
1602,1.0,0.0,0.0,0.5235987902,1.0,1.0,0.5232483804,0.4807003319,0.0795083642,0.0795083642,0.4802259737,0.6258991296,0.5916954057,0.6762593811
1603,1.0,0.0,0.0,0.5235987902,1.0,1.0,0.5282896987,0.4842655728,0.08126008511,0.08126008511,0.4807872664,0.6205676152,0.5910650931,0.6737584335
1604,1.0,0.0,0.0,0.5235987902,1.0,1.0,0.5259237259,0.4791138722,0.08245688677,0.08186995983,0.4794007217,0.6227756747,0.5876289523,0.6702508099
1605,1.0,0.0,0.0,0.5235987902,1.0,1.0,0.5265166263,0.4893818999,0.08143222332,0.08259558678,0.4807149488,0.625000183,0.5896552455,0.6760567039
1606,1.0,0.0,0.0,0.5235987902,1.0,1.0,0.5245431638,0.484318592,0.08141791821,0.08229023218,0.4751640294,0.6214283518,0.5856163867,0.6749118681
1607,1.0,0.0,0.0,0.5235987902,1.0,1.0,0.5283971004,0.4859357354,0.08315730095,0.08345329762,0.4769520213,0.6227762216,0.5862070043,0.6737587082
1608,1.0,0.0,0.0,0.5235987902,1.0,1.0,0.5269101351,0.4893820249,0.08052533865,0.08138507605,0.4784240368,0.6192173005,0.5862068471,0.6760559976
1609,1.0,0.0,0.0,0.5235987902,1.0,1.0,0.5287856438,0.4911050836,0.08275747299,0.0836378336,0.4784240136,0.6170212613,0.5862070172,0.6736846231
1610,1.0,0.0,0.0,0.5235987902,1.0,1.0,0.5279007951,0.4911050352,0.08026689291,0.08140945435,0.4793233416,0.6192172457,0.5896551179,0.6736841643
1611,1.0,0.0,0.0,0.5235987902,1.0,1.0,0.5277950973,0.4928044599,0.08239364624,0.08327019215,0.4812734601,0.6205676478,0.5847751634,0.6736841126
1612,1.0,0.0,0.0,0.5235987902,1.0,1.0,0.5282897983,0.4893818791,0.08148729801,0.08206522465,0.4826617053,0.6241132884,0.5862067862,0.6725352368
1613,1.0,0.0,0.0,0.5235987902,1.0,1.0,0.5261212236,0.4910750452,0.08199173212,0.08346110582,0.4811320078,0.6236553981,0.5847750586,0.6760566901
1614,1.0,0.0,0.0,0.5235987902,1.0,1.0,0.5315383917,0.4928284346,0.08103835583,0.0816090703,0.4775281904,0.6197184756,0.5793105161,0.6713286049
1615,1.0,0.0,0.0,0.5235987902,1.0,1.0,0.5296667997,0.4928282035,0.08035928011,0.08121114969,0.4775279911,0.6219083893,0.5862067843,0.6783214936
1616,1.0,0.0,0.0,0.5235987902,1.0,1.0,0.5306606101,0.491134518,0.08020585775,0.08105605841,0.4765477647,0.6219082349,0.5807561527,0.6713290364
1617,1.0,0.0,0.0,0.5235987902,1.0,1.0,0.5283970384,0.482488977,0.08027619123,0.07999050617,0.4675446795,0.6227755788,0.5724137212,0.6749998882
1618,1.0,0.0,0.0,0.5235987902,1.0,1.0,0.5300496595,0.4877002358,0.08047950268,0.08047950268,0.4733894047,0.6232389933,0.5807562012,0.6725353312
1619,1.0,0.0,0.0,0.5235987902,1.0,1.0,0.528397426,0.4876588654,0.07946538925,0.08003097773,0.47695211,0.6192169564,0.5827585493,0.6749117634
1620,1.0,0.0,0.0,0.5235987902,1.0,1.0,0.5277949879,0.4893462496,0.08079737425,0.08108395338,0.4775281079,0.6205672215,0.5778547173,0.6855118818
1621,1.0,0.0,0.0,0.5235987902,1.0,1.0,0.5288949691,0.4876169556,0.0797137022,0.07999736071,0.4783427754,0.6192172122,0.5813147859,0.6773047083
1622,1.0,0.0,0.0,0.5235987902,1.0,1.0,0.5270126646,0.4910750498,0.08033269644,0.08148026466,0.4726930861,0.6178567533,0.5778548291,0.6760562453
1623,1.0,0.0,0.0,0.5235987902,1.0,1.0,0.5279003646,0.4894174715,0.08066278696,0.08181107044,0.4736841592,0.6192173632,0.5773192972,0.6771927243
1624,1.0,0.0,0.0,0.5235987902,1.0,1.0,0.5302780121,0.489346327,0.08031928539,0.08060407639,0.4713075677,0.6170211661,0.577854516,0.6784455067
1625,1.0,0.0,0.0,0.5235987902,1.0,1.0,0.529779283,0.4893817379,0.08061605692,0.08118778467,0.4793233344,0.6170210564,0.579310377,0.6760565448
1626,1.0,0.0,0.0,0.5235987902,1.0,1.0,0.5313967811,0.4910749737,0.07979631424,0.08064818382,0.5004730934,0.6298933341,0.595155639,0.690140512
1627,1.0,0.0,0.0,0.5235987902,1.0,1.0,0.5346728228,0.4945516159,0.08001053333,0.08114147186,0.5122873113,0.625441575,0.6068967697,0.6829272593
1628,1.0,0.0,0.0,0.5235987902,1.0,1.0,0.5317784222,0.4997208727,0.07935780287,0.08104628325,0.5169811038,0.6241138108,0.6111112132,0.687499954
1629,1.0,0.0,0.0,0.5235987902,1.0,1.0,0.5261213692,0.4875749576,0.07781273127,0.07837051153,0.511320741,0.6308241943,0.6076387691,0.6903909908
1630,1.0,0.0,0.0,0.5235987902,1.0,1.0,0.5274049572,0.4841584448,0.08125698566,0.08096778393,0.5154929795,0.6227757459,0.6055361151,0.6928572585
1631,1.0,0.0,0.0,0.5235987902,1.0,1.0,0.5285057331,0.4876586467,0.07776904106,0.07860225439,0.5146365629,0.6321427586,0.6103447932,0.689045572
1632,1.0,0.0,0.0,0.5235987902,1.0,1.0,0.5164770758,0.4149623692,0.07597565651,0.06814604998,0.5443787342,0.6412211884,0.6183746904,0.7021274363
1633,1.0,0.0,0.0,0.5235987902,1.0,1.0,0.6150414544,0.3437931802,0.08372056484,0.0524687171,0.4899895249,0.5068496467,0.5263160567,0.5409830292
1634,1.0,0.0,0.0,0.5235987902,1.0,1.0,0.5952790045,0.3481203443,0.08117175102,0.05297523737,0.5067919482,0.5263159441,0.5468165043,0.575269162
1635,1.0,0.0,0.0,0.5235987902,1.0,1.0,0.5444115625,0.3716335071,0.07976734638,0.06131368876,0.5589430123,0.6119404546,0.6317689778,0.71844697
1636,1.0,0.0,0.0,0.5235987902,1.0,1.0,0.5317227727,0.3990706024,0.08051323891,0.06739258766,0.5487684218,0.6259257559,0.6254416774,0.712389224
1637,1.0,0.0,0.0,0.5235987902,1.0,1.0,0.5177247259,0.4170207354,0.07371014357,0.06567406654,0.5384615385,0.635338507,0.6197183952,0.7004214814
1638,1.0,0.0,0.0,0.5235987902,1.0,1.0,0.5164577577,0.442461101,0.07757377625,0.07326412201,0.5215310772,0.6370371395,0.6041666292,0.6941174843
1639,1.0,0.0,0.0,0.5235987902,1.0,1.0,0.5206218397,0.454763503,0.080732584,0.07749152184,0.5171102979,0.6313866404,0.6055363189,0.6996197192
1640,1.0,0.0,0.0,0.5235987902,1.0,1.0,0.5190679663,0.4669806717,0.07814335823,0.07700675726,0.5089707064,0.6254549865,0.6000002892,0.6900366033
1641,1.0,0.0,0.0,0.5235987902,1.0,1.0,0.526121456,0.4721501334,0.08330005407,0.08180719614,0.5037735583,0.6236559448,0.5965517313,0.6897807427
1642,1.0,0.0,0.0,0.5235987902,1.0,1.0,0.5218572714,0.4704270965,0.08041733503,0.07925611734,0.5080113223,0.6209383633,0.6034482027,0.6849816161
1643,1.0,0.0,0.0,0.5235987902,1.0,1.0,0.528397451,0.4808314162,0.08032763004,0.08004176617,0.5051740977,0.6192172588,0.6013745938,0.6821431284
1644,1.0,0.0,0.0,0.5235987902,1.0,1.0,0.5255282352,0.4690215506,0.07892352343,0.0775141716,0.511737017,0.6249999056,0.60750869,0.6800000308
1645,1.0,0.0,0.0,0.5235987902,1.0,1.0,0.5303930197,0.4859357905,0.07924634218,0.07952839136,0.5089707798,0.6192174245,0.5999998543,0.6843970276
1646,1.0,0.0,0.0,0.5235987902,1.0,1.0,0.5336644282,0.4911051402,0.07886213064,0.07941943407,0.5018868617,0.621908461,0.6,0.6807016017
1647,1.0,0.0,0.0,0.5235987902,1.0,1.0,0.5330356733,0.5031672044,0.08158993721,0.08388823271,0.504225368,0.6232390353,0.6000002145,0.6780819533
1648,1.0,0.0,0.0,0.5235987902,1.0,1.0,0.5374357161,0.4773965342,0.0817284584,0.07972109318,0.5075471903,0.6280696278,0.6082472829,0.6834529846
1649,1.0,0.0,0.0,0.5235987902,1.0,1.0,0.5329109681,0.5014382258,0.08015847206,0.08212727308,0.5023386549,0.6140347224,0.6013745392,0.6780821371
1650,1.0,0.0,0.0,0.5235987902,1.0,1.0,0.5372935315,0.5031436796,0.08096414804,0.08322894573,0.5056391271,0.6188811009,0.6027397162,0.6836731478
1651,1.0,0.0,0.0,0.5235987902,1.0,1.0,0.5334101421,0.5031435029,0.08052384853,0.08306664228,0.5037453165,0.6210526394,0.6027398695,0.6836736085
1652,1.0,0.0,0.0,0.5235987902,1.0,1.0,0.5325354538,0.5031557057,0.08205258846,0.0846529007,0.5121950771,0.6267602974,0.6082475249,0.6791809835
1653,1.0,0.0,0.0,0.5235987902,1.0,1.0,0.5350174572,0.5014263596,0.08272993565,0.08445340395,0.5055761903,0.6180551853,0.6075085155,0.6802722577
1654,1.0,0.0,0.0,0.5235987902,1.0,1.0,0.531915858,0.4962982066,0.08026170731,0.08166980743,0.5032680165,0.6245618491,0.6027396169,0.6827590586
1655,1.0,0.0,0.0,0.5235987902,1.0,1.0,0.5341523084,0.4980210437,0.08177304268,0.0834825635,0.5009311195,0.6202092827,0.5986393542,0.6860071184
1656,1.0,0.0,0.0,0.5235987902,1.0,1.0,0.5320365868,0.4911642315,0.0821685791,0.08303660154,0.5107779514,0.6267605327,0.6164384817,0.6794425187
1657,1.0,0.0,0.0,0.5235987902,1.0,1.0,0.5345414295,0.4979917512,0.08138716221,0.08253347874,0.5160075672,0.6267604087,0.6228372844,0.6840278129
1658,1.0,0.0,0.0,0.5235987902,1.0,1.0,0.5367894827,0.4980096295,0.08213275671,0.0835686326,0.5173707986,0.622377734,0.616438361,0.6804127388
1659,1.0,0.0,0.0,0.5235987902,1.0,1.0,0.5335367324,0.4945693427,0.08191651106,0.08307027817,0.5187970596,0.6197182484,0.6219931064,0.6805554758
1660,1.0,0.0,0.0,0.5235987902,1.0,1.0,0.5365624155,0.4945516843,0.08034783602,0.08119660616,0.5217392256,0.6232395385,0.6206897678,0.6829267397
1661,1.0,0.0,0.0,0.5235987902,1.0,1.0,0.5297793968,0.4945515912,0.08035743237,0.08178222179,0.5187970294,0.6241138013,0.617241352,0.6864106851
1662,1.0,0.0,0.0,0.5235987902,1.0,1.0,0.5312771304,0.4911345591,0.08232396841,0.08349168301,0.5098962923,0.6241135214,0.6151203014,0.6853146653
1663,1.0,0.0,0.0,0.5235987902,1.0,1.0,0.5340385411,0.4962862177,0.08419913054,0.08568149805,0.5089369222,0.6232395388,0.611683793,0.681660553
1664,1.0,0.0,0.0,0.5235987902,1.0,1.0,0.5350452557,0.4945692241,0.0815025568,0.08265048265,0.5155513548,0.6267601102,0.6185566937,0.6874996845
1665,1.0,0.0,0.0,0.5235987902,1.0,1.0,0.5303931749,0.4928283087,0.08021110296,0.08163833618,0.5165250889,0.6334517087,0.6206896179,0.6818183146
1666,1.0,0.0,0.0,0.5235987902,1.0,1.0,0.5292819563,0.485983089,0.08090120554,0.0811880827,0.5136150119,0.6241132191,0.6185565613,0.6819786948
1667,1.0,0.0,0.0,0.5235987902,1.0,1.0,0.5377992048,0.5031438635,0.08146518469,0.08374398947,0.5051740822,0.6223774638,0.6095890166,0.6802719733
1668,1.0,0.0,0.0,0.5235987902,1.0,1.0,0.5334099915,0.4980151931,0.0848018527,0.08688467741,0.5037453807,0.6210527722,0.6075084088,0.6780822717
1669,1.0,0.0,0.0,0.5235987902,1.0,1.0,0.5349126227,0.4945693965,0.08467406034,0.0855653882,0.5098591679,0.6315790215,0.6082472273,0.690971886
1670,1.0,0.0,0.0,0.5235987902,1.0,1.0,0.5351490689,0.5031434412,0.08075988293,0.08272957802,0.5037313381,0.6167251938,0.6027395771,0.6768710032
1671,1.0,0.0,0.0,0.5235987902,1.0,1.0,0.5329113865,0.4997208778,0.0804437995,0.08270180225,0.5023386044,0.621052694,0.6040956406,0.6791812071
1672,1.0,0.0,0.0,0.5235987902,1.0,1.0,0.536789512,0.4997210726,0.08182471991,0.08382743597,0.5042254171,0.6223780605,0.6040957208,0.6791809675
1673,1.0,0.0,0.0,0.5235987902,1.0,1.0,0.5350450531,0.4997207869,0.08007633686,0.08176809549,0.5212065275,0.6267609408,0.6172416368,0.6896549965
1674,1.0,0.0,0.0,0.5235987902,1.0,1.0,0.5335367172,0.4946043915,0.08179754019,0.08352565765,0.5112781743,0.6197182175,0.6109214571,0.6758624676
1675,1.0,0.0,0.0,0.5235987902,1.0,1.0,0.534168213,0.4911641594,0.07986932993,0.0809982419,0.5070821931,0.6183748326,0.60616436,0.682926578
1676,1.0,0.0,0.0,0.5235987902,1.0,1.0,0.5317785288,0.4894175688,0.08096289635,0.08182424307,0.5037736085,0.6170214646,0.6013746501,0.6807019026
1677,1.0,0.0,0.0,0.5235987902,1.0,1.0,0.529005306,0.472338796,0.08443278074,0.08322656155,0.516068073,0.6250000882,0.6130137658,0.6811596279
1678,1.0,0.0,0.0,0.5235987902,1.0,1.0,0.5297795263,0.4826655266,0.08287853003,0.08317238092,0.5112781002,0.6170211389,0.6075085324,0.681978872
1679,1.0,0.0,0.0,0.5235987902,1.0,1.0,0.5308942138,0.474050507,0.08240813017,0.08123511076,0.51606804,0.622775986,0.6130135986,0.6787003292
1680,1.0,0.0,0.0,0.5235987902,1.0,1.0,0.5342989681,0.4724326596,0.08429485559,0.08280026913,0.518483453,0.6205674737,0.6143344048,0.6823104355
1681,1.0,0.0,0.0,0.5235987902,1.0,1.0,0.5253231738,0.4705273917,0.08135694265,0.08047580719,0.5218216428,0.624549157,0.6082473329,0.6824820762
1682,1.0,0.0,0.0,0.5235987902,1.0,1.0,0.526526121,0.4566417864,0.08095777035,0.07801383734,0.5249041871,0.621818139,0.6103447626,0.6867926546
1683,1.0,0.0,0.0,0.5235987902,1.0,1.0,0.5179450672,0.4563423846,0.07944697142,0.07738721371,0.5182340776,0.6296291017,0.6041668058,0.684410579
1684,1.0,0.0,0.0,0.5235987902,1.0,1.0,0.5108044855,0.4372559972,0.08193916082,0.07791954279,0.5062680526,0.6264152975,0.5937499164,0.6825391483
1685,1.0,0.0,0.0,0.5235987902,1.0,1.0,0.516089598,0.4337856457,0.08145409822,0.0759832859,0.5067437392,0.6268658901,0.5972224254,0.6840000063
1686,1.0,0.0,0.0,0.5235987902,1.0,1.0,0.5184426563,0.4459316505,0.08209377527,0.07814109325,0.5043228336,0.6296296027,0.5972223451,0.6770433032
1687,1.0,0.0,0.0,0.5235987902,1.0,1.0,0.5163943151,0.4497488647,0.07916289568,0.07624173164,0.4966635539,0.6199266188,0.5896550209,0.674329463
1688,1.0,0.0,0.0,0.5235987902,1.0,1.0,0.5139443019,0.4602241004,0.08281940222,0.08190262318,0.489563481,0.6236164778,0.5841923961,0.6828363043
1689,1.0,0.0,0.0,0.5235987902,1.0,1.0,0.5172465872,0.4567895383,0.08017486334,0.07811909914,0.4938388806,0.6190477961,0.5910652478,0.6804514806
1690,1.0,0.0,0.0,0.5235987902,1.0,1.0,0.5210361778,0.4587880907,0.07953482866,0.07779949903,0.4995261126,0.6218178875,0.5972696102,0.6802979332
1691,1.0,0.0,0.0,0.5235987902,1.0,1.0,0.5221962336,0.4582217335,0.08094131947,0.07856947184,0.5004784661,0.6263739258,0.5951556684,0.6830190483
1692,1.0,0.0,0.0,0.5235987902,1.0,1.0,0.5155319802,0.4374716386,0.07899755239,0.07429873943,0.4976030367,0.6394048707,0.5916956875,0.6916999726
1693,1.0,0.0,0.0,0.5235987902,1.0,1.0,0.5301976022,0.4208175113,0.08458220959,0.0740866065,0.4946757147,0.6058395241,0.5789471902,0.6958334373
1694,1.0,0.0,0.0,0.5235987902,1.0,1.0,0.5269432099,0.4131970052,0.08326715231,0.0718985796,0.492217919,0.6014756001,0.5759717387,0.6880344006
1695,1.0,0.0,0.0,0.5235987902,1.0,1.0,0.5326425091,0.4040299315,0.07846331596,0.06601345539,0.5063913553,0.6125459208,0.5886524383,0.7105258406
1696,1.0,0.0,0.0,0.5235987902,1.0,1.0,0.5438867408,0.3947972899,0.08284413815,0.06712192297,0.5074478546,0.6021898073,0.5907471538,0.7072076752
1697,1.0,0.0,0.0,0.5235987902,1.0,1.0,0.539973274,0.4022578696,0.08557450771,0.07063794136,0.5049115422,0.6036364092,0.5921986056,0.7048454656
1698,1.0,0.0,0.0,0.5235987902,1.0,1.0,0.5480173829,0.3997767461,0.08798205853,0.07089203596,0.4950690394,0.6007198729,0.5750001344,0.7008931612
1699,1.0,0.0,0.0,0.5235987902,1.0,1.0,0.541199674,0.4065832225,0.08323377371,0.06895649433,0.4861659777,0.6021894386,0.5663082538,0.7004403154
1700,1.0,0.0,0.0,0.5235987902,1.0,1.0,0.5389150617,0.4069153586,0.08048844337,0.0667321682,0.4823529494,0.6072726626,0.5678573285,0.6973686561
1701,1.0,0.0,0.0,0.5235987902,1.0,1.0,0.5413641612,0.4026530633,0.08358258009,0.06858062744,0.4920635411,0.6007325198,0.5647481196,0.7008922363
1702,1.0,0.0,0.0,0.5235987902,1.0,1.0,0.5478571212,0.3958361853,0.0828691721,0.06635534763,0.4955313428,0.59420318,0.5770608312,0.7013576368
1703,1.0,0.0,0.0,0.5235987902,1.0,1.0,0.5399169098,0.3900702551,0.07841646671,0.0625602603,0.4975173799,0.5955883583,0.5827337515,0.7004602763
1704,1.0,0.0,0.0,0.5235987902,1.0,1.0,0.5344712866,0.4096654015,0.07808917761,0.06636154652,0.4965720453,0.6080585046,0.5865726423,0.6982760324
1705,1.0,0.0,0.0,0.5235987902,1.0,1.0,0.5152158167,0.4416548246,0.07638782263,0.07208031416,0.4844961377,0.627819675,0.5739437944,0.689242682
1706,1.0,0.0,0.0,0.5235987902,1.0,1.0,0.5110356017,0.4531952613,0.07716941833,0.07489132881,0.473584934,0.6199261907,0.5689655235,0.6844105859
1707,1.0,0.0,0.0,0.5235987902,1.0,1.0,0.5176016026,0.4618110629,0.07867413759,0.07667154074,0.4745762363,0.6218186832,0.5689656906,0.6828361197
1708,1.0,0.0,0.0,0.5235987902,1.0,1.0,0.5194095653,0.4550721531,0.07857853174,0.07517439127,0.4784239775,0.6137178201,0.5704468321,0.6754713899
1709,1.0,0.0,0.0,0.5235987902,1.0,1.0,0.5203860984,0.4720546379,0.07729405165,0.07617789507,0.4718044724,0.6137182974,0.567474051,0.6739923931
1710,1.0,0.0,0.0,0.5235987902,1.0,1.0,0.5286146531,0.484050432,0.07946437597,0.07917958498,0.4672984881,0.6164878101,0.5714286235,0.6762588141
1711,1.0,0.0,0.0,0.5235987902,1.0,1.0,0.5302776869,0.4858877759,0.08041757345,0.08013242483,0.4675446963,0.6134749697,0.5709341022,0.6725979415
1712,1.0,0.0,0.0,0.5235987902,1.0,1.0,0.5251307036,0.4807663087,0.07958495617,0.07958495617,0.465160065,0.61290325,0.5724137658,0.6738350557
1713,1.0,0.0,0.0,0.5235987902,1.0,1.0,0.5237415053,0.4755128725,0.07853597403,0.07768845558,0.4665410062,0.6187050087,0.5674738566,0.6763638986
1714,1.0,0.0,0.0,0.5235987902,1.0,1.0,0.5227560618,0.4876169395,0.07968509197,0.08083164692,0.4637818046,0.604316423,0.5640137239,0.6666669125
1715,1.0,0.0,0.0,0.5235987902,1.0,1.0,0.521774281,0.4997211625,0.07966780663,0.08310675621,0.4647886857,0.6151081397,0.5620689309,0.6724133974
1716,1.0,0.0,0.0,0.5235987902,1.0,1.0,0.5265168167,0.499720824,0.08098948002,0.08359271288,0.4656632861,0.6107141858,0.5605537627,0.6712802497
1717,1.0,0.0,0.0,0.5235987902,1.0,1.0,0.5264164082,0.5049264844,0.08033961058,0.08319866657,0.4601687852,0.6049826579,0.5625000452,0.6701030632
1718,1.0,0.0,0.0,0.5235987902,1.0,1.0,0.5314198334,0.5100599876,0.08270120621,0.08589315414,0.4645522799,0.6070172455,0.5655173415,0.6689187314
1719,1.0,0.0,0.0,0.5235987902,1.0,1.0,0.5362854998,0.5135541838,0.08183991909,0.08498769999,0.4634146318,0.6083918529,0.5709343121,0.6700335307
1720,1.0,0.0,0.0,0.5235987902,1.0,1.0,0.5329111642,0.5135539247,0.0799549818,0.08332145214,0.4593077413,0.6105259941,0.567473887,0.6734005674
1721,1.0,0.0,0.0,0.5235987902,1.0,1.0,0.5281830011,0.5135542429,0.08107692003,0.08508783579,0.4528477721,0.5971725682,0.5570935202,0.6666664332
1722,1.0,0.0,0.0,0.5235987902,1.0,1.0,0.5315385905,0.5118249439,0.08020120859,0.08358997107,0.4606742117,0.609154749,0.5640137474,0.6722969865
1723,1.0,0.0,0.0,0.5235987902,1.0,1.0,0.5285690875,0.5065661242,0.08165705204,0.0851072669,0.4636871546,0.6091550375,0.5719176503,0.6756754675
1724,1.0,0.0,0.0,0.5235987902,1.0,1.0,0.5151562916,0.439895246,0.07675266266,0.07186579704,0.4749035054,0.6254682782,0.559859214,0.6800004645
1725,1.0,0.0,0.0,0.5235987902,1.0,1.0,0.6333733734,0.3299682811,0.08698636293,0.05101233721,0.4672395309,0.4881357883,0.5076336334,0.4971098739
1726,1.0,0.0,0.0,0.5235987902,1.0,1.0,0.6055940737,0.3477145171,0.08787739277,0.05622923374,0.4978813688,0.5244753917,0.539923754,0.562841727
1727,1.0,0.0,0.0,0.5235987902,1.0,1.0,0.5471694508,0.387056609,0.07894921303,0.06205230951,0.5090909147,0.5977858107,0.5818183238,0.6901413456
1728,1.0,0.0,0.0,0.5235987902,1.0,1.0,0.520177632,0.4359268454,0.07718086243,0.07111042738,0.4834308071,0.6329582664,0.5709220843,0.6910568424
1729,1.0,0.0,0.0,0.5235987902,1.0,1.0,0.5163309651,0.4527087674,0.07840538025,0.07494628429,0.4700854684,0.6176472377,0.5644600269,0.6769228322
1730,1.0,0.0,0.0,0.5235987902,1.0,1.0,0.5219412334,0.4684886025,0.07906085253,0.0773421526,0.4626299889,0.6159424496,0.5590278179,0.6740740113
1731,1.0,0.0,0.0,0.5235987902,1.0,1.0,0.5246363973,0.4789713818,0.07993346453,0.07936048508,0.4619003082,0.6093190392,0.5640136168,0.667869868
1732,1.0,0.0,0.0,0.5235987902,1.0,1.0,0.5277955384,0.487658717,0.08069187403,0.08097797632,0.462546784,0.6028372304,0.5586209149,0.6607779418
1733,1.0,0.0,0.0,0.5235987902,1.0,1.0,0.524636571,0.4927804285,0.07968938351,0.0811175108,0.4619002922,0.6093191599,0.5590276961,0.665493201
1734,1.0,0.0,0.0,0.5235987902,1.0,1.0,0.5275094987,0.4893460597,0.0788577795,0.07970267534,0.4627709526,0.61071387,0.5605535965,0.674912073
1735,1.0,0.0,0.0,0.5235987902,1.0,1.0,0.5306604278,0.5031793015,0.08091115952,0.08319842815,0.4521576414,0.6077737605,0.5536332068,0.6666669055
1736,1.0,0.0,0.0,0.5235987902,1.0,1.0,0.5232481927,0.4910755079,0.07895392179,0.08065801859,0.4595103684,0.611511014,0.5570937056,0.6725351514
1737,1.0,0.0,0.0,0.5235987902,1.0,1.0,0.5339099244,0.5014501942,0.08163708448,0.08306932449,0.4639175288,0.6140344601,0.5674740572,0.6689658686
1738,1.0,0.0,0.0,0.5235987902,1.0,1.0,0.5292820456,0.4979858415,0.08056712151,0.08199560642,0.4647887034,0.606382963,0.5659723781,0.6655055254
1739,1.0,0.0,0.0,0.5235987902,1.0,1.0,0.5302780873,0.4945514398,0.07948607206,0.08089536428,0.4656631762,0.6134752597,0.5655170001,0.6724739703
1740,1.0,0.0,0.0,0.5235987902,1.0,1.0,0.5291714291,0.503179268,0.08164137602,0.08394926786,0.4649205141,0.6113074618,0.564013716,0.6701033417
1741,1.0,0.0,0.0,0.5235987902,1.0,1.0,0.5330358558,0.5031672345,0.0813267231,0.08361756802,0.4610328899,0.6056341228,0.5620690805,0.6678081362
1742,1.0,0.0,0.0,0.5235987902,1.0,1.0,0.5296664627,0.5014440104,0.08121109009,0.08350682259,0.4625467371,0.6113074827,0.5655173401,0.6701034681
1743,1.0,0.0,0.0,0.5235987902,1.0,1.0,0.5321579427,0.503191274,0.080529809,0.08252173662,0.4656632113,0.6042399113,0.5659721982,0.6655175029
1744,1.0,0.0,0.0,0.5235987902,1.0,1.0,0.5301631341,0.496274849,0.08013117313,0.08154696226,0.4639175868,0.6113072365,0.5620688617,0.666666423
1745,1.0,0.0,0.0,0.5235987902,1.0,1.0,0.5306605592,0.4997211874,0.07997632027,0.0816719532,0.4521575759,0.6113073678,0.5570934925,0.6678195162
1746,1.0,0.0,0.0,0.5235987902,1.0,1.0,0.533409971,0.5118246694,0.08239072561,0.08557069302,0.4513108327,0.6035085333,0.5501730696,0.6655403382
1747,1.0,0.0,0.0,0.5235987902,1.0,1.0,0.5334098778,0.5049081182,0.08254641294,0.08457386494,0.4531835145,0.5999997112,0.5570933037,0.6643834651
1748,1.0,0.0,0.0,0.5235987902,1.0,1.0,0.5305448993,0.5119092922,0.08132529259,0.08418887854,0.4485981308,0.6021128515,0.5470384424,0.6632657324
1749,1.0,0.0,0.0,0.5235987902,1.0,1.0,0.531658079,0.5049442142,0.08120810986,0.08321672678,0.4530074163,0.6148405148,0.5574912955,0.6655175501
1750,1.0,0.0,0.0,0.5235987902,1.0,1.0,0.5283971961,0.4979860432,0.08086663485,0.0825933814,0.4468485409,0.6120996494,0.5451386518,0.6655052692
1751,1.0,0.0,0.0,0.5235987902,1.0,1.0,0.5279009771,0.499720874,0.08071058989,0.08243387938,0.4511278965,0.6085411776,0.547038247,0.6655051912
1752,1.0,0.0,0.0,0.5235987902,1.0,1.0,0.5241435108,0.4927565438,0.07931363583,0.08045077324,0.4530075203,0.6057345892,0.5540070284,0.6643109043
1753,1.0,0.0,0.0,0.5235987902,1.0,1.0,0.5305448648,0.5101678697,0.08036410809,0.08291083574,0.4429905759,0.5915495674,0.5435540287,0.6587034054
1754,1.0,0.0,0.0,0.5235987902,1.0,1.0,0.530430126,0.5049084385,0.07982122898,0.08178174496,0.4487895997,0.6035090182,0.5501730842,0.6678084937
1755,1.0,0.0,0.0,0.5235987902,1.0,1.0,0.5309243665,0.4979798521,0.08175849915,0.0820453763,0.4408201521,0.5964911641,0.5435540133,0.6643353798
1756,1.0,0.0,0.0,0.5235987902,1.0,1.0,0.5266075779,0.4927561044,0.08057141304,0.08028769493,0.4415584618,0.6021124989,0.5470381312,0.667844342
1757,1.0,0.0,0.0,0.5235987902,1.0,1.0,0.5208878557,0.4892739784,0.07930666208,0.07874619961,0.4327808246,0.600707229,0.5331009563,0.6654803193
1758,1.0,0.0,0.0,0.5235987902,1.0,1.0,0.52456914,0.4842655332,0.08116215467,0.0803077817,0.445672177,0.5929821727,0.5532647123,0.6560284293
1759,1.0,0.0,0.0,0.5235987902,1.0,1.0,0.524176065,0.4788991388,0.08045578003,0.07818943262,0.4478300602,0.5915489723,0.5555554339,0.6630434037
1760,1.0,0.0,0.0,0.5235987902,1.0,1.0,0.5217675156,0.489273881,0.08064824343,0.07979631424,0.4356617984,0.5985914816,0.5435539127,0.6583629627
1761,1.0,0.0,0.0,0.5235987902,1.0,1.0,0.5254417904,0.4909845965,0.08069694042,0.07928615808,0.4338235373,0.5979023097,0.5419580755,0.6619217697
1762,1.0,0.0,0.0,0.5235987902,1.0,1.0,0.5246609344,0.4856938415,0.08105283976,0.07905507088,0.4510166446,0.5915493061,0.5614032903,0.6606500372
1763,1.0,0.0,0.0,0.5235987902,1.0,1.0,0.5247535199,0.4839404529,0.08077830076,0.07878023386,0.4526901539,0.5936394795,0.5578947022,0.6630433385
1764,1.0,0.0,0.0,0.5235987902,1.0,1.0,0.5219306389,0.4822482837,0.08101034164,0.07928675413,0.4499999904,0.5957444773,0.5524474206,0.6594201972
1765,1.0,0.0,0.0,0.5235987902,1.0,1.0,0.5172069084,0.4770853198,0.0807737112,0.0787614584,0.4475138654,0.6014235978,0.5540068693,0.6605837151
1766,1.0,0.0,0.0,0.5235987902,1.0,1.0,0.5194524998,0.4788268156,0.07902914286,0.07679516077,0.4453627148,0.5971729157,0.5540070062,0.6581815247
1767,1.0,0.0,0.0,0.5235987902,1.0,1.0,0.515308436,0.4735117079,0.079690516,0.0768545866,0.4458715796,0.6049821053,0.5559440059,0.6605165479
1768,1.0,0.0,0.0,0.5235987902,1.0,1.0,0.5180258167,0.4770851927,0.08065980673,0.07809460163,0.4468864455,0.6007070402,0.5540070372,0.6642339778
1769,1.0,0.0,0.0,0.5235987902,1.0,1.0,0.5170788214,0.4702232929,0.08239901066,0.07890498638,0.4478976395,0.600707018,0.5555553977,0.6531364868
1770,1.0,0.0,0.0,0.5235987902,1.0,1.0,0.5231238124,0.477164124,0.08123016357,0.07837998867,0.4471992975,0.6035084707,0.559027832,0.6581819896
1771,1.0,0.0,0.0,0.5235987902,1.0,1.0,0.5280773859,0.4717644021,0.08052456379,0.07655501366,0.4567442463,0.6091549973,0.5699299505,0.6666671857
1772,1.0,0.0,0.0,0.5235987902,1.0,1.0,0.529713558,0.4806343787,0.08148300648,0.07864385843,0.4496768284,0.6027871531,0.5590279523,0.667869716
1773,1.0,0.0,0.0,0.5235987902,1.0,1.0,0.5247754687,0.4739621041,0.08241212368,0.07897824049,0.4402916495,0.6041669379,0.5498283766,0.6594203172
1774,1.0,0.0,0.0,0.5235987902,1.0,1.0,0.5325427807,0.4736939733,0.08221459389,0.07793259621,0.4542090144,0.6041663646,0.5590278834,0.6593401719
1775,1.0,0.0,0.0,0.5235987902,1.0,1.0,0.5253357147,0.4511369178,0.08062171936,0.07433205843,0.4501398631,0.6063826327,0.5520834087,0.6538463697
1776,1.0,0.0,0.0,0.5235987902,1.0,1.0,0.5653815061,0.3458210698,0.08468496799,0.05735749006,0.4824472548,0.5602838726,0.5507246689,0.6492150569
1777,1.0,0.0,0.0,0.5235987902,1.0,1.0,0.5832609757,0.3259046509,0.08271950483,0.05169963837,0.4994934618,0.548611006,0.5652174893,0.6333331796
1778,1.0,0.0,0.0,0.5235987902,1.0,1.0,0.5374821494,0.3738917785,0.07716625929,0.05857872963,0.4720314759,0.5802925149,0.5539570316,0.6586537483
1779,1.0,0.0,0.0,0.5235987902,1.0,1.0,0.5072924392,0.4178849026,0.0748026967,0.06698745489,0.4602272159,0.6044776774,0.557491091,0.6541669225
1780,1.0,0.0,0.0,0.5235987902,1.0,1.0,0.5297328817,0.4579324336,0.07813543081,0.07391947508,0.4470924791,0.6079136773,0.5435541742,0.6501903379
1781,1.0,0.0,0.0,0.5235987902,1.0,1.0,0.5360989162,0.473511834,0.07845890522,0.0759370327,0.4559387449,0.607143237,0.5524474459,0.6642064596
1782,1.0,0.0,0.0,0.5235987902,1.0,1.0,0.5395043939,0.4944235087,0.07760465145,0.07816296816,0.4485436481,0.6115108411,0.5583040348,0.6642859267
1783,1.0,0.0,0.0,0.5235987902,1.0,1.0,0.541123336,0.5014864431,0.0783727169,0.07920944691,0.4508669747,0.6049825231,0.5583041189,0.6619721065
1784,1.0,0.0,0.0,0.5235987902,1.0,1.0,0.5350743796,0.4927320066,0.07845705748,0.07901746035,0.441682571,0.6035717026,0.5524477838,0.6524821358
1785,1.0,0.0,0.0,0.5235987902,1.0,1.0,0.5284405293,0.4856442,0.07728153467,0.07728153467,0.4521073527,0.6014496722,0.5528168487,0.6557977246
1786,1.0,0.0,0.0,0.5235987902,1.0,1.0,0.5236995179,0.4803656535,0.07520908117,0.07520914078,0.4529750207,0.6043957873,0.5633804372,0.6483515613
1787,1.0,0.0,0.0,0.5235987902,1.0,1.0,0.5148642592,0.4909539547,0.07613927126,0.07837861776,0.4450757179,0.5882355244,0.5543860383,0.6535713607
1788,1.0,0.0,0.0,0.5235987902,1.0,1.0,0.5234269492,0.5014745712,0.07860863209,0.08145678043,0.4364325809,0.5905792541,0.5438597328,0.6538462101
1789,1.0,0.0,0.0,0.5235987902,1.0,1.0,0.5325211849,0.4925823227,0.08986353874,0.08986359835,0.4594595263,0.597826433,0.5500000163,0.6557972913
1790,1.0,0.0,0.0,0.0,1.0,1.0,0.5140530756,0.4926071558,0.09305229783,0.09581965208,0.4569789738,0.5762083094,0.5409253956,0.6245490913
1791,1.0,0.0,0.0,0.5235987902,1.0,1.0,0.5058153077,0.4959779741,0.07947182655,0.08457845449,0.45528465,0.614458238,0.6067414984,0.6716977063
1792,1.0,0.0,0.0,0.5235987902,1.0,1.0,0.4997208375,0.5052940499,0.078168571,0.08573329449,0.493951542,0.6129028077,0.620817806,0.6838231716
1793,1.0,0.0,0.0,0.5235987902,1.0,1.0,0.5372000287,0.4997211533,0.07799589634,0.07920515537,0.4645833115,0.5968993255,0.5992369039,0.6450383116
1794,1.0,0.0,0.0,0.5235987902,1.0,1.0,0.4997208385,0.5089072425,0.08819836378,0.09694826603,0.507936453,0.5992060676,0.59191166,0.6498196766
1795,1.0,0.0,0.0,0.5235987902,1.0,1.0,0.4801442329,0.4977842198,0.0714315176,0.07878929377,0.5072165547,0.5751070992,0.5620154864,0.6303503005
1796,1.0,0.0,0.0,0.5235987902,1.0,1.0,0.5018115777,0.5035500737,0.07551139593,0.08274793625,0.5,0.5791663082,0.5593871566,0.6311788688
1797,1.0,0.0,0.0,0.5235987902,1.0,1.0,0.5323111366,0.5136571361,0.07638758421,0.08044081926,0.489130489,0.5755100576,0.5697213309,0.6085272897
1798,1.0,0.0,0.0,0.5235987902,1.0,1.0,0.5302716765,0.5138261168,0.07363462448,0.07727092505,0.4912663287,0.5884769432,0.5846774593,0.631372788
1799,1.0,0.0,0.0,0.5235987902,1.0,1.0,0.5307528991,0.5155848235,0.07615232468,0.07983708382,0.4668094056,0.5846774951,0.5674603297,0.6153851897
1800,1.0,0.0,0.0,0.5235987902,1.0,1.0,0.5304891938,0.5194727319,0.07568621635,0.07962191105,0.4607219171,0.5800005355,0.5494071792,0.6235737375
1801,1.0,0.0,0.0,0.5235987902,1.0,1.0,0.534184447,0.5016731539,0.0729238987,0.07557034492,0.4698276342,0.5846770634,0.5546874227,0.626459546
1802,1.0,0.0,0.0,0.5235987902,1.0,1.0,0.5374970884,0.5035949693,0.07165938616,0.07482504845,0.4773217534,0.5983938382,0.5620154774,0.6346152008
1803,1.0,0.0,0.0,0.5235987902,1.0,1.0,0.5152404649,0.4921776785,0.07718378305,0.08090341091,0.4720497061,0.5903613248,0.558490369,0.6398469352
1804,1.0,0.0,0.0,0.5235987902,1.0,1.0,0.5176228705,0.507124192,0.07744663954,0.08387500048,0.4820880096,0.596837315,0.5666667027,0.6459850098
1805,1.0,0.0,0.0,0.5235987902,1.0,1.0,0.5226908232,0.5144187412,0.08175367117,0.08941805363,0.4668028588,0.6054685079,0.5551470815,0.6535716238
1806,1.0,0.0,0.0,0.5235987902,1.0,1.0,0.5174775719,0.4979037315,0.08380299807,0.09004712105,0.4700508108,0.5960784676,0.549090848,0.6386863391
1807,1.0,0.0,0.0,0.5235987902,1.0,1.0,0.5107809091,0.4997210022,0.08483862877,0.0921869278,0.4808853606,0.5984251305,0.5579712744,0.6557970827
1808,1.0,0.0,0.0,0.5235987902,1.0,1.0,0.5155122133,0.4978970691,0.08432257175,0.0909883976,0.4760448821,0.5968376289,0.5583939642,0.6410255402
1809,1.0,0.0,0.0,0.5235987902,1.0,1.0,0.5274265359,0.5052327479,0.09173709154,0.09816223383,0.4722792676,0.6070036054,0.5551470949,0.6509090777
1810,1.0,0.0,0.0,0.5235987902,1.0,1.0,0.5159722234,0.505253108,0.08868706226,0.09567028284,0.4674796487,0.5787400146,0.5571955429,0.6423358074
1811,1.0,0.0,0.0,0.5235987902,1.0,1.0,0.5072698639,0.5070696076,0.08553737402,0.09368371964,0.4723061366,0.583333043,0.5514706855,0.6485507892
1812,1.0,0.0,0.0,0.5235987902,1.0,1.0,0.5073001466,0.4997208785,0.07685852051,0.083288908,0.4620829657,0.5816729638,0.5514704752,0.6397059876
1813,1.0,0.0,0.0,0.5235987902,1.0,1.0,0.5068451555,0.4960055548,0.07822453976,0.08387935162,0.4704683883,0.5823291857,0.5501859234,0.6367044658
1814,1.0,0.0,0.0,0.5235987902,1.0,1.0,0.5093995118,0.4941684049,0.07786548138,0.08316034079,0.4740061645,0.5920002511,0.5518517692,0.640449857
1815,1.0,0.0,0.0,0.5235987902,1.0,1.0,0.5135308622,0.486716802,0.08059895039,0.08413118124,0.4595700486,0.5816734777,0.5501857403,0.6335878403
1816,1.0,0.0,0.0,0.5235987902,1.0,1.0,0.5085428538,0.4865702227,0.07973718643,0.08429354429,0.4662513987,0.6000001495,0.5601504083,0.6447878004
1817,1.0,0.0,0.0,0.5235987902,1.0,1.0,0.5033014013,0.4830018647,0.07324397564,0.07741236687,0.4677584507,0.5853657544,0.557620804,0.6384616451
1818,1.0,0.0,0.0,0.5235987902,1.0,1.0,0.5098370624,0.4628413577,0.07076740265,0.07048654556,0.4595142274,0.6031744829,0.5645756703,0.637450024
1819,1.0,0.0,0.0,0.5235987902,1.0,1.0,0.5119587014,0.4682569428,0.07203280926,0.07260680199,0.4653060299,0.597609453,0.5592594087,0.6442691316
1820,1.0,0.0,0.0,0.5235987902,1.0,1.0,0.5110549672,0.4846919897,0.07009828091,0.07292485237,0.4762887467,0.5927423401,0.5714284016,0.6395352259
1821,1.0,0.0,0.0,0.5235987902,1.0,1.0,0.5053470926,0.4697753922,0.07017087936,0.07130730152,0.4657114079,0.582996113,0.5617978675,0.6215133181
1822,1.0,0.0,0.0,0.5235987902,1.0,1.0,0.5048096853,0.4698870166,0.07037127018,0.07150632143,0.4663950567,0.5846773852,0.5634330258,0.6269837631
1823,1.0,0.0,0.0,0.5235987902,1.0,1.0,0.5149253529,0.4922901422,0.07080751657,0.07387399673,0.4665313995,0.5944881658,0.5613382634,0.6377360013
1824,1.0,0.0,0.0,0.5235987902,1.0,1.0,0.5079808216,0.4732209142,0.06755656004,0.06865507364,0.4648760375,0.5853666499,0.560605905,0.6240001875
1825,1.0,0.0,0.0,0.5235987902,1.0,1.0,0.5084699237,0.4752984137,0.07060658932,0.07232171297,0.4706487329,0.5789476794,0.5601504525,0.6126482148
1826,1.0,0.0,0.0,0.5235987902,1.0,1.0,0.4971527495,0.4551361098,0.07079666853,0.07167434692,0.47379232,0.578512188,0.5650557255,0.6163272061
1827,1.0,0.0,0.0,0.5235987902,1.0,1.0,0.5059675251,0.454802248,0.07067078352,0.07067078352,0.46875008,0.5761319233,0.558052104,0.6213995761
1828,1.0,0.0,0.0,0.5235987902,1.0,1.0,0.5049590448,0.458390676,0.06704294682,0.06787753105,0.459119446,0.5892118912,0.5526315895,0.6188527181
1829,1.0,0.0,0.0,0.5235987902,1.0,1.0,0.4986950218,0.4554650119,0.0710695982,0.07223939896,0.4455852671,0.592592779,0.5498154052,0.6113363631
1830,1.0,0.0,0.0,0.5235987902,1.0,1.0,0.5028119953,0.4515997437,0.08023524284,0.08023524284,0.4659793668,0.577868755,0.5592591226,0.6147539157
1831,1.0,0.0,0.0,0.5235987902,1.0,1.0,0.4997209717,0.4588515799,0.07022678852,0.071382761,0.456790058,0.5802463058,0.5501859576,0.6153845512
1832,1.0,0.0,0.0,0.5235987902,1.0,1.0,0.5064390107,0.4605636352,0.07340478897,0.07400399446,0.462254394,0.5918363204,0.5522389388,0.6234816738
1833,1.0,0.0,0.0,0.5235987902,1.0,1.0,0.5012680438,0.460563629,0.06867498159,0.06980544329,0.4633644269,0.5843617506,0.5447760636,0.6234817157
1834,1.0,0.0,0.0,0.5235987902,1.0,1.0,0.4940128391,0.4522188982,0.06642079353,0.06642079353,0.4330218552,0.5882357164,0.5171102461,0.6092433657
1835,1.0,0.0,0.0,0.5235987902,1.0,1.0,0.5028903445,0.4614277555,0.06505346298,0.06587344408,0.4143763294,0.5966386786,0.4980844352,0.6058092262
1836,1.0,0.0,0.0,0.5235987902,1.0,1.0,0.5123721264,0.4655193836,0.0686622262,0.06922733784,0.4050633376,0.596707701,0.4942968523,0.5918366996
1837,1.0,0.0,0.0,0.5235987902,1.0,1.0,0.5135136446,0.4672959548,0.06940275431,0.07026308775,0.403396978,0.6033056077,0.4847328532,0.5918364058
1838,1.0,0.0,0.0,0.5235987902,1.0,1.0,0.5232121262,0.463202784,0.07209527493,0.0709182024,0.4059829758,0.6081634779,0.4923074647,0.6016599289
1839,1.0,0.0,0.0,0.5235987902,1.0,1.0,0.5098536784,0.4652576637,0.06945335865,0.07061582804,0.4002133955,0.5899578969,0.4980844605,0.59259228
1840,1.0,0.0,0.0,0.5235987902,1.0,1.0,0.5065233484,0.4542917223,0.06898629665,0.06841617823,0.415706868,0.5867765453,0.5037878323,0.6000001742
1841,1.0,0.0,0.0,0.5235987902,1.0,1.0,0.5091894484,0.4486130167,0.06877350807,0.06735253334,0.4168419657,0.590908697,0.5113639251,0.6118144617
1842,1.0,0.0,0.0,0.5235987902,1.0,1.0,0.5091495038,0.4602696072,0.06801772118,0.0685775876,0.4150943249,0.5884766919,0.5112783038,0.6040819058
1843,1.0,0.0,0.0,0.5235987902,1.0,1.0,0.5038678199,0.4529306203,0.06738781929,0.06711053848,0.4273859411,0.6049381733,0.5280901317,0.6157018921
1844,1.0,0.0,0.0,0.5235987902,1.0,1.0,0.4976475148,0.456512096,0.06767320633,0.06851911545,0.4232363977,0.6041662263,0.5150375059,0.621399492
1845,1.0,0.0,0.0,0.5235987902,1.0,1.0,0.5048514758,0.4628408943,0.06876683235,0.07016450167,0.4250514138,0.5934961464,0.5239855199,0.6015936593
1846,1.0,0.0,0.0,0.5235987902,1.0,1.0,0.5033308137,0.4645552774,0.07428914309,0.07642036676,0.4200206422,0.5942617131,0.5185186796,0.6015937653
1847,1.0,0.0,0.0,0.5235987902,1.0,1.0,0.5017603561,0.464685113,0.08310961723,0.0851367116,0.4326531001,0.5894310459,0.5313654001,0.6031748365
1848,1.0,0.0,0.0,0.5235987902,1.0,1.0,0.5053244203,0.4646851511,0.07045096159,0.07158726454,0.4230376728,0.5927421231,0.5239855282,0.5992065177
1849,1.0,0.0,0.0,0.5235987902,1.0,1.0,0.5115336128,0.475570932,0.07059127092,0.07257574797,0.4347379191,0.5983931775,0.5353159416,0.6132813302
1850,1.0,0.0,0.0,0.5235987902,1.0,1.0,0.5074563923,0.4698865926,0.06928479671,0.070974648,0.4489164002,0.5853660425,0.5410445449,0.6111112511
1851,1.0,0.0,0.0,0.5235987902,1.0,1.0,0.5131708339,0.4624283395,0.06761336327,0.06761336327,0.4430641759,0.5887096205,0.541044875,0.6169351284
1852,1.0,0.0,0.0,0.5235987902,1.0,1.0,0.5122138684,0.4624281856,0.07112175226,0.07169997692,0.4416666005,0.5975612311,0.5447762198,0.6209675408
1853,1.0,0.0,0.0,0.5235987902,1.0,1.0,0.5142357598,0.4681401229,0.07695108652,0.07819223404,0.4481327499,0.5967738812,0.5501858325,0.6111104335
1854,1.0,0.0,0.0,0.5235987902,1.0,1.0,0.5075211716,0.4515998327,0.07666301727,0.07666301727,0.4609781484,0.6065571859,0.5518519676,0.6229505393
1855,1.0,0.0,0.0,0.5235987902,1.0,1.0,0.5033913599,0.4565119373,0.06770968437,0.06855607033,0.4732424059,0.5958335534,0.5563910401,0.6255142673
1856,1.0,0.0,0.0,0.5235987902,1.0,1.0,0.5023154443,0.4499333193,0.07764405012,0.07828575373,0.4641744554,0.6074382164,0.5535057108,0.6229506699
1857,1.0,0.0,0.0,0.5235987902,1.0,1.0,0.5007553532,0.4554649787,0.07062709332,0.07208633423,0.4575570128,0.5991732817,0.538745525,0.6275301635
1858,1.0,0.0,0.0,0.5235987902,1.0,1.0,0.5037837281,0.4650687211,0.07718700171,0.07936567068,0.4695122716,0.5927413719,0.5547444669,0.6196074455
1859,1.0,0.0,0.0,0.5235987902,1.0,1.0,0.5121105565,0.4628414915,0.06767213345,0.06849080324,0.47314047,0.5967736821,0.5571957667,0.6294817181
1860,1.0,0.0,0.0,0.5235987902,1.0,1.0,0.5129130665,0.4510587148,0.07796317339,0.07732146978,0.4720168367,0.6049380545,0.5505615985,0.6431536517
1861,1.0,0.0,0.0,0.5235987902,1.0,1.0,0.5123718761,0.4493758953,0.0816937685,0.08102142811,0.4852320478,0.6049384427,0.5597017812,0.6431530905
1862,1.0,0.0,0.0,0.5235987902,1.0,1.0,0.497109891,0.4417012738,0.07840776443,0.0777489543,0.4858934359,0.6008404639,0.554307059,0.6440677057
1863,1.0,0.0,0.0,0.5235987902,1.0,1.0,0.4992050241,0.4571518973,0.08100044727,0.08267402649,0.4840040999,0.6115704486,0.5555553725,0.6477736763
1864,1.0,0.0,0.0,0.5235987902,1.0,1.0,0.5002421248,0.4591531252,0.07836717367,0.08130592108,0.4953076488,0.6041666191,0.5645755663,0.6465863248
1865,1.0,0.0,0.0,0.5235987902,1.0,1.0,0.5044106674,0.4590030708,0.08100873232,0.08301723003,0.503649654,0.6115704425,0.5814817305,0.653226096
1866,1.0,0.0,0.0,0.5235987902,1.0,1.0,0.5023705269,0.4400529626,0.07891768217,0.07858473063,0.5015907065,0.616034211,0.5708956843,0.6525420708
1867,1.0,0.0,0.0,0.5235987902,1.0,1.0,0.4838733303,0.4173698461,0.07954758406,0.07746338844,0.465116258,0.6113539245,0.5355804245,0.6547082993
1868,1.0,0.0,0.0,0.5235987902,1.0,1.0,0.4807440469,0.4102188805,0.07958692312,0.07679444551,0.4704640581,0.6140354556,0.5335822119,0.6499999612
1869,1.0,0.0,0.0,0.5235987902,1.0,1.0,0.4789657972,0.4039097936,0.07624787092,0.07285904884,0.4802981641,0.6133328956,0.541353294,0.641860252
1870,1.0,0.0,0.0,0.5235987902,1.0,1.0,0.4918392837,0.4096977996,0.08132833242,0.0775051713,0.4889589991,0.6196584297,0.5514705465,0.6457397827
1871,1.0,0.0,0.0,0.5235987902,1.0,1.0,0.4792275535,0.4105515497,0.07743668556,0.0750592947,0.4847528801,0.6140349392,0.5501856191,0.6470587301
1872,1.0,0.0,0.0,0.5235987902,1.0,1.0,0.4830636728,0.4167417013,0.0788128376,0.07677459717,0.4895832934,0.6249996219,0.5498154683,0.6460175892
1873,1.0,0.0,0.0,0.5235987902,1.0,1.0,0.481985626,0.427539173,0.08023989201,0.08023989201,0.4906054653,0.6103890798,0.5407406561,0.6450213267
1874,1.0,0.0,0.0,0.5235987902,1.0,1.0,0.490769377,0.4384167826,0.0816873312,0.08273905516,0.4942044397,0.613734106,0.5501857726,0.6525421592
1875,1.0,0.0,0.0,0.5235987902,1.0,1.0,0.4930166224,0.4499330623,0.0797816515,0.08145070076,0.4860681442,0.6066944388,0.5498153864,0.6393441423
1876,1.0,0.0,0.0,0.5235987902,1.0,1.0,0.4848267128,0.4594506995,0.07991915941,0.08499884605,0.4779034502,0.5974578262,0.5421244654,0.6334657276
1877,1.0,0.0,0.0,0.5235987902,1.0,1.0,0.4899020571,0.4668924703,0.07583647966,0.08191621304,0.4808686186,0.6033757098,0.5474452704,0.6367186534
1878,1.0,0.0,0.0,0.5235987902,1.0,1.0,0.4863263623,0.4667721922,0.07991993427,0.08635413647,0.4824742605,0.5974572542,0.5457874478,0.6392155618
1879,1.0,0.0,0.0,0.5235987902,1.0,1.0,0.4935768477,0.4814826909,0.08263868093,0.09052532911,0.4774590696,0.5933605828,0.5401458813,0.6325753261
1880,1.0,0.0,0.0,0.5235987902,1.0,1.0,0.4920010642,0.4795120215,0.07787793875,0.08504670858,0.4830071683,0.5857742571,0.551470398,0.6321841094
1881,1.0,0.0,0.0,0.5235987902,1.0,1.0,0.4890670444,0.4796595341,0.07725638151,0.08430886269,0.4802029549,0.5933609382,0.554744481,0.6311786481
1882,1.0,0.0,0.0,0.5235987902,1.0,1.0,0.4904860979,0.4757493828,0.07490956783,0.0808647275,0.476386087,0.5899580991,0.5535056528,0.6279069939
1883,1.0,0.0,0.0,0.5235987902,1.0,1.0,0.4817085881,0.4719588812,0.07414036989,0.08079397678,0.4830071889,0.5854700133,0.5481482333,0.6313723812
1884,1.0,0.0,0.0,0.5235987902,1.0,1.0,0.4883868422,0.4775109951,0.07288837433,0.07934683561,0.4783505346,0.5949369676,0.5481480392,0.6395348925
1885,1.0,0.0,0.0,0.5235987902,1.0,1.0,0.4873819918,0.4665294102,0.07587462664,0.08099704981,0.4876544049,0.5864976649,0.5535056351,0.6284582072
1886,1.0,0.0,0.0,0.5235987902,1.0,1.0,0.4843917646,0.4703254041,0.07862913609,0.0849327445,0.4662577064,0.5949371503,0.536764786,0.6171874507
1887,1.0,0.0,0.0,0.5235987902,1.0,1.0,0.485501506,0.4648143037,0.07605534792,0.08051049709,0.4634147501,0.5857741045,0.5404410626,0.6284582844
1888,1.0,0.0,0.0,0.5235987902,1.0,1.0,0.4806935787,0.4636400148,0.07427990437,0.07954138517,0.4689377604,0.5875005015,0.5415162003,0.6264590857
1889,1.0,0.0,0.0,0.5235987902,1.0,1.0,0.469146578,0.4576197764,0.07549744844,0.08065956831,0.4643931168,0.5854700281,0.5347985583,0.6240002719
1890,1.0,0.0,0.0,0.5235987902,1.0,1.0,0.4760227712,0.448612982,0.07818359137,0.08021432161,0.4721650068,0.5844158319,0.5416665417,0.6202531928
1891,1.0,0.0,0.0,0.5235987902,1.0,1.0,0.4812887718,0.4548019834,0.07847619057,0.08114767075,0.467213141,0.5872337484,0.5430710472,0.625514899
1892,1.0,0.0,0.0,0.5235987902,1.0,1.0,0.4803834985,0.4569935581,0.07645773888,0.07969743013,0.4663950575,0.584745406,0.5390335983,0.6178860086
1893,1.0,0.0,0.0,0.0,1.0,1.0,0.464243728,0.438644055,0.07334297895,0.07590520382,0.4766735156,0.5851525936,0.5444443488,0.6244725076
1894,1.0,0.0,0.0,0.5235987902,1.0,1.0,0.471874426,0.4370255943,0.07488238811,0.07616794109,0.4751772743,0.5922752042,0.5498156155,0.624472762
1895,1.0,0.0,0.0,0.5235987902,1.0,1.0,0.455014128,0.4395355307,0.07650345564,0.08051240444,0.4751491984,0.5807863562,0.5547446704,0.6265563299
1896,1.0,0.0,0.0,0.5235987902,1.0,1.0,0.4549181212,0.4275590981,0.07638645172,0.07837057114,0.4778325158,0.5800864889,0.5523464307,0.6244721791
1897,1.0,0.0,0.0,0.5235987902,1.0,1.0,0.4542920838,0.4309185848,0.0765607357,0.07922363281,0.4762845464,0.5869560817,0.5579712118,0.6260502937
1898,1.0,0.0,0.0,0.0,1.0,1.0,0.4403279065,0.3503578848,0.07007968426,0.06193089485,0.52254086,0.6139535714,0.5756457589,0.636842318
1899,1.0,0.0,0.0,0.0,1.0,1.0,0.5162679341,0.2324283848,0.07846713066,0.04023957253,0.5540838956,0.5042735822,0.5697674539,0.5833333333
1900,1.0,0.0,0.0,0.0,1.0,1.0,0.5128138416,0.2364065968,0.07894796133,0.04132175446,0.5502183867,0.5276593078,0.5807692872,0.617885827
1901,1.0,0.0,0.0,0.0,1.0,1.0,0.4462531019,0.3220426755,0.07105129957,0.05697202682,0.5452674591,0.6129032258,0.6074074748,0.6609194921
1902,1.0,0.0,0.0,0.0,1.0,1.0,0.4534778174,0.390690895,0.07290321589,0.06874650717,0.5283582366,0.6184211925,0.5927272469,0.6418606264
1903,1.0,0.0,0.0,0.5235987902,1.0,1.0,0.4550943708,0.4173298297,0.07360422611,0.07392150164,0.5230618188,0.6034478012,0.5949821367,0.6266093209
1904,1.0,0.0,0.0,0.5235987902,1.0,1.0,0.4588879637,0.425294562,0.07698041201,0.07828515768,0.5214007215,0.5889825686,0.5992907262,0.6416662923
1905,1.0,0.0,0.0,0.5235987902,1.0,1.0,0.4587286199,0.4336864265,0.07296097279,0.07544469833,0.5078124795,0.5914889689,0.5892856409,0.6296296589
1906,1.0,0.0,0.0,0.5235987902,1.0,1.0,0.4648565556,0.4374778823,0.07691961527,0.07884258032,0.4883720302,0.5833333979,0.5765127156,0.6219507862
1907,1.0,0.0,0.0,0.5235987902,1.0,1.0,0.468609715,0.4326204848,0.07867723703,0.0799831152,0.4922179727,0.5850619515,0.5795051295,0.6163266249
1908,1.0,0.0,0.0,0.5235987902,1.0,1.0,0.4690659489,0.4343863696,0.07912236452,0.08076393604,0.4936708749,0.585062522,0.5759716272,0.6178861309
1909,1.0,0.0,0.0,0.5235987902,1.0,1.0,0.4677001596,0.4321432732,0.07982319593,0.08048564196,0.4932037879,0.5809129405,0.57295383,0.6131686816
1910,1.0,0.0,0.0,0.5235987902,1.0,1.0,0.4740817424,0.4323826491,0.08134245872,0.08101046085,0.4966118284,0.5877555507,0.5780142205,0.6147542913
1911,1.0,0.0,0.0,0.5235987902,1.0,1.0,0.4752591304,0.4288515867,0.07617354393,0.07553344965,0.5384616815,0.5798322352,0.6145455579,0.6271190721
1912,1.0,0.0,0.0,0.5235987902,1.0,1.0,0.4709098004,0.4254867772,0.07994449139,0.07926982641,0.5467195702,0.586497928,0.6195654678,0.6297871988
1913,1.0,0.0,0.0,0.5235987902,1.0,1.0,0.478550423,0.4260212869,0.08238196373,0.08034789562,0.5507387783,0.6008233609,0.6366907339,0.641350164
1914,1.0,0.0,0.0,0.5235987902,1.0,1.0,0.4690448788,0.4185387238,0.07943242788,0.0777566433,0.5465345751,0.5949371743,0.6281587556,0.6336210465
1915,1.0,0.0,0.0,0.5235987902,1.0,1.0,0.4710125468,0.4265476707,0.0794017911,0.07841747999,0.528724393,0.5991730605,0.6214285552,0.6276148179
1916,1.0,0.0,0.0,0.5235987902,1.0,1.0,0.4770281747,0.4222991995,0.08129817247,0.07899415493,0.536231808,0.595141929,0.6161971079,0.6250001886
1917,1.0,0.0,0.0,0.5235987902,1.0,1.0,0.4662787719,0.4416548896,0.077645123,0.07987266779,0.5353727684,0.5819674837,0.6126762281,0.6254980258
1918,1.0,0.0,0.0,0.5235987902,1.0,1.0,0.4548129886,0.4285798325,0.07824444771,0.08120322227,0.550669128,0.588234846,0.6250000393,0.6194335728
1919,1.0,0.0,0.0,0.5235987902,1.0,1.0,0.4589465309,0.4401053322,0.08103352785,0.0840472579,0.5426944483,0.5785120745,0.6175436757,0.6175299398
1920,1.0,0.0,0.0,0.5235987902,1.0,1.0,0.4634545742,0.4320506724,0.08165127039,0.08264708519,0.536286613,0.5894307608,0.6180556118,0.6265062153
1921,1.0,0.0,0.0,0.5235987902,1.0,1.0,0.4601059937,0.425557351,0.07958608866,0.07958608866,0.5415471698,0.5892117705,0.6113073327,0.6182576374
1922,1.0,0.0,0.0,0.5235987902,1.0,1.0,0.4543784915,0.4275780828,0.07299816608,0.07453173399,0.5434574057,0.5840332292,0.6091548525,0.617284385
1923,1.0,0.0,0.0,0.5235987902,1.0,1.0,0.4547221108,0.4260778805,0.07800632715,0.07898145914,0.5431280224,0.5833331423,0.6210528144,0.6213990155
1924,1.0,0.0,0.0,0.5235987902,1.0,1.0,0.4599539812,0.4222993319,0.07790827751,0.07790827751,0.5474591771,0.599999694,0.6197182052,0.6208330911
1925,1.0,0.0,0.0,0.5235987902,1.0,1.0,0.4602568249,0.4278310033,0.07725644112,0.07789486647,0.5413892221,0.5867771273,0.6105263675,0.6270492838
1926,1.0,0.0,0.0,0.5235987902,1.0,1.0,0.456723941,0.4243243821,0.07711565495,0.07808363438,0.550669221,0.5857738451,0.621052485,0.6239670052
1927,1.0,0.0,0.0,0.5235987902,1.0,1.0,0.4589468682,0.41906453,0.07858228683,0.07760816813,0.5464895826,0.5909084703,0.621052469,0.6234312226
1928,1.0,0.0,0.0,0.5235987902,1.0,1.0,0.4534329901,0.4193461976,0.0780056119,0.0780056119,0.5463137394,0.5833339064,0.6118882318,0.6208332283
1929,1.0,0.0,0.0,0.5235987902,1.0,1.0,0.4552480595,0.4326205662,0.07757788897,0.07985961437,0.5464114536,0.5798319069,0.6113075563,0.6122447609
1930,1.0,0.0,0.0,0.5235987902,1.0,1.0,0.4555860651,0.4187803395,0.0789821744,0.07832401991,0.5422602945,0.5875001226,0.609154943,0.6218487907
1931,1.0,0.0,0.0,0.0,1.0,1.0,0.454551201,0.4208176597,0.07886552811,0.07919549942,0.5451950956,0.5815897589,0.6210525382,0.6125003763
1932,1.0,0.0,0.0,0.0,1.0,1.0,0.4526493609,0.4064631968,0.07439023256,0.07220226526,0.537583248,0.5798314345,0.6126759429,0.6103902
1933,1.0,0.0,0.0,0.0,1.0,1.0,0.4542916963,0.4149629371,0.07432901859,0.07278054953,0.532196864,0.5833337343,0.6077736967,0.6127660097
1934,1.0,0.0,0.0,0.0,1.0,1.0,0.4602569249,0.4125809774,0.07439893484,0.07132458687,0.5299714277,0.5785122179,0.6120995177,0.6206899722
1935,1.0,0.0,0.0,0.0,1.0,1.0,0.4660209006,0.4140544624,0.07564306259,0.07251733541,0.5221580071,0.5826449081,0.6071427721,0.6163792218
1936,1.0,0.0,0.0,0.0,1.0,1.0,0.4549840361,0.4004853711,0.07258445024,0.06863629818,0.5257142676,0.5774053286,0.6134751329,0.6194692955
1937,1.0,0.0,0.0,0.0,1.0,1.0,0.4444083085,0.399424871,0.07371050119,0.07181239128,0.534351204,0.5793991382,0.6091549868,0.6035240353
1938,1.0,0.0,0.0,0.0,1.0,1.0,0.448997342,0.3888676091,0.07846331596,0.07255399227,0.5300751367,0.5941418844,0.6197182784,0.638008994
1939,1.0,0.0,0.0,0.0,1.0,1.0,0.4429556204,0.3878955326,0.07737761736,0.0721758008,0.5270018107,0.5840341216,0.608391474,0.6171173887
1940,1.0,0.0,0.0,0.0,1.0,1.0,0.4468306508,0.396330179,0.07916343212,0.07431668043,0.5200731001,0.5795916401,0.6137930596,0.6130433492
1941,1.0,0.0,0.0,0.0,1.0,1.0,0.4454234665,0.3846646701,0.07763034105,0.07185614109,0.5285451254,0.5867764724,0.6185567537,0.6205354254
1942,1.0,0.0,0.0,0.5235987902,1.0,1.0,0.4482792305,0.3994309464,0.07665598392,0.07257181406,0.5257353156,0.5819672896,0.6159170322,0.6190473844
1943,1.0,0.0,0.0,0.0,1.0,1.0,0.442345772,0.3900260875,0.07556992769,0.07082700729,0.5166667335,0.5899579841,0.6062718353,0.620535564
1944,1.0,0.0,0.0,0.0,1.0,1.0,0.4452229623,0.3952496037,0.07536262274,0.07098466158,0.5231053331,0.5892120613,0.609755879,0.6211449084
1945,1.0,0.0,0.0,0.0,1.0,1.0,0.4367934079,0.3980233404,0.0713339448,0.06861352921,0.5111111719,0.5762714272,0.6035087367,0.6123343387
1946,1.0,0.0,0.0,0.0,1.0,1.0,0.4392332585,0.3994247148,0.07303875685,0.07025337219,0.5270018051,0.5889837251,0.6091547482,0.6211447615
1947,1.0,0.0,0.0,0.0,1.0,1.0,0.4379578302,0.395905513,0.07067227364,0.06795406342,0.5262172013,0.5940174617,0.6056338957,0.6266665497
1948,1.0,0.0,0.0,0.0,1.0,1.0,0.4431487702,0.3902414893,0.07499814034,0.07053017616,0.5358489802,0.587233958,0.6148412469,0.6199095749
1949,1.0,0.0,0.0,0.0,1.0,1.0,0.4444049168,0.3959057891,0.07371413708,0.06998175383,0.5159474254,0.5991559919,0.6091549035,0.6222218058
1950,1.0,0.0,0.0,0.0,1.0,1.0,0.4441963213,0.3994249036,0.07338982821,0.07059109211,0.5141242765,0.5889828203,0.6091550008,0.6211452629
1951,1.0,0.0,0.0,0.0,1.0,1.0,0.4408184522,0.3962072901,0.07204538584,0.06893998384,0.5266159985,0.5905167528,0.6071429061,0.6216219488
1952,1.0,0.0,0.0,0.0,1.0,1.0,0.4429343054,0.4008362596,0.07085251808,0.06873303652,0.530302947,0.5726494648,0.6113071969,0.6123354397
1953,1.0,0.0,0.0,0.0,1.0,1.0,0.4465189166,0.4008362975,0.07481354475,0.07226669788,0.532319369,0.5829784657,0.6113074719,0.6079299987
1954,1.0,0.0,0.0,0.0,1.0,1.0,0.4400176543,0.4001260758,0.07105606794,0.06953775883,0.5239885921,0.5769236899,0.6048950066,0.6113538765
1955,1.0,0.0,0.0,0.0,1.0,1.0,0.4390071683,0.3948844797,0.07218956947,0.06942486763,0.517757074,0.591489836,0.6013987602,0.6150438375
1956,1.0,0.0,0.0,0.0,1.0,1.0,0.4486131833,0.4043676714,0.07353037596,0.07104831934,0.5284091348,0.5822783887,0.6077739463,0.6113542613
1957,1.0,0.0,0.0,0.0,1.0,1.0,0.4437711502,0.3973044916,0.06842255592,0.06635808945,0.5253588554,0.5905177971,0.6113074886,0.6222226813
1958,1.0,0.0,0.0,0.0,1.0,1.0,0.4497485549,0.4036892833,0.07221639156,0.07005614042,0.5153846939,0.5726491635,0.5943062613,0.6035238955
1959,1.0,0.0,0.0,0.0,1.0,1.0,0.4431304257,0.3809930119,0.07463371754,0.0694643259,0.5316698239,0.5930738109,0.6099292032,0.6325575888
1960,1.0,0.0,0.0,0.0,1.0,1.0,0.4473422806,0.3962702401,0.07354855537,0.07013493776,0.5297449953,0.5949365447,0.6140350109,0.6194690265
1961,1.0,0.0,0.0,0.0,1.0,1.0,0.4475676114,0.37788061,0.07340914011,0.06656593084,0.5218216743,0.6016948671,0.6077738193,0.6308414018
1962,1.0,0.0,0.0,0.0,1.0,1.0,0.4389183581,0.3880811607,0.07073098421,0.06705665588,0.5228137077,0.5930735529,0.602836899,0.6164384049
1963,1.0,0.0,0.0,0.0,1.0,1.0,0.4383185625,0.3845370969,0.07331568003,0.06857544184,0.517958374,0.5905174902,0.606383121,0.6313366739
1964,1.0,0.0,0.0,0.0,1.0,1.0,0.4425008274,0.3947973654,0.07018613815,0.06716090441,0.5133587447,0.5948274691,0.6014234489,0.6351350272
1965,1.0,0.0,0.0,0.0,1.0,1.0,0.4410416989,0.3912409234,0.0766788125,0.07240062952,0.5075758258,0.5879823422,0.6014233958,0.6272725102
1966,1.0,0.0,0.0,0.0,1.0,1.0,0.4406545361,0.3955389863,0.07451802492,0.07102996111,0.5065665264,0.5914893957,0.5971731402,0.6294641621
1967,1.0,0.0,0.0,0.0,1.0,1.0,0.4439865448,0.3863088252,0.07241535187,0.06717675924,0.5103970727,0.5914893722,0.5957447173,0.628440542
1968,1.0,0.0,0.0,0.0,1.0,1.0,0.4441965602,0.3890685229,0.07238066196,0.0680128336,0.5076628137,0.6034482759,0.6035716539,0.6284404233
1969,1.0,0.0,0.0,0.0,1.0,1.0,0.446315794,0.3805704923,0.07441747189,0.06805700064,0.5267176118,0.6025639999,0.6085410854,0.6308412893
1970,1.0,0.0,0.0,0.0,1.0,1.0,0.4397545111,0.390462888,0.07087117434,0.06688272953,0.5199999704,0.5887448582,0.5985665589,0.6284406286
1971,1.0,0.0,0.0,0.0,1.0,1.0,0.4480254645,0.3944223147,0.07517027855,0.07099413872,0.5114942702,0.5897436304,0.5928570553,0.6244345487
1972,1.0,0.0,0.0,0.0,1.0,1.0,0.4418787345,0.3912406825,0.07530921698,0.07110738754,0.5047438053,0.5922749804,0.5943061747,0.6318181971
1973,1.0,0.0,0.0,0.0,1.0,1.0,0.4412629427,0.3902412806,0.07766801119,0.07335311174,0.5150943546,0.5982903228,0.5971730631,0.6425335653
1974,1.0,0.0,0.0,0.0,1.0,1.0,0.4439866138,0.3983540655,0.07199597359,0.06862592697,0.5198487664,0.5957444871,0.5978646308,0.6294643167
1975,1.0,0.0,0.0,0.0,1.0,1.0,0.4412631178,0.392006985,0.0728597641,0.06912332773,0.5132075635,0.6025643333,0.5971731616,0.6351348671
1976,1.0,0.0,0.0,0.0,1.0,1.0,0.4431486759,0.3987136442,0.07624971867,0.07300508022,0.520754635,0.5957445644,0.6028368448,0.6355560237
1977,1.0,0.0,0.0,0.0,1.0,1.0,0.4429343165,0.3831780249,0.07084721327,0.06570017338,0.5284090067,0.5982909578,0.6042402913,0.6359444998
1978,1.0,0.0,0.0,0.0,1.0,1.0,0.443148766,0.386709888,0.07898676395,0.07360893488,0.5301886315,0.5957441189,0.6077738848,0.6301373413
1979,1.0,0.0,0.0,0.0,1.0,1.0,0.4448274455,0.3867097237,0.0776566267,0.07236933708,0.5151515126,0.5914893519,0.593639729,0.6347034483
1980,1.0,0.0,0.0,0.0,1.0,1.0,0.4431490969,0.3976652177,0.07195162773,0.06919598579,0.5320755915,0.591489196,0.6091548403,0.6327434543
1981,1.0,0.0,0.0,0.0,1.0,1.0,0.4423141257,0.3959058635,0.07317280769,0.07005912066,0.5197741151,0.5872335122,0.598591388,0.6266665646
1982,1.0,0.0,0.0,0.0,1.0,1.0,0.4423142889,0.3923862459,0.07543647289,0.07158434391,0.527306996,0.5914891902,0.6056338304,0.6233186732
1983,1.0,0.0,0.0,0.0,1.0,1.0,0.4439864373,0.3804890798,0.07743161917,0.07150065899,0.5217391824,0.599999846,0.5964912392,0.6313365822
1984,1.0,0.0,0.0,0.0,1.0,1.0,0.4439863212,0.389256306,0.07352244854,0.069455266,0.5179583357,0.5999998379,0.6,0.6396393613
1985,1.0,0.0,0.0,0.0,1.0,1.0,0.4353630042,0.384537026,0.0751696825,0.07092094421,0.5246211229,0.595652498,0.5992907503,0.6267279402
1986,1.0,0.0,0.0,0.0,1.0,1.0,0.4402075701,0.3894621856,0.07287013531,0.06849169731,0.5122871947,0.6051500215,0.5943058737,0.6301374989
1987,1.0,0.0,0.0,0.0,1.0,1.0,0.4473693575,0.3880811967,0.07717818022,0.07192349434,0.500952379,0.6,0.5886524435,0.6255705757
1988,1.0,0.0,0.0,0.0,1.0,1.0,0.437850702,0.3912407683,0.07472324371,0.07147443295,0.5219047942,0.6000001595,0.5907473217,0.6272726666
1989,1.0,0.0,0.0,0.0,1.0,1.0,0.4332178695,0.3916253577,0.07355183363,0.07129371166,0.528517147,0.5964910717,0.5886524219,0.6289597111
1990,1.0,0.0,0.0,0.0,1.0,1.0,0.43737566,0.3743427439,0.07030951977,0.06445038319,0.527831114,0.6008767394,0.5913978904,0.6267939088
1991,1.0,0.0,0.0,0.0,1.0,1.0,0.4385900981,0.3729800775,0.07008844614,0.0638859272,0.5339807002,0.6017693847,0.6050725079,0.6310676713
1992,1.0,0.0,0.0,0.0,1.0,1.0,0.439293833,0.3738918677,0.07135367393,0.06481033564,0.5182342026,0.5982536362,0.5899281986,0.6298075022
1993,1.0,0.0,0.0,0.0,1.0,1.0,0.4392939974,0.3671785992,0.06997656822,0.06264281273,0.520153669,0.5982536805,0.5949821314,0.6292679539
1994,1.0,0.0,0.0,0.0,1.0,1.0,0.4478269443,0.3725519737,0.07099604607,0.06337845325,0.519230715,0.6051501281,0.5949821592,0.6298073758
1995,1.0,0.0,0.0,0.0,1.0,1.0,0.4412121663,0.3734377799,0.07207542658,0.06486791372,0.5182341516,0.5956525874,0.5920576663,0.6280190351
1996,1.0,0.0,0.0,0.0,1.0,1.0,0.4409870057,0.3702967164,0.07336074114,0.06599259377,0.5221579319,0.6069870628,0.5935251955,0.6310681629
1997,1.0,0.0,0.0,0.0,1.0,1.0,0.4505356056,0.3747908055,0.07253855467,0.06461954117,0.517716497,0.5982530742,0.5992647555,0.632353321
1998,1.0,0.0,0.0,0.0,1.0,1.0,0.4448498715,0.3679265317,0.06624341011,0.05865603685,0.5117646776,0.5859031114,0.5897435131,0.6268655655
1999,1.0,0.0,0.0,0.0,1.0,1.0,0.4535621775,0.3603936162,0.06526935101,0.05602765083,0.5100402031,0.5752211339,0.6022304049,0.6082471266
2000,1.0,0.0,0.0,0.0,1.0,1.0,0.4480930749,0.3688851548,0.06781119108,0.05985075235,0.5204678639,0.6000001758,0.6036364318,0.6256158322
2001,1.0,0.0,0.0,0.0,1.0,1.0,0.4492542479,0.3780177342,0.07304179668,0.06596285105,0.5267326217,0.5947138901,0.6088560167,0.6146341331
2002,1.0,0.0,0.0,0.5235987902,1.0,1.0,0.4535618817,0.3632657078,0.06891030073,0.06006783247,0.5261045445,0.5929204765,0.6162364763,0.6243660514
2003,1.0,0.0,0.0,0.0,1.0,1.0,0.4564856665,0.3656046545,0.07202082872,0.06313717365,0.5211267552,0.5859031092,0.6102939324,0.6180902625
2004,1.0,0.0,0.0,0.5235987902,1.0,1.0,0.4542916723,0.3761737573,0.06751275063,0.061211586,0.5292929984,0.5822221006,0.6051659057,0.6176462569
2005,1.0,0.0,0.0,0.5235987902,1.0,1.0,0.4428664444,0.3600931102,0.07141399384,0.06305021048,0.5309381057,0.5810806525,0.6066177309,0.6071428909
2006,1.0,0.0,0.0,0.0,1.0,1.0,0.4559207887,0.3734175458,0.07107925415,0.06331944466,0.5298804324,0.5851530215,0.6190478366,0.6127452642
2007,1.0,0.0,0.0,0.0,1.0,1.0,0.445751153,0.360093115,0.07397693396,0.06502008438,0.5339999522,0.5874443147,0.6139704863,0.6173472942
2008,1.0,0.0,0.0,0.0,1.0,1.0,0.4560944052,0.3697568124,0.07322359085,0.0643094182,0.5297618893,0.5869564863,0.6153848263,0.6138611017
2009,1.0,0.0,0.0,0.0,1.0,1.0,0.4505358423,0.3688844728,0.06557619572,0.05813080072,0.517716579,0.5982533862,0.5963634768,0.6305424225
2010,1.0,0.0,0.0,0.0,1.0,1.0,0.4481626135,0.3574646281,0.06939828396,0.06018608809,0.5337301249,0.5929202704,0.6131386319,0.6377556932
2011,1.0,0.0,0.0,0.0,1.0,1.0,0.4477501583,0.3551131107,0.07199043036,0.06234884262,0.5380000829,0.5892859656,0.6153847721,0.6185566518
2012,1.0,0.0,0.0,0.0,1.0,1.0,0.4564852438,0.3569437187,0.07038450241,0.06046253443,0.5231387671,0.5903082171,0.6117214454,0.625641147
2013,1.0,0.0,0.0,0.0,1.0,1.0,0.4533756865,0.3564184083,0.06642496586,0.05727308989,0.5241936435,0.5866670376,0.6066175039,0.6237106911
2014,1.0,0.0,0.0,0.0,1.0,1.0,0.4469048981,0.3473897024,0.06481224298,0.0550904274,0.5304878262,0.5863639666,0.6133830114,0.6256686401
2015,1.0,0.0,0.0,0.0,1.0,1.0,0.4477499055,0.3483455482,0.063144207,0.05384171009,0.52800006,0.5803570754,0.6131388212,0.6230369506
2016,1.0,0.0,0.0,0.0,1.0,1.0,0.4448616924,0.3496216051,0.06657850742,0.05702459812,0.5209580958,0.58744389,0.6043954397,0.6178011402
2017,1.0,0.0,0.0,0.0,1.0,1.0,0.447957107,0.3545812608,0.07066971064,0.06061887741,0.5219124341,0.5822217686,0.6029411303,0.6217611129
2018,1.0,0.0,0.0,0.0,1.0,1.0,0.4439753624,0.3477914447,0.06775999069,0.05773276091,0.5239044715,0.5829591916,0.6080586344,0.6157898812
2019,1.0,0.0,0.0,0.0,1.0,1.0,0.4446336339,0.3606046747,0.07089757919,0.06180012226,0.5255905241,0.5840714809,0.6043957687,0.6192891051
2020,1.0,0.0,0.0,0.0,1.0,1.0,0.4433170345,0.3472325756,0.06469291449,0.05458462238,0.5108911386,0.5803576118,0.5992647198,0.6190474111
2021,1.0,0.0,0.0,0.0,1.0,1.0,0.4433011638,0.3301075217,0.06466567516,0.05320215225,0.5141128563,0.5863638458,0.6131385593,0.6243098689
2022,1.0,0.0,0.0,0.0,1.0,1.0,0.4366298305,0.3422996521,0.06576383114,0.05641210079,0.5230461759,0.5688078134,0.6080587644,0.6149731942
2023,1.0,0.0,0.0,0.0,1.0,1.0,0.4305894631,0.3446980285,0.06595677137,0.05718272924,0.5415018417,0.5825690353,0.6131384265,0.6084657905
2024,1.0,0.0,0.0,0.0,1.0,1.0,0.4131553074,0.3362094845,0.06365764141,0.05547308922,0.5255906285,0.58571458,0.6066176643,0.6174856342
2025,1.0,0.0,0.0,0.0,1.0,1.0,0.4097327261,0.325273129,0.06523030996,0.05456185341,0.5134099323,0.5934576835,0.5963635627,0.6201119515
2026,1.0,0.0,0.0,0.0,1.0,1.0,0.3929106084,0.2806403835,0.06371718645,0.04794251919,0.5,0.5873786362,0.5905798656,0.6064522305
2027,1.0,0.0,0.0,0.0,1.0,1.0,0.4501619583,0.1652774827,0.06136441231,0.02392649651,0.4710744344,0.4541283156,0.5097275816,0.4117632405
2028,1.0,0.0,0.0,0.0,1.0,1.0,0.4535101186,0.1329900596,0.06310480833,0.01973891258,0.4731183187,0.4170618755,0.504032101,0.2272740998
2029,1.0,0.0,0.0,0.0,1.0,1.0,0.4247102212,0.1368287115,0.06027150154,0.02069026232,0.4841437921,0.4626864638,0.5277774602,0.3913057256
2030,1.0,0.0,0.0,0.0,1.0,1.0,0.3661923739,0.1952931153,0.05091494322,0.02869236469,0.5101215499,0.563535239,0.5862071484,0.6176476698
2031,1.0,0.0,0.0,0.0,1.0,1.0,0.3438079532,0.2584107108,0.04988592863,0.03944468498,0.5299999651,0.5988372024,0.6121672158,0.6102947843
2032,1.0,0.0,0.0,0.0,1.0,1.0,0.3504018328,0.3005985165,0.05628782511,0.05021131039,0.5318724676,0.5795449371,0.6206897659,0.5796171917
2033,1.0,0.0,0.0,0.0,1.0,1.0,0.3630782564,0.3235742596,0.05461066961,0.04961943626,0.5039061877,0.5698924379,0.5900384452,0.5621303197
2034,1.0,0.0,0.0,0.0,1.0,1.0,0.3627318737,0.3230136214,0.0540958643,0.04891645908,0.4961389861,0.5851067346,0.5931560701,0.5647059397
2035,1.0,0.0,0.0,0.0,1.0,1.0,0.3662670271,0.3459608917,0.0547747612,0.05244398117,0.4931773914,0.5904253467,0.5807693865,0.5722225253
2036,1.0,0.0,0.0,0.0,1.0,1.0,0.3513074167,0.3362432499,0.0577532053,0.0559001565,0.4981203488,0.5882357798,0.5947957083,0.5801104442
2037,1.0,0.0,0.0,0.0,1.0,1.0,0.3523078816,0.3228123929,0.05774378777,0.05379289389,0.5139147303,0.6,0.6058394134,0.5762713367
2038,1.0,0.0,0.0,0.0,1.0,1.0,0.3557644102,0.3235600298,0.05986040831,0.05554056168,0.5100917573,0.5824746015,0.5935252298,0.5666665951
2039,1.0,0.0,0.0,0.0,1.0,1.0,0.3575665847,0.3448779766,0.06251496077,0.05977040529,0.4869109555,0.5902441489,0.5985916413,0.5612242354
2040,1.0,0.0,0.0,0.0,1.0,1.0,0.34398621,0.3314300539,0.05519366264,0.05299687386,0.4828767216,0.6019896414,0.6013744167,0.5854915986
2041,1.0,0.0,0.0,0.0,1.0,1.0,0.3159632306,0.2886901759,0.05173164606,0.04655849934,0.4875208862,0.6052634308,0.6081079333,0.5847946928
2042,1.0,0.0,0.0,0.0,1.0,1.0,0.3116190072,0.2860244019,0.05076777935,0.04576992989,0.487883605,0.6010364641,0.6052632167,0.5747136316
2043,1.0,0.0,0.0,0.0,1.0,1.0,0.3094638115,0.2871414246,0.05141848326,0.04748344421,0.4881516936,0.6020408991,0.6063490896,0.5856346656
2044,1.0,0.0,0.0,0.0,1.0,1.0,0.2953249067,0.2800982684,0.0493440032,0.04570811987,0.4805598564,0.6,0.5987262798,0.5852266726
2045,1.0,0.0,0.0,0.0,1.0,1.0,0.2880010031,0.277089118,0.04873597622,0.04557478428,0.4828661111,0.5999995108,0.5993590789,0.5895950658
2046,1.0,0.0,0.0,0.0,1.0,1.0,0.2790953177,0.2731594091,0.04686295986,0.04450672865,0.4820592167,0.6089388601,0.5980706513,0.5941175762
2047,1.0,0.0,0.0,0.0,1.0,1.0,0.2782270501,0.2811933392,0.04704868793,0.04599732161,0.4852255348,0.6089382856,0.5980706165,0.5999997408
2048,1.0,0.0,0.0,0.0,1.0,1.0,0.2749624729,0.2786904706,0.04652494192,0.04547941685,0.4760432175,0.6179776289,0.5897437021,0.5977001853
2049,1.0,0.0,0.0,0.0,1.0,1.0,0.2714534283,0.2763730615,0.04672694206,0.04566496611,0.4768518663,0.6079548644,0.5980707697,0.587208976
2050,1.0,0.0,0.0,0.0,1.0,1.0,0.2681810715,0.2790650317,0.04590594769,0.04590594769,0.4804991533,0.6162789188,0.5974026727,0.5988374056
2051,1.0,0.0,0.0,0.0,1.0,1.0,0.264328202,0.2741976853,0.04466766119,0.04466766119,0.480438135,0.6153837942,0.5974026924,0.6035503116
2052,1.0,0.0,0.0,0.0,1.0,1.0,0.2745717647,0.2864848676,0.04620474577,0.04646879435,0.486656242,0.6114292422,0.6026060882,0.607953649
2053,1.0,0.0,0.0,0.0,1.0,1.0,0.2490518878,0.2374092881,0.04098039865,0.03805327415,0.4967638581,0.6038962267,0.6079735381,0.6293708923
2054,1.0,0.0,0.0,0.0,1.0,1.0,0.1615968337,0.1090298271,0.02492713928,0.01625680923,0.4780317326,0.3043485538,0.5309091868,0.2000007333
2055,1.0,0.0,0.0,0.0,1.0,1.0,0.1656732178,0.1032632686,0.02533584833,0.01542180777,0.4828829708,0.3260865985,0.5276753622,0.2678570738
2056,1.0,0.0,0.0,0.0,1.0,1.0,0.1834308243,0.1302089521,0.02928394079,0.0202524662,0.5248713299,0.5794387578,0.6021127435,0.7297310024
2057,1.0,0.0,0.0,0.0,1.0,1.0,0.2272978185,0.2053649478,0.03653246164,0.03223454952,0.5117057377,0.6029420162,0.5958904682,0.6333324704
2058,1.0,0.0,0.0,0.0,1.0,1.0,0.2585049799,0.2498603612,0.04263007641,0.03991472721,0.5024711465,0.6114645407,0.5952381397,0.6190488279
2059,1.0,0.0,0.0,0.0,1.0,1.0,0.2746433889,0.2836254877,0.04578334093,0.04551243782,0.4878048126,0.6153841147,0.5844593089,0.5952379081
2060,1.0,0.0,0.0,0.0,1.0,1.0,0.2766166309,0.2960674113,0.04577702284,0.0471394062,0.499176375,0.6309519004,0.5890411318,0.6011559451
2061,1.0,0.0,0.0,0.0,1.0,1.0,0.2883634389,0.3032204204,0.04780894518,0.04862385988,0.4967212226,0.6249998442,0.5864405658,0.5977655549
2062,1.0,0.0,0.0,0.0,1.0,1.0,0.2867117694,0.3055724126,0.04798680544,0.04907125235,0.5008104094,0.6214697827,0.5945945745,0.5966847205
2063,1.0,0.0,0.0,0.0,1.0,1.0,0.3015971888,0.3170990216,0.05093741417,0.05175030231,0.4911718235,0.6063834269,0.5980066676,0.5968584217
2064,1.0,0.0,0.0,0.0,1.0,1.0,0.3017794389,0.3219682332,0.05056321621,0.05219435692,0.5064934464,0.6021501574,0.5939596119,0.5989578337
2065,1.0,0.0,0.0,0.0,1.0,1.0,0.301444391,0.3180043282,0.05048722029,0.05102723837,0.5000000445,0.5989303866,0.6026935989,0.6031748813
2066,1.0,0.0,0.0,0.0,1.0,1.0,0.2894381447,0.3131581851,0.04837989807,0.05025094748,0.4944000434,0.6243100729,0.5900001374,0.6170215794
2067,1.0,0.0,0.0,0.0,1.0,1.0,0.2926365972,0.3131584159,0.0488973856,0.05023336411,0.4991999297,0.6120212784,0.5966666332,0.6063829535
2068,1.0,0.0,0.0,0.0,1.0,1.0,0.290572597,0.3081614299,0.04832321405,0.04911977053,0.4968050075,0.6208794801,0.5900000935,0.5945942994
2069,1.0,0.0,0.0,0.0,1.0,1.0,0.2871593671,0.3058495733,0.04788327217,0.04895329475,0.4959871403,0.6145257099,0.5953177793,0.6065566784
2070,1.0,0.0,0.0,0.0,1.0,1.0,0.2920445423,0.3051987126,0.0476590991,0.04818868637,0.4983764894,0.6222224724,0.5906039331,0.6043956995
2071,1.0,0.0,0.0,0.0,1.0,1.0,0.2897403245,0.3051984923,0.0472818017,0.0483443141,0.4999999087,0.6292134831,0.5906040092,0.6098894934
2072,1.0,0.0,0.0,0.0,1.0,1.0,0.3022703049,0.3181558535,0.04933416843,0.05066037178,0.4943090363,0.6290326088,0.5933333034,0.5968586018
2073,1.0,0.0,0.0,0.0,1.0,1.0,0.2755939328,0.2804555877,0.04386180639,0.0435975194,0.5099667838,0.6204824434,0.5986396018,0.6060606061
2074,1.0,0.0,0.0,0.0,1.0,1.0,0.1613202442,0.07731534543,0.0232411623,0.01095271111,0.4730983986,0.413793015,0.5132077647,0.5121955201
2075,1.0,0.0,0.0,0.0,1.0,1.0,0.1808691305,0.08485808173,0.0260950923,0.01210594177,0.4701492067,0.3092783741,0.5132074762,0.2666663384
2076,1.0,0.0,0.0,0.0,1.0,1.0,0.1897438103,0.07030255868,0.02695852518,0.009875833988,0.5150375522,0.4158403145,0.555133467,0.5135162865
2077,1.0,0.0,0.0,0.0,1.0,1.0,0.2556301674,0.2045119669,0.03786289692,0.03023767471,0.570159874,0.583333071,0.6476866706,0.6000011827
2078,1.0,0.0,0.0,0.0,1.0,1.0,0.2907784774,0.254244065,0.0437386632,0.03797668219,0.5505226084,0.5928145181,0.6350876227,0.5724131004
2079,1.0,0.0,0.0,0.0,1.0,1.0,0.3227366628,0.2935425664,0.04838436842,0.04370200634,0.5486111774,0.5967736571,0.6468531567,0.5535707953
2080,1.0,0.0,0.0,0.0,1.0,1.0,0.3331475571,0.3134136721,0.05032616854,0.04693627357,0.5492227683,0.595854953,0.6445991007,0.5555558378
2081,1.0,0.0,0.0,0.0,1.0,1.0,0.3411064575,0.3148926721,0.05227553844,0.04809349775,0.5409555526,0.600000228,0.6438355576,0.5597831139
2082,1.0,0.0,0.0,0.0,1.0,1.0,0.3420911089,0.3297478645,0.05349057913,0.0508684516,0.5486577252,0.6078426784,0.6496596773,0.5773190803
2083,1.0,0.0,0.0,0.0,1.0,1.0,0.347632296,0.3314647219,0.05422800779,0.05136013031,0.5351170061,0.6057694316,0.6397306061,0.5736038901
2084,1.0,0.0,0.0,0.0,1.0,1.0,0.3425240062,0.3331470539,0.05384081602,0.05202007294,0.5380795314,0.6231889994,0.65,0.5799998167
2085,1.0,0.0,0.0,0.0,1.0,1.0,0.3397115968,0.330940971,0.05377733707,0.05195879936,0.5353037583,0.6231886628,0.6456952473,0.5950002524
2086,1.0,0.0,0.0,0.0,1.0,1.0,0.3342396631,0.3281499419,0.05325317383,0.05142581463,0.5377048408,0.6225499194,0.6499999429,0.5837558039
2087,1.0,0.0,0.0,0.0,1.0,1.0,0.3402357661,0.3364787938,0.05468159914,0.05310422182,0.5400982484,0.6249998637,0.6533332679,0.5841587715
2088,1.0,0.0,0.0,0.0,1.0,1.0,0.3363974317,0.330919098,0.05458784103,0.05221450329,0.5252032598,0.6135273718,0.6421405137,0.5858582169
2089,1.0,0.0,0.0,0.0,1.0,1.0,0.3358384454,0.3414763347,0.05516427755,0.05436867476,0.5315025329,0.6250006753,0.646666492,0.5756094085
2090,1.0,0.0,0.0,0.0,1.0,1.0,0.340645913,0.3436620444,0.05701971054,0.05567491055,0.5257234077,0.6179241338,0.6378735757,0.5797103001
2091,1.0,0.0,0.0,0.0,1.0,1.0,0.3326065165,0.3314816927,0.05477768183,0.05317443609,0.529220652,0.6146338969,0.6299998477,0.5728641583
2092,1.0,0.0,0.0,0.0,1.0,1.0,0.3256244779,0.3325902266,0.05408626795,0.05328303576,0.5241934652,0.6089107874,0.6153846154,0.5628134295
2093,1.0,0.0,0.0,0.0,1.0,1.0,0.3245773506,0.3437675093,0.05390822887,0.05470883846,0.5337621112,0.6188118483,0.6308726416,0.5707317658
2094,1.0,0.0,0.0,0.0,1.0,1.0,0.3262180281,0.3414760149,0.05457484722,0.05484235287,0.5247999491,0.6176467376,0.6233332158,0.5707312885
2095,1.0,0.0,0.0,0.0,1.0,1.0,0.3208480424,0.3376491913,0.053560853,0.053560853,0.5216693344,0.6099997552,0.6148650984,0.5649998553
2096,1.0,0.0,0.0,0.0,1.0,1.0,0.3245773079,0.3455701052,0.05355149508,0.0540817976,0.5257234232,0.6138617278,0.6237287852,0.5637256955
2097,1.0,0.0,0.0,0.0,1.0,1.0,0.3267096239,0.3479284351,0.0540895462,0.05435597897,0.5217392361,0.6108375796,0.6109214509,0.5539222889
2098,1.0,0.0,0.0,0.0,1.0,1.0,0.3331470018,0.3593881076,0.05756485462,0.05839914083,0.5281802457,0.5990341466,0.6095892094,0.5476196065
2099,1.0,0.0,0.0,0.0,1.0,1.0,0.3385996925,0.3673902269,0.05903708935,0.06017786264,0.5220949753,0.6086960033,0.6167248528,0.5545023509
2100,1.0,0.0,0.0,0.0,1.0,1.0,0.3437145716,0.3622976235,0.06114691496,0.06025642157,0.515859745,0.6067961496,0.6035714593,0.5418716337
2101,1.0,0.0,0.0,0.0,1.0,1.0,0.3513285699,0.3874645565,0.06253069639,0.06110304594,0.5072231275,0.5981730851,0.6014494123,0.5280376612
2102,1.0,0.0,0.0,0.0,1.0,1.0,0.3529380975,0.3931629971,0.06068789959,0.06068795919,0.4966997435,0.5981305749,0.6102941574,0.5467291968
2103,1.0,0.0,0.0,0.0,1.0,1.0,0.3625584003,0.4173491152,0.06463587284,0.06520783901,0.4719101743,0.5840706006,0.5934065305,0.5350875589
2104,1.0,0.0,0.0,0.0,1.0,1.0,0.367629062,0.4173493305,0.06676495075,0.06589788198,0.4761147201,0.5887441636,0.5934065644,0.543859665
2105,1.0,0.0,0.0,0.0,1.0,1.0,0.3785524377,0.4027053413,0.06931227446,0.06380206347,0.4928684104,0.5815901561,0.6117216407,0.5272729141
2106,1.0,0.0,0.0,0.0,1.0,1.0,0.3638666376,0.3720548068,0.0643362999,0.05731266737,0.5055643531,0.5807858927,0.6131387935,0.5343139753
2107,1.0,0.0,0.0,0.0,1.0,1.0,0.3367685753,0.3379407606,0.05956363678,0.05160349607,0.513975113,0.5990781658,0.6330933792,0.5478716462
2108,1.0,0.0,0.0,0.0,1.0,1.0,0.312227659,0.2842614203,0.05427020788,0.04281616211,0.5180534204,0.5979903416,0.6340579796,0.5668795661
2109,1.0,0.0,0.0,0.0,1.0,1.0,0.3058569715,0.2962630249,0.05458366871,0.04576206207,0.4590417125,0.616162278,0.5678571442,0.5602401792
2110,1.0,0.0,0.0,0.0,1.0,1.0,0.2996802894,0.3019514913,0.05284774303,0.04587292671,0.3972603041,0.6497465708,0.5088338918,0.5672513708
2111,1.0,0.0,0.0,0.0,1.0,1.0,0.3138489845,0.3065661179,0.05500489473,0.04619342089,0.4085365397,0.6262135238,0.5177304684,0.5549131158
2112,1.0,0.0,0.0,0.0,1.0,1.0,0.3205472725,0.333735989,0.05857312679,0.0522184968,0.3888048173,0.641508954,0.5088340434,0.5661382909
2113,1.0,0.0,0.0,0.0,1.0,1.0,0.3182453942,0.3167243368,0.05671322346,0.0486112833,0.3949962702,0.6476189976,0.5176058936,0.5722225901
2114,1.0,0.0,0.0,0.0,1.0,1.0,0.3246689273,0.3302352087,0.05972343683,0.05201721191,0.3847305063,0.6451611937,0.506992917,0.576719025
2115,1.0,0.0,0.0,0.0,1.0,1.0,0.3247813988,0.3400880183,0.05916601419,0.05271160603,0.391432862,0.6636367025,0.513889188,0.5663263806
2116,1.0,0.0,0.0,0.0,1.0,1.0,0.3182078295,0.3250782917,0.05757951736,0.05082142353,0.4110613507,0.6572766308,0.5259516059,0.5638298371
2117,1.0,0.0,0.0,0.0,1.0,1.0,0.3171161038,0.2953676399,0.05558788776,0.04531335831,0.4541353311,0.6350714661,0.5807560658,0.58721022
2118,1.0,0.0,0.0,0.0,1.0,1.0,0.286225112,0.2796274445,0.04947847128,0.04190802574,0.4679186709,0.6557376062,0.5920577215,0.6129028588
2119,1.0,0.0,0.0,0.0,1.0,1.0,0.2801583811,0.2834780671,0.04827398062,0.04230755568,0.4488188786,0.6348315786,0.5818181019,0.5897439149
2120,1.0,0.0,0.0,0.0,1.0,1.0,0.2804635876,0.2998323799,0.04926723242,0.04572868347,0.4589147363,0.6574591049,0.5785713644,0.6130956726
2121,1.0,0.0,0.0,0.0,1.0,1.0,0.272155698,0.2903306599,0.04602783918,0.04290729761,0.4476922447,0.6610171467,0.5669015022,0.6060608586
2122,1.0,0.0,0.0,0.0,1.0,1.0,0.2383990964,0.2498602185,0.0411452651,0.03771644831,0.4220183558,0.6666666667,0.5559441885,0.6083928461
2123,1.0,0.0,0.0,0.0,1.0,1.0,0.2402355644,0.2427721409,0.04146617651,0.03641581535,0.4391372008,0.6410253462,0.5602837499,0.5839422152
2124,1.0,0.0,0.0,0.0,1.0,1.0,0.2315972033,0.2213048098,0.0390213728,0.03247410059,0.4292379662,0.6308720424,0.5500000812,0.5806451613
2125,1.0,0.0,0.0,0.0,1.0,1.0,0.2286204541,0.2172702527,0.04006510973,0.03248524666,0.4312209917,0.6013514217,0.5688404642,0.599999633
2126,1.0,0.0,0.0,0.0,1.0,1.0,0.2315968404,0.235375741,0.03991025686,0.03482103348,0.4214618694,0.6107383252,0.5507244391,0.5769239986
2127,1.0,0.0,0.0,0.0,1.0,1.0,0.2244902144,0.2364273459,0.03866422176,0.03495669365,0.4184615116,0.5890410959,0.551971397,0.5606060606
2128,1.0,0.0,0.0,0.0,1.0,1.0,0.2228053225,0.2218977737,0.03790807724,0.03330498934,0.4490445525,0.5928580863,0.5812274956,0.56910508
2129,1.0,0.0,0.0,0.0,1.0,1.0,0.2217462959,0.2218975214,0.0384247303,0.0337588191,0.4342313492,0.6357133993,0.5703968955,0.5853659828
2130,1.0,0.0,0.0,0.0,1.0,1.0,0.219657481,0.2284435846,0.03778010607,0.03454178572,0.4348508221,0.6428559033,0.5785713244,0.5781248113
2131,1.0,0.0,0.0,0.0,1.0,1.0,0.2224464129,0.229262616,0.03780418634,0.0340769887,0.4294671028,0.6408445264,0.5698925421,0.5781251913
2132,1.0,0.0,0.0,0.0,1.0,1.0,0.1896629869,0.1739771796,0.03122752905,0.02552515268,0.4801980288,0.5826084965,0.5925927431,0.5744685819
2133,1.0,0.0,0.0,0.0,1.0,1.0,0.1926435855,0.1605602811,0.03148061037,0.02394682169,0.4909390963,0.5299144005,0.5740071712,0.5280900834
2134,1.0,0.0,0.0,0.0,1.0,1.0,0.1553536356,0.07980343631,0.02469545603,0.01152455807,0.4974094041,0.4666671494,0.5589352608,0.4761882596
2135,1.0,0.0,0.0,0.0,1.0,1.0,0.166866323,0.07941303464,0.02618849277,0.01130241156,0.4569419696,0.4315793067,0.5232558578,0.4878047494
2136,1.0,0.0,0.0,0.0,1.0,1.0,0.1722559825,0.07612944198,0.02683919668,0.01090341806,0.4721724247,0.312500694,0.523437409,0.3076931487
2137,1.0,0.0,0.0,0.0,1.0,1.0,0.1709343778,0.08296513573,0.02738767862,0.01201701164,0.4223386447,0.2959178566,0.4826254763,0.255813146
2138,1.0,0.0,0.0,0.0,1.0,1.0,0.1882750727,0.108466426,0.02970153093,0.01554471254,0.4313379389,0.2990654393,0.4844961514,0.3035732773
2139,1.0,0.0,0.0,0.0,1.0,1.0,0.1728090052,0.07972190466,0.02658039331,0.0112349987,0.4670230743,0.257733577,0.5097275425,0.2926808565
2140,1.0,0.0,0.0,0.0,1.0,1.0,0.2154933028,0.1344631732,0.03208243847,0.0185303688,0.4907063324,0.3275869757,0.5341365392,0.3582093873
2141,1.0,0.0,0.0,0.0,1.0,1.0,0.1832888703,0.06518079962,0.0292186141,0.009096324444,0.4775087353,0.4339636113,0.529644235,0.6363630407
2142,1.0,0.0,0.0,0.0,1.0,1.0,0.1729137864,0.09833861045,0.02812707424,0.0137822628,0.4532872175,0.5400005086,0.5301204204,0.6122441919
2143,1.0,0.0,0.0,0.0,1.0,1.0,0.315183355,0.3193703,0.05491912365,0.04837435484,0.4150326373,0.5958551753,0.5225561839,0.5411767315
2144,1.0,0.0,0.0,0.0,1.0,1.0,0.336413642,0.3668363993,0.05886918306,0.05601143837,0.4199346834,0.606796259,0.5131086055,0.5357139817
2145,1.0,0.0,0.0,0.0,1.0,1.0,0.3060178789,0.3417212053,0.05781084299,0.05719590187,0.4006515033,0.6329784876,0.5110295139,0.5483874329
2146,1.0,0.0,0.0,0.0,1.0,1.0,0.3174886356,0.3432247917,0.05751246214,0.05663222075,0.4457050355,0.6122454267,0.5480428589,0.5440407691
2147,1.0,0.0,0.0,0.0,1.0,1.0,0.3079004285,0.3145098553,0.05527591705,0.05320680141,0.4514003001,0.6096254378,0.541958042,0.5666657705
2148,1.0,0.0,0.0,0.0,1.0,1.0,0.276268411,0.2757079478,0.04768776894,0.04488259554,0.4731707039,0.60000025,0.562068843,0.575000166
2149,1.0,0.0,0.0,0.0,1.0,1.0,0.1677636236,0.08571846632,0.02653759718,0.01326876879,0.4839286675,0.3617031312,0.5328466226,0.3829785323
2150,1.0,0.0,0.0,0.0,1.0,1.0,0.1657014635,0.08388196626,0.02634990215,0.01303631067,0.4991273159,0.4105271016,0.5499998082,0.4680837445
2151,1.0,0.0,0.0,0.0,1.0,1.0,0.2197122113,0.1806425696,0.03611493111,0.02905488014,0.4842975743,0.5864669224,0.5743244896,0.626168301
2152,1.0,0.0,0.0,0.0,1.0,1.0,0.2800369183,0.2547595494,0.04691201448,0.04205900431,0.484702012,0.5977005361,0.5849675067,0.5961540914
2153,1.0,0.0,0.0,0.0,1.0,1.0,0.3091219899,0.2862478104,0.05204093456,0.04772669077,0.4871794418,0.601036305,0.5922328674,0.5932203602
2154,1.0,0.0,0.0,0.0,1.0,1.0,0.3198212847,0.2921691871,0.05381083488,0.04923695326,0.4848000966,0.6050004652,0.5974440205,0.5901636566
2155,1.0,0.0,0.0,0.0,1.0,1.0,0.3237515407,0.2876207687,0.05428373814,0.04834222794,0.4923448365,0.5970155809,0.5948553328,0.5865916691
2156,1.0,0.0,0.0,0.0,1.0,1.0,0.333414651,0.2979104981,0.05653506517,0.0505553484,0.4867681802,0.6009608846,0.5929485896,0.5806458078
2157,1.0,0.0,0.0,0.0,1.0,1.0,0.353599007,0.3135191884,0.05975908041,0.0537558794,0.5008077814,0.5981731334,0.6019105789,0.573603408
2158,1.0,0.0,0.0,0.0,1.0,1.0,0.3464297776,0.31552873,0.05747187138,0.05315470695,0.5020342759,0.600939829,0.6057691797,0.5837564533
2159,1.0,0.0,0.0,0.0,1.0,1.0,0.3560102706,0.3077645594,0.05907952785,0.05257534981,0.5212418103,0.5963296643,0.6158731466,0.5773194357
2160,1.0,0.0,0.0,0.0,1.0,1.0,0.3501334924,0.3069024717,0.05757051706,0.05162423849,0.5180920653,0.5962440197,0.6109322651,0.5706808943
2161,1.0,0.0,0.0,0.0,1.0,1.0,0.3490637517,0.3011142294,0.05686277151,0.05042552948,0.5205929992,0.5990561835,0.6121794655,0.579787234
2162,1.0,0.0,0.0,0.0,1.0,1.0,0.3493033575,0.2998324116,0.05630588531,0.05010950565,0.5250835675,0.5980864992,0.6129035594,0.5913978623
2163,1.0,0.0,0.0,0.0,1.0,1.0,0.3584323336,0.3123255773,0.05835270882,0.05292451382,0.5162635675,0.5999993871,0.6153847236,0.5948716447
2164,1.0,0.0,0.0,0.0,1.0,1.0,0.3640464609,0.3256966095,0.05828922987,0.05505090952,0.5210792841,0.5925929334,0.6198085106,0.612745114
2165,1.0,0.0,0.0,0.0,1.0,1.0,0.3722752099,0.3294692631,0.05957734585,0.05608862638,0.518456458,0.5990993875,0.6119874292,0.6220097321
2166,1.0,0.0,0.0,0.0,1.0,1.0,0.3671076807,0.3373909639,0.05884283781,0.0572232604,0.5181129496,0.6009173243,0.6178341755,0.6273588689
2167,1.0,0.0,0.0,0.0,1.0,1.0,0.3751077068,0.3469398865,0.06034845114,0.059261024,0.5198647732,0.6036036303,0.6242039106,0.6376148496
2168,1.0,0.0,0.0,0.0,1.0,1.0,0.3845953866,0.3608206372,0.06086391211,0.0603299737,0.5257383685,0.600877266,0.6198080983,0.637168299
2169,1.0,0.0,0.0,0.0,1.0,1.0,0.3836239583,0.3640142811,0.06100785732,0.06100791693,0.5252525054,0.5921056488,0.6198083022,0.6315787417
2170,1.0,0.0,0.0,0.0,1.0,1.0,0.3875902635,0.3703431368,0.06172192097,0.06172192097,0.5309059707,0.5982528618,0.627831831,0.6375547791
2171,1.0,0.0,0.0,0.0,1.0,1.0,0.3865525623,0.3719607112,0.06068265438,0.06121498346,0.5335029325,0.5964908662,0.6245953591,0.6434781508
2172,1.0,0.0,0.0,0.0,1.0,1.0,0.3773755721,0.3689992686,0.05950540304,0.06059223413,0.532758665,0.5936073562,0.6225166837,0.6502244314
2173,1.0,0.0,0.0,0.0,1.0,1.0,0.3784972895,0.3651159989,0.05960386992,0.05960386992,0.5357766913,0.6082949078,0.6228956266,0.6635946267
2174,1.0,0.0,0.0,0.5235987902,1.0,1.0,0.3565672617,0.3133841435,0.05507421494,0.05019074678,0.534270694,0.6108375397,0.6203387951,0.6648651345
2175,1.0,0.0,0.0,0.5235987902,1.0,1.0,0.3689088782,0.1995352336,0.0542126298,0.03125524521,0.5254238147,0.5612240074,0.5901060393,0.7079652768
2176,1.0,0.0,0.0,0.5235987902,1.0,1.0,0.4348793769,0.1604943184,0.06275033951,0.02476245165,0.4907317525,0.4529149601,0.5364963334,0.4431826114
2177,1.0,0.0,0.0,0.5235987902,1.0,1.0,0.4416140754,0.183533817,0.06319409609,0.02799385786,0.4941861234,0.4692983821,0.5454544744,0.5148501359
2178,1.0,0.0,0.0,0.5235987902,1.0,1.0,0.4485299301,0.2023960884,0.06371229887,0.03130215406,0.4907316025,0.4826080652,0.5376345661,0.539822874
2179,1.0,0.0,0.0,0.5235987902,1.0,1.0,0.4416362469,0.2098469712,0.06351083517,0.03258377314,0.4812679124,0.5000004692,0.5409254664,0.5762706594
2180,1.0,0.0,0.0,0.5235987902,1.0,1.0,0.4335393111,0.2276312331,0.06260836124,0.03545963764,0.4836853281,0.5353981458,0.5480426815,0.6249995798
2181,1.0,0.0,0.0,0.5235987902,1.0,1.0,0.4422651133,0.2238892185,0.06234246492,0.03402972221,0.4879227145,0.5109170473,0.5448028238,0.591999986
2182,1.0,0.0,0.0,0.5235987902,1.0,1.0,0.493748014,0.1901114739,0.06856054068,0.02902770042,0.4940239151,0.4475807538,0.5362317483,0.4000008213
2183,1.0,0.0,0.0,0.5235987902,1.0,1.0,0.4877753124,0.1889854683,0.06789976358,0.02882277966,0.4980080824,0.4571428822,0.5345456194,0.4038455971
2184,1.0,0.0,0.0,0.5235987902,1.0,1.0,0.4780795463,0.1944368892,0.06647974253,0.02927297354,0.5059054565,0.4485598626,0.5418181501,0.3925240115
2185,1.0,0.0,0.0,0.5235987902,1.0,1.0,0.4819443074,0.1958615214,0.06833726168,0.02996760607,0.5059287827,0.4385242506,0.534798452,0.3457942252
2186,1.0,0.0,0.0,0.5235987902,1.0,1.0,0.4894426646,0.1883008771,0.06994009018,0.02909511328,0.4965718888,0.42,0.5289856861,0.3269239042
2187,1.0,0.0,0.0,0.5235987902,1.0,1.0,0.4883526504,0.1944367831,0.06809312105,0.02949780226,0.4995055721,0.4574904172,0.5418182233,0.4299067876
2188,1.0,0.0,0.0,0.5235987902,1.0,1.0,0.4144025947,0.2845635479,0.06063127518,0.04499340057,0.4896810709,0.5882352363,0.5659722065,0.6951212404
2189,1.0,0.0,0.0,0.5235987902,1.0,1.0,0.4111682447,0.368921232,0.06148189306,0.05855417252,0.4728406911,0.6017314674,0.5604025636,0.6681820403
2190,1.0,0.0,0.0,0.5235987902,1.0,1.0,0.4222008133,0.4100704428,0.06475430727,0.0663664937,0.4671341953,0.5892118627,0.5581395178,0.6599185411
2191,1.0,0.0,0.0,0.5235987902,1.0,1.0,0.4262197253,0.4299924301,0.06581526995,0.06957614422,0.4534377231,0.5877556269,0.5581395263,0.6525099932
2192,1.0,0.0,0.0,0.5235987902,1.0,1.0,0.4306890432,0.4386991664,0.06619954109,0.07100439072,0.4630755296,0.5887097936,0.5610559367,0.654135635
2193,1.0,0.0,0.0,0.5235987902,1.0,1.0,0.4270819945,0.4266722074,0.06600522995,0.06952190399,0.4640980698,0.5819670503,0.5614617235,0.649804867
2194,1.0,0.0,0.0,0.5235987902,1.0,1.0,0.4269631251,0.4335328886,0.06609022617,0.07067608833,0.4577158025,0.5877544394,0.5496687119,0.6488545627
2195,1.0,0.0,0.0,0.5235987902,1.0,1.0,0.4322390886,0.4412250943,0.06634509563,0.07149016857,0.4598411304,0.587755124,0.5551837619,0.6553027082
2196,1.0,0.0,0.0,0.5235987902,1.0,1.0,0.4328568234,0.4366332697,0.06679415703,0.07141000032,0.4577465156,0.5813014224,0.5548174634,0.6463877883
2197,1.0,0.0,0.0,0.5235987902,1.0,1.0,0.4379183543,0.4480834465,0.06749159098,0.07320660353,0.4558304027,0.5887093854,0.5499997446,0.6505577661
2198,1.0,0.0,0.0,0.5235987902,1.0,1.0,0.4428348195,0.4580773287,0.06957954168,0.07562994957,0.4553415209,0.5849800103,0.5533332684,0.6545458128
2199,1.0,0.0,0.0,0.5235987902,1.0,1.0,0.4356093567,0.4447516009,0.06780081987,0.07299518585,0.4516695243,0.5846775718,0.5433333345,0.644194778
2200,1.0,0.0,0.0,0.5235987902,1.0,1.0,0.4369241208,0.4512533557,0.06732219458,0.07359111309,0.4548672589,0.5870450004,0.5484951874,0.6518514499
2201,1.0,0.0,0.0,0.5235987902,1.0,1.0,0.4440013182,0.4580775775,0.06880015135,0.07478278875,0.4433713443,0.581027918,0.5433331873,0.6472728983
2202,1.0,0.0,0.0,0.5235987902,1.0,1.0,0.4393341409,0.4630746936,0.06804859638,0.0753685832,0.4465848902,0.5816736243,0.5433334054,0.6510789063
2203,1.0,0.0,0.0,0.5235987902,1.0,1.0,0.4391623248,0.4515750721,0.0681489706,0.07355755568,0.4455099844,0.5833331876,0.5415281213,0.6544120328
2204,1.0,0.0,0.0,0.5235987902,1.0,1.0,0.4377502972,0.4545959487,0.06756794453,0.07380920649,0.4529463186,0.5903615202,0.5484947426,0.6470585385
2205,1.0,0.0,0.0,0.5235987902,1.0,1.0,0.433471825,0.4529244447,0.066444695,0.0729008913,0.4486391607,0.5870445308,0.5451506503,0.6531362779
2206,1.0,0.0,0.0,0.5235987902,1.0,1.0,0.4369817372,0.4564117636,0.06704312563,0.07377433777,0.4468831994,0.5903616386,0.5433334304,0.6532840818
2207,1.0,0.0,0.0,0.5235987902,1.0,1.0,0.4365983468,0.4612809171,0.06677436829,0.07401496172,0.4526316118,0.5823288297,0.5518394736,0.6521741231
2208,1.0,0.0,0.0,0.5235987902,1.0,1.0,0.438305215,0.4510905275,0.06816953421,0.07394194603,0.4447391743,0.5846777331,0.5402683038,0.6468400858
2209,1.0,0.0,0.0,0.5235987902,1.0,1.0,0.4432152594,0.4526091341,0.06874346733,0.0736733079,0.4487632129,0.5936250351,0.5420874977,0.6505570644
2210,1.0,0.0,0.0,0.5235987902,1.0,1.0,0.4424196214,0.450926596,0.06790882349,0.07309061289,0.4506666364,0.5863448493,0.5454546123,0.6567163327
2211,1.0,0.0,0.0,0.5235987902,1.0,1.0,0.4420264985,0.4509265916,0.06759381294,0.07275158167,0.4511545042,0.5903613289,0.545454747,0.6529856157
2212,1.0,0.0,0.0,0.5235987902,1.0,1.0,0.4443931299,0.4477364494,0.068595469,0.07296806574,0.4472984955,0.5856569239,0.5402684515,0.6516854667
2213,1.0,0.0,0.0,0.5235987902,1.0,1.0,0.4497042634,0.4559743915,0.06923252344,0.07386624813,0.4437554615,0.5905509032,0.5387206799,0.6531369274
2214,1.0,0.0,0.0,0.5235987902,1.0,1.0,0.4453841233,0.4489016707,0.0677241683,0.07178759575,0.44385028,0.5919999859,0.5389830875,0.6490564565
2215,1.0,0.0,0.0,0.5235987902,1.0,1.0,0.4455770283,0.444196713,0.06993144751,0.07355344296,0.442273525,0.5816732083,0.5420874282,0.651515127
2216,1.0,0.0,0.0,0.5235987902,1.0,1.0,0.4521711162,0.4521285621,0.06846040487,0.07226377726,0.4488330042,0.5952384476,0.5476189677,0.6578941508
2217,1.0,0.0,0.0,0.5235987902,1.0,1.0,0.4543733178,0.4539836483,0.06934088469,0.07345199585,0.4501348067,0.5968382606,0.5491525199,0.6604477733
2218,1.0,0.0,0.0,0.5235987902,1.0,1.0,0.4560125095,0.4485551069,0.06880760193,0.07152724266,0.4391343386,0.5928854816,0.5392489643,0.6615970627
2219,1.0,0.0,0.0,0.5235987902,1.0,1.0,0.4554418287,0.4451440763,0.06871604919,0.07117021084,0.4448463226,0.5873017112,0.539249162,0.6436780069
2220,1.0,0.0,0.0,0.5235987902,1.0,1.0,0.4572492055,0.4553772204,0.06800746918,0.07177072763,0.4412296175,0.5928853894,0.5460750092,0.6666666667
2221,1.0,0.0,0.0,0.5235987902,1.0,1.0,0.4590565495,0.4536716037,0.06877565384,0.07202488184,0.4412296089,0.5944886052,0.5460749751,0.6654131947
2222,1.0,0.0,0.0,0.5235987902,1.0,1.0,0.4651950195,0.465493614,0.06884777546,0.07315075397,0.4418181516,0.6015623241,0.5479451223,0.6654409069
2223,1.0,0.0,0.0,0.5235987902,1.0,1.0,0.4556013329,0.4569364159,0.06896328926,0.07277941704,0.4450450374,0.6047430796,0.5479452875,0.670411847
2224,1.0,0.0,0.0,0.5235987902,1.0,1.0,0.4526459119,0.448203599,0.06737858057,0.070343256,0.4474637634,0.6040002654,0.5429554844,0.6666666667
2225,1.0,0.0,0.0,0.5235987902,1.0,1.0,0.4542915585,0.4283321669,0.06655657291,0.06682825089,0.4471242554,0.6040815522,0.5365853752,0.6707316856
2226,1.0,0.0,0.0,0.5235987902,1.0,1.0,0.4673228528,0.31637033,0.06445777416,0.04766625166,0.4891946213,0.5756300501,0.5575542101,0.681818466
2227,1.0,0.0,0.0,0.5235987902,1.0,1.0,0.5063296005,0.2921162812,0.06674021482,0.04261726141,0.4730417127,0.5261044105,0.5404412065,0.5974833531
2228,1.0,0.0,0.0,0.5235987902,1.0,1.0,0.4846991347,0.3100458896,0.06505453587,0.0456994772,0.4829659474,0.570247949,0.5510948315,0.6823518671
2229,1.0,0.0,0.0,0.5235987902,1.0,1.0,0.4804436216,0.3270902065,0.06504261494,0.04817974567,0.4797231107,0.5925924229,0.5527273434,0.6888888339
2230,1.0,0.0,0.0,0.5235987902,1.0,1.0,0.459782094,0.372552071,0.06297916174,0.05550712347,0.4775829495,0.6144073291,0.551971385,0.6682691637
2231,1.0,0.0,0.0,0.5235987902,1.0,1.0,0.4704387489,0.3827652691,0.06512260437,0.05741423368,0.4639769632,0.6122448232,0.5531913034,0.6666663206
2232,1.0,0.0,0.0,0.5235987902,1.0,1.0,0.4717740641,0.4050368324,0.0654989481,0.06076413393,0.4521326247,0.6024097043,0.5508770773,0.6623385286
2233,1.0,0.0,0.0,0.5235987902,1.0,1.0,0.4836618545,0.4208174442,0.06913602352,0.0648149848,0.4461248017,0.5898431775,0.5543858604,0.641666705
2234,1.0,0.0,0.0,0.5235987902,1.0,1.0,0.4871231724,0.4389907809,0.07387012243,0.07160586119,0.4416433153,0.5862071191,0.5555553931,0.640316245
2235,1.0,0.0,0.0,0.5235987902,1.0,1.0,0.4899042106,0.4523791352,0.07283192873,0.07172000408,0.4387277943,0.5801523344,0.5543859003,0.6434101634
2236,1.0,0.0,0.0,0.5235987902,1.0,1.0,0.4895225551,0.4511366906,0.07932913303,0.07812714577,0.4248608724,0.5719696571,0.5486110251,0.6346154433
2237,1.0,0.0,0.0,0.5235987902,1.0,1.0,0.4918913035,0.4600879858,0.078586936,0.078586936,0.4285714019,0.5730338953,0.555172557,0.6329586566
2238,1.0,0.0,0.0,0.5235987902,1.0,1.0,0.4914381949,0.4514722932,0.07533872128,0.07392793894,0.4327807877,0.573033939,0.562068909,0.6374045094
2239,1.0,0.0,0.0,0.5235987902,1.0,1.0,0.4919482412,0.4585066056,0.07620155811,0.07563501596,0.4236047806,0.572490907,0.5601372472,0.6367037184
2240,1.0,0.0,0.0,0.5235987902,1.0,1.0,0.4937992831,0.4704267567,0.07496112585,0.07551425695,0.4220601405,0.5719558633,0.5551724817,0.6336995499
2241,1.0,0.0,0.0,0.5235987902,1.0,1.0,0.4897807011,0.4775492248,0.0730176568,0.07544261217,0.4177215076,0.5682655079,0.5460751278,0.6285717897
2242,1.0,0.0,0.0,0.5235987902,1.0,1.0,0.4974679283,0.4844236595,0.07398587465,0.07639849186,0.4247069361,0.5724644862,0.5544215733,0.6315790706
2243,1.0,0.0,0.0,0.5235987902,1.0,1.0,0.4847970027,0.4740502014,0.08596169949,0.08884847164,0.4244343642,0.5671641481,0.5547945336,0.6317691178
2244,1.0,0.0,0.0,0.5235987902,1.0,1.0,0.4915588047,0.4911348418,0.07371008396,0.07778996229,0.4174228212,0.5719556867,0.5498279653,0.6328669319
2245,1.0,0.0,0.0,0.5235987902,1.0,1.0,0.4924523762,0.48774125,0.07544690371,0.07934451103,0.418181797,0.5719555155,0.5513698693,0.6385965835
2246,1.0,0.0,0.0,0.5235987902,1.0,1.0,0.4943086923,0.4928987472,0.07354956865,0.07757598162,0.395306808,0.5620438962,0.5221842667,0.6262976284
2247,1.0,0.0,0.0,0.5235987902,1.0,1.0,0.4849045228,0.4928986524,0.07442677021,0.07966417074,0.3944295205,0.5629627909,0.5187715878,0.6297575162
2248,1.0,0.0,0.0,0.5235987902,1.0,1.0,0.4970292039,0.5031206804,0.07355588675,0.07860130072,0.3949730519,0.5703971353,0.5238096146,0.6317570719
2249,1.0,0.0,0.0,0.5235987902,1.0,1.0,0.4970393112,0.5065199417,0.07647520304,0.08197700977,0.3917709694,0.5647481257,0.5204079866,0.6342280415
2250,1.0,0.0,0.0,0.5235987902,1.0,1.0,0.4890507521,0.4929679747,0.07525897026,0.0799113512,0.3985765218,0.5636367092,0.533783836,0.6335618226
2251,1.0,0.0,0.0,0.5235987902,1.0,1.0,0.4925046781,0.4946220159,0.07326239347,0.0780929327,0.4007220448,0.5714284552,0.5272108137,0.6323022298
2252,1.0,0.0,0.0,0.5235987902,1.0,1.0,0.4911749905,0.4911936644,0.07331800461,0.07734650373,0.402340212,0.5604395515,0.5324231371,0.6284725032
2253,1.0,0.0,0.0,0.5235987902,1.0,1.0,0.4916174524,0.5048553073,0.07664054632,0.08281672001,0.3963964532,0.564102923,0.5308219813,0.630508538
2254,1.0,0.0,0.0,0.5235987902,1.0,1.0,0.4894127843,0.4980154589,0.08004647493,0.08561748266,0.3991031214,0.5714285714,0.5358361526,0.6404109374
2255,1.0,0.0,0.0,0.5235987902,1.0,1.0,0.4838641703,0.4945693119,0.07236778736,0.0780596137,0.3907525086,0.5730341891,0.5223369878,0.6354164519
2256,1.0,0.0,0.0,0.5235987902,1.0,1.0,0.491050124,0.5031912412,0.07394456863,0.07971715927,0.3899542816,0.5762084631,0.5173610745,0.6413791505
2257,1.0,0.0,0.0,0.5235987902,1.0,1.0,0.489671447,0.4928045648,0.07702600956,0.08191204071,0.3948811134,0.578358284,0.5224914053,0.6385964478
2258,1.0,0.0,0.0,0.5235987902,1.0,1.0,0.4887781653,0.5014561628,0.07304465771,0.07876831293,0.3941606196,0.5783583003,0.5208334677,0.6401382355
2259,1.0,0.0,0.0,0.5235987902,1.0,1.0,0.4869544769,0.5032034176,0.07393282652,0.08002465963,0.3978101344,0.5767788601,0.5121948751,0.6366786311
2260,1.0,0.0,0.0,0.5235987902,1.0,1.0,0.4883323889,0.5118670013,0.07586675882,0.08351010084,0.387420204,0.5783578836,0.5138887976,0.637287867
2261,1.0,0.0,0.0,0.5235987902,1.0,1.0,0.4870010455,0.5100955734,0.07471978664,0.08224743605,0.3872727423,0.5783581554,0.5121106218,0.6440676492
2262,1.0,0.0,0.0,0.5235987902,1.0,1.0,0.4897082669,0.5187410863,0.07573616505,0.08446407318,0.3989071149,0.5762087197,0.5224914267,0.629999746
2263,1.0,0.0,0.0,0.5235987902,1.0,1.0,0.4865105481,0.5100958462,0.07522529364,0.08311408758,0.3965359275,0.5805243921,0.5155709456,0.6440678331
2264,1.0,0.0,0.0,0.5235987902,1.0,1.0,0.4897808416,0.5152294416,0.07425135374,0.08192306757,0.392405067,0.575645946,0.51379296,0.6454849644
2265,1.0,0.0,0.0,0.5235987902,1.0,1.0,0.4879736583,0.5152833739,0.07619822025,0.08410024643,0.3869801192,0.5851850056,0.5190310408,0.6510062595
2266,1.0,0.0,0.0,0.5235987902,1.0,1.0,0.4906016743,0.5118666986,0.07443916798,0.08163404465,0.3923357557,0.5910782604,0.5104166005,0.6508471136
2267,1.0,0.0,0.0,0.5235987902,1.0,1.0,0.4839781947,0.5186756239,0.07709246874,0.08626329899,0.3879387594,0.576208233,0.5103449635,0.641195972
2268,1.0,0.0,0.0,0.5235987902,1.0,1.0,0.4874883167,0.5118248144,0.07492148876,0.08244150877,0.3925657464,0.5762076224,0.5086505613,0.6520270197
2269,1.0,0.0,0.0,0.5235987902,1.0,1.0,0.490668099,0.5031791582,0.07557737827,0.08115500212,0.3858695584,0.5793357613,0.5086505254,0.6529211086
2270,1.0,0.0,0.0,0.5235987902,1.0,1.0,0.4911129478,0.4979917639,0.07643830776,0.08123332262,0.3889392531,0.5940953914,0.5086504697,0.6562501605
2271,1.0,0.0,0.0,0.5235987902,1.0,1.0,0.4938841214,0.5048724991,0.07693397999,0.082249403,0.3926325349,0.5854549878,0.5120274902,0.6428572464
2272,1.0,0.0,0.0,0.5235987902,1.0,1.0,0.4860173,0.4893098772,0.0735373497,0.07796061039,0.3985374793,0.5902255883,0.5069442496,0.6560282332
2273,1.0,0.0,0.0,0.5235987902,1.0,1.0,0.474501387,0.4541323842,0.07163178921,0.07304185629,0.4242990556,0.6062988129,0.5157892513,0.6602319659
2274,1.0,0.0,0.0,0.5235987902,1.0,1.0,0.4743112677,0.4275784054,0.06936693192,0.06688958406,0.4482109512,0.6230159549,0.5528170611,0.6790124227
2275,1.0,0.0,0.0,0.5235987902,1.0,1.0,0.471879787,0.4190641151,0.06910252571,0.06606203318,0.4598678645,0.6279995308,0.5649123125,0.6903766634
2276,1.0,0.0,0.0,0.5235987902,1.0,1.0,0.4697753432,0.4298297623,0.07085114717,0.06943970919,0.4625468294,0.6215136895,0.5629369533,0.6869919013
2277,1.0,0.0,0.0,0.5235987902,1.0,1.0,0.4760134306,0.4440031011,0.0702188015,0.06994450092,0.4623255938,0.6132813163,0.5609754436,0.6784308813
2278,1.0,0.0,0.0,0.5235987902,1.0,1.0,0.473468133,0.4476668151,0.07086890936,0.07114470005,0.4470046092,0.6147859137,0.5451389214,0.6744179422
2279,1.0,0.0,0.0,0.5235987902,1.0,1.0,0.4841332137,0.4719589038,0.07205605507,0.07423961163,0.4403669945,0.6060600546,0.541666714,0.672794159
2280,1.0,0.0,0.0,0.5235987902,1.0,1.0,0.4910181774,0.4773197509,0.07353013754,0.07599943876,0.4372136135,0.5970148286,0.5413794614,0.6678702711
2281,1.0,0.0,0.0,0.5235987902,1.0,1.0,0.4873536596,0.4755962605,0.07519978285,0.07802683115,0.4427131262,0.6090225206,0.5517241129,0.6702895866
2282,1.0,0.0,0.0,0.5235987902,1.0,1.0,0.4920048409,0.4808309829,0.07698458433,0.07954126596,0.4495912807,0.6014755491,0.5532647249,0.6714288176
2283,1.0,0.0,0.0,0.5235987902,1.0,1.0,0.4806973098,0.4476664076,0.07064521313,0.07037240267,0.4521819778,0.6138994119,0.5451388705,0.6782949774
2284,1.0,0.0,0.0,0.5235987902,1.0,1.0,0.5137697299,0.3556409533,0.07028764486,0.05353939533,0.510040183,0.5898437202,0.5839413168,0.6769233681
2285,1.0,0.0,0.0,0.5235987902,1.0,1.0,0.5511326633,0.3213817276,0.07484203577,0.04831218719,0.5246914711,0.5373136111,0.5799255371,0.6069368227
2286,1.0,0.0,0.0,0.5235987902,1.0,1.0,0.5102258779,0.3569436299,0.07229810953,0.0552867651,0.491491405,0.5882349062,0.5677654071,0.6871785915
2287,1.0,0.0,0.0,0.5235987902,1.0,1.0,0.4793439016,0.3972599694,0.06784623861,0.06070452929,0.4834951559,0.6356271925,0.5683451301,0.7013578437
2288,1.0,0.0,0.0,0.5235987902,1.0,1.0,0.4784463633,0.425818474,0.06908899546,0.06608510017,0.4493851223,0.6245059834,0.538732627,0.6859506965
2289,1.0,0.0,0.0,0.5235987902,1.0,1.0,0.4959920582,0.4717646605,0.07325869799,0.07436031103,0.4328358254,0.6090220548,0.5349649001,0.6666666667
2290,1.0,0.0,0.0,0.5235987902,1.0,1.0,0.502045049,0.4857425168,0.07433319092,0.07653564215,0.4306976959,0.6037034602,0.5384618586,0.6726619966
2291,1.0,0.0,0.0,0.5235987902,1.0,1.0,0.5047872638,0.4962387997,0.07808095217,0.08121562004,0.432258108,0.5948903076,0.5400697575,0.666666422
2292,1.0,0.0,0.0,0.5235987902,1.0,1.0,0.5057197981,0.5032275507,0.07414209843,0.07765972614,0.4238227583,0.5912406001,0.5368421256,0.6655051676
2293,1.0,0.0,0.0,0.5235987902,1.0,1.0,0.5084715591,0.4979860339,0.07686907053,0.07993274927,0.4341014494,0.5942027637,0.5416668369,0.6620205526
2294,1.0,0.0,0.0,0.5235987902,1.0,1.0,0.5089407221,0.5032030775,0.0761513114,0.07973814011,0.4298893281,0.5978262486,0.5365853475,0.6643598668
2295,1.0,0.0,0.0,0.5235987902,1.0,1.0,0.5070428387,0.5031792235,0.07710987329,0.08100712299,0.4212453814,0.5992777244,0.5328718455,0.6632302582
2296,1.0,0.0,0.0,0.5235987902,1.0,1.0,0.5122023204,0.501449887,0.074685812,0.07819092274,0.4246068,0.6028882221,0.5328718771,0.6655173781
2297,1.0,0.0,0.0,0.5235987902,1.0,1.0,0.5189059768,0.5168933332,0.07788199186,0.08254390955,0.4277879779,0.5915494898,0.5395188029,0.6544849035
2298,1.0,0.0,0.0,0.5235987902,1.0,1.0,0.5139463412,0.5135539659,0.07793241739,0.08266401291,0.4288338509,0.5928569954,0.5397924414,0.6565659989
2299,1.0,0.0,0.0,0.5235987902,1.0,1.0,0.5193808738,0.5135066274,0.08094114065,0.08493119478,0.4181152059,0.5880282805,0.5379309226,0.6543624891
2300,1.0,0.0,0.0,0.5235987902,1.0,1.0,0.5189764903,0.5204707158,0.07759845257,0.08253401518,0.429357806,0.5936395353,0.5432524989,0.6544846468
2301,1.0,0.0,0.0,0.5235987902,1.0,1.0,0.5217672354,0.527483201,0.07880616188,0.08435595036,0.4301470552,0.5950702947,0.5416667443,0.6578948856
2302,1.0,0.0,0.0,0.5235987902,1.0,1.0,0.5212884068,0.5222778228,0.07977426052,0.08454948664,0.4269972664,0.5915495483,0.5381942616,0.6611298515
2303,1.0,0.0,0.0,0.5235987902,1.0,1.0,0.5147808514,0.5292179944,0.07864797115,0.08506250381,0.4264840249,0.5957450356,0.5381943401,0.6622949005
2304,1.0,0.0,0.0,0.5235987902,1.0,1.0,0.5189764027,0.5378944365,0.07703906298,0.08438909054,0.4183485622,0.5936397728,0.5416666508,0.6677416666
2305,1.0,0.0,0.0,0.5235987902,1.0,1.0,0.5161953276,0.5311720321,0.07771426439,0.08377707005,0.4212454905,0.6028367217,0.541958005,0.6743415015
2306,1.0,0.0,0.0,0.5235987902,1.0,1.0,0.5147811038,0.529014965,0.07772576809,0.08461636305,0.4191781149,0.5957445503,0.5379308366,0.6677528675
2307,1.0,0.0,0.0,0.5235987902,1.0,1.0,0.5137403074,0.5290149602,0.07846200466,0.08481633663,0.4262443784,0.5985912818,0.5413794937,0.6742671376
2308,1.0,0.0,0.0,0.5235987902,1.0,1.0,0.5106638249,0.5238453628,0.08039683104,0.08728796244,0.4270073124,0.6,0.5482757572,0.6743423636
2309,1.0,0.0,0.0,0.5235987902,1.0,1.0,0.5151947383,0.5170123198,0.07904869318,0.08351790905,0.426229513,0.5936396532,0.5536334631,0.6722404685
2310,1.0,0.0,0.0,0.5235987902,1.0,1.0,0.5102367905,0.5240978911,0.07889968157,0.08512115479,0.4162854491,0.6021506107,0.5400696915,0.6777408522
2311,1.0,0.0,0.0,0.5235987902,1.0,1.0,0.5125814566,0.5223567175,0.07680338621,0.0825843215,0.4117647176,0.6093188685,0.5331010466,0.6800001443
2312,1.0,0.0,0.0,0.5235987902,1.0,1.0,0.5116407232,0.5241827841,0.07769358158,0.08354151249,0.4146789533,0.6057352537,0.5279720554,0.6733333619
2313,1.0,0.0,0.0,0.5235987902,1.0,1.0,0.5107036979,0.5258387884,0.07650178671,0.08280843496,0.4194139402,0.5985662496,0.5365853474,0.672185533
2314,1.0,0.0,0.0,0.5235987902,1.0,1.0,0.5130529597,0.5258387973,0.07650965452,0.08281689882,0.4204232105,0.6021498591,0.5365853935,0.675496622
2315,1.0,0.0,0.0,0.5235987902,1.0,1.0,0.5075942692,0.513797712,0.07618105412,0.0811856389,0.4253938518,0.6058394218,0.5387322363,0.6712332488
2316,1.0,0.0,0.0,0.5235987902,1.0,1.0,0.5121564125,0.5206150877,0.07708245516,0.08290523291,0.4248847506,0.6043167915,0.5365855393,0.6789295423
2317,1.0,0.0,0.0,0.5235987902,1.0,1.0,0.5098816829,0.5207618092,0.07784372568,0.08376657963,0.4269870291,0.6014497692,0.5333335063,0.676767684
2318,1.0,0.0,0.0,0.5235987902,1.0,1.0,0.5122023244,0.5225152507,0.07660853863,0.08241641521,0.4301572898,0.6028882467,0.5368421928,0.677851883
2319,1.0,0.0,0.0,0.5235987902,1.0,1.0,0.5070695372,0.5171936269,0.07690340281,0.08247613907,0.4246323454,0.5978259606,0.534964916,0.6756757147
2320,1.0,0.0,0.0,0.5235987902,1.0,1.0,0.5061630396,0.5242686353,0.07694488764,0.08366006613,0.4235727417,0.6036364735,0.536842121,0.6822745787
2321,1.0,0.0,0.0,0.5235987902,1.0,1.0,0.5117291354,0.5244421978,0.07722723484,0.08280318975,0.423290177,0.6101085317,0.5371024375,0.6835014508
2322,1.0,0.0,0.0,0.5235987902,1.0,1.0,0.5131514997,0.5173167959,0.07737487555,0.08212357759,0.4272474874,0.5992781953,0.5422532673,0.6734690323
2323,1.0,0.0,0.0,0.5235987902,1.0,1.0,0.5108256225,0.5190764038,0.07868278027,0.08409941196,0.4277777332,0.605072579,0.5422534978,0.6745762087
2324,1.0,0.0,0.0,0.5235987902,1.0,1.0,0.5089750893,0.5084573606,0.07424193621,0.07856148481,0.438888873,0.5999993577,0.5524475174,0.6666664138
2325,1.0,0.0,0.0,0.5235987902,1.0,1.0,0.5015924544,0.4908921783,0.07286781073,0.07558679581,0.4382023083,0.6119405915,0.5512367956,0.6798561038
2326,1.0,0.0,0.0,0.5235987902,1.0,1.0,0.4902920395,0.4642796248,0.07167214155,0.07222348452,0.4396226559,0.6153848073,0.5354609752,0.6832061163
2327,1.0,0.0,0.0,0.5235987902,1.0,1.0,0.4954173288,0.4481483178,0.07070547342,0.06879448891,0.4545454545,0.6254825116,0.540925014,0.6904763555
2328,1.0,0.0,0.0,0.5235987902,1.0,1.0,0.4902205737,0.4410346685,0.07048404217,0.06775206327,0.4543725574,0.6240310995,0.5480427792,0.6935482026
2329,1.0,0.0,0.0,0.5235987902,1.0,1.0,0.4977839478,0.3976272269,0.0704433918,0.06084990501,0.4670542621,0.6108945005,0.5519712089,0.7027031263
2330,1.0,0.0,0.0,0.5235987902,1.0,1.0,0.50599771,0.3890684668,0.0724363327,0.06027144194,0.4705313834,0.610687249,0.5571426648,0.711008943
2331,1.0,0.0,0.0,0.5235987902,1.0,1.0,0.4925339963,0.4125809101,0.07010746002,0.06328767538,0.4745925562,0.6264589256,0.5587188667,0.7068971201
2332,1.0,0.0,0.0,0.5235987902,1.0,1.0,0.4883634246,0.4376984453,0.07034271955,0.06734359264,0.4659091062,0.6279073512,0.5602835918,0.7004048368
2333,1.0,0.0,0.0,0.5235987902,1.0,1.0,0.489484723,0.4527087072,0.0709195137,0.07011049986,0.4618249312,0.6235737482,0.5574911605,0.6923075615
2334,1.0,0.0,0.0,0.5235987902,1.0,1.0,0.4983315927,0.4631563018,0.07434588671,0.0735167861,0.4513438149,0.6170997429,0.5505223903,0.6879699888
2335,1.0,0.0,0.0,0.5235987902,1.0,1.0,0.4988039076,0.4875747472,0.07460147142,0.07706987858,0.4366972706,0.6102939825,0.5381943318,0.6832743241
2336,1.0,0.0,0.0,0.5235987902,1.0,1.0,0.5055895787,0.5031553232,0.07639706135,0.07994401455,0.4327010029,0.5964282649,0.5360823273,0.6757682082
2337,1.0,0.0,0.0,0.5235987902,1.0,1.0,0.5087088844,0.5133189425,0.07710319757,0.08227974176,0.4370503838,0.6007064133,0.5374151937,0.675497039
2338,1.0,0.0,0.0,0.5235987902,1.0,1.0,0.5028525338,0.5150708003,0.07513618469,0.08075135946,0.434198752,0.6014234763,0.5324232925,0.6788076024
2339,1.0,0.0,0.0,0.5235987902,1.0,1.0,0.50870904,0.5184819848,0.07734686136,0.08308637142,0.4334532943,0.6007066539,0.5358364047,0.6743416947
2340,1.0,0.0,0.0,0.5235987902,1.0,1.0,0.4992702861,0.5203277014,0.07594025135,0.08306819201,0.444544633,0.6028879195,0.5429552713,0.6765679836
2341,1.0,0.0,0.0,0.5235987902,1.0,1.0,0.5019781341,0.5203278292,0.0755007267,0.08229035139,0.4471544997,0.6007190383,0.5463916516,0.6765681373
2342,1.0,0.0,0.0,0.5235987902,1.0,1.0,0.5006214087,0.5239290543,0.07603192329,0.08286935091,0.4396396644,0.597121834,0.5397925714,0.6699666335
2343,1.0,0.0,0.0,0.5235987902,1.0,1.0,0.5001706593,0.5168935515,0.07588100433,0.08215898275,0.447344742,0.6007193623,0.5463918299,0.6744186553
2344,1.0,0.0,0.0,0.5235987902,1.0,1.0,0.5100476665,0.5252167777,0.07625252008,0.08296483755,0.4375561345,0.5950707611,0.5442177512,0.6699032056
2345,1.0,0.0,0.0,0.5235987902,1.0,1.0,0.5095897291,0.5235172202,0.07728463411,0.08381575346,0.4362657653,0.5915491111,0.5408165811,0.6720781968
2346,1.0,0.0,0.0,0.5235987902,1.0,1.0,0.5073400968,0.5218928503,0.07756268978,0.0838663578,0.4295963985,0.5901054803,0.5290103263,0.6699342736
2347,1.0,0.0,0.0,0.5235987902,1.0,1.0,0.5136396683,0.528814079,0.07802015543,0.08429443836,0.4321653176,0.5909091256,0.5308220548,0.666666431
2348,1.0,0.0,0.0,0.5235987902,1.0,1.0,0.5078248255,0.5322369311,0.07657527924,0.08445000648,0.4288287986,0.5921983,0.5376711094,0.6688106457
2349,1.0,0.0,0.0,0.5235987902,1.0,1.0,0.5109655659,0.5321264056,0.07750999928,0.08515191078,0.4275427266,0.5915493824,0.5324232705,0.6666666667
2350,1.0,0.0,0.0,0.5235987902,1.0,1.0,0.5105454547,0.5236804051,0.0781339407,0.08448404074,0.4241877272,0.5936393388,0.5308217685,0.6699346059
2351,1.0,0.0,0.0,0.5235987902,1.0,1.0,0.5082211313,0.5338314027,0.07765811682,0.08558797836,0.4306177519,0.5880279717,0.5358359732,0.6709270938
2352,1.0,0.0,0.0,0.5235987902,1.0,1.0,0.5123491366,0.532125837,0.07778590918,0.0854549408,0.4296028888,0.5950709217,0.5358362902,0.6730771377
2353,1.0,0.0,0.0,0.5235987902,1.0,1.0,0.5146180755,0.5390826254,0.07730478048,0.08544206619,0.4327009455,0.5929825075,0.5376712509,0.6666664341
2354,1.0,0.0,0.0,0.5235987902,1.0,1.0,0.5160166238,0.5340663261,0.07767224312,0.08475810289,0.4293478406,0.5929827092,0.53264591,0.6688105879
2355,1.0,0.0,0.0,0.5235987902,1.0,1.0,0.5100472813,0.5302123646,0.08111900091,0.089402318,0.4285714152,0.5880285183,0.5322032388,0.6645365559
2356,1.0,0.0,0.0,0.5235987902,1.0,1.0,0.5132270005,0.5338316696,0.07796734571,0.08562731743,0.4306306366,0.5894738452,0.5358360633,0.6677314581
2357,1.0,0.0,0.0,0.5235987902,1.0,1.0,0.5119311387,0.5185462168,0.07720124722,0.08265721798,0.4298642637,0.593639546,0.5342466624,0.6699669301
2358,1.0,0.0,0.0,0.5235987902,1.0,1.0,0.5115969851,0.5203277711,0.07730942965,0.08365988731,0.4332724194,0.5928574127,0.5326462507,0.6699675116
2359,1.0,0.0,0.0,0.5235987902,1.0,1.0,0.510785022,0.508366743,0.07960468531,0.08449018002,0.4354243962,0.6028879596,0.5294117225,0.6734696757
2360,1.0,0.0,0.0,0.5235987902,1.0,1.0,0.5025126319,0.4979797353,0.07403886318,0.07842636108,0.4413408053,0.6111115584,0.5331012312,0.678322146
2361,1.0,0.0,0.0,0.5235987902,1.0,1.0,0.5034784912,0.4734198002,0.07374966145,0.07429999113,0.4548872425,0.6156715272,0.547368489,0.6925924173
2362,1.0,0.0,0.0,0.5235987902,1.0,1.0,0.4912827062,0.4611461366,0.07273072004,0.07300835848,0.4596622595,0.610687098,0.550876868,0.6844107612
2363,1.0,0.0,0.0,0.5235987902,1.0,1.0,0.4954662558,0.4571916037,0.07143241167,0.07034182549,0.4550615148,0.6183203623,0.5425530967,0.6899223821
2364,1.0,0.0,0.0,0.5235987902,1.0,1.0,0.4911864896,0.4447872222,0.07153439522,0.06932491064,0.457305452,0.6254828571,0.5460992745,0.6892429491
2365,1.0,0.0,0.0,0.5235987902,1.0,1.0,0.4916531862,0.4376990013,0.07013458014,0.06688511372,0.4548907492,0.6216214838,0.535460903,0.6923083093
2366,1.0,0.0,0.0,0.5235987902,1.0,1.0,0.498769373,0.4339215393,0.07125580311,0.06636035442,0.4590476093,0.6183204319,0.5409253682,0.7049181653
2367,1.0,0.0,0.0,0.5235987902,1.0,1.0,0.4997207196,0.4285865292,0.0727763176,0.06694316864,0.4637404586,0.614504367,0.544484093,0.7053939027
2368,1.0,0.0,0.0,0.5235987902,1.0,1.0,0.5074086241,0.4176241067,0.07323467731,0.06491261721,0.4692307581,0.6098485033,0.5464286057,0.713675092
2369,1.0,0.0,0.0,0.5235987902,1.0,1.0,0.5179450311,0.4122699025,0.07407271862,0.06337332726,0.4644913946,0.5962965526,0.5428573755,0.7012983104
2370,1.0,0.0,0.0,0.5235987902,1.0,1.0,0.5141082994,0.4173295346,0.07538771629,0.06554228067,0.4587331568,0.5970148546,0.534050201,0.7038623448
2371,1.0,0.0,0.0,0.5235987902,1.0,1.0,0.5262251939,0.4098434298,0.07631289959,0.06373387575,0.4619093202,0.586080177,0.5323740345,0.6885961262
2372,1.0,0.0,0.0,0.5235987902,1.0,1.0,0.5322586878,0.4098427668,0.07655698061,0.06370431185,0.4635569244,0.5802915417,0.5323740511,0.6798249595
2373,1.0,0.0,0.0,0.5235987902,1.0,1.0,0.5416080005,0.4037601968,0.07764565945,0.06228411198,0.4639375779,0.5683453624,0.5362318281,0.6771302852
2374,1.0,0.0,0.0,0.5235987902,1.0,1.0,0.5414452501,0.4077147625,0.07755249739,0.06282031536,0.4601942352,0.566308128,0.5306856664,0.672566061
2375,1.0,0.0,0.0,0.5235987902,1.0,1.0,0.5455043537,0.4062478897,0.07863223553,0.06346744299,0.4580895997,0.571428788,0.535971282,0.6769912294
2376,1.0,0.0,0.0,0.5235987902,1.0,1.0,0.5570013311,0.3990445025,0.07872414589,0.06085765362,0.4604742814,0.5496452075,0.5274723127,0.6513757784
2377,1.0,0.0,0.0,0.5235987902,1.0,1.0,0.5614392492,0.3913255115,0.07911062241,0.0597537756,0.4681274949,0.5496452832,0.5367648121,0.6525822392
2378,1.0,0.0,0.0,0.5235987902,1.0,1.0,0.5603981618,0.3844009781,0.07797366381,0.05765658617,0.4787759822,0.5422537095,0.5421246076,0.6476191362
2379,1.0,0.0,0.0,0.5235987902,1.0,1.0,0.5734007443,0.387237676,0.0790040493,0.05800998211,0.5025074721,0.5314681305,0.5645755547,0.6333331963
2380,1.0,0.0,0.0,0.5235987902,1.0,1.0,0.5768322271,0.3886716451,0.07829129696,0.05708736181,0.5090180675,0.527778243,0.5629630802,0.6238093398
2381,1.0,0.0,0.0,0.5235987902,1.0,1.0,0.5936079092,0.3803023691,0.08034408092,0.0565688014,0.5131313098,0.5238094885,0.566176556,0.6135267584
2382,1.0,0.0,0.0,0.5235987902,1.0,1.0,0.5867169792,0.3826859758,0.0810829401,0.05759686232,0.5101214745,0.5172412019,0.5613381089,0.6067959206
2383,1.0,0.0,0.0,0.5235987902,1.0,1.0,0.5931647158,0.3808284624,0.0823751092,0.05783188343,0.5121951193,0.5136983774,0.5613382914,0.5902440382
2384,1.0,0.0,0.0,0.5235987902,1.0,1.0,0.6023192706,0.3826861792,0.08228641748,0.05746108294,0.517875325,0.5050846156,0.5687732918,0.5873789077
2385,1.0,0.0,0.0,0.5235987902,1.0,1.0,0.589336698,0.3859787652,0.08040255308,0.05719357729,0.5177304833,0.5120276723,0.5671643172,0.5990335043
2386,1.0,0.0,0.0,0.5235987902,1.0,1.0,0.6006899699,0.3822493913,0.08194005489,0.05733013153,0.5200000262,0.5085326094,0.5634327572,0.5853655494
2387,1.0,0.0,0.0,0.5235987902,1.0,1.0,0.6038294296,0.3918264262,0.08183729649,0.05841487646,0.4979166706,0.5068965668,0.5416668832,0.574879163
2388,1.0,0.0,0.0,0.5235987902,1.0,1.0,0.5941523522,0.4076671231,0.08217924833,0.06128144264,0.4974464173,0.508590821,0.5413532732,0.5852536445
2389,1.0,0.0,0.0,0.5235987902,1.0,1.0,0.5976256943,0.4088626936,0.08139401674,0.06000375748,0.504081703,0.5051198588,0.5416666328,0.5740740005
2390,1.0,0.0,0.0,0.5235987902,1.0,1.0,0.6012902559,0.4064893224,0.08189272881,0.06031286716,0.5121951113,0.5067572485,0.552238764,0.5733939333
2391,1.0,0.0,0.0,0.5235987902,1.0,1.0,0.6060333649,0.4039098662,0.08144980669,0.05936175585,0.5190133128,0.5118642431,0.5676691226,0.6
2392,1.0,0.0,0.0,0.5235987902,1.0,1.0,0.6096902317,0.4061402728,0.08369523287,0.06094586849,0.5087001499,0.5134224914,0.5543071042,0.5898619269
2393,1.0,0.0,0.0,0.5235987902,1.0,1.0,0.6049792493,0.4095456624,0.08262580633,0.06085276604,0.509202466,0.5168922063,0.5488723795,0.5963298529
2394,1.0,0.0,0.0,0.5235987902,1.0,1.0,0.6043614834,0.4117549858,0.08113223314,0.06030094624,0.5056179937,0.506756305,0.5543068783,0.5863640946
2395,1.0,0.0,0.0,0.5235987902,1.0,1.0,0.613457455,0.4064894327,0.08402472734,0.06146776676,0.5159629593,0.5100670284,0.5597015514,0.5825690564
2396,1.0,0.0,0.0,0.5235987902,1.0,1.0,0.6136204987,0.4102188726,0.08185368776,0.06022679806,0.5215605784,0.5117059413,0.5671643185,0.5909090909
2397,1.0,0.0,0.0,0.5235987902,1.0,1.0,0.6145634956,0.4092056437,0.08293497562,0.0605956316,0.5238094449,0.5084173124,0.5698113299,0.576036812
2398,1.0,0.0,0.0,0.5235987902,1.0,1.0,0.6311156583,0.397890949,0.08265370131,0.05832749605,0.5121436489,0.5050165898,0.5471696349,0.5687199626
2399,1.0,0.0,0.0,0.5235987902,1.0,1.0,0.6333306183,0.4012913638,0.08214950562,0.05785948038,0.5136841418,0.4983391862,0.5568184778,0.5613209151
2400,1.0,0.0,0.0,0.5235987902,1.0,1.0,0.6158493783,0.4183269103,0.0807004571,0.06086963415,0.5184016824,0.5119456042,0.5643939394,0.5882348909
2401,1.0,0.0,0.0,0.5235987902,1.0,1.0,0.6169651021,0.415181956,0.08354645967,0.06237763166,0.5245047599,0.5135134557,0.5676692043,0.588235519
2402,1.0,0.0,0.0,0.5235987902,1.0,1.0,0.6187519357,0.4205194563,0.08353620768,0.06314766407,0.5299053907,0.5186438864,0.5735850105,0.5874441451
2403,1.0,0.0,0.0,0.5235987902,1.0,1.0,0.6292396535,0.4117552109,0.08355659246,0.06127482653,0.5194124451,0.5133334808,0.5730337889,0.5863635081
2404,1.0,0.0,0.0,0.5235987902,1.0,1.0,0.6246513212,0.4170604431,0.08489722013,0.06282395124,0.5270833073,0.5166670294,0.5676691313,0.5900906158
2405,1.0,0.0,0.0,0.5235987902,1.0,1.0,0.6254304401,0.4136264057,0.08551228046,0.06278473139,0.5343035556,0.5116278583,0.5842696364,0.5882349032
2406,1.0,0.0,0.0,0.5235987902,1.0,1.0,0.634401404,0.4170604331,0.08585900068,0.06249409914,0.5296566334,0.5147538138,0.5789474731,0.5855855684
2407,1.0,0.0,0.0,0.5235987902,1.0,1.0,0.6175751443,0.4198398847,0.08492773771,0.06397885084,0.5242017792,0.5133336749,0.5724907281,0.5840707965
2408,1.0,0.0,0.0,0.5235987902,1.0,1.0,0.6256835687,0.4158126863,0.08429610729,0.06203973293,0.5351239535,0.5148516462,0.5820895821,0.58744358
2409,1.0,0.0,0.0,0.5235987902,1.0,1.0,0.6251655764,0.4291280567,0.08408385515,0.06389260292,0.52880664,0.5296056619,0.5836432209,0.6060609736
2410,1.0,0.0,0.0,0.5235987902,1.0,1.0,0.6197771514,0.4256882555,0.0839061141,0.06390202045,0.5174538528,0.5298012163,0.5703705174,0.6173913206
2411,1.0,0.0,0.0,0.5235987902,1.0,1.0,0.6319999892,0.4280627878,0.08384644985,0.06323301792,0.5336134265,0.5149504873,0.5773586398,0.5859027557
2412,1.0,0.0,0.0,0.5235987902,1.0,1.0,0.6285154552,0.4164342309,0.08404380083,0.0619994998,0.5319587548,0.5213113847,0.5888888044,0.6088884702
2413,1.0,0.0,0.0,0.5235987902,1.0,1.0,0.6360083941,0.4133718812,0.08469635248,0.06187230349,0.524793455,0.5064938081,0.5735294176,0.5822223507
2414,1.0,0.0,0.0,0.5235987902,1.0,1.0,0.6307868913,0.4360862171,0.08417439461,0.06494247913,0.5214212014,0.526490357,0.5730337169,0.6008587
2415,1.0,0.0,0.0,0.5235987902,1.0,1.0,0.6409923857,0.4299486728,0.08510494232,0.06382870674,0.5295357485,0.5131577842,0.573584889,0.5789471718
2416,1.0,0.0,0.0,0.5235987902,1.0,1.0,0.631007926,0.4296491972,0.08474552631,0.06495296955,0.5223260272,0.5164475304,0.5756454713,0.5879823443
2417,1.0,0.0,0.0,0.5235987902,1.0,1.0,0.6473181996,0.4410415604,0.08573687077,0.06507062912,0.5253165176,0.5146576883,0.5719698653,0.5751073551
2418,1.0,0.0,0.0,0.5235987902,1.0,1.0,0.6308978933,0.430986143,0.08433955908,0.06457680464,0.5291667266,0.5181518082,0.5799255633,0.5905176114
2419,1.0,0.0,0.0,0.5235987902,1.0,1.0,0.6372352881,0.4328436999,0.08467900753,0.06426775455,0.5285566635,0.5146577902,0.5724906033,0.579399277
2420,1.0,0.0,0.0,0.5235987902,1.0,1.0,0.6439918277,0.43421477,0.08597320318,0.06475907564,0.5271965911,0.5259738864,0.5730337528,0.5862066109
2421,1.0,0.0,0.0,0.5235987902,1.0,1.0,0.6502643839,0.4342144367,0.08685523272,0.06479233503,0.5292887256,0.514469983,0.5767791833,0.5732759295
2422,1.0,0.0,0.0,0.5235987902,1.0,1.0,0.6474370067,0.4398293895,0.08513385057,0.06474584341,0.532494771,0.5177997198,0.5767789777,0.578723228
2423,1.0,0.0,0.0,0.5235987902,1.0,1.0,0.642721165,0.4437817956,0.08525377512,0.06566470861,0.5275754247,0.5145635141,0.570895575,0.5840337088
2424,1.0,0.0,0.0,0.5235987902,1.0,1.0,0.654446216,0.4437819682,0.08633321524,0.06564635038,0.5188284245,0.5207662636,0.5746266973,0.584033602
2425,1.0,0.0,0.0,0.5235987902,1.0,1.0,0.6503645302,0.4460473282,0.08563429117,0.06593567133,0.5218294839,0.527156236,0.574074089,0.6016595297
2426,1.0,0.0,0.0,0.5235987902,1.0,1.0,0.6481737358,0.4419172723,0.0856153965,0.06545430422,0.5251046455,0.5161286505,0.5746267425,0.5864975445
2427,1.0,0.0,0.0,0.5235987902,1.0,1.0,0.6448679538,0.44135929,0.08658826351,0.06737738848,0.529045659,0.5209002485,0.5839414491,0.5950416001
2428,1.0,0.0,0.0,0.5235987902,1.0,1.0,0.6456023163,0.4409301628,0.08659732342,0.06661331654,0.517598389,0.5192310075,0.5735292609,0.5916672185
2429,1.0,0.0,0.0,0.5235987902,1.0,1.0,0.6429401882,0.4413594161,0.08644157648,0.06704759598,0.5237113313,0.5192308355,0.5802920209,0.5826440697
2430,1.0,0.0,0.0,0.5235987902,1.0,1.0,0.6416169767,0.4397543996,0.08614504337,0.06681764126,0.532921807,0.5320513619,0.5854544713,0.6074384441
2431,1.0,0.0,0.0,0.5235987902,1.0,1.0,0.6441311981,0.446441683,0.08553236723,0.06704628468,0.5280665437,0.5322583006,0.5845589957,0.6090536516
2432,1.0,0.0,0.0,0.5235987902,1.0,1.0,0.6427945223,0.4393152219,0.08648741245,0.0669580102,0.5228215804,0.5225806985,0.5714286273,0.5833328141
2433,1.0,0.0,0.0,0.5235987902,1.0,1.0,0.642277387,0.4413591564,0.08602380753,0.06672358513,0.5262614613,0.525640919,0.5729926374,0.5950416102
2434,1.0,0.0,0.0,0.5235987902,1.0,1.0,0.6384187958,0.4347752486,0.08608961105,0.06628626585,0.5265307241,0.5175719912,0.581227513,0.5892119317
2435,1.0,0.0,0.0,0.5235987902,1.0,1.0,0.6451315616,0.4343033615,0.08691203594,0.06594282389,0.5286885803,0.5206344787,0.5781820009,0.5857735934
2436,1.0,0.0,0.0,0.5235987902,1.0,1.0,0.6546293533,0.4356540313,0.08818608522,0.06600087881,0.5262615297,0.509433822,0.5714285714,0.5756305139
2437,1.0,0.0,0.0,0.5235987902,1.0,1.0,0.6531211888,0.4372559707,0.08630430698,0.06541538239,0.5275753832,0.5127387347,0.5772057066,0.5714285714
2438,1.0,0.0,0.0,0.5235987902,1.0,1.0,0.6579657042,0.440494987,0.08789527416,0.0661996603,0.5270833854,0.5063290109,0.5740737436,0.5672266411
2439,1.0,0.0,0.0,0.5235987902,1.0,1.0,0.6621040647,0.4400531338,0.08732879162,0.06522029638,0.5220126077,0.5,0.5597015466,0.5635592639
2440,1.0,0.0,0.0,0.5235987902,1.0,1.0,0.6656015685,0.4402748291,0.08943903446,0.06624078751,0.5171696348,0.5125001833,0.5613383636,0.5738399548
2441,1.0,0.0,0.0,0.5235987902,1.0,1.0,0.662129952,0.4404950405,0.08684897423,0.06500023603,0.5166666383,0.5125785473,0.5629630049,0.5798318788
2442,1.0,0.0,0.0,0.5235987902,1.0,1.0,0.6655991056,0.4365593817,0.0882166028,0.06498718262,0.528183691,0.5047022727,0.5687731657,0.5702125279
2443,1.0,0.0,0.0,0.5235987902,1.0,1.0,0.6586516055,0.4400528718,0.08802729845,0.06574195623,0.5245047691,0.5094934973,0.5671641315,0.5677966793
2444,1.0,0.0,0.0,0.5235987902,1.0,1.0,0.6739934139,0.4347011979,0.08889442682,0.06480151415,0.5189075837,0.4953268772,0.5576210824,0.5555556578
2445,1.0,0.0,0.0,0.5235987902,1.0,1.0,0.6775164609,0.4398293085,0.08949840069,0.06531715393,0.5368421409,0.4875780369,0.5730335636,0.5446807928
2446,1.0,0.0,0.0,0.5235987902,1.0,1.0,0.6753267739,0.436793057,0.0886785984,0.0645930171,0.5328467054,0.5,0.5740742607,0.555084429
2447,1.0,0.0,0.0,0.5235987902,1.0,1.0,0.7023105257,0.4401385286,0.08992987871,0.06336593628,0.5200000093,0.4769233013,0.5461539258,0.515283547
2448,1.0,0.0,0.0,0.5235987902,1.0,1.0,0.6960204667,0.4336100484,0.08990967274,0.06265580654,0.5190424259,0.4781249959,0.5330740118,0.4977577793
2449,1.0,0.0,0.0,0.5235987902,1.0,1.0,0.6850227562,0.422543986,0.08882719278,0.06136643887,0.522162115,0.4700313298,0.540540596,0.4931504587
2450,1.0,0.0,0.0,0.5235987902,1.0,1.0,0.6311173715,0.4419173723,0.08472365141,0.06583446264,0.5383022781,0.5377047151,0.585821118,0.6075947992
2451,1.0,0.0,0.0,0.5235987902,1.0,1.0,0.5456778525,0.4820006259,0.07528179884,0.07261228561,0.5082285189,0.6347521296,0.585106564,0.7022053271
2452,1.0,0.0,0.0,0.5235987902,1.0,1.0,0.5431750482,0.5432119911,0.0778093338,0.08260756731,0.476449255,0.6133332925,0.5665529492,0.6875985353
2453,1.0,0.0,0.0,0.5235987902,1.0,1.0,0.5415868864,0.5657856013,0.0824971199,0.09063827991,0.4705882065,0.6019737413,0.5661014855,0.6766472146
2454,1.0,0.0,0.0,0.5235987902,1.0,1.0,0.5307257232,0.5185462239,0.07797437906,0.08118981123,0.4890510357,0.6254291225,0.5753425596,0.6963694601
2455,1.0,0.0,0.0,0.5235987902,1.0,1.0,0.6377597982,0.3873807765,0.0814833045,0.05468678474,0.5460385839,0.4865774291,0.5697675695,0.5300002616
2456,1.0,0.0,0.0,0.5235987902,1.0,1.0,0.6278009207,0.3676108448,0.08229368925,0.05284410715,0.5294117915,0.4682271292,0.5517241379,0.4947917665
2457,1.0,0.0,0.0,0.5235987902,1.0,1.0,0.506921707,0.4188312509,0.0705242157,0.06224298477,0.5331412598,0.598484618,0.5827337552,0.6781110907
2458,1.0,0.0,0.0,0.5235987902,1.0,1.0,0.4872162384,0.456038918,0.07040780783,0.0698723793,0.5050972744,0.6197713095,0.5804196403,0.6858233299
2459,1.0,0.0,0.0,0.5235987902,1.0,1.0,0.4828664797,0.4891633153,0.07138884068,0.07489085197,0.5022789091,0.6150941884,0.5880280621,0.6834535122
2460,1.0,0.0,0.0,0.5235987902,1.0,1.0,0.4712670202,0.5084573382,0.07115083933,0.07813167572,0.4822063797,0.5811321482,0.5664335583,0.6529211981
2461,1.0,0.0,0.0,0.5235987902,1.0,1.0,0.4657592544,0.5102042937,0.07142996788,0.07900583744,0.4827890227,0.5795454925,0.5699300417,0.6609591263
2462,1.0,0.0,0.0,0.5235987902,1.0,1.0,0.4644046773,0.4807004671,0.07048428059,0.07450437546,0.4911660788,0.5855513179,0.5813149295,0.6546757698
2463,1.0,0.0,0.0,0.5235987902,1.0,1.0,0.4628993829,0.4997209332,0.06986093521,0.07674115896,0.49298244,0.5871217809,0.5896553544,0.6620691369
2464,1.0,0.0,0.0,0.5235987902,1.0,1.0,0.4449628564,0.4776244305,0.06868487597,0.07480794191,0.4892147745,0.5930232457,0.581632754,0.6583630063
2465,1.0,0.0,0.0,0.5235987902,1.0,1.0,0.4294543612,0.4246775596,0.06486934423,0.06566047668,0.4899563818,0.5975612109,0.5802049216,0.6626506899
2466,1.0,0.0,0.0,0.5235987902,1.0,1.0,0.4170831767,0.416434395,0.06385105848,0.06491082907,0.4943723577,0.5892108513,0.5816326101,0.6612247859
2467,1.0,0.0,0.0,0.5235987902,1.0,1.0,0.4151527434,0.4353500585,0.06445264816,0.06816595793,0.4957265704,0.5843623074,0.5864407606,0.6614785312
2468,1.0,0.0,0.0,0.5235987902,1.0,1.0,0.414320197,0.430735994,0.06560093164,0.06854629517,0.4822334873,0.5877552355,0.5858587221,0.65625
2469,1.0,0.0,0.0,0.5235987902,1.0,1.0,0.415942937,0.4178267299,0.06502443552,0.06581419706,0.4894692579,0.5870446198,0.5852845151,0.6399994928
2470,1.0,0.0,0.0,0.5235987902,1.0,1.0,0.4067789539,0.4103668496,0.06509208679,0.06615912914,0.4879065782,0.5901641296,0.5794701595,0.6411295481
2471,1.0,0.0,0.0,0.0,1.0,1.0,0.3670711299,0.347408965,0.05627697706,0.05414324999,0.5004351377,0.587677444,0.5856164436,0.6551724897
2472,1.0,0.0,0.0,0.5235987902,1.0,1.0,0.4064525759,0.1780617701,0.05696690083,0.02559387684,0.5127700853,0.4202905374,0.5172410075,0.3655919738
2473,1.0,0.0,0.0,0.5235987902,1.0,1.0,0.3869435174,0.1633700061,0.05471527576,0.0233708024,0.5136186545,0.4321611817,0.5384614103,0.4000005101
2474,1.0,0.0,0.0,0.0,1.0,1.0,0.3100239586,0.2541533918,0.04828232527,0.03947943449,0.5201370922,0.5801099448,0.5979380098,0.621621336
2475,1.0,0.0,0.0,0.0,1.0,1.0,0.3461199965,0.3503199713,0.05532121658,0.05399775505,0.4962717375,0.5885172001,0.5876289098,0.6029415011
2476,1.0,0.0,0.0,0.0,1.0,1.0,0.3686464329,0.3714138321,0.06017124653,0.05883407593,0.4983606378,0.5911108998,0.5945946861,0.5772729852
2477,1.0,0.0,0.0,0.0,1.0,1.0,0.3793501122,0.3849201152,0.06238728762,0.06078761816,0.5004055592,0.5897438102,0.5979729028,0.5745616744
2478,1.0,0.0,0.0,0.0,1.0,1.0,0.3682152597,0.357427345,0.06003421545,0.05655008554,0.5049343317,0.5848211937,0.5966103751,0.5687202043
2479,1.0,0.0,0.0,0.0,1.0,1.0,0.3698593959,0.3617508384,0.06033009291,0.05764871836,0.4983553264,0.5911115809,0.5993266812,0.5720932397
2480,1.0,0.0,0.0,0.0,1.0,1.0,0.3727557949,0.3647964035,0.06228774786,0.0595678091,0.5016287322,0.5982536136,0.5933333844,0.5799083834
2481,1.0,0.0,0.0,0.0,1.0,1.0,0.3652122921,0.3446919741,0.06017333269,0.05614382029,0.4991842295,0.5982144361,0.590759222,0.5933008259
2482,1.0,0.0,0.0,0.0,1.0,1.0,0.3591871032,0.333147066,0.05923837423,0.05419111252,0.4987913163,0.6008975152,0.6013071201,0.5882348412
2483,1.0,0.0,0.0,0.0,1.0,1.0,0.3603755479,0.3364135842,0.06065011024,0.05552858114,0.5016025014,0.5955559487,0.6013072108,0.5728160238
2484,1.0,0.0,0.0,0.0,1.0,1.0,0.357511271,0.3326064016,0.05975568295,0.05444401503,0.4976152756,0.599999601,0.6038960093,0.5756098789
2485,1.0,0.0,0.0,0.0,1.0,1.0,0.3464520329,0.3119173873,0.05774718523,0.05082815886,0.4984025302,0.5990780699,0.6045752005,0.5759168812
2486,1.0,0.0,0.0,0.0,1.0,1.0,0.3464520817,0.3162170775,0.05832362175,0.05187308788,0.4904154647,0.6036864287,0.5999998547,0.5751293253
2487,1.0,0.0,0.0,0.0,1.0,1.0,0.321826585,0.2855549637,0.05283015966,0.0456622839,0.5032363098,0.5979897173,0.5980068563,0.5755815927
2488,1.0,0.0,0.0,0.0,1.0,1.0,0.2262553945,0.08448523277,0.03429746628,0.0126927495,0.4991087067,0.5039362826,0.5539567403,0.6382983719
2489,1.0,0.0,0.0,0.0,1.0,1.0,0.2548666275,0.06981408938,0.0376957655,0.01023173332,0.4954462483,0.3714276679,0.540441009,0.1842129791
2490,1.0,0.0,0.0,0.0,1.0,1.0,0.2457645616,0.06430235585,0.03617441654,0.009378552437,0.5063752778,0.4000009886,0.5514707775,0.2000050843
2491,1.0,0.0,0.0,0.0,1.0,1.0,0.1878383149,0.09037497349,0.02834409475,0.0136372447,0.5868793435,0.5849054223,0.6382978639,0.7647063966
2492,1.0,0.0,0.0,0.0,1.0,1.0,0.247781747,0.1948062281,0.03914064169,0.03020918369,0.5856905853,0.583892086,0.6711864159,0.6521745135
2493,1.0,0.0,0.0,0.0,1.0,1.0,0.2951043641,0.2641621393,0.04738539457,0.04110223055,0.5840130752,0.6022100768,0.6767674949,0.6178345981
2494,1.0,0.0,0.0,0.0,1.0,1.0,0.3054296892,0.287918563,0.05052578449,0.04602867365,0.5744000744,0.6073303432,0.6721854292,0.6091956702
2495,1.0,0.0,0.0,0.0,1.0,1.0,0.3116193276,0.2905356,0.05111551285,0.04634827375,0.5831987569,0.6062168251,0.6777406677,0.6114275426
2496,1.0,0.0,0.0,0.0,1.0,1.0,0.3191083572,0.305198718,0.05251204967,0.0485137105,0.5834684524,0.6192897665,0.6812081883,0.6043959824
2497,1.0,0.0,0.0,0.0,1.0,1.0,0.3158688855,0.3079088669,0.05182778835,0.04863840342,0.5818476905,0.6256408664,0.6767673261,0.6065572163
2498,1.0,0.0,0.0,0.0,1.0,1.0,0.3107918262,0.3059518277,0.05007761717,0.04744201899,0.5842880082,0.6052635024,0.6802720853,0.6055556603
2499,1.0,0.0,0.0,0.0,1.0,1.0,0.3185215846,0.3161496939,0.05182909966,0.04918467999,0.5804877379,0.6122445224,0.6802718977,0.6021507982
2500,1.0,0.0,0.0,0.0,1.0,1.0,0.3227193562,0.3178496308,0.05181026459,0.0494312048,0.5716639298,0.6173472675,0.6768708761,0.6042784553
2501,1.0,0.0,0.0,0.0,1.0,1.0,0.3237393687,0.3170642883,0.05246567726,0.04950606823,0.5797342365,0.6102566608,0.6758620479,0.5978263225
2502,1.0,0.0,0.0,0.0,1.0,1.0,0.3232027785,0.3170643489,0.05260461569,0.04963713884,0.5804311878,0.6153843539,0.6827586102,0.5923907235
2503,1.0,0.0,0.0,0.0,1.0,1.0,0.3276590897,0.3228439624,0.05357211828,0.05061084032,0.5799011508,0.6130657739,0.6838489619,0.5904259642
2504,1.0,0.0,0.0,0.0,1.0,1.0,0.3243222061,0.3181613083,0.05229061842,0.04908913374,0.572847598,0.602040828,0.6747405312,0.5815216269
2505,1.0,0.0,0.0,0.0,1.0,1.0,0.3249012877,0.3175308395,0.05329173803,0.0495044589,0.5643564914,0.5989842152,0.6666665392,0.5792351306
2506,1.0,0.0,0.0,0.0,1.0,1.0,0.3325958043,0.3192662756,0.0539624095,0.04939842224,0.559602684,0.5970150408,0.6597221259,0.5815222113
2507,1.0,0.0,0.0,0.0,1.0,1.0,0.3347803123,0.3187879353,0.05467790365,0.04934352636,0.5588234409,0.5902437801,0.662068931,0.567567437
2508,1.0,0.0,0.0,0.0,1.0,1.0,0.3276858153,0.3012254712,0.05328071117,0.04608780146,0.5508197809,0.5950003468,0.6515679619,0.5722538718
2509,1.0,0.0,0.0,0.0,1.0,1.0,0.3336927133,0.3060577705,0.05453258753,0.04731506109,0.5564648461,0.5931369924,0.6643599029,0.5706216184
2510,1.0,0.0,0.0,0.0,1.0,1.0,0.327059773,0.2935422486,0.052754879,0.04498893023,0.5614617253,0.5837562706,0.6573427661,0.5654759145
2511,1.0,0.0,0.0,0.0,1.0,1.0,0.327576268,0.2820725316,0.05257582664,0.04345554113,0.6371237457,0.5765308205,0.7212543985,0.5802461516
2512,1.0,0.0,0.0,0.0,1.0,1.0,0.3280740011,0.2752850874,0.05213212967,0.04218941927,0.6717427628,0.5670098967,0.7543859376,0.5796182933
2513,1.0,0.0,0.0,0.0,1.0,1.0,0.3286755734,0.2910655209,0.05217206478,0.0441865325,0.6795302199,0.5714290611,0.7614036755,0.5843372763
2514,1.0,0.0,0.0,0.0,1.0,1.0,0.3415603518,0.3147712093,0.05486601591,0.04783886671,0.6868687806,0.5714291922,0.7651245314,0.5819203267
2515,1.0,0.0,0.0,0.0,1.0,1.0,0.3353831354,0.3118827973,0.05387443304,0.04740953445,0.6879193215,0.5700000996,0.76595733,0.5738634649
2516,1.0,0.0,0.0,0.0,1.0,1.0,0.3398101038,0.3183274219,0.0543820262,0.04771757126,0.6816666944,0.5735292022,0.7686832981,0.5754189525
2517,1.0,0.0,0.0,0.0,1.0,1.0,0.3403412557,0.3225149724,0.05477374792,0.04862844944,0.6810632398,0.5756095809,0.7659573459,0.5824183367
2518,1.0,0.0,0.0,0.0,1.0,1.0,0.340908136,0.3236625306,0.05453044176,0.048412323,0.6805324667,0.5707319846,0.7686829691,0.5714285714
2519,1.0,0.0,0.0,0.0,1.0,1.0,0.34879842,0.3266032612,0.05606526136,0.04932665825,0.6963088038,0.5721158088,0.78214307,0.5737707295
2520,1.0,0.0,0.0,0.0,1.0,1.0,0.3415599636,0.3253576775,0.05468541384,0.04875892401,0.690235783,0.5763551684,0.7733812835,0.5745862972
2521,1.0,0.0,0.0,0.0,1.0,1.0,0.3455697742,0.3265325708,0.05531454086,0.04907810688,0.7033898289,0.5784311613,0.7797832274,0.5856357953
2522,1.0,0.0,0.0,0.0,1.0,1.0,0.346982558,0.3361112331,0.05600053072,0.05064159632,0.6960133308,0.5789472004,0.7829183297,0.5820108872
2523,1.0,0.0,0.0,0.0,1.0,1.0,0.3469138245,0.3355272556,0.05598592758,0.05012077093,0.6909090557,0.5809517422,0.7821429227,0.5851059655
2524,1.0,0.0,0.0,0.0,1.0,1.0,0.3476320582,0.3440106722,0.05576336384,0.05093765259,0.6939799399,0.5769223369,0.7789857669,0.5736842844
2525,1.0,0.0,0.0,0.0,1.0,1.0,0.3479904031,0.3415358137,0.05600827932,0.05043399334,0.6930692299,0.578199844,0.7841726735,0.5842104517
2526,1.0,0.0,0.0,0.0,1.0,1.0,0.3374952364,0.3367683888,0.05483168364,0.04926902056,0.6786297647,0.589372154,0.7717393829,0.5913982267
2527,1.0,0.0,0.0,0.0,1.0,1.0,0.3336949897,0.3270900369,0.05379098654,0.04769647121,0.6891447343,0.5714284131,0.7781818984,0.5833339582
2528,1.0,0.0,0.0,0.0,1.0,1.0,0.334788496,0.3392267243,0.05392605066,0.04916787148,0.6962233149,0.5686277327,0.7883211259,0.5752685174
2529,1.0,0.0,0.0,0.0,1.0,1.0,0.3380464467,0.3391606562,0.05488651991,0.04984861612,0.7042483182,0.5700483144,0.7906133978,0.5797869478
2530,1.0,0.0,0.0,0.0,1.0,1.0,0.3374529668,0.3361111472,0.05453211069,0.04931372404,0.6914377345,0.5741619002,0.7829181712,0.5873025466
2531,1.0,0.0,0.0,0.0,1.0,1.0,0.3358254347,0.3227362493,0.05452978611,0.04852885008,0.7025723449,0.5789466781,0.7916668318,0.591398206
2532,1.0,0.0,0.0,0.0,1.0,1.0,0.3256247761,0.3151550017,0.05331397057,0.04777139425,0.7016129796,0.5841580395,0.7770037446,0.5911605036
2533,1.0,0.0,0.0,0.0,1.0,1.0,0.3415815293,0.3377425241,0.05659526587,0.05135494471,0.6028479907,0.5972221491,0.6965517917,0.5612243832
2534,1.0,0.0,0.0,0.0,1.0,1.0,0.3520049493,0.3491200998,0.05911111832,0.05383330584,0.5220125105,0.5982142137,0.6095891841,0.5539215632
2535,1.0,0.0,0.0,0.0,1.0,1.0,0.344855453,0.3489278404,0.05802994967,0.05346274376,0.4856229644,0.5833341037,0.5719301208,0.5427133549
2536,1.0,0.0,0.0,0.0,1.0,1.0,0.3417033181,0.3371822438,0.05733865499,0.052493155,0.4815409458,0.5962444243,0.5778545799,0.5487181059
2537,1.0,0.0,0.0,0.0,1.0,1.0,0.3433567604,0.3360193577,0.05736643076,0.05251854658,0.4806451132,0.5915492665,0.57241378,0.5538471142
2538,1.0,0.0,0.0,0.0,1.0,1.0,0.3374951279,0.3198904275,0.05693972111,0.05088812113,0.4845023268,0.5942028075,0.5778546129,0.5459455281
2539,1.0,0.0,0.0,0.0,1.0,1.0,0.3331473849,0.3147032151,0.05513840914,0.04943442345,0.4778325859,0.596059321,0.5709343138,0.5549439817
2540,1.0,0.0,0.0,0.0,1.0,1.0,0.3293615958,0.3114697477,0.0546771884,0.04902088642,0.4788961499,0.6059110615,0.5684932441,0.5659347741
2541,1.0,0.0,0.0,0.0,1.0,1.0,0.3339618734,0.3153410532,0.05478858948,0.04890882969,0.4784025636,0.6048781549,0.5655170638,0.5792342734
2542,1.0,0.0,0.0,0.0,1.0,1.0,0.3304475854,0.3129740344,0.05425292253,0.04813617468,0.4667747812,0.5980391403,0.5605537485,0.5690603288
2543,1.0,0.0,0.0,0.0,1.0,1.0,0.3455864918,0.3308729962,0.0575312376,0.05239927769,0.4756493863,0.6056335693,0.5699660476,0.5824739454
2544,1.0,0.0,0.0,0.0,1.0,1.0,0.3548504999,0.3359898792,0.0588234067,0.05315697193,0.478827385,0.5963300986,0.576792057,0.5685279415
2545,1.0,0.0,0.0,0.0,1.0,1.0,0.3594050917,0.3365816454,0.05960470438,0.05334484577,0.4811166058,0.5981734018,0.5773197815,0.56632677
2546,1.0,0.0,0.0,0.0,1.0,1.0,0.3513983205,0.3303237423,0.05847108364,0.05303186178,0.4766966877,0.5999997961,0.5661017264,0.5692307865
2547,1.0,0.0,0.0,0.0,1.0,1.0,0.3488310867,0.3297823621,0.05777043104,0.05266517401,0.4805194314,0.6046509228,0.5791248129,0.5765305718
2548,1.0,0.0,0.0,0.0,1.0,1.0,0.3550018787,0.3376040439,0.059202075,0.05386853218,0.4719999071,0.5990993168,0.5652171802,0.579207625
2549,1.0,0.0,0.0,0.0,1.0,1.0,0.3508506168,0.3248188257,0.05806368589,0.05193775892,0.4798711377,0.6009175207,0.5766665412,0.5794868087
2550,1.0,0.0,0.0,0.0,1.0,1.0,0.3499246024,0.3298491631,0.05853462219,0.05345630646,0.469224709,0.598173409,0.5643564975,0.575000446
2551,1.0,0.0,0.0,0.0,1.0,1.0,0.3454661628,0.3220792871,0.05716228485,0.05157899857,0.4710611336,0.604651187,0.5747509925,0.5824739528
2552,1.0,0.0,0.0,0.0,1.0,1.0,0.3486053048,0.3183044445,0.05805152655,0.05139428377,0.4800000608,0.6009170968,0.577557852,0.5803111152
2553,1.0,0.0,0.0,0.0,1.0,1.0,0.3509366648,0.3320403875,0.0577685833,0.05324292183,0.5000000905,0.5990790305,0.5913619571,0.5799995074
2554,1.0,0.0,0.0,0.0,1.0,1.0,0.3521764532,0.323348855,0.05858391523,0.05296629667,0.497988702,0.6027399211,0.5915030171,0.5757578827
2555,1.0,0.0,0.0,0.0,1.0,1.0,0.3590230113,0.3342395764,0.05957633257,0.05474579334,0.5129449343,0.5990985718,0.603278778,0.5735289314
2556,1.0,0.0,0.0,0.0,1.0,1.0,0.309591365,0.2532367203,0.04974341393,0.04055166245,0.5202019387,0.5869564175,0.6013512281,0.5800007055
2557,1.0,0.0,0.0,0.0,1.0,1.0,0.2741431027,0.06757780327,0.0415866971,0.01046550274,0.5131698581,0.4503310119,0.5587186612,0.4473693203
2558,1.0,0.0,0.0,0.0,1.0,1.0,0.2581519359,0.08241024348,0.03908634186,0.01275736094,0.4941704611,0.5069446139,0.5543856474,0.5744674887
2559,1.0,0.0,0.0,0.0,1.0,1.0,0.2865354028,0.2330912072,0.04485416412,0.03733366728,0.4746781142,0.5988016393,0.5570468825,0.5827350305
2560,1.0,0.0,0.0,0.0,1.0,1.0,0.3275763344,0.2909556551,0.0524520874,0.04736739397,0.4414715548,0.5969386364,0.5328947176,0.5706216111
2561,1.0,0.0,0.0,0.0,1.0,1.0,0.3505938272,0.3234440511,0.05639350414,0.05345356464,0.4413964671,0.6018955192,0.5242717746,0.5699998439
2562,1.0,0.0,0.0,0.0,1.0,1.0,0.3564158913,0.3433564874,0.05776947737,0.05670452118,0.4461791267,0.6036869165,0.5322580645,0.5727696816
2563,1.0,0.0,0.0,0.0,1.0,1.0,0.3603994555,0.3396163151,0.05793654919,0.05632728338,0.4557596111,0.6064820054,0.5404528721,0.5714279668
2564,1.0,0.0,0.0,0.0,1.0,1.0,0.3584321429,0.3347488843,0.05750674009,0.05590188503,0.4512093286,0.6093026245,0.5448718223,0.5837315728
2565,1.0,0.0,0.0,0.0,1.0,1.0,0.358603879,0.336320459,0.05785667896,0.05678528547,0.4518273143,0.6157412272,0.5396824668,0.5801884961
2566,1.0,0.0,0.0,0.0,1.0,1.0,0.3622250659,0.3415816774,0.05838483572,0.05784922838,0.4413964267,0.6146783933,0.5379747147,0.5879631013
2567,1.0,0.0,0.0,0.0,1.0,1.0,0.3610245882,0.3405038992,0.05815398693,0.05762046576,0.4366196688,0.6238533427,0.5362778525,0.5925928225
2568,1.0,0.0,0.0,0.0,1.0,1.0,0.3607255047,0.3352356157,0.05815285444,0.05708581209,0.4453642428,0.6146787298,0.548589232,0.5981303922
2569,1.0,0.0,0.0,0.0,1.0,1.0,0.3644830861,0.3425760842,0.05860900879,0.05781340599,0.4405940287,0.6108598021,0.5377358957,0.6009167502
2570,1.0,0.0,0.0,0.0,1.0,1.0,0.3601593605,0.3502715091,0.05778849125,0.05910181999,0.4447175739,0.6181820057,0.5451713341,0.6044450989
2571,1.0,0.0,0.0,0.0,1.0,1.0,0.3637312387,0.3518283092,0.0584782362,0.0595318675,0.4475409774,0.6216214012,0.5514020766,0.6061951643
2572,1.0,0.0,0.0,0.0,1.0,1.0,0.3675154368,0.3540343351,0.05857664347,0.05990189314,0.4542430187,0.624434624,0.5485891109,0.6017699731
2573,1.0,0.0,0.0,0.0,1.0,1.0,0.3709611441,0.3549420294,0.05925488472,0.06031298637,0.4498757268,0.6160721111,0.5545170323,0.6140348103
2574,1.0,0.0,0.0,0.0,1.0,1.0,0.3686942443,0.3549418099,0.05839085579,0.05970001221,0.4177005311,0.6143496156,0.5327103897,0.6052635783
2575,1.0,0.0,0.0,0.0,1.0,1.0,0.3656898704,0.3576127261,0.05835527182,0.06046766043,0.4089404063,0.6244347774,0.5218747543,0.6113542025
2576,1.0,0.0,0.0,0.0,1.0,1.0,0.3783015112,0.3713098726,0.06059533358,0.06350600719,0.4082645228,0.6113536903,0.5294117647,0.5999996246
2577,1.0,0.0,0.0,0.0,1.0,1.0,0.3703475169,0.3662550832,0.0588312149,0.0619828701,0.4177004736,0.6160711391,0.5310557825,0.6059323012
2578,1.0,0.0,0.0,0.0,1.0,1.0,0.3752058716,0.3705095691,0.05946862698,0.06262624264,0.4152824532,0.6150445316,0.5264799309,0.6050420008
2579,1.0,0.0,0.0,0.0,1.0,1.0,0.3679538121,0.3631514145,0.05817520618,0.06131982803,0.4179104435,0.6171166925,0.5279500387,0.602563629
2580,1.0,0.0,0.0,0.0,1.0,1.0,0.370653836,0.3647032645,0.05875790119,0.06164336205,0.4139072925,0.6205353248,0.5248448289,0.6000005802
2581,1.0,0.0,0.0,0.0,1.0,1.0,0.3724221071,0.372462723,0.05919969082,0.06286686659,0.4146744373,0.6150446131,0.5248448324,0.6000003792
2582,1.0,0.0,0.0,0.0,1.0,1.0,0.3704683199,0.3651212866,0.05929040909,0.06218910217,0.4184514994,0.6177779252,0.5294118676,0.5889827097
2583,1.0,0.0,0.0,0.0,1.0,1.0,0.371503002,0.3662550888,0.05913716555,0.06175386906,0.4144736122,0.6194694993,0.5248445624,0.6016941137
2584,1.0,0.0,0.0,0.0,1.0,1.0,0.3737616082,0.3720662894,0.05986142159,0.06302589178,0.4151565024,0.6123340648,0.5264795754,0.5899580007
2585,1.0,0.0,0.0,0.0,1.0,1.0,0.3726172678,0.3701057214,0.05932801962,0.06249213219,0.4217066735,0.6133334807,0.5312502758,0.5991564642
2586,1.0,0.0,0.0,0.0,1.0,1.0,0.3816050376,0.376736369,0.06045240164,0.06333106756,0.4115702492,0.6190482764,0.5202492621,0.5991732854
2587,1.0,0.0,0.0,0.0,1.0,1.0,0.3862975688,0.3802223461,0.06127613783,0.06388360262,0.411184256,0.6212765419,0.5155279745,0.5918366395
2588,1.0,0.0,0.0,0.0,1.0,1.0,0.3849703605,0.381407016,0.06092917919,0.06379336119,0.4041152755,0.6196579608,0.5140184518,0.6
2589,1.0,0.0,0.0,0.0,1.0,1.0,0.3760276341,0.372066644,0.06000077724,0.06289559603,0.4306930577,0.6228068258,0.5358254298,0.6066945726
2590,1.0,0.0,0.0,0.0,1.0,1.0,0.3831885647,0.377913849,0.06115603447,0.0640681982,0.4854771389,0.62337675,0.5812498989,0.6239675649
2591,1.0,0.0,0.0,0.0,1.0,1.0,0.3904720281,0.3869312961,0.06170618534,0.06485712528,0.4879468034,0.629786971,0.5893415936,0.6234815581
2592,1.0,0.0,0.0,0.0,1.0,1.0,0.385865701,0.3825989767,0.06120109558,0.06435310841,0.4879867929,0.622317839,0.5875001683,0.612244898
2593,1.0,0.0,0.0,0.0,1.0,1.0,0.3816799669,0.3798504022,0.06103444099,0.064191401,0.4897119457,0.6293101091,0.5887850006,0.622951048
2594,1.0,0.0,0.0,0.0,1.0,1.0,0.3872530105,0.3857219352,0.06131613255,0.06444710493,0.4872218033,0.6340421147,0.5874997815,0.6234814931
2595,1.0,0.0,0.0,0.0,1.0,1.0,0.3858655368,0.3787193092,0.06132125854,0.06342673302,0.4863298188,0.6223172628,0.5817610958,0.6224067872
2596,1.0,0.0,0.0,0.0,1.0,1.0,0.3908338107,0.3865766361,0.06205332279,0.06468272209,0.4929576619,0.6313556473,0.584905573,0.6300815705
2597,1.0,0.0,0.0,0.0,1.0,1.0,0.3864507357,0.3854991319,0.06187456846,0.06480830908,0.4900000838,0.6250001204,0.5841268963,0.6213990029
2598,1.0,0.0,0.0,0.0,1.0,1.0,0.3862417215,0.3850051706,0.06252372265,0.06546288729,0.483071865,0.6196578752,0.5817608189,0.6122445449
2599,1.0,0.0,0.0,0.0,1.0,1.0,0.3812902425,0.3763719982,0.06150054932,0.06336414814,0.4847233801,0.623376636,0.5854428878,0.6134455362
2600,1.0,0.0,0.0,0.0,1.0,1.0,0.3847850903,0.3803606707,0.06193566322,0.06408059597,0.4900000065,0.6190472983,0.5859872521,0.6150624969
2601,1.0,0.0,0.0,0.0,1.0,1.0,0.3914133215,0.3883185143,0.06262099743,0.06529712677,0.4811714912,0.6196576071,0.5764330691,0.6147535746
2602,1.0,0.0,0.0,0.0,1.0,1.0,0.4004468074,0.3924092427,0.06385302544,0.06545609236,0.4819783218,0.6108789892,0.5769232831,0.6081630274
2603,1.0,0.0,0.0,0.0,1.0,1.0,0.3987628712,0.3929844299,0.06345254183,0.06533461809,0.4843618502,0.6101693005,0.582524425,0.617283669
2604,1.0,0.0,0.0,0.0,1.0,1.0,0.3943607874,0.3852684152,0.06309503317,0.06471973658,0.4851820255,0.60515002,0.587096868,0.6150631276
2605,1.0,0.0,0.0,0.0,1.0,1.0,0.3905665295,0.3808945798,0.06195938587,0.06331223249,0.4897611199,0.6069873575,0.5830618215,0.6196583892
2606,1.0,0.0,0.0,0.0,1.0,1.0,0.3878175121,0.377639343,0.06154054403,0.06289607286,0.4940170654,0.6123349724,0.5895766172,0.6163798863
2607,1.0,0.0,0.0,0.0,1.0,1.0,0.3888612787,0.3683006157,0.06234228611,0.06206882,0.4863480945,0.6096488293,0.5844157084,0.6079299596
2608,1.0,0.0,0.0,0.0,1.0,1.0,0.3933344267,0.3711283255,0.06340003014,0.06230688095,0.4843087011,0.6034478544,0.5830618222,0.6052637621
2609,1.0,0.0,0.0,0.0,1.0,1.0,0.3933341093,0.3780358727,0.06289225817,0.0631633997,0.4826124197,0.6034485863,0.584415464,0.6094416753
2610,1.0,0.0,0.0,0.0,1.0,1.0,0.3980756343,0.3808948296,0.06409430504,0.06409430504,0.4842553458,0.6068375671,0.5830617693,0.6068375671
2611,1.0,0.0,0.0,0.0,1.0,1.0,0.3905665809,0.3743835679,0.0622099638,0.06248164177,0.4812287443,0.6069866151,0.5798043846,0.613043611
2612,1.0,0.0,0.0,0.0,1.0,1.0,0.3918707682,0.3641756709,0.06174212694,0.06038808823,0.4909715765,0.6008769516,0.5882351673,0.6053818608
2613,1.0,0.0,0.0,0.0,1.0,1.0,0.3895698084,0.3715458209,0.06244307756,0.06244307756,0.4808509974,0.6113537243,0.5811688634,0.6157207616
2614,1.0,0.0,0.0,0.0,1.0,1.0,0.3878683943,0.3638745515,0.06230795383,0.06148815155,0.4893616271,0.6052629062,0.5857604276,0.6088891043
2615,1.0,0.0,0.0,0.0,1.0,1.0,0.3793627591,0.3532228649,0.06034833193,0.0587245822,0.4774467463,0.6053806654,0.5765473656,0.6082954828
2616,1.0,0.0,0.0,0.0,1.0,1.0,0.3801764947,0.3574054804,0.06127768755,0.06018829346,0.4742180996,0.6088890921,0.5760517318,0.6153841583
2617,1.0,0.0,0.0,0.0,1.0,1.0,0.3801765701,0.354171176,0.06142413616,0.05978614092,0.4775992926,0.6000003882,0.582524361,0.6164379465
2618,1.0,0.0,0.0,0.0,1.0,1.0,0.3702876988,0.3464520403,0.05968767405,0.05860739946,0.4786252483,0.6108590733,0.5846644422,0.6129034883
2619,1.0,0.0,0.0,0.0,1.0,1.0,0.3707204918,0.3517144792,0.05939370394,0.05912613869,0.4803675541,0.6126130375,0.5859873989,0.6108589759
2620,1.0,0.0,0.0,0.0,1.0,1.0,0.3694855167,0.3463254691,0.05955642462,0.0587515831,0.4737718203,0.5990996716,0.5854429802,0.5981740673
2621,1.0,0.0,0.0,0.0,1.0,1.0,0.3263133077,0.2862478033,0.05114740133,0.04739838839,0.4786324754,0.5968586815,0.5760516879,0.6158186549
2622,1.0,0.0,0.0,0.0,1.0,1.0,0.3032659161,0.09819096741,0.04362303019,0.01536411047,0.5076336202,0.5031446713,0.5473681604,0.5535696967
2623,1.0,0.0,0.0,0.0,1.0,1.0,0.3148145128,0.09358735973,0.04487633705,0.01432800293,0.4990512497,0.4819272148,0.5406361249,0.5283005524
2624,1.0,0.0,0.0,0.0,1.0,1.0,0.2774249956,0.1882283192,0.04237413406,0.03069412708,0.5088968423,0.6153842908,0.5900000621,0.6725661311
2625,1.0,0.0,0.0,0.0,1.0,1.0,0.3143546746,0.2692042968,0.0491886735,0.04464399815,0.48717958,0.5923909026,0.5903224728,0.6227553464
2626,1.0,0.0,0.0,0.0,1.0,1.0,0.3339823943,0.3017483606,0.05344301462,0.05050361156,0.4853801104,0.6,0.5910544223,0.6243381997
2627,1.0,0.0,0.0,0.0,1.0,1.0,0.3481291981,0.3305365603,0.05624198914,0.05571395159,0.4766966052,0.600939609,0.5893414977,0.6208531921
2628,1.0,0.0,0.0,0.0,1.0,1.0,0.3536111653,0.3389273494,0.05744606256,0.05718004704,0.4758396034,0.6064817361,0.5899055456,0.627907001
2629,1.0,0.0,0.0,0.0,1.0,1.0,0.3580093228,0.3452329959,0.05723643303,0.05803132057,0.4809286482,0.6018517747,0.593060051,0.6301370989
2630,1.0,0.0,0.0,0.0,1.0,1.0,0.3617665768,0.3558139749,0.05766052008,0.05978620052,0.4862384927,0.6129030591,0.6012661147,0.6400005583
2631,1.0,0.0,0.0,0.0,1.0,1.0,0.3738562072,0.3625734864,0.06006962061,0.06140446663,0.4829593817,0.6088890565,0.5962146787,0.6391308062
2632,1.0,0.0,0.0,0.0,1.0,1.0,0.369050512,0.3594205824,0.05883812904,0.06070172787,0.4870510429,0.6108596552,0.5993691119,0.6491232377
2633,1.0,0.0,0.0,0.0,1.0,1.0,0.3767971761,0.3680485842,0.05933886766,0.06173372269,0.4945054883,0.6053813956,0.606349133,0.6508622021
2634,1.0,0.0,0.0,0.0,1.0,1.0,0.3820393499,0.3624173837,0.05985635519,0.06065797806,0.5273037083,0.6116071829,0.6357827658,0.660793458
2635,1.0,0.0,0.0,0.0,1.0,1.0,0.3852457847,0.380739593,0.06077611446,0.06397479773,0.518174139,0.6096489594,0.628571388,0.6583327044
2636,1.0,0.0,0.0,0.0,1.0,1.0,0.3923042903,0.3863656053,0.06191301346,0.064861238,0.5208157005,0.6103898229,0.6325878401,0.6611569109
2637,1.0,0.0,0.0,0.0,1.0,1.0,0.3795999907,0.3800463275,0.05956870317,0.0630568862,0.5226688611,0.6081086895,0.6245954065,0.6680851748
2638,1.0,0.0,0.0,0.0,1.0,1.0,0.3868259033,0.3913672075,0.06025147438,0.06423282623,0.522591539,0.6035245516,0.6310678554,0.6735538877
2639,1.0,0.0,0.0,0.0,1.0,1.0,0.3855110739,0.389749676,0.06015974283,0.06387001276,0.5208156779,0.6035243775,0.6343043119,0.6721997161
2640,1.0,0.0,0.0,0.0,1.0,1.0,0.3865522811,0.3968842524,0.05988687277,0.06487745047,0.5097539783,0.6052630793,0.6270098304,0.6882594999
2641,1.0,0.0,0.0,0.0,1.0,1.0,0.3868806196,0.3994533083,0.060141325,0.06515312195,0.5008489101,0.6052632101,0.6148867515,0.6882593167
2642,1.0,0.0,0.0,0.0,1.0,1.0,0.3837445533,0.3948611342,0.06007915735,0.06435143948,0.5051194094,0.5955557804,0.6163932556,0.6846470761
2643,1.0,0.0,0.0,0.0,1.0,1.0,0.3857793739,0.3919380856,0.06090521812,0.06467813253,0.4961570059,0.6017703705,0.6176472713,0.6833333487
2644,1.0,0.0,0.0,0.0,1.0,1.0,0.3836067508,0.3850310323,0.05998790264,0.06321597099,0.497418288,0.6098655644,0.6098360096,0.6808515654
2645,1.0,0.0,0.0,0.0,1.0,1.0,0.3758735165,0.3862973834,0.05929619074,0.06421470642,0.5008664559,0.5990782298,0.6151314964,0.6723404966
2646,1.0,0.0,0.0,0.0,1.0,1.0,0.3881841175,0.4051794874,0.06182098389,0.06713593006,0.4991211735,0.6108597896,0.6081080935,0.6666660748
2647,1.0,0.0,0.0,0.0,1.0,1.0,0.3931076778,0.3930005692,0.062743783,0.06498461962,0.4995609745,0.5982144384,0.6033900981,0.6594824542
2648,1.0,0.0,0.0,0.0,1.0,1.0,0.3928239758,0.3933617052,0.06305611134,0.06500923634,0.4956521884,0.6061946903,0.6013513903,0.6480689922
2649,1.0,0.0,0.0,0.0,1.0,1.0,0.3966180248,0.4144443221,0.06342029572,0.06819081306,0.506584776,0.6017700862,0.6075086363,0.6707815729
2650,1.0,0.0,0.0,0.0,1.0,1.0,0.392041493,0.4065525549,0.06209373474,0.06682729721,0.4986807418,0.6053812778,0.6033899202,0.6708331252
2651,1.0,0.0,0.0,0.0,1.0,1.0,0.3907855078,0.3931139545,0.06201034784,0.06475412846,0.500000047,0.5929201498,0.6066667632,0.6779658209
2652,1.0,0.0,0.0,0.5235987902,1.0,1.0,0.3910861987,0.3927572832,0.06111586094,0.06383210421,0.5078260321,0.5911109724,0.6120401191,0.6808506665
2653,1.0,0.0,0.0,0.5235987902,1.0,1.0,0.3952889523,0.3888555895,0.06194829941,0.06357133389,0.5043178392,0.5982536659,0.6092715014,0.6936168018
2654,1.0,0.0,0.0,0.5235987902,1.0,1.0,0.3955574049,0.3764563018,0.06030237675,0.06057035923,0.5145117821,0.6044443742,0.610000263,0.6946906225
2655,1.0,0.0,0.0,0.5235987902,1.0,1.0,0.3850093763,0.3614648546,0.05916202068,0.05862170458,0.5004397701,0.6073058533,0.6000000735,0.7004602907
2656,1.0,0.0,0.0,0.5235987902,1.0,1.0,0.3778267146,0.3263482116,0.05869209766,0.05366134644,0.4959496024,0.6095238095,0.5850338188,0.703125
2657,1.0,0.0,0.0,0.5235987902,1.0,1.0,0.4504530131,0.2359277467,0.06300389767,0.0357209444,0.4909456507,0.5,0.5427509747,0.5826784004
2658,1.0,0.0,0.0,0.5235987902,1.0,1.0,0.4526530521,0.2192082398,0.06413245201,0.03348505497,0.4809618526,0.4336288203,0.5055759413,0.4067794498
2659,1.0,0.0,0.0,0.5235987902,1.0,1.0,0.4497488338,0.2239488719,0.06374084949,0.03427839279,0.4920000803,0.4399996634,0.5148145682,0.4214878907
2660,1.0,0.0,0.0,0.5235987902,1.0,1.0,0.4681179179,0.2241397908,0.0661662221,0.0340602994,0.4703556454,0.455695735,0.5183824697,0.4836071168
2661,1.0,0.0,0.0,0.5235987902,1.0,1.0,0.4367145204,0.2498603799,0.06278181076,0.03872007132,0.4918190969,0.5198242862,0.5464284945,0.5928573078
2662,1.0,0.0,0.0,0.5235987902,1.0,1.0,0.4219227068,0.2658086621,0.06102979183,0.04142290354,0.4995225138,0.5520358235,0.5567374612,0.6599996259
2663,1.0,0.0,0.0,0.5235987902,1.0,1.0,0.4251715565,0.2730614756,0.06013834476,0.041634202,0.5033685531,0.5520370602,0.5571426561,0.6470595814
2664,1.0,0.0,0.0,0.5235987902,1.0,1.0,0.4401035139,0.2678361659,0.06223678589,0.04085147381,0.4936955033,0.5242290454,0.5395681007,0.6174497428
2665,1.0,0.0,0.0,0.5235987902,1.0,1.0,0.4298467847,0.2766310308,0.06144922972,0.04271131754,0.4985535704,0.5470853497,0.557142973,0.6516131553
2666,1.0,0.0,0.0,0.5235987902,1.0,1.0,0.4242372587,0.3012499325,0.06037420034,0.04623246193,0.4952198961,0.5900893563,0.5567374909,0.7058822771
2667,1.0,0.0,0.0,0.5235987902,1.0,1.0,0.4108604274,0.3225150921,0.05866801739,0.04966318607,0.5086042735,0.6279069295,0.5744682745,0.7197801275
2668,1.0,0.0,0.0,0.5235987902,1.0,1.0,0.4101703685,0.3721698532,0.06017249823,0.05799430609,0.500464248,0.6244340171,0.5699301395,0.7089198886
2669,1.0,0.0,0.0,0.5235987902,1.0,1.0,0.4235076481,0.4049460013,0.06293314695,0.06374692917,0.4831050574,0.6120692186,0.5655172518,0.689361157
2670,1.0,0.0,0.0,0.5235987902,1.0,1.0,0.4289842195,0.4104238918,0.06388521194,0.06497263908,0.4831050461,0.6127665569,0.5670100609,0.6903766765
2671,1.0,0.0,0.0,0.5235987902,1.0,1.0,0.4343831467,0.4381117721,0.06520843506,0.06926709414,0.4878268782,0.6058092386,0.5753425019,0.6875000538
2672,1.0,0.0,0.0,0.5235987902,1.0,1.0,0.4397905221,0.4535139771,0.06628036499,0.07198482752,0.4733994957,0.6106555755,0.5650684906,0.6905659909
2673,1.0,0.0,0.0,0.5235987902,1.0,1.0,0.4503766117,0.4724324889,0.06930822134,0.0764876008,0.4847396447,0.6055775762,0.57337868,0.678699925
2674,1.0,0.0,0.0,0.5235987902,1.0,1.0,0.4465974815,0.4656102642,0.0680822134,0.07494533062,0.4810810018,0.5967747301,0.5665528353,0.6813183667
2675,1.0,0.0,0.0,0.5235987902,1.0,1.0,0.443005427,0.4657265229,0.06787258387,0.07498830557,0.4781054352,0.5967746043,0.5612247164,0.6751827167
2676,1.0,0.0,0.0,0.5235987902,1.0,1.0,0.4493892462,0.47754903,0.068115592,0.07628947496,0.4784172418,0.59600014,0.5631401584,0.674999707
2677,1.0,0.0,0.0,0.5235987902,1.0,1.0,0.4467883602,0.4707266763,0.06851178408,0.07594072819,0.4775582951,0.5903611942,0.5631400301,0.6739129752
2678,1.0,0.0,0.0,0.5235987902,1.0,1.0,0.4488026814,0.4722448267,0.06843358278,0.07557922602,0.48061319,0.5983939031,0.5635740188,0.6763634958
2679,1.0,0.0,0.0,0.5235987902,1.0,1.0,0.4525773995,0.4843184264,0.06913548708,0.07764023542,0.4806829039,0.5992063116,0.571917877,0.6784452785
2680,1.0,0.0,0.0,0.5235987902,1.0,1.0,0.4552810738,0.4807658068,0.06848847866,0.07612860203,0.4845734145,0.6015938439,0.5758622987,0.6845883187
2681,1.0,0.0,0.0,0.5235987902,1.0,1.0,0.4566806583,0.4842124988,0.0687853694,0.07670116425,0.4959202434,0.6031747957,0.5862069095,0.6868324692
2682,1.0,0.0,0.0,0.5235987902,1.0,1.0,0.4619805868,0.4774731971,0.06898385286,0.07577359676,0.4995451474,0.6062995256,0.5890411062,0.6917562752
2683,1.0,0.0,0.0,0.5235987902,1.0,1.0,0.4605810266,0.4790431188,0.06857538223,0.07535159588,0.4954463487,0.604742791,0.5931034221,0.6870502061
2684,1.0,0.0,0.0,0.5235987902,1.0,1.0,0.4589089211,0.4807662331,0.06934851408,0.07647526264,0.4990926148,0.6007907347,0.5896552835,0.688172328
2685,1.0,0.0,0.0,0.5235987902,1.0,1.0,0.468403328,0.4928042365,0.07078027725,0.07818746567,0.5059037261,0.6085275235,0.5986158468,0.6877191699
2686,1.0,0.0,0.0,0.5235987902,1.0,1.0,0.4702190561,0.4928281733,0.07081782818,0.07820034027,0.5113533195,0.6023165893,0.6034484119,0.6923079855
2687,1.0,0.0,0.0,0.5235987902,1.0,1.0,0.4749639341,0.4859354991,0.07075375319,0.07703691721,0.5100917497,0.6061778306,0.5999997744,0.6914895181
2688,1.0,0.0,0.0,0.5235987902,1.0,1.0,0.4705400626,0.4876589636,0.07099479437,0.07787418365,0.5091241344,0.6162791381,0.6000001493,0.699646846
2689,1.0,0.0,0.0,0.5235987902,1.0,1.0,0.4699002721,0.4962863863,0.07071644068,0.07860404253,0.5045207244,0.6,0.5979380939,0.6851209131
2690,1.0,0.0,0.0,0.5235987902,1.0,1.0,0.4800970055,0.4962742843,0.0711761117,0.07794189453,0.5068491912,0.6083648694,0.6,0.6909726471
2691,1.0,0.0,0.0,0.5235987902,1.0,1.0,0.4887782178,0.5118248291,0.0735707283,0.08125722408,0.5164234399,0.6082084594,0.6124567682,0.6959457774
2692,1.0,0.0,0.0,0.5235987902,1.0,1.0,0.4901546571,0.5188076962,0.07283514738,0.08095806837,0.5113946615,0.6096658595,0.6076391966,0.6989967245
2693,1.0,0.0,0.0,0.5235987902,1.0,1.0,0.5010977235,0.5222780761,0.07414060831,0.08174479008,0.5078053234,0.604396108,0.6041665715,0.6910299318
2694,1.0,0.0,0.0,0.5235987902,1.0,1.0,0.5075074122,0.5326885771,0.07552313805,0.08370256424,0.5087076208,0.6064986252,0.6111111954,0.6905538433
2695,1.0,0.0,0.0,0.5235987902,1.0,1.0,0.5108257197,0.5347891013,0.07533413172,0.08324968815,0.5018518941,0.6159418054,0.6105261747,0.7016391518
2696,1.0,0.0,0.0,0.5235987902,1.0,1.0,0.5056753246,0.5256580919,0.07534718513,0.0829911232,0.5050411884,0.608695721,0.6020762657,0.6940791175
2697,1.0,0.0,0.0,0.5235987902,1.0,1.0,0.5157818003,0.5399084603,0.07595360279,0.08352196217,0.5004592004,0.6085412269,0.6013985637,0.6957929472
2698,1.0,0.0,0.0,0.5235987902,1.0,1.0,0.5066295475,0.5310622483,0.07516461611,0.08336436749,0.5115206674,0.6218184327,0.6167249702,0.7081970683
2699,1.0,0.0,0.0,0.5235987902,1.0,1.0,0.5047684277,0.5274831951,0.07523721457,0.08317136765,0.5133150577,0.6145455294,0.6145831837,0.7039467272
2700,1.0,0.0,0.0,0.5235987902,1.0,1.0,0.5107852056,0.534423751,0.07545304298,0.0838971734,0.5055350881,0.6173283345,0.6076387201,0.6948054116
2701,1.0,0.0,0.0,0.5235987902,1.0,1.0,0.5047501668,0.5343035801,0.07482385635,0.08377015591,0.5077767515,0.6123189329,0.6055362006,0.7022654988
2702,1.0,0.0,0.0,0.5235987902,1.0,1.0,0.5143648692,0.5481368144,0.07556122541,0.08524167538,0.5091575471,0.6085412481,0.6124567036,0.6971613531
2703,1.0,0.0,0.0,0.5235987902,1.0,1.0,0.5130527296,0.5291162405,0.07583242655,0.08317106962,0.5381784641,0.6129028962,0.6366781587,0.7058820578
2704,1.0,0.0,0.0,0.5235987902,1.0,1.0,0.5015444749,0.525568407,0.07412987947,0.08221679926,0.5182481332,0.6109096055,0.6172412716,0.7016396628
2705,1.0,0.0,0.0,0.5235987902,1.0,1.0,0.5083447248,0.5356595364,0.07689189911,0.0859541297,0.5240690331,0.599999845,0.6164383663,0.693291107
2706,1.0,0.0,0.0,0.5235987902,1.0,1.0,0.5074507951,0.5203283035,0.07668578625,0.0832824707,0.5232029525,0.6093190131,0.6254297439,0.6897687454
2707,1.0,0.0,0.0,0.5235987902,1.0,1.0,0.5037837479,0.5236800944,0.07470858097,0.08193844557,0.5302619951,0.6021507864,0.6232875721,0.6862745954
2708,1.0,0.0,0.0,0.5235987902,1.0,1.0,0.5083133926,0.5203279832,0.07511508465,0.08099597692,0.529411741,0.6049822968,0.6219929798,0.6930694017
2709,1.0,0.0,0.0,0.5235987902,1.0,1.0,0.4988205292,0.5099892249,0.07407981157,0.07969599962,0.5279280225,0.6028878717,0.6232876582,0.6912750724
2710,1.0,0.0,0.0,0.5235987902,1.0,1.0,0.5006179384,0.5220453653,0.07389307022,0.0805143714,0.5296228829,0.605735166,0.6288658519,0.6907892837
2711,1.0,0.0,0.0,0.5235987902,1.0,1.0,0.5055265271,0.5236802808,0.075314641,0.08143562078,0.5210008431,0.6077740054,0.6267123655,0.6993463191
2712,1.0,0.0,0.0,0.5235987902,1.0,1.0,0.5014992132,0.5201180674,0.07422012091,0.08053678274,0.5231316823,0.5992907203,0.6190476007,0.683006669
2713,1.0,0.0,0.0,0.5235987902,1.0,1.0,0.4997212864,0.5253915656,0.07475453615,0.08167129755,0.5284698246,0.6014234081,0.6232875714,0.6840390975
2714,1.0,0.0,0.0,0.5235987902,1.0,1.0,0.4961644852,0.5151232049,0.07390314341,0.07973057032,0.5231316384,0.6021506764,0.619862899,0.6877076859
2715,1.0,0.0,0.0,0.5235987902,1.0,1.0,0.4965950363,0.5117412915,0.0743252039,0.07967227697,0.5263628815,0.6043168641,0.6185566655,0.6879198371
2716,1.0,0.0,0.0,0.5235987902,1.0,1.0,0.5033029836,0.5099892484,0.07486099005,0.07938998938,0.5197132602,0.5978642615,0.6164383614,0.6812078295
2717,1.0,0.0,0.0,0.5235987902,1.0,1.0,0.5041905326,0.5186108663,0.07557070255,0.08093035221,0.5277280416,0.6063826934,0.6254294588,0.6821192736
2718,1.0,0.0,0.0,0.5235987902,1.0,1.0,0.5091324149,0.5220449855,0.0760256052,0.08137953281,0.5282511554,0.6056340347,0.628866141,0.6875000916
2719,1.0,0.0,0.0,0.5235987902,1.0,1.0,0.5086764659,0.5134121741,0.07575488091,0.08002281189,0.5322580984,0.6126758125,0.6301368082,0.6866665177
2720,1.0,0.0,0.0,0.5235987902,1.0,1.0,0.5092348857,0.5135063225,0.07528096437,0.07983535528,0.537624719,0.6049825614,0.6344829781,0.6912749223
2721,1.0,0.0,0.0,0.5235987902,1.0,1.0,0.5123039096,0.5186107807,0.07704275846,0.08163827658,0.5269784718,0.6070172208,0.6288661628,0.6854306497
2722,1.0,0.0,0.0,0.5235987902,1.0,1.0,0.5154357819,0.5254796611,0.07607555389,0.08111184835,0.5256064973,0.6097563651,0.6323023617,0.6862740487
2723,1.0,0.0,0.0,0.5235987902,1.0,1.0,0.5153790756,0.5253036997,0.07623505592,0.08152914047,0.5237242901,0.6111107636,0.6245733303,0.6883118687
2724,1.0,0.0,0.0,0.5235987902,1.0,1.0,0.5087409235,0.5065431991,0.07636749744,0.08042967319,0.5306858489,0.613474978,0.6245734186,0.7003363011
2725,1.0,0.0,0.0,0.5235987902,1.0,1.0,0.5133747685,0.4962862177,0.07626533508,0.0781583786,0.5227686376,0.6170212267,0.6254293322,0.6989620829
2726,1.0,0.0,0.0,0.5235987902,1.0,1.0,0.5099573044,0.4719588309,0.07338106632,0.07284545898,0.5363128098,0.6240876268,0.6354165299,0.7058824492
2727,1.0,0.0,0.0,0.5235987902,1.0,1.0,0.5020540125,0.4683797257,0.07197594643,0.07197594643,0.542483597,0.6245350112,0.6306619925,0.7100374641
2728,1.0,0.0,0.0,0.5235987902,1.0,1.0,0.4945883277,0.4630279919,0.07104074955,0.07104074955,0.5294117586,0.6188673895,0.6153848246,0.7056607035
2729,1.0,0.0,0.0,0.5235987902,1.0,1.0,0.5085697422,0.4788268268,0.07282441854,0.07335793972,0.5284249415,0.6227104308,0.6202087827,0.7127269566
2730,1.0,0.0,0.0,0.5235987902,1.0,1.0,0.50616319,0.4910454372,0.07448750734,0.0766544342,0.521178767,0.6145453323,0.6111111111,0.699646514
2731,1.0,0.0,0.0,0.5235987902,1.0,1.0,0.5075362683,0.5031791832,0.07407665253,0.07810252905,0.5105795257,0.6123181526,0.605536287,0.6941579419
2732,1.0,0.0,0.0,0.5235987902,1.0,1.0,0.5147809079,0.5221221686,0.07577103376,0.08141356707,0.5050228745,0.6099288325,0.6034484934,0.6930696621
2733,1.0,0.0,0.0,0.5235987902,1.0,1.0,0.5158410364,0.5153372919,0.0770740509,0.08175355196,0.5078340768,0.617857408,0.6006946323,0.6936024211
2734,1.0,0.0,0.0,0.5235987902,1.0,1.0,0.5199302786,0.5292181389,0.07705628872,0.08304649591,0.5147057996,0.6219084306,0.604166548,0.6950819249
2735,1.0,0.0,0.0,0.5235987902,1.0,1.0,0.5191908464,0.5223567031,0.0752453804,0.08062005043,0.5102040774,0.6178573013,0.6062717716,0.6933334812
2736,1.0,0.0,0.0,0.5235987902,1.0,1.0,0.5125810176,0.5222777226,0.07663965225,0.08268296719,0.5073528547,0.6164877897,0.6041665804,0.6877075238
2737,1.0,0.0,0.0,0.5235987902,1.0,1.0,0.5148364779,0.5309534669,0.07608252764,0.08285140991,0.5068743687,0.6192166887,0.6006943569,0.6928107302
2738,1.0,0.0,0.0,0.5235987902,1.0,1.0,0.5185003567,0.5360328324,0.07755112648,0.08495002985,0.5068743763,0.6148412257,0.6089966335,0.687097125
2739,1.0,0.0,0.0,0.5235987902,1.0,1.0,0.5193806935,0.5343035737,0.0771420002,0.08393263817,0.507776747,0.6161966825,0.605536411,0.6957929377
2740,1.0,0.0,0.0,0.5235987902,1.0,1.0,0.5189761185,0.5360326322,0.07603907585,0.08329367638,0.5100918148,0.6183743506,0.6089962478,0.6967739489
2741,1.0,0.0,0.0,0.5235987902,1.0,1.0,0.5268948297,0.5325748121,0.07638418674,0.08225989342,0.5428572251,0.6223779061,0.6332181814,0.6980520139
2742,1.0,0.0,0.0,0.5235987902,1.0,1.0,0.5275861123,0.5291164222,0.07736134529,0.08335417509,0.5557621426,0.6232398598,0.6505189382,0.7058824371
2743,1.0,0.0,0.0,0.5235987902,1.0,1.0,0.5351487158,0.5292183167,0.07760345936,0.08247059584,0.5559700565,0.6271772775,0.6562500359,0.7147540486
2744,1.0,0.0,0.0,0.5235987902,1.0,1.0,0.5245432026,0.5206151242,0.07758897543,0.08285391331,0.557638162,0.6321425307,0.6515679599,0.7157190563
2745,1.0,0.0,0.0,0.5235987902,1.0,1.0,0.5279718753,0.5325744394,0.07657510042,0.08275485039,0.5569973071,0.6210527299,0.6470587107,0.7045453891
2746,1.0,0.0,0.0,0.5235987902,1.0,1.0,0.5314196148,0.5292185518,0.07772183418,0.08317601681,0.5597013435,0.6280702723,0.6527776672,0.7081969986
2747,1.0,0.0,0.0,0.5235987902,1.0,1.0,0.5277950078,0.5295287232,0.07654505968,0.08197379112,0.554307068,0.6312060383,0.6526312952,0.7185426804
2748,1.0,0.0,0.0,0.5235987902,1.0,1.0,0.5244502117,0.5240976984,0.07681006193,0.08227699995,0.5592903072,0.6334522942,0.6550523574,0.7176079903
2749,1.0,0.0,0.0,0.5235987902,1.0,1.0,0.5171147103,0.4962383297,0.07613307238,0.07890152931,0.5559735852,0.6327271332,0.6480835519,0.7122805851
2750,1.0,0.0,0.0,0.5235987902,1.0,1.0,0.5059021624,0.4664061245,0.07166004181,0.07166004181,0.5661274682,0.6466168603,0.642105255,0.7218046739
2751,1.0,0.0,0.0,0.5235987902,1.0,1.0,0.4939102333,0.4268080191,0.06976038218,0.0656568408,0.5484495265,0.6470588738,0.6263343817,0.7249992964
2752,1.0,0.0,0.0,0.5235987902,1.0,1.0,0.501177409,0.419408725,0.07089400291,0.06457406282,0.5354713291,0.6472872128,0.6142857253,0.7404255044
2753,1.0,0.0,0.0,0.5235987902,1.0,1.0,0.4977989946,0.4255575655,0.07056987286,0.06566542387,0.5326922796,0.6409271888,0.6183743891,0.7302908368
2754,1.0,0.0,0.0,0.5235987902,1.0,1.0,0.4963545093,0.416728389,0.06951141357,0.06358402967,0.543792068,0.6472867619,0.6183744216,0.7457626483
2755,1.0,0.0,0.0,0.5235987902,1.0,1.0,0.4973389418,0.4310970602,0.07146751881,0.067086339,0.5347950315,0.6475097287,0.6197185418,0.7346937688
2756,1.0,0.0,0.0,0.5235987902,1.0,1.0,0.4987761195,0.4488721027,0.07071435452,0.06857150793,0.5387524333,0.6363632532,0.6210526521,0.7226563077
2757,1.0,0.0,0.0,0.5235987902,1.0,1.0,0.5067594762,0.4719589892,0.07212054729,0.07265478373,0.5305163788,0.6333333884,0.6180556658,0.7169117557
2758,1.0,0.0,0.0,0.5235987902,1.0,1.0,0.507179209,0.4858396527,0.07247108221,0.07460260391,0.5223880613,0.6360297172,0.6180556849,0.7178569602
2759,1.0,0.0,0.0,0.5235987902,1.0,1.0,0.5122952202,0.4962628144,0.07421690226,0.07745552063,0.5284249825,0.6254548638,0.622837542,0.7073170356
2760,1.0,0.0,0.0,0.5235987902,1.0,1.0,0.5100732228,0.4927320144,0.07265007496,0.07559895515,0.5273070352,0.6273060369,0.6188811067,0.7127655045
2761,1.0,0.0,0.0,0.5235987902,1.0,1.0,0.5049612024,0.45749098,0.07069200277,0.06935817003,0.538608181,0.6452827325,0.6232392996,0.734615692
2762,1.0,0.0,0.0,0.5235987902,1.0,1.0,0.5424109833,0.3990446451,0.07397937775,0.05973148346,0.5597991079,0.5814813144,0.6227108634,0.688073779
2763,1.0,0.0,0.0,0.5235987902,1.0,1.0,0.6079851192,0.3650306432,0.08046150208,0.05279403925,0.5197439105,0.4912276283,0.5468748261,0.5454542375
2764,1.0,0.0,0.0,0.5235987902,1.0,1.0,0.601359063,0.363258779,0.07820785046,0.05204677582,0.5338982594,0.5105631388,0.5653845002,0.5608463124
2765,1.0,0.0,0.0,0.5235987902,1.0,1.0,0.5470194868,0.3975475003,0.0740006566,0.0595343709,0.5534978912,0.5864658384,0.6096653594,0.6682248371
2766,1.0,0.0,0.0,0.5235987902,1.0,1.0,0.5197097632,0.4015941372,0.07007497549,0.05956375599,0.5419999222,0.6192301706,0.6072727185,0.714931443
2767,1.0,0.0,0.0,0.5235987902,1.0,1.0,0.5002072019,0.4108023458,0.06935590506,0.06233936548,0.5365140609,0.6420235837,0.6156581421,0.7402601252
2768,1.0,0.0,0.0,0.5235987902,1.0,1.0,0.4978062266,0.4323826868,0.06924474239,0.06498354673,0.534482742,0.6461539389,0.620567231,0.7377052639
2769,1.0,0.0,0.0,0.5235987902,1.0,1.0,0.4973391055,0.4363761004,0.06963932514,0.06617069244,0.5309819046,0.6398471696,0.6161972828,0.7298380414
2770,1.0,0.0,0.0,0.5235987902,1.0,1.0,0.5006764141,0.4522124569,0.07023727894,0.06889688969,0.5239005297,0.6450382133,0.6126759764,0.7198446576
2771,1.0,0.0,0.0,0.5235987902,1.0,1.0,0.5091498386,0.4839402412,0.07280921936,0.07442718744,0.5113206953,0.6259258835,0.6035086686,0.7065215215
2772,1.0,0.0,0.0,0.5235987902,1.0,1.0,0.5118637423,0.5084879409,0.07408553362,0.07841169834,0.5046728529,0.6240875531,0.596491262,0.70344804
2773,1.0,0.0,0.0,0.5235987902,1.0,1.0,0.5170496811,0.5119948621,0.07518446445,0.0795429945,0.5051546191,0.6195653036,0.5999997698,0.6986302088
2774,1.0,0.0,0.0,0.5235987902,1.0,1.0,0.5127733568,0.5190086753,0.07505124807,0.08078247309,0.5130596447,0.6218181934,0.6070173329,0.7027023438
2775,1.0,0.0,0.0,0.5235987902,1.0,1.0,0.5228993585,0.5293209894,0.07794713974,0.0840280652,0.5083487859,0.6170213254,0.6062719955,0.6940791924
2776,1.0,0.0,0.0,0.5235987902,1.0,1.0,0.5224989989,0.5258386987,0.07645344734,0.08216702938,0.5088371685,0.6156582021,0.6132405856,0.701986313
2777,1.0,0.0,0.0,0.5235987902,1.0,1.0,0.5274833291,0.5293209544,0.07683002949,0.08195197582,0.5111111157,0.6175436038,0.609756276,0.7006580718
2778,1.0,0.0,0.0,0.5235987902,1.0,1.0,0.5171425189,0.5291165359,0.07583856583,0.08229291439,0.5064220622,0.6134749599,0.6124567036,0.7026145732
2779,1.0,0.0,0.0,0.5235987902,1.0,1.0,0.5244774642,0.5361591811,0.07711774111,0.0833196044,0.5082568491,0.6118883524,0.6145833413,0.6990287373
2780,1.0,0.0,0.0,0.5235987902,1.0,1.0,0.5267950864,0.5412203974,0.07743108273,0.08444571495,0.5004591439,0.6062715249,0.6020763863,0.6900958805
2781,1.0,0.0,0.0,0.5235987902,1.0,1.0,0.5179586552,0.5292178033,0.07633066177,0.0819748044,0.5072991985,0.6091552815,0.6111111539,0.6983608774
2782,1.0,0.0,0.0,0.5235987902,1.0,1.0,0.5193088598,0.5307382159,0.07735615969,0.08359897137,0.5113947097,0.6105264131,0.6137933253,0.6980517027
2783,1.0,0.0,0.0,0.5235987902,1.0,1.0,0.520332609,0.5326890229,0.07674372196,0.08295893669,0.5087075814,0.6126763626,0.6076391055,0.6970685865
2784,1.0,0.0,0.0,0.5235987902,1.0,1.0,0.5286304839,0.5413642482,0.07764834166,0.08411902189,0.5041321987,0.6111114949,0.6076387251,0.6955132316
2785,1.0,0.0,0.0,0.5235987902,1.0,1.0,0.5292248522,0.5449917869,0.07789987326,0.08495694399,0.5036900567,0.6132409753,0.6027876256,0.6964859637
2786,1.0,0.0,0.0,0.5235987902,1.0,1.0,0.5293337929,0.5451503331,0.07741183043,0.08444935083,0.5074073331,0.6258740101,0.6083913501,0.7083330687
2787,1.0,0.0,0.0,0.5235987902,1.0,1.0,0.5294934885,0.5446784517,0.07876414061,0.0858501792,0.5068744462,0.6124562316,0.6124566152,0.6984129298
2788,1.0,0.0,0.0,0.5235987902,1.0,1.0,0.5281454833,0.5446783682,0.07895249128,0.08635425568,0.5045871221,0.6145833884,0.6089964656,0.7015869861
2789,1.0,0.0,0.0,0.5235987902,1.0,1.0,0.5299791564,0.543099533,0.07963001728,0.0862429142,0.5100916982,0.6228373392,0.6145830127,0.7028756334
2790,1.0,0.0,0.0,0.5235987902,1.0,1.0,0.5305792641,0.5396294332,0.07743525505,0.08361935616,0.5041475626,0.6180558335,0.6041664824,0.6977496614
2791,1.0,0.0,0.0,0.5235987902,1.0,1.0,0.5264097285,0.5467328964,0.07775378227,0.08536601067,0.5101289601,0.6118879993,0.6202091337,0.6974523182
2792,1.0,0.0,0.0,0.5235987902,1.0,1.0,0.5292245077,0.5451501331,0.07784569263,0.08462673426,0.5092251237,0.6202089685,0.6083914204,0.6987183415
2793,1.0,0.0,0.0,0.5235987902,1.0,1.0,0.5302029,0.5412198852,0.07727050781,0.0842705965,0.5120147816,0.6132403671,0.6124568626,0.6964859891
2794,1.0,0.0,0.0,0.5235987902,1.0,1.0,0.5298243418,0.5380271215,0.07782310247,0.08408164978,0.5125115308,0.6188809448,0.6097558836,0.6957925958
2795,1.0,0.0,0.0,0.5235987902,1.0,1.0,0.5284620083,0.5345448604,0.07765907049,0.08365380764,0.5102040713,0.6175440535,0.613240162,0.6970682832
2796,1.0,0.0,0.0,0.5235987902,1.0,1.0,0.5236043843,0.5325746086,0.07861304283,0.08495730162,0.4742647267,0.6070173204,0.5847751382,0.694804844
2797,1.0,0.0,0.0,0.5235987902,1.0,1.0,0.5242971517,0.5502155313,0.07693856955,0.08441877365,0.4553734706,0.6076385849,0.5679444187,0.6930379747
2798,1.0,0.0,0.0,0.5235987902,1.0,1.0,0.5225597897,0.5377619559,0.0768725872,0.08359223604,0.4570383418,0.6048950615,0.5640138209,0.681672365
2799,1.0,0.0,0.0,0.5235987902,1.0,1.0,0.5221649348,0.5328034609,0.0770816803,0.08276134729,0.457378542,0.6070176985,0.567944188,0.6895423495
2800,1.0,0.0,0.0,0.5235987902,1.0,1.0,0.5198562827,0.5344236067,0.0760409236,0.08246690035,0.4560439958,0.5985914223,0.5625000966,0.6850650313
2801,1.0,0.0,0.0,0.5235987902,1.0,1.0,0.5220827508,0.5360327643,0.07682317495,0.08326989412,0.4557078136,0.6083914782,0.567474071,0.6903224467
2802,1.0,0.0,0.0,0.5235987902,1.0,1.0,0.5184318621,0.5360329897,0.07582855225,0.08277064562,0.45936074,0.6021127314,0.5674740391,0.6870964188
2803,1.0,0.0,0.0,0.5235987902,1.0,1.0,0.521606863,0.5429492853,0.07759898901,0.08519601822,0.4489051482,0.604895172,0.5570936385,0.6878984323
2804,1.0,0.0,0.0,0.5235987902,1.0,1.0,0.5244773938,0.5360324042,0.07662880421,0.0830591917,0.4568806862,0.6013987047,0.5674742082,0.6870969686
2805,1.0,0.0,0.0,0.5235987902,1.0,1.0,0.5224770157,0.5359073921,0.07902878523,0.08563739061,0.4608379068,0.5993032568,0.5689654529,0.6816719877
2806,1.0,0.0,0.0,0.5235987902,1.0,1.0,0.5263114341,0.541509702,0.07695573568,0.08339112997,0.4587155683,0.5993030765,0.5679440203,0.6848873288
2807,1.0,0.0,0.0,0.5235987902,1.0,1.0,0.5281454499,0.5377618828,0.07765990496,0.08386188745,0.4605503825,0.6111110685,0.567473977,0.6913180035
2808,1.0,0.0,0.0,0.5235987902,1.0,1.0,0.5262145587,0.544678775,0.07848608494,0.08584415913,0.4552102725,0.6041663819,0.5640137283,0.6888891049
2809,1.0,0.0,0.0,0.5235987902,1.0,1.0,0.522953193,0.5376308154,0.07700896263,0.08371704817,0.4530537252,0.6027874699,0.5655171754,0.6891029726
2810,1.0,0.0,0.0,0.5235987902,1.0,1.0,0.5224767855,0.5412205693,0.07806038857,0.08513212204,0.4535520194,0.6027873394,0.5674740943,0.6900957795
2811,1.0,0.0,0.0,0.5235987902,1.0,1.0,0.5239080328,0.5429495256,0.07732915878,0.08460408449,0.4520547613,0.6027873356,0.5605536213,0.6910831952
2812,1.0,0.0,0.0,0.5235987902,1.0,1.0,0.5242974701,0.5394912596,0.07859933376,0.08514928818,0.4535520136,0.6006947867,0.5640140016,0.6858973462
2813,1.0,0.0,0.0,0.5235987902,1.0,1.0,0.5234304533,0.5430993759,0.07816398144,0.08524501324,0.4562043894,0.6062717425,0.5659720904,0.6932904668
2814,1.0,0.0,0.0,0.5235987902,1.0,1.0,0.5223307012,0.5224352917,0.08016198874,0.08469408751,0.4570637829,0.6148405638,0.5594406546,0.6989966437
2815,1.0,0.0,0.0,0.5235987902,1.0,1.0,0.494997746,0.448512592,0.07125657797,0.06908077002,0.476370536,0.622138091,0.5653709919,0.7086618182
2816,1.0,0.0,0.0,0.5235987902,1.0,1.0,0.5156538919,0.4104851655,0.07282912731,0.06273674965,0.4879227298,0.6104863856,0.5678570259,0.7217390561
2817,1.0,0.0,0.0,0.5235987902,1.0,1.0,0.50737907,0.4182059451,0.0715687871,0.06373673677,0.4731800791,0.6037735535,0.5602835271,0.7203394665
2818,1.0,0.0,0.0,0.5235987902,1.0,1.0,0.4954657443,0.4467469597,0.07197707891,0.06950461864,0.4701986633,0.6221377554,0.5583036324,0.6956523231
2819,1.0,0.0,0.0,0.5235987902,1.0,1.0,0.5048824433,0.4698082933,0.07453465462,0.07398051023,0.4723004543,0.6208180193,0.5633803083,0.6928835059
2820,1.0,0.0,0.0,0.5235987902,1.0,1.0,0.5024920117,0.4771641457,0.07308900356,0.07389515638,0.4621071816,0.6102941536,0.5590278246,0.6872728886
2821,1.0,0.0,0.0,0.5235987902,1.0,1.0,0.5112991411,0.4910147131,0.07439088821,0.07600808144,0.4643188684,0.6050724638,0.5609756191,0.6914893617
2822,1.0,0.0,0.0,0.5235987902,1.0,1.0,0.5172068632,0.5153916627,0.07607901096,0.08014011383,0.4567218619,0.6120993988,0.5505226641,0.6959460867
2823,1.0,0.0,0.0,0.5235987902,1.0,1.0,0.5264095836,0.5364141246,0.07706391811,0.08272248507,0.4567218482,0.6013985419,0.5629369697,0.6905536826
2824,1.0,0.0,0.0,0.5235987902,1.0,1.0,0.5245690287,0.5310626288,0.07753318548,0.08297413588,0.4604051586,0.6035081731,0.5679443147,0.6950818023
2825,1.0,0.0,0.0,0.5235987902,1.0,1.0,0.5227282892,0.5310626921,0.07749867439,0.08322924376,0.4530386618,0.6091552762,0.5540070588,0.6950818381
2826,1.0,0.0,0.0,0.5235987902,1.0,1.0,0.5226439137,0.5416553543,0.07762098312,0.08442980051,0.4568806852,0.5999996928,0.5594407306,0.6838708448
2827,1.0,0.0,0.0,0.5235987902,1.0,1.0,0.5253477917,0.5467332473,0.07884919643,0.08626705408,0.4560440144,0.5993030305,0.5644597947,0.6815288385
2828,1.0,0.0,0.0,0.5235987902,1.0,1.0,0.5236045111,0.5345448307,0.07775372267,0.08375579119,0.4577206008,0.6000003066,0.5644600986,0.6872961573
2829,1.0,0.0,0.0,0.5235987902,1.0,1.0,0.5264097032,0.541655583,0.07838129997,0.08495873213,0.4493554031,0.6048949826,0.5559439682,0.6870969032
2830,1.0,0.0,0.0,0.5235987902,1.0,1.0,0.5270780381,0.5445236338,0.07836979628,0.08569157124,0.4598540183,0.6020761667,0.5620690948,0.686708874
2831,1.0,0.0,0.0,0.5235987902,1.0,1.0,0.5256391081,0.551775168,0.07923316956,0.08718389273,0.4540491551,0.5951559905,0.5590277883,0.6823900683
2832,1.0,0.0,0.0,0.5235987902,1.0,1.0,0.5279383635,0.5481366722,0.07969653606,0.08711653948,0.4499089,0.6034480953,0.5570931868,0.6876974328
2833,1.0,0.0,0.0,0.5235987902,1.0,1.0,0.5269786754,0.5478037857,0.0793749094,0.08731234074,0.4509090866,0.60344825,0.560137484,0.6865204682
2834,1.0,0.0,0.0,0.5235987902,1.0,1.0,0.5282117029,0.5563905353,0.08030790091,0.08910882473,0.4497738079,0.6027396142,0.5601375235,0.685185532
2835,1.0,0.0,0.0,0.5235987902,1.0,1.0,0.5261177591,0.5483048233,0.07886904478,0.08623743057,0.4517304352,0.6020761743,0.5624999526,0.6930379922
2836,1.0,0.0,0.0,0.5235987902,1.0,1.0,0.5261181757,0.5571800227,0.07906460762,0.08754551411,0.4517304549,0.5986155883,0.560975434,0.6874997447
2837,1.0,0.0,0.0,0.5235987902,1.0,1.0,0.524207849,0.5515950064,0.07877486944,0.08695220947,0.4537204535,0.6055365259,0.5605536005,0.6865204385
2838,1.0,0.0,0.0,0.5235987902,1.0,1.0,0.5292767934,0.5515951387,0.08110904694,0.0889133811,0.4485896239,0.6013746487,0.5605535923,0.6833854097
2839,1.0,0.0,0.0,0.5235987902,1.0,1.0,0.5258291612,0.5505695261,0.07875686884,0.08616602421,0.4463794006,0.6132400832,0.5578944522,0.6910826175
2840,1.0,0.0,0.0,0.5235987902,1.0,1.0,0.5251610732,0.5515953712,0.08161431551,0.09008646011,0.4472727464,0.6020758643,0.557093442,0.6833856028
2841,1.0,0.0,0.0,0.5235987902,1.0,1.0,0.5276614149,0.5432503787,0.0790450573,0.0856320858,0.4573785972,0.6041672322,0.5644598117,0.6891028407
2842,1.0,0.0,0.0,0.5235987902,1.0,1.0,0.5240860287,0.5400493545,0.07904708385,0.08542639017,0.4553818117,0.6070178481,0.5614035088,0.6883116793
2843,1.0,0.0,0.0,0.5235987902,1.0,1.0,0.5264093747,0.5309536869,0.07900047302,0.08452504873,0.4622468179,0.6013989655,0.5659721923,0.6862741918
2844,1.0,0.0,0.0,0.5235987902,1.0,1.0,0.51959909,0.5154465621,0.0763142705,0.08011639118,0.4579093776,0.6085410059,0.562937071,0.6881358202
2845,1.0,0.0,0.0,0.5235987902,1.0,1.0,0.5104724413,0.487446917,0.07574570179,0.0771329999,0.4667914259,0.6117215742,0.5614033568,0.6870503069
2846,1.0,0.0,0.0,0.5235987902,1.0,1.0,0.503506701,0.466170674,0.0733487606,0.07279723883,0.4715909347,0.6165410357,0.5618373156,0.6893939828
2847,1.0,0.0,0.0,0.5235987902,1.0,1.0,0.5016210117,0.4571912078,0.07149595022,0.0698710084,0.4676806537,0.6136366478,0.5567373867,0.6937984595
2848,1.0,0.0,0.0,0.5235987902,1.0,1.0,0.505878652,0.457191627,0.07219910622,0.06976544857,0.4654028262,0.6179773797,0.5531914395,0.6937982178
2849,1.0,0.0,0.0,0.5235987902,1.0,1.0,0.5011500813,0.451705367,0.07191228867,0.0694514513,0.4661582217,0.6235743745,0.5516013959,0.6929133318
2850,1.0,0.0,0.0,0.5235987902,1.0,1.0,0.4987727371,0.4465590688,0.07265675068,0.06961786747,0.4573055209,0.6197724651,0.5425533216,0.694444492
2851,1.0,0.0,0.0,0.5235987902,1.0,1.0,0.5107615447,0.4479640707,0.07260650396,0.06851220131,0.4697406799,0.6127818345,0.5500000195,0.6932264643
2852,1.0,0.0,0.0,0.5235987902,1.0,1.0,0.5112976238,0.4386039965,0.0730060339,0.06722062826,0.4652509572,0.6037737235,0.5431654159,0.6967214205
2853,1.0,0.0,0.0,0.5235987902,1.0,1.0,0.5059734376,0.4356999308,0.07134193182,0.06645923853,0.4648700365,0.6197720982,0.5480428103,0.6979590153
2854,1.0,0.0,0.0,0.5235987902,1.0,1.0,0.5157156124,0.4350088054,0.07274371386,0.066180408,0.4742968205,0.6203007611,0.5539569388,0.6983472377
2855,1.0,0.0,0.0,0.5235987902,1.0,1.0,0.5127823628,0.4332114781,0.07237124443,0.06581687927,0.4675701121,0.6113204874,0.5467628327,0.6929463587
2856,1.0,0.0,0.0,0.5235987902,1.0,1.0,0.5201774489,0.4291081556,0.072291255,0.06416863203,0.4639376471,0.6029957637,0.547101728,0.7046418676
2857,1.0,0.0,0.0,0.5235987902,1.0,1.0,0.5237505539,0.4322405501,0.07580333948,0.06728613377,0.4681060549,0.6067414758,0.5510950806,0.7046410848
2858,1.0,0.0,0.0,0.5235987902,1.0,1.0,0.5251972624,0.4304165045,0.07282727957,0.06413143873,0.4666666953,0.611939871,0.5474455562,0.7033896651
2859,1.0,0.0,0.0,0.5235987902,1.0,1.0,0.5231454193,0.4291080322,0.07559704781,0.06685256958,0.4707031339,0.6082087316,0.5471016461,0.7088605563
2860,1.0,0.0,0.0,0.5235987902,1.0,1.0,0.5332990394,0.4231214537,0.07668572664,0.0658929348,0.4762845653,0.5925928805,0.5510947383,0.6939656264
2861,1.0,0.0,0.0,0.5235987902,1.0,1.0,0.5543623248,0.4140023577,0.07700288296,0.06265109777,0.4811133384,0.5806451613,0.5583939665,0.6872252312
2862,1.0,0.0,0.0,0.5235987902,1.0,1.0,0.5555749491,0.4231213689,0.07702791691,0.06359601021,0.4757665673,0.5836298299,0.5474455218,0.6982756682
2863,1.0,0.0,0.0,0.5235987902,1.0,1.0,0.5777238282,0.4170465839,0.07690578699,0.0608279109,0.4823766617,0.571429125,0.5551473954,0.6828185156
2864,1.0,0.0,0.0,0.5235987902,1.0,1.0,0.5786242093,0.4155189703,0.07757538557,0.06157207489,0.4919028671,0.5734264875,0.5604394411,0.6784139135
2865,1.0,0.0,0.0,0.5235987902,1.0,1.0,0.5912188924,0.415209307,0.082287848,0.06325531006,0.4869215462,0.5612247485,0.5624998288,0.6592917018
2866,1.0,0.0,0.0,0.5235987902,1.0,1.0,0.5913618379,0.419840133,0.07920348644,0.06130135059,0.5055724407,0.5547947267,0.5762082998,0.6504425037
2867,1.0,0.0,0.0,0.5235987902,1.0,1.0,0.6070229735,0.4198395621,0.08288031816,0.0630671382,0.5153373597,0.5521887435,0.5687733684,0.6415932089
2868,1.0,0.0,0.0,0.5235987902,1.0,1.0,0.6172716242,0.4240056514,0.08243310452,0.06196314096,0.515025877,0.5436240689,0.5719699272,0.6160706985
2869,1.0,0.0,0.0,0.5235987902,1.0,1.0,0.6153586965,0.4199175453,0.08272981644,0.06135332584,0.5123967217,0.5335567762,0.5665401752,0.610859601
2870,1.0,0.0,0.0,0.5235987902,1.0,1.0,0.6267333876,0.4256180591,0.085046947,0.06329077482,0.5208333745,0.5348834602,0.5741442489,0.620536181
2871,1.0,0.0,0.0,0.5235987902,1.0,1.0,0.6109409708,0.4296842029,0.08309370279,0.06329619884,0.5117949347,0.5402684636,0.568181809,0.6211450052
2872,1.0,0.0,0.0,0.5235987902,1.0,1.0,0.6427214386,0.4275174673,0.08739674091,0.06363832951,0.5192508084,0.5307439128,0.5741442735,0.6044448024
2873,1.0,0.0,0.0,0.5235987902,1.0,1.0,0.6420531841,0.4313179462,0.08591920137,0.06311863661,0.5010395334,0.5339805825,0.5627374335,0.6079295154
2874,1.0,0.0,0.0,0.5235987902,1.0,1.0,0.6599888601,0.436538088,0.08725821972,0.06335949898,0.5078864375,0.519107893,0.5593868567,0.5833333333
2875,1.0,0.0,0.0,0.5235987902,1.0,1.0,0.6586037332,0.4313181065,0.08906519413,0.06438791752,0.5152151039,0.5286622328,0.574144391,0.6035241842
2876,1.0,0.0,0.0,0.5235987902,1.0,1.0,0.6720017765,0.4514852966,0.08694046736,0.06479001045,0.5182012508,0.5254771808,0.5752894999,0.6068375597
2877,1.0,0.0,0.0,0.5235987902,1.0,1.0,0.671235127,0.4488060554,0.08609592915,0.06463986635,0.5233050262,0.5331233341,0.5773585062,0.6092439028
2878,1.0,0.0,0.0,0.5235987902,1.0,1.0,0.673330566,0.456184675,0.08974695206,0.06780254841,0.5100316798,0.5329155,0.5681817908,0.6182571483
2879,1.0,0.0,0.0,0.5235987902,1.0,1.0,0.6704853816,0.4677837614,0.08775687218,0.06828576326,0.5178197781,0.5375001019,0.5714283381,0.6265055929
2880,1.0,0.0,0.0,0.5235987902,1.0,1.0,0.6789054633,0.4620063248,0.08753544092,0.06639689207,0.5184017071,0.532507468,0.5773582871,0.6163265123
2881,1.0,0.0,0.0,0.5235987902,1.0,1.0,0.6832162629,0.4732204836,0.0883551836,0.0683863759,0.51957665,0.5417956844,0.571969886,0.6240001813
2882,1.0,0.0,0.0,0.5235987902,1.0,1.0,0.6902924345,0.4751134084,0.08952897787,0.06893181801,0.5063559376,0.5398772475,0.5606062473,0.6294812553
2883,1.0,0.0,0.0,0.5235987902,1.0,1.0,0.6811009851,0.4864707027,0.08646899462,0.06901407242,0.5195767782,0.5403723283,0.5719697781,0.6264587205
2884,1.0,0.0,0.0,0.5235987902,1.0,1.0,0.6832161851,0.4997212444,0.08891785145,0.07212537527,0.5259259556,0.5479878589,0.5877861271,0.6374048293
2885,1.0,0.0,0.0,0.5235987902,1.0,1.0,0.6924102826,0.5016282925,0.09015899897,0.07251316309,0.5211863447,0.5474003003,0.5801524798,0.6311783384
2886,1.0,0.0,0.0,0.5235987902,1.0,1.0,0.6929746527,0.5016286901,0.09042418003,0.07228440046,0.5110642728,0.5410338113,0.5763358258,0.634980882
2887,1.0,0.0,0.0,0.5235987902,1.0,1.0,0.6901409101,0.5016208187,0.09137713909,0.07354742289,0.5136842176,0.545731592,0.5779468654,0.6212123791
2888,1.0,0.0,0.0,0.5235987902,1.0,1.0,0.7120486053,0.5073795217,0.09191846848,0.07336866856,0.5107296539,0.5421687841,0.5670500627,0.6226414021
2889,1.0,0.0,0.0,0.5235987902,1.0,1.0,0.7051080766,0.5055543289,0.09200459719,0.07315349579,0.4994606332,0.5259937768,0.5447472789,0.5846158108
2890,1.0,0.0,0.0,0.5235987902,1.0,1.0,0.7091431954,0.5132268348,0.09202897549,0.07395678759,0.5026795705,0.5317223557,0.5482624876,0.6052632639
2891,1.0,0.0,0.0,0.5235987902,1.0,1.0,0.7248698148,0.5095195113,0.0917725563,0.07230567932,0.5076923566,0.5272724084,0.5568627467,0.5923074006
2892,1.0,0.0,0.0,0.5235987902,1.0,1.0,0.722248702,0.5095577529,0.09119981527,0.07223469019,0.5027625177,0.5198777318,0.5433070502,0.5868724817
2893,1.0,0.0,0.0,0.5235987902,1.0,1.0,0.724265291,0.5095970504,0.09242719412,0.07248091698,0.5000000584,0.5106382979,0.5454545074,0.5581392863
2894,1.0,0.0,0.0,0.5235987902,1.0,1.0,0.71637571,0.5250971159,0.09231740236,0.07548135519,0.5098039601,0.5258359703,0.5585934544,0.5985129113
2895,1.0,0.0,0.0,0.5235987902,1.0,1.0,0.7318317813,0.5211936523,0.09380543232,0.07476437092,0.5213114617,0.5164176506,0.5625002078,0.5917607535
2896,1.0,0.0,0.0,0.5235987902,1.0,1.0,0.7322001706,0.532776083,0.09264457226,0.07532519102,0.519565212,0.5281898556,0.5603110281,0.5912409683
2897,1.0,0.0,0.0,0.5235987902,1.0,1.0,0.7427547537,0.5287746544,0.09389567375,0.07539272308,0.514754178,0.5323530383,0.5620155792,0.6007328758
2898,1.0,0.0,0.0,0.5235987902,1.0,1.0,0.7422566166,0.5402387477,0.09385806322,0.07684284449,0.5179152688,0.5350881482,0.5675677148,0.6142851935
2899,1.0,0.0,0.0,0.5235987902,1.0,1.0,0.7305676595,0.5456724401,0.09335774183,0.0780262351,0.5262593019,0.5337241099,0.5708811686,0.6140353826
2900,1.0,0.0,0.0,0.5235987902,1.0,1.0,0.7345037804,0.5380136503,0.09548151493,0.07868123055,0.5237069581,0.5366567743,0.5747124797,0.6120993718
2901,1.0,0.0,0.0,0.5235987902,1.0,1.0,0.7512143267,0.5323952389,0.09542500973,0.07661664486,0.5228758653,0.53043475,0.5692309222,0.5956680105
2902,1.0,0.0,0.0,0.5235987902,1.0,1.0,0.733496127,0.5416822643,0.09519088268,0.07904738188,0.5300428295,0.5321639185,0.5763360501,0.6091547623
2903,1.0,0.0,0.0,0.5235987902,1.0,1.0,0.744125482,0.5405541961,0.09355121851,0.07626760006,0.5283842831,0.5219941779,0.5680933285,0.5899287098
2904,1.0,0.0,0.0,0.5235987902,1.0,1.0,0.7556221481,0.5465697857,0.09434813261,0.07679498196,0.5252746794,0.5319764559,0.5703122017,0.5999995343
2905,1.0,0.0,0.0,0.5235987902,1.0,1.0,0.7493058433,0.5447935016,0.0939566493,0.07682335377,0.5259094982,0.5323526594,0.5725490238,0.6079136802
2906,1.0,0.0,0.0,0.5235987902,1.0,1.0,0.7561567531,0.5580538719,0.09496003389,0.07899570465,0.5263156708,0.5449278637,0.5758753856,0.6202087332
2907,1.0,0.0,0.0,0.5235987902,1.0,1.0,0.7631696955,0.550873265,0.09558129311,0.07779872417,0.5183129854,0.5348836484,0.5669289328,0.6071430213
2908,1.0,0.0,0.0,0.5235987902,1.0,1.0,0.76524903,0.5602338491,0.09537541866,0.07865732908,0.5137513897,0.5344827371,0.5546873408,0.6062716582
2909,1.0,0.0,0.0,0.5235987902,1.0,1.0,0.7644082306,0.5485218055,0.09570854902,0.0772818923,0.5274725654,0.5287356537,0.5742189781,0.5943065384
2910,1.0,0.0,0.0,0.5235987902,1.0,1.0,0.7740452774,0.5463873804,0.09653133154,0.07706052065,0.5335533714,0.5198863619,0.5836574996,0.5907479613
2911,1.0,0.0,0.0,0.5235987902,1.0,1.0,0.7604450965,0.553954198,0.09647673368,0.07883524895,0.5304348041,0.5257143316,0.5775194367,0.5944054146
2912,1.0,0.0,0.0,0.5235987902,1.0,1.0,0.7686338772,0.5520173099,0.09751659632,0.07873153687,0.5294117302,0.5184134783,0.5736431727,0.582456151
2913,1.0,0.0,0.0,0.5235987902,1.0,1.0,0.7796752028,0.5524259588,0.09672409296,0.0775436759,0.5204419819,0.5184133708,0.5624998142,0.5830386167
2914,1.0,0.0,0.0,0.5235987902,1.0,1.0,0.7810208134,0.5483318749,0.09698045254,0.07725560665,0.5275937771,0.5141242313,0.5719844918,0.5815602399
2915,1.0,0.0,0.0,0.5235987902,1.0,1.0,0.7937728225,0.5526323139,0.09779673815,0.0772511363,0.5305895737,0.5098037065,0.5686274343,0.5709215398
2916,1.0,0.0,0.0,0.5235987902,1.0,1.0,0.7955649764,0.5545920512,0.09830886126,0.07749688625,0.5188470173,0.515320287,0.5568627878,0.5759716717
2917,1.0,0.0,0.0,0.5235987902,1.0,1.0,0.7836154538,0.5602339939,0.09816378355,0.07958477736,0.5348836905,0.5141242869,0.5624999607,0.5609757559
2918,1.0,0.0,0.0,0.5235987902,1.0,1.0,0.7946565379,0.5613304117,0.09888839722,0.07949852943,0.5300667933,0.523809696,0.5655577588,0.5818818022
2919,1.0,0.0,0.0,0.5235987902,1.0,1.0,0.7977709921,0.5624311241,0.098962605,0.07933592796,0.5406911654,0.5139663088,0.5764708169,0.5714285714
2920,1.0,0.0,0.0,0.5235987902,1.0,1.0,0.7892688503,0.553051065,0.0969144702,0.07687264681,0.5302014123,0.5099150961,0.573122772,0.5607140836
2921,1.0,0.0,0.0,0.5235987902,1.0,1.0,0.7704946893,0.5311993544,0.09632378817,0.07430690527,0.539647487,0.5114288278,0.5669290785,0.5555559121
2922,1.0,0.0,0.0,0.5235987902,1.0,1.0,0.7559741919,0.505670282,0.09263116121,0.06947338581,0.5194660826,0.5029409437,0.5436507592,0.5450981065
2923,1.0,0.0,0.0,0.5235987902,1.0,1.0,0.7146602767,0.4820835709,0.09026914835,0.06729155779,0.5081257619,0.4878785578,0.5294116391,0.5243900387
2924,1.0,0.0,0.0,0.5235987902,1.0,1.0,0.7047208035,0.4505358013,0.089427948,0.06320679188,0.525571371,0.4753084609,0.5433071301,0.5065501483
2925,1.0,0.0,0.0,0.5235987902,1.0,1.0,0.6361994943,0.4695492465,0.08290541172,0.06813019514,0.5567226982,0.5643565922,0.6113204323,0.634537875
2926,1.0,0.0,0.0,0.5235987902,1.0,1.0,0.5396598252,0.4800889231,0.07670587301,0.07449048758,0.5321637169,0.6317686305,0.60357129,0.702602055
2927,1.0,0.0,0.0,0.5235987902,1.0,1.0,0.5233848277,0.5136019905,0.0773396492,0.081179142,0.5041782643,0.6205670097,0.5972223951,0.6925673294
2928,1.0,0.0,0.0,0.5235987902,1.0,1.0,0.5073131581,0.5064741054,0.07640588284,0.08071041107,0.4870420502,0.6021126816,0.5777023565,0.6699997637
2929,1.0,0.0,0.0,0.5235987902,1.0,1.0,0.4832657074,0.496411425,0.07230937481,0.07775199413,0.4662045138,0.5806454272,0.5662250018,0.64999977
2930,1.0,0.0,0.0,0.5235987902,1.0,1.0,0.4669809044,0.4746513129,0.07192599773,0.0753762722,0.481034529,0.5793358515,0.5886288228,0.6478874019
2931,1.0,0.0,0.0,0.5235987902,1.0,1.0,0.442157171,0.4571215937,0.06885206699,0.07248950005,0.4724541234,0.5735846378,0.5770490509,0.6379928168
2932,1.0,0.0,0.0,0.5235987902,1.0,1.0,0.4252228759,0.4292684727,0.06655627489,0.06865257025,0.477386916,0.5826769679,0.5803280228,0.6374046166
2933,1.0,0.0,0.0,0.5235987902,1.0,1.0,0.4159429277,0.4139606838,0.06526052952,0.06631743908,0.4810446307,0.5829955521,0.5808580269,0.6175295833
2934,1.0,0.0,0.0,0.5235987902,1.0,1.0,0.3941461214,0.3912288701,0.06352335215,0.06352335215,0.4913007761,0.5882354597,0.5888158861,0.6134450549
2935,1.0,0.0,0.0,0.0,1.0,1.0,0.3873554312,0.388307501,0.06252354383,0.06252348423,0.4734259535,0.5822782517,0.5737705404,0.6033756923
2936,1.0,0.0,0.0,0.0,1.0,1.0,0.3819940492,0.3756177791,0.06229901314,0.06095635891,0.4728171542,0.5862070945,0.5662250391,0.6035242765
2937,1.0,0.0,0.0,0.0,1.0,1.0,0.3676107842,0.3681280963,0.06071257591,0.05989950895,0.4663382335,0.5937503682,0.5566665104,0.5882350014
2938,1.0,0.0,0.0,0.0,1.0,1.0,0.3629896738,0.3557618259,0.06017577648,0.05801701546,0.4690553966,0.5874441105,0.5629139484,0.5767441574
2939,1.0,0.0,0.0,0.0,1.0,1.0,0.3625586557,0.3632839941,0.06023615599,0.05890345573,0.4590690294,0.5973451284,0.5592105239,0.5791855387
2940,1.0,0.0,0.0,0.0,1.0,1.0,0.3515054402,0.34583313,0.05787789822,0.05574411154,0.4700162182,0.6082942854,0.5695367055,0.5837317198
2941,1.0,0.0,0.0,0.0,1.0,1.0,0.3529330025,0.3375165099,0.05873864889,0.05500072241,0.4686998665,0.6090904755,0.5704918896,0.5776697924
2942,1.0,0.0,0.0,0.0,1.0,1.0,0.3460226265,0.3358780613,0.05727547407,0.05461150408,0.4734300126,0.6186041962,0.5704918357,0.5804880658
2943,1.0,0.0,0.0,0.0,1.0,1.0,0.3417864114,0.3314983389,0.05631023645,0.05364155769,0.4764991068,0.6208531759,0.5775580123,0.5820895688
2944,1.0,0.0,0.0,0.0,1.0,1.0,0.3364136444,0.3237393099,0.05573147535,0.05275547504,0.4787581588,0.6262129433,0.5813953318,0.5794868318
2945,1.0,0.0,0.0,0.0,1.0,1.0,0.3363973823,0.3216028593,0.05617070198,0.05291450024,0.4764227909,0.6231881136,0.5907592947,0.579486752
2946,1.0,0.0,0.0,0.0,1.0,1.0,0.3298971079,0.3094299683,0.05453765392,0.05023914576,0.4764226901,0.6157630138,0.5860928635,0.5775401514
2947,1.0,0.0,0.0,0.0,1.0,1.0,0.3298811604,0.3143937801,0.05446487665,0.05122929811,0.5081699621,0.6237626796,0.6158940809,0.5789478583
2948,1.0,0.0,0.0,0.0,1.0,1.0,0.3304212335,0.3237393953,0.054243505,0.05236375332,0.5188215712,0.6287125503,0.6279070539,0.5794872729
2949,1.0,0.0,0.0,0.0,1.0,1.0,0.3171781953,0.3091919244,0.05131554604,0.04944467545,0.5223140143,0.6302088899,0.6287627537,0.5891887591
2950,1.0,0.0,0.0,0.0,1.0,1.0,0.3199535363,0.3098268173,0.05230689049,0.050149858,0.5231023787,0.6340209945,0.6366666298,0.5913986035
2951,1.0,0.0,0.0,0.0,1.0,1.0,0.3198879337,0.312534293,0.05228018761,0.05065482855,0.5290216599,0.6321239152,0.6354513734,0.5935833156
2952,1.0,0.0,0.0,0.0,1.0,1.0,0.3210125544,0.310458096,0.05227178335,0.05038577318,0.5314569242,0.6237110522,0.6378737481,0.5935826473
2953,1.0,0.0,0.0,0.0,1.0,1.0,0.3265502795,0.318758754,0.05374461412,0.05211597681,0.5231022684,0.626263052,0.6245846728,0.5885418037
2954,1.0,0.0,0.0,0.0,1.0,1.0,0.312637329,0.3041778084,0.05081927776,0.04919737577,0.5374376992,0.6276592001,0.6387960618,0.6098910219
2955,1.0,0.0,0.0,0.0,1.0,1.0,0.3160485509,0.3031641358,0.05166745186,0.04923290014,0.529801415,0.6282722453,0.6266665492,0.5989011987
2956,1.0,0.0,0.0,0.0,1.0,1.0,0.2034576696,0.1486623916,0.03098332882,0.02255803347,0.5410714705,0.5964922068,0.6164873172,0.6867471153
2957,1.0,0.0,0.0,0.0,1.0,1.0,0.1927091693,0.08582985303,0.02839320898,0.01252639294,0.504725958,0.3529417939,0.5458015423,0.2666660322
2958,1.0,0.0,0.0,0.0,1.0,1.0,0.149088011,0.08482354947,0.0225622654,0.01281315088,0.5248618197,0.5925919077,0.5904057439,0.7826105159
2959,1.0,0.0,0.0,0.0,1.0,1.0,0.24334248,0.2209291685,0.03789567947,0.03410607576,0.5234782316,0.5999993709,0.6035085809,0.6111114024
2960,1.0,0.0,0.0,0.0,1.0,1.0,0.280455587,0.2781953876,0.04396671057,0.04316735268,0.5153060924,0.612120563,0.6048111114,0.5987658583
2961,1.0,0.0,0.0,0.0,1.0,1.0,0.2993251338,0.3097586975,0.04696726799,0.0480287075,0.5228425441,0.6101703089,0.6130138263,0.5856354277
2962,1.0,0.0,0.0,0.0,1.0,1.0,0.3101134676,0.3274622457,0.04897552729,0.05110490322,0.5261382594,0.6249992394,0.6143345844,0.5937499271
2963,1.0,0.0,0.0,0.0,1.0,1.0,0.3112739176,0.3285834347,0.04924196005,0.05110514164,0.5235690307,0.6270270401,0.6198631174,0.5885418975
2964,1.0,0.0,0.0,0.0,1.0,1.0,0.3099962849,0.3297126678,0.04920089245,0.05162060261,0.5237288529,0.6284153932,0.61855665,0.588542232
2965,1.0,0.0,0.0,0.0,1.0,1.0,0.3042519002,0.3216195218,0.04810714722,0.04998838902,0.5221088084,0.6201121541,0.6193771825,0.5913975289
2966,1.0,0.0,0.0,0.0,1.0,1.0,0.3001734806,0.3164322408,0.04734104872,0.04922395945,0.5153582902,0.642046406,0.6124568031,0.6065574366
2967,1.0,0.0,0.0,0.0,1.0,1.0,0.2974528252,0.3125402638,0.04712891579,0.04901409149,0.5238095865,0.6342861696,0.6151203781,0.6208787333
2968,1.0,0.0,0.0,0.0,1.0,1.0,0.2952509846,0.3153413088,0.04686999321,0.04929435253,0.5144311396,0.6379312976,0.6137930509,0.62295078
2969,1.0,0.0,0.0,0.0,1.0,1.0,0.2908694745,0.3125403049,0.04591888189,0.04858863354,0.5262266503,0.6395349894,0.6254295032,0.626374233
2970,1.0,0.0,0.0,0.0,1.0,1.0,0.2891786329,0.305671158,0.04544711113,0.0473074913,0.519458542,0.6374272764,0.6185565263,0.6292132425
2971,1.0,0.0,0.0,0.0,1.0,1.0,0.3016865965,0.3166042214,0.04781728983,0.04942011833,0.5143338466,0.6312853619,0.6164383457,0.6216211653
2972,1.0,0.0,0.0,0.0,1.0,1.0,0.3040317539,0.3189343059,0.04816871881,0.04976546764,0.5159664384,0.6298338029,0.6177476124,0.6256686221
2973,1.0,0.0,0.0,0.0,1.0,1.0,0.2981386738,0.3164323563,0.04729992151,0.04918116331,0.5084745556,0.6306824554,0.6089966141,0.6338800397
2974,1.0,0.0,0.0,0.0,1.0,1.0,0.2947504531,0.3095158007,0.04696983099,0.04831957817,0.5084745763,0.6206900052,0.6089966627,0.6424578249
2975,1.0,0.0,0.0,0.0,1.0,1.0,0.3077811194,0.325077897,0.04878056049,0.0503886342,0.5042300997,0.6153846154,0.6124568312,0.6436163103
2976,1.0,0.0,0.0,0.0,1.0,1.0,0.3054322324,0.3267407432,0.04852962494,0.05041688681,0.512733455,0.611111384,0.618881204,0.6470588931
2977,1.0,0.0,0.0,0.0,1.0,1.0,0.3144500207,0.3308259267,0.05022895336,0.05158656836,0.5102041159,0.5999997627,0.6167245642,0.642105701
2978,1.0,0.0,0.0,0.0,1.0,1.0,0.3104068462,0.3226266008,0.04933416843,0.04987627268,0.5153583771,0.5934069519,0.6210526884,0.6467384095
2979,1.0,0.0,0.0,0.0,1.0,1.0,0.3087011202,0.3173668538,0.04890233278,0.04890239239,0.5119454272,0.6022097764,0.617543709,0.6574582605
2980,1.0,0.0,0.0,0.0,1.0,1.0,0.3081755414,0.3191201218,0.04911154509,0.04938286543,0.5178874535,0.5966854986,0.6210525829,0.6538460146
2981,1.0,0.0,0.0,0.0,1.0,1.0,0.308302433,0.3261336015,0.04965204,0.05074328184,0.5152542574,0.6043962772,0.6175438395,0.6451615177
2982,1.0,0.0,0.0,0.0,1.0,1.0,0.3286301215,0.3401609386,0.0531437397,0.0531437397,0.5203389195,0.5979380981,0.6245614477,0.6391750149
2983,1.0,0.0,0.0,0.0,1.0,1.0,0.3240042331,0.3360796254,0.05196326971,0.05251312256,0.5265866442,0.5978832277,0.6338025859,0.6282723286
2984,1.0,0.0,0.0,0.0,1.0,1.0,0.3257565413,0.3401608772,0.05282330513,0.05365300179,0.5273036705,0.6020944949,0.6385965456,0.6288665864
2985,1.0,0.0,0.0,0.0,1.0,1.0,0.3143544091,0.3395988732,0.05096656084,0.0534594655,0.5059828573,0.5978256929,0.6197182192,0.6217620451
2986,1.0,0.0,0.0,0.0,1.0,1.0,0.3190788047,0.3477076876,0.05216550827,0.05492550135,0.4374999772,0.5978836644,0.5524476211,0.6130654793
2987,1.0,0.0,0.0,0.0,1.0,1.0,0.3035846648,0.3313937787,0.04925167561,0.05229532719,0.4197950607,0.5955045709,0.5368422842,0.6190478361
2988,1.0,0.0,0.0,0.0,1.0,1.0,0.305289993,0.3366173246,0.04953998327,0.05369138718,0.4249147971,0.5977647649,0.5520834735,0.6237111342
2989,1.0,0.0,0.0,0.0,1.0,1.0,0.3058121681,0.3383527838,0.04942774773,0.05384588242,0.4188034692,0.5921785688,0.541666932,0.6102565465
2990,1.0,0.0,0.0,0.0,1.0,1.0,0.2934603886,0.32634823,0.04753625393,0.05215400457,0.4211409331,0.5885714071,0.5408163265,0.6093744107
2991,1.0,0.0,0.0,0.0,1.0,1.0,0.2974529003,0.3342958418,0.04765045643,0.05282390118,0.4132653526,0.6000010007,0.5344826351,0.6030930743
2992,1.0,0.0,0.0,0.0,1.0,1.0,0.3003417198,0.3337177322,0.04811245203,0.05300521851,0.4210526414,0.5932211999,0.5479450924,0.6051277438
2993,1.0,0.0,0.0,0.0,1.0,1.0,0.3063360717,0.3360192891,0.04901373386,0.05339479446,0.4280821911,0.5977655737,0.5586207776,0.6102570171
2994,1.0,0.0,0.0,0.0,1.0,1.0,0.2986243135,0.3331472287,0.04758930206,0.05281585455,0.4507771594,0.5953763452,0.5763889985,0.5989585861
2995,1.0,0.0,0.0,0.0,1.0,1.0,0.3005314026,0.3296770558,0.04719769955,0.05213701725,0.4825174931,0.6046503992,0.6006946211,0.6052629774
2996,1.0,0.0,0.0,0.0,1.0,1.0,0.3007015501,0.322234096,0.04705560207,0.05086362362,0.4817390718,0.5953763449,0.6,0.6042784321
2997,1.0,0.0,0.0,0.0,1.0,1.0,0.3012251969,0.3239571532,0.04730266333,0.05140411854,0.4825783602,0.5953752928,0.6000001503,0.6010646809
2998,1.0,0.0,0.0,0.0,1.0,1.0,0.3126550353,0.3314122467,0.04937332869,0.05297923088,0.4850615008,0.6011236837,0.6041665346,0.617801324
2999,1.0,0.0,0.0,0.0,1.0,1.0,0.3143119746,0.3302350912,0.04976570606,0.05284112692,0.4787986328,0.5955062101,0.6013984555,0.6137568286
3000,1.0,0.0,0.0,0.0,1.0,1.0,0.3188185174,0.327281938,0.04923337698,0.05144608021,0.4892472921,0.5955055636,0.6056336106,0.6129029268
3001,1.0,0.0,0.0,0.0,1.0,1.0,0.3253997633,0.3237631399,0.05103266239,0.05159348249,0.4919498157,0.5879119724,0.5950704383,0.6195657322
3002,1.0,0.0,0.0,0.0,1.0,1.0,0.2842615683,0.2962634071,0.04442340136,0.0469700098,0.5018115787,0.5859874064,0.5964284895,0.6084342395
3003,1.0,0.0,0.0,0.0,1.0,1.0,0.2327719335,0.2562670196,0.03555524349,0.03950583935,0.5194085547,0.6111114836,0.5970695461,0.6071427494
3004,1.0,0.0,0.0,0.0,1.0,1.0,0.2792034131,0.2878248486,0.04357111454,0.0452362299,0.516014239,0.5859874528,0.6148410671,0.6319014201
3005,1.0,0.0,0.0,0.0,1.0,1.0,0.3065877534,0.3157957814,0.048420012,0.04978781939,0.4974004202,0.5932199426,0.6006944248,0.6208791801
3006,1.0,0.0,0.0,0.0,1.0,1.0,0.331982316,0.3343205782,0.05544680357,0.05544686317,0.5,0.6052633559,0.6232393923,0.6315794566
3007,1.0,0.0,0.0,0.0,1.0,1.0,0.3502632502,0.3691965517,0.05988097191,0.06207549572,0.4917430385,0.5549741399,0.6380597306,0.6060603733
3008,1.0,0.0,0.0,0.0,1.0,1.0,0.2874582918,0.3204318119,0.04488146305,0.04993438721,0.5466666005,0.6556297195,0.6259539211,0.5833329354
3009,1.0,0.0,0.0,0.0,1.0,1.0,0.4238264225,0.3686465665,0.06805241108,0.05697411299,0.5305719511,0.6511627092,0.5655736472,0.5833332462
3010,1.0,0.0,0.0,0.0,1.0,1.0,0.3663368596,0.3498048406,0.06291770935,0.06098181009,0.5432330291,0.5999996211,0.6074074429,0.6243386554
3011,1.0,0.0,0.0,0.0,1.0,1.0,0.2406388992,0.2991030173,0.04285138845,0.05129653215,0.5834797173,0.5766413002,0.631386992,0.5548777441
3012,1.0,0.0,0.0,0.0,1.0,1.0,0.3357051646,0.3424380844,0.05476945639,0.05383050442,0.5259116586,0.5885715094,0.6135456128,0.6046509568
3013,1.0,0.0,0.0,0.0,1.0,1.0,0.1862077439,0.2111225731,0.02944809198,0.03275352716,0.5931558835,0.6224484219,0.6317828966,0.5871562638
3014,1.0,0.0,0.0,0.0,1.0,1.0,0.1344702812,0.2259272748,0.02154129744,0.03434962034,0.5218181243,0.5675686145,0.5632184809,0.4830510974
3015,1.0,0.0,0.0,0.0,1.0,1.0,0.09699949178,0.2361962186,0.01591545343,0.03438878059,0.552859541,0.3928551366,0.6015624744,0.4132226821
3016,1.0,0.0,0.0,0.0,1.0,1.0,0.08760747965,0.2678506866,0.01378971338,0.03771072626,0.5348837782,0.1428596128,0.5880000813,0.3731343284
3017,1.0,0.0,0.0,0.0,1.0,1.0,0.1593314626,0.2245707972,0.02724725008,0.03436863422,0.565217361,0.3977288885,0.5991901415,0.4864865334
3018,1.0,0.0,0.0,0.0,1.0,1.0,0.2579756741,0.3226541987,0.04489403963,0.04875904322,0.4529914354,0.5562913819,0.56692905,0.5975605135
3019,1.0,0.0,0.0,0.0,1.0,1.0,0.3563518181,0.3903484263,0.06205707788,0.05974799395,0.4577114909,0.5813954829,0.5396228546,0.5942029419
3020,1.0,0.0,0.0,0.0,1.0,1.0,0.3380465864,0.4024469254,0.0591698885,0.06031322479,0.4558822841,0.5845416468,0.5496184087,0.6018956643
3021,1.0,0.0,0.0,0.0,1.0,1.0,0.3641894296,0.4151530403,0.06365859509,0.06278657913,0.4708818085,0.5753426453,0.5615386828,0.5925920652
3022,1.0,0.0,0.0,0.0,1.0,1.0,0.3850307248,0.4313179232,0.06732183695,0.06503003836,0.4934425604,0.5787238827,0.577946717,0.590308362
3023,1.0,0.0,0.0,0.0,1.0,1.0,0.4208178265,0.4519533384,0.07282549143,0.06786006689,0.4577352088,0.5643942711,0.5441178339,0.5975610077
3024,1.0,0.0,0.0,0.0,1.0,1.0,0.409233148,0.4469202389,0.07059437037,0.06665682793,0.4257748638,0.5697206211,0.5283018793,0.5864979129
3025,1.0,0.0,0.0,0.0,1.0,1.0,0.4068081505,0.4379578676,0.06888204813,0.06633085012,0.4489111497,0.572017109,0.5430711876,0.5940169673
3026,1.0,0.0,0.0,0.0,1.0,1.0,0.4050894553,0.4323426696,0.06951624155,0.06581246853,0.4867109052,0.5819672483,0.580524434,0.6190481366
3027,1.0,0.0,0.0,0.0,1.0,1.0,0.4238555157,0.4413595459,0.07028669119,0.06618440151,0.4801980723,0.5758754765,0.5547443399,0.5950413819
3028,1.0,0.0,0.0,0.0,1.0,1.0,0.4187515697,0.4411452893,0.07150262594,0.06731295586,0.4762682776,0.5703121418,0.5494507383,0.5975105461
3029,1.0,0.0,0.0,0.0,1.0,1.0,0.4036516253,0.4260212012,0.06884282827,0.06526303291,0.4620354825,0.5800001905,0.5467627187,0.5991559293
3030,1.0,0.0,0.0,0.0,1.0,1.0,0.3681306133,0.4070452019,0.06187433004,0.06078875065,0.4733441234,0.5833332531,0.5563634114,0.6026791755
3031,1.0,0.0,0.0,0.0,1.0,1.0,0.3796579986,0.4103547373,0.06490767002,0.06241124868,0.4626622743,0.5811969108,0.5401461713,0.6088892327
3032,1.0,0.0,0.0,0.0,1.0,1.0,0.3745859828,0.4100274059,0.06128227711,0.05994427204,0.4680851064,0.5807861918,0.5567764941,0.5982143745
3033,1.0,0.0,0.0,0.0,1.0,1.0,0.3646385458,0.3927698685,0.0616260767,0.0596653223,0.4726367852,0.5909089151,0.5498153505,0.6103286854
3034,1.0,0.0,0.0,0.0,1.0,1.0,0.3788207637,0.4091918996,0.06669586897,0.06414157152,0.4677418481,0.578722773,0.5507245826,0.6061943079
3035,1.0,0.0,0.0,0.0,1.0,1.0,0.3786503324,0.4070451682,0.06515794992,0.06264108419,0.4601625659,0.5836910853,0.5418181227,0.6205360329
3036,1.0,0.0,0.0,0.0,1.0,1.0,0.3612244876,0.3925077666,0.06036311388,0.05846828222,0.4748784504,0.5874437779,0.5563636087,0.6157411042
3037,1.0,0.0,0.0,0.0,1.0,1.0,0.3609094695,0.3856542729,0.06049263477,0.05830287933,0.4722222914,0.588235468,0.5543480532,0.6244131839
3038,1.0,0.0,0.0,0.0,1.0,1.0,0.356236479,0.3834221188,0.05916970968,0.05780005455,0.47029694,0.5879633687,0.5563638707,0.6066354963
3039,1.0,0.0,0.0,0.0,1.0,1.0,0.3560106614,0.3856543338,0.05912107229,0.05776506662,0.4754900729,0.5871555933,0.5543476877,0.619718368
3040,1.0,0.0,0.0,0.0,1.0,1.0,0.3522622316,0.3806540914,0.06016212702,0.059042871,0.4737704406,0.5860457144,0.5559565261,0.6161138733
3041,1.0,0.0,0.0,0.0,1.0,1.0,0.3561231829,0.3878700837,0.05948096514,0.05893272161,0.4614120632,0.580644838,0.5415161081,0.6139530932
3042,1.0,0.0,0.0,0.0,1.0,1.0,0.3640349781,0.3878701406,0.06121349335,0.05982232094,0.4586093082,0.5863638665,0.5342958991,0.6279068841
3043,1.0,0.0,0.0,0.0,1.0,1.0,0.358566091,0.3900699849,0.06038999557,0.0592969656,0.4675324905,0.5837100366,0.5467624997,0.6175115949
3044,1.0,0.0,0.0,0.0,1.0,1.0,0.3198213948,0.3551128651,0.0518502593,0.05239033699,0.4649999173,0.5885414811,0.5457875991,0.628865346
3045,1.0,0.0,0.0,0.0,1.0,1.0,0.2468188631,0.2937288855,0.03858667612,0.04184746742,0.5965216519,0.4859162435,0.5992368983,0.5649352499
3046,1.0,0.0,0.0,0.0,1.0,1.0,0.1609588546,0.2773874624,0.02453488111,0.03737288713,0.5599250863,0.255814123,0.5169492613,0.3358782035
3047,1.0,0.0,0.0,0.0,1.0,1.0,0.1623182409,0.2985620026,0.02571976185,0.04074698687,0.567518183,0.2247199344,0.5211865073,0.3049643004
3048,1.0,0.0,0.0,0.0,1.0,1.0,0.1595600734,0.2913354825,0.02622747421,0.04150283337,0.5245613924,0.3076923077,0.5020240289,0.3472229004
3049,1.0,0.0,0.0,0.0,1.0,1.0,0.1078009169,0.2776227294,0.01699060202,0.03743690252,0.4424131779,0.4406763607,0.4615386655,0.407691928
3050,1.0,0.0,0.0,0.0,1.0,1.0,0.13288477,0.2365933964,0.02044278383,0.03080809116,0.5168539631,0.3380266085,0.5088496973,0.3831765575
3051,1.0,0.0,0.0,0.0,1.0,1.0,0.1899309701,0.241600819,0.02897518873,0.03291356564,0.546125529,0.5242726635,0.5661158218,0.6153843368
3052,1.0,0.0,0.0,0.0,1.0,1.0,0.3001568949,0.3240943632,0.0498482585,0.04823160172,0.4399351532,0.58918948,0.5108694041,0.6201124084
3053,1.0,0.0,0.0,0.0,1.0,1.0,0.3521842309,0.3708173292,0.06058847904,0.05731338263,0.425396716,0.5855863123,0.5088338964,0.6238098754
3054,1.0,0.0,0.0,0.0,1.0,1.0,0.341541553,0.3629553045,0.05874335766,0.05603629351,0.4267716006,0.6082948607,0.5263157488,0.6376810515
3055,1.0,0.0,0.0,0.0,1.0,1.0,0.3485709681,0.363278308,0.05994176865,0.05649375916,0.4382715226,0.610619337,0.5221842048,0.6384985145
3056,1.0,0.0,0.0,0.0,1.0,1.0,0.2718609263,0.3085998643,0.04583466053,0.04662948847,0.4449685508,0.6069367394,0.5157894944,0.613635463
3057,1.0,0.0,0.0,0.0,1.0,1.0,0.06674654178,0.303043658,0.01048952341,0.04168206453,0.4639720005,0.1842088814,0.4859439474,0.3841063107
3058,1.0,0.0,0.0,0.0,1.0,1.0,0.08271211196,0.2383285535,0.01296150684,0.03348404169,0.4879310181,0.5624994252,0.5423075618,0.49999911
3059,1.0,0.0,0.0,0.0,1.0,1.0,0.224668133,0.2707578476,0.03672724962,0.04023790359,0.5074380316,0.6249997971,0.5854546869,0.6241600995
3060,1.0,0.0,0.0,0.0,1.0,1.0,0.3050245307,0.3208735178,0.05064272881,0.04929584265,0.5016234104,0.6117020776,0.582455928,0.6338805413
3061,1.0,0.0,0.0,0.0,1.0,1.0,0.3251001855,0.3337234929,0.05407184362,0.05166268349,0.4863125001,0.6089111803,0.581315156,0.6424864668
3062,1.0,0.0,0.0,0.0,1.0,1.0,0.3358516305,0.3314299329,0.05620312691,0.05240190029,0.4902597784,0.6038643296,0.5876286134,0.642487471
3063,1.0,0.0,0.0,0.0,1.0,1.0,0.3423863661,0.3470284068,0.05816477537,0.05539500713,0.4959217977,0.6047622415,0.5937499533,0.6350005488
3064,1.0,0.0,0.0,0.0,1.0,1.0,0.3484144286,0.3348825096,0.0596331954,0.05403381586,0.5106382682,0.619718155,0.6111110701,0.6476690968
3065,1.0,0.0,0.0,0.0,1.0,1.0,0.3772730036,0.3664619593,0.06575220823,0.06027281284,0.4718542521,0.5921048934,0.5894735278,0.6124405415
3066,1.0,0.0,0.0,0.0,1.0,1.0,0.252063875,0.2626269622,0.04668587446,0.0470123291,0.5097001239,0.6433567951,0.6423358515,0.6180559782
3067,0.0,0.0,0.0,0.0,0.0,0.0,0.0,0.0,0.0,0.0,0.0,0.0,0.0,0.0
3068,0.0,0.0,0.0,0.0,0.0,0.0,0.0,0.0,0.0,0.0,0.0,0.0,0.0,0.0
3069,0.0,0.0,0.0,0.0,0.0,0.0,0.0,0.0,0.0,0.0,0.0,0.0,0.0,0.0
3070,0.0,0.0,0.0,0.0,0.0,0.0,0.0,0.0,0.0,0.0,0.0,0.0,0.0,0.0
3071,1.0,0.0,0.0,0.0,1.0,1.0,0.3482144882,0.3442131816,0.06932705641,0.0656606555,0.5041876286,0.5673076179,0.6293706534,0.6142131058
3072,1.0,0.0,0.0,0.0,1.0,1.0,0.3465664485,0.3475502901,0.06761145592,0.06317234039,0.5288966411,0.6161617586,0.65037593,0.61081128
3073,1.0,0.0,0.0,0.0,1.0,1.0,0.3253217032,0.3153412114,0.05318182707,0.05016636848,0.5083892001,0.6134012819,0.6,0.6448092561
3074,1.0,0.0,0.0,0.0,1.0,1.0,0.3200184076,0.3234492968,0.05272352695,0.05110120773,0.5008211164,0.6102566943,0.5993150995,0.6507938545
3075,1.0,0.0,0.0,0.0,1.0,1.0,0.3201465444,0.3246489572,0.05330985785,0.05168622732,0.4910569077,0.6091362726,0.5918368187,0.6544500323
3076,1.0,0.0,0.0,0.0,1.0,1.0,0.2123604615,0.2330856174,0.03388053179,0.03549391031,0.5092749227,0.611110427,0.5865724548,0.6590902603
3077,1.0,0.0,0.0,0.0,1.0,1.0,0.04576178066,0.1678752053,0.006833791733,0.02350836992,0.5054944112,0.2399958134,0.5234375333,0.3255815722
3078,1.0,0.0,0.0,0.0,1.0,1.0,0.07914526076,0.2212202172,0.0119317174,0.0310780406,0.4990791868,0.2558134888,0.5098812401,0.2678561497
3079,1.0,0.0,0.0,0.0,1.0,1.0,0.1038382173,0.254918457,0.0155159235,0.03491079807,0.4879407751,0.3392864003,0.4939269793,0.3174613202
3080,1.0,0.0,0.0,0.0,1.0,1.0,0.1044193428,0.2651583861,0.01554602385,0.03608900309,0.488806065,0.3571442265,0.4979594375,0.3307694976
3081,1.0,0.0,0.0,0.0,1.0,1.0,0.1118779334,0.2814753268,0.01666289568,0.0383245945,0.4888058835,0.3500001789,0.4979589121,0.304346947
3082,1.0,0.0,0.0,0.0,1.0,1.0,0.1058888397,0.2773962004,0.01580792665,0.03771716356,0.4739776558,0.3157876876,0.4816327032,0.2941185767
3083,1.0,0.0,0.0,0.0,1.0,1.0,0.0940434577,0.2744371444,0.01407557726,0.03698289394,0.4797047067,0.254902625,0.4877047984,0.2835818009
3084,1.0,0.0,0.0,0.0,1.0,1.0,0.08010115058,0.2639655375,0.01220238209,0.03632974625,0.4808743351,0.2045456766,0.4838707023,0.2748083713
3085,1.0,0.0,0.0,0.0,1.0,1.0,0.08479017536,0.2696905611,0.01302361488,0.03768533468,0.4891696558,0.1489382151,0.4960317731,0.2794125788
3086,1.0,0.0,0.0,0.0,1.0,1.0,0.07482449803,0.2743569354,0.01163560152,0.03878539801,0.4545456113,0.1904739951,0.4862743742,0.3642861424
3087,1.0,0.0,0.0,0.0,1.0,1.0,0.185782746,0.2295013081,0.02982801199,0.03424692154,0.4629949004,0.6666653345,0.5296295261,0.5967753164
3088,1.0,0.0,0.0,0.0,1.0,1.0,0.3040320431,0.3034667592,0.04970431328,0.04585975409,0.4537815877,0.6464096414,0.527272799,0.6227549035
3089,1.0,0.0,0.0,0.0,1.0,1.0,0.3749972841,0.3337356325,0.06120914221,0.05096262693,0.452892591,0.6475778518,0.5406361817,0.619048176
3090,1.0,0.0,0.0,0.0,1.0,1.0,0.4078365778,0.3661147558,0.06891620159,0.05747556686,0.4451612744,0.640316479,0.5312498695,0.616113577
3091,1.0,0.0,0.0,0.0,1.0,1.0,0.4258071985,0.3817313021,0.07146573067,0.05933004618,0.4389067621,0.6490563772,0.5277777245,0.6181819643
3092,1.0,0.0,0.0,0.0,1.0,1.0,0.4184458716,0.374790896,0.07027751207,0.05838441849,0.4363928638,0.6576920108,0.5277777353,0.6157404383
3093,1.0,0.0,0.0,0.0,1.0,1.0,0.4368528183,0.3844005257,0.07333832979,0.05953663588,0.4306450221,0.6605164282,0.5279718759,0.6136361589
3094,1.0,0.0,0.0,0.0,1.0,1.0,0.4475831177,0.390406753,0.07485473156,0.06036669016,0.4317817037,0.6630818551,0.5277777671,0.6133335308
3095,1.0,0.0,0.0,0.0,1.0,1.0,0.4515163478,0.3966317788,0.07502216101,0.06060510874,0.4324758384,0.672597828,0.5279719639,0.6123349577
3096,1.0,0.0,0.0,0.0,1.0,1.0,0.4688939119,0.4064627823,0.07811850309,0.06244069338,0.4383117743,0.660899382,0.5281690879,0.6017319902
3097,1.0,0.0,0.0,0.0,1.0,1.0,0.4761570615,0.4161375341,0.07850521803,0.06269693375,0.4341463185,0.6757677289,0.5266904351,0.6111115336
3098,1.0,0.0,0.0,0.0,1.0,1.0,0.4826573639,0.4247627484,0.07946413755,0.06367832422,0.4308942825,0.6734006557,0.5214286822,0.6176469212
3099,1.0,0.0,0.0,0.0,1.0,1.0,0.4818739152,0.4280761096,0.08005410433,0.06442058086,0.4269480709,0.6700335422,0.5197134008,0.6150631293
3100,1.0,0.0,0.0,0.0,1.0,1.0,0.4762331103,0.431658641,0.07888126373,0.06466120481,0.4213937633,0.6734695574,0.5161289809,0.6058091784
3101,1.0,0.0,0.0,0.0,1.0,1.0,0.4778531808,0.4301168948,0.07877635956,0.06435626745,0.432739166,0.6779656913,0.5249998805,0.6058094745
3102,1.0,0.0,0.0,0.0,1.0,1.0,0.4770065972,0.433449732,0.07884609699,0.06490051746,0.4285715058,0.6700679912,0.5197133344,0.6074381228
3103,1.0,0.0,0.0,0.0,1.0,1.0,0.4697538665,0.4301167237,0.07815986872,0.06495350599,0.4294975143,0.6655171756,0.5214286927,0.6099588984
3104,1.0,0.0,0.0,0.0,1.0,1.0,0.4681342028,0.4285861453,0.07790964842,0.06496959925,0.4327390629,0.6678198495,0.5266902767,0.6099591838
3105,1.0,0.0,0.0,0.0,1.0,1.0,0.4641418569,0.4232512633,0.07776480913,0.06448793411,0.4352750472,0.6724737234,0.5266902717,0.6092438684
3106,1.0,0.0,0.0,0.0,1.0,1.0,0.4567513104,0.4250292541,0.07682341337,0.06397485733,0.4028662418,0.6759581746,0.4911033804,0.6150626095
3107,1.0,0.0,0.0,0.0,1.0,1.0,0.4475351698,0.4205399737,0.07517641783,0.06348818541,0.3781645236,0.6749116552,0.4647889493,0.610878229
3108,1.0,0.0,0.0,0.0,1.0,1.0,0.4388575728,0.4220259344,0.07362610102,0.06422132254,0.3766025835,0.6751824138,0.466431184,0.6108784126
3109,1.0,0.0,0.0,0.0,1.0,1.0,0.4278712209,0.4140546046,0.0711299777,0.06227225065,0.3796445805,0.6679241773,0.4714286847,0.6120688582
3110,1.0,0.0,0.0,0.0,1.0,1.0,0.4062245781,0.3976651681,0.06716191769,0.0602325201,0.3854839759,0.6666672583,0.4823943163,0.6150441252
3111,1.0,0.0,0.0,0.0,1.0,1.0,0.4055243844,0.3959726966,0.06639862061,0.05986332893,0.3865815005,0.66535426,0.4844288352,0.6200868232
3112,1.0,0.0,0.0,0.0,1.0,1.0,0.4010705394,0.3959054519,0.06550425291,0.05942922831,0.3948218943,0.657258237,0.4894366393,0.6088889602
3113,1.0,0.0,0.0,0.0,1.0,1.0,0.3981381834,0.3920068941,0.06567806005,0.06000214815,0.3983605767,0.6502062356,0.4946997416,0.6036035678
3114,1.0,0.0,0.0,0.0,1.0,1.0,0.4054025421,0.3955391022,0.06614387035,0.06047445536,0.4056290423,0.6612250047,0.4982333946,0.6116068217
3115,1.0,0.0,0.0,0.0,1.0,1.0,0.402093255,0.3898534274,0.06514281034,0.05897706747,0.3990066825,0.6625519825,0.4893617524,0.6090911204
3116,1.0,0.0,0.0,0.0,1.0,1.0,0.3928725426,0.3906271517,0.06443589926,0.0598526597,0.3996709633,0.6736401016,0.5035209158,0.6126129176
3117,1.0,0.0,0.0,0.0,1.0,1.0,0.3902266018,0.3831786053,0.06463032961,0.0591763854,0.4052718453,0.6708859125,0.5017668867,0.6082945967
3118,1.0,0.0,0.0,0.0,1.0,1.0,0.3968130249,0.392007235,0.06481724977,0.05970716476,0.3986820494,0.6639008766,0.4946995747,0.6081080541
3119,1.0,0.0,0.0,0.0,1.0,1.0,0.3925794328,0.3875029987,0.0644069314,0.05930805206,0.4026187245,0.6708336071,0.5017544311,0.6063351236
3120,1.0,0.0,0.0,0.0,1.0,1.0,0.4007661466,0.3902415043,0.06450891495,0.05866861343,0.4009901769,0.6748965148,0.4982333402,0.6108599446
3121,1.0,0.0,0.0,0.0,1.0,1.0,0.4007583239,0.3878954392,0.06499040127,0.05888926983,0.4058920432,0.6734687139,0.5104894913,0.6081085184
3122,1.0,0.0,0.0,0.0,1.0,1.0,0.4001060864,0.3898531752,0.06456243992,0.05845159292,0.4003295623,0.6748973853,0.4964537118,0.6090908627
3123,1.0,0.0,0.0,0.0,1.0,1.0,0.4066922693,0.3884753241,0.06582844257,0.05863255262,0.3986821014,0.6842110505,0.4946998322,0.6045455331
3124,1.0,0.0,0.0,0.0,1.0,1.0,0.4136761873,0.400498791,0.06757366657,0.06000548601,0.3990066573,0.6760001341,0.4873647301,0.6036037647
3125,1.0,0.0,0.0,0.0,1.0,1.0,0.4187511702,0.3965758129,0.06898778677,0.06009489298,0.4026186804,0.6757814559,0.4982205272,0.6053807434
3126,1.0,0.0,0.0,0.0,1.0,1.0,0.4085667228,0.3912403955,0.06717884541,0.05888181925,0.3941367818,0.6892431198,0.487544243,0.6045453211
3127,1.0,0.0,0.0,0.0,1.0,1.0,0.4107736967,0.3983541706,0.06730318069,0.05935400724,0.3818770062,0.6968507563,0.4804272228,0.6116078108
3128,1.0,0.0,0.0,0.0,1.0,1.0,0.4248442373,0.4047921803,0.06972724199,0.06037688255,0.390879331,0.6896546418,0.4874552931,0.6150444837
3129,1.0,0.0,0.0,0.0,1.0,1.0,0.4168444006,0.4023020139,0.06768286228,0.05942231417,0.3957307157,0.6889769535,0.487364669,0.6143502976
3130,1.0,0.0,0.0,0.0,1.0,1.0,0.4250875027,0.4155386322,0.07046419382,0.06239575148,0.3944804459,0.6832057033,0.4946235023,0.6120696161
3131,1.0,0.0,0.0,0.0,1.0,1.0,0.4283324196,0.4137475513,0.07006537914,0.06130719185,0.3944805517,0.6818176405,0.4946234267,0.610389825
3132,1.0,0.0,0.0,0.0,1.0,1.0,0.4210765229,0.412813124,0.06839388609,0.06067627668,0.3885245851,0.6848253402,0.4855070407,0.6140352601
3133,1.0,0.0,0.0,0.0,1.0,1.0,0.4243981879,0.4155387427,0.06943362951,0.06148326397,0.3922204796,0.6793896144,0.4910393847,0.5991373878
3134,1.0,0.0,0.0,0.0,1.0,1.0,0.4262561025,0.4191208773,0.06992834806,0.06198197603,0.3925686224,0.6856059863,0.4874552116,0.6068372945
3135,1.0,0.0,0.0,-0.5235987902,1.0,1.0,0.417919012,0.4221469886,0.0682438612,0.0618956089,0.3938410948,0.6899222843,0.4873644859,0.6153840969
3136,1.0,0.0,0.0,-0.5235987902,1.0,1.0,0.4253287456,0.4236765266,0.07017177343,0.06243419647,0.3964401762,0.6882128147,0.4891303337,0.6153844685
3137,1.0,0.0,0.0,-0.5235987902,1.0,1.0,0.4264717881,0.4239508933,0.06947338581,0.0623139143,0.4022801607,0.6832064998,0.5018051654,0.6127653632
3138,1.0,0.0,0.0,-0.5235987902,1.0,1.0,0.4357373584,0.4293630668,0.07110959291,0.06291478872,0.3954619465,0.6951671429,0.4909745222,0.621848636
3139,1.0,0.0,0.0,-0.5235987902,1.0,1.0,0.431837442,0.432485978,0.07038933039,0.06345707178,0.3960720077,0.6969694404,0.5054546548,0.6260504794
3140,1.0,0.0,0.0,-0.5235987902,1.0,1.0,0.4398200885,0.4327293108,0.07167589664,0.06391990185,0.3908045452,0.6940297142,0.4963766318,0.627614934
3141,1.0,0.0,0.0,-0.5235987902,1.0,1.0,0.4383807063,0.4329715261,0.07113009691,0.0636985898,0.4026187899,0.6902984418,0.5162452694,0.6166662768
3142,1.0,0.0,0.0,-0.5235987902,1.0,1.0,0.4484252475,0.4413593183,0.07288575172,0.06508612633,0.3857615211,0.6900369637,0.4963503797,0.6280994612
3143,1.0,0.0,0.0,-0.5235987902,1.0,1.0,0.4425389636,0.4429758264,0.07053571939,0.06393122673,0.3980099465,0.6966290995,0.5128206717,0.6239665184
3144,1.0,0.0,0.0,-0.5235987902,1.0,1.0,0.4371516291,0.4356542345,0.06989324093,0.06349080801,0.4040068275,0.6984736665,0.516483467,0.6260501559
3145,1.0,0.0,0.0,-0.5235987902,1.0,1.0,0.4316524504,0.4446047494,0.06918859482,0.06439864635,0.392026646,0.7038461671,0.4963233887,0.6157030071
3146,1.0,0.0,0.0,-0.5235987902,1.0,1.0,0.4388199718,0.4404948321,0.07070428133,0.06398338079,0.4006678735,0.7034220436,0.5074072159,0.6344540986
3147,1.0,0.0,0.0,-0.5235987902,1.0,1.0,0.4416141301,0.4460472547,0.07175970078,0.06501531601,0.3986711902,0.7030071566,0.5074074998,0.6265557731
3148,1.0,0.0,0.0,-0.5235987902,1.0,1.0,0.4189576232,0.4414826761,0.06659460068,0.0628503561,0.3939395303,0.7108439127,0.5,0.6340418833
3149,1.0,0.0,0.0,-0.5235987902,1.0,1.0,0.3486022437,0.45429189,0.05467522144,0.06194734573,0.3917525538,0.6945812593,0.4703557433,0.6086958195
3150,1.0,0.0,0.0,-0.5235987902,1.0,1.0,0.2957909559,0.5477291161,0.04487293959,0.06995713711,0.4246324237,0.4596270404,0.4541487814,0.4581676871
3151,1.0,0.0,0.0,-0.5235987902,1.0,1.0,0.2866045304,0.5676654206,0.04377573729,0.07267898321,0.4375000488,0.4038451327,0.4561403345,0.4362935693
3152,1.0,0.0,0.0,-0.5235987902,1.0,1.0,0.2949172196,0.5559667034,0.04587191343,0.07277214527,0.4626593566,0.4074074555,0.4848484986,0.4357972797
3153,1.0,0.0,0.0,-0.5235987902,1.0,1.0,0.3137991436,0.5471083947,0.04908102751,0.07206124067,0.4337568359,0.4855490908,0.469827711,0.468503797
3154,1.0,0.0,0.0,-0.5235987902,1.0,1.0,0.3171658679,0.5542754805,0.04836833477,0.0714277029,0.4261993298,0.4825579246,0.4585153,0.4685044035
3155,1.0,0.0,0.0,-0.5235987902,1.0,1.0,0.3195996434,0.5635621685,0.04845714569,0.07170540094,0.4417744397,0.4913293873,0.4669601708,0.4765626753
3156,1.0,0.0,0.0,-0.5235987902,1.0,1.0,0.3117522795,0.5471080595,0.04713451862,0.07042455673,0.4366972596,0.4764702461,0.4698275782,0.4606297946
3157,1.0,0.0,0.0,-0.5235987902,1.0,1.0,0.3198210845,0.5422502682,0.04892188311,0.07088118792,0.4327273301,0.5227267466,0.4808512113,0.4862742592
3158,1.0,0.0,0.0,-0.5235987902,1.0,1.0,0.3277156305,0.533744307,0.04993826151,0.06925135851,0.4148551511,0.5469614776,0.4638300941,0.5059762705
3159,1.0,0.0,0.0,-0.5235987902,1.0,1.0,0.3313752784,0.4997209726,0.05080473423,0.06629067659,0.4148936191,0.5935823042,0.4713118511,0.536884999
3160,1.0,0.0,0.0,-0.5235987902,1.0,1.0,0.3494551699,0.473630973,0.0544230938,0.06421923637,0.4038461318,0.6649997591,0.4698794492,0.5889829407
3161,1.0,0.0,0.0,-0.5235987902,1.0,1.0,0.3715653339,0.4606803594,0.05805009604,0.06342512369,0.4285715921,0.6990745637,0.5039063346,0.6144063934
3162,1.0,0.0,0.0,-0.5235987902,1.0,1.0,0.383880227,0.4389185056,0.06018424034,0.06124478579,0.4297799499,0.7048460767,0.5209126791,0.6406930494
3163,1.0,0.0,0.0,-0.5235987902,1.0,1.0,0.4271406458,0.4493759225,0.06735086441,0.06340450048,0.4223706767,0.6992185564,0.514925392,0.6348543973
3164,1.0,0.0,0.0,-0.5235987902,1.0,1.0,0.4390226379,0.449748607,0.06956768036,0.06403386593,0.4093178037,0.7007570565,0.5111111111,0.6296292504
3165,1.0,0.0,0.0,-0.5235987902,1.0,1.0,0.4425385397,0.4480894098,0.07060915232,0.06426233053,0.416252208,0.6928842461,0.5239851892,0.6213990166
3166,1.0,0.0,0.0,-0.5235987902,1.0,1.0,0.4624282621,0.4557894355,0.07466042042,0.06663244963,0.4162520353,0.6881719057,0.5201467128,0.61445809
3167,1.0,0.0,0.0,-0.5235987902,1.0,1.0,0.4517346303,0.4502979616,0.07319432497,0.06595528126,0.4205297337,0.6959707556,0.5274725275,0.6260164512
3168,1.0,0.0,0.0,-0.5235987902,1.0,1.0,0.4683851586,0.4650686322,0.07571965456,0.06798774004,0.4125412991,0.6866199872,0.5182481067,0.607842931
3169,1.0,0.0,0.0,-0.5235987902,1.0,1.0,0.4700345868,0.454291792,0.07564842701,0.06635826826,0.4191419185,0.6842101531,0.5272726382,0.6159998994
3170,1.0,0.0,0.0,-0.5235987902,1.0,1.0,0.4682817532,0.4542916596,0.07506740093,0.06631392241,0.4221853994,0.6855128781,0.530909275,0.6120003991
3171,1.0,0.0,0.0,-0.5235987902,1.0,1.0,0.4681771036,0.4612804728,0.07363820076,0.06580430269,0.4169435877,0.6914890517,0.5238095636,0.6150797137
3172,1.0,0.0,0.0,-0.5235987902,1.0,1.0,0.4774194127,0.4687160504,0.07611262798,0.06768488884,0.4082644131,0.692041555,0.5182481451,0.6147861327
3173,1.0,0.0,0.0,-0.5235987902,1.0,1.0,0.47481796,0.4632448884,0.07588964701,0.06739848852,0.4136212609,0.6888110982,0.5182484054,0.6220476689
3174,1.0,0.0,0.0,-0.5235987902,1.0,1.0,0.469936202,0.456266902,0.07536691427,0.06687486172,0.4139073869,0.6901412238,0.5253624397,0.6111113092
3175,1.0,0.0,0.0,-0.5235987902,1.0,1.0,0.4707153928,0.4580775659,0.07547396421,0.06723564863,0.4195687461,0.6901408339,0.5253625955,0.604742617
3176,1.0,0.0,0.0,-0.5235987902,1.0,1.0,0.4707154011,0.459743122,0.07494992018,0.06676876545,0.4162521621,0.6936620194,0.5236363487,0.6126483448
3177,1.0,0.0,0.0,-0.5235987902,1.0,1.0,0.4707155093,0.4579263957,0.07527524233,0.06679356098,0.4162520742,0.6901407782,0.5236365717,0.6150792872
3178,1.0,0.0,0.0,-0.5235987902,1.0,1.0,0.4714975954,0.4562668073,0.0750619173,0.06660419703,0.4202657142,0.6901407891,0.5289856019,0.6111113597
3179,1.0,0.0,0.0,-0.5235987902,1.0,1.0,0.4772711455,0.4595974115,0.07520651817,0.06603497267,0.4126457055,0.6933797026,0.5218981055,0.6190482208
3180,1.0,0.0,0.0,-0.5235987902,1.0,1.0,0.476478053,0.4703256433,0.07552111149,0.06736379862,0.4102990205,0.6933799724,0.5147057783,0.6132809286
3181,1.0,0.0,0.0,-0.5235987902,1.0,1.0,0.4791393012,0.4704333097,0.07681423426,0.06783938408,0.4118616561,0.7010310158,0.5201465005,0.6186770531
3182,1.0,0.0,0.0,-0.5235987902,1.0,1.0,0.481397852,0.4666514069,0.07673442364,0.06744134426,0.4249999392,0.6955017516,0.5330879396,0.6181101179
3183,1.0,0.0,0.0,-0.5235987902,1.0,1.0,0.4888756308,0.4721627755,0.07638716698,0.0670017004,0.4190317046,0.7064844206,0.5330880886,0.6225680588
3184,1.0,0.0,0.0,-0.5235987902,1.0,1.0,0.4847791023,0.4721625598,0.07598513365,0.06687730551,0.426910125,0.6986301585,0.53308839,0.6186771122
3185,1.0,0.0,0.0,-0.5235987902,1.0,1.0,0.4855857844,0.4722639547,0.07718849182,0.06820082664,0.424292863,0.7054798117,0.538461475,0.6279072206
3186,1.0,0.0,0.0,-0.5235987902,1.0,1.0,0.47333275,0.467011829,0.07545250654,0.06756550074,0.4257425206,0.7003482944,0.53454548,0.6186777774
3187,1.0,0.0,0.0,-0.5235987902,1.0,1.0,0.4862604772,0.4649415983,0.07615363598,0.06693083048,0.4360268515,0.6989619973,0.5457872531,0.6220473002
3188,1.0,0.0,0.0,-0.5235987902,1.0,1.0,0.4887657396,0.4629770822,0.07634711266,0.06634306908,0.4772343219,0.6931037121,0.5882354409,0.6150790799
3189,1.0,0.0,0.0,-0.5235987902,1.0,1.0,0.5055802231,0.470646416,0.07854479551,0.06736129522,0.4773869462,0.6854305364,0.5890906365,0.6100386237
3190,1.0,0.0,0.0,-0.5235987902,1.0,1.0,0.506406168,0.4724634615,0.08035862446,0.06895458698,0.4782609104,0.683168001,0.589090915,0.6000003458
3191,1.0,0.0,0.0,-0.5235987902,1.0,1.0,0.5072545494,0.4671303744,0.07945913076,0.06765824556,0.4840870219,0.6798679472,0.5905795894,0.6007750743
3192,1.0,0.0,0.0,-0.5235987902,1.0,1.0,0.5197096859,0.4727574074,0.08118104935,0.06843143702,0.4833334192,0.6794871042,0.593525208,0.5931561055
3193,1.0,0.0,0.0,-0.5235987902,1.0,1.0,0.5123190656,0.4743731418,0.08063066006,0.06926310062,0.4873949994,0.6721313051,0.5978261269,0.595419959
3194,1.0,0.0,0.0,-0.5235987902,1.0,1.0,0.5114592412,0.4670117593,0.08046895266,0.0678049922,0.4882549195,0.6688525197,0.5963635961,0.5953300826
3195,1.0,0.0,0.0,-0.5235987902,1.0,1.0,0.513226969,0.4723640694,0.07985877991,0.06803756952,0.4797297051,0.6776314218,0.5912408215,0.6023166395
3196,1.0,0.0,0.0,-0.5235987902,1.0,1.0,0.5190375946,0.4743729281,0.08143818378,0.06905120611,0.4739495594,0.6731391065,0.5869563793,0.5992367631
3197,1.0,0.0,0.0,-0.5235987902,1.0,1.0,0.5257567458,0.4779150868,0.08212149143,0.06900310516,0.4756301787,0.6741219507,0.5818181068,0.600760141
3198,1.0,0.0,0.0,-0.5235987902,1.0,1.0,0.5319063932,0.4814830227,0.0828473568,0.06965512037,0.4745762193,0.6751590707,0.5766421493,0.5984850494
3199,1.0,0.0,0.0,-0.5235987902,1.0,1.0,0.5227065999,0.4740940532,0.08127981424,0.06857150793,0.4804087897,0.6775240549,0.5934064259,0.5984558938
3200,1.0,0.0,0.0,-0.5235987902,1.0,1.0,0.5100959546,0.4754810883,0.07889634371,0.06819856167,0.4809689141,0.6813557248,0.5858208661,0.5999998252
3201,1.0,0.0,0.0,-0.5235987902,1.0,1.0,0.5143928818,0.4755707235,0.07980442047,0.06855684519,0.4835924163,0.6744967496,0.5947953177,0.5976562194
3202,1.0,0.0,0.0,-0.5235987902,1.0,1.0,0.521447775,0.4755710971,0.08090698719,0.06904065609,0.4869565451,0.6733336084,0.59851315,0.5937495144
3203,1.0,0.0,0.0,-0.5235987902,1.0,1.0,0.5126223303,0.4792867012,0.07997697592,0.06924188137,0.4836489266,0.6744969969,0.5947954869,0.6007750804
3204,1.0,0.0,0.0,-0.5235987902,1.0,1.0,0.517012256,0.4775110578,0.07965219021,0.06872999668,0.4809687785,0.6822744477,0.5925926233,0.608527636
3205,1.0,0.0,0.0,-0.5235987902,1.0,1.0,0.5222776922,0.4830016522,0.07996588945,0.06907355785,0.4843749392,0.6877076338,0.5947954647,0.6115378708
3206,1.0,0.0,0.0,-0.5235987902,1.0,1.0,0.5246641324,0.4922624889,0.08086198568,0.06999200583,0.4853699837,0.6786890249,0.5970147439,0.6098481526
3207,1.0,0.0,0.0,-0.5235987902,1.0,1.0,0.5184820333,0.4814827562,0.08065575361,0.07004308701,0.4795222856,0.6875003233,0.5985399755,0.6098484591
3208,1.0,0.0,0.0,-0.5235987902,1.0,1.0,0.5126224671,0.4757492357,0.0801153183,0.0693616271,0.4888122986,0.6778527385,0.5977859598,0.6046507031
3209,1.0,0.0,0.0,-0.5235987902,1.0,1.0,0.514495377,0.4794370246,0.07839804888,0.06886315346,0.4834782098,0.6824323862,0.5977857619,0.5999998269
3210,1.0,0.0,0.0,-0.5235987902,1.0,1.0,0.5118667917,0.4794368068,0.0787063241,0.06936824322,0.4861110896,0.6915256881,0.6014758734,0.615384351
3211,1.0,0.0,0.0,-0.5235987902,1.0,1.0,0.5066615712,0.4758370153,0.07815307379,0.06932067871,0.484374994,0.6746568578,0.599264933,0.5984559006
3212,1.0,0.0,0.0,-0.5235987902,1.0,1.0,0.4979676349,0.4753898551,0.076577425,0.06848824024,0.4824561948,0.6830985806,0.5992510711,0.6141733723
3213,1.0,0.0,0.0,-0.5235987902,1.0,1.0,0.4988365496,0.4770061916,0.07627785206,0.06816315651,0.4920353492,0.6808514296,0.6022725187,0.5992070571
3214,1.0,0.0,0.0,-0.5235987902,1.0,1.0,0.4793783938,0.4659051709,0.07362943888,0.06738042831,0.4849556973,0.6826568833,0.5977443625,0.6048391092
3215,1.0,0.0,0.0,-0.5235987902,1.0,1.0,0.4997209621,0.4680220274,0.07624208927,0.06786084175,0.4875886265,0.6843972075,0.6044778205,0.6055777872
3216,1.0,0.0,0.0,-0.5235987902,1.0,1.0,0.4944421829,0.4737130601,0.07623326778,0.06917965412,0.4823944792,0.6797155863,0.6022305258,0.603921795
3217,1.0,0.0,0.0,-0.5235987902,1.0,1.0,0.4900604086,0.4590031241,0.07585990429,0.06743103266,0.4833041241,0.6810039616,0.6,0.6008061487
3218,1.0,0.0,0.0,-0.5235987902,1.0,1.0,0.4908921038,0.4627046048,0.07531791925,0.0677319169,0.4911659816,0.676259175,0.6037038259,0.6039998134
3219,1.0,0.0,0.0,-0.5235987902,1.0,1.0,0.4760082207,0.4553011713,0.07308489084,0.06634277105,0.5166959507,0.6826566821,0.629629569,0.6056914039
3220,1.0,0.0,0.0,-0.5235987902,1.0,1.0,0.4908919623,0.4644245597,0.07419878244,0.06672549248,0.5247350834,0.6834531738,0.6356878264,0.6000001787
3221,1.0,0.0,0.0,-0.5235987902,1.0,1.0,0.4979737247,0.4631115058,0.07599186897,0.06745946407,0.5139860939,0.6736837729,0.6300368474,0.6007906116
3222,1.0,0.0,0.0,-0.5235987902,1.0,1.0,0.4961895732,0.468256786,0.07543742657,0.0679204464,0.5265018582,0.6761565386,0.6333335799,0.6047435929
3223,1.0,0.0,0.0,-0.5235987902,1.0,1.0,0.5032653221,0.4716467527,0.0775962472,0.06885296106,0.5195035033,0.6795772782,0.629213607,0.6071422079
3224,1.0,0.0,0.0,-0.5235987902,1.0,1.0,0.5023648333,0.4736162559,0.07695901394,0.06858807802,0.5202822003,0.6771928765,0.6268657085,0.6102360528
3225,1.0,0.0,0.0,-0.5235987902,1.0,1.0,0.5014741174,0.4773453017,0.07641768456,0.06840187311,0.5157895334,0.678321722,0.6268656034,0.6054681407
3226,1.0,0.0,0.0,-0.5235987902,1.0,1.0,0.5161193443,0.481348982,0.08061379194,0.07063817978,0.5094991565,0.6789301096,0.62132341,0.6030535511
3227,1.0,0.0,0.0,-0.5235987902,1.0,1.0,0.515283184,0.4886161508,0.08000868559,0.07088017464,0.5103807264,0.6744963768,0.6296295231,0.6060603512
3228,1.0,0.0,0.0,-0.5235987902,1.0,1.0,0.5126672207,0.4831859584,0.07875490189,0.06973916292,0.4939550658,0.6868684193,0.6176470831,0.6045627929
3229,1.0,0.0,0.0,-0.5235987902,1.0,1.0,0.5109023174,0.4867649949,0.07918250561,0.07011783123,0.4991393059,0.6835016734,0.6222221303,0.6083653099
3230,1.0,0.0,0.0,-0.5235987902,1.0,1.0,0.5023014873,0.4793619237,0.0779029727,0.06909883022,0.5077451573,0.6917807643,0.6333335263,0.6100384202
3231,1.0,0.0,0.0,-0.5235987902,1.0,1.0,0.5074619168,0.4831247172,0.07917451859,0.0703176856,0.5129087178,0.6847457857,0.6273063637,0.6145041047
3232,1.0,0.0,0.0,-0.5235987902,1.0,1.0,0.5065666092,0.48873812,0.07806026936,0.07041245699,0.5205480803,0.6824326491,0.6373625828,0.6104873765
3233,1.0,0.0,0.0,-0.5235987902,1.0,1.0,0.5057002103,0.488778549,0.07843261957,0.07101339102,0.5162392101,0.68918922,0.6386863036,0.6156720583
3234,1.0,0.0,0.0,-0.5235987902,1.0,1.0,0.5090536867,0.4869544081,0.07902538776,0.07033258677,0.5161291561,0.6833332579,0.6386859657,0.6142323843
3235,1.0,0.0,0.0,-0.5235987902,1.0,1.0,0.4740501023,0.4778354866,0.07306194305,0.06910556555,0.5171232585,0.6823106342,0.631386738,0.6145037213
3236,1.0,0.0,0.0,-0.5235987902,1.0,1.0,0.4436211919,0.4573089334,0.0681989193,0.06581056118,0.5302245793,0.6926064598,0.6236161567,0.6250002264
3237,1.0,0.0,0.0,-0.5235987902,1.0,1.0,0.4145707776,0.4464419224,0.06353729963,0.06406456232,0.5266782134,0.6804974582,0.6323527457,0.6131686554
3238,1.0,0.0,0.0,-0.5235987902,1.0,1.0,0.4055458077,0.4413593905,0.06346851587,0.06426525116,0.5212224817,0.6652717583,0.6277370769,0.61157011
3239,1.0,0.0,0.0,-0.5235987902,1.0,1.0,0.4285745705,0.4526460335,0.06736499071,0.06656616926,0.5186439155,0.667984431,0.6340578756,0.6120004119
3240,1.0,0.0,0.0,0.0,1.0,1.0,0.4324675401,0.450835265,0.06792610884,0.06658893824,0.5212946274,0.6574804912,0.6304345896,0.6064249443
3241,1.0,0.0,0.0,0.0,1.0,1.0,0.441334228,0.4470232891,0.06866788864,0.06572884321,0.5137457245,0.6731521732,0.6290910698,0.6056910606
3242,1.0,0.0,0.0,0.0,1.0,1.0,0.449663883,0.4406139402,0.07191973925,0.06676322222,0.5161289,0.6641508089,0.6344087671,0.5975612913
3243,1.0,0.0,0.0,0.0,1.0,1.0,0.4515248322,0.4406144711,0.07168376446,0.0660457015,0.5143823687,0.6704122715,0.6272402759,0.5975607885
3244,1.0,0.0,0.0,0.0,1.0,1.0,0.4542921149,0.4437953038,0.07199114561,0.06682944298,0.5162950141,0.671697807,0.6353792743,0.5975613889
3245,1.0,0.0,0.0,-0.5235987902,1.0,1.0,0.4697204127,0.4472138302,0.07382827997,0.06655323505,0.5145796786,0.6605838856,0.6304345301,0.5910935018
3246,1.0,0.0,0.0,-0.5235987902,1.0,1.0,0.4637821749,0.4508350028,0.07300817966,0.0670812726,0.5154109845,0.6605169185,0.6268115028,0.5983933352
3247,1.0,0.0,0.0,-0.5235987902,1.0,1.0,0.4735087357,0.4544565641,0.0745703578,0.06684702635,0.5143823941,0.6678573684,0.6304349059,0.5976092882
3248,1.0,0.0,0.0,-0.5235987902,1.0,1.0,0.4818432431,0.4653198377,0.07526570559,0.06835085154,0.5247018551,0.6643109597,0.6340578622,0.6031130067
3249,1.0,0.0,0.0,-0.5235987902,1.0,1.0,0.4844753047,0.4689409985,0.07653665543,0.06931114197,0.5101695436,0.6713291778,0.6340580353,0.5945944784
3250,1.0,0.0,0.0,-0.5235987902,1.0,1.0,0.4971667337,0.4759246441,0.07833874226,0.06975370646,0.5042589779,0.6712333353,0.6227107061,0.603846282
3251,1.0,0.0,0.0,-0.5235987902,1.0,1.0,0.5005693849,0.4814829588,0.07798558474,0.06979048252,0.5042445143,0.6745764422,0.6204377671,0.6098489183
3252,1.0,0.0,0.0,-0.5235987902,1.0,1.0,0.4963215056,0.4777549557,0.07822012901,0.06991589069,0.5051020495,0.6780821083,0.6227109494,0.6053637103
3253,1.0,0.0,0.0,-0.5235987902,1.0,1.0,0.5048203821,0.4868602184,0.07905238867,0.07053488493,0.5051020476,0.6835017368,0.6213234901,0.6113206335
3254,1.0,0.0,0.0,-0.5235987902,1.0,1.0,0.4971928255,0.4814830387,0.07779628038,0.06962108612,0.5042158567,0.6881355802,0.6204379502,0.6136365971
3255,1.0,0.0,0.0,-0.5235987902,1.0,1.0,0.4570828122,0.4608541677,0.07137835026,0.06631797552,0.5051193901,0.6828355031,0.6074075915,0.6184736898
3256,1.0,0.0,0.0,0.0,1.0,1.0,0.2991031915,0.5632450969,0.04514890909,0.0732293129,0.4434306602,0.5487799565,0.4915255403,0.5075192254
3257,1.0,0.0,0.0,0.0,1.0,1.0,0.3056900194,0.5566510085,0.04611879587,0.07290637493,0.4597070295,0.5269462161,0.5063289411,0.4886368653
3258,1.0,0.0,0.0,-0.5235987902,1.0,1.0,0.3420075637,0.5175681629,0.05239921808,0.07086110115,0.4946808904,0.621761935,0.5714285092,0.5325667114
3259,1.0,0.0,0.0,-0.5235987902,1.0,1.0,0.4025055012,0.447511182,0.06242400408,0.06348204613,0.4863480511,0.6864406699,0.5895522796,0.6249995305
3260,1.0,0.0,0.0,-0.5235987902,1.0,1.0,0.4370438508,0.462841099,0.06847625971,0.06661838293,0.4966100637,0.6860461979,0.6088562016,0.6175296666
3261,1.0,0.0,0.0,-0.5235987902,1.0,1.0,0.4650533513,0.4704332238,0.07304012775,0.0682592988,0.5008459242,0.6763638292,0.6227105836,0.6070043599
3262,1.0,0.0,0.0,-0.5235987902,1.0,1.0,0.4817821959,0.4631111406,0.0750619173,0.06734275818,0.4974358229,0.6773045985,0.6190477362,0.6007909196
3263,1.0,0.0,0.0,-0.5235987902,1.0,1.0,0.4810242394,0.4670123859,0.07445847988,0.06761777401,0.5017006351,0.6784453485,0.6254545335,0.6147863524
3264,1.0,0.0,0.0,-0.5235987902,1.0,1.0,0.4962982207,0.4705404686,0.07737284899,0.06883519888,0.4948629675,0.6931032331,0.6131388854,0.6162791604
3265,1.0,0.0,0.0,-0.5235987902,1.0,1.0,0.4885779392,0.4741875864,0.07481247187,0.06824994087,0.4939964406,0.6771934717,0.613138674,0.6115389452
3266,1.0,0.0,0.0,-0.5235987902,1.0,1.0,0.4886534688,0.4778352852,0.07626610994,0.06962275505,0.5008517322,0.6864113704,0.6204381563,0.6145036796
3267,1.0,0.0,0.0,-0.5235987902,1.0,1.0,0.4912223275,0.4797321331,0.07620930672,0.06961679459,0.493197275,0.6920419528,0.6145453829,0.6136367528
3268,1.0,0.0,0.0,-0.5235987902,1.0,1.0,0.4912218556,0.4760116983,0.07629102468,0.0688995719,0.4982991752,0.6782009624,0.6167883933,0.6053637593
3269,1.0,0.0,0.0,-0.5235987902,1.0,1.0,0.5107880523,0.4779148691,0.07969427109,0.06986528635,0.5042590248,0.6899999103,0.6218183553,0.6159698672
3270,1.0,0.0,0.0,-0.5235987902,1.0,1.0,0.5073828655,0.4797324728,0.07894784212,0.0699403882,0.4991480572,0.6879190653,0.6218183721,0.613636383
3271,1.0,0.0,0.0,-0.5235987902,1.0,1.0,0.5022838184,0.4795852361,0.07780486345,0.06933623552,0.5042733694,0.6870752573,0.6227105925,0.6068699501
3272,1.0,0.0,0.0,-0.5235987902,1.0,1.0,0.5117006235,0.47958566,0.07954597473,0.06970250607,0.5051370017,0.685618481,0.6263734506,0.6145035035
3273,1.0,0.0,0.0,-0.5235987902,1.0,1.0,0.5186108431,0.4796589972,0.08066552877,0.07024842501,0.4982816987,0.6887418784,0.6240874427,0.6083653707
3274,1.0,0.0,0.0,-0.5235987902,1.0,1.0,0.5108638532,0.4760117028,0.07964396477,0.06975531578,0.4974272412,0.687919659,0.6240878273,0.6091950782
3275,1.0,0.0,0.0,-0.5235987902,1.0,1.0,0.5090856744,0.4814827085,0.07946765423,0.07016533613,0.5008516925,0.6889628771,0.6204378577,0.6174243679
3276,1.0,0.0,0.0,-0.5235987902,1.0,1.0,0.513459087,0.4832467656,0.07984042168,0.07049453259,0.4999999042,0.6923075775,0.6227106392,0.6174243385
3277,1.0,0.0,0.0,-0.5235987902,1.0,1.0,0.522121885,0.488697417,0.08095771074,0.07107180357,0.505172322,0.6930693652,0.6213234074,0.6165414417
3278,1.0,0.0,0.0,-0.5235987902,1.0,1.0,0.5332647601,0.4923989548,0.0827537775,0.07180893421,0.4974182302,0.6870967417,0.6263735321,0.6059477703
3279,1.0,0.0,0.0,-0.5235987902,1.0,1.0,0.5203993801,0.4831862915,0.0807570219,0.07032811642,0.5051723906,0.688741717,0.625,0.6121670297
3280,1.0,0.0,0.0,-0.5235987902,1.0,1.0,0.5246640648,0.4868607296,0.08211523294,0.07134604454,0.5025816855,0.6918038856,0.625,0.6150938857
3281,1.0,0.0,0.0,-0.5235987902,1.0,1.0,0.5272916998,0.4868130492,0.08192402124,0.0706795454,0.5017242537,0.6862746525,0.6273062231,0.6098484912
3282,1.0,0.0,0.0,-0.5235987902,1.0,1.0,0.528104422,0.4869072918,0.08140939474,0.0705370903,0.5077452142,0.6905536076,0.626373857,0.6127819803
3283,1.0,0.0,0.0,-0.5235987902,1.0,1.0,0.5227849874,0.485183676,0.08133542538,0.07096916437,0.5059829328,0.6797385573,0.6254542491,0.6067416108
3284,1.0,0.0,0.0,-0.5235987902,1.0,1.0,0.5203989005,0.4869075225,0.08043724298,0.07084870338,0.5051723181,0.6887417906,0.6263739595,0.6165420429
3285,1.0,0.0,0.0,-0.5235987902,1.0,1.0,0.517721117,0.4850772018,0.08088505268,0.07097530365,0.5025728186,0.6821188393,0.6263737875,0.6113205931
3286,1.0,0.0,0.0,-0.5235987902,1.0,1.0,0.514342899,0.4832467865,0.07969641685,0.07036739588,0.5008606143,0.6889626979,0.6227109031,0.6136363059
3287,1.0,0.0,0.0,-0.5235987902,1.0,1.0,0.5082775382,0.4941686749,0.07810783386,0.07021820545,0.4623286874,0.6902357391,0.574074377,0.6104870186
3288,1.0,0.0,0.0,-0.5235987902,1.0,1.0,0.5031088321,0.4923450808,0.07919561863,0.07119607925,0.4271187551,0.6969696285,0.5498154023,0.6179776504
3289,1.0,0.0,0.0,-0.5235987902,1.0,1.0,0.498875266,0.4850772986,0.07776623964,0.06985783577,0.426395976,0.7016948711,0.5567764597,0.6188674255
3290,1.0,0.0,0.0,-0.5235987902,1.0,1.0,0.5039486849,0.4923449041,0.07937914133,0.07112157345,0.4280879586,0.6879192288,0.5535056234,0.610487403
3291,1.0,0.0,0.0,-0.5235987902,1.0,1.0,0.5039487955,0.4941886998,0.07887488604,0.07093441486,0.4263960357,0.6879190751,0.549815564,0.60820851
3292,1.0,0.0,0.0,-0.5235987902,1.0,1.0,0.5030975089,0.4905347936,0.07904285192,0.07082027197,0.4358108409,0.6845637533,0.5624999226,0.6029960435
3293,1.0,0.0,0.0,-0.5235987902,1.0,1.0,0.5081906982,0.4923721637,0.07963991165,0.07114499807,0.4305085726,0.6866666268,0.5551471756,0.6082095148
3294,1.0,0.0,0.0,-0.5235987902,1.0,1.0,0.5090534025,0.4886976623,0.07992684841,0.07086849213,0.432937211,0.6833334576,0.5514704794,0.605262848
3295,1.0,0.0,0.0,-0.5235987902,1.0,1.0,0.5039344287,0.4923723741,0.07904613018,0.07085072994,0.4350758462,0.6889631376,0.5624999741,0.6082084467
3296,1.0,0.0,0.0,-0.5235987902,1.0,1.0,0.5039627436,0.4923176978,0.07949769497,0.07120001316,0.4346348514,0.6835021556,0.5592592348,0.6090220654
3297,1.0,0.0,0.0,-0.5235987902,1.0,1.0,0.5115789053,0.4886977258,0.08018660545,0.07062792778,0.4423728024,0.6887419089,0.569852876,0.6090223978
3298,1.0,0.0,0.0,-0.5235987902,1.0,1.0,0.5132268576,0.4887382454,0.08010458946,0.07035505772,0.4358108411,0.687499814,0.5641025853,0.6029963689
3299,1.0,0.0,0.0,-0.5235987902,1.0,1.0,0.5014091112,0.4905009716,0.07876616716,0.0705447793,0.4391890956,0.6868685569,0.5645756136,0.6090228931
3300,1.0,0.0,0.0,-0.5235987902,1.0,1.0,0.510750242,0.4923177421,0.07975625992,0.07048231363,0.4397283736,0.6877081328,0.562962707,0.6090222639
3301,1.0,0.0,0.0,-0.5235987902,1.0,1.0,0.5056398146,0.4905346586,0.07997113466,0.07141232491,0.4365482224,0.6889631235,0.5661763231,0.6104874384
3302,1.0,0.0,0.0,-0.5235987902,1.0,1.0,0.5005666535,0.4886976819,0.07857167721,0.07060831785,0.4399323547,0.6891893122,0.5625,0.6127817486
3303,1.0,0.0,0.0,-0.5235987902,1.0,1.0,0.505659931,0.4886974568,0.08025586605,0.07163774967,0.4397283308,0.6879195229,0.5624996442,0.6052632455
3304,1.0,0.0,0.0,-0.5235987902,1.0,1.0,0.5065201459,0.4849692418,0.07983291149,0.07045656443,0.4319728046,0.6912751778,0.5535057409,0.615969511
3305,1.0,0.0,0.0,-0.5235987902,1.0,1.0,0.5039632059,0.4886163115,0.07872676849,0.06997936964,0.4312393117,0.6902354302,0.5555554631,0.6098483977
3306,1.0,0.0,0.0,-0.5235987902,1.0,1.0,0.5056599338,0.4886572635,0.07947969437,0.0706782937,0.4278438555,0.6912755503,0.5498156076,0.6037738713
3307,1.0,0.0,0.0,-0.5235987902,1.0,1.0,0.5022664048,0.4885750416,0.07853204012,0.06977677345,0.4312392367,0.6891887892,0.5576206037,0.6083653665
3308,1.0,0.0,0.0,-0.5235987902,1.0,1.0,0.5031089529,0.4867650004,0.07900929451,0.06996440887,0.4271186093,0.6902356445,0.5555556477,0.6083652522
3309,1.0,0.0,0.0,-0.5235987902,1.0,1.0,0.5116190176,0.4886159976,0.08057677746,0.07067197561,0.4336734655,0.684385296,0.5592594928,0.6060603249
3310,1.0,0.0,0.0,-0.5235987902,1.0,1.0,0.5140953878,0.4832468633,0.07992476225,0.06940835714,0.4263959284,0.694079043,0.5567764093,0.6136366564
3311,1.0,0.0,0.0,-0.5235987902,1.0,1.0,0.5039061427,0.4923987233,0.07985627651,0.07136654854,0.4288106377,0.6910296276,0.5604394746,0.6133829214
3312,1.0,0.0,0.0,-0.5235987902,1.0,1.0,0.5081621817,0.4960465166,0.08008807898,0.07183980942,0.4375000473,0.6943516007,0.5661761922,0.6111110189
3313,1.0,0.0,0.0,-0.5235987902,1.0,1.0,0.5056196103,0.4978838627,0.07891070843,0.07128274441,0.4367622215,0.6933330413,0.562499948,0.6162362889
3314,1.0,0.0,0.0,-0.5235987902,1.0,1.0,0.4963555475,0.4923448564,0.07817077637,0.07075119019,0.4444443814,0.6983052838,0.5682658296,0.6179773009
3315,1.0,0.0,0.0,-0.5235987902,1.0,1.0,0.4946732141,0.4904674184,0.07848912477,0.07074707747,0.4444444027,0.6836734306,0.5666665014,0.6150939518
3316,1.0,0.0,0.0,-0.5235987902,1.0,1.0,0.4795975992,0.4922903544,0.07620805502,0.07061243057,0.4496643628,0.6888113884,0.5762084318,0.6075471857
3317,1.0,0.0,0.0,-0.5235987902,1.0,1.0,0.4905437436,0.4905350437,0.0786896944,0.07146316767,0.4407344887,0.6802719903,0.5661765488,0.6104868164
3318,1.0,0.0,0.0,-0.5235987902,1.0,1.0,0.4848287761,0.4960330272,0.07820034027,0.07179480791,0.4403972984,0.6894192307,0.5719556892,0.6133827916
3319,1.0,0.0,0.0,-0.5235987902,1.0,1.0,0.4788645302,0.4978768812,0.07694703341,0.07238918543,0.4574289719,0.6864109339,0.5756455855,0.6111105164
3320,1.0,0.0,0.0,-0.5235987902,1.0,1.0,0.4829518901,0.5052942072,0.07733237743,0.07303613424,0.451342231,0.6840280186,0.5724906588,0.6102944237
3321,1.0,0.0,0.0,-0.5235987902,1.0,1.0,0.4713374437,0.5112975395,0.0750425458,0.07257765532,0.4423409467,0.6861315086,0.5559842317,0.6188678037
3322,1.0,0.0,0.0,-0.5235987902,1.0,1.0,0.4752588766,0.5016576129,0.07508486509,0.07149624825,0.4423076851,0.6801474937,0.5620154666,0.6023169499
3323,1.0,0.0,0.0,-0.5235987902,1.0,1.0,0.4807004688,0.4940205502,0.07468253374,0.06984692812,0.4480969024,0.6690649779,0.5551329003,0.5961537313
3324,1.0,0.0,0.0,-0.5235987902,1.0,1.0,0.477006652,0.4864203247,0.07238298655,0.0678755641,0.4527972049,0.6593403245,0.5589355301,0.5976564044
3325,1.0,0.0,0.0,0.0,1.0,1.0,0.3980386422,0.4652573852,0.06059706211,0.0643016696,0.4608695499,0.6637554714,0.5632182024,0.6090537383
3326,1.0,0.0,0.0,0.0,1.0,1.0,0.2927838802,0.4917256559,0.04384440184,0.06657862663,0.5081374739,0.6543209709,0.5839998239,0.5325200268
3327,1.0,0.0,0.0,0.0,1.0,1.0,0.2845258778,0.4799690465,0.0429314971,0.06602752209,0.5117117352,0.6708863747,0.6047431995,0.5349796616
3328,1.0,0.0,0.0,0.0,1.0,1.0,0.3661675087,0.4327085399,0.05751335621,0.06279230118,0.5168142788,0.6473426647,0.6245209721,0.6017703231
3329,1.0,0.0,0.0,0.0,1.0,1.0,0.3913072009,0.4330917297,0.0650433898,0.06588810682,0.5,0.6580086818,0.6222223093,0.6068377692
3330,1.0,0.0,0.0,0.0,1.0,1.0,0.4168363339,0.4265476904,0.07556706667,0.06973183155,0.4863123988,0.6756756757,0.6250001823,0.6359835747
3331,1.0,0.0,0.0,-0.5235987902,1.0,1.0,0.4707266449,0.4585457989,0.08051300049,0.0714699626,0.5170649142,0.6340577028,0.6104869186,0.5959183265
3332,1.0,0.0,0.0,0.0,1.0,1.0,0.506784294,0.4522188963,0.083504498,0.06924760342,0.5176678864,0.6306624039,0.6083648947,0.5966386121
3333,1.0,0.0,0.0,0.0,1.0,1.0,0.4870925724,0.4360501429,0.08272618055,0.06924492121,0.494584887,0.6259259393,0.6023166936,0.5840702328
3334,1.0,0.0,0.0,0.0,1.0,1.0,0.5059343978,0.4421322061,0.081569314,0.06811749935,0.4991117997,0.6456142684,0.6133827918,0.6008398508
3335,1.0,0.0,0.0,0.0,1.0,1.0,0.5123493492,0.4512983928,0.08176809549,0.06708437204,0.5036102034,0.6338030428,0.6201550108,0.5751073533
3336,1.0,0.0,0.0,0.0,1.0,1.0,0.5163169949,0.4526883751,0.08262491226,0.0681655407,0.5055351564,0.6178575345,0.6000000792,0.5714288213
3337,1.0,0.0,0.0,0.0,1.0,1.0,0.5077951653,0.445696886,0.0828139782,0.06759727001,0.5134650576,0.6325087017,0.6177605313,0.5800868358
3338,1.0,0.0,0.0,0.0,1.0,1.0,0.5096972207,0.4437678593,0.08625471592,0.0705999732,0.5317604055,0.6156584761,0.6370654331,0.5521739241
3339,1.0,0.0,0.0,0.0,1.0,1.0,0.4935515146,0.4334704142,0.0849454999,0.06947332621,0.5167548415,0.6357138797,0.6136365327,0.5851528309
3340,1.0,0.0,0.0,0.0,1.0,1.0,0.4867746918,0.4312406545,0.08646583557,0.07144165039,0.5284974172,0.6524820495,0.6259259179,0.6008583405
3341,1.0,0.0,0.0,-0.5235987902,1.0,1.0,0.4764980038,0.4252170383,0.08322441578,0.07030510902,0.5301204696,0.6462091251,0.6290906705,0.5982904968
3342,1.0,0.0,0.0,-0.5235987902,1.0,1.0,0.4533725026,0.4361200008,0.08140879869,0.07263237238,0.5261382959,0.6542747799,0.6436365875,0.6041668547
3343,1.0,0.0,0.0,-0.5235987902,1.0,1.0,0.4430856156,0.4311671589,0.07978838682,0.07168960571,0.526666606,0.6541351698,0.6317689815,0.598326172
3344,1.0,0.0,0.0,-0.5235987902,1.0,1.0,0.433091485,0.4278187777,0.0793325901,0.0726198554,0.5266666829,0.6576928278,0.6438850651,0.6008401465
3345,1.0,0.0,0.0,-0.5235987902,1.0,1.0,0.4592958934,0.4246710448,0.08045780659,0.0699108839,0.5301204758,0.6516855847,0.6300364311,0.6034486875
3346,1.0,0.0,0.0,-0.5235987902,1.0,1.0,0.4513050784,0.4278050446,0.07921487093,0.07041317225,0.5311418009,0.6513414171,0.6346862867,0.5991380952
3347,1.0,0.0,0.0,0.0,1.0,1.0,0.4492264095,0.4283324692,0.07916074991,0.07179701328,0.5418118738,0.6472870581,0.6446888088,0.6025641026
3348,1.0,0.0,0.0,0.0,1.0,1.0,0.4564924291,0.4215828941,0.08138942719,0.07152408361,0.5173010647,0.6515150627,0.6290910202,0.6034484052
3349,1.0,0.0,0.0,-0.5235987902,1.0,1.0,0.4436297996,0.4164343263,0.07952767611,0.07008188963,0.5289115974,0.6513404879,0.6340579094,0.5999996598
3350,1.0,0.0,0.0,-0.5235987902,1.0,1.0,0.4349108386,0.421866011,0.07754081488,0.07085102797,0.5238907453,0.650980576,0.6376812263,0.6008582608
3351,1.0,0.0,0.0,0.0,1.0,1.0,0.450694929,0.4411453941,0.07907956839,0.07274109125,0.5215147054,0.6488545188,0.6373625976,0.5975108018
3352,1.0,0.0,0.0,0.0,1.0,1.0,0.4499206637,0.4393151509,0.07883501053,0.07221525908,0.520618512,0.6450380756,0.6410256782,0.587500031
3353,1.0,0.0,0.0,0.0,1.0,1.0,0.4491487659,0.4322403973,0.07921087742,0.07165259123,0.5231561524,0.645038369,0.6350364937,0.5907176506
3354,1.0,0.0,0.0,0.0,1.0,1.0,0.4499204918,0.4285928682,0.07913672924,0.07098144293,0.5154639053,0.6564886186,0.6313871214,0.5914897583
3355,1.0,0.0,0.0,0.0,1.0,1.0,0.4631144201,0.4450067262,0.08231496811,0.07384133339,0.5195910891,0.6433821187,0.6277370375,0.5819670146
3356,1.0,0.0,0.0,0.0,1.0,1.0,0.4544468603,0.4486544219,0.08138352633,0.07526445389,0.5350427649,0.650375827,0.6350364082,0.589430978
3357,1.0,0.0,0.0,0.0,1.0,1.0,0.4589275245,0.4452063797,0.08143681288,0.07389640808,0.5340136437,0.6555559866,0.6290908033,0.6040817051
3358,1.0,0.0,0.0,-0.5235987902,1.0,1.0,0.4496636865,0.441571756,0.08001440763,0.073371768,0.5212223082,0.6490566656,0.6290909026,0.600823413
3359,1.0,0.0,0.0,0.0,1.0,1.0,0.4659560827,0.4395353996,0.08304512501,0.07251399755,0.5236486927,0.6413039578,0.6277372896,0.5975104041
3360,1.0,0.0,0.0,0.0,1.0,1.0,0.4562670022,0.4336864447,0.0817964673,0.07280784845,0.523411364,0.6483516564,0.6214286044,0.60905369
3361,1.0,0.0,0.0,0.0,1.0,1.0,0.4570309559,0.4332113702,0.08194863796,0.07234299183,0.5192630169,0.6446885887,0.6151080767,0.5933613685
3362,1.0,0.0,0.0,0.0,1.0,1.0,0.4661770109,0.4393153067,0.08243393898,0.07300424576,0.5283993043,0.6457565083,0.6263735239,0.6000001633
3363,1.0,0.0,0.0,0.0,1.0,1.0,0.4521285959,0.4236765708,0.07975888252,0.07016384602,0.5272108614,0.6315789474,0.6195651783,0.589743568
3364,1.0,0.0,0.0,0.0,1.0,1.0,0.4577201905,0.4354186348,0.08158481121,0.07241803408,0.5403086678,0.6441948441,0.6323530044,0.5949366776
3365,1.0,0.0,0.0,0.0,1.0,1.0,0.465589753,0.4384169323,0.08221781254,0.07294505835,0.5376531054,0.6315788329,0.6356878043,0.5720341718
3366,1.0,0.0,0.0,0.0,1.0,1.0,0.4810813485,0.4431484373,0.0828821063,0.07187187672,0.5399644966,0.6309963604,0.6339623529,0.5872343072
3367,1.0,0.0,0.0,0.0,1.0,1.0,0.4588739948,0.4351812944,0.08113694191,0.07253152132,0.5182608828,0.6325757464,0.6125461466,0.58898311
3368,1.0,0.0,0.0,0.0,1.0,1.0,0.453033978,0.4304167519,0.07878744602,0.07096892595,0.5138408637,0.6374045455,0.616788213,0.5932200685
3369,1.0,0.0,0.0,0.0,1.0,1.0,0.4650533456,0.4415715367,0.08291810751,0.07326942682,0.510998397,0.6436363114,0.6109091706,0.5967076047
3370,1.0,0.0,0.0,0.0,1.0,1.0,0.4532155547,0.441571704,0.08177769184,0.07414919138,0.5126904299,0.6455223826,0.6181819989,0.6131684696
3371,1.0,0.0,0.0,0.0,1.0,1.0,0.4549068378,0.4413596376,0.08080041409,0.0726903677,0.516074523,0.63940555,0.6167881706,0.5909087182
3372,1.0,0.0,0.0,0.0,1.0,1.0,0.4506949288,0.4384170763,0.08188605309,0.07375997305,0.524956975,0.6412208295,0.6133829326,0.5974575895
3373,1.0,0.0,0.0,0.0,1.0,1.0,0.4494017751,0.4309865317,0.08023506403,0.07187086344,0.5260415936,0.6370653158,0.6171003066,0.5948276363
3374,1.0,0.0,0.0,0.0,1.0,1.0,0.4487991948,0.4351813643,0.07956951857,0.07222467661,0.5388600923,0.6269230049,0.6346862528,0.5889831802
3375,1.0,0.0,0.0,0.0,1.0,1.0,0.4509675322,0.4365591142,0.07965242863,0.07227152586,0.5400696153,0.6370655504,0.635687735,0.5914887651
3376,1.0,0.0,0.0,0.0,1.0,1.0,0.4443948683,0.4374912198,0.07670021057,0.0714635849,0.5500000173,0.6345382712,0.6452827641,0.5948280176
3377,1.0,0.0,0.0,0.0,1.0,1.0,0.4495697271,0.4370181985,0.07931542397,0.07267946005,0.5465950387,0.6294822543,0.6387833899,0.6000004921
3378,1.0,0.0,0.0,0.0,1.0,1.0,0.4420267139,0.4377256507,0.07690256834,0.07196104527,0.5470691741,0.6305224494,0.6466165168,0.5836904646
3379,1.0,0.0,0.0,0.0,1.0,1.0,0.4541290811,0.437255694,0.08052009344,0.07322889566,0.5581395036,0.6259842491,0.6553032393,0.5887445394
3380,1.0,0.0,0.0,0.0,1.0,1.0,0.4425840946,0.4401386738,0.07642793655,0.07172948122,0.5553539039,0.6270495255,0.6461539193,0.5895202095
3381,1.0,0.0,0.0,0.0,1.0,1.0,0.4546195567,0.446315848,0.07730740309,0.07178550959,0.5559567205,0.6230155212,0.645038448,0.5854698051
3382,1.0,0.0,0.0,0.0,1.0,1.0,0.4425841719,0.45305428,0.07454508543,0.07118439674,0.5480944317,0.6106556623,0.6459144441,0.5751074291
3383,1.0,0.0,0.0,0.0,1.0,1.0,0.4547916475,0.4495559102,0.07716035843,0.07249343395,0.5651376501,0.6129030015,0.6525099051,0.5708150872
3384,1.0,0.0,0.0,0.0,1.0,1.0,0.4546330249,0.4479569719,0.07459038496,0.06935060024,0.5432331677,0.6198347636,0.64143422,0.5866670678
3385,1.0,0.0,0.0,0.0,1.0,1.0,0.445240031,0.443752167,0.07288873196,0.06827551126,0.5507518366,0.6160335931,0.639999845,0.5720719738
3386,1.0,0.0,0.0,0.0,1.0,1.0,0.4529307171,0.4501456395,0.07292366028,0.06840360165,0.5468164323,0.6115700115,0.6349206847,0.568282065
3387,1.0,0.0,0.0,0.0,1.0,1.0,0.4505834874,0.4374991592,0.07327342033,0.06784576178,0.5491650733,0.609053431,0.6342414276,0.5733332279
3388,1.0,0.0,0.0,0.0,1.0,1.0,0.4464421408,0.4461109163,0.07322347164,0.07021009922,0.5533087427,0.6090537458,0.6475093943,0.5665234776
3389,1.0,0.0,0.0,0.0,1.0,1.0,0.4377118642,0.4401386737,0.07205039263,0.06874805689,0.5456203557,0.6124999483,0.6346153846,0.5720525645
3390,1.0,0.0,0.0,0.0,1.0,1.0,0.4409305228,0.4439829152,0.07234764099,0.06963455677,0.5496323466,0.6041669413,0.6461541209,0.5714284491
3391,1.0,0.0,0.0,0.0,1.0,1.0,0.4399014989,0.439443222,0.0714405179,0.06755465269,0.5524863014,0.6150630792,0.6342410701,0.5707967061
3392,1.0,0.0,0.0,0.0,1.0,1.0,0.4435828637,0.4416136368,0.07281076908,0.06888318062,0.5488028954,0.6182567893,0.6317829235,0.5657896559
3393,1.0,0.0,0.0,0.0,1.0,1.0,0.4435828933,0.4374986583,0.07156187296,0.06681084633,0.5561693804,0.6058092185,0.638132522,0.5644446427
3394,1.0,0.0,0.0,0.0,1.0,1.0,0.4409303547,0.4377400207,0.07065558434,0.06653398275,0.5514705595,0.6000005062,0.6395348153,0.5575222507
3395,1.0,0.0,0.0,0.0,1.0,1.0,0.4413116695,0.4433321921,0.0688855052,0.06599122286,0.5473098366,0.6092435193,0.638132249,0.5526311273
3396,1.0,0.0,0.0,0.0,1.0,1.0,0.4415279292,0.4470157087,0.07089346647,0.06792718172,0.5434380076,0.61087864,0.6367187623,0.567685624
3397,1.0,0.0,0.0,0.0,1.0,1.0,0.4419549049,0.4413875968,0.07324963808,0.06899446249,0.543119306,0.6182574201,0.6303503043,0.5682817366
3398,1.0,0.0,0.0,0.0,1.0,1.0,0.4505829966,0.4413876941,0.0689920783,0.06444942951,0.549165143,0.617283876,0.630350328,0.5770927473
3399,1.0,0.0,0.0,0.0,1.0,1.0,0.4401212716,0.4362948164,0.07453465462,0.070497334,0.5522936225,0.6041668666,0.6346153704,0.559471198
3400,1.0,0.0,0.0,0.0,1.0,1.0,0.4296327073,0.4439825756,0.0728520751,0.07130855322,0.5446265199,0.6186442273,0.6461537263,0.5670998421
3401,1.0,0.0,0.0,0.0,1.0,1.0,0.4319929965,0.4431117338,0.06976616383,0.0671055913,0.5347985767,0.6144067145,0.6328124939,0.5814983412
3402,1.0,0.0,0.0,0.0,1.0,1.0,0.4441965859,0.4413878072,0.07477378845,0.07072353363,0.5462962668,0.616666773,0.6342412726,0.5770928006
3403,1.0,0.0,0.0,0.0,1.0,1.0,0.4343795362,0.4374985904,0.07276338339,0.0693718791,0.5451197787,0.6186438526,0.638132284,0.5822220237
3404,1.0,0.0,0.0,0.0,1.0,1.0,0.4343797747,0.4394433297,0.07276457548,0.06968134642,0.5414364218,0.6228809776,0.6303502063,0.5884955336
3405,1.0,0.0,0.0,0.0,1.0,1.0,0.4417421954,0.4418381193,0.07442557812,0.0710144043,0.5469612478,0.6083334535,0.6370655182,0.5764194779
3406,1.0,0.0,0.0,0.0,1.0,1.0,0.4370255133,0.4509202975,0.06975579262,0.0679898262,0.5442805055,0.6244723611,0.636718767,0.5887444331
3407,1.0,0.0,0.0,0.0,1.0,1.0,0.4397547947,0.4422819623,0.07333910465,0.07000547647,0.5363637078,0.6115703017,0.6283526621,0.5714284498
3408,1.0,0.0,0.0,0.0,1.0,1.0,0.4267888527,0.4346230357,0.07297116518,0.06989216805,0.5423422833,0.6286919452,0.6321840827,0.5814978049
3409,1.0,0.0,0.0,0.0,1.0,1.0,0.4249876512,0.4365379372,0.07210379839,0.06965965033,0.5459458453,0.6313560128,0.6360153743,0.587719636
3410,1.0,0.0,0.0,0.0,1.0,1.0,0.4298675797,0.4315770889,0.07376933098,0.07008081675,0.5465949158,0.6291663839,0.6325757909,0.5833328372
3411,1.0,0.0,0.0,0.0,1.0,1.0,0.4212814523,0.4318341131,0.07258301973,0.06954604387,0.5432099064,0.6276145749,0.6188680125,0.5851529283
3412,1.0,0.0,0.0,0.0,1.0,1.0,0.414661813,0.4405935819,0.07199019194,0.07106727362,0.5425531367,0.6367520978,0.6259541703,0.5844154755
3413,1.0,0.0,0.0,0.0,1.0,1.0,0.4354709932,0.4518547515,0.07469028234,0.07224142551,0.5428571925,0.6188525212,0.6283525333,0.5805084116
3414,1.0,0.0,0.0,0.0,1.0,1.0,0.4326744515,0.4497489331,0.07357496023,0.0711427331,0.5366726792,0.6198343626,0.626923132,0.5811966886
3415,1.0,0.0,0.0,0.0,1.0,1.0,0.4314139346,0.4403670713,0.07374382019,0.07067114115,0.5395683441,0.6208333872,0.6321840318,0.5826080723
3416,1.0,0.0,0.0,0.0,1.0,1.0,0.4252562032,0.4362947653,0.07240867615,0.06935346127,0.538599596,0.6329114862,0.6346154423,0.5903083473
3417,1.0,0.0,0.0,0.0,1.0,1.0,0.4192959245,0.446111304,0.07031613588,0.0706192255,0.5479205523,0.620689509,0.65134124,0.5793994568
3418,1.0,0.0,0.0,0.0,1.0,1.0,0.4141832497,0.4416143018,0.07022207975,0.06961148977,0.5315315553,0.6260865727,0.6317828197,0.5921052294
3419,1.0,0.0,0.0,0.0,1.0,1.0,0.4152356192,0.4420607262,0.07077115774,0.07046478987,0.5503597902,0.6233767328,0.65,0.5869558781
3420,1.0,0.0,0.0,0.0,1.0,1.0,0.4241713729,0.4269646997,0.07110780478,0.06805592775,0.540983557,0.6223173519,0.6360152569,0.5919281058
3421,1.0,0.0,0.0,0.0,1.0,1.0,0.4226314418,0.4234276992,0.07205277681,0.06865113974,0.5372050323,0.6223179978,0.6335877582,0.5810813744
3422,1.0,0.0,0.0,0.0,1.0,1.0,0.4278189261,0.4370183496,0.07325142622,0.07078915834,0.5503597692,0.6176466998,0.6425854492,0.5739130801
3423,1.0,0.0,0.0,0.0,1.0,1.0,0.4275781629,0.4347015458,0.07540464401,0.07261186838,0.5440140223,0.6296289563,0.6356878292,0.5854698434
3424,1.0,0.0,0.0,0.0,1.0,1.0,0.423901259,0.4319933975,0.07652127743,0.07341068983,0.5362069572,0.6260159182,0.6300367726,0.5805085468
3425,1.0,0.0,0.0,0.0,1.0,1.0,0.4162907901,0.4374848293,0.07407659292,0.07315832376,0.5318416402,0.6280991536,0.6373624298,0.5899577397
3426,1.0,0.0,0.0,0.0,1.0,1.0,0.4154407669,0.4338234064,0.07478839159,0.07264280319,0.5332196899,0.6270497258,0.6300367813,0.5864980669
3427,1.0,0.0,0.0,0.0,1.0,1.0,0.4076221455,0.4462455639,0.0728045702,0.07371848822,0.532423135,0.6359825716,0.634686464,0.5909090542
3428,1.0,0.0,0.0,0.0,1.0,1.0,0.3881989173,0.4462451347,0.06970840693,0.07398873568,0.5281090483,0.6359647135,0.6420663397,0.5991734638
3429,1.0,0.0,0.0,0.0,1.0,1.0,0.3850445223,0.4433888624,0.06995540857,0.074213624,0.5226130905,0.6391305126,0.6290907861,0.6024594048
3430,1.0,0.0,0.0,0.0,1.0,1.0,0.3829793452,0.4361198078,0.06990921497,0.0735886097,0.5243696756,0.6359650843,0.6290908795,0.599999838
3431,1.0,0.0,0.0,0.0,1.0,1.0,0.4004554403,0.4411457723,0.07102417946,0.07252895832,0.5195245838,0.6398302098,0.6190474809,0.5975104246
3432,1.0,0.0,0.0,-0.5235987902,1.0,1.0,0.4001089162,0.4474036681,0.07199424505,0.0740853548,0.5315614249,0.6390037612,0.6317689843,0.6048380219
3433,1.0,0.0,0.0,-0.5235987902,1.0,1.0,0.4017688957,0.4441963118,0.07308077812,0.07489269972,0.523255873,0.6404959824,0.6236557353,0.604839191
3434,1.0,0.0,0.0,-0.5235987902,1.0,1.0,0.4047738621,0.4404017191,0.07270979881,0.07330828905,0.5266666169,0.6419751973,0.6366903976,0.5999996748
3435,1.0,0.0,0.0,-0.5235987902,1.0,1.0,0.4017525361,0.4459873886,0.07291281223,0.07440692186,0.5222404625,0.6393440881,0.6272403137,0.594376857
3436,1.0,0.0,0.0,-0.5235987902,1.0,1.0,0.4046920287,0.4552618918,0.07488268614,0.07761120796,0.5229508251,0.6356279396,0.629893165,0.593750096
3437,1.0,0.0,0.0,-0.5235987902,1.0,1.0,0.4093897199,0.4474036324,0.07558852434,0.07589459419,0.5107795027,0.6437245942,0.6137184572,0.6048386083
3438,1.0,0.0,0.0,0.0,1.0,1.0,0.4110473152,0.4421992113,0.07531923056,0.07471185923,0.5174129119,0.637096436,0.6223019984,0.6016257438
3439,1.0,0.0,0.0,-0.5235987902,1.0,1.0,0.4063844662,0.4459876945,0.07456988096,0.07547932863,0.5123966224,0.6382111384,0.6200719169,0.5983931557
3440,1.0,0.0,0.0,-0.5235987902,1.0,1.0,0.4017526599,0.4497490818,0.07290768623,0.07529813051,0.5271828641,0.6516398133,0.642857092,0.6031744021
3441,1.0,0.0,0.0,-0.5235987902,1.0,1.0,0.4090124477,0.451360591,0.07447952032,0.07568079233,0.5412542162,0.6451612129,0.6523297071,0.6031748907
3442,1.0,0.0,0.0,-0.5235987902,1.0,1.0,0.406023373,0.4376989346,0.07430893183,0.07430893183,0.5411183924,0.6477732761,0.6560282667,0.5991896989
3443,1.0,0.0,0.0,-0.5235987902,1.0,1.0,0.4004278233,0.4365983934,0.07371252775,0.074611485,0.5342019478,0.6504066093,0.6491229478,0.6024095423
3444,1.0,0.0,0.0,-0.5235987902,1.0,1.0,0.387672172,0.4434140642,0.07129025459,0.0758022666,0.5384615011,0.649789474,0.6514083071,0.6031746781
3445,1.0,0.0,0.0,-0.5235987902,1.0,1.0,0.2253474008,0.4596668434,0.04026955366,0.07408368587,0.5404475488,0.7022902232,0.6068701613,0.5518666557
3446,1.0,0.0,0.0,0.0,1.0,1.0,0.1650283524,0.4827089441,0.0281265378,0.07173848152,0.5194804956,0.5056189538,0.5361703237,0.4845808975
3447,1.0,0.0,0.0,0.0,1.0,1.0,0.1849432006,0.4933953242,0.0313667655,0.07413971424,0.5514018511,0.5959596919,0.5780591722,0.5042737997
3448,1.0,0.0,0.0,0.0,1.0,1.0,0.29670944,0.4142174833,0.05317050219,0.06778460741,0.5486111821,0.649122866,0.6273762915,0.6055043935
3449,1.0,0.0,0.0,0.0,1.0,1.0,0.3680377292,0.4185853976,0.06720125675,0.06997561455,0.538851451,0.6146791432,0.6309961047,0.5903086552
3450,1.0,0.0,0.0,0.0,1.0,1.0,0.4001143534,0.4246712213,0.07272219658,0.07118797302,0.5405404142,0.6160337553,0.6336996663,0.5818965517
3451,1.0,0.0,0.0,0.0,1.0,1.0,0.3950495713,0.4231214306,0.07135343552,0.0707436204,0.5388513218,0.6111115752,0.6423356363,0.5818965844
3452,1.0,0.0,0.0,-0.5235987902,1.0,1.0,0.4068080071,0.4327296328,0.07491403818,0.07368093729,0.5276381893,0.6090540709,0.6376812913,0.5815901003
3453,1.0,0.0,0.0,0.0,1.0,1.0,0.4076221517,0.4421320333,0.07143640518,0.07113748789,0.5238907532,0.6234305434,0.628252627,0.5966389301
3454,1.0,0.0,0.0,0.0,1.0,1.0,0.4025054204,0.4421324573,0.07318240404,0.07380264997,0.5290103016,0.6313559978,0.6394051115,0.5966380311
3455,1.0,0.0,0.0,0.0,1.0,1.0,0.396005323,0.440274195,0.07014220953,0.0719640255,0.538593568,0.6233766234,0.6505574554,0.5864981
3456,1.0,0.0,0.0,0.0,1.0,1.0,0.3856908046,0.4395355457,0.07114464045,0.07454717159,0.5369127891,0.6260869347,0.6496350365,0.5850623734
3457,1.0,0.0,0.0,0.0,1.0,1.0,0.3873678764,0.4409305757,0.07193851471,0.07474130392,0.5268455614,0.6233768709,0.6360292334,0.5833330011
3458,1.0,0.0,0.0,0.0,1.0,1.0,0.3849202083,0.4328437537,0.07058411837,0.07213199139,0.5287162444,0.6140347322,0.6356877363,0.5922751604
3459,1.0,0.0,0.0,0.0,1.0,1.0,0.3765020841,0.4267281394,0.06754648685,0.07000273466,0.5291095974,0.6090905561,0.6329588845,0.5789470995
3460,1.0,0.0,0.0,0.0,1.0,1.0,0.3811432936,0.423555592,0.07016253471,0.07109802961,0.528813525,0.6177777853,0.6319701955,0.5877197615
3461,1.0,0.0,0.0,0.0,1.0,1.0,0.3729010163,0.4238374751,0.07049518824,0.07271802425,0.5260504456,0.6216216445,0.6333334028,0.5895192319
3462,1.0,0.0,0.0,0.0,1.0,1.0,0.3714591527,0.421986839,0.06742990017,0.06894183159,0.5283333047,0.6053809558,0.6370372208,0.5789476869
3463,1.0,0.0,0.0,0.0,1.0,1.0,0.3580342715,0.4170600287,0.06452399492,0.06788778305,0.5161290349,0.6303318236,0.6278196741,0.5990993601
3464,1.0,0.0,0.0,0.0,1.0,1.0,0.3651156475,0.4148976071,0.06613385677,0.06857204437,0.5303029991,0.6082951344,0.6383764995,0.5911114627
3465,1.0,0.0,0.0,0.0,1.0,1.0,0.3656899385,0.4170464067,0.06807971001,0.06992799044,0.524834368,0.6153846827,0.6323526746,0.5859033052
3466,1.0,0.0,0.0,0.0,1.0,1.0,0.3656899254,0.4167415238,0.06876426935,0.07032001019,0.5281456207,0.6244343068,0.6309961783,0.5884949151
3467,1.0,0.0,0.0,0.0,1.0,1.0,0.3667374073,0.4170464784,0.06726539135,0.06878036261,0.5305784845,0.6216214779,0.6323528402,0.5903090534
3468,1.0,0.0,0.0,0.0,1.0,1.0,0.3501333915,0.4140023185,0.06551492214,0.0698210597,0.5394736968,0.6291079172,0.6496352661,0.5991191759
3469,1.0,0.0,0.0,0.0,1.0,1.0,0.3493031561,0.4019896906,0.06415861845,0.06692147255,0.5267557392,0.6172251471,0.6273060802,0.5871560695
3470,1.0,0.0,0.0,0.0,1.0,1.0,0.3586037557,0.4130531747,0.06514805555,0.06756091118,0.528239189,0.6157403045,0.6346863885,0.5982140021
3471,1.0,0.0,0.0,0.0,1.0,1.0,0.3596663354,0.407521347,0.06668198109,0.06791114807,0.5257048853,0.608294346,0.6236161081,0.5837101531
3472,1.0,0.0,0.0,0.0,1.0,1.0,0.3475596534,0.414266599,0.06381881237,0.0680937171,0.5291180889,0.6172249608,0.6356877108,0.5919287339
3473,1.0,0.0,0.0,0.0,1.0,1.0,0.339877423,0.4008956689,0.06386190653,0.0679718852,0.5303029943,0.6237627459,0.6231342575,0.5906974786
3474,1.0,0.0,0.0,0.0,1.0,1.0,0.3501336299,0.4027053473,0.06716483831,0.06937205791,0.5312499684,0.6244130705,0.6300368011,0.6
3475,1.0,0.0,0.0,0.0,1.0,1.0,0.3509746002,0.4053292803,0.06415462494,0.0669041276,0.5384615008,0.6190473978,0.6407406725,0.5981736624
3476,1.0,0.0,0.0,0.0,1.0,1.0,0.3370212225,0.399404966,0.06161177158,0.06525379419,0.5265780946,0.6157637708,0.6282526213,0.5999998173
3477,1.0,0.0,0.0,0.0,1.0,1.0,0.3426179358,0.3960749549,0.06204116344,0.0647649169,0.5217391626,0.6195125654,0.6185184794,0.5934574236
3478,1.0,0.0,0.0,0.0,1.0,1.0,0.3353945972,0.3971663996,0.06237965822,0.0667681694,0.5261382425,0.6331657043,0.619403001,0.6103291959
3479,1.0,0.0,0.0,0.0,1.0,1.0,0.3291880887,0.401662435,0.06084758043,0.06680685282,0.5246179711,0.6546388168,0.6226415838,0.615023826
3480,1.0,0.0,0.0,0.0,1.0,1.0,0.3223456594,0.3986324418,0.05569159985,0.06158488989,0.5341297073,0.6507935998,0.6297708377,0.6076548819
3481,1.0,0.0,0.0,0.0,1.0,1.0,0.3302803811,0.401698538,0.05826598406,0.06342488527,0.5301204341,0.6458337809,0.6307693818,0.6076555339
3482,1.0,0.0,0.0,0.0,1.0,1.0,0.3354410571,0.400539827,0.05696731806,0.06134939194,0.5335627335,0.6205128312,0.6335877328,0.5904765698
3483,1.0,0.0,0.0,0.0,1.0,1.0,0.3401241321,0.4016986195,0.05824238062,0.06242388487,0.5287957459,0.6102564103,0.6346153846,0.5885167464
3484,1.0,0.0,0.0,0.0,1.0,1.0,0.3331474193,0.3886717813,0.05636799335,0.05990940332,0.5270506712,0.6230371641,0.6283524489,0.6009851629
3485,1.0,0.0,0.0,0.0,1.0,1.0,0.3377903477,0.3920886595,0.05867391825,0.06169837713,0.529616685,0.6134022765,0.6269232241,0.5882350668
3486,1.0,0.0,0.0,0.0,1.0,1.0,0.3261701727,0.3974610632,0.05461460352,0.06016367674,0.5305410433,0.6096252132,0.6370656888,0.5970869218
3487,1.0,0.0,0.0,0.0,1.0,1.0,0.3319824954,0.3920885588,0.05542367697,0.0595074892,0.524475522,0.6105263724,0.6269230452,0.593136813
3488,1.0,0.0,0.0,0.0,1.0,1.0,0.3180042886,0.3974613173,0.05155694485,0.05835562944,0.5314684659,0.604395236,0.6370654819,0.5922332477
3489,1.0,0.0,0.0,0.0,1.0,1.0,0.338971579,0.394010783,0.0590749979,0.06242460012,0.5244755245,0.6134016874,0.6192307446,0.6000003819
3490,1.0,0.0,0.0,0.0,1.0,1.0,0.3302354281,0.3916730187,0.05435013771,0.05837601423,0.5262237574,0.5925925926,0.6254825992,0.5763543931
3491,1.0,0.0,0.0,0.0,1.0,1.0,0.3184061519,0.4115348749,0.05273616314,0.06152552366,0.5362830699,0.6166670057,0.6352940332,0.5999998062
3492,1.0,0.0,0.0,0.0,1.0,1.0,0.3136548159,0.4115350291,0.0522415638,0.0619814992,0.5354609736,0.6158194024,0.6392156164,0.595237706
3493,1.0,0.0,0.0,0.0,1.0,1.0,0.302439815,0.4128127292,0.05032837391,0.0604518652,0.533913084,0.6321837583,0.6324108468,0.6076557807
3494,1.0,0.0,0.0,0.0,1.0,1.0,0.3063089146,0.4095755164,0.05268776417,0.06292426586,0.5271453114,0.6228570717,0.6313725688,0.6172252566
3495,1.0,0.0,0.0,0.0,1.0,1.0,0.2781211205,0.4234584627,0.04474008083,0.06090426445,0.5332135674,0.6387091101,0.6265059592,0.6303322359
3496,1.0,0.0,0.0,0.0,1.0,1.0,0.2818041658,0.4219432666,0.04609507322,0.06212812662,0.5359018843,0.6211170406,0.6459146064,0.6267282079
3497,1.0,0.0,0.0,0.0,1.0,1.0,0.2842937452,0.3978546755,0.04515701532,0.05805897713,0.5477030682,0.6335405202,0.6576924161,0.632850068
3498,1.0,0.0,0.0,0.0,1.0,1.0,0.2994781413,0.3901664542,0.04819172621,0.05788707733,0.5336880175,0.6153838543,0.6423076444,0.6108368754
3499,1.0,0.0,0.0,0.0,1.0,1.0,0.2873177216,0.3882448495,0.04646468163,0.05758196115,0.534391509,0.613496539,0.6461539018,0.6188113636
3500,1.0,0.0,0.0,0.0,1.0,1.0,0.2668578727,0.378017901,0.04398959875,0.05743867159,0.5408162758,0.6050949632,0.6494462875,0.6146341919
3501,1.0,0.0,0.0,0.0,1.0,1.0,0.05377337381,0.4421396121,0.0082898736,0.0614593029,0.513914698,0.3448278341,0.5555556032,0.4558138948
3502,1.0,0.0,0.0,0.0,1.0,1.0,0.0611171467,0.4161020862,0.009709000587,0.05968159437,0.5089928203,0.2352937565,0.5537847844,0.4210524213
3503,1.0,0.0,0.0,0.0,1.0,1.0,0.08482353307,0.4025530171,0.01315963268,0.0580739975,0.5239851562,0.5434772762,0.6111111111,0.4926102307
3504,1.0,0.0,0.0,0.0,1.0,1.0,0.2139026019,0.3530849575,0.03363078833,0.05305552483,0.5424354593,0.5689655478,0.6486484878,0.6120214712
3505,1.0,0.0,0.0,0.0,1.0,1.0,0.2712767646,0.3598739703,0.04252368212,0.05399399996,0.5428571537,0.5723680983,0.660447945,0.6010361322
3506,1.0,0.0,0.0,0.0,1.0,1.0,0.3118824272,0.3600928476,0.04918760061,0.05477708578,0.5390071291,0.5625006816,0.6544118483,0.5918366237
3507,1.0,0.0,0.0,0.0,1.0,1.0,0.3249504021,0.3517888997,0.05178910494,0.05458849669,0.548330359,0.5513519175,0.664259803,0.5743593607
3508,1.0,0.0,0.0,0.0,1.0,1.0,0.3476318335,0.3684992375,0.05697882175,0.05840331316,0.5321738526,0.5600002511,0.6474818683,0.5756094076
3509,1.0,0.0,0.0,0.0,1.0,1.0,0.3477843639,0.3860660263,0.05642342567,0.06098294258,0.5237258632,0.5404044672,0.6642598638,0.5794390514
3510,1.0,0.0,0.0,0.0,1.0,1.0,0.3593701417,0.3898925335,0.05847072601,0.06196153164,0.4973166098,0.5422884964,0.6520146259,0.5774648836
3511,1.0,0.0,0.0,0.0,1.0,1.0,0.3516885763,0.3770461335,0.05715250969,0.06094330549,0.4883302761,0.5714285714,0.6498194347,0.5885165078
3512,1.0,0.0,0.0,0.0,1.0,1.0,0.4187607655,0.3752482379,0.06486058235,0.05909514427,0.4804469532,0.6088891544,0.6556776501,0.6195125937
3513,1.0,0.0,0.0,0.0,1.0,1.0,0.4426102473,0.3757445871,0.07155323029,0.06495845318,0.489795924,0.5944701382,0.6603052027,0.6091370884
3514,1.0,0.0,0.0,0.0,1.0,1.0,0.4657401401,0.368312611,0.07200735807,0.06149977446,0.484000005,0.6008585503,0.6518518704,0.5979899108
3515,1.0,0.0,0.0,0.0,1.0,1.0,0.5047281644,0.3496072844,0.07863169909,0.05522942543,0.4308616732,0.6587304174,0.5731226072,0.661017315
3516,1.0,0.0,0.0,0.0,1.0,1.0,0.4002141505,0.2899937504,0.0571885705,0.03500068188,0.2494529442,0.8087423721,0.305699313,0.7053578423
3517,1.0,0.0,0.0,0.0,1.0,1.0,0.3166334398,0.204885612,0.04725986719,0.02636265755,0.2327586577,0.8775503255,0.2599998193,0.6341466723
3518,0.0,0.0,0.0,0.0,0.0,0.0,0.0,0.0,0.0,0.0,0.0,0.0,0.0,0.0
3519,0.0,0.0,0.0,0.0,0.0,0.0,0.0,0.0,0.0,0.0,0.0,0.0,0.0,0.0
3520,0.0,0.0,0.0,0.0,0.0,0.0,0.0,0.0,0.0,0.0,0.0,0.0,0.0,0.0
3521,0.0,0.0,0.0,0.0,0.0,0.0,0.0,0.0,0.0,0.0,0.0,0.0,0.0,0.0
3522,0.0,0.0,0.0,0.0,0.0,0.0,0.0,0.0,0.0,0.0,0.0,0.0,0.0,0.0
3523,0.0,0.0,0.0,0.0,0.0,0.0,0.0,0.0,0.0,0.0,0.0,0.0,0.0,0.0
3524,1.0,0.0,0.0,0.0,1.0,1.0,0.2966085705,0.3287637047,0.05338537693,0.05802756548,0.5000000414,0.6032603963,0.6151316789,0.5849995018
3525,1.0,0.0,0.0,0.0,1.0,1.0,0.2976045071,0.3266150406,0.05130290985,0.05486941338,0.4824841152,0.5935832791,0.6013073032,0.6000004345
3526,1.0,0.0,0.0,0.0,1.0,1.0,0.3039705192,0.3293239603,0.05131918192,0.05400598049,0.4792992099,0.596858511,0.5967212626,0.6069652455
3527,1.0,0.0,0.0,0.0,1.0,1.0,0.2204652378,0.279843736,0.0363137722,0.04519045353,0.4820260711,0.5925934437,0.5899997859,0.5714285714
3528,1.0,0.0,0.0,0.0,1.0,1.0,0.03956463687,0.3012759001,0.00629389286,0.04569935799,0.4561100769,0.8260886035,0.5198556311,0.4610777506
3529,1.0,0.0,0.0,0.0,1.0,1.0,0.1178830493,0.2560846958,0.01889246702,0.03942769766,0.4752135903,0.6231863025,0.5551603338,0.5972226212
3530,1.0,0.0,0.0,0.0,1.0,1.0,0.1995614173,0.2649526547,0.03264415264,0.04227679968,0.4844517028,0.5983607156,0.5838926902,0.5696199141
3531,1.0,0.0,0.0,0.0,1.0,1.0,0.2470165574,0.2924786185,0.0407024622,0.04686135054,0.4731707432,0.585526759,0.5819398304,0.6000002544
3532,1.0,0.0,0.0,0.0,1.0,1.0,0.2709526747,0.3021566751,0.04485577345,0.04888468981,0.4642857818,0.5928151431,0.5681060834,0.609890398
3533,1.0,0.0,0.0,0.0,1.0,1.0,0.2795187733,0.3094299831,0.04633277655,0.05037343502,0.474796798,0.5930235999,0.5761591368,0.6149733886
3534,1.0,0.0,0.0,0.0,1.0,1.0,0.2848571064,0.313356452,0.04690903425,0.05092984438,0.4723127278,0.5885720893,0.5808580894,0.610526402
3535,1.0,0.0,0.0,0.0,1.0,1.0,0.2951041357,0.3189006647,0.04873859882,0.05223917961,0.4665578204,0.5801102608,0.5723683804,0.6134023559
3536,1.0,0.0,0.0,0.0,1.0,1.0,0.286255908,0.322079322,0.04687947035,0.05196923018,0.4713582858,0.5828568595,0.5747506367,0.6134013229
3537,1.0,0.0,0.0,0.0,1.0,1.0,0.2871771457,0.3217160957,0.04768705368,0.05307549238,0.4691557439,0.5875701201,0.5784313478,0.6142135685
3538,1.0,0.0,0.0,0.0,1.0,1.0,0.3060179671,0.3288065739,0.05023175478,0.05397242308,0.4706839705,0.5904260937,0.5732897107,0.6188124443
3539,1.0,0.0,0.0,0.0,1.0,1.0,0.2918435015,0.3238324202,0.0477463007,0.05254763365,0.4845024743,0.592179015,0.5855264004,0.6091369925
3540,1.0,0.0,0.0,0.0,1.0,1.0,0.3076457144,0.3315143021,0.05001199245,0.05371659994,0.488599342,0.5873022494,0.5915033401,0.6059120188
3541,1.0,0.0,0.0,0.0,1.0,1.0,0.3016259225,0.3239234416,0.04895949364,0.05266457796,0.4926591497,0.5891899723,0.5960911348,0.6030150583
3542,1.0,0.0,0.0,0.0,1.0,1.0,0.3050244043,0.3191766588,0.04990851879,0.05256325006,0.5032467716,0.5904247569,0.6064513957,0.6111105441
3543,1.0,0.0,0.0,0.0,1.0,1.0,0.3066470023,0.3218264761,0.05002439022,0.05267113447,0.4918831368,0.5978838753,0.5987055924,0.6130658896
3544,1.0,0.0,0.0,0.0,1.0,1.0,0.3051608203,0.3244943091,0.05001938343,0.05293059349,0.4927302185,0.5873024574,0.5974025927,0.6050000676
3545,1.0,0.0,0.0,0.0,1.0,1.0,0.3110094337,0.32449399,0.0507491827,0.05286371708,0.4910859158,0.5937505138,0.6006493495,0.6100003834
3546,1.0,0.0,0.0,0.0,1.0,1.0,0.3024197974,0.3212490227,0.04968374968,0.05260634422,0.4919093076,0.604278062,0.6006492041,0.6060608121
3547,1.0,0.0,0.0,0.0,1.0,1.0,0.3041778718,0.3234440738,0.05025702715,0.05318206549,0.4927536284,0.5978832339,0.6051779501,0.6099992491
3548,1.0,0.0,0.0,0.0,1.0,1.0,0.3093894584,0.327685656,0.05129116774,0.05370801687,0.482982147,0.5968591194,0.5967212924,0.6150003718
3549,1.0,0.0,0.0,0.0,1.0,1.0,0.310901414,0.3249009761,0.05160677433,0.05322790146,0.4788274183,0.6020942046,0.5841585779,0.614214079
3550,1.0,0.0,0.0,0.0,1.0,1.0,0.3142492454,0.3375596636,0.05258607864,0.05529665947,0.4764991077,0.5979373147,0.5927149836,0.5980388564
3551,1.0,0.0,0.0,0.0,1.0,1.0,0.3149368563,0.3336953209,0.05280381441,0.05468964577,0.4774919408,0.5969380326,0.5921049856,0.6059114589
3552,1.0,0.0,0.0,0.0,1.0,1.0,0.3123254643,0.3347805884,0.05216360092,0.05483871698,0.4759615814,0.6,0.5882353155,0.6146334783
3553,1.0,0.0,0.0,0.0,1.0,1.0,0.3191764737,0.3419143874,0.05338305235,0.05607920885,0.4854838993,0.6060601662,0.5986842416,0.6009610428
3554,1.0,0.0,0.0,0.0,1.0,1.0,0.3267713189,0.3506239737,0.05441373587,0.05680263042,0.478469022,0.6048782411,0.5934426374,0.602803807
3555,1.0,0.0,0.0,0.0,1.0,1.0,0.3160354846,0.3380950981,0.05334144831,0.05550760031,0.4735152128,0.6142128747,0.5874589436,0.6097557833
3556,1.0,0.0,0.0,0.0,1.0,1.0,0.3235372067,0.3413936657,0.05439049006,0.05573683977,0.4743589812,0.6138609413,0.5874586953,0.6135263376
3557,1.0,0.0,0.0,0.0,1.0,1.0,0.3267098362,0.3413933729,0.05453550816,0.05561006069,0.4863124014,0.6059113354,0.594059348,0.603864812
3558,1.0,0.0,0.0,0.0,1.0,1.0,0.321989151,0.3435581704,0.05432105064,0.05620348454,0.4816586457,0.6039604721,0.5953944876,0.6028710265
3559,1.0,0.0,0.0,0.0,1.0,1.0,0.2940476827,0.3281993886,0.04897427559,0.05325621367,0.4887460336,0.5901634755,0.597359759,0.5929651222
3560,1.0,0.0,0.0,0.0,1.0,1.0,0.1638155264,0.2567059505,0.02629619837,0.0398427844,0.4966888007,0.5959603515,0.5753422869,0.5866667863
3561,1.0,0.0,0.0,0.0,1.0,1.0,0.08098925161,0.2958637319,0.0127350688,0.04443728924,0.4879310629,0.6595743685,0.5451263882,0.4939023572
3562,1.0,0.0,0.0,0.0,1.0,1.0,0.1808037482,0.2732038799,0.02919119596,0.04270559549,0.5025125322,0.6018515683,0.588235182,0.5949369209
3563,1.0,0.0,0.0,0.0,1.0,1.0,0.2440878491,0.2913626456,0.03976416588,0.04621243477,0.498349806,0.6148648244,0.6033900789,0.5930240057
3564,1.0,0.0,0.0,0.0,1.0,1.0,0.2797127681,0.3108629678,0.0456007719,0.04960083961,0.4909983633,0.6140350877,0.6020064641,0.5913978495
3565,1.0,0.0,0.0,0.0,1.0,1.0,0.2913028103,0.3210128211,0.04843616486,0.05191498995,0.4766504894,0.6077349426,0.5894039369,0.597937517
3566,1.0,0.0,0.0,0.0,1.0,1.0,0.3024198417,0.3254000302,0.05008733273,0.05249804258,0.4822005896,0.6149732366,0.5913619851,0.5918371518
3567,1.0,0.0,0.0,0.0,1.0,1.0,0.3072716108,0.3287199283,0.05170220137,0.05387914181,0.4757281467,0.6210528015,0.594684505,0.5959596965
3568,1.0,0.0,0.0,0.0,1.0,1.0,0.3087708722,0.3331474398,0.05165278912,0.05437135696,0.4813008147,0.6105263158,0.5966666265,0.585
3569,1.0,0.0,0.0,0.0,1.0,1.0,0.3174888256,0.3364458546,0.05270385742,0.05485504866,0.4732577143,0.6122453134,0.5874585939,0.5931371324
3570,1.0,0.0,0.0,0.0,1.0,1.0,0.3218266089,0.3413934973,0.05420434475,0.05638343096,0.4789644408,0.6180902091,0.597359674,0.6038646577
3571,1.0,0.0,0.0,0.0,1.0,1.0,0.3128269033,0.3364457712,0.05266219378,0.05509275198,0.4815409909,0.6,0.5973598393,0.5980398203
3572,1.0,0.0,0.0,0.0,1.0,1.0,0.3219354798,0.3402705799,0.05418896675,0.05580657721,0.4695513286,0.6119398552,0.5888157751,0.6086956986
3573,1.0,0.0,0.0,0.0,1.0,1.0,0.3272932703,0.3445788622,0.05526834726,0.05688595772,0.479233224,0.6048774385,0.5980392263,0.5971565024
3574,1.0,0.0,0.0,0.0,1.0,1.0,0.3272932595,0.3489854695,0.05533176661,0.05749106407,0.4856229908,0.6097555458,0.6,0.6009382711
3575,1.0,0.0,0.0,0.0,1.0,1.0,0.3288898699,0.3478450475,0.05577456951,0.0576698184,0.4840254637,0.6067954629,0.6013072694,0.6009390836
3576,1.0,0.0,0.0,0.0,1.0,1.0,0.3315609452,0.3483397739,0.05640912056,0.05775862932,0.4746032447,0.6220091548,0.5928339055,0.6028034249
3577,1.0,0.0,0.0,0.0,1.0,1.0,0.3336771131,0.3499674138,0.05664777756,0.05799651146,0.4785373486,0.604762035,0.5960912357,0.6
3578,1.0,0.0,0.0,0.0,1.0,1.0,0.3304992822,0.3478452929,0.055963099,0.05730837584,0.4785372853,0.6105772149,0.5947712229,0.5962443121
3579,1.0,0.0,0.0,0.0,1.0,1.0,0.3352657184,0.3515950399,0.0564687252,0.05780684948,0.4753577107,0.6113746427,0.5895765472,0.6064817011
3580,1.0,0.0,0.0,0.0,1.0,1.0,0.3272932871,0.3457085765,0.05534386635,0.05696368217,0.4840256486,0.6097557823,0.5999998553,0.5971557782
3581,1.0,0.0,0.0,0.0,1.0,1.0,0.3400326491,0.354377174,0.05716025829,0.05796158314,0.4753576585,0.6028029489,0.5915031167,0.6036862142
3582,1.0,0.0,0.0,0.0,1.0,1.0,0.3363202656,0.3504535973,0.05740189552,0.05848491192,0.4793650927,0.6084903701,0.5909091234,0.6018523992
3583,1.0,0.0,0.0,0.0,1.0,1.0,0.3294157306,0.3445789418,0.05527478456,0.05661648512,0.486400048,0.6067965196,0.6013073342,0.5924166225
3584,1.0,0.0,0.0,0.0,1.0,1.0,0.3374116003,0.3506240432,0.05697417259,0.05778425932,0.4783999399,0.6066350166,0.5934426372,0.6028032129
3585,1.0,0.0,0.0,0.0,1.0,1.0,0.3304865105,0.3522625463,0.05552881956,0.0576748848,0.4808306834,0.6038648847,0.5934428223,0.5953490199
3586,1.0,0.0,0.0,0.0,1.0,1.0,0.3379293044,0.3511112591,0.05700552464,0.0578122139,0.4816586341,0.6084898065,0.5947712395,0.6000002062
3587,1.0,0.0,0.0,0.0,1.0,1.0,0.3379295477,0.3539011063,0.05657088757,0.05763828754,0.4752790512,0.5990567926,0.593442467,0.5972223658
3588,1.0,0.0,0.0,0.0,1.0,1.0,0.333679428,0.3484897482,0.05623096228,0.05703812838,0.4792331732,0.6172245254,0.5921052919,0.5990567862
3589,1.0,0.0,0.0,0.0,1.0,1.0,0.3347410061,0.3473468359,0.05663627386,0.0571756959,0.4784689476,0.619047168,0.5934424615,0.5990571791
3590,1.0,0.0,0.0,0.0,1.0,1.0,0.3352760766,0.3473473641,0.05650883913,0.05704706907,0.4824280489,0.6142853677,0.5967212365,0.5943395142
3591,1.0,0.0,0.0,0.0,1.0,1.0,0.3389824237,0.3543771637,0.0567933321,0.05785989761,0.4745223491,0.6197186498,0.5882352512,0.6082950116
3592,1.0,0.0,0.0,0.0,1.0,1.0,0.3390104576,0.3501332233,0.05728340149,0.05755358934,0.4767999489,0.6132077631,0.5921053777,0.6056344884
3593,1.0,0.0,0.0,0.0,1.0,1.0,0.3347413528,0.3473469232,0.05653500557,0.05707341433,0.4784689139,0.6142857143,0.5934425337,0.5990571604
3594,1.0,0.0,0.0,0.0,1.0,1.0,0.3331471244,0.3489854495,0.05612760782,0.05720186234,0.4752790834,0.61244073,0.5934426861,0.6009390552
3595,1.0,0.0,0.0,0.0,1.0,1.0,0.3283653436,0.3468458424,0.05584770441,0.05720323324,0.4720893366,0.621358871,0.5888158406,0.6066347057
3596,1.0,0.0,0.0,0.0,1.0,1.0,0.3283652249,0.3506239585,0.05537688732,0.05752748251,0.4800638302,0.6019417267,0.5967212888,0.6028041208
3597,1.0,0.0,0.0,0.0,1.0,1.0,0.3336793281,0.3511109565,0.05614179373,0.05775350332,0.4792332308,0.6124399222,0.5947712916,0.6000002064
3598,1.0,0.0,0.0,0.0,1.0,1.0,0.3288897359,0.3457086046,0.05534273386,0.05668604374,0.4920128418,0.6116508723,0.6131146468,0.5971563582
3599,1.0,0.0,0.0,0.0,1.0,1.0,0.32465933,0.34520207,0.0549146533,0.05652981997,0.4808916446,0.6078431373,0.6019737106,0.6000002109
3600,1.0,0.0,0.0,0.0,1.0,1.0,0.3320829399,0.3473472912,0.05579799414,0.05687105656,0.4744408393,0.6201926004,0.5967211372,0.6037732487
3601,1.0,0.0,0.0,0.0,1.0,1.0,0.3278422266,0.3462119712,0.0554882288,0.05710440874,0.4761146101,0.6116508296,0.5980390598,0.5990566284
3602,1.0,0.0,0.0,0.0,1.0,1.0,0.3304864871,0.3501333834,0.05540150404,0.05700731277,0.480830722,0.6135260139,0.601973789,0.6056341121
3603,1.0,0.0,0.0,0.0,1.0,1.0,0.3331472494,0.3501335132,0.05644989014,0.05753028393,0.4848485808,0.6124402369,0.601973695,0.610328658
3604,1.0,0.0,0.0,0.0,1.0,1.0,0.3331473804,0.3534211713,0.05611592531,0.05772691965,0.4800638433,0.6028706203,0.6019739099,0.5953482561
3605,1.0,0.0,0.0,0.0,1.0,1.0,0.3331473124,0.3484895749,0.05559724569,0.05666643381,0.4791665737,0.6153841206,0.5986841261,0.6037729895
3606,1.0,0.0,0.0,0.0,1.0,1.0,0.3336819091,0.3446921404,0.05513691902,0.05540204048,0.4799358495,0.6201921206,0.5940593031,0.6028701699
3607,1.0,0.0,0.0,0.0,1.0,1.0,0.3347415152,0.3522624932,0.05626875162,0.05760848522,0.4800637192,0.6190482748,0.5967213868,0.6
3608,1.0,0.0,0.0,0.0,1.0,1.0,0.3331471777,0.3496397921,0.0553792119,0.0564442277,0.4807692825,0.6201920334,0.5940594498,0.5990567881
3609,1.0,0.0,0.0,0.0,1.0,1.0,0.3342135035,0.3517773504,0.05591422319,0.05725187063,0.4800000428,0.6172244519,0.5953949043,0.598131026
3610,1.0,0.0,0.0,0.0,1.0,1.0,0.3315533818,0.3501334778,0.05501902103,0.0563415885,0.4784689794,0.6105771418,0.5953945236,0.6009383711
3611,1.0,0.0,0.0,0.0,1.0,1.0,0.333679748,0.3517772625,0.05610251427,0.05744463205,0.4792332886,0.6124405574,0.5986843042,0.6028040147
3612,1.0,0.0,0.0,0.0,1.0,1.0,0.3272934884,0.3424319466,0.05509757996,0.05617266893,0.4744409067,0.619512021,0.5967212436,0.5933017197
3613,1.0,0.0,0.0,0.0,1.0,1.0,0.3283425267,0.3435579496,0.05446308851,0.05552572012,0.4839744459,0.6146339381,0.6019734998,0.5933013943
3614,1.0,0.0,0.0,0.0,1.0,1.0,0.3336821753,0.3484893331,0.05570304394,0.05677419901,0.4879615595,0.6105771597,0.6085524884,0.5943393948
3615,1.0,0.0,0.0,0.0,1.0,1.0,0.3315532867,0.3501333373,0.05555081367,0.05688613653,0.4784688587,0.6153845328,0.5986841261,0.596244097
3616,1.0,0.0,0.0,0.0,1.0,1.0,0.3299440486,0.3484895538,0.05504989624,0.05665326118,0.4743590522,0.6116498337,0.592105268,0.5990569015
3617,1.0,0.0,0.0,0.0,1.0,1.0,0.3261845078,0.3474876942,0.05459779501,0.05648040771,0.482315065,0.6256164035,0.59933765,0.6047622163
3618,1.0,0.0,0.0,0.0,1.0,1.0,0.3229705651,0.3441786783,0.05438560247,0.05627965927,0.4839227778,0.6169157609,0.6059603651,0.5865384615
3619,1.0,0.0,0.0,0.0,1.0,1.0,0.3320828162,0.3473468712,0.05619871616,0.05727946758,0.4776358905,0.6201930726,0.5967213873,0.5990572222
3620,1.0,0.0,0.0,0.0,1.0,1.0,0.3278167367,0.3429457187,0.05518740416,0.05653345585,0.4864001113,0.614633904,0.611111312,0.5999995783
3621,1.0,0.0,0.0,0.0,1.0,1.0,0.3251389885,0.3463411576,0.05443173647,0.05630868673,0.4807691144,0.6108377783,0.6039603089,0.5952389269
3622,1.0,0.0,0.0,0.0,1.0,1.0,0.3182223364,0.3419143994,0.05389803648,0.05633562803,0.4799999648,0.6130655045,0.5986840082,0.600961747
3623,1.0,0.0,0.0,0.0,1.0,1.0,0.3140191675,0.3391547029,0.05278360844,0.05546295643,0.4896331286,0.6040616016,0.6065576698,0.594202774
3624,1.0,0.0,0.0,0.0,1.0,1.0,0.3177141257,0.3446917046,0.05329692364,0.05597507954,0.4856228579,0.6130652423,0.6072606122,0.6028712414
3625,1.0,0.0,0.0,0.0,1.0,1.0,0.3108311577,0.3358778626,0.0524430275,0.05513238907,0.4896332265,0.6000002273,0.6098362239,0.5951222096
3626,1.0,0.0,0.0,0.0,1.0,1.0,0.3151109526,0.3396794091,0.05325806141,0.05594778061,0.4824840006,0.6161616614,0.6045749068,0.600962235
3627,1.0,0.0,0.0,0.0,1.0,1.0,0.3114318902,0.338626505,0.05262500048,0.0553098917,0.4769475759,0.6020403194,0.601973563,0.6019423544
3628,1.0,0.0,0.0,0.0,1.0,1.0,0.3034871881,0.3347966758,0.05130594969,0.05452936888,0.4801272306,0.6020939367,0.6072608915,0.5960588118
3629,1.0,0.0,0.0,0.0,1.0,1.0,0.3065382419,0.3369827341,0.05215650797,0.05568790436,0.4792332699,0.609374875,0.6052631009,0.6000002141
3630,1.0,0.0,0.0,0.0,1.0,1.0,0.3060489195,0.3375598085,0.05185842514,0.05509960651,0.4768740545,0.6145832376,0.6026490115,0.6029415265
3631,1.0,0.0,0.0,0.0,1.0,1.0,0.3112226319,0.3419143449,0.05257070065,0.05636447668,0.4831461507,0.608247259,0.601973664,0.6009608318
3632,1.0,0.0,0.0,0.0,1.0,1.0,0.3198212451,0.3496396403,0.05364960432,0.05686861277,0.4863999994,0.6049999389,0.6072608446,0.5990564901
3633,1.0,0.0,0.0,0.0,1.0,1.0,0.3097314373,0.3419142679,0.05231648684,0.05609184504,0.4776357123,0.6134016919,0.6019735193,0.6009616764
3634,1.0,0.0,0.0,0.0,1.0,1.0,0.287865193,0.3247343079,0.04800760746,0.05205315351,0.4870549228,0.6067412103,0.6060606173,0.5906731539
3635,1.0,0.0,0.0,0.0,1.0,1.0,0.1682227133,0.2801202277,0.02765518427,0.04392296076,0.4950494206,0.6078426301,0.5882351823,0.6111113373
3636,1.0,0.0,0.0,0.0,1.0,1.0,0.09775304929,0.3118828296,0.01581484079,0.04798996449,0.5126474678,0.6034470412,0.5851061769,0.5113632694
3637,1.0,0.0,0.0,0.0,1.0,1.0,0.1182875419,0.2937427106,0.01889115572,0.04490059614,0.5283020171,0.5797104193,0.5985662775,0.5365860134
3638,1.0,0.0,0.0,0.0,1.0,1.0,0.1884194761,0.2894932752,0.03062140942,0.04473382235,0.4885245709,0.5999996107,0.58965505,0.6011906586
3639,1.0,0.0,0.0,0.0,1.0,1.0,0.243766211,0.3127505938,0.04010021687,0.04918962717,0.4943089393,0.6,0.5986394223,0.5923915348
3640,1.0,0.0,0.0,0.0,1.0,1.0,0.259951827,0.3150784271,0.04321873188,0.04992973804,0.4927302291,0.6086954723,0.6067795412,0.5913974515
3641,1.0,0.0,0.0,0.0,1.0,1.0,0.2855548536,0.3264167242,0.04790312052,0.05220896006,0.4831461093,0.5955049329,0.5925925788,0.5824749036
3642,1.0,0.0,0.0,0.0,1.0,1.0,0.3022313989,0.3376042924,0.05076915026,0.05426120758,0.4831999736,0.6031745845,0.5986621205,0.594059221
3643,1.0,0.0,0.0,0.0,1.0,1.0,0.3070285378,0.3414758143,0.05129557848,0.05476868153,0.4784000068,0.5989574679,0.5966664276,0.5951226838
3644,1.0,0.0,0.0,0.0,1.0,1.0,0.3097313058,0.3431416567,0.05220979452,0.05543923378,0.4824281625,0.6030926952,0.6000002214,0.5922325817
3645,1.0,0.0,0.0,0.0,1.0,1.0,0.308745026,0.3436620226,0.05221325159,0.05571204424,0.480891667,0.5927832757,0.5913619479,0.5845405925
3646,1.0,0.0,0.0,0.0,1.0,1.0,0.3059189188,0.343141765,0.05111634731,0.05513072014,0.4839744739,0.5968586387,0.5966668942,0.5922330097
3647,1.0,0.0,0.0,0.0,1.0,1.0,0.3032012306,0.34147585,0.05104845762,0.05537003279,0.4751203227,0.6031740286,0.5933332892,0.5902438762
3648,1.0,0.0,0.0,0.0,1.0,1.0,0.3119277806,0.3446918853,0.05283749104,0.05634200573,0.4840764701,0.6020400106,0.6138613789,0.5885172576
3649,1.0,0.0,0.0,0.0,1.0,1.0,0.320395371,0.3545875347,0.05380219221,0.05754959583,0.4816586143,0.5920394482,0.6072607443,0.590697053
3650,1.0,0.0,0.0,0.0,1.0,1.0,0.3225039457,0.3489855358,0.05444204807,0.05740666389,0.4824281381,0.6039604286,0.6098362117,0.5962440973
3651,1.0,0.0,0.0,0.0,1.0,1.0,0.3179302934,0.3471218047,0.05270785093,0.05595141649,0.4779770899,0.6051288546,0.6073826372,0.5893722123
3652,1.0,0.0,0.0,0.0,1.0,1.0,0.3288064244,0.3509744337,0.05406153202,0.05620259047,0.4788273781,0.6089104544,0.6020067848,0.5952384235
3653,1.0,0.0,0.0,0.0,1.0,1.0,0.3391548982,0.3469825383,0.05590039492,0.05644053221,0.4934426707,0.6135268534,0.6112955703,0.5980864175
3654,1.0,0.0,0.0,0.0,1.0,1.0,0.336413371,0.3452018057,0.05507558584,0.05614501238,0.4820261149,0.6067964265,0.6085526002,0.5904759984
3655,1.0,0.0,0.0,0.0,1.0,1.0,0.3239233813,0.3386263689,0.05309784412,0.05496555567,0.4853420083,0.6130659584,0.6118418927,0.6019417265
3656,1.0,0.0,0.0,0.0,1.0,1.0,0.3293801428,0.3429455811,0.05386823416,0.05545252562,0.4894992105,0.6127452119,0.6176470046,0.59999957
3657,1.0,0.0,0.0,0.0,1.0,1.0,0.329928502,0.3506240096,0.05449080467,0.05688309669,0.4847020777,0.6097555907,0.6065574192,0.5934583063
3658,1.0,0.0,0.0,0.0,1.0,1.0,0.3224524194,0.342945817,0.05285286903,0.05521941185,0.4847511989,0.6169157483,0.6111110494,0.59047654
3659,1.0,0.0,0.0,0.0,1.0,1.0,0.3347645184,0.3512891714,0.05499637127,0.05659049749,0.4724918947,0.6183577078,0.594059285,0.5915490436
3660,1.0,0.0,0.0,0.0,1.0,1.0,0.3288485787,0.3491426515,0.05439966917,0.05626630783,0.4741935792,0.6225491002,0.6059603298,0.5829382029
3661,1.0,0.0,0.0,0.0,1.0,1.0,0.3342288617,0.3564675662,0.05504310131,0.05718070269,0.4805194523,0.6213585715,0.6066666394,0.5887851247
3662,1.0,0.0,0.0,0.0,1.0,1.0,0.3336954222,0.3528435393,0.05480253696,0.05642229319,0.4884869537,0.6108377545,0.6114866515,0.5837320372
3663,1.0,0.0,0.0,0.0,1.0,1.0,0.33641336,0.3593310767,0.0556486845,0.05807995796,0.4771242843,0.6116502255,0.5986622715,0.5953490281
3664,1.0,0.0,0.0,0.0,1.0,1.0,0.3298490102,0.3557334941,0.05407273769,0.05677634478,0.4801981152,0.6050000551,0.6033896951,0.5904767104
3665,1.0,0.0,0.0,0.0,1.0,1.0,0.3347963519,0.3535440675,0.05449819565,0.05584055185,0.4834984287,0.6108376863,0.6054423617,0.5817308873
3666,1.0,0.0,0.0,0.0,1.0,1.0,0.3397768217,0.3598671438,0.05492603779,0.05653363466,0.4809287443,0.6146340881,0.6075084107,0.5924171066
3667,1.0,0.0,0.0,0.0,1.0,1.0,0.338681363,0.3696567609,0.05471366644,0.05793213844,0.486710912,0.6176472831,0.613013558,0.5879632488
3668,1.0,0.0,0.0,0.0,1.0,1.0,0.3469138138,0.3654421811,0.05635482073,0.05769658089,0.4809916509,0.6142856992,0.6020406122,0.5860465212
3669,1.0,0.0,0.0,0.0,1.0,1.0,0.3437146172,0.3640579444,0.05558496714,0.0572039485,0.4808013389,0.6213598896,0.6013746395,0.5849052279
3670,1.0,0.0,0.0,0.0,1.0,1.0,0.3493849838,0.3687597645,0.05632412434,0.05794882774,0.4823529455,0.6105769333,0.6034484132,0.5841116208
3671,1.0,0.0,0.0,0.0,1.0,1.0,0.3442893382,0.3589060451,0.05584275723,0.056656003,0.4832775188,0.6116507238,0.6048110394,0.5789475345
3672,1.0,0.0,0.0,0.0,1.0,1.0,0.3459606941,0.3628110299,0.05602627993,0.05737954378,0.4816053395,0.6086960685,0.6061645565,0.5801890369
3673,1.0,0.0,0.0,0.0,1.0,1.0,0.3342507905,0.3535439458,0.05451637506,0.05613559484,0.4751655251,0.6188121356,0.6020407819,0.5769235261
3674,1.0,0.0,0.0,0.0,1.0,1.0,0.3474880967,0.3557336605,0.05705928802,0.05705928802,0.4850992939,0.6142854457,0.6101695734,0.5857143454
3675,1.0,0.0,0.0,0.0,1.0,1.0,0.345833505,0.3557333968,0.05653953552,0.0568100214,0.4801324817,0.6267942685,0.6000000746,0.5904760606
3676,1.0,0.0,0.0,0.0,1.0,1.0,0.337516508,0.3579079652,0.05595135689,0.05758094788,0.4754099009,0.6262128372,0.597972993,0.584905719
3677,1.0,0.0,0.0,0.0,1.0,1.0,0.3445230475,0.3605369803,0.05698335171,0.05778974295,0.4829267713,0.6179240645,0.6107379705,0.5860465308
3678,1.0,0.0,0.0,0.0,1.0,1.0,0.3369641208,0.3511553544,0.05584859848,0.05639082193,0.476268438,0.6262134679,0.5912163002,0.5913457727
3679,1.0,0.0,0.0,0.0,1.0,1.0,0.3374951397,0.3459604051,0.05528044701,0.0552803874,0.4796085072,0.6231880464,0.5986621163,0.5893723765
3680,1.0,0.0,0.0,0.0,1.0,1.0,0.3358646563,0.3421818017,0.05565905571,0.05457830429,0.4730831959,0.631067119,0.5898304211,0.5792084939
3681,1.0,0.0,0.0,0.0,1.0,1.0,0.3380226572,0.3438758095,0.05596345663,0.0546181798,0.4780487656,0.6346149955,0.5898303927,0.586206445
3682,1.0,0.0,0.0,0.0,1.0,1.0,0.3352966232,0.337060217,0.05618554354,0.05429470539,0.4661290251,0.6298076566,0.5872483743,0.5771148539
3683,1.0,0.0,0.0,0.0,1.0,1.0,0.3407191926,0.3398774842,0.05658298731,0.05442738533,0.4707791672,0.6238089971,0.5858585746,0.5792080075
3684,1.0,0.0,0.0,0.0,1.0,1.0,0.3233967032,0.332018008,0.05380666256,0.05299550295,0.4699187394,0.643216214,0.5932201808,0.5867349291
3685,1.0,0.0,0.0,0.0,1.0,1.0,0.3029611695,0.3234494659,0.04999268055,0.05135113001,0.4761120505,0.6304352491,0.5890411576,0.5925929365
3686,1.0,0.0,0.0,0.0,1.0,1.0,0.2857906151,0.3233487944,0.04734396935,0.05117529631,0.4793388281,0.6300579126,0.5847751191,0.588234746
3687,1.0,0.0,0.0,0.0,1.0,1.0,0.2916405326,0.3223454827,0.0485560894,0.05155670643,0.4836064165,0.6404492313,0.5972695712,0.5925931064
3688,1.0,0.0,0.0,0.0,1.0,1.0,0.3118125282,0.3365818883,0.0516680479,0.05329972506,0.4761904848,0.6473687368,0.5910652442,0.5969385644
3689,1.0,0.0,0.0,0.0,1.0,1.0,0.3173350646,0.3325787592,0.05232435465,0.05259406567,0.4811783869,0.6391758567,0.5938566656,0.58461528
3690,1.0,0.0,0.0,0.0,1.0,1.0,0.3217160364,0.3314475137,0.05336874723,0.05282688141,0.485294189,0.6395939597,0.5952381309,0.5897439658
3691,1.0,0.0,0.0,0.0,1.0,1.0,0.3320675698,0.339877472,0.05577725172,0.05496096611,0.4846028938,0.6487801177,0.5993266527,0.5891082452
3692,1.0,0.0,0.0,0.0,1.0,1.0,0.3358644659,0.3411063485,0.05539298058,0.05377960205,0.4730832101,0.6407762498,0.5904438112,0.584999867
3693,1.0,0.0,0.0,0.0,1.0,1.0,0.3445232703,0.3444021861,0.05717402697,0.05501645803,0.4910568501,0.6367927725,0.6013515304,0.573529587
3694,1.0,0.0,0.0,0.0,1.0,1.0,0.3472088353,0.3494672259,0.05757498741,0.05569171906,0.4853895751,0.6308414118,0.6013512629,0.5748786325
3695,1.0,0.0,0.0,0.0,1.0,1.0,0.346711867,0.3444020653,0.05722934008,0.05481117964,0.4820847294,0.6338026702,0.5945947565,0.5784309994
3696,1.0,0.0,0.0,0.0,1.0,1.0,0.3435069607,0.348444784,0.05658698082,0.05523967743,0.4959083872,0.6238092128,0.6054422127,0.5756100772
3697,1.0,0.0,0.0,0.0,1.0,1.0,0.3472777749,0.3506517351,0.0571616888,0.05555146933,0.4926590208,0.6338030519,0.6,0.5797098495
3698,1.0,0.0,0.0,0.0,1.0,1.0,0.3428979811,0.3518442996,0.05739676952,0.05630868673,0.4959348971,0.6303317486,0.60884364,0.574879089
3699,1.0,0.0,0.0,0.0,1.0,1.0,0.3456472017,0.3501446237,0.05758488178,0.05595511198,0.4910278285,0.6273586761,0.6020405842,0.5728159477
3700,1.0,0.0,0.0,0.0,1.0,1.0,0.341828822,0.3479286936,0.05658268929,0.05496603251,0.4967426698,0.6285715791,0.6075083843,0.5784312556
3701,1.0,0.0,0.0,0.0,1.0,1.0,0.3418711837,0.3445174168,0.05615776777,0.0542768836,0.497544925,0.6315796177,0.6075085854,0.5792085569
3702,1.0,0.0,0.0,0.0,1.0,1.0,0.342431956,0.3445176497,0.05633711815,0.05445021391,0.4950820557,0.6315791701,0.607508674,0.5841582533
3703,1.0,0.0,0.0,0.0,1.0,1.0,0.3440702527,0.3491201694,0.05663716793,0.05501896143,0.4950819898,0.6285710377,0.6061642035,0.5833337847
3704,1.0,0.0,0.0,0.0,1.0,1.0,0.3239233086,0.3433455567,0.05367636681,0.05448555946,0.4869707142,0.6331656562,0.5986394123,0.5891090409
3705,1.0,0.0,0.0,0.0,1.0,1.0,0.1944769095,0.3165493941,0.03109335899,0.04812711477,0.5042302064,0.6260878733,0.5907473561,0.5842695238
3706,1.0,0.0,0.0,0.0,1.0,1.0,0.1158523674,0.3485141759,0.01813215017,0.05114889145,0.4844290308,0.5970145329,0.5498154142,0.4973547317
3707,1.0,0.0,0.0,0.0,1.0,1.0,0.1127840826,0.3614218872,0.01760315895,0.05308037996,0.491319469,0.6153853968,0.560885522,0.4897966517
3708,1.0,0.0,0.0,0.0,1.0,1.0,0.1291795801,0.3476322177,0.02041178942,0.0515666604,0.4846937967,0.65789466,0.5579711164,0.5260412994
3709,1.0,0.0,0.0,0.0,1.0,1.0,0.1215076301,0.3507131691,0.01910161972,0.05192404985,0.4863012348,0.6760559425,0.5599998873,0.523315973
3710,1.0,0.0,0.0,0.0,1.0,1.0,0.1208865564,0.3574647461,0.01938092709,0.05350226164,0.473594661,0.6901414082,0.5547447901,0.5153066056
3711,1.0,0.0,0.0,0.0,1.0,1.0,0.1305115563,0.3501697072,0.02062183619,0.05209720135,0.4896907878,0.6842102221,0.5620436816,0.5260409635
3712,1.0,0.0,0.0,0.0,1.0,1.0,0.1844606831,0.3307757328,0.02957516909,0.05000889301,0.4765102031,0.6818188231,0.5693950543,0.5806450459
3713,1.0,0.0,0.0,0.0,1.0,1.0,0.2548244066,0.3232461214,0.04137545824,0.04970431328,0.4950331147,0.6558440717,0.59090895,0.6108118479
3714,1.0,0.0,0.0,0.0,1.0,1.0,0.2860244609,0.3366174834,0.046679914,0.05204540491,0.490131603,0.6494249571,0.586805419,0.5979383332
3715,1.0,0.0,0.0,0.0,1.0,1.0,0.3179301473,0.3458275394,0.05286890268,0.05422449112,0.4861339066,0.6256407886,0.5916956017,0.5800001319
3716,1.0,0.0,0.0,0.0,1.0,1.0,0.3249416294,0.3510149767,0.05345898867,0.05480897427,0.4778325873,0.6313138803,0.5847749293,0.5960586901
3717,1.0,0.0,0.0,0.0,1.0,1.0,0.3408307608,0.3537542296,0.0560554862,0.0557847023,0.4859966397,0.6473430414,0.5945017039,0.5922330305
3718,1.0,0.0,0.0,0.0,1.0,1.0,0.3440702237,0.3508315979,0.05625402927,0.0549146533,0.4885246248,0.642857597,0.5993151793,0.5902432936
3719,1.0,0.0,0.0,0.0,1.0,1.0,0.3517772566,0.3530450558,0.05732035637,0.05544537306,0.4917763567,0.635514456,0.6006823931,0.5845408447
3720,1.0,0.0,0.0,0.0,1.0,1.0,0.3533217945,0.3593887575,0.05850666761,0.05688148737,0.4893616945,0.6342586791,0.5993150504,0.5857145402
3721,1.0,0.0,0.0,0.0,1.0,1.0,0.3597339057,0.3586433726,0.05921804905,0.05653852224,0.49511397,0.6334837758,0.6054423441,0.5781991421
3722,1.0,0.0,0.0,0.0,1.0,1.0,0.3528407956,0.3552439804,0.05791145563,0.05629533529,0.4926108446,0.6418603263,0.5986394737,0.5789477585
3723,1.0,0.0,0.0,0.0,1.0,1.0,0.3522625672,0.3581619238,0.05768758059,0.05634599924,0.4918031474,0.6279073852,0.6006823546,0.5714285714
3724,1.0,0.0,0.0,0.0,1.0,1.0,0.3528407543,0.3559655702,0.05844199657,0.0565392375,0.4860426427,0.6372094067,0.5958905472,0.5865380662
3725,1.0,0.0,0.0,0.0,1.0,1.0,0.3555391322,0.3610999615,0.05889713764,0.05726867914,0.4967214106,0.6313369698,0.5958905345,0.578199205
3726,1.0,0.0,0.0,0.0,1.0,1.0,0.3564787543,0.3586432858,0.05870461464,0.05656009912,0.4967427745,0.6347030155,0.6054421563,0.5829378842
3727,1.0,0.0,0.0,0.0,1.0,1.0,0.3571775174,0.354750468,0.05833017826,0.05565446615,0.4918033355,0.6330273917,0.6006826574,0.5817310627
3728,1.0,0.0,0.0,0.0,1.0,1.0,0.342477355,0.3542543577,0.05608791113,0.05581831932,0.497528774,0.6346159773,0.6061645999,0.5797105318
3729,1.0,0.0,0.0,0.0,1.0,1.0,0.3440699444,0.3564558948,0.05653846264,0.05626922846,0.4950818417,0.6380948766,0.6040955155,0.5837320625
3730,1.0,0.0,0.0,0.0,1.0,1.0,0.341353092,0.3525430766,0.05590772629,0.055370152,0.4958948329,0.6442307692,0.599314919,0.5922330097
3731,1.0,0.0,0.0,0.0,1.0,1.0,0.3485656165,0.3554715656,0.05695939064,0.0558795929,0.49917356,0.6492894665,0.6082473601,0.5942033314
3732,1.0,0.0,0.0,0.0,1.0,1.0,0.3479903193,0.3571891639,0.05680012703,0.0559926033,0.4983498772,0.6445493353,0.6048109129,0.5865382159
3733,1.0,0.0,0.0,0.0,1.0,1.0,0.3441242587,0.3537545321,0.05659002066,0.05577772856,0.4958814101,0.6459333722,0.6013745769,0.587378646
3734,1.0,0.0,0.0,0.0,1.0,1.0,0.3484895925,0.3576770078,0.0573849678,0.05657291412,0.4967106037,0.6415098259,0.6027399635,0.5885162927
3735,1.0,0.0,0.0,0.0,1.0,1.0,0.351288926,0.3653134682,0.05761897564,0.05734848976,0.495049469,0.6338035308,0.603448302,0.5849058565
3736,1.0,0.0,0.0,0.0,1.0,1.0,0.3550648761,0.3640581972,0.05847227573,0.05738949776,0.4967104989,0.6296297051,0.6082474928,0.580188111
3737,1.0,0.0,0.0,0.0,1.0,1.0,0.3392144588,0.3549745473,0.05553650856,0.05580747128,0.501655665,0.6439026432,0.6068966275,0.5873785371
3738,1.0,0.0,0.0,0.0,1.0,1.0,0.3430920852,0.3574394637,0.05629885197,0.05602687597,0.5008292723,0.6473429338,0.6111111111,0.5922327721
3739,1.0,0.0,0.0,0.0,1.0,1.0,0.3425240292,0.3557041303,0.0561927557,0.05564981699,0.495033035,0.637681144,0.6076388558,0.5756092493
3740,1.0,0.0,0.0,0.0,1.0,1.0,0.3480642882,0.3579315783,0.05679380894,0.05598247051,0.4958541336,0.642856843,0.6055363295,0.5845405279
3741,1.0,0.0,0.0,0.0,1.0,1.0,0.3440703079,0.3623404937,0.05658340454,0.05685281754,0.5,0.6380957999,0.6082473953,0.5924177423
3742,1.0,0.0,0.0,0.0,1.0,1.0,0.3314980233,0.3562023602,0.05431771278,0.05566889048,0.5016502148,0.6417908482,0.6055362702,0.5970872695
3743,1.0,0.0,0.0,0.0,1.0,1.0,0.3150056169,0.3586846824,0.05157858133,0.05562925339,0.5033002339,0.6335080228,0.6062717475,0.597087337
3744,1.0,0.0,0.0,0.0,1.0,1.0,0.2957027566,0.3522338677,0.04819744825,0.05465966463,0.5107437485,0.6480443818,0.6076388262,0.600984475
3745,1.0,0.0,0.0,0.0,1.0,1.0,0.2955159636,0.3499788929,0.04818075895,0.0544064045,0.5099667391,0.6460680482,0.6132402498,0.59701486
3746,1.0,0.0,0.0,0.0,1.0,1.0,0.2993336228,0.3534611951,0.04810374975,0.05425035954,0.5158071031,0.6555553766,0.6132404357,0.6059109837
3747,1.0,0.0,0.0,0.0,1.0,1.0,0.3029606614,0.3544731978,0.0494863987,0.05513435602,0.5041185067,0.64673879,0.6124565962,0.6000004324
3748,1.0,0.0,0.0,0.0,1.0,1.0,0.3098270252,0.3529498465,0.05033665895,0.05466669798,0.5066667131,0.6505377681,0.6048953606,0.6039600722
3749,1.0,0.0,0.0,0.0,1.0,1.0,0.3099430048,0.3544733235,0.05047565699,0.05533427,0.5058042875,0.6363638511,0.6020763888,0.5902440338
3750,1.0,0.0,0.0,0.0,1.0,1.0,0.3187585692,0.356943486,0.05174332857,0.05524682999,0.4933553793,0.6354167507,0.5993031252,0.5951226038
3751,1.0,0.0,0.0,0.0,1.0,1.0,0.3232026587,0.3579314292,0.05277258158,0.05602008104,0.4925372889,0.6410252356,0.5986161238,0.5942027598
3752,1.0,0.0,0.0,0.0,1.0,1.0,0.3204191596,0.355202665,0.05239462852,0.05538088083,0.5,0.6373049568,0.6062717477,0.5833327055
3753,1.0,0.0,0.0,0.0,1.0,1.0,0.3237862388,0.356202484,0.05291062593,0.0556101203,0.5024792074,0.6377553952,0.6055365488,0.5922326559
3754,1.0,0.0,0.0,0.0,1.0,1.0,0.322667605,0.3562025116,0.05252313614,0.05548596382,0.5049669365,0.6307694577,0.6055362342,0.5825244387
3755,1.0,0.0,0.0,0.0,1.0,1.0,0.3143940618,0.3557044654,0.05102199316,0.05505007505,0.5016555136,0.6421045622,0.6041665303,0.5951220621
3756,1.0,0.0,0.0,0.0,1.0,1.0,0.3160487715,0.3557042247,0.05182236433,0.05562084913,0.5033112174,0.6439791359,0.6076387195,0.5902441481
3757,1.0,0.0,0.0,0.0,1.0,1.0,0.3093115291,0.3517199491,0.0500562191,0.05436211824,0.5091513126,0.634408743,0.5993031507,0.5940595036
3758,1.0,0.0,0.0,0.0,1.0,1.0,0.2758789735,0.3464963972,0.0447794795,0.05335998535,0.4942149049,0.6467059332,0.5958189691,0.6030146375
3759,1.0,0.0,0.0,0.0,1.0,1.0,0.2565679561,0.3407993504,0.04093015194,0.05163091421,0.5100671204,0.6470596801,0.6007068389,0.601035761
3760,1.0,0.0,0.0,0.0,1.0,1.0,0.2200452561,0.3467813471,0.03536272049,0.05263912678,0.5193276931,0.6564889227,0.6156582456,0.5641020996
3761,1.0,0.0,0.0,0.0,1.0,1.0,0.1903700029,0.3590053743,0.03033733368,0.05390292406,0.5272108227,0.6696425765,0.6064982465,0.532663011
3762,1.0,0.0,0.0,0.0,1.0,1.0,0.1733728257,0.3566849839,0.02761977911,0.05334401131,0.515306026,0.6862746367,0.5869565217,0.5228433769
3763,1.0,0.0,0.0,0.0,1.0,1.0,0.1660028951,0.364265317,0.02643924952,0.05424141884,0.5136985686,0.6804117436,0.5787544321,0.5175875255
3764,1.0,0.0,0.0,0.0,1.0,1.0,0.1579873591,0.3715874805,0.02473223209,0.05457222462,0.5103093588,0.6630436354,0.5824175244,0.5073888397
3765,1.0,0.0,0.0,0.0,1.0,1.0,0.1560019853,0.3817055961,0.02463543415,0.05603885651,0.5008575478,0.6483521003,0.5719554933,0.4975844948
3766,1.0,0.0,0.0,0.0,1.0,1.0,0.1574463237,0.383119139,0.02491956949,0.05606901646,0.5085615565,0.6413039578,0.5740739006,0.5024152689
3767,1.0,0.0,0.0,0.0,1.0,1.0,0.1648563109,0.3960752812,0.02594566345,0.05783724785,0.5103092003,0.65625,0.5777776145,0.5046725505
3768,1.0,0.0,0.0,0.0,1.0,1.0,0.1617494528,0.4071798998,0.02550125122,0.05905556679,0.5025554062,0.6631591249,0.574073899,0.4954541234
3769,1.0,0.0,0.0,0.0,1.0,1.0,0.1654246859,0.4020312957,0.02605909109,0.05809015036,0.4948275343,0.6354177388,0.5601503527,0.5046722163
3770,1.0,0.0,0.0,0.0,1.0,1.0,0.1703009575,0.4145408959,0.02687186003,0.05944371223,0.4956970994,0.6363636364,0.5606061866,0.5068494936
3771,1.0,0.0,0.0,0.0,1.0,1.0,0.1703006496,0.4164339683,0.02689224482,0.05976057053,0.4922547378,0.6262641934,0.5568184886,0.49545489
3772,1.0,0.0,0.0,0.0,1.0,1.0,0.1839250337,0.4266846774,0.02922558784,0.06120830774,0.4809027227,0.6132067776,0.5384614745,0.5090091099
3773,1.0,0.0,0.0,0.0,1.0,1.0,0.1843797273,0.4305291293,0.02919065952,0.06110948324,0.484482734,0.6168216475,0.542307878,0.4955352222
3774,1.0,0.0,0.0,0.0,1.0,1.0,0.190205131,0.4228406654,0.03012806177,0.06025612354,0.4913494888,0.6090906393,0.5499998745,0.5090906393
3775,1.0,0.0,0.0,0.0,1.0,1.0,0.1902883458,0.4286067336,0.03010088205,0.06047290564,0.4837049197,0.5945953438,0.5461538202,0.5022418431
3776,1.0,0.0,0.0,0.0,1.0,1.0,0.1871806112,0.4346233752,0.02953594923,0.06151068211,0.4879725566,0.5871560003,0.5517240218,0.493392301
3777,1.0,0.0,0.0,0.0,1.0,1.0,0.1897896339,0.4377402217,0.02963650227,0.06144815683,0.4912892498,0.59632998,0.5542635692,0.49557535
3778,1.0,0.0,0.0,0.0,1.0,1.0,0.1943358522,0.4379793747,0.03055000305,0.06191831827,0.4895832603,0.589284042,0.5482625304,0.4889869919
3779,1.0,0.0,0.0,0.0,1.0,1.0,0.1883767033,0.4564380228,0.02958226204,0.06354701519,0.4904014071,0.5555562272,0.5393702422,0.4870692647
3780,1.0,0.0,0.0,0.0,1.0,1.0,0.1922001436,0.4509198816,0.03021258116,0.06344646215,0.4982516936,0.581818684,0.5546875199,0.4978350423
3781,1.0,0.0,0.0,0.0,1.0,1.0,0.1917942902,0.4620434233,0.03001010418,0.06415003538,0.4841550084,0.5688082688,0.539682383,0.4978541411
3782,1.0,0.0,0.0,0.0,1.0,1.0,0.1935536165,0.4544706988,0.03010261059,0.06321555376,0.484154996,0.5727272007,0.539369883,0.5021643797
3783,1.0,0.0,0.0,0.0,1.0,1.0,0.198832586,0.4584054661,0.03107666969,0.0640784502,0.4894367567,0.5486727531,0.543306959,0.4892703463
3784,1.0,0.0,0.0,0.0,1.0,1.0,0.1998886077,0.4605269048,0.03123170137,0.06438106298,0.4894736139,0.561403944,0.5450980693,0.4978720253
3785,1.0,0.0,0.0,0.0,1.0,1.0,0.1998885726,0.4660094843,0.03108286858,0.06464129686,0.5044248025,0.5221234017,0.5555554123,0.4851069755
3786,1.0,0.0,0.0,0.0,1.0,1.0,0.1934975788,0.4718482178,0.0297293663,0.06464093924,0.4955595833,0.5229341428,0.5498007743,0.4767933462
3787,1.0,0.0,0.0,0.0,1.0,1.0,0.196318926,0.4674805786,0.03030508757,0.06391614676,0.4892858329,0.5545448287,0.5362903577,0.5000004663
3788,1.0,0.0,0.0,0.0,1.0,1.0,0.1952313609,0.4673506352,0.03002953529,0.06364065409,0.4964156446,0.5321111843,0.5384613028,0.4848484565
3789,1.0,0.0,0.0,0.0,1.0,1.0,0.1995319732,0.4617422949,0.03087437153,0.06367844343,0.4973262763,0.5535709459,0.5439999481,0.4978354411
3790,1.0,0.0,0.0,0.0,1.0,1.0,0.203066907,0.4678659565,0.03141540289,0.06419664621,0.4964664032,0.5652170613,0.5577688205,0.4936172346
3791,1.0,0.0,0.0,0.0,1.0,1.0,0.2109732864,0.455745675,0.03254342079,0.06288057566,0.4955278283,0.5677963618,0.5519996959,0.500000474
3792,1.0,0.0,0.0,0.0,1.0,1.0,0.211522,0.4584054664,0.03282278776,0.06373095512,0.49029968,0.583333182,0.5511808391,0.4978535916
3793,1.0,0.0,0.0,0.0,1.0,1.0,0.2066583071,0.4617422262,0.03185218573,0.06342977285,0.4955437585,0.5689654205,0.5439999653,0.4978354124
3794,1.0,0.0,0.0,0.0,1.0,1.0,0.2005986059,0.4697375578,0.0309638381,0.06439375877,0.488454769,0.5486720553,0.5480001931,0.4978729076
3795,1.0,0.0,0.0,0.0,1.0,1.0,0.1988137389,0.4579115137,0.03057903051,0.06336194277,0.5053764628,0.5495496374,0.5537848537,0.49130463
3796,1.0,0.0,0.0,0.0,1.0,1.0,0.2020342004,0.4696177061,0.03129059076,0.06479638815,0.504472243,0.5309742099,0.5542169143,0.4871792277
3797,1.0,0.0,0.0,0.0,1.0,1.0,0.2042259048,0.4692504398,0.03117704391,0.06373363733,0.5063290571,0.5486728202,0.5569107243,0.5021645548
3798,1.0,0.0,0.0,0.0,1.0,1.0,0.2052907965,0.4634506943,0.03162568808,0.06380617619,0.5009008225,0.5701755213,0.5524193391,0.5
3799,1.0,0.0,0.0,0.0,1.0,1.0,0.2067193802,0.4653275099,0.0317773819,0.06355470419,0.4964028177,0.5652178806,0.5465588917,0.4999995311
3800,1.0,0.0,0.0,0.0,1.0,1.0,0.2020533757,0.4590934236,0.03120660782,0.06297045946,0.4873646209,0.5535717014,0.5365853659,0.4955753553
3801,1.0,0.0,0.0,0.0,1.0,1.0,0.1940841558,0.4692501539,0.02964860201,0.06400769949,0.4863883455,0.5327097167,0.5325204513,0.4978354011
3802,1.0,0.0,0.0,0.0,1.0,1.0,0.198813705,0.4755404249,0.03065806627,0.06518286467,0.4946236767,0.5225222948,0.5483869004,0.4872881627
3803,1.0,0.0,0.0,0.0,1.0,1.0,0.2002460144,0.4635965834,0.0308560729,0.06364065409,0.4901609731,0.5714293993,0.5461849813,0.5021649076
3804,1.0,0.0,0.0,0.0,1.0,1.0,0.1995256292,0.4627043057,0.03056329489,0.06251579523,0.4882032802,0.5181827224,0.5308640559,0.484444258
3805,1.0,0.0,0.0,0.0,1.0,1.0,0.2038935454,0.4627047045,0.03114640713,0.06257086992,0.4826958742,0.5178566644,0.522633529,0.4933332698
3806,1.0,0.0,0.0,0.0,1.0,1.0,0.204265642,0.4627044965,0.03147345781,0.06322789192,0.4854015424,0.5267869486,0.5267488796,0.4888893917
3807,1.0,0.0,0.0,0.0,1.0,1.0,0.1944369146,0.4752451347,0.02969205379,0.06465655565,0.4927273022,0.4766355515,0.5346938758,0.467811685
3808,1.0,0.0,0.0,0.0,1.0,1.0,0.2046391622,0.4748384899,0.03120112419,0.06379508972,0.4972576285,0.4910710874,0.5352695917,0.4759825246
3809,1.0,0.0,0.0,0.0,1.0,1.0,0.2028116029,0.4709308815,0.0307199955,0.06337738037,0.4936013899,0.4684689055,0.5349795824,0.4672490069
3810,1.0,0.0,0.0,0.0,1.0,1.0,0.2020728204,0.4748388213,0.03091800213,0.063785851,0.4936247205,0.4774771649,0.5311206854,0.4759823165
3811,1.0,0.0,0.0,0.0,1.0,1.0,0.2006246256,0.4747345751,0.03026366234,0.06330376863,0.495395915,0.5045869933,0.5333332141,0.4780695271
3812,1.0,0.0,0.0,0.0,1.0,1.0,0.196220916,0.4789855861,0.02976745367,0.06426423788,0.4954128747,0.5046724668,0.5352696966,0.4805193962
3813,1.0,0.0,0.0,0.0,1.0,1.0,0.2009843439,0.4687464626,0.03073811531,0.06343239546,0.4990859831,0.4818188869,0.5413224651,0.4801765426
3814,1.0,0.0,0.0,0.0,1.0,1.0,0.2111751074,0.4606485846,0.03227359056,0.06232154369,0.5063751005,0.5344835547,0.5514401243,0.4910710016
3815,1.0,0.0,0.0,0.0,1.0,1.0,0.2064662135,0.4585916615,0.0312948823,0.06175887585,0.5027421488,0.5132742014,0.5432097017,0.4798203335
3816,1.0,0.0,0.0,0.0,1.0,1.0,0.2053397135,0.4627046833,0.03167808056,0.06307590008,0.4945454405,0.5132745028,0.5432098711,0.4799997732
3817,1.0,0.0,0.0,0.0,1.0,1.0,0.2093550196,0.4587603807,0.03214025497,0.06260359287,0.499089354,0.5130428171,0.5450820084,0.477679056
3818,1.0,0.0,0.0,0.0,1.0,1.0,0.1973537176,0.4669523408,0.03048014641,0.06375658512,0.4818839706,0.5137610194,0.5245900637,0.4824560747
3819,1.0,0.0,0.0,0.0,1.0,1.0,0.2035227786,0.4646167299,0.03130954504,0.06289863586,0.4854545222,0.5178578568,0.5247930992,0.4800002653
3820,1.0,0.0,0.0,0.0,1.0,1.0,0.2060331308,0.4647609966,0.03168320656,0.0628105998,0.4737793775,0.5263170767,0.5185187799,0.4823014518
3821,1.0,0.0,0.0,0.0,1.0,1.0,0.2128773737,0.4748384455,0.03269428015,0.06344908476,0.4837545456,0.5084746381,0.5228214842,0.4803499111
3822,1.0,0.0,0.0,0.0,1.0,1.0,0.2100275856,0.4789855218,0.03206849098,0.06386053562,0.474637672,0.5344838482,0.5062238048,0.493506639
3823,1.0,0.0,0.0,0.0,1.0,1.0,0.2056614431,0.4893531196,0.03157567978,0.06536716223,0.4747292636,0.4912279708,0.5103733514,0.4915257792
3824,1.0,0.0,0.0,0.0,1.0,1.0,0.212222785,0.4810590588,0.0326038599,0.06465035677,0.479128819,0.5128207941,0.5145226523,0.4827590022
3825,1.0,0.0,0.0,0.0,1.0,1.0,0.2122228127,0.4851459372,0.03257232904,0.06486624479,0.4863884281,0.5042719402,0.5249998774,0.4763952126
3826,1.0,0.0,0.0,0.0,1.0,1.0,0.2107912739,0.4892665959,0.03228008747,0.06511676311,0.4890908695,0.5172424617,0.5271968289,0.4914533748
3827,1.0,0.0,0.0,0.0,1.0,1.0,0.2196574341,0.49128701,0.03334933519,0.0647533536,0.4761904201,0.4999991064,0.5147682626,0.480686794
3828,1.0,0.0,0.0,0.0,1.0,1.0,0.2116255679,0.4997208764,0.03318375349,0.06776177883,0.4661921607,0.4873951693,0.5102880116,0.4732516225
3829,1.0,0.0,0.0,0.0,1.0,1.0,0.2171138722,0.4997211069,0.03411823511,0.06739062071,0.479353645,0.4297521527,0.5104604785,0.4560672972
3830,1.0,0.0,0.0,0.0,1.0,1.0,0.2077693255,0.5123188541,0.03259176016,0.06855505705,0.4713262228,0.4310340728,0.5,0.4508195795
3831,1.0,0.0,0.0,0.0,1.0,1.0,0.2257393625,0.4955389868,0.03419476748,0.06535601616,0.4772313085,0.5564509241,0.5188283592,0.5021094545
3832,1.0,0.0,0.0,0.0,1.0,1.0,0.2786738918,0.4069697637,0.04384249449,0.05818605423,0.4922547332,0.6543208869,0.5795454545,0.5813952059
3833,1.0,0.0,0.0,0.0,1.0,1.0,0.3557337837,0.4008748521,0.05676871538,0.05920159817,0.5067796718,0.6428564679,0.6007327027,0.5936069703
3834,1.0,0.0,0.0,0.0,1.0,1.0,0.3825854897,0.4034110362,0.06183159351,0.06046968699,0.5042159154,0.6343610042,0.5999999205,0.5810807747
3835,1.0,0.0,0.0,0.0,1.0,1.0,0.4060750841,0.4040295072,0.06591832638,0.06134438515,0.5058043982,0.624489342,0.6063830497,0.5657897294
3836,1.0,0.0,0.0,0.0,1.0,1.0,0.3987757397,0.3983541892,0.06396043301,0.05994617939,0.5125209454,0.6317993659,0.6120996723,0.5758931324
3837,1.0,0.0,0.0,0.0,1.0,1.0,0.3797876104,0.3888672963,0.06072455645,0.05886024237,0.5083333861,0.6491226348,0.6126759482,0.5927599794
3838,1.0,0.0,0.0,0.0,1.0,1.0,0.3785261412,0.385749173,0.06163728237,0.05947452784,0.5116279155,0.6491226204,0.610526389,0.5863640327
3839,1.0,0.0,0.0,0.0,1.0,1.0,0.3851667467,0.3813201745,0.06231957674,0.05882757902,0.5116279541,0.6379308861,0.6097561353,0.579908264
3840,1.0,0.0,0.0,0.0,1.0,1.0,0.3696113065,0.3743556213,0.05989015102,0.057741642,0.5140960775,0.6367718628,0.6132406201,0.5674419661
3841,1.0,0.0,0.0,0.0,1.0,1.0,0.3574163351,0.3665776716,0.05766755342,0.05659967661,0.523178841,0.6111115131,0.6228375011,0.5613209981
3842,1.0,0.0,0.0,0.0,1.0,1.0,0.3160486253,0.3499786683,0.05115526915,0.05383354425,0.5231788067,0.6073303249,0.6097560976,0.5820896679
3843,1.0,0.0,0.0,0.0,1.0,1.0,0.1330314142,0.3488959873,0.02089130878,0.05142480135,0.51877139,0.6025626394,0.5818181745,0.5000005795
3844,1.0,0.0,0.0,0.0,1.0,1.0,0.09871036474,0.3974613754,0.01530897617,0.05631512403,0.4744267434,0.2678572819,0.5057914766,0.4029123285
3845,1.0,0.0,0.0,0.0,1.0,1.0,0.1010074764,0.3656962492,0.01563996077,0.05240756273,0.492907785,0.3859639094,0.5363985583,0.4502617563
3846,1.0,0.0,0.0,0.0,1.0,1.0,0.226540378,0.3154265535,0.03634160757,0.04756468534,0.4866666097,0.6323520488,0.5744682533,0.6123598533
3847,1.0,0.0,0.0,0.0,1.0,1.0,0.2988525586,0.325160737,0.04922926426,0.0511123538,0.488562041,0.6229510976,0.5856164124,0.5789477367
3848,1.0,0.0,0.0,0.0,1.0,1.0,0.327685857,0.3434508314,0.05386501551,0.05386501551,0.4852459688,0.6199998893,0.5876290736,0.5850006363
3849,1.0,0.0,0.0,0.0,1.0,1.0,0.3418713336,0.3513396442,0.05635768175,0.05554872751,0.4746317749,0.6220089368,0.5733790249,0.6019412996
3850,1.0,0.0,0.0,0.0,1.0,1.0,0.3451428715,0.3535440588,0.05732256174,0.05650752783,0.477904982,0.616114163,0.5816325008,0.6009615638
3851,1.0,0.0,0.0,0.0,1.0,1.0,0.3435581648,0.3477788369,0.0567021966,0.05588829517,0.4802632957,0.6172258109,0.5912162338,0.6019420893
3852,1.0,0.0,0.0,0.0,1.0,1.0,0.3470730315,0.3496394159,0.05767589808,0.05660778284,0.4919614534,0.6157407551,0.6006600186,0.6084902829
3853,1.0,0.0,0.0,0.0,1.0,1.0,0.3517143453,0.3576433659,0.05921113491,0.05867528915,0.4872611279,0.6018101506,0.6013071824,0.6118723131
3854,1.0,0.0,0.0,0.0,1.0,1.0,0.3518036774,0.3620930234,0.05897170305,0.05923974514,0.4880000782,0.5954541274,0.5999998543,0.6153843832
3855,1.0,0.0,0.0,0.0,1.0,1.0,0.3363505957,0.3463412644,0.05616223812,0.05616223812,0.4823718163,0.6047613893,0.5940594824,0.6285715195
3856,1.0,0.0,0.0,0.0,1.0,1.0,0.3394931924,0.3462121218,0.05686181784,0.05633038282,0.4857143416,0.5981301554,0.5947711389,0.6084901917
3857,1.0,0.0,0.0,0.0,1.0,1.0,0.3362903985,0.3460852309,0.05619603395,0.05619603395,0.482704361,0.5981302761,0.6051779187,0.6168222118
3858,1.0,0.0,0.0,0.0,1.0,1.0,0.3341981487,0.3450841573,0.05581027269,0.05581027269,0.484227202,0.5990563267,0.5993487803,0.6179244527
3859,1.0,0.0,0.0,0.0,1.0,1.0,0.3352558675,0.3457083172,0.05628347397,0.05601793528,0.4762658458,0.6084900665,0.5868851362,0.6208528183
3860,1.0,0.0,0.0,0.0,1.0,1.0,0.322654644,0.3331472204,0.05446833372,0.05473399162,0.4803148703,0.609755457,0.5987053361,0.6310672951
3861,1.0,0.0,0.0,0.0,1.0,1.0,0.3300043622,0.3390961852,0.05505698919,0.05479478836,0.4842767026,0.6095238405,0.5974027699,0.6315788901
3862,1.0,0.0,0.0,0.0,1.0,1.0,0.333147426,0.3375599957,0.05548882484,0.05468463898,0.4879227312,0.6038650924,0.5960267191,0.6323529412
3863,1.0,0.0,0.0,0.0,1.0,1.0,0.3299286305,0.3386810289,0.05493474007,0.05466669798,0.4814815809,0.60487798,0.5880399702,0.6372543354
3864,1.0,0.0,0.0,0.0,1.0,1.0,0.3294159018,0.3320403906,0.05455130339,0.05296242237,0.4816000455,0.6067957505,0.5780731865,0.6400003601
3865,1.0,0.0,0.0,0.0,1.0,1.0,0.3147591908,0.3247344404,0.05150461197,0.05123913288,0.4788960057,0.6030929147,0.5757577704,0.6217623451
3866,1.0,0.0,0.0,0.0,1.0,1.0,0.3207669916,0.3401609223,0.05776405334,0.05898010731,0.4797297219,0.5947364619,0.5719296304,0.6082472143
3867,1.0,0.0,0.0,0.0,1.0,1.0,0.3296950927,0.3665833524,0.05649662018,0.05945450068,0.4421415906,0.5706805675,0.5656931718,0.5771147521
3868,0.0,0.0,0.0,0.0,0.0,0.0,0.0,0.0,0.0,0.0,0.0,0.0,0.0,0.0
3869,0.0,0.0,0.0,0.0,0.0,0.0,0.0,0.0,0.0,0.0,0.0,0.0,0.0,0.0
3870,1.0,0.0,0.0,0.0,1.0,1.0,0.2349735206,0.2463412718,0.04248565435,0.04073965549,0.4863124877,0.5616442969,0.5598591219,0.5142853381
3871,1.0,0.0,0.0,0.0,1.0,1.0,0.1937166389,0.08489462253,0.03403174877,0.01325130463,0.4974271283,0.2831854532,0.5250964573,0.3863620007
3872,1.0,0.0,0.0,0.0,1.0,1.0,0.1998881868,0.1062400311,0.03661233187,0.01704370975,0.456896605,0.2844821271,0.4842521426,0.203702797
3873,1.0,0.0,0.0,0.0,1.0,1.0,0.2270026634,0.1616745329,0.04444622993,0.02716159821,0.4621451162,0.4791667784,0.492646884,0.5
3874,1.0,0.0,0.0,0.0,1.0,1.0,0.2540955101,0.2434063014,0.04916793108,0.03933429718,0.4345146548,0.4848484848,0.4760147493,0.4924248394
3875,1.0,0.0,0.0,0.0,1.0,1.0,0.2891190517,0.309686047,0.05750530958,0.05137526989,0.3979441174,0.5431471871,0.4683099009,0.5340907773
3876,1.0,0.0,0.0,0.0,1.0,1.0,0.2398663031,0.2752847047,0.04413717985,0.04277485609,0.3881481754,0.6296294796,0.4771929394,0.5923572027
3877,1.0,0.0,0.0,0.0,1.0,1.0,0.218910954,0.2593707373,0.03845441341,0.03978043795,0.3912386316,0.6896543172,0.4913495805,0.6199998502
3878,1.0,0.0,0.0,0.0,1.0,1.0,0.2272156222,0.2749328513,0.03924208879,0.04215872288,0.3947771913,0.6891898665,0.4913493868,0.6226414027
3879,1.0,0.0,0.0,0.0,1.0,1.0,0.1902938843,0.2534298815,0.03191691637,0.03808569908,0.4496000725,0.7478995363,0.5428571089,0.6549301065
3880,1.0,0.0,0.0,0.0,1.0,1.0,0.1729804659,0.2320132916,0.02861398458,0.0344427228,0.4391026519,0.814813889,0.5571429891,0.6769230237
3881,1.0,0.0,0.0,0.0,1.0,1.0,0.1824503802,0.2359790906,0.03011471033,0.03624427319,0.4701131294,0.7964614907,0.5625000485,0.6985288072
3882,1.0,0.0,0.0,0.0,1.0,1.0,0.1809885308,0.2335467997,0.0298602581,0.03593808413,0.4647436494,0.7522117005,0.532646104,0.6764708321
3883,1.0,0.0,0.0,0.0,1.0,1.0,0.1857228292,0.2254633723,0.03078716993,0.03496176004,0.4614173509,0.7033897813,0.5117847616,0.6492538713
3884,1.0,0.0,0.0,0.0,1.0,1.0,0.208085789,0.2348685922,0.03577923775,0.03821867704,0.4511042108,0.7348486363,0.5099998169,0.659574269
3885,1.0,0.0,0.0,0.0,1.0,1.0,0.2246805871,0.258931225,0.03899127245,0.04221814871,0.4279069284,0.7172425917,0.4950493276,0.6305733563
3886,1.0,0.0,0.0,0.0,1.0,1.0,0.2086063247,0.2465943958,0.03564471006,0.04016679525,0.42679123,0.7388059577,0.5032679236,0.6490064358
3887,1.0,0.0,0.0,0.0,1.0,1.0,0.2017652843,0.2449290553,0.03425878286,0.03957021236,0.4272301359,0.7519377417,0.5065790663,0.6442945842
3888,1.0,0.0,0.0,0.0,1.0,1.0,0.1888709216,0.2308941143,0.03213042021,0.03748548031,0.4598425623,0.733333457,0.5280526829,0.6428569157
3889,1.0,0.0,0.0,0.0,1.0,1.0,0.1912509918,0.2391404911,0.03307002783,0.03867065907,0.4567902447,0.7661290177,0.5181517373,0.6482753944
3890,1.0,0.0,0.0,0.0,1.0,1.0,0.203302457,0.2498605975,0.03526234627,0.04118430614,0.4689441359,0.7404581443,0.5326798473,0.6470581425
3891,1.0,0.0,0.0,0.0,1.0,1.0,0.2027169193,0.2598547642,0.03436982632,0.04156351089,0.4968554321,0.7674418605,0.5733331743,0.6474358974
3892,1.0,0.0,0.0,0.0,1.0,1.0,0.2317096758,0.281299958,0.03975582123,0.0450566411,0.4884080807,0.7199996402,0.5761591006,0.6235287892
3893,1.0,0.0,0.0,0.0,1.0,1.0,0.2274905266,0.2759895799,0.03974956274,0.04478448629,0.4734446793,0.7066669466,0.5718956457,0.6331367562
3894,1.0,0.0,0.0,0.0,1.0,1.0,0.237818828,0.2905355431,0.0431240201,0.04776400328,0.4563253804,0.7215193897,0.5747509582,0.6285716425
3895,1.0,0.0,0.0,0.0,1.0,1.0,0.1866602871,0.240965896,0.03534442186,0.04146713018,0.4485294523,0.7952767458,0.5631068499,0.6577174455
3896,1.0,0.0,0.0,0.0,1.0,1.0,0.2326665258,0.2866988419,0.04476755857,0.05039870739,0.4494875962,0.7421389342,0.5705128944,0.625699249
3897,1.0,0.0,0.0,0.0,1.0,1.0,0.194478292,0.2425828345,0.03721278906,0.04196923971,0.4411118456,0.7443599268,0.5372168296,0.6066675472
3898,1.0,0.0,0.0,0.0,1.0,1.0,0.1008752075,0.08186545918,0.01839566231,0.01358449459,0.4456521206,0.7846144873,0.4982934369,0.7916677636
3899,1.0,0.0,0.0,0.0,1.0,1.0,0.07427191765,0.08183567129,0.01305764914,0.01334148645,0.441033903,0.9565209453,0.4773518985,0.638297302
3900,1.0,0.0,0.0,0.0,1.0,1.0,0.1164890822,0.1013668846,0.0196518898,0.01623415947,0.467905386,0.4782592871,0.4839858976,0.3333333333
3901,1.0,0.0,0.0,0.0,1.0,1.0,0.06057226578,0.09164435983,0.01076257229,0.01501095295,0.4385965118,0.842107595,0.4705884494,0.358490641
3902,1.0,0.0,0.0,0.0,1.0,1.0,0.06880850831,0.1371073472,0.01143985987,0.02173566818,0.45438903,0.9249983067,0.4909747238,0.3289466468
3903,1.0,0.0,0.0,0.0,1.0,1.0,0.06514073513,0.1692281944,0.009901940823,0.02404749393,0.430167669,0.8285709126,0.4820719621,0.2941157516
3904,1.0,0.0,0.0,0.0,1.0,1.0,0.0489369362,0.1368280993,0.00752478838,0.01996958256,0.4745763517,0.8461562834,0.4920635504,0.2898541641
3905,1.0,0.0,0.0,0.0,1.0,1.0,0.09694762878,0.09048445634,0.01548081636,0.01238465309,0.4479716725,0.5818153817,0.5102878275,0.8863653865
3906,0.0,0.0,0.0,0.0,0.0,0.0,0.0,0.0,0.0,0.0,0.0,0.0,0.0,0.0
3907,1.0,0.0,0.0,0.0,1.0,1.0,0.3553236798,0.4133285529,0.0682311058,0.07084417343,0.431164899,0.6127656526,0.5152543764,0.5491801899
3908,1.0,0.0,0.0,0.0,1.0,1.0,0.3331475855,0.3659928871,0.06397300959,0.06490916014,0.4699186732,0.6097556203,0.5457745272,0.5576931024
3909,1.0,0.0,0.0,0.0,1.0,1.0,0.1836720231,0.1730480051,0.02919638157,0.02577698231,0.503311154,0.5765769628,0.5512366402,0.5612256224
3910,1.0,0.0,0.0,0.0,1.0,1.0,0.1333775592,0.06892678452,0.02036052942,0.009773015976,0.4875446,0.200001171,0.4980843395,0.1944451221
3911,1.0,0.0,0.0,0.0,1.0,1.0,0.2112911159,0.2037869606,0.03349119425,0.03056740761,0.5,0.6111118032,0.563829559,0.60000078
3912,1.0,0.0,0.0,0.0,1.0,1.0,0.2832296276,0.3067253213,0.04644274712,0.04751038551,0.4804560361,0.6494250366,0.5655173555,0.5842700717
3913,1.0,0.0,0.0,0.0,1.0,1.0,0.3088888342,0.3308734171,0.05067956448,0.05147564411,0.4789644768,0.6596860732,0.5699658559,0.5773189072
3914,1.0,0.0,0.0,0.0,1.0,1.0,0.3180041008,0.3343202588,0.05142366886,0.05169576406,0.48821541,0.6455028479,0.5774647182,0.578946883
3915,1.0,0.0,0.0,0.0,1.0,1.0,0.3314733821,0.3554354104,0.05307006836,0.0541421771,0.4773868505,0.63131312,0.570422662,0.5742578617
3916,1.0,0.0,0.0,0.0,1.0,1.0,0.3280477848,0.3420077359,0.0521286726,0.0521287322,0.4761904628,0.6217621379,0.5709220981,0.5595849413
3917,1.0,0.0,0.0,0.0,1.0,1.0,0.3421360623,0.3489277272,0.05476903915,0.05368983746,0.4789208404,0.6206903682,0.5789471034,0.5728646508
3918,1.0,0.0,0.0,0.0,1.0,1.0,0.3388224562,0.3331475033,0.05383968353,0.05086368322,0.4821124939,0.5979906563,0.5815600428,0.5691491543
3919,1.0,0.0,0.0,0.0,1.0,1.0,0.3498048227,0.3406401752,0.05588197708,0.0524225831,0.4783334066,0.6047620165,0.5813151308,0.5685277514
3920,1.0,0.0,0.0,0.0,1.0,1.0,0.3498880125,0.3360191861,0.0565776825,0.05278784037,0.4706868215,0.6076551596,0.5758621553,0.574358679
3921,1.0,0.0,0.0,0.0,1.0,1.0,0.3541069062,0.3445176337,0.05705016851,0.05385112762,0.4668873492,0.6028033429,0.5802047417,0.5643561726
3922,1.0,0.0,0.0,0.0,1.0,1.0,0.3495584691,0.3303237385,0.05644309521,0.05167323351,0.466338232,0.6056340408,0.5728812591,0.5794876882
3923,1.0,0.0,0.0,0.0,1.0,1.0,0.3424774631,0.3229488458,0.05544489622,0.05064678192,0.467874847,0.6057690137,0.5782314192,0.5736849662
3924,1.0,0.0,0.0,0.0,1.0,1.0,0.3516858219,0.3269984252,0.05671185255,0.05143630505,0.4680851142,0.5999997898,0.5838926302,0.5743593547
3925,1.0,0.0,0.0,0.0,1.0,1.0,0.3581064528,0.3376039051,0.05822247267,0.05345875025,0.4641692738,0.6000004095,0.5785952208,0.5693067927
3926,1.0,0.0,0.0,0.0,1.0,1.0,0.3621049024,0.3403417246,0.05932837725,0.05453956127,0.4622258448,0.5964123713,0.5780730724,0.5707316327
3927,1.0,0.0,0.0,0.0,1.0,1.0,0.3585218339,0.3376040674,0.05845957994,0.05392163992,0.4594594002,0.5936067798,0.5752507899,0.5742575899
3928,1.0,0.0,0.0,0.0,1.0,1.0,0.3733641597,0.3541068833,0.06177735329,0.05773079395,0.473083304,0.5938866441,0.5860925518,0.5747654771
3929,1.0,0.0,0.0,0.0,1.0,1.0,0.3720370701,0.3496393297,0.06179767847,0.05746096373,0.4661224822,0.5921046921,0.5709569796,0.5754718449
3930,1.0,0.0,0.0,0.0,1.0,1.0,0.3806625184,0.3555395454,0.0638358593,0.05894637108,0.4651539279,0.5872344041,0.5737707275,0.5714288603
3931,1.0,0.0,0.0,0.0,1.0,1.0,0.3835253928,0.3583522338,0.06409651041,0.05920779705,0.4650406013,0.5932203232,0.5756578983,0.5733946617
3932,1.0,0.0,0.0,0.0,1.0,1.0,0.3793502029,0.3515953198,0.06320869923,0.05834650993,0.4582319085,0.5982907514,0.5667752817,0.5787042902
3933,1.0,0.0,0.0,0.0,1.0,1.0,0.3748915655,0.3467118955,0.06327044964,0.05808883905,0.4616005721,0.5948278948,0.5700326231,0.5821599086
3934,1.0,0.0,0.0,0.0,1.0,1.0,0.3839023833,0.351595355,0.06399965286,0.05832880735,0.4716368864,0.5907168988,0.5700325405,0.5740740552
3935,1.0,0.0,0.0,0.0,1.0,1.0,0.3681303285,0.327739223,0.06123369932,0.05425095558,0.4701131125,0.5921051735,0.5681816627,0.5841580786
3936,1.0,0.0,0.0,0.0,1.0,1.0,0.3722284577,0.3228717475,0.06167924404,0.05407124758,0.494667727,0.5903087149,0.5974026898,0.5879393495
3937,1.0,0.0,0.0,0.0,1.0,1.0,0.3794100925,0.3288065943,0.06210905313,0.05431181192,0.5004108085,0.5844156093,0.6026059843,0.5792081001
3938,1.0,0.0,0.0,0.0,1.0,1.0,0.3779888201,0.3288065369,0.06186175346,0.05456799269,0.5012385898,0.5764191593,0.6026058889,0.5792076234
3939,1.0,0.0,0.0,0.0,1.0,1.0,0.3775487637,0.32449425,0.0615362525,0.05327814817,0.4979557047,0.5930732744,0.5974024748,0.5999995525
3940,1.0,0.0,0.0,0.0,1.0,1.0,0.3860362677,0.3326118375,0.06310397387,0.0553497076,0.4991815441,0.5932206111,0.6012862278,0.5990346904
3941,1.0,0.0,0.0,0.0,1.0,1.0,0.3832569891,0.3369087145,0.06112235785,0.05506283045,0.4958676921,0.5818971528,0.5999999271,0.5980855184
3942,1.0,0.0,0.0,0.0,1.0,1.0,0.3794719267,0.3385205974,0.06111830473,0.05629312992,0.5037468132,0.5789476251,0.6,0.6095239305
3943,1.0,0.0,0.0,0.0,1.0,1.0,0.3826579534,0.3428508001,0.0607867837,0.05652105808,0.4979009463,0.5789477297,0.598705559,0.6037736247
3944,1.0,0.0,0.0,0.0,1.0,1.0,0.3867731366,0.3443589902,0.06096571684,0.05649840832,0.5029191808,0.5818963958,0.6089743916,0.6046507702
3945,1.0,0.0,0.0,0.0,1.0,1.0,0.3862418045,0.3452331204,0.06224316359,0.05825322866,0.5028902012,0.5811971459,0.6088326794,0.6027399223
3946,1.0,0.0,0.0,0.0,1.0,1.0,0.3910859203,0.3505978984,0.06226634979,0.05880713463,0.5000000936,0.5811961067,0.6031746483,0.6108592974
3947,1.0,0.0,0.0,0.0,1.0,1.0,0.3887643285,0.3458386585,0.06221461296,0.05820941925,0.4941569685,0.5879833836,0.5999999292,0.6055046529
3948,1.0,0.0,0.0,0.0,1.0,1.0,0.3814535674,0.3469400764,0.06168365479,0.05872070789,0.4900001041,0.585152868,0.5955411983,0.6192657105
3949,1.0,0.0,0.0,0.0,1.0,1.0,0.380661013,0.3384183406,0.0617184639,0.05717641115,0.4921682385,0.5930732503,0.5949366776,0.6074770057
3950,1.0,0.0,0.0,0.0,1.0,1.0,0.3770547776,0.3368371617,0.06085306406,0.05660128593,0.487644143,0.5895195138,0.5949367942,0.6103292713
3951,1.0,0.0,0.0,0.0,1.0,1.0,0.3801956809,0.3425758166,0.06139564514,0.05744314194,0.4791836878,0.5836912455,0.5943395522,0.6100913528
3952,1.0,0.0,0.0,0.0,1.0,1.0,0.3812805431,0.3378617182,0.06180632114,0.05654621124,0.4821428145,0.5829789245,0.5911949708,0.5999991567
3953,1.0,0.0,0.0,0.0,1.0,1.0,0.3782552995,0.3310453704,0.06181877851,0.0559566617,0.4828710103,0.5948269628,0.5930600849,0.6047611997
3954,1.0,0.0,0.0,0.0,1.0,1.0,0.3765304342,0.3326170576,0.06122404337,0.05563402176,0.47911553,0.5869559926,0.5859872952,0.6172250649
3955,1.0,0.0,0.0,0.0,1.0,1.0,0.3810525637,0.3384187013,0.06181645393,0.05702036619,0.4839770213,0.5862070295,0.5917720478,0.6028037627
3956,1.0,0.0,0.0,0.0,1.0,1.0,0.3775487537,0.3379065805,0.0614413023,0.05665367842,0.4799673513,0.5887444292,0.5841270925,0.6150231828
3957,1.0,0.0,0.0,0.0,1.0,1.0,0.3741753186,0.3347339501,0.06084704399,0.05631023645,0.4794744837,0.5833339864,0.5841270044,0.6018953584
3958,1.0,0.0,0.0,0.0,1.0,1.0,0.3827651689,0.3463257326,0.06170719862,0.05775159597,0.4893618162,0.5897437879,0.5949368174,0.6118714722
3959,1.0,0.0,0.0,0.0,1.0,1.0,0.3764345109,0.3426658288,0.06047266722,0.0570397377,0.4753288844,0.5895198228,0.5873016044,0.6157405472
3960,1.0,0.0,0.0,0.0,1.0,1.0,0.3820675042,0.3479069968,0.06220722198,0.05873638391,0.4831828855,0.6008581306,0.5949366999,0.6181810433
3961,1.0,0.0,0.0,0.0,1.0,1.0,0.3777676585,0.3485312572,0.0611295104,0.05820590258,0.4823335164,0.591303678,0.595541449,0.6210051273
3962,1.0,0.0,0.0,0.0,1.0,1.0,0.3608154502,0.3047481161,0.05686575174,0.04965746403,0.4966102014,0.591549281,0.5967216077,0.6182791311
3963,1.0,0.0,0.0,0.0,1.0,1.0,0.3974387076,0.09233971478,0.05525398254,0.01381349564,0.4970760961,0.4950982084,0.5471014146,0.5882322483
3964,1.0,0.0,0.0,0.0,1.0,1.0,0.4040297591,0.08448519905,0.05738025904,0.01290369034,0.4680851845,0.4688998744,0.5179854178,0.4680859909
3965,1.0,0.0,0.0,0.0,1.0,1.0,0.3301241262,0.1852707212,0.04949265718,0.02964121103,0.5190562577,0.60989054,0.5986392784,0.6330261393
3966,1.0,0.0,0.0,0.0,1.0,1.0,0.3501065173,0.2677075916,0.05373364687,0.04367512465,0.4961172784,0.6009854676,0.5974026686,0.6242427468
3967,1.0,0.0,0.0,0.0,1.0,1.0,0.3615903902,0.3153578177,0.05673277378,0.05169570446,0.4792898633,0.5981311553,0.5954692698,0.6153855023
3968,1.0,0.0,0.0,0.0,1.0,1.0,0.3782123143,0.3394929371,0.05978506804,0.05611401796,0.480497892,0.6008771449,0.5968252491,0.6261682938
3969,1.0,0.0,0.0,0.0,1.0,1.0,0.3754164138,0.3555707386,0.05954492092,0.05875098705,0.4858096351,0.5955557469,0.5993591143,0.6261253675
3970,1.0,0.0,0.0,0.0,1.0,1.0,0.3844647933,0.3640138167,0.06124073267,0.06044536829,0.4787676497,0.5930737195,0.6006388607,0.6271924505
3971,1.0,0.0,0.0,0.0,1.0,1.0,0.3921018468,0.365302347,0.0622381568,0.06117874384,0.4707845666,0.5957442326,0.5917721564,0.6233772307
3972,1.0,0.0,0.0,0.0,1.0,1.0,0.3997768073,0.3637209454,0.0634381175,0.06104922295,0.4794979703,0.5941417719,0.5981014164,0.6260871518
3973,1.0,0.0,0.0,0.0,1.0,1.0,0.4038148217,0.3680483836,0.06381201744,0.06168496609,0.4781144133,0.5999992527,0.5999998577,0.6422414876
3974,1.0,0.0,0.0,0.0,1.0,1.0,0.4136201806,0.3700465349,0.06525301933,0.06232333183,0.4780404874,0.5999996346,0.5981013745,0.6367524474
3975,1.0,0.0,0.0,0.0,1.0,1.0,0.41601147,0.3771777841,0.0660482049,0.06363177299,0.4873097552,0.6056907964,0.6050953929,0.6371308886
3976,1.0,0.0,0.0,0.0,1.0,1.0,0.4181339806,0.3759804884,0.06576025486,0.06335437298,0.4897959242,0.6016257068,0.609523759,0.6413496909
3977,1.0,0.0,0.0,0.0,1.0,1.0,0.4199191541,0.3815757921,0.06647992134,0.06458818913,0.4859095665,0.597560582,0.6038338928,0.6359834258
3978,1.0,0.0,0.0,0.0,1.0,1.0,0.4244207328,0.3795957911,0.06681215763,0.0638486743,0.4863013031,0.6008063005,0.6025641071,0.6413499589
3979,1.0,0.0,0.0,0.0,1.0,1.0,0.4219868202,0.3759960363,0.06607931852,0.06260144711,0.488889001,0.6032389613,0.5980706843,0.6495727798
3980,1.0,0.0,0.0,0.0,1.0,1.0,0.4200056317,0.3663546999,0.06554496288,0.06099689007,0.4888507224,0.5999998181,0.5980708489,0.6447372278
3981,1.0,0.0,0.0,0.0,1.0,1.0,0.4099403926,0.3615342918,0.06447857618,0.05994910002,0.4661016098,0.5991739472,0.5755628917,0.6355551269
3982,1.0,0.0,0.0,0.0,1.0,1.0,0.4014567175,0.3675370145,0.06349641085,0.06057399511,0.4403361511,0.5899578801,0.5516127481,0.6315786366
3983,1.0,0.0,0.0,0.0,1.0,1.0,0.4119322179,0.3816639909,0.06517845392,0.06304144859,0.4391892057,0.5819674755,0.5501618263,0.6228816444
3984,1.0,0.0,0.0,0.0,1.0,1.0,0.411237511,0.3755965617,0.06549161673,0.06253910065,0.443507507,0.5942624779,0.558064269,0.6351931699
3985,1.0,0.0,0.0,0.0,1.0,1.0,0.4083555514,0.359276549,0.06354141235,0.05873578787,0.4437767893,0.5924367383,0.5490196507,0.6272727549
3986,1.0,0.0,0.0,0.5235987902,1.0,1.0,0.4864901571,0.1640876002,0.06693524122,0.02464562654,0.486761672,0.4644354743,0.5186566631,0.4431817357
3987,1.0,0.0,0.0,0.0,1.0,1.0,0.4878697993,0.1453731607,0.06740599871,0.02183187008,0.4762845174,0.4574903726,0.5200000318,0.3875007508
3988,1.0,0.0,0.0,0.5235987902,1.0,1.0,0.4888790392,0.1443235941,0.06843775511,0.02207666636,0.4733727521,0.4516131842,0.5270759923,0.4125005062
3989,1.0,0.0,0.0,0.5235987902,1.0,1.0,0.4888356929,0.1551479006,0.06848406792,0.02384465933,0.479207969,0.4777331388,0.5379063234,0.5232560174
3990,1.0,0.0,0.0,0.5235987902,1.0,1.0,0.447194561,0.2118957677,0.06405729055,0.03313308954,0.4869816376,0.5560345509,0.5653708779,0.6750005847
3991,1.0,0.0,0.0,0.5235987902,1.0,1.0,0.4166688607,0.2862983902,0.06084269285,0.0452209115,0.4704226301,0.6126134069,0.5590279272,0.6545451909
3992,1.0,0.0,0.0,0.5235987902,1.0,1.0,0.4155188845,0.3320066505,0.06159937382,0.05264443159,0.4560439632,0.6079300141,0.5479453394,0.6340204727
3993,1.0,0.0,0.0,0.5235987902,1.0,1.0,0.4259035889,0.3777553539,0.06467992067,0.06060349941,0.443151297,0.5966388026,0.5457627459,0.6367709917
3994,1.0,0.0,0.0,0.5235987902,1.0,1.0,0.4329133166,0.3920369953,0.06527805328,0.06259173155,0.4509803592,0.5925926602,0.5589226809,0.6394851992
3995,1.0,0.0,0.0,0.5235987902,1.0,1.0,0.4341548618,0.3918079915,0.06603217125,0.06360650063,0.4468085482,0.5836739373,0.5581393214,0.6313557734
3996,1.0,0.0,0.0,0.5235987902,1.0,1.0,0.43647622,0.3897824967,0.06657671928,0.06358760595,0.4420677104,0.5877551093,0.5566666788,0.636752301
3997,1.0,0.0,0.0,0.5235987902,1.0,1.0,0.4434082083,0.3967881996,0.06783759594,0.06485271454,0.4392192828,0.5839994869,0.5548170807,0.6401675294
3998,1.0,0.0,0.0,0.5235987902,1.0,1.0,0.4453651053,0.3948614122,0.06914901733,0.06560993195,0.4385964946,0.5787404493,0.5540985159,0.6265562088
3999,1.0,0.0,0.0,0.5235987902,1.0,1.0,0.4520442457,0.3994480229,0.06924378872,0.06572753191,0.4399292819,0.5898436626,0.5559210931,0.6337454941
4000,1.0,0.0,0.0,0.5235987902,1.0,1.0,0.4555098617,0.4067495918,0.06878495216,0.06608748436,0.4387845715,0.576470945,0.5514952238,0.6204079498
4001,1.0,0.0,0.0,0.5235987902,1.0,1.0,0.4538869452,0.4067496645,0.06939351559,0.06667226553,0.4336599257,0.5882351425,0.5481726947,0.6367342378
4002,1.0,0.0,0.0,0.5235987902,1.0,1.0,0.4588467907,0.4082686919,0.07046872377,0.06749874353,0.4353562307,0.5823759229,0.5522877938,0.6320002543
4003,1.0,0.0,0.0,0.5235987902,1.0,1.0,0.4588465538,0.4053114193,0.07150816917,0.06822049618,0.4300791473,0.5785441124,0.5472311481,0.6265056136
4004,1.0,0.0,0.0,0.5235987902,1.0,1.0,0.4588466421,0.4101943764,0.07163518667,0.06916499138,0.4388742129,0.5785442143,0.5537459352,0.6269842364
4005,1.0,0.0,0.0,0.5235987902,1.0,1.0,0.4547817736,0.3971291051,0.06881028414,0.06527459621,0.438848979,0.5889332103,0.5529801745,0.6416668036
4006,1.0,0.0,0.0,0.5235987902,1.0,1.0,0.452678022,0.4030535311,0.06893277168,0.06649982929,0.4458259094,0.5882351924,0.5639343457,0.6382114258
4007,1.0,0.0,0.0,0.5235987902,1.0,1.0,0.4507285283,0.4037480631,0.06998544931,0.06749588251,0.4509804448,0.5928854731,0.5629139923,0.6434426917
4008,1.0,0.0,0.0,0.5235987902,1.0,1.0,0.4486929963,0.4076668836,0.06884306669,0.06695324183,0.4366197033,0.592156676,0.5526315694,0.6451616637
4009,1.0,0.0,0.0,0.5235987902,1.0,1.0,0.4477215192,0.4027358116,0.06888890266,0.06644803286,0.4426808151,0.5944881481,0.5559210289,0.6448973953
4010,1.0,0.0,0.0,0.5235987902,1.0,1.0,0.4465219316,0.4053113258,0.06864869595,0.06677162647,0.4380453602,0.5937499457,0.5504885298,0.6506022806
4011,1.0,0.0,0.0,0.5235987902,1.0,1.0,0.4424611752,0.4099014399,0.06862896681,0.06755238771,0.4305555075,0.5921575678,0.5424836459,0.6533867565
4012,1.0,0.0,0.0,0.5235987902,1.0,1.0,0.4470732894,0.4158965645,0.06974005699,0.06947076321,0.4248704396,0.5984561264,0.5419352122,0.651162651
4013,1.0,0.0,0.0,0.5235987902,1.0,1.0,0.4453471887,0.4137299932,0.06966257095,0.06885254383,0.428324741,0.6007757045,0.5454544478,0.6627445345
4014,1.0,0.0,0.0,0.5235987902,1.0,1.0,0.4428562682,0.4107739519,0.06962698698,0.06881421804,0.4224138013,0.6031124507,0.5372167617,0.6653544228
4015,1.0,0.0,0.0,0.5235987902,1.0,1.0,0.4478187568,0.415896861,0.07057988644,0.06976860762,0.4231760069,0.5938694438,0.5419354724,0.6589140068
4016,1.0,0.0,0.0,0.5235987902,1.0,1.0,0.4486231659,0.4180671734,0.0703651309,0.06955003738,0.4228769385,0.6023162458,0.5424834822,0.6640622322
4017,1.0,0.0,0.0,0.5235987902,1.0,1.0,0.4505255867,0.4134499494,0.07219082117,0.07025468349,0.4231433355,0.5977008837,0.5439737677,0.6574798206
4018,1.0,0.0,0.0,0.5235987902,1.0,1.0,0.45555184,0.4088625482,0.07240951061,0.06938093901,0.4350087331,0.6121671345,0.5551946649,0.6746032496
4019,1.0,0.0,0.0,0.5235987902,1.0,1.0,0.4540543421,0.3991276188,0.07162034512,0.06750422716,0.4360313597,0.6091953162,0.5584413296,0.6747971141
4020,1.0,0.0,0.0,0.5235987902,1.0,1.0,0.4447872338,0.3494780958,0.06944286823,0.05920624733,0.4468085289,0.6135454201,0.5620916136,0.6728966411
4021,1.0,0.0,0.0,0.5235987902,1.0,1.0,0.439647686,0.3380952628,0.07010519505,0.05818450451,0.4550311685,0.6153846808,0.5643567031,0.6731709716
4022,1.0,0.0,0.0,0.5235987902,1.0,1.0,0.4420090752,0.3292861958,0.06934690475,0.05587059259,0.4521038397,0.6113363038,0.5596027711,0.668341596
4023,1.0,0.0,0.0,0.5235987902,1.0,1.0,0.4386930285,0.3413126732,0.07088822126,0.05974048376,0.454867272,0.6169357449,0.568627658,0.6650723002
4024,1.0,0.0,0.0,0.5235987902,1.0,1.0,0.445959419,0.3613618699,0.06909877062,0.06063210964,0.4462081178,0.6166007496,0.5570033094,0.6621616574
4025,1.0,0.0,0.0,0.5235987902,1.0,1.0,0.4550873979,0.3861477555,0.07181203365,0.06573557854,0.4343257441,0.6076920268,0.5487012339,0.655462162
4026,1.0,0.0,0.0,0.5235987902,1.0,1.0,0.4484452072,0.3816638701,0.07354384661,0.06727266312,0.4382608288,0.6085272166,0.5501620126,0.6610174297
4027,1.0,0.0,0.0,0.5235987902,1.0,1.0,0.4534266069,0.3965527476,0.07760560513,0.07286632061,0.4406926739,0.6068704753,0.5516129315,0.6585365654
4028,1.0,0.0,0.0,0.5235987902,1.0,1.0,0.4571820532,0.4039276283,0.07429003716,0.07065933943,0.4359414905,0.6052632423,0.5527158117,0.6679848532
4029,1.0,0.0,0.0,0.5235987902,1.0,1.0,0.4562483184,0.4049184294,0.07259577513,0.06903445721,0.4384152052,0.5962264616,0.5466237627,0.6507944183
4030,1.0,0.0,0.0,0.5235987902,1.0,1.0,0.454689241,0.3922891003,0.07212978601,0.06685876846,0.4383202149,0.6038456803,0.5504887247,0.6514526114
4031,1.0,0.0,0.0,0.5235987902,1.0,1.0,0.4860107234,0.2850642075,0.07214957476,0.04660242796,0.5023652726,0.5680930284,0.5773193809,0.7108430037
4032,1.0,0.0,0.0,0.5235987902,1.0,1.0,0.5412424983,0.2322645447,0.08133322001,0.03875803947,0.485825973,0.4801446636,0.5352112324,0.5303036361
4033,1.0,0.0,0.0,0.5235987902,1.0,1.0,0.4930831202,0.2764778626,0.07411533594,0.04589450359,0.4895636868,0.5576923541,0.5670104648,0.6770184238
4034,1.0,0.0,0.0,0.5235987902,1.0,1.0,0.4642570797,0.2978133149,0.07084774971,0.04976207018,0.4764976366,0.5992059753,0.5723906925,0.7005649988
4035,1.0,0.0,0.0,0.5235987902,1.0,1.0,0.4410348524,0.3479904352,0.07040882111,0.05990427732,0.46263345,0.625,0.567656872,0.6824642522
4036,1.0,0.0,0.0,0.5235987902,1.0,1.0,0.4401048561,0.3625428183,0.07017636299,0.06206840277,0.4508771761,0.6215138224,0.5620913349,0.6711711409
4037,1.0,0.0,0.0,0.5235987902,1.0,1.0,0.4571361743,0.3991277453,0.07641935349,0.07147967815,0.4469565383,0.6045625004,0.5584416968,0.6626018362
4038,1.0,0.0,0.0,0.5235987902,1.0,1.0,0.4630083115,0.4142846298,0.07292622328,0.06993299723,0.4364736751,0.6119400179,0.5516130456,0.6770424135
4039,1.0,0.0,0.0,0.5235987902,1.0,1.0,0.4635343384,0.4237116493,0.07438236475,0.07244676352,0.4327585317,0.6022305756,0.5533980109,0.6679391668
4040,1.0,0.0,0.0,0.5235987902,1.0,1.0,0.4624802329,0.4220942313,0.07409787178,0.07243269682,0.4436741025,0.606742034,0.5566343166,0.6704980748
4041,1.0,0.0,0.0,0.5235987902,1.0,1.0,0.4595533686,0.4078368491,0.07351154089,0.06991887093,0.4416594566,0.6052627098,0.5548386132,0.6758893955
4042,1.0,0.0,0.0,0.5235987902,1.0,1.0,0.4634093581,0.4158966883,0.07150626183,0.0688380599,0.4411765047,0.6044773756,0.5580647322,0.6705425786
4043,1.0,0.0,0.0,0.5235987902,1.0,1.0,0.4618114328,0.4129528097,0.07348048687,0.07046449184,0.4431034131,0.6082091308,0.5562698932,0.6731520439
4044,1.0,0.0,0.0,0.5235987902,1.0,1.0,0.4624797792,0.4169749951,0.07353430986,0.07078027725,0.441941019,0.606741828,0.5551948588,0.6692603596
4045,1.0,0.0,0.0,0.5235987902,1.0,1.0,0.4623388072,0.4177733535,0.07293105125,0.07049095631,0.4325021446,0.6059481195,0.549839234,0.6769233631
4046,1.0,0.0,0.0,0.5235987902,1.0,1.0,0.4624666843,0.4196372731,0.07274323702,0.07058787346,0.4378748524,0.6037032879,0.5512821376,0.6641216346
4047,1.0,0.0,0.0,0.5235987902,1.0,1.0,0.4583648234,0.4218423132,0.0713327527,0.06972372532,0.4310344811,0.597743918,0.5454545127,0.6653846483
4048,1.0,0.0,0.0,0.5235987902,1.0,1.0,0.4630085568,0.4185975608,0.07157546282,0.0689047575,0.436473717,0.6007459797,0.555194784,0.666666955
4049,1.0,0.0,0.0,0.5235987902,1.0,1.0,0.4604849871,0.4175086887,0.07101672888,0.06888884306,0.4443485742,0.6029964842,0.5580645732,0.6718150694
4050,1.0,0.0,0.0,0.5235987902,1.0,1.0,0.4599508191,0.4204770077,0.07423657179,0.0725620389,0.4429065559,0.605263179,0.5598705055,0.6730773812
4051,1.0,0.0,0.0,0.5235987902,1.0,1.0,0.4566413332,0.4156255497,0.07057642937,0.06844586134,0.4431034037,0.6037737443,0.5566343745,0.6731517306
4052,1.0,0.0,0.0,0.5235987902,1.0,1.0,0.4533553149,0.412952744,0.07044732571,0.06857937574,0.4639175337,0.6136364021,0.5691318478,0.6848243177
4053,1.0,0.0,0.0,0.5235987902,1.0,1.0,0.4531949987,0.4078366155,0.07086849213,0.06817388535,0.4724137704,0.6083646768,0.5838709263,0.6798415413
4054,1.0,0.0,0.0,0.5235987902,1.0,1.0,0.4553109351,0.4123908693,0.07030910254,0.06791216135,0.4771355142,0.6136364214,0.5889968247,0.6823527243
4055,1.0,0.0,0.0,0.5235987902,1.0,1.0,0.4594140938,0.4188600686,0.0717073679,0.07008379698,0.4761491701,0.6150941357,0.5825242442,0.6872584114
4056,1.0,0.0,0.0,0.5235987902,1.0,1.0,0.4656587217,0.4255687589,0.07348245382,0.07184952497,0.4823123635,0.6111113364,0.5903227048,0.6856064408
4057,1.0,0.0,0.0,0.5235987902,1.0,1.0,0.4604847123,0.4191207257,0.0730368495,0.07112205029,0.4805867506,0.6104867569,0.590322601,0.6807690051
4058,1.0,0.0,0.0,0.5235987902,1.0,1.0,0.4596917527,0.4177729168,0.07173156738,0.06985092163,0.4832041171,0.6142318456,0.5916398645,0.6846149514
4059,1.0,0.0,0.0,0.5235987902,1.0,1.0,0.4646148132,0.4223446634,0.07146692276,0.06986689568,0.484822091,0.6156715173,0.593548587,0.6870228943
4060,1.0,0.0,0.0,0.5235987902,1.0,1.0,0.4635342643,0.4164340688,0.07432281971,0.07183617353,0.4758620126,0.6208175278,0.5865385081,0.684615391
4061,1.0,0.0,0.0,0.5235987902,1.0,1.0,0.4629893566,0.4260441244,0.0743997097,0.07302701473,0.4700855137,0.6125458653,0.5833333044,0.6804511953
4062,1.0,0.0,0.0,0.5235987902,1.0,1.0,0.4601011288,0.4308492279,0.07340991497,0.07313805819,0.4646206483,0.6037037578,0.5801279992,0.6728625414
4063,1.0,0.0,0.0,0.5235987902,1.0,1.0,0.4604846982,0.4304045665,0.07173854113,0.07173854113,0.4667816884,0.6142327885,0.5806450921,0.6816478934
4064,1.0,0.0,0.0,0.5235987902,1.0,1.0,0.4600876681,0.4366491819,0.0708168149,0.07161253691,0.4637931058,0.606741469,0.5825240601,0.6814814322
4065,1.0,0.0,0.0,0.5235987902,1.0,1.0,0.4678971712,0.4306274375,0.0746306181,0.07353305817,0.4681582883,0.6102936361,0.5787779644,0.6791047922
4066,1.0,0.0,0.0,0.5235987902,1.0,1.0,0.470427229,0.439883805,0.07493680716,0.07466226816,0.4672413904,0.6080585032,0.5792879475,0.6764706117
4067,1.0,0.0,0.0,0.5235987902,1.0,1.0,0.4710414649,0.4348224098,0.07423448563,0.07341271639,0.4695652149,0.612545847,0.5779222407,0.6753733373
4068,1.0,0.0,0.0,0.5235987902,1.0,1.0,0.4607359488,0.4014153081,0.07032608986,0.06626880169,0.4804964717,0.6269235072,0.5868852933,0.6938773491
4069,1.0,0.0,0.0,0.5235987902,1.0,1.0,0.4582630811,0.375606996,0.07131379843,0.06382167339,0.4772525404,0.622568321,0.571895371,0.686956806
4070,1.0,0.0,0.0,0.5235987902,1.0,1.0,0.4467883476,0.3574163639,0.06806147099,0.05904126167,0.4667863442,0.6224898895,0.5629137782,0.6805556116
4071,1.0,0.0,0.0,0.5235987902,1.0,1.0,0.4469774347,0.3562364336,0.06794261932,0.05870240927,0.4561717621,0.615999993,0.5511552528,0.6712964138
4072,1.0,0.0,0.0,0.5235987902,1.0,1.0,0.4491672732,0.3501333795,0.0680462122,0.05774438381,0.4556848897,0.6135459424,0.5460525198,0.6760556983
4073,1.0,0.0,0.0,0.5235987902,1.0,1.0,0.4511866248,0.3469825305,0.06875616312,0.05725121498,0.4478416536,0.6055774544,0.5415282944,0.6602867625
4074,1.0,0.0,0.0,0.5235987902,1.0,1.0,0.461829176,0.3407934381,0.07186818123,0.05771660805,0.441570038,0.6023165703,0.5377047288,0.677884675
4075,1.0,0.0,0.0,0.5235987902,1.0,1.0,0.4586415933,0.3425239334,0.07099378109,0.0578571558,0.4471545482,0.5984251241,0.5364238808,0.676328602
4076,1.0,0.0,0.0,0.5235987902,1.0,1.0,0.4783499257,0.3087975949,0.07327049971,0.05181866884,0.4558690066,0.5741449228,0.5415282439,0.6827966822
4077,1.0,0.0,0.0,0.5235987902,1.0,1.0,0.511562718,0.2919332538,0.0776938796,0.04891836643,0.4597157021,0.5481481595,0.5429552873,0.6764707316
4078,1.0,0.0,0.0,0.5235987902,1.0,1.0,0.547986809,0.2515957931,0.07818639278,0.04034531116,0.4887804218,0.4839855155,0.5416668061,0.5448276066
4079,1.0,0.0,0.0,0.5235987902,1.0,1.0,0.5485220215,0.2533798348,0.07902640104,0.04049754143,0.4707031387,0.4697509434,0.5140846961,0.4722225493
4080,1.0,0.0,0.0,0.5235987902,1.0,1.0,0.5132017144,0.2615986154,0.0774191618,0.04375863075,0.4697674956,0.5181156352,0.5436241778,0.5961536366
4081,1.0,0.0,0.0,0.5235987902,1.0,1.0,0.4592030278,0.3419145489,0.06961244345,0.05678194761,0.4666666798,0.599999315,0.5592103516,0.6682692257
4082,1.0,0.0,0.0,0.5235987902,1.0,1.0,0.4624801587,0.4017048015,0.07088595629,0.06637257338,0.4471403929,0.6142319358,0.556270028,0.6680005424
4083,1.0,0.0,0.0,0.5235987902,1.0,1.0,0.4772420808,0.430849053,0.07262587547,0.07078391314,0.4480968491,0.5978259442,0.5544871818,0.6505574048
4084,1.0,0.0,0.0,0.5235987902,1.0,1.0,0.4745176157,0.4244425729,0.07185536623,0.06974971294,0.4573912657,0.604395732,0.5544870191,0.6452829673
4085,1.0,0.0,0.0,0.5235987902,1.0,1.0,0.5623774427,0.2706065861,0.07662045956,0.04164147377,0.5351681676,0.5108698865,0.5812273333,0.5799996565
4086,1.0,0.0,0.0,0.5235987902,1.0,1.0,0.5676588548,0.2426704447,0.07916265726,0.03789705038,0.4904331205,0.4680855549,0.5251799303,0.4666667715
4087,1.0,0.0,0.0,0.5235987902,1.0,1.0,0.5343169907,0.2688155646,0.07714551687,0.04329031706,0.5019230527,0.5107916559,0.5620691097,0.5961536079
4088,1.0,0.0,0.0,0.5235987902,1.0,1.0,0.4542915694,0.3727561265,0.06974935532,0.06263768673,0.477718332,0.6156862075,0.5602607377,0.6593883637
4089,1.0,0.0,0.0,0.5235987902,1.0,1.0,0.4722736187,0.4253291812,0.07293874025,0.07078558207,0.4629467947,0.6088563539,0.5533980026,0.6577946
4090,1.0,0.0,0.0,0.5235987902,1.0,1.0,0.4738730125,0.4404593299,0.07414716482,0.07414722443,0.4517241938,0.5963634551,0.554487007,0.6472727945
4091,1.0,0.0,0.0,0.5235987902,1.0,1.0,0.4795256623,0.4564756174,0.07417100668,0.07576608658,0.4479793867,0.5913983074,0.5512817935,0.6456145016
4092,1.0,0.0,0.0,0.5235987902,1.0,1.0,0.4674257494,0.4487941008,0.07363146544,0.07550579309,0.4472789489,0.5927269695,0.550955423,0.638297822
4093,1.0,0.0,0.0,0.5235987902,1.0,1.0,0.4707268491,0.4502275155,0.07334566116,0.07494008541,0.4470990035,0.597825663,0.5527156652,0.6453901499
4094,1.0,0.0,0.0,0.5235987902,1.0,1.0,0.4746287729,0.4616469957,0.07391262054,0.07709163427,0.4485105606,0.5985663458,0.5523810612,0.6460483863
4095,1.0,0.0,0.0,0.5235987902,1.0,1.0,0.4767357538,0.4567515154,0.07458758354,0.07645225525,0.4531516828,0.59642856,0.5605096335,0.6515675286
4096,1.0,0.0,0.0,0.5235987902,1.0,1.0,0.4747138487,0.4616470861,0.07437825203,0.07730025053,0.4469889522,0.6035717148,0.5555553578,0.6597935203
4097,1.0,0.0,0.0,0.5235987902,1.0,1.0,0.4767353233,0.4568878801,0.07432979345,0.07645356655,0.4565587487,0.6071431149,0.5650792328,0.663194504
4098,1.0,0.0,0.0,0.5235987902,1.0,1.0,0.4860770412,0.4631173126,0.07543903589,0.07702720165,0.47440275,0.6140352402,0.5796178527,0.670102654
4099,1.0,0.0,0.0,0.5235987902,1.0,1.0,0.4848354953,0.4664059073,0.07678753138,0.07921236753,0.4791489531,0.6035088618,0.5904761403,0.6598641196
4100,1.0,0.0,0.0,0.5235987902,1.0,1.0,0.4772947057,0.4571578588,0.07519304752,0.07732617855,0.4750211306,0.6063827257,0.5835960378,0.6655168586
4101,1.0,0.0,0.0,0.5235987902,1.0,1.0,0.4779568244,0.4584740629,0.08115679026,0.08376538754,0.4807855975,0.6107139841,0.5873015718,0.6608994201
4102,1.0,0.0,0.0,0.5235987902,1.0,1.0,0.4834351432,0.4553010701,0.07930189371,0.08070790768,0.481989705,0.6134757397,0.5873015072,0.6655052162
4103,1.0,0.0,0.0,0.5235987902,1.0,1.0,0.4817819048,0.4566138662,0.07812255621,0.07923072577,0.4803419026,0.6170214065,0.5878592954,0.6748247724
4104,1.0,0.0,0.0,0.5235987902,1.0,1.0,0.4856624088,0.4554419893,0.07616007328,0.07696175575,0.4782609026,0.6140352525,0.5886075659,0.663194197
4105,1.0,0.0,0.0,0.5235987902,1.0,1.0,0.480549845,0.4616469361,0.07635563612,0.07879257202,0.4765558759,0.6099294711,0.5841269753,0.6769759138
4106,1.0,0.0,0.0,0.5235987902,1.0,1.0,0.4894528933,0.4664059986,0.07638543844,0.07852202654,0.4743151188,0.6118880873,0.5841268852,0.6734695582
4107,1.0,0.0,0.0,0.5235987902,1.0,1.0,0.4852487086,0.4664065003,0.07587844133,0.07827460766,0.4718909507,0.6140347156,0.5873014746,0.6700676957
4108,1.0,0.0,0.0,0.5235987902,1.0,1.0,0.4829630318,0.4537148939,0.07499343157,0.07632786036,0.4961307098,0.6192169489,0.6063493987,0.6818187852
4109,1.0,0.0,0.0,0.5235987902,1.0,1.0,0.4859354131,0.4505417526,0.07647371292,0.07701605558,0.4948275794,0.6205674754,0.6031746419,0.6795772822
4110,1.0,0.0,0.0,0.5235987902,1.0,1.0,0.4871082604,0.4564757868,0.07717722654,0.07855540514,0.502175929,0.6178570132,0.6121794439,0.6771926816
4111,1.0,0.0,0.0,0.5235987902,1.0,1.0,0.4827885146,0.4390519018,0.07573163509,0.07491439581,0.5013030908,0.6187045773,0.6102236489,0.6836365372
4112,1.0,0.0,0.0,0.5235987902,1.0,1.0,0.4914429032,0.459807245,0.07566416264,0.07727408409,0.5013076952,0.6134757695,0.616613431,0.6874998072
4113,1.0,0.0,0.0,0.5235987902,1.0,1.0,0.4829056455,0.4486313147,0.07445770502,0.07472360134,0.4961172982,0.6178572887,0.610223601,0.6832738539
4114,1.0,0.0,0.0,0.5235987902,1.0,1.0,0.4879987606,0.455017519,0.0753338933,0.07640624046,0.4960904187,0.6227758204,0.6070287755,0.6877190136
4115,1.0,0.0,0.0,0.5235987902,1.0,1.0,0.4871519834,0.4537147298,0.07548457384,0.07682770491,0.4917605979,0.619217464,0.6031744244,0.6888114791
4116,1.0,0.0,0.0,0.5235987902,1.0,1.0,0.486400648,0.4570230927,0.0754545927,0.07705432177,0.4875321983,0.6183749658,0.604430316,0.6851210243
4117,1.0,0.0,0.0,0.5235987902,1.0,1.0,0.4836290532,0.4454383242,0.07405698299,0.07432341576,0.4865099755,0.6330937568,0.6038337403,0.6989245673
4118,1.0,0.0,0.0,0.5235987902,1.0,1.0,0.4858879235,0.4426098967,0.07454353571,0.07401293516,0.4913494534,0.6227758263,0.6063493704,0.691756105
4119,1.0,0.0,0.0,0.5235987902,1.0,1.0,0.4872383374,0.4553017037,0.07481664419,0.0758742094,0.4866493846,0.6148412822,0.6063491825,0.6864107064
4120,1.0,0.0,0.0,0.5235987902,1.0,1.0,0.4807661864,0.4571581269,0.0742149353,0.07714098692,0.4896551598,0.6164875675,0.605678151,0.6827580665
4121,1.0,0.0,0.0,0.5235987902,1.0,1.0,0.4834350427,0.4510061858,0.07527703047,0.07661175728,0.4854201696,0.6134753935,0.6069182269,0.682926279
4122,1.0,0.0,0.0,0.5235987902,1.0,1.0,0.484946554,0.4378510387,0.07518589497,0.07437747717,0.4956520853,0.6236560674,0.6126985352,0.6811596293
4123,1.0,0.0,0.0,0.5235987902,1.0,1.0,0.4820125669,0.4459535789,0.07463347912,0.07543599606,0.4848746731,0.6164867882,0.6012659722,0.6843970398
4124,1.0,0.0,0.0,0.5235987902,1.0,1.0,0.4808314457,0.4461230444,0.07457339764,0.07537233829,0.4879726228,0.6178570801,0.6056782401,0.6784454085
4125,1.0,0.0,0.0,0.5235987902,1.0,1.0,0.4791135569,0.4461232179,0.07399046421,0.07505130768,0.4845361083,0.60931934,0.6056782256,0.6784454935
4126,1.0,0.0,0.0,0.5235987902,1.0,1.0,0.4760065528,0.4378507009,0.07340252399,0.0734025836,0.4477998916,0.6123192231,0.571428673,0.673913167
4127,1.0,0.0,0.0,0.5235987902,1.0,1.0,0.4742822598,0.436062297,0.07324081659,0.07297450304,0.4426229983,0.6072729226,0.5636944388,0.6678828629
4128,1.0,0.0,0.0,0.5235987902,1.0,1.0,0.4831510535,0.4434822756,0.07435381413,0.0740853548,0.4485165458,0.6137183855,0.5659165318,0.6702897793
4129,1.0,0.0,0.0,0.5235987902,1.0,1.0,0.4809866486,0.4402685702,0.07603400946,0.07548308372,0.448997452,0.6123190025,0.5691316662,0.6751829601
4130,1.0,0.0,0.0,0.5235987902,1.0,1.0,0.4831506515,0.4402686809,0.0739043951,0.07310402393,0.4432809129,0.6137179311,0.5594854255,0.6678834259
4131,1.0,0.0,0.0,0.5235987902,1.0,1.0,0.4805679522,0.4420608617,0.07360333204,0.07360333204,0.4442508657,0.6159415771,0.5576921287,0.6811595494
4132,1.0,0.0,0.0,0.5235987902,1.0,1.0,0.474430009,0.4386617221,0.07221388817,0.07247930765,0.4467713263,0.6213232988,0.5659164451,0.6776556927
4133,1.0,0.0,0.0,0.5235987902,1.0,1.0,0.478826323,0.4404593221,0.07279723883,0.07279729843,0.4477352601,0.6145455588,0.5608973954,0.679999607
4134,1.0,0.0,0.0,0.5235987902,1.0,1.0,0.4733745375,0.4360622698,0.07281267643,0.07281267643,0.4416595277,0.613138244,0.5636942823,0.6751825893
4135,1.0,0.0,0.0,0.5235987902,1.0,1.0,0.481951214,0.4438417897,0.07390874624,0.07390874624,0.4414570401,0.611510803,0.5623001342,0.6726624478
4136,1.0,0.0,0.0,0.5235987902,1.0,1.0,0.478557283,0.440836659,0.07378846407,0.07378846407,0.4416594926,0.6173284382,0.5605093908,0.6823100815
4137,1.0,0.0,0.0,0.5235987902,1.0,1.0,0.4774729736,0.45212816,0.07319414616,0.07476818562,0.4315067408,0.609318938,0.5523808597,0.6807020397
4138,1.0,0.0,0.0,0.5235987902,1.0,1.0,0.4821340939,0.4583427604,0.07434076071,0.07619267702,0.4403433806,0.6085408397,0.5636944628,0.6701395055
4139,1.0,0.0,0.0,0.5235987902,1.0,1.0,0.4811807619,0.4567511687,0.07501018047,0.07716101408,0.4357204246,0.6057346189,0.5605094822,0.6689900019
4140,1.0,0.0,0.0,0.5235987902,1.0,1.0,0.4852487049,0.4679927391,0.07503163815,0.0776643157,0.4344121975,0.6035086772,0.5555557551,0.667796631
4141,1.0,0.0,0.0,0.5235987902,1.0,1.0,0.4868634692,0.4614038913,0.07733571529,0.0786973238,0.4339622765,0.605634161,0.5591054023,0.6678196682
4142,1.0,0.0,0.0,0.5235987902,1.0,1.0,0.4808958986,0.4614037007,0.07503682375,0.07717311382,0.4366437839,0.6049817739,0.5591054666,0.6712801699
4143,1.0,0.0,0.0,0.5235987902,1.0,1.0,0.4894175305,0.4660860367,0.07891470194,0.0805760622,0.4398624756,0.6035088435,0.5544868955,0.6666666667
4144,1.0,0.0,0.0,0.5235987902,1.0,1.0,0.4841586811,0.4548741482,0.07689571381,0.07799422741,0.4446367279,0.6107142414,0.5608971741,0.6725353566
4145,1.0,0.0,0.0,0.5235987902,1.0,1.0,0.4829633084,0.4596794251,0.07604146004,0.07766515017,0.439380962,0.6085412349,0.5576923688,0.672474012
4146,1.0,0.0,0.0,0.5235987902,1.0,1.0,0.4845253067,0.4609076755,0.07437926531,0.07597881556,0.4422241748,0.6093188672,0.5598703817,0.6666661437
4147,1.0,0.0,0.0,0.5235987902,1.0,1.0,0.4879573339,0.4670591038,0.07870101929,0.08038747311,0.4455100009,0.6071430735,0.5588233257,0.6678324997
4148,1.0,0.0,0.0,0.5235987902,1.0,1.0,0.4880390039,0.4624040068,0.07540267706,0.07620483637,0.4441558006,0.6028368906,0.5584415256,0.6596493561
4149,1.0,0.0,0.0,0.5235987902,1.0,1.0,0.4940070954,0.4569812635,0.07875883579,0.07791799307,0.4494283568,0.604982465,0.5559208617,0.6618703275
4150,1.0,0.0,0.0,0.5235987902,1.0,1.0,0.4887332563,0.4633173419,0.07729351521,0.07784956694,0.4441512383,0.6043161085,0.5562912733,0.6607140806
4151,1.0,0.0,0.0,0.5235987902,1.0,1.0,0.4826105605,0.4485943841,0.07700711489,0.07616698742,0.4433714287,0.5963636786,0.5511553183,0.6544116381
4152,1.0,0.0,0.0,0.5235987902,1.0,1.0,0.4846854564,0.4660698544,0.07637012005,0.07720625401,0.4371682164,0.6058396382,0.5488214277,0.6642600281
4153,1.0,0.0,0.0,0.5235987902,1.0,1.0,0.4828562126,0.4627042645,0.07617229223,0.0770124197,0.4422735474,0.6066180527,0.5420873178,0.6581822432
4154,1.0,0.0,0.0,0.5235987902,1.0,1.0,0.4827962541,0.4558264767,0.07446241379,0.07418763638,0.4456328046,0.6051660487,0.5506758501,0.6629631177
4155,1.0,0.0,0.0,0.5235987902,1.0,1.0,0.4872725054,0.4529241244,0.07424432039,0.07343137264,0.4501779234,0.5985406382,0.5518393997,0.6568263616
4156,1.0,0.0,0.0,0.5235987902,1.0,1.0,0.4859265173,0.4526088144,0.0738581419,0.07277590036,0.4603740171,0.5970694049,0.5622893763,0.6617102533
4157,1.0,0.0,0.0,0.5235987902,1.0,1.0,0.4823666891,0.4425139022,0.07427871227,0.0720859766,0.4621548904,0.6014756979,0.5656565287,0.6615963923
4158,1.0,0.0,0.0,0.5235987902,1.0,1.0,0.4770266679,0.4321910535,0.07354843616,0.07025521994,0.4657169145,0.6007465529,0.5608106523,0.6601557496
4159,1.0,0.0,0.0,0.5235987902,1.0,1.0,0.4840906189,0.4453298228,0.0733281374,0.07089293003,0.4602324004,0.6014759698,0.5646260032,0.664121656
4160,1.0,0.0,0.0,0.5235987902,1.0,1.0,0.4795167273,0.4251863965,0.07336372137,0.06896740198,0.4681042168,0.5992514049,0.5694916126,0.6613547366
4161,1.0,0.0,0.0,0.5235987902,1.0,1.0,0.5462537385,0.2863363823,0.0776322484,0.04514169693,0.5445343926,0.5555555556,0.60218989,0.6815285363
4162,1.0,0.0,0.0,0.5235987902,1.0,1.0,0.5650341539,0.255412741,0.08071726561,0.03992462158,0.5238094642,0.4982081817,0.559259505,0.5507252651
4163,1.0,0.0,0.0,0.5235987902,1.0,1.0,0.5414900456,0.2829301115,0.07560771704,0.04328471422,0.5125881184,0.5501861667,0.5808822298,0.6623368039
4164,1.0,0.0,0.0,0.5235987902,1.0,1.0,0.5064869331,0.3451312836,0.07215446234,0.05287659168,0.4893617644,0.6068699295,0.5719423901,0.6874995773
4165,1.0,0.0,0.0,0.5235987902,1.0,1.0,0.484465765,0.4102971902,0.07134646177,0.0637216568,0.4671601061,0.6068705383,0.5614034212,0.6581193783
4166,1.0,0.0,0.0,0.5235987902,1.0,1.0,0.4946072937,0.4356996858,0.07254523039,0.06681799889,0.4548837008,0.5864661036,0.558718716,0.6448983961
4167,1.0,0.0,0.0,0.5235987902,1.0,1.0,0.5033682113,0.4593926639,0.07406657934,0.07030963898,0.4543795456,0.5905799871,0.5614034609,0.6526720922
4168,1.0,0.0,0.0,0.5235987902,1.0,1.0,0.5138421669,0.4647754406,0.0770855546,0.07271194458,0.4585232631,0.5886524274,0.5699300153,0.6578952114
4169,1.0,0.0,0.0,0.5235987902,1.0,1.0,0.5146717948,0.4719582514,0.0757407546,0.07254040241,0.4524025826,0.5915493512,0.5625001697,0.6580886522
4170,1.0,0.0,0.0,0.5235987902,1.0,1.0,0.512955842,0.471764892,0.07619541883,0.0732126832,0.4520547574,0.5907472697,0.5664335825,0.6481476506
4171,1.0,0.0,0.0,0.5235987902,1.0,1.0,0.5080039989,0.4697023413,0.07562851906,0.07288831472,0.4548803914,0.5905798701,0.5618373065,0.6541354183
4172,1.0,0.0,0.0,0.5235987902,1.0,1.0,0.5043053917,0.4646526845,0.0744920969,0.07178330421,0.4513761647,0.5927274619,0.5508769696,0.6490570644
4173,1.0,0.0,0.0,0.5235987902,1.0,1.0,0.5093044777,0.4753442212,0.07433986664,0.07274115086,0.4465753215,0.5878139793,0.5505225151,0.6446885186
4174,1.0,0.0,0.0,0.5235987902,1.0,1.0,0.5153659573,0.4719589927,0.0753121376,0.07316040993,0.4475137305,0.5892857143,0.5555554274,0.6544115011
4175,1.0,0.0,0.0,0.5235987902,1.0,1.0,0.5107442963,0.4533551006,0.07545411587,0.07165426016,0.4558823841,0.6007196404,0.5635737004,0.6590908524
4176,1.0,0.0,0.0,0.5235987902,1.0,1.0,0.510353273,0.4636586541,0.07499396801,0.07336366177,0.4690101514,0.6014489068,0.5704467794,0.6592589764
4177,1.0,0.0,0.0,0.5235987902,1.0,1.0,0.504356709,0.4567897319,0.07373255491,0.07210612297,0.4564007514,0.5955884552,0.5670103521,0.6541355994
4178,1.0,0.0,0.0,0.5235987902,1.0,1.0,0.5137318392,0.4569367534,0.07406014204,0.07190567255,0.4560747252,0.600000161,0.5753425955,0.6666663904
4179,1.0,0.0,0.0,0.5235987902,1.0,1.0,0.5183676113,0.4521284905,0.07572817802,0.07245928049,0.4608209068,0.6043165411,0.5782312293,0.6691728396
4180,1.0,0.0,0.0,0.5235987902,1.0,1.0,0.5232482047,0.4570829716,0.07609945536,0.07336211205,0.463276813,0.6079137677,0.5802048758,0.6679102901
4181,1.0,0.0,0.0,0.5235987902,1.0,1.0,0.517601872,0.4553771602,0.07460486889,0.07243454456,0.4651600605,0.5999998402,0.5733787693,0.666666941
4182,1.0,0.0,0.0,0.5235987902,1.0,1.0,0.5252267419,0.4589274878,0.07621216774,0.07401901484,0.4669186489,0.611510932,0.5782314207,0.6666669351
4183,1.0,0.0,0.0,0.5235987902,1.0,1.0,0.5255189328,0.4600880069,0.07456749678,0.07239830494,0.4646271278,0.610909367,0.5758620859,0.6704115287
4184,1.0,0.0,0.0,0.5235987902,1.0,1.0,0.5210359421,0.4586480879,0.07697921991,0.07501977682,0.4672985141,0.610908891,0.5753424857,0.6716419452
4185,1.0,0.0,0.0,0.5235987902,1.0,1.0,0.5230546316,0.4561909464,0.0732319355,0.07132619619,0.4766537485,0.6096654154,0.5853656584,0.6717558528
4186,1.0,0.0,0.0,0.5235987902,1.0,1.0,0.530711124,0.4717647838,0.07536268234,0.07426255941,0.4728682219,0.6058395604,0.5909090393,0.6740735152
4187,1.0,0.0,0.0,0.5235987902,1.0,1.0,0.5363799322,0.4754287059,0.075484097,0.07439798117,0.4652509188,0.607913848,0.5868055966,0.6678833608
4188,1.0,0.0,0.0,0.5235987902,1.0,1.0,0.5235634549,0.4610103832,0.07445776463,0.07252025604,0.4683544251,0.6133835097,0.5809856633,0.6717556185
4189,1.0,0.0,0.0,0.5235987902,1.0,1.0,0.5277520098,0.4718620022,0.07561928034,0.07506525517,0.4642166757,0.6043954312,0.5783974423,0.6678968958
4190,1.0,0.0,0.0,0.5235987902,1.0,1.0,0.5295693794,0.4647757103,0.07610976696,0.07361894846,0.4643544516,0.6072730263,0.5769231927,0.6616542023
4191,1.0,0.0,0.0,0.5235987902,1.0,1.0,0.515156569,0.4697023061,0.07364457846,0.07336872816,0.471042558,0.5917602754,0.5830389084,0.6578941169
4192,1.0,0.0,0.0,0.5235987902,1.0,1.0,0.5275367877,0.4647752845,0.07648938894,0.07398605347,0.4587332805,0.5963636902,0.5769229905,0.646616396
4193,1.0,0.0,0.0,0.5235987902,1.0,1.0,0.5263218313,0.4683795439,0.07597160339,0.07377749681,0.4638783258,0.5992780435,0.5749127404,0.6468397883
4194,1.0,0.0,0.0,0.5235987902,1.0,1.0,0.5157801938,0.4614151274,0.07407695055,0.07190620899,0.4574668252,0.6007330193,0.5714285714,0.6528300229
4195,1.0,0.0,0.0,0.5235987902,1.0,1.0,0.5072926285,0.4625078043,0.07489925623,0.07294291258,0.4545456013,0.6044774753,0.5673758222,0.6590037907
4196,1.0,0.0,0.0,0.5235987902,1.0,1.0,0.5082874513,0.4644050998,0.07394486666,0.07283711433,0.4495238245,0.5992508397,0.5583039312,0.642585458
4197,1.0,0.0,0.0,0.5235987902,1.0,1.0,0.5011558148,0.4591074144,0.07277429104,0.07221871614,0.4373205824,0.5839698595,0.5406360585,0.6269229277
4198,1.0,0.0,0.0,0.5235987902,1.0,1.0,0.5011610328,0.4622417271,0.07129985094,0.07075345516,0.4178673781,0.5862066371,0.5250001947,0.625482079
4199,1.0,0.0,0.0,0.5235987902,1.0,1.0,0.5006802816,0.4536475873,0.07305186987,0.07165241241,0.4318617491,0.5938698131,0.5425534243,0.6367192179
4200,1.0,0.0,0.0,0.5235987902,1.0,1.0,0.4973478495,0.4502787548,0.07187789679,0.06995755434,0.4283000676,0.5877863292,0.5406362024,0.6352938971
4201,1.0,0.0,0.0,0.5235987902,1.0,1.0,0.4912512577,0.4401054142,0.07259893417,0.06981736422,0.4331449443,0.5900379965,0.5438596491,0.6374505801
4202,1.0,0.0,0.0,0.5235987902,1.0,1.0,0.4917139951,0.441858363,0.07182216644,0.06934553385,0.4307256568,0.5862075261,0.533333308,0.6309525754
4203,1.0,0.0,0.0,0.5235987902,1.0,1.0,0.4864705662,0.4447868609,0.07056367397,0.0689162612,0.429924201,0.5836575547,0.5354608715,0.6294823749
4204,1.0,0.0,0.0,0.5235987902,1.0,1.0,0.4884064466,0.4381356604,0.07095021009,0.06821084023,0.422641482,0.5907336264,0.5316899373,0.6305221656
4205,1.0,0.0,0.0,0.5235987902,1.0,1.0,0.4832051991,0.4418584043,0.0697427392,0.06865298748,0.4258734431,0.58593748,0.5228069179,0.623016376
4206,1.0,0.0,0.0,0.5235987902,1.0,1.0,0.4926160668,0.4414496925,0.07149994373,0.06874996424,0.4199053325,0.6,0.5441697317,0.6479994937
4207,1.0,0.0,0.0,0.5235987902,1.0,1.0,0.4887436574,0.4414494945,0.07011145353,0.06846815348,0.4231135831,0.5976561603,0.5335685773,0.6359996692
4208,1.0,0.0,0.0,0.5235987902,1.0,1.0,0.488743318,0.4483313865,0.07046157122,0.06963586807,0.4326648172,0.5898435815,0.5460992772,0.6324107932
4209,1.0,0.0,0.0,0.5235987902,1.0,1.0,0.4801895461,0.4328571785,0.06985276937,0.06818962097,0.4280266782,0.5873013435,0.5352114168,0.62601658
4210,1.0,0.0,0.0,0.5235987902,1.0,1.0,0.4847533952,0.4461797209,0.06975793839,0.06948006153,0.4260869988,0.5856577211,0.5285713301,0.6279997461
4211,1.0,0.0,0.0,0.5235987902,1.0,1.0,0.4787405476,0.4414496163,0.06888210773,0.06860762835,0.4255725499,0.5856574222,0.5406361305,0.6279997741
4212,1.0,0.0,0.0,0.5235987902,1.0,1.0,0.4754716056,0.4376990625,0.06880414486,0.06797856092,0.4272121492,0.5840002356,0.5425534732,0.6234814654
4213,1.0,0.0,0.0,0.5235987902,1.0,1.0,0.476289179,0.426807879,0.06851553917,0.06603902578,0.4200956535,0.5863453676,0.5338077223,0.6166662605
4214,1.0,0.0,0.0,0.5235987902,1.0,1.0,0.4620152105,0.4146623357,0.0665025115,0.06430411339,0.428844257,0.5867770521,0.5354610624,0.6153846154
4215,1.0,0.0,0.0,0.5235987902,1.0,1.0,0.4698724862,0.4146624359,0.06734800339,0.0645878911,0.4258189257,0.5901645438,0.5390070189,0.6239312296
4216,1.0,0.0,0.0,0.5235987902,1.0,1.0,0.4670468073,0.4111180325,0.06674903631,0.06372749805,0.4230769993,0.5884773405,0.5390069368,0.633620472
4217,1.0,0.0,0.0,0.5235987902,1.0,1.0,0.4727090749,0.4164337765,0.0700674057,0.06720745564,0.4305019309,0.5877557131,0.5460993196,0.6297871321
4218,1.0,0.0,0.0,0.5235987902,1.0,1.0,0.4677424598,0.4123570899,0.06711012125,0.06464487314,0.4231136448,0.5755101823,0.5419580632,0.6186438568
4219,1.0,0.0,0.0,0.5235987902,1.0,1.0,0.4608433685,0.4036208518,0.06652331352,0.06323820353,0.4212524548,0.572016601,0.5419579488,0.6147181659
4220,1.0,0.0,0.0,0.0,1.0,1.0,0.4623011115,0.3973475042,0.06676727533,0.06266272068,0.4255923062,0.5901636271,0.5520834829,0.6288207239
4221,1.0,0.0,0.0,0.5235987902,1.0,1.0,0.4557528469,0.3907851679,0.066211164,0.06209015846,0.4247871119,0.5809131656,0.5467128391,0.6238936354
4222,1.0,0.0,0.0,0.5235987902,1.0,1.0,0.4494196672,0.3890561302,0.06505167484,0.0612411499,0.4242709499,0.5732215733,0.5467125905,0.6266672247
4223,1.0,0.0,0.0,0.5235987902,1.0,1.0,0.4561843427,0.4018736128,0.06625443697,0.06323045492,0.4242423279,0.5767633922,0.5524475577,0.6173914601
4224,1.0,0.0,0.0,0.5235987902,1.0,1.0,0.4528276521,0.3987320881,0.06605237722,0.06328868866,0.4161137464,0.5774060956,0.5400698696,0.6200876241
4225,1.0,0.0,0.0,0.5235987902,1.0,1.0,0.450747455,0.3994249462,0.0648971796,0.06215888262,0.4157944633,0.5822781904,0.5387324456,0.6211460292
4226,1.0,0.0,0.0,0.5235987902,1.0,1.0,0.4577152812,0.4058016103,0.06573730707,0.06351834536,0.4202898671,0.5696203335,0.5496454009,0.6113538921
4227,1.0,0.0,0.0,0.5235987902,1.0,1.0,0.4611304288,0.407245968,0.06641799212,0.064447999,0.4232649037,0.5805086381,0.5516014959,0.6244541081
4228,1.0,0.0,0.0,0.5235987902,1.0,1.0,0.4597822493,0.4090241144,0.06562554836,0.06395709515,0.4230019119,0.5677965948,0.5480425758,0.6217393492
4229,1.0,0.0,0.0,0.5235987902,1.0,1.0,0.451671097,0.3994249823,0.06616234779,0.06391000748,0.4230769661,0.5702131493,0.5528168083,0.6211454238
4230,1.0,0.0,0.0,0.5235987902,1.0,1.0,0.4504253925,0.3959056892,0.06499922276,0.06276750565,0.4274662152,0.5751073355,0.5563381288,0.622222391
4231,1.0,0.0,0.0,0.5235987902,1.0,1.0,0.4531572107,0.394884543,0.06592768431,0.06313413382,0.4274735032,0.5720339251,0.5629370017,0.6283190854
4232,1.0,0.0,0.0,0.5235987902,1.0,1.0,0.4587599839,0.3994250322,0.06662201881,0.06354290247,0.4252651431,0.5714285714,0.5528169713,0.6211450811
4233,1.0,0.0,0.0,0.5235987902,1.0,1.0,0.4552482061,0.4032834347,0.06517505646,0.06298428774,0.4181818712,0.5714285714,0.5543861564,0.6260862817
4234,1.0,0.0,0.0,0.5235987902,1.0,1.0,0.4511764796,0.3969911339,0.06698340178,0.06443977356,0.4247618822,0.5738395348,0.557491412,0.622806904
4235,1.0,0.0,0.0,0.5235987902,1.0,1.0,0.4539449989,0.4074376037,0.06734800339,0.06621605158,0.4274809574,0.5714285714,0.5644596722,0.6239318547
4236,1.0,0.0,0.0,0.5235987902,1.0,1.0,0.4522192032,0.3987320175,0.0669567585,0.06442475319,0.4201520805,0.5714284443,0.5505228602,0.6331874012
4237,1.0,0.0,0.0,0.5235987902,1.0,1.0,0.4481886451,0.3900261109,0.06484740973,0.06129038334,0.422895002,0.5738396392,0.5505225979,0.6294644854
4238,1.0,0.0,0.0,0.5235987902,1.0,1.0,0.4543766027,0.3973886467,0.06689190865,0.06413912773,0.421889623,0.5802470016,0.559727062,0.6309015348
4239,1.0,0.0,0.0,0.5235987902,1.0,1.0,0.4487670383,0.3850590713,0.06603860855,0.06191122532,0.4331150918,0.5833336342,0.5582192124,0.6311112566
4240,1.0,0.0,0.0,0.5235987902,1.0,1.0,0.4525776774,0.3901928468,0.066159904,0.06285184622,0.4320754188,0.5791668131,0.5582192643,0.6359652492
4241,1.0,0.0,0.0,0.5235987902,1.0,1.0,0.4542917539,0.3850588822,0.0666102767,0.06244713068,0.4318181264,0.579166648,0.5582192209,0.6311119044
4242,1.0,0.0,0.0,0.5235987902,1.0,1.0,0.4523989271,0.3867702613,0.06567710638,0.062104702,0.4299241995,0.5857739371,0.5513698973,0.6238943744
4243,1.0,0.0,0.0,0.5235987902,1.0,1.0,0.4528279056,0.3799245734,0.0662471652,0.0615349412,0.4350711708,0.5857736294,0.5582193923,0.6351351482
4244,1.0,0.0,0.0,0.5235987902,1.0,1.0,0.4531805776,0.3769225866,0.06649130583,0.06097334623,0.4317968286,0.5892120311,0.5563140133,0.6289592097
4245,1.0,0.0,0.0,0.5235987902,1.0,1.0,0.4463342073,0.386543774,0.06434935331,0.06157565117,0.4282965014,0.5862071521,0.547038308,0.6261262569
4246,1.0,0.0,0.0,0.5235987902,1.0,1.0,0.4469675334,0.3865438687,0.06455314159,0.06150555611,0.4280229744,0.5836908207,0.5470381722,0.6216212549
4247,1.0,0.0,0.0,0.5235987902,1.0,1.0,0.4581577676,0.3892562741,0.06563341618,0.06147944927,0.4294004255,0.5864980666,0.5473685442,0.6261268074
4248,1.0,0.0,0.0,0.5235987902,1.0,1.0,0.454556714,0.3867098255,0.06497007608,0.06080532074,0.4324587215,0.5897430957,0.547703211,0.6210044856
4249,1.0,0.0,0.0,0.5235987902,1.0,1.0,0.4495558534,0.3795790192,0.0645288229,0.06037461758,0.4324324857,0.5793985668,0.5505225724,0.6192663177
4250,1.0,0.0,0.0,0.5235987902,1.0,1.0,0.4510501004,0.3839960156,0.06506174803,0.06089109182,0.4252650948,0.589743073,0.5473684408,0.6210048523
4251,1.0,0.0,0.0,0.5235987902,1.0,1.0,0.4537697588,0.3760965648,0.06523364782,0.05945342779,0.4329502265,0.5949367667,0.5574911788,0.6296293697
4252,1.0,0.0,0.0,0.5235987902,1.0,1.0,0.4515439154,0.3834662152,0.06517028809,0.0602620244,0.4253308523,0.5941423627,0.5451390509,0.6289592089
4253,1.0,0.0,0.0,0.5235987902,1.0,1.0,0.4571017273,0.3963305183,0.06658303738,0.06276273727,0.4245548377,0.5901638023,0.5482760866,0.6260864363
4254,1.0,0.0,0.0,0.5235987902,1.0,1.0,0.4518408447,0.3850590349,0.06495708227,0.06014543772,0.4344185456,0.6008227205,0.5547948211,0.635555604
4255,1.0,0.0,0.0,0.5235987902,1.0,1.0,0.4489971442,0.3786815747,0.06483155489,0.05940639973,0.4304510733,0.5941419132,0.550173293,0.6301368351
4256,1.0,0.0,0.0,0.5235987902,1.0,1.0,0.4504001566,0.3795131857,0.06537866592,0.05970531702,0.4376163537,0.5867767616,0.5670103679,0.6244343304
4257,1.0,0.0,0.0,0.5235987902,1.0,1.0,0.451599934,0.3820394888,0.06705141068,0.06155538559,0.4185185575,0.5860653406,0.5426618926,0.6205360947
4258,1.0,0.0,0.0,0.5235987902,1.0,1.0,0.4542060799,0.3765256305,0.06641429663,0.05955332518,0.4291079927,0.5826446021,0.5486112132,0.622119645
4259,1.0,0.0,0.0,0.5235987902,1.0,1.0,0.451661991,0.3838688926,0.06598836184,0.06053477526,0.4192344355,0.5867766356,0.5432526946,0.6261262991
4260,1.0,0.0,0.0,0.5235987902,1.0,1.0,0.4531808119,0.3830611023,0.06576228142,0.06003189087,0.4242708747,0.5809130361,0.5400697991,0.6181818723
4261,1.0,0.0,0.0,0.5235987902,1.0,1.0,0.4452403377,0.3760966588,0.06518042088,0.05940490961,0.4191728874,0.5822782032,0.5365853566,0.6111118358
4262,1.0,0.0,0.0,0.5235987902,1.0,1.0,0.448806046,0.3774112952,0.06499028206,0.05898272991,0.4226414788,0.588235402,0.5419581286,0.6250002526
4263,1.0,0.0,0.0,0.5235987902,1.0,1.0,0.4529307569,0.383868633,0.06564682722,0.06022143364,0.4250936374,0.5826447219,0.5467126897,0.6261258497
4264,1.0,0.0,0.0,0.5235987902,1.0,1.0,0.4466990247,0.3769519301,0.06507527828,0.05960673094,0.4253519992,0.5882355635,0.5467126984,0.6284400046
4265,1.0,0.0,0.0,0.5235987902,1.0,1.0,0.448347488,0.3786811866,0.06492573023,0.05924475193,0.4280373743,0.5875001033,0.5501727942,0.6255711989
4266,1.0,0.0,0.0,0.5235987902,1.0,1.0,0.4466779157,0.3790984247,0.06462496519,0.05923950672,0.4245809486,0.5916666897,0.5448273968,0.6409092098
4267,1.0,0.0,0.0,0.5235987902,1.0,1.0,0.4539519707,0.3808220648,0.06514465809,0.05924683809,0.4261682598,0.5884773813,0.551723953,0.6244344802
4268,1.0,0.0,0.0,0.5235987902,1.0,1.0,0.4526125766,0.3871560493,0.0658595562,0.06102091074,0.4251387302,0.5918366608,0.5529009258,0.6343609495
4269,1.0,0.0,0.0,0.5235987902,1.0,1.0,0.4450069185,0.3832320628,0.06550604105,0.0609421134,0.4251825085,0.5860652643,0.5540539376,0.6387667137
4270,1.0,0.0,0.0,0.5235987902,1.0,1.0,0.4486549635,0.3845312243,0.0662227273,0.06110793352,0.4306570036,0.5934954227,0.5593220657,0.6387666659
4271,1.0,0.0,0.0,0.5235987902,1.0,1.0,0.4585453808,0.39633019,0.06665110588,0.06257039309,0.4250935312,0.5877546458,0.55172419,0.6347830974
4272,1.0,0.0,0.0,0.5235987902,1.0,1.0,0.4655195335,0.3983785809,0.06741583347,0.06273794174,0.4296577986,0.5877547412,0.5524474572,0.6271927324
4273,1.0,0.0,0.0,0.5235987902,1.0,1.0,0.4622884239,0.3938770548,0.06703013182,0.06160259247,0.4232209107,0.5829959478,0.5486111482,0.6255505457
4274,1.0,0.0,0.0,0.5235987902,1.0,1.0,0.4612811347,0.3990828663,0.06668871641,0.06235122681,0.4183865832,0.5813008166,0.5451386955,0.626086915
4275,1.0,0.0,0.0,0.5235987902,1.0,1.0,0.4558204116,0.3956122019,0.06728214025,0.06287014484,0.4317758119,0.577868493,0.5520832552,0.6184211774
4276,1.0,0.0,0.0,0.5235987902,1.0,1.0,0.4608485098,0.3994312603,0.06879448891,0.06459975243,0.4245548629,0.5813010102,0.5432525186,0.6190473554
4277,1.0,0.0,0.0,0.5235987902,1.0,1.0,0.4579999913,0.3997766659,0.07060939074,0.06632137299,0.4174396065,0.5748989768,0.5413793252,0.6120691515
4278,1.0,0.0,0.0,0.5235987902,1.0,1.0,0.4485031358,0.3977017191,0.06630045176,0.06275349855,0.4164359057,0.5843624729,0.5397923078,0.6217391428
4279,1.0,0.0,0.0,0.5235987902,1.0,1.0,0.4491045666,0.3946074943,0.06690472364,0.06279176474,0.4235727534,0.5737704626,0.5413793026,0.6157207935
4280,1.0,0.0,0.0,0.5235987902,1.0,1.0,0.4476761783,0.4022145923,0.06724470854,0.06392401457,0.4175115396,0.5720164974,0.5400694943,0.6060606061
4281,1.0,0.0,0.0,0.5235987902,1.0,1.0,0.4429758764,0.3928840874,0.06763708591,0.0637242198,0.4267399428,0.5785124987,0.5448275152,0.6228076493
4282,1.0,0.0,0.0,0.5235987902,1.0,1.0,0.4346982379,0.3880995203,0.06542503834,0.06186634302,0.4212919565,0.581590671,0.5429553213,0.6106190598
4283,1.0,0.0,0.0,0.5235987902,1.0,1.0,0.4373129241,0.3942436056,0.06499892473,0.06174898148,0.4293528737,0.5708339561,0.5432524938,0.6096492583
4284,1.0,0.0,0.0,0.5235987902,1.0,1.0,0.4312719388,0.3880991716,0.06544530392,0.06137192249,0.4252461547,0.5684651044,0.5429555091,0.6017695333
4285,1.0,0.0,0.0,0.5235987902,1.0,1.0,0.4328793774,0.3966317283,0.06686717272,0.06377667189,0.4158324934,0.5630251951,0.534965289,0.5903083659
4286,1.0,0.0,0.0,0.5235987902,1.0,1.0,0.4320455426,0.3804101417,0.06565290689,0.05993211269,0.4152466392,0.5643152397,0.5363323174,0.5954545726
4287,1.0,0.0,0.0,0.5235987902,1.0,1.0,0.427559109,0.3817315384,0.06492739916,0.06027019024,0.4277978518,0.582278911,0.5486110613,0.6045456433
4288,1.0,0.0,0.0,0.5235987902,1.0,1.0,0.4288450186,0.3869368091,0.06717187166,0.06267499924,0.4147217039,0.573221516,0.5312498965,0.587443605
4289,1.0,0.0,0.0,0.5235987902,1.0,1.0,0.4218482935,0.3834664215,0.06511408091,0.06071817875,0.4176312895,0.5696202879,0.5277779974,0.5837111091
4290,1.0,0.0,0.0,0.5235987902,1.0,1.0,0.4228752729,0.3756524917,0.06408655643,0.05870109797,0.4204444738,0.57142897,0.5379311976,0.5963297629
4291,1.0,0.0,0.0,0.5235987902,1.0,1.0,0.4292299043,0.393136989,0.06607317924,0.06220281124,0.4195867672,0.5690377475,0.5349648901,0.5866662195
4292,1.0,0.0,0.0,0.5235987902,1.0,1.0,0.4256043907,0.3831780169,0.06388241053,0.05924129486,0.4067334841,0.5769228257,0.5300353452,0.5944698884
4293,1.0,0.0,0.0,0.5235987902,1.0,1.0,0.4276846328,0.3898530566,0.06458753347,0.06020873785,0.4161377094,0.5635590288,0.5354610805,0.5818182718
4294,1.0,0.0,0.0,0.5235987902,1.0,1.0,0.4236763314,0.3871079155,0.06388002634,0.06005817652,0.4184781647,0.5598290239,0.5387321522,0.5818179472
4295,1.0,0.0,0.0,0.5235987902,1.0,1.0,0.4259915323,0.377880876,0.0636703968,0.05822849274,0.4207650992,0.5683759404,0.5371025801,0.5934577526
4296,1.0,0.0,0.0,0.5235987902,1.0,1.0,0.4280729963,0.3880813341,0.06384038925,0.0592417717,0.4137930587,0.5677970691,0.5319149019,0.5844742794
4297,1.0,0.0,0.0,0.5235987902,1.0,1.0,0.4267884014,0.3878951235,0.06552100182,0.06137412786,0.4126125939,0.569620472,0.5279719727,0.5945952508
4298,1.0,0.0,0.0,0.5235987902,1.0,1.0,0.4279452186,0.3892563812,0.06471192837,0.06061625481,0.4164408645,0.5611815939,0.5333334354,0.5765763463
4299,1.0,0.0,0.0,0.5235987902,1.0,1.0,0.4278184342,0.3886715469,0.06388705969,0.06012898684,0.4136690737,0.5714285714,0.5312502408,0.5848213268
4300,1.0,0.0,0.0,0.5235987902,1.0,1.0,0.427811889,0.3804102078,0.06501537561,0.06086546183,0.4207649829,0.5617023461,0.5294118085,0.5772729454
4301,1.0,0.0,0.0,0.5235987902,1.0,1.0,0.4399013506,0.391389578,0.06595081091,0.06181162596,0.4180479378,0.5648534846,0.5314686766,0.5758933953
4302,1.0,0.0,0.0,0.5235987902,1.0,1.0,0.4371979979,0.3887688699,0.06497454643,0.0612577796,0.4216868001,0.5635597729,0.5314687034,0.579774942
4303,1.0,0.0,0.0,0.5235987902,1.0,1.0,0.4359859563,0.394884253,0.06447780132,0.06174564362,0.423290264,0.5720336711,0.527972048,0.5796461117
4304,1.0,0.0,0.0,0.5235987902,1.0,1.0,0.4421151951,0.3835886263,0.06511712074,0.06015050411,0.4264291836,0.5720340069,0.5352112676,0.5871558269
4305,1.0,0.0,0.0,0.5235987902,1.0,1.0,0.4414599578,0.3863090675,0.0647482276,0.06057983637,0.4274881512,0.5708154783,0.5354611048,0.5825685952
4306,1.0,0.0,0.0,0.5235987902,1.0,1.0,0.4418784955,0.3849441385,0.06568324566,0.06145471334,0.4307400282,0.5665237726,0.5335687713,0.5779820162
4307,1.0,0.0,0.0,0.5235987902,1.0,1.0,0.4410414837,0.3849440461,0.06392240524,0.05980724096,0.4261363262,0.5665230689,0.5371025969,0.5825688485
4308,1.0,0.0,0.0,0.5235987902,1.0,1.0,0.4389629896,0.381829142,0.06413149834,0.05972766876,0.4231856688,0.557939603,0.5281689604,0.5806455476
4309,1.0,0.0,0.0,0.5235987902,1.0,1.0,0.434129704,0.3827649411,0.06353926659,0.0596716404,0.4258733911,0.5652178399,0.5354608248,0.5787035372
4310,1.0,0.0,0.0,0.5235987902,1.0,1.0,0.438009705,0.3855975942,0.06692135334,0.06323498487,0.4317548005,0.5677966856,0.5363322202,0.6008971569
4311,1.0,0.0,0.0,0.0,1.0,1.0,0.423251188,0.3909379084,0.06618475914,0.06396001577,0.4181494948,0.5630252631,0.5136055971,0.595652105
4312,1.0,0.0,0.0,0.5235987902,1.0,1.0,0.4292081785,0.3789275719,0.07318556309,0.06840610504,0.432077111,0.6163260985,0.53973499,0.6331879365
4313,1.0,0.0,0.0,0.0,1.0,1.0,0.4456970013,0.3987134811,0.07315963507,0.07125937939,0.4343629859,0.6017312808,0.5460995391,0.6044445411
4314,1.0,0.0,0.0,0.0,1.0,1.0,0.4707720494,0.3683064549,0.07449579239,0.06398230791,0.4207027613,0.6048388903,0.5640139809,0.6244129881
4315,1.0,0.0,0.0,0.0,1.0,1.0,0.4744434942,0.4059106594,0.07127296925,0.06572300196,0.4124514228,0.5860656218,0.5379063804,0.5955557934
4316,1.0,0.0,0.0,0.0,1.0,1.0,0.4486474599,0.3861480695,0.06561487913,0.0597563982,0.4268537717,0.5848215218,0.5492424045,0.5784313139
4317,1.0,0.0,0.0,0.0,1.0,1.0,0.450452333,0.3702309703,0.06610643864,0.05990898609,0.4366197169,0.5669643904,0.5693430254,0.5911336715
4318,1.0,0.0,0.0,0.0,1.0,1.0,0.4617419907,0.3729534387,0.07093524933,0.0623370409,0.4280000066,0.5584415039,0.5698530356,0.5862070944
4319,1.0,0.0,0.0,0.0,1.0,1.0,0.4754426475,0.3540458181,0.06785911322,0.05544239283,0.4170040862,0.5574468571,0.546125311,0.5572912019
4320,1.0,0.0,0.0,0.0,1.0,1.0,0.4628153008,0.3548743241,0.06708061695,0.05667155981,0.4291417831,0.5646546286,0.5724638357,0.5612242859
4321,1.0,0.0,0.0,0.0,1.0,1.0,0.4699759368,0.3734380465,0.06572413445,0.05740463734,0.4226189569,0.5611816068,0.5595669144,0.5700484898
4322,1.0,0.0,0.0,0.0,1.0,1.0,0.4585119832,0.3546971268,0.07257676125,0.0608804822,0.4274881217,0.5785119691,0.5699302763,0.5862062551
4323,1.0,0.0,0.0,0.0,1.0,1.0,0.4161026709,0.282450992,0.07055038214,0.05265957117,0.4780876571,0.5885164311,0.5797102793,0.5512829365
4324,1.0,0.0,0.0,0.0,1.0,1.0,0.4215752809,0.266011078,0.06316667795,0.04313820601,0.4711934504,0.5756099724,0.5475287701,0.5642849149
4325,1.0,0.0,0.0,0.5235987902,1.0,1.0,0.3954234549,0.3176917696,0.06666946411,0.05657726526,0.4319419384,0.5871556188,0.532646101,0.5783784182
4326,1.0,0.0,0.0,0.0,1.0,1.0,0.4079717707,0.3291674175,0.06019884348,0.05073523521,0.415329727,0.5720522115,0.5392492999,0.5751295824
4327,1.0,0.0,0.0,0.0,1.0,1.0,0.3869950711,0.3250780495,0.05638647079,0.04862689972,0.3960923442,0.5779813701,0.5259514868,0.5851065916
4328,1.0,0.0,0.0,0.0,1.0,1.0,0.374141289,0.3400161525,0.05647540092,0.05176907778,0.3986134857,0.5833329815,0.5326460777,0.5808073539
4329,1.0,0.0,0.0,0.0,1.0,1.0,0.374029735,0.3394657323,0.05604410172,0.05135202408,0.4064404555,0.5860460466,0.5413794095,0.5888323754
4330,1.0,0.0,0.0,0.0,1.0,1.0,0.3757560957,0.3359897407,0.05640333891,0.05073720217,0.4042918719,0.5844745432,0.5426617833,0.5888321474
4331,1.0,0.0,0.0,0.0,1.0,1.0,0.3867143243,0.3416460724,0.05802762508,0.05183804035,0.3946690344,0.5911106044,0.5374147896,0.5970152858
4332,1.0,0.0,0.0,0.0,1.0,1.0,0.3800933082,0.3538291929,0.06116884947,0.05761885643,0.4040746281,0.5803576736,0.5402684564,0.6018957591
4333,1.0,0.0,0.0,0.0,1.0,1.0,0.37871786,0.3655677891,0.05823040009,0.05692481995,0.3933729879,0.5829597193,0.536912762,0.6055044815
4334,1.0,0.0,0.0,0.0,1.0,1.0,0.3716092729,0.3660165261,0.05766755342,0.05766755342,0.4057724208,0.5707756374,0.5418060428,0.6073058322
4335,1.0,0.0,0.0,0.5235987902,1.0,1.0,0.3672799928,0.3619240143,0.05616122484,0.05642002821,0.4106688202,0.571427965,0.544850741,0.6238538895
4336,1.0,0.0,0.0,0.5235987902,1.0,1.0,0.3768942984,0.3670081535,0.057305336,0.05730527639,0.4040403793,0.5848210571,0.5475410011,0.62499961
4337,1.0,0.0,0.0,0.5235987902,1.0,1.0,0.3736388013,0.3629895146,0.05772835016,0.05772835016,0.4015088161,0.5874441545,0.5407163462,0.627802598
4338,1.0,0.0,0.0,0.5235987902,1.0,1.0,0.3771478485,0.3673445808,0.05784034729,0.05836617947,0.4065179846,0.5909089035,0.5430462881,0.6306312562
4339,1.0,0.0,0.0,0.5235987902,1.0,1.0,0.3801766221,0.3634333269,0.05928337574,0.05901986361,0.4082840288,0.5822221775,0.5454544454,0.629463668
4340,1.0,0.0,0.0,0.5235987902,1.0,1.0,0.3817716509,0.374790781,0.0600181818,0.06132864952,0.3961634705,0.5895199109,0.5416665908,0.6324782005
4341,1.0,0.0,0.0,0.5235987902,1.0,1.0,0.3899851318,0.378820455,0.06042158604,0.06146776676,0.4054053612,0.5930733368,0.5516126698,0.6297871144
4342,1.0,0.0,0.0,0.5235987902,1.0,1.0,0.397073622,0.3816636964,0.06324923038,0.06351828575,0.403212168,0.5957446006,0.5436893656,0.6355929659
4343,1.0,0.0,0.0,0.5235987902,1.0,1.0,0.3991033716,0.3796582342,0.06248307228,0.06169211864,0.4035383527,0.5822786018,0.5422075612,0.6282050043
4344,1.0,0.0,0.0,0.5235987902,1.0,1.0,0.3991031287,0.3808949118,0.06441825628,0.06360286474,0.3984835685,0.5822787504,0.5342017951,0.6153846154
4345,1.0,0.0,0.0,0.5235987902,1.0,1.0,0.4024710033,0.3808945797,0.06437838078,0.06303155422,0.4085930833,0.573221676,0.540716691,0.6068374856
4346,1.0,0.0,0.0,0.5235987902,1.0,1.0,0.4014707562,0.3788736696,0.06511503458,0.06374132633,0.4084745889,0.5696201836,0.5424837968,0.6163790604
4347,1.0,0.0,0.0,0.5235987902,1.0,1.0,0.4018197512,0.3715034715,0.06313747168,0.0604622364,0.4088586174,0.5720339743,0.5427629579,0.5973453945
4348,1.0,0.0,0.0,0.5235987902,1.0,1.0,0.4011364263,0.3677817137,0.06386053562,0.0603428483,0.4115645873,0.5762710915,0.5412541746,0.605381352
4349,1.0,0.0,0.0,0.5235987902,1.0,1.0,0.4049462385,0.3722755793,0.06433290243,0.06077408791,0.4068965388,0.5787235935,0.5335569036,0.6036033032
4350,1.0,0.0,0.0,0.5235987902,1.0,1.0,0.4018646512,0.3709793922,0.06664675474,0.06318455935,0.4134029939,0.5844151082,0.538983141,0.6118723356
4351,1.0,0.0,0.0,0.5235987902,1.0,1.0,0.3809123336,0.309931378,0.05823212862,0.04935866594,0.4410162687,0.6000002047,0.5540070025,0.6067424143
4352,1.0,0.0,0.0,0.5235987902,1.0,1.0,0.4331886044,0.1910699175,0.06345939636,0.02959543467,0.4810496362,0.5291479442,0.5698530445,0.6153839957
4353,1.0,0.0,0.0,0.5235987902,1.0,1.0,0.4394432079,0.1823800116,0.06342166662,0.02806270123,0.47665368,0.5176990693,0.5693430176,0.5899994478
4354,1.0,0.0,0.0,0.5235987902,1.0,1.0,0.3861058734,0.255176615,0.05819743872,0.04009777308,0.4750461851,0.5980862175,0.5744678107,0.6319454045
4355,1.0,0.0,0.0,0.5235987902,1.0,1.0,0.3923210194,0.3052903076,0.06128710508,0.04963976145,0.4529306788,0.592760159,0.5631398804,0.6145251598
4356,1.0,0.0,0.0,0.5235987902,1.0,1.0,0.3905667593,0.3166545751,0.06118899584,0.05130255222,0.4522184601,0.5851530469,0.567656728,0.630208176
4357,1.0,0.0,0.0,0.5235987902,1.0,1.0,0.4052018946,0.3452018348,0.06430333853,0.05650085211,0.4486852913,0.5899580194,0.5690788228,0.6190476693
4358,1.0,0.0,0.0,0.5235987902,1.0,1.0,0.4054497435,0.3532230333,0.0654065609,0.05840831995,0.4424039785,0.5802467786,0.5667751645,0.6175110646
4359,1.0,0.0,0.0,0.5235987902,1.0,1.0,0.4115829371,0.3612633832,0.06622368097,0.05989158154,0.4339622816,0.5657374247,0.5636942549,0.6123342231
4360,1.0,0.0,0.0,0.5235987902,1.0,1.0,0.4086023793,0.3664619278,0.06810295582,0.06292712688,0.4390841816,0.5720003361,0.5650793761,0.6147183687
4361,1.0,0.0,0.0,0.5235987902,1.0,1.0,0.4023728089,0.3605581389,0.0678408742,0.06236982346,0.4334416203,0.5725802838,0.566455501,0.6140356578
4362,1.0,0.0,0.0,0.5235987902,1.0,1.0,0.4103987306,0.3705094966,0.07049185038,0.06579238176,0.439613506,0.5686280976,0.5763241245,0.6176471921
4363,1.0,0.0,0.0,0.5235987902,1.0,1.0,0.4058485964,0.3716673272,0.06979733706,0.06540060043,0.4388488679,0.5669292616,0.5781248624,0.6218484561
4364,1.0,0.0,0.0,0.5235987902,1.0,1.0,0.4036209502,0.3747907101,0.06895434856,0.06567078829,0.4342948299,0.5714285714,0.5749997789,0.6166660465
4365,1.0,0.0,0.0,0.5235987902,1.0,1.0,0.4101519486,0.3747907117,0.06855225563,0.0642169714,0.4371451596,0.5731230589,0.5759492636,0.6286915876
4366,1.0,0.0,0.0,0.5235987902,1.0,1.0,0.4075083553,0.3791533314,0.07032364607,0.06643217802,0.429492361,0.5691702653,0.5714285228,0.6150624424
4367,1.0,0.0,0.0,0.5235987902,1.0,1.0,0.4175086958,0.396604081,0.07106727362,0.06859779358,0.4306451462,0.5675675222,0.5682540295,0.6239998957
4368,1.0,0.0,0.0,0.5235987902,1.0,1.0,0.419379809,0.3934310593,0.07095485926,0.06742072105,0.4356912941,0.5632181784,0.5746031801,0.625000442
4369,1.0,0.0,0.0,0.5235987902,1.0,1.0,0.4165010172,0.3870854864,0.0709682703,0.06685817242,0.4368463914,0.5637063789,0.5809526143,0.6188523786
4370,1.0,0.0,0.0,0.5235987902,1.0,1.0,0.4196999045,0.3904572502,0.06902486086,0.06526482105,0.4313724904,0.5680936406,0.5723474641,0.6213987335
4371,1.0,0.0,0.0,0.5235987902,1.0,1.0,0.4196189431,0.3867267777,0.07160776854,0.06744456291,0.4353132767,0.577519667,0.5732482183,0.641974774
4372,1.0,0.0,0.0,0.5235987902,1.0,1.0,0.4264716975,0.4042329778,0.07211816311,0.06991612911,0.4381107033,0.5801526024,0.5764330738,0.6377956314
4373,1.0,0.0,0.0,0.5235987902,1.0,1.0,0.4280998744,0.4023313738,0.07195544243,0.0689458847,0.4381107586,0.5741443922,0.5750800945,0.6349202919
4374,1.0,0.0,0.0,0.5235987902,1.0,1.0,0.4311317694,0.4071208052,0.0719113946,0.06945985556,0.4313725333,0.5757576009,0.5686900612,0.6392152353
4375,1.0,0.0,0.0,0.5235987902,1.0,1.0,0.4287982898,0.4020189632,0.06960427761,0.06642836332,0.4323001404,0.574144135,0.5705127488,0.637449831
4376,1.0,0.0,0.0,0.5235987902,1.0,1.0,0.4311318491,0.4048369204,0.07128834724,0.0691280365,0.4297386244,0.5719695323,0.5696202664,0.6210940733
4377,1.0,0.0,0.0,0.5235987902,1.0,1.0,0.429485558,0.409581419,0.07193142176,0.07003849745,0.4119547382,0.5714284531,0.5537973172,0.6254826386
4378,1.0,0.0,0.0,0.5235987902,1.0,1.0,0.435319618,0.4172273016,0.07292300463,0.07183051109,0.4045677168,0.5767786864,0.5396826331,0.6273769496
4379,1.0,0.0,0.0,0.5235987902,1.0,1.0,0.4397874538,0.4193798781,0.07279568911,0.07142734528,0.401157976,0.5714286884,0.5337620624,0.628352938
4380,1.0,0.0,0.0,0.5235987902,1.0,1.0,0.4371516092,0.4101946949,0.07128804922,0.06856715679,0.4023371784,0.5839692646,0.5342020276,0.6349205383
4381,1.0,0.0,0.0,0.5235987902,1.0,1.0,0.4319469933,0.2977789515,0.06692934036,0.0487267971,0.4502712777,0.5899582149,0.5547944232,0.6551718654
4382,1.0,0.0,0.0,0.5235987902,1.0,1.0,0.521193158,0.202785547,0.0760819912,0.03191459179,0.4628906645,0.464419904,0.5217391963,0.4642853141
4383,1.0,0.0,0.0,0.5235987902,1.0,1.0,0.5193178371,0.1987941111,0.07414150238,0.03049594164,0.4745096983,0.4528301583,0.5255474311,0.403670962
4384,1.0,0.0,0.0,0.5235987902,1.0,1.0,0.5256026462,0.2017390511,0.07345205545,0.03032678366,0.4701194144,0.439393632,0.5185187535,0.3944956653
4385,1.0,0.0,0.0,0.5235987902,1.0,1.0,0.521447989,0.1958610582,0.0738928318,0.02994894981,0.46640317,0.4431813415,0.5238096352,0.4018688055
4386,1.0,0.0,0.0,0.5235987902,1.0,1.0,0.5298245231,0.1976505822,0.0729688406,0.02929806709,0.4698794503,0.4507577923,0.5186568575,0.3962261464
4387,1.0,0.0,0.0,0.5235987902,1.0,1.0,0.5151349847,0.2112789267,0.07229954004,0.032102108,0.4706468167,0.4555983792,0.5183827149,0.4260858102
4388,1.0,0.0,0.0,0.5235987902,1.0,1.0,0.5232372122,0.2024417426,0.07398879528,0.03075939417,0.4823529164,0.4419475625,0.5255477975,0.3963961345
4389,1.0,0.0,0.0,0.5235987902,1.0,1.0,0.5091310934,0.2091422971,0.07220947742,0.03174966574,0.4826560235,0.4513617296,0.5259259085,0.4159284061
4390,1.0,0.0,0.0,0.5235987902,1.0,1.0,0.5189024586,0.2010155412,0.07098549604,0.02955424786,0.4787878497,0.4474712811,0.5150379156,0.4112149533
4391,1.0,0.0,0.0,0.5235987902,1.0,1.0,0.5141159549,0.1952929664,0.07043856382,0.02873891592,0.487654229,0.4560000609,0.5210727364,0.401960764
4392,1.0,0.0,0.0,0.5235987902,1.0,1.0,0.4992069488,0.1941223848,0.06788253784,0.02821457386,0.4922918315,0.4485599888,0.5153846343,0.3564354553
4393,1.0,0.0,0.0,0.5235987902,1.0,1.0,0.5142963944,0.1987307061,0.06896793842,0.02875989676,0.4874999472,0.4412949727,0.5135137918,0.3689304493
4394,1.0,0.0,0.0,0.5235987902,1.0,1.0,0.5200858264,0.191753383,0.0701789856,0.02790248394,0.4754441781,0.43373495,0.5077520428,0.3333333333
4395,1.0,0.0,0.0,0.5235987902,1.0,1.0,0.4914947532,0.2128090266,0.06680476665,0.03130602837,0.5164609157,0.4979077407,0.5703423563,0.5267864623
4396,1.0,0.0,0.0,0.5235987902,1.0,1.0,0.429019305,0.3355527277,0.0615811348,0.05136364698,0.5514917843,0.6008972473,0.6317688673,0.6451617021
4397,1.0,0.0,0.0,0.5235987902,1.0,1.0,0.4502162454,0.4033461932,0.06634587049,0.0622164011,0.5327102256,0.5809123896,0.6178571318,0.6150449599
4398,1.0,0.0,0.0,0.5235987902,1.0,1.0,0.4581164286,0.432143249,0.06840610504,0.06784772873,0.534144007,0.5673463662,0.6227759237,0.6090533569
4399,1.0,0.0,0.0,0.5235987902,1.0,1.0,0.4604168966,0.4283323245,0.0671838522,0.06554526091,0.5374533099,0.5772358445,0.6285717179,0.6166666818
4400,1.0,0.0,0.0,0.5235987902,1.0,1.0,0.4654169856,0.448512876,0.06937837601,0.07020765543,0.5435992549,0.5816735053,0.639576043,0.6220475783
4401,1.0,0.0,0.0,0.5235987902,1.0,1.0,0.4612811707,0.4483311683,0.06832975149,0.06942737103,0.5421686311,0.5783137049,0.6347518836,0.6205530916
4402,1.0,0.0,0.0,0.5235987902,1.0,1.0,0.4672713083,0.4554194661,0.06937378645,0.07075029612,0.5417439163,0.5793655635,0.6418440492,0.6225681196
4403,1.0,0.0,0.0,0.5235987902,1.0,1.0,0.4659748551,0.4538101071,0.06855326891,0.0699134469,0.5356151509,0.5714286956,0.6289750599,0.6147859292
4404,1.0,0.0,0.0,0.5235987902,1.0,1.0,0.4615634842,0.4573417532,0.06799703836,0.07016432285,0.5344985832,0.5737056682,0.6289751593,0.6293441345
4405,1.0,0.0,0.0,0.5235987902,1.0,1.0,0.4681740245,0.4507970767,0.06969404221,0.07023853064,0.5242452425,0.5781246793,0.6223774431,0.6279069965
4406,1.0,0.0,0.0,0.5235987902,1.0,1.0,0.4664667668,0.4492265825,0.06988221407,0.07042819262,0.5205105624,0.5703125733,0.6202091493,0.6317831327
4407,1.0,0.0,0.0,0.5235987902,1.0,1.0,0.4661646721,0.4598127023,0.06987982988,0.07205504179,0.5099819381,0.5719842134,0.614583369,0.6339620956
4408,1.0,0.0,0.0,0.5235987902,1.0,1.0,0.4656179344,0.4598125428,0.06947517395,0.07191765308,0.517743295,0.5742192862,0.621527668,0.6339623298
4409,1.0,0.0,0.0,0.5235987902,1.0,1.0,0.4680928,0.4634090618,0.06951975822,0.07193553448,0.5117541119,0.5714289389,0.6124567886,0.6343284077
4410,1.0,0.0,0.0,0.5235987902,1.0,1.0,0.4650245535,0.4502606998,0.06876349449,0.07036262751,0.5148781677,0.5775193731,0.610921546,0.640151666
4411,1.0,0.0,0.0,0.5235987902,1.0,1.0,0.4653197844,0.4516380146,0.06853038073,0.07013034821,0.5144928673,0.5836578244,0.611683862,0.6425855352
4412,1.0,0.0,0.0,0.5235987902,1.0,1.0,0.4665877611,0.4635341249,0.06905215979,0.07227635384,0.5240690294,0.5836575305,0.6172413398,0.6468403326
4413,1.0,0.0,0.0,0.5235987902,1.0,1.0,0.4693664966,0.4685964924,0.06976878643,0.07300126553,0.5231187939,0.5830113983,0.6193770223,0.6457561412
4414,1.0,0.0,0.0,0.5235987902,1.0,1.0,0.464772226,0.4547630994,0.06909972429,0.07098913193,0.5204358985,0.5820317588,0.6159168612,0.6463879093
4415,1.0,0.0,0.0,0.5235987902,1.0,1.0,0.4667077892,0.4600878738,0.07025080919,0.07270139456,0.5239819168,0.5852709923,0.6206895771,0.6441949715
4416,1.0,0.0,0.0,0.5235987902,1.0,1.0,0.4655894931,0.446594605,0.0716496706,0.07245773077,0.5183887558,0.5977445798,0.6212623791,0.6579930391
4417,1.0,0.0,0.0,0.5235987902,1.0,1.0,0.4640886349,0.4438312179,0.07282119989,0.07363945246,0.5113044344,0.5992509026,0.6118419895,0.6481478634
4418,1.0,0.0,0.0,0.5235987902,1.0,1.0,0.4631352135,0.4525158449,0.07133388519,0.07372045517,0.5090439891,0.598513182,0.6188926821,0.6618710504
4419,1.0,0.0,0.0,0.5235987902,1.0,1.0,0.4657760718,0.4445566843,0.07300639153,0.0738145113,0.5098881168,0.6014757798,0.6233766653,0.6496347713
4420,1.0,0.0,0.0,0.5235987902,1.0,1.0,0.4644566136,0.4445569524,0.07300198078,0.07408350706,0.5129087251,0.6,0.6233765676,0.6569347059
4421,1.0,0.0,0.0,0.5235987902,1.0,1.0,0.4603490153,0.4380668763,0.07278430462,0.07387876511,0.5082251161,0.601503704,0.6201299837,0.6555555556
4422,1.0,0.0,0.0,0.5235987902,1.0,1.0,0.4607537318,0.4433008064,0.07309359312,0.07472395897,0.5149957801,0.6059477765,0.6258063969,0.6690913007
4423,1.0,0.0,0.0,0.5235987902,1.0,1.0,0.4615446821,0.451204337,0.07314109802,0.07586014271,0.5107296283,0.5947955512,0.624595405,0.6666664048
4424,1.0,0.0,0.0,0.5235987902,1.0,1.0,0.4676050421,0.4528212499,0.07371044159,0.07560044527,0.5064266786,0.6043952401,0.6245953271,0.6714289656
4425,1.0,0.0,0.0,0.5235987902,1.0,1.0,0.4696171581,0.4463528253,0.07440936565,0.07522708178,0.5129087802,0.6080582706,0.6278316557,0.6702902541
4426,1.0,0.0,0.0,0.5235987902,1.0,1.0,0.4735554974,0.4497489923,0.07533347607,0.07615232468,0.5141630781,0.6050719764,0.6258064334,0.6702504023
4427,1.0,0.0,0.0,0.5235987902,1.0,1.0,0.4678970913,0.4526695811,0.07310134172,0.07498264313,0.4991393628,0.5955878696,0.6103896665,0.6666669316
4428,1.0,0.0,0.0,0.5235987902,1.0,1.0,0.4636857417,0.4346105007,0.07264637947,0.07264631987,0.5047784622,0.6029960519,0.6156352419,0.6779028276
4429,1.0,0.0,0.0,0.5235987902,1.0,1.0,0.4684882614,0.4458293268,0.07341307402,0.07422876358,0.4999999525,0.6037037608,0.6078430179,0.6703293527
4430,1.0,0.0,0.0,0.5235987902,1.0,1.0,0.4708405418,0.4358221092,0.07371991873,0.07289773226,0.5078810015,0.6022307297,0.6229508606,0.6729320265
4431,1.0,0.0,0.0,0.5235987902,1.0,1.0,0.4734196697,0.4403480438,0.07426470518,0.07343953848,0.5122807161,0.6037031835,0.6171618766,0.6741567927
4432,1.0,0.0,0.0,0.5235987902,1.0,1.0,0.4719833087,0.4403481695,0.07276791334,0.07249635458,0.5154185094,0.6082092456,0.6237624013,0.6741574974
4433,1.0,0.0,0.0,0.5235987902,1.0,1.0,0.4607355941,0.4266724168,0.07051730156,0.06970369816,0.5141844303,0.6038463879,0.6212624379,0.6770429114
4434,1.0,0.0,0.0,0.5235987902,1.0,1.0,0.4704300954,0.4333127649,0.07296836376,0.07186692953,0.5186501927,0.6037733845,0.6245849624,0.6743292636
4435,1.0,0.0,0.0,0.5235987902,1.0,1.0,0.4678239682,0.4449343767,0.07142823935,0.07251048088,0.507092165,0.6060605808,0.6179400292,0.6828356859
4436,1.0,0.0,0.0,0.5235987902,1.0,1.0,0.4631771993,0.4434612113,0.07096332312,0.07231253386,0.5118942405,0.596958424,0.6192054929,0.6679104816
4437,1.0,0.0,0.0,0.5235987902,1.0,1.0,0.4711528042,0.4467703095,0.0746396184,0.0751966238,0.5092347823,0.6007458604,0.6192053262,0.6703707227
4438,1.0,0.0,0.0,0.5235987902,1.0,1.0,0.4669311405,0.4440142235,0.07233864069,0.07342231274,0.5153106092,0.5955055902,0.6262294609,0.6642063545
4439,1.0,0.0,0.0,0.5235987902,1.0,1.0,0.4710411721,0.4474626801,0.0727327466,0.07353794575,0.5113043331,0.597785869,0.6241828785,0.6751820854
4440,1.0,0.0,0.0,0.5235987902,1.0,1.0,0.4624799961,0.4378660961,0.07264357805,0.07318770885,0.5112651416,0.599250712,0.6254071499,0.6691451812
4441,1.0,0.0,0.0,0.5235987902,1.0,1.0,0.467565007,0.4392972612,0.07285553217,0.07285553217,0.5078260266,0.6059479037,0.6241829079,0.6802971088
4442,1.0,0.0,0.0,0.5235987902,1.0,1.0,0.470732869,0.4447352118,0.07308954,0.07389563322,0.5134198459,0.6102937519,0.621358976,0.6727269648
4443,1.0,0.0,0.0,0.5235987902,1.0,1.0,0.4702236195,0.4400767906,0.07225197554,0.07278519869,0.5260417439,0.6125457541,0.6290322464,0.684981898
4444,1.0,0.0,0.0,0.5235987902,1.0,1.0,0.4634091146,0.4386617877,0.07128041983,0.07261025906,0.5224914159,0.6156710458,0.6302250063,0.6886450314
4445,1.0,0.0,0.0,0.5235987902,1.0,1.0,0.4638101609,0.4324506787,0.07083064318,0.07135921717,0.5203463683,0.6194030165,0.6282050217,0.6888889075
4446,1.0,0.0,0.0,0.5235987902,1.0,1.0,0.4598125316,0.4384646551,0.07051062584,0.07237315178,0.5243054864,0.6188684094,0.6290322231,0.6838233599
4447,1.0,0.0,0.0,0.5235987902,1.0,1.0,0.4561911678,0.4368527119,0.07041466236,0.07283347845,0.5121950301,0.6068698672,0.6225806186,0.6789670222
4448,1.0,0.0,0.0,0.5235987902,1.0,1.0,0.4552434117,0.4415007676,0.06956368685,0.07276195288,0.5148342178,0.6091955599,0.6213592479,0.6849820151
4449,1.0,0.0,0.0,0.5235987902,1.0,1.0,0.4519216937,0.4356544317,0.06947100163,0.07267737389,0.5147826547,0.6076926377,0.625000134,0.687499795
4450,1.0,0.0,0.0,0.5235987902,1.0,1.0,0.4606123419,0.4418753749,0.07078152895,0.07345253229,0.5182608846,0.607547513,0.6302250273,0.6836364315
4451,1.0,0.0,0.0,0.5235987902,1.0,1.0,0.452478974,0.438661866,0.07032823563,0.07356178761,0.512575827,0.6091954315,0.6237941048,0.6849813882
4452,1.0,0.0,0.0,0.5235987902,1.0,1.0,0.4566869441,0.4443773591,0.07023280859,0.07374447584,0.5114235589,0.6076918572,0.6188925935,0.6813187879
4453,1.0,0.0,0.0,0.5235987902,1.0,1.0,0.4545310502,0.4413121814,0.0699326992,0.07344287634,0.5153643199,0.6138998837,0.6266234917,0.6838237025
4454,1.0,0.0,0.0,0.5235987902,1.0,1.0,0.4615507182,0.446004892,0.0705305934,0.07348054647,0.5153642764,0.623573595,0.6254069599,0.6934301537
4455,1.0,0.0,0.0,0.5235987902,1.0,1.0,0.4644050911,0.4478020936,0.07175546885,0.07530230284,0.5141342605,0.6273760089,0.6233765635,0.6956527934
4456,1.0,0.0,0.0,0.5235987902,1.0,1.0,0.4622311074,0.4460048086,0.07124912739,0.07451236248,0.5145630242,0.6183206426,0.625407122,0.6897808993
4457,1.0,0.0,0.0,0.5235987902,1.0,1.0,0.463585908,0.4494241666,0.07089537382,0.07466924191,0.5185184608,0.6197723778,0.6266234442,0.6967508074
4458,1.0,0.0,0.0,0.5235987902,1.0,1.0,0.4619564769,0.4539949153,0.07092952728,0.07497495413,0.5149385176,0.6197722689,0.6209150704,0.6870497849
4459,1.0,0.0,0.0,0.5235987902,1.0,1.0,0.4606046978,0.4329827861,0.07093596458,0.07201892138,0.5074757776,0.6297705754,0.6221500192,0.6992485995
4460,1.0,0.0,0.0,0.5235987902,1.0,1.0,0.4659496154,0.3125461912,0.06663501263,0.04955625534,0.5475024682,0.6134451451,0.6183743099,0.7231638554
4461,1.0,0.0,0.0,0.5235987902,1.0,1.0,0.5496933097,0.2498603472,0.07668119669,0.03863102198,0.4875000561,0.4659093647,0.5225566736,0.4586458393
4462,1.0,0.0,0.0,0.5235987902,1.0,1.0,0.5557064559,0.2554963972,0.07644098997,0.03879094124,0.4917011826,0.4664182392,0.5300752116,0.4705886872
4463,1.0,0.0,0.0,0.5235987902,1.0,1.0,0.4762967308,0.3008883342,0.06776922941,0.04749399424,0.5761718629,0.606557377,0.6443661108,0.7368417089
4464,1.0,0.0,0.0,0.5235987902,1.0,1.0,0.4476195285,0.369793752,0.06921356916,0.06220817566,0.5430642759,0.6396761657,0.6333334514,0.7162166564
4465,1.0,0.0,0.0,0.5235987902,1.0,1.0,0.4521070922,0.3954745757,0.06993621588,0.06580615044,0.5262688618,0.6299215484,0.6291391535,0.7071131223
4466,1.0,0.0,0.0,0.5235987902,1.0,1.0,0.4573863614,0.4167051848,0.07033866644,0.06872785091,0.5283842545,0.6259546966,0.6319216593,0.6953121341
4467,1.0,0.0,0.0,0.5235987902,1.0,1.0,0.4590412002,0.4182969348,0.07046312094,0.0688855648,0.5201370629,0.6194032186,0.6261981571,0.6870230197
4468,1.0,0.0,0.0,0.5235987902,1.0,1.0,0.4575759216,0.4322344309,0.07081097364,0.07160955667,0.5266781047,0.6127822049,0.6270097365,0.6802970512
4469,1.0,0.0,0.0,0.5235987902,1.0,1.0,0.4470734191,0.4362386108,0.06976479292,0.07218903303,0.5284974885,0.6138993335,0.6254073761,0.6791049028
4470,1.0,0.0,0.0,0.5235987902,1.0,1.0,0.458255738,0.432234297,0.07227897644,0.07254862785,0.5226689474,0.6044778335,0.6270096897,0.6728624902
4471,1.0,0.0,0.0,0.5235987902,1.0,1.0,0.4535136939,0.4465249774,0.07007449865,0.07324773073,0.5239725416,0.6037732158,0.6290322463,0.6642596223
4472,1.0,0.0,0.0,0.5235987902,1.0,1.0,0.4520261703,0.4413118505,0.07181626558,0.07427382469,0.5202063663,0.6007600776,0.6168831422,0.6654415187
4473,1.0,0.0,0.0,0.5235987902,1.0,1.0,0.4587602161,0.4416890442,0.07113575935,0.07327520847,0.5168249269,0.6015040303,0.616128972,0.6678832948
4474,1.0,0.0,0.0,0.5235987902,1.0,1.0,0.4585066796,0.4338415861,0.07138216496,0.07218426466,0.5240549713,0.602996508,0.620578701,0.6740740068
4475,1.0,0.0,0.0,0.5235987902,1.0,1.0,0.4592959648,0.4320170617,0.07222145796,0.07249200344,0.5180723348,0.6104863103,0.6193547952,0.6679104171
4476,1.0,0.0,0.0,0.5235987902,1.0,1.0,0.4557041332,0.4320165879,0.07261782885,0.07371807098,0.5181346549,0.6136359346,0.6225807038,0.6753733878
4477,1.0,0.0,0.0,0.5235987902,1.0,1.0,0.4543704268,0.4354481542,0.07197904587,0.07416850328,0.5159895867,0.6121671933,0.6205787354,0.667896501
4478,1.0,0.0,0.0,0.5235987902,1.0,1.0,0.4536715469,0.4310693171,0.07162708044,0.07270419598,0.5187712882,0.6090223624,0.6166136624,0.6666669399
4479,1.0,0.0,0.0,0.5235987902,1.0,1.0,0.4589010728,0.4342622402,0.07177841663,0.07312256098,0.520206262,0.6104869287,0.6198084605,0.6764702766
4480,1.0,0.0,0.0,0.5235987902,1.0,1.0,0.4520259818,0.4310689041,0.07045298815,0.07232815027,0.520206279,0.6083654468,0.6230032959,0.6740738299
4481,1.0,0.0,0.0,0.5235987902,1.0,1.0,0.4449629021,0.4225936187,0.07029306889,0.07165533304,0.5168248812,0.6162786754,0.6237941421,0.6730040585
4482,1.0,0.0,0.0,0.5235987902,1.0,1.0,0.4422766788,0.4121900873,0.07015019655,0.07097226381,0.5211754862,0.6093752788,0.6273885273,0.6718145454
4483,1.0,0.0,0.0,0.5235987902,1.0,1.0,0.4411090349,0.4175086189,0.06935930252,0.07072460651,0.520417085,0.6062985968,0.6225806701,0.6795371839
4484,1.0,0.0,0.0,0.5235987902,1.0,1.0,0.4370381318,0.4126726256,0.06816768646,0.06952559948,0.5156794801,0.6095610249,0.6161291179,0.6796877009
4485,1.0,0.0,0.0,0.5235987902,1.0,1.0,0.4352266564,0.4094486431,0.06722432375,0.06885069609,0.5258998251,0.6088707854,0.6193546855,0.6732278727
4486,1.0,0.0,0.0,0.5235987902,1.0,1.0,0.4372560483,0.405824142,0.06860786676,0.06942456961,0.5121528075,0.607142702,0.6146497947,0.6666669529
4487,1.0,0.0,0.0,0.5235987902,1.0,1.0,0.4394095084,0.4045361173,0.06965357065,0.06965363026,0.513793061,0.6078429359,0.6158728796,0.6588233381
4488,1.0,0.0,0.0,0.5235987902,1.0,1.0,0.4369333657,0.3997765001,0.06881844997,0.06827652454,0.5111876515,0.6023625866,0.6158730281,0.6626980593
4489,1.0,0.0,0.0,0.5235987902,1.0,1.0,0.4379000479,0.4032557537,0.06863605976,0.06863600016,0.5154640126,0.5999998263,0.6139240639,0.6627451866
4490,1.0,0.0,0.0,0.5235987902,1.0,1.0,0.4354344565,0.4074155966,0.06908667088,0.06963062286,0.5145797768,0.5944885694,0.6178344416,0.656249572
4491,1.0,0.0,0.0,0.5235987902,1.0,1.0,0.4342402517,0.3978671682,0.06857854128,0.06803429127,0.5086206384,0.5992062975,0.6114651036,0.6640001191
4492,1.0,0.0,0.0,0.5235987902,1.0,1.0,0.4375837956,0.39945351,0.06877332926,0.06794810295,0.5218914679,0.6080003467,0.6245954148,0.6680161055
4493,1.0,0.0,0.0,0.5235987902,1.0,1.0,0.4381832003,0.40682416,0.06740230322,0.0682079196,0.5266375035,0.6095613549,0.6282053242,0.6692911803
4494,1.0,0.0,0.0,0.5235987902,1.0,1.0,0.4403135749,0.4084257668,0.0682233572,0.06903553009,0.5297203527,0.6071424203,0.6314102598,0.6705879001
4495,1.0,0.0,0.0,0.5235987902,1.0,1.0,0.4441963454,0.4158966877,0.06910461187,0.07019287348,0.518809993,0.6141732283,0.6225805392,0.6705430602
4496,1.0,0.0,0.0,0.5235987902,1.0,1.0,0.4422617987,0.4145593116,0.06870877743,0.06979078054,0.5243903176,0.6102362888,0.6270097397,0.6666669513
4497,1.0,0.0,0.0,0.5235987902,1.0,1.0,0.4434323726,0.42014767,0.06931889057,0.0709310174,0.516767008,0.6085274184,0.6242038104,0.6704539821
4498,1.0,0.0,0.0,0.5235987902,1.0,1.0,0.4542128751,0.4260441548,0.07022178173,0.07129389048,0.5177796841,0.6068705724,0.6185897276,0.6654137193
4499,1.0,0.0,0.0,0.5235987902,1.0,1.0,0.4587316188,0.4301803321,0.07067936659,0.07148557901,0.528795849,0.6083649645,0.6245954043,0.6729321145
4500,1.0,0.0,0.0,0.5235987902,1.0,1.0,0.4527091978,0.4285632749,0.06981837749,0.07116097212,0.5156794442,0.6076920975,0.6213591884,0.671698148
4501,1.0,0.0,0.0,0.5235987902,1.0,1.0,0.4495761738,0.4191209526,0.06940633059,0.06940633059,0.5173011029,0.6076920765,0.6225807624,0.6692304059
4502,1.0,0.0,0.0,0.5235987902,1.0,1.0,0.4487640342,0.4198932214,0.06938117743,0.06964594126,0.5167094796,0.606870311,0.61980827,0.6692019016
4503,1.0,0.0,0.0,0.5235987902,1.0,1.0,0.447231047,0.4214901391,0.06858289242,0.06910645962,0.5149443998,0.6068701494,0.6166132873,0.6704542122
4504,1.0,0.0,0.0,0.5235987902,1.0,1.0,0.4482035839,0.4223448888,0.06878638268,0.06904989481,0.5137457128,0.6053642669,0.619354954,0.66412192
4505,1.0,0.0,0.0,0.5235987902,1.0,1.0,0.4491875808,0.4218425166,0.06920486689,0.06920486689,0.5125323476,0.6038464685,0.6201297357,0.6730768734
4506,1.0,0.0,0.0,0.5235987902,1.0,1.0,0.4466685889,0.4255688271,0.06867587566,0.06946521997,0.5154109657,0.6053636987,0.6193549094,0.6704546722
4507,1.0,0.0,0.0,0.5235987902,1.0,1.0,0.4493617309,0.4237115364,0.07061260939,0.07088309526,0.5211025622,0.6130264383,0.6213592164,0.6641221438
4508,1.0,0.0,0.0,0.5235987902,1.0,1.0,0.4459180697,0.4253288543,0.06980860233,0.07088673115,0.5193798501,0.5984559347,0.6148868425,0.665398955
4509,1.0,0.0,0.0,0.5235987902,1.0,1.0,0.4476399993,0.4250876085,0.06862211227,0.06914997101,0.5159345831,0.607692428,0.6201298701,0.6679386352
4510,1.0,0.0,0.0,0.5235987902,1.0,1.0,0.4476669824,0.4227148499,0.06827610731,0.06827604771,0.5243055416,0.612402803,0.6262296933,0.6705430552
4511,1.0,0.0,0.0,0.5235987902,1.0,1.0,0.4468906899,0.421333283,0.06791728735,0.06791728735,0.5233968796,0.6162788963,0.624183282,0.6705421764
4512,1.0,0.0,0.0,0.5235987902,1.0,1.0,0.4457321618,0.4202201922,0.06948274374,0.06975209713,0.5211754676,0.6124032471,0.6233765674,0.6679535756
4513,1.0,0.0,0.0,0.5235987902,1.0,1.0,0.4447736216,0.4199610946,0.06820493937,0.06847029924,0.5220779286,0.6186767504,0.6221497716,0.6782938887
4514,1.0,0.0,0.0,0.5235987902,1.0,1.0,0.4389907344,0.403683184,0.06692737341,0.06560468674,0.5312500214,0.6205529654,0.6286646074,0.6774192669
4515,1.0,0.0,0.0,0.5235987902,1.0,1.0,0.4651610117,0.2894933098,0.06693947315,0.04516392946,0.5308410054,0.5662646097,0.6000000764,0.6964281237
4516,1.0,0.0,0.0,0.5235987902,1.0,1.0,0.5326426143,0.2516578177,0.07599937916,0.03926163912,0.4965584498,0.4649443398,0.53597112,0.4857150665
4517,1.0,0.0,0.0,0.5235987902,1.0,1.0,0.5342360506,0.2443489711,0.07453984022,0.03713035583,0.4914914763,0.4719100315,0.5294117878,0.4962404325
4518,1.0,0.0,0.0,0.5235987902,1.0,1.0,0.4705507135,0.2920904265,0.06758147478,0.04560375214,0.5502392275,0.593496021,0.612676223,0.7168672494
4519,1.0,0.0,0.0,0.5235987902,1.0,1.0,0.4417625426,0.3499731324,0.06702578068,0.05760896206,0.5397259574,0.6363629896,0.6195285354,0.6923078515
4520,1.0,0.0,0.0,0.5235987902,1.0,1.0,0.448180462,0.3739636071,0.06915211678,0.06251353025,0.5372198136,0.6279999655,0.6225167665,0.6946900419
4521,1.0,0.0,0.0,0.5235987902,1.0,1.0,0.4461632565,0.4007662482,0.06773626804,0.06531715393,0.5217005914,0.6150792045,0.6171618827,0.6748977953
4522,1.0,0.0,0.0,0.5235987902,1.0,1.0,0.4551738403,0.4112457212,0.07142007351,0.06948232651,0.5251544013,0.6240312795,0.619672145,0.6852588958
4523,1.0,0.0,0.0,0.5235987902,1.0,1.0,0.4655892132,0.4229666703,0.0729188323,0.07099997997,0.5253941405,0.6203012159,0.6241831794,0.6795367962
4524,1.0,0.0,0.0,0.5235987902,1.0,1.0,0.4611460019,0.416433892,0.06961613894,0.06749850512,0.5210525578,0.6235743366,0.6176471886,0.6901964524
4525,1.0,0.0,0.0,0.5235987902,1.0,1.0,0.4615510085,0.4210764093,0.07100707293,0.06938713789,0.5188761922,0.6197719972,0.6163932612,0.6809340594
4526,1.0,0.0,0.0,0.5235987902,1.0,1.0,0.4585880631,0.4082688953,0.07144999504,0.06817752123,0.520140113,0.6259539246,0.6176468489,0.6839999685
4527,1.0,0.0,0.0,0.5235987902,1.0,1.0,0.4562860465,0.4101942606,0.07057213783,0.06840068102,0.5223880482,0.6269235577,0.6123776778,0.6865079607
4528,1.0,0.0,0.0,0.5235987902,1.0,1.0,0.458331607,0.4150779868,0.07071787119,0.06856679916,0.5204882359,0.6159691651,0.6156353884,0.6745097187
4529,1.0,0.0,0.0,0.5235987902,1.0,1.0,0.4649384437,0.4213333915,0.07187855244,0.07024496794,0.5259912003,0.6212126489,0.6209148878,0.6782942941
4530,1.0,0.0,0.0,0.5235987902,1.0,1.0,0.4618170539,0.4183332836,0.07148194313,0.06932401657,0.5239755218,0.618868343,0.625407295,0.6809332934
4531,1.0,0.0,0.0,0.5235987902,1.0,1.0,0.4634333301,0.4264720724,0.07158535719,0.07077497244,0.5223097637,0.6188677297,0.6221499108,0.6755720659
4532,1.0,0.0,0.0,0.5235987902,1.0,1.0,0.4639641234,0.4215887174,0.07109433413,0.06922346354,0.5253054189,0.6203007298,0.6286646074,0.6795373079
4533,1.0,0.0,0.0,0.5235987902,1.0,1.0,0.4585881978,0.4248439671,0.07057774067,0.07030832767,0.5236427866,0.6183204431,0.6188924389,0.6858240828
4534,1.0,0.0,0.0,0.5235987902,1.0,1.0,0.4587316811,0.4248440352,0.07044452429,0.06990879774,0.521814987,0.6159698713,0.622149882,0.6819925397
4535,1.0,0.0,0.0,0.5235987902,1.0,1.0,0.4600745045,0.4264721603,0.070920825,0.07038354874,0.5257193389,0.613636631,0.6221497254,0.6832060228
4536,1.0,0.0,0.0,0.5235987902,1.0,1.0,0.4598124386,0.429727484,0.07110470533,0.07083642483,0.5225694461,0.6150943175,0.6254074217,0.6856066534
4537,1.0,0.0,0.0,0.5235987902,1.0,1.0,0.461280807,0.4264717144,0.0709092021,0.07037198544,0.5227272573,0.6174248251,0.6221498018,0.6793899272
4538,1.0,0.0,0.0,0.5235987902,1.0,1.0,0.4595336192,0.4215889076,0.07091623545,0.0698376894,0.5227271828,0.6197724448,0.6254072657,0.6833970309
4539,1.0,0.0,0.0,0.5235987902,1.0,1.0,0.4602122133,0.4237116624,0.0729791522,0.07215297222,0.5273674879,0.6113206037,0.6278316404,0.6755724371
4540,1.0,0.0,0.0,0.5235987902,1.0,1.0,0.463155834,0.429727678,0.07149499655,0.07095748186,0.5261323887,0.616541905,0.6286644669,0.6780302553
4541,1.0,0.0,0.0,0.5235987902,1.0,1.0,0.4596735631,0.4264720069,0.0724824667,0.07193338871,0.5226481238,0.613636401,0.6221496932,0.6755722787
4542,1.0,0.0,0.0,0.5235987902,1.0,1.0,0.4630280357,0.4313553605,0.07253229618,0.07253235579,0.5244755458,0.6075471078,0.6221499018,0.6716977938
4543,1.0,0.0,0.0,0.5235987902,1.0,1.0,0.4614148323,0.4299546398,0.07145220041,0.07145220041,0.5243902709,0.6150943176,0.629870067,0.6792451256
4544,1.0,0.0,0.0,0.5235987902,1.0,1.0,0.4576389544,0.4213331578,0.06987208128,0.0690689683,0.5280702102,0.6130266434,0.624182902,0.6782949382
4545,1.0,0.0,0.0,0.5235987902,1.0,1.0,0.4643694836,0.432982974,0.0722515583,0.0722515583,0.5248908851,0.6090225874,0.6221498627,0.6729322378
4546,1.0,0.0,0.0,0.5235987902,1.0,1.0,0.4668157857,0.4313551395,0.07170724869,0.07143765688,0.5223881234,0.6052634641,0.6221497773,0.6679243236
4547,1.0,0.0,0.0,0.5235987902,1.0,1.0,0.4661154206,0.4297275339,0.07307875156,0.07225763798,0.5248908021,0.6142319531,0.6221499953,0.6742424617
4548,1.0,0.0,0.0,0.5235987902,1.0,1.0,0.4649387778,0.4306806535,0.07109165192,0.07055306435,0.5277533819,0.6098489168,0.6217104988,0.6717561444
4549,1.0,0.0,0.0,0.5235987902,1.0,1.0,0.4658788494,0.4259917985,0.07140779495,0.07006049156,0.5285839919,0.6113208083,0.6262295438,0.6730768576
4550,1.0,0.0,0.0,0.5235987902,1.0,1.0,0.4679365813,0.4292684952,0.0729315877,0.07210594416,0.5335688526,0.6113204679,0.6229507731,0.6679385685
4551,1.0,0.0,0.0,0.5235987902,1.0,1.0,0.4684607648,0.4327647064,0.07298111916,0.07270675898,0.5259911802,0.6127815619,0.6209150373,0.6716982957
4552,1.0,0.0,0.0,0.5235987902,1.0,1.0,0.4683501339,0.4325451887,0.07488423586,0.07460165024,0.5278514497,0.6150942135,0.6229509443,0.6742422548
4553,1.0,0.0,0.0,0.5235987902,1.0,1.0,0.4618231595,0.4290367305,0.07263481617,0.07235759497,0.5343915399,0.6145042302,0.6250000442,0.6781612888
4554,1.0,0.0,0.0,0.5235987902,1.0,1.0,0.4648151847,0.4276301954,0.07046836615,0.06993257999,0.5349247419,0.6159695432,0.6327868016,0.6743292701
4555,1.0,0.0,0.0,0.5235987902,1.0,1.0,0.4652271329,0.4292685561,0.0703958869,0.07012820244,0.538053159,0.6159695592,0.6262294137,0.6755726034
4556,1.0,0.0,0.0,0.5235987902,1.0,1.0,0.4653484827,0.4294987479,0.07485681772,0.07457327843,0.5291005605,0.6212125435,0.6241829314,0.676805485
4557,1.0,0.0,0.0,0.5235987902,1.0,1.0,0.464245835,0.4341835806,0.0717664957,0.0717664361,0.5302366183,0.6113208675,0.6262297092,0.6716980568
4558,1.0,0.0,0.0,0.5235987902,1.0,1.0,0.4620978759,0.4339681695,0.07083886862,0.07165312767,0.5252436846,0.616858186,0.6217104658,0.6742426007
4559,1.0,0.0,0.0,0.5235987902,1.0,1.0,0.4592273646,0.4382936113,0.07026767731,0.07190179825,0.5351735796,0.6085269608,0.6312291719,0.6666666667
4560,1.0,0.0,0.0,0.5235987902,1.0,1.0,0.4575971302,0.4333129367,0.0701791048,0.070995152,0.5244011189,0.6007745815,0.6212624017,0.6666663868
4561,1.0,0.0,0.0,0.5235987902,1.0,1.0,0.4611426367,0.4295258244,0.07125121355,0.07125121355,0.5152602951,0.6031126061,0.6053512283,0.6653697475
4562,1.0,0.0,0.0,0.5235987902,1.0,1.0,0.4649807321,0.4269138429,0.0712261796,0.0704075098,0.5258467141,0.6015329165,0.6192054524,0.6627913671
4563,1.0,0.0,0.0,0.5235987902,1.0,1.0,0.4605967283,0.431652396,0.07067418098,0.07094705105,0.5249110051,0.5945951644,0.6212623693,0.6615382418
4564,1.0,0.0,0.0,0.5235987902,1.0,1.0,0.4655180907,0.4299924251,0.07153439522,0.07071524858,0.5235556076,0.5992369274,0.6245845611,0.6602315398
4565,1.0,0.0,0.0,0.5235987902,1.0,1.0,0.4696926975,0.4397546519,0.07173597813,0.0722836256,0.5192825803,0.5916030344,0.6166666969,0.6628787566
4566,1.0,0.0,0.0,0.5235987902,1.0,1.0,0.4671308001,0.4326441872,0.07084667683,0.07084661722,0.5289855151,0.6046508106,0.6275167773,0.6705426259
4567,1.0,0.0,0.0,0.5235987902,1.0,1.0,0.4700078075,0.4311972791,0.07111781836,0.07030034065,0.5153153675,0.6015325703,0.6187292914,0.6666666667
4568,1.0,0.0,0.0,0.5235987902,1.0,1.0,0.4686291894,0.4316526338,0.07204502821,0.07204502821,0.5256988278,0.6038462334,0.6279069767,0.6692313738
4569,1.0,0.0,0.0,0.5235987902,1.0,1.0,0.4664651007,0.4238561256,0.07211828232,0.07047307491,0.5190770889,0.5969582063,0.6204620273,0.6614786585
4570,1.0,0.0,0.0,0.5235987902,1.0,1.0,0.4615538902,0.4269139193,0.07125496864,0.07070684433,0.5275310857,0.6,0.6291389918,0.6744190163
4571,1.0,0.0,0.0,0.5235987902,1.0,1.0,0.457597335,0.4285689121,0.07078194618,0.07105630636,0.5208518074,0.5968990942,0.6258276574,0.6563705041
4572,1.0,0.0,0.0,0.5235987902,1.0,1.0,0.4567865963,0.4224614345,0.07199722528,0.07171815634,0.5252435315,0.5968989488,0.6282895106,0.6575877782
4573,1.0,0.0,0.0,0.5235987902,1.0,1.0,0.4585569873,0.4208178874,0.0710978508,0.07027435303,0.5287866255,0.5984554301,0.6249999108,0.6601566741
4574,1.0,0.0,0.0,0.5235987902,1.0,1.0,0.4585570682,0.4306806328,0.07244777679,0.07328695059,0.5323294896,0.6023166309,0.6348687275,0.6679389468
4575,1.0,0.0,0.0,0.5235987902,1.0,1.0,0.4519828618,0.4199609242,0.07049065828,0.07049059868,0.5232251672,0.6046513004,0.62540704,0.6627905797
4576,1.0,0.0,0.0,0.5235987902,1.0,1.0,0.4536472795,0.413960374,0.07010340691,0.06873422861,0.5372339913,0.6015627391,0.6336632206,0.66135406
4577,1.0,0.0,0.0,0.5235987902,1.0,1.0,0.4615539151,0.4210760831,0.0703188777,0.06950747967,0.5399644432,0.6038457137,0.6295082784,0.6653700836
4578,1.0,0.0,0.0,0.5235987902,1.0,1.0,0.4593706905,0.4191740129,0.06926327944,0.06819361448,0.5385979972,0.6061779019,0.6282893062,0.666666958
4579,1.0,0.0,0.0,0.5235987902,1.0,1.0,0.4614182182,0.4150506445,0.06991070509,0.06748133898,0.5294116953,0.5984558025,0.6212626071,0.660000583
4580,1.0,0.0,0.0,0.5235987902,1.0,1.0,0.4600322237,0.4077989418,0.06925278902,0.06626534462,0.5288808187,0.5999996557,0.6187290369,0.6557376312
4581,1.0,0.0,0.0,0.5235987902,1.0,1.0,0.4511872332,0.3974293108,0.06792622805,0.06413751841,0.523381316,0.6015936989,0.6208054373,0.6582274599
4582,1.0,0.0,0.0,0.5235987902,1.0,1.0,0.4522119878,0.4150510121,0.06911766529,0.06723517179,0.5105632615,0.5875490039,0.6079732606,0.651999656
4583,1.0,0.0,0.0,0.5235987902,1.0,1.0,0.4497939869,0.40623575,0.06704139709,0.06409156322,0.521152126,0.5960002418,0.6156465733,0.65690361
4584,1.0,0.0,0.0,0.5235987902,1.0,1.0,0.4392562985,0.3967376665,0.06606531143,0.06285566092,0.5213522248,0.5910932233,0.6216213776,0.6425532197
4585,1.0,0.0,0.0,0.5235987902,1.0,1.0,0.4363135096,0.3960371945,0.06585127115,0.06237131357,0.5190771472,0.5934951181,0.6224491611,0.6266096594
4586,1.0,0.0,0.0,0.5235987902,1.0,1.0,0.4313757115,0.3919046124,0.06488388777,0.06114572287,0.5257548384,0.5761314604,0.6232874671,0.6200876342
4587,1.0,0.0,0.0,0.5235987902,1.0,1.0,0.4296000077,0.3963303686,0.06494134665,0.06172114611,0.5150977176,0.5785128518,0.6172411972,0.6173920265
4588,1.0,0.0,0.0,0.5235987902,1.0,1.0,0.4171582915,0.3709791546,0.0640411973,0.05843758583,0.5130434158,0.5791668722,0.6135595337,0.6164388731
4589,1.0,0.0,0.0,0.5235987902,1.0,1.0,0.4035225109,0.3672445861,0.06314563751,0.05834978819,0.5042589701,0.5780586894,0.6040266291,0.6118717357
4590,1.0,0.0,0.0,0.0,1.0,1.0,0.4079702737,0.3726732919,0.06419050694,0.05908751488,0.5046969003,0.5815905837,0.60677961,0.6045450327
4591,1.0,0.0,0.0,0.0,1.0,1.0,0.3902742974,0.3513398584,0.06163704395,0.05520540476,0.509337909,0.5826082248,0.6143342587,0.6067957758
4592,1.0,0.0,0.0,0.0,1.0,1.0,0.393744736,0.3516558323,0.06200623512,0.05514603853,0.5121541661,0.5744685146,0.6195285927,0.5980855969
4593,1.0,0.0,0.0,0.0,1.0,1.0,0.3907214124,0.3518442838,0.06203597784,0.0551134944,0.4999999061,0.5665239227,0.6054424409,0.5652175794
4594,1.0,0.0,0.0,0.0,1.0,1.0,0.3838804222,0.3492858508,0.06085044146,0.05414885283,0.4991540463,0.5726872635,0.6055364107,0.5643562177
4595,1.0,0.0,0.0,0.0,1.0,1.0,0.3839471699,0.3510148338,0.06096082926,0.05427652597,0.499578748,0.574561991,0.6055362348,0.5615758245
4596,1.0,0.0,0.0,0.0,1.0,1.0,0.3777154771,0.338911026,0.06096309423,0.05287063122,0.5033444622,0.5796453039,0.6124570211,0.5714288935
4597,1.0,0.0,0.0,0.0,1.0,1.0,0.3864509431,0.3557044144,0.06246513128,0.05519551039,0.5000000922,0.568965764,0.6111111751,0.5560971764
4598,1.0,0.0,0.0,0.0,1.0,1.0,0.37301348,0.333147087,0.0600232482,0.05114084482,0.5046025553,0.5650228446,0.6070177469,0.5578944547
4599,1.0,0.0,0.0,0.0,1.0,1.0,0.3629774517,0.3237631115,0.05871731043,0.04978793859,0.4895398029,0.5714288615,0.5950704307,0.5597824981
4600,1.0,0.0,0.0,0.0,1.0,1.0,0.3673805429,0.331969846,0.06015646458,0.05140638351,0.4920635238,0.5681817731,0.6042401929,0.5478725871
4601,1.0,0.0,0.0,0.0,1.0,1.0,0.3576595784,0.3224007496,0.05807900429,0.04885154963,0.491638769,0.5607479033,0.5949823693,0.5555550133
4602,1.0,0.0,0.0,0.0,1.0,1.0,0.3540395777,0.3132310997,0.05741935968,0.04752898216,0.4966101911,0.555023839,0.6050723229,0.543351927
4603,1.0,0.0,0.0,0.0,1.0,1.0,0.3532364367,0.3121001136,0.05765283108,0.04726988077,0.4907872685,0.563981126,0.5992780892,0.5491320296
4604,1.0,0.0,0.0,0.0,1.0,1.0,0.3555064122,0.3125523198,0.05793201923,0.04700136185,0.4916105925,0.5613207838,0.603636466,0.5406973795
4605,1.0,0.0,0.0,0.0,1.0,1.0,0.3460252522,0.3082220216,0.05647605658,0.04633229971,0.4941176847,0.5679606886,0.6058396389,0.5384606478
4606,1.0,0.0,0.0,0.0,1.0,1.0,0.3453833713,0.3089182556,0.05661356449,0.04649418592,0.4974958089,0.5603863056,0.6072728814,0.5470583032
4607,1.0,0.0,0.0,0.0,1.0,1.0,0.3465401112,0.3052837597,0.05679678917,0.04609590769,0.4974875267,0.5603866965,0.6000000789,0.5416668283
4608,1.0,0.0,0.0,0.0,1.0,1.0,0.3416026829,0.2968819573,0.05579513311,0.04447036982,0.4974619382,0.5643567318,0.597786066,0.5465835845
4609,1.0,0.0,0.0,0.0,1.0,1.0,0.3449848807,0.3083778398,0.0566996336,0.04613792896,0.4957699313,0.5637258715,0.59851314,0.5361442048
4610,1.0,0.0,0.0,0.0,1.0,1.0,0.3433979525,0.303201751,0.05580186844,0.04497468472,0.5025641139,0.5621897031,0.6029963751,0.5432098602
4611,1.0,0.0,0.0,0.0,1.0,1.0,0.3393375365,0.3065204687,0.05522012711,0.045329988,0.5016892888,0.5621896723,0.609665432,0.5454543064
4612,1.0,0.0,0.0,0.0,1.0,1.0,0.3370798412,0.3083777692,0.05484557152,0.04552179575,0.4991568022,0.5599996088,0.6059479884,0.5542162207
4613,1.0,0.0,0.0,0.0,1.0,1.0,0.3376264385,0.3072357608,0.05499070883,0.04541522264,0.5025209241,0.5522392913,0.6111110215,0.5542174525
4614,1.0,0.0,0.0,0.0,1.0,1.0,0.3303384396,0.3009472842,0.05370867252,0.0443918705,0.5008431845,0.5561225282,0.609665426,0.5555552572
4615,1.0,0.0,0.0,0.0,1.0,1.0,0.323596521,0.3005841145,0.05314546824,0.04428792,0.5008430764,0.5520825272,0.6052633815,0.5687497645
4616,1.0,0.0,0.0,0.0,1.0,1.0,0.3219115225,0.3024626582,0.05278742313,0.04449617863,0.5025295356,0.5654452331,0.6127818208,0.5590056288
4617,1.0,0.0,0.0,0.0,1.0,1.0,0.3208909614,0.3069447458,0.05281829834,0.0451156497,0.5033445908,0.5572920428,0.6179775463,0.567072921
4618,1.0,0.0,0.0,0.0,1.0,1.0,0.3192196234,0.3043414895,0.05209606886,0.04418623447,0.5066890698,0.5706803108,0.6203008182,0.5740730749
4619,1.0,0.0,0.0,0.0,1.0,1.0,0.3075207032,0.296061031,0.05008727312,0.04273748398,0.4999998628,0.5652182191,0.6150941511,0.566879958
4620,1.0,0.0,0.0,0.0,1.0,1.0,0.3113840314,0.3005840475,0.05065613985,0.04357516766,0.50418757,0.5752686591,0.6203008431,0.5812507694
4621,1.0,0.0,0.0,0.0,1.0,1.0,0.3048294854,0.2979471801,0.0496584177,0.04287457466,0.5049999511,0.5683062667,0.6188680496,0.569620306
4622,1.0,0.0,0.0,0.0,1.0,1.0,0.3126374505,0.3013298424,0.05102646351,0.04369819164,0.5074876071,0.5638291659,0.6179774311,0.5714289611
4623,1.0,0.0,0.0,0.0,1.0,1.0,0.3089183765,0.3002058265,0.05062878132,0.04358953238,0.499173524,0.5668440447,0.6156717153,0.5590056761
4624,1.0,0.0,0.0,0.0,1.0,1.0,0.3104580198,0.2927467804,0.05009275675,0.04205644131,0.5033222843,0.5561501017,0.6156714684,0.5668787823
4625,1.0,0.0,0.0,0.0,1.0,1.0,0.3109746436,0.3069445511,0.05024272203,0.04406309128,0.5074875033,0.5721925705,0.6179776494,0.5731708637
4626,1.0,0.0,0.0,0.0,1.0,1.0,0.3128404241,0.2961309439,0.05137127638,0.04325997829,0.5090609319,0.5631576566,0.6259260952,0.5812502928
4627,1.0,0.0,0.0,0.0,1.0,1.0,0.3191088923,0.3159997139,0.0527793169,0.04608136415,0.508914158,0.5634518741,0.6249998467,0.5755817037
4628,1.0,0.0,0.0,0.0,1.0,1.0,0.3109013466,0.3097904471,0.05104637146,0.04489946365,0.5081434011,0.5706806038,0.6273062442,0.5833333333
4629,1.0,0.7853981853,0.0,0.0,1.0,1.0,0.3142490236,0.3213819269,0.05154621601,0.045966506,0.5056724943,0.5670095583,0.617100474,0.5722545676
4630,1.0,0.0,0.0,0.0,1.0,1.0,0.3135504377,0.3137345052,0.05176520348,0.04502493143,0.5179739136,0.5624991364,0.6315790785,0.5748504421
4631,1.0,0.0,0.0,0.0,1.0,1.0,0.299832576,0.2994585774,0.04916870594,0.04298907518,0.5081967779,0.5737701142,0.6292135671,0.5749996187
4632,1.0,0.0,0.0,0.0,1.0,1.0,0.3106816875,0.3046624387,0.05084019899,0.04411530495,0.5082236453,0.5714285714,0.6282529779,0.5731707317
4633,1.0,0.0,0.0,0.0,1.0,1.0,0.3021567542,0.2964765984,0.0482737422,0.04217326641,0.5099667269,0.56593353,0.6268656279,0.5786163522
4634,1.0,0.0,0.0,0.0,1.0,1.0,0.3044654396,0.3024625875,0.04954648018,0.04335319996,0.4999999084,0.5760876365,0.6203005971,0.5900616763
4635,1.0,0.0,0.0,0.0,1.0,1.0,0.2989928805,0.2896108992,0.04888039827,0.04201513529,0.5025209205,0.5674162304,0.6249997432,0.5816991702
4636,1.0,0.0,0.0,0.0,1.0,1.0,0.2998322965,0.294947638,0.04916131496,0.04287958145,0.4999999546,0.5777785861,0.624060249,0.579617737
4637,1.0,0.0,0.0,0.0,1.0,1.0,0.3038840622,0.2979469385,0.04921603203,0.04320079088,0.5033783175,0.5722216571,0.622641269,0.5759496902
4638,1.0,0.0,0.0,0.0,1.0,1.0,0.3071291281,0.293396929,0.04924553633,0.04217159748,0.511035624,0.5745851806,0.6287879165,0.5806448421
4639,1.0,0.0,0.0,0.0,1.0,1.0,0.3104067293,0.2979466019,0.04956644773,0.04303020239,0.5102389443,0.5714290868,0.630188592,0.5759502
4640,1.0,0.0,0.0,0.0,1.0,1.0,0.3081755023,0.2952894244,0.04948103428,0.04264658689,0.5110731882,0.5745849565,0.6325756825,0.5769227006
4641,1.0,0.0,0.0,0.0,1.0,1.0,0.3038025392,0.2956363567,0.04918074608,0.0433126092,0.5043177158,0.5681819284,0.6183206542,0.5677416691
4642,1.0,0.0,0.0,0.0,1.0,1.0,0.3088552145,0.2959884843,0.04949659109,0.04282289743,0.5052083043,0.5730339649,0.6192308532,0.5844158736
4643,1.0,0.0,0.0,0.0,1.0,1.0,0.3141593056,0.2975434982,0.05041509867,0.04321295023,0.5077720838,0.5659338516,0.62213745,0.5705130946
4644,1.0,0.0,0.0,0.0,1.0,1.0,0.3089813013,0.2891105815,0.04966175556,0.0418934226,0.5164075833,0.5586591709,0.624521306,0.5827816548
4645,1.0,0.0,0.0,0.0,1.0,1.0,0.3121124377,0.2990755382,0.04960596561,0.04282921553,0.5068259712,0.5683063983,0.6174244679,0.5822783225
4646,1.0,0.0,0.0,0.0,1.0,1.0,0.3102899595,0.3032657966,0.05013424158,0.04404056072,0.5025729671,0.5690614697,0.6259544805,0.5723272313
4647,1.0,0.0,0.0,0.0,1.0,1.0,0.2994899891,0.2899145782,0.04775214195,0.04147619009,0.5,0.5714287497,0.6145036657,0.5855257202
4648,1.0,0.0,0.0,0.0,1.0,1.0,0.3058119895,0.3025127598,0.04919707775,0.04342532158,0.5008546185,0.5698324428,0.620689784,0.5822778208
4649,1.0,0.0,0.0,0.0,1.0,1.0,0.3068613174,0.3009905402,0.04888153076,0.04260069132,0.5094338987,0.564246137,0.6254826678,0.5705121299
4650,1.0,0.0,0.0,0.0,1.0,1.0,0.310052132,0.3060308566,0.04974275827,0.04390704632,0.5077989975,0.5642463858,0.627907112,0.5696203563
4651,1.0,0.0,0.0,0.0,1.0,1.0,0.3024399562,0.2978729777,0.0481788516,0.04208725691,0.5078261694,0.5632179358,0.6235295805,0.5657896041
4652,1.0,0.0,0.0,0.0,1.0,1.0,0.3114698257,0.3044278059,0.05048179626,0.04410225153,0.5119862672,0.565933521,0.6283523911,0.5723267465
4653,1.0,0.0,0.0,0.0,1.0,1.0,0.3113578853,0.3048489264,0.04977160692,0.04344701767,0.5094663493,0.5690604757,0.6254827304,0.5886078033
4654,1.0,0.0,0.0,0.0,1.0,1.0,0.3101716304,0.3036766731,0.05007833242,0.04395765066,0.5068966049,0.5777772488,0.6269232337,0.5759491354
4655,1.0,0.0,0.0,0.0,1.0,1.0,0.3108226965,0.3025128676,0.05000025034,0.04364663363,0.5103093304,0.5745858988,0.6321840552,0.5759495486
4656,1.0,0.0,0.0,0.0,1.0,1.0,0.3165188582,0.312086421,0.05020111799,0.04447162151,0.507745314,0.5597831959,0.6245212731,0.5766870837
4657,1.0,0.0,0.0,0.0,1.0,1.0,0.3153410706,0.306342521,0.05059182644,0.04423332214,0.510344743,0.5683066483,0.628352386,0.5875002695
4658,1.0,0.0,0.0,0.0,1.0,1.0,0.3093923745,0.2998326563,0.04938799143,0.04328387976,0.5182608761,0.5674148828,0.6307690339,0.5769220706
4659,1.0,0.0,0.0,0.0,1.0,1.0,0.3100521104,0.3036766608,0.04929441214,0.04351127148,0.5147313302,0.5698317943,0.6307693524,0.5822783076
4660,1.0,0.0,0.0,0.0,1.0,1.0,0.3057732246,0.3036762271,0.04812926054,0.0434538126,0.4982516898,0.5657141088,0.6192306811,0.5822787415
4661,1.0,0.0,0.0,0.0,1.0,1.0,0.3133101763,0.3106373716,0.05002617836,0.04499560595,0.506129576,0.5642463958,0.6216216327,0.5838513924
4662,1.0,0.0,0.0,0.0,1.0,1.0,0.3012254337,0.30099039,0.04738879204,0.04273211956,0.5139373007,0.5606928855,0.6254827049,0.5705135537
4663,1.0,0.0,0.0,0.0,1.0,1.0,0.3121062726,0.3087078416,0.04937309027,0.0443803072,0.5157894102,0.5561802297,0.6332047773,0.575000873
4664,1.0,0.0,0.0,0.0,1.0,1.0,0.3079267333,0.3060304653,0.04883670807,0.04409253597,0.5105633436,0.5657147669,0.6279070826,0.5822791484
4665,1.0,0.0,0.0,0.0,1.0,1.0,0.3165491461,0.3111101429,0.04971599579,0.04468852282,0.5124556197,0.561797443,0.6303500331,0.5687503418
4666,1.0,0.0,0.0,0.0,1.0,1.0,0.3241917439,0.3298941606,0.05106300116,0.04767763615,0.5071685317,0.5580107273,0.6210938128,0.5562134172
4667,1.0,0.0,0.0,0.0,1.0,1.0,0.3211852716,0.3233491842,0.05051600933,0.04656505585,0.5116696732,0.5530726191,0.6274509398,0.5636366662
4668,1.0,0.0,0.0,0.0,1.0,1.0,0.3218238693,0.324037562,0.05106574297,0.04709392786,0.5205724337,0.5611112343,0.6250001538,0.5602407275
4669,1.0,0.0,0.0,0.0,1.0,1.0,0.3219443257,0.3195888624,0.05057251453,0.04584866762,0.5168141071,0.5714289082,0.6279071313,0.58181804
4670,1.0,0.0,0.0,0.0,1.0,1.0,0.3211851054,0.325905359,0.05030596256,0.04637145996,0.5206462793,0.5586591848,0.6245061574,0.5636362702
4671,1.0,0.0,0.0,0.0,1.0,1.0,0.3271227736,0.3384563042,0.05075782537,0.04767310619,0.5171789634,0.5635358013,0.6175299294,0.5705882059
4672,1.0,0.0,0.0,0.0,1.0,1.0,0.3247283981,0.3391678911,0.05127680302,0.04814320803,0.5090253396,0.5611113565,0.6104416524,0.5680474032
4673,1.0,0.0,0.0,0.0,1.0,1.0,0.3158020415,0.3271267028,0.04985892773,0.04617619514,0.5044883192,0.5681821986,0.6104420197,0.5705517434
4674,1.0,0.0,0.0,0.0,1.0,1.0,0.3158021834,0.3291335348,0.04930227995,0.0459407568,0.5008977391,0.5625003778,0.6104418905,0.5670729334
4675,1.0,0.0,0.0,0.0,1.0,1.0,0.3158021805,0.3291333965,0.05040514469,0.04696840048,0.5026929196,0.5568184774,0.6104417285,0.5731707781
4676,1.0,0.0,0.0,0.0,1.0,1.0,0.3194645219,0.3391681996,0.04983085394,0.047047019,0.4964284773,0.5586592713,0.6064256148,0.5739651193
4677,1.0,0.0,0.0,0.0,1.0,1.0,0.3146722395,0.3298158559,0.04907035828,0.04600346088,0.5062611831,0.5738645198,0.6159998359,0.581818064
4678,1.0,0.0,0.0,0.0,1.0,1.0,0.3236630205,0.3398102761,0.05061095953,0.04727393389,0.5142348324,0.5659342536,0.615999928,0.5764702916
4679,1.0,0.0,0.0,0.0,1.0,1.0,0.3278310394,0.3404475923,0.0525316,0.04855626822,0.5070921461,0.5729734698,0.6135457052,0.5730992501
4680,1.0,0.0,0.0,0.0,1.0,1.0,0.3248628382,0.3438081355,0.05220079422,0.04906308651,0.5044404698,0.5737704731,0.6120003007,0.5697668203
4681,1.0,0.0,0.0,0.0,1.0,1.0,0.3211847996,0.3351543041,0.05132263899,0.04788208008,0.5026928874,0.5698326812,0.6104418642,0.5688622829
4682,1.0,0.0,0.0,0.0,1.0,1.0,0.3247737061,0.342550491,0.05128026009,0.04816377163,0.5080790451,0.5745856289,0.6129031164,0.5764713744
4683,1.0,0.0,0.0,0.0,1.0,1.0,0.3301567305,0.3445656119,0.05229771137,0.04860275984,0.5080790395,0.5760875759,0.612903035,0.5730992287
4684,1.0,0.0,0.0,0.0,1.0,1.0,0.3295843625,0.3471953844,0.05239516497,0.04899650812,0.5151514811,0.5675670756,0.618473865,0.5664742556
4685,1.0,0.0,0.0,0.0,1.0,1.0,0.3271877888,0.3405359174,0.05175614357,0.04779666662,0.5098389126,0.5683063004,0.6129034998,0.5739641724
4686,1.0,0.0,0.0,0.0,1.0,1.0,0.3296029936,0.3351304367,0.05131906271,0.046628654,0.5159574402,0.5645157731,0.6190474966,0.5680475112
4687,1.0,0.0,0.0,0.0,1.0,1.0,0.3307635368,0.3331474207,0.05214351416,0.04735195637,0.5152057713,0.5621617173,0.6190477189,0.5654755461
4688,1.0,0.0,0.0,0.0,1.0,1.0,0.3385499293,0.3464200832,0.05321371555,0.04925096035,0.5081081635,0.5585106264,0.6135457399,0.5574710696
4689,1.0,0.0,0.0,0.0,1.0,1.0,0.3295841039,0.3318306787,0.05291897058,0.04805618525,0.518716511,0.567567324,0.6284586574,0.5535709192
4690,1.0,0.0,0.0,0.0,1.0,1.0,0.3265679325,0.3174697789,0.05014485121,0.0446344614,0.5134650546,0.5549447219,0.6235294317,0.5555551104
4691,1.0,0.0,0.0,0.0,1.0,1.0,0.3229242803,0.3128171545,0.05054837465,0.04490047693,0.5144403978,0.5530722436,0.6220472964,0.5597480436
4692,1.0,0.0,0.0,0.0,1.0,1.0,0.3246361969,0.31529996,0.05112761259,0.04567015171,0.5145985315,0.5505613917,0.6190474231,0.5534586763
4693,1.0,0.0,0.0,0.0,1.0,1.0,0.334958021,0.3219545719,0.05159449577,0.04545891285,0.5217391262,0.5513509517,0.6324113392,0.5460131065
4694,1.0,0.0,0.0,0.0,1.0,1.0,0.3289300958,0.3239298764,0.05194860697,0.0468108654,0.513562352,0.5549450234,0.6245057153,0.5365859559
4695,1.0,0.0,0.0,0.0,1.0,1.0,0.3289302315,0.3199795977,0.05196470022,0.04625433683,0.5189873155,0.5549452125,0.6205534852,0.5432096379
4696,1.0,0.0,0.0,0.0,1.0,1.0,0.3301242877,0.3155100676,0.05244708061,0.04639548063,0.5136116578,0.5604387237,0.6235294833,0.5465841542
4697,1.0,0.0,0.0,0.0,1.0,1.0,0.3331473084,0.3224008712,0.05202013254,0.04649847746,0.5139663728,0.5474859439,0.6048386064,0.5499996795
4698,1.0,0.0,0.0,0.0,1.0,1.0,0.3368696502,0.3277523367,0.05324441195,0.0476552248,0.5195531021,0.5469605158,0.6113361884,0.5493832565
4699,1.0,0.0,0.0,0.0,1.0,1.0,0.3343857507,0.3311157331,0.05170142651,0.0468184948,0.513011232,0.5444451618,0.6097560359,0.5460123949
4700,1.0,0.0,0.0,0.0,1.0,1.0,0.3374741682,0.3244156132,0.05318963528,0.04705232382,0.5139146915,0.5494512391,0.6088710075,0.5465837014
4701,1.0,0.0,0.0,0.0,1.0,1.0,0.3343859577,0.3297756322,0.05234611034,0.04740232229,0.5111525032,0.5444443432,0.6072875165,0.5460121542
4702,1.0,0.0,0.0,0.0,1.0,1.0,0.336192557,0.3225289919,0.05318105221,0.0468224287,0.5319927029,0.5380428813,0.629481913,0.5493819617
4703,1.0,0.0,0.0,0.0,1.0,1.0,0.3404693888,0.3192661625,0.05332136154,0.04615449905,0.5604395353,0.5430110532,0.6587299264,0.5465839472
4704,1.0,0.0,0.0,0.0,1.0,1.0,0.335605956,0.3185471346,0.05173021555,0.04547709227,0.562730523,0.5549453905,0.6693226909,0.5562499099
4705,1.0,0.0,0.0,0.0,1.0,1.0,0.3404289648,0.3246217892,0.05219107866,0.04605096579,0.5482696459,0.5561492929,0.6496061801,0.5575758439
4706,1.0,0.0,0.0,0.0,1.0,1.0,0.3355791078,0.3076711745,0.0519451499,0.04432272911,0.5602190345,0.5434787348,0.6588235781,0.5668789638
4707,1.0,0.0,0.0,0.0,1.0,1.0,0.3391609499,0.3176519138,0.05201596022,0.04537558556,0.5523466279,0.5478724806,0.655038674,0.5548776002
4708,1.0,0.0,0.0,0.0,1.0,1.0,0.3349289083,0.3059130264,0.05193805695,0.04447889328,0.5365419464,0.5638300802,0.6501902138,0.5714281886
4709,1.0,0.0,0.0,0.0,1.0,1.0,0.32960326,0.3028615063,0.05128151178,0.04411315918,0.5514185143,0.5645165227,0.6590909277,0.5749997298
4710,1.0,0.0,0.0,0.0,1.0,1.0,0.3313752938,0.3009684708,0.05105984211,0.04341453314,0.5549646074,0.5561494767,0.6704546581,0.5786167839
4711,1.0,0.0,0.0,0.0,1.0,1.0,0.325481745,0.2915039232,0.05028027296,0.04208242893,0.5469026706,0.5597827311,0.6628786315,0.5714293808
4712,1.0,0.0,0.0,0.0,1.0,1.0,0.3266381606,0.2847469629,0.04970854521,0.04079347849,0.5506217161,0.5597832539,0.664150934,0.5761592984
4713,1.0,0.0,0.0,0.0,1.0,1.0,0.3349097606,0.2975867349,0.05188316107,0.04341804981,0.5449735786,0.5526316696,0.6591761432,0.578616594
4714,1.0,0.0,0.0,0.0,1.0,1.0,0.3319758991,0.2946116856,0.05149686337,0.04305034876,0.5483303156,0.5608467384,0.6604479636,0.5696205686
4715,1.0,0.0,0.0,0.0,1.0,1.0,0.3390024986,0.294611562,0.05235475302,0.04286032915,0.5536027316,0.554403797,0.6679104034,0.5759494463
4716,1.0,0.0,0.0,0.0,1.0,1.0,0.3394984289,0.3020295097,0.05254822969,0.04423707724,0.5545927932,0.5663267216,0.6739928857,0.5696971738
4717,1.0,0.0,0.0,0.0,1.0,1.0,0.3325669921,0.2866044364,0.05122637749,0.04183930159,0.5540070293,0.5549732615,0.669117551,0.5769224742
4718,1.0,0.0,0.0,0.0,1.0,1.0,0.3267065674,0.2719066425,0.05029684305,0.0400211215,0.5500879109,0.5645163011,0.6691176113,0.5878384316
4719,1.0,0.0,0.0,0.0,1.0,1.0,0.3219441741,0.2663954039,0.04889297485,0.03895318508,0.5663715894,0.5714285714,0.6764706602,0.5862062106
4720,1.0,0.0,0.0,0.0,1.0,1.0,0.3142113875,0.2553720504,0.04713183641,0.0370131731,0.5630550357,0.5536718091,0.6838233964,0.5827340099
4721,1.0,0.0,0.0,0.0,1.0,1.0,0.3284633783,0.2717458956,0.05082070827,0.04049348831,0.5465729543,0.5614967805,0.6605840292,0.577182028
4722,1.0,0.0,0.0,0.0,1.0,1.0,0.3343082151,0.2748464666,0.05147576332,0.04128783941,0.547038343,0.5677080197,0.6607143282,0.5714289839
4723,1.0,0.0,0.0,0.0,1.0,1.0,0.3313937226,0.2660383871,0.05080866814,0.03978669643,0.5526316148,0.5555554252,0.6654674195,0.5540546209
4724,1.0,0.0,0.0,0.0,1.0,1.0,0.338971366,0.2784158436,0.05237114429,0.04211288691,0.5489510223,0.5721647725,0.6678572442,0.5641020923
4725,1.0,0.0,0.0,0.0,1.0,1.0,0.3366356026,0.2847873519,0.05157983303,0.04249328375,0.5375217663,0.5647668154,0.6559138239,0.55345979
4726,1.0,0.0,0.0,0.0,1.0,1.0,0.3319760154,0.2677077958,0.05091816187,0.04041129351,0.5500878113,0.5714280697,0.6678572881,0.5666670108
4727,1.0,0.0,0.0,0.0,1.0,1.0,0.3436124958,0.2827602111,0.05297058821,0.04275292158,0.542757272,0.5736047863,0.6583630637,0.5597476561
4728,1.0,0.0,0.0,0.0,1.0,1.0,0.3499790472,0.2825273474,0.0537866354,0.04281514883,0.5470383606,0.5671638648,0.6678446522,0.5624993909
4729,1.0,0.0,0.0,0.0,1.0,1.0,0.3441555798,0.2754646346,0.05278211832,0.04158592224,0.5460870844,0.5606055986,0.6572437507,0.5641024171
4730,1.0,0.0,0.0,0.0,1.0,1.0,0.3459605705,0.2752847899,0.05342060328,0.04235875607,0.5367134057,0.5555554316,0.6561405697,0.5477709516
4731,1.0,0.0,0.0,0.0,1.0,1.0,0.3407187375,0.2631040233,0.05209344625,0.03980475664,0.543706361,0.553846013,0.6572437494,0.5570466583
4732,1.0,0.0,0.0,0.0,1.0,1.0,0.3466374892,0.2754645116,0.0529345274,0.04191768169,0.5422535356,0.5685276559,0.6572437803,0.5512824523
4733,1.0,0.0,0.0,0.0,1.0,1.0,0.3460963771,0.2682712856,0.05265283585,0.04110145569,0.5406360133,0.561223635,0.6561404724,0.5620924985
4734,1.0,0.0,0.0,0.0,1.0,1.0,0.351297711,0.2736988634,0.05357670784,0.04152196646,0.5360282033,0.559999911,0.6537104695,0.5612906838
4735,1.0,0.0,0.0,0.0,1.0,1.0,0.3425152067,0.2612577359,0.05181932449,0.03959530592,0.5448155455,0.564102859,0.6596490497,0.5503350148
4736,1.0,0.0,0.0,0.0,1.0,1.0,0.343667886,0.2622650743,0.05249977112,0.03964269161,0.5385964046,0.5663260672,0.6524824317,0.5540540134
4737,1.0,0.0,0.0,0.0,1.0,1.0,0.3401605819,0.2595723505,0.05194544792,0.03936076164,0.5385964678,0.5567010901,0.653710271,0.5510203464
4738,1.0,0.0,0.0,0.0,1.0,1.0,0.3389713314,0.2622648681,0.05218750238,0.0398131609,0.531468566,0.5618557702,0.6489362621,0.5540546205
4739,1.0,0.0,0.0,0.0,1.0,1.0,0.3395651116,0.2667548321,0.05227708817,0.04042041302,0.5288966923,0.5721657713,0.640569241,0.5466672172
4740,1.0,0.0,0.0,0.0,1.0,1.0,0.3425150942,0.2675812745,0.0522916913,0.04049259424,0.5307558162,0.5641022718,0.6453901072,0.5496685817
4741,1.0,0.0,0.0,0.0,1.0,1.0,0.3343203156,0.2587843002,0.05072200298,0.03870892525,0.5264084287,0.5736849774,0.6428571998,0.5655176555
4742,1.0,0.0,0.0,0.0,1.0,1.0,0.3360643512,0.2578633028,0.05150252581,0.03889518976,0.5271454333,0.5677081344,0.6405693317,0.5586212921
4743,1.0,0.0,0.0,0.0,1.0,1.0,0.32964019,0.2552143181,0.05012470484,0.03812676668,0.5245613306,0.5744684899,0.6392856117,0.5524473119
4744,1.0,0.0,0.0,0.0,1.0,1.0,0.3261336765,0.2480887697,0.04919874668,0.03703135252,0.5175438726,0.5698930724,0.6312057332,0.5500005634
4745,1.0,0.0,0.0,0.0,1.0,1.0,0.3284634506,0.2516325757,0.05003887415,0.0379974246,0.5272408187,0.5721924497,0.6418442264,0.5563388346
4746,1.0,0.0,0.0,0.0,1.0,1.0,0.3249067939,0.2463162749,0.0492259264,0.03718698025,0.5229681892,0.5652169701,0.6418438484,0.5611498107
4747,1.0,0.0,0.0,0.0,1.0,1.0,0.3254411424,0.2418579354,0.04811114073,0.03575474024,0.5320284981,0.557376318,0.6476868944,0.5588224017
4748,1.0,0.0,0.0,0.0,1.0,1.0,0.3301885816,0.2507495409,0.04893827438,0.03709834814,0.5364119708,0.5698923814,0.6441281999,0.5673763309
4749,1.0,0.0,0.0,0.0,1.0,1.0,0.3301566851,0.2489651772,0.04948759079,0.03738468885,0.5385996463,0.5543477737,0.6487457488,0.5539571213
4750,1.0,0.0,0.0,0.0,1.0,1.0,0.322868778,0.2328449254,0.04743295908,0.03464204073,0.539020027,0.5617981058,0.6415768154,0.5461538859
4751,1.0,0.0,0.0,0.0,1.0,1.0,0.3355791198,0.2480629103,0.04987114668,0.03740334511,0.5437957445,0.565216404,0.6546764296,0.5434788152
4752,1.0,0.0,0.0,0.0,1.0,1.0,0.3337548643,0.2462654633,0.04948586226,0.03704684973,0.5364962664,0.5737700771,0.6402879066,0.5547452067
4753,1.0,0.0,0.0,0.0,1.0,1.0,0.3282572157,0.2390751648,0.04804414511,0.03569757938,0.539449401,0.5642462536,0.6438849624,0.5563911532
4754,1.0,0.0,0.0,0.0,1.0,1.0,0.332535141,0.2435918051,0.04903060198,0.03684067726,0.547794218,0.5745851249,0.6487453968,0.5661770892
4755,1.0,0.0,0.0,0.0,1.0,1.0,0.3355927225,0.2418004886,0.0492733717,0.03634917736,0.5522936435,0.5628412789,0.6559141277,0.5555557378
4756,1.0,0.0,0.0,0.0,1.0,1.0,0.3392269292,0.2480758207,0.05074119568,0.03791946173,0.5437956157,0.5645157501,0.6464286968,0.5539569589
4757,1.0,0.0,0.0,0.0,1.0,1.0,0.3349778329,0.2436361678,0.04898881912,0.03667467833,0.5421245641,0.5628412841,0.6512457221,0.5693427098
4758,1.0,0.0,0.0,0.0,1.0,1.0,0.3440108301,0.250743541,0.05110031366,0.03819078207,0.5398551542,0.5631577904,0.6466431082,0.5563376435
4759,1.0,0.0,0.0,0.0,1.0,1.0,0.3398103419,0.2489715436,0.04973006248,0.03723108768,0.5363636169,0.5668438943,0.644128382,0.5571422625
4760,1.0,0.0,0.0,0.0,1.0,1.0,0.3380199577,0.246291294,0.05024755001,0.03748196363,0.5502741204,0.5675670867,0.6535715866,0.5579707495
4761,1.0,0.0,0.0,0.0,1.0,1.0,0.3343655182,0.2409369253,0.04983472824,0.03676331043,0.5539305609,0.568306207,0.6571426451,0.5703712471
4762,1.0,0.0,0.0,0.0,1.0,1.0,0.3404689649,0.248965083,0.05020320415,0.037517488,0.5421244799,0.5698920774,0.6451613031,0.5611504848
4763,1.0,0.0,0.0,0.0,1.0,1.0,0.3423502861,0.2480627426,0.05035740137,0.03736191988,0.5488029996,0.5698928931,0.6546760711,0.5652179462
4764,1.0,0.0,0.0,0.0,1.0,1.0,0.3417211034,0.2462651491,0.05049705505,0.0371940136,0.5514704807,0.5752691218,0.6582734225,0.5620436786
4765,1.0,0.0,0.0,0.0,1.0,1.0,0.3398101352,0.248964832,0.05073571205,0.03771263361,0.5363635456,0.5668453156,0.6451613792,0.5611501581
4766,1.0,0.0,0.0,0.0,1.0,1.0,0.347078964,0.2534297619,0.0513111949,0.0381475687,0.5454544813,0.5706799836,0.6535712843,0.5563381822
4767,1.0,0.0,0.0,0.0,1.0,1.0,0.3422498241,0.2525472141,0.05055063963,0.03791296482,0.5409835669,0.5744683109,0.6523297946,0.5531919242
4768,1.0,0.0,0.0,0.0,1.0,1.0,0.3482631272,0.2516325442,0.05117285252,0.03784656525,0.5426497473,0.5885412177,0.6489362208,0.5774647222
4769,1.0,0.0,0.0,0.0,1.0,1.0,0.3551129786,0.2525277779,0.05190002918,0.03798866272,0.5494505461,0.5824737177,0.6583629738,0.5704219385
4770,1.0,0.0,0.0,0.0,1.0,1.0,0.3480999295,0.2559974204,0.05181181431,0.03899240494,0.5314181573,0.5773199671,0.6491227315,0.575342717
4771,1.0,0.0,0.0,0.0,1.0,1.0,0.3578472301,0.255102385,0.05317997932,0.03921353817,0.5424955418,0.5808081487,0.6608390808,0.5821910521
4772,1.0,0.0,0.0,0.0,1.0,1.0,0.3529559254,0.2481255366,0.05210548639,0.03801578283,0.5441440692,0.5816320344,0.6597224086,0.5804195366
4773,1.0,0.0,0.0,0.0,1.0,1.0,0.3503381148,0.2524364155,0.05183160305,0.03867638111,0.5338078557,0.5786807576,0.6529208392,0.5918364202
4774,1.0,0.0,0.0,0.0,1.0,1.0,0.3513936956,0.2532830746,0.05223679543,0.038849473,0.5353356179,0.5879393602,0.6541096236,0.5878371122
4775,1.0,0.0,0.0,0.0,1.0,1.0,0.3531597448,0.2583589743,0.05236625671,0.03979831934,0.5406360722,0.575,0.6564625245,0.5855265424
4776,1.0,0.0,0.0,0.0,1.0,1.0,0.3431711067,0.2524188384,0.05099904537,0.03890651464,0.5362831145,0.5876286491,0.6518771423,0.5945954227
4777,1.0,0.0,0.0,0.0,1.0,1.0,0.3484778814,0.2481604636,0.0519131422,0.03847366571,0.5292034846,0.5888320677,0.6428571703,0.5890413506
4778,1.0,0.0,0.0,0.0,1.0,1.0,0.347940844,0.2515601267,0.05203163624,0.03928917646,0.5346360067,0.5969384131,0.6496599626,0.6081075546
4779,1.0,0.0,0.0,0.0,1.0,1.0,0.3493197711,0.2473367352,0.05246371031,0.03895032406,0.5463371221,0.5959599861,0.6599325223,0.6122440235
4780,1.0,0.0,0.0,0.0,1.0,1.0,0.3534717945,0.2574323597,0.05216044188,0.03990280628,0.5473032339,0.5900009942,0.6666666667,0.6013073262
4781,1.0,0.0,0.0,0.0,1.0,1.0,0.3589110302,0.2582450787,0.05298775434,0.04039657116,0.5484445632,0.6039604629,0.6577182563,0.6103900894
4782,1.0,0.0,0.0,0.0,1.0,1.0,0.3509894184,0.2515264284,0.05250060558,0.03963798285,0.5399473743,0.6000006812,0.653333293,0.6092719713
4783,1.0,0.0,0.0,0.0,1.0,1.0,0.3503738962,0.2440879354,0.05261176825,0.03893268108,0.5425064714,0.5899993089,0.6567656112,0.6148653821
4784,1.0,0.0,0.0,0.0,1.0,1.0,0.3544990322,0.2556330517,0.05304318666,0.04070150852,0.5434592613,0.589108872,0.6567657828,0.6129034148
4785,1.0,0.0,0.0,0.0,1.0,1.0,0.3483168543,0.249860453,0.05246585608,0.04007440805,0.5429072116,0.5929648013,0.6546054221,0.6184220116
4786,1.0,0.0,0.0,0.0,1.0,1.0,0.358191698,0.253956738,0.05430573225,0.04106044769,0.5419579811,0.6048782844,0.649180045,0.6193546046
4787,1.0,0.0,0.0,0.0,1.0,1.0,0.3553959124,0.2514831419,0.05405545235,0.04087120295,0.535125766,0.5951218436,0.6428573,0.606451754
4788,1.0,0.0,0.0,0.0,1.0,1.0,0.3624919728,0.2612178901,0.05554008484,0.04258072376,0.5250431156,0.6000002146,0.6363636031,0.621117995
4789,1.0,0.0,0.0,0.0,1.0,1.0,0.359039605,0.2702071543,0.05449360609,0.04349005222,0.5336786537,0.605769094,0.6482083882,0.6265058755
4790,1.0,0.0,0.0,0.0,1.0,1.0,0.3355019268,0.211357691,0.05030351877,0.03415346146,0.5388692578,0.6210523572,0.6360656633,0.6124031414
4791,1.0,0.0,0.0,0.0,1.0,1.0,0.3974159036,0.0597489751,0.05560016632,0.009083151817,0.5118109699,0.4653468637,0.5579708952,0.2727278693
4792,1.0,0.0,0.0,0.0,1.0,1.0,0.4013504405,0.06337026077,0.05591398478,0.009593069553,0.5137796139,0.4607843033,0.5615944996,0.171425021
4793,1.0,0.0,0.0,0.0,1.0,1.0,0.3486636461,0.159233231,0.0517988801,0.02549266815,0.4958904566,0.5916234102,0.5966100912,0.6276584303
4794,1.0,0.0,0.0,0.0,1.0,1.0,0.3501566594,0.2334223807,0.05270385742,0.03760778904,0.4947182903,0.6180899862,0.6019736173,0.6197187117
4795,1.0,0.0,0.0,0.0,1.0,1.0,0.3621908266,0.2871770299,0.05643445253,0.04711741209,0.4752138142,0.5943391145,0.5844156222,0.6101702848
4796,1.0,0.0,0.0,0.0,1.0,1.0,0.371414328,0.310116282,0.0588953495,0.05166727304,0.472972992,0.5909088149,0.5916398438,0.6113991968
4797,1.0,0.0,0.0,0.0,1.0,1.0,0.3824093938,0.3310252175,0.06053745747,0.05498600006,0.4686715815,0.5938866736,0.5955416058,0.6201924745
4798,1.0,0.0,0.0,0.0,1.0,1.0,0.3745836327,0.339493022,0.06073659658,0.05751162767,0.4693200337,0.592919859,0.5904761737,0.630840981
4799,1.0,0.0,0.0,0.0,1.0,1.0,0.3849091001,0.3415811401,0.06253224611,0.05796974897,0.4661157712,0.5922742649,0.5886075816,0.6296301247
4800,1.0,0.0,0.0,0.0,1.0,1.0,0.3799530788,0.3363200436,0.06138700247,0.05658280849,0.4611569757,0.5956522119,0.5809524147,0.6320749351
4801,1.0,0.0,0.0,0.5235987902,1.0,1.0,0.382236863,0.3479070233,0.06221443415,0.05925184488,0.4685430526,0.5887448086,0.5854430623,0.6363636364
4802,1.0,0.0,0.0,0.5235987902,1.0,1.0,0.3877935962,0.3463253399,0.06322932243,0.05943006277,0.4787676908,0.5922745972,0.5981012164,0.6347030452
4803,1.0,0.0,0.0,0.5235987902,1.0,1.0,0.3974389391,0.360116092,0.06490188837,0.06190216541,0.4753549993,0.5924363998,0.5936506561,0.6255505293
4804,1.0,0.0,0.0,0.5235987902,1.0,1.0,0.4024598011,0.3526510442,0.06495940685,0.06035810709,0.4899328549,0.5958335092,0.6044304216,0.6322872568
4805,1.0,0.0,0.0,0.5235987902,1.0,1.0,0.4050893863,0.3567191664,0.06702977419,0.06235969067,0.4867110399,0.5901635554,0.6037735334,0.6299552103
4806,1.0,0.0,0.0,0.5235987902,1.0,1.0,0.4053796537,0.3538396838,0.06687831879,0.06198477745,0.4740312872,0.5975613886,0.5869566845,0.6271929318
4807,1.0,0.0,0.0,0.0,1.0,1.0,0.407902521,0.3530139238,0.06771808863,0.06232219934,0.4764227563,0.5776893482,0.5963304673,0.6277050439
4808,1.0,0.0,0.0,0.0,1.0,1.0,0.4017366515,0.354740241,0.0672852397,0.06290894747,0.4722222148,0.5894305666,0.5956788682,0.6304345972
4809,1.0,0.0,0.0,0.0,1.0,1.0,0.3968008233,0.3482428909,0.06563484669,0.06098568439,0.4739454083,0.5916670451,0.5999997277,0.6367710156
4810,1.0,0.0,0.0,0.0,1.0,1.0,0.386933863,0.34306855,0.06503921747,0.0606110096,0.4711697257,0.5872337852,0.5987461894,0.6301377542
4811,1.0,0.0,0.0,0.0,1.0,1.0,0.3905867268,0.3493347571,0.0650549531,0.06095480919,0.4663382555,0.5798316171,0.5924766015,0.6233176095
4812,1.0,0.0,0.0,0.0,1.0,1.0,0.3830094466,0.3520047444,0.0630018115,0.06056833267,0.473684282,0.5793991457,0.6006290005,0.625
4813,1.0,0.0,0.0,0.0,1.0,1.0,0.3840218592,0.3540340743,0.06320482492,0.06104397774,0.4712643439,0.5769232583,0.6018808799,0.6327435097
4814,1.0,0.0,0.0,0.0,1.0,1.0,0.3808972658,0.3490113396,0.06241631508,0.05970257521,0.4747307354,0.5826091607,0.5968252342,0.6318189215
4815,1.0,0.0,0.0,0.0,1.0,1.0,0.3838256504,0.3405739525,0.06254792213,0.05794477463,0.4729842437,0.5800872896,0.5987261303,0.6168222665
4816,1.0,0.0,0.0,0.0,1.0,1.0,0.3828004347,0.3363200721,0.06176751852,0.05693352222,0.4737719032,0.5869561232,0.6,0.6273584412
4817,1.0,0.0,0.0,0.0,1.0,1.0,0.3810581748,0.3288898086,0.06144213676,0.05551350117,0.476588598,0.58333301,0.6070287969,0.6262140822
4818,1.0,0.0,0.0,0.0,1.0,1.0,0.3798708424,0.3283879967,0.06226682663,0.05628484488,0.4721991469,0.5851536954,0.5968254653,0.6231887434
4819,1.0,0.0,0.0,0.0,1.0,1.0,0.3784374906,0.3209071085,0.06197226048,0.05487412214,0.4745621099,0.5947128175,0.603833868,0.6268662391
4820,1.0,0.0,0.0,0.0,1.0,1.0,0.3654422681,0.2749272507,0.05841422081,0.04618793726,0.4744898287,0.5953482962,0.5922329029,0.6235293359
4821,1.0,0.0,0.0,0.0,1.0,1.0,0.3816524647,0.2080803076,0.05974185467,0.03464478254,0.4995641068,0.5753425614,0.6131148914,0.6456697113
4822,1.0,0.0,0.0,0.0,1.0,1.0,0.4206253077,0.1330315012,0.06397533417,0.02169597149,0.5004574813,0.4956518417,0.5870306731,0.6025664976
4823,1.0,0.0,0.0,0.0,1.0,1.0,0.4425293336,0.1279986307,0.06426936388,0.01987993717,0.4803002069,0.4745761926,0.5473684736,0.465754205
4824,1.0,0.0,0.0,0.0,1.0,1.0,0.4404946584,0.1336062127,0.06772446632,0.02191090584,0.4814815174,0.4495805419,0.5451386731,0.37662267
4825,1.0,0.0,0.0,0.0,1.0,1.0,0.4511173833,0.1354876017,0.06640726328,0.02139478922,0.4881965381,0.4476986058,0.5352112251,0.350649821
4826,1.0,0.0,0.0,0.0,1.0,1.0,0.4514226157,0.135638423,0.06616663933,0.02130788565,0.4832536089,0.4491519622,0.5357142315,0.3552632683
4827,1.0,0.0,0.0,0.0,1.0,1.0,0.4467202632,0.1465609061,0.0659738183,0.02320259809,0.4810605185,0.4703389869,0.5406362726,0.4337345065
4828,1.0,0.0,0.0,0.0,1.0,1.0,0.4558521098,0.1394983334,0.06635725498,0.02193403244,0.4770991937,0.4560671523,0.533568843,0.3797473858
4829,1.0,0.0,0.0,0.0,1.0,1.0,0.4471689437,0.1369341525,0.06563091278,0.02159649134,0.4837475432,0.4487178323,0.5409252198,0.3246745361
4830,1.0,0.0,0.0,0.0,1.0,1.0,0.4444063378,0.1447952445,0.06356477737,0.02218002081,0.4758750146,0.4553195679,0.533568719,0.3536583727
4831,1.0,0.0,0.0,0.0,1.0,1.0,0.4410680255,0.1249303822,0.06593757868,0.01992160082,0.474178459,0.4297866032,0.5281693194,0.2535207896
4832,1.0,0.0,0.0,0.0,1.0,1.0,0.3703606816,0.1811070442,0.0591968298,0.03058975935,0.4982269426,0.5454550031,0.5906041618,0.6111112194
4833,1.0,0.0,0.0,0.0,1.0,1.0,0.3663766455,0.3004858267,0.05900657177,0.05049866438,0.5038362618,0.6000004041,0.6111109535,0.6250001475
4834,1.0,0.0,0.0,0.0,1.0,1.0,0.3881651356,0.3608210919,0.06376856565,0.06158846617,0.4838174578,0.5769236881,0.597444075,0.6150444747
4835,1.0,0.0,0.0,0.0,1.0,1.0,0.4033844765,0.3823260828,0.06452208757,0.06321060658,0.4799015035,0.5934959875,0.5936509596,0.6099587175
4836,1.0,0.0,0.0,0.0,1.0,1.0,0.4020742728,0.3906046182,0.0672031641,0.06775176525,0.4778325158,0.595918161,0.5949366132,0.6194331592
4837,1.0,0.0,0.0,0.5235987902,1.0,1.0,0.397477251,0.3890232558,0.06485897303,0.06593102217,0.4774034176,0.5950413223,0.5917721018,0.6260162602
4838,1.0,0.0,0.0,0.0,1.0,1.0,0.3997767485,0.3883181825,0.06423258781,0.06476342678,0.4842975507,0.586777266,0.5987262034,0.6270489163
4839,1.0,0.0,0.0,0.0,1.0,1.0,0.3922275748,0.389205601,0.06343305111,0.06449466944,0.4860426737,0.5857737519,0.6025638397,0.6255141903
4840,1.0,0.0,0.0,0.0,1.0,1.0,0.3889896326,0.3808163343,0.0642901659,0.06402003765,0.4717906241,0.5882348578,0.5884245205,0.6160334724
4841,1.0,0.0,0.0,0.0,1.0,1.0,0.3829031335,0.3772087178,0.06291371584,0.06238055229,0.4821428264,0.5847456744,0.5999999279,0.6025643721
4842,1.0,0.0,0.0,0.0,1.0,1.0,0.3819726543,0.3691484366,0.06282401085,0.06096059084,0.4753036562,0.59322095,0.5903226167,0.6113533232
4843,1.0,0.0,0.0,0.0,1.0,1.0,0.3827650557,0.371545906,0.0628785491,0.0615350008,0.4729950998,0.5897431765,0.584415734,0.6026205315
4844,1.0,0.0,0.0,0.0,1.0,1.0,0.3764346965,0.3641758419,0.06173408031,0.06011658907,0.4802631161,0.5938868002,0.5947714235,0.6188338362
4845,1.0,0.0,0.0,0.0,1.0,1.0,0.3767444349,0.3670083351,0.06147474051,0.06013250351,0.4814814882,0.593885832,0.5901637913,0.6160720658
4846,1.0,0.0,0.0,0.0,1.0,1.0,0.3798040418,0.3702849739,0.06253486872,0.06091761589,0.4774774383,0.5818963915,0.5868852423,0.6150438148
4847,1.0,0.0,0.0,0.0,1.0,1.0,0.3837068745,0.3752005334,0.06327402592,0.06192207336,0.4766202333,0.5854702787,0.5901639877,0.6069873325
4848,1.0,0.0,0.0,0.0,1.0,1.0,0.3819944583,0.3760276933,0.06236410141,0.06128883362,0.466227333,0.5905174062,0.5775576134,0.6096487645
4849,1.0,0.0,0.0,0.0,1.0,1.0,0.3833923321,0.3797220199,0.06304752827,0.06223922968,0.4688524222,0.5897441958,0.5888158481,0.6147188137
4850,1.0,0.0,0.0,0.0,1.0,1.0,0.3866694741,0.374790706,0.06345778704,0.06130665541,0.4770491894,0.5889831822,0.5855262367,0.6140352242
4851,1.0,0.0,0.0,0.0,1.0,1.0,0.3828003167,0.366461956,0.0619443059,0.05925107002,0.4804329011,0.5739131857,0.5833332412,0.6000002012
4852,1.0,0.0,0.0,0.0,1.0,1.0,0.3718462148,0.3365121205,0.06037163734,0.0546349287,0.4882154728,0.5791850468,0.5892257029,0.6050007528
4853,1.0,0.0,0.0,0.0,1.0,1.0,0.4024471799,0.1102328611,0.05913954973,0.01681697369,0.5038166584,0.4786730861,0.5625000733,0.5
4854,1.0,0.0,0.0,0.0,1.0,1.0,0.413695428,0.1150300703,0.06059670448,0.01727288961,0.4622822926,0.4345798529,0.5094339098,0.3278673251
4855,1.0,0.0,0.0,0.0,1.0,1.0,0.4173914176,0.1048106423,0.06109976768,0.01569539309,0.4674330567,0.4357798971,0.513108644,0.3214278933
4856,1.0,0.0,0.0,0.0,1.0,1.0,0.3391938094,0.1829962383,0.05180895329,0.02881348133,0.5626134052,0.6042774473,0.637324025,0.6538466312
4857,1.0,0.0,0.0,0.0,1.0,1.0,0.3513936053,0.2680166027,0.05486369133,0.04273307323,0.5441696238,0.6130652065,0.6332182052,0.6322575606
4858,1.0,0.0,0.0,0.0,1.0,1.0,0.3685761823,0.3021958182,0.05871850252,0.04888653755,0.5283018939,0.5953490544,0.631756463,0.6312845961
4859,1.0,0.0,0.0,0.0,1.0,1.0,0.3790400575,0.3365126168,0.06123912334,0.05492299795,0.5170069094,0.5964131584,0.6228957348,0.6199998915
4860,1.0,0.0,0.0,0.0,1.0,1.0,0.3920371461,0.3514700975,0.06343603134,0.05744630098,0.5151514817,0.5836913218,0.6266668855,0.6018962657
4861,1.0,0.0,0.0,0.0,1.0,1.0,0.3919710578,0.3521520754,0.06235766411,0.05668878555,0.5178267949,0.5887450439,0.6275166481,0.6095239097
4862,1.0,0.0,0.0,0.0,1.0,1.0,0.4014492662,0.3512891443,0.06530433893,0.05795764923,0.5196651515,0.5833337136,0.6336635237,0.5868539483
4863,1.0,0.0,0.0,0.0,1.0,1.0,0.3991061821,0.3574161122,0.06411451101,0.05818790197,0.5151006612,0.5924374084,0.6324504633,0.6064814578
4864,1.0,0.0,0.0,0.0,1.0,1.0,0.3906834357,0.3514706437,0.06286936998,0.05717861652,0.519797838,0.5862067004,0.6299998937,0.6066352687
4865,1.0,0.0,0.0,0.0,1.0,1.0,0.390433061,0.3567083992,0.06220668554,0.05768734217,0.5325541856,0.59401718,0.6381578729,0.6129032591
4866,1.0,0.0,0.0,0.0,1.0,1.0,0.3834392539,0.3578859468,0.06151586771,0.05803883076,0.5496247167,0.6,0.6501650444,0.6267281485
4867,1.0,0.0,0.0,0.0,1.0,1.0,0.389457995,0.3652446087,0.06281626225,0.05905801058,0.5387177618,0.5982908903,0.6378739611,0.6272727181
4868,1.0,0.0,0.0,0.0,1.0,1.0,0.3917072016,0.3718464658,0.06215846539,0.05895721912,0.5559294372,0.5879823099,0.6565655578,0.6199094565
4869,1.0,0.0,0.0,0.0,1.0,1.0,0.3953650746,0.3655673391,0.06217044592,0.05816799402,0.5432937468,0.5879830918,0.6476510381,0.6284402965
4870,1.0,0.0,0.0,0.0,1.0,1.0,0.3950295378,0.372673243,0.06269651651,0.05919843912,0.550466516,0.5922749229,0.6508477018,0.6363638194
4871,1.0,0.0,0.0,0.0,1.0,1.0,0.3874337015,0.3586433012,0.0602042675,0.05620843172,0.5523156898,0.5929202226,0.6530612167,0.6208536183
4872,1.0,0.0,0.0,0.0,1.0,1.0,0.391160813,0.3623404872,0.06105768681,0.05675405264,0.5568966199,0.5947140606,0.656357336,0.6161136346
4873,1.0,0.0,0.0,0.0,1.0,1.0,0.3887198008,0.3501446315,0.06030106544,0.05520898104,0.5419187258,0.5955555292,0.6428574129,0.6310673218
4874,1.0,0.0,0.0,0.0,1.0,1.0,0.3891021705,0.3523457092,0.06052905321,0.05570816994,0.5452196511,0.5929203976,0.6440679819,0.6298077952
4875,1.0,0.0,0.0,0.0,1.0,1.0,0.3862661986,0.3501445401,0.05974030495,0.05518609285,0.5407278188,0.596412565,0.6394559058,0.631067678
4876,1.0,0.0,0.0,0.0,1.0,1.0,0.3730313447,0.3216195423,0.05725598335,0.05023396015,0.5440140763,0.6037730742,0.6366783644,0.6236565391
4877,1.0,0.0,0.0,0.0,1.0,1.0,0.3712211727,0.3012254792,0.0555665493,0.04621642828,0.5017858199,0.6153851105,0.599303056,0.635838031
4878,1.0,0.0,0.0,0.0,1.0,1.0,0.373904718,0.3029665878,0.05793750286,0.04777783155,0.4609929787,0.6113741345,0.5609757019,0.6379308839
4879,1.0,0.0,0.0,0.0,1.0,1.0,0.3791590652,0.3360192113,0.05926012993,0.05325216055,0.4562937108,0.5990786747,0.5586207545,0.6307695235
4880,1.0,0.0,0.0,0.0,1.0,1.0,0.3800095576,0.3620426271,0.06079888344,0.05807244778,0.4441602649,0.5784756616,0.5476189503,0.6103291204
4881,1.0,0.0,0.0,0.0,1.0,1.0,0.3785375943,0.3649837259,0.06038981676,0.0584769845,0.4464438813,0.5927595781,0.5529009718,0.6214950651
4882,1.0,0.0,0.0,0.0,1.0,1.0,0.3766994728,0.3692852373,0.05994343758,0.05886340141,0.4414260832,0.5855855318,0.5491526996,0.6284402834
4883,1.0,0.0,0.0,0.0,1.0,1.0,0.3783479051,0.3652444272,0.06067293882,0.0590621829,0.4472362206,0.5973447893,0.5514949456,0.6363635446
4884,1.0,0.0,0.0,0.0,1.0,1.0,0.3849825644,0.380186336,0.06138050556,0.06138050556,0.4499579098,0.5938867385,0.5614618468,0.6288209098
4885,1.0,0.0,0.0,0.0,1.0,1.0,0.3814537049,0.380975271,0.06191080809,0.06245148182,0.4499999174,0.5895198861,0.5577559532,0.6190480281
4886,1.0,0.0,0.0,0.0,1.0,1.0,0.3867730144,0.3797222109,0.06207048893,0.06180298328,0.4478732303,0.5991376744,0.5624999771,0.6363636364
4887,1.0,0.0,0.0,0.0,1.0,1.0,0.3875220465,0.3846534698,0.06348747015,0.06348741055,0.4449047192,0.589743349,0.5592105002,0.6367526583
4888,1.0,0.0,0.0,0.0,1.0,1.0,0.3925202153,0.382903348,0.06366968155,0.06313467026,0.4389439435,0.5966392061,0.5584416852,0.6398306685
4889,1.0,0.0,0.0,0.0,1.0,1.0,0.3984486647,0.3903052371,0.06455498934,0.06428605318,0.443521562,0.5833334103,0.5555556762,0.6359832403
4890,1.0,0.0,0.0,0.0,1.0,1.0,0.3888558927,0.3845254447,0.06317025423,0.06370782852,0.4387416883,0.5914895062,0.558441507,0.6371309083
4891,1.0,0.0,0.0,0.0,1.0,1.0,0.3977792987,0.3910156392,0.06502997875,0.06557422876,0.4521232045,0.589957856,0.5681818666,0.6390038476
4892,1.0,0.0,0.0,0.0,1.0,1.0,0.396445412,0.3906614326,0.06478691101,0.06533133984,0.444999985,0.5924371449,0.5667751839,0.6416669252
4893,1.0,0.0,0.0,0.5235987902,1.0,1.0,0.4027725141,0.3949409272,0.06494486332,0.06575000286,0.4454620704,0.5909090909,0.5612902025,0.644897752
4894,1.0,0.0,0.0,0.5235987902,1.0,1.0,0.4027853702,0.3942605431,0.06517380476,0.06571465731,0.4414715488,0.5892119788,0.5584414516,0.6419757118
4895,1.0,0.0,0.0,0.5235987902,1.0,1.0,0.402459863,0.3935713256,0.06516647339,0.06543803215,0.4463087514,0.5874992683,0.5653593365,0.6431529109
4896,1.0,0.0,0.0,0.5235987902,1.0,1.0,0.4034596565,0.4007504764,0.06549578905,0.06712645292,0.4455610789,0.5850622067,0.5616883406,0.635627933
4897,1.0,0.0,0.0,0.5235987902,1.0,1.0,0.4090894191,0.4065251247,0.06546014547,0.06732279062,0.4409317573,0.5772359204,0.5594855167,0.6363638778
4898,1.0,0.0,0.0,0.5235987902,1.0,1.0,0.4137338611,0.4145596363,0.06800889969,0.07046711445,0.4380714563,0.5903610868,0.5627010571,0.6395348837
4899,1.0,0.0,0.0,0.5235987902,1.0,1.0,0.4152669207,0.412744066,0.06850540638,0.07095199823,0.4377576099,0.5793644993,0.5601264331,0.6283521943
4900,1.0,0.0,0.0,0.5235987902,1.0,1.0,0.4203804992,0.4153732353,0.06871753931,0.07089042664,0.4364090032,0.5810281822,0.5541400629,0.6283522681
4901,1.0,0.0,0.0,0.5235987902,1.0,1.0,0.4222993712,0.4079999972,0.06829988956,0.06910341978,0.4382767195,0.5843140917,0.5601264932,0.631783143
4902,1.0,0.0,0.0,0.5235987902,1.0,1.0,0.4209920348,0.4064183561,0.06876224279,0.06957435608,0.446102817,0.5866141835,0.5601263895,0.6459147202
4903,1.0,0.0,0.0,0.5235987902,1.0,1.0,0.4286880507,0.415906787,0.06858581305,0.06991499662,0.453034154,0.5852709574,0.5664556839,0.6425860992
4904,1.0,0.0,0.0,0.5235987902,1.0,1.0,0.4252591683,0.4174885215,0.06888383627,0.07076007128,0.4437086202,0.5836568805,0.5601265734,0.6401512184
4905,1.0,0.0,0.0,0.5235987902,1.0,1.0,0.4309370834,0.4242910688,0.07025551796,0.07295757532,0.4543946503,0.5884616168,0.5691824695,0.6444443537
4906,1.0,0.0,0.0,0.5235987902,1.0,1.0,0.4286884503,0.4272062666,0.06939667463,0.07289338112,0.4596841308,0.5968995511,0.5772871004,0.6531365193
4907,1.0,0.0,0.0,0.5235987902,1.0,1.0,0.4343212664,0.41590673,0.06965768337,0.070733428,0.4530201352,0.5945945021,0.5727846415,0.6577950805
4908,1.0,0.0,0.0,0.5235987902,1.0,1.0,0.4334526079,0.4283323385,0.07014298439,0.07284080982,0.4528773367,0.59230764,0.5746030867,0.6481482997
4909,1.0,0.0,0.0,0.5235987902,1.0,1.0,0.4414200248,0.4229614177,0.07112932205,0.07247143984,0.488333331,0.6075474797,0.6050154853,0.6666663925
4910,1.0,0.0,0.0,0.5235987902,1.0,1.0,0.4393517154,0.4195770379,0.06901633739,0.07033348083,0.5016778737,0.6106872602,0.6163522683,0.6779025424
4911,1.0,0.0,0.0,0.5235987902,1.0,1.0,0.4387792305,0.4164342166,0.06983280182,0.07090306282,0.4970564228,0.6015329464,0.6069182588,0.6641511623
4912,1.0,0.0,0.0,0.5235987902,1.0,1.0,0.4336563058,0.4127445126,0.06849485636,0.06983268261,0.4983050409,0.6093749048,0.6044304232,0.6704979012
4913,1.0,0.0,0.0,0.5235987902,1.0,1.0,0.4428561215,0.4233305067,0.0687674284,0.07117563486,0.498275896,0.6186772249,0.605095512,0.6729323214
4914,1.0,0.0,0.0,0.5235987902,1.0,1.0,0.4457203224,0.4249218831,0.07007473707,0.07196134329,0.4991423745,0.6192305762,0.6082803579,0.6704121805
4915,1.0,0.0,0.0,0.5235987902,1.0,1.0,0.4428563011,0.4214901306,0.0702175498,0.07213008404,0.4913792253,0.6186765474,0.6006389877,0.6742423616
4916,1.0,0.0,0.0,0.5235987902,1.0,1.0,0.4430515232,0.4290207741,0.0684787035,0.07086747885,0.5034364122,0.6046513045,0.6109325768,0.6704116795
4917,1.0,0.0,0.0,0.5235987902,1.0,1.0,0.4497922709,0.4301807578,0.06980097294,0.07168751955,0.4960903213,0.6100390584,0.5987053627,0.6766920231
4918,1.0,0.0,0.0,0.5235987902,1.0,1.0,0.4494020581,0.4431183211,0.07007151842,0.07412970066,0.4878472544,0.6100390863,0.5889965251,0.6751827224
4919,1.0,0.0,0.0,0.5235987902,1.0,1.0,0.4480857996,0.436444724,0.06912237406,0.07263255119,0.4903677555,0.6054682279,0.5941558186,0.6728621698
4920,1.0,0.0,0.0,0.5235987902,1.0,1.0,0.4549305386,0.4474623677,0.07142394781,0.07556045055,0.4903338721,0.6100392641,0.6013072726,0.67153272
4921,1.0,0.0,0.0,0.5235987902,1.0,1.0,0.4506767436,0.4280994577,0.06935870647,0.07153463364,0.4924844994,0.6156863857,0.5993485865,0.6730039195
4922,1.0,0.0,0.0,0.5235987902,1.0,1.0,0.4507285577,0.406330278,0.06993192434,0.06854987144,0.4955436184,0.620553107,0.5967212373,0.6814514867
4923,1.0,0.0,0.0,0.5235987902,1.0,1.0,0.4393942722,0.3801867994,0.06795322895,0.06377583742,0.4810811248,0.618851891,0.5813955306,0.6724885769
4924,1.0,0.0,0.0,0.5235987902,1.0,1.0,0.4343799164,0.3516554782,0.06572896242,0.05820912123,0.4861878682,0.6313558208,0.5757576303,0.6889954505
4925,1.0,0.0,0.0,0.5235987902,1.0,1.0,0.4387793593,0.3394008932,0.06617808342,0.05627965927,0.4784239994,0.6282050358,0.5699660102,0.6834177773
4926,1.0,0.0,0.0,0.5235987902,1.0,1.0,0.4450271737,0.330896065,0.06621605158,0.05453085899,0.4855004864,0.6260508173,0.5743242657,0.6887753094
4927,1.0,0.0,0.0,0.5235987902,1.0,1.0,0.4523989016,0.3354293088,0.06669127941,0.05469244719,0.4943181968,0.6276144121,0.5787670532,0.6938775288
4928,1.0,0.0,0.0,0.5235987902,1.0,1.0,0.4614260483,0.3411064792,0.06855213642,0.05619031191,0.4815515578,0.6106559871,0.573378905,0.6849998462
4929,1.0,0.0,0.0,0.5235987902,1.0,1.0,0.4522188605,0.3532511547,0.06729519367,0.05796438456,0.4809885701,0.6344539453,0.5655172915,0.6878046975
4930,1.0,0.0,0.0,0.5235987902,1.0,1.0,0.4528274816,0.3510153796,0.06809961796,0.05784201622,0.4710901478,0.623430446,0.5570931528,0.6847288001
4931,1.0,0.0,0.0,0.5235987902,1.0,1.0,0.4657034395,0.3464967426,0.06851816177,0.05611163378,0.4726749496,0.6172838969,0.5574912584,0.688441752
4932,1.0,0.0,0.0,0.5235987902,1.0,1.0,0.4698722603,0.3319822033,0.06837826967,0.05324536562,0.4759152462,0.6065575485,0.5559439936,0.6947372074
4933,1.0,0.0,0.0,0.5235987902,1.0,1.0,0.474568662,0.3412728269,0.07069402933,0.0554241538,0.4662867607,0.6000005059,0.5540070415,0.6836727561
4934,1.0,0.0,0.0,0.5235987902,1.0,1.0,0.4809635425,0.3366540799,0.07070231438,0.05429935455,0.4764197453,0.6039995346,0.5614035088,0.6979161178
4935,1.0,0.0,0.0,0.5235987902,1.0,1.0,0.4876735578,0.3337298415,0.07165771723,0.05409735441,0.4734812492,0.5928854774,0.5594405594,0.7015699596
4936,1.0,0.0,0.0,0.5235987902,1.0,1.0,0.4928753363,0.3296403186,0.07136273384,0.05323886871,0.4735812397,0.5912694568,0.557894834,0.6968092253
4937,1.0,0.0,0.0,0.5235987902,1.0,1.0,0.4982611592,0.3208731778,0.07065397501,0.05050653219,0.4664069667,0.5781249341,0.550876991,0.6939892065
4938,1.0,0.0,0.0,0.5235987902,1.0,1.0,0.5060467119,0.3278872224,0.0734026432,0.0527934432,0.4625121325,0.576922952,0.5438597336,0.7005341375
4939,1.0,0.0,0.0,0.5235987902,1.0,1.0,0.4992313064,0.3249071936,0.0718998909,0.05188077688,0.4711068143,0.580391783,0.5477033108,0.695652074
4940,1.0,0.0,0.0,0.5235987902,1.0,1.0,0.5051046143,0.3255222411,0.07217794657,0.05175548792,0.4730656164,0.5813955217,0.5528168143,0.6972980941
4941,1.0,0.0,0.0,0.5235987902,1.0,1.0,0.508025511,0.325522629,0.07323920727,0.05211251974,0.4799609001,0.5846152594,0.5598590238,0.6918917126
4942,1.0,0.0,0.0,0.5235987902,1.0,1.0,0.4977768797,0.3238607944,0.0716547966,0.05206161737,0.4824903916,0.5742184121,0.5574913357,0.6827954466
4943,1.0,0.0,0.0,0.5235987902,1.0,1.0,0.5144474337,0.3278868656,0.07316470146,0.05222058296,0.4813358785,0.5839690428,0.5614034694,0.700535089
4944,1.0,0.0,0.0,0.5235987902,1.0,1.0,0.5213624431,0.3173666496,0.07534140348,0.05145961046,0.4783464603,0.5735847325,0.5508772394,0.6906071589
4945,1.0,0.0,0.0,0.5235987902,1.0,1.0,0.5234230353,0.324906637,0.07526731491,0.05226105452,0.4802372236,0.5698112729,0.5547705,0.6793480802
4946,1.0,0.0,0.0,0.5235987902,1.0,1.0,0.5266521589,0.3307759712,0.07460170984,0.05256026983,0.4790419426,0.571969361,0.5551600249,0.6881715553
4947,1.0,0.0,0.0,0.5235987902,1.0,1.0,0.5201482023,0.3319704539,0.07392549515,0.05324906111,0.4735791601,0.5785445679,0.5441694078,0.6861695757
4948,1.0,0.0,0.0,0.5235987902,1.0,1.0,0.535307801,0.3319574131,0.07597219944,0.05292445421,0.4704112815,0.5655428126,0.5464286142,0.6612900864
4949,1.0,0.0,0.0,0.5235987902,1.0,1.0,0.5333029174,0.337940762,0.07524645329,0.05318170786,0.4704112007,0.5676689168,0.5431653845,0.6595740389
4950,1.0,0.0,0.0,0.5235987902,1.0,1.0,0.5308909897,0.3307759356,0.07480496168,0.05270344019,0.4768611704,0.5719698268,0.5444840563,0.6666666667
4951,1.0,0.0,0.0,0.5235987902,1.0,1.0,0.5444198883,0.3337424093,0.076156497,0.05255079269,0.4773869427,0.5608854702,0.5428572077,0.6524063807
4952,1.0,0.0,0.0,0.5235987902,1.0,1.0,0.5429563222,0.3307763687,0.07667469978,0.0528203845,0.4808853976,0.5481479927,0.540925494,0.6344079469
4953,1.0,0.0,0.0,0.5235987902,1.0,1.0,0.5554707268,0.3331474699,0.07748532295,0.05259954929,0.476673379,0.5401457552,0.5304656765,0.618279972
4954,1.0,0.0,0.0,0.5235987902,1.0,1.0,0.5575397763,0.3331469309,0.07643979788,0.05209225416,0.4979338113,0.537037398,0.5507247205,0.6141301176
4955,1.0,0.0,0.0,0.5235987902,1.0,1.0,0.5734670189,0.3240947062,0.07946497202,0.05116635561,0.4860680998,0.5287769811,0.5434783429,0.5921782698
4956,1.0,0.0,0.0,0.5235987902,1.0,1.0,0.5785689533,0.3300739462,0.07948672771,0.0513650775,0.4712643666,0.5162451652,0.5276752344,0.5865916731
4957,1.0,0.0,0.0,0.5235987902,1.0,1.0,0.5809977996,0.3294455495,0.07962685823,0.05116814375,0.4753410693,0.5126351413,0.5259261278,0.5730337733
4958,1.0,0.0,0.0,0.5235987902,1.0,1.0,0.5937490747,0.3294457829,0.08097296953,0.05129247904,0.4820295976,0.5088969386,0.5296296197,0.5730333684
4959,1.0,0.0,0.0,0.5235987902,1.0,1.0,0.5900451113,0.3300044403,0.07957530022,0.0504553318,0.4866310267,0.5072461597,0.5245281209,0.56
4960,1.0,0.0,0.0,0.5235987902,1.0,1.0,0.6078855381,0.3249133502,0.08246225119,0.05018162727,0.4956710542,0.5088967226,0.5323194826,0.5672520038
4961,1.0,0.0,0.0,0.5235987902,1.0,1.0,0.6061134315,0.3325210533,0.08244073391,0.05174469948,0.4903225693,0.5035463147,0.526315729,0.5536727134
4962,1.0,0.0,0.0,0.5235987902,1.0,1.0,0.6152071155,0.3413188491,0.08234882355,0.05229872465,0.4902807973,0.5017545079,0.5245283768,0.5469617415
4963,1.0,0.0,0.0,0.5235987902,1.0,1.0,0.6238419488,0.3419144141,0.08366203308,0.05268681049,0.4967602678,0.5017298178,0.5338346883,0.5494503008
4964,1.0,0.0,0.0,0.5235987902,1.0,1.0,0.6206384165,0.3437930103,0.08371144533,0.05282479525,0.4903640952,0.4965520188,0.5300752405,0.5519123772
4965,1.0,0.0,0.0,0.5235987902,1.0,1.0,0.6194622482,0.3492475847,0.08409416676,0.05432891846,0.4802982087,0.5017180937,0.5241637297,0.5585109184
4966,1.0,0.0,0.0,0.5235987902,1.0,1.0,0.6332667294,0.3518633005,0.08477622271,0.05421066284,0.4892241708,0.4931973291,0.5243448098,0.5319151977
4967,1.0,0.0,0.0,0.5235987902,1.0,1.0,0.6399842114,0.3522020916,0.08581781387,0.05463737249,0.4877267951,0.4899998889,0.5276751265,0.5287952061
4968,1.0,0.0,0.0,0.5235987902,1.0,1.0,0.6405022874,0.3593498422,0.08715164661,0.05615139008,0.483870943,0.4865774107,0.5243446793,0.5312494693
4969,1.0,0.0,0.0,0.5235987902,1.0,1.0,0.6371708714,0.3646112042,0.08544564247,0.05629694462,0.49040509,0.49163888,0.5407406521,0.5380706952
4970,1.0,0.0,0.0,0.5235987902,1.0,1.0,0.6421178144,0.3701639453,0.08609586954,0.0572065711,0.4855923479,0.4916940647,0.5333336419,0.5399998125
4971,1.0,0.0,0.0,0.5235987902,1.0,1.0,0.6411921086,0.3733971949,0.0864392519,0.05830293894,0.4854682141,0.4932885582,0.5278810792,0.5373133871
4972,1.0,0.0,0.0,0.5235987902,1.0,1.0,0.6378504822,0.3803845741,0.08816409111,0.06015211344,0.4770545037,0.4949829226,0.5149251903,0.5392153074
4973,1.0,0.0,0.0,0.5235987902,1.0,1.0,0.6440371009,0.3864015016,0.08632230759,0.0600503087,0.484913802,0.4983276345,0.5204461879,0.5480770281
4974,1.0,0.0,0.0,0.5235987902,1.0,1.0,0.6371706437,0.3919744899,0.08811688423,0.06218284369,0.4797441027,0.4983278723,0.5204460729,0.5402840149
4975,1.0,0.0,0.0,0.5235987902,1.0,1.0,0.6526083553,0.3841139576,0.09016531706,0.06150352955,0.4832432723,0.4834440939,0.5186564733,0.5145630503
4976,1.0,0.0,0.0,0.5235987902,1.0,1.0,0.6604820673,0.3952169567,0.08600050211,0.05903667212,0.4874590832,0.4785476512,0.5209127963,0.5144229362
4977,1.0,0.0,0.0,0.5235987902,1.0,1.0,0.6633561059,0.3990169101,0.09397804737,0.06556612253,0.4862183498,0.4850496927,0.5247147255,0.5190474329
4978,1.0,0.0,0.0,0.5235987902,1.0,1.0,0.6670166186,0.4064895097,0.08770525455,0.06207710505,0.4864572666,0.4837663529,0.5298506909,0.5275228257
4979,1.0,0.0,0.0,0.5235987902,1.0,1.0,0.6721140428,0.4148629092,0.08759838343,0.06257027388,0.4803493385,0.4837666204,0.5169813379,0.5136360389
4980,1.0,0.0,0.0,0.5235987902,1.0,1.0,0.6829698782,0.4133030245,0.09082627296,0.06363624334,0.4755168342,0.4872615519,0.5150374324,0.5272727954
4981,1.0,0.0,0.0,0.5235987902,1.0,1.0,0.6793164963,0.415812382,0.08825856447,0.06288069487,0.4723126319,0.4984024804,0.5186564414,0.5426010201
4982,1.0,0.0,0.0,0.5235987902,1.0,1.0,0.6799659505,0.4195419115,0.09260541201,0.06614673138,0.475161932,0.4888885027,0.5223880089,0.5422218177
4983,1.0,0.0,0.0,0.5235987902,1.0,1.0,0.6920064966,0.4256176815,0.09301888943,0.06635737419,0.4884233652,0.4840766168,0.5209126856,0.5267854256
4984,1.0,0.0,0.0,0.5235987902,1.0,1.0,0.6934454343,0.4332178126,0.09426152706,0.06822735071,0.4779736407,0.48888865,0.5133078423,0.5263155596
4985,1.0,0.0,0.0,0.5235987902,1.0,1.0,0.6933558633,0.4337198322,0.09027332067,0.06570523977,0.4884741694,0.4841776519,0.5207544794,0.5260874259
4986,1.0,0.0,0.0,0.5235987902,1.0,1.0,0.6963147436,0.4351183377,0.09328508377,0.06738889217,0.4747253089,0.4826499108,0.5095057707,0.5196506627
4987,1.0,0.0,0.0,0.5235987902,1.0,1.0,0.6934458172,0.444408151,0.09329891205,0.06901150942,0.4779735807,0.4825394047,0.5190841013,0.5278967992
4988,1.0,0.0,0.0,0.5235987902,1.0,1.0,0.6996095282,0.4495560368,0.09461933374,0.06998825073,0.4755555188,0.4825395965,0.5096526397,0.5236048468
4989,1.0,0.0,0.0,0.5235987902,1.0,1.0,0.6920057791,0.4441964069,0.09247720242,0.06832712889,0.4773979502,0.4840768026,0.5134101057,0.5301721393
4990,1.0,0.0,0.0,0.5235987902,1.0,1.0,0.7052292738,0.448222836,0.0923588872,0.06782603264,0.4928335275,0.4812500605,0.5229009077,0.5191487716
4991,1.0,0.0,0.0,0.5235987902,1.0,1.0,0.7060075238,0.4405936787,0.09318429232,0.06726741791,0.4790286652,0.4812498361,0.511450337,0.519480577
4992,1.0,0.0,0.0,0.5235987902,1.0,1.0,0.7072972056,0.4446187838,0.09515196085,0.06914770603,0.4879120558,0.4782611964,0.5209126116,0.5256407604
4993,1.0,0.0,0.0,0.5235987902,1.0,1.0,0.7066540891,0.4467203899,0.09986180067,0.07341861725,0.4867841075,0.479750842,0.5227273387,0.5169497305
4994,1.0,0.0,0.0,0.5235987902,1.0,1.0,0.7066539775,0.4539451474,0.09436947107,0.0699686408,0.4823788637,0.4859817452,0.5190840964,0.5378152263
4995,1.0,0.0,0.0,0.5235987902,1.0,1.0,0.7153194883,0.4522191969,0.09521335363,0.07059437037,0.4894091259,0.4797507223,0.5209124895,0.5294116654
4996,1.0,0.0,0.0,0.5235987902,1.0,1.0,0.6973885026,0.4593586644,0.09509462118,0.07238090038,0.4888888913,0.4968155781,0.5230768765,0.531380574
4997,1.0,0.0,0.0,0.5235987902,1.0,1.0,0.7108626711,0.463202871,0.09297090769,0.07023823261,0.500557486,0.4890283518,0.5269230316,0.5311201101
4998,1.0,0.0,0.0,0.5235987902,1.0,1.0,0.7039261371,0.4596669312,0.0924000144,0.07002639771,0.5038759382,0.4905661473,0.534351148,0.5352692433
4999,1.0,0.0,0.0,0.5235987902,1.0,1.0,0.7045790727,0.4674195143,0.09980928898,0.07696890831,0.487292813,0.5078368633,0.5285170194,0.5447153464
5000,1.0,0.0,0.0,0.5235987902,1.0,1.0,0.7220046867,0.4575989594,0.09443038702,0.06965702772,0.4916388215,0.4783949039,0.5172412443,0.5104603513
5001,1.0,0.0,0.0,0.5235987902,1.0,1.0,0.7252387963,0.4612808069,0.09352773428,0.06927978992,0.4804031361,0.4814818355,0.5038461828,0.5124999785
5002,1.0,0.0,0.0,0.5235987902,1.0,1.0,0.7311353642,0.4649911792,0.09353768826,0.06893754005,0.5011185057,0.4862384678,0.5250965298,0.5103728233
5003,1.0,0.0,0.0,0.5235987902,1.0,1.0,0.7371453381,0.4592026872,0.09563148022,0.06981676817,0.5,0.4815953329,0.5250963132,0.5168069487
5004,1.0,0.0,0.0,0.5235987902,1.0,1.0,0.7450382746,0.4555150378,0.09600561857,0.06936997175,0.4840908747,0.4756097788,0.5153846184,0.5105483166
5005,1.0,0.0,0.0,0.5235987902,1.0,1.0,0.7309689262,0.461132732,0.09765774012,0.07203769684,0.4898419779,0.4753082991,0.5135135754,0.5020916902
5006,1.0,0.0,0.0,0.5235987902,1.0,1.0,0.7314095027,0.4649913226,0.09309518337,0.06967687607,0.506818222,0.4906830111,0.5328185344,0.5269712845
5007,1.0,0.0,0.0,0.5235987902,1.0,1.0,0.7419235458,0.4630615304,0.09765607119,0.07167416811,0.516458572,0.483180206,0.5405405509,0.52916649
5008,1.0,0.0,0.0,0.5235987902,1.0,1.0,0.7404957335,0.4630618299,0.09564399719,0.07041275501,0.5000000577,0.490797936,0.5289573867,0.5208332981
5009,1.0,0.0,0.0,0.5235987902,1.0,1.0,0.7430283686,0.4670468931,0.09549814463,0.07118421793,0.4914481453,0.4907973009,0.5230769712,0.5308635463
5010,1.0,0.0,0.0,0.5235987902,1.0,1.0,0.7422492827,0.4633428497,0.09487390518,0.06978565454,0.503385884,0.4802433845,0.5325667208,0.5165291691
5011,1.0,0.0,0.0,0.5235987902,1.0,1.0,0.7385705581,0.4596668619,0.09785652161,0.07212054729,0.4937853383,0.4892968522,0.5267176791,0.5269706492
5012,1.0,0.0,0.0,0.5235987902,1.0,1.0,0.7321756293,0.4748309417,0.094440341,0.07184422016,0.5011237165,0.4907974144,0.5249043323,0.5403228617
5013,1.0,0.0,0.0,0.5235987902,1.0,1.0,0.7357162375,0.4670466014,0.09488636255,0.07094573975,0.5084937537,0.49230776,0.5307689833,0.5349793997
5014,1.0,0.0,0.0,0.5235987902,1.0,1.0,0.7438765177,0.4611324321,0.09418201447,0.06904757023,0.4931507011,0.4907974878,0.5212355397,0.5313813744
5015,1.0,0.0,0.0,0.5235987902,1.0,1.0,0.7194160049,0.4526882577,0.09318077564,0.06811630726,0.4851936143,0.4873416345,0.5058822038,0.5151513561
5016,1.0,0.0,0.0,0.5235987902,1.0,1.0,0.7000495774,0.4253350855,0.1013753414,0.07109028101,0.5066079476,0.4716979579,0.5343512349,0.4932736479
5017,1.0,0.0,0.0,0.5235987902,1.0,1.0,0.6437797188,0.4317440801,0.08681547642,0.06689059734,0.5290390434,0.5377048888,0.5845590739,0.6085108506
5018,1.0,0.0,0.0,0.5235987902,1.0,1.0,0.5640418581,0.4511368041,0.08006799221,0.07304441929,0.5069307085,0.6245609751,0.5798612223,0.7115388068
5019,1.0,0.0,0.0,0.5235987902,1.0,1.0,0.5528424873,0.5199802063,0.07963430882,0.08342647552,0.4675446972,0.6224489949,0.5574325981,0.6850651299
5020,1.0,0.0,0.0,0.5235987902,1.0,1.0,0.5396434598,0.5399668425,0.08295309544,0.09085339308,0.4618916517,0.6156466593,0.5570468562,0.6677019184
5021,1.0,0.0,0.0,0.5235987902,1.0,1.0,0.5310953682,0.5431749845,0.0815141201,0.09072637558,0.4540491032,0.6027398763,0.5551837173,0.6584615304
5022,1.0,0.0,0.0,0.5235987902,1.0,1.0,0.5179587664,0.5299055968,0.07897996902,0.08787918091,0.4635037006,0.6021128036,0.5637582566,0.6613925424
5023,1.0,0.0,0.0,0.5235987902,1.0,1.0,0.5356348162,0.3913255765,0.0744587779,0.06076526642,0.5441477845,0.5593866849,0.5955881676,0.6431927508
5024,1.0,0.0,0.0,0.5235987902,1.0,1.0,0.5886539124,0.321789912,0.07990777493,0.04886448383,0.5127118584,0.4784176096,0.5416669283,0.5058818507
5025,1.0,0.0,0.0,0.5235987902,1.0,1.0,0.4977768178,0.3425648676,0.07101553679,0.05381643772,0.5194552728,0.5859373885,0.5901059159,0.6958754666
5026,1.0,0.0,0.0,0.5235987902,1.0,1.0,0.4558858616,0.4256240859,0.06830650568,0.06830644608,0.5032317473,0.6275300111,0.5896550341,0.6963565191
5027,1.0,0.0,0.0,0.5235987902,1.0,1.0,0.4585254827,0.4674257093,0.06934517622,0.07449179888,0.4749103872,0.6054688809,0.5748296661,0.6690913892
5028,1.0,0.0,0.0,0.5235987902,1.0,1.0,0.4430244574,0.4678595976,0.06812602282,0.07542520761,0.4705365179,0.5992064499,0.570469821,0.6810036154
5029,1.0,0.0,0.0,0.5235987902,1.0,1.0,0.4310305616,0.4554835377,0.06605672836,0.07316249609,0.4656357761,0.5936252536,0.5672133994,0.672662231
5030,1.0,0.0,0.0,0.5235987902,1.0,1.0,0.4428864801,0.465868835,0.06857222319,0.07535123825,0.467565316,0.5893532189,0.5709677717,0.6470584978
5031,1.0,0.0,0.0,0.5235987902,1.0,1.0,0.4373598117,0.4500688264,0.06911122799,0.07384121418,0.467554203,0.5969586734,0.5769229512,0.6548040521
5032,1.0,0.0,0.0,0.5235987902,1.0,1.0,0.427497429,0.4386618215,0.06789553165,0.0724042058,0.4736841957,0.589843894,0.5787778912,0.6446880446
5033,1.0,0.0,0.0,0.5235987902,1.0,1.0,0.4236490626,0.4364446693,0.06724071503,0.07177680731,0.4667787711,0.591270193,0.5681817605,0.6356871489
5034,1.0,0.0,0.0,0.5235987902,1.0,1.0,0.4166450085,0.4208176959,0.06652861834,0.06895273924,0.4717299532,0.5910927148,0.5723685958,0.6484373312
5035,1.0,0.0,0.0,0.5235987902,1.0,1.0,0.4165740999,0.4213333033,0.06651139259,0.06919330359,0.4739495594,0.5887096774,0.5718952161,0.6434108527
5036,1.0,0.0,0.0,0.5235987902,1.0,1.0,0.4074585153,0.4134499224,0.06574463844,0.06843906641,0.4636591039,0.5901640236,0.57003249,0.6377949464
5037,1.0,0.0,0.0,0.5235987902,1.0,1.0,0.4182539609,0.4224614388,0.06667643785,0.06881862879,0.4554621476,0.5903615535,0.5493420222,0.630350299
5038,1.0,0.0,0.0,0.5235987902,1.0,1.0,0.4058134783,0.415609558,0.06479477882,0.06747227907,0.4546979845,0.5950411931,0.5511551737,0.6349204106
5039,1.0,0.0,0.0,0.5235987902,1.0,1.0,0.4018109728,0.4061276095,0.06365770102,0.0652692914,0.4639524335,0.5907177816,0.5618728415,0.6337447958
5040,1.0,0.0,0.0,0.0,1.0,1.0,0.398771474,0.3971291336,0.06357514858,0.06410938501,0.4534786429,0.5966385215,0.5562913785,0.620833283
5041,1.0,0.0,0.0,0.0,1.0,1.0,0.3894147756,0.3925202176,0.06230944395,0.06364655495,0.4598663115,0.600858636,0.5643563447,0.621848228
5042,1.0,0.0,0.0,0.0,1.0,1.0,0.3883926786,0.3908706175,0.06280744076,0.06416106224,0.4623115161,0.5991379229,0.56105615,0.6244728012
5043,1.0,0.0,0.0,0.0,1.0,1.0,0.3947795366,0.3915847184,0.06411004066,0.06465107203,0.4650000418,0.5991559965,0.5672132615,0.6234311977
5044,1.0,0.0,0.0,0.0,1.0,1.0,0.395128501,0.384525393,0.06421536207,0.06394547224,0.4651163686,0.6008400202,0.5714284178,0.6244725384
5045,1.0,0.0,0.0,0.0,1.0,1.0,0.3930863027,0.3857780806,0.06296831369,0.06350415945,0.5046024525,0.6000001893,0.6026061003,0.6286920782
5046,1.0,0.0,0.0,0.0,1.0,1.0,0.392429103,0.3837726569,0.06326329708,0.06326329708,0.5087718487,0.5999998116,0.604575122,0.6297873904
5047,1.0,0.0,0.0,0.0,1.0,1.0,0.3893711988,0.383009913,0.06256890297,0.06283861399,0.5046178695,0.5991386373,0.605263177,0.6351933162
5048,1.0,0.0,0.0,0.0,1.0,1.0,0.388344925,0.3830094681,0.06287169456,0.06341600418,0.5004204445,0.5974031391,0.5986843076,0.6351932057
5049,1.0,0.0,0.0,0.0,1.0,1.0,0.3685764512,0.353623329,0.05832117796,0.05777865648,0.5197254851,0.5999997956,0.6079735565,0.6478870188
5050,1.0,0.0,0.0,0.0,1.0,1.0,0.3375725519,0.1606246443,0.04877209663,0.02466005087,0.5370019551,0.5617982059,0.5749998641,0.6777778583
5051,1.0,0.0,0.0,0.0,1.0,1.0,0.3842512211,0.148268843,0.05414682627,0.02215099335,0.4737863497,0.4494948995,0.4981687422,0.3827173117
5052,1.0,0.0,0.0,0.0,1.0,1.0,0.3772214749,0.1459040354,0.05298233032,0.02184838057,0.4902723612,0.4484540374,0.5145985634,0.4
5053,1.0,0.0,0.0,0.0,1.0,1.0,0.3804638048,0.1371074635,0.0535544157,0.0206605792,0.5091787241,0.4771573322,0.5415160784,0.4868432061
5054,1.0,0.0,0.0,0.0,1.0,1.0,0.3191647867,0.2190556165,0.04710751772,0.03445577621,0.5273723462,0.6228577068,0.5958904525,0.6796869594
5055,1.0,0.0,0.0,0.0,1.0,1.0,0.3409348152,0.3106819894,0.05233073235,0.05020570755,0.5099567824,0.5888327995,0.5888156815,0.640211703
5056,1.0,0.0,0.0,0.0,1.0,1.0,0.3679030279,0.355320905,0.05718308687,0.05771011114,0.497879532,0.6082952095,0.5844156654,0.6484014398
5057,1.0,0.0,0.0,0.0,1.0,1.0,0.3829083977,0.3800467134,0.06006991863,0.06218695641,0.4936708692,0.6079295023,0.5825243001,0.6297871035
5058,1.0,0.0,0.0,0.0,1.0,1.0,0.3957184627,0.3924088932,0.0620200038,0.06493538618,0.4906936434,0.6068371386,0.5897434512,0.6367346377
5059,1.0,0.0,0.0,0.0,1.0,1.0,0.4027980279,0.4039277906,0.0638127327,0.06726920605,0.491183808,0.6166663553,0.591054384,0.6324112388
5060,1.0,0.0,0.0,0.0,1.0,1.0,0.4021224362,0.4074159779,0.06326031685,0.06747770309,0.4970662012,0.6083336788,0.5923565779,0.6289060568
5061,1.0,0.0,0.0,0.0,1.0,1.0,0.4041184659,0.4058245853,0.06393885612,0.06737363338,0.4970760994,0.6115700707,0.5955415168,0.6274508069
5062,1.0,0.0,0.0,0.0,1.0,1.0,0.407426076,0.4035603243,0.06431823969,0.06720608473,0.4975040891,0.6163262999,0.5899052205,0.6328118695
5063,1.0,0.0,0.0,0.0,1.0,1.0,0.3987755104,0.3981902567,0.06335443258,0.06653541327,0.490818016,0.6192465785,0.5841268097,0.6374508523
5064,1.0,0.0,0.0,0.0,1.0,1.0,0.4034443415,0.4016744056,0.06396579742,0.0671376586,0.4962468257,0.6115706022,0.5917722546,0.6338581104
5065,1.0,0.0,0.0,0.0,1.0,1.0,0.4027727012,0.4013633426,0.06369370222,0.06658887863,0.4987510444,0.6033054371,0.593650764,0.6324106497
5066,1.0,0.0,0.0,0.0,1.0,1.0,0.4064395193,0.4077089081,0.06442481279,0.06785732508,0.5,0.6065573164,0.5936508892,0.6264593217
5067,1.0,0.0,0.0,0.0,1.0,1.0,0.4073945565,0.4061226569,0.06485766172,0.06749421358,0.4946146995,0.601626091,0.5873018549,0.628905874
5068,1.0,0.0,0.0,0.0,1.0,1.0,0.4044175179,0.4064185994,0.06500482559,0.06846821308,0.499170844,0.6106556024,0.5949368298,0.6342414856
5069,1.0,0.0,0.0,0.0,1.0,1.0,0.4047533056,0.4029492739,0.06417655945,0.066806674,0.4970954162,0.6106552962,0.5968253135,0.6259843152
5070,1.0,0.0,0.0,0.0,1.0,1.0,0.402112551,0.4026414073,0.06368410587,0.06685513258,0.4991652466,0.6058092063,0.595541463,0.632410669
5071,1.0,0.0,0.0,0.0,1.0,1.0,0.4007705719,0.3966036495,0.06364935637,0.06575340033,0.4979287972,0.6033062417,0.596825471,0.6239998042
5072,1.0,0.0,0.0,0.0,1.0,1.0,0.4021126069,0.3946839672,0.06342035532,0.06526243687,0.4991652234,0.6182570391,0.5923564996,0.6290320224
5073,1.0,0.0,0.0,0.0,1.0,1.0,0.3837591243,0.3647481707,0.06029576063,0.05950927734,0.4958263713,0.6086951794,0.5916398726,0.6255508814
5074,1.0,0.0,0.0,0.0,1.0,1.0,0.3677271325,0.3499674275,0.05740195513,0.05661201477,0.5021096547,0.6055044157,0.59609115,0.6093028789
5075,1.0,0.0,0.0,0.0,1.0,1.0,0.3009635038,0.2473366518,0.04576802254,0.03888958693,0.5195823135,0.5953754591,0.589225528,0.5986399145
5076,1.0,0.0,0.0,0.0,1.0,1.0,0.2665177665,0.09624264166,0.03781694174,0.01404631138,0.4876190132,0.4071427333,0.5,0.3461541726
5077,1.0,0.0,0.0,0.0,1.0,1.0,0.239198444,0.09254070618,0.03507113457,0.01359343529,0.5064935461,0.3953493905,0.522222389,0.419999123
5078,1.0,0.0,0.0,0.0,1.0,1.0,0.2061786631,0.111639677,0.03066432476,0.01637160778,0.6293705866,0.5762699675,0.6879429799,0.6507955001
5079,1.0,0.0,0.0,0.0,1.0,1.0,0.2694002872,0.2191757218,0.04264426231,0.03290450573,0.6938435928,0.5740734529,0.7578945321,0.6000007246
5080,1.0,0.0,0.0,0.0,1.0,1.0,0.2960703636,0.2860722773,0.04811745882,0.04200309515,0.669394445,0.5635364317,0.7391304348,0.5506339622
5081,1.0,0.0,0.0,0.0,1.0,1.0,0.3172831124,0.3412275663,0.05270504951,0.04822516441,0.661904876,0.5650001583,0.7313430318,0.5628414355
5082,1.0,0.7853981853,0.0,0.0,1.0,1.0,0.3094639035,0.3528561274,0.05153596401,0.04864358902,0.6666667561,0.556122272,0.7366411686,0.5621624205
5083,1.0,0.7853981853,0.0,0.0,1.0,1.0,0.311514438,0.3677946714,0.05209475756,0.04992413521,0.6639610688,0.5677084227,0.7439996487,0.5760863336
5084,1.0,0.7853981853,0.0,0.0,1.0,1.0,0.3067591162,0.3783897574,0.05101031065,0.05046188831,0.6501650449,0.5806457267,0.7242797673,0.5815215979
5085,1.0,0.7853981853,0.0,0.0,1.0,1.0,0.291149498,0.3523675883,0.04802423716,0.04633915424,0.6558772892,0.5730998507,0.7264956684,0.5878792244
5086,1.0,0.7853981853,0.0,0.0,1.0,1.0,0.2860412161,0.3519775697,0.04731857777,0.04562866688,0.6524701589,0.5714282115,0.7217388066,0.598765287
5087,1.0,0.7853981853,0.0,0.0,1.0,1.0,0.2834240518,0.3709717392,0.04738622904,0.04710906744,0.6451079067,0.5730991725,0.7205237244,0.5941173568
5088,1.0,0.7853981853,0.0,0.0,1.0,1.0,0.2890800773,0.3664620858,0.04542762041,0.04265767336,0.6878306572,0.5853658537,0.7476189696,0.6103898826
5089,1.0,0.7853981853,0.0,0.0,1.0,1.0,0.3083386429,0.3958189497,0.04775297642,0.04391080141,0.7003546717,0.6034472429,0.7722773448,0.5937497031
5090,1.0,0.7853981853,0.0,0.0,1.0,1.0,0.3152229145,0.402406511,0.04817086458,0.0433537364,0.6808904935,0.6411758374,0.752631378,0.6209155089
5091,1.0,0.7853981853,0.0,0.0,1.0,1.0,0.3343588891,0.4256883173,0.05300599337,0.04638022184,0.6654546234,0.6467384765,0.7301590428,0.6273288174
5092,1.0,0.7853981853,0.0,0.0,1.0,1.0,0.3507476247,0.4386433048,0.0540163517,0.04588478804,0.6490565359,0.6451617887,0.7222222222,0.6265823525
5093,1.0,0.7853981853,0.0,0.0,1.0,1.0,0.340318738,0.4198840967,0.05055266619,0.0412556529,0.6203523231,0.649425267,0.6863907336,0.6619716682
5094,1.0,0.7853981853,0.0,0.0,1.0,1.0,0.3760473216,0.4488506215,0.05773299932,0.04630988836,0.6619718939,0.6310165507,0.7065868506,0.6533333505
5095,1.0,0.7853981853,0.0,0.0,1.0,1.0,0.3797881576,0.4497487067,0.05646717548,0.04547089338,0.6320000192,0.6421051298,0.6823528718,0.6405230215
5096,1.0,0.7853981853,0.0,0.0,1.0,1.0,0.3897819262,0.4675752694,0.05665236712,0.04648405313,0.6519999172,0.6205126101,0.7076027529,0.6249991986
5097,1.0,0.7853981853,0.0,0.0,1.0,1.0,0.3822566408,0.4526887948,0.05640029907,0.04523777962,0.6613546066,0.6302090379,0.7294122699,0.6428565782
5098,1.0,0.7853981853,0.0,0.0,1.0,1.0,0.3945693977,0.4590457722,0.05914574862,0.04743665457,0.6753507899,0.6345171475,0.744185899,0.6645569859
5099,1.0,0.7853981853,0.0,0.0,1.0,1.0,0.3859232927,0.4563926273,0.05684006214,0.0460550189,0.6752475917,0.6205126162,0.745665252,0.6329116381
5100,1.0,0.7853981853,0.0,0.0,1.0,1.0,0.392430765,0.4566418738,0.05842393637,0.04576063156,0.6827853552,0.6256158239,0.7528735803,0.6415095814
5101,1.0,0.7853981853,0.0,0.0,1.0,1.0,0.3978548805,0.4410942513,0.05941545963,0.04535090923,0.6807692991,0.6183576672,0.7486031414,0.6582284304
5102,1.0,0.7853981853,0.0,0.0,1.0,1.0,0.3779078273,0.4299272593,0.05611991882,0.04387038946,0.6621880047,0.6192891191,0.7374301317,0.6623379976
5103,1.0,0.7853981853,0.0,0.0,1.0,1.0,0.3909184148,0.4330914932,0.05920386314,0.04549658298,0.6724470833,0.6305417628,0.7388886777,0.6666671034
5104,1.0,0.7853981853,0.0,0.0,1.0,1.0,0.1818906861,0.2760085567,0.02667063475,0.02667063475,0.5574712398,0.6421057572,0.5813951337,0.6631579653
5105,1.0,0.7853981853,0.0,0.0,1.0,1.0,0.1194778386,0.3388913059,0.01807057858,0.03384649754,0.5104363896,0.3333333333,0.4999997016,0.4406779959
5106,1.0,0.7853981853,0.0,0.0,1.0,1.0,0.1091343368,0.2839942648,0.01655828953,0.03021162748,0.5191571024,0.5263137054,0.5245898792,0.5384607797
5107,1.0,0.7853981853,0.0,0.0,1.0,1.0,0.1928749352,0.2545311064,0.0312359333,0.03095197678,0.5157895163,0.6818178349,0.6028036811,0.6972469997
5108,1.0,0.7853981853,0.0,0.0,1.0,1.0,0.2699835051,0.3139271974,0.04491144419,0.04100608826,0.4832214537,0.6211185565,0.5769228137,0.6394556142
5109,1.0,0.7853981853,0.0,0.0,1.0,1.0,0.3303523886,0.348784841,0.05548703671,0.04816389084,0.4312079915,0.6345177556,0.5183675584,0.6666666667
5110,1.0,0.0,0.0,0.0,1.0,1.0,0.3303666857,0.3515819301,0.05475568771,0.04922473431,0.4407345366,0.6212118243,0.5217393525,0.6573038334
5111,1.0,0.0,0.0,0.0,1.0,1.0,0.3424316326,0.3572152284,0.05760991573,0.05182141066,0.4590163789,0.6220101931,0.5513307969,0.6436171742
5112,1.0,0.0,0.0,0.0,1.0,1.0,0.3627006544,0.3611120279,0.06076776981,0.05347561836,0.4564515271,0.6222229415,0.5510950022,0.6515149826
5113,1.0,0.0,0.0,0.0,1.0,1.0,0.3660842429,0.3515892944,0.06039619446,0.05264621973,0.4700162127,0.6371684036,0.5678572907,0.6446708036
5114,1.0,0.0,0.0,0.0,1.0,1.0,0.3671087445,0.3599389116,0.06041812897,0.05482882261,0.4757280938,0.625550487,0.5769231371,0.6310672646
5115,1.0,0.0,0.0,0.0,1.0,1.0,0.3602640955,0.3640824295,0.05803531408,0.05455851555,0.4750830571,0.6175114592,0.5821428813,0.6274510018
5116,1.0,0.0,0.0,0.0,1.0,1.0,0.3620681122,0.3549254528,0.0579932332,0.05371725559,0.4707847411,0.6175114213,0.5759720195,0.6268660691
5117,1.0,0.0,0.0,0.0,1.0,1.0,0.3695414377,0.3699688514,0.058616817,0.05621886253,0.4756302493,0.609091473,0.5859649728,0.616113724
5118,1.0,0.0,0.0,0.0,1.0,1.0,0.37396365,0.3773756833,0.05892157555,0.05709654093,0.4701987431,0.5973455804,0.5758621165,0.6073058217
5119,1.0,0.0,0.0,0.0,1.0,1.0,0.3600683876,0.375228798,0.05670821667,0.05670815706,0.4680134769,0.6074767239,0.5789473061,0.6074763114
5120,1.0,0.0,0.0,0.0,1.0,1.0,0.362973167,0.377411544,0.05711245537,0.05737805367,0.4729729909,0.5953487207,0.5909090553,0.6064817316
5121,1.0,0.0,0.0,0.0,1.0,1.0,0.3673160325,0.3871076344,0.05746650696,0.0588029623,0.4683760596,0.5953483355,0.5950706215,0.6090912777
5122,1.0,0.0,0.0,0.0,1.0,1.0,0.3532511907,0.3774486119,0.05516505241,0.05731779337,0.4620689971,0.5951220724,0.5921983547,0.6103284725
5123,1.0,0.0,0.0,0.0,1.0,1.0,0.3676704213,0.3871078636,0.05751001835,0.05940002203,0.4645942246,0.5962442142,0.6021124996,0.6045454044
5124,1.0,0.0,0.0,0.0,1.0,1.0,0.3595238351,0.3783097759,0.0558552742,0.05745875835,0.4664372651,0.5885170783,0.6056336094,0.6046506321
5125,1.0,0.0,0.0,0.0,1.0,1.0,0.3532510729,0.3747906714,0.05477035046,0.05690771341,0.4655173342,0.5853656679,0.6091551093,0.60563308
5126,1.0,0.0,0.0,0.0,1.0,1.0,0.3429118344,0.3647088828,0.0528435111,0.05523347855,0.4586208444,0.5879397722,0.5929825349,0.6009610819
5127,1.0,0.0,0.0,0.0,1.0,1.0,0.3548619707,0.3778378199,0.05510115623,0.05776304007,0.4596911689,0.5845405455,0.6062716751,0.603687121
5128,1.0,0.0,0.0,0.0,1.0,1.0,0.3365820262,0.3621670093,0.05221885443,0.05541586876,0.4536081583,0.5816328744,0.6027874103,0.6105769024
5129,1.0,0.0,0.0,0.0,1.0,1.0,0.3382724737,0.3626446385,0.05291837454,0.05585831404,0.4564102554,0.5959600055,0.6006945277,0.6124396706
5130,1.0,0.0,0.0,0.0,1.0,1.0,0.3365818836,0.3557040265,0.05328333378,0.05572998524,0.4656357,0.5918366434,0.6041669758,0.6048776784
5131,1.0,0.0,0.0,0.0,1.0,1.0,0.3342841888,0.3562022128,0.05301189423,0.05571657419,0.4675767918,0.5765309335,0.6089964238,0.6067959036
5132,1.0,0.0,0.0,0.0,1.0,1.0,0.3353945979,0.3547506758,0.05355000496,0.05597186089,0.4620573708,0.5728645845,0.6075084357,0.6057694356
5133,1.0,0.0,0.0,0.0,1.0,1.0,0.3320119166,0.3554713306,0.05311465263,0.05638325214,0.4667802166,0.5743595671,0.6082474111,0.6086955602
5134,1.0,0.0,0.0,0.0,1.0,1.0,0.3354174333,0.356456456,0.05354243517,0.05680394173,0.4701873636,0.5736046034,0.6109216434,0.612440347
5135,1.0,0.0,0.0,0.0,1.0,1.0,0.3365642315,0.3513395385,0.05379205942,0.05624955893,0.4735041922,0.5736032116,0.607508385,0.6165044171
5136,1.0,0.0,0.0,0.0,1.0,1.0,0.3286301904,0.3484449753,0.05321359634,0.05623084307,0.4694916568,0.5824742153,0.6054422447,0.619512252
5137,1.0,0.0,0.0,0.0,1.0,1.0,0.3280739304,0.3404877679,0.05325055122,0.05517196655,0.4703892122,0.5721650869,0.6033896048,0.6119397341
5138,1.0,0.0,0.0,0.0,1.0,1.0,0.3103443766,0.3253214438,0.05021190643,0.05237150192,0.4741236318,0.5806454293,0.6140938019,0.6134026368
5139,1.0,0.0,0.0,0.0,1.0,1.0,0.3049707147,0.3231527889,0.05003845692,0.05275791883,0.4776119674,0.5706522645,0.6133331727,0.6082478187
5140,1.0,0.0,0.0,0.0,1.0,1.0,0.3026595528,0.3259050211,0.04969221354,0.05324167013,0.4708818916,0.5714282287,0.6120401924,0.6205125794
5141,1.0,0.0,0.0,0.0,1.0,1.0,0.3034608386,0.3264844427,0.05011463165,0.05338299274,0.471947159,0.5815215323,0.6066666958,0.6173469046
5142,1.0,0.0,0.0,0.0,1.0,1.0,0.2978468164,0.3253218068,0.04959815741,0.05345582962,0.461920567,0.5888893295,0.6073826039,0.6237110298
5143,1.0,0.0,0.0,0.0,1.0,1.0,0.2864956925,0.3196867583,0.04746580124,0.05183047056,0.4678747173,0.6034477562,0.6060604278,0.626315735
5144,1.0,0.0,0.0,0.0,1.0,1.0,0.2883635919,0.3169370618,0.0485240221,0.0521081686,0.4655737444,0.5909092026,0.6006711933,0.619047619
5145,1.0,0.0,0.0,0.0,1.0,1.0,0.2908945206,0.3148240479,0.0482276082,0.05092185736,0.4715446468,0.5977654874,0.5966668693,0.6137567934
5146,1.0,0.0,0.0,0.0,1.0,1.0,0.2910993742,0.3193577916,0.04924124479,0.05279755592,0.4741100061,0.5944444646,0.6059601706,0.6062174586
5147,1.0,0.0,0.0,0.0,1.0,1.0,0.2836915316,0.3091920214,0.04769128561,0.05070626736,0.4698205439,0.5977001151,0.6053510271,0.6054048971
5148,1.0,0.0,0.0,0.0,1.0,1.0,0.2904781794,0.3152603352,0.04840618372,0.05141448975,0.471264337,0.5932207146,0.6040270075,0.6010640024
5149,1.0,0.0,0.0,0.0,1.0,1.0,0.2914353505,0.31232572,0.04812240601,0.0502974391,0.4794069282,0.604519669,0.5979728554,0.6054054567
5150,1.0,0.0,0.0,0.0,1.0,1.0,0.2869684008,0.3083024563,0.04723513126,0.0494068861,0.4686469041,0.5977016281,0.5932204777,0.6153840586
5151,1.0,0.0,0.0,0.0,1.0,1.0,0.2947284226,0.3144500471,0.04875767231,0.05039197206,0.4695223109,0.6145243748,0.5918364842,0.6108107405
5152,1.0,0.0,0.0,0.0,1.0,1.0,0.292799016,0.3146390692,0.04876697063,0.05094647408,0.4680851635,0.5977652675,0.592592579,0.604278494
5153,1.0,0.0,0.0,0.0,1.0,1.0,0.2904220353,0.3142060315,0.04842638969,0.05086129904,0.467532435,0.6033515496,0.5953179376,0.6010645591
5154,1.0,0.0,0.0,0.0,1.0,1.0,0.2954729781,0.3198212749,0.04955333471,0.05199038982,0.4701131827,0.6065576334,0.5999999267,0.6041669055
5155,1.0,0.0,0.0,0.0,1.0,1.0,0.304530028,0.3253999158,0.0505952239,0.05274826288,0.4667747722,0.6010635603,0.6013288548,0.5969384238
5156,1.0,0.0,0.0,0.0,1.0,1.0,0.2978791454,0.3196868549,0.04957294464,0.05146920681,0.4674266316,0.6065569631,0.6026936314,0.6
5157,1.0,0.0,0.0,0.0,1.0,1.0,0.2987021522,0.3259049978,0.04930704832,0.05197232962,0.4620355228,0.6054059608,0.5919731666,0.5948717302
5158,1.0,0.0,0.0,0.0,1.0,1.0,0.3088890717,0.3314817016,0.05090385675,0.0530359745,0.4692556769,0.6125663769,0.5966667648,0.5929651291
5159,1.0,0.0,0.0,0.0,1.0,1.0,0.2957698369,0.3320177959,0.04835939407,0.05207931995,0.4666667639,0.6098903537,0.60338977,0.5867345888
5160,1.0,0.0,0.0,0.0,1.0,1.0,0.2980212509,0.3302949526,0.04885792732,0.05209714174,0.4546952799,0.6132597292,0.5924657327,0.5906732491
5161,1.0,0.0,0.0,0.0,1.0,1.0,0.3026597279,0.3406401341,0.0493683219,0.05343711376,0.465890245,0.5989015566,0.5986159735,0.5837566339
5162,1.0,0.0,0.0,0.0,1.0,1.0,0.3068753919,0.3494551594,0.05016517639,0.05482536554,0.4681208662,0.6010928767,0.597902244,0.5899999674
5163,1.0,0.0,0.0,0.0,1.0,1.0,0.3063615501,0.3489281628,0.05016845465,0.05455482006,0.4673367026,0.6010928053,0.5929824602,0.587939402
5164,1.0,0.0,0.0,0.0,1.0,1.0,0.3075205029,0.3464963608,0.05020940304,0.0543025732,0.4648830243,0.603260547,0.5958185211,0.5929645704
5165,1.0,0.0,0.0,0.0,1.0,1.0,0.3093114228,0.3494550463,0.05106765032,0.05491143465,0.4692179767,0.5967741747,0.5944055997,0.5950007653
5166,1.0,0.0,0.0,0.0,1.0,1.0,0.3068757772,0.3454210684,0.04962027073,0.05341631174,0.4647649847,0.612021766,0.5964914309,0.5989854683
5167,1.0,0.0,0.0,0.0,1.0,1.0,0.3067427217,0.3471744318,0.05000549555,0.05440157652,0.4688026272,0.6098899462,0.6000000761,0.5959601493
5168,1.0,0.0,0.0,0.0,1.0,1.0,0.3036704483,0.3477079,0.05017030239,0.05485647917,0.4624374146,0.6098895355,0.5944057027,0.6030147587
5169,1.0,0.0,0.0,0.0,1.0,1.0,0.3030133996,0.3489281106,0.04966807365,0.05460745096,0.4539362848,0.6077353437,0.5929825216,0.597989873
5170,1.0,0.0,0.0,0.0,1.0,1.0,0.2908074914,0.3372242761,0.04731059074,0.05247670412,0.4581939959,0.6091957064,0.5944056989,0.5958555814
5171,1.0,0.0,0.0,0.0,1.0,1.0,0.2969959979,0.3436679011,0.04851198196,0.05341774225,0.4524206533,0.6011234851,0.5894733895,0.5918359832
5172,1.0,0.0,0.0,0.0,1.0,1.0,0.2889144089,0.3413586237,0.04727268219,0.05331915617,0.4571429092,0.5988369747,0.5950703459,0.5927838336
5173,1.0,0.0,0.0,0.0,1.0,1.0,0.2879187714,0.3424661805,0.04707640409,0.05302858353,0.4652318684,0.6034481667,0.5979019485,0.5918360924
5174,1.0,0.0,0.0,0.0,1.0,1.0,0.2850868564,0.3314299023,0.04702723026,0.05216234922,0.4704918125,0.5919534694,0.6082473173,0.580311242
5175,1.0,0.0,0.0,0.0,1.0,1.0,0.2978794499,0.3417335984,0.04973500967,0.05408340693,0.4706839091,0.5956280748,0.6013745135,0.587939416
5176,1.0,0.0,0.0,0.0,1.0,1.0,0.2906875127,0.3365818194,0.04829186201,0.05317527056,0.4722222147,0.5898879663,0.5945016313,0.5816330076
5177,1.0,0.0,0.0,0.0,1.0,1.0,0.2265399495,0.3044072167,0.03686010838,0.04688823223,0.4783333465,0.5882343429,0.5950706133,0.5895959342
5178,1.0,0.0,0.0,0.0,1.0,1.0,0.06952663778,0.3432045003,0.01102846861,0.0501793623,0.5008695198,0.674998784,0.5773587029,0.4945050899
5179,1.0,0.0,0.0,0.0,1.0,1.0,0.06778825233,0.3620619457,0.01056188345,0.05199694633,0.4921737983,0.5641002489,0.5547172302,0.4791658069
5180,1.0,0.0,0.0,0.0,1.0,1.0,0.07808133198,0.3762156004,0.0123013258,0.05412584543,0.4739583235,0.5999990309,0.543726398,0.4848488186
5181,1.0,0.0,0.0,0.0,1.0,1.0,0.08516983006,0.3858845954,0.01336878538,0.05456644297,0.4573913519,0.6530623164,0.5289573727,0.4949998525
5182,1.0,0.0,0.0,0.0,1.0,1.0,0.08833912007,0.3940105435,0.0140619278,0.05652326345,0.4488735283,0.6078416412,0.5192305455,0.4829268704
5183,1.0,0.0,0.0,0.0,1.0,1.0,0.09805224289,0.4020742636,0.01575475931,0.05804365873,0.4509466131,0.5964906307,0.5210729456,0.471428234
5184,1.0,0.0,0.0,0.0,1.0,1.0,0.09771558982,0.4141655681,0.01566976309,0.05855542421,0.4459692017,0.5964928964,0.5097274821,0.4835682519
5185,1.0,0.0,0.0,0.0,1.0,1.0,0.1230083496,0.3910027108,0.01950055361,0.05552232265,0.4615383892,0.6944446992,0.5343512027,0.5121952529
5186,1.0,0.0,0.0,0.0,1.0,1.0,0.2091855615,0.3465219392,0.03488951921,0.0526111722,0.4684385139,0.6507929457,0.5583941577,0.5999995468
5187,1.0,0.0,0.0,0.0,1.0,1.0,0.2825222135,0.3587280229,0.04770594835,0.05542707443,0.4624182303,0.6473981506,0.5642855159,0.6069649601
5188,1.0,0.0,0.0,0.0,1.0,1.0,0.295104099,0.3689696446,0.0488846302,0.05563670397,0.4551385983,0.662983998,0.5591396404,0.6213595249
5189,1.0,0.0,0.0,0.0,1.0,1.0,0.3222422835,0.3832984359,0.05417954922,0.05885493755,0.4451718181,0.6598986559,0.5555556849,0.6121496179
5190,1.0,0.0,0.0,0.0,1.0,1.0,0.3413527489,0.3827651846,0.05730378628,0.05950784683,0.4466338746,0.6634619585,0.5567373698,0.6203704817
5191,1.0,0.0,0.0,0.0,1.0,1.0,0.3424318598,0.3796464085,0.05733221769,0.05897808075,0.4426229275,0.6746417154,0.5583037676,0.6139538832
5192,1.0,0.0,0.0,0.0,1.0,1.0,0.3607258019,0.3845368691,0.05996131897,0.05968624353,0.4453641425,0.6651378153,0.5638297586,0.6082942452
5193,1.0,0.0,0.0,0.0,1.0,1.0,0.3545876,0.3769826243,0.05832886696,0.05832886696,0.445544619,0.6697666862,0.5649122739,0.6093025109
5194,1.0,0.0,0.0,0.0,1.0,1.0,0.3474878932,0.3721695344,0.05692374706,0.05773693323,0.451986739,0.6761907056,0.5734265116,0.6150237698
5195,1.0,0.0,0.0,0.0,1.0,1.0,0.3442338881,0.3717222469,0.05581128597,0.05715936422,0.4575707372,0.6521736344,0.5754387135,0.6084903152
5196,1.0,0.0,0.0,0.0,1.0,1.0,0.3424773441,0.3653130624,0.05617690086,0.05725723505,0.4514004172,0.6538463987,0.5689655959,0.6037734081
5197,1.0,0.0,0.0,0.0,1.0,1.0,0.3436618049,0.3683063354,0.05634021759,0.05797326565,0.44850492,0.6376804848,0.5674737903,0.5962442039
5198,1.0,0.0,0.0,0.0,1.0,1.0,0.338681483,0.3515277348,0.05564540625,0.05564534664,0.4368770743,0.6421572986,0.5517241379,0.5980393627
5199,1.0,0.0,0.0,0.0,1.0,1.0,0.3381951504,0.3434507798,0.05565702915,0.05538010597,0.4343433758,0.641790805,0.5567011834,0.5950002368
5200,1.0,0.0,0.0,0.0,1.0,1.0,0.3150782868,0.3337238357,0.05157792568,0.05351907015,0.4423730329,0.6290322581,0.5640138395,0.6010361944
5201,1.0,0.0,0.0,0.0,1.0,1.0,0.3037354643,0.3291264742,0.04965901375,0.05298805237,0.4312393569,0.6424586504,0.5586207663,0.6073305497
5202,1.0,0.0,0.0,0.0,1.0,1.0,0.3035846867,0.3172291297,0.04895102978,0.05115109682,0.4488054649,0.6067418193,0.5631400831,0.5913982379
5203,1.0,0.0,0.0,0.0,1.0,1.0,0.2954430146,0.3152605173,0.0477938652,0.05134433508,0.4442567997,0.5942859495,0.5536912543,0.6010633667
5204,1.0,0.0,0.0,0.0,1.0,1.0,0.2815097389,0.2968640299,0.04512453079,0.04806160927,0.426666684,0.5976324327,0.5445544554,0.6277773644
5205,1.0,0.0,0.0,0.0,1.0,1.0,0.2775310961,0.2906874676,0.04459959269,0.04725432396,0.4132231528,0.5892854995,0.5228759871,0.6292135682
5206,1.0,0.0,0.0,0.0,1.0,1.0,0.2807149685,0.2873796118,0.04582828283,0.04740858078,0.4059724554,0.5977010448,0.517571915,0.6499992456
5207,1.0,0.0,0.0,0.0,1.0,1.0,0.268024826,0.2776231241,0.04347938299,0.04583674669,0.4022616454,0.590361677,0.5238096613,0.6457147018
5208,1.0,0.0,0.0,0.0,1.0,1.0,0.2725021688,0.2717231895,0.04420483112,0.04524493217,0.4033681282,0.6058824164,0.5218752338,0.6724130663
5209,1.0,0.0,0.0,0.0,1.0,1.0,0.2688650748,0.268599703,0.04348319769,0.04451847076,0.4059247082,0.6071427103,0.524999973,0.6744191962
5210,1.0,0.0,0.0,0.0,1.0,1.0,0.2717711016,0.2623534445,0.04375255108,0.0434936285,0.4046660618,0.6035507312,0.5249999101,0.6726184114
5211,1.0,0.0,0.0,0.0,1.0,1.0,0.2674791383,0.2599793395,0.04323172569,0.04323166609,0.4134615606,0.6167669459,0.5327101966,0.67065808
5212,1.0,0.0,0.0,0.0,1.0,1.0,0.2683612438,0.2592888325,0.04265922308,0.04265916348,0.4141578992,0.6303033521,0.531446427,0.6727269171
5213,1.0,0.0,0.0,0.0,1.0,1.0,0.2667348422,0.2601072161,0.04273808002,0.04299867153,0.4141578799,0.6402445657,0.5331228384,0.6606062118
5214,1.0,0.0,0.0,0.0,1.0,1.0,0.2371832179,0.2284437431,0.03769344091,0.03743350506,0.4337153204,0.6620682458,0.5460319435,0.6875005971
5215,1.0,0.0,0.0,0.0,1.0,1.0,0.2204527829,0.2068907364,0.03504782915,0.03400164843,0.471605042,0.6567172048,0.5828024635,0.6846155599
5216,1.0,0.0,0.0,0.0,1.0,1.0,0.2154185623,0.1963189312,0.03423035145,0.03210753202,0.4703424373,0.6434118651,0.5779220424,0.6859516406
5217,1.0,0.0,0.0,0.0,1.0,1.0,0.20626073,0.181865651,0.03273510933,0.02954143286,0.481543658,0.6178869782,0.5868854384,0.6756768754
5218,1.0,0.0,0.0,0.0,1.0,1.0,0.2195112685,0.1930741556,0.03495585918,0.03151327372,0.4792013165,0.6136373712,0.5811688928,0.6806725868
5219,1.0,0.0,0.0,0.0,1.0,1.0,0.2336143526,0.2121003341,0.03768235445,0.03502869606,0.4716048749,0.6338039085,0.5819936097,0.6515151
5220,1.0,0.0,0.0,0.0,1.0,1.0,0.2431295716,0.2268575041,0.0387172699,0.0371581912,0.4661223929,0.6308715947,0.5809523844,0.6503494484
5221,1.0,0.0,0.0,0.0,1.0,1.0,0.2651253406,0.2561071046,0.04284179211,0.04258215427,0.4517684112,0.6606058161,0.5750000807,0.6524390756
5222,1.0,0.0,0.0,0.0,1.0,1.0,0.269602269,0.2630107711,0.0432575345,0.04351341724,0.4541102086,0.6568045625,0.5789472926,0.6411769863
5223,1.0,0.0,0.0,0.0,1.0,1.0,0.2798755062,0.2738408846,0.0450553894,0.04531139135,0.4463007681,0.6534083693,0.5758511791,0.6271186887
5224,1.0,0.0,0.0,0.0,1.0,1.0,0.284876467,0.2769350546,0.04649943113,0.0462411046,0.4457640186,0.6499998077,0.5758515125,0.6312849882
5225,1.0,0.0,0.0,0.0,1.0,1.0,0.2857827793,0.2764079606,0.04602622986,0.04551196098,0.4504792102,0.6480447868,0.5749998281,0.6271183555
5226,1.0,0.0,0.0,0.0,1.0,1.0,0.3011800386,0.2853342062,0.04866737127,0.04738658667,0.4544011777,0.6368427305,0.5771602712,0.6216222335
5227,1.0,0.0,0.0,0.0,1.0,1.0,0.3037672394,0.2835838183,0.04947865009,0.04742771387,0.4551180587,0.6373052376,0.5797543738,0.6162158086
5228,1.0,0.0,0.0,0.0,1.0,1.0,0.302670343,0.2805183239,0.04900574684,0.04670858383,0.4542586969,0.6354168187,0.5889571057,0.6229505896
5229,1.0,0.0,0.0,0.0,1.0,1.0,0.302525234,0.2831236361,0.04866164923,0.0466234684,0.453248876,0.6387426859,0.5851393861,0.6229513227
5230,1.0,0.0,0.0,0.0,1.0,1.0,0.2951265342,0.2739901079,0.04741990566,0.04511296749,0.450917798,0.6378388434,0.5794391035,0.6250003303
5231,1.0,0.0,0.0,0.0,1.0,1.0,0.3015075192,0.2864443012,0.04872262478,0.04743367434,0.4493215592,0.6507933401,0.5732085915,0.6304345914
5232,1.0,0.0,0.0,0.0,1.0,1.0,0.300391797,0.280217384,0.04863977432,0.04657000303,0.4532373452,0.6329787756,0.5732087484,0.6222215112
5233,1.0,0.0,0.0,0.0,1.0,1.0,0.3055412617,0.2898068063,0.04914110899,0.04784792662,0.4545454882,0.631579075,0.5736676912,0.62162179
5234,1.0,0.0,0.0,0.0,1.0,1.0,0.3028611465,0.2895581236,0.04923063517,0.0481942296,0.4609250679,0.6315783101,0.5856697262,0.5967745327
5235,1.0,0.0,0.0,0.0,1.0,1.0,0.3016585976,0.2926715777,0.04899019003,0.04847449064,0.450357452,0.6368425599,0.576324057,0.6223405106
5236,1.0,0.0,0.0,0.0,1.0,1.0,0.2976044855,0.2889010217,0.04804390669,0.04753005505,0.4458599185,0.6417114223,0.5718749174,0.6162157553
5237,1.0,0.0,0.0,0.0,1.0,1.0,0.2935313669,0.2844320931,0.04796284437,0.04718077183,0.439744684,0.6521735889,0.562893197,0.6243099088
5238,1.0,0.0,0.0,0.0,1.0,1.0,0.2971960402,0.286673636,0.04821109772,0.04743349552,0.4500399122,0.6290328962,0.5736678787,0.6229501811
5239,1.0,0.0,0.0,0.0,1.0,1.0,0.2940005263,0.2873395874,0.04744327068,0.04744327068,0.4484412412,0.6413037743,0.5687501963,0.6195654086
5240,1.0,0.0,0.0,0.0,1.0,1.0,0.2908048921,0.2860035569,0.04717040062,0.04717034101,0.4484412452,0.6428578649,0.5754718106,0.6263736958
5241,1.0,0.0,0.0,0.0,1.0,1.0,0.2807423202,0.2758710507,0.04538989067,0.04538983107,0.4510434298,0.6399996848,0.5741326807,0.6285719914
5242,1.0,0.0,0.0,0.0,1.0,1.0,0.2773110345,0.2792090225,0.04510354996,0.04588568211,0.4434644163,0.653178488,0.5650791601,0.6193179309
5243,1.0,0.0,0.0,0.0,1.0,1.0,0.280993512,0.2821767078,0.04554176331,0.04631799459,0.4504791798,0.653408615,0.5741322676,0.6368720619
5244,1.0,0.0,0.0,0.0,1.0,1.0,0.2828156343,0.2781464495,0.045568645,0.045568645,0.4516386431,0.6440684617,0.5754717118,0.6327684872
5245,1.0,0.0,0.0,0.0,1.0,1.0,0.2780223588,0.2750039904,0.04513096809,0.04539036751,0.4452437352,0.6551721405,0.5723272007,0.6342859844
5246,1.0,0.0,0.0,0.0,1.0,1.0,0.2805453322,0.2835406772,0.04546326399,0.04675477743,0.4497608091,0.647727228,0.5768026665,0.6353588343
5247,1.0,0.0,0.0,0.0,1.0,1.0,0.2900837318,0.2855545165,0.04749679565,0.04775631428,0.4544013476,0.6502728195,0.5776397161,0.6304351625
5248,1.0,0.0,0.0,0.0,1.0,1.0,0.281710921,0.2822496131,0.04617226124,0.04746925831,0.452098148,0.6516855528,0.5833334219,0.6338796236
5249,1.0,0.0,0.0,0.0,1.0,1.0,0.2894382498,0.2840029559,0.04692190886,0.04744040966,0.4527998991,0.651934214,0.5807456131,0.622951108
5250,1.0,0.0,0.0,0.0,1.0,1.0,0.278951241,0.2701619154,0.04539173841,0.04487299919,0.4513556368,0.657142632,0.5718750897,0.6358382347
5251,1.0,0.0,0.0,0.0,1.0,1.0,0.2793965862,0.2724338161,0.04556047916,0.04556053877,0.4712461148,0.6457145548,0.591900467,0.6228572475
5252,1.0,0.0,0.0,0.0,1.0,1.0,0.2839504779,0.2738411242,0.04611158371,0.04611164331,0.5088282607,0.6497174338,0.6315787797,0.6327678139
5253,1.0,0.0,0.0,0.0,1.0,1.0,0.2791738425,0.2729954901,0.04524749517,0.04576456547,0.5083798821,0.6399996312,0.6327160669,0.6271187103
5254,1.0,0.0,0.0,0.0,1.0,1.0,0.2837330761,0.2769348242,0.04589557648,0.04615336657,0.5071770189,0.6460675325,0.6346749259,0.6256985116
5255,1.0,0.0,0.0,0.0,1.0,1.0,0.283495379,0.2731394865,0.04604917765,0.04578906298,0.5176283067,0.6384179182,0.6366460091,0.6306818552
5256,1.0,0.0,0.0,0.0,1.0,1.0,0.2921692561,0.285334644,0.04761213064,0.04813247919,0.5127795406,0.6393435645,0.6327159491,0.6324317764
5257,1.0,0.0,0.0,0.0,1.0,1.0,0.2825731647,0.2755471737,0.04575657845,0.04601657391,0.5148594055,0.6420457802,0.6355141521,0.6214680777
5258,1.0,0.0,0.0,0.0,1.0,1.0,0.2892070179,0.281576623,0.04703450203,0.04729437828,0.5155875541,0.635359165,0.637771044,0.6208782207
5259,1.0,0.0,0.0,0.0,1.0,1.0,0.2883006671,0.2800293698,0.04677319527,0.04703301191,0.5144231343,0.6333335032,0.6346749907,0.6187853496
5260,1.0,0.0,0.0,0.0,1.0,1.0,0.2837229065,0.2753882014,0.04576146603,0.04602003098,0.5140335669,0.6384187561,0.6346749844,0.6123602491
5261,1.0,0.0,0.0,0.0,1.0,1.0,0.2844069306,0.2753878879,0.04570269585,0.04596090317,0.5144693905,0.6384180791,0.6346750542,0.6179775281
5262,1.0,0.0,0.0,0.0,1.0,1.0,0.2894381748,0.2807075709,0.04682588577,0.04708462954,0.5152000469,0.646408896,0.6358024757,0.6263733482
5263,1.0,0.0,0.0,0.0,1.0,1.0,0.2860137248,0.2777950947,0.04585081339,0.04610842466,0.5160771619,0.6404493214,0.6366457642,0.6256982229
5264,1.0,0.0,0.0,0.0,1.0,1.0,0.2775337215,0.2693200767,0.04517865181,0.04517865181,0.5136435473,0.6416186878,0.6323986255,0.6358387909
5265,1.0,0.0,0.0,0.0,1.0,1.0,0.2728686862,0.2679891199,0.04429268837,0.04455476999,0.4975767146,0.6390524661,0.6151418755,0.6411756443
5266,1.0,0.0,0.0,0.0,1.0,1.0,0.2579728744,0.2466777836,0.04160600901,0.04055935144,0.5097401868,0.6415097854,0.6242040202,0.6516129222
5267,1.0,0.0,0.0,0.0,1.0,1.0,0.2252031309,0.2050133292,0.03606510162,0.03369581699,0.5180921275,0.6277368644,0.6217946835,0.6640622512
5268,1.0,0.0,0.0,0.0,1.0,1.0,0.2197468943,0.2037077934,0.0351395607,0.03331750631,0.5146580181,0.6370364214,0.6273882983,0.671874413
5269,1.0,0.0,0.0,0.0,1.0,1.0,0.2273689001,0.2130217261,0.03644907475,0.03487569094,0.513911665,0.647483132,0.625000182,0.676692012
5270,1.0,0.0,0.0,0.0,1.0,1.0,0.2356409569,0.2275801565,0.03797250986,0.03744876385,0.5105691538,0.6413801872,0.6242036509,0.6573423568
5271,1.0,0.0,0.0,0.0,1.0,1.0,0.2410229216,0.2347897111,0.03919363022,0.0386710763,0.4935690781,0.6533335361,0.6095236338,0.6554047285
5272,1.0,0.0,0.0,0.0,1.0,1.0,0.239801947,0.2347893723,0.03883564472,0.03857493401,0.499194991,0.6577183165,0.6126983908,0.6689190024
5273,1.0,0.0,0.0,0.0,1.0,1.0,0.2466570628,0.2434949232,0.04017674923,0.0399159193,0.4999999543,0.6623386257,0.6178342166,0.6666666667
5274,1.0,0.0,0.0,0.0,1.0,1.0,0.2542579948,0.2546348671,0.04168975353,0.04195195436,0.5008000567,0.6540879964,0.6178344295,0.649999929
5275,1.0,0.0,0.0,0.0,1.0,1.0,0.2674787614,0.2689578914,0.04373860359,0.04426240921,0.5000000456,0.634730694,0.6082801798,0.6449703744
5276,1.0,0.0,0.0,0.0,1.0,1.0,0.2563084552,0.2619118813,0.04160749912,0.04265427589,0.4983870983,0.647798607,0.6109322829,0.6625765071
5277,1.0,0.0,0.0,0.0,1.0,1.0,0.2635181508,0.2674787074,0.04341971874,0.04421401024,0.4935691073,0.6463411956,0.6089742758,0.6526945704
5278,1.0,0.0,0.0,0.0,1.0,1.0,0.2518787575,0.2538774384,0.04126250744,0.04179149866,0.5008078262,0.6538460427,0.6141477167,0.6518993931
5279,1.0,0.0,0.0,0.0,1.0,1.0,0.2454204455,0.250664041,0.03999269009,0.0410451293,0.5056542835,0.6447375873,0.617363165,0.6602567733
5280,1.0,0.0,0.0,0.0,1.0,1.0,0.2233662756,0.2262579307,0.03617060184,0.03669863939,0.5089721749,0.6423352372,0.6156351804,0.6690650169
5281,1.0,0.0,0.0,0.0,1.0,1.0,0.1186073775,0.1284008681,0.01835048199,0.01996970177,0.5392669512,0.5147075064,0.6145835449,0.6621616781
5282,1.0,0.0,0.0,0.0,1.0,1.0,0.09871009021,0.136448718,0.01521855593,0.02092558146,0.5079364343,0.3750004896,0.5673757156,0.4155859323
5283,1.0,0.0,0.0,0.0,1.0,1.0,0.1403612621,0.1575392985,0.02213311195,0.02479982376,0.5313027686,0.6265067379,0.616948901,0.6559153223
5284,1.0,0.0,0.0,0.0,1.0,1.0,0.2084221116,0.2233852375,0.03371632099,0.0358402133,0.5221673665,0.6535429034,0.6258278047,0.6592593701
5285,1.0,0.0,0.0,0.0,1.0,1.0,0.2474505078,0.2547281992,0.04107964039,0.04187989235,0.5160771453,0.6298704879,0.6266234378,0.6687891744
5286,1.0,0.0,0.0,0.0,1.0,1.0,0.2598229595,0.2699457228,0.04292714596,0.04424393177,0.5071770339,0.6196309904,0.6205787746,0.6607134678
5287,1.0,0.0,0.0,0.0,1.0,1.0,0.2651417514,0.2722837634,0.04419887066,0.04499286413,0.5059570132,0.6287425796,0.6217948209,0.6705883911
5288,1.0,0.0,0.0,0.0,1.0,1.0,0.2737326088,0.2795867515,0.04527264833,0.04579907656,0.5031846617,0.6220928472,0.6173634798,0.6609195178
5289,1.0,0.0,0.0,0.0,1.0,1.0,0.2755988467,0.2841864242,0.0458843708,0.0469391942,0.5039620297,0.6149423496,0.6166132583,0.6685396611
5290,1.0,0.0,0.0,0.0,1.0,1.0,0.2803502881,0.2841863618,0.04659163952,0.04685491323,0.4976228553,0.6214694542,0.6134187717,0.6685387898
5291,1.0,0.0,0.0,0.0,1.0,1.0,0.2732974281,0.2779799219,0.04550874233,0.04577332735,0.4976152114,0.6279066417,0.610932576,0.6763014211
5292,1.0,0.0,0.0,0.0,1.0,1.0,0.2776227702,0.2860139855,0.04598557949,0.04677391052,0.4984126858,0.6114282381,0.6077170301,0.6685394833
5293,1.0,0.0,0.0,0.0,1.0,1.0,0.2780638972,0.2846308024,0.04610466957,0.04636818171,0.5071541847,0.6114287118,0.6213592837,0.6704545016
5294,1.0,0.0,0.0,0.0,1.0,1.0,0.2780641883,0.2846305092,0.04642355442,0.04668879509,0.4992050609,0.6114285274,0.6181229985,0.6704540232
5295,1.0,0.0,0.0,0.0,1.0,1.0,0.2735817436,0.2846307521,0.04563510418,0.04642641544,0.5,0.6184971853,0.6181230448,0.6704544579
5296,1.0,0.0,0.0,0.0,1.0,1.0,0.2770106684,0.2885485817,0.04645109177,0.04724287987,0.5007873701,0.602272494,0.6161289324,0.6648036094
5297,1.0,0.0,0.0,0.0,1.0,1.0,0.2747281358,0.2846307823,0.04635345936,0.04688626528,0.4992100986,0.609195018,0.6148866682,0.6647724889
5298,1.0,0.0,0.0,0.0,1.0,1.0,0.2794646771,0.2883004155,0.04688483477,0.04767948389,0.5071089054,0.6101688666,0.6185897471,0.6777776528
5299,1.0,0.0,0.0,0.0,1.0,1.0,0.2821767758,0.2953624445,0.04757815599,0.04917299747,0.511040976,0.5977645513,0.6230033607,0.6486485831
5300,1.0,0.0,0.0,0.0,1.0,1.0,0.2787668507,0.2885485329,0.04654824734,0.04734164476,0.5071314982,0.6022728728,0.6193548082,0.6648053977
5301,1.0,0.0,0.0,0.0,1.0,1.0,0.2807956566,0.292717028,0.04709172249,0.04815596342,0.5079365926,0.6045201173,0.6213594379,0.6685080138
5302,1.0,0.0,0.0,0.0,1.0,1.0,0.2873591144,0.2988686284,0.04857462645,0.04964226484,0.4992101518,0.6043951324,0.61414803,0.661289606
5303,1.0,0.0,0.0,0.0,1.0,1.0,0.2782446058,0.2913679391,0.04634010792,0.04767167568,0.5087999834,0.5977017408,0.6188924785,0.664804113
5304,1.0,0.0,0.0,0.0,1.0,1.0,0.2778001704,0.2901604591,0.0461025238,0.04769223928,0.504792406,0.6149427516,0.6225806756,0.6666670833
5305,1.0,0.0,0.0,0.0,1.0,1.0,0.280600325,0.2963088853,0.04719436169,0.04905033112,0.5031546672,0.6067416866,0.6185897344,0.6594598798
5306,1.0,0.0,0.0,0.0,1.0,1.0,0.2807957528,0.2991854795,0.04666560888,0.04877471924,0.4999998655,0.6101691235,0.618123027,0.6594590763
5307,1.0,0.0,0.0,0.0,1.0,1.0,0.285780371,0.2963088878,0.04777681828,0.04883265495,0.4976303723,0.6132601096,0.6185897772,0.6540543114
5308,1.0,0.0,0.0,0.0,1.0,1.0,0.2893955279,0.3034018306,0.04860979319,0.04967224598,0.5015821996,0.6120225079,0.6168832942,0.6577537733
5309,1.0,0.0,0.0,0.0,1.0,1.0,0.2873794477,0.3030564211,0.04785776138,0.04998475313,0.5015973429,0.6,0.6161288947,0.6489360307
5310,1.0,0.0,0.0,0.0,1.0,1.0,0.284407204,0.2972196706,0.04677671194,0.04809808731,0.501607798,0.6101699451,0.6176470588,0.6593403325
5311,1.0,0.0,0.0,0.0,1.0,1.0,0.2667372547,0.2910830764,0.04322975874,0.04616510868,0.4892916177,0.6419744235,0.6161615858,0.6589599779
5312,1.0,0.0,0.0,0.0,1.0,1.0,0.2798436857,0.3025521921,0.04501795769,0.0476976037,0.4883333006,0.624999338,0.6122448054,0.6516851967
5313,1.0,0.0,0.0,0.0,1.0,1.0,0.2774368984,0.297131236,0.04413187504,0.04679042101,0.4949832337,0.6144582056,0.6216215602,0.6477268529
5314,1.0,0.0,0.0,0.0,1.0,1.0,0.2750139848,0.2981384074,0.04355955124,0.04674685001,0.4932887049,0.6219513196,0.6169489283,0.6590907352
5315,1.0,0.0,0.0,0.0,1.0,1.0,0.2855547174,0.3018796283,0.04524129629,0.04710423946,0.4907562456,0.6176466326,0.6143343145,0.6610167561
5316,1.0,0.0,0.0,0.0,1.0,1.0,0.2776227281,0.2984683075,0.04381042719,0.0464656353,0.4898989212,0.6242427046,0.6143344148,0.6628564172
5317,1.0,0.0,0.0,0.0,1.0,1.0,0.2874875126,0.3080471438,0.04540812969,0.04807919264,0.4957698423,0.611764953,0.6164383719,0.6500003099
5318,1.0,0.0,0.0,0.0,1.0,1.0,0.2751842445,0.3050023053,0.04328256845,0.04700011015,0.4898648732,0.6196311837,0.6137929114,0.6440672592
5319,1.0,0.0,0.0,0.0,1.0,1.0,0.2676473192,0.2988021915,0.04235041142,0.04663902521,0.4949152351,0.6329107332,0.6151203327,0.64367844
5320,1.0,0.0,0.0,0.0,1.0,1.0,0.2656098977,0.2939535289,0.04134190083,0.04505205154,0.5025553774,0.6282060894,0.6262978753,0.6411765328
5321,1.0,0.0,0.0,0.0,1.0,1.0,0.271643154,0.2967093836,0.04239404202,0.04559361935,0.4940171051,0.6352203292,0.6215275219,0.6491226694
5322,1.0,0.0,0.0,0.0,1.0,1.0,0.2745908852,0.3029670046,0.04301154613,0.04648452997,0.4863482537,0.6335395378,0.6132405129,0.6551730328
5323,1.0,0.0,0.0,0.0,1.0,1.0,0.288463579,0.3067255513,0.04557341337,0.0477181077,0.4872665945,0.6294116493,0.6172414137,0.6573034199
5324,1.0,0.0,0.0,0.0,1.0,1.0,0.2765856512,0.302599417,0.04356062412,0.04676759243,0.488964311,0.6319028059,0.619377192,0.6457145406
5325,1.0,0.0,0.0,0.0,1.0,1.0,0.2843386586,0.2988024648,0.04457598925,0.04644447565,0.5008518438,0.628742507,0.621993172,0.6436783969
5326,1.0,0.0,0.0,0.0,1.0,1.0,0.2838551737,0.2933515172,0.04445266724,0.04578357935,0.4914966232,0.6347305951,0.6109213453,0.6511630329
5327,1.0,0.0,0.0,0.0,1.0,1.0,0.2860415166,0.2920664349,0.04460680485,0.0459343195,0.485519487,0.6369040779,0.6216215192,0.6647401544
5328,1.0,0.0,0.0,0.0,1.0,1.0,0.2899406881,0.2927659257,0.04518592358,0.04624909163,0.5034130737,0.641176424,0.6296298672,0.6436783683
5329,1.0,0.0,0.0,0.0,1.0,1.0,0.283347097,0.2793053463,0.04355025291,0.04381418228,0.4862543199,0.6363631387,0.6195287283,0.6506026555
5330,1.0,0.0,0.0,0.0,1.0,1.0,0.2747607168,0.2698491514,0.04299867153,0.04353612661,0.4879726153,0.6687501213,0.6200000517,0.6666662103
5331,1.0,0.0,0.0,0.0,1.0,1.0,0.2950572088,0.2872147988,0.04780209064,0.04780203104,0.5051195343,0.6647397835,0.6345513689,0.6589599556
5332,1.0,0.0,0.0,0.0,1.0,1.0,0.2787153098,0.275765919,0.04675030708,0.04732394218,0.5124038511,0.6564423592,0.6354514899,0.6606067781
5333,1.0,0.0,0.0,0.0,1.0,1.0,0.2803714289,0.2788765329,0.05011242628,0.0509967804,0.5033002745,0.6352945654,0.6322581045,0.6242776864
5334,1.0,0.0,0.0,0.0,1.0,1.0,0.2843386874,0.2703409548,0.0511841774,0.05057120323,0.5076660833,0.6167657279,0.6196719243,0.6303032375
5335,1.0,0.0,0.0,0.0,1.0,1.0,0.2962572054,0.2736177217,0.05300235748,0.05087006092,0.5298125571,0.614943007,0.6393441572,0.5928141748
5336,1.0,0.0,0.0,0.0,1.0,1.0,0.2938468752,0.2680165622,0.0514819026,0.04925739765,0.5372051967,0.6296301013,0.6401383668,0.6258056007
5337,1.0,0.0,0.0,0.0,1.0,1.0,0.2907464817,0.268815395,0.05039572716,0.04913586378,0.5290909393,0.6187498522,0.6482759205,0.6089744445
5338,1.0,0.0,0.0,0.0,1.0,1.0,0.2974309381,0.2700245973,0.04683834314,0.04480189085,0.5046210941,0.614906524,0.6385964559,0.603895957
5339,1.0,0.0,0.0,0.0,1.0,1.0,0.2994582024,0.2694923784,0.04670584202,0.04407864809,0.5093632519,0.624999681,0.632142796,0.596025514
5340,1.0,0.0,0.0,0.0,1.0,1.0,0.2980154767,0.26291953,0.04974663258,0.04580330849,0.512727324,0.6341464876,0.620208946,0.6092716266
5341,1.0,0.0,0.0,0.0,1.0,1.0,0.2900414979,0.2612577113,0.04763662815,0.0452092886,0.5249537539,0.6433115201,0.6385965879,0.6107390248
5342,1.0,0.0,0.0,0.0,1.0,1.0,0.2909767657,0.2662873834,0.04774224758,0.04566651583,0.5244123095,0.64596333,0.6470587009,0.6168827016
5343,1.0,0.0,0.0,0.0,1.0,1.0,0.2951623207,0.2577507951,0.04734790325,0.04405152798,0.5252335292,0.645570178,0.6421052044,0.6394551472
5344,1.0,0.0,0.0,0.0,1.0,1.0,0.2888120762,0.24631641,0.04559034109,0.04169118404,0.5266159303,0.6315783281,0.6666666667,0.6474819218
5345,1.0,0.0,0.0,0.0,1.0,1.0,0.2903406329,0.2516200895,0.04419791698,0.04051476717,0.5102420899,0.6153849266,0.65492964,0.6153841627
5346,1.0,0.0,0.0,0.0,1.0,1.0,0.2973856923,0.2578062576,0.04543286562,0.04198223352,0.5291901374,0.5949370078,0.6784450331,0.5958897983
5347,1.0,0.0,0.0,0.0,1.0,1.0,0.2979467677,0.2622648162,0.04695010185,0.04397857189,0.5283018261,0.6075953545,0.6737587316,0.6081090971
5348,1.0,0.0,0.0,0.0,1.0,1.0,0.2871745186,0.2543383524,0.04459071159,0.04165709019,0.5274100751,0.5986836125,0.6738352363,0.6197184106
5349,1.0,0.0,0.0,0.0,1.0,1.0,0.2869118438,0.2626272597,0.04323613644,0.04123187065,0.5266159463,0.6158934189,0.6642337235,0.6041667871
5350,1.0,0.0,0.0,0.0,1.0,1.0,0.2801327106,0.2524722269,0.04526633024,0.04234594107,0.5153707389,0.6322581155,0.6480836088,0.6137938509
5351,1.0,0.0,0.0,0.0,1.0,1.0,0.2717624895,0.2498602561,0.04398870468,0.04196286201,0.5152056461,0.6381583939,0.6586207325,0.6137936422
5352,1.0,0.0,0.0,0.0,1.0,1.0,0.2716068033,0.244761277,0.04425883293,0.04165536165,0.5133214589,0.6339873946,0.6530612102,0.6388881337
5353,1.0,0.0,0.0,0.0,1.0,1.0,0.2780136757,0.2540951834,0.04555946589,0.04325264692,0.52464783,0.6455693056,0.6508474695,0.6133335354
5354,1.0,0.0,0.0,0.0,1.0,1.0,0.2741834619,0.2438911475,0.04676514864,0.0431445837,0.5132743734,0.6451607147,0.6450510899,0.6153850405
5355,1.0,0.0,0.0,0.0,1.0,1.0,0.2661654569,0.2397308279,0.04442155361,0.04177385569,0.5079364016,0.6423846391,0.648648547,0.6056340239
5356,1.0,0.0,0.0,0.0,1.0,1.0,0.271778004,0.2456541423,0.04465317726,0.04206043482,0.5070175501,0.6322581679,0.6531989029,0.6164382979
5357,1.0,0.0,0.0,0.0,1.0,1.0,0.2667489812,0.2465288928,0.04470896721,0.04296702147,0.5077989614,0.6168829957,0.6499998119,0.5945951195
5358,1.0,0.0,0.0,0.0,1.0,1.0,0.2503107524,0.2291822665,0.04057270288,0.03882133961,0.5027027484,0.6043173394,0.6620688102,0.6165413303
5359,1.0,0.0,0.0,0.0,1.0,1.0,0.2557554813,0.2386981331,0.0403598547,0.03978735209,0.4990926053,0.6170210566,0.6563573773,0.6187056287
5360,1.0,0.0,0.0,0.0,1.0,1.0,0.2583837245,0.2481608972,0.04164034128,0.04221868515,0.5062837365,0.618055307,0.6530613174,0.6095887123
5361,1.0,0.0,0.0,0.0,1.0,1.0,0.2565890163,0.2413617769,0.04100084305,0.04071414471,0.5026929761,0.6153849509,0.6462585515,0.6126765924
5362,1.0,0.0,0.0,0.0,1.0,1.0,0.2674819152,0.2550298139,0.04227268696,0.04227262735,0.5081374932,0.6283780164,0.6482758571,0.6013519134
5363,1.0,0.0,0.0,0.0,1.0,1.0,0.2717624121,0.2584174853,0.04398936033,0.04369997978,0.5223613189,0.6118419715,0.6575341983,0.6092715954
5364,1.0,0.0,0.0,0.0,1.0,1.0,0.2740118904,0.2607970593,0.04483437538,0.04454702139,0.5184534165,0.6282046169,0.6498314219,0.6129024921
5365,1.0,0.0,0.0,0.0,1.0,1.0,0.2756467051,0.2566134609,0.04437106848,0.04351228476,0.5106761199,0.619354856,0.6486485536,0.6118422224
5366,1.0,0.0,0.0,0.0,1.0,1.0,0.2804828395,0.2668577456,0.04581272602,0.04552274942,0.5150976062,0.6202534445,0.6428572676,0.5987260146
5367,1.0,0.0,0.0,0.0,1.0,1.0,0.2753379638,0.2643576028,0.04638999701,0.04669129848,0.5169947462,0.6168830585,0.6450511116,0.6064517776
5368,1.0,0.0,0.0,0.0,1.0,1.0,0.2665180195,0.2524544129,0.04199934006,0.04143178463,0.5189189981,0.6216223504,0.6505189206,0.6095898491
5369,1.0,0.0,0.0,0.0,1.0,1.0,0.270943812,0.2593053571,0.0440710187,0.0440710187,0.5134650341,0.6158936636,0.6460481823,0.60927198
5370,1.0,0.0,0.0,0.0,1.0,1.0,0.2681865275,0.2498605564,0.04328238964,0.04183965921,0.5152057944,0.6133334619,0.644827558,0.606896758
5371,1.0,0.0,0.0,0.0,1.0,1.0,0.2685334185,0.2610224431,0.04320007563,0.04348611832,0.517793636,0.6026488147,0.6357386398,0.5921055517
5372,1.0,0.0,0.0,0.0,1.0,1.0,0.2614195578,0.2524014557,0.0457021594,0.04632401466,0.517793589,0.6190478054,0.6305083766,0.5906035605
5373,1.0,0.0,0.0,0.0,1.0,1.0,0.2720901145,0.2626517008,0.04766666889,0.04797816277,0.5142349343,0.6209144769,0.6348121998,0.5909098815
5374,1.0,0.0,0.0,0.0,1.0,1.0,0.2799154185,0.2696090558,0.04628032446,0.04657703638,0.5152604202,0.6282051117,0.6323024517,0.5923566064
5375,1.0,0.0,0.0,0.0,1.0,1.0,0.2712512557,0.2602714931,0.04299348593,0.04328203201,0.5100181963,0.6174493388,0.6354166107,0.5933330763
5376,1.0,0.0,0.0,0.0,1.0,1.0,0.2789139463,0.2736566017,0.0472239852,0.04873758554,0.5134169033,0.6282054357,0.6292517826,0.5962740971
5377,1.0,0.0,0.0,0.0,1.0,1.0,0.2728970671,0.2669742175,0.0475462079,0.04816371202,0.5141843917,0.6233764117,0.6335616122,0.5961539651
5378,1.0,0.0,0.0,0.0,1.0,1.0,0.2640367189,0.2532832078,0.04568046331,0.04537391663,0.5124114046,0.6174498396,0.6301370045,0.6081080016
5379,1.0,0.0,0.0,0.0,1.0,1.0,0.2662810039,0.2584172722,0.04651778936,0.04682791233,0.5026642123,0.6066662481,0.6301370269,0.5827819796
5380,1.0,0.0,0.0,0.0,1.0,1.0,0.2711530744,0.2557494954,0.04958748817,0.04831600189,0.5113043868,0.5961535688,0.6296297348,0.5657888893
5381,1.0,0.0,0.0,0.0,1.0,1.0,0.2706452392,0.2609463709,0.04726314545,0.04726314545,0.5079646314,0.6143788212,0.6348121777,0.6013072802
5382,1.0,0.0,0.0,0.0,1.0,1.0,0.2725751004,0.2634580257,0.04786002636,0.04848557711,0.5115864056,0.6078425023,0.6360542169,0.5935487361
5383,1.0,0.0,0.0,0.0,1.0,1.0,0.2611155751,0.2472847572,0.04270493984,0.04241043329,0.5153153066,0.6137926222,0.6357388543,0.5972223198
5384,1.0,0.0,0.0,0.0,1.0,1.0,0.2616719193,0.2576957817,0.04275369644,0.04394131899,0.5218182143,0.6041659696,0.6411149655,0.5945947779
5385,1.0,0.0,0.0,0.0,1.0,1.0,0.2608034082,0.2507251703,0.04303067923,0.04363250732,0.5273722829,0.6223773608,0.6435984476,0.6068969663
5386,1.0,0.0,0.0,0.0,1.0,1.0,0.249860473,0.2411847297,0.03925961256,0.04042285681,0.5481481109,0.6222233693,0.6562501556,0.6187046859
5387,1.0,0.0,0.0,0.0,1.0,1.0,0.255412974,0.2489898304,0.03889340162,0.04030257463,0.5518517522,0.6014500638,0.6585367021,0.5944066907
5388,1.0,0.0,0.0,0.0,1.0,1.0,0.2665179217,0.2533550138,0.04221379757,0.04250693321,0.5462963547,0.6111122093,0.6608390528,0.6137940512
5389,1.0,0.0,0.0,0.0,1.0,1.0,0.2642846372,0.258596814,0.04032534361,0.04202920198,0.5567971318,0.6126758377,0.6608392506,0.6013503835
5390,1.0,0.0,0.0,0.0,1.0,1.0,0.2624231196,0.2489897221,0.04161399603,0.04220426083,0.553072717,0.6241128555,0.6655051811,0.6293699775
5391,1.0,0.0,0.0,0.0,1.0,1.0,0.2737682238,0.2568986901,0.04331111908,0.04331111908,0.5459663042,0.6027400088,0.6690138405,0.6164386766
5392,1.0,0.0,0.0,0.0,1.0,1.0,0.2712240072,0.2542133789,0.04224586487,0.04224586487,0.5446097152,0.6095887512,0.6689894096,0.6301370829
5393,1.0,0.0,0.0,0.0,1.0,1.0,0.2702193013,0.2481371237,0.04274576902,0.04216021299,0.5462962335,0.6301371391,0.6655171869,0.6250001767
5394,1.0,0.0,0.0,0.0,1.0,1.0,0.2628160356,0.2411845182,0.04116725922,0.04029750824,0.5388888942,0.6056333542,0.6597221355,0.6330937167
5395,1.0,0.0,0.0,0.0,1.0,1.0,0.2794735387,0.2568011599,0.04280340672,0.04195302725,0.5462962377,0.5960268589,0.6562500912,0.6081082041
5396,1.0,0.0,0.0,0.0,1.0,1.0,0.2837243554,0.2601286531,0.04542958736,0.04455029964,0.5531135361,0.5935485225,0.6609588457,0.6052633691
5397,1.0,0.0,0.0,0.0,1.0,1.0,0.2744294261,0.2498604299,0.04293549061,0.04177504778,0.5417439883,0.6013524207,0.6562500668,0.6180555853
5398,1.0,0.0,0.0,0.0,1.0,1.0,0.2729103593,0.2464140639,0.04281020164,0.04136389494,0.5405904839,0.60810792,0.655172426,0.6223775921
5399,1.0,0.0,0.0,0.0,1.0,1.0,0.269366314,0.249860147,0.04246258736,0.04216969013,0.5464683586,0.6275863134,0.6562500883,0.6388895956
5400,1.0,0.0,0.0,0.0,1.0,1.0,0.2685065641,0.2455073449,0.04329329729,0.04239135981,0.5429104757,0.604166638,0.6550523923,0.6170211569
5401,1.0,0.0,0.0,0.0,1.0,1.0,0.2739212123,0.2533309238,0.04252016544,0.04194557667,0.5481481702,0.5945946704,0.6527779178,0.6027396871
5402,1.0,0.0,0.0,0.0,1.0,1.0,0.2734146982,0.2542131623,0.04383206367,0.04323971272,0.5545286424,0.5945946313,0.6550522904,0.6027401226
5403,1.0,0.0,0.0,0.0,1.0,1.0,0.2698678845,0.2594371834,0.04233300686,0.04350084066,0.5456238232,0.586207285,0.6480837339,0.6040259077
5404,1.0,0.0,0.0,0.0,1.0,1.0,0.2744294391,0.2672120335,0.04263114929,0.04435944557,0.5640074575,0.5743241354,0.6631944532,0.5909089688
5405,1.0,0.0,0.0,0.0,1.0,1.0,0.2715674192,0.2672115964,0.04267650843,0.04470866919,0.5526801852,0.5782319101,0.6527777877,0.5909087879
5406,1.0,0.0,0.0,0.0,1.0,1.0,0.272070206,0.2472487209,0.04190838337,0.04048293829,0.5425924962,0.5918367927,0.6445992803,0.6056337613
5407,1.0,0.0,0.0,0.0,1.0,1.0,0.2764809113,0.2576955789,0.0423861146,0.0423861146,0.5532711098,0.5945950127,0.6480836111,0.5945950127
5408,1.0,0.0,0.0,0.0,1.0,1.0,0.282370194,0.2645584318,0.0434165597,0.04370224476,0.5446096462,0.5855254397,0.6470590146,0.588234893
5409,1.0,0.0,0.0,0.0,1.0,1.0,0.2720598912,0.2489899108,0.0410426259,0.04075759649,0.5463137851,0.5972224038,0.6515680052,0.6083922322
5410,1.0,0.0,0.0,0.0,1.0,1.0,0.2690087321,0.2542440348,0.04200488329,0.04229658842,0.5495326678,0.5763893717,0.6526315488,0.5999994363
5411,1.0,0.0,0.0,0.0,1.0,1.0,0.2681429217,0.2559973509,0.04057455063,0.04142576456,0.5440901084,0.5944062827,0.6456140118,0.6095892283
5412,1.0,0.0,0.0,0.0,1.0,1.0,0.2671406632,0.2516079403,0.04086887836,0.04115468264,0.5476635672,0.6013992235,0.6503494286,0.6041659123
5413,1.0,0.0,0.0,0.0,1.0,1.0,0.2688666713,0.2524723819,0.04237526655,0.04237526655,0.5510204101,0.5655168728,0.6550522957,0.5793098986
5414,1.0,0.0,0.0,0.0,1.0,1.0,0.2686469741,0.2542746877,0.04122525454,0.0415135026,0.5469924401,0.5944060898,0.6501767558,0.604167235
5415,1.0,0.0,0.0,0.0,1.0,1.0,0.2676406578,0.2551393148,0.04148048162,0.04206067324,0.5374532397,0.5874121855,0.6408450832,0.5931034874
5416,1.0,0.0,0.0,0.0,1.0,1.0,0.270876458,0.2551392894,0.04182261229,0.04182267189,0.5457943458,0.5793104136,0.6443660807,0.600000285
5417,1.0,0.0,0.0,0.0,1.0,1.0,0.2695123967,0.2455075413,0.04143065214,0.04056751728,0.5449438872,0.6041669364,0.6515680184,0.6099293281
5418,1.0,0.0,0.0,0.0,1.0,1.0,0.2752622189,0.2542134617,0.04254883528,0.04169213772,0.5397412766,0.5973165268,0.6550521926,0.595890078
5419,1.0,0.0,0.0,0.0,1.0,1.0,0.2754514129,0.2576957754,0.04211312532,0.04211312532,0.547486101,0.6013508063,0.6515677498,0.6013522216
5420,1.0,0.0,0.0,0.0,1.0,1.0,0.2767971429,0.2681432501,0.04257667065,0.04400545359,0.5408921823,0.604026498,0.641114894,0.6038963062
5421,1.0,0.0,0.0,0.0,1.0,1.0,0.2752621722,0.2619230734,0.04224467278,0.04309529066,0.5378927364,0.5906034303,0.6482758995,0.5921047718
5422,1.0,0.0,0.0,0.0,1.0,1.0,0.2729107159,0.2550657516,0.04233002663,0.04204392433,0.5369004739,0.5945943282,0.6493053835,0.6054424565
5423,1.0,0.0,0.0,0.0,1.0,1.0,0.2688662742,0.2541830543,0.04249602556,0.04308217764,0.5528756858,0.5931034483,0.6539792996,0.6054421769
5424,1.0,0.0,0.0,0.0,1.0,1.0,0.273081379,0.2498607339,0.04273498058,0.04157221317,0.5464683194,0.6054417594,0.6608391646,0.6013984911
5425,1.0,0.0,0.0,0.0,1.0,1.0,0.2762836297,0.2524541544,0.04248934984,0.04163384438,0.5417439514,0.597315295,0.6470589724,0.6027401575
5426,1.0,0.0,0.0,0.0,1.0,1.0,0.273242129,0.2620064555,0.04203248024,0.0425966382,0.5504586774,0.5973158931,0.652777737,0.6092719124
5427,1.0,0.0,0.0,0.0,1.0,1.0,0.2692223454,0.2515836775,0.0421102047,0.0421102047,0.5461254265,0.5958906824,0.6551726225,0.6095879359
5428,1.0,0.0,0.0,0.0,1.0,1.0,0.2710663472,0.2550298595,0.04324513674,0.04353928566,0.5369003805,0.5918366222,0.6517242764,0.6148647169
5429,1.0,0.0,0.0,0.0,1.0,1.0,0.2661457346,0.2498608094,0.04090744257,0.04119354486,0.5437616367,0.6013990701,0.6527777376,0.6041660336
5430,1.0,0.0,0.0,0.0,1.0,1.0,0.2582829246,0.2402168566,0.03967028856,0.03938281536,0.5486891469,0.594203051,0.6561403751,0.6204372713
5431,1.0,0.0,0.0,0.0,1.0,1.0,0.2578001304,0.2419703624,0.0403971076,0.0403971076,0.5476635697,0.6014494999,0.65614054,0.6159415479
5432,1.0,0.0,0.0,0.0,1.0,1.0,0.2596681894,0.2393768057,0.03908813,0.03852570057,0.5439253476,0.5899281782,0.6573427506,0.6058398339
5433,1.0,0.0,0.0,0.0,1.0,1.0,0.2690088295,0.2568988027,0.04196846485,0.04255133867,0.5439252483,0.6041663708,0.6478872124,0.6027387858
5434,1.0,0.0,0.0,0.0,1.0,1.0,0.266768456,0.2472302402,0.04082322121,0.0405356884,0.5413533952,0.5915491313,0.6596492631,0.6099288903
5435,1.0,0.0,0.0,0.0,1.0,1.0,0.2630110427,0.2542441987,0.04012030363,0.04155319929,0.5375940015,0.5999997029,0.6421051211,0.6068963934
5436,1.0,0.0,0.0,0.0,1.0,1.0,0.2658890963,0.2516200274,0.0405908823,0.04116666317,0.5471698463,0.5957442122,0.6549297032,0.608391659
5437,1.0,0.0,0.0,0.0,1.0,1.0,0.2653882725,0.2445816186,0.03923594952,0.03867942095,0.5423728438,0.5815607577,0.6514084494,0.5971217368
5438,1.0,0.0,0.0,0.0,1.0,1.0,0.2569453853,0.2410001561,0.03939515352,0.03939515352,0.550094536,0.5955872007,0.6560285317,0.6176466583
5439,1.0,0.0,0.0,0.0,1.0,1.0,0.2670119002,0.2533550519,0.04116392136,0.04144984484,0.5435992378,0.5972219004,0.6503496045,0.6137920919
5440,1.0,0.0,0.0,0.0,1.0,1.0,0.2690084255,0.2516200915,0.04101705551,0.04073226452,0.5514018527,0.5972227066,0.6549297175,0.6083915982
5441,1.0,0.0,0.0,0.0,1.0,1.0,0.2710350161,0.2551022706,0.04061859846,0.04118275642,0.544256116,0.5902780325,0.6468531275,0.6095896557
5442,1.0,0.0,0.0,0.0,1.0,1.0,0.2643924411,0.2481009994,0.03933912516,0.03933918476,0.5440899766,0.5957445519,0.6584505388,0.6241132603
5443,1.0,0.0,0.0,0.0,1.0,1.0,0.2615360664,0.2454771426,0.04070389271,0.04070395231,0.5327103913,0.5928572056,0.6456140982,0.6285717214
5444,1.0,0.0,0.0,0.0,1.0,1.0,0.2630110305,0.2419144901,0.04085576534,0.03998029232,0.5394736123,0.59285633,0.653710255,0.6277375745
5445,1.0,0.0,0.0,0.0,1.0,1.0,0.2686467961,0.2498605281,0.04209959507,0.04151082039,0.5300752076,0.5944056043,0.6489361206,0.617021521
5446,1.0,0.0,0.0,0.0,1.0,1.0,0.2582201521,0.2349567665,0.04087102413,0.03940087557,0.5371745838,0.5971223651,0.6491229068,0.626865062
5447,1.0,0.0,0.0,0.0,1.0,1.0,0.266145589,0.2445817516,0.04090207815,0.039757967,0.5381749238,0.5804191932,0.6514082661,0.611511061
5448,1.0,0.0,0.0,0.0,1.0,1.0,0.2577999162,0.2348510275,0.0411118269,0.03962224722,0.5401868851,0.5797095146,0.646642916,0.6315793432
5449,1.0,0.0,0.0,0.0,1.0,1.0,0.2661457201,0.2463412383,0.04176908731,0.04089277983,0.5288640168,0.5804195106,0.6408451336,0.6214291024
5450,1.0,0.0,0.0,0.0,1.0,1.0,0.2651580321,0.2393770816,0.04136115313,0.03962576389,0.532467458,0.5804200742,0.6503498065,0.6204374182
5451,1.0,0.0,0.0,0.0,1.0,1.0,0.272236068,0.2481009778,0.04185652733,0.04042309523,0.535447752,0.5753421927,0.6478870406,0.6170200844
5452,1.0,0.0,0.0,0.0,1.0,1.0,0.2713837802,0.2507372226,0.04106509686,0.04049873352,0.5411985397,0.572413703,0.6526313614,0.6083911247
5453,1.0,0.0,0.0,0.0,1.0,1.0,0.2737684791,0.2516202902,0.04207313061,0.04120862484,0.5440901756,0.5821921884,0.658450694,0.6153846154
5454,1.0,0.0,0.0,0.0,1.0,1.0,0.2656510384,0.2384633228,0.04026788473,0.03829669952,0.5297397254,0.5804186902,0.6421053413,0.625
5455,1.0,0.0,0.0,0.0,1.0,1.0,0.2705255765,0.2472115958,0.04036295414,0.03924173117,0.5413533669,0.5694440753,0.6395760394,0.6142865605
5456,1.0,0.0,0.0,0.0,1.0,1.0,0.2665179326,0.2463658299,0.04229521751,0.04141402245,0.537037037,0.5902781301,0.6398603667,0.6241127096
5457,1.0,0.0,0.0,0.0,1.0,1.0,0.2609655142,0.2420252569,0.04131108522,0.04072511196,0.5388888826,0.5957451106,0.6550523561,0.6402875065
5458,1.0,0.0,0.0,0.0,1.0,1.0,0.2568399153,0.2393030016,0.0408834219,0.04029089212,0.5418994194,0.5869574726,0.6478873638,0.6176481466
5459,1.0,0.0,0.0,0.0,1.0,1.0,0.2494019317,0.2306404831,0.04021370411,0.03903096914,0.5357799471,0.6029415688,0.6503496602,0.6363641917
5460,1.0,0.0,0.0,0.0,1.0,1.0,0.2577408764,0.2341349239,0.04060357809,0.03914302588,0.5343227749,0.5899282899,0.6468532964,0.626866308
5461,1.0,0.0,0.0,0.0,1.0,1.0,0.2521446169,0.2368016839,0.04194021225,0.04133236408,0.533820925,0.5942030015,0.6515678027,0.617646465
5462,1.0,0.0,0.0,0.0,1.0,1.0,0.2462127678,0.223058734,0.04137188196,0.03953313828,0.5437956098,0.5925933396,0.6505188065,0.6279068716
5463,1.0,0.0,0.0,0.0,1.0,1.0,0.2493984594,0.2263544665,0.03839635849,0.03697431087,0.5415896391,0.59259311,0.6515677574,0.6153844914
5464,1.0,0.0,0.0,0.0,1.0,1.0,0.2516978053,0.2298367734,0.0417201519,0.04019749165,0.5238971109,0.5985401773,0.6376308888,0.6212125705
5465,1.0,0.0,0.0,0.0,1.0,1.0,0.2471147964,0.2236513971,0.04184377193,0.03967410326,0.5329671432,0.5851853646,0.6398600341,0.6171875587
5466,1.0,0.0,0.0,0.0,1.0,1.0,0.2466395542,0.2188432797,0.04075038433,0.03862160444,0.5285450639,0.597014969,0.6413794804,0.6377956766
5467,1.0,0.0,0.0,0.0,1.0,1.0,0.2539416976,0.2249601442,0.04176092148,0.03907626867,0.5245008476,0.5857154683,0.63917524,0.610687151
5468,1.0,0.0,0.0,0.0,1.0,1.0,0.2489521446,0.2203630183,0.04233437777,0.03924423456,0.5218181404,0.5839412153,0.6388887215,0.6220479975
5469,1.0,0.0,0.0,0.0,1.0,1.0,0.2571555717,0.2222893867,0.04137510061,0.03785377741,0.5291970962,0.5886518795,0.6413791945,0.6124037721
5470,1.0,0.0,0.0,0.0,1.0,1.0,0.2576256576,0.2205663947,0.04186165333,0.03800207376,0.5301644683,0.588653068,0.6413791744,0.6250005882
5471,1.0,0.0,0.0,0.0,1.0,1.0,0.2549035804,0.2232430856,0.04175299406,0.03904956579,0.5247706228,0.5827331659,0.6391754826,0.6230761834
5472,1.0,0.0,0.0,0.0,1.0,1.0,0.2494053808,0.2131914177,0.04148817062,0.03785413504,0.5282330334,0.5839415219,0.6416384017,0.647999408
5473,1.0,0.0,0.0,0.0,1.0,1.0,0.2571557758,0.2352639052,0.04237413406,0.04117202759,0.525547467,0.5886527317,0.6426117471,0.613137566
5474,1.0,0.0,0.0,0.0,1.0,1.0,0.250769123,0.2215256634,0.04224914312,0.0394937396,0.5309090864,0.586956123,0.646048064,0.6279069416
5475,1.0,0.0,0.0,0.0,1.0,1.0,0.2553318177,0.2257357861,0.04240339994,0.03967744112,0.5383211636,0.5857134624,0.6551721799,0.6183208974
5476,1.0,0.0,0.0,0.0,1.0,1.0,0.259452802,0.2386209522,0.04698503017,0.04566150904,0.5393052096,0.5774650567,0.6470587319,0.6231886517
5477,1.0,0.0,0.0,0.0,1.0,1.0,0.2489452445,0.2255686867,0.0413774848,0.03955203295,0.5347985933,0.5882362262,0.649305624,0.6307685816
5478,1.0,0.0,0.0,0.0,1.0,1.0,0.2584450669,0.2283950321,0.04579412937,0.04259181023,0.5334539727,0.5874126966,0.6426116937,0.6315780635
5479,1.0,0.0,0.0,0.0,1.0,1.0,0.2530463361,0.2368917944,0.04267019033,0.04205620289,0.5318761019,0.5971221715,0.6401382433,0.6204374803
5480,1.0,0.0,0.0,0.0,1.0,1.0,0.2521442484,0.2342439968,0.03997302055,0.03910404444,0.5429615734,0.6014484758,0.6458331399,0.6222233739
5481,1.0,0.0,0.0,0.0,1.0,1.0,0.2516710042,0.2351629597,0.04245716333,0.04154086113,0.5326086957,0.5971223325,0.6401383161,0.6323528568
5482,1.0,0.0,0.0,0.0,1.0,1.0,0.2498602919,0.2240127208,0.04507166147,0.04215335846,0.526978306,0.5971221024,0.6413793322,0.6384612339
5483,1.0,0.0,0.0,0.0,1.0,1.0,0.2471736496,0.2249605434,0.04363030195,0.0414172411,0.5268817531,0.5942021462,0.6426118585,0.6335883465
5484,1.0,0.0,0.0,0.0,1.0,1.0,0.2431558805,0.2310353727,0.04246628284,0.04215401411,0.5187834937,0.5955877193,0.640411026,0.6222217195
5485,1.0,0.0,0.0,0.0,1.0,1.0,0.2556298046,0.2362623834,0.04609894753,0.04449826479,0.5239786803,0.6041669899,0.6394556854,0.6258999648
5486,1.0,0.0,0.0,0.0,1.0,1.0,0.2547249314,0.2362625778,0.04573881626,0.0441506505,0.5292035178,0.5972229824,0.6428571656,0.6259003004
5487,1.0,0.0,0.0,0.0,1.0,1.0,0.2573520786,0.2439314928,0.04468691349,0.04407471418,0.5255731618,0.6027394154,0.644067668,0.6041671456
5488,1.0,0.0,0.0,0.0,1.0,1.0,0.2582628308,0.2380428733,0.04685389996,0.04524934292,0.5203539624,0.5958899753,0.6317565883,0.6312058886
5489,1.0,0.0,0.0,0.0,1.0,1.0,0.2595724578,0.2422377833,0.04576826096,0.04452288151,0.5282685766,0.5918365752,0.640677865,0.6223784088
5490,1.0,0.0,0.0,0.0,1.0,1.0,0.2489712554,0.229463578,0.04321157932,0.04166829586,0.5195729125,0.6,0.6394557823,0.637037641
5491,1.0,0.0,0.0,0.0,1.0,1.0,0.2552145771,0.2370687374,0.04448878765,0.04324430227,0.5250000855,0.6013989855,0.6348122811,0.6258995285
5492,1.0,0.0,0.0,0.0,1.0,1.0,0.2593832929,0.2377984297,0.04345685244,0.04193741083,0.5281307787,0.6013990138,0.6448274778,0.6376811594
5493,1.0,0.0,0.0,0.0,1.0,1.0,0.2516579345,0.232863153,0.04218572378,0.04128175974,0.5323741237,0.6142853712,0.6496597965,0.6496340564
5494,1.0,0.0,0.0,0.0,1.0,1.0,0.2512157244,0.2327468605,0.04408967495,0.0431381464,0.5352621851,0.611511122,0.6472602145,0.6470587423
5495,1.0,0.0,0.0,0.0,1.0,1.0,0.2507689244,0.2276126344,0.04336196184,0.04179090261,0.5254544541,0.6159426964,0.6438356609,0.654135081
5496,1.0,0.0,0.0,0.0,1.0,1.0,0.2544031716,0.2327465924,0.04360121489,0.04235547781,0.5418181862,0.6071425154,0.6438353876,0.639706617
5497,1.0,0.0,0.0,0.0,1.0,1.0,0.2512157938,0.2294638185,0.04405099154,0.04278337955,0.5316454814,0.6115109471,0.6360545903,0.6444441658
5498,1.0,0.0,0.0,0.0,1.0,1.0,0.2566379935,0.2352638181,0.04543018341,0.04383051395,0.5280289544,0.6056348007,0.6323025847,0.6277371171
5499,1.0,0.0,0.0,0.0,1.0,1.0,0.2584449251,0.2377981041,0.04536050558,0.04377448559,0.5316455567,0.5944051625,0.6379311182,0.6231893728
5500,1.0,0.0,0.0,0.0,1.0,1.0,0.2553719652,0.2315777814,0.04128539562,0.03950327635,0.5330882492,0.6115116638,0.648083396,0.6390989129
5501,1.0,0.0,0.0,0.0,1.0,1.0,0.254866755,0.2369809597,0.04079145193,0.04020869732,0.530054658,0.5999997078,0.6391755076,0.644926548
5502,1.0,0.0,0.0,0.0,1.0,1.0,0.2581582858,0.2376294472,0.04207795858,0.0408757329,0.5258303281,0.6000005666,0.6433567597,0.6544115395
5503,1.0,0.0,0.0,0.0,1.0,1.0,0.2471146927,0.2205665779,0.03990143538,0.03783249855,0.5311355524,0.6074077394,0.6413793247,0.6406249015
5504,1.0,0.0,0.0,0.0,1.0,1.0,0.2444287003,0.2207672185,0.0428391695,0.04093521833,0.5344202601,0.6074073147,0.6335618222,0.6356586325
5505,1.0,0.0,0.0,0.0,1.0,1.0,0.243107791,0.2234249225,0.0404779911,0.03927862644,0.5351351235,0.6148153166,0.6348121733,0.6412215131
5506,1.0,0.0,0.0,0.0,1.0,1.0,0.2507559388,0.2277639624,0.0430739522,0.04122793674,0.5304660011,0.5857144636,0.6326532695,0.6268660816
5507,1.0,0.0,0.0,0.0,1.0,1.0,0.2538834193,0.2329777859,0.04433113337,0.04308229685,0.5348836971,0.6126751758,0.6385136115,0.630434933
5508,1.0,0.0,0.0,0.0,1.0,1.0,0.258262726,0.2272977441,0.04574376345,0.04261064529,0.5380530947,0.6095891214,0.648829424,0.625
5509,1.0,0.0,0.0,0.0,1.0,1.0,0.2565414198,0.2262251519,0.04663360119,0.04339516163,0.5204991524,0.6111106851,0.631756847,0.6492534853
5510,1.0,0.0,0.0,0.0,1.0,1.0,0.2529781425,0.2293237839,0.04556548595,0.04299837351,0.5276292668,0.605633766,0.6301369471,0.6194030161
5511,1.0,0.0,0.0,0.0,1.0,1.0,0.2630109841,0.2380428406,0.04775083065,0.04488581419,0.5350877719,0.5999992511,0.625,0.6382979288
5512,1.0,0.0,0.0,0.0,1.0,1.0,0.2559126726,0.2414190159,0.04685938358,0.04527622461,0.5224912757,0.6081076612,0.6216214928,0.6153850205
5513,1.0,0.0,0.0,0.0,1.0,1.0,0.2650165551,0.2465067306,0.04839378595,0.04649603367,0.5459272391,0.6143786342,0.6375838438,0.6122444794
5514,1.0,0.0,0.0,0.0,1.0,1.0,0.252018258,0.2422888154,0.04627132416,0.04563742876,0.5630396661,0.5890411488,0.6599325981,0.6041670748
5515,1.0,0.0,0.0,0.0,1.0,1.0,0.2524540459,0.2296016548,0.04707485437,0.04385060072,0.5657439437,0.6095886855,0.6587837985,0.6323524414
5516,1.0,0.0,0.0,0.0,1.0,1.0,0.2485836254,0.2339831803,0.04598015547,0.04409056902,0.5689948385,0.5890417529,0.6588627673,0.6357147396
5517,1.0,0.0,0.0,0.0,1.0,1.0,0.2468808031,0.2381219883,0.04566526413,0.04472047091,0.5724019824,0.5862066265,0.6577179504,0.6267604977
5518,1.0,0.0,0.0,0.0,1.0,1.0,0.2391089669,0.2319524956,0.04252409935,0.04160636663,0.5662650158,0.5971229374,0.6518773645,0.6249994628
5519,1.0,0.0,0.0,0.0,1.0,1.0,0.2317045631,0.212210279,0.04007333517,0.03708279133,0.56055368,0.582089752,0.6472603499,0.6209683901
5520,1.0,0.0,0.0,0.0,1.0,1.0,0.2291826487,0.2166025398,0.04013681412,0.03832608461,0.5637931821,0.5939850071,0.6518769492,0.6220480401
5521,1.0,0.0,0.0,0.0,1.0,1.0,0.2270677772,0.2122102568,0.03986084461,0.03744500875,0.5645438206,0.5984846446,0.6506850472,0.6370954263
5522,1.0,0.0,0.0,0.0,1.0,1.0,0.2283947926,0.2139215037,0.03966039419,0.03727477789,0.563573833,0.6015049798,0.6404109261,0.6320000895
5523,1.0,0.0,0.0,0.0,1.0,1.0,0.2264494279,0.2158659597,0.03991347551,0.0381128788,0.5519590885,0.6165414993,0.6462586504,0.6377950293
5524,1.0,0.0,0.0,0.0,1.0,1.0,0.2247068456,0.2196759199,0.04194623232,0.04100710154,0.5570469327,0.6268655656,0.6510068593,0.641221829
5525,1.0,0.0,0.0,0.0,1.0,1.0,0.2209823271,0.2136852177,0.04020738602,0.03868430853,0.5594639696,0.6136356898,0.6464648261,0.6456692064
5526,1.0,0.0,0.0,0.0,1.0,1.0,0.2260043814,0.2187332189,0.03807079792,0.03666079044,0.5711892377,0.5925927086,0.6599326587,0.6230762227
5527,1.0,0.0,0.0,0.0,1.0,1.0,0.2207875717,0.2148971779,0.04030233622,0.03876405954,0.5632377612,0.603053119,0.6621161831,0.6349213427
5528,1.0,0.0,0.0,0.0,1.0,1.0,0.2338763904,0.2404800322,0.04422527552,0.0448615551,0.5622896042,0.5971222828,0.6587029801,0.6312067197
5529,1.0,0.0,0.0,0.0,1.0,1.0,0.2286857685,0.2369812079,0.04426527023,0.04524898529,0.5779660753,0.5925929916,0.6597940268,0.6231887685
5530,1.0,0.0,0.0,0.0,1.0,1.0,0.2294893147,0.2371555763,0.04317456484,0.04380023479,0.5673877286,0.5942025184,0.6745763062,0.6357141496
5531,1.0,0.0,0.0,0.0,1.0,1.0,0.2092637111,0.22324302,0.03875058889,0.04030054808,0.5678392963,0.5999996924,0.6666666667,0.6230774805
5532,1.0,0.0,0.0,0.0,1.0,1.0,0.1361310694,0.1588398175,0.0249992013,0.02816361189,0.5844827582,0.5063290234,0.6642855054,0.606742334
5533,1.0,0.0,0.0,0.0,1.0,1.0,0.09152379191,0.1466360844,0.0162024498,0.02462774515,0.5347985573,0.4399997057,0.5675675484,0.4868424556
5534,1.0,0.0,0.0,0.0,1.0,1.0,0.1012326783,0.1691662572,0.01721405983,0.0272294879,0.5156537361,0.2909100982,0.5525291714,0.3908063086
5535,1.0,0.0,0.0,0.0,1.0,1.0,0.1080475325,0.1767304501,0.01666855812,0.02589583397,0.5057914551,0.3571438788,0.5325201764,0.4367812917
5536,1.0,0.0,0.0,0.0,1.0,1.0,0.1037158546,0.1779009606,0.0171020031,0.02767413855,0.5,0.3272713332,0.5359999479,0.4269656145
5537,1.0,0.0,0.0,0.0,1.0,1.0,0.1135729561,0.1853803882,0.0196095109,0.03006792068,0.4886363783,0.316666312,0.5241937914,0.3586953074
5538,1.0,0.0,0.0,0.0,1.0,1.0,0.1196244921,0.197420735,0.01995742321,0.03090178967,0.4961389456,0.3225816086,0.5144033141,0.3749995178
5539,1.0,0.0,0.0,0.0,1.0,1.0,0.1050960707,0.170210379,0.01655608416,0.02532100677,0.5010309926,0.2352960236,0.5065503286,0.3461545704
5540,1.0,0.0,0.0,0.0,1.0,1.0,0.1106020728,0.1871294185,0.01720643044,0.02753031254,0.4989939815,0.2363653369,0.5021276216,0.340909583
5541,1.0,0.0,0.0,0.0,1.0,1.0,0.1088499633,0.1960931974,0.01811897755,0.03063762188,0.4851485468,0.2727263756,0.4978903388,0.3440859587
5542,1.0,0.0,0.0,0.0,1.0,1.0,0.09472465511,0.2135736217,0.01661723852,0.03493010998,0.479690538,0.2448967147,0.5020749474,0.3786410252
5543,1.0,0.0,0.0,0.0,1.0,1.0,0.09583708651,0.2350380085,0.01631075144,0.03694874048,0.500978512,0.2857163739,0.5169492457,0.3513519181
5544,1.0,0.0,0.0,0.0,1.0,1.0,0.06348901551,0.2235590414,0.01040542126,0.03423720598,0.479508196,0.4838693047,0.5263158304,0.4803927542
5545,1.0,0.0,0.0,0.0,1.0,1.0,0.1631361555,0.214166224,0.0290017724,0.03600215912,0.5103189522,0.5747119114,0.5753969239,0.6018516066
5546,1.0,0.0,0.0,0.0,1.0,1.0,0.2615524299,0.2844854059,0.04695665836,0.0472676158,0.5060658977,0.5629130162,0.5955055253,0.5855256936
5547,1.0,0.0,0.0,0.0,1.0,1.0,0.3157150965,0.3105833834,0.0472394228,0.04521071911,0.4728682526,0.564417712,0.6215141979,0.5961543025
5548,1.0,0.0,0.0,0.0,1.0,1.0,0.3699690064,0.3190098338,0.06331086159,0.05190885067,0.4456140632,0.6255926491,0.5719558412,0.6416178467
5549,0.0,0.0,0.0,0.0,0.0,0.0,0.0,0.0,0.0,0.0,0.0,0.0,0.0,0.0
5550,0.0,0.0,0.0,0.0,0.0,0.0,0.0,0.0,0.0,0.0,0.0,0.0,0.0,0.0
5551,0.0,0.0,0.0,0.0,0.0,0.0,0.0,0.0,0.0,0.0,0.0,0.0,0.0,0.0
5552,0.0,0.0,0.0,0.0,0.0,0.0,0.0,0.0,0.0,0.0,0.0,0.0,0.0,0.0
5553,0.0,0.0,0.0,0.0,0.0,0.0,0.0,0.0,0.0,0.0,0.0,0.0,0.0,0.0
5554,1.0,0.0,0.0,0.0,1.0,1.0,0.2802486844,0.3288603336,0.05193448067,0.05600166321,0.515202641,0.5783137231,0.6176470794,0.5810056282
5555,1.0,0.0,0.0,0.0,1.0,1.0,0.238037263,0.2960673072,0.0404908061,0.04639011621,0.5157728074,0.5894029791,0.6198630241,0.618496538
5556,1.0,0.0,0.0,0.0,1.0,1.0,0.2063362868,0.2664014859,0.03460222483,0.04136043787,0.5129031043,0.6015616791,0.6167249701,0.6143796124
5557,1.0,0.0,0.0,0.0,1.0,1.0,0.05042243901,0.2606385868,0.007768154144,0.03689861298,0.5297297418,0.5,0.5529412656,0.4436093019
5558,1.0,0.0,0.0,0.0,1.0,1.0,0.07604479091,0.2578563367,0.01155871153,0.03550165892,0.4710145482,0.166669245,0.4880000623,0.3565886918
5559,1.0,0.0,0.0,0.0,1.0,1.0,0.07436846416,0.2667834643,0.01125836372,0.03679573536,0.4809436815,0.1707291248,0.4940237012,0.3582087376
5560,1.0,0.0,0.0,0.0,1.0,1.0,0.08039396289,0.2709328923,0.01210093498,0.03712779284,0.4716637218,0.1136390503,0.4939756783,0.3259265919
5561,1.0,0.0,0.0,0.0,1.0,1.0,0.08634879201,0.2729398195,0.01280015707,0.0370387435,0.4908088723,0.1702110817,0.5060240223,0.3088233638
5562,1.0,0.0,0.0,0.0,1.0,1.0,0.08113553051,0.2579858847,0.01207315922,0.03484749794,0.4704796475,0.1363636364,0.4837396401,0.3228340665
5563,1.0,0.0,0.0,0.0,1.0,1.0,0.08374192761,0.2557625437,0.01252043247,0.03538382053,0.4808742396,0.130430643,0.4921258197,0.3076921781
5564,1.0,0.0,0.0,0.0,1.0,1.0,0.09466481819,0.2528232123,0.01405364275,0.03459358215,0.4663023504,0.2115352806,0.4822134577,0.3203137922
5565,1.0,0.0,0.0,0.0,1.0,1.0,0.1003089548,0.2488808822,0.01482069492,0.03422236443,0.468977948,0.2545465514,0.4901959339,0.3070872724
5566,1.0,0.0,0.0,0.0,1.0,1.0,0.09200620686,0.2479383977,0.01381146908,0.03493493795,0.4783393237,0.2745103963,0.5076922491,0.3255816731
5567,1.0,0.0,0.0,0.0,1.0,1.0,0.08209703524,0.2460743459,0.01237344742,0.03496837616,0.4714285573,0.2391325292,0.5000002097,0.3384616958
5568,1.0,0.0,0.0,0.0,1.0,1.0,0.07201608295,0.2443491445,0.01098334789,0.03562891483,0.4797890285,0.3658544527,0.5257352806,0.3759406043
5569,1.0,0.0,0.0,0.0,1.0,1.0,0.0538831344,0.2361320782,0.008303165436,0.0345517993,0.4834782634,0.5806437719,0.5494506927,0.4341079521
5570,1.0,0.0,0.0,0.0,1.0,1.0,0.1562152281,0.2191760831,0.02444308996,0.03285366297,0.4924369777,0.6129040911,0.5824563064,0.6160002032
5571,1.0,0.0,0.0,0.0,1.0,1.0,0.2420395499,0.2770560095,0.03879964352,0.0430226922,0.5074135418,0.5986389124,0.6088433638,0.6319013135
5572,1.0,0.0,0.0,0.0,1.0,1.0,0.2951045245,0.3051989792,0.04750877619,0.04777127504,0.4959216789,0.5911600685,0.6006711972,0.6428570537
5573,1.0,0.0,0.0,0.0,1.0,1.0,0.2895273672,0.3068758707,0.04676038027,0.04834550619,0.4828152071,0.5875700597,0.590603905,0.6338800374
5574,1.0,0.0,0.0,0.0,1.0,1.0,0.307271869,0.3137785729,0.05012893677,0.04986512661,0.4838188163,0.6105271669,0.5913622546,0.6507940492
5575,1.0,0.0,0.0,0.0,1.0,1.0,0.3149365377,0.3216025385,0.05191528797,0.05165040493,0.4935691577,0.6071419551,0.6006602399,0.6410259073
5576,1.0,0.0,0.0,0.0,1.0,1.0,0.3070181399,0.3169369526,0.04955685139,0.04982042313,0.4918301535,0.6170218396,0.597315253,0.6507929671
5577,1.0,0.0,0.0,0.0,1.0,1.0,0.3063860763,0.3224552562,0.04899591208,0.05004400015,0.4803278197,0.6042772942,0.594594605,0.6439788518
5578,1.0,0.0,0.0,0.0,1.0,1.0,0.3150948963,0.3264169466,0.05070358515,0.05123174191,0.4827586143,0.5937495959,0.6060606521,0.6340203787
5579,1.0,0.0,0.0,0.0,1.0,1.0,0.3189706937,0.3337117539,0.05138731003,0.0519143343,0.4795417388,0.5846154203,0.6000001533,0.6192888913
5580,1.0,0.0,0.0,0.0,1.0,1.0,0.3003249688,0.3190784156,0.04806953669,0.0496455431,0.4860426141,0.601092659,0.6047298203,0.62963043
5581,1.0,0.0,0.0,0.0,1.0,1.0,0.3090379811,0.3257567313,0.04955196381,0.05034267902,0.4736840931,0.6063831579,0.6006827466,0.6335077728
5582,1.0,0.0,0.0,0.0,1.0,1.0,0.3070182494,0.3325787879,0.04925584793,0.05108982325,0.482026149,0.5904249397,0.6075085682,0.6256409359
5583,1.0,0.0,0.0,0.0,1.0,1.0,0.2897404766,0.321738142,0.04648405313,0.04909551144,0.4788272962,0.5955059349,0.6061642592,0.6223403093
5584,1.0,0.0,0.0,0.0,1.0,1.0,0.2874214535,0.3205107604,0.04634940624,0.04898285866,0.478758233,0.6136360714,0.6103450831,0.6344080526
5585,1.0,0.0,0.0,0.0,1.0,1.0,0.2918436517,0.318934393,0.04701882601,0.04912018776,0.4828711182,0.6033517358,0.6075082907,0.6310156534
5586,1.0,0.0,0.0,0.0,1.0,1.0,0.2836915618,0.3142575933,0.04603439569,0.04841548204,0.4812398872,0.6091950451,0.6082474546,0.6284161684
5587,1.0,0.0,0.0,0.0,1.0,1.0,0.277712436,0.309996357,0.04543030262,0.04833573103,0.4894991663,0.5988370415,0.6033896504,0.6229506782
5588,1.0,0.0,0.0,0.0,1.0,1.0,0.2777999446,0.3051984924,0.04615706205,0.04827922583,0.4904154451,0.6091954023,0.6073826452,0.6428577601
5589,1.0,0.0,0.0,0.0,1.0,1.0,0.2814429984,0.2971762503,0.04668319225,0.04747891426,0.4896000999,0.6022734527,0.5946845354,0.6424581076
5590,1.0,0.0,0.0,0.0,1.0,1.0,0.279209208,0.2935654055,0.046446383,0.04697418213,0.4809524181,0.6022719544,0.5973596487,0.6516845663
5591,1.0,0.0,0.0,0.0,1.0,1.0,0.267366336,0.2843805012,0.04458343983,0.04591035843,0.5031847305,0.6071423797,0.6151314818,0.6473992792
5592,1.0,0.0,0.0,0.0,1.0,1.0,0.2812896494,0.2929960115,0.04748260975,0.04774785042,0.5141510188,0.5977660784,0.6254074032,0.6555557775
5593,1.0,0.0,0.0,0.0,1.0,1.0,0.2873593557,0.2936671227,0.04824775457,0.04798263311,0.5134281408,0.5934069871,0.6266236206,0.6519331938
5594,1.0,0.0,0.0,0.0,1.0,1.0,0.2998327368,0.2933846266,0.05047142506,0.04860210419,0.5111110324,0.5978837229,0.6193546321,0.6483515001
5595,1.0,0.0,0.0,0.0,1.0,1.0,0.3014189084,0.298220402,0.05053365231,0.04920381308,0.509523843,0.6000007077,0.6225804226,0.6594597476
5596,1.0,0.0,0.0,0.0,1.0,1.0,0.301267015,0.2959510275,0.05039143562,0.04879170656,0.5167463313,0.6031737771,0.6278317012,0.6612023861
5597,1.0,0.0,0.0,0.0,1.0,1.0,0.300632158,0.295289808,0.05037558079,0.0487678647,0.513599975,0.5957437746,0.6266233579,0.6538464829
5598,1.0,0.0,0.0,0.0,1.0,1.0,0.2908342917,0.2855547085,0.04831033945,0.04697579145,0.5160772627,0.5966850624,0.6201302042,0.659091284
5599,1.0,0.0,0.0,0.0,1.0,1.0,0.2908049661,0.2869364317,0.04894125462,0.04786556959,0.5171862577,0.6043955776,0.6258064885,0.6573032099
5600,1.0,0.0,0.0,0.0,1.0,1.0,0.2900839296,0.286698747,0.04869306087,0.04762870073,0.5051545989,0.6065569556,0.6185896355,0.6592180729
5601,1.0,0.0,0.0,0.0,1.0,1.0,0.2869210052,0.284630723,0.04818940163,0.04711854458,0.5023922978,0.6000007421,0.614887018,0.6477271865
5602,1.0,0.0,0.0,0.0,1.0,1.0,0.2917029096,0.2904219338,0.04912239313,0.04804867506,0.503987153,0.5956291248,0.6136363636,0.6536310216
5603,1.0,0.0,0.0,0.0,1.0,1.0,0.2923644419,0.2894823886,0.04906439781,0.04773116112,0.4976151562,0.5978261926,0.6084141903,0.6592178283
5604,1.0,0.0,0.0,0.0,1.0,1.0,0.2979102487,0.29232044,0.04997104406,0.04809045792,0.4983974943,0.596774713,0.6045751788,0.66480422
5605,1.0,0.0,0.0,0.0,1.0,1.0,0.2230024587,0.2423396529,0.0365409255,0.03867471218,0.5211726476,0.5912405902,0.6120400813,0.634481717
5606,1.0,0.0,0.0,0.0,1.0,1.0,0.1071425966,0.1659974851,0.01706904173,0.025603652,0.5259631043,0.5781241816,0.5986158568,0.6041652117
5607,1.0,0.0,0.0,0.0,1.0,1.0,0.157719381,0.2073673442,0.02566432953,0.03295838833,0.5431893966,0.6105263647,0.622448926,0.6229514423
5608,1.0,0.0,0.0,0.0,1.0,1.0,0.2409656541,0.2581338922,0.03992557526,0.04180127382,0.5226537087,0.6040263346,0.6192053126,0.6538458796
5609,1.0,0.0,0.0,0.0,1.0,1.0,0.2715523817,0.278533163,0.04575240612,0.04602319002,0.5064308572,0.6035502959,0.6065575367,0.6588239713
5610,1.0,0.0,0.0,0.0,1.0,1.0,0.2946058856,0.2952897912,0.05000829697,0.04893285036,0.4976228746,0.6021501788,0.6071429342,0.6648350644
5611,1.0,0.0,0.0,0.0,1.0,1.0,0.3044551252,0.3043903282,0.05103158951,0.04996287823,0.5007974377,0.591623373,0.6058632608,0.6524065957
5612,1.0,0.0,0.0,0.0,1.0,1.0,0.3082537949,0.3088891528,0.05259287357,0.0517796278,0.4928458214,0.5979382612,0.5987055868,0.6649211827
5613,1.0,0.0,0.0,0.0,1.0,1.0,0.3167800536,0.3143404923,0.05368363857,0.05234158039,0.4944531695,0.5999997779,0.6032257857,0.6717948952
5614,1.0,0.0,0.0,0.0,1.0,1.0,0.3117230823,0.3129400108,0.0518193841,0.05101805925,0.4919614915,0.5927834044,0.6032787844,0.6649208298
5615,1.0,0.0,0.0,0.0,1.0,1.0,0.3193765153,0.3175647355,0.05404800177,0.05297243595,0.4928458375,0.5970146949,0.6096776257,0.6700505215
5616,1.0,0.0,0.0,0.0,1.0,1.0,0.3177139244,0.3159526461,0.05352646112,0.05271953344,0.5015975029,0.5879390886,0.6161292178,0.6581634326
5617,1.0,0.0,0.0,0.0,1.0,1.0,0.3166231902,0.318592343,0.05339354277,0.05312389135,0.4943999921,0.5909086342,0.6084142858,0.6649750749
5618,1.0,0.0,0.0,0.0,1.0,1.0,0.3150241729,0.3131369078,0.05290138721,0.05182725191,0.500799994,0.5989839308,0.6103893157,0.6683929124
5619,1.0,0.0,0.0,0.0,1.0,1.0,0.3129242934,0.3088890323,0.05268138647,0.05133748055,0.4936102296,0.602040851,0.6051779169,0.6649216301
5620,1.0,0.0,0.0,0.0,1.0,1.0,0.3118257774,0.3095047341,0.05208086967,0.05127966404,0.497600028,0.5948725755,0.6064516338,0.6614578127
5621,1.0,0.0,0.0,0.0,1.0,1.0,0.3038303658,0.309273586,0.05089592934,0.05089592934,0.4944000433,0.6052638975,0.605863178,0.6578946752
5622,1.0,0.0,0.0,0.0,1.0,1.0,0.3198212914,0.3175647203,0.05358242989,0.05277872086,0.5024000454,0.5950004672,0.6064514972,0.6649749289
5623,1.0,0.0,0.0,0.0,1.0,1.0,0.3129243533,0.312123312,0.05242878199,0.05162626505,0.4984026204,0.5969390945,0.6116506289,0.6683938602
5624,1.0,0.0,0.0,0.0,1.0,1.0,0.3187320852,0.3163814801,0.05338412523,0.05231106281,0.4983974196,0.5929645604,0.6103892827,0.6615388647
5625,1.0,0.0,0.0,0.0,1.0,1.0,0.3262508703,0.3202096969,0.05489361286,0.0530192256,0.5031846197,0.5951222743,0.6116503247,0.6616155995
5626,1.0,0.0,0.0,0.0,1.0,1.0,0.3177141452,0.3153578948,0.05350482464,0.05242931843,0.4984025579,0.5979901121,0.6116505794,0.6615383041
5627,1.0,0.0,0.0,0.0,1.0,1.0,0.3106156461,0.3050245838,0.05172532797,0.05038529634,0.5265699869,0.6010357142,0.6363639316,0.6595747198
5628,1.0,0.0,0.0,0.0,1.0,1.0,0.3138342909,0.3082694291,0.05262035131,0.05127114058,0.5297906851,0.5948712256,0.6363637993,0.6631581272
5629,1.0,0.0,0.0,0.0,1.0,1.0,0.308269296,0.3011347087,0.05063134432,0.04929894209,0.5275973443,0.6105258325,0.6384365734,0.6648647864
5630,1.0,0.0,0.0,0.0,1.0,1.0,0.3078925501,0.3034021385,0.05120307207,0.05013078451,0.5274193702,0.602094186,0.6331166489,0.6631016997
5631,1.0,0.0,0.0,0.0,1.0,1.0,0.3078927572,0.3066467188,0.05115020275,0.05061453581,0.5306452511,0.5968586204,0.636363505,0.6560845813
5632,1.0,0.0,0.0,0.0,1.0,1.0,0.3140191568,0.3121233465,0.0524930954,0.05142724514,0.5279106736,0.5939083989,0.634304172,0.6528501193
5633,1.0,0.0,0.0,0.0,1.0,1.0,0.3073967821,0.306018021,0.05154496431,0.05073535442,0.5265701179,0.5968586266,0.6319218674,0.6436164089
5634,1.0,0.0,0.0,0.0,1.0,1.0,0.2975685995,0.3014711254,0.04919272661,0.04919272661,0.5307443812,0.5978260474,0.6360654025,0.6630434124
5635,1.0,0.0,0.0,0.0,1.0,1.0,0.3024200649,0.3041065877,0.05049371719,0.04995369911,0.5307443686,0.6042786114,0.6381577778,0.6486485842
5636,1.0,0.0,0.0,0.0,1.0,1.0,0.297261606,0.3063864176,0.04992127419,0.05046099424,0.5305466078,0.6,0.6360653614,0.6524064045
5637,1.0,0.0,0.0,0.0,1.0,1.0,0.2867118878,0.3001626131,0.04751861095,0.04886096716,0.52350076,0.61016896,0.6303630544,0.6483517556
5638,1.0,0.0,0.0,0.0,1.0,1.0,0.2753731618,0.2945374168,0.04562646151,0.04777354002,0.5186386406,0.6058825451,0.6258279314,0.6516861362
5639,1.0,0.0,0.0,0.0,1.0,1.0,0.2683390081,0.2919163354,0.04438072443,0.04703825712,0.4807074295,0.604790588,0.5874588252,0.6497172349
5640,1.0,0.0,0.0,0.0,1.0,1.0,0.2667320347,0.2935652323,0.04415160418,0.04734325409,0.4485529499,0.608433987,0.5544556395,0.6573031445
5641,1.0,0.0,0.0,0.0,1.0,1.0,0.2716930464,0.2928829164,0.04510784149,0.047524333,0.4627831355,0.5952372143,0.5662249016,0.6497179322
5642,1.0,0.0,0.0,0.0,1.0,1.0,0.2883315625,0.3018114761,0.04829722643,0.04965388775,0.4586710515,0.5955055764,0.5643563101,0.6502735717
5643,1.0,0.0,0.0,0.0,1.0,1.0,0.2827688956,0.2985132393,0.04711151123,0.04900681973,0.4682926951,0.6034476215,0.5709571544,0.6353591227
5644,1.0,0.0,0.0,0.0,1.0,1.0,0.2906875663,0.3034610328,0.04824382067,0.04987001419,0.4607844176,0.6011240467,0.5643563495,0.646738299
5645,1.0,0.0,0.0,0.0,1.0,1.0,0.2825221008,0.2998323348,0.04698115587,0.0488820672,0.4493463737,0.6069361962,0.5566665399,0.6499996952
5646,1.0,0.0,0.0,0.0,1.0,1.0,0.2874210377,0.3038168993,0.04792433977,0.04983043671,0.4640523518,0.6022732785,0.5614617819,0.6502734397
5647,1.0,0.0,0.0,0.0,1.0,1.0,0.2910994546,0.3073938406,0.04818969965,0.05006372929,0.4595469768,0.6055555487,0.5657894111,0.6470586835
5648,1.0,0.0,0.0,0.0,1.0,1.0,0.2867186718,0.3018118057,0.04774689674,0.04964590073,0.4637327152,0.6079544603,0.5676567262,0.6448086251
5649,1.0,0.0,0.0,0.0,1.0,1.0,0.1887648672,0.2301118133,0.03035116196,0.03631293774,0.4772344417,0.5982152676,0.55670077,0.6044777834
5650,1.0,0.0,0.0,0.0,1.0,1.0,0.05996654288,0.2212789853,0.009107410908,0.03311789036,0.516363672,0.3636327938,0.5350551081,0.3833333933
5651,1.0,0.0,0.0,0.0,1.0,1.0,0.06371651751,0.209142515,0.009607434273,0.03101837635,0.5173042726,0.3714280397,0.5296296817,0.3716818921
5652,1.0,0.0,0.0,0.0,1.0,1.0,0.06111718465,0.1973535897,0.009306788445,0.02983635664,0.5107914641,0.6176493192,0.5543477275,0.4954142369
5653,1.0,0.0,0.0,0.0,1.0,1.0,0.1872888713,0.2301122658,0.02994173765,0.03647452593,0.4616694409,0.5818182542,0.5395186354,0.6194028509
5654,1.0,0.0,0.0,0.0,1.0,1.0,0.2363375874,0.2649526625,0.03811281919,0.04240721464,0.4604495455,0.6056344196,0.550335513,0.6455701184
5655,1.0,0.0,0.0,0.0,1.0,1.0,0.2716768572,0.2848411353,0.04472881556,0.04635536671,0.4530478818,0.5939394343,0.5499997619,0.6666666667
5656,1.0,0.0,0.0,0.0,1.0,1.0,0.2932789675,0.2985130894,0.04798233509,0.04851841927,0.4459016322,0.6089390194,0.5511551373,0.6574586857
5657,1.0,0.0,0.0,0.0,1.0,1.0,0.2962516057,0.3014711068,0.04914069176,0.04968070984,0.4495114975,0.6043964175,0.5573770729,0.6467395477
5658,1.0,0.0,0.0,0.0,1.0,1.0,0.3033011578,0.3088889714,0.05076551437,0.0515756011,0.449556032,0.6063832036,0.5566344937,0.6544507942
5659,1.0,0.0,0.0,0.0,1.0,1.0,0.3035461364,0.3153580114,0.05010330677,0.05196887255,0.45072689,0.6010642474,0.5598707597,0.6461538285
5660,1.0,0.0,0.0,0.0,1.0,1.0,0.2998326284,0.308269368,0.05001962185,0.05109530687,0.4532257134,0.6021508836,0.5551946289,0.6421048088
5661,1.0,0.0,0.0,0.0,1.0,1.0,0.3023250669,0.3088891297,0.05050486326,0.05131083727,0.4545455032,0.6063828657,0.5631066707,0.6439787048
5662,1.0,0.0,0.0,0.0,1.0,1.0,0.2992633412,0.3057502009,0.0499971509,0.05054056644,0.4467046222,0.6141309207,0.5526314176,0.6666670598
5663,1.0,0.0,0.0,0.0,1.0,1.0,0.3060180135,0.308024747,0.05054992437,0.05054992437,0.4527687279,0.6063823641,0.5573767991,0.6542559902
5664,1.0,0.0,0.0,0.0,1.0,1.0,0.2995070675,0.3080249809,0.04965567589,0.05073517561,0.4527687589,0.6141313481,0.5606558018,0.6648934733
5665,1.0,0.0,0.0,0.0,1.0,1.0,0.3032565741,0.311301707,0.0499663949,0.05104094744,0.4518761603,0.6182796789,0.5508196197,0.6684214521
5666,1.0,0.0,0.0,0.0,1.0,1.0,0.304747629,0.3094300244,0.05062901974,0.05090129375,0.4508196685,0.6129037195,0.5496687326,0.6684496863
5667,1.0,0.0,0.0,0.0,1.0,1.0,0.2935653309,0.2995013655,0.04872751236,0.04954874516,0.4521452892,0.6067409408,0.552980278,0.6574588892
5668,1.0,0.0,0.0,0.0,1.0,1.0,0.2627484285,0.2817216741,0.04294329882,0.04566121101,0.4542429269,0.6075958855,0.553691348,0.6547617183
5669,1.0,0.0,0.0,0.0,1.0,1.0,0.1491447341,0.2060705895,0.02355355024,0.03248769045,0.5060033357,0.6091967112,0.5738833005,0.6249997707
5670,1.0,0.0,0.0,0.0,1.0,1.0,0.06806223786,0.1977315284,0.01041513681,0.03014916182,0.4892473139,0.6052639109,0.5287767141,0.4636362019
5671,1.0,0.0,0.0,0.0,1.0,1.0,0.08328695735,0.1755290774,0.01286762953,0.02683031559,0.4893617514,0.6595748623,0.5448027346,0.5816327437
5672,1.0,0.0,0.0,0.0,1.0,1.0,0.1927857059,0.2328632022,0.03150182962,0.0378574729,0.4483925633,0.6140340919,0.5340136541,0.6350365193
5673,1.0,0.0,0.0,0.0,1.0,1.0,0.2469211252,0.2684308506,0.03992813826,0.04318749905,0.4453781884,0.6190469082,0.5337838263,0.6540881024
5674,1.0,0.0,0.0,0.0,1.0,1.0,0.2834361579,0.2971762382,0.04667019844,0.04856956005,0.4245671807,0.6104641658,0.5249170683,0.6480446996
5675,1.0,0.0,0.0,0.0,1.0,1.0,0.2824870637,0.2931695436,0.04608148336,0.04742884636,0.4347107269,0.6081870967,0.5366668251,0.6647732128
5676,1.0,0.0,0.0,0.0,1.0,1.0,0.3029609031,0.3100579621,0.04982042313,0.05090349913,0.4283360371,0.5978263991,0.5346536523,0.648936382
5677,1.0,0.0,0.0,0.0,1.0,1.0,0.3024624442,0.3090382359,0.05004531145,0.05113333464,0.4276315191,0.5978256856,0.532894853,0.6542549905
5678,1.0,0.0,0.0,0.0,1.0,1.0,0.3036071918,0.3090381182,0.05033624172,0.05115252733,0.4318555811,0.5999997632,0.5328945615,0.6489360834
5679,1.0,0.0,0.0,0.0,1.0,1.0,0.3114084161,0.315183499,0.05194562674,0.05248957872,0.4306687638,0.5968585306,0.5326797947,0.6528492702
5680,1.0,0.0,0.0,0.0,1.0,1.0,0.3102843776,0.313550367,0.05168366432,0.05222767591,0.4264705093,0.5947367571,0.5326797538,0.6562508916
5681,1.0,0.0,0.0,0.0,1.0,1.0,0.3042489332,0.3080247573,0.05069565773,0.05124080181,0.4288052982,0.6021501836,0.5344264186,0.6595737009
5682,1.0,0.0,0.0,0.0,1.0,1.0,0.3107920847,0.3133564382,0.05161762238,0.05161762238,0.4304419232,0.6,0.5346533865,0.6578937644
5683,1.0,0.0,0.0,0.0,1.0,1.0,0.3014709576,0.3094297574,0.05008029938,0.05089682341,0.4098360332,0.6032613353,0.5132447823,0.6631014853
5684,1.0,0.0,0.0,0.0,1.0,1.0,0.2932785957,0.3051099827,0.04839301109,0.0500151515,0.4098359767,0.603351398,0.5148514383,0.6540545694
5685,1.0,0.0,0.0,0.0,1.0,1.0,0.2955866443,0.3041066611,0.04903554916,0.05011922121,0.4084966968,0.6077344776,0.516447259,0.654054594
5686,1.0,0.0,0.0,0.0,1.0,1.0,0.2951045192,0.3090381065,0.0487729311,0.05065917969,0.4078303277,0.6077340842,0.5197368493,0.6595750188
5687,1.0,0.0,0.0,0.0,1.0,1.0,0.293953586,0.3057501938,0.04873335361,0.050357759,0.4035946676,0.6111116547,0.5164473232,0.655913444
5688,1.0,0.0,0.0,0.0,1.0,1.0,0.2755936096,0.2891360115,0.04533654451,0.04724830389,0.4119601281,0.6144584491,0.51170576,0.6473990627
5689,1.0,0.0,0.0,0.0,1.0,1.0,0.09335429385,0.1720649855,0.01412290335,0.02603048086,0.4926740619,0.6666666667,0.5274726617,0.5957446321
5690,1.0,0.0,0.0,0.0,1.0,1.0,0.05879095627,0.2120590087,0.008894324303,0.03196388483,0.5091911348,0.562497487,0.5313652699,0.4434785041
5691,1.0,0.0,0.0,0.0,1.0,1.0,0.12959036,0.1831716581,0.02009761333,0.02835685015,0.4706927401,0.6164385999,0.5338078031,0.5922345607
5692,1.0,0.0,0.0,0.0,1.0,1.0,0.2256802901,0.2549599235,0.03593677282,0.04053026438,0.4431240145,0.5864668388,0.5238094702,0.6200004412
5693,1.0,0.0,0.0,0.0,1.0,1.0,0.2631865148,0.2826705104,0.0427531004,0.04545897245,0.4233334312,0.6075956603,0.518518546,0.6428570492
5694,1.0,0.0,0.0,0.0,1.0,1.0,0.2912278357,0.3058492514,0.04772591591,0.04962414503,0.4221854872,0.6022732382,0.5217392103,0.6502729549
5695,1.0,0.0,0.0,0.0,1.0,1.0,0.2904780512,0.3011561951,0.04765486717,0.04900103807,0.425287325,0.5932201482,0.5231788516,0.6428577511
5696,1.0,0.0,0.0,0.0,1.0,1.0,0.30474791,0.3150055564,0.05010050535,0.0514472723,0.4262294785,0.6021507423,0.5247523343,0.6492141502
5697,1.0,0.0,0.0,0.0,1.0,1.0,0.2967348364,0.3133560033,0.04945629835,0.05163013935,0.4257748065,0.5934070834,0.5214520855,0.6421052632
5698,1.0,0.0,0.0,0.0,1.0,1.0,0.303256656,0.3129398576,0.05013346672,0.05148106813,0.4225122187,0.596774462,0.5245899976,0.6544507467
5699,1.0,0.0,0.0,0.0,1.0,1.0,0.3004858334,0.3100576225,0.04901230335,0.05007773638,0.428104519,0.5978255846,0.5247525008,0.654254819
5700,1.0,0.0,0.0,0.0,1.0,1.0,0.3032562898,0.3070181482,0.04966443777,0.05019849539,0.4502446805,0.5967744839,0.5522875138,0.6542553886
5701,1.0,0.0,0.0,0.0,1.0,1.0,0.3048868298,0.309273375,0.05011045933,0.05091434717,0.4616639392,0.6042780303,0.5602606264,0.657895507
5702,1.0,0.0,0.0,0.0,1.0,1.0,0.3152712072,0.3190400904,0.05221623182,0.05275452137,0.461788648,0.5979375442,0.5667754556,0.6581641761
5703,1.0,0.0,0.0,0.0,1.0,1.0,0.3146691885,0.3174122297,0.05188238621,0.0524200201,0.461664015,0.6062184499,0.5700327532,0.6615385315
5704,1.0,0.0,0.0,0.0,1.0,1.0,0.3076459867,0.3119175692,0.05058014393,0.05111539364,0.4560261345,0.5978830866,0.5588236685,0.6544496452
5705,1.0,0.0,0.0,0.0,1.0,1.0,0.3114084671,0.3151836014,0.05133748055,0.05187505484,0.458401272,0.6020945083,0.5653596049,0.6632119947
5706,1.0,0.0,0.0,0.0,1.0,1.0,0.3086511398,0.3109013186,0.05055755377,0.05109256506,0.4591502965,0.6084660139,0.5635178208,0.6544504084
5707,1.0,0.0,0.0,0.0,1.0,1.0,0.3097783338,0.311514179,0.05063402653,0.05116695166,0.4518759411,0.5947371271,0.5649349094,0.6614587641
5708,1.0,0.0,0.0,0.0,1.0,1.0,0.3144128147,0.3137407038,0.05135971308,0.05162584782,0.4588427224,0.595854808,0.566343232,0.65463933
5709,1.0,0.0,0.0,0.0,1.0,1.0,0.3083993092,0.3131369849,0.0500959754,0.05115622282,0.4563264632,0.5978838056,0.5616883425,0.6580309673
5710,1.0,0.0,0.0,0.0,1.0,1.0,0.3114084717,0.3131369689,0.05070346594,0.05123442411,0.4584013475,0.5968591557,0.5649351264,0.6528500845
5711,1.0,0.0,0.0,0.0,1.0,1.0,0.3070233857,0.3127287651,0.05035459995,0.05141472816,0.4486660468,0.5947360945,0.5645161056,0.6597943881
5712,1.0,0.0,0.0,0.0,1.0,1.0,0.3012904815,0.3135504662,0.04958575964,0.05118530989,0.4602917235,0.6021509512,0.5686275369,0.6510415757
5713,1.0,0.0,0.0,0.0,1.0,1.0,0.2952895232,0.3143940037,0.04863941669,0.0507774353,0.444805188,0.6043963854,0.5596028299,0.6526322215
5714,1.0,0.0,0.0,0.0,1.0,1.0,0.2995120729,0.3205444937,0.0500305295,0.05217087269,0.4487178801,0.5989303921,0.5657893291,0.6410254067
5715,1.0,0.0,0.0,0.0,1.0,1.0,0.3119278897,0.3325957161,0.05206561089,0.05339378119,0.4458598089,0.6071428571,0.559602756,0.6467667412
5716,1.0,0.0,0.0,0.0,1.0,1.0,0.3134252523,0.3342506186,0.05208158493,0.05367588997,0.4543999696,0.5918361975,0.5662252958,0.6336632124
5717,1.0,0.0,0.0,0.0,1.0,1.0,0.3129240765,0.3298486479,0.05250281096,0.05357432365,0.4856229961,0.6020405267,0.5973597517,0.6399989764
5718,1.0,0.0,0.0,0.0,1.0,1.0,0.3142701286,0.3260472669,0.05262458324,0.05315876007,0.489225879,0.5939082155,0.6032786202,0.6331661165
5719,1.0,0.0,0.0,0.0,1.0,1.0,0.3108309863,0.3260475281,0.05246675014,0.05354303122,0.4912280113,0.6051285663,0.6032788301,0.6381911226
5720,1.0,0.0,0.0,0.0,1.0,1.0,0.305822946,0.321249187,0.05131816864,0.05237627029,0.4952681371,0.5927830741,0.6071427135,0.6363641536
5721,1.0,0.0,0.0,0.0,1.0,1.0,0.3206510772,0.3320619583,0.05471867323,0.05553531647,0.4956106062,0.5970151205,0.6058631748,0.6323530043
5722,1.0,0.0,0.0,0.0,1.0,1.0,0.3252423509,0.3382991469,0.05498349667,0.05641531944,0.4762712123,0.5989582317,0.5979381628,0.6446700025
5723,1.0,0.0,0.0,0.0,1.0,1.0,0.3160488716,0.3512025394,0.05560356379,0.05851471424,0.4503310961,0.5916228683,0.6118882707,0.6268658693
5724,1.0,0.0,0.0,0.0,1.0,1.0,0.2442697552,0.2873393772,0.04092556238,0.0464015007,0.4388984084,0.6267613531,0.6392855271,0.6273288734
5725,1.0,0.0,0.0,0.0,1.0,1.0,0.2313195977,0.2716253984,0.03767079115,0.04485988617,0.4558304838,0.6183199343,0.6376305753,0.6089747337
5726,1.0,0.0,0.0,0.0,1.0,1.0,0.2865535678,0.2855549513,0.04735738039,0.0485123992,0.4912588133,0.5731701331,0.6700678888,0.6071423745
5727,1.0,0.0,0.0,0.0,1.0,1.0,0.3417333347,0.3038169532,0.05604577065,0.0515395999,0.4982817332,0.6130659412,0.6644518167,0.6557382926
5728,1.0,0.0,0.0,0.0,1.0,1.0,0.3457621245,0.3242333976,0.05744558573,0.05544495583,0.490533648,0.6069650967,0.6521740646,0.6443305397
5729,1.0,0.0,0.0,0.0,1.0,1.0,0.3494553434,0.2984681175,0.05843108892,0.05112719536,0.4737761714,0.6200001836,0.6348120943,0.6399999067
5730,1.0,0.0,0.0,0.0,1.0,1.0,0.340450715,0.3072607029,0.05729734898,0.0516242981,0.4620573063,0.5841577464,0.6114864457,0.6263739563
5731,1.0,0.0,0.0,0.0,1.0,1.0,0.3443457918,0.2994960134,0.06001067162,0.0521067977,0.4151259987,0.5902442561,0.5521885268,0.6179783507
5732,1.0,0.0,0.0,0.0,1.0,1.0,0.314110387,0.317390297,0.05246835947,0.05274891853,0.4554622556,0.5614973991,0.6283784898,0.6329792764
5733,1.0,0.0,0.0,0.0,1.0,1.0,0.3076513318,0.3129739599,0.05125802755,0.05125802755,0.4557821888,0.5745848387,0.6297579781,0.6243100026
5734,1.0,0.0,0.0,0.0,1.0,1.0,0.3257569025,0.3238607481,0.0545156002,0.05308842659,0.4522184091,0.5811517351,0.627177765,0.6397848376
5735,1.0,0.0,0.0,0.0,1.0,1.0,0.3274329197,0.3366541249,0.05374330282,0.05402469635,0.4631217945,0.5497386496,0.6280701103,0.625
5736,1.0,0.0,0.0,0.0,1.0,1.0,0.3116900769,0.3271554409,0.05221378803,0.05164629221,0.4186440054,0.5869564225,0.5755392614,0.6538458431
5737,1.0,0.0,0.0,0.0,1.0,1.0,0.2960676081,0.3242866206,0.04809743166,0.05087757111,0.4315067953,0.5953756223,0.5567375455,0.6284150125
5738,1.0,0.0,0.0,0.0,1.0,1.0,0.3139694893,0.3268724023,0.05197060108,0.05197060108,0.4194078589,0.5968584346,0.547945262,0.6492140352
5739,1.0,0.0,0.0,0.0,1.0,1.0,0.327120159,0.3376494349,0.05399686098,0.05426818132,0.4325658636,0.5829143288,0.5472973775,0.6399998243
5740,1.0,0.0,0.0,0.0,1.0,1.0,0.3067595424,0.3285838689,0.05067783594,0.05231261253,0.4290429614,0.5967740608,0.558219314,0.6302087369
5741,1.0,0.0,0.0,0.0,1.0,1.0,0.323252057,0.3451681192,0.05430161953,0.05568683147,0.4339934649,0.5867347947,0.5670101341,0.6318409025
5742,1.0,0.0,0.0,0.0,1.0,1.0,0.3057504059,0.3434510187,0.05039650202,0.05418980122,0.4194078912,0.5860217406,0.5463916552,0.635000231
5743,1.0,0.0,0.0,0.0,1.0,1.0,0.3127287008,0.3404138815,0.05173736811,0.05413752794,0.4419354752,0.5876286997,0.5637584773,0.6157636932
5744,1.0,0.0,0.0,0.0,1.0,1.0,0.3036888359,0.3281996027,0.0509018302,0.05359506607,0.4710611094,0.6031749749,0.5742573246,0.6482412787
5745,1.0,0.0,0.0,0.0,1.0,1.0,0.3097782941,0.3287200718,0.05336534977,0.05561226606,0.4698205403,0.5947368656,0.5681062058,0.6363643184
5746,1.0,0.0,0.0,0.0,1.0,1.0,0.2634444101,0.3005077797,0.04306817055,0.04791331291,0.4827017122,0.6000008304,0.5709457906,0.6348307897
5747,1.0,0.0,0.0,0.0,1.0,1.0,0.1588857714,0.2351627916,0.02506011724,0.03664702177,0.5128205031,0.5483863295,0.5847750322,0.5661762912
5748,1.0,0.0,0.0,0.0,1.0,1.0,0.08911139645,0.2146818269,0.01381593943,0.03223711252,0.4493006966,0.6078440678,0.5126354292,0.4537809999
5749,1.0,0.0,0.0,0.0,1.0,1.0,0.08416342035,0.2489453397,0.01334881783,0.03782171011,0.454385926,0.395832217,0.4835163844,0.3235304778
5750,1.0,0.0,0.0,0.0,1.0,1.0,0.0846085456,0.2353755219,0.01338940859,0.03626304865,0.4479717727,0.5000022258,0.4782607855,0.3615376903
5751,1.0,0.0,0.0,0.0,1.0,1.0,0.08016428112,0.2382181402,0.01289874315,0.03729426861,0.4385353465,0.5869550149,0.4838707221,0.4060147612
5752,1.0,0.0,0.0,0.0,1.0,1.0,0.1851484172,0.2435464716,0.02928352356,0.03838133812,0.5395683535,0.6019426171,0.5920578068,0.5555555556
5753,1.0,0.0,0.0,0.0,1.0,1.0,0.1880136835,0.2259277714,0.02708858252,0.03364694118,0.5960395462,0.6210539286,0.6590039602,0.6101696717
5754,1.0,0.0,0.0,0.0,1.0,1.0,0.323399547,0.3244717779,0.0516718626,0.05139702559,0.4440619246,0.6010635475,0.5520835568,0.6363639526
5755,1.0,0.0,0.0,0.0,1.0,1.0,0.3325986838,0.3342726446,0.05413615704,0.05306410789,0.4761120493,0.5940595913,0.5844593491,0.6161616502
5756,1.0,0.0,0.0,0.0,1.0,1.0,0.3196265236,0.3448072998,0.05246329308,0.0551264286,0.4659090352,0.6040607234,0.576666822,0.6280193498
5757,1.0,0.0,0.0,0.0,1.0,1.0,0.3255878472,0.3448071973,0.05400210619,0.05561411381,0.4683954232,0.6069646415,0.580000037,0.6280188629
5758,1.0,0.0,0.0,0.0,1.0,1.0,0.3162998231,0.3387368626,0.05191993713,0.05406093597,0.4747144459,0.6030925113,0.58389264,0.6188114118
5759,1.0,0.0,0.0,0.0,1.0,1.0,0.3216594745,0.3393374362,0.05222135782,0.05355352163,0.4729063822,0.6020403388,0.5878379527,0.6218909958
5760,1.0,0.0,0.0,0.0,1.0,1.0,0.3237860542,0.334272689,0.0521966815,0.05272930861,0.4661158171,0.6071427348,0.5810810147,0.6313133654
5761,1.0,0.0,0.0,0.0,1.0,1.0,0.3265177701,0.3376489993,0.05211371183,0.05290722847,0.4660034406,0.6040605131,0.5777025279,0.6250005633
5762,1.0,0.0,0.0,0.0,1.0,1.0,0.3215449762,0.3404879178,0.05176645517,0.05363434553,0.4693201161,0.5979375864,0.5898305611,0.62189068
5763,1.0,0.0,0.0,0.0,1.0,1.0,0.3144865707,0.3292476189,0.05049532652,0.05208158493,0.4958814102,0.612565822,0.6120402535,0.624365976
5764,1.0,0.0,0.0,0.0,1.0,1.0,0.3144866133,0.3298157738,0.05052727461,0.05237907171,0.4958814169,0.607330127,0.616666454,0.6212113453
5765,1.0,0.0,0.0,0.0,1.0,1.0,0.3105703567,0.32924757,0.04995983839,0.05235153437,0.4925619617,0.6010639631,0.6153847019,0.6243662567
5766,1.0,0.0,0.0,0.0,1.0,1.0,0.3144865007,0.3337008577,0.05074095726,0.05339759588,0.4958813075,0.5968586572,0.6179401325,0.6218908471
5767,1.0,0.0,0.0,0.0,1.0,1.0,0.3129398508,0.3303801838,0.0509173274,0.05304998159,0.495081987,0.5968585346,0.6212623795,0.6231153746
5768,1.0,0.0,0.0,0.0,1.0,1.0,0.3062539366,0.3259048308,0.04929810762,0.05168348551,0.4909390366,0.6021497186,0.6153845286,0.6256404934
5769,1.0,0.0,0.0,0.0,1.0,1.0,0.3091560163,0.3320405312,0.05044066906,0.05337643623,0.4959083828,0.5978831415,0.6245847213,0.6200000447
5770,1.0,0.0,0.0,0.0,1.0,1.0,0.3086512285,0.3325958314,0.05028134584,0.05347383022,0.4901960964,0.5978844948,0.6125827373,0.6218904031
5771,1.0,0.0,0.0,0.0,1.0,1.0,0.3070181424,0.3309408961,0.04974913597,0.05292457342,0.4901960604,0.5957440945,0.6158939978,0.6249995777
5772,1.0,0.0,0.0,0.0,1.0,1.0,0.3051099468,0.3292473482,0.04915690422,0.05234545469,0.4917491133,0.6054047696,0.6153845289,0.6294421272
5773,1.0,0.0,0.0,0.0,1.0,1.0,0.3066283123,0.3342728741,0.04921138287,0.05266946554,0.4941956842,0.5945944309,0.6182433071,0.6111105453
5774,1.0,0.0,0.0,0.0,1.0,1.0,0.3076484546,0.3376493451,0.04918116331,0.05316883326,0.4908485432,0.5945949877,0.6148649365,0.6099997197
5775,1.0,0.0,0.0,0.0,1.0,1.0,0.3064956297,0.3337116813,0.0487433672,0.05218714476,0.5016667882,0.5923905999,0.6135590869,0.6142126994
5776,1.0,0.0,0.0,0.0,1.0,1.0,0.3132577823,0.3393376983,0.05008274317,0.05326265097,0.4991707653,0.5873020974,0.621621714,0.6019903782
5777,1.0,0.0,0.0,0.0,1.0,1.0,0.3048298191,0.3331472968,0.04830104113,0.05173224211,0.5049999219,0.5901645818,0.625850455,0.602040734
5778,1.0,0.0,0.0,0.0,1.0,1.0,0.3081613833,0.3394008679,0.04918789864,0.0529102087,0.5000000934,0.5945947583,0.6177472328,0.6030150301
5779,1.0,0.0,0.0,0.0,1.0,1.0,0.3087979135,0.3348469601,0.0492298007,0.05214118958,0.5,0.6021497956,0.6190475826,0.6142133372
5780,1.0,0.0,0.0,0.0,1.0,1.0,0.3026596356,0.3337122092,0.04848587513,0.05248200893,0.512479262,0.604395064,0.6271186698,0.6091366062
5781,1.0,0.0,0.0,0.0,1.0,1.0,0.2988363976,0.3297481374,0.04814720154,0.05189204216,0.5033223323,0.6055552529,0.619047583,0.6134017303
5782,1.0,0.0,0.0,0.0,1.0,1.0,0.2998323024,0.3331474655,0.04797744751,0.05224215984,0.5166665798,0.5888886956,0.6292517278,0.5969391131
5783,1.0,0.0,0.0,0.0,1.0,1.0,0.2742574447,0.3181613345,0.04402661324,0.04969877005,0.5101010842,0.6073615977,0.6262975039,0.597825396
5784,1.0,0.0,0.0,0.0,1.0,1.0,0.2613142405,0.3071202554,0.04200929403,0.04828339815,0.5059422379,0.5974029475,0.6111111532,0.5932207574
5785,1.0,0.0,0.0,0.0,1.0,1.0,0.2113202777,0.2719331817,0.03318232298,0.04188597202,0.5147313093,0.5983614361,0.6148411056,0.584415067
5786,1.0,0.0,0.0,0.0,1.0,1.0,0.1947189717,0.2701674391,0.03104943037,0.04204040766,0.5224138405,0.5929206428,0.6148411085,0.6013063555
5787,1.0,0.0,0.0,0.0,1.0,1.0,0.2118473255,0.2789960786,0.03386080265,0.04314523935,0.5230768858,0.5967733986,0.6148411297,0.5822779914
5788,1.0,0.0,0.0,0.0,1.0,1.0,0.210052457,0.2795642335,0.03378903866,0.04359871149,0.5254236817,0.5887091937,0.6258739428,0.5812499573
5789,1.0,0.0,0.0,0.0,1.0,1.0,0.2207873352,0.2801200861,0.03575325012,0.04421389103,0.5261383473,0.5877867431,0.6193772894,0.586419803
5790,1.0,0.0,0.0,0.0,1.0,1.0,0.2297375423,0.2826008086,0.03738802671,0.04475647211,0.5302013816,0.5839411287,0.624138053,0.585366146
5791,1.0,0.0,0.0,0.0,1.0,1.0,0.2539839257,0.2923540675,0.04201245308,0.04692298174,0.5214521851,0.5844148843,0.6224490781,0.5930234478
5792,1.0,0.0,0.0,0.0,1.0,1.0,0.2716771767,0.306608522,0.04481607676,0.04916185141,0.5123558196,0.5878793279,0.613559414,0.596684768
5793,1.0,0.0,0.0,0.0,1.0,1.0,0.2737745953,0.3042520765,0.0453312397,0.04888129234,0.5132013739,0.596385162,0.6088436157,0.6033518191
5794,1.0,0.0,0.0,0.0,1.0,1.0,0.2893119893,0.3195496227,0.04805237055,0.05132871866,0.5131578487,0.5852279564,0.6156463923,0.6117019856
5795,1.0,0.0,0.0,0.0,1.0,1.0,0.3073944504,0.3308965388,0.05140131712,0.0538751483,0.5115131541,0.5828871796,0.6114865533,0.596938736
5796,1.0,0.0,0.0,0.0,1.0,1.0,0.2998326706,0.3269362655,0.0500856638,0.05282258987,0.5032787029,0.5901644417,0.6067797285,0.6113994782
5797,1.0,0.0,0.0,0.0,1.0,1.0,0.3019658571,0.3275196263,0.05038225651,0.05312043428,0.509031211,0.5869564189,0.6148650287,0.6082474111
5798,1.0,0.0,0.0,0.0,1.0,1.0,0.3091565728,0.3342726786,0.0511969924,0.05363488197,0.5139117092,0.5820106806,0.6216216819,0.6010097306
5799,1.0,0.0,0.0,0.0,1.0,1.0,0.3063862619,0.3331475573,0.05067652464,0.05365753174,0.5098360718,0.5989313241,0.6195287653,0.6111112345
5800,1.0,0.0,0.0,0.0,1.0,1.0,0.3118129036,0.3348299234,0.05178171396,0.0542345047,0.5123153558,0.5947375146,0.619528679,0.6080399691
5801,1.0,0.0,0.0,0.0,1.0,1.0,0.3194937574,0.336512689,0.05305045843,0.05441075563,0.5114754257,0.5897438202,0.6161615566,0.6050001041
5802,1.0,0.0,0.0,0.0,1.0,1.0,0.3151836279,0.3348302556,0.05262643099,0.05426251888,0.516339804,0.5958546875,0.6161615381,0.6130656192
5803,1.0,0.0,0.0,0.0,1.0,1.0,0.3173349785,0.3376492446,0.0522428751,0.05385863781,0.5122750118,0.5876290659,0.6182432634,0.6050002324
5804,1.0,0.0,0.0,0.0,1.0,1.0,0.3227705765,0.3381953293,0.05349224806,0.0545784235,0.5131147317,0.5939087482,0.6161615938,0.6119404941
5805,1.0,0.0,0.0,0.0,1.0,1.0,0.3227192292,0.3387938832,0.0536711216,0.05476647615,0.5123558236,0.5867342179,0.6169489676,0.6050004952
5806,1.0,0.0,0.0,0.0,1.0,1.0,0.3205445199,0.3398774726,0.05330240726,0.05521583557,0.5098683291,0.5948722192,0.6127944954,0.6089102819
5807,1.0,0.0,0.0,0.0,1.0,1.0,0.3183769331,0.3393378153,0.05289137363,0.05479991436,0.5123153681,0.5979377261,0.6182433891,0.606965488
5808,1.0,0.0,0.0,0.0,1.0,1.0,0.3194264832,0.3410255171,0.0529127717,0.05509465933,0.5074136404,0.5927833832,0.6148649471,0.6089112713
5809,1.0,0.0,0.0,0.0,1.0,1.0,0.3178552608,0.3398776719,0.05292141438,0.05510377884,0.5081966744,0.6030923307,0.6161615493,0.6089110946
5810,1.0,0.0,0.0,0.0,1.0,1.0,0.3271201226,0.3444019877,0.05449157953,0.05586063862,0.5065789568,0.5929653463,0.6114865585,0.6078430536
5811,1.0,0.0,0.0,0.0,1.0,1.0,0.3282237303,0.3472639258,0.05438047647,0.05574005842,0.5139572424,0.5949999616,0.6169492444,0.6097557324
5812,1.0,0.0,0.0,0.0,1.0,1.0,0.3276587666,0.3455695032,0.05452293158,0.05589282513,0.5107083179,0.5979898179,0.6169492038,0.6127450876
5813,1.0,0.0,0.0,0.0,1.0,1.0,0.3254763524,0.3484444759,0.05387228727,0.05577677488,0.5082236321,0.5909095435,0.6156460964,0.6048778611
5814,1.0,0.0,0.0,0.0,1.0,1.0,0.324901066,0.345045548,0.05401277542,0.05565786362,0.5148514355,0.5989854158,0.622448742,0.6157633885
5815,1.0,0.0,0.0,0.0,1.0,1.0,0.3221342653,0.3421818224,0.05316007137,0.05506837368,0.5107438527,0.5948717201,0.6203390433,0.6138615469
5816,1.0,0.0,0.0,0.0,1.0,1.0,0.3193580966,0.3354059395,0.05278354883,0.05415099859,0.511589412,0.6010359535,0.6237289412,0.6161619719
5817,1.0,0.0,0.0,0.0,1.0,1.0,0.3221345016,0.3404878335,0.05299806595,0.05462872982,0.5090908729,0.5897431283,0.6169492369,0.6119399728
5818,1.0,0.0,0.0,0.0,1.0,1.0,0.3204824614,0.3421818336,0.05252289772,0.0546887517,0.5123966792,0.5979382379,0.6135591311,0.6089109289
5819,1.0,0.0,0.0,0.0,1.0,1.0,0.3243221608,0.3450453759,0.05336922407,0.0552752614,0.5099337329,0.5969385305,0.6156460952,0.6108371569
5820,1.0,0.0,0.0,0.0,1.0,1.0,0.3215453689,0.3416463144,0.05277627707,0.05468058586,0.517412854,0.5876282838,0.6190478319,0.6069656459
5821,1.0,0.0,0.0,0.0,1.0,1.0,0.323202809,0.34334566,0.05285674334,0.05475413799,0.510779392,0.5948720609,0.6122451039,0.6138618496
5822,1.0,0.0,0.0,0.0,1.0,1.0,0.326583065,0.3477787879,0.05422782898,0.05613529682,0.5106731824,0.5879398808,0.6182433256,0.6116507432
5823,1.0,0.0,0.0,0.0,1.0,1.0,0.3204191896,0.3416460908,0.05266243219,0.0548453331,0.5166113854,0.595854805,0.6190477075,0.6019896713
5824,1.0,0.0,0.0,0.0,1.0,1.0,0.3166548723,0.3359609363,0.05271524191,0.05463713408,0.5082507353,0.604166596,0.611486515,0.6180902604
5825,1.0,0.0,0.0,0.0,1.0,1.0,0.3183041385,0.3382464504,0.05276012421,0.05440032482,0.5115510786,0.6010361875,0.6156461488,0.6080404433
5826,1.0,0.0,0.0,0.0,1.0,1.0,0.3194261444,0.3393374794,0.05295181274,0.05486243963,0.5107084654,0.6030928067,0.6114864778,0.6169154067
5827,1.0,0.0,0.0,0.0,1.0,1.0,0.3226154577,0.3433458632,0.05304527283,0.05523270369,0.5174708411,0.5876283215,0.6156460909,0.6039598511
5828,1.0,0.0,0.0,0.0,1.0,1.0,0.326550555,0.3432426466,0.05369949341,0.05532670021,0.5115511539,0.5959588336,0.612794629,0.612744929
5829,1.0,0.0,0.0,0.0,1.0,1.0,0.3221883206,0.3415599112,0.05327552557,0.05517822504,0.5115131368,0.5969389639,0.6094278132,0.60591075
5830,1.0,0.0,0.0,0.0,1.0,1.0,0.3243659656,0.3444020819,0.054058671,0.05597949028,0.5123557692,0.5939088421,0.614864684,0.607843012
5831,1.0,0.0,0.0,0.0,1.0,1.0,0.3210729791,0.3410255488,0.05348885059,0.05540889502,0.5140032082,0.594871372,0.6148648748,0.6089110775
5832,1.0,0.0,0.0,0.0,1.0,1.0,0.3270900389,0.3444024799,0.05424171686,0.05588543415,0.5173554239,0.590909041,0.6148647408,0.6078432
5833,1.0,0.0,0.0,0.0,1.0,1.0,0.3204819347,0.3370997101,0.0529987812,0.05436474085,0.5157023793,0.5927840733,0.613559178,0.6080404434
5834,1.0,0.0,0.0,0.0,1.0,1.0,0.3216026878,0.3404878821,0.05319857597,0.05483543873,0.514851519,0.5897443654,0.613559248,0.6019895955
5835,1.0,0.0,0.0,0.0,1.0,1.0,0.3166549835,0.3371000443,0.05273258686,0.05465513468,0.5148514905,0.598958298,0.6135595713,0.6080400366
5836,1.0,0.0,0.0,0.0,1.0,1.0,0.31777988,0.3404879348,0.05236929655,0.05454003811,0.5156507163,0.5958552761,0.6101693528,0.5970143055
5837,1.0,0.0,0.0,0.0,1.0,1.0,0.2915040446,0.3194094829,0.04734915495,0.05032539368,0.5199999486,0.5999997482,0.6151205011,0.6021508433
5838,1.0,0.0,0.0,0.0,1.0,1.0,0.2569515403,0.2970851989,0.04233551025,0.04755878448,0.5258764164,0.5779222608,0.618556655,0.5838145942
5839,1.0,0.0,0.0,0.0,1.0,1.0,0.2619574234,0.299832575,0.04334127903,0.04803425074,0.5242070129,0.5796181235,0.6137932189,0.5919534025
5840,1.0,0.0,0.0,0.0,1.0,1.0,0.2727261369,0.3080471824,0.044888556,0.04926794767,0.5158071287,0.5853659184,0.6061643797,0.5833344423
5841,1.0,0.0,0.0,0.0,1.0,1.0,0.2669629768,0.306725094,0.0437271595,0.04864639044,0.5075125868,0.5812491481,0.6,0.5898883908
5842,1.0,0.0,0.0,0.0,1.0,1.0,0.2639723205,0.3022367188,0.04326462746,0.04789036512,0.5149502247,0.5911952718,0.6048108582,0.602272402
5843,1.0,0.0,0.0,0.0,1.0,1.0,0.2669624983,0.3067252459,0.0439914465,0.04894053936,0.5125209092,0.5937505928,0.6034480376,0.6011233902
5844,1.0,0.0,0.0,0.0,1.0,1.0,0.2772535262,0.311469744,0.04603564739,0.05017060041,0.5132891257,0.5808389979,0.6095888764,0.5989013013
5845,1.0,0.0,0.0,0.0,1.0,1.0,0.2746808879,0.3131810922,0.04494953156,0.04955279827,0.5066224556,0.590361318,0.595890091,0.5956278763
5846,1.0,0.0,0.0,0.0,1.0,1.0,0.2822347018,0.3131813414,0.04574388266,0.04924190044,0.5116279241,0.5941169189,0.602739752,0.5956276282
5847,1.0,0.0,0.0,0.0,1.0,1.0,0.2829548355,0.3121124722,0.04658997059,0.04985940456,0.4983444074,0.6023386426,0.5972695354,0.6010924062
5848,1.0,0.0,0.0,0.0,1.0,1.0,0.3016558017,0.3274622241,0.04963630438,0.0523635745,0.5091210274,0.5934057753,0.6040954257,0.6041661212
5849,1.0,0.0,0.0,0.0,1.0,1.0,0.2996648884,0.3194092294,0.04926776886,0.051194489,0.5108878202,0.5921790616,0.6048110285,0.6075263622
5850,1.0,0.0,0.0,0.0,1.0,1.0,0.3099430852,0.3308728495,0.05092024803,0.05282628536,0.5058042221,0.5882348121,0.6006825939,0.6030929347
5851,1.0,0.0,0.0,0.0,1.0,1.0,0.3054773341,0.3291679039,0.04995572567,0.05239921808,0.5033222361,0.5869567292,0.6040956104,0.6062178582
5852,1.0,0.0,0.0,0.0,1.0,1.0,0.3109745334,0.3376954008,0.05097723007,0.05397588015,0.5124791632,0.5882355692,0.6109215272,0.6010104189
5853,1.0,0.0,0.0,0.0,1.0,1.0,0.3125344099,0.3359896751,0.05112564564,0.05385965109,0.5250835767,0.5882359113,0.621160454,0.5939089103
5854,1.0,0.0,0.0,0.0,1.0,1.0,0.3204191803,0.3382466032,0.05298799276,0.05463528633,0.5182724582,0.5906730214,0.6190476542,0.6030145272
5855,1.0,0.0,0.0,0.0,1.0,1.0,0.3320408241,0.3506518149,0.05534088612,0.05727779865,0.5132890036,0.58500042,0.6135594865,0.5990340929
5856,1.0,0.0,0.0,0.0,1.0,1.0,0.3276042772,0.3455694436,0.05416977406,0.05609452724,0.5207986566,0.5939087914,0.6203388461,0.6029412077
5857,1.0,0.0,0.0,0.0,1.0,1.0,0.3265174145,0.3467453436,0.05350863934,0.0554100275,0.5124378182,0.5837560681,0.6156463714,0.6078433693
5858,1.0,0.0,0.0,0.0,1.0,1.0,0.3298488848,0.3489577419,0.05458986759,0.05622756481,0.513201288,0.5900000655,0.6135593622,0.6067958386
5859,1.0,0.0,0.0,0.0,1.0,1.0,0.3325957503,0.3494669469,0.05497306585,0.05661404133,0.5165563117,0.5920394234,0.6148647058,0.6135260564
5860,1.0,0.0,0.0,0.0,1.0,1.0,0.3364622743,0.3494673998,0.05569577217,0.0567932725,0.5174129183,0.5960585176,0.6182431949,0.6135261898
5861,1.0,0.0,0.0,0.0,1.0,1.0,0.3292863,0.347778706,0.05431771278,0.05622839928,0.5132450744,0.5879403051,0.6148648599,0.6019413668
5862,1.0,0.0,0.0,0.0,1.0,1.0,0.3186867697,0.3382463864,0.05223244429,0.05442017317,0.5208681166,0.5916228753,0.6190476543,0.5979897461
5863,1.0,0.0,0.0,0.0,1.0,1.0,0.3108632942,0.3337177492,0.05070465803,0.05315810442,0.5301002953,0.5860220552,0.6232876687,0.6
5864,1.0,0.0,0.0,0.0,1.0,1.0,0.2857936803,0.3131813987,0.04625225067,0.0494980216,0.538461496,0.5906436215,0.6335617846,0.6010929159
5865,1.0,0.0,0.0,0.0,1.0,1.0,0.243475369,0.2900478875,0.03905493021,0.04533654451,0.5519591404,0.5944053489,0.6328673222,0.6024090842
5866,1.0,0.0,0.0,0.0,1.0,1.0,0.2348602912,0.2906177758,0.03756958246,0.04497379065,0.5471699695,0.591241177,0.6241136473,0.6036592073
5867,1.0,0.0,0.0,0.0,1.0,1.0,0.2255152885,0.2860590983,0.03634285927,0.04460251331,0.5299146216,0.575757874,0.6148409313,0.5987657456
5868,1.0,0.0,0.0,0.0,1.0,1.0,0.2129396162,0.2837699416,0.03402274847,0.04362589121,0.5274913686,0.5806445962,0.6035717,0.5974838815
5869,1.0,0.0,0.0,0.0,1.0,1.0,0.2026359261,0.2829962205,0.03210484982,0.04298788309,0.5274914535,0.6016950411,0.60573458,0.61392341
5870,1.0,0.0,0.0,0.0,1.0,1.0,0.208430469,0.2855546029,0.03339195251,0.04379272461,0.5367520617,0.5901639344,0.6214287213,0.6125
5871,1.0,0.0,0.0,0.0,1.0,1.0,0.1971454042,0.2819855151,0.03167438507,0.04351788759,0.5351630654,0.6086961431,0.6142855708,0.6139234005
5872,1.0,0.0,0.0,0.0,1.0,1.0,0.1967813297,0.2842618465,0.0308868289,0.04253715277,0.5336788116,0.6228080163,0.6123187901,0.617833547
5873,1.0,0.0,0.0,0.0,1.0,1.0,0.1826564476,0.2778231398,0.02902168036,0.04216361046,0.5344827101,0.6132083803,0.6064981241,0.6103892065
5874,1.0,0.0,0.0,0.0,1.0,1.0,0.1671539617,0.276402124,0.02641260624,0.04154479504,0.5313589553,0.6354162435,0.6043954301,0.6158942678
5875,1.0,0.0,0.0,0.0,1.0,1.0,0.1622130727,0.2792555369,0.02562820911,0.0418869257,0.5357766087,0.6344070517,0.6029410713,0.6052627834
5876,1.0,0.0,0.0,0.0,1.0,1.0,0.1472861877,0.2802861164,0.02313244343,0.0418586731,0.5368421352,0.619047251,0.5977859587,0.578946619
5877,1.0,0.0,0.0,0.0,1.0,1.0,0.1251476722,0.2994652492,0.01971590519,0.04463458061,0.5182608386,0.6388907364,0.5772057471,0.5644166208
5878,1.0,0.0,0.0,0.0,1.0,1.0,0.1223090278,0.2979814471,0.01925122738,0.04427790642,0.5227273631,0.6428562582,0.5814813953,0.5527946046
5879,1.0,0.0,0.0,0.0,1.0,1.0,0.112218112,0.3120936124,0.01759052277,0.04617512226,0.5157894176,0.6406241529,0.5799255188,0.5535711059
5880,1.0,0.0,0.0,0.0,1.0,1.0,0.11241525,0.3046624227,0.01764851809,0.04522430897,0.5166960145,0.6562498945,0.5724909272,0.5548779684
5881,1.0,0.0,0.0,0.0,1.0,1.0,0.1087113713,0.3083778738,0.01719212532,0.04603046179,0.5210525671,0.6290303568,0.5799255273,0.5361450697
5882,1.0,0.0,0.0,0.0,1.0,1.0,0.1089024224,0.3109375206,0.01712816954,0.0464117527,0.5237258974,0.7096773071,0.5888888933,0.535715203
5883,1.0,0.0,0.0,0.0,1.0,1.0,0.1172726995,0.3039342568,0.01840609312,0.04477888346,0.5061296986,0.6865671642,0.5708954726,0.5398774068
5884,1.0,0.0,0.0,0.0,1.0,1.0,0.1118379889,0.3111470103,0.01729667187,0.04530084133,0.5062167223,0.7301595506,0.5660378131,0.5454539474
5885,1.0,0.0,0.0,0.0,1.0,1.0,0.1080959078,0.3230133757,0.01687073708,0.04701668024,0.503546083,0.6885254589,0.5627375071,0.5352943488
5886,1.0,0.0,0.0,0.0,1.0,1.0,0.1061355121,0.3242461462,0.01679944992,0.04759836197,0.4955752079,0.6833328603,0.5572518774,0.523529618
5887,1.0,0.0,0.0,0.0,1.0,1.0,0.1084803382,0.3312328821,0.01691257954,0.04796522856,0.4946620231,0.6885242435,0.5593868312,0.5260120563
5888,1.0,0.0,0.0,0.0,1.0,1.0,0.1045515278,0.3312329958,0.01625210047,0.04765450954,0.498226863,0.6779638017,0.5632183099,0.5202311416
5889,1.0,0.0,0.0,0.0,1.0,1.0,0.1118378342,0.3344285435,0.01744556427,0.04818308353,0.4902308875,0.6984126442,0.5500001655,0.5287353194
5890,1.0,0.0,0.0,0.0,1.0,1.0,0.1120372103,0.3331472676,0.01745259762,0.04820233583,0.5017794343,0.6349220986,0.5632183955,0.5172406118
5891,1.0,0.0,0.0,0.0,1.0,1.0,0.110853317,0.3350623258,0.01716953516,0.04769331217,0.4894365764,0.6825419969,0.5517240513,0.5314280501
5892,1.0,0.0,0.0,0.0,1.0,1.0,0.1165426454,0.3357199952,0.01807969809,0.04766470194,0.4893992325,0.6666666667,0.5482626277,0.5229885417
5893,1.0,0.0,0.0,0.0,1.0,1.0,0.1233880444,0.3428320459,0.01941245794,0.04908573627,0.4885361415,0.6857135839,0.5542636385,0.5367227591
5894,1.0,0.0,0.0,0.0,1.0,1.0,0.1229541901,0.3519435753,0.01943582296,0.05025547743,0.4780316938,0.6714293162,0.5330740063,0.5303867534
5895,1.0,0.0,0.0,0.0,1.0,1.0,0.1249302616,0.362892698,0.01927983761,0.05040299892,0.4857142747,0.5857164056,0.5357141324,0.5081963336
5896,1.0,0.0,0.0,0.0,1.0,1.0,0.1307512238,0.3732855694,0.02050298452,0.05224055052,0.4802866634,0.5753423861,0.5261044057,0.505376798
5897,1.0,0.0,0.0,0.0,1.0,1.0,0.1371783259,0.3853271037,0.0215100646,0.05363547802,0.4830659106,0.5584420263,0.5301205542,0.4947913773
5898,1.0,0.0,0.0,0.0,1.0,1.0,0.1476044557,0.3864234953,0.02286964655,0.05262768269,0.480427038,0.5662659081,0.5222673199,0.5078532549
5899,1.0,0.0,0.0,0.0,1.0,1.0,0.1500928229,0.3981515874,0.02363467216,0.05449879169,0.4752650454,0.5529425709,0.5162600475,0.505102052
5900,1.0,0.0,0.0,0.0,1.0,1.0,0.1519724617,0.4105591262,0.02397662401,0.0558513999,0.4669051943,0.5294100099,0.5062236864,0.5000005336
5901,1.0,0.0,0.0,0.0,1.0,1.0,0.1668729091,0.4077222186,0.0263197422,0.05518651009,0.4685817076,0.5376337268,0.5104599599,0.5025640583
5902,1.0,0.0,0.0,0.0,1.0,1.0,0.1683843715,0.4160856597,0.02656650543,0.05684655905,0.4746377161,0.5376341674,0.5104603076,0.5025127736
5903,1.0,0.0,0.0,0.0,1.0,1.0,0.1764779317,0.4199335798,0.02767950296,0.05648881197,0.473873943,0.5510212431,0.5126049862,0.5100002638
5904,1.0,0.0,0.0,0.0,1.0,1.0,0.1825380649,0.4238139758,0.02890568972,0.05752521753,0.4683544089,0.5544553435,0.5021098195,0.5124384399
5905,1.0,0.0,0.0,0.0,1.0,1.0,0.1843453602,0.4340799211,0.02905285358,0.05839061737,0.4575044018,0.558823288,0.4872879798,0.5073170333
5906,1.0,0.0,0.0,0.0,1.0,1.0,0.1896750788,0.4434754874,0.02976751328,0.05867636204,0.465328438,0.5480761529,0.4978353886,0.5073169542
5907,1.0,0.0,0.0,0.0,1.0,1.0,0.1904559805,0.4480256476,0.03006470203,0.05955684185,0.46279487,0.5428566897,0.4913795693,0.5
5908,1.0,0.0,0.0,0.0,1.0,1.0,0.1969432664,0.447348763,0.0305544734,0.05853903294,0.4843460687,0.5420556007,0.5065504312,0.5024385972
5909,1.0,0.0,0.0,0.0,1.0,1.0,0.1980543897,0.4517129417,0.03104186058,0.05949693918,0.4733945083,0.5370375349,0.4978167658,0.5072465946
5910,1.0,0.0,0.0,0.0,1.0,1.0,0.2024418774,0.4434751535,0.03176182508,0.0586591363,0.4616787926,0.5405414028,0.489177378,0.5121949485
5911,1.0,0.0,0.0,0.0,1.0,1.0,0.2045961651,0.446102478,0.03264242411,0.06008505821,0.4601449566,0.5398238653,0.4892705021,0.5144227526
5912,1.0,0.0,0.0,0.0,1.0,1.0,0.1995257972,0.456641464,0.03159487247,0.06089186668,0.4718692844,0.5363628475,0.5043105317,0.5047171289
5913,1.0,0.0,0.0,0.0,1.0,1.0,0.2024417101,0.4456384594,0.03207975626,0.05953538418,0.461678805,0.5405409423,0.4935066326,0.509708281
5914,1.0,0.0,0.0,0.0,1.0,1.0,0.212877482,0.441564119,0.0338922739,0.05888068676,0.4566786885,0.5508460865,0.4913792872,0.512195122
5915,1.0,0.0,0.0,0.0,1.0,1.0,0.2122223501,0.4499648484,0.03379762173,0.06008470058,0.4664247011,0.5470080948,0.5021646703,0.5096155563
5916,1.0,0.0,0.0,0.0,1.0,1.0,0.2096481529,0.447802074,0.03319716454,0.05923968554,0.462929528,0.5344820776,0.4891775282,0.5072458664
5917,1.0,0.0,0.0,0.0,1.0,1.0,0.2085952318,0.4521283187,0.03290706873,0.05980491638,0.4682395058,0.5391304663,0.5021645256,0.5119618083
5918,1.0,0.0,0.0,0.0,1.0,1.0,0.2104088192,0.4564551317,0.03353255987,0.06099456549,0.4664247353,0.5431020845,0.4978355249,0.5071087315
5919,1.0,0.0,0.0,0.0,1.0,1.0,0.2119474028,0.4606120126,0.03336167336,0.06097131968,0.4588664527,0.5344835595,0.4956520251,0.5047173362
5920,1.0,0.0,0.0,0.0,1.0,1.0,0.2038934324,0.4564548531,0.03234934807,0.06094384193,0.4626594033,0.5267848588,0.5021642664,0.4976302437
5921,1.0,0.0,0.0,0.0,1.0,1.0,0.2141660887,0.456266986,0.03378528357,0.06064027548,0.467032966,0.5384608599,0.5043479626,0.4999995085
5922,1.0,0.0,0.0,0.0,1.0,1.0,0.2129956294,0.4562671201,0.03380823135,0.06068152189,0.4626594488,0.5213678227,0.491304605,0.5000004911
5923,1.0,0.0,0.0,0.0,1.0,1.0,0.2115609855,0.4564551204,0.0335854888,0.06109076738,0.4598540023,0.5517249335,0.4978353706,0.4976305768
5924,1.0,0.0,0.0,0.0,1.0,1.0,0.206780932,0.4631036353,0.03274101019,0.06174844503,0.4591650357,0.5175449615,0.4913793373,0.4930234264
5925,1.0,0.0,0.0,0.0,1.0,1.0,0.213262325,0.4654049716,0.0339050889,0.06235086918,0.4683543331,0.5254231031,0.506437795,0.4976961477
5926,1.0,0.0,0.0,0.0,1.0,1.0,0.2067811248,0.4649581959,0.03266686201,0.06132203341,0.4609800182,0.5175446439,0.4956523704,0.4953271391
5927,1.0,0.0,0.0,0.0,1.0,1.0,0.2092692748,0.4652573528,0.03330785036,0.06202155352,0.4602888208,0.5344829129,0.4956896976,0.4999995195
5928,1.0,0.0,0.0,0.0,1.0,1.0,0.2060329951,0.4607813698,0.03294533491,0.06155580282,0.4556961648,0.5438594904,0.4978353781,0.4976523503
5929,1.0,0.0,0.0,0.0,1.0,1.0,0.2082170887,0.4627852387,0.03341037035,0.06188184023,0.4565216866,0.5391297212,0.4913042083,0.5164317259
5930,1.0,0.0,0.0,0.0,1.0,1.0,0.2117311367,0.4527387324,0.03380411863,0.06073278189,0.4506283364,0.5508473231,0.4871791112,0.4999995093
5931,1.0,0.0,0.0,0.0,1.0,1.0,0.210409048,0.4632607968,0.03336161375,0.06212157011,0.4718692108,0.5258622692,0.5021462261,0.4861119507
5932,1.0,0.0,0.0,0.0,1.0,1.0,0.2042653696,0.4672717025,0.0324139595,0.06251269579,0.4689780628,0.5267847949,0.4978358161,0.4953703748
5933,1.0,0.0,0.0,0.0,1.0,1.0,0.1995221496,0.4734195122,0.03140538931,0.06223452091,0.4670329972,0.4954117993,0.4956141266,0.481482049
5934,1.0,0.0,0.0,0.0,1.0,1.0,0.1987940277,0.4671306882,0.03144884109,0.06203216314,0.4708029843,0.5137616939,0.4956524354,0.497674222
5935,1.0,0.0,0.0,0.0,1.0,1.0,0.2020729022,0.4629449619,0.03186273575,0.06142908335,0.4681238888,0.5045045719,0.4978357759,0.4953275199
5936,1.0,0.0,0.0,0.0,1.0,1.0,0.2020726018,0.4715982664,0.03172260523,0.06230217218,0.4735882612,0.5135142245,0.5021643068,0.4908257012
5937,1.0,0.0,0.0,0.0,1.0,1.0,0.2017056214,0.4715982673,0.03191769123,0.06268519163,0.4745455371,0.4954957142,0.5021645352,0.4862377732
5938,1.0,0.0,0.0,0.0,1.0,1.0,0.2046387026,0.4693032125,0.03240424395,0.06249397993,0.4643509415,0.5178578983,0.4956519598,0.4953708958
5939,1.0,0.0,0.0,0.0,1.0,1.0,0.202464974,0.471227899,0.03142374754,0.06141918898,0.4732964351,0.5000009484,0.4956142056,0.4883724767
5940,1.0,0.0,0.0,0.0,1.0,1.0,0.1984048742,0.4668446461,0.03083449602,0.06138086319,0.4842300539,0.5046731501,0.5087718105,0.4929578559
5941,1.0,0.0,0.0,0.0,1.0,1.0,0.2006246566,0.4668446106,0.03122508526,0.0610178113,0.4843463403,0.4770649207,0.5043861209,0.4835680843
5942,1.0,0.0,0.0,0.0,1.0,1.0,0.1973066917,0.4644983518,0.03109663725,0.06132143736,0.4833948709,0.48598181,0.5022026133,0.4834122762
5943,1.0,0.0,0.0,0.0,1.0,1.0,0.1980547182,0.4607812401,0.03113818169,0.06141132116,0.4733944961,0.5,0.5108226309,0.4929579515
5944,1.0,0.0,0.0,0.0,1.0,1.0,0.1991506422,0.4668446574,0.03085118532,0.06084543467,0.4686348425,0.499999034,0.4912282868,0.4835675738
5945,1.0,0.0,0.0,0.0,1.0,1.0,0.1932621045,0.4646532183,0.03001463413,0.06060105562,0.4788213116,0.4761896251,0.4956140431,0.4858490612
5946,1.0,0.0,0.0,0.0,1.0,1.0,0.1998882924,0.4562668378,0.03119683266,0.06010401249,0.4678899766,0.4954126512,0.4913043163,0.4857136907
5947,1.0,0.0,0.0,0.0,1.0,1.0,0.2013530676,0.4564552556,0.03170901537,0.06082355976,0.472527512,0.4999990601,0.5064933438,0.4881522858
5948,1.0,0.0,0.0,0.0,1.0,1.0,0.2028117763,0.4586186122,0.03207153082,0.06125378609,0.4661791911,0.5405401889,0.4935067543,0.5094339806
5949,1.0,0.0,0.0,0.0,1.0,1.0,0.2013531042,0.4538948285,0.03154230118,0.059643507,0.4615383884,0.5181824366,0.4890827773,0.5048078653
5950,1.0,0.0,0.0,0.0,1.0,1.0,0.2017222292,0.4584397582,0.03153920174,0.06049793959,0.466055014,0.5181804437,0.4956524449,0.5023699811
5951,1.0,0.0,0.0,0.0,1.0,1.0,0.2024650947,0.4604419493,0.03204542398,0.06146901846,0.4677716706,0.50000093,0.4978165062,0.4976306121
5952,1.0,0.0,0.0,0.0,1.0,1.0,0.1987840077,0.4712279505,0.03103417158,0.06178098917,0.4677716225,0.5092583167,0.4956142026,0.4976744141
5953,1.0,0.0,0.0,0.0,1.0,1.0,0.2028386806,0.4648060047,0.0318390727,0.06165206432,0.4833949566,0.5090916579,0.5109172229,0.4976526321
5954,1.0,0.0,0.0,0.0,1.0,1.0,0.202093275,0.4689011956,0.03168183565,0.06134748459,0.4724265314,0.5000009407,0.5066081884,0.4882631845
5955,1.0,0.0,0.0,0.0,1.0,1.0,0.2009845121,0.4671302374,0.03158587217,0.06173604727,0.4771481539,0.4909090566,0.50869556,0.4883722951
5956,1.0,0.0,0.0,0.0,1.0,1.0,0.198418588,0.4564550258,0.03118854761,0.0609331727,0.4724265368,0.5092602679,0.5108225611,0.5023696822
5957,1.0,0.0,0.0,0.0,1.0,1.0,0.1926197835,0.4562668713,0.03039491177,0.06021630764,0.4690910183,0.4905675547,0.5043476376,0.490475738
5958,1.0,0.0,0.0,0.0,1.0,1.0,0.1987839839,0.4626237138,0.03130930662,0.06145900488,0.4714549563,0.5092588186,0.5021834296,0.4952822732
5959,1.0,0.0,0.0,0.0,1.0,1.0,0.2031833174,0.4629447824,0.03189814091,0.06149727106,0.4706960719,0.513513665,0.5021645158,0.5000004846
5960,1.0,0.0,0.0,0.0,1.0,1.0,0.2093546732,0.4521282184,0.03317052126,0.0602838397,0.4644809113,0.5478258213,0.5021647634,0.5023922404
5961,1.0,0.0,0.0,0.0,1.0,1.0,0.2075344777,0.4607817884,0.03258556128,0.06088352203,0.4699451872,0.5438590073,0.506493401,0.5023476293
5962,1.0,0.0,0.0,0.0,1.0,1.0,0.2031832224,0.4627853798,0.03185266256,0.06112271547,0.4743590012,0.5225234329,0.5086957091,0.4929578564
5963,1.0,0.0,0.0,0.0,1.0,1.0,0.2028389675,0.4627849466,0.03176307678,0.06150478125,0.4704797431,0.5272717378,0.5,0.4929579922
5964,1.0,0.0,0.0,0.0,1.0,1.0,0.1980542388,0.4691705357,0.0309368968,0.06158745289,0.4752294355,0.4999990367,0.5065501232,0.4930230938
5965,1.0,0.0,0.0,0.0,1.0,1.0,0.1984188679,0.4649575752,0.03105199337,0.06152886152,0.4705882913,0.5,0.5,0.4953273472
5966,1.0,0.0,0.0,0.0,1.0,1.0,0.1991575731,0.4674116866,0.03104549646,0.06180620193,0.4698354033,0.5229362378,0.4956893598,0.497696097
5967,1.0,0.0,0.0,0.0,1.0,1.0,0.2035900382,0.4711030923,0.0313834548,0.06105512381,0.4740740512,0.5000009496,0.4977972555,0.5000004881
5968,1.0,0.0,0.0,0.0,1.0,1.0,0.1998884261,0.4587956609,0.03174680471,0.0614733696,0.4618182118,0.4909082034,0.4956896379,0.4788733623
5969,1.0,0.0,0.0,0.0,1.0,1.0,0.1951893395,0.460781412,0.03091174364,0.06096482277,0.4538879568,0.5370362872,0.4891773897,0.4976525684
5970,1.0,0.0,0.0,0.0,1.0,1.0,0.1886424774,0.4587958578,0.03021168709,0.06187587976,0.4537204997,0.5192298587,0.4870690551,0.488262748
5971,1.0,0.0,0.0,0.0,1.0,1.0,0.1736554908,0.4709759293,0.02744179964,0.06218189001,0.4565618931,0.4148941023,0.4690265447,0.4460099747
5972,1.0,0.0,0.0,0.0,1.0,1.0,0.173977015,0.4553009628,0.02731752396,0.05957537889,0.4574073055,0.4361701199,0.4755554098,0.4634145365
5973,1.0,0.0,0.0,0.0,1.0,1.0,0.1678028792,0.4473485462,0.02637606859,0.05941867828,0.4575645666,0.4285711057,0.4759827483,0.4487801942
5974,1.0,0.0,0.0,0.0,1.0,1.0,0.1608504419,0.4274207207,0.02557635307,0.05776232481,0.457504614,0.4606758331,0.4851060733,0.4577114017
5975,1.0,0.0,0.0,0.0,1.0,1.0,0.1501845674,0.4226805195,0.02407467365,0.05818039179,0.466905134,0.4285700138,0.5000002165,0.4581279678
5976,1.0,0.0,0.0,0.0,1.0,1.0,0.1558269088,0.4286308804,0.02493315935,0.05875056982,0.4516128371,0.4827579612,0.4937236365,0.4682931729
5977,1.0,0.0,0.0,0.0,1.0,1.0,0.1466086002,0.4244491008,0.02350789309,0.05819636583,0.454382874,0.4512204707,0.4895397617,0.4581281949
5978,1.0,0.0,0.0,0.0,1.0,1.0,0.1515399651,0.4265401393,0.0239366293,0.058131814,0.4602888236,0.4285714286,0.4937236334,0.4460786023
5979,1.0,0.0,0.0,0.0,1.0,1.0,0.1306689571,0.430372075,0.02091503143,0.05963617563,0.4646643317,0.459458073,0.5102038885,0.4597158103
5980,1.0,0.0,0.0,0.0,1.0,1.0,0.13243481,0.4201732927,0.02093929052,0.057513237,0.469964641,0.4000022772,0.5061224614,0.4514567132
5981,1.0,0.0,0.0,0.0,1.0,1.0,0.1345750543,0.397736891,0.02116841078,0.05503773689,0.4757631179,0.4000005631,0.5102040201,0.446153263
5982,1.0,0.0,0.0,0.0,1.0,1.0,0.1273974536,0.3997766649,0.01998949051,0.05518221855,0.4667862256,0.4507048973,0.5020409767,0.4642861772
5983,1.0,0.0,0.0,0.0,1.0,1.0,0.1615969926,0.3376491616,0.02556014061,0.04861980677,0.4797890709,0.6413060714,0.5405404175,0.5542849437
5984,1.0,0.0,0.0,0.0,1.0,1.0,0.276405267,0.3222835525,0.04453760386,0.04833960533,0.494097761,0.6097559344,0.5724637681,0.5842696214
5985,1.0,0.0,0.0,0.0,1.0,1.0,0.3013392911,0.3396678688,0.04859405756,0.05156368017,0.4974874316,0.5888886299,0.5871886638,0.581151203
5986,1.0,0.0,0.0,0.0,1.0,1.0,0.3282719984,0.3484447809,0.05380022526,0.05459922552,0.4878049712,0.5792073723,0.5782314969,0.5853663063
5987,1.0,0.0,0.0,0.0,1.0,1.0,0.3185922677,0.3455694524,0.05205374956,0.05390334129,0.5000000912,0.593908054,0.5966100607,0.6029415667
5988,1.0,0.0,0.0,0.0,1.0,1.0,0.3320677184,0.3511556108,0.05473601818,0.055537045,0.5024310656,0.5902432491,0.5979727158,0.6009614095
5989,1.0,0.0,0.0,0.0,1.0,1.0,0.3218269588,0.34492518,0.05342251062,0.05503320694,0.5,0.5829142869,0.5925925649,0.5902443832
5990,1.0,0.0,0.0,0.0,1.0,1.0,0.3277912049,0.3486423384,0.05464333296,0.056250453,0.4855304627,0.5931380302,0.5813954176,0.6000004239
5991,1.0,0.0,0.0,0.0,1.0,1.0,0.3192437569,0.3425240261,0.05300879478,0.05513983965,0.4879615015,0.5929644455,0.5827814006,0.6086955582
5992,1.0,0.0,0.0,0.0,1.0,1.0,0.3230195579,0.3407933372,0.05330318213,0.0548864603,0.4944000321,0.594059572,0.5868853842,0.6105770588
5993,1.0,0.0,0.0,0.0,1.0,1.0,0.3113278236,0.3326010616,0.05143082142,0.05354076624,0.4872204526,0.5897439463,0.586885462,0.6108375591
5994,1.0,0.0,0.0,0.0,1.0,1.0,0.320010848,0.3385731586,0.05394500494,0.05527365208,0.4842271132,0.5862071252,0.5895765508,0.6201924217
5995,1.0,0.0,0.0,0.0,1.0,1.0,0.3095754073,0.3315141255,0.05161786079,0.0531899929,0.4795596721,0.5939083422,0.5849672583,0.6305419216
5996,1.0,0.0,0.0,0.0,1.0,1.0,0.3190707267,0.3353177655,0.05418133736,0.05471253395,0.4835680306,0.5980383097,0.5928339072,0.6262141528
5997,1.0,0.0,0.0,0.0,1.0,1.0,0.3122274478,0.3239232862,0.05242294073,0.05242294073,0.4913656612,0.592964727,0.6026061595,0.6331666119
5998,1.0,0.0,0.0,0.0,1.0,1.0,0.298106787,0.3184496687,0.0506337285,0.05196619034,0.4850863789,0.5947370961,0.6045750786,0.6358975418
5999,1.0,0.0,0.0,0.0,1.0,1.0,0.186021111,0.2375436683,0.02963215113,0.03636682034,0.5076142108,0.5818181818,0.5739437566,0.5999993444
6000,1.0,0.0,0.0,0.0,1.0,1.0,0.06627126858,0.2271455627,0.01024520397,0.03322762251,0.4928315944,0.35134915,0.5227273098,0.3583333184
6001,1.0,0.0,0.0,0.0,1.0,1.0,0.05111803421,0.2330790755,0.00793504715,0.03420269489,0.5114639088,0.6206883601,0.5634331829,0.4479999164
6002,1.0,0.0,0.0,0.0,1.0,1.0,0.1679596365,0.2261892693,0.02707099915,0.03457576036,0.4941762503,0.6237625942,0.5754386649,0.6124033547
6003,1.0,0.0,0.0,0.0,1.0,1.0,0.2619115891,0.2930565582,0.04326838255,0.0459228754,0.4839227946,0.6073619378,0.5796609563,0.6531790182
6004,1.0,0.0,0.0,0.0,1.0,1.0,0.2948911425,0.3173906287,0.04899954796,0.04979419708,0.4816587134,0.6108109226,0.5844593298,0.6542551663
6005,1.0,0.0,0.0,0.0,1.0,1.0,0.2996731061,0.325831479,0.04951322079,0.0508300662,0.4800637662,0.6117017819,0.5878379101,0.6373056813
6006,1.0,0.0,0.0,0.0,1.0,1.0,0.3049415998,0.3230518939,0.04999256134,0.05025428534,0.4696485333,0.6073293623,0.5824916921,0.6458339017
6007,1.0,0.0,0.0,0.0,1.0,1.0,0.2939532815,0.3159749459,0.04789054394,0.04895484447,0.472222207,0.6,0.5738832065,0.6521734366
6008,1.0,0.0,0.0,0.0,1.0,1.0,0.1066311647,0.1806683688,0.01583051682,0.02522152662,0.5226039986,0.5084754059,0.5615386914,0.5000011816
6009,1.0,0.0,0.0,0.0,1.0,1.0,0.07988094115,0.2249741853,0.01168215275,0.03069967031,0.5185874579,0.3255813953,0.5298803702,0.3451320733
6010,1.0,0.0,0.0,0.0,1.0,1.0,0.1204362916,0.1729070077,0.01781660318,0.02419865131,0.5503598427,0.5522376076,0.5969581798,0.5714285714
6011,1.0,0.0,0.0,0.0,1.0,1.0,0.2057167413,0.2543384543,0.03152960539,0.03731012344,0.5557462,0.6083341683,0.6344085847,0.6267604959
6012,1.0,0.0,0.0,0.0,1.0,1.0,0.2783677876,0.30752101,0.043366611,0.04597914219,0.5302013924,0.6024099366,0.6223776168,0.6477271254
6013,1.0,0.0,0.0,0.0,1.0,1.0,0.3079087735,0.3308256865,0.04797458649,0.04980969429,0.5404040365,0.579235414,0.6341463028,0.6263157139
6014,1.0,0.0,0.0,0.0,1.0,1.0,0.3101135407,0.3360492254,0.04828345776,0.05064511299,0.5463744089,0.5923916935,0.6480837477,0.6217617373
6015,1.0,0.0,0.0,0.0,1.0,1.0,0.3331472864,0.3559416038,0.05215626955,0.05374479294,0.5363789068,0.5989849572,0.6385962364,0.6256155122
6016,1.0,0.0,0.0,0.0,1.0,1.0,0.3184665515,0.340161201,0.04990494251,0.05149763823,0.5288135403,0.6063831566,0.6350877621,0.6391751265
6017,1.0,0.0,0.0,0.0,1.0,1.0,0.3274622945,0.3401609007,0.05109924078,0.05163151026,0.5307166235,0.593750401,0.6350878585,0.6237109415
6018,1.0,0.0,0.0,0.0,1.0,1.0,0.3308963676,0.3430142148,0.05212724209,0.05239319801,0.5253378535,0.6071431022,0.6306622425,0.6345169349
6019,1.0,0.0,0.0,0.0,1.0,1.0,0.320093673,0.3366541096,0.05016982555,0.05123728514,0.5349233374,0.5957443775,0.6421053497,0.6249989821
6020,1.0,0.0,0.0,0.0,1.0,1.0,0.2356690179,0.2659230571,0.03627836704,0.03945600986,0.5473321466,0.6058391522,0.6428572863,0.6644293781
6021,1.0,0.0,0.0,0.0,1.0,1.0,0.07846070665,0.1900898597,0.01141303778,0.02635872364,0.5364485855,0.5238120107,0.5647056295,0.432991276
6022,1.0,0.0,0.0,0.0,1.0,1.0,0.09773154193,0.1717187862,0.014300704,0.02401435375,0.5442804424,0.5660370281,0.5868727152,0.5168530681
6023,1.0,0.0,0.0,0.0,1.0,1.0,0.1791619102,0.2162426697,0.02737170458,0.03193360567,0.5465729439,0.6470588235,0.6145453635,0.6386552112
6024,1.0,0.0,0.0,0.0,1.0,1.0,0.2483718468,0.2706818645,0.03856277466,0.04120403528,0.5302127535,0.6164386314,0.6180556643,0.6538466546
6025,1.0,0.0,0.0,0.0,1.0,1.0,0.2807230647,0.2991408225,0.04416286945,0.04602515697,0.5245346628,0.6024104841,0.6159169041,0.6300587691
6026,1.0,0.0,0.0,0.0,1.0,1.0,0.3020015469,0.3184661367,0.04805326462,0.04991167784,0.5225375023,0.5966844455,0.6203388361,0.6117015115
6027,1.0,0.0,0.0,0.0,1.0,1.0,0.3053621488,0.3181556034,0.04914236069,0.05073612928,0.5227084931,0.6216220806,0.6199999626,0.6230370613
6028,1.0,0.0,0.0,0.0,1.0,1.0,0.3089186848,0.3178552222,0.04988503456,0.05175232887,0.5305783754,0.6096253937,0.6229506216,0.6134015157
6029,1.0,0.0,0.0,0.0,1.0,1.0,0.2893560364,0.2988524129,0.0457521677,0.04811859131,0.5307821099,0.6206901044,0.6209149601,0.6065569506
6030,1.0,0.0,0.0,0.0,1.0,1.0,0.2766390535,0.2765448378,0.04272890091,0.04455268383,0.5172996365,0.6280479639,0.6019418481,0.6198830722
6031,1.0,0.0,0.0,0.0,1.0,1.0,0.2783257731,0.2689579329,0.04293900728,0.04397988319,0.4396624764,0.6363630054,0.5382165872,0.6035508091
6032,1.0,0.0,0.0,0.0,1.0,1.0,0.2939030739,0.2737325772,0.04494702816,0.04520988464,0.3671538607,0.6432741093,0.477707188,0.6162787938
6033,1.0,0.0,0.0,0.0,1.0,1.0,0.3343328053,0.2966600649,0.04943871498,0.04917579889,0.3274021363,0.6276590101,0.4285714286,0.5882346524
6034,1.0,0.0,0.0,0.0,1.0,1.0,0.3328337941,0.2927167455,0.04837101698,0.04946416616,0.305738508,0.6327681875,0.4012945029,0.5966843039
6035,1.0,-0.7853981853,0.0,0.0,1.0,1.0,0.3752692628,0.3363507854,0.05294704437,0.05672901869,0.3160918521,0.6173472145,0.4134613821,0.5857137604
6036,1.0,-0.7853981853,0.0,0.0,1.0,1.0,0.4013430112,0.347768269,0.05580544472,0.06043320894,0.3320274732,0.6195116741,0.4231974481,0.5855857722
6037,1.0,-0.7853981853,0.0,0.0,1.0,1.0,0.4037745694,0.3517146489,0.05530202389,0.06050372124,0.3259999613,0.6039604921,0.4267515239,0.5791855649
6038,1.0,-0.7853981853,0.0,0.0,1.0,1.0,0.399776572,0.3489853891,0.05289828777,0.05899131298,0.3109948175,0.628272446,0.406557347,0.6056339736
6039,1.0,-0.7853981853,0.0,0.0,1.0,1.0,0.4167886861,0.3599964664,0.05456346273,0.06096631289,0.3117022071,0.6275503237,0.4046051335,0.5936080247
6040,1.0,-0.7853981853,0.0,0.0,1.0,1.0,0.4316737294,0.3628444451,0.05625128746,0.06207042933,0.318085274,0.6206889609,0.410048728,0.6026787815
6041,1.0,-0.7853981853,0.0,0.0,1.0,1.0,0.4411472551,0.3808163109,0.06128722429,0.06949800253,0.3041181986,0.6220092995,0.3954985288,0.5907170173
6042,1.0,-0.7853981853,0.0,0.0,1.0,1.0,0.4581225007,0.3852687454,0.05964082479,0.06723660231,0.2778378381,0.6179239202,0.367741735,0.5941422446
6043,1.0,-0.7853981853,0.0,0.0,1.0,1.0,0.4725441977,0.4014284421,0.06022751331,0.06871020794,0.275249688,0.6103280717,0.368595168,0.5884776269
6044,1.0,-0.7853981853,0.0,0.0,1.0,1.0,0.4860300375,0.4119320885,0.06105053425,0.06993579865,0.2682648946,0.6103286477,0.361486445,0.5983612426
6045,1.0,-0.7853981853,0.0,0.0,1.0,1.0,0.5107486116,0.4219864161,0.06363689899,0.07144683599,0.2868757723,0.6,0.3743592379,0.5789473245
6046,1.0,-0.7853981853,0.0,0.0,1.0,1.0,0.5061954821,0.4132638328,0.06292444468,0.06994855404,0.2779741287,0.5999998106,0.3702422657,0.5899584335
6047,1.0,-0.7853981853,0.0,0.0,1.0,1.0,0.5021349652,0.4273105348,0.0615388751,0.07071053982,0.2681158345,0.6201921447,0.3595708906,0.5983262611
6048,1.0,-0.7853981853,0.0,0.0,1.0,1.0,0.5158408518,0.4326204369,0.06262469292,0.07103264332,0.2676223785,0.6064817811,0.360423977,0.5959185386
6049,1.0,-0.7853981853,0.0,0.0,1.0,1.0,0.5009077305,0.420260001,0.06120246649,0.06903409958,0.2672208421,0.6018959746,0.3674912815,0.5924365395
6050,1.0,-0.7853981853,0.0,0.0,1.0,1.0,0.4903365409,0.4116373467,0.06146901846,0.06940996647,0.2676056773,0.6076551544,0.3577659784,0.5974576344
6051,1.0,-0.7853981853,0.0,0.0,1.0,1.0,0.492513244,0.4086212049,0.06003546715,0.0676497221,0.2680288967,0.6146344224,0.3663716846,0.6017318458
6052,1.0,-0.7853981853,0.0,0.0,1.0,1.0,0.496143186,0.4131967384,0.05961161852,0.06706303358,0.2589497481,0.615385,0.3604238868,0.5897428833
6053,1.0,-0.7853981853,0.0,0.0,1.0,1.0,0.4809521135,0.4120507027,0.05843633413,0.06698799133,0.2605633336,0.6195130758,0.3578946944,0.604254755
6054,1.0,-0.7853981853,0.0,0.0,1.0,1.0,0.4899452323,0.41499351,0.0603787303,0.06803238392,0.2635213681,0.605633636,0.3633219289,0.5958336911
6055,1.0,-0.7853981853,0.0,0.0,1.0,1.0,0.4741538896,0.4032532782,0.05796039104,0.06591576338,0.2662788744,0.6176474218,0.3599999708,0.5905172609
6056,1.0,-0.7853981853,0.0,0.0,1.0,1.0,0.4794541127,0.4063475098,0.05916279554,0.06716549397,0.2676711054,0.6135260687,0.366781952,0.6
6057,1.0,-0.7853981853,0.0,0.0,1.0,1.0,0.4761437619,0.4021933791,0.05823624134,0.06555092335,0.2681244227,0.6231881536,0.3644214421,0.6008581857
6058,1.0,-0.7853981853,0.0,0.0,1.0,1.0,0.4687037658,0.3960053821,0.05784732103,0.06550359726,0.2747125829,0.6078430362,0.3722126571,0.5930736837
6059,1.0,-0.7853981853,0.0,0.0,1.0,1.0,0.4699210022,0.3922077819,0.05817979574,0.06470727921,0.2660550746,0.6146338215,0.3597244305,0.6008771122
6060,1.0,-0.7853981853,0.0,0.0,1.0,1.0,0.4677754035,0.3871561454,0.05858451128,0.06487166882,0.268264888,0.624389425,0.361774642,0.6035239984
6061,1.0,-0.7853981853,0.0,0.0,1.0,1.0,0.4457124941,0.373079514,0.05550074577,0.06173044443,0.2650739724,0.6173465443,0.3493150191,0.6055046757
6062,1.0,-0.7853981853,0.0,0.0,1.0,1.0,0.4664811985,0.3922722971,0.05854177475,0.06504642963,0.2581736015,0.6135264028,0.3549486681,0.6000001833
6063,1.0,-0.7853981853,0.0,0.0,1.0,1.0,0.4474437151,0.370787947,0.05654269457,0.06250959635,0.2620923085,0.623116097,0.3591905815,0.5999998093
6064,1.0,-0.7853981853,0.0,0.0,1.0,1.0,0.4704576659,0.3863390376,0.0595651269,0.06555020809,0.2635136233,0.6076558758,0.3579830345,0.6
6065,1.0,-0.7853981853,0.0,0.0,1.0,1.0,0.4697940994,0.3913782883,0.05866783857,0.06571930647,0.2745763165,0.6153839902,0.3647059659,0.6008587077
6066,1.0,-0.7853981853,0.0,0.0,1.0,1.0,0.4497489511,0.3754249755,0.0552161932,0.06190907955,0.2727271845,0.6161615071,0.363790243,0.5945947767
6067,1.0,-0.7853981853,0.0,0.0,1.0,1.0,0.4558456211,0.3714143808,0.05636399984,0.06200045347,0.2702394774,0.6050002591,0.3614866216,0.6045453016
6068,1.0,-0.7853981853,0.0,0.0,1.0,1.0,0.4626835677,0.378806752,0.05660718679,0.06246304512,0.2782212637,0.6157631111,0.3705583224,0.6026789293
6069,1.0,-0.7853981853,0.0,0.0,1.0,1.0,0.4637408368,0.3747907922,0.05724227428,0.06259995699,0.2880000637,0.6108369101,0.3783782819,0.603604084
6070,1.0,-0.7853981853,0.0,0.0,1.0,1.0,0.4526208461,0.3617508779,0.05479717255,0.05980402231,0.2770115752,0.6142140483,0.3737371916,0.6093018852
6071,1.0,-0.7853981853,0.0,0.0,1.0,1.0,0.4618029734,0.372473363,0.05664968491,0.06137055159,0.274065661,0.6127454694,0.3693087248,0.6063351097
6072,1.0,-0.7853981853,0.0,0.0,1.0,1.0,0.4265209874,0.3445763117,0.05159240961,0.05605447292,0.2698962594,0.6162166971,0.3584907112,0.6019897112
6073,1.0,-0.7853981853,0.0,0.0,1.0,1.0,0.3140102443,0.2236514279,0.03710311651,0.03544175625,0.3341148863,0.6044768806,0.3951048346,0.6484374737
6074,1.0,-0.7853981853,0.0,0.0,1.0,1.0,0.2253643226,0.07390230837,0.02617114782,0.01194769144,0.4877451326,0.4782601764,0.5035211151,0.6190452434
6075,1.0,-0.7853981853,0.0,0.0,1.0,1.0,0.1979573208,0.05431775321,0.02344840765,0.008578717709,0.5144925859,0.4146350143,0.5326085029,0.5333328701
6076,1.0,-0.7853981853,0.0,0.0,1.0,1.0,0.1849580342,0.08960522626,0.02301371098,0.01441824436,0.52285401,0.5903611961,0.5758618786,0.6923041943
6077,1.0,0.0,0.0,0.0,1.0,1.0,0.2732146365,0.2094539149,0.03631514311,0.03391188383,0.5175879397,0.6323533032,0.5907592399,0.5905506137
6078,1.0,0.0,0.0,0.0,1.0,1.0,0.2940628955,0.2546654687,0.0416354537,0.04189896584,0.5344505467,0.6329118273,0.6089744519,0.5849052846
6079,1.0,0.0,0.0,0.0,1.0,1.0,0.3328477456,0.2998327947,0.0491091609,0.05017095804,0.5517550844,0.6270270598,0.6190477208,0.5661370821
6080,1.0,0.0,0.0,0.0,1.0,1.0,0.3459937743,0.3331471666,0.05311959982,0.05574923754,0.5338476011,0.6287125547,0.619496787,0.5660380384
6081,1.0,0.0,0.0,0.0,1.0,1.0,0.358306127,0.3584953098,0.05618572235,0.060087502,0.5186721037,0.6342591021,0.6055901173,0.5714288548
6082,1.0,0.0,0.0,0.0,1.0,1.0,0.3509992988,0.348862063,0.0555190444,0.05786496401,0.5152514491,0.6338030286,0.60691843,0.5765765395
6083,1.0,0.0,0.0,0.0,1.0,1.0,0.3613618134,0.3632891743,0.05825805664,0.06009501219,0.5081434218,0.6171169051,0.5999998559,0.5807858746
6084,1.0,0.0,0.0,0.0,1.0,1.0,0.372974105,0.3676292212,0.0607714653,0.06077152491,0.5072698922,0.6190475256,0.6050954358,0.5757573974
6085,1.0,0.0,0.0,0.0,1.0,1.0,0.3685543892,0.3608209956,0.0605032444,0.05971062183,0.5120774219,0.6157203993,0.6038337622,0.5840705226
6086,1.0,0.0,0.0,0.0,1.0,1.0,0.3710597981,0.363141053,0.06035804749,0.05930835009,0.5141243393,0.6173911755,0.6141477821,0.584070414
6087,1.0,0.0,0.0,0.0,1.0,1.0,0.3732756307,0.3695683289,0.06059253216,0.06033021212,0.5117218008,0.6190479001,0.607716962,0.5826089018
6088,1.0,0.0,0.0,0.0,1.0,1.0,0.3762981573,0.3699856695,0.06207376719,0.06127798557,0.5108608138,0.6282046235,0.6089741698,0.5930740394
6089,1.0,0.0,0.0,0.0,1.0,1.0,0.3703435364,0.3667821607,0.06099575758,0.06099569798,0.5145631964,0.6244538711,0.6089744853,0.5895197872
6090,1.0,0.0,0.0,0.0,1.0,1.0,0.3684280973,0.366782231,0.06017136574,0.0604352355,0.5084883318,0.6228063572,0.605769196,0.5895200383
6091,1.0,0.0,0.0,0.0,1.0,1.0,0.3661953958,0.3632891588,0.06071597338,0.06071597338,0.497600027,0.6331882059,0.5968253368,0.6026201474
6092,1.0,0.0,0.0,0.0,1.0,1.0,0.3627069053,0.3580802939,0.05926597118,0.0587438345,0.5011991217,0.6299554066,0.5987258832,0.5955550054
6093,1.0,0.0,0.0,0.0,1.0,1.0,0.3664887963,0.3644463224,0.05994403362,0.05994403362,0.4971978399,0.6331876296,0.5955411681,0.5938864108
6094,1.0,0.0,0.0,0.0,1.0,1.0,0.3705796716,0.3731887438,0.06075400114,0.06127995253,0.5008025331,0.6277059462,0.5961537973,0.5879825738
6095,1.0,0.0,0.0,0.0,1.0,1.0,0.3725120924,0.3700464919,0.06185185909,0.06158864498,0.4908803009,0.6297867789,0.5886075133,0.5982903088
6096,1.0,0.0,0.0,0.0,1.0,1.0,0.380967352,0.3811164125,0.06247574091,0.06299859285,0.4976076164,0.6276153941,0.6012657954,0.6058086497
6097,1.0,0.0,0.0,0.0,1.0,1.0,0.3821868317,0.389909698,0.06285309792,0.06443095207,0.5039999594,0.6317989569,0.5987259975,0.6081628386
6098,1.0,0.0,0.0,0.0,1.0,1.0,0.378255172,0.3795958608,0.06072360277,0.06203234196,0.5350733483,0.6249998773,0.6314101687,0.6202530916
6099,1.0,0.0,0.0,0.0,1.0,1.0,0.3779471709,0.3847694165,0.06066215038,0.06301546097,0.5680521001,0.6250002456,0.6613418147,0.6390036549
6100,1.0,0.0,0.0,0.0,1.0,1.0,0.3802754208,0.3803608491,0.0613347888,0.06264537573,0.5609756007,0.6153852134,0.6592355616,0.6192471087
6101,1.0,0.0,0.0,0.0,1.0,1.0,0.373059557,0.3771779973,0.06020992994,0.06231337786,0.5647921638,0.6244546629,0.659235755,0.6244728321
6102,1.0,0.0,0.0,0.0,1.0,1.0,0.3749945023,0.3799794786,0.06072974205,0.06284207106,0.5611745124,0.6304339292,0.6581469533,0.6302518697
6103,1.0,0.0,0.0,0.0,1.0,1.0,0.3728404112,0.3763925958,0.06001132727,0.06212627888,0.5579294313,0.6343617498,0.6538461122,0.617021297
6104,1.0,0.0,0.0,0.0,1.0,1.0,0.3770252832,0.3732092875,0.06099379063,0.06204539537,0.5609755513,0.6336198556,0.6613922428,0.6101701428
6105,1.0,0.0,0.0,0.0,1.0,1.0,0.373471448,0.3712211599,0.06062757969,0.06168192625,0.5710803631,0.6304344834,0.6603174523,0.6025640406
6106,1.0,0.0,0.0,0.0,1.0,1.0,0.3702236817,0.3657261759,0.05993145704,0.06098288298,0.5743298281,0.6271931002,0.6687698458,0.6077587934
6107,1.0,0.0,0.0,0.0,1.0,1.0,0.3687260286,0.3665665348,0.06011843681,0.0617005229,0.5711974237,0.6359649819,0.6645767992,0.6111114868
6108,1.0,0.0,0.0,0.0,1.0,1.0,0.3712446167,0.3720321524,0.06046289206,0.06231111288,0.5685320105,0.628820612,0.6624604847,0.6101690538
6109,1.0,0.0,0.0,0.0,1.0,1.0,0.368599958,0.3657266045,0.05940312147,0.06071162224,0.5759544707,0.6387666701,0.6656152246,0.6077587053
6110,1.0,0.0,0.0,0.0,1.0,1.0,0.3752940255,0.3759654237,0.06037372351,0.06218749285,0.5745366222,0.6394847285,0.6708466107,0.6208334252
6111,1.0,0.0,0.0,0.0,1.0,1.0,0.3724828009,0.3802907356,0.06063449383,0.06324803829,0.5775099446,0.6293107685,0.6729558306,0.6115711047
6112,1.0,0.0,0.0,0.0,1.0,1.0,0.3662201276,0.3684651999,0.05895072222,0.06050890684,0.5738498355,0.6255509191,0.6708860622,0.6180259286
6113,1.0,0.0,0.0,0.0,1.0,1.0,0.3698094911,0.3696997304,0.06034898758,0.06138950586,0.5709729894,0.6206898255,0.6645768543,0.6144065945
6114,1.0,0.0,0.0,0.0,1.0,1.0,0.3644551382,0.3704555614,0.059068501,0.06115019321,0.5646585112,0.6255508297,0.6593060381,0.6212763054
6115,1.0,0.0,0.0,0.0,1.0,1.0,0.3693937185,0.3724333993,0.06014055014,0.06170260906,0.5696001268,0.6320343789,0.6635220352,0.6160338409
6116,1.0,0.0,0.0,0.0,1.0,1.0,0.3654733567,0.3684652111,0.05919528008,0.06049346924,0.566960779,0.6271925585,0.6613924981,0.6180259963
6117,1.0,0.0,0.0,0.0,1.0,1.0,0.3624175633,0.3582908371,0.05929738283,0.05955862999,0.5670927133,0.6343611316,0.6635219088,0.6096496495
6118,1.0,0.0,0.0,0.0,1.0,1.0,0.362849721,0.3558139157,0.05903595686,0.0587747097,0.5630522365,0.6283187896,0.6613922943,0.6133330494
6119,1.0,0.0,0.0,0.0,1.0,1.0,0.3641624477,0.3573953273,0.05890679359,0.05864733458,0.5698235006,0.6255509505,0.6645567896,0.5973449574
6120,1.0,0.0,0.0,0.0,1.0,1.0,0.3622675403,0.3589768938,0.05904340744,0.0593047142,0.5653567749,0.6283182446,0.664556873,0.6079290992
6121,1.0,0.0,0.0,0.0,1.0,1.0,0.3653353117,0.3612635135,0.05907893181,0.05907899141,0.5571659293,0.6299562138,0.6560510065,0.6079293288
6122,1.0,0.0,0.0,0.0,1.0,1.0,0.3706962497,0.365302051,0.06062740088,0.06036603451,0.5651479729,0.6250006145,0.6677216982,0.6103898797
6123,1.0,0.0,0.0,0.0,1.0,1.0,0.3698657503,0.3637207889,0.05978506804,0.05978506804,0.5607401946,0.6304346742,0.6613926759,0.6086954788
6124,1.0,0.0,0.0,0.0,1.0,1.0,0.3811228682,0.3716279197,0.06183236837,0.06131052971,0.5720031063,0.6286916496,0.664556866,0.6085104315
6125,1.0,0.0,0.0,0.0,1.0,1.0,0.3749919601,0.3676288646,0.06090003252,0.06037724018,0.5684379054,0.6309006365,0.6592355428,0.6060602471
6126,1.0,0.0,0.0,0.0,1.0,1.0,0.3787357858,0.3719968109,0.06172591448,0.06146216393,0.5643724187,0.632478715,0.6581470939,0.6137336059
6127,1.0,0.0,0.0,0.0,1.0,1.0,0.372673233,0.36603771,0.06075042486,0.06048744917,0.5690072086,0.627705615,0.6592354988,0.6043480017
6128,1.0,0.0,0.0,0.0,1.0,1.0,0.3701637416,0.3605584584,0.05969303846,0.05917400122,0.5619968261,0.6217389611,0.6582278803,0.6096487119
6129,1.0,0.0,0.0,0.0,1.0,1.0,0.3756936873,0.3692206346,0.061427176,0.06090217829,0.5630522203,0.6324786988,0.6560510406,0.6120688727
6130,1.0,0.0,0.0,0.0,1.0,1.0,0.3706433336,0.3624175259,0.06031697989,0.05979019403,0.5611335642,0.6288209607,0.6581469002,0.6123348018
6131,1.0,0.0,0.0,0.0,1.0,1.0,0.3604807942,0.3491638813,0.05837309361,0.05732136965,0.5580828967,0.6216219528,0.6538459863,0.610091786
6132,1.0,0.0,0.0,0.0,1.0,1.0,0.3506237638,0.3374737125,0.05697834492,0.05538082123,0.5655737389,0.6261682243,0.6623377803,0.6201923077
6133,1.0,0.0,0.0,0.0,1.0,1.0,0.347990278,0.3342291209,0.05557310581,0.0542562604,0.5693069695,0.6208532737,0.6558442703,0.6116510614
6134,1.0,0.0,0.0,0.0,1.0,1.0,0.3504218171,0.342850871,0.05583876371,0.05557662249,0.5687243276,0.6244130403,0.653721433,0.6037734028
6135,1.0,0.0,0.0,0.0,1.0,1.0,0.354295301,0.3541709962,0.05674397945,0.05779963732,0.5746084634,0.6325579881,0.6569576014,0.6164386104
6136,1.0,0.0,0.0,0.0,1.0,1.0,0.3522620772,0.3606400087,0.05769407749,0.05984085798,0.5655736683,0.6418601864,0.6472491026,0.6233187876
6137,1.0,0.0,0.0,0.0,1.0,1.0,0.3374738452,0.3434564725,0.05476289988,0.05555278063,0.5649351448,0.6346154474,0.6482082626,0.6161138
6138,1.0,0.0,0.0,0.0,1.0,1.0,0.2908072082,0.2764778299,0.0458458066,0.04242056608,0.5969898648,0.620689969,0.6632303393,0.6149060207
6139,1.0,0.0,0.0,0.0,1.0,1.0,0.304543795,0.3001856812,0.04831260443,0.04537647963,0.666666698,0.6022101015,0.7420494017,0.5941170985
6140,1.0,0.0,0.0,0.0,1.0,1.0,0.2976709701,0.2983680668,0.04738211632,0.04314678907,0.6755407395,0.5810061137,0.7435899233,0.5889570552
6141,1.0,0.0,0.0,0.0,1.0,1.0,0.3263486347,0.3656044925,0.05394107103,0.05160701275,0.6640502032,0.5961539524,0.742647242,0.5628142967
6142,1.0,0.7853981853,0.0,0.0,1.0,1.0,0.3228013273,0.3738514756,0.05389940739,0.05156719685,0.6645962123,0.5865382701,0.7518798357,0.5577885556
6143,1.0,0.7853981853,0.0,0.0,1.0,1.0,0.3238501644,0.3849990495,0.05491757393,0.05202716589,0.6589147028,0.5741628716,0.7548640329,0.550505172
6144,1.0,0.7853981853,0.0,0.0,1.0,1.0,0.3431156972,0.4337574273,0.05840414762,0.05813616514,0.6614174083,0.5871559071,0.7519999893,0.5529951413
6145,1.0,0.7853981853,0.0,0.0,1.0,1.0,0.3278677828,0.4236314424,0.05511051416,0.05484420061,0.6465927062,0.5893720643,0.7407409624,0.5582529917
6146,1.0,0.7853981853,0.0,0.0,1.0,1.0,0.3442521355,0.4522269,0.05891817808,0.059461236,0.6492062649,0.5898614341,0.7396696856,0.5479453565
6147,1.0,0.7853981853,0.0,0.0,1.0,1.0,0.3450262892,0.4593177758,0.057287395,0.05809420347,0.662884966,0.5821596195,0.7531912547,0.5416663674
6148,1.0,0.7853981853,0.0,0.0,1.0,1.0,0.3288275628,0.4377896015,0.05453324318,0.05507051945,0.6466773866,0.5763545506,0.7307693219,0.5365850227
6149,1.0,0.7853981853,0.0,0.0,1.0,1.0,0.3326012067,0.4348223855,0.05487596989,0.05433535576,0.6524590034,0.5862071587,0.7445884266,0.5472632614
6150,1.0,0.7853981853,0.0,0.0,1.0,1.0,0.3441241547,0.4607821565,0.05719548464,0.05829018354,0.6672159218,0.583731858,0.7575758718,0.5399065594
6151,1.0,0.7853981853,0.0,0.0,1.0,1.0,0.3375600116,0.4499653807,0.05573248863,0.05682528019,0.6754965596,0.5784312048,0.7662338827,0.5384614578
6152,1.0,0.7853981853,0.0,0.0,1.0,1.0,0.3353501014,0.4271118361,0.05466806889,0.05386012793,0.6760331358,0.5960587803,0.7692307692,0.5550002601
6153,1.0,0.7853981853,0.0,0.0,1.0,1.0,0.3385998361,0.4274207848,0.05696868896,0.05531740189,0.6644844119,0.5845407292,0.7489364818,0.5373139153
6154,1.0,0.7853981853,0.0,0.0,1.0,1.0,0.3386000735,0.424449021,0.05580538511,0.05472695827,0.6726677415,0.5893721716,0.7615060131,0.5418726026
6155,1.0,0.7853981853,0.0,0.0,1.0,1.0,0.3331473731,0.4119040866,0.05485904217,0.05323761702,0.67651894,0.5911328122,0.7615059848,0.5532989468
6156,1.0,0.7853981853,0.0,0.0,1.0,1.0,0.3336898504,0.414706339,0.05498862267,0.05364745855,0.6840391274,0.5853660916,0.7676348854,0.5550005277
6157,1.0,0.7853981853,0.0,0.0,1.0,1.0,0.3272364488,0.3879947709,0.05437505245,0.05116081238,0.6758064784,0.5911328105,0.7642276864,0.5549738098
6158,1.0,0.7853981853,0.0,0.0,1.0,1.0,0.3283187977,0.3969560425,0.05418974161,0.05233037472,0.684380018,0.5931377887,0.7782256934,0.5685283351
6159,1.0,0.7853981853,0.0,0.0,1.0,1.0,0.3310048575,0.3989709335,0.05510061979,0.05296081305,0.6816719624,0.5922330937,0.7741935918,0.5656558267
6160,1.0,0.7853981853,0.0,0.0,1.0,1.0,0.3272650755,0.3873340194,0.05432265997,0.05139350891,0.6629212777,0.5931370236,0.7510041153,0.5699480423
6161,1.0,0.7853981853,0.0,0.0,1.0,1.0,0.3342135079,0.4077721413,0.05575740337,0.05442345142,0.6799999285,0.5933012206,0.772000159,0.5637253936
6162,1.0,0.7853981853,0.0,0.0,1.0,1.0,0.336872582,0.4065190311,0.05627852678,0.05467820168,0.6693290044,0.5924166249,0.7539680394,0.5658539616
6163,1.0,0.7853981853,0.0,0.0,1.0,1.0,0.3299591965,0.4005702197,0.05508488417,0.05375438929,0.661881894,0.5990341614,0.7539682857,0.5742568878
6164,1.0,0.7853981853,0.0,0.0,1.0,1.0,0.3352967312,0.4114167729,0.05602300167,0.0552149415,0.6838710575,0.6009617942,0.7791165194,0.5804871361
6165,1.0,0.7853981853,0.0,0.0,1.0,1.0,0.3379991421,0.4254652053,0.05615991354,0.05696600676,0.6779936374,0.5980861955,0.7710842623,0.5801894048
6166,1.0,0.7853981853,0.0,0.0,1.0,1.0,0.3288279225,0.4001749613,0.05372488499,0.05319553614,0.6774717117,0.5960588182,0.7689241402,0.5820893181
6167,1.0,0.7853981853,0.0,0.0,1.0,1.0,0.3174888103,0.3792351853,0.05265831947,0.05158370733,0.6855753559,0.5765309125,0.7707510332,0.567707882
6168,1.0,0.7853981853,0.0,0.0,1.0,1.0,0.1683650046,0.09383417554,0.02570009232,0.01175642014,0.6021505219,0.3191504165,0.6113536308,0.4651186372
6169,1.0,0.0,0.0,0.0,1.0,1.0,0.1766870443,0.08831290618,0.02680957317,0.01110297441,0.5696427782,0.3232330643,0.573275576,0.4878057946
6170,1.0,0.0,0.0,0.0,1.0,1.0,0.2233664567,0.227499656,0.03681325912,0.03143906593,0.5415986681,0.5693431602,0.6070038978,0.5982918136
6171,1.0,0.0,0.0,0.0,1.0,1.0,0.2797181018,0.3263860931,0.04689443111,0.04663097858,0.4905660763,0.6011238526,0.5719556056,0.5706216495
